domain,safe_sources,malicious_sources
0.athwartwhoafat.com,top_1m,stevenblack
0.blissfullyzebra.com,top_1m,stevenblack
0.gravatar.com,top_1m,phishtank
000.pe,top_1m,hagezi
000space.com,top_1m,hagezi
000webhost.com,tranco|top_1m,hagezi
000webhostapp.com,tranco,hagezi
0fees.net,top_1m,hagezi
1.athwartwhoafat.com,top_1m,stevenblack
1.blissfullyzebra.com,top_1m,stevenblack
1.gravatar.com,top_1m,phishtank
100016075.collect.igodigital.com,top_1m,stevenblack
10001mb.com,top_1m,hagezi|vietnam_blacklist
102.112.2o7.net,top_1m,stevenblack
102.122.2o7.net,top_1m,stevenblack
112.2o7.net,top_1m,stevenblack
119.vn,vietnam_whitelist,hagezi|tempest_phishing
122.2o7.net,top_1m,stevenblack
123any.com,top_1m,stevenblack
123greetings.com,tranco|top_1m,stevenblack
123website.vn,vietnam_whitelist,hagezi
12xcv1uxvtzi24buyqm.net,top_1m,hagezi
14emeliaterracewestroxburyma02132.su,tranco,hagezi
16gift.com,top_1m,hagezi
17de4c16.akstat.io,top_1m,stevenblack
17de4c17.akstat.io,top_1m,stevenblack
189358.engine.mobileapptracking.com,top_1m,stevenblack
190829.engine.mobileapptracking.com,top_1m,stevenblack
1drv.ms,tranco|top_1m,phishtank
1flutter.voxbi.app,top_1m,hagezi
1hwy.com,top_1m,hagezi|stevenblack
1rx.io,tranco|top_1m,stevenblack
1ship.vn,vietnam_whitelist,hagezi|tempest_phishing
2.athwartwhoafat.com,top_1m,stevenblack
2.blissfullyzebra.com,top_1m,stevenblack
2020mustang.com,tranco|top_1m,stevenblack
2026cname.com,tranco|top_1m,hagezi
20738914p.rfihub.com,top_1m,stevenblack
20766699p.rfihub.com,top_1m,stevenblack
225.vn,vietnam_whitelist,vietnam_blacklist
2359.api.swrve.com,top_1m,stevenblack
2359.content.swrve.com,top_1m,stevenblack
2405.api.swrve.com,top_1m,stevenblack
2405.content.swrve.com,top_1m,stevenblack
24kluxury.vn,vietnam_whitelist,hagezi
2542116.fls.doubleclick.net,top_1m,stevenblack
2578.api.swrve.com,top_1m,stevenblack
2578.content.swrve.com,top_1m,stevenblack
2712.api.swrve.com,top_1m,stevenblack
2712.content.swrve.com,top_1m,stevenblack
29773.v.fwmrm.net,top_1m,stevenblack
29ccd.v.fwmrm.net,top_1m,stevenblack
2bd.net,tranco|top_1m,hagezi
2kpixel.quantserve.com,top_1m,stevenblack
2mdn.net,tranco|top_1m,stevenblack
2o7.net,tranco|top_1m,stevenblack
3-a-h-y.com,top_1m,hagezi
3.athwartwhoafat.com,top_1m,stevenblack
3.blissfullyzebra.com,top_1m,stevenblack
33across-match.dotomi.com,top_1m,stevenblack
33across.com,tranco|top_1m,stevenblack
33win.com,vietnam_whitelist|tranco|top_1m,vietnam_blacklist
360fenxi.mediav.com,top_1m,stevenblack
360in.com,top_1m,stevenblack
360yield.com,tranco|top_1m,stevenblack
399xs.com,top_1m,hagezi
3gl.net,tranco|top_1m,stevenblack
3gviettel.vn,vietnam_whitelist,hagezi|vietnam_blacklist
3hentai.xyz,top_1m,hagezi
3lift.com,tranco|top_1m,stevenblack
3m.mediav.com,top_1m,stevenblack
3p-geo.yahoo.com,top_1m,stevenblack
3p-udc.yahoo.com,top_1m,stevenblack
3p3x.adj.st,top_1m,stevenblack
3ppa.jp.cinarra.com,top_1m,stevenblack
4.adsco.re,top_1m,stevenblack
4.athwartwhoafat.com,top_1m,stevenblack
4.blissfullyzebra.com,top_1m,stevenblack
4053494.fls.doubleclick.net,top_1m,stevenblack
4421.api.swrve.com,top_1m,stevenblack
4421.content.swrve.com,top_1m,stevenblack
4422.api.swrve.com,top_1m,stevenblack
4422.content.swrve.com,top_1m,stevenblack
4448269.fls.doubleclick.net,top_1m,stevenblack
47e224be59415ec068b94bca857581bd7dde7fb6.cws.conviva.com,top_1m,stevenblack
489a19fa-d831-4954-858d-46436d5cdb20.event.collector.scopely.io,top_1m,stevenblack
489a19fa-d831-4954-858d-46436d5cdb20.register.collector.scopely.io,top_1m,stevenblack
4af7c20b-7646-4fb7-b64f-ae0a8c51c1f1.register.collector.scopely.io,top_1m,stevenblack
4dsply.com,tranco|top_1m,stevenblack
4imprint.com.102.112.2o7.net,top_1m,stevenblack
4life.com,tranco|top_1m,stevenblack
5.athwartwhoafat.com,top_1m,stevenblack
5.blissfullyzebra.com,top_1m,stevenblack
51.la,vietnam_whitelist|tranco|top_1m,stevenblack
5290727.fls.doubleclick.net,top_1m,stevenblack
53.localytics.com,top_1m,stevenblack
5582200.fls.doubleclick.net,top_1m,stevenblack
56.com,tranco|top_1m,stevenblack
5nbh3-h9cpz.ads.tremorhub.com,top_1m,stevenblack
5xu.vn,vietnam_whitelist,hagezi
6.adsco.re,top_1m,stevenblack
6.athwartwhoafat.com,top_1m,stevenblack
6.blissfullyzebra.com,top_1m,stevenblack
6093eccf-6734-4877-ac8b-83d6d0e27b46.edge.permutive.app,top_1m,stevenblack
66ghz.com,top_1m,hagezi
6sc.co,tranco|top_1m,stevenblack
7.athwartwhoafat.com,top_1m,stevenblack
7.blissfullyzebra.com,top_1m,stevenblack
7227272.collect.igodigital.com,top_1m,stevenblack
79423.analytics.edgekey.net,top_1m,stevenblack
7cnq.net,top_1m,stevenblack
7f077.v.fwmrm.net,top_1m,stevenblack
7zip.cloud,top_1m,hagezi
8.athwartwhoafat.com,top_1m,stevenblack
8.blissfullyzebra.com,top_1m,stevenblack
8168974.fls.doubleclick.net,top_1m,stevenblack
8307999.fls.doubleclick.net,top_1m,phishtank
8397396.fls.doubleclick.net,top_1m,stevenblack
848trk.com,tranco|top_1m,hagezi
876670.xyz,top_1m,hagezi
87a6b28bc7823e67a5bb2a0a6728c702afcae78d.cws.conviva.com,top_1m,stevenblack
888.com,vietnam_whitelist|tranco|top_1m,stevenblack
888casino.com,vietnam_whitelist|tranco|top_1m,stevenblack
888poker.com,tranco,stevenblack
88online4.com,tranco,vietnam_blacklist
8k.com,tranco,vietnam_blacklist
9.athwartwhoafat.com,top_1m,stevenblack
9.blissfullyzebra.com,top_1m,stevenblack
943.engine.mobileapptracking.com,top_1m,stevenblack
94vs.adj.st,top_1m,stevenblack
9vp4uyp56mkyxj4vcqx4xju.net,top_1m,hagezi
a-ads.com,tranco|top_1m,stevenblack
a-fds.youborafds01.com,top_1m,stevenblack
a-iad3.1rx.io,top_1m,stevenblack
a-ring.msedge.net,top_1m,stevenblack
a.ad.gt,top_1m,stevenblack
a.adroll.com,top_1m,stevenblack
a.ads.rmbl.ws,top_1m,stevenblack
a.adskeeper.co.uk,top_1m,stevenblack
a.adsrvr.org,top_1m,stevenblack
a.adtng.com,top_1m,stevenblack
a.adtpix.com,top_1m,stevenblack
a.appbaqend.com,top_1m,stevenblack
a.applovin.com,top_1m,stevenblack
a.applvn.com,top_1m,stevenblack
a.bf-ad.net,top_1m,stevenblack
a.c.appier.net,top_1m,stevenblack
a.cdp.asia,top_1m,stevenblack
a.centrum.cz,top_1m,stevenblack
a.denik.cz,top_1m,stevenblack
a.dpmsrv.com,top_1m,stevenblack
a.et.nytimes.com,top_1m,stevenblack
a.exdynsrv.com,top_1m,stevenblack
a.farlex.com,top_1m,stevenblack
a.idio.co,top_1m,stevenblack
a.iprima.cz,top_1m,stevenblack
a.klaviyo.com,top_1m,stevenblack
a.ladipage.com,top_1m,stevenblack
a.magsrv.com,top_1m,hagezi
a.mgid.com,top_1m,stevenblack
a.o333o.com,top_1m,stevenblack
a.one.impact-ad.jp,top_1m,stevenblack
a.optinmonster.com,top_1m,stevenblack
a.optmnstr.com,top_1m,stevenblack
a.optmstr.com,top_1m,stevenblack
a.optnmnstr.com,top_1m,stevenblack
a.optnmstr.com,top_1m,stevenblack
a.popin.cc,top_1m,stevenblack
a.pub.network,top_1m,stevenblack
a.remarketstats.com,top_1m,stevenblack
a.rfihub.com,top_1m,stevenblack
a.rs6.net,top_1m,phishtank
a.share-dns.com,top_1m,hagezi
a.spolecznosci.net,top_1m,stevenblack
a.tapinfluence.com,top_1m,stevenblack
a.teads.tv,top_1m,stevenblack
a.tribalfusion.com,top_1m,stevenblack
a.tvpage.com,top_1m,stevenblack
a.twiago.com,top_1m,stevenblack
a.vartoken.com,top_1m,stevenblack
a.vdo.ai,top_1m,stevenblack
a.vidora.com,top_1m,stevenblack
a.wishabi.com,top_1m,stevenblack
a01.korrelate.net,top_1m,stevenblack
a1.adform.net,top_1m,stevenblack
a1.api.bbc.co.uk,top_1m,stevenblack
a1.ishano456.sbs,top_1m,hagezi
a1.seadform.net,top_1m,stevenblack
a1.xmsae.sbs,top_1m,hagezi
a1.xshaon123.sbs,top_1m,hagezi
a1000.casalemedia.com,top_1m,stevenblack
a1015.casalemedia.com,top_1m,stevenblack
a1222.casalemedia.com,top_1m,stevenblack
a1223.casalemedia.com,top_1m,stevenblack
a1232.casalemedia.com,top_1m,stevenblack
a1233.casalemedia.com,top_1m,stevenblack
a1234.casalemedia.com,top_1m,stevenblack
a1235.casalemedia.com,top_1m,stevenblack
a1243.casalemedia.com,top_1m,stevenblack
a1246.casalemedia.com,top_1m,stevenblack
a1247.casalemedia.com,top_1m,stevenblack
a1249.casalemedia.com,top_1m,stevenblack
a125375509.cdn.optimizely.com,top_1m,stevenblack
a1261.casalemedia.com,top_1m,stevenblack
a1263.casalemedia.com,top_1m,stevenblack
a1264.casalemedia.com,top_1m,stevenblack
a1269.casalemedia.com,top_1m,stevenblack
a1273.casalemedia.com,top_1m,stevenblack
a1276.casalemedia.com,top_1m,stevenblack
a1277.casalemedia.com,top_1m,stevenblack
a1278.casalemedia.com,top_1m,stevenblack
a1279.casalemedia.com,top_1m,stevenblack
a1287.casalemedia.com,top_1m,stevenblack
a1289.casalemedia.com,top_1m,stevenblack
a1297.casalemedia.com,top_1m,stevenblack
a1312.casalemedia.com,top_1m,stevenblack
a1317.casalemedia.com,top_1m,stevenblack
a1319.casalemedia.com,top_1m,stevenblack
a1327.casalemedia.com,top_1m,stevenblack
a1329.casalemedia.com,top_1m,stevenblack
a1333.casalemedia.com,top_1m,stevenblack
a1341.casalemedia.com,top_1m,stevenblack
a1344.casalemedia.com,top_1m,stevenblack
a1351.casalemedia.com,top_1m,stevenblack
a1352.casalemedia.com,top_1m,stevenblack
a1359.casalemedia.com,top_1m,stevenblack
a1365.casalemedia.com,top_1m,stevenblack
a1366.casalemedia.com,top_1m,stevenblack
a1369.casalemedia.com,top_1m,stevenblack
a1370.casalemedia.com,top_1m,stevenblack
a1382.casalemedia.com,top_1m,stevenblack
a1394.casalemedia.com,top_1m,stevenblack
a1396.casalemedia.com,top_1m,stevenblack
a1408.casalemedia.com,top_1m,stevenblack
a1410.casalemedia.com,top_1m,stevenblack
a1411.casalemedia.com,top_1m,stevenblack
a1413.casalemedia.com,top_1m,stevenblack
a1416.casalemedia.com,top_1m,stevenblack
a1420.casalemedia.com,top_1m,stevenblack
a1423.casalemedia.com,top_1m,stevenblack
a1424.casalemedia.com,top_1m,stevenblack
a1430.casalemedia.com,top_1m,stevenblack
a1440.casalemedia.com,top_1m,stevenblack
a1441.casalemedia.com,top_1m,stevenblack
a1442.casalemedia.com,top_1m,stevenblack
a1444.casalemedia.com,top_1m,stevenblack
a1447.casalemedia.com,top_1m,stevenblack
a1451.casalemedia.com,top_1m,stevenblack
a1453.casalemedia.com,top_1m,stevenblack
a1457.casalemedia.com,top_1m,stevenblack
a1589.casalemedia.com,top_1m,stevenblack
a1653.casalemedia.com,top_1m,stevenblack
a1664.casalemedia.com,top_1m,stevenblack
a1681.casalemedia.com,top_1m,stevenblack
a1726.casalemedia.com,top_1m,stevenblack
a2.chartboost.com,top_1m,stevenblack
a2zapk.co,tranco,phishing_army
a3409.casalemedia.com,top_1m,stevenblack
a3427.casalemedia.com,top_1m,stevenblack
a3428.casalemedia.com,top_1m,stevenblack
a3435.casalemedia.com,top_1m,stevenblack
a3448.casalemedia.com,top_1m,stevenblack
a3449.casalemedia.com,top_1m,stevenblack
a3453.casalemedia.com,top_1m,stevenblack
a3457.casalemedia.com,top_1m,stevenblack
a3468.casalemedia.com,top_1m,stevenblack
a3473.casalemedia.com,top_1m,stevenblack
a3485.casalemedia.com,top_1m,stevenblack
a3493.casalemedia.com,top_1m,stevenblack
a3495.casalemedia.com,top_1m,stevenblack
a3518.casalemedia.com,top_1m,stevenblack
a3536.casalemedia.com,top_1m,stevenblack
a3543.casalemedia.com,top_1m,stevenblack
a3560.casalemedia.com,top_1m,stevenblack
a3571.casalemedia.com,top_1m,stevenblack
a3585.casalemedia.com,top_1m,stevenblack
a3586.casalemedia.com,top_1m,stevenblack
a3587.casalemedia.com,top_1m,stevenblack
a3595.casalemedia.com,top_1m,stevenblack
a3610.casalemedia.com,top_1m,stevenblack
a3614.casalemedia.com,top_1m,stevenblack
a3618.casalemedia.com,top_1m,stevenblack
a3623.casalemedia.com,top_1m,stevenblack
a3653.casalemedia.com,top_1m,stevenblack
a3680.casalemedia.com,top_1m,stevenblack
a3686.casalemedia.com,top_1m,stevenblack
a3689.casalemedia.com,top_1m,stevenblack
a3700.casalemedia.com,top_1m,stevenblack
a3718.casalemedia.com,top_1m,stevenblack
a3719.casalemedia.com,top_1m,stevenblack
a3727.casalemedia.com,top_1m,stevenblack
a3729.casalemedia.com,top_1m,stevenblack
a3791.casalemedia.com,top_1m,stevenblack
a3793.casalemedia.com,top_1m,stevenblack
a3795.casalemedia.com,top_1m,stevenblack
a3796.casalemedia.com,top_1m,stevenblack
a3800.casalemedia.com,top_1m,stevenblack
a3806.casalemedia.com,top_1m,stevenblack
a3811.casalemedia.com,top_1m,stevenblack
a3828.casalemedia.com,top_1m,stevenblack
a3835.casalemedia.com,top_1m,stevenblack
a3859.casalemedia.com,top_1m,stevenblack
a3862.casalemedia.com,top_1m,stevenblack
a3863.casalemedia.com,top_1m,stevenblack
a3865.casalemedia.com,top_1m,stevenblack
a3868.casalemedia.com,top_1m,stevenblack
a3871.casalemedia.com,top_1m,stevenblack
a3880.casalemedia.com,top_1m,stevenblack
a4.applovin.com,top_1m,stevenblack
a527.casalemedia.com,top_1m,stevenblack
a531.casalemedia.com,top_1m,stevenblack
a545.casalemedia.com,top_1m,stevenblack
a546.casalemedia.com,top_1m,stevenblack
a547.casalemedia.com,top_1m,stevenblack
a556.casalemedia.com,top_1m,stevenblack
a6709203f34992a5095d2bc7ceaf2ec504f651a8.cws.conviva.com,top_1m,stevenblack
a8.net,tranco|top_1m,stevenblack
a985.casalemedia.com,top_1m,stevenblack
a987.casalemedia.com,top_1m,stevenblack
a998.casalemedia.com,top_1m,stevenblack
aa-metrics.beauty.hotpepper.jp,top_1m,stevenblack
aa-metrics.hotpepper.jp,top_1m,stevenblack
aa-metrics.jalan.net,top_1m,stevenblack
aa.agkn.com,top_1m,stevenblack
aa.online-metrix.net,top_1m,stevenblack
aag.yahooapis.jp,top_1m,stevenblack
aamt.nbcnews.com,top_1m,stevenblack
aamt.today.com,top_1m,stevenblack
aan.amazon.com,top_1m,stevenblack
aaronweintraubfromcogent.com,tranco|top_1m,hagezi
aaronweintraubwantstobecyberpolice.com,tranco|top_1m,hagezi
aax-dtb-cf.amazon-adsystem.com,top_1m,stevenblack
aax-eu.amazon-adsystem.com,top_1m,stevenblack
aax-fe-sin.amazon-adsystem.com,top_1m,stevenblack
aax-fe.amazon-adsystem.com,top_1m,stevenblack
aax-us-east-retail-direct.amazon.com,top_1m,stevenblack
aax-us-east.amazon-adsystem.com,top_1m,stevenblack
aax-us.amazon-adsystem.com,top_1m,stevenblack
aax.amazon-adsystem.com,top_1m,stevenblack
aaxads.com,tranco|top_1m,stevenblack
aba.gumgum.com,top_1m,stevenblack
abc-brandz.com,top_1m,hagezi|tempest_phishing
abckamai.com,top_1m,hagezi
ablink.comms.trainline.com,top_1m,stevenblack
ablink.info.wise.com,top_1m,stevenblack
about.me,tranco|top_1m,phishtank
above.com,tranco|top_1m,stevenblack
abre.ai,top_1m,vietnam_blacklist
abroad-ad.kingsoft-office-service.com,top_1m,stevenblack
abrtp1-cdn.marketo.com,top_1m,stevenblack
abrtp1.marketo.com,top_1m,stevenblack
abs.proxistore.com,top_1m,stevenblack
absorbingband.com,top_1m,stevenblack
abtasty.com,tranco|top_1m,stevenblack
abtest.alibaba.com,top_1m,stevenblack
abtesting.perfectcorp.com,top_1m,stevenblack
ac.realvu.net,top_1m,stevenblack
academy.hubspot.com,top_1m,stevenblack
acceptable.a-ads.com,top_1m,stevenblack
accommodationbrokenhill.com,top_1m,tempest_phishing
accommodationinbrisbane.com,top_1m,tempest_phishing
account.booking.com,top_1m,phishtank
account.venmo.com,top_1m,phishtank
accounts.doubleclick.net,top_1m,stevenblack
accounts.google.com,top_1m,phishtank
acd.com.vn,vietnam_whitelist,hagezi
acdn.adnxs-simple.com,top_1m,stevenblack
acdn.adnxs.com,top_1m,stevenblack
acemetrics.aaa.com,top_1m,stevenblack
acemlnb.com,tranco|top_1m,stevenblack
acis.com.vn,vietnam_whitelist,tempest_phishing
acjs.aliyun.com,top_1m,stevenblack
ackzany.com,top_1m,stevenblack
acmetoy.com,tranco|top_1m,hagezi
acobt.tech,tranco|top_1m,stevenblack
acrobat.adobe.com,top_1m,phishtank
action.media6degrees.com,top_1m,stevenblack
action.metaffiliation.com,top_1m,stevenblack
activemetering.com,tranco|top_1m,stevenblack
actonsoftware.com,tranco|top_1m,stevenblack
acuityplatform.com,tranco|top_1m,stevenblack
acustomizedgift.com,tranco|top_1m,stevenblack
ad-assets.futurecdn.net,top_1m,stevenblack
ad-balancer.at,top_1m,stevenblack
ad-cdn.technoratimedia.com,top_1m,stevenblack
ad-delivery.net,tranco|top_1m,stevenblack
ad-emea.doubleclick.net,top_1m,stevenblack
ad-events.flashtalking.com,top_1m,stevenblack
ad-log.dable.io,top_1m,stevenblack
ad-m.asia,tranco|top_1m,stevenblack
ad-mediation.tuanguwen.com,top_1m,stevenblack
ad-monitor.kargo.com,top_1m,stevenblack
ad-move.jp,top_1m,stevenblack
ad-nex.com,top_1m,stevenblack
ad-score.com,tranco|top_1m,stevenblack
ad-specs.guoshipartners.com,top_1m,stevenblack
ad-srv.co,top_1m,stevenblack
ad-srv.net,tranco|top_1m,stevenblack
ad-stir.com,tranco|top_1m,stevenblack
ad-us-west.ipredictive.com,top_1m,stevenblack
ad.360in.com,top_1m,stevenblack
ad.360yield.com,top_1m,stevenblack
ad.71i.de,top_1m,stevenblack
ad.a-ads.com,top_1m,stevenblack
ad.abema.io,top_1m,stevenblack
ad.ad-srv.net,top_1m,stevenblack
ad.ad-stir.com,top_1m,stevenblack
ad.adacado.com,top_1m,stevenblack
ad.admitad.com,top_1m,stevenblack
ad.adpon.jp,top_1m,stevenblack
ad.adriver.ru,top_1m,stevenblack
ad.adsrvr.org,top_1m,stevenblack
ad.adverticum.net,top_1m,stevenblack
ad.altervista.org,top_1m,stevenblack
ad.amgdgt.com,top_1m,stevenblack
ad.appier.net,top_1m,stevenblack
ad.atdmt.com,top_1m,stevenblack
ad.broadstreetads.com,top_1m,stevenblack
ad.cauly.co.kr,top_1m,stevenblack
ad.crwdcntrl.net,top_1m,stevenblack
ad.daum.net,top_1m,stevenblack
ad.doubleclick.net,top_1m,stevenblack|phishtank
ad.ettoday.net,top_1m,stevenblack
ad.flipboard.com,top_1m,stevenblack
ad.fout.jp,top_1m,stevenblack
ad.gt,tranco|top_1m,stevenblack
ad.gunosy.com,top_1m,stevenblack
ad.inter-edu.com,top_1m,stevenblack
ad.intl.xiaomi.com,top_1m,stevenblack
ad.ipredictive.com,top_1m,stevenblack
ad.jorte.com,top_1m,stevenblack
ad.jorudan.co.jp,top_1m,stevenblack
ad.jp.ap.valuecommerce.com,top_1m,stevenblack
ad.linksynergy.com,top_1m,stevenblack
ad.mail.ru,top_1m,stevenblack
ad.missena.io,top_1m,stevenblack
ad.mobiuspace.net,top_1m,stevenblack
ad.monetate.net,top_1m,stevenblack
ad.mrtnsvr.com,top_1m,stevenblack
ad.org.vn,vietnam_whitelist,stevenblack
ad.period-calendar.com,top_1m,stevenblack
ad.pr.ameba.jp,top_1m,stevenblack
ad.propellerads.com,top_1m,stevenblack
ad.rfp.fout.jp,top_1m,stevenblack
ad.sitemaji.com,top_1m,stevenblack
ad.smaato.net,top_1m,stevenblack
ad.style,top_1m,stevenblack
ad.sxp.smartclip.net,top_1m,stevenblack
ad.turn.com,top_1m,stevenblack
ad.val.jp,top_1m,stevenblack
ad.vidverto.io,vietnam_whitelist|top_1m,stevenblack
ad.weplayer.cc,top_1m,stevenblack
ad.xiaomi.com,top_1m,stevenblack
ad.yieldlab.net,top_1m,stevenblack
ad1.adfarm1.adition.com,top_1m,stevenblack
ad11.adfarm1.adition.com,top_1m,stevenblack
ad11p.adfarm1.adition.com,top_1m,stevenblack
ad13.adfarm1.adition.com,top_1m,stevenblack
ad2.adfarm1.adition.com,top_1m,stevenblack
ad2.apx.appier.net,top_1m,stevenblack
ad2.fivecdm.com,top_1m,stevenblack
ad3.adfarm1.adition.com,top_1m,stevenblack
ad4.adfarm1.adition.com,top_1m,stevenblack
ad4game.com,top_1m,stevenblack
adadvisor.net,top_1m,stevenblack
adalliance.io,tranco|top_1m,stevenblack
adalyser.com,tranco|top_1m,stevenblack
adap.tv,tranco|top_1m,stevenblack
adapex.io,tranco|top_1m,stevenblack
adapf.com,top_1m,stevenblack
adapi.tuyensinh247.com,top_1m,stevenblack
adashx4ae.ut.taobao.com,top_1m,stevenblack
adb2waycm-atl.netmng.com,top_1m,stevenblack
adbg.hit.gemius.pl,top_1m,stevenblack
adblade.com,tranco|top_1m,stevenblack
adblockanalytics.com,top_1m,stevenblack
adblockfast.com,tranco|top_1m,hagezi
adbro.me,tranco|top_1m,stevenblack
adc3-launch.adcolony.com,top_1m,stevenblack
adcannyads.com,top_1m,stevenblack
adcdn.goo.ne.jp,top_1m,stevenblack
adclick.g.doubleclick.net,top_1m,stevenblack|phishtank
adclr.jp,top_1m,stevenblack
adcolony.com,tranco|top_1m,stevenblack
adconf.rqmob.com,top_1m,stevenblack
adcovery.com,top_1m,stevenblack
adcs.rqmob.com,top_1m,stevenblack
addlog.thuvienphapluat.vn,top_1m,stevenblack
addresseepaper.com,top_1m,stevenblack
addshoppers.com,top_1m,stevenblack
addthis.com,vietnam_whitelist|tranco|top_1m,stevenblack
addtoany.com,tranco|top_1m,stevenblack
ade.clmbtech.com,top_1m,stevenblack
ade.googlesyndication.com,top_1m,stevenblack
adelixir.com,top_1m,stevenblack
adelphic-partners.tremorhub.com,top_1m,stevenblack
adeventtracker.spotify.com,top_1m,stevenblack
adexp.liftoff.io,top_1m,stevenblack
adf.ly,tranco|top_1m,stevenblack
adfarm1.adition.com,top_1m,stevenblack
adflex.vn,vietnam_whitelist,stevenblack
adfoc.us,tranco,stevenblack
adform.com,tranco|top_1m,stevenblack
adform.net,tranco|top_1m,stevenblack
adfox.yandex.ru,top_1m,stevenblack
adfstat.yandex.ru,top_1m,stevenblack
adfurikun.jp,tranco|top_1m,stevenblack
adfuture.cn,top_1m,stevenblack
adgebra.co.in,tranco|top_1m,stevenblack
adgen.socdm.com,top_1m,stevenblack
adglare.net,tranco|top_1m,stevenblack
adgoon.it,top_1m,hagezi
adgrx.com,tranco|top_1m,stevenblack
adgrx.com.tech.akadns.net,top_1m,stevenblack
adhaven.com,top_1m,stevenblack
adhese.com,tranco|top_1m,stevenblack
adhigh.net,tranco|top_1m,stevenblack
adi.admicro.vn,top_1m,stevenblack
adi.vcmedia.vn,top_1m,stevenblack
adimg.daumcdn.net,top_1m,stevenblack
adimg.uimserv.net,top_1m,stevenblack
adimpression.startappservice.com,top_1m,stevenblack
adingo.jp,tranco|top_1m,stevenblack
adition.com,tranco|top_1m,stevenblack
adj.st,tranco|top_1m,stevenblack
adjust-net.jp,tranco|top_1m,stevenblack
adjust.com,tranco|top_1m,stevenblack
adjust.net.in,tranco|top_1m,stevenblack
adjust.world,tranco|top_1m,stevenblack
adk2.com,top_1m,stevenblack
adlc-exchange.toast.com,top_1m,stevenblack
adlightning.com,tranco|top_1m,stevenblack
adlog.vivo.com.cn,top_1m,stevenblack
adlogs.ad2iction.com,top_1m,stevenblack
adlooxtracking.com,tranco|top_1m,stevenblack
adlpo.com,tranco|top_1m,stevenblack
adm.shinobi.jp,top_1m,stevenblack
adm3.autoimg.cn,top_1m,stevenblack
adman.gr,tranco|top_1m,stevenblack
admanmedia.com,tranco|top_1m,stevenblack
admantx.com,tranco|top_1m,stevenblack
admarketplace.net,top_1m,stevenblack
admedia.com,tranco|top_1m,stevenblack
admedo.com,tranco|top_1m,stevenblack
admeld.com,top_1m,stevenblack
admeridianads.com,tranco|top_1m,stevenblack
admicro.vn,vietnam_whitelist|tranco|top_1m,stevenblack
admidadsp.com,top_1m,stevenblack
admin.appnext.com,top_1m,stevenblack
admin.giaminhmedia.vn,top_1m,stevenblack
admitad.com,tranco|top_1m,stevenblack
admixer.co.kr,top_1m,stevenblack
admixer.net,tranco|top_1m,stevenblack
admob.com,tranco|top_1m,stevenblack
admost.com,tranco|top_1m,stevenblack
admulti.com,tranco|top_1m,stevenblack
adn-collector.voodoo-tech.io,top_1m,stevenblack
adn.insight.ucweb.com,top_1m,stevenblack
adnami.io,tranco|top_1m,stevenblack
adnetwork-core.aiactiv.io,top_1m,stevenblack
adnetwork.vn,vietnam_whitelist,stevenblack
adnexus.net,tranco|top_1m,stevenblack
adnxs-simple.com,tranco|top_1m,stevenblack
adnxs.com,tranco|top_1m,stevenblack
ado.pro-market.net,top_1m,stevenblack
adobe-sync.dotomi.com,top_1m,stevenblack
adobe.adhaven.com,top_1m,stevenblack
adobe.demdex.net,top_1m,stevenblack
adobe.tt.omtrdc.net,top_1m,stevenblack
adobeanalytics.danmurphys.com.au,top_1m,stevenblack
adobetag.com,tranco|top_1m,stevenblack
adocean.pl,tranco|top_1m,stevenblack
adone.yicha.jp,top_1m,stevenblack
adop.asia,top_1m,stevenblack
adop.cc,tranco|top_1m,stevenblack
adopsboost.com,top_1m,stevenblack
adoric-om.com,tranco|top_1m,stevenblack
adotmob.com,tranco|top_1m,stevenblack
adp.adpies.com,top_1m,stevenblack
adp.vnecdn.net,top_1m,stevenblack
adpeepshosted.com,top_1m,stevenblack
adpia.vn,vietnam_whitelist|top_1m,stevenblack
adpon.net,top_1m,stevenblack
adpserver.pvs4.xyz,top_1m,hagezi
adpushup.com,tranco|top_1m,stevenblack
adrecover.com,tranco|top_1m,stevenblack
adreq.vivo.com.cn,top_1m,stevenblack
adrevenue.appsflyer.com,top_1m,stevenblack
adriver.ru,tranco|top_1m,stevenblack
adroll.com,tranco|top_1m,stevenblack
adrta.com,tranco|top_1m,stevenblack
ads-api-new-2052271615.ap-northeast-1.elb.amazonaws.com,top_1m,stevenblack
ads-api.tiktok.com,top_1m,stevenblack
ads-api.twitter.com,top_1m,stevenblack
ads-bi.zenkube.com,top_1m,stevenblack
ads-cdn.fptplay.net,vietnam_whitelist|top_1m,stevenblack
ads-cloud.rovio.com,top_1m,stevenblack
ads-d.viber.com,top_1m,stevenblack
ads-img.mozilla.org,top_1m,stevenblack
ads-marketing-vivofs.vivo.com.cn,top_1m,stevenblack
ads-platform.zalo.me,top_1m,stevenblack
ads-resources.waze.com,top_1m,stevenblack
ads-router-noneu.truecaller.com,top_1m,stevenblack
ads-static.phonepe.com,top_1m,stevenblack
ads-twitter.com,tranco|top_1m,stevenblack
ads.acrosspf.com,top_1m,stevenblack
ads.ad2iction.com,top_1m,stevenblack
ads.adadapted.com,top_1m,stevenblack
ads.adelement.com,top_1m,stevenblack
ads.adfox.ru,top_1m,stevenblack
ads.adtheorent.com,top_1m,stevenblack
ads.adthrive.com,top_1m,stevenblack
ads.altitude-arena.com,top_1m,stevenblack
ads.api.vungle.com,top_1m,stevenblack
ads.aralego.com,top_1m,stevenblack
ads.as.criteo.com,top_1m,stevenblack
ads.autotrader.com,top_1m,stevenblack
ads.betweendigital.com,top_1m,stevenblack
ads.bidstreamserver.com,top_1m,stevenblack
ads.blogherads.com,top_1m,stevenblack
ads.bloomberg.com,top_1m,stevenblack
ads.bridgebase.com,top_1m,stevenblack
ads.bulldogcpi.com,top_1m,stevenblack
ads.businessclick.com,top_1m,stevenblack
ads.cdn.viber.com,top_1m,stevenblack
ads.celtra.com,top_1m,stevenblack
ads.cn.miaozhen.com,top_1m,stevenblack
ads.creative-serving.com,top_1m,stevenblack
ads.digitalcaramel.com,top_1m,stevenblack
ads.dotomi.com,top_1m,stevenblack
ads.easy-ads.com,top_1m,stevenblack
ads.ehealthcaresolutions.com,top_1m,stevenblack
ads.eu.criteo.com,top_1m,stevenblack
ads.exoclick.com,top_1m,stevenblack
ads.exosrv.com,top_1m,stevenblack
ads.flurry.com,top_1m,stevenblack
ads.fotosidan.se,top_1m,stevenblack
ads.globo.com,top_1m,stevenblack
ads.google.com,top_1m,stevenblack
ads.gorillanation.com,top_1m,stevenblack
ads.heytapmobi.com,top_1m,stevenblack
ads.heytapmobile.com,top_1m,stevenblack
ads.heyzap.com,top_1m,stevenblack
ads.icloseli.com,top_1m,stevenblack
ads.indeed.com,top_1m,stevenblack
ads.inmobi.com,top_1m,stevenblack
ads.inven.co.kr,top_1m,stevenblack
ads.investingchannel.com,top_1m,stevenblack
ads.iosappsworld.com,top_1m,stevenblack
ads.jetpackdigital.com,top_1m,stevenblack
ads.justpremium.com,top_1m,stevenblack
ads.lfstmedia.com,top_1m,stevenblack
ads.linkedin.com,top_1m,stevenblack
ads.mediasmart.es,top_1m,stevenblack
ads.mncmedia.co.kr,top_1m,stevenblack
ads.mobadvent.com,top_1m,stevenblack
ads.mopub.com,top_1m,stevenblack
ads.mozilla.org,top_1m,stevenblack
ads.msdigital.vn,top_1m,stevenblack
ads.nghenhinvietnam.vn,vietnam_whitelist,stevenblack
ads.nicovideo.jp,top_1m,stevenblack
ads.oppomobile.com,top_1m,stevenblack
ads.pexi.nl,top_1m,stevenblack
ads.phonepe.com,top_1m,stevenblack
ads.pinger.com,top_1m,stevenblack
ads.pinterest.com,top_1m,stevenblack
ads.playstream.media,top_1m,stevenblack
ads.pro-market.net,top_1m,stevenblack
ads.pubmatic.com,top_1m,stevenblack
ads.reddit.com,top_1m,stevenblack
ads.revjet.com,top_1m,stevenblack
ads.reward-hunt.com,top_1m,stevenblack
ads.roblox.com,top_1m,stevenblack
ads.rubiconproject.com,top_1m,stevenblack
ads.samba.tv,top_1m,stevenblack
ads.scorecardresearch.com,top_1m,stevenblack
ads.servebom.com,top_1m,stevenblack
ads.servenobid.com,top_1m,stevenblack
ads.simpli.fi,top_1m,stevenblack
ads.smartstream.tv,top_1m,stevenblack
ads.sonataplatform.com,top_1m,stevenblack
ads.stickyadstv.com,top_1m,stevenblack
ads.superawesome.tv,top_1m,stevenblack
ads.supplyframe.com,top_1m,stevenblack
ads.themoneytizer.com,top_1m,stevenblack
ads.tiktok.com,top_1m,stevenblack
ads.traffichunt.com,top_1m,stevenblack
ads.trafficjunky.net,top_1m,stevenblack
ads.travelaudience.com,top_1m,stevenblack
ads.tremorhub.com,top_1m,stevenblack
ads.tvpl.vn,top_1m,stevenblack
ads.undertone.com,top_1m,stevenblack
ads.us.criteo.com,top_1m,stevenblack
ads.us.e-planning.net,top_1m,stevenblack
ads.videoadex.com,top_1m,stevenblack
ads.vidoomy.com,top_1m,stevenblack
ads.w55c.net,top_1m,stevenblack
ads.yahoo.com,top_1m,stevenblack
ads.yieldmo.com,top_1m,stevenblack
ads.youtube.com,top_1m,stevenblack
ads.zalo.me,top_1m,stevenblack
ads10.console.adtarget.com.tr,top_1m,stevenblack
ads108.console.adtarget.com.tr,top_1m,stevenblack
ads11.console.adtarget.com.tr,top_1m,stevenblack
ads110.console.adtarget.com.tr,top_1m,stevenblack
ads114.console.adtarget.com.tr,top_1m,stevenblack
ads115.console.adtarget.com.tr,top_1m,stevenblack
ads119.console.adtarget.com.tr,top_1m,stevenblack
ads12.console.adtarget.com.tr,top_1m,stevenblack
ads128.console.adtarget.com.tr,top_1m,stevenblack
ads129.console.adtarget.com.tr,top_1m,stevenblack
ads13.console.adtarget.com.tr,top_1m,stevenblack
ads130.console.adtarget.com.tr,top_1m,stevenblack
ads135.console.adtarget.com.tr,top_1m,stevenblack
ads136.console.adtarget.com.tr,top_1m,stevenblack
ads137.console.adtarget.com.tr,top_1m,stevenblack
ads138.console.adtarget.com.tr,top_1m,stevenblack
ads139.console.adtarget.com.tr,top_1m,stevenblack
ads140.console.adtarget.com.tr,top_1m,stevenblack
ads145.console.adtarget.com.tr,top_1m,stevenblack
ads146.console.adtarget.com.tr,top_1m,stevenblack
ads151.console.adtarget.com.tr,top_1m,stevenblack
ads152.console.adtarget.com.tr,top_1m,stevenblack
ads153.console.adtarget.com.tr,top_1m,stevenblack
ads154.console.adtarget.com.tr,top_1m,stevenblack
ads155.console.adtarget.com.tr,top_1m,stevenblack
ads156.console.adtarget.com.tr,top_1m,stevenblack
ads157.console.adtarget.com.tr,top_1m,stevenblack
ads158.console.adtarget.com.tr,top_1m,stevenblack
ads159.console.adtarget.com.tr,top_1m,stevenblack
ads160.console.adtarget.com.tr,top_1m,stevenblack
ads163.console.adtarget.com.tr,top_1m,stevenblack
ads18.console.adtarget.com.tr,top_1m,stevenblack
ads2.contentabc.com,top_1m,stevenblack
ads2.eqads.com,top_1m,stevenblack
ads2.servebom.com,top_1m,stevenblack
ads20.console.adtarget.com.tr,top_1m,stevenblack
ads201.console.adtarget.com.tr,top_1m,stevenblack
ads202.console.adtarget.com.tr,top_1m,stevenblack
ads203.console.adtarget.com.tr,top_1m,stevenblack
ads206.console.adtarget.com.tr,top_1m,stevenblack
ads210.console.adtarget.com.tr,top_1m,stevenblack
ads214.console.adtarget.com.tr,top_1m,stevenblack
ads215.console.adtarget.com.tr,top_1m,stevenblack
ads216.console.adtarget.com.tr,top_1m,stevenblack
ads217.console.adtarget.com.tr,top_1m,stevenblack
ads218.console.adtarget.com.tr,top_1m,stevenblack
ads219.console.adtarget.com.tr,top_1m,stevenblack
ads24.console.adtarget.com.tr,top_1m,stevenblack
ads240.console.adtarget.com.tr,top_1m,stevenblack
ads241.console.adtarget.com.tr,top_1m,stevenblack
ads244.console.adtarget.com.tr,top_1m,stevenblack
ads250.console.adtarget.com.tr,top_1m,stevenblack
ads256.console.adtarget.com.tr,top_1m,stevenblack
ads257.console.adtarget.com.tr,top_1m,stevenblack
ads258.console.adtarget.com.tr,top_1m,stevenblack
ads259.console.adtarget.com.tr,top_1m,stevenblack
ads3.eqads.com,top_1m,stevenblack
ads3.fingersoft.net,top_1m,stevenblack
ads30.console.adtarget.com.tr,top_1m,stevenblack
ads31.console.adtarget.com.tr,top_1m,stevenblack
ads36.console.adtarget.com.tr,top_1m,stevenblack
ads37.console.adtarget.com.tr,top_1m,stevenblack
ads4.console.adtarget.com.tr,top_1m,stevenblack
ads40.console.adtarget.com.tr,top_1m,stevenblack
ads42.console.adtarget.com.tr,top_1m,stevenblack
ads43.console.adtarget.com.tr,top_1m,stevenblack
ads44.console.adtarget.com.tr,top_1m,stevenblack
ads46.console.adtarget.com.tr,top_1m,stevenblack
ads47.console.adtarget.com.tr,top_1m,stevenblack
ads48.console.adtarget.com.tr,top_1m,stevenblack
ads5-noneu.truecaller.com,top_1m,stevenblack
ads50.console.adtarget.com.tr,top_1m,stevenblack
ads51.console.adtarget.com.tr,top_1m,stevenblack
ads54.console.adtarget.com.tr,top_1m,stevenblack
ads55.console.adtarget.com.tr,top_1m,stevenblack
ads56.console.adtarget.com.tr,top_1m,stevenblack
ads58.console.adtarget.com.tr,top_1m,stevenblack
ads59.console.adtarget.com.tr,top_1m,stevenblack
adsaccount.appcpi.net,top_1m,stevenblack
adsafeprotected.com,tranco|top_1m,stevenblack
adsapi.snapchat.com,top_1m,stevenblack
adsassets.waze.com,top_1m,stevenblack
adsby.bidtheatre.com,top_1m,stevenblack
adsbynimbus.com,tranco|top_1m,stevenblack
adscale.de,tranco|top_1m,stevenblack
adscfg.togothermany.cn,top_1m,stevenblack
adsco.re,tranco|top_1m,stevenblack
adsdk.adfarm1.adition.com,top_1m,stevenblack
adsdk.vivo.com.cn,top_1m,stevenblack
adsdk.yandex.ru,top_1m,stevenblack
adsensecustomsearchads.com,tranco|top_1m,stevenblack|phishtank|phishing_army
adserve.donanimhaber.com,top_1m,stevenblack
adserver-1277986481.ap-northeast-1.elb.amazonaws.com,top_1m,stevenblack
adserver-us.adtech.advertising.com,top_1m,stevenblack
adserver.adotmob.com,top_1m,stevenblack
adserver.adtechus.com,top_1m,stevenblack
adserver.adverty.com,top_1m,stevenblack
adserver.juicyads.com,top_1m,stevenblack
adserver.pandora.com,top_1m,stevenblack
adserver.pressboard.ca,top_1m,stevenblack
adserver.shadow.snapads.com,top_1m,stevenblack
adserver.webads.nl,top_1m,stevenblack
adserver01.de,top_1m,stevenblack
adservice.google.ca,top_1m,stevenblack
adservice.google.co.in,top_1m,stevenblack
adservice.google.co.jp,top_1m,stevenblack
adservice.google.co.uk,top_1m,phishtank
adservice.google.co.za,top_1m,stevenblack
adservice.google.com,top_1m,stevenblack
adservice.google.com.au,top_1m,stevenblack
adservice.google.com.vn,top_1m,stevenblack
adservice.google.nl,top_1m,stevenblack
adservices.brandcdn.com,top_1m,stevenblack
adserving.speedshiftmedia.com,top_1m,stevenblack
adservrs.com,tranco|top_1m,stevenblack
adservrs.com.edgekey.net,top_1m,stevenblack
adsfs.oppomobile.com,top_1m,stevenblack
adskeeper.co.uk,tranco|top_1m,stevenblack
adskeeper.com,tranco|top_1m,stevenblack
adsmetadata.startappservice.com,top_1m,stevenblack
adsmoloco.com,tranco|top_1m,stevenblack
adsninjacdn.b-cdn.net,top_1m,stevenblack
adsolut.in,tranco|top_1m,stevenblack
adsp.haberturk.com,top_1m,stevenblack
adsparc.com,top_1m,stevenblack
adspeed.net,top_1m,stevenblack
adspirit.de,tranco|top_1m,stevenblack
adspirit.net,top_1m,stevenblack
adsplay.net,top_1m,stevenblack
adsplus.vn,vietnam_whitelist,stevenblack
adspredictiv.com,top_1m,stevenblack
adspsp.com,tranco|top_1m,stevenblack
adsrv.eacdn.com,top_1m,stevenblack
adsrvr.org,tranco|top_1m,stevenblack
adstanding.com,tranco|top_1m,stevenblack
adstub.net,top_1m,stevenblack
adstune.com,top_1m,stevenblack
adsunflower.com,top_1m,stevenblack
adsupplyads.net,top_1m,stevenblack
adswizz-match.dotomi.com,top_1m,stevenblack
adswizz.com,tranco|top_1m,stevenblack
adsymptotic.com,top_1m,stevenblack
adt.com.vn,vietnam_whitelist,stevenblack
adtag.ad.smaato.net,top_1m,stevenblack
adtarget.com.tr,tranco|top_1m,stevenblack
adtdp.com,tranco|top_1m,stevenblack
adtechus.com,top_1m,stevenblack
adtheorent.com,tranco|top_1m,stevenblack
adthrive.com,tranco|top_1m,stevenblack
adtilt.com,tranco|top_1m,stevenblack
adtima-common.zascdn.me,top_1m,stevenblack
adtima-media.zadn.vn,top_1m,stevenblack
adtima-media.zascdn.me,top_1m,stevenblack
adtima-static.zadn.vn,vietnam_whitelist|top_1m,stevenblack
adtima-static.zascdn.me,top_1m,stevenblack
adtima-video.zascdn.me,top_1m,stevenblack
adtima.net.vn,vietnam_whitelist,stevenblack
adtima.vn,vietnam_whitelist|top_1m,stevenblack
adtimaserver.vn,vietnam_whitelist|tranco|top_1m,stevenblack
adtlgc.com,top_1m,stevenblack
adtng.com,tranco|top_1m,stevenblack
adtrack.adleadevent.com,top_1m,stevenblack
adtrack.appcpi.net,top_1m,stevenblack
adtrack.ucweb.com,top_1m,stevenblack
adtrack.voicestar.com,top_1m,stevenblack
adtraction.com,tranco|top_1m,stevenblack
adultfriendfinder.com,tranco|top_1m,stevenblack
adups.com,tranco|top_1m,stevenblack
adv.adview.pl,top_1m,stevenblack
adv.mxmcdn.net,top_1m,stevenblack
adv.r7.com,top_1m,stevenblack
adv.sec.intl.miui.com,top_1m,stevenblack
adv.strategy.it,top_1m,stevenblack
advancelocal.blueconic.net,top_1m,stevenblack
advanceslibrary.com,top_1m,hagezi
advangelists.com,tranco|top_1m,stevenblack
advert.livesportmedia.eu,top_1m,stevenblack
adverticum.net,top_1m,stevenblack
advertise.bingads.microsoft.com,top_1m,stevenblack
advertising-cdn.dpgmedia.cloud,top_1m,stevenblack
advertising.com,tranco|top_1m,stevenblack
advertising.yahoo.com,top_1m,stevenblack
advertnative.com,top_1m,stevenblack
advertserve.com,tranco|top_1m,stevenblack
adview.cn,top_1m,stevenblack
adview.com,tranco|top_1m,stevenblack
adview.pl,top_1m,stevenblack
advisionweb.yicha.jp,top_1m,stevenblack
advmob.cn,top_1m,stevenblack
advpic.yicha.jp,top_1m,stevenblack
advtrack.yicha.jp,top_1m,stevenblack
adwebone.com,top_1m,stevenblack
adwin.startappservice.com,top_1m,stevenblack
adx-f.ads.heytapmobile.com,top_1m,stevenblack
adx-id.ads.heytapmobi.com,top_1m,stevenblack
adx-id.ads.heytapmobile.com,top_1m,stevenblack
adx-id.ads.oppomobile.com,top_1m,stevenblack
adx-in.ads.heytapmobile.com,top_1m,stevenblack
adx-mm.ads.heytapmobile.com,top_1m,stevenblack
adx-my.ads.heytapmobile.com,top_1m,stevenblack
adx-ph.ads.heytapmobile.com,top_1m,stevenblack
adx-sg.ads.heytapmobi.com,top_1m,stevenblack
adx-sg.ads.heytapmobile.com,top_1m,stevenblack
adx-th.ads.heytapmobile.com,top_1m,stevenblack
adx-tw.ads.heytapmobile.com,top_1m,stevenblack
adx-vn.ads.heytapmobile.com,top_1m,stevenblack
adx-winners-ap-southeast-1-rtb.adroll.com,top_1m,stevenblack
adx-winners-eu-west-1-rtb.adroll.com,top_1m,stevenblack
adx-winners-us-east-1-rtb.adroll.com,top_1m,stevenblack
adx-winners-us-west-2-rtb.adroll.com,top_1m,stevenblack
adx.adform.net,top_1m,stevenblack
adx.ads.heytapmobi.com,top_1m,stevenblack
adx.dable.io,top_1m,stevenblack
adx.g.doubleclick.net,top_1m,stevenblack
adx.vn,vietnam_whitelist,stevenblack
adx2.adform.net,top_1m,stevenblack
adxcallback.batmobi.net,top_1m,stevenblack
adxlog.vivo.com.cn,top_1m,stevenblack
adxserve.com,tranco|top_1m,stevenblack
adywind.com,top_1m,stevenblack
adzerk.net,tranco|top_1m,stevenblack
adzestocp.com,tranco|top_1m,stevenblack
adzmedia.com,top_1m,stevenblack
adztec.com,top_1m,stevenblack
ae.gsecondscreen.com,top_1m,stevenblack
ae.iads.unity3d.com,top_1m,stevenblack
aeg.112.2o7.net,top_1m,stevenblack
aeventlog.beacon.qq.com,top_1m,stevenblack
aexp.demdex.net,top_1m,stevenblack
af-110.com,top_1m,stevenblack
af-mark.jp,top_1m,stevenblack
af.monetate.net,top_1m,stevenblack
af.moshimo.com,top_1m,stevenblack
aff.i-mobile.co.jp,top_1m,stevenblack
aff.mclick.mobi,top_1m,stevenblack
affec.tv,tranco|top_1m,stevenblack
affiliate-b.com,top_1m,stevenblack
affiliate.dtiserv.com,top_1m,stevenblack
affiliate.rakuten.co.jp,top_1m,stevenblack
affiliatefuture.com,tranco|top_1m,stevenblack
afftrack.com,top_1m,stevenblack
afi-b.com,tranco|top_1m,stevenblack
afiles.webengage.com,top_1m,stevenblack
afilo.pl,top_1m,stevenblack
ag.gbc.criteo.com,top_1m,stevenblack
ag.innovid.com,top_1m,stevenblack
ag.innovid.com.akadns.net,top_1m,stevenblack
ag.yieldoptimizer.com,top_1m,stevenblack
agencysignals.com,top_1m,stevenblack
agent.aralego.com,top_1m,stevenblack
agent.tamedia.com.tw,top_1m,stevenblack
agimexpharm.com.vn,vietnam_whitelist,hagezi|tempest_phishing
agkn.com,tranco|top_1m,stevenblack
agr-tc.pt,top_1m,tempest_phishing
ahisp.co.za,top_1m,hagezi
aiactiv.io,vietnam_whitelist|top_1m,stevenblack
aic.cdpbeacon.lgtvcommon.com,top_1m,stevenblack
aicleaner.shouji.360.cn,top_1m,stevenblack
aid.send.microad.jp,top_1m,stevenblack
aimatch.com,tranco|top_1m,stevenblack
aiqua-sdk.c.appier.net,top_1m,stevenblack
aiqua-user.c.appier.net,top_1m,stevenblack
air-carbon.com,top_1m,hagezi
airlytics.airlock.twcmobile.weather.com,top_1m,stevenblack
airpush.com,top_1m,stevenblack
airtable.com,tranco|top_1m,phishtank
airtek.vn,vietnam_whitelist,hagezi
aitc.vn,vietnam_whitelist,hagezi
ak-ns.sascdn.com,top_1m,stevenblack
ak.sail-horizon.com,top_1m,stevenblack
ak.wabsteruncrude.qpon,top_1m,hagezi
ak1s.abmr.net,top_1m,stevenblack
aka-cdn.adtechus.com,top_1m,stevenblack
akama.com,top_1m,stevenblack
aksdk-images.adikteev.com,top_1m,stevenblack
akstat.io.edgekey.net,top_1m,stevenblack
aladdin.genieesspv.jp,top_1m,stevenblack
aldaniti.net,top_1m,stevenblack
alexandria.marfeelcdn.com,top_1m,stevenblack
alibabaenglish.edu.vn,vietnam_whitelist,tempest_phishing
alldcs.outbrain.org,top_1m,stevenblack
allmy.bio,tranco,tempest_phishing|phishtank|phishing_army
allowandgo.com,top_1m,hagezi
allstate.sc.omtrdc.net,top_1m,stevenblack
allstate.tt.omtrdc.net,top_1m,stevenblack
almostmy.com,tranco|top_1m,hagezi
alocdn.com,tranco|top_1m,stevenblack
alog-default.umeng.com,top_1m,stevenblack
alog.umeng.com,top_1m,stevenblack
alog.umengcloud.com,top_1m,stevenblack
alogs.umeng.com,top_1m,stevenblack
alogsus.umeng.com,top_1m,stevenblack
alogus.umeng.com,top_1m,stevenblack
alphonso.tv,tranco|top_1m,stevenblack
als-svc.nytimes.com,top_1m,stevenblack
altitude-arena.com,tranco|top_1m,stevenblack
am-match.taboola.com,top_1m,stevenblack
am-trc-events.taboola.com,top_1m,stevenblack
am-vid-events.taboola.com,top_1m,stevenblack
am-wf.taboola.com,top_1m,stevenblack
am.adlooxtracking.com,top_1m,stevenblack
amazon-adsystem.com,tranco|top_1m,stevenblack
amazon-tam-match.dotomi.com,top_1m,stevenblack
amazon.sa,tranco|top_1m,vietnam_blacklist
amazon.se,tranco|top_1m,vietnam_blacklist
amazoncustomerservice.d2.sc.omtrdc.net,top_1m,stevenblack
amazone-s3.com,tranco,hagezi
amazonhrhvhuat.112.2o7.net,top_1m,stevenblack
amazonlogistics.eu,tranco,tempest_phishing|vietnam_blacklist
amazonservices.122.2o7.net,top_1m,stevenblack
ambientdsp.com,tranco|top_1m,stevenblack
ambientplatform.vn,vietnam_whitelist,stevenblack
amcdn.vn,vietnam_whitelist|tranco|top_1m,stevenblack
amcomputersllc.com,top_1m,hagezi
americanairlines.demdex.net,top_1m,stevenblack
americanunfinished.com,tranco|top_1m,hagezi
aml.valuecommerce.com,top_1m,stevenblack
amoad.com,tranco|top_1m,stevenblack
amobee-partners.tremorhub.com,top_1m,stevenblack
amobee.com,top_1m,stevenblack
amp.casalemedia.com,top_1m,stevenblack
amp.permutive.com,top_1m,stevenblack
amplify-imp.outbrain.com,top_1m,stevenblack
amplify.outbrain.com,top_1m,stevenblack
amplifypixel.outbrain.com,top_1m,stevenblack
amprtc.media.net,top_1m,stevenblack
ams1-ib.adnxs.com,top_1m,stevenblack
amung.us,tranco|top_1m,stevenblack
an.facebook.com,top_1m,stevenblack
an.yandex.ru,top_1m,stevenblack
ana.112.2o7.net,top_1m,stevenblack
analytic.detik.com,top_1m,stevenblack
analytics-au.clickdimensions.com,top_1m,stevenblack
analytics-eu.clickdimensions.com,top_1m,stevenblack
analytics-eu.tactilews.com,top_1m,stevenblack
analytics-events.inshorts.com,top_1m,stevenblack
analytics-ingestion.production-public.tubi.io,top_1m,stevenblack
analytics-ingress-global.bitmovin.com,top_1m,stevenblack
analytics-prod2.glance-internal.inmobi.com,top_1m,stevenblack
analytics-secure.dollargeneral.com,top_1m,stevenblack
analytics-server.gimbal.com,top_1m,stevenblack
analytics-sg.tiktok.com,top_1m,stevenblack
analytics-static.ugc.bazaarvoice.com,top_1m,stevenblack
analytics-tcp.mintegral.net,top_1m,stevenblack
analytics-tracker.thescore.com,top_1m,stevenblack
analytics.163.com,top_1m,stevenblack
analytics.ad.daum.net,top_1m,stevenblack
analytics.analytics-egain.com,top_1m,stevenblack
analytics.archive.org,top_1m,stevenblack
analytics.arz.at,top_1m,stevenblack
analytics.aweber.com,top_1m,stevenblack
analytics.binaryfortress.com,top_1m,stevenblack
analytics.bitrix.info,top_1m,stevenblack
analytics.capitalgroup.com,top_1m,stevenblack
analytics.chase.com,top_1m,stevenblack
analytics.cibc.com,top_1m,stevenblack
analytics.clickdimensions.com,top_1m,stevenblack
analytics.console.aws.a2z.com,top_1m,stevenblack
analytics.data.lloydsbankinggroup.com,top_1m,stevenblack
analytics.directenergy.com,top_1m,stevenblack
analytics.edgekey.net,top_1m,stevenblack
analytics.explus.vn,top_1m,stevenblack
analytics.ff.avast.com,top_1m,stevenblack
analytics.foresee.com,top_1m,stevenblack
analytics.getshogun.com,top_1m,stevenblack
analytics.gismart.xyz,top_1m,stevenblack
analytics.glance.inmobi.com,top_1m,stevenblack
analytics.global.sky.com,top_1m,stevenblack
analytics.google.com,top_1m,stevenblack
analytics.htmedia.in,top_1m,stevenblack
analytics.ihg.com,top_1m,stevenblack
analytics.inlinemanual.com,top_1m,stevenblack
analytics.intelliscapesolutions.com,top_1m,stevenblack
analytics.justuno.com,top_1m,stevenblack
analytics.kaltura.com,top_1m,stevenblack
analytics.kidoz.net,top_1m,stevenblack
analytics.kongregate.io,top_1m,stevenblack
analytics.liftoff.io,top_1m,stevenblack
analytics.locallogic.co,top_1m,stevenblack
analytics.localytics.com,top_1m,stevenblack
analytics.lucid.app,top_1m,stevenblack
analytics.mailmunch.co,top_1m,stevenblack
analytics.map.qq.com,top_1m,stevenblack
analytics.metalocator.com,top_1m,stevenblack
analytics.metrix.ir,top_1m,stevenblack
analytics.mobile-cdn.walmart.com.akadns.net,top_1m,stevenblack
analytics.mobile.walmart.com,top_1m,stevenblack
analytics.navyfederal.org,top_1m,stevenblack
analytics.nike.com,top_1m,stevenblack
analytics.nova.foxsports.com,top_1m,stevenblack
analytics.ntlc.com.vn,top_1m,stevenblack
analytics.picsart.com,top_1m,stevenblack
analytics.pinterest.com,top_1m,stevenblack
analytics.pnc.com,top_1m,stevenblack
analytics.query.yahoo.com,top_1m,stevenblack
analytics.rayjump.com,top_1m,stevenblack
analytics.reliant.com,top_1m,stevenblack
analytics.santander.co.uk,top_1m,stevenblack
analytics.shareaholic.com,top_1m,stevenblack
analytics.shein.com,top_1m,stevenblack
analytics.sitewit.com,top_1m,stevenblack
analytics.slashdotmedia.com,top_1m,stevenblack
analytics.sleeknote.com,top_1m,stevenblack
analytics.strava.com,top_1m,stevenblack
analytics.supplyframe.com,top_1m,stevenblack
analytics.swiggy.com,top_1m,stevenblack
analytics.tactilews.com,top_1m,stevenblack
analytics.tiktok.com,top_1m,stevenblack
analytics.tresensa.com,top_1m,stevenblack
analytics.twitter.com,top_1m,stevenblack
analytics.ubs.com,top_1m,stevenblack
analytics.underarmour.com,top_1m,stevenblack
analytics.xl.pt,top_1m,stevenblack
analytics.yahoo.com,top_1m,stevenblack
analytics.yolacdn.net,top_1m,stevenblack
analytics.yomedia.vn,top_1m,stevenblack
analytics.zapps.me,top_1m,stevenblack
analytics.ziftsolutions.com,top_1m,stevenblack
analyticsnew.overwolf.com,top_1m,stevenblack
analyticsresults.datev.de,top_1m,stevenblack
analyticssystems.net,tranco|top_1m,stevenblack
analyzer54.fc2.com,top_1m,stevenblack
and-ads.pulse.weatherbug.net,top_1m,stevenblack
and.vn,vietnam_whitelist,hagezi
android.bugly.qq.com,top_1m,stevenblack
andromeda.iad-01.braze.com,top_1m,stevenblack
anfamoto.org,top_1m,hagezi
angieslist.tt.omtrdc.net,top_1m,stevenblack
anhhungphat.vn,vietnam_whitelist,hagezi|tempest_phishing
aniview.com,tranco|top_1m,stevenblack
aniview.com.edgekey.net,top_1m,stevenblack
anj.vn,vietnam_whitelist,hagezi
anpmnmxo.biz,tranco|top_1m,hagezi
anrdoezrs.net,tranco|top_1m,stevenblack
answers.quantarchive.com,top_1m,tempest_phishing
ant.com.vn,vietnam_whitelist,hagezi|phishtank|phishing_army
antenna.ayads.co,top_1m,stevenblack
anthaigroup.vn,vietnam_whitelist,hagezi
anthill.vn,vietnam_whitelist,stevenblack
antimoney-laundering.org,top_1m,hagezi
antiphishing.biz,tranco,tempest_phishing
ants.vn,vietnam_whitelist,stevenblack
anycast.adnxs.com,top_1m,stevenblack
anylist.c.appier.net,top_1m,stevenblack
anymind360.com,tranco|top_1m,stevenblack
anz.rd.rakuten.co.jp,top_1m,stevenblack
aorta.clickagy.com,top_1m,stevenblack
ap-northeast-1.event.prod.bidr.io,top_1m,stevenblack
ap.adups.com,top_1m,stevenblack
ap.lijit.com,top_1m,stevenblack
ap.octopuspop.com,top_1m,stevenblack
apc.socdm.com,top_1m,stevenblack
apdc3n.adpushup.com,top_1m,stevenblack
apeci.com.vn,vietnam_whitelist,hagezi
apex.go.sonobi.com,top_1m,stevenblack
api-2-0.spot.im,top_1m,stevenblack
api-a.op-mobile.opera.com,top_1m,stevenblack
api-gateway-prod.com,tranco,hagezi
api-gdpr.voodoo-tech.io,top_1m,stevenblack
api-h.outgrow.co,top_1m,stevenblack
api-js.mixpanel.com,top_1m,stevenblack
api-live.outgrow.co,top_1m,stevenblack
api-logdev.sohatv.vn,top_1m,stevenblack
api-n.outgrow.co,top_1m,stevenblack
api-sdk.datadome.co,top_1m,stevenblack
api-telemetry.servers.getgo.com,top_1m,stevenblack
api-v3.tinypass.com,top_1m,stevenblack
api-visitor-analytics.intercom.com,top_1m,stevenblack
api.ad.intl.xiaomi.com,top_1m,stevenblack
api.ad.smaato.net,top_1m,stevenblack
api.ad.xiaomi.com,top_1m,stevenblack
api.adcalls.nl,top_1m,stevenblack
api.addthis.com,top_1m,stevenblack
api.adfly.vn,vietnam_whitelist,stevenblack
api.adfurikun.jp,top_1m,stevenblack
api.adnz.co,top_1m,stevenblack
api.adtimaserver.vn,top_1m,stevenblack
api.affiliations.site,top_1m,stevenblack
api.amplitude.com,top_1m,stevenblack
api.applink.mob.com,top_1m,stevenblack
api.appodealx.com,top_1m,stevenblack
api.appsflyer.com,top_1m,stevenblack
api.apptentive.com,top_1m,stevenblack
api.apsalar.com,top_1m,stevenblack
api.arity.com,top_1m,stevenblack
api.attentivemobile.com,top_1m,stevenblack
api.b2c.com,top_1m,stevenblack
api.bitmango.com,top_1m,stevenblack
api.bluecore.com,top_1m,stevenblack
api.boomtrain.com,top_1m,stevenblack
api.bounceexchange.com,top_1m,stevenblack
api.branch.io,top_1m,stevenblack
api.brs.intl.miui.com,top_1m,stevenblack
api.bugfender.com,top_1m,stevenblack
api.bugsee.com,top_1m,stevenblack
api.chartbeat.com,top_1m,stevenblack
api.cleverpush.com,top_1m,stevenblack
api.company-target.com,top_1m,stevenblack
api.connecto.io,top_1m,stevenblack
api.cxense.com,top_1m,stevenblack
api.dable.io,top_1m,stevenblack
api.demandbase.com,top_1m,stevenblack
api.eagllwin.com,top_1m,stevenblack
api.eu.amplitude.com,top_1m,stevenblack
api.exc.mob.com,top_1m,stevenblack
api.fpjs.io,top_1m,stevenblack
api.fyber.com,top_1m,stevenblack
api.gameanalytics.com,top_1m,stevenblack
api.getdrip.com,top_1m,stevenblack
api.glance.inmobi.com,top_1m,stevenblack
api.huqindustries.co.uk,top_1m,stevenblack
api.ibeat-analytics.com,top_1m,stevenblack
api.immomo.com,top_1m,stevenblack
api.indicative.com,top_1m,stevenblack
api.infinario.com,top_1m,stevenblack
api.intellimize.co,top_1m,stevenblack
api.intentiq.com,top_1m,stevenblack
api.iperceptions.com,top_1m,stevenblack
api.ipinfodb.com,top_1m,stevenblack
api.ipstack.com,top_1m,stevenblack
api.iterable.com,top_1m,stevenblack
api.keen.io,top_1m,stevenblack
api.kochava.com,top_1m,stevenblack
api.lab.amplitude.com,top_1m,stevenblack
api.leadpages.io,top_1m,stevenblack
api.leanplum.com,top_1m,stevenblack
api.locallogic.co,top_1m,stevenblack
api.lytics.io,top_1m,stevenblack
api.maropost.com,top_1m,stevenblack
api.mixpanel.com,top_1m,stevenblack
api.mobadvent.com,top_1m,stevenblack
api.mobula.sdk.duapps.com,top_1m,stevenblack
api.monedata.io,top_1m,stevenblack
api.monetate.net,top_1m,stevenblack
api.moneyoyo.org,top_1m,stevenblack
api.my-ip.io,top_1m,hagezi
api.nextgen.guardianapps.co.uk,top_1m,stevenblack
api.optmnstr.com,top_1m,stevenblack
api.otherlevels.com,top_1m,stevenblack
api.parse.com,top_1m,stevenblack
api.parsely.com,top_1m,stevenblack
api.permutive.com,top_1m,stevenblack
api.player.xcal.tv,top_1m,stevenblack
api.popin.cc,top_1m,stevenblack
api.pubnative.net,top_1m,stevenblack
api.purpleads.io,top_1m,stevenblack
api.pushnami.com,top_1m,stevenblack
api.pushwoosh.com,top_1m,stevenblack
api.quantumgraph.com,top_1m,stevenblack
api.radar.io,top_1m,stevenblack
api.ranking.rakuten.co.jp,top_1m,stevenblack
api.receptivity.io,top_1m,stevenblack
api.reftagger.com,top_1m,stevenblack
api.rlcdn.com,top_1m,stevenblack
api.rollbar.com,top_1m,stevenblack
api.rqmob.com,top_1m,stevenblack
api.rudderlabs.com,top_1m,stevenblack
api.sail-personalize.com,top_1m,stevenblack
api.saypromo.net,top_1m,stevenblack
api.sdk.zadn.vn,top_1m,stevenblack
api.sec.intl.miui.com,top_1m,stevenblack
api.secondstreetapp.com,top_1m,stevenblack
api.segment.io,top_1m,stevenblack
api.sentiance.com,top_1m,stevenblack
api.setting.intl.miui.com,top_1m,stevenblack
api.share.mob.com,top_1m,stevenblack
api.shopmy.us,top_1m,phishtank|phishing_army
api.smartnews-ads.com,top_1m,stevenblack
api.splkmobile.com,top_1m,stevenblack
api.sprig.com,top_1m,stevenblack
api.survicate.com,top_1m,stevenblack
api.swrve.com,top_1m,stevenblack
api.taboola.com,top_1m,stevenblack
api.taplytics.com,top_1m,stevenblack
api.tappx.com,top_1m,stevenblack
api.tapsell.ir,top_1m,stevenblack
api.tapstream.com,top_1m,stevenblack
api.target2sell.com,top_1m,stevenblack
api.telegram.org,top_1m,phishtank
api.theadex.com,top_1m,stevenblack
api.trackuity.com,top_1m,stevenblack
api.tvpage.com,top_1m,stevenblack
api.uca.cloud.unity3d.com,top_1m,stevenblack
api.us-east-1.aiv-delivery.net,top_1m,stevenblack
api.usabilla.com,top_1m,stevenblack
api.verify.mob.com,top_1m,stevenblack
api.vidora.com,top_1m,stevenblack
api.viglink.com,top_1m,stevenblack
api.vodus.com,top_1m,stevenblack
api.vungle.com,top_1m,stevenblack
api.w.inmobi.com,top_1m,stevenblack
api.webengage.com,top_1m,stevenblack
api.webpush.jp,top_1m,stevenblack
api.widget.zalo.me,top_1m,stevenblack
api.wipmania.com,top_1m,stevenblack
api.wonderpush.com,top_1m,stevenblack
api.yieldlove-ad-serving.net,top_1m,stevenblack
api.zanox.com,top_1m,stevenblack
api16-access-gcp.pangle.io,top_1m,stevenblack
api16-access-sg.pangle.io,top_1m,stevenblack
api16-access-ttp.tiktokpangle.us,top_1m,stevenblack
api16-access-wf-sg.pangle.io,top_1m,stevenblack
api16-dual-event-sg2.pangle.io,top_1m,stevenblack
api2.amplitude.com,top_1m,stevenblack
api2.appsflyer.com,top_1m,stevenblack
api2.branch.io,top_1m,stevenblack
api2.poperblocker.com,top_1m,stevenblack
api2.restartad.com,top_1m,stevenblack
api3.siftscience.com,top_1m,stevenblack
api4.my-ip.io,top_1m,hagezi
api6.agilone.com,top_1m,stevenblack
api8.agilone.com,top_1m,stevenblack
apicosdk.onemt.co,top_1m,stevenblack
apicssdk.onemt.co,top_1m,stevenblack
apinas.nct.vn,vietnam_whitelist,stevenblack
apis.adbro.me,top_1m,stevenblack
apis.cyberprotector.online,top_1m,hagezi
apis.google.com,top_1m,phishtank
apiservices.krxd.net,top_1m,stevenblack
apitm.toolmatrix.plus,top_1m,stevenblack
apiv2.moengage.com,top_1m,stevenblack
apk.alextyler.st,top_1m,hagezi
apkevery.com,top_1m,hagezi
apkmirror.com,tranco|top_1m,phishtank
apkshub.com,tranco|top_1m,tempest_phishing
apnx-match.dotomi.com,top_1m,stevenblack
apolloprogram.io,tranco|top_1m,stevenblack
app-6b7903104cffc647.mobileapi.usebutton.com,top_1m,stevenblack
app-7101fcd60945d6ec.mobileapi.usebutton.com,top_1m,stevenblack
app-ab04.marketo.com,top_1m,stevenblack
app-ab06.marketo.com,top_1m,stevenblack
app-ab21.marketo.com,top_1m,stevenblack
app-ab23.marketo.com,top_1m,stevenblack
app-ab24.marketo.com,top_1m,stevenblack
app-ab26.marketo.com,top_1m,stevenblack
app-ab28.marketo.com,top_1m,stevenblack
app-ab30.marketo.com,top_1m,stevenblack
app-aba.marketo.com,top_1m,stevenblack
app-adforce.jp,top_1m,stevenblack
app-analytics-v2.snapchat.com,top_1m,stevenblack
app-analytics.snapchat.com,top_1m,stevenblack
app-lon03.marketo.com,top_1m,stevenblack
app-lon04.marketo.com,top_1m,stevenblack
app-lon05.marketo.com,top_1m,stevenblack
app-lon07.marketo.com,top_1m,stevenblack
app-lon08.marketo.com,top_1m,stevenblack
app-measurement.com,tranco|top_1m,stevenblack
app-na1.hubspotdocuments.com,top_1m,phishtank|phishing_army
app-sj01.marketo.com,top_1m,stevenblack
app-sj02.marketo.com,top_1m,stevenblack
app-sj06.marketo.com,top_1m,stevenblack
app-sj07.marketo.com,top_1m,stevenblack
app-sj13.marketo.com,top_1m,stevenblack
app-sj14.marketo.com,top_1m,stevenblack
app-sj16.marketo.com,top_1m,stevenblack
app-sj21.marketo.com,top_1m,stevenblack
app-sj24.marketo.com,top_1m,stevenblack
app-sj28.marketo.com,top_1m,stevenblack
app-sjh.marketo.com,top_1m,stevenblack
app-sjn.marketo.com,top_1m,stevenblack
app.adjust.com,top_1m,stevenblack
app.adjust.net.in,top_1m,stevenblack
app.adjust.world,top_1m,stevenblack
app.adroll.com,top_1m,stevenblack
app.aflink.com,top_1m,stevenblack
app.appsflyer.com,top_1m,stevenblack
app.box.com,top_1m,phishtank
app.cdn.lookbookhq.com,top_1m,stevenblack
app.cgd.pt,top_1m,phishtank
app.cision.com,top_1m,stevenblack
app.datorama.com,top_1m,stevenblack
app.enhancv.com,top_1m,phishtank
app.flipsnack.com,top_1m,hagezi|phishtank
app.flowcode.com,top_1m,phishtank
app.getbeamer.com,top_1m,phishtank
app.getwoohoo.com,top_1m,stevenblack
app.hellosign.com,top_1m,phishtank
app.hstatic.net,top_1m,stevenblack
app.hubspot.com,top_1m,phishtank
app.jotform.com,top_1m,phishtank
app.loanspq.com,top_1m,hagezi|phishtank
app.marketo.com,top_1m,stevenblack
app.matheranalytics.com,top_1m,stevenblack
app.meltwater.com,top_1m,stevenblack
app.networkad.net,top_1m,stevenblack
app.optimizely.com,top_1m,stevenblack
app.pandadoc.com,top_1m,phishtank
app.pendo.io,top_1m,stevenblack
app.powerbi.com,top_1m,phishtank
app.pulsatehq.com,top_1m,stevenblack
app.push-ad.com,top_1m,stevenblack
app.ramp.com,top_1m,phishtank
app.rdstation.email,top_1m,tempest_phishing
app.segment.com,top_1m,stevenblack
app.smartsheet.com,top_1m,phishtank
app.us.adjust.com,top_1m,stevenblack
app.wootric.com,top_1m,stevenblack
app.yesware.com,top_1m,stevenblack
app.yieldify.com,top_1m,stevenblack
app2.salesmanago.pl,top_1m,stevenblack
appad-api-01.perfectcorp.com,top_1m,stevenblack
appbaqend.com,tranco|top_1m,stevenblack
appboy-images.com,tranco|top_1m,stevenblack
appboy.com,tranco|top_1m,stevenblack
appboycdn.com,tranco|top_1m,stevenblack
appclick.rqmob.com,top_1m,stevenblack
appconfig.cmgdigital.com,top_1m,stevenblack
appdump.nie.easebar.com,top_1m,stevenblack
appia.com,tranco|top_1m,stevenblack
appie.com,top_1m,stevenblack
appier.net,tranco|top_1m,stevenblack
appinfo.adop.cc,top_1m,stevenblack
apple.comscoreresearch.com,top_1m,stevenblack
appliedmachinery.com.au,top_1m,tempest_phishing
appliedsemantics.com,top_1m,stevenblack
applift-a.apptornado.com,top_1m,stevenblack
applink.mob.com,top_1m,stevenblack
appload.ingest.crittercism.com,top_1m,stevenblack
applog.camera360.com,top_1m,stevenblack
applog.matrix.easebar.com,top_1m,stevenblack
applog.uc.cn,top_1m,stevenblack
applogios.uc.cn,top_1m,stevenblack
applovin.com,tranco|top_1m,stevenblack
applovin2-asia-imp.aarki.net,top_1m,stevenblack
applvn.com,tranco|top_1m,stevenblack
apply.freshstartinfo.org,top_1m,hagezi
appmontize.gotrackier.com,top_1m,stevenblack
appnext.com,tranco|top_1m,stevenblack
appnexus-partners.tremorhub.com,top_1m,stevenblack
appnexus.com,tranco|top_1m,stevenblack
appodeal.com,tranco|top_1m,stevenblack
apponic.com,tranco|top_1m,stevenblack
apps.admob.com,top_1m,stevenblack
apps.nexus.bazaarvoice.com,top_1m,stevenblack
apps.nielsen.com,top_1m,stevenblack
appsflyer.com,tranco|top_1m,stevenblack
appsontrcks.com,top_1m,hagezi
appsrv.display.io,top_1m,stevenblack
apptornado.com,tranco|top_1m,stevenblack
appvetlogy.com,tranco,tempest_phishing
aprod.scopely.io,top_1m,stevenblack
apsalar.com,top_1m,stevenblack
apsconsultant.vn,vietnam_whitelist,hagezi|tempest_phishing
apsoutheast-match.deepintent.com,top_1m,stevenblack
aptabase.com,top_1m,stevenblack
apture.com,top_1m,stevenblack
apu.samsungelectronics.com,top_1m,stevenblack
apvdr.com,top_1m,stevenblack
apzzls.biz,top_1m,hagezi
aqle3.com,tranco|top_1m,hagezi
aqt.adalliance.io,top_1m,stevenblack
ar-gmtdmp.mookie1.com,top_1m,stevenblack
ar.hao123.com,top_1m,stevenblack
aralego.com,tranco|top_1m,stevenblack
ardrone.swoop.com,top_1m,stevenblack
arena.vn,vietnam_whitelist,hagezi|tempest_phishing|vietnam_blacklist
arg.atomex.net,top_1m,stevenblack
argo.svcmot.com,top_1m,stevenblack
ariane.abtasty.com,top_1m,stevenblack
armyeitaas.sharepoint-mil.us,top_1m,vietnam_blacklist
ars.electronica.art,top_1m,tempest_phishing
art.com,tranco|top_1m,phishtank
artexport.com.vn,vietnam_whitelist,hagezi|tempest_phishing
artisteer.com,tranco,phishtank
as-eb2.3lift.com,top_1m,stevenblack
as-sec.casalemedia.com,top_1m,stevenblack
as-tlx.3lift.com,top_1m,stevenblack
as.adwise.bg,top_1m,stevenblack
as.casalemedia.com,top_1m,stevenblack
as.criteo.com,top_1m,stevenblack
as.criteo.net,top_1m,stevenblack
as.innity.com,top_1m,stevenblack
as.jivox.com,top_1m,stevenblack
as.realclick.vn,top_1m,stevenblack
as.sexad.net,top_1m,stevenblack
as00.estara.com,top_1m,stevenblack
asadcdn.com,tranco|top_1m,stevenblack
asangroup.vn,vietnam_whitelist,hagezi
ascribe.rqmob.com,top_1m,stevenblack
ase.clmbtech.com,top_1m,stevenblack
ash.creativecdn.com,top_1m,stevenblack
asia-comonrt-stsdk.vivoglobal.com,top_1m,stevenblack
asia-comort-stsdk.vivoglobal.com,top_1m,stevenblack
asia-ex-adlog.vivoglobal.com,top_1m,stevenblack
asia-exstsdk.vivoglobal.com,top_1m,stevenblack
asia-monitor-stsdk.vivoglobal.com,top_1m,stevenblack
asia-onrt-stsdk.vivoglobal.com,top_1m,stevenblack
asia-ort-stsdk.vivoglobal.com,top_1m,stevenblack
asia-pnrt-stsdk.vivoglobal.com,top_1m,stevenblack
asia-prt-stsdk.vivoglobal.com,top_1m,stevenblack
asia-stsdk.vivoglobal.com,top_1m,stevenblack
asia.adform.net,top_1m,stevenblack
asia.creativecdn.com,top_1m,stevenblack
asia.seadform.net,top_1m,stevenblack
askdriver.com,tranco|top_1m,stevenblack
aso1.net,tranco|top_1m,stevenblack
asset.pagefair.net,top_1m,stevenblack
assets-jpcust.jwpsrv.com,top_1m,stevenblack
assets-v2.yieldify.com,top_1m,stevenblack
assets.abbi.io,top_1m,stevenblack
assets.adnuntius.com,top_1m,stevenblack
assets.adobe.com,top_1m,phishtank
assets.applovin.com,top_1m,stevenblack
assets.bounceexchange.com,top_1m,stevenblack
assets.connatix.com,top_1m,stevenblack
assets.customer.io,top_1m,stevenblack
assets.gunosy.com,top_1m,stevenblack
assets.iterable.com,top_1m,stevenblack
assets.kampyle.com,top_1m,stevenblack
assets.kochava.com,top_1m,stevenblack
assets.mantisadnetwork.com,top_1m,stevenblack
assets.minutemediacdn.com,top_1m,stevenblack
assets.narvar.com,top_1m,stevenblack
assets.privy.com,top_1m,stevenblack
assets.prod.leanplum.com,top_1m,stevenblack
assets.quantcount.com,top_1m,stevenblack
assets.rbl.ms,top_1m,stevenblack
assets.revcontent.com,top_1m,stevenblack
assets.soom.la,top_1m,stevenblack
assets.tapad.com,top_1m,stevenblack
assets.vidora.com,top_1m,stevenblack
assets.vlitag.com,top_1m,stevenblack
assets1.adroll.com,top_1m,stevenblack
assistjs.skimresources.com,top_1m,stevenblack
assoc-amazon.com,tranco|top_1m,stevenblack
assoc-amazon.jp,top_1m,stevenblack
astat.bugly.qq.com,top_1m,stevenblack
astrategy.beacon.qq.com,top_1m,stevenblack
asu.com.vn,vietnam_whitelist,hagezi
asumi.shinobi.jp,top_1m,stevenblack
aswpapius.com,tranco|top_1m,stevenblack
aswpsdkus.com,tranco|top_1m,stevenblack
async-px-eu.dynamicyield.com,top_1m,stevenblack
async-px.dynamicyield.com,top_1m,stevenblack
at-o.net,tranco|top_1m,stevenblack
at.atwola.com,top_1m,stevenblack
atdmt.com,tranco|top_1m,stevenblack
atedra.com,top_1m,stevenblack
ath.cx,tranco,vietnam_blacklist
athwartwhoafat.com,tranco|top_1m,stevenblack
atlassion.com,top_1m,hagezi
atmonline.com.vn,vietnam_whitelist,hagezi
atmonline.vn,vietnam_whitelist,hagezi
ats.rlcdn.com,top_1m,stevenblack
atspace.eu,top_1m,vietnam_blacklist
attentionantecedentsuperb.com,top_1m,hagezi
attr.appsflyer.com,top_1m,stevenblack
atwebpages.com,tranco|top_1m,hagezi
atwola.com,tranco|top_1m,stevenblack
au-gmtdmp.mookie1.com,top_1m,stevenblack
au.res.keymedia.com,top_1m,stevenblack
auctera.gotrackier.com,top_1m,stevenblack
auction-banner.unityads.unity3d.com,top_1m,stevenblack
auction-load.unityads.unity3d.com,top_1m,stevenblack
auction.unityads.unity3d.com,top_1m,stevenblack
aud.pubmatic.com,top_1m,stevenblack
audible.demdex.net,top_1m,stevenblack
audible.sc.omtrdc.net,top_1m,stevenblack
audid-api.taobao.com,top_1m,stevenblack
audienceexposure.com,top_1m,stevenblack
audiocodes.vn,vietnam_whitelist,hagezi
auspeed.vn,vietnam_whitelist,vietnam_blacklist
austin.logs.roku.com,top_1m,stevenblack
auth.split.io,top_1m,stevenblack
authbe.sec.intl.miui.com,top_1m,stevenblack
authorization-code-cdn.info,top_1m,hagezi
authorizednotifications.com,top_1m,tempest_phishing
autoads.asia,top_1m,stevenblack
autocomplete.demandbase.com,top_1m,stevenblack
autolike.com.vn,vietnam_whitelist,hagezi|vietnam_blacklist
autozone.com.102.122.2o7.net,top_1m,stevenblack
aux.fqtag.com,top_1m,stevenblack
avalaraprod.112.2o7.net,top_1m,stevenblack
avantlink.com,tranco|top_1m,stevenblack
avay.vn,vietnam_whitelist,hagezi
avd.innity.com,top_1m,stevenblack
avd.innity.net,top_1m,stevenblack
avidtrak.com,top_1m,stevenblack
avn.innity.com,top_1m,stevenblack
avnstore.vn,vietnam_whitelist,hagezi
avocet.io,top_1m,stevenblack
avowtech.mobileadstrk.com,top_1m,stevenblack
avp.innity.com,top_1m,stevenblack
aw.dw.impact-ad.jp,top_1m,stevenblack
awempire.com,top_1m,stevenblack
awin.com,tranco|top_1m,stevenblack
awin1.com,tranco|top_1m,stevenblack|phishtank
awltovhc.com,tranco|top_1m,stevenblack
aws-api.sail-personalize.com,top_1m,stevenblack
aws-oreg-cali-virg.ag.innovid.com.akadns.net,top_1m,stevenblack
aws-oregon-california-virginia.dts.innovid.com.akadns.net,top_1m,stevenblack
aws-oregon-jrtr.rtr.innovid.com.akadns.net,top_1m,stevenblack
aws-oregon-ohio-virginia.s.innovid.com.akadns.net,top_1m,stevenblack
awstrack.me,tranco|top_1m,stevenblack
axonix.com,tranco|top_1m,stevenblack
axp.zedo.com,top_1m,stevenblack
ay.delivery,tranco|top_1m,stevenblack
ayads.co,tranco|top_1m,stevenblack
azbuy.vn,vietnam_whitelist,hagezi
azlaw.com.vn,vietnam_whitelist,hagezi
b-code.liadm.com,top_1m,stevenblack
b-s.tercept.com,top_1m,stevenblack
b.6sc.co,top_1m,stevenblack
b.adnxs.com,top_1m,stevenblack
b.criteo.com,top_1m,stevenblack
b.de.inmobi.com,top_1m,stevenblack
b.fox.com,top_1m,stevenblack
b.grabo.bg,top_1m,stevenblack
b.logly.co.jp,top_1m,stevenblack
b.monetate.net,top_1m,stevenblack
b.ns1p.net,top_1m,stevenblack
b.scorecardresearch.com,top_1m,stevenblack
b.sharethrough.com,top_1m,stevenblack
b.sli-spark.com,top_1m,stevenblack
b.stats.paypal.com,top_1m,stevenblack
b.t.tailtarget.com,top_1m,stevenblack
b.videoamp.com,top_1m,stevenblack
b.wishabi.com,top_1m,stevenblack
b1-chidc2.zemanta.com,top_1m,stevenblack
b1-data.ads.heytapmobi.com,top_1m,stevenblack
b1-nydc1.zemanta.com,top_1m,stevenblack
b1sync.zemanta.com,top_1m,stevenblack
b2-data.ads.heytapmobi.com,top_1m,stevenblack
b2c.com,tranco|top_1m,stevenblack
b4a.app,top_1m,hagezi
b92.yahoo.co.jp,top_1m,stevenblack
b97.yahoo.co.jp,top_1m,stevenblack
ba.afl.rakuten.co.jp,top_1m,stevenblack
bacdauseafood.com.vn,vietnam_whitelist,hagezi
bachthaoduoc.vn,vietnam_whitelist,tempest_phishing
bacon-rumors.xyz,top_1m,hagezi
bacsise.vn,vietnam_whitelist,hagezi
baidu.com,tranco|top_1m,phishtank
baito.vn,vietnam_whitelist,tempest_phishing
bakhai.vn,vietnam_whitelist,tempest_phishing
bam.eu01.nr-data.net,top_1m,stevenblack
bam.nr-data.net,top_1m,stevenblack
bambooairlines.com.vn,vietnam_whitelist,vietnam_blacklist
bambooairways.com.vn,vietnam_whitelist,hagezi
bambooairways.vn,vietnam_whitelist,hagezi
bamtech.tt.omtrdc.net,top_1m,stevenblack
bandatnghiatrang.com.vn,vietnam_whitelist,hagezi
banei-keiba.or.jp,top_1m,phishtank|phishing_army
banglaixe.vn,vietnam_whitelist,hagezi
bankofamerica.tt.omtrdc.net,top_1m,stevenblack
banner.appsflyer.com,top_1m,stevenblack
banner.dspcdn.com,top_1m,stevenblack
banner.linksynergy.com,top_1m,stevenblack
banners.adfox.ru,top_1m,stevenblack
bannersnack.com,top_1m,stevenblack
banquetunarmedgrater.com,top_1m,stevenblack
baogiang.vn,vietnam_whitelist,hagezi
baohoang.com.vn,vietnam_whitelist,hagezi
baomuaban.vn,vietnam_whitelist,tempest_phishing
bapp.netlink-connect.com,top_1m,hagezi
baremetrics.com,top_1m,stevenblack
barilliance.net,top_1m,stevenblack
bat.bing.com,top_1m,stevenblack
bateco.com.vn,vietnam_whitelist,hagezi
bats.video.yahoo.com,top_1m,stevenblack
bayou.vn,vietnam_whitelist,hagezi
bc-ssb-iad.springserve.com,top_1m,stevenblack
bc.ad.daum.net,top_1m,stevenblack
bcdn-god.we-stats.com,top_1m,stevenblack
bcp.crwdcntrl.net,top_1m,stevenblack
bdapi-id.ads.heytapmobile.com,top_1m,stevenblack
bdapi.ads.oppomobile.com,top_1m,stevenblack
bdata.com.vn,vietnam_whitelist,hagezi
bdshungphat.vn,vietnam_whitelist,tempest_phishing
bdsm.pl,tranco,stevenblack
bdsnamlong.com.vn,vietnam_whitelist,hagezi|tempest_phishing
be.durationmedia.net,top_1m,stevenblack
bea4.v.fwmrm.net,top_1m,stevenblack
beachfront-match.dotomi.com,top_1m,stevenblack
beacon-api.aliyuncs.com,top_1m,stevenblack
beacon-cdn-custom.walmart.com.akadns.net,top_1m,stevenblack
beacon-cdn.walmart.com.akadns.net,top_1m,stevenblack
beacon-nf.rubiconproject.com,top_1m,stevenblack
beacon-nf.rubiconproject.net.akadns.net,top_1m,stevenblack
beacon.deepintent.com,top_1m,stevenblack
beacon.errorception.com,top_1m,stevenblack
beacon.krxd.net,top_1m,stevenblack
beacon.lynx.cognitivlabs.com,top_1m,stevenblack
beacon.my.salesforce.com,top_1m,stevenblack
beacon.qq.com,top_1m,stevenblack
beacon.rallydev.com,top_1m,stevenblack
beacon.riskified.com,top_1m,stevenblack
beacon.scorecardresearch.com,top_1m,stevenblack
beacon.shazam.com,top_1m,stevenblack
beacon.sina.com.cn,top_1m,stevenblack
beacon.sojern.com,top_1m,stevenblack
beacon.taboola.com,top_1m,stevenblack
beacon.tru.am,top_1m,stevenblack
beacon.walmart.ca,top_1m,stevenblack
beacon.walmart.com,top_1m,stevenblack
beacon.wikia-services.com,top_1m,stevenblack
beacon.ztgame.com,top_1m,stevenblack
beaconin2.notinote.me,top_1m,stevenblack
beacons.ai,tranco|top_1m,phishtank
beacons.extremereach.io,top_1m,stevenblack
beacons.gcp.gvt2.com,top_1m,stevenblack
beacons.gvt2.com,top_1m,stevenblack
beacons2.gvt2.com,top_1m,stevenblack
beacons3.gvt2.com,top_1m,stevenblack
beacons4.gvt2.com,top_1m,stevenblack
beacons5.gvt2.com,top_1m,stevenblack
beautyhairvietnam.com.vn,vietnam_whitelist,hagezi
beeglivesex.com,tranco,stevenblack
beesoft.vn,vietnam_whitelist,hagezi
beijlka.com,top_1m,hagezi|phishtank|phishing_army
bellsyscdn.com,top_1m,hagezi
benhvienthanglong.vn,vietnam_whitelist,hagezi
benmax.vn,vietnam_whitelist,hagezi
beone.vn,vietnam_whitelist,hagezi|vietnam_blacklist
bestbuy.7tiv.net,top_1m,stevenblack
bestbuy.demdex.net,top_1m,stevenblack
bestmeds4you.com,top_1m,hagezi
beta.kaprila.com,top_1m,stevenblack
betwesj.top,top_1m,hagezi
bf20578xco.bf.dynatrace.com,top_1m,stevenblack
bfast.com,tranco,stevenblack
bfmio.com,tranco|top_1m,stevenblack
bg.search.etargetnet.com,top_1m,stevenblack
bh.contextweb.com,top_1m,stevenblack
bhcch2940637fafa.com,top_1m,hagezi
bi.medscape.com,top_1m,stevenblack
bid.contextweb.com,top_1m,stevenblack
bid.dr.socdm.com,top_1m,stevenblack
bid.g.doubleclick.net,top_1m,stevenblack
bid.socdm.com,top_1m,stevenblack
bid.sxp.smartclip.net,top_1m,stevenblack
bid.underdog.media,top_1m,stevenblack
bidagent.xad.com,top_1m,stevenblack
bidder.criteo.com,top_1m,stevenblack
biddingx.com,top_1m,stevenblack
biddr.brealtime.com,top_1m,stevenblack
bidgear.com,top_1m,stevenblack
bidpapers.com,tranco|top_1m,stevenblack
bidr.io,tranco|top_1m,stevenblack
bids.concert.io,top_1m,stevenblack
bidstream.advertserve.com,top_1m,stevenblack
bidswitch.net,tranco|top_1m,stevenblack
bidvertiser.com,tranco,stevenblack
bietthutayhotay.com.vn,vietnam_whitelist,tempest_phishing
bigc.net.vn,vietnam_whitelist,vietnam_blacklist
bigdata.adsunflower.com,top_1m,stevenblack
bigdata.advmob.cn,top_1m,stevenblack
bimg.abv.bg,top_1m,stevenblack
bimo.vn,vietnam_whitelist,hagezi|vietnam_blacklist
binance.info,tranco|top_1m,phishtank
bing.com,vietnam_whitelist|tranco|top_1m,phishtank
bingads.microsoft.com,top_1m,stevenblack
binhtichap.com.vn,vietnam_whitelist,hagezi
binomo.com,tranco,stevenblack
bio-link.se,tranco|top_1m,tempest_phishing
bio.site,tranco|top_1m,phishtank
bio.to,tranco,phishtank
bioinformatics.org,top_1m,phishtank
biolinky.co,tranco,hagezi|tempest_phishing|phishtank
bis.vidazoo.com,top_1m,stevenblack
biscotti.yektanet.com,top_1m,stevenblack
bisdr.vidazoo.com,top_1m,stevenblack
bit-guardian.com,top_1m,hagezi
bit.do,tranco,tempest_phishing|vietnam_blacklist
bit.ly,vietnam_whitelist|tranco|top_1m,phishtank|vietnam_blacklist
bitly.com.vn,vietnam_whitelist,vietnam_blacklist
bitly.cx,top_1m,phishtank|phishing_army
bitly.ws,tranco,tempest_phishing
bitmedianetwork.com,tranco,stevenblack
bizible.com,tranco|top_1m,stevenblack
bizographics.com,top_1m,stevenblack
bizrate.com,tranco|top_1m,stevenblack
bizzone.vn,vietnam_whitelist,hagezi
bj88jpn.com,tranco,hagezi
bk.mufg.jp,top_1m,phishtank
bkci.vn,vietnam_whitelist,tempest_phishing
blinq.me,tranco|top_1m,phishtank|phishing_army
blis.com,tranco|top_1m,stevenblack
blissfullyzebra.com,top_1m,stevenblack
blizzard.blueoxtech.com,top_1m,stevenblack
blockadsnot.com,tranco|top_1m,stevenblack
blog.livelog.biz,top_1m,stevenblack
blog.with2.net,top_1m,stevenblack
blogads.com,tranco|top_1m,stevenblack
blogherads.com,tranco|top_1m,stevenblack
blogroll.livedoor.net,top_1m,stevenblack
bls.adalliance.io,top_1m,stevenblack
blueair.com.vn,vietnam_whitelist,hagezi
bluecava.com,tranco|top_1m,stevenblack
blueconic.net,tranco|top_1m,stevenblack
blueeagle.com.vn,vietnam_whitelist,tempest_phishing
bluehamham.com,tranco,hagezi
bluekai.com,tranco|top_1m,stevenblack
bm.adentifi.com,top_1m,stevenblack
bmedia.justservingfiles.net,top_1m,stevenblack
bmmetrix.com,top_1m,stevenblack
bmn.vn,vietnam_whitelist,hagezi
bmwmotor.122.2o7.net,top_1m,stevenblack
bnebnedfdcprod.112.2o7.net,top_1m,stevenblack
bnebnefdcdev.112.2o7.net,top_1m,stevenblack
bo.goadservices.com,top_1m,stevenblack
bob.dmpxs.com,top_1m,stevenblack
bocastyle.com,top_1m,stevenblack
boffoadsapi.com,top_1m,stevenblack
boilingmadsoup.com,top_1m,stevenblack
bokepindoh.living,top_1m,hagezi
boldthrives.com,top_1m,hagezi
bom.so,tranco,vietnam_blacklist
bombetong.vn,vietnam_whitelist,hagezi
bongacams.com,tranco|top_1m,stevenblack
bongacash.com,tranco|top_1m,stevenblack
boom.abuse.st,top_1m,hagezi
boomtrain.com,tranco|top_1m,stevenblack
bootcss.com,tranco|top_1m,hagezi
borrowhourglass.com,top_1m,hagezi
botanyreadersettlement.com,top_1m,hagezi
botdealers.st,top_1m,hagezi
bounceexchange.com,tranco|top_1m,stevenblack
bpu.samsungelectronics.com,top_1m,stevenblack
br.pinterest.com,top_1m,phishtank
bracupgi.org,tranco,hagezi
bradycorporation.122.2o7.net,top_1m,stevenblack
brahe.apptimize.com,top_1m,stevenblack
brain.foresee.com,top_1m,stevenblack
brainberries.co,top_1m,vietnam_blacklist
brainient.com,top_1m,stevenblack
branch.io,tranco|top_1m,stevenblack
brand-display.com,tranco|top_1m,stevenblack
brand-sdk.kmsmep.com,top_1m,stevenblack
brands.kmsmep.com,top_1m,stevenblack
braze.com,tranco|top_1m,stevenblack
braze.eu,tranco|top_1m,stevenblack
breaktime.com.tw,top_1m,stevenblack
brealtime.com,top_1m,stevenblack
bridgetrack.com,top_1m,stevenblack
broadstreetads.com,tranco|top_1m,stevenblack
bronrt.stsdk.vivo.com.cn,top_1m,stevenblack
brort.stsdk.vivo.com.cn,top_1m,stevenblack
brothercafehoian.com.vn,vietnam_whitelist,tempest_phishing
browser-http-intake.logs.datadoghq.com,top_1m,stevenblack
browser-http-intake.logs.datadoghq.eu,top_1m,stevenblack
browser-intake-datadoghq.com,tranco|top_1m,stevenblack
browser.360.cn,top_1m,hagezi
browser.pipe.aria.microsoft.com,top_1m,stevenblack
brpnrt.stsdk.vivo.com.cn,top_1m,stevenblack
brprt.stsdk.vivo.com.cn,top_1m,stevenblack
bs-geo.dvgtm.akadns.net,top_1m,stevenblack
bs-wlb-uswest.dvgtm.akadns.net,top_1m,stevenblack
bs.serving-sys.com,top_1m,stevenblack
bs.yandex.ru,top_1m,stevenblack
bsi.com.vn,vietnam_whitelist,hagezi
bstats.org,tranco|top_1m,stevenblack
btc-net.bg,tranco|top_1m,hagezi
btglss.net,top_1m,stevenblack
btloader.com,tranco|top_1m,stevenblack
btlr.sharethrough.com,top_1m,stevenblack
bttn.io,tranco|top_1m,stevenblack
bttrack.com,tranco|top_1m,stevenblack
bubblyzucchini.com,top_1m,stevenblack
bucket.cdnwebcloud.com,top_1m,stevenblack
bugly.qq.com,top_1m,stevenblack
buigiaphat.com.vn,vietnam_whitelist,hagezi
bullionglidingscuttle.com,vietnam_whitelist|tranco|top_1m,stevenblack
bumpyardpro.com,top_1m,tempest_phishing
bushsurprising.com,top_1m,hagezi
businessnotice.org,top_1m,tempest_phishing
button-follow.zalo.me,top_1m,stevenblack
buttons-config.sharethis.com,top_1m,stevenblack
buy.tinypass.com,top_1m,stevenblack
buypillsonline24h.com,top_1m,hagezi
buysellads.com,tranco|top_1m,stevenblack
bwpsites.com,top_1m,hagezi
by.uservoice.com,top_1m,stevenblack
bypass.ad-stir.com,top_1m,stevenblack
bypass.jp,top_1m,stevenblack
byronbayaccommodations.com,top_1m,hagezi|tempest_phishing
byte-buff.com,top_1m,hagezi
c-eus.w.inmobi.com,top_1m,stevenblack
c.4dex.io,top_1m,stevenblack
c.aaxads.com,top_1m,stevenblack
c.ad-srv.co,top_1m,stevenblack
c.adsco.re,top_1m,stevenblack
c.amazon-adsystem.com,top_1m,stevenblack
c.betrad.com,top_1m,stevenblack
c.bigmir.net,top_1m,stevenblack
c.bing.com,top_1m,stevenblack
c.cfjump.com,top_1m,stevenblack
c.cintnetworks.com,top_1m,stevenblack
c.clicktale.net,top_1m,stevenblack
c.company-target.com,top_1m,stevenblack
c.data.mob.com,top_1m,stevenblack
c.evidon.com,top_1m,stevenblack
c.fqtag.com,top_1m,stevenblack
c.go-mpulse.net,top_1m,stevenblack
c.gumgum.com,top_1m,stevenblack
c.hit.ua,top_1m,stevenblack
c.hrzn-nxt.com,top_1m,stevenblack
c.imedia.cz,top_1m,stevenblack
c.jsrdn.com,top_1m,stevenblack
c.l.qq.com,top_1m,stevenblack
c.lytics.io,top_1m,stevenblack
c.mgid.com,top_1m,stevenblack
c.oracleinfinity.io.edgekey.net,top_1m,stevenblack
c.pub.network,top_1m,stevenblack
c.riskified.com,top_1m,stevenblack
c.seznam.cz,top_1m,stevenblack
c.statcounter.com,top_1m,stevenblack
c.supert.ag,top_1m,stevenblack
c.tpbid.com,top_1m,stevenblack
c.tvpixel.com,top_1m,stevenblack
c.w.inmobi.com,top_1m,stevenblack
c.webengage.com,top_1m,stevenblack
c0.adalyser.com,top_1m,stevenblack
c00162-dl.urbanairship.com,top_1m,stevenblack
c1.adform.net,top_1m,stevenblack
c1.rfihub.net,top_1m,stevenblack
c2.l.qq.com,top_1m,stevenblack
c2.qbk1.com,top_1m,stevenblack
c2.rfihub.net,top_1m,stevenblack
c2.taboola.com,top_1m,stevenblack
c212.net,tranco|top_1m,stevenblack
c2shb.pubgw.yahoo.com,top_1m,stevenblack
c2shb.ssp.yahoo.com,top_1m,stevenblack
c3.taboola.com,top_1m,stevenblack
c4d-cdn.adcolony.com,top_1m,stevenblack
c4dm.adcolony.com,top_1m,stevenblack
ca-conv.jp,tranco|top_1m,stevenblack
ca-gmtdmp.mookie1.com,top_1m,stevenblack
ca-lapresse-main.collector.snplow.net,top_1m,stevenblack
ca.iadsdk.apple.com,top_1m,stevenblack
cache-ha.pushwoosh.com,top_1m,stevenblack
cache-ssl.celtra.com,top_1m,stevenblack
cache.betweendigital.com,top_1m,stevenblack
cache.blozoo.info,top_1m,stevenblack
cache.nebula.phx3.secureserver.net,top_1m,tempest_phishing|phishtank
cache.send.microad.jp,top_1m,stevenblack
cack.vn,vietnam_whitelist,vietnam_blacklist
cadmus.script.ac,top_1m,stevenblack
cafico.com.vn,vietnam_whitelist,hagezi
cakeresume.com,tranco|top_1m,phishtank
calendar.google.com,top_1m,phishtank
callrail.com,tranco|top_1m,stevenblack
calypsocapsule.com,top_1m,stevenblack
cam.demdex.net,top_1m,stevenblack
cam4.com,tranco|top_1m,phishtank
campaign.adobe.com,top_1m,stevenblack
campsite.bio,tranco|top_1m,phishtank
camsoda.com,tranco|top_1m,stevenblack
camsoda1.com,top_1m,stevenblack
cana.vn,vietnam_whitelist,hagezi
canadian6cialis.top,top_1m,hagezi
canva-apps.cn,tranco,hagezi
caodangyduoctphcm.com.vn,vietnam_whitelist,hagezi
caorauducvan.vn,vietnam_whitelist,hagezi
capi.connatix.com,top_1m,stevenblack
capriceberth.com,top_1m,hagezi
caprofitx.com,tranco|top_1m,stevenblack
car.blog,tranco,hagezi
carambo.la,tranco|top_1m,stevenblack
carbonads.com,top_1m,stevenblack
carbonads.net,top_1m,stevenblack
cardinalhealth.122.2o7.net,top_1m,stevenblack
cardonline.vn,vietnam_whitelist,hagezi
cargillfeed.com.vn,vietnam_whitelist,hagezi
carinus.iad-03.braze.com,top_1m,stevenblack
carsarace.com,top_1m,stevenblack
cartstack.com,top_1m,stevenblack
cas.criteo.com,top_1m,stevenblack
casale-match.dotomi.com,top_1m,stevenblack
casalemedia.com,tranco|top_1m,stevenblack
casmp.adperfect.com,top_1m,stevenblack
cast.innity.com,top_1m,stevenblack
cat.fr3.eu.criteo.com,top_1m,phishtank
cataco.vn,vietnam_whitelist,hagezi
catalog.qc.coccoc.com,top_1m,stevenblack
catastropherectificationamusing.com,top_1m,hagezi
cavallo.vn,vietnam_whitelist,tempest_phishing|vietnam_blacklist
cavalry.vn,vietnam_whitelist,tempest_phishing
cb.sailthru.com,top_1m,stevenblack
cbb.vn,vietnam_whitelist,hagezi
cbla.vn,vietnam_whitelist,tempest_phishing
cbsi.demdex.net,top_1m,stevenblack
cc.adingo.jp,top_1m,stevenblack
cc.lbesec.com,top_1m,stevenblack
cc.swiftype.com,top_1m,stevenblack
ccc.sys.intl.xiaomi.com,top_1m,stevenblack
ccc.sys.miui.com,top_1m,stevenblack
ccgateway.net,tranco|top_1m,stevenblack
ccn2.vn,vietnam_whitelist,tempest_phishing
ccs.livejasmin.com,top_1m,stevenblack
ccwu.cc,tranco,hagezi
ccxj.opencoccoc.com,top_1m,stevenblack
cd.adition.com,top_1m,stevenblack
cd.connatix.com,top_1m,stevenblack
cd.ladsp.com,top_1m,stevenblack
cdc.112.2o7.net,top_1m,stevenblack
cdcjsc.vn,vietnam_whitelist,tempest_phishing
cdn-3.convertexperiments.com,top_1m,stevenblack
cdn-a.amazon-adsystem.com,top_1m,stevenblack
cdn-adn-https-new.mtgglobals.com,top_1m,stevenblack
cdn-adn-https.mtgglobals.com,top_1m,stevenblack
cdn-aka.ts.mtvnservices.com,top_1m,stevenblack
cdn-akamai.mookie1.com,top_1m,stevenblack
cdn-api.admost.com,top_1m,stevenblack
cdn-assets.prfct.cc,top_1m,stevenblack
cdn-cbc-v3.conductrics.com,top_1m,stevenblack
cdn-channels-pixel.ex.co,top_1m,stevenblack
cdn-eu.dynamicyield.com,top_1m,stevenblack
cdn-f.adsmoloco.com,top_1m,stevenblack
cdn-fluct.sh.adingo.jp,top_1m,stevenblack
cdn-gl.imrworldwide.com,top_1m,stevenblack
cdn-jp.gsecondscreen.com,top_1m,stevenblack
cdn-lb.vungle.akadns.net,top_1m,stevenblack
cdn-lb.vungle.com,top_1m,stevenblack
cdn-magiclinks.trackonomics.net,top_1m,stevenblack
cdn-otf-cas.prfct.cc,top_1m,stevenblack
cdn-prod.kampyle.com,top_1m,stevenblack
cdn-qc.coccoc.com,top_1m,stevenblack
cdn-resources.prfct.cc,top_1m,stevenblack
cdn-settings.appsflyersdk.com,top_1m,stevenblack
cdn-settings.segment.com,top_1m,stevenblack
cdn-stv.adgrx.com,top_1m,stevenblack
cdn-v3.conductrics.com,top_1m,stevenblack
cdn.3lift.com,top_1m,stevenblack
cdn.ad.plus,top_1m,stevenblack
cdn.ad4game.com,top_1m,stevenblack
cdn.adapex.io,top_1m,stevenblack
cdn.adbro.me,top_1m,stevenblack
cdn.adgrx.com,top_1m,stevenblack
cdn.adikteev.com,top_1m,stevenblack
cdn.adk2.com,top_1m,stevenblack
cdn.adligature.com,top_1m,stevenblack
cdn.admixer.net,top_1m,stevenblack
cdn.adnxs.com,top_1m,stevenblack
cdn.adop.asia,top_1m,stevenblack
cdn.adpushup.com,top_1m,stevenblack
cdn.adrta.com,top_1m,stevenblack
cdn.adsafeprotected.com,top_1m,stevenblack
cdn.adskeeper.co.uk,top_1m,stevenblack
cdn.adsninja.ca,top_1m,stevenblack
cdn.adspirit.de,top_1m,stevenblack
cdn.adswizz.com,top_1m,stevenblack
cdn.adtheorent.com,top_1m,stevenblack
cdn.advanseads.com,top_1m,stevenblack
cdn.advertserve.com,top_1m,stevenblack
cdn.adviad.com,top_1m,stevenblack
cdn.adx1.com,top_1m,stevenblack
cdn.amplitude.com,top_1m,stevenblack
cdn.appdynamics.com,top_1m,stevenblack
cdn.appnext.com,top_1m,stevenblack
cdn.appsflyer.com,top_1m,stevenblack
cdn.apvdr.com,top_1m,stevenblack
cdn.aralego.net,top_1m,stevenblack
cdn.as.amanad.adtdp.com,top_1m,stevenblack
cdn.atomex.net,top_1m,stevenblack
cdn.attn.tv,top_1m,stevenblack
cdn.autoads.asia,top_1m,stevenblack
cdn.avantisvideo.com,top_1m,stevenblack
cdn.avmws.com,top_1m,stevenblack
cdn.ayads.co,top_1m,stevenblack
cdn.bannerflow.com,top_1m,stevenblack
cdn.bannersnack.com,top_1m,stevenblack
cdn.betrad.com,top_1m,stevenblack
cdn.bidmatrixdsp.com,top_1m,stevenblack
cdn.bizible.com,top_1m,stevenblack
cdn.blisspointmedia.com,top_1m,stevenblack
cdn.bluebillywig.com,top_1m,stevenblack
cdn.blueconic.net,top_1m,stevenblack
cdn.boomtrain.com,top_1m,stevenblack
cdn.branch.io,top_1m,stevenblack
cdn.brandmetrics.com,top_1m,stevenblack
cdn.braze.eu,top_1m,stevenblack
cdn.brcdn.com,top_1m,stevenblack
cdn.brid.tv,top_1m,stevenblack
cdn.broadstreetads.com,top_1m,stevenblack
cdn.bttrack.com,top_1m,stevenblack
cdn.caprofitx.com,top_1m,stevenblack
cdn.carbonads.com,top_1m,stevenblack
cdn.civicscience.com,top_1m,stevenblack
cdn.clicktale.net,top_1m,stevenblack
cdn.clinch.co,top_1m,stevenblack
cdn.concert.io,top_1m,stevenblack
cdn.confiant-integrations.net,top_1m,stevenblack
cdn.connectad.io,top_1m,stevenblack
cdn.contentspread.net,top_1m,stevenblack
cdn.cookielaw.org,top_1m,stevenblack
cdn.cpmstar.com,top_1m,stevenblack
cdn.cquotient.com,top_1m,stevenblack
cdn.crowdtwist.com,top_1m,stevenblack
cdn.cxense.com,top_1m,stevenblack
cdn.cxense.com.edgekey.net,top_1m,stevenblack
cdn.decibelinsight.net,top_1m,stevenblack
cdn.deepintent.com,top_1m,stevenblack
cdn.destinilocators.com,top_1m,stevenblack
cdn.dimml.io,top_1m,stevenblack
cdn.discordapp.com,top_1m,urlhaus
cdn.districtm.ca,top_1m,stevenblack
cdn.districtm.io,top_1m,stevenblack
cdn.doubleverify.com,top_1m,stevenblack
cdn.dynamicyield.com,top_1m,stevenblack
cdn.easy-ads.com,top_1m,stevenblack
cdn.elasticad.net,top_1m,stevenblack
cdn.engine.4dsply.com,top_1m,stevenblack
cdn.engine.phn.doublepimp.com,top_1m,stevenblack
cdn.evergage.com,top_1m,stevenblack
cdn.exactag.com,top_1m,stevenblack
cdn.exelator.com,top_1m,stevenblack
cdn.fastclick.net,top_1m,stevenblack
cdn.firstimpression.io,top_1m,stevenblack
cdn.fivecdm.com,top_1m,stevenblack
cdn.flashtalking.com,top_1m,stevenblack
cdn.flashtalking.com.edgekey.net,top_1m,stevenblack
cdn.fqtag.com,top_1m,stevenblack
cdn.freshmarketer.com,top_1m,stevenblack
cdn.fuseplatform.net,top_1m,stevenblack
cdn.g5e.com,top_1m,stevenblack
cdn.geodns.tubemogul.com,top_1m,stevenblack
cdn.getsmartcontent.com,top_1m,stevenblack
cdn.gladly.com,top_1m,stevenblack
cdn.gmossp-sp.jp,top_1m,stevenblack
cdn.goftino.com,top_1m,stevenblack
cdn.hadronid.net,top_1m,stevenblack
cdn.heapanalytics.com,top_1m,stevenblack
cdn.iads.unity3d.com,top_1m,stevenblack
cdn.id5-sync.com,top_1m,stevenblack
cdn.indexww.com,top_1m,stevenblack
cdn.indicative.com,top_1m,stevenblack
cdn.innity.net,top_1m,stevenblack
cdn.inspectlet.com,top_1m,stevenblack
cdn.insurads.com,top_1m,stevenblack
cdn.intergi.com,top_1m,stevenblack
cdn.intergient.com,top_1m,stevenblack
cdn.izooto.com,top_1m,stevenblack
cdn.jampp.com,top_1m,stevenblack
cdn.jivox.com,top_1m,stevenblack
cdn.jsdelivr.net,top_1m,urlhaus
cdn.jst.ai,top_1m,stevenblack
cdn.justpremium.com,top_1m,stevenblack
cdn.justuno.com,top_1m,stevenblack
cdn.keywee.co,top_1m,stevenblack
cdn.krxd.net,top_1m,stevenblack
cdn.lfstmedia.com,top_1m,stevenblack
cdn.liftoff-creatives.io,top_1m,stevenblack
cdn.liftoff.io,top_1m,stevenblack
cdn.listrakbi.com,top_1m,stevenblack
cdn.locallogic.co,top_1m,stevenblack
cdn.logly.co.jp,top_1m,stevenblack
cdn.logrocket.com,top_1m,stevenblack
cdn.logrocket.io,top_1m,stevenblack
cdn.madkudu.com,top_1m,stevenblack
cdn.maropost.com,top_1m,stevenblack
cdn.mediavoice.com,top_1m,stevenblack
cdn.mercent.com,top_1m,stevenblack
cdn.metalocator.com,top_1m,stevenblack
cdn.mgid.com,top_1m,stevenblack
cdn.microad.jp,top_1m,stevenblack
cdn.ml314.com,top_1m,stevenblack
cdn.mmtro.com,top_1m,stevenblack
cdn.moengage.com,top_1m,stevenblack
cdn.mookie1.com,top_1m,stevenblack
cdn.mouseflow.com,top_1m,stevenblack
cdn.mplxtms.com,top_1m,stevenblack
cdn.mxpnl.com,top_1m,stevenblack
cdn.n.dynstc.com,top_1m,stevenblack
cdn.nativery.com,top_1m,stevenblack
cdn.nsimg.net,top_1m,stevenblack
cdn.onesignal.com,top_1m,stevenblack
cdn.onthe.io,top_1m,stevenblack
cdn.optimizely.com,top_1m,stevenblack
cdn.optoutadvertising.com,top_1m,stevenblack
cdn.orangeclickmedia.com,top_1m,stevenblack
cdn.otherlevels.com,top_1m,stevenblack
cdn.p-n.io,top_1m,stevenblack
cdn.pardot.com,top_1m,stevenblack
cdn.parsely.com,top_1m,stevenblack
cdn.permutive.app,top_1m,stevenblack
cdn.permutive.com,top_1m,stevenblack
cdn.petametrics.com,top_1m,stevenblack
cdn.playstream.media,top_1m,stevenblack
cdn.popcash.net,top_1m,stevenblack
cdn.prod.uidapi.com,top_1m,stevenblack
cdn.provesrc.com,top_1m,stevenblack
cdn.pushcrew.com,top_1m,stevenblack
cdn.pushwoosh.com,top_1m,stevenblack
cdn.quantummetric.com,top_1m,stevenblack
cdn.rates.consumertrack.com,top_1m,stevenblack
cdn.resonate.com,top_1m,stevenblack
cdn.revcontent.com,top_1m,stevenblack
cdn.revjet.com,top_1m,stevenblack
cdn.rex.contents.rakuten.co.jp,top_1m,phishtank
cdn.rlcdn.com,top_1m,stevenblack
cdn.scarabresearch.com,top_1m,stevenblack
cdn.segment.com,top_1m,stevenblack
cdn.segment.io,top_1m,stevenblack
cdn.segmentify.com,top_1m,stevenblack
cdn.siftscience.com,top_1m,stevenblack
cdn.simpli.fi,top_1m,stevenblack
cdn.smartnews-ads.com,top_1m,stevenblack
cdn.socialannex.com,top_1m,stevenblack
cdn.speakol.com,top_1m,stevenblack
cdn.speedcurve.com,top_1m,stevenblack
cdn.speedshiftmedia.com,top_1m,stevenblack
cdn.split.io,top_1m,stevenblack
cdn.stackadapt.com,top_1m,stevenblack
cdn.static.zdbb.net,top_1m,stevenblack
cdn.taboola.com,top_1m,stevenblack
cdn.tagcommander.com,top_1m,stevenblack
cdn.targetspot.com,top_1m,stevenblack
cdn.teads.tv,top_1m,stevenblack
cdn.teads.tv.edgekey.net,top_1m,stevenblack
cdn.tinypass.com,top_1m,stevenblack
cdn.topsrvimp.com,top_1m,stevenblack
cdn.tpdads.com,top_1m,stevenblack
cdn.trackjs.com,top_1m,stevenblack
cdn.trafficstars.com,top_1m,stevenblack
cdn.treasuredata.com,top_1m,stevenblack
cdn.trustcommander.net,top_1m,phishtank
cdn.tsyndicate.com,top_1m,stevenblack
cdn.tt.omtrdc.net,top_1m,stevenblack
cdn.tynt.com,top_1m,stevenblack
cdn.uc.atwola.com,top_1m,stevenblack
cdn.undertone.com,top_1m,stevenblack
cdn.usefathom.com,top_1m,stevenblack
cdn.userreport.com,top_1m,stevenblack
cdn.viglink.com,top_1m,stevenblack
cdn.watchingthat.net,top_1m,stevenblack
cdn.yektanet.com,top_1m,stevenblack
cdn.zmaticoo.com,top_1m,stevenblack
cdn1.extremereach.io,top_1m,stevenblack
cdn1.smartadserver.com,top_1m,stevenblack
cdn1.traffichaus.com,top_1m,stevenblack
cdn1.vntsm.com,top_1m,stevenblack
cdn18383040.ahacdn.me,top_1m,stevenblack
cdn1ht.traffichaus.com,top_1m,stevenblack
cdn2.cache.vn,top_1m,stevenblack
cdn2.extremereach.io,top_1m,stevenblack
cdn2.inner-active.mobi,top_1m,stevenblack
cdn2.teads.tv,top_1m,stevenblack
cdn2.teads.tv.edgekey.net,top_1m,stevenblack
cdn3.doubleverify.com,top_1m,stevenblack
cdn3.optimizely.com,top_1m,stevenblack
cdn4.buysellads.net,top_1m,stevenblack
cdn4.mxpnl.com,top_1m,stevenblack
cdn4.userzoom.com,top_1m,stevenblack
cdn4ads.com,tranco|top_1m,stevenblack
cdn5.userzoom.com,top_1m,stevenblack
cdnappicons.appsflyer.com,top_1m,stevenblack
cdne.cpmstar.com,top_1m,stevenblack
cdnimg.izooto.com,top_1m,stevenblack
cdnjs.tvpage.com,top_1m,stevenblack
cdnsonata.taptapnetworks.com,top_1m,stevenblack
cdnssl.clicktale.net,top_1m,stevenblack
cdnstoremedia.com,vietnam_whitelist|top_1m,stevenblack
cdntechone.com,tranco|top_1m,hagezi|phishtank|phishing_army
cdnwidget.com,tranco|top_1m,stevenblack
cdnx.tribalfusion.com,top_1m,stevenblack
cdp.asia,tranco|top_1m,stevenblack
cdp.cloud.unity3d.com,top_1m,stevenblack
cdp.in.treasuredata.com,top_1m,stevenblack
cds.connatix.com,top_1m,stevenblack
cds.taboola.com,top_1m,stevenblack
ce.lijit.com,top_1m,stevenblack
ced.sascdn.com,top_1m,stevenblack
celtra.com,tranco|top_1m,stevenblack
cemaco.vn,vietnam_whitelist,hagezi
centralized.zaloapp.com,top_1m,stevenblack
centrehotel.vn,vietnam_whitelist,hagezi
centro.pixel.ad,top_1m,stevenblack
ceramiclonghau.com.vn,vietnam_whitelist,hagezi
ceres.iad-03.braze.com,top_1m,stevenblack
cetrk.com,top_1m,stevenblack
cf-ipfs.com,tranco,tempest_phishing
cf.iadsdk.apple.com,top_1m,stevenblack
cf.smaad.net,top_1m,stevenblack
cf.xad.com,top_1m,stevenblack
cf04.kanade-ad.net,top_1m,stevenblack
cfg.flurry.com,top_1m,stevenblack
cfr.us.v2.we-stats.com,top_1m,stevenblack
ch-match.taboola.com,top_1m,stevenblack
ch-vid-events.taboola.com,top_1m,stevenblack
ch-wf.taboola.com,top_1m,stevenblack
chalkdream.com,tranco|top_1m,stevenblack
changeip.co,tranco|top_1m,hagezi
chapmart.com,top_1m,tempest_phishing
chargecracker.com,top_1m,stevenblack
chartbeat.com,tranco|top_1m,stevenblack
chartbeat.net,tranco|top_1m,stevenblack
chartboost-imp.aarki.net,top_1m,stevenblack
chartboost.com,tranco|top_1m,stevenblack
charter.demdex.net,top_1m,stevenblack
chat.z.ai,top_1m,phishtank|phishing_army
chatluongvacuocsong.vn,vietnam_whitelist,hagezi
check-tcp.rayjump.com,top_1m,stevenblack
check.rayjump.com,top_1m,stevenblack
checkup05.biz,top_1m,hagezi
chesterfieldsofas.co.uk,top_1m,hagezi
chidc2.outbrain.org,top_1m,stevenblack
chikayo-dsp.shinobi.jp,top_1m,stevenblack
choices.trustarc.com,top_1m,stevenblack
choices.truste.com,top_1m,stevenblack
chordie.com,tranco|top_1m,phishtank
chualinhquang.com.vn,vietnam_whitelist,hagezi
chuknu.sokrati.com,top_1m,stevenblack
chungcudep.com.vn,vietnam_whitelist,hagezi
chungcuvinhomessmartcity.com.vn,vietnam_whitelist,hagezi|tempest_phishing
chuoisach.vn,vietnam_whitelist,tempest_phishing
chupanhcuoidep.vn,vietnam_whitelist,hagezi
ciq.dmpxs.com,top_1m,stevenblack
citi.bridgetrack.com,top_1m,stevenblack
citrusad.net,top_1m,stevenblack
cityadstrack.com,top_1m,stevenblack
civicscience.com,tranco|top_1m,stevenblack
cj.com,tranco|top_1m,stevenblack
cj.dotomi.com,top_1m,stevenblack
cj.mplxtms.com,top_1m,stevenblack
cjhd.mediav.com,top_1m,stevenblack
ck.connatix.com,top_1m,stevenblack
ck.jp.ap.valuecommerce.com,top_1m,stevenblack
ck.juicyads.com,top_1m,stevenblack
ckmap.mediav.com,top_1m,stevenblack
cks.connatix.com,top_1m,stevenblack
cl-data-f.ads.heytapmobi.com,top_1m,stevenblack
cl-data-f.ads.heytapmobile.com,top_1m,stevenblack
cl-data-id.ads.heytapmobi.com,top_1m,stevenblack
cl-data-id.ads.heytapmobile.com,top_1m,stevenblack
cl-data-in.ads.heytapmobi.com,top_1m,stevenblack
cl-data-in.ads.heytapmobile.com,top_1m,stevenblack
cl-data-sg.ads.heytapmobi.com,top_1m,stevenblack
cl-data-sg.ads.heytapmobile.com,top_1m,stevenblack
cl-data.ads.heytapmobi.com,top_1m,stevenblack
cl.s12.exct.net,top_1m,hagezi
cl.s13.exct.net,top_1m,hagezi|phishtank
cl.turkishairlines.com,top_1m,stevenblack
clarity.ms,tranco|top_1m,stevenblack
claritycheck.com,tranco|top_1m,stevenblack
claudfront.net,top_1m,stevenblack
clck.ru,tranco|top_1m,stevenblack|phishtank
clean.adups.com,top_1m,stevenblack
cleansite.biz,top_1m,hagezi
cleansite.us,top_1m,hagezi|stevenblack
clearnview.com,top_1m,hagezi
clearonclick.com,top_1m,stevenblack
cleverads.vn,vietnam_whitelist,stevenblack
clevernet.vn,vietnam_whitelist,stevenblack
clevernt.com,top_1m,stevenblack
cli.re,tranco|top_1m,hagezi|phishtank|phishing_army
click.a-ads.com,top_1m,stevenblack
click.adpia.vn,top_1m,stevenblack
click.advertnative.com,vietnam_whitelist|top_1m,stevenblack
click.aliexpress.com,top_1m,stevenblack
click.ccg.nintendo.com,top_1m,stevenblack
click.crm.ba.com,top_1m,stevenblack
click.discord.com,top_1m,stevenblack
click.dtiserv2.com,top_1m,stevenblack
click.e.progressive.com,top_1m,stevenblack
click.e.zoom.us,top_1m,stevenblack
click.email.bbc.com,top_1m,stevenblack
click.emails.argos.co.uk,top_1m,stevenblack
click.emails.tuclothing.sainsburys.co.uk,top_1m,stevenblack
click.howdoesin.net,top_1m,stevenblack
click.justwatch.com,top_1m,stevenblack
click.liftoff.io,top_1m,stevenblack
click.mail.salesforce.com,top_1m,stevenblack
click.mailing.ticketmaster.com,top_1m,stevenblack
click.mkt.grab.com,top_1m,stevenblack
click.nl.npr.org,top_1m,stevenblack
click.redditmail.com,top_1m,stevenblack
click.speee-ad.jp,top_1m,stevenblack
click.startappservice.com,top_1m,stevenblack
click.uber.com,top_1m,stevenblack
click4.liftoff.io,top_1m,stevenblack
clickadu.com,tranco|top_1m,stevenblack
clickbank.com,tranco|top_1m,stevenblack
clickcease.com,tranco|top_1m,stevenblack
clickfunnels.com,tranco|top_1m,stevenblack
clickfuse.com,tranco|top_1m,stevenblack
clickmeter.com,top_1m,stevenblack
clickonometrics.pl,tranco|top_1m,stevenblack
clicks.affstrack.com,top_1m,hagezi
clicks.eventbrite.com,top_1m,stevenblack
clickserv.sitescout.com,top_1m,stevenblack
clickserve.dartsearch.net,top_1m,stevenblack
clicktale.net,tranco|top_1m,stevenblack
clicktrack.pubmatic.com,top_1m,stevenblack
clicktripz.com,tranco|top_1m,stevenblack
clickz.com,tranco,stevenblack
client-analytics.braintreegateway.com,top_1m,stevenblack
client-uc.heytapmobi.com,top_1m,stevenblack
client.rave-api.com,top_1m,stevenblack
clientcdn.pushengage.com,top_1m,stevenblack
clientgear.com,tranco|top_1m,stevenblack
clientmetrics-augmentum.kik.com,top_1m,stevenblack
clientmetrics.kik.com,top_1m,stevenblack
clients-api.pushengage.com,top_1m,stevenblack
clientsdk.brdtnet.com,top_1m,stevenblack
clientsdk.bright-sdk.com,top_1m,stevenblack
clk.tradedoubler.com,top_1m,stevenblack
clkdeals.com,top_1m,stevenblack
clockskew.alphonso.tv,top_1m,stevenblack
cloud-ip.cc,tranco,hagezi
cloud-us.analytics-egain.com,top_1m,stevenblack
cloud.ogury.io,top_1m,stevenblack
cloud.pchelpsoft.com,top_1m,hagezi
cloudapi.imrworldwide.com,top_1m,stevenblack
cloudflareinsights.com,tranco|top_1m,stevenblack
cloudguppy.com,top_1m,stevenblack
cloudservice14.kingsoft-office-service.com,top_1m,stevenblack
cloudservice24.kingsoft-office-service.com,top_1m,stevenblack
cloudtrck.com,top_1m,hagezi
clustrmaps.com,tranco|top_1m,stevenblack
cm-supply-web.gammaplatform.com,top_1m,stevenblack
cm.adform.net,top_1m,stevenblack
cm.adgrx.com,top_1m,stevenblack
cm.adsafety.net,top_1m,stevenblack
cm.ambientdsp.com,top_1m,stevenblack
cm.everesttech.net,top_1m,stevenblack
cm.g.doubleclick.net,top_1m,stevenblack
cm.ipinyou.com,top_1m,stevenblack
cm.mediav.com,top_1m,stevenblack
cm.mgid.com,top_1m,stevenblack
cm.smadex.com,top_1m,stevenblack
cm.t.tailtarget.com,top_1m,stevenblack
cmfcu.info,top_1m,tempest_phishing
cmg.streamguys1.com,top_1m,stevenblack
cmgfeeds.cmgdigital.com,top_1m,stevenblack
cmp.cws.xfinity.com,top_1m,phishtank
cmp.dmgmediaprivacy.co.uk,top_1m,stevenblack
cmp.optad360.io,top_1m,stevenblack
cmp.quantcast.com,top_1m,stevenblack
cmp.uniconsent.com,top_1m,stevenblack
cms-xch-chicago.33across.com,top_1m,stevenblack
cms.analytics.yahoo.com,top_1m,stevenblack
cms.quantserve.com,top_1m,stevenblack
cmtd-thethao.com.vn,vietnam_whitelist,hagezi|vietnam_blacklist
cnn.bounceexchange.com,top_1m,stevenblack
cnomy.com,tranco,stevenblack
cnouxyex.net,top_1m,hagezi
cnshcncjs3.vip,top_1m,hagezi
cnt.affiliate.fc2.com,top_1m,stevenblack
cnt.fout.jp,top_1m,stevenblack
cnt.my,tranco|top_1m,stevenblack
cnv.event.prod.bidr.io,top_1m,stevenblack
cnw.vn,vietnam_whitelist,hagezi
cnxu.sumtotal.host,top_1m,phishtank
co.akisinn.info,top_1m,stevenblack
co.dewrain.life,top_1m,stevenblack
co.vaicore.site,top_1m,stevenblack
co.vaicore.xyz,top_1m,stevenblack
cocobays.vn,vietnam_whitelist,tempest_phishing
coda.io,tranco|top_1m,phishtank
code.adsales.snidigital.com,top_1m,stevenblack
code.directadvert.ru,top_1m,stevenblack
code.etracker.com,top_1m,stevenblack
code.metalocator.com,top_1m,stevenblack
code3.adtlgc.com,top_1m,stevenblack
codeanyapp.com,tranco,hagezi
codice.shinystat.com,top_1m,stevenblack
codicebusiness.shinystat.com,top_1m,stevenblack
codiceisp.shinystat.com,top_1m,stevenblack
codon.vn,vietnam_whitelist,hagezi|stevenblack
cognitoforms.com,tranco|top_1m,phishtank|vietnam_blacklist
coinbase.com,tranco|top_1m,vietnam_blacklist
coinzilla.io,top_1m,stevenblack
coinzillatag.com,top_1m,stevenblack
cokhihoanglam.vn,vietnam_whitelist,tempest_phishing
col.eum-appdynamics.com,top_1m,stevenblack
collect-ap-northeast-1.tealiumiq.com,top_1m,stevenblack
collect-ap-southeast-2.tealiumiq.com,top_1m,stevenblack
collect-eu-central-1.tealiumiq.com,top_1m,stevenblack
collect-eu-west-1.tealiumiq.com,top_1m,stevenblack
collect-us-east-1.tealiumiq.com,top_1m,stevenblack
collect.banggood.com,top_1m,stevenblack
collect.igodigital.com,top_1m,stevenblack
collect.installeranalytics.com,top_1m,stevenblack
collect.tealiumiq.com,top_1m,stevenblack
collecting-consent.g5e.com,top_1m,stevenblack
collection.decibelinsight.net,top_1m,stevenblack
collector-1054.tvsquared.com,top_1m,stevenblack
collector-px8fcgygk4.px-cloud.net,top_1m,stevenblack
collector.cdp.cnn.com,top_1m,stevenblack
collector.doordash.com,top_1m,stevenblack
collector.githubapp.com,top_1m,stevenblack
collector.leaddyno.com,top_1m,stevenblack
collector.pabs.comcast.com,top_1m,stevenblack
collector.scopely.io,top_1m,stevenblack
collector.snplow.net,top_1m,stevenblack
collector.xhamster.com,top_1m,stevenblack
collectoru.us.tvsquared.com,top_1m,stevenblack
coloroptimizer.com,top_1m,stevenblack
colossusssp.com,tranco|top_1m,stevenblack
com.com,tranco|top_1m,stevenblack
com.com.vn,vietnam_whitelist,hagezi
combine.asnapieu.com,top_1m,stevenblack
combine.urbanairship.com,top_1m,stevenblack
comcast.demdex.net,top_1m,stevenblack
comcastresidentialservices.tt.omtrdc.net,top_1m,stevenblack
comcluster.cxense.com,top_1m,stevenblack
come.to,tranco,tempest_phishing
comet.yahoo.com,top_1m,stevenblack
comilar-efferiff.icu,top_1m,stevenblack
commentaires.qub.ca,top_1m,stevenblack
common.duapps.com,top_1m,stevenblack
communicate.gimbal.com,top_1m,stevenblack
comnieuvietnam.vn,vietnam_whitelist,tempest_phishing
company-target.com,tranco|top_1m,stevenblack
company.site,tranco|top_1m,stevenblack
compass.adop.cc,top_1m,stevenblack
component-warehouse.co.uk,tranco,hagezi
computers1000.com,top_1m,hagezi
comscoreresearch.com,top_1m,stevenblack
concert.io,tranco|top_1m,stevenblack
concertads-configs.vox-cdn.com,top_1m,stevenblack
concursolutionseudatacenter.112.2o7.net,top_1m,stevenblack
concursolutionsusdatacenter.112.2o7.net,top_1m,stevenblack
condimentdisillusionnosebleed.com,top_1m,hagezi
conductrics.com,tranco|top_1m,stevenblack
conduit.com,tranco|top_1m,stevenblack
conduit.redfast.com,top_1m,stevenblack
conf.lsosad.com,top_1m,stevenblack
conf.smartnews-ads.com,top_1m,stevenblack
confiant-integrations.global.ssl.fastly.net,top_1m,stevenblack
confiant-integrations.net,tranco|top_1m,stevenblack
config.claspws.tv,top_1m,stevenblack
config.emb-api.com,top_1m,stevenblack
config.inmobi.com,top_1m,stevenblack
config.mobilegamestats.com,top_1m,stevenblack
config.otherlevels.com,top_1m,stevenblack
config.quantumgraph.com,top_1m,stevenblack
config.samsungads.com,top_1m,stevenblack
config.sdk.scopely.io,top_1m,stevenblack
config.seedtag.com,top_1m,stevenblack
config.uca.cloud.unity3d.com,top_1m,stevenblack
config.unityads.unity3d.com,top_1m,stevenblack
config2.mparticle.com,top_1m,stevenblack
configure-tcp-android.mtgglobals.com,top_1m,stevenblack
configure-tcp.rayjump.com,top_1m,stevenblack
configure.rayjump.com,top_1m,stevenblack
configv2.unityads.unity3d.com,top_1m,stevenblack
confirmsubscription.com,tranco|top_1m,phishtank
congnghieptauthuyvietnam.vn,vietnam_whitelist,hagezi
congtycityland.com.vn,vietnam_whitelist,hagezi
connatix.com,tranco|top_1m,stevenblack
connect-metrics-collector.s-onetag.com,top_1m,stevenblack
connect.tapjoy.com,top_1m,stevenblack
connectad.io,tranco|top_1m,stevenblack
connexity.net,top_1m,stevenblack
connextra.com,tranco|top_1m,stevenblack
conohawing.com,top_1m,hagezi
consensu.org,tranco|top_1m,stevenblack
consent-manager-events.ogury.io,top_1m,stevenblack
consent.mediaforge.com,top_1m,stevenblack
consent.orange.fr,top_1m,phishtank
console.adtarget.com.tr,top_1m,stevenblack
consumer.exacttargetapis.com,top_1m,stevenblack
consumer.krxd.net,top_1m,stevenblack
consumerinfo.tt.omtrdc.net,top_1m,stevenblack
conta.cc,tranco|top_1m,phishtank|phishing_army
containertags.belboon.de,top_1m,stevenblack
content-cdn.swrve.com,top_1m,stevenblack
content-loader.com,tranco|top_1m,stevenblack
content-thumbnail.cxpublic.com,top_1m,stevenblack
content.accesstrade.vn,vietnam_whitelist,stevenblack
content.ad2iction.com,top_1m,stevenblack
content.adacado.com,top_1m,stevenblack
content.aimatch.com,top_1m,stevenblack
content.inhousedsp.com,top_1m,stevenblack
content.quantcount.com,top_1m,stevenblack
content.swrve.com,top_1m,stevenblack
content.zeronaught.com,top_1m,stevenblack
content22.online.citi.com,top_1m,stevenblack
contentabc.com,tranco|top_1m,stevenblack
contentsquare.net,tranco|top_1m,stevenblack
contentstream.pl,top_1m,stevenblack
contentz.mkt932.com,top_1m,stevenblack
contentz.mkt941.com,top_1m,stevenblack
context.iris.tv,top_1m,stevenblack
context.qc.coccoc.com,top_1m,stevenblack
contextual.media.net,top_1m,stevenblack
contextweb.com,tranco|top_1m,stevenblack
contineljs.com,vietnam_whitelist|tranco|top_1m,stevenblack
control.kochava.com,top_1m,stevenblack
control.teragence.net,top_1m,stevenblack
conv.fout.jp,top_1m,stevenblack
conv.tubemogul.com,top_1m,stevenblack
conversionruler.com,top_1m,stevenblack
conversions.appsflyer.com,top_1m,stevenblack
convertexperiments.com.edgekey.net,top_1m,stevenblack
conviva.com,tranco|top_1m,stevenblack
convrse.media,top_1m,stevenblack
cookie-cdn.cookiepro.com,top_1m,stevenblack
cookie-sync-service-prod.steelhousemedia.com,top_1m,stevenblack
cookie.brealtime.com,top_1m,stevenblack
cookiematch-ap-northeast-1.prod.justpremium.com,top_1m,stevenblack
cookiematch-us-east-1.prod.justpremium.com,top_1m,stevenblack
cookiematch-us-west-2.prod.justpremium.com,top_1m,stevenblack
cookies.nextmillmedia.com,top_1m,stevenblack
cookiesync.mparticle.com,top_1m,stevenblack
coolkidsdistrict.com,top_1m,stevenblack
cootlogix.com,tranco|top_1m,stevenblack
core.vchat.vn,top_1m,stevenblack
coremetrics.com,tranco|top_1m,stevenblack
cosmetic.com.vn,vietnam_whitelist,tempest_phishing
cosmos.marfeel.com,top_1m,stevenblack
count-server.sharethis.com,top_1m,stevenblack
count.advanseads.com,top_1m,stevenblack
count.ly,tranco|top_1m,stevenblack
count.personyze.com,top_1m,stevenblack
counter.hitslink.com,top_1m,stevenblack
counter.personyze.com,top_1m,stevenblack
counter.rambler.ru,top_1m,stevenblack
counter.snackly.co,top_1m,stevenblack
counter.yadro.ru,top_1m,stevenblack
counter1.fc2.com,top_1m,stevenblack
counter2.blog.livedoor.com,top_1m,stevenblack
counters.auctiva.com,top_1m,stevenblack
cox.deliveryengine.adswizz.com,top_1m,stevenblack
cp.pushwoosh.com,top_1m,stevenblack
cpanel.site,tranco,hagezi
cpclnad.biz,top_1m,hagezi
cpd.vn,vietnam_whitelist,hagezi
cpiedu.vn,vietnam_whitelist,tempest_phishing
cpm.didna.io,top_1m,stevenblack
cpmstar.com,tranco|top_1m,stevenblack
cpro.baidu.com,top_1m,stevenblack
cpu.samsungelectronics.com,top_1m,stevenblack
cpx.to,tranco|top_1m,stevenblack
cqcounter.com,top_1m,stevenblack
crash.163.com,top_1m,stevenblack
crashlytics.com,tranco|top_1m,stevenblack
crashlyticsreports-pa.googleapis.com,top_1m,stevenblack
crazyegg.com,tranco|top_1m,stevenblack
crb.kargo.com,top_1m,stevenblack
crcdn.org,tranco|top_1m,stevenblack
crcdn01.adnxs.com,top_1m,stevenblack
crcdn09.adnxs.com,top_1m,stevenblack
create.leadid.com,top_1m,stevenblack
create.lidstatic.com,top_1m,stevenblack
creative-accelerate.ad.mobiuspace.net,top_1m,stevenblack
creative-assets.quantcount.com,top_1m,stevenblack
creative-p.undertone.com,top_1m,stevenblack
creative.eagllwin.com,top_1m,stevenblack
creative.mathads.com,top_1m,stevenblack
creative.prf.hn,top_1m,stevenblack
creative.sonobi.com,top_1m,stevenblack
creativecarrer.com,top_1m,stevenblack
creativecdn.com,tranco|top_1m,stevenblack
creatives.smadex.com,top_1m,stevenblack
creatopy.net,tranco|top_1m,stevenblack
cricket.mobileposse.com,top_1m,stevenblack
crisistuesdayartillery.com,top_1m,hagezi
criteo-partners.tremorhub.com,top_1m,stevenblack
criteo-sync.teads.tv,top_1m,stevenblack
criteo.com,tranco|top_1m,stevenblack
criteo.net,tranco|top_1m,stevenblack
crittercism.com,top_1m,stevenblack
cross-promo.mwx.ext.mobilityware.com,top_1m,stevenblack
crosspromo.voodoo.io,top_1m,stevenblack
crs.adapf.com,top_1m,stevenblack
crsspxl.com,tranco|top_1m,stevenblack
crta.dailymail.co.uk,top_1m,stevenblack
crwdcntrl.net,tranco|top_1m,stevenblack
cs.adingo.jp,top_1m,stevenblack
cs.admanmedia.com,top_1m,stevenblack
cs.analytics.lego.com,top_1m,stevenblack
cs.co,top_1m,stevenblack
cs.emxdgt.com,top_1m,stevenblack
cs.lkqd.net,top_1m,stevenblack
cs.media.net,top_1m,stevenblack
cs.nex8.net,top_1m,stevenblack
cs.vdopia.com,top_1m,stevenblack
cs.yieldoptimizer.com,top_1m,stevenblack
cse.google.com,top_1m,phishtank
csi.gstatic.com,top_1m,stevenblack
csof.net,tranco|top_1m,hagezi
csr.onet.pl,top_1m,stevenblack
cstatic.weborama.fr,top_1m,stevenblack
csyn-r.cxense.com,top_1m,stevenblack
csyn.cxense.com,top_1m,stevenblack
csync.loopme.me,top_1m,stevenblack
csync.smartadserver.com,top_1m,stevenblack
ct.impactradius.com,top_1m,stevenblack
ct.pinterest.com,top_1m,stevenblack
ctcbio.com.vn,vietnam_whitelist,hagezi
ctcodein.biz,top_1m,hagezi
cti.w55c.net,top_1m,stevenblack
ctnsnet.com,tranco|top_1m,stevenblack
ctrack.trafficjunky.net,top_1m,stevenblack
ctv.truex.com,top_1m,stevenblack
cu-cn-north00002.gala.convection.cn,top_1m,stevenblack
cuasatvango.com.vn,vietnam_whitelist,hagezi
cuebiq.com,tranco|top_1m,stevenblack
cuongphat.vn,vietnam_whitelist,hagezi
currency.prebid.org,top_1m,stevenblack
custom.yieldify.com,top_1m,stevenblack
customads.co,tranco|top_1m,stevenblack
customer.iad-03.braze.com,top_1m,stevenblack
customerevents.netflix.com,top_1m,stevenblack
customers.kameleoon.com,top_1m,stevenblack
customtraffic.impactradius.com,top_1m,stevenblack
cutechin.com,top_1m,stevenblack
cutt.ly,tranco|top_1m,phishtank|vietnam_blacklist
cutt.us,tranco,tempest_phishing
cuty.io,top_1m,phishtank|phishing_army
cvt.vn,vietnam_whitelist,tempest_phishing
cws-eu.conviva.com,top_1m,stevenblack
cws-hulu.conviva.com,top_1m,stevenblack
cws-us-east.conviva.com,top_1m,stevenblack
cws-usw2.conviva.com,top_1m,stevenblack
cws.conviva.com,top_1m,stevenblack
cx.atdmt.com,top_1m,stevenblack
cxad.cxense.com,top_1m,stevenblack
cxense.com,tranco|top_1m,stevenblack
cxense.com.edgekey.net,top_1m,stevenblack
cz-gmtdmp.mookie1.com,top_1m,stevenblack
cz.search.etargetnet.com,top_1m,stevenblack
czilladx.com,tranco|top_1m,stevenblack
d-cache.microad.jp,top_1m,stevenblack
d-collect.jennifersoft.com,top_1m,stevenblack
d-collector.jennifersoft.com,top_1m,stevenblack
d-markets.net,top_1m,stevenblack
d-track.send.microad.jp,top_1m,stevenblack
d.adroll.com,top_1m,stevenblack
d.adsplay.net,top_1m,stevenblack
d.adup-tech.com,top_1m,stevenblack
d.adx.io,top_1m,stevenblack
d.agkn.com,top_1m,stevenblack
d.amoad.com,top_1m,stevenblack
d.applovin.com,top_1m,stevenblack
d.applvn.com,top_1m,stevenblack
d.eclick.vn,top_1m,stevenblack
d.eu.criteo.com,top_1m,stevenblack
d.impactradius-event.com,top_1m,stevenblack
d.la1-c2-iad.salesforceliveagent.com,top_1m,stevenblack
d.mob.com,top_1m,stevenblack
d.monetate.net,top_1m,stevenblack
d.pub.network,top_1m,stevenblack
d.socdm.com,top_1m,stevenblack
d.t.tailtarget.com,top_1m,stevenblack
d.tailtarget.com,top_1m,stevenblack
d.turn.com,top_1m,stevenblack
d.us.criteo.com,top_1m,stevenblack
d1f0tbk1v3e25u.cloudfront.net,top_1m,stevenblack
d1fc8wv8zag5ca.cloudfront.net,top_1m,stevenblack
d1l6p2sc9645hc.cloudfront.net,top_1m,stevenblack
d1z2jf7jlzjs58.cloudfront.net,top_1m,stevenblack
d2.ads.rmbl.ws,top_1m,stevenblack
d2.sina.com.cn,top_1m,stevenblack
d24n15hnbwhuhn.cloudfront.net,top_1m,stevenblack
d26b395fwzu5fz.cloudfront.net,top_1m,stevenblack
d26lpennugtm8s.cloudfront.net,top_1m,vietnam_blacklist
d2c.ne.jp,tranco|top_1m,stevenblack
d2cmedia.ca,tranco|top_1m,stevenblack
d2zah9y47r7bi2.cloudfront.net,top_1m,stevenblack
d3.sina.com.cn,top_1m,stevenblack
d5nxst8fruw4z.cloudfront.net,top_1m,stevenblack
d5p.de17a.com,top_1m,stevenblack
d81mfvml8p5ml.cloudfront.net,top_1m,stevenblack
d9.flashtalking.com,top_1m,stevenblack
da.chartboost.com,top_1m,stevenblack
da.oipzyrzffum.ovh,top_1m,stevenblack
da.us.criteo.com,top_1m,stevenblack
da1.vip.prod.criteo.com,top_1m,stevenblack
da1.vip.prod.criteo.net,top_1m,stevenblack
dable.io,tranco|top_1m,stevenblack
dac.gen.xyz,top_1m,tempest_phishing
dacdn.visualwebsiteoptimizer.com,top_1m,stevenblack
dacsan.danang.vn,vietnam_whitelist,hagezi
dacsancaonguyen.vn,vietnam_whitelist,hagezi
dacsandongthapmuoi.vn,vietnam_whitelist,hagezi
dafapromo.com,top_1m,vietnam_blacklist
daichienham.vn,vietnam_whitelist,vietnam_blacklist
daikin.vn,vietnam_whitelist,hagezi|vietnam_blacklist
daikinvietnam.vn,vietnam_whitelist,hagezi|vietnam_blacklist
dailythanthi.com,tranco|top_1m,phishtank
daiwa.jp,top_1m,phishtank
dakhoaquoctekimlien.vn,vietnam_whitelist,hagezi
damynghe.com.vn,vietnam_whitelist,tempest_phishing
dansuveneer.vn,vietnam_whitelist,hagezi
daohannganhang.com.vn,vietnam_whitelist,tempest_phishing
daotaoquoctedhxd.edu.vn,vietnam_whitelist,tempest_phishing
daothienhaichessschool.vn,vietnam_whitelist,tempest_phishing
dap.digitalgov.gov,top_1m,stevenblack
dart.l.doubleclick.net,top_1m,stevenblack
dashapi.chartbeat.com,top_1m,stevenblack
dashboard.tinypass.com,top_1m,stevenblack
data-beacons.s-onetag.com,top_1m,stevenblack
data-id.ads.oppomobile.com,top_1m,stevenblack
data-optout-service.uca.cloud.unity3d.com,top_1m,stevenblack
data.ad-score.com,top_1m,stevenblack
data.ads.oppomobile.com,top_1m,stevenblack
data.adsrvr.org,top_1m,stevenblack
data.adxcel-ec2.com,top_1m,stevenblack
data.agkn.com,top_1m,stevenblack
data.coremetrics.com,top_1m,stevenblack
data.emb-api.com,top_1m,stevenblack
data.gosquared.com,top_1m,stevenblack
data.killbot.ru,top_1m,hagezi
data.logentries.com,top_1m,stevenblack
data.mistat.intl.xiaomi.com,top_1m,stevenblack
data.mistat.xiaomi.com,top_1m,stevenblack
data.mob.com,top_1m,stevenblack
data.queryly.com,top_1m,stevenblack
data.sec.intl.miui.com,top_1m,stevenblack
data2.ad-score.com,top_1m,stevenblack
data2.gosquared.com,top_1m,stevenblack
databoat.zenkube.com,top_1m,stevenblack
datacloud-us-east-1.tealiumiq.com,top_1m,stevenblack
datacloud.tealiumiq.com,top_1m,stevenblack
datacollector-dra.dt.dbankcloud.cn,top_1m,stevenblack
dataforce.net,tranco|top_1m,stevenblack
datarouter.ol.epicgames.com,top_1m,stevenblack
datmo.vn,vietnam_whitelist,tempest_phishing
dau.fyber.com,top_1m,stevenblack
daugiai.vn,vietnam_whitelist,vietnam_blacklist
daviik.iad-03.braze.com,top_1m,stevenblack
dawac.com,top_1m,hagezi
dax-match.dotomi.com,top_1m,stevenblack
daz.vn,vietnam_whitelist,hagezi
dazzler.liquidus.net,top_1m,stevenblack
dbo.vn,vietnam_whitelist,hagezi
dc-storm.com,top_1m,stevenblack
dc.ads.linkedin.com,top_1m,stevenblack
dc.yieldify.com,top_1m,stevenblack
dc8xl0ndzn2cb.cloudfront.net,top_1m,stevenblack
dcdn.adnxs.com,top_1m,stevenblack
dcinfos-cache.abtasty.com,top_1m,stevenblack
dcinfos.abtasty.com,top_1m,stevenblack
dclk-match.dotomi.com,top_1m,stevenblack
dd.nytimes.com,top_1m,stevenblack
de-config.sensic.net,top_1m,stevenblack
de-gmtdmp.mookie1.com,top_1m,stevenblack
de.inmobi.com,top_1m,stevenblack
de.tynt.com,top_1m,stevenblack
de17a.com,tranco|top_1m,stevenblack
de5.net,tranco,hagezi
de6jvomfbm0af.cloudfront.net,top_1m,hagezi
dealshik.com,top_1m,hagezi
decide.mixpanel.com,top_1m,stevenblack
deepintent.com,tranco|top_1m,stevenblack
default.exp-tas.com,top_1m,stevenblack
deliver.ads2.iid.jp,top_1m,stevenblack
delivery-cdn-cf.adswizz.com,top_1m,stevenblack
delivery-cloud.cdp.asia,top_1m,stevenblack
delivery.adnuntius.com,top_1m,stevenblack
delivery.adrecover.com,top_1m,stevenblack
delivery.advanseads.com,top_1m,stevenblack
delivery.akadigital.vn,top_1m,stevenblack
delivery.clickonometrics.pl,top_1m,stevenblack
delivery.upremium.asia,top_1m,stevenblack
delivery.yomedia.vn,vietnam_whitelist|top_1m,stevenblack
dellinc.tt.omtrdc.net,top_1m,stevenblack
demandbase.com,tranco|top_1m,stevenblack
demdex.net,tranco|top_1m,stevenblack
demo.com.vn,vietnam_whitelist,hagezi
demokratia.cc,top_1m,hagezi
dengiahung.com.vn,vietnam_whitelist,tempest_phishing
denngu.vn,vietnam_whitelist,tempest_phishing
denuihuongson.com.vn,vietnam_whitelist,hagezi
depart.trinitymedia.ai,top_1m,stevenblack
deployads.com,top_1m,stevenblack
deqik.com,tranco|top_1m,stevenblack
deqwas.net,top_1m,stevenblack
derila-ergo-official.com,top_1m,hagezi
deriv.com,tranco|top_1m,stevenblack
detect.rayjump.com,top_1m,stevenblack
dev.appboy.com,top_1m,stevenblack
dev.visualwebsiteoptimizer.com,top_1m,stevenblack
device-api.asnapieu.com,top_1m,stevenblack
device-api.urbanairship.com,top_1m,stevenblack
device-metrics-us-2.amazon.com,top_1m,stevenblack
device-metrics-us.amazon.com,top_1m,stevenblack
device.marketingcloudapis.com,top_1m,stevenblack
device.maxmind.com,top_1m,stevenblack
deviceid.trueleadid.com,top_1m,stevenblack
devices.carnivalmobile.com,top_1m,stevenblack
devilyquondam.cyou,tranco,hagezi
devs.data.mob.com,top_1m,stevenblack
dfbfussballdeprod.112.2o7.net,top_1m,stevenblack
dfe.mic.mob.com,top_1m,stevenblack
dfp-gateway.s-onetag.com,top_1m,stevenblack
dfp.bouncex.net,top_1m,stevenblack
dgn.vn,vietnam_whitelist,hagezi
dgpgroup.vn,vietnam_whitelist,hagezi
dhg-logging.us-east-1.elasticbeanstalk.com,top_1m,stevenblack
di.rlcdn.com,top_1m,stevenblack
diadem.vn,vietnam_whitelist,tempest_phishing
dianabol.xyz,top_1m,hagezi
dianomi.com,tranco|top_1m,stevenblack
dianomioffers.co.uk,top_1m,stevenblack
dichthuatvietuc.com.vn,vietnam_whitelist,tempest_phishing
dichvuchuyennhathanhhung.com.vn,vietnam_whitelist,hagezi
dichvuthietkeweb.com.vn,vietnam_whitelist,hagezi
dichvuvinaphone.vn,vietnam_whitelist,tempest_phishing|vietnam_blacklist
dickssportinggoods.demdex.net,top_1m,stevenblack
did.li,top_1m,phishtank|phishing_army|openphish
didna.b-cdn.net,top_1m,stevenblack
didns.ru,top_1m,hagezi
dienlanhththinhphat.com.vn,vietnam_whitelist,tempest_phishing
dienmaygiasi.vn,vietnam_whitelist,tempest_phishing|vietnam_blacklist
diff.smartadserver.com,top_1m,stevenblack
diff3.smartadserver.com,top_1m,stevenblack
digicertwc.rubiconproject.com.edgekey.net,top_1m,stevenblack
digimedia.com,tranco|top_1m,stevenblack
digistats.westjet.com,top_1m,stevenblack
digistudy.vn,vietnam_whitelist,hagezi
digitalfinance.vn,vietnam_whitelist,hagezi|vietnam_blacklist
digitalfirstmedia.blueconic.net,top_1m,stevenblack
dihedi.com,top_1m,hagezi
dinotube.com,tranco|top_1m,vietnam_blacklist
direct-events-collector.spot.im,top_1m,stevenblack
direct.ad.cpe.dotomi.com,top_1m,stevenblack
direct.adsrvr.org,top_1m,stevenblack
direct.lc.chat,top_1m,phishtank
directadvert.ru,tranco|top_1m,stevenblack
directory.cookieyes.com,top_1m,stevenblack
directtooffer.com,top_1m,hagezi|tempest_phishing
dirtyrhino.com,top_1m,stevenblack
dis.as.criteo.com,top_1m,stevenblack
dis.criteo.com,top_1m,stevenblack
dis.eu.criteo.com,top_1m,stevenblack
dis.us.criteo.com,top_1m,stevenblack
discepolidiyahshua.info,top_1m,hagezi
discoveryplus.popin.cc,top_1m,stevenblack
disney.demdex.net,top_1m,stevenblack
dispatcher.360in.com,top_1m,stevenblack
display.ad.daum.net,top_1m,stevenblack
display.apester.com,top_1m,stevenblack
display.bfmio.com,top_1m,stevenblack
display.qc.coccoc.com,top_1m,stevenblack
display.ravm.tv,top_1m,stevenblack
displayads-formats.googleusercontent.com,top_1m,stevenblack
displayf.tubemogul.com,top_1m,stevenblack
displayvertising.com,tranco|top_1m,stevenblack
disq.us,tranco|top_1m,phishtank
distillery.wistia.com,top_1m,stevenblack
distinctrobin.com,vietnam_whitelist|top_1m,stevenblack
districtm.ca,top_1m,stevenblack
districtm.io,top_1m,stevenblack
dl.dropboxusercontent.com,top_1m,urlhaus
dl.ijinshan.com,top_1m,stevenblack
dl1d2m8ri9v3j.cloudfront.net,top_1m,stevenblack
dlsdk.appsflyer.com,top_1m,stevenblack
dlt-beacon.dynatrace-managed.com,top_1m,stevenblack
dlx.addthis.com,top_1m,stevenblack
dmp-log.yomedia.vn,top_1m,stevenblack
dmp.adblade.com,top_1m,stevenblack
dmp.adform.net,top_1m,stevenblack
dmp.adotmob.com,top_1m,stevenblack
dmp.brand-display.com,top_1m,stevenblack
dmp.fout.jp,top_1m,stevenblack
dmp.rtbsrv.com,top_1m,stevenblack
dmp.theadex.com,top_1m,stevenblack
dmp.truoptik.com,top_1m,stevenblack
dmpsync.3lift.com,top_1m,stevenblack
dmxleo.dailymotion.com,top_1m,stevenblack
dna-sklad.ru,top_1m,hagezi
dnacdn.net,tranco|top_1m,stevenblack
dnsdelegation.io,tranco|top_1m,stevenblack
dnsrd.com,top_1m,hagezi
dntds.shop,top_1m,hagezi
doanhgia.vn,vietnam_whitelist,hagezi
dochoiphuchung.com.vn,vietnam_whitelist,tempest_phishing
docs.google.com,top_1m,phishtank
docs.zoom.us,top_1m,phishtank
doctordong.vn,vietnam_whitelist,hagezi
documentsite.net,top_1m,hagezi
dod.vn,vietnam_whitelist,hagezi
doge.trusteeglobal.com,top_1m,hagezi
dojo.phluant.com,top_1m,stevenblack
domdex.com,top_1m,stevenblack
dongagroup.vn,vietnam_whitelist,hagezi
donghoviet.vn,vietnam_whitelist,hagezi
dongtam.com.vn,vietnam_whitelist,tempest_phishing
dongyakt.com,top_1m,tempest_phishing
dopemobi.offerstrack.net,top_1m,stevenblack
dot.wp.pl,top_1m,stevenblack
dotmetrics.net,tranco|top_1m,stevenblack
dotomi.com,tranco|top_1m,stevenblack
dotomi.weighted.com.akadns.net,top_1m,stevenblack
doubleclick.com,tranco|top_1m,stevenblack
doubleclick.net,tranco|top_1m,stevenblack
doubleclickbygoogle.com,tranco|top_1m,stevenblack
doublepimp.com,top_1m,stevenblack
doubleverify.com,tranco|top_1m,stevenblack
doxebantai.vn,vietnam_whitelist,hagezi
doximex.vn,vietnam_whitelist,tempest_phishing
dp-sync.dotomi.com,top_1m,stevenblack
dp1.33across.com,top_1m,stevenblack
dpbolvw.net,tranco|top_1m,stevenblack
dpm.demdex.net,top_1m,stevenblack
dpmsrv.com,tranco|top_1m,stevenblack
dptr.areyouahuman.com,top_1m,stevenblack
dpu.samsungelectronics.com,top_1m,stevenblack
dqmop.com,tranco|top_1m,hagezi
dr-blanca-mhfscak.work,top_1m,hagezi
dr.socdm.com,top_1m,stevenblack
dragerwerk.122.2o7.net,top_1m,stevenblack
draviet.vn,vietnam_whitelist,hagezi
drfdisvc.walmart.com,top_1m,stevenblack
drive.google.com,top_1m,phishtank|urlhaus
drive.proton.me,top_1m,phishtank
drive.usercontent.google.com,top_1m,urlhaus
dropbox.com,tranco|top_1m,phishtank|urlhaus
drunkenstepfather.com,top_1m,stevenblack
ds-aksb-a.akamaihd.net,top_1m,stevenblack
ds.eclick.vn,top_1m,stevenblack
ds.reson8.com,top_1m,stevenblack
dsoftware.vn,vietnam_whitelist,hagezi
dsp-creative.demandbase.com,top_1m,stevenblack
dsp.adfarm1.adition.com,top_1m,stevenblack
dsp.adkernel.com,top_1m,stevenblack
dsp.fout.jp,top_1m,stevenblack
dsp.logly.co.jp,top_1m,stevenblack
dsp.v.fwmrm.net,top_1m,stevenblack
dsp3.adtelligent.com,top_1m,stevenblack
dspbeacons.error.ihasdsp.inmobi.com,top_1m,stevenblack
dspcluster.adfarm1.adition.com,top_1m,stevenblack
dstillery.com,tranco|top_1m,stevenblack
dsum-sec.casalemedia.com,top_1m,stevenblack
dsum.casalemedia.com,top_1m,stevenblack
dt.adsafeprotected.com,top_1m,stevenblack
dt.scanscout.com,top_1m,stevenblack
dtadnetwork.com,top_1m,stevenblack
dts-5-split-vohnu.dts.innovid.com.akadns.net,top_1m,stevenblack
dts.innovid.com,top_1m,stevenblack
dts.innovid.com.akadns.net,top_1m,stevenblack
dts.startappservice.com,top_1m,stevenblack
dtscout.com,tranco|top_1m,stevenblack
duandep.vn,vietnam_whitelist,hagezi
duapps.com,tranco|top_1m,stevenblack
dub.sh,tranco|top_1m,phishtank|phishing_army
dubai.thelayzf.fyi,top_1m,hagezi
duckdns.org,tranco|top_1m,phishtank
duhquietly.com,tranco|top_1m,stevenblack
dulichdonga.vn,vietnam_whitelist,hagezi
dulichsaigon.vn,vietnam_whitelist,tempest_phishing
dumb1.com,tranco|top_1m,hagezi
duongsatthanhhoa.vn,vietnam_whitelist,tempest_phishing
durax.com.br,top_1m,hagezi
dvgtm.akadns.net,top_1m,stevenblack
dvrlists.com,tranco|top_1m,hagezi
dwin1.com,tranco|top_1m,stevenblack
dwnlds.co,top_1m,tempest_phishing
dx.steelhousemedia.com,top_1m,stevenblack
dydioo.com,top_1m,hagezi
dyn.emetriq.de,top_1m,stevenblack
dynalyst.jp,top_1m,stevenblack
dynamic-dns.net,tranco|top_1m,stevenblack
dynamic.criteo.com,top_1m,stevenblack
dynnamn.ru,top_1m,hagezi
dynssl.com,tranco|top_1m,hagezi
dyntrk.com,tranco|top_1m,stevenblack
dynuddns.net,tranco,hagezi
dynv6.net,tranco,vietnam_blacklist
dz.mmstat.com,top_1m,stevenblack
e-10457.adzerk.net,top_1m,stevenblack
e-9660.adzerk.net,top_1m,stevenblack
e-eu.customeriomail.com,top_1m,stevenblack
e-planning.net,tranco|top_1m,stevenblack
e.cn.miaozhen.com,top_1m,stevenblack
e.connectad.io,top_1m,stevenblack
e.customeriomail.com,top_1m,stevenblack|phishtank
e.de.inmobi.com,top_1m,stevenblack
e.dtscout.com,top_1m,stevenblack
e.imguol.com,top_1m,stevenblack
e.qq.com,top_1m,stevenblack
e.serverbid.com,top_1m,stevenblack
e.zg-api.com,top_1m,stevenblack
e0.extreme-dm.com,top_1m,stevenblack
e01.taggyad.jp,top_1m,stevenblack
e1.emxdgt.com,top_1m,stevenblack
e1.extreme-dm.com,top_1m,stevenblack
e1345286.api.splkmobile.com,top_1m,stevenblack
e2.extreme-dm.com,top_1m,stevenblack
e3.adpushup.com,top_1m,stevenblack
e37364.dscd.akamaiedge.net,top_1m,stevenblack
e44177b6b805.cdn4.forter.com,top_1m,stevenblack
e7876.dscg.akamaiedge.net,top_1m,stevenblack
eacdn.com,tranco|top_1m,stevenblack
eadsrv.com,top_1m,stevenblack
earn.fm,tranco|top_1m,hagezi
east.ads.simpli.fi,top_1m,stevenblack
east.srv.stackadapt.com,top_1m,stevenblack
eastads.simpli.fi,top_1m,stevenblack
eastevents.simpli.fi,top_1m,stevenblack
eastus.trafficmanager.inmobi.com,top_1m,stevenblack
easycounter.com,tranco|top_1m,stevenblack
easyhits4u.com,tranco,stevenblack
easyviettravel.vn,vietnam_whitelist,hagezi
eb2.3lift.com,top_1m,stevenblack
ebayadservices.com,tranco|top_1m,stevenblack
ebible.com,top_1m,tempest_phishing
ec.adadapted.com,top_1m,stevenblack
ecci.com.vn,vietnam_whitelist,hagezi|vietnam_blacklist
ecdn.analysis.fi,top_1m,stevenblack
ecdn.firstimpression.io,top_1m,stevenblack
echip.com.vn,vietnam_whitelist,hagezi
echostar.pl,top_1m,vietnam_blacklist
echotrailharbor.com,top_1m,hagezi
eclats-antivols.fr,top_1m,tempest_phishing
eclick.vn,vietnam_whitelist|tranco|top_1m,stevenblack
eco-tag.jp,top_1m,stevenblack
eco.sapo.pt,top_1m,phishtank
ecs.demdex.net,top_1m,stevenblack
ecs.mb.moatads.com,top_1m,stevenblack
edaa.eu,top_1m,stevenblack
edge-west.customer.io,top_1m,stevenblack
edge.quantserve.com,top_1m,stevenblack
edge.safedk.com,top_1m,stevenblack
edge.uniconsent.com,top_1m,stevenblack
edge.yieldify.com,top_1m,stevenblack
edgecast-vod.yimg.com,top_1m,stevenblack
edu.eu,top_1m,hagezi
educatorpages.com,tranco,hagezi
edutech.com.vn,vietnam_whitelist,tempest_phishing
ee.kobotoolbox.org,top_1m,phishtank
efcad85fded269f462c434c4c5f84654a17d4a77.cws.conviva.com,top_1m,stevenblack
effectivemeasure.net,top_1m,stevenblack
ehuaya.net,top_1m,hagezi
ei.rlcdn.com,top_1m,stevenblack
eks-prod-1b.vungle.com,top_1m,stevenblack
eks-prod-1c.vungle.com,top_1m,stevenblack
eligibility.wootric.com,top_1m,stevenblack
elitere.com.vn,vietnam_whitelist,tempest_phishing
em.dynamicyield.com,top_1m,stevenblack
em.yotpo.com,top_1m,hagezi
email.d.kajabimail.net,top_1m,tempest_phishing
email.mg1.substack.com,top_1m,stevenblack
emailmeform.com,tranco|top_1m,vietnam_blacklist
embed-rech-01.dialog.cm,top_1m,hagezi
embed.secondstreetapp.com,top_1m,stevenblack
embed.sendtonews.com,top_1m,stevenblack
embeds.beehiiv.com,top_1m,phishtank
emetriq.de,tranco|top_1m,stevenblack
emisja.contentstream.pl,top_1m,stevenblack
emjcd.com,tranco|top_1m,stevenblack
emktbbts.com.br,top_1m,tempest_phishing
emktlw.com.br,top_1m,tempest_phishing
emltrk.com,tranco|top_1m,stevenblack
emx-match.dotomi.com,top_1m,stevenblack
emxdgt.com,tranco|top_1m,stevenblack
enabler.datalake.mediaset.it,top_1m,stevenblack
encuestablet.com,top_1m,hagezi
encurtador.com.br,top_1m,hagezi
encurtador.dev,tranco|top_1m,phishtank|phishing_army
end.scorecardresearch.com,top_1m,stevenblack
endingthefed.com,top_1m,hagezi
enews.nanthealth.com,top_1m,tempest_phishing|vietnam_blacklist
engage.commander1.com,top_1m,stevenblack
engage.vzw.com,top_1m,stevenblack
engagebay.com,tranco|top_1m,hagezi
engagelab.cc,tranco|top_1m,stevenblack
engine.4dsply.com,top_1m,stevenblack
engine.adzerk.net,top_1m,stevenblack
engine.fyber.com,top_1m,stevenblack
engine.mobileapptracking.com,top_1m,stevenblack
engine.monetate.net,top_1m,stevenblack
engine.phn.doublepimp.com,top_1m,stevenblack
ensighten.com,tranco|top_1m,stevenblack
entertainrankreprimand.com,top_1m,hagezi
entitlements.jwplayer.com,top_1m,stevenblack
epom.com,top_1m,stevenblack
eq97f.publishers.tremorhub.com,top_1m,stevenblack
eqads.com,tranco|top_1m,stevenblack
equativ-match.dotomi.com,top_1m,stevenblack
equuleus.iad.appboy.com,top_1m,stevenblack
eqy.link,top_1m,stevenblack
erne.co,tranco|top_1m,stevenblack
errlog.umeng.com,top_1m,stevenblack
error.fc2.com,top_1m,stevenblack
errorception.com,top_1m,stevenblack
errors.imrworldwide.com,top_1m,stevenblack
estadisticas.neored.com,top_1m,hagezi|phishtank|phishing_army
esty.com,top_1m,stevenblack
et-eus.w.inmobi.com,top_1m,stevenblack
et-l.w.inmobi.com,top_1m,stevenblack
et.educationdynamics.com,top_1m,stevenblack
et.mobadvent.com,top_1m,stevenblack
et.nytimes.com,top_1m,stevenblack
et.w.eastus.trafficmanager.inmobi.com,top_1m,stevenblack
et.w.inmobi.com,top_1m,stevenblack
etahub.com,tranco|top_1m,stevenblack
etargetnet.com,top_1m,stevenblack
eth.trusteeglobal.com,top_1m,hagezi
etherstress.su,tranco,hagezi
etherwork.net,top_1m,tempest_phishing|vietnam_blacklist
etin.vn,vietnam_whitelist,tempest_phishing
etl.xlmc.sandai.net,top_1m,stevenblack
etracker.com,tranco|top_1m,stevenblack
etracker.de,tranco|top_1m,stevenblack
ets-us-east-1.track.smaato.net,top_1m,stevenblack
eu-api.swrve.com,top_1m,stevenblack
eu-central-1.protection.sophos.com,top_1m,phishtank
eu-content.swrve.com,top_1m,stevenblack
eu-srv.apptornado.com,top_1m,stevenblack
eu-tlx.3lift.com,top_1m,stevenblack
eu-track.inside-graph.com,top_1m,stevenblack
eu-west.load.exelator.com,top_1m,stevenblack
eu.adventori.com,top_1m,stevenblack
eu.criteo.com,top_1m,stevenblack
eu.criteo.net,top_1m,stevenblack
eu.ironplanet.com,top_1m,tempest_phishing
eu.jotform.com,top_1m,phishtank
eu01.nr-data.net,top_1m,stevenblack
eu1-spiky.wzrkt.com,top_1m,stevenblack
eu1.clevertap-prod.com,top_1m,stevenblack
eu2.contabostorage.com,top_1m,phishtank|openphish
eu5.net,top_1m,hagezi
euasync01.admantx.com,top_1m,stevenblack
eulerian.net,top_1m,stevenblack
eum-orange-saas.instana.io,top_1m,stevenblack
eus.rubiconproject.com,top_1m,stevenblack
eus.rubiconproject.com.edgekey.net,top_1m,stevenblack
evbk.gamooga.com,top_1m,stevenblack
event-catch.com,top_1m,hagezi
event-tracking.hellohealthgroup.com,top_1m,stevenblack
event.ad.cpe.dotomi.com,top_1m,stevenblack
event.collector.scopely.io,top_1m,stevenblack
event.havasedge.com,top_1m,stevenblack
event.prod.bidr.io,top_1m,stevenblack
eventlog.outbrain.com,top_1m,stevenblack
eventlogger.soundcloud.com,top_1m,stevenblack
events-api.otherlevels.com,top_1m,stevenblack
events-stream-svc.usw2.cordial.com,top_1m,stevenblack
events-us-east-1.ipredictive.com,top_1m,stevenblack
events-us-west-2.ipredictive.com,top_1m,stevenblack
events.ads.vungle.com,top_1m,stevenblack
events.apester.com,top_1m,stevenblack
events.api.boomtrain.com,top_1m,stevenblack
events.appsflyer.com,top_1m,stevenblack
events.attentivemobile.com,top_1m,stevenblack
events.bouncex.net,top_1m,stevenblack
events.brightline.tv,top_1m,stevenblack
events.browsiprod.com,top_1m,stevenblack
events.cid.samba.tv,top_1m,stevenblack
events.claspws.tv,top_1m,stevenblack
events.popinfo.jp,top_1m,stevenblack
events.privy.com,top_1m,stevenblack
events.simpli.fi,top_1m,stevenblack
events.split.io,top_1m,stevenblack
events.tremorhub.com,top_1m,stevenblack
events.xg4ken.com,top_1m,stevenblack
events2-us-east-1.ipredictive.com,top_1m,stevenblack
everestjs.net,tranco|top_1m,stevenblack
everestjs.net.edgekey.net,top_1m,stevenblack
everesttech.net,tranco|top_1m,stevenblack
evergage.com,tranco|top_1m,stevenblack
evernote.com,tranco|top_1m,phishtank
evidon.com,tranco|top_1m,stevenblack
evidon.com.edgekey.net,top_1m,stevenblack
evm2.stackadapt.com,top_1m,stevenblack
evs.jivox.com,top_1m,stevenblack
evt.bfmio.com,top_1m,stevenblack
evt.undertone.com,top_1m,stevenblack
evyy.net,tranco|top_1m,stevenblack
ewonsupport.biz,top_1m,hagezi
ewooow.com,top_1m,hagezi
ewp.live,tranco|top_1m,hagezi
ewr-rtb1.rfihub.com,top_1m,stevenblack
ewscripps.112.2o7.net,top_1m,stevenblack
exacttargetapis.com,top_1m,stevenblack
exapi-us-west.rubiconproject.com,top_1m,stevenblack
exc.mob.com,top_1m,stevenblack
exch.quantserve.com,top_1m,stevenblack
exchange.kueezrtb.com,top_1m,stevenblack
execution-use.ci360.sas.com,top_1m,stevenblack
exelator.com,tranco|top_1m,stevenblack
exhibitsneeze.com,top_1m,stevenblack
exit.streamoptim.com,top_1m,hagezi
exmainclcknew.com,tranco|top_1m,hagezi
exness.com,tranco|top_1m,vietnam_blacklist
exoclick.com,tranco|top_1m,stevenblack
exosrv.com,tranco|top_1m,stevenblack
exp.360in.com,top_1m,stevenblack
experience.tinypass.com,top_1m,stevenblack
explorads.com,tranco|top_1m,stevenblack
exponea.com,tranco|top_1m,stevenblack
exponential.com,tranco|top_1m,stevenblack
exposedvocals.com,top_1m,hagezi
express.adobe.com,top_1m,phishtank
ext-inv-cdn.presage.io,top_1m,stevenblack
extend.tv,tranco|top_1m,stevenblack
extrafo.com.vn,vietnam_whitelist,tempest_phishing
extreme-dm.com,tranco|top_1m,stevenblack
extreme-ip-lookup.com,tranco|top_1m,stevenblack
extremereach.com,tranco|top_1m,stevenblack
extremereach.io,tranco|top_1m,stevenblack
extremetracking.com,tranco,stevenblack
eyeota-match.dotomi.com,top_1m,stevenblack
eyeota.net,tranco|top_1m,stevenblack
ezlink.ca,top_1m,stevenblack
ezua.com,tranco|top_1m,hagezi
ezyro.com,top_1m,hagezi
f-emc.ngsp.gov.vn,top_1m,stevenblack
f.gm.mob.com,top_1m,stevenblack
f.monetate.net,top_1m,stevenblack
f.pie.org,top_1m,stevenblack
f000.backblazeb2.com,top_1m,vietnam_blacklist
f002.backblazeb2.com,top_1m,vietnam_blacklist
f005.backblazeb2.com,top_1m,phishtank|urlhaus
faa.vn,vietnam_whitelist,hagezi
fabric.io,top_1m,stevenblack
facebook.com,vietnam_whitelist|tranco|top_1m,vietnam_blacklist
facebooks.com.vn,vietnam_whitelist,hagezi|tempest_phishing|phishtank|phishing_army
fairpool.xyz,top_1m,hagezi
falcoware.com,tranco|top_1m,hagezi|stevenblack
falke.com.vn,vietnam_whitelist,hagezi|tempest_phishing
fallaciousfifth.com,top_1m,stevenblack
fam-8.net,tranco|top_1m,stevenblack
fam-ad.com,top_1m,stevenblack
fandangollc.demdex.net,top_1m,stevenblack
fanserv.us-east-1.stinger-ad.bidr.io,top_1m,stevenblack
fanserv.us-west-2.stinger-ad.bidr.io,top_1m,stevenblack
faqserv.com,tranco|top_1m,hagezi
farawayinstallation.com,vietnam_whitelist|top_1m,stevenblack
farm.plista.com,top_1m,stevenblack
fast.a.klaviyo.com,top_1m,stevenblack
fastapi.net,top_1m,stevenblack
fastclick.net,tranco|top_1m,stevenblack
fastlane.rubiconproject.com,top_1m,stevenblack
fastly-insights.com,tranco|top_1m,stevenblack
fave.co,tranco|top_1m,stevenblack
fc.itmedia.co.jp,top_1m,stevenblack
fcanafta.tt.omtrdc.net,top_1m,stevenblack
fdic.122.2o7.net,top_1m,stevenblack
fdz.flashtalking.com,top_1m,stevenblack
fedex.demdex.net,top_1m,stevenblack
feed.mikle.com,top_1m,stevenblack
feedback.adrecover.com,top_1m,stevenblack
feedback.uc.cn,top_1m,stevenblack
feedimages.simpli.fi,top_1m,stevenblack
feedjit.com,top_1m,stevenblack
feedmob.com,top_1m,stevenblack
feeds.videosz.com,top_1m,stevenblack
feelwarmth.com,top_1m,stevenblack
feg.vn,vietnam_whitelist,hagezi
fei.pro-market.net,top_1m,stevenblack
fev.fyber.com,top_1m,stevenblack
ff.doubleclick.net,top_1m,stevenblack
ffg-analytics-functionsk3nvxfne4dp4s.azurewebsites.net,top_1m,stevenblack
ffm.to,tranco|top_1m,vietnam_blacklist
fgbike.vn,vietnam_whitelist,hagezi
fgp.philacct.com,top_1m,stevenblack
fidelity-media.com,tranco|top_1m,stevenblack
filebaseprotector.com,top_1m,hagezi
filedn.com,top_1m,vietnam_blacklist
files.fm,tranco|top_1m,phishtank
filesharingnow.com,top_1m,tempest_phishing
fillthemap.com,top_1m,stevenblack
filter.adxfactory.com,top_1m,stevenblack
filter.ezmob.com,top_1m,stevenblack
fimserve.ign.com,top_1m,stevenblack
findresultshub.com,tranco,hagezi
firebaselogging-pa.googleapis.com,top_1m,stevenblack
firebaselogging.googleapis.com,top_1m,stevenblack
firebasestorage.googleapis.com,top_1m,phishtank|urlhaus|vietnam_blacklist
fireworkanalytics.com,top_1m,stevenblack
firstimpression.io,tranco|top_1m,stevenblack
fishingtoolsbox.com,tranco|top_1m,stevenblack
fivecdm.com,tranco|top_1m,stevenblack
fixedfold.com,tranco|top_1m,stevenblack
fizzylabs.afftrack.com,top_1m,stevenblack
fjordsand.com,top_1m,stevenblack
flagcounter.com,tranco|top_1m,stevenblack
flairadscpc.com,tranco|top_1m,stevenblack
flankspeed.sharepoint-mil.us,top_1m,vietnam_blacklist
flash.cn,top_1m,hagezi
flash.sec.intl.miui.com,top_1m,stevenblack
flashrewards.co,tranco,stevenblack
flashtalking.com,tranco|top_1m,stevenblack
flashtalking.com.edgekey.net,top_1m,stevenblack
flex.msn.com,top_1m,stevenblack
flintazimuth.top,top_1m,hagezi
flow.page,tranco|top_1m,phishtank
flowcode.com,tranco|top_1m,phishtank
fls-na.amazon-adsystem.com,top_1m,stevenblack
fls-na.amazon.com,top_1m,stevenblack
fls.doubleclick.net,top_1m,stevenblack
flurry.com,tranco|top_1m,stevenblack
flushpersist.com,tranco|top_1m,hagezi
flyingcroc.com,tranco,stevenblack
fm.duokanbox.com,top_1m,stevenblack
fm.ipinyou.com,top_1m,stevenblack
fo-api.omnitagjs.com,top_1m,stevenblack
focar.vn,vietnam_whitelist,tempest_phishing|vietnam_blacklist
focas.jp,top_1m,stevenblack
fod-cm-ad-v.webcdn.stream.ne.jp,top_1m,stevenblack
fontserif.com,top_1m,stevenblack
footprintdns.com,tranco|top_1m,stevenblack
ford.demdex.net,top_1m,stevenblack
foresee.com,tranco|top_1m,stevenblack
foreskin.cc,tranco|top_1m,hagezi
form-builder-en.pifyapp.com,top_1m,phishtank
form.123formbuilder.com,top_1m,phishtank
form.asana.com,top_1m,phishtank
form.jotform.com,top_1m,phishtank|vietnam_blacklist
form.typeform.com,top_1m,phishtank
formalhood.com,top_1m,stevenblack
format.prod.cloud.ogury.io,top_1m,stevenblack
forms.app,tranco|top_1m,phishtank
forms.aweber.com,top_1m,phishtank
forms.clickup.com,top_1m,phishtank
forms.cloud.microsoft,top_1m,phishtank
forms.gle,tranco|top_1m,phishtank
forms.office.com,top_1m,phishtank
forms.zohopublic.com,top_1m,phishtank
forthnet.gr,tranco|top_1m,hagezi
fota5.adups.cn,top_1m,stevenblack
fota5.adups.com,top_1m,stevenblack
fota5p.adups.com,top_1m,stevenblack
fota5s.adups.cn,top_1m,stevenblack
fota5s.adups.com,top_1m,stevenblack
fota5t.adups.com,top_1m,stevenblack
found.ee,tranco|top_1m,stevenblack|vietnam_blacklist
fourlevelsgame.com,tranco|top_1m,stevenblack
fout.jp,tranco|top_1m,stevenblack
fox.com.ssl.d2.sc.omtrdc.net,top_1m,stevenblack
foxnews.demdex.net,top_1m,stevenblack
foxnews.hb.omtrdc.net,top_1m,stevenblack
foxnews.tt.omtrdc.net,top_1m,stevenblack
fp.metricswpsh.com,top_1m,stevenblack
fpjs.io,tranco|top_1m,stevenblack
fpjscdn.net,tranco|top_1m,stevenblack
fpt-vietnam.com.vn,vietnam_whitelist,tempest_phishing
fqtag.com,top_1m,stevenblack
fr-gmtdmp.mookie1.com,top_1m,stevenblack
fr.wikimini.org,top_1m,vietnam_blacklist
fra-01.braze.eu,top_1m,stevenblack
fra-col.eum-appdynamics.com,top_1m,stevenblack
fra1-ib.adnxs-simple.com,top_1m,stevenblack
fra1-ib.adnxs.com,top_1m,stevenblack
framer.com,tranco|top_1m,phishtank
fraud-assistance.com,top_1m,tempest_phishing
fraud.adjoe.zone,top_1m,stevenblack
freebitco.in,tranco|top_1m,vietnam_blacklist
freecounterstat.com,tranco,stevenblack
freeforums.org,tranco|top_1m,stevenblack
freegeoip.net,tranco|top_1m,stevenblack
freesam.kt.com,top_1m,stevenblack
freestar-d.openx.net,top_1m,stevenblack
freestar-io.videoplayerhub.com,top_1m,stevenblack
freestats.com,top_1m,stevenblack
freetcp.com,tranco|top_1m,hagezi
freewheel-match.dotomi.com,top_1m,stevenblack
freewheel.com,top_1m,stevenblack
freewheel.tv,top_1m,stevenblack
freshrelevance.com,top_1m,stevenblack
fromjoytohappiness.com,top_1m,stevenblack
frtn.socdm.com,top_1m,stevenblack
fsw.vn,vietnam_whitelist,hagezi
ftjcfx.com,top_1m,stevenblack
fullstory.com,tranco|top_1m,stevenblack
functionalfeather.com,top_1m,stevenblack
fundingchoicesmessages.google.com,vietnam_whitelist|top_1m,stevenblack
funnel-assets.startappservice.com,top_1m,stevenblack
funnelytics.io,tranco|top_1m,stevenblack
funnygame.vn,vietnam_whitelist,vietnam_blacklist
funtoyplanet.com,top_1m,stevenblack
fuse.forbes.com,top_1m,stevenblack
fuseplatform.net,tranco|top_1m,stevenblack
fw.adsafeprotected.com,top_1m,stevenblack
fwcdn1.com,top_1m,stevenblack
fwcdn2.com,top_1m,stevenblack
fwh.is,top_1m,hagezi
fwiwk.biz,top_1m,hagezi
fwmrm.net,tranco|top_1m,stevenblack
fxpro.vn,vietnam_whitelist,hagezi|vietnam_blacklist
fzip.thanhnien.vn,top_1m,stevenblack
g.3gl.net,top_1m,stevenblack
g.adspeed.net,top_1m,stevenblack
g.c.appier.net,top_1m,stevenblack
g.cn.miaozhen.com,top_1m,stevenblack
g.doubleclick.net,top_1m,stevenblack
g.eclick.vn,top_1m,stevenblack
g.jwpsrv.com,top_1m,stevenblack
g.s.360.cn,top_1m,stevenblack
g1.v.fwmrm.net,top_1m,stevenblack
g1max.mediav.com,top_1m,stevenblack
g2.gumgum.com,top_1m,stevenblack
g2afse.com,tranco|top_1m,stevenblack
g7edu.vn,vietnam_whitelist,hagezi
ga-beacon.appspot.com,top_1m,stevenblack
ga.clearbit.com,top_1m,stevenblack
gachchiulua.com.vn,vietnam_whitelist,hagezi
gadzooksrudely.com,tranco|top_1m,stevenblack
gahu.hit.gemius.pl,top_1m,stevenblack
gameanalysis.appcpi.net,top_1m,stevenblack
gameanalytics.com,tranco|top_1m,stevenblack
gamer.gd,top_1m,hagezi
gaming001.site,top_1m,stevenblack
gammaplatform.com,vietnam_whitelist|tranco|top_1m,stevenblack
ganon.yahoo.com,top_1m,stevenblack
gapl.hit.gemius.pl,top_1m,stevenblack
garage.com.vn,vietnam_whitelist,hagezi
garage.vn,vietnam_whitelist,tempest_phishing
garrena.vn,vietnam_whitelist,tempest_phishing|vietnam_blacklist
garss.tv,top_1m,stevenblack
gaspra.iad-03.braze.com,top_1m,stevenblack
gasurvey.gemius.com,top_1m,stevenblack
gateway.adrta.com,top_1m,stevenblack
gateway.answerscloud.com,top_1m,stevenblack
gateway.foresee.com,top_1m,stevenblack
gateway.unityads.unity3d.com,top_1m,stevenblack
gateway.yieldify-production.com,top_1m,stevenblack
gatr.hit.gemius.pl,top_1m,stevenblack
gaug.es,tranco|top_1m,stevenblack
gazeta.hit.gemius.pl,top_1m,stevenblack
gb-gmtdmp.mookie1.com,top_1m,stevenblack
gbc.criteo.com,top_1m,stevenblack
gbc0.da.us.criteo.com,top_1m,stevenblack
gbc1.da.us.criteo.com,top_1m,stevenblack
gbc2.da.us.criteo.com,top_1m,stevenblack
gbc3.da.us.criteo.com,top_1m,stevenblack
gbc4.da.us.criteo.com,top_1m,stevenblack
gbc5.da.us.criteo.com,top_1m,stevenblack
gbc6.da.us.criteo.com,top_1m,stevenblack
gbc7.da.us.criteo.com,top_1m,stevenblack
gbc8.da.us.criteo.com,top_1m,stevenblack
gbw.cmpc.fun,top_1m,hagezi
gcd-s2s.appsflyer.com,top_1m,stevenblack
gcdn.2mdn.net,top_1m,stevenblack
gcdsdk.appsflyer.com,top_1m,stevenblack
gce-or.bidswitch.net,top_1m,stevenblack
gce-sc.bidswitch.net,top_1m,stevenblack
gcloud.bluecava.com,top_1m,stevenblack
gcmast-cdn.goldspotmedia.com,top_1m,stevenblack
gcore.lu,top_1m,hagezi
gd.geobytes.com,top_1m,stevenblack
gd1.mookie1.com,top_1m,stevenblack
gdelt.hit.gemius.pl,top_1m,stevenblack
gdeslon.ru,tranco|top_1m,stevenblack
gdpr.rw.yieldmo.com,top_1m,stevenblack
gem.gbc.criteo.com,top_1m,stevenblack
gem.godaddy.com,top_1m,phishtank
gemini.yahoo.com,top_1m,stevenblack
gemius.pl,tranco|top_1m,stevenblack
geni.us,tranco|top_1m,vietnam_blacklist
geniee.jp,tranco|top_1m,stevenblack
genieedmp.com,tranco|top_1m,stevenblack
genieessp.com,tranco|top_1m,stevenblack
genieesspv.jp,tranco|top_1m,stevenblack
genmonet.com,vietnam_whitelist|top_1m,stevenblack
genspark.ai,tranco|top_1m,phishtank|phishing_army
geo-tracker.smadex.com,top_1m,stevenblack
geo.adobe.com,top_1m,stevenblack
geo.adpushup.com,top_1m,stevenblack
geo.celtra.com,top_1m,stevenblack
geo.moatads.com,top_1m,stevenblack
geo.qualaroo.com,top_1m,stevenblack
geo.query.yahoo.com,top_1m,stevenblack
geo.yahoo.com,top_1m,stevenblack
geoclue.smaato.net,top_1m,stevenblack
geocode.usefomo.com,top_1m,stevenblack
geodns.tubemogul.com,top_1m,stevenblack
geoip-db.com,top_1m,stevenblack
geoip.businessinsider.com,top_1m,stevenblack
geoip.cookieyes.com,top_1m,stevenblack
geolocation-db.com,tranco|top_1m,stevenblack
geolocation.forbes.com,top_1m,stevenblack
geolocation.onetrust.com,top_1m,stevenblack
geoplugin.net,tranco|top_1m,stevenblack
georiot.com,top_1m,stevenblack
geoworker.ayads.co,top_1m,stevenblack
get.civicscience.com,top_1m,stevenblack
get.optad360.io,top_1m,stevenblack
get.s-onetag.com,top_1m,stevenblack
getclicky.com,tranco|top_1m,stevenblack
getiton.com,top_1m,stevenblack
getrockerbox.com,tranco|top_1m,stevenblack
gg.bet,tranco,stevenblack|vietnam_blacklist
gg.gg,tranco,tempest_phishing|vietnam_blacklist
ggcgz9efo8p2lfg7whfr.org,top_1m,hagezi
ggff.net,tranco,hagezi
gh-proxy.com,tranco|top_1m,hagezi
gh-proxy.org,top_1m,hagezi
ghb.adtelligent.com,top_1m,stevenblack
ghb.console.adtarget.com.tr,top_1m,stevenblack
ghb1.adtelligent.com,top_1m,stevenblack
ghb2.adtelligent.com,top_1m,stevenblack
ghent-gce-sc.bidswitch.net,top_1m,stevenblack
ght.kernh41.com,vietnam_whitelist|top_1m,stevenblack
gi-js.genieessp.com,top_1m,stevenblack
gia-loi.com.vn,vietnam_whitelist,tempest_phishing|vietnam_blacklist
giaidaulmht.vn,vietnam_whitelist,tempest_phishing|vietnam_blacklist
giaidauonline.vn,vietnam_whitelist,tempest_phishing|vietnam_blacklist
giaipadpro.com.vn,vietnam_whitelist,tempest_phishing
giaitripro.com.vn,vietnam_whitelist,tempest_phishing
giaxenhapkhau.vn,vietnam_whitelist,tempest_phishing
giaydantuongminhdang.vn,vietnam_whitelist,tempest_phishing
giaynhiet.vn,vietnam_whitelist,hagezi
giayphepwebsite.vn,vietnam_whitelist,hagezi|tempest_phishing|vietnam_blacklist
ginf.adfurikun.jp,top_1m,stevenblack
ginuary.com,tranco,hagezi
girls-chat.tv,tranco,stevenblack
github.com,vietnam_whitelist|tranco|top_1m,urlhaus
gj.applog.uc.cn,top_1m,stevenblack
gj.mmstat.com,top_1m,stevenblack
gjapplog.uc.cn,top_1m,stevenblack
gjapplog.ucweb.com,top_1m,stevenblack
gjtrack.ucweb.com,top_1m,stevenblack
glam.com,top_1m,stevenblack
glance-internal.inmobi.com,top_1m,stevenblack
glance.inmobi.com,top_1m,stevenblack
glance.l.inmobicdn.net,top_1m,stevenblack
glasscoyote.com,top_1m,stevenblack
glitch.com,tranco,phishtank
glitter.services.disqus.com,top_1m,stevenblack
global-sis.api.engagelab.cc,top_1m,stevenblack
global-sis.engagelab.com,top_1m,stevenblack
global-websis.api.engagelab.cc,top_1m,stevenblack
global-wildcard.insightexpressai.com.edgekey.net,top_1m,stevenblack
global.appnext.com,top_1m,stevenblack
global.event.prod.bidr.io,top_1m,stevenblack
global.imrworldwide.com,top_1m,stevenblack
global.px.quantserve.com,top_1m,stevenblack
global.telemetry.insights.video.a2z.com,top_1m,stevenblack
global.ymtracking.com,top_1m,stevenblack
globalconfig.bluedot.io,top_1m,stevenblack
glossom.jp,top_1m,stevenblack
glssp.net,top_1m,stevenblack
gm.demdex.net,top_1m,stevenblack
gm.mmstat.com,top_1m,stevenblack
gm.mob.com,top_1m,stevenblack
gmial.com,top_1m,stevenblack
gmossp-sp.jp,tranco|top_1m,stevenblack
gmtdmp.mookie1.com,top_1m,stevenblack
go-mpulse.net,tranco|top_1m,stevenblack
go.affec.tv,top_1m,stevenblack
go.clickwww.com,top_1m,stevenblack
go.eu.sparkpostmail1.com,top_1m,stevenblack
go.pardot.com,top_1m,phishtank
go.redirectingat.com,top_1m,stevenblack
go.shareaholic.com,top_1m,stevenblack
go.skimresources.com,top_1m,stevenblack
go.sonobi.com,top_1m,stevenblack
go.sparkpostmail.com,top_1m,phishtank
go.stripchat.com,top_1m,stevenblack
go.xlirdr.com,top_1m,stevenblack
go1.aniview.com,top_1m,stevenblack
go2affise.com,tranco|top_1m,stevenblack
goadservices.com,tranco|top_1m,stevenblack
gocarrot.com,tranco|top_1m,stevenblack
gocm.c.appier.net,top_1m,stevenblack
goeco.link,top_1m,tempest_phishing|vietnam_blacklist
gofile.io,tranco|top_1m,phishtank
goldena.vn,vietnam_whitelist,hagezi
goldspotmedia.com,tranco|top_1m,stevenblack
golmart.com.vn,vietnam_whitelist,hagezi
gomdaviet.vn,vietnam_whitelist,tempest_phishing
gomsuyenlam.vn,vietnam_whitelist,hagezi
gone.vn,vietnam_whitelist,vietnam_blacklist
goo.su,tranco|top_1m,phishtank
goodsgood.vn,vietnam_whitelist,hagezi
goodsteel.vn,vietnam_whitelist,hagezi
google-analytics.com,tranco|top_1m,stevenblack
google-shopping-v2.sapoapps.vn,top_1m,stevenblack
google.co.kr,tranco|top_1m,phishtank
google.com,tranco|top_1m,phishtank|urlhaus
google.com.bn,tranco|top_1m,phishtank
google.com.hk,tranco|top_1m,phishtank
google.fr,tranco|top_1m,phishtank
google.hr,tranco|top_1m,phishtank
google.it,tranco|top_1m,phishtank
google.lt,tranco|top_1m,phishtank
google.nl,tranco|top_1m,phishtank
google.tn,tranco|top_1m,vietnam_blacklist
googleads.g.doubleclick.net,vietnam_whitelist|top_1m,stevenblack|phishtank
googleads4.g.doubleclick.net,top_1m,stevenblack
googleadservices.com,tranco|top_1m,stevenblack|phishtank
googleanalytics.com,top_1m,stevenblack
googlecm.hit.gemius.pl,top_1m,stevenblack
googledv-match.dotomi.com,top_1m,stevenblack
googlemark.info,top_1m,hagezi
googlesyndication.com,tranco|top_1m,stevenblack
googletagmanager.com,tranco|top_1m,stevenblack|phishtank
googletagservices.com,tranco|top_1m,stevenblack
goole.com.vn,vietnam_whitelist,hagezi
gooogle.com.vn,vietnam_whitelist,hagezi
gostats.vn,vietnam_whitelist,stevenblack
gotecland.vn,vietnam_whitelist,tempest_phishing
goto-target-com.customtraffic.impactradius.com,top_1m,stevenblack
gotoip55.com,tranco|top_1m,stevenblack
gotrip.vn,vietnam_whitelist,tempest_phishing|vietnam_blacklist
gotu.tpbid.com,top_1m,stevenblack
gov.aniview.com,top_1m,stevenblack
govalue.de,tranco,hagezi
grandpagooseberrygently.com,top_1m,hagezi
graph.accountkit.com,top_1m,stevenblack
graph.bluecava.com,top_1m,stevenblack
graph.gcloud.bluecava.com,top_1m,stevenblack
gravatar.com,tranco|top_1m,phishtank
greatdexchange.com,top_1m,hagezi|stevenblack
green.erne.co,top_1m,stevenblack
greenmat.com.vn,vietnam_whitelist,tempest_phishing
greentownbinhtan.com.vn,vietnam_whitelist,hagezi
greenweb.vn,vietnam_whitelist,hagezi
gremimedia.pl,top_1m,stevenblack
grid-bidder.criteo.com,top_1m,stevenblack
grid.bidswitch.net,top_1m,stevenblack
griffin.whizti.com,top_1m,tempest_phishing
grmtech.net,top_1m,stevenblack
groovespacing.com,top_1m,stevenblack
groundtruth.com,tranco|top_1m,stevenblack
groupm.com,top_1m,stevenblack
growthrx.in,tranco|top_1m,stevenblack
gruppa99.com,top_1m,tempest_phishing
gscontxt.net,tranco|top_1m,stevenblack
gscounters.us1.gigya.com,top_1m,stevenblack
gsgir.122.2o7.net,top_1m,stevenblack
gslbeacon.lijit.com,top_1m,stevenblack
gsspat.jp,tranco|top_1m,stevenblack
gsspcln.jp,tranco|top_1m,stevenblack
gssprt.jp,tranco|top_1m,stevenblack
gtrack.kueezrtb.com,top_1m,stevenblack
guardianapps.co.uk,tranco|top_1m,stevenblack
gulfgatebahrain.com,top_1m,hagezi
gum.criteo.com,top_1m,stevenblack
gumgum.com,tranco|top_1m,stevenblack
gurgle.zdbb.net,top_1m,stevenblack
gv1.xdrig.com,top_1m,stevenblack
gvc.vn,vietnam_whitelist,stevenblack
gw.geoedge.be,top_1m,stevenblack
gw.mediation.unity3d.com,top_1m,stevenblack
gwallet.com,tranco|top_1m,stevenblack
gwin.com.vn,vietnam_whitelist,hagezi
gwiq-v3.globalwebindex.net,top_1m,stevenblack
gwiqcdn.globalwebindex.net,top_1m,stevenblack
gwmtracking.com,tranco|top_1m,stevenblack
gwoyexafcx.com,top_1m,hagezi|tempest_phishing
gwoyexafcx.red,top_1m,hagezi|tempest_phishing
gyazo.com,tranco|top_1m,phishtank
h-adashx.ut.taobao.com,top_1m,stevenblack
h-adashx4ae.ut.taobao.com,top_1m,stevenblack
h-sdk.online-metrix.net,top_1m,stevenblack
h.accesstrade.net,top_1m,stevenblack
h.nexac.com,top_1m,stevenblack
h.online-metrix.net,top_1m,stevenblack
h30-deploy.hiconversion.com,top_1m,stevenblack
ha.pushwoosh.com,top_1m,stevenblack
habeco-p.vn,vietnam_whitelist,hagezi
habiculpize.com,top_1m,hagezi
hacklike.vn,vietnam_whitelist,vietnam_blacklist
haithang.vn,vietnam_whitelist,tempest_phishing
hakverdi.net,top_1m,hagezi
hal9000.redintelligence.net,top_1m,stevenblack
hamsterspot.com,top_1m,stevenblack
handyfireman.com,top_1m,stevenblack
hangfashion.com.vn,vietnam_whitelist,tempest_phishing
hao.360.cn,top_1m,stevenblack
haolebenshi.cyou,tranco,hagezi
hara.vn,vietnam_whitelist,hagezi
hardstresser.st,tranco,hagezi
hathanhdecor.vn,vietnam_whitelist,hagezi|tempest_phishing
hatrung.com.vn,vietnam_whitelist,hagezi
havasedge.com,tranco|top_1m,stevenblack
havenworks.com,top_1m,hagezi
haylentieng.vn,vietnam_whitelist,hagezi
hb-api.omnitagjs.com,top_1m,stevenblack
hb.adscale.de,top_1m,stevenblack
hb.afl.rakuten.co.jp,top_1m,stevenblack
hb.aralego.com,top_1m,stevenblack
hb.brainlyads.com,top_1m,stevenblack
hb.emxdgt.com,top_1m,stevenblack
hb.gammaplatform.com,top_1m,stevenblack
hb.minutemedia-prebid.com,top_1m,stevenblack
hb.omtrdc.net,top_1m,stevenblack
hb.rayjump.com,top_1m,stevenblack
hb.undertone.com,top_1m,stevenblack
hb.vntsm.com,top_1m,stevenblack
hb.yellowblue.io,top_1m,stevenblack
hbb.afl.rakuten.co.jp,top_1m,stevenblack
hbbtv.mediaset.net,top_1m,stevenblack
hbi-ingest.net,top_1m,stevenblack
hblg.media.net,top_1m,stevenblack
hbopenbid.pubmatic.com,top_1m,stevenblack
hbrc.pubnative.net,top_1m,stevenblack
hbsdk-config.log.smaato.net,top_1m,stevenblack
hbsdk-event.log.smaato.net,top_1m,stevenblack
hbx.media.net,top_1m,stevenblack
hd.mmstat.com,top_1m,stevenblack
hdbkell.com,top_1m,urlhaus
healthit.live,top_1m,stevenblack
heapanalytics.com,tranco|top_1m,stevenblack
hearst.blueconic.net,top_1m,stevenblack
hela.vn,vietnam_whitelist,hagezi
hellobar.com,tranco|top_1m,stevenblack
hellpdesk.net,top_1m,tempest_phishing
helps.live,top_1m,hagezi
hentaivietsub.com,tranco|top_1m,hagezi
hexagon-analytics.com,tranco|top_1m,stevenblack
hiepphat.com.vn,vietnam_whitelist,hagezi
highperformanceformat.com,tranco|top_1m,hagezi
hikvision-cctv.su,tranco|top_1m,hagezi
hiperdex.com,tranco,stevenblack
hippogrypos.com,top_1m,hagezi
hiram.iad-03.braze.com,top_1m,stevenblack
histats.com,tranco|top_1m,stevenblack
hit.stat24.com,top_1m,stevenblack
hit.ua,tranco|top_1m,stevenblack
hitboom.net,top_1m,stevenblack
hitbox.com,top_1m,stevenblack
hits-i.iubenda.com,top_1m,stevenblack
hits.europuls.eu,top_1m,stevenblack
hits.informer.com,top_1m,stevenblack
hits.puls.lv,top_1m,stevenblack
hits.sh,top_1m,stevenblack
hitslink.com,top_1m,stevenblack
hitwebcounter.com,tranco|top_1m,stevenblack
hlog.hiido.com,top_1m,stevenblack
hlserve.com,top_1m,stevenblack
hm.baidu.com,top_1m,stevenblack
hn.inspectlet.com,top_1m,stevenblack
hoamaitour.vn,vietnam_whitelist,hagezi
hoatulip.edu.vn,vietnam_whitelist,tempest_phishing
hoc360.vn,vietnam_whitelist,hagezi
hocseo.com.vn,vietnam_whitelist,hagezi
hocvientaichinh.com.vn,vietnam_whitelist,hagezi
hoidoanhnghiepquan5.com.vn,vietnam_whitelist,tempest_phishing
holantonsong.vn,vietnam_whitelist,hagezi
holder.com.ua,top_1m,stevenblack
home-app-j9.com,top_1m,hagezi
home-mobile-j9.com,top_1m,hagezi
homedepot.tt.omtrdc.net,top_1m,stevenblack
homedutech.com,top_1m,tempest_phishing
homingbeacon.net,top_1m,hagezi
honeynet.vn,vietnam_whitelist,vietnam_blacklist
hoo.be,tranco|top_1m,phishtank
horizon.sailthru.com,top_1m,stevenblack
host-it.co.uk,tranco,stevenblack
host2trust.com,tranco,tempest_phishing
hoster-test.ru,top_1m,hagezi
hostingprod.com,top_1m,stevenblack
hostiran.name,top_1m,hagezi
hot-local-babes.com,top_1m,hagezi
hot-mob.com,top_1m,stevenblack
hotapi-va.isnssdk.com,top_1m,stevenblack
hotfile.com,tranco|top_1m,hagezi
hotjar.com,tranco|top_1m,stevenblack
hotlog.ru,tranco,stevenblack
hotmaal.tv,tranco,hagezi
hotzxgirl.com,tranco|top_1m,stevenblack
houmoowhaustoul.net,tranco|top_1m,hagezi
house-spirit.com,top_1m,hagezi
howdoesin.net,top_1m,stevenblack
hpr.outbrain.com,top_1m,stevenblack
hq1.appsflyer.com,top_1m,stevenblack
href.li,tranco|top_1m,phishtank
hrzn-nxt.com,tranco|top_1m,stevenblack
hs-analytics.net,tranco|top_1m,stevenblack
hs-banner.com,tranco|top_1m,stevenblack
hs.interpolls.com,top_1m,stevenblack
hsadspixel.net,tranco|top_1m,stevenblack
hsleadflows.net,top_1m,stevenblack
hsn.uqhv.net,top_1m,stevenblack
hst.tradedoubler.com,top_1m,stevenblack
htlb.casalemedia.com,top_1m,stevenblack
htlbid.com,tranco|top_1m,stevenblack
html-5.me,top_1m,hagezi
html-load.cc,tranco|top_1m,stevenblack
html-load.com,tranco|top_1m,stevenblack
html5.adsrvr.org,top_1m,stevenblack
html5.gamemonetize.com,top_1m,stevenblack
htnv.com.vn,vietnam_whitelist,hagezi
httpkafka.unityads.unity3d.com,top_1m,stevenblack
httpring.qq.com,top_1m,stevenblack
https.protected-forms.com,top_1m,tempest_phishing
hub.com.pl,top_1m,stevenblack
hubs.ly,tranco|top_1m,phishtank|phishing_army
hubspotlinks.com,tranco|top_1m,stevenblack
hueadsortb.com,top_1m,stevenblack
hueadsxml.com,tranco|top_1m,stevenblack
hugedomains.com,tranco|top_1m,stevenblack
hulu.hb.omtrdc.net,top_1m,stevenblack
hungphatinvest.vn,vietnam_whitelist,tempest_phishing
hungphatjsc.com.vn,vietnam_whitelist,hagezi|tempest_phishing
huntingtonbank.tt.omtrdc.net,top_1m,stevenblack
huongan.com.vn,vietnam_whitelist,tempest_phishing
huq-query-loggers-california-3cec807da3e9dc0d.elb.us-west-1.amazonaws.com,top_1m,stevenblack
huq-query-loggers-europe-west1-32ef7f4bbf54ce27.elb.eu-west-1.amazonaws.com,top_1m,stevenblack
hv.adingo.jp,top_1m,stevenblack
hw-cdn.contentabc.com,top_1m,stevenblack
hw-cdn.trafficjunky.net,top_1m,stevenblack
hw-cdn2.adtng.com,top_1m,stevenblack
hybird.mtgglobals.com,top_1m,stevenblack
hybridclient.naiadsystems.com,top_1m,stevenblack
hyprmx.com,tranco|top_1m,stevenblack
i-adq.mediation.unity3d.com,top_1m,stevenblack
i-mobile.co.jp,tranco|top_1m,stevenblack
i-sdk.mediation.unity3d.com,top_1m,stevenblack
i-younet.ne.jp,top_1m,stevenblack
i-z-p-r.com,top_1m,hagezi
i.adfurikun.jp,top_1m,stevenblack
i.adingo.jp,top_1m,stevenblack
i.amoad.com,top_1m,stevenblack
i.cdn.cnn.com,top_1m,stevenblack
i.clean.gg,top_1m,stevenblack
i.clickagy.com,top_1m,stevenblack
i.connectad.io,top_1m,stevenblack
i.ctnsnet.com,top_1m,stevenblack
i.gridsumdissector.com,top_1m,stevenblack
i.ibb.co,vietnam_whitelist|top_1m,urlhaus
i.idio.co,top_1m,stevenblack
i.imedia.cz,top_1m,stevenblack
i.ipromote.com,top_1m,stevenblack
i.isnssdk.com,top_1m,stevenblack
i.kissmetrics.com,top_1m,stevenblack
i.l-dsp.inmobicdn.net,top_1m,stevenblack
i.l-new.inmobicdn.net,top_1m,stevenblack
i.l.inmobicdn.net,top_1m,stevenblack
i.liadm.com,top_1m,stevenblack
i.loopme.me,top_1m,stevenblack
i.matheranalytics.com,top_1m,stevenblack
i.mixadvert.com,top_1m,stevenblack
i.peer4you.net,top_1m,hagezi
i.seznam.cz,top_1m,stevenblack
i.simpli.fi,top_1m,stevenblack
i.singular.net,top_1m,stevenblack
i.skimresources.com,top_1m,stevenblack
i.smartnews-ads.com,top_1m,stevenblack
i.socdm.com,top_1m,stevenblack
i.w55c.net,top_1m,stevenblack
i2ad.jp,tranco|top_1m,stevenblack
i305175.net,tranco|top_1m,stevenblack
iabusprivacy.pmc.com,top_1m,stevenblack
iad-01.braze.com,top_1m,stevenblack
iad-03.appboy.com,top_1m,stevenblack
iad-03.braze.com,top_1m,stevenblack
iad-06.braze.com,top_1m,stevenblack
iad-08.braze.com,top_1m,stevenblack
iad-2-apex.go.sonobi.com,top_1m,stevenblack
iad-2-sync.go.sonobi.com,top_1m,stevenblack
iad-2.go.sonobi.com,top_1m,stevenblack
iad-usadmm-ds.dotomi.com,top_1m,stevenblack
iad-usadmm.dotomi.com,top_1m,stevenblack
iad.anm.co.uk,top_1m,stevenblack
iad.appboy.com,top_1m,stevenblack
iad.g.163.com,top_1m,stevenblack
iad1.ipromote.com,top_1m,stevenblack
iad2.ipromote.com,top_1m,stevenblack
iad3.ipromote.com,top_1m,stevenblack
iad4.ipromote.com,top_1m,stevenblack
iadctest.qwapi.com,top_1m,stevenblack
iads.staticscdn.net,vietnam_whitelist|top_1m,stevenblack
iadsdk.apple.com,top_1m,stevenblack
ialaddin.genieesspv.jp,top_1m,stevenblack
iapp.vn,vietnam_whitelist,hagezi
iaudienc.com,tranco|top_1m,stevenblack
ib.3lift.com,top_1m,stevenblack
ib.adnxs-simple.com,top_1m,stevenblack
ib.adnxs.com,top_1m,stevenblack|phishtank
ib.anycast.adnxs.com,top_1m,stevenblack
ib.mookie1.com,top_1m,stevenblack
ib.sin1.geoadnxs.com,top_1m,stevenblack
ibilisk.iad-01.braze.com,top_1m,stevenblack
iblogger.org,top_1m,hagezi
ic.tynt.com,top_1m,stevenblack
iceiy.com,top_1m,hagezi
ichannel.isnssdk.com,top_1m,stevenblack
ichnaea-web.netflix.com,top_1m,stevenblack
icmarkets.com,tranco|top_1m,vietnam_blacklist
icon-uap.iads.unity3d.com,top_1m,stevenblack
icptrack.com,tranco|top_1m,stevenblack
icr.vn,vietnam_whitelist,tempest_phishing
icredit.vn,vietnam_whitelist,hagezi
ict-backan.gov.vn,vietnam_whitelist,tempest_phishing
id.analytics.glance.inmobi.com,top_1m,stevenblack
id.cxense.com,top_1m,stevenblack
id.jixie.io,top_1m,stevenblack
id.rlcdn.com,top_1m,stevenblack
id.sv.rkdms.com,top_1m,stevenblack
id.tinypass.com,top_1m,stevenblack
id5-sync.com,tranco|top_1m,stevenblack
identity.mparticle.com,top_1m,stevenblack
idevaffiliate.com,top_1m,stevenblack
idm.hit.gemius.pl,top_1m,stevenblack
idp.vn,vietnam_whitelist,tempest_phishing|vietnam_blacklist
idpix.media6degrees.com,top_1m,stevenblack
ids-dmp.vpadn.com,top_1m,stevenblack
ids.ad.gt,top_1m,stevenblack
ids.cdnwidget.com,top_1m,stevenblack
idsync.reson8.com,top_1m,stevenblack
idsync.rlcdn.com,top_1m,stevenblack
idsync.segment.com,top_1m,stevenblack
idt.vn,vietnam_whitelist,hagezi
iesnare.com,tranco|top_1m,stevenblack
ifa.edu.vn,vietnam_whitelist,tempest_phishing
ifaplanet.com,tranco,tempest_phishing
igli.me,tranco,phishtank
ih.adscale.de,top_1m,stevenblack
ihago.net,tranco|top_1m,vietnam_blacklist
ihavefriendseverywhere.xyz,tranco|top_1m,hagezi
ilikecircumcised.com,tranco|top_1m,hagezi
iloveyourweewee.bz,tranco|top_1m,hagezi
ilvecchiofrantoio.info,top_1m,hagezi
ilyonanalytics.herokuapp.com,top_1m,stevenblack
im-apps.net,tranco|top_1m,stevenblack
im.ov.yahoo.co.jp,top_1m,stevenblack
im64.jpush.cn,top_1m,stevenblack
imagazine.advertserve.com,top_1m,stevenblack
image.bypass.jp,top_1m,stevenblack
image.cauly.co.kr,top_1m,stevenblack
image.influenster.com,top_1m,stevenblack
image.j-a-net.jp,top_1m,stevenblack
image.moengage.com,top_1m,stevenblack
image.moshimo.com,top_1m,stevenblack
image.richrelevance.com,top_1m,stevenblack
image2.pubmatic.com,top_1m,stevenblack
image2url.com,tranco|top_1m,hagezi
image4.pubmatic.com,top_1m,stevenblack
image6.pubmatic.com,top_1m,stevenblack
image8.pubmatic.com,top_1m,stevenblack
images-dl.taboola.com,top_1m,stevenblack
images.3lift.com,top_1m,stevenblack
images.ads.supplyframe.com,top_1m,stevenblack
images.cardlytics.com,top_1m,stevenblack
images.dable.io,top_1m,stevenblack
images.mediago.io,top_1m,stevenblack
images.outbrain.com,top_1m,stevenblack
images.outbrainimg.com,top_1m,stevenblack
images.startappservice.com,top_1m,stevenblack
images.taboola.com,top_1m,stevenblack
images.twnmm.com,top_1m,stevenblack
images.typeform.com,top_1m,phishtank
images2.minutemediacdn.com,top_1m,stevenblack
imagesnep.admaster.cc,top_1m,stevenblack
imagesrv.adition.com,top_1m,stevenblack
imcounting.com,top_1m,stevenblack
imdns.hpplay.cn,top_1m,stevenblack
img-cdn.clinch.co,top_1m,stevenblack
img.3lift.com,top_1m,stevenblack
img.adtiming.com,top_1m,stevenblack
img.ak.impact-ad.jp,top_1m,stevenblack
img.alibaba.com,top_1m,stevenblack
img.apester.com,top_1m,stevenblack
img.applovin.com,top_1m,stevenblack
img.bypass.jp,top_1m,stevenblack
img.connatix.com,top_1m,stevenblack
img.en25.com,top_1m,stevenblack
img.flashtalking.com,top_1m,stevenblack
img.macromill.com,top_1m,stevenblack
img.maropost.com,top_1m,stevenblack
img.metaffiliation.com,top_1m,stevenblack
img.revcontent.com,top_1m,stevenblack
img.riskified.com,top_1m,stevenblack
img.sedoparking.com,top_1m,stevenblack
img.ssl.msdk.qq.com,top_1m,stevenblack
img.tradedoubler.com,top_1m,stevenblack
img.vietnamnetad.vn,top_1m,stevenblack
img1.zergnet.com,top_1m,stevenblack
img2.zergnet.com,top_1m,stevenblack
img4.zergnet.com,top_1m,stevenblack
imgx.jampp.com,top_1m,stevenblack
imgx.mediav.com,top_1m,stevenblack
imma.vn,vietnam_whitelist,hagezi|tempest_phishing
immanitys.com,tranco|top_1m,hagezi
immanuel.com.vn,vietnam_whitelist,tempest_phishing
immortalnight.com,tranco,tempest_phishing
imp-adedge.i-mobile.co.jp,top_1m,stevenblack
imp-lb-us2.jampp.com,top_1m,stevenblack
imp.control.kochava.com,top_1m,stevenblack
imp.rfp.fout.jp,top_1m,stevenblack
imp.startappservice.com,top_1m,stevenblack
imp.track.tappx.com,top_1m,stevenblack
imp.tradedoubler.com,top_1m,stevenblack
imp.voiceads.cn,top_1m,stevenblack
impac.vn,vietnam_whitelist,hagezi
impact.applifier.com,top_1m,stevenblack
impes.tradedoubler.com,top_1m,stevenblack
imppl.tradedoubler.com,top_1m,stevenblack
imprammp.taboola.com,top_1m,stevenblack
imprchmp.taboola.com,top_1m,stevenblack
impression-asia.liftoff.io,top_1m,stevenblack
impression-east.liftoff.io,top_1m,stevenblack
impression-europe.liftoff.io,top_1m,stevenblack
impression.appsflyer.com,top_1m,stevenblack
impression.link,tranco|top_1m,stevenblack
impressionmedia.cz,top_1m,stevenblack
impressionmonster.com,top_1m,stevenblack
imprlatbmp.taboola.com,top_1m,stevenblack
imprnjmp.taboola.com,top_1m,stevenblack
improvedigital.com,tranco|top_1m,stevenblack
imprsgmp.taboola.com,top_1m,stevenblack
imrworldwide.com,tranco|top_1m,stevenblack
imsowiwiwiwiwi.com,tranco|top_1m,hagezi
imstore.bet365affiliates.com,top_1m,stevenblack
imtwjwoasak.com,tranco|top_1m,stevenblack
imwx.com,top_1m,stevenblack
in-gmtdmp.mookie1.com,top_1m,stevenblack
in.analytics.glance.inmobi.com,top_1m,stevenblack
in.api.glance.inmobi.com,top_1m,stevenblack
in.cuebiq.com,top_1m,stevenblack
in.getclicky.com,top_1m,stevenblack
in.treasuredata.com,top_1m,stevenblack
in.wzrkt.com,top_1m,stevenblack
in1-spiky.wzrkt.com,top_1m,stevenblack
in1.wzrkt.com,top_1m,stevenblack
inapps.appsflyer.com,top_1m,stevenblack
inbus.com.vn,vietnam_whitelist,hagezi|tempest_phishing
incometaxchandigarh.org,top_1m,tempest_phishing
incoming-telemetry.thunderbird.net,top_1m,stevenblack
incoming.telemetry.mozilla.org,top_1m,stevenblack
incruises.com,tranco,stevenblack
indd.adobe.com,top_1m,phishtank
indexexchange.com,tranco|top_1m,stevenblack
indexhu.adocean.pl,top_1m,stevenblack
indexww.com,tranco|top_1m,stevenblack
indicedebonheur.com,top_1m,stevenblack
indubitably.xyz,tranco,hagezi
indus.iad-01.braze.com,top_1m,stevenblack
inferna.iad-03.braze.com,top_1m,stevenblack
infinitegoogleadstracking.com,top_1m,hagezi
infinityfree.me,top_1m,hagezi
infinityid.condenastdigital.com,top_1m,stevenblack
influenceimmo.com,tranco,hagezi
info.startappservice.com,top_1m,stevenblack
infoevent.startappservice.com,top_1m,stevenblack
infolinks.com,tranco|top_1m,stevenblack
informer.yandex.ru,top_1m,stevenblack
infovina.com.vn,vietnam_whitelist,tempest_phishing
infura-ipfs.io,tranco,tempest_phishing
inhanoi.net.vn,vietnam_whitelist,hagezi
inhousedsp.com,tranco|top_1m,stevenblack
init.sms.mob.com,top_1m,stevenblack
init.startappservice.com,top_1m,stevenblack
init.supersonicads.com,top_1m,stevenblack
inkrevenue.gotrackier.com,top_1m,stevenblack
inmobi-match.dotomi.com,top_1m,stevenblack
inmobi.cn,top_1m,stevenblack
inmobi.com,tranco|top_1m,stevenblack
inmobicdn.net,tranco|top_1m,stevenblack
inmobisdk-a.akamaihd.net,top_1m,stevenblack
inner-active.mobi,tranco|top_1m,stevenblack
innity.com,tranco|top_1m,stevenblack
innity.net,tranco|top_1m,stevenblack
innovid.com,tranco|top_1m,stevenblack
innovid.com.akadns.net,top_1m,stevenblack
innovid.com.edgekey.net,top_1m,stevenblack
inpos.com.vn,vietnam_whitelist,hagezi
insight.adsrvr.org,top_1m,stevenblack
insight.ucweb.com,top_1m,stevenblack
insightexpress.com,tranco,stevenblack
insightexpressai.com,tranco|top_1m,stevenblack
insightexpressai.com.edgekey.net,top_1m,stevenblack
insights-collector.newrelic.com,top_1m,stevenblack
insights.bizrate.com,top_1m,stevenblack
inspectlet.com,tranco|top_1m,stevenblack
instabio.cc,tranco|top_1m,vietnam_blacklist
insticator.com,tranco|top_1m,stevenblack
int.akisinn.info,top_1m,stevenblack
int.akisinn.site,top_1m,stevenblack
int.dewrain.life,top_1m,stevenblack
int.dewrain.site,top_1m,stevenblack
int.dewrain.world,top_1m,stevenblack
int.vaicore.site,top_1m,stevenblack
int.vaicore.store,top_1m,stevenblack
int.vaicore.xyz,top_1m,stevenblack
intechopen.com,tranco|top_1m,phishtank
integration.richrelevance.com,top_1m,stevenblack
intelligenceadx.com,tranco|top_1m,stevenblack
interaction.apester.com,top_1m,stevenblack
interactive.forthnet.gr,top_1m,stevenblack
intercom-clicks.com,top_1m,stevenblack
intercontinentalphuquoc.vn,vietnam_whitelist,hagezi
intergi.com,tranco|top_1m,stevenblack
internewsweb.com,top_1m,stevenblack
intljs.rmtag.com,top_1m,stevenblack
intouch.arcsoft.com,top_1m,stevenblack
inv-nets-eu.admixer.net,top_1m,stevenblack
inv-nets.admixer.net,top_1m,stevenblack
inventory.vidazoo.com,top_1m,stevenblack
invitation.samsungiotcloud.com,top_1m,stevenblack
invoca.net,tranco|top_1m,stevenblack
invocacdn.com,tranco|top_1m,stevenblack
invol.co,tranco|top_1m,stevenblack
io.narrative.io,top_1m,stevenblack
ioam.de,tranco|top_1m,stevenblack
ioms.bfmio.com,top_1m,stevenblack
ios-ads.pulse.weatherbug.net,top_1m,stevenblack
ios.bugly.qq.com,top_1m,stevenblack
iotapi.adups.com,top_1m,stevenblack
iovation.com,tranco|top_1m,stevenblack
ip-adress.eu,top_1m,hagezi
ip-info.ff.avast.com,top_1m,stevenblack
ip-ptr.tech,tranco,hagezi
ip.chinaz.com,top_1m,hagezi
ip.cn,vietnam_whitelist|tranco|top_1m,hagezi
ip.itracker360.com,top_1m,stevenblack
ipds.adrta.com,top_1m,stevenblack
ipds.gateway.adrta.com,top_1m,stevenblack
iperceptions.com,tranco|top_1m,stevenblack
ipfs.io,tranco|top_1m,phishtank
ipinyou.com,top_1m,stevenblack
ipla.hit.stat24.com,top_1m,stevenblack
iplogger.org,tranco|top_1m,stevenblack
ipm-provider.ff.avast.com,top_1m,stevenblack
ipmcdn.avast.com,top_1m,stevenblack
ipredictive.com,tranco|top_1m,stevenblack
ips-img.iperceptions.com,top_1m,stevenblack
ips-invite.iperceptions.com,top_1m,stevenblack
ipstack.com,tranco|top_1m,stevenblack
ipuss.tv,top_1m,stevenblack
ipv4.cws.conviva.com,top_1m,stevenblack
ipv6.adrta.com,top_1m,stevenblack
iqdigital.demdex.net,top_1m,stevenblack
iqoption.com,tranco|top_1m,stevenblack
iqzone.com,tranco|top_1m,stevenblack
ir-jp.amazon-adsystem.com,top_1m,stevenblack
ir-na.amazon-adsystem.com,top_1m,stevenblack
ir.surveywall-api.survata.com,top_1m,stevenblack
iris.tv,tranco|top_1m,stevenblack
iryva.com,top_1m,hagezi
is-great.net,top_1m,hagezi
is-great.org,top_1m,hagezi
is.gd,tranco|top_1m,phishtank|openphish|vietnam_blacklist
isasecret.com,tranco|top_1m,hagezi
islay.tech,top_1m,tempest_phishing
ispot.tv,tranco|top_1m,stevenblack
issuu.com,tranco|top_1m,phishtank
ist-track.com,top_1m,stevenblack
it-gmtdmp.mookie1.com,top_1m,stevenblack
itau.com.py,tranco,phishtank
itemdb.com,tranco|top_1m,hagezi
iteratehq.com,tranco|top_1m,stevenblack
ithlpdesks.com,top_1m,tempest_phishing
itim.vn,vietnam_whitelist|top_1m,stevenblack
itm.ivitrack.com,top_1m,stevenblack
iuzpxe.biz,top_1m,hagezi
iwad.cachefly.net,top_1m,stevenblack
izar.iad-03.braze.com,top_1m,stevenblack
j-a-net.jp,top_1m,stevenblack
j.adlooxtracking.com,top_1m,stevenblack
j.amoad.com,top_1m,stevenblack
j.microad.net,top_1m,stevenblack
j.mp,tranco,vietnam_blacklist
j.zucks.net.zimg.jp,top_1m,stevenblack
j93557g.com,top_1m,stevenblack
jacob-butler.gay,tranco,hagezi
jads.co,tranco|top_1m,stevenblack
jadserve.postrelease.com,top_1m,stevenblack
jadserve.postrelease.com.akadns.net,top_1m,stevenblack
jaekr.sh,top_1m,hagezi
jali.me,tranco|top_1m,phishtank
jampp.com,tranco|top_1m,stevenblack
japan.info.vn,vietnam_whitelist,hagezi
jashop.vn,vietnam_whitelist,hagezi
javhd.co.uk,tranco|top_1m,hagezi
javsub.blog,tranco|top_1m,hagezi
jb.com.vn,vietnam_whitelist,hagezi|phishtank|phishing_army
jblackard.com,top_1m,hagezi|tempest_phishing
jdoqocy.com,tranco|top_1m,stevenblack
jelly.mdhv.io,top_1m,stevenblack
jetmaster.vn,vietnam_whitelist,tempest_phishing
jetpackdigital.com,tranco|top_1m,stevenblack
jivox.com,tranco|top_1m,stevenblack
jobfinder.com.vn,vietnam_whitelist,tempest_phishing
jogger.zdbb.net,top_1m,stevenblack
joinhoney.com,tranco|top_1m,stevenblack
jotform.com,vietnam_whitelist|tranco|top_1m,phishtank
joy.link,tranco,phishtank
jp-tags.mediaforge.com,top_1m,stevenblack
jp.cinarra.com,top_1m,stevenblack
jp1-bid-ga.adsrvr.org,top_1m,stevenblack
jp1-bid.adsrvr.org,top_1m,stevenblack
js-agent.newrelic.com,top_1m,stevenblack
js-api.otherlevels.com,top_1m,stevenblack
js-cdn.dynatrace.com,top_1m,stevenblack
js-sec.indexww.com,top_1m,stevenblack
js-tags.otherlevels.com,top_1m,stevenblack
js.ad-score.com,top_1m,stevenblack
js.ad-stir.com,top_1m,stevenblack
js.adscale.de,top_1m,stevenblack
js.adsrvr.org,top_1m,stevenblack
js.agkn.com,top_1m,stevenblack
js.aiservice.vn,vietnam_whitelist|top_1m,stevenblack
js.appboycdn.com,top_1m,stevenblack
js.blozoo.info,top_1m,stevenblack
js.canstrm.com,top_1m,stevenblack
js.center.io,top_1m,stevenblack
js.fout.jp,top_1m,stevenblack
js.genieessp.com,top_1m,stevenblack
js.gleam.io,top_1m,stevenblack
js.gumgum.com,top_1m,stevenblack
js.hs-analytics.net,top_1m,stevenblack
js.hs-scripts.com,top_1m,stevenblack
js.hscollectedforms.net,top_1m,stevenblack
js.hsleadflows.net,top_1m,stevenblack
js.hubspot.com,top_1m,stevenblack
js.idio.co,top_1m,stevenblack
js.iterable.com,top_1m,stevenblack
js.juicyads.com,top_1m,stevenblack
js.logentries.com,top_1m,stevenblack
js.matheranalytics.com,top_1m,stevenblack
js.mediams.mb.softbank.jp,top_1m,stevenblack
js.octopuspop.com,top_1m,stevenblack
js.ptengine.com,top_1m,stevenblack
js.revsci.net,top_1m,stevenblack
js.rfp.fout.jp,top_1m,stevenblack
js.users.51.la,top_1m,stevenblack
js.wpadmngr.com,top_1m,stevenblack
js2.ad-score.com,top_1m,stevenblack
jsc.adskeeper.co.uk,top_1m,stevenblack
jsc.mgid.com,top_1m,stevenblack
jscdn.appier.net,top_1m,stevenblack
jscount.com,top_1m,stevenblack
jsecoin.com,top_1m,stevenblack
jsonip.com,tranco|top_1m,stevenblack
jsrdn.com,top_1m,stevenblack
jssdkcdn.mparticle.com,top_1m,stevenblack
jssdkcdns.mparticle.com,top_1m,stevenblack
jssdks.mparticle.com,top_1m,stevenblack
juicyads.com,tranco|top_1m,stevenblack
juicyads.me,tranco|top_1m,stevenblack
justdied.com,tranco|top_1m,hagezi
justkids.com.vn,vietnam_whitelist,hagezi
justpremium.com,tranco|top_1m,stevenblack
justtrack-logs.justtrack.io,top_1m,stevenblack
jvzoo.com,tranco|top_1m,stevenblack
jwpltx.com,tranco|top_1m,stevenblack
k-ring.msedge.net,top_1m,stevenblack
k.clarity.ms,top_1m,stevenblack
k.streamrail.com,top_1m,stevenblack
k.zucks.net,top_1m,stevenblack
k3vzn.flx10.com,top_1m,stevenblack
kaio.vn,vietnam_whitelist,hagezi
kaiu-marketing.com,top_1m,stevenblack
kakaku.com,tranco|top_1m,phishtank
kalbas.com.vn,vietnam_whitelist,hagezi
kameleoon.eu,tranco|top_1m,stevenblack
kamni-furnitura.ru,top_1m,vietnam_blacklist
kampyle.com,tranco|top_1m,stevenblack
kanny.com.vn,vietnam_whitelist,hagezi|tempest_phishing
kanny.vn,vietnam_whitelist,hagezi|tempest_phishing
karahome.vn,vietnam_whitelist,tempest_phishing
kargo-match.dotomi.com,top_1m,stevenblack
kargo.com,tranco|top_1m,stevenblack
kashi.vn,vietnam_whitelist,hagezi|vietnam_blacklist
katch.ne.jp,top_1m,stevenblack
kato-telin.com.vn,vietnam_whitelist,hagezi|phishtank|phishing_army
kcl.vn,vietnam_whitelist,hagezi
kdrive.infomaniak.com,top_1m,phishtank
kds-pixel.kargo.com,top_1m,stevenblack
keepo.bio,top_1m,hagezi
kejet.net,top_1m,stevenblack
kela.edu.vn,vietnam_whitelist,tempest_phishing
kemsaigon.vn,vietnam_whitelist,tempest_phishing
kernh41.com,top_1m,stevenblack
kesug.com,tranco|top_1m,hagezi
ketchapp.org,top_1m,stevenblack
ketnoiso.vn,vietnam_whitelist,hagezi|tempest_phishing
kgcustoms.gov.vn,vietnam_whitelist,tempest_phishing
khaonghiemchannuoi.vn,vietnam_whitelist,hagezi
khiphach.vn,vietnam_whitelist,hagezi|vietnam_blacklist
khoahoctunhien.vn,vietnam_whitelist,hagezi
khoavantaycaocap.vn,vietnam_whitelist,tempest_phishing
khudothigamudacity.com.vn,vietnam_whitelist,tempest_phishing
kibana.leadboxer.com,top_1m,stevenblack
kickasstorrents.to,tranco|top_1m,hagezi
kickoffo.site,tranco|top_1m,stevenblack
kienthucmarketing.edu.vn,vietnam_whitelist,tempest_phishing
kienthucxaydung.vn,vietnam_whitelist,tempest_phishing
kientrucviet.com.vn,vietnam_whitelist,tempest_phishing
kientrung.vn,vietnam_whitelist,tempest_phishing
kimquang.vn,vietnam_whitelist,hagezi
kiosked-d.openx.net,top_1m,stevenblack
kiosked.com,top_1m,stevenblack
kis.vn,vietnam_whitelist,vietnam_blacklist
kissmetrics.com,tranco|top_1m,stevenblack
kitchen-aid.vn,vietnam_whitelist,hagezi
kittentacos.com,top_1m,stevenblack
klclick.com,tranco|top_1m,stevenblack
klclick1.com,tranco|top_1m,stevenblack
klick.vn,vietnam_whitelist,stevenblack
klkstrm.kargo.com,top_1m,stevenblack
kloompy.com,top_1m,tempest_phishing
kms.teevee.asia,top_1m,hagezi
knee360.in,top_1m,hagezi
knitstamp.com,top_1m,stevenblack
knorex.com,tranco|top_1m,stevenblack
koalahouse.com.vn,vietnam_whitelist,hagezi
kochava.com,tranco|top_1m,stevenblack
kohlermetricssecure.kohler.com,top_1m,stevenblack
koithe.vn,vietnam_whitelist,tempest_phishing
komachi.yomiuri.co.jp,top_1m,stevenblack
komodia.com,top_1m,stevenblack
korfo.org,top_1m,stevenblack
kost.tv,top_1m,stevenblack
koudas.alphonso.tv,top_1m,stevenblack
kourier-tpat.eks-prod-1b.vungle.com,top_1m,stevenblack
kourier-tpat.eks-prod-1c.vungle.com,top_1m,stevenblack
kpu.samsungelectronics.com,top_1m,stevenblack
kpv.vn,vietnam_whitelist,hagezi
kqzyfj.com,tranco|top_1m,stevenblack
kravura.com,top_1m,hagezi
krk.kargo.com,top_1m,stevenblack
krnsmlmvd.biz,top_1m,hagezi
krush-match.dotomi.com,top_1m,stevenblack
krxd.net,tranco|top_1m,stevenblack
kss.com.vn,vietnam_whitelist,tempest_phishing
kueezrtb.com,tranco|top_1m,stevenblack
kumhosamco.com.vn,vietnam_whitelist,tempest_phishing|vietnam_blacklist
kutt.it,tranco,hagezi
kv-analytics.kiotviet.vn,top_1m,stevenblack
kvinit-prod.api.kochava.com,top_1m,stevenblack
kyson.ad.daum.net,top_1m,stevenblack
l.admedo.com,top_1m,stevenblack
l.betrad.com,top_1m,stevenblack
l.ead.me,top_1m,phishtank
l.evidon.com,top_1m,stevenblack
l.facebook.com,top_1m,vietnam_blacklist
l.gm.mob.com,top_1m,stevenblack
l.hrzn-nxt.com,top_1m,stevenblack
l.inmobicdn.net,top_1m,stevenblack
l.linklyhq.com,top_1m,phishtank|vietnam_blacklist
l.logly.co.jp,top_1m,stevenblack
l.qq.com,top_1m,stevenblack
l.sharethis.com,top_1m,stevenblack
l.wl.co,top_1m,stevenblack|phishtank
l1-1.anzu.io,top_1m,stevenblack
l1.audiomob.com,top_1m,stevenblack
la-match.taboola.com,top_1m,stevenblack
la-trc-events.taboola.com,top_1m,stevenblack
la-vid-events.taboola.com,top_1m,stevenblack
la-wf.taboola.com,top_1m,stevenblack
la2.vnecdn.net,top_1m,stevenblack
la3.vnecdn.net,top_1m,stevenblack
labs-cdn.revcontent.com,top_1m,stevenblack
labs.natpal.com,top_1m,stevenblack
lacmp.net,top_1m,stevenblack
ladekabel.store,top_1m,hagezi
ladsp.com,tranco|top_1m,stevenblack
lakesecure.com,tranco|top_1m,stevenblack
lakusdvroa.com,top_1m,stevenblack
landingpagelagi.vn,vietnam_whitelist,stevenblack
landy.vn,vietnam_whitelist,tempest_phishing
lap-click.tr.line.me,top_1m,stevenblack
lapcamera.net.vn,vietnam_whitelist,tempest_phishing
lapdatwifi.vn,vietnam_whitelist,tempest_phishing|vietnam_blacklist
laptopchat.vn,vietnam_whitelist,tempest_phishing
laptopcudanang.vn,vietnam_whitelist,hagezi
laptopgiare.vn,vietnam_whitelist,tempest_phishing
largosoft.co.kr,top_1m,stevenblack
lasteventf.tubemogul.com,top_1m,stevenblack
launches.appsflyer.com,top_1m,stevenblack
lavamedia.vn,vietnam_whitelist,stevenblack
lawaco.com.vn,vietnam_whitelist,hagezi
lax-1-apex.go.sonobi.com,top_1m,stevenblack
lax-1-sync.go.sonobi.com,top_1m,stevenblack
lax-1.go.sonobi.com,top_1m,stevenblack
lax1-ib.adnxs.com,top_1m,stevenblack
lazy-tcp.rayjump.com,top_1m,stevenblack
lazy.rayjump.com,top_1m,stevenblack
lazybumblebee.com,tranco|top_1m,stevenblack
lb.affilae.com,top_1m,stevenblack
lb.benchmarkemail.com,top_1m,phishtank
lb.eu-1-id5-sync.com,top_1m,stevenblack
lb.gmslb.net,top_1m,hagezi
lb.kyc-holdings.com,top_1m,hagezi
lb.propertyfind.cc,top_1m,hagezi
lb.sklstech.com,top_1m,hagezi
lbk-sol.com,tranco|top_1m,hagezi
lcdn.tsyndicate.com,top_1m,stevenblack
lciapi.ninthdecimal.com,top_1m,stevenblack
lcprd1.samsungcloudsolution.net,top_1m,stevenblack
lcprd2.samsungcloudsolution.net,top_1m,stevenblack
ldhy.click,top_1m,hagezi
lduhtrp.net,tranco|top_1m,stevenblack
ldynamicspublicapi.leadforensics.com,top_1m,stevenblack
leadboltads.net,top_1m,stevenblack
leadinfo.net,tranco|top_1m,stevenblack
leadplace.fr,top_1m,stevenblack
leadspace.com,top_1m,stevenblack
leanplum.com,tranco|top_1m,stevenblack
lebrun.fr,top_1m,tempest_phishing
lee.blueconic.net,top_1m,stevenblack
lemmatechnologies.com,tranco|top_1m,stevenblack
lemnisk.co,top_1m,stevenblack
lepodownload.mediatek.com,top_1m,stevenblack
levelrizon.com,top_1m,hagezi
lever-analytics.com,top_1m,stevenblack
levexis.com,top_1m,stevenblack
lfeeder.com,tranco|top_1m,stevenblack
lflinkup.com,tranco|top_1m,hagezi
lflinkup.org,top_1m,hagezi
lfstmedia.com,tranco|top_1m,stevenblack
lftracker.leadfeeder.com,top_1m,stevenblack
lg.nanda.vn,top_1m,stevenblack
lg1.logging.admicro.vn,top_1m,stevenblack
lg3.media.net,top_1m,stevenblack
lga-bh.contextweb.com,top_1m,stevenblack
lgsmartad.com,tranco|top_1m,stevenblack
liadm.com,tranco|top_1m,stevenblack
libraryfacts.com,top_1m,stevenblack
libs.outbrain.com,top_1m,stevenblack
licasd.com,tranco|top_1m,stevenblack
licensing.bitmovin.com,top_1m,stevenblack
licogi18.com.vn,vietnam_whitelist,hagezi|tempest_phishing
lienthong.vn,vietnam_whitelist,tempest_phishing
lifelabs.vn,vietnam_whitelist,hagezi
lifetechgroup.vn,vietnam_whitelist,hagezi
lightboxcdn.com,tranco|top_1m,stevenblack
lightning.cnn.com,top_1m,stevenblack
lihi2.me,top_1m,tempest_phishing|phishtank|phishing_army
lijit.com,tranco|top_1m,stevenblack
link.axios.com,top_1m,stevenblack
link.edgepilot.com,top_1m,phishtank
link.krxd.net,top_1m,stevenblack
link.me,tranco|top_1m,phishtank|phishing_army
link.publicate.it,top_1m,tempest_phishing
link.space,tranco,tempest_phishing|phishtank|phishing_army
link.theatlantic.com,top_1m,stevenblack
linkbio.co,tranco|top_1m,phishtank|phishing_army
linkconnector.com,tranco|top_1m,stevenblack
linkedin.com,vietnam_whitelist|tranco|top_1m,phishtank
linkin.bio,tranco|top_1m,phishtank
linkme.vn,vietnam_whitelist,tempest_phishing
linkmob.org,top_1m,hagezi
linkneverdie.net,vietnam_whitelist|tranco,vietnam_blacklist
linkpop.com,tranco,phishtank
linkprice.com,top_1m,stevenblack
linkprotect.cudasvc.com,top_1m,phishtank
links.email.crunchbase.com,top_1m,stevenblack
links.podia.com,top_1m,tempest_phishing
links.services.disqus.com,top_1m,stevenblack
links.us1.defend.egress.com,top_1m,phishtank
links.zoopla.co.uk,top_1m,stevenblack
linksalpha.com,top_1m,stevenblack
linksredirect.com,top_1m,phishtank|phishing_army
linksynergy.com,tranco|top_1m,stevenblack
linktr.ee,vietnam_whitelist|tranco|top_1m,phishtank|vietnam_blacklist
linkvertise.com,tranco|top_1m,stevenblack
linkwithin.com,tranco|top_1m,stevenblack
liquidation.com,tranco|top_1m,vietnam_blacklist
liqwid.net,top_1m,stevenblack
listen.audiohook.com,top_1m,stevenblack
lit.com.vn,vietnam_whitelist,hagezi
litespeedtech.com,tranco|top_1m,phishtank
litix.io,tranco|top_1m,stevenblack
litter.catbox.moe,top_1m,tempest_phishing
live-api.immomo.com,top_1m,stevenblack
live.chartboost.com,top_1m,stevenblack
live.hyprmx.com,top_1m,stevenblack
live.rezync.com,top_1m,stevenblack
live.sekindo.com,top_1m,stevenblack
live.trmzum.com,top_1m,stevenblack
liveadexchanger.com,top_1m,stevenblack
liveblog365.com,tranco|top_1m,hagezi
livecare.vn,vietnam_whitelist,tempest_phishing
liveintent.com,tranco|top_1m,stevenblack
livejasmin.com,tranco|top_1m,stevenblack
livelog.biz,top_1m,stevenblack
livelylaugh.com,top_1m,stevenblack
livepingscorex.com,top_1m,hagezi
lives.l.qq.com,top_1m,stevenblack
lmadvertising.engine.adglare.net,top_1m,stevenblack
lmyd3iz3qn.kameleoon.eu,top_1m,stevenblack
ln.run,tranco|top_1m,phishtank|phishing_army
lnk.to,tranco|top_1m,vietnam_blacklist
lnkd.in,tranco|top_1m,phishtank
lnks.gd,tranco|top_1m,stevenblack
load.exelator.com,top_1m,stevenblack
load.fomo.com,top_1m,stevenblack
load.s3.amazonaws.com,top_1m,stevenblack
load.sumome.com,top_1m,stevenblack
load77.exelator.com,top_1m,stevenblack
loada.exelator.com,top_1m,stevenblack
loadeu.exelator.com,top_1m,stevenblack
loadm.exelator.com,top_1m,stevenblack
loadr.exelator.com,top_1m,stevenblack
loadus.exelator.com,top_1m,stevenblack
loadus.tm.ssl.exelator.com,top_1m,stevenblack
loafstrangelysuperintend.com,top_1m,hagezi
loboclick.com,top_1m,stevenblack
loc1.hitsprocessor.com,top_1m,stevenblack
localytics.com,tranco|top_1m,stevenblack
locate.pricespider.com,top_1m,stevenblack
lockerdome.com,tranco|top_1m,stevenblack
log-ads.r7.com,top_1m,stevenblack
log-collector.shopee.vn,top_1m,stevenblack
log-ingestion-eu.samsungacr.com,top_1m,stevenblack
log-ingestion.samsungacr.com,top_1m,stevenblack
log-va.tiktokv.com,top_1m,stevenblack
log.1vn.app,top_1m,stevenblack
log.ad.xiaomi.com,top_1m,stevenblack
log.adsplay.net,top_1m,stevenblack
log.adtimaserver.vn,top_1m,stevenblack
log.agoop.net,top_1m,stevenblack
log.api.zaloapp.com,top_1m,stevenblack
log.apk.v-mate.mobi,top_1m,stevenblack
log.baomoi.com,top_1m,stevenblack
log.cookieyes.com,top_1m,stevenblack
log.espn.com,top_1m,stevenblack
log.getdropbox.com,top_1m,stevenblack
log.go.com,top_1m,stevenblack
log.ifood.tv,top_1m,stevenblack
log.intellimize.co,top_1m,stevenblack
log.isnssdk.com,top_1m,stevenblack
log.kuwo.cn,top_1m,stevenblack
log.leadboxer.com,top_1m,stevenblack
log.lemonpi.io,top_1m,stevenblack
log.lichviet.org,top_1m,stevenblack
log.medietall.no,top_1m,stevenblack
log.mmstat.com,top_1m,stevenblack
log.olark.com,top_1m,stevenblack
log.opentracker.net,top_1m,stevenblack
log.optimizely.com,top_1m,stevenblack
log.outbrain.com,top_1m,stevenblack
log.outbrain.org,top_1m,stevenblack
log.outbrainimg.com,top_1m,stevenblack
log.particlenews.com,top_1m,stevenblack
log.pinterest.com,top_1m,stevenblack
log.quora.com,top_1m,stevenblack
log.sdk.zadn.vn,top_1m,stevenblack
log.sina.cn,top_1m,stevenblack
log.smaato.net,top_1m,stevenblack
log.snapdeal.com,top_1m,stevenblack
log.tbs.qq.com,top_1m,stevenblack
log.tienphong.vn,top_1m,stevenblack
log.tv360.vn,top_1m,stevenblack
log.umsns.com,top_1m,stevenblack
log.vads.net.vn,top_1m,stevenblack
log.vietnamnetad.vn,top_1m,stevenblack
log.wtlogin.qq.com,top_1m,stevenblack
log.zingmp3.vn,top_1m,stevenblack
log.znews.vn,top_1m,stevenblack
logagent-wf.centurygame.com,top_1m,stevenblack
logconfig.polarisoffice.com,top_1m,stevenblack
logger.adthrive.com,top_1m,stevenblack
logger.virgul.com,top_1m,stevenblack
logger2.playablefactory.app,top_1m,stevenblack
logging.admicro.vn,top_1m,stevenblack
logging.api.intuit.com,top_1m,stevenblack
logging.fishsticksgames.com,top_1m,stevenblack
logic.anzuinfra.com,top_1m,stevenblack
login-ds.dotomi.com,top_1m,stevenblack
login.dotomi.com,top_1m,stevenblack
login.mirakl.net,top_1m,phishtank|phishing_army
login.windows-ppe.net,top_1m,vietnam_blacklist
login.xfinity.com,top_1m,phishtank
logitechlogitechglobal.112.2o7.net,top_1m,stevenblack
logly.co.jp,tranco|top_1m,stevenblack
logperf.vnexpress.net,top_1m,stevenblack
logs-01.loggly.com,top_1m,stevenblack
logs.81plug.com,top_1m,stevenblack
logs.ads.vungle.com,top_1m,stevenblack
logs.browser-intake-datadoghq.com,top_1m,stevenblack
logs.datadoghq.com,top_1m,stevenblack
logs.gaana.com,top_1m,stevenblack
logs.netflix.com,top_1m,stevenblack
logs.roku.com,top_1m,stevenblack
logs1242.xiti.com,top_1m,stevenblack
logs1407.xiti.com,top_1m,stevenblack
logsbin.dantri.com.vn,top_1m,stevenblack
logssug.ucweb.com,top_1m,stevenblack
logu.hpplay.cn,top_1m,stevenblack
logupdate.avlyun.sec.miui.com,top_1m,stevenblack
logx.optimizely.com,top_1m,stevenblack
lonrtp1-cdn.marketo.com,top_1m,stevenblack
lonrtp1.marketo.com,top_1m,stevenblack
lookerstudio.google.com,top_1m,phishtank
loopme-match.dotomi.com,top_1m,stevenblack
loopme.com,tranco|top_1m,stevenblack
loopme.me,tranco|top_1m,stevenblack
lotame-match.dotomi.com,top_1m,stevenblack
loveslife.biz,top_1m,hagezi|tempest_phishing
loyaltygateway.com,top_1m,phishtank
lp4.io,top_1m,stevenblack
lpcdn.lpsnmedia.net,top_1m,phishtank
lptag.liveperson.net,top_1m,stevenblack
lrxdmhrr.biz,top_1m,hagezi
ls.hit.gemius.pl,top_1m,stevenblack
ls.skimresources.com,top_1m,stevenblack
ls.srvcs.tumblr.com,top_1m,stevenblack
ltpqsnu.biz,top_1m,hagezi
luatntv.com.vn,vietnam_whitelist,tempest_phishing
luatvina.vn,vietnam_whitelist,tempest_phishing
lucdiahoanmy.vn,vietnam_whitelist,hagezi|vietnam_blacklist
luckpool.net,tranco|top_1m,hagezi
luckycrush.live,tranco|top_1m,stevenblack
luckyorange.com,tranco|top_1m,stevenblack
ludashisafe.com,top_1m,hagezi
ludicrousarch.com,top_1m,stevenblack
luontaisterveys.info,top_1m,hagezi
luxurylifestyle.com,top_1m,hagezi
lyn.vn,vietnam_whitelist,hagezi
lynx-prod-beacon-alb-498367235.us-east-1.elb.amazonaws.com,top_1m,stevenblack
lynx.cognitivlabs.com,top_1m,stevenblack
lytics.io,tranco|top_1m,stevenblack
m.adnxs.com,top_1m,stevenblack
m.adtiming.com,top_1m,stevenblack
m.anycast.adnxs.com,top_1m,stevenblack
m.data.mob.com,top_1m,stevenblack
m.doubleclick.net,top_1m,stevenblack
m.exactag.com,top_1m,stevenblack
m.facebook.com,top_1m,vietnam_blacklist
m.ib.sin1.geoadnxs.com,top_1m,stevenblack
m.imeowforaliving.su,top_1m,hagezi
m.livejasmin.com,top_1m,stevenblack
m.loopme.me,top_1m,stevenblack
m.mixadvert.com,top_1m,stevenblack
m.one.impact-ad.jp,top_1m,stevenblack
m.quantcount.com,top_1m,stevenblack
m.sancdn.net,top_1m,stevenblack
m.servedby-buysellads.com,top_1m,stevenblack
m.skimresources.com,top_1m,stevenblack
m.vpadn.com,top_1m,stevenblack
m.vpon.com,top_1m,stevenblack
m1.torrenti.al,top_1m,stevenblack
m2.ai,top_1m,stevenblack
m2.nsimg.net,top_1m,stevenblack
m2m-api.inmarket.com,top_1m,stevenblack
m32.media,top_1m,stevenblack
m4c8.com,tranco|top_1m,tempest_phishing
m6r.eu,tranco|top_1m,stevenblack
ma.wp.pl,top_1m,stevenblack
mab.chartbeat.com,top_1m,stevenblack
mabping.chartbeat.net,top_1m,stevenblack
macro.adnami.io,top_1m,stevenblack
macromill.com,tranco|top_1m,stevenblack
mads.amazon-adsystem.com,top_1m,stevenblack
mads.amazon.com,top_1m,stevenblack
mads.dailymail.co.uk,top_1m,stevenblack
mafo.adalliance.io,top_1m,stevenblack
magentacloud.de,top_1m,vietnam_blacklist
magic.ly,tranco|top_1m,phishtank
magiccandles.eu,top_1m,stevenblack
magnetic.t.domdex.com,top_1m,stevenblack
magsrv.com,tranco|top_1m,stevenblack
mail-ads.google.com,top_1m,stevenblack
mail.notifyvisitors.com,top_1m,hagezi|phishtank
mail.radar.imgsmail.ru,top_1m,stevenblack
mailfoogae.appspot.com,top_1m,stevenblack
main.exoclick.com,top_1m,stevenblack
main.exosrv.com,top_1m,stevenblack
mainadv.com,tranco|top_1m,stevenblack
mamnonkhanhhoi.edu.vn,vietnam_whitelist,tempest_phishing
man.vn,vietnam_whitelist,hagezi|vietnam_blacklist
mandaringarden.com.vn,vietnam_whitelist,hagezi
mandaringarden.vn,vietnam_whitelist,hagezi
mandrillapp.com,tranco|top_1m,phishtank
manifest-server.naiadsystems.com,top_1m,stevenblack
manifest.53.localytics.com,top_1m,stevenblack
manifest.localytics.com,top_1m,stevenblack
mantisadnetwork.com,top_1m,stevenblack
map.go.affec.tv,top_1m,stevenblack
map.media6degrees.com,top_1m,stevenblack
mapcommand.com,top_1m,stevenblack
maps.app.goo.gl,top_1m,phishtank
maps.google.co.kr,top_1m,phishtank
marfeel.com,tranco|top_1m,stevenblack
marinacity.com.vn,vietnam_whitelist,hagezi
marinsm.com,tranco|top_1m,stevenblack
marketing.criteo.com,top_1m,stevenblack
marketing.net.brillen.de,top_1m,stevenblack
marketingassets.staples.com.edgekey.net,top_1m,stevenblack
marketingcloudapis.com,tranco|top_1m,stevenblack
marketingplatform.google.com,top_1m,stevenblack
marketo.clearbit.com,top_1m,stevenblack
marketo.com,tranco|top_1m,stevenblack
marketo.com.edgekey.net,top_1m,stevenblack
marketo.net.edgekey.net,top_1m,stevenblack
marksandspencer.com.vn,vietnam_whitelist,hagezi
marriottinternationa.tt.omtrdc.net,top_1m,stevenblack
masterchef.com.vn,vietnam_whitelist,tempest_phishing
match-ap-southeast-1-ecs.sharethrough.com,top_1m,stevenblack
match-us-west-1-ecs.sharethrough.com,top_1m,stevenblack
match.adsrvr.org,top_1m,stevenblack
match.deepintent.com,top_1m,stevenblack
match.justpremium.com,top_1m,stevenblack
match.prod.bidr.io,top_1m,stevenblack
match.sharethrough.com,top_1m,stevenblack
match.sync.ad.cpe.dotomi.com,top_1m,stevenblack
match.taboola.com,top_1m,stevenblack
matchadsrvr.yieldmo.com,top_1m,stevenblack
matheranalytics.com,tranco|top_1m,stevenblack
mathtag.com,tranco|top_1m,stevenblack
maybomanphat.com.vn,vietnam_whitelist,hagezi
maycaphe.vn,vietnam_whitelist,tempest_phishing
maychuvietnam.com.vn,vietnam_whitelist,tempest_phishing
mb-cdn.stocard.de,top_1m,stevenblack
mb.moatads.com,top_1m,stevenblack
mb.taboola.com,top_1m,stevenblack
mbid.marfeelrev.com,top_1m,stevenblack
mblapi.ssl2.duapps.com,top_1m,stevenblack
mboxedge17.tt.omtrdc.net,top_1m,stevenblack
mboxedge34.tt.omtrdc.net,top_1m,stevenblack
mc-kzgvx04-jk8n38gyn7s08m1d8.device.marketingcloudapis.com,top_1m,stevenblack
mc.webvisor.org,top_1m,stevenblack
mc.yandex.ru,top_1m,stevenblack
mcas-proxyweb.mcas.ms,top_1m,phishtank
mcdp-chidc2.outbrain.com,top_1m,stevenblack
mcdp-nydc1.outbrain.com,top_1m,stevenblack
mcf4wh-jdfmxrzzzttwqcrf-d3b4.device.marketingcloudapis.com,top_1m,stevenblack
mckinseyglobalnewsitecoreprod.112.2o7.net,top_1m,stevenblack
mclean.cloud.360safe.com,top_1m,stevenblack
mclean.f.360.cn,top_1m,stevenblack
mclean.uk.cloud.360safe.com,top_1m,stevenblack
mclick.mobi,top_1m,stevenblack
mcount.easebar.com,top_1m,stevenblack
mcs-va.tiktokv.com,top_1m,stevenblack
mct.rkdms.com,top_1m,stevenblack
mcvsb5ngty4dzxx8jp80yt3q5614.device.marketingcloudapis.com,top_1m,stevenblack
mcy8q-n2f8ttyv729bcg5v83dsp4.device.marketingcloudapis.com,top_1m,stevenblack
mczbf.com,tranco|top_1m,stevenblack
md-a-c.apptimize.com,top_1m,stevenblack
mdmserver.mobidia.com,top_1m,stevenblack
mdp-appconf-sg.heytapdl.com,top_1m,stevenblack
me-qr.com,tranco|top_1m,phishtank
me.xdrig.com,top_1m,stevenblack
measure.office.com,top_1m,stevenblack
measure.vndirect.com.vn,top_1m,stevenblack
med-api.admost.com,top_1m,stevenblack
med.heyzap.com,top_1m,stevenblack
media-active.contextweb.com,top_1m,stevenblack
media-cdn.ipredictive.com,top_1m,stevenblack
media.admob.com,top_1m,stevenblack
media.adrcdn.com,top_1m,stevenblack
media.bidr.io,top_1m,stevenblack
media.complex.com,top_1m,stevenblack
media.evolv.ai,top_1m,stevenblack
media.fastclick.net,top_1m,stevenblack
media.fc2.com,top_1m,stevenblack
media.go2speed.org,top_1m,stevenblack
media.innity.net,top_1m,stevenblack
media.liquidus.net,top_1m,stevenblack
media.msg.dotomi.com,top_1m,stevenblack
media.net,tranco|top_1m,stevenblack
media.richrelevance.com,top_1m,stevenblack
media.trafficjunky.net,top_1m,stevenblack
media.yomedia.vn,vietnam_whitelist|top_1m,stevenblack
media01.eu,tranco|top_1m,stevenblack
media1.admicro.vn,vietnam_whitelist|top_1m,stevenblack
media6degrees.com,tranco|top_1m,stevenblack
mediafire.com,tranco|top_1m,urlhaus
mediaforge.com,top_1m,stevenblack
mediafuse.com,tranco|top_1m,stevenblack
mediaiqdigital.com,top_1m,stevenblack
medianet-match.dotomi.com,top_1m,stevenblack
medianewsonline.com,top_1m,hagezi
mediaplex-match.dotomi.com,top_1m,stevenblack
mediaplex.com,tranco|top_1m,stevenblack
mediasmart.io,tranco|top_1m,stevenblack
mediasquare.fr,tranco|top_1m,stevenblack
mediation.adnxs.com,top_1m,stevenblack
mediation.fyber.com,top_1m,stevenblack
mediav.com,tranco|top_1m,stevenblack
mediavine.com,tranco|top_1m,stevenblack
mediavoice.com,tranco|top_1m,stevenblack
mediaweaver.jp,top_1m,stevenblack
mediaz.vn,vietnam_whitelist,stevenblack
mediwell.com.vn,vietnam_whitelist,hagezi
medyanetads.com,tranco|top_1m,stevenblack
mefound.com,tranco|top_1m,hagezi
meiboot.com,tranco|top_1m,hagezi
memephimsexhay.com,tranco,hagezi
mena-gmtdmp.mookie1.com,top_1m,stevenblack
menti.com,tranco|top_1m,phishtank
menuphimsexhay.com,tranco,hagezi
mepuzz.com,top_1m,stevenblack
mercadolibre.com.bo,top_1m,tempest_phishing
mercedes-vietnam.com.vn,vietnam_whitelist,vietnam_blacklist
merchandise.opera-api.com,top_1m,stevenblack
merequartz.com,tranco|top_1m,stevenblack
merry.vn,vietnam_whitelist,hagezi
message-hub-svc.usw2.cordial.com,top_1m,stevenblack
messaging.insurads.com,top_1m,stevenblack
messenger.com,vietnam_whitelist|tranco|top_1m,phishtank
metabet.static.api.areyouwatchingthis.com,top_1m,stevenblack
metaconex.io,top_1m,stevenblack
metaffiliation.com,tranco|top_1m,stevenblack
meter-svc.nytimes.com,top_1m,stevenblack
metricreceiver.cellrebel.com,top_1m,stevenblack
metrics-logger.spot.im,top_1m,stevenblack
metrics.adelaidenow.com.au,top_1m,stevenblack
metrics.api.drift.com,top_1m,stevenblack
metrics.articulate.com,top_1m,stevenblack
metrics.asos.com,top_1m,stevenblack
metrics.baitoru.com,top_1m,stevenblack
metrics.barclaycardus.com,top_1m,stevenblack
metrics.brightcove.com,top_1m,stevenblack
metrics.caixabank.es,top_1m,stevenblack
metrics.calgary.ca,top_1m,stevenblack
metrics.cancer.gov,top_1m,stevenblack
metrics.coccoc.com,top_1m,stevenblack
metrics.comcast.com,top_1m,stevenblack
metrics.crateandbarrel.com,top_1m,stevenblack
metrics.dailytelegraph.com.au,top_1m,stevenblack
metrics.fortinet.com,top_1m,stevenblack
metrics.foxnews.com,top_1m,stevenblack
metrics.foxsports.com.au,top_1m,stevenblack
metrics.getrockerbox.com,top_1m,stevenblack
metrics.icloud.com,top_1m,stevenblack
metrics.ing.es,top_1m,stevenblack
metrics.kmsmep.com,top_1m,stevenblack
metrics.makemytrip.com,top_1m,stevenblack
metrics.news.com.au,top_1m,stevenblack
metrics.postoffice.co.uk,top_1m,stevenblack
metrics.roblox.com,top_1m,stevenblack
metrics.samsclub.com,top_1m,stevenblack
metrics.ted.com,top_1m,stevenblack
metrics.theaustralian.com.au,top_1m,stevenblack
metrics.timewarnercable.com,top_1m,stevenblack
metrics.tsb.co.uk,top_1m,stevenblack
metrics.victoriassecret.com,top_1m,stevenblack
metrics.xfinity.com,top_1m,stevenblack
metrics.yellowbook.com,top_1m,stevenblack
metrics.yellowpages.com,top_1m,stevenblack
metrics1.citi.com,top_1m,stevenblack
metrics1.citibankonline.com,top_1m,stevenblack
metricscollector.lp.xcal.tv,top_1m,stevenblack
metrilo.com,top_1m,stevenblack
mez.ink,tranco|top_1m,phishtank|phishing_army
mfacebook.vn,vietnam_whitelist,hagezi|tempest_phishing
mfadsrvr.com,tranco|top_1m,stevenblack
mfx.mobilefuse.com,top_1m,stevenblack
mgid.com,tranco|top_1m,stevenblack
mgo.vn,vietnam_whitelist,hagezi
mi.gdt.qq.com,top_1m,stevenblack
miaozhen.com,tranco|top_1m,stevenblack
miaxxx.com,top_1m,hagezi
mic.mob.com,top_1m,stevenblack
micpn.com,tranco|top_1m,stevenblack
microad.jp,tranco|top_1m,stevenblack
microad.net,tranco|top_1m,stevenblack
microad.vn,vietnam_whitelist,stevenblack
microcity.com.br,top_1m,tempest_phishing
mid.rkdms.com,top_1m,stevenblack
middycdn-a.akamaihd.net,top_1m,stevenblack
mihanblog.com,tranco,hagezi
mihn.com.vn,vietnam_whitelist,tempest_phishing
millerbrewingcompany.122.2o7.net,top_1m,stevenblack
milotree.com,top_1m,stevenblack
mintegral.com,tranco|top_1m,stevenblack
mintj.com,tranco,stevenblack
mio-ip.it,top_1m,hagezi
mir.vn,vietnam_whitelist,tempest_phishing
miricanvas.com,tranco|top_1m,phishtank
mixadvert.com,top_1m,stevenblack
mixmarket.biz,tranco,stevenblack
mixpanel.com,tranco|top_1m,stevenblack
miyazaki-catv.ne.jp,top_1m,stevenblack
mjhst.com,top_1m,hagezi
mjp.zimad.com,top_1m,stevenblack
mk.ca-conv.amoad.com,top_1m,stevenblack
mktoresp.com,tranco|top_1m,stevenblack
ml314.com,tranco|top_1m,stevenblack
mlsend.com,tranco|top_1m,stevenblack
mm.ipros.jp,top_1m,phishtank
mmdmakemydealcom.112.2o7.net,top_1m,stevenblack
mmo4me.com,vietnam_whitelist,vietnam_blacklist
mmstat.com,tranco|top_1m,stevenblack
mmtro.com,tranco|top_1m,stevenblack
mnbasd77.com,top_1m,stevenblack
mnetads.com,top_1m,stevenblack
moatads.com,tranco|top_1m,stevenblack
mobfox.com,tranco|top_1m,stevenblack
mobile-collector.newrelic.com,top_1m,stevenblack
mobile-production.content-square.net,top_1m,stevenblack
mobile-ws.apprissmobile.com,top_1m,stevenblack
mobile.adsafeprotected.com,top_1m,stevenblack
mobile.anycast.adnxs.com,top_1m,stevenblack
mobile.confsettings.com,top_1m,stevenblack
mobile.eum-appdynamics.com,top_1m,stevenblack
mobile.ib.sin1.geoadnxs.com,top_1m,stevenblack
mobile.logs.roku.com,top_1m,stevenblack
mobile.pipe.aria.microsoft.com,top_1m,stevenblack
mobile.smartadserver.com,top_1m,stevenblack
mobile.webvisor.com,top_1m,stevenblack
mobile.yandexadexchange.net,top_1m,stevenblack
mobilead.vn,vietnam_whitelist,hagezi|stevenblack
mobileads.indiatimes.com,top_1m,stevenblack
mobileads.msn.com,top_1m,stevenblack
mobileanalytics.us-east-1.amazonaws.com,top_1m,stevenblack
mobileapi.usebutton.com,top_1m,stevenblack
mobilebanner.ru,top_1m,stevenblack
mobileconfig.sascdn.com,top_1m,stevenblack
mobilefuse.com,tranco|top_1m,stevenblack
mobilelog.upqzfile.com,top_1m,stevenblack
mobileposse.com,tranco|top_1m,stevenblack
mobilesdk-us.kampyle.com,top_1m,stevenblack
mobimagic.com,tranco,stevenblack
mobio.vn,vietnam_whitelist,stevenblack
mobvista.com,tranco|top_1m,stevenblack
mobylog.jp,top_1m,stevenblack
mochibot.com,top_1m,stevenblack
mocpallet.vn,vietnam_whitelist,tempest_phishing
modlily.net,top_1m,stevenblack
mon-va.byteoversea.com,top_1m,stevenblack
mon-va.tiktokv.com,top_1m,stevenblack
mon.byteoversea.com,top_1m,stevenblack
mon.isnssdk.com,top_1m,stevenblack
mon.tiktokv.com,top_1m,stevenblack
monetate.net,tranco|top_1m,stevenblack
monetizer101.com,tranco|top_1m,stevenblack
moneycat.vn,vietnam_whitelist,vietnam_blacklist
monita.vn,vietnam_whitelist,hagezi
monitor-stsdk.vivo.com.cn,top_1m,stevenblack
monitor.clickcease.com,top_1m,stevenblack
monitoring-sdk.experimentation.intuit.com,top_1m,stevenblack
monkeyapes.com,tranco|top_1m,stevenblack
mookie1.com,tranco|top_1m,stevenblack
mookie1.com.edgekey.net,top_1m,stevenblack
mopub.com,tranco|top_1m,stevenblack
morevisits.info,top_1m,stevenblack
most-popular-info.g5e.com,top_1m,stevenblack
mouseflow.com,tranco|top_1m,stevenblack
mparticle.com,tranco|top_1m,stevenblack
mparticle.map.fastly.net,top_1m,stevenblack
mparticle.uc.cn,top_1m,stevenblack
mpp.vindicosuite.com,top_1m,stevenblack
mproxy.banner.linksynergy.com,top_1m,stevenblack
mq.intrack.ir,top_1m,stevenblack
mraid.presage.io,top_1m,stevenblack
mraid.prod.cloud.ogury.io,top_1m,stevenblack
mrqz.me,tranco|top_1m,vietnam_blacklist
mrqz.to,tranco,vietnam_blacklist
mrslove.com,top_1m,hagezi
mrswd.wo87sf.com,top_1m,hagezi
ms-ads-events.presage.io,top_1m,stevenblack
ms-ads.presage.io,top_1m,stevenblack
ms-ads.prod.cloud.ogury.io,top_1m,stevenblack
ms-titan-dashboard.com,top_1m,tempest_phishing
ms.applovin.com,top_1m,stevenblack
ms.applvn.com,top_1m,stevenblack
ms4.applovin.com,top_1m,stevenblack
ms4.applvn.com,top_1m,stevenblack
mscom.demdex.net,top_1m,stevenblack
msdk-files.webengage.com,top_1m,stevenblack
msdk.qq.com,top_1m,stevenblack
msft-ssp-emea.adnxs.com,top_1m,stevenblack
msft-ssp.adnxs.com,top_1m,stevenblack
msg.umengcloud.com,top_1m,stevenblack
msha.ke,tranco|top_1m,phishtank
msmetrics.ws.sonos.com,top_1m,stevenblack
mssg.me,tranco|top_1m,phishtank
mtgassist.com,top_1m,tempest_phishing
mtrcs.samba.tv,top_1m,stevenblack
mu69.vn,vietnam_whitelist,vietnam_blacklist
muahangsi.vn,vietnam_whitelist,hagezi
mudatviet.vn,vietnam_whitelist,vietnam_blacklist
mug.criteo.com,top_1m,stevenblack
mugate.vn,vietnam_whitelist,vietnam_blacklist
multi.xnxx.com,top_1m,stevenblack
multiview.122.2o7.net,top_1m,stevenblack
mun.122.2o7.net,top_1m,stevenblack
munchkin.marketo.net,top_1m,stevenblack
mupro.vn,vietnam_whitelist,vietnam_blacklist
muquyenluc.vn,vietnam_whitelist,vietnam_blacklist
musculahq.appspot.com,top_1m,stevenblack
mushroomgods.com,top_1m,stevenblack
muthoidai.vn,vietnam_whitelist,vietnam_blacklist
mutrom.vn,vietnam_whitelist,tempest_phishing
mutruongton.vn,vietnam_whitelist,vietnam_blacklist
muvip.vn,vietnam_whitelist,vietnam_blacklist
mv.outbrain.com,top_1m,stevenblack
mvagusta.vn,vietnam_whitelist,hagezi|tempest_phishing
mvconf.cloud.360safe.com,top_1m,stevenblack
mvconf.f.360.cn,top_1m,stevenblack
mvconf.uk.cloud.360safe.com,top_1m,stevenblack
mw-encyclopediabritannica.adsbynimbus.com,top_1m,stevenblack
mwt.net,top_1m,stevenblack
mwzeom.zeotap.com,top_1m,stevenblack
mxpnl.com,tranco|top_1m,stevenblack
mxptint.net,tranco|top_1m,stevenblack
mxvp-feature-toggle-prod-1.zenmxapps.com,top_1m,stevenblack
my-board.org,top_1m,hagezi
my-style.in,top_1m,hagezi
my.exness.com,top_1m,vietnam_blacklist
my.rtmark.net,top_1m,stevenblack
my.visme.co,top_1m,phishtank
my03.com,tranco|top_1m,hagezi
myad.vn,vietnam_whitelist,stevenblack
myads.telkomsel.com,top_1m,stevenblack
myao.adocean.pl,top_1m,stevenblack|phishtank
mybbc-analytics.files.bbci.co.uk,top_1m,stevenblack
mybluehost.me,tranco|top_1m,hagezi
mybluehostin.me,tranco|top_1m,hagezi
mycounter.ua,top_1m,stevenblack
mydates.com,tranco,stevenblack
mydmp.exelator.com,top_1m,stevenblack
mydrive.effem.com,top_1m,hagezi|phishtank
myemail.constantcontact.com,top_1m,phishtank
mylftv.com,top_1m,hagezi
mynetav.net,tranco|top_1m,hagezi
myphamhoaminh.vn,vietnam_whitelist,hagezi
myphamthanhthuy.vn,vietnam_whitelist,hagezi
mypopups.com,top_1m,stevenblack
mypressonline.com,top_1m,hagezi
myqrcode.mobi,top_1m,phishtank
mytemp.website,tranco|top_1m,hagezi
mythuatvietnam.edu.vn,vietnam_whitelist,tempest_phishing
myungtech.vn,vietnam_whitelist,tempest_phishing
myvisualiq.net,top_1m,stevenblack
myway.com,tranco,stevenblack
mywot.com,tranco|top_1m,stevenblack
n-cdn.areyouahuman.com,top_1m,stevenblack
n1internet.com,top_1m,stevenblack
n2.smartyads.com,top_1m,stevenblack
na.nawpush.com,top_1m,stevenblack
na4.documents.adobe.com,top_1m,phishtank
naiadsystems.com,tranco|top_1m,stevenblack
nakanohito.jp,tranco|top_1m,stevenblack
nametests.com,top_1m,stevenblack
namkhoahanoi.vn,vietnam_whitelist,tempest_phishing
namthaijsc.vn,vietnam_whitelist,tempest_phishing
nanda.vn,vietnam_whitelist|top_1m,stevenblack
nangspa.vn,vietnam_whitelist,hagezi
nanoskin.vn,vietnam_whitelist,hagezi
nappyattack.com,top_1m,stevenblack
nara.com.vn,vietnam_whitelist,tempest_phishing
native.sharethrough.com,top_1m,stevenblack
nativesdks.mparticle.com,top_1m,stevenblack
nav.vn,vietnam_whitelist,tempest_phishing
nava.vn,vietnam_whitelist,tempest_phishing|vietnam_blacklist
navdmp.com,vietnam_whitelist|tranco|top_1m,stevenblack
navegg.com,tranco|top_1m,stevenblack
nbcstreaming.sc.omtrdc.net,top_1m,stevenblack
nbcu.demdex.net,top_1m,stevenblack
nbcume.hb-api.omtrdc.net,top_1m,stevenblack
nbcume.hb.omtrdc.net,top_1m,stevenblack
nbcume.sc.omtrdc.net,top_1m,stevenblack
ncaudienceexchange.com,tranco|top_1m,stevenblack
ncc.avast.com,top_1m,stevenblack
nchdanang.com.vn,vietnam_whitelist,tempest_phishing
nebula-cdn.kampyle.com,top_1m,stevenblack
nedstatbasic.net,tranco,stevenblack
nep.advangelists.com,top_1m,stevenblack
nereserv.com,tranco|top_1m,hagezi
net.rayjump.com,top_1m,stevenblack
netadclick.com,top_1m,stevenblack
netlify.app,tranco,phishtank
netmera-web.com,tranco|top_1m,stevenblack
netmera.com,tranco|top_1m,stevenblack
netmng.com,tranco|top_1m,stevenblack
netperform-is.vodafone.com.tr,top_1m,stevenblack
nettask6209.com,top_1m,hagezi
network.bazaarvoice.com,top_1m,stevenblack
networkad.net,top_1m,stevenblack
networld.hk,top_1m,stevenblack
neural40.cdnwebcloud.com,top_1m,stevenblack
new.express.adobe.com,top_1m,phishtank
newdaywindow.vn,vietnam_whitelist,hagezi
newfeatureview.perfectionholic.com,top_1m,stevenblack
newmail.ru,tranco,hagezi
news-cdn.site,tranco|top_1m,stevenblack
news.iadsdk.apple.com,top_1m,stevenblack
newsbotnet.com,top_1m,stevenblack
newsbreak.com,tranco|top_1m,stevenblack
newsbreakexpress.com,top_1m,hagezi|phishtank|phishing_army
newsentry.simpals.md,top_1m,stevenblack
nex8.net,tranco|top_1m,stevenblack
nexac.com,top_1m,stevenblack
nexstar.blueconic.net,top_1m,stevenblack
next.lenzmx.com,top_1m,stevenblack
nextgen.guardianapps.co.uk,top_1m,stevenblack
nexus.ensighten.com,top_1m,stevenblack
nexus.officeapps.live.com,top_1m,stevenblack
nfl.demdex.net,top_1m,stevenblack
ng.virgul.com,top_1m,stevenblack
ngacm.com,tranco|top_1m,stevenblack
nganhangvpbank.com.vn,vietnam_whitelist,vietnam_blacklist
ngastatic.com,tranco|top_1m,stevenblack
nginxborder-server.naiadsystems.com,top_1m,stevenblack
ngoahotanglong.vn,vietnam_whitelist,hagezi|vietnam_blacklist
ngocmobile.vn,vietnam_whitelist,vietnam_blacklist
ngukiemphithien.vn,vietnam_whitelist,vietnam_blacklist
nguyencongminh.name.vn,vietnam_whitelist,hagezi
nguyentan.com.vn,vietnam_whitelist,hagezi
nhadatbmt.vn,vietnam_whitelist,hagezi
nhadatdaknong.vn,vietnam_whitelist,tempest_phishing
nhahatcailuonghanoi.com.vn,vietnam_whitelist,tempest_phishing
nhakhoaucchau.com.vn,vietnam_whitelist,tempest_phishing|vietnam_blacklist
nhakhoavietsmile.com,vietnam_whitelist,hagezi
nhathongminhcantho.com.vn,vietnam_whitelist,tempest_phishing
nhathuygroup.com.vn,vietnam_whitelist,tempest_phishing
nhikhuc.vn,vietnam_whitelist,hagezi
nht-2.extreme-dm.com,top_1m,stevenblack
ni03hfph.com,top_1m,hagezi
nice-protect.com,tranco,hagezi
nightswatch-go-collector-y2.yieldify-production.com,top_1m,stevenblack
ninthdecimal.com,tranco|top_1m,stevenblack
nissanlaocai.com.vn,vietnam_whitelist,hagezi|tempest_phishing
nkis.nikkei.com,top_1m,stevenblack
nlink.com.br,top_1m,stevenblack
noithat24h.com.vn,vietnam_whitelist,tempest_phishing
noithatchauau.vn,vietnam_whitelist,tempest_phishing
noithathdp.vn,vietnam_whitelist,hagezi|tempest_phishing
noithaticon.vn,vietnam_whitelist,hagezi|stevenblack
noithatminhdang.vn,vietnam_whitelist,hagezi
nom.telemetrydeck.com,top_1m,stevenblack
nonamesec.com,tranco|top_1m,hagezi
nonmutt.eastus.trafficmanager.inmobi.com,top_1m,stevenblack
nonmutt.sgp.trafficmanager.inmobi.com,top_1m,stevenblack
nopegame.vn,vietnam_whitelist,vietnam_blacklist
northernaurora.vn,vietnam_whitelist,tempest_phishing
northwesternmutual.com.102.122.2o7.net,top_1m,stevenblack
not.vn,vietnam_whitelist,hagezi
note2s.top,tranco,hagezi
notes-analytics-events.apple.com,top_1m,stevenblack
noti-us.adsmoloco.com,top_1m,stevenblack
notification.webengage.com,top_1m,stevenblack
notificationservices.org,top_1m,tempest_phishing
notify.bugsnag.com,top_1m,stevenblack
notify.mgid.com,top_1m,stevenblack
notlettersmail.com,top_1m,hagezi
nova-collector-1192479543.us-east-1.elb.amazonaws.com,top_1m,stevenblack
nova.collect.igodigital.com,top_1m,stevenblack
novanet.vn,vietnam_whitelist,stevenblack
novaon.vn,vietnam_whitelist,stevenblack
novel-layer.com,top_1m,hagezi
novitech.vn,vietnam_whitelist,tempest_phishing
now.eloqua.com,top_1m,stevenblack
nowaymail.com,tranco|top_1m,stevenblack
npttech.com,tranco|top_1m,stevenblack
npukfztj.biz,top_1m,hagezi
nr-data.net,tranco|top_1m,stevenblack
nr-events.taboola.com,top_1m,stevenblack
nrc.tapas.net,top_1m,stevenblack
nrcapi.ssl2.duapps.com,top_1m,stevenblack
ns1p.net,tranco|top_1m,stevenblack
nsclick.baidu.com,top_1m,stevenblack
nsm.dell.com,top_1m,stevenblack
nspapi.aiservice.vn,top_1m,stevenblack
ntrb.qc.coccoc.com,top_1m,stevenblack
ntv.io,tranco|top_1m,stevenblack
ntv.io.edgekey.net,top_1m,stevenblack
ntvcld-a.akamaihd.net,top_1m,stevenblack
nuskin.com,tranco|top_1m,stevenblack
nutaku.com,tranco|top_1m,stevenblack
nutanixprod.112.2o7.net,top_1m,stevenblack
nvvfoods.vn,vietnam_whitelist,hagezi
nwdnxrd.biz,top_1m,hagezi
nxtck.com,top_1m,stevenblack
nytimes-d.openx.net,top_1m,stevenblack
o-adq.mediation.unity3d.com,top_1m,stevenblack
o-iab-imp-counters.mediation.unity3d.com,top_1m,stevenblack
o-iab-notifications.mediation.unity3d.com,top_1m,stevenblack
o-sdk.mediation.unity3d.com,top_1m,stevenblack
o.isx.unity3d.com,top_1m,stevenblack
o.peer4you.net,top_1m,hagezi
o2vietnam.com.vn,vietnam_whitelist,hagezi
o333o.com,top_1m,stevenblack
oa.openxcdn.net,top_1m,stevenblack
oa.zalo.me,vietnam_whitelist|top_1m,vietnam_blacklist
oauth.datorama.com,top_1m,stevenblack
objectstorage.ap-tokyo-1.oraclecloud.com,top_1m,vietnam_blacklist
objectstorage.ca-montreal-1.oraclecloud.com,top_1m,vietnam_blacklist
objectstorage.eu-amsterdam-1.oraclecloud.com,top_1m,vietnam_blacklist
objectstorage.eu-frankfurt-1.oraclecloud.com,top_1m,vietnam_blacklist
objectstorage.sa-saopaulo-1.oraclecloud.com,top_1m,phishtank
objectstorage.uk-cardiff-1.oraclecloud.com,top_1m,vietnam_blacklist
objectstorage.uk-london-1.oraclecloud.com,top_1m,vietnam_blacklist
objectstorage.us-ashburn-1.oraclecloud.com,top_1m,vietnam_blacklist
objectstorage.us-phoenix-1.oraclecloud.com,top_1m,vietnam_blacklist
objectstorage.us-sanjose-1.oraclecloud.com,top_1m,vietnam_blacklist
observe-tcp.mtgglobals.com,top_1m,stevenblack
oc.umeng.com,top_1m,stevenblack
oceancloudhosts.com,top_1m,stevenblack
octopuspop.com,top_1m,stevenblack
od.lk,top_1m,urlhaus
odb.outbrain.com,top_1m,stevenblack
odesli.co,tranco|top_1m,phishtank
odr.mookie1.com,top_1m,stevenblack
odspecs.com,top_1m,hagezi|phishing_army
offer.alibaba.com,top_1m,stevenblack
offer.fyber.com,top_1m,stevenblack
offers.propellerads.com,top_1m,stevenblack
officeppe.com,tranco|top_1m,vietnam_blacklist
offlinehbpl.hbpl.co.uk,top_1m,stevenblack
offshoregeology.com,tranco|top_1m,stevenblack
ogads-pa.googleapis.com,top_1m,stevenblack
ogoampoodopet.com,top_1m,hagezi
ojrq.net,tranco|top_1m,stevenblack
okiloveyoupleasedonttouchme.net,tranco|top_1m,hagezi
okpool.top,tranco|top_1m,hagezi
olc.yodo1api.com,top_1m,stevenblack
olymptrade.com,tranco|top_1m,vietnam_blacklist
om.dowjoneson.com,top_1m,stevenblack
omg10.com,tranco|top_1m,stevenblack
omni.vn,vietnam_whitelist,tempest_phishing
omniture.com,tranco|top_1m,stevenblack
omt.shinobi.jp,top_1m,stevenblack
omtrdc.net,tranco|top_1m,stevenblack
onamaeweb.jp,top_1m,hagezi
onapp.haravan.com,top_1m,stevenblack
onaturalbd.com,top_1m,tempest_phishing
onaudience.com,tranco|top_1m,stevenblack
onclickads.net,tranco|top_1m,stevenblack
one-new-message.com,top_1m,hagezi
one-web.app.link,top_1m,phishtank
onedrive.live.com,top_1m,phishtank
onedumb.com,tranco|top_1m,hagezi
onegg.site,tranco|top_1m,stevenblack
onelink.appsflyer.com,top_1m,stevenblack
onelnk.com,tranco|top_1m,stevenblack
onemedia.vn,vietnam_whitelist,tempest_phishing
onepage.website,tranco,hagezi
onepush.query.yahoo.com,top_1m,stevenblack
oneriverhk.com,top_1m,hagezi
onet.hit.gemius.pl,top_1m,stevenblack
onetag-geo.s-onetag.com,top_1m,stevenblack
onetag-sys.com,tranco|top_1m,stevenblack
ongnuocdenhat.vn,vietnam_whitelist,hagezi
ongruotga.edu.vn,vietnam_whitelist,tempest_phishing
ongruotgaloithep.vn,vietnam_whitelist,tempest_phishing
online-metrix.net,tranco|top_1m,stevenblack
online.sh.cn,tranco|top_1m,stevenblack
onlinenic.vn,vietnam_whitelist,tempest_phishing
onlinestarten.net,top_1m,stevenblack
onmarketer.net,top_1m,stevenblack
onmarshtompor.com,top_1m,stevenblack
onmypc.net,tranco|top_1m,stevenblack
onoff.vn,vietnam_whitelist,tempest_phishing
onrt-stsdk.vivo.com.cn,top_1m,stevenblack
onrt.stsdk.vivo.com.cn,top_1m,stevenblack
onscroll.com,top_1m,stevenblack
onsite-tag-logs.apps.nielsen.com,top_1m,stevenblack
onsiterecs.api.boomtrain.com,top_1m,stevenblack
onsitestats.bluecore.com,top_1m,stevenblack
onthe.io,tranco|top_1m,stevenblack
open.oneplus.net,top_1m,stevenblack
open.phone.igexin.com,top_1m,stevenblack
open.talk.igexin.com,top_1m,stevenblack
openapi.cymera.com,top_1m,stevenblack
openbid.pubmatic.com,top_1m,stevenblack
openeye.openmods.info,top_1m,stevenblack
openrtb.cootlogix.com,top_1m,stevenblack
opensharecount.com,top_1m,stevenblack
openstat.net,top_1m,stevenblack
opentelegrand.shop,top_1m,hagezi
openweb-match.dotomi.com,top_1m,stevenblack
openx.net,tranco|top_1m,stevenblack
openx2-match.dotomi.com,top_1m,stevenblack
ophan.theguardian.com,top_1m,stevenblack
opinionlab.com,top_1m,stevenblack
opinionstage.com,tranco|top_1m,phishtank
opm.vn,vietnam_whitelist,hagezi
opmnstr.com,tranco|top_1m,stevenblack
opps.taboola.com,top_1m,stevenblack
oppuz.com,top_1m,stevenblack
ops-cdn.undertone.com,top_1m,stevenblack
optad360.io,tranco|top_1m,stevenblack
optchk.ayads.co,top_1m,stevenblack
optimize.ulinq.asia,top_1m,stevenblack
optimize.urekamedia.com,top_1m,stevenblack
optimized-by.rubiconproject.com,top_1m,stevenblack
optimizely.com,tranco|top_1m,stevenblack
optmd.com,top_1m,stevenblack
optmnstr.com,top_1m,stevenblack
optmstr.com,top_1m,stevenblack
optnmstr.com,top_1m,stevenblack
opus.analytics.yahoo.com,top_1m,stevenblack
or-g2.gumgum.com,top_1m,stevenblack
or-lb.gumgum.com,top_1m,stevenblack
oracle.112.2o7.net,top_1m,stevenblack
oracleinfinity.io.edgekey.net,top_1m,stevenblack
orbsrv.com,tranco|top_1m,stevenblack
orfw.adsafeprotected.com,top_1m,stevenblack
organicfoods.vn,vietnam_whitelist,tempest_phishing
origami.secure.ownlocal.com,top_1m,stevenblack
orion.iad.appboy.com,top_1m,stevenblack
orpixel.adsafeprotected.com,top_1m,stevenblack
ort-stsdk.vivo.com.cn,top_1m,stevenblack
ort.stsdk.vivo.com.cn,top_1m,stevenblack
osb-ussvc.samsungqbe.com,top_1m,stevenblack
osm.com.vn,vietnam_whitelist,tempest_phishing
otago.ac.nz,tranco|top_1m,phishtank
otherlevels.com,tranco|top_1m,stevenblack
otzo.com,tranco|top_1m,hagezi
ourhobby.com,tranco|top_1m,hagezi
oursty.com,vietnam_whitelist,hagezi
ourtoolbar.com,top_1m,stevenblack
out.usbla.net,top_1m,stevenblack
outbrain.com,tranco|top_1m,stevenblack
outbrain.com.edgekey.net,top_1m,stevenblack
outbrainimg.com.edgekey.net,top_1m,stevenblack
outcome-ssp.supersonicads.com,top_1m,stevenblack
ouyifugtjk.com,top_1m,tempest_phishing
ouzhyi.blue,top_1m,hagezi|tempest_phishing
ov.yahoo.co.jp,top_1m,stevenblack
ovi.com.vn,vietnam_whitelist,hagezi
ow.ly,tranco|top_1m,phishtank
ow.pubmatic.com,top_1m,stevenblack
owneriq.net,tranco|top_1m,stevenblack
ox-rtb-us-east1.openx.net,top_1m,stevenblack
ox-rtb-us-east4.openx.net,top_1m,stevenblack
ox1.vietstock.vn,top_1m,stevenblack
oxp.mxptint.net,top_1m,stevenblack
oyigwcn.net,top_1m,hagezi
p-n.io,tranco|top_1m,stevenblack
p.ad.gt,top_1m,stevenblack
p.adnxs.com,top_1m,stevenblack
p.ads.roku.com,top_1m,stevenblack
p.adsymptotic.com,top_1m,stevenblack
p.alcmpn.com,top_1m,stevenblack
p.brid.tv,top_1m,stevenblack
p.cityadstrack.com,top_1m,stevenblack
p.l.qq.com,top_1m,stevenblack
p.liadm.com,top_1m,stevenblack
p.metrilo.com,top_1m,stevenblack
p.placed.com,top_1m,stevenblack
p.rfihub.com,top_1m,stevenblack
p.s.360.cn,top_1m,stevenblack
p.skimresources.com,top_1m,stevenblack
p.teads.tv,top_1m,stevenblack
p.thelayzf.fyi,top_1m,hagezi
p.tvpixel.com,top_1m,stevenblack
p.webengage.com,top_1m,stevenblack
p1.parsely.com,top_1m,stevenblack
p2.l.qq.com,top_1m,stevenblack
p7cloud.net,tranco|top_1m,stevenblack
pa-cd.com,tranco|top_1m,stevenblack
paa-reporting-advertising.amazon,tranco|top_1m,stevenblack
paas-push-api-log.immomo.com,top_1m,stevenblack
pad-v3.presage.io,top_1m,stevenblack
padlet.com,tranco|top_1m,phishtank
page.gd,tranco|top_1m,hagezi
page.widget.zalo.me,top_1m,stevenblack
pagead2.googleadservices.com,top_1m,stevenblack
pagead2.googlesyndication.com,vietnam_whitelist|top_1m,stevenblack
pagead46.l.doubleclick.net,top_1m,stevenblack
pages-stats.rbl.ms,top_1m,stevenblack
paid.outbrain.com,top_1m,stevenblack
palo.vn,vietnam_whitelist,hagezi
pandg.tapad.com,top_1m,stevenblack
pandoramedia-mkt-prod1-t.campaign.adobe.com,top_1m,stevenblack
pangle.io,tranco|top_1m,stevenblack
pangle.io.edgekey.net,top_1m,stevenblack
pangolin16.isnssdk.com,top_1m,stevenblack
pano4you.vn,vietnam_whitelist,tempest_phishing
papy.co.jp,tranco|top_1m,stevenblack
parkingcrew.net,tranco|top_1m,stevenblack
parkwhiz.com,tranco|top_1m,phishtank
parsely.com,tranco|top_1m,stevenblack
parsnip.gocarrot.com,top_1m,stevenblack
participants.evolv.ai,top_1m,stevenblack
partner-ads.com,top_1m,stevenblack
partner.googleadservices.com,top_1m,stevenblack
partner.shareaholic.com,top_1m,stevenblack
partnerlinks.io,tranco|top_1m,stevenblack
partnerprogramma.bol.com,top_1m,stevenblack
partners.tremorhub.com,top_1m,stevenblack
partycasino.com,tranco|top_1m,stevenblack
pasona.vn,vietnam_whitelist,tempest_phishing
password-update.com,top_1m,tempest_phishing
passwordsnotification.com,top_1m,tempest_phishing
pasta.esfile.duapps.com,top_1m,stevenblack
pastefy.app,top_1m,urlhaus
pay.hotmart.com,top_1m,phishtank
pay.kirvano.com,top_1m,phishtank|phishing_army
pay.kiwify.com.br,top_1m,phishtank
paychat.fuse-cloud.com,top_1m,stevenblack
paydirect.myob.com,top_1m,tempest_phishing
payhip.com,tranco|top_1m,phishtank
payload.adadapted.com,top_1m,stevenblack
payment-process.com,top_1m,tempest_phishing
paypal.vn,vietnam_whitelist,hagezi
paypay.ne.jp,tranco|top_1m,phishtank
paypol-login.com,top_1m,hagezi
pbid.pro-market.net,top_1m,stevenblack
pbs.nextmillmedia.com,top_1m,stevenblack
pbs.publishers.tremorhub.com,top_1m,stevenblack
pbterra.com,top_1m,stevenblack
pc-humana-collect.tealiumiq.com,top_1m,stevenblack
pca.st,tranco|top_1m,vietnam_blacklist
pccc114.vn,vietnam_whitelist,hagezi|tempest_phishing
pccomponenteses.112.2o7.net,top_1m,stevenblack
pclick.yahoo.com,top_1m,stevenblack
pcmax.jp,tranco,stevenblack
pcookie.aliexpress.com,top_1m,stevenblack
pcookie.taobao.com,top_1m,stevenblack
pcpitstop.com,tranco|top_1m,stevenblack
pd.ads.cn.miaozhen.com,top_1m,stevenblack
pd.sharethis.com,top_1m,stevenblack
pdfhost.io,tranco,phishtank
pdfxd.com,top_1m,hagezi
pdhat.vn,vietnam_whitelist,tempest_phishing
pdmvietnam.vn,vietnam_whitelist,tempest_phishing
pdn.adingo.jp,top_1m,stevenblack
pdw-usr.userreport.com,top_1m,stevenblack
pdx-col.eum-appdynamics.com,top_1m,stevenblack
pedroshoes.com.vn,vietnam_whitelist,vietnam_blacklist
peer39.com,tranco|top_1m,stevenblack
peercon.org,top_1m,hagezi
penta.a.one.impact-ad.jp,top_1m,stevenblack
people.api.boomtrain.com,top_1m,stevenblack
pepperjamnetwork.com,tranco|top_1m,stevenblack
pepsico.demdex.net,top_1m,stevenblack
perf-events.cloud.unity3d.com,top_1m,stevenblack
perfectaudience.com,top_1m,stevenblack
performancehorizon.com,top_1m,stevenblack
permutive.com,tranco|top_1m,stevenblack
perr.h-cdn.com,top_1m,stevenblack
personalization.bloomberg.com,top_1m,stevenblack
personalization.centech.glulive.com,top_1m,stevenblack
pespn.chartbeat.net,top_1m,stevenblack
petametrics.com,tranco|top_1m,stevenblack
petrochem.com.vn,vietnam_whitelist,tempest_phishing
peugeotthainguyen.vn,vietnam_whitelist,hagezi
pfa.levexis.com,top_1m,stevenblack
pfcloud.network,tranco|top_1m,hagezi
pg-prebid-server.rubiconproject.com,top_1m,stevenblack
pgpl.g5e.com,top_1m,stevenblack
ph-gmtdmp.mookie1.com,top_1m,stevenblack
phaixemsex.net,tranco,hagezi
phaixemsex.site,tranco,hagezi
phanquang.vn,vietnam_whitelist|top_1m,stevenblack
phaohoaviet.com.vn,vietnam_whitelist,tempest_phishing
phar.gu-web.net,top_1m,stevenblack
pharmnet.com.cn,tranco,hagezi
philacct.com,top_1m,stevenblack
philips.112.2o7.net,top_1m,stevenblack
phillateemis.iad-03.braze.com,top_1m,stevenblack
phimhaytoptop.com,tranco,hagezi
phimheox.blog,tranco,hagezi
phimsex247.net,tranco,hagezi
phluant.com,top_1m,stevenblack
phonedata.me,top_1m,hagezi
phonegrid.org,top_1m,hagezi
phonemesh.org,top_1m,hagezi
phongthuyviet.com.vn,vietnam_whitelist,hagezi
phuankhang.vn,vietnam_whitelist,hagezi
phukienhdpe.vn,vietnam_whitelist,hagezi
phukienxiga.com.vn,vietnam_whitelist,tempest_phishing
phuongdonggolf.vn,vietnam_whitelist,hagezi
phutungotogiare.vn,vietnam_whitelist,hagezi
pi.ispot.tv,top_1m,stevenblack
pi.pardot.com,top_1m,stevenblack
piano.io,tranco|top_1m,stevenblack
picanalysis.vivo.com.cn,top_1m,stevenblack
picclick.com,tranco|top_1m,vietnam_blacklist
picel48.com,top_1m,hagezi
pinetech.vn,vietnam_whitelist,stevenblack
ping-meta-prd.jwpltx.com,top_1m,stevenblack
ping.chartbeat.net,top_1m,stevenblack
pingjs.qq.com,top_1m,stevenblack
pingma.qq.com,top_1m,stevenblack
pingomatic.com,tranco|top_1m,stevenblack
pinkoi.com,tranco|top_1m,phishtank
pipedream.wistia.com,top_1m,stevenblack
pippio.com,tranco|top_1m,stevenblack
piwik.org,tranco,stevenblack
pix-us.revjet.com,top_1m,stevenblack
pix.adrta.com,top_1m,stevenblack
pix.revjet.com,top_1m,stevenblack
pix.spot.im,top_1m,stevenblack
pixel-a.basis.net,top_1m,stevenblack
pixel-apac.rubiconproject.com,top_1m,stevenblack
pixel-apac.rubiconproject.net.akadns.net,top_1m,stevenblack
pixel-eu.rubiconproject.com,top_1m,stevenblack
pixel-eu.rubiconproject.net.akadns.net,top_1m,stevenblack
pixel-origin.mathtag.com,top_1m,stevenblack
pixel-s2s.mathtag.com,top_1m,stevenblack
pixel-static.spotify.com,top_1m,stevenblack
pixel-sync.sitescout.com,top_1m,stevenblack
pixel-us-east.rubiconproject.com,top_1m,stevenblack
pixel-us-east.rubiconproject.net.akadns.net,top_1m,stevenblack
pixel-us-west.rubiconproject.com,top_1m,stevenblack
pixel-us-west.rubiconproject.net.akadns.net,top_1m,stevenblack
pixel.33across.com,top_1m,stevenblack
pixel.admedia.com,top_1m,stevenblack
pixel.adsafeprotected.com,top_1m,stevenblack
pixel.advertising.com,top_1m,stevenblack
pixel.bounceexchange.com,top_1m,stevenblack
pixel.everesttech.net,top_1m,stevenblack
pixel.facebook.com,top_1m,stevenblack
pixel.mathtag.com,top_1m,stevenblack
pixel.mtrcs.samba.tv,top_1m,stevenblack
pixel.onaudience.com,top_1m,stevenblack
pixel.parsely.com,top_1m,stevenblack
pixel.pointmediatracker.com,top_1m,stevenblack
pixel.quantcount.com,top_1m,stevenblack
pixel.quantserve.com,top_1m,stevenblack
pixel.rubiconproject.com,top_1m,stevenblack
pixel.rubiconproject.net.akadns.net,top_1m,stevenblack
pixel.servebom.com,top_1m,stevenblack
pixel.shareaholic.com,top_1m,stevenblack
pixel.sitescout.com,top_1m,stevenblack|phishtank
pixel.sojern.com,top_1m,stevenblack
pixel.spotify.com,top_1m,stevenblack
pixel.tapad.com,top_1m,stevenblack
pixel.watch,top_1m,stevenblack
pixel.wp.com,top_1m,stevenblack
pixel.yabidos.com,top_1m,stevenblack
pixel.yola.com,top_1m,stevenblack
pixelbox.uimserv.net,top_1m,stevenblack
pixelcounter.elmundo.es,top_1m,stevenblack
pixelcounter.marca.com,top_1m,stevenblack
pixelglobal.sojern.com,top_1m,stevenblack
pixellog.io,tranco|top_1m,hagezi
pixels.ad.gt,top_1m,stevenblack
pixels.mparticle.com,top_1m,stevenblack
pixiedust.buzzfeed.com,top_1m,stevenblack
pixon.ads-pixiv.net,top_1m,stevenblack
pj.l.admedo.com,top_1m,stevenblack
pl-gmtdmp.mookie1.com,top_1m,stevenblack
pl.vidazoo.com,top_1m,stevenblack
placebubble.gimbal.com,top_1m,stevenblack
placed.com,tranco|top_1m,stevenblack
placements.tapjoy.com,top_1m,stevenblack
plaifrdcikf.shop,top_1m,hagezi
planning-analytics.ibmcloud.com,top_1m,stevenblack
plarium.com,tranco|top_1m,stevenblack
platform-api.sharethis.com,top_1m,stevenblack
platform-cdn.sharethis.com,top_1m,stevenblack
platform.iteratehq.com,top_1m,stevenblack
play.aniview.com,top_1m,stevenblack
play.rayjump.com,top_1m,stevenblack
player.adtelligent.com,top_1m,stevenblack
player.aniview.com,top_1m,stevenblack
player.mediafuse.com,top_1m,stevenblack
player.stats.live-video.net,top_1m,stevenblack
playsnourishbag.com,top_1m,hagezi
playtime.tubemogul.com,top_1m,stevenblack
plbslog.umeng.com,top_1m,stevenblack
plesk.page,tranco,hagezi|tempest_phishing
plista.com,tranco|top_1m,stevenblack
plp.vn,vietnam_whitelist,hagezi
plsleavemealone.com,tranco|top_1m,hagezi
pltraffic8.com,top_1m,stevenblack
plugin.mediavoice.com,top_1m,stevenblack
plugins.blueconic.net,top_1m,stevenblack
plus.tapsell.ir,top_1m,stevenblack
pm.w55c.net,top_1m,stevenblack
pmir.3g.qq.com,top_1m,stevenblack
pnapi.invoca.net,top_1m,stevenblack
pnrt-stsdk.vivo.com.cn,top_1m,stevenblack
pnrt.stsdk.vivo.com.cn,top_1m,stevenblack
pnytimes.chartbeat.net,top_1m,stevenblack
pocloudcentral.crm.powerobjects.net,top_1m,tempest_phishing
pok.mintegral.net,top_1m,stevenblack
pokeapi.co,tranco|top_1m,phishtank
pokkt.com,tranco|top_1m,stevenblack
pokoran.com,top_1m,stevenblack
polarcdn-pentos.com,tranco|top_1m,stevenblack
polarcdn-terrax.com,tranco|top_1m,stevenblack
policy-tcp.rayjump.com,top_1m,stevenblack
policy.rayjump.com,top_1m,stevenblack
polishedfolly.com,top_1m,stevenblack
polo.feathr.co,top_1m,stevenblack|phishtank
polyfill-js.cn,top_1m,hagezi
polyfill.io,tranco|top_1m,hagezi
polymorphicads.jp,top_1m,stevenblack
pompositylance.com,top_1m,hagezi
pool-proxy.fud2026.com,top_1m,hagezi
pool.admedo.com,top_1m,stevenblack
pool.hashvault.pro,top_1m,hagezi
poolin.com,tranco,hagezi
popads.net,tranco|top_1m,stevenblack
popcash.net,tranco|top_1m,stevenblack
popl.co,top_1m,phishtank
popodoosmartenglish.com.vn,vietnam_whitelist,hagezi
popup.taboola.com,top_1m,stevenblack
portaldasfinancas.gov.pt,tranco|top_1m,phishtank
pos.baidu.com,top_1m,stevenblack
posecommunication.vn,vietnam_whitelist,hagezi|tempest_phishing
post.iperceptions.com,top_1m,stevenblack
post.spmailtechno.com,top_1m,stevenblack
postback.iqm.com,top_1m,stevenblack
posthog.modrinth.com,top_1m,stevenblack
postoffice.adobe.com,top_1m,phishtank
postrelease.com,tranco|top_1m,stevenblack
powerad.ai,tranco|top_1m,stevenblack
powr-counter.herokuapp.com,top_1m,stevenblack
powr.io,tranco|top_1m,phishtank
pp.lp4.io,top_1m,stevenblack
ppower.vn,vietnam_whitelist,hagezi
ppt.cc,tranco,phishtank
pqd.vn,vietnam_whitelist,hagezi
pr-bh.ybp.yahoo.com,top_1m,stevenblack
pr.analytics.console.aws.a2z.com,top_1m,stevenblack
prd-lender.cdp.internal.unity3d.com,top_1m,stevenblack
prd.epsilon-rtr.dotomi.com,top_1m,stevenblack
prd.jwpltx.com,top_1m,stevenblack
prd1.personalization.centech.glulive.com,top_1m,stevenblack
prd1.revid.centech.glulive.com,top_1m,stevenblack
prdwebcollector.ruetracking.com,top_1m,stevenblack
pre-usermatch.targeting.unrulymedia.com,top_1m,stevenblack
pre.ads.justpremium.com,top_1m,stevenblack
prebid-a.rubiconproject.com,top_1m,stevenblack
prebid-a.rubiconproject.net.akadns.net,top_1m,stevenblack
prebid-match.dotomi.com,top_1m,stevenblack
prebid-server.rubiconproject.com,top_1m,stevenblack
prebid.ad.smaato.net,top_1m,stevenblack
prebid.adnxs.com,top_1m,stevenblack
prebid.cootlogix.com,top_1m,stevenblack
prebid.deepintent.com,top_1m,stevenblack
prebid.media.net,top_1m,stevenblack
prebid.mgid.com,top_1m,stevenblack
prebid.org,tranco|top_1m,stevenblack
prebid.s-onetag.com,top_1m,stevenblack
prefecturesuggestions.com,top_1m,hagezi
premieroffice.com.vn,vietnam_whitelist,hagezi
premiumvacations.site,top_1m,hagezi
presage.io,tranco|top_1m,stevenblack
presentation-ams1.turn.com,top_1m,stevenblack
preview.mailerlite.io,top_1m,phishtank
prf.hn,tranco|top_1m,stevenblack
prg.smartadserver.com,top_1m,stevenblack
prg3429.smartadserver.com,top_1m,stevenblack
prg8.smartadserver.com,top_1m,stevenblack
prga.smartadserver.com,top_1m,stevenblack
pricklydebt.com,top_1m,stevenblack
prideproms.com,top_1m,stevenblack
primevideo.com,tranco|top_1m,vietnam_blacklist
privacy-policy.truste.com,top_1m,stevenblack
privacy-sandbox.appsflyersdk.com,top_1m,stevenblack
privacy.commander1.com,top_1m,stevenblack
privacy.us.criteo.com,top_1m,stevenblack
privy.com,tranco|top_1m,stevenblack
prlog.ru,tranco,hagezi
prmtracking.com,top_1m,stevenblack
prnewswire.122.2o7.net,top_1m,stevenblack
pro-market.net,tranco|top_1m,stevenblack
pro.hit.gemius.pl,top_1m,stevenblack
proc.ad.cpe.dotomi.com,top_1m,stevenblack
prod-bid.applovin.com,top_1m,stevenblack
prod-dcs-eventlog.decagames.com,top_1m,stevenblack
prod-dem-collector-elb-611025824.eu-west-1.elb.amazonaws.com,top_1m,stevenblack
prod-ingestion.tracking.v2.yieldlove-ad-serving.net,top_1m,stevenblack
prod-js.aws.y-track.com,top_1m,stevenblack
prod-mediate-events.applovin.com,top_1m,stevenblack
prod.adjoe-programmatic.com,top_1m,stevenblack
prod.adjoe.zone,top_1m,stevenblack
prod.bidr.io,top_1m,stevenblack
prod.cloud.ogury.io,top_1m,stevenblack
prod.cm.publishers.advertising.a2z.com,top_1m,stevenblack
prod.criteo.com,top_1m,stevenblack
prod.criteo.net,top_1m,stevenblack
prod.fraud.adjoe.zone,top_1m,stevenblack
prod.justpremium.com,top_1m,stevenblack
prod.leanplum.com,top_1m,stevenblack
prod.pr.analytics.console.aws.a2z.com,top_1m,stevenblack
prod.sift.co,top_1m,stevenblack
prod.us-east-1.cxm-bcn.publisher-services.amazon.dev,top_1m,stevenblack
prodcdn.playstream.media,top_1m,stevenblack
product-cdn.liftoff-creatives.io,top_1m,stevenblack
production.wootric.com,top_1m,stevenblack
production.wootric.com.herokudns.com,top_1m,stevenblack
products.gobankingrates.com,top_1m,stevenblack
profesyonelgures.net,top_1m,hagezi|tempest_phishing
profile-api-prod-elb.53.localytics.com,top_1m,stevenblack
profile.localytics.com,top_1m,stevenblack
profiling.veoxa.com,top_1m,stevenblack
programattik.com,tranco|top_1m,stevenblack
promo-images.ttpsdk.info,top_1m,stevenblack
promo.mobile.de,top_1m,stevenblack
promos.camsoda.com,top_1m,stevenblack
promos.fling.com,top_1m,stevenblack
prooffactor.com,top_1m,stevenblack
propeller-tracking.com,top_1m,stevenblack
propellerads.com,tranco|top_1m,stevenblack
proper.io,top_1m,stevenblack
protect.geoedge.be,top_1m,stevenblack
protected.net,tranco|top_1m,stevenblack
protectsubrev.com,tranco|top_1m,stevenblack
prov-lg.alphonso.tv,top_1m,stevenblack
prov.alphonso.tv,top_1m,stevenblack
provenpixel.com,tranco|top_1m,stevenblack
proxy.optoutadvertising.com,top_1m,stevenblack
proxyjs.brdtnet.com,top_1m,stevenblack
prt-stsdk.vivo.com.cn,top_1m,stevenblack
prt.stsdk.vivo.com.cn,top_1m,stevenblack
prtc.net,tranco|top_1m,stevenblack
ps.eyeota.net,top_1m,stevenblack
ps.l.admedo.com,top_1m,stevenblack
ps.popcash.net,top_1m,stevenblack
pscontent.playstream.media,top_1m,stevenblack
pson.logging.admicro.vn,top_1m,stevenblack
pstmrk.it,tranco|top_1m,stevenblack
psupply.vn,vietnam_whitelist,tempest_phishing
pt-gmtdmp.mookie1.com,top_1m,stevenblack
pt.ispot.tv,top_1m,stevenblack
ptengine.com,tranco|top_1m,stevenblack
ptengine.jp,tranco|top_1m,stevenblack
pu207ev.com,tranco,hagezi
pu212ev.com,tranco,hagezi
pu214ev.com,tranco,hagezi
pu215ev.com,tranco,hagezi
pu217ev.com,tranco,hagezi
pu218ev.com,tranco,hagezi
pu220ev.com,tranco|top_1m,hagezi
pu550ev.com,tranco|top_1m,hagezi
pu889ev.com,tranco,hagezi
pu890ev.com,tranco,hagezi
pu892ev.com,tranco,hagezi
pu985ev.com,tranco,hagezi
pub.akadigital.vn,vietnam_whitelist|top_1m,stevenblack
pub.doubleverify.com,top_1m,stevenblack
pub.lavamedia.vn,vietnam_whitelist,stevenblack
pub.lavanetwork.net,vietnam_whitelist,stevenblack
pub.network,tranco|top_1m,stevenblack
pub.web.sapo.io,top_1m,stevenblack
pubads.g.doubleclick.net,top_1m,stevenblack
public-eur.mkt.dynamics.com,top_1m,phishtank
public-gcs.subiz-cdn.com,top_1m,stevenblack
public-usa.mkt.dynamics.com,top_1m,phishtank
public.servenobid.com,top_1m,stevenblack
publisher-config.unityads.unity3d.com,top_1m,stevenblack
publisher-event.unityads.unity3d.com,top_1m,stevenblack
publishers.tremorhub.com,top_1m,stevenblack
pubmatic-match.dotomi.com,top_1m,stevenblack
pubmatic-winners-eu-west-1-rtb.adroll.com,top_1m,stevenblack
pubmatic-winners-us-east-1-rtb.adroll.com,top_1m,stevenblack
pubmatic-winners-us-west-2-rtb.adroll.com,top_1m,stevenblack
pubmatic.edgekey.net,top_1m,stevenblack
pubmine.com,tranco|top_1m,stevenblack
pubnative.info,top_1m,stevenblack
pubnative.net,tranco|top_1m,stevenblack
pubserver.xl.pt,top_1m,stevenblack
puds.ucweb.com,top_1m,stevenblack
pulsepoint-match.dotomi.com,top_1m,stevenblack
push-ad.com,top_1m,stevenblack
push-api.topaz-analytics.com,top_1m,stevenblack
push.connecto.io,top_1m,stevenblack
push.io.edgekey.net,top_1m,stevenblack
push.mob.com,top_1m,stevenblack
push5.adups.com,top_1m,stevenblack
pushengage.com,tranco|top_1m,stevenblack
pushnami.com,tranco|top_1m,stevenblack
pushstat.api.engagelab.cc,top_1m,stevenblack
puzzle-recomd.zenkube.com,top_1m,stevenblack
pwlqfu.biz,top_1m,hagezi
pwrtail.com,top_1m,hagezi
px.a8.net,top_1m,stevenblack
px.adhigh.net,top_1m,stevenblack
px.ads.linkedin.com,top_1m,stevenblack
px.britepool.com,top_1m,stevenblack
px.dmp.zaloapp.com,top_1m,stevenblack
px.dynamicyield.com,top_1m,stevenblack
px.gumgum.com,top_1m,stevenblack
px.moatads.com,top_1m,stevenblack
px.owneriq.net,top_1m,stevenblack
px.quantserve.com,top_1m,stevenblack
px.steelhousemedia.com,top_1m,stevenblack
pxf.io,tranco|top_1m,stevenblack
pxl.connexity.net,top_1m,stevenblack
pxl.iqm.com,top_1m,stevenblack
pxl.jivox.com,top_1m,stevenblack
pxl.tsyndicate.com,top_1m,stevenblack
pxleo5fbca7141b5.com,top_1m,hagezi
py.md,top_1m,tempest_phishing
pywolwnvd.biz,top_1m,hagezi
q.adrta.com,top_1m,stevenblack
q.me-qr.com,top_1m,phishtank
qc-static.coccoc.com,top_1m,stevenblack
qc.coccoc.com,vietnam_whitelist|top_1m,stevenblack
qc.violet.vn,vietnam_whitelist,stevenblack
qccoccocmedia.vn,vietnam_whitelist|top_1m,stevenblack
qctt24h.24h.com.vn,vietnam_whitelist,stevenblack
qd.admetricspro.com,top_1m,stevenblack
qemailserver.com,top_1m,hagezi
qisc.com.vn,vietnam_whitelist,hagezi|tempest_phishing
qksrv.net,tranco|top_1m,stevenblack
ql.tc,top_1m,stevenblack
qncdaagct.biz,top_1m,hagezi
qocoll.com,tranco|top_1m,hagezi
qpoe.com,tranco|top_1m,hagezi
qr-codes.io,top_1m,phishtank
qrcc.me,tranco,tempest_phishing
qrco.de,tranco|top_1m,phishtank|vietnam_blacklist
qrfy.io,tranco|top_1m,phishtank
qring-tms.qq.com,top_1m,stevenblack
qrto.org,top_1m,phishtank
qsstats.com,top_1m,stevenblack
qth.vn,vietnam_whitelist,hagezi
quangcao.phanquang.vn,top_1m,stevenblack
quangcao.tuoitre.vn,top_1m,stevenblack
quangcaococcoc.vn,vietnam_whitelist,stevenblack
quangcaomtk.vn,vietnam_whitelist,tempest_phishing
quangcaotaxi.vn,vietnam_whitelist,hagezi
quant.jp,top_1m,stevenblack
quantcast.com,tranco|top_1m,stevenblack
quantcount.com,tranco|top_1m,stevenblack
quantserve.com,tranco|top_1m,stevenblack
quantummetric.com,tranco|top_1m,stevenblack
query-us-east1.petametrics.com,top_1m,stevenblack
query.petametrics.com,top_1m,stevenblack
query1.petametrics.com,top_1m,stevenblack
queuer-prod-elb.53.localytics.com,top_1m,stevenblack
quickkoala.io,top_1m,stevenblack
quickshare.samsungcloud.com,top_1m,phishtank
quip.com,tranco|top_1m,phishtank
qxbroker.com,tranco|top_1m,stevenblack
r-ad.ne.jp,top_1m,stevenblack
r-log.dable.io,top_1m,stevenblack
r.3gl.net,top_1m,stevenblack
r.casalemedia.com,top_1m,stevenblack
r.logrocket.io,top_1m,stevenblack
r.popin.cc,top_1m,stevenblack
r.skimresources.com,top_1m,stevenblack
r.teads.tv,top_1m,stevenblack
r.turn.com,top_1m,stevenblack
r.v2i8b.com,top_1m,stevenblack
r0.mradx.net,top_1m,stevenblack
r1-t.trackedlink.net,top_1m,stevenblack
r1.kill-bot.ru,top_1m,hagezi
r1.visualwebsiteoptimizer.com,top_1m,stevenblack
r2.visualwebsiteoptimizer.com,top_1m,stevenblack
r20.rs6.net,top_1m,phishtank
r3.nl.kill-bot.ru,top_1m,hagezi
r3.visualwebsiteoptimizer.com,top_1m,stevenblack
r4.us.kill-bot.ru,top_1m,hagezi
r8qs.adj.st,top_1m,stevenblack
rackforstorage.com,top_1m,stevenblack
radar.cedexis.com,top_1m,stevenblack
radiateprose.com,top_1m,stevenblack
rakuten.112.2o7.net,top_1m,stevenblack
randomhouse.com.102.122.2o7.net,top_1m,stevenblack
rapidshare.com,tranco,hagezi
rapidshare.de,tranco,hagezi
raw.githubusercontent.com,top_1m,urlhaus
raybanvietnam.vn,vietnam_whitelist,hagezi
rayjump.com,tranco|top_1m,stevenblack
rb.adnxs.com,top_1m,stevenblack
rb.gy,tranco|top_1m,phishtank|vietnam_blacklist
rc-ext-geo.rlcdn.com,top_1m,stevenblack
rc.rlcdn.com,top_1m,stevenblack
rcm-eu.amazon-adsystem.com,top_1m,stevenblack
rcm-fe.amazon-adsystem.com,top_1m,stevenblack
rcm-jp.amazon.co.jp,top_1m,stevenblack
rcm-na.amazon-adsystem.com,top_1m,stevenblack
rcm.amazon.com,top_1m,stevenblack
rcm.shinobi.jp,top_1m,stevenblack
rcn.asapp.com,top_1m,stevenblack
rcom-eu.dynamicyield.com,top_1m,stevenblack
rcom.dynamicyield.com,top_1m,stevenblack
rcp.c.appier.net,top_1m,stevenblack
rcvlink.com,tranco|top_1m,stevenblack
rd.rakuten.co.jp,top_1m,stevenblack
rdi.eu.criteo.com,top_1m,stevenblack
rdi.us.criteo.com,top_1m,stevenblack
reachms.bfmio.com,top_1m,stevenblack
reactads.engine.adglare.net,top_1m,stevenblack
readnotify.com,top_1m,stevenblack
reagroup.122.2o7.net,top_1m,stevenblack
real3dflipbook.net,top_1m,tempest_phishing|vietnam_blacklist
realclick.vn,vietnam_whitelist|top_1m,stevenblack
realsrv.com,tranco|top_1m,stevenblack
realtech.com.vn,vietnam_whitelist,hagezi
realtime.clinch.co,top_1m,stevenblack
realtracker.com,top_1m,stevenblack
rebatesrule.net,tranco|top_1m,hagezi
rebrand.ly,tranco|top_1m,phishtank|vietnam_blacklist
rec.aiservice.vn,top_1m,stevenblack
recapture.io,top_1m,stevenblack
recommendation.speakol.com,top_1m,stevenblack
recommender.scarabresearch.com,top_1m,stevenblack
recordedthereby.com,top_1m,hagezi
recruit.112.2o7.net,top_1m,stevenblack
recs.richrelevance.com,top_1m,stevenblack
recs.shareaholic.com,top_1m,stevenblack
redefine.hit.stat24.com,top_1m,stevenblack
redfast.com,tranco|top_1m,stevenblack
redintelligence.net,tranco|top_1m,stevenblack
redir.juicyads.com,top_1m,stevenblack
redirectingat.com,tranco|top_1m,stevenblack
redirhub.top,top_1m,stevenblack
reedunpack.com,top_1m,hagezi
ref.vn,vietnam_whitelist,hagezi|tempest_phishing
referrer.disqus.com,top_1m,stevenblack
refpa38551.com,top_1m,hagezi
region1.google-analytics.com,top_1m,stevenblack
regionconfig.amplitude.com,top_1m,stevenblack
register.appsflyer.com,top_1m,stevenblack
register.collector.scopely.io,top_1m,stevenblack
registration.gimbal.com,top_1m,stevenblack
registry.api.cnn.io,top_1m,stevenblack
reimageplus.com,top_1m,hagezi|stevenblack
relap.io,tranco|top_1m,stevenblack
relaxunwinrech.com,tranco|top_1m,hagezi
remanmy.com.vn,vietnam_whitelist,hagezi
remcuaviet.vn,vietnam_whitelist,tempest_phishing
remote-data.asnapieu.com,top_1m,stevenblack
remote-data.urbanairship.com,top_1m,stevenblack
remotewire.net,tranco|top_1m,hagezi
renderer.apester.com,top_1m,stevenblack
rentracks.jp,tranco|top_1m,stevenblack
reporo.net,top_1m,stevenblack
report.appmetrica.yandex.net,top_1m,stevenblack
report2.hb.brainlyads.com,top_1m,stevenblack
reporting-api.gannettinnovation.com,top_1m,stevenblack
reporting.aatkit.com,top_1m,stevenblack
req.startappservice.com,top_1m,stevenblack
res.cloudinary.com,top_1m,urlhaus
res.mmstat.com,top_1m,stevenblack
res1.applovin.com,top_1m,stevenblack
researchnow.com,tranco|top_1m,stevenblack
resonate.com,tranco|top_1m,stevenblack
resources.crowdtwist.com,top_1m,stevenblack
resources.infolinks.com,top_1m,stevenblack
resources.presage.io,top_1m,stevenblack
resources.taboola.com,top_1m,stevenblack
resources.xg4ken.com,top_1m,stevenblack
responder.wt-safetag.com,top_1m,stevenblack
responsiveads.com,tranco|top_1m,stevenblack
rest.iad-01.braze.com,top_1m,stevenblack
rest.iad-03.braze.com,top_1m,stevenblack
rest.locuslabs.com,top_1m,stevenblack
restartad.com,top_1m,stevenblack
restrainstorm.com,top_1m,stevenblack
resume.io,tranco|top_1m,phishtank
retagro.com,tranco|top_1m,stevenblack
retargetly-match.dotomi.com,top_1m,stevenblack
reurl.cc,tranco|top_1m,phishtank|vietnam_blacklist
rev.iq,tranco|top_1m,stevenblack
revcatch.com,top_1m,stevenblack
revcontent.com,tranco|top_1m,stevenblack
reveal.clearbit.com,top_1m,stevenblack
revenuecpmgate.com,top_1m,hagezi
revid.centech.glulive.com,top_1m,stevenblack
revsci.net,top_1m,stevenblack
rfihub.com,tranco|top_1m,stevenblack
rfp.fout.jp,top_1m,stevenblack
rhombusads.com,top_1m,stevenblack
richaudience.com,tranco|top_1m,stevenblack
richlaneresidences.vn,vietnam_whitelist,tempest_phishing
richmedia.pushwoosh.com,top_1m,stevenblack
richylam.org,tranco,hagezi
rkdms.com,tranco|top_1m,stevenblack
rkv1.com,tranco,stevenblack
rlcdn.com,tranco|top_1m,stevenblack
rlog-api.under9.co,top_1m,stevenblack
rlog.9gag.com,top_1m,stevenblack
rlog.popin.cc,top_1m,stevenblack
rm-hk.aarki.net,top_1m,stevenblack
rm.aarki.net,top_1m,stevenblack
rmp.rakuten.com,top_1m,stevenblack
rn.boylikezamia.shop,top_1m,hagezi
robinhood.com,tranco|top_1m,phishtank
rockstarwriter.com,top_1m,stevenblack
rodeoconfig.yodo1api.com,top_1m,stevenblack
roimedia.advertserve.com,top_1m,stevenblack
roksa.sx,tranco,stevenblack
rollconnection.com,tranco|top_1m,stevenblack
ronracepub.com,tranco|top_1m,stevenblack
router-fw-nl1.virexa.pw,top_1m,hagezi
rp.gwallet.com,top_1m,stevenblack
rp.hit.gemius.pl,top_1m,stevenblack
rp.hpplay.cn,top_1m,stevenblack
rp.liadm.com,top_1m,stevenblack
rp4.liadm.com,top_1m,stevenblack
rpc-tapjoy-com-lb-1378811527.us-east-1.elb.amazonaws.com,top_1m,stevenblack
rpc.tapjoy.com,top_1m,stevenblack
rpp.pe,tranco|top_1m,phishtank
rqtrk.eu,tranco|top_1m,stevenblack
rs.ba,tranco,hagezi
rs.gwallet.com,top_1m,stevenblack
rs1.qq.com,top_1m,stevenblack
rs2.qq.com,top_1m,stevenblack
rs6.net,tranco|top_1m,stevenblack
rsc-ads.vidaahub.com,top_1m,stevenblack
rsc-mntz.vidaahub.com,top_1m,stevenblack
rt.ad-score.com,top_1m,stevenblack
rt.adtiming.com,top_1m,stevenblack
rt.applovin.com,top_1m,stevenblack
rt.applvn.com,top_1m,stevenblack
rt.gsspat.jp,top_1m,stevenblack
rt.marphezis.com,top_1m,stevenblack
rt.rtoaster.jp,top_1m,stevenblack
rt.udmserve.net,top_1m,stevenblack
rtapi.abbi.io,top_1m,stevenblack
rtax.criteo.com,top_1m,stevenblack
rtb-csync.smartadserver.com,top_1m,stevenblack
rtb-use.mfadsrvr.com,top_1m,stevenblack
rtb-usw.mfadsrvr.com,top_1m,stevenblack
rtb.adentifi.com,top_1m,stevenblack
rtb.adgrx.com,top_1m,stevenblack
rtb.adgrx.com.tech.akadns.net,top_1m,stevenblack
rtb.adtiming.com,top_1m,stevenblack
rtb.d.adup-tech.com,top_1m,stevenblack
rtb.da.us.criteo.com,top_1m,stevenblack
rtb.gumgum.com,top_1m,stevenblack
rtb.mfadsrvr.com,top_1m,stevenblack
rtb.openx.net,top_1m,stevenblack
rtb0.doubleverify.com,top_1m,stevenblack
rtb2.doubleverify.com,top_1m,stevenblack
rtbadzesto.com,top_1m,stevenblack
rtbflairads.com,tranco|top_1m,stevenblack
rtbnotify.liftoff.io,top_1m,stevenblack
rtd.tubemogul.com,top_1m,stevenblack
rtk.io,top_1m,stevenblack
rtmark.net,tranco|top_1m,stevenblack
rtnl.bxcl.de,top_1m,stevenblack
rtp-static.marketo.com,top_1m,stevenblack
rtr.innovid.com,top_1m,stevenblack
rtr.innovid.com.akadns.net,top_1m,stevenblack
rts.mobula.sdk.duapps.com,top_1m,stevenblack
rts.ssl2.duapps.com,top_1m,stevenblack
rtvmax.pl,top_1m,stevenblack
ru4.com,top_1m,stevenblack
rubicon-match.dotomi.com,top_1m,stevenblack
rubicon.socdm.com,top_1m,stevenblack
rubiconproject.com,tranco|top_1m,stevenblack
rubiconproject.com-v1.edgekey.net,top_1m,stevenblack
rubiconproject.com.edgekey.net,top_1m,stevenblack
rubiconproject.net.akadns.net,top_1m,stevenblack
rules.aatkit.com,top_1m,stevenblack
rules.quantcount.com,top_1m,stevenblack
rules.securestudies.com,top_1m,stevenblack
rules2.aatkit.com,top_1m,stevenblack
rules3.aatkit.com,top_1m,stevenblack
rum-collector-2.pingdom.net,top_1m,stevenblack
rum-http-intake.logs.datadoghq.com,top_1m,stevenblack
rum-http-intake.logs.datadoghq.eu,top_1m,stevenblack
rum-static.pingdom.net,top_1m,stevenblack
rumcdn.geoedge.be,top_1m,stevenblack
run.admost.com,top_1m,stevenblack
runative-syndicate.com,tranco|top_1m,stevenblack
rundsp.com,top_1m,stevenblack
russianold.com,top_1m,hagezi
rustdesk.io,tranco,hagezi|stevenblack
rut.vn,vietnam_whitelist,hagezi|tempest_phishing
rutrk.org,top_1m,stevenblack
rw.yieldmo.com,top_1m,stevenblack
s-a.innovid.com,top_1m,stevenblack
s-adserver.cxad.cxense.com,top_1m,stevenblack
s-bid.rmp.rakuten.com,top_1m,stevenblack
s-cdn.innovid.com,top_1m,stevenblack
s-clk.rmp.rakuten.com,top_1m,stevenblack
s-cs.send.microad.jp,top_1m,stevenblack
s-files.innovid.com,top_1m,stevenblack
s-img.adskeeper.co.uk,top_1m,stevenblack
s-img.adskeeper.com,top_1m,stevenblack
s-img.mgid.com,top_1m,stevenblack
s-imp.rmp.rakuten.com,top_1m,stevenblack
s-jsonp.moatads.com,top_1m,stevenblack
s-rtb-pb.send.microad.jp,top_1m,stevenblack
s-rtb.send.microad.jp,top_1m,stevenblack
s-static.innovid.com,top_1m,stevenblack
s-static.innovid.com.edgekey.net,top_1m,stevenblack
s-usweb.dotomi.com,top_1m,stevenblack
s-video.innovid.com,top_1m,stevenblack
s.ad.smaato.net,top_1m,stevenblack
s.adnxtr.com,top_1m,stevenblack
s.adroll.com,top_1m,stevenblack
s.adtelligent.com,top_1m,stevenblack
s.adx.io,top_1m,stevenblack
s.amazon-adsystem.com,top_1m,stevenblack
s.biz.vn,top_1m,tempest_phishing
s.c.appier.net,top_1m,stevenblack
s.cdn.turner.com,top_1m,stevenblack
s.clcktrax.com,top_1m,stevenblack
s.click.aliexpress.com,top_1m,stevenblack
s.clickiocdn.com,top_1m,stevenblack
s.console.adtarget.com.tr,top_1m,stevenblack
s.conver2clickapp.com,top_1m,hagezi
s.cpx.to,top_1m,stevenblack
s.d.adup-tech.com,top_1m,stevenblack
s.dpmsrv.com,top_1m,stevenblack
s.dynad.net,top_1m,stevenblack
s.eclick.vn,top_1m,stevenblack
s.go-mpulse.net,top_1m,stevenblack
s.iaudienc.com,top_1m,stevenblack
s.id,tranco|top_1m,phishtank|vietnam_blacklist
s.idio.co,top_1m,stevenblack
s.iff.inmobi.com,top_1m,stevenblack
s.innovid.com,top_1m,stevenblack
s.innovid.com.akadns.net,top_1m,stevenblack
s.jpush.cn,top_1m,stevenblack
s.jsrdn.com,top_1m,stevenblack
s.ntv.io,top_1m,stevenblack
s.seedtag.com,top_1m,stevenblack
s.sharethis.com,top_1m,stevenblack
s.shopify.com,top_1m,stevenblack
s.skimresources.com,top_1m,stevenblack
s.tagsrvcs.com,top_1m,stevenblack
s.thebrighttag.com,top_1m,stevenblack
s.tpctrust.com,top_1m,stevenblack
s.tribalfusion.com,top_1m,stevenblack
s.update.3lift.com,top_1m,stevenblack
s.update.adsrvr.org,top_1m,stevenblack
s.update.indexww.com,top_1m,stevenblack
s.update.rubiconproject.com,top_1m,stevenblack
s.update.tas.yieldmo.com,top_1m,stevenblack
s.update.wo.gumgum.com,top_1m,stevenblack
s.uuidksinc.net,top_1m,stevenblack
s.vertamedia.com,top_1m,stevenblack
s.vi-serve.com,top_1m,stevenblack
s.visilabs.net,top_1m,stevenblack
s.webtrends.com,top_1m,stevenblack
s.yjtag.jp,top_1m,stevenblack
s.zkcdn.net,top_1m,stevenblack
s.zzcdn.me,top_1m,stevenblack
s0.2mdn.net,top_1m,stevenblack
s01.flagcounter.com,top_1m,stevenblack
s04.flagcounter.com,top_1m,stevenblack
s05.flagcounter.com,top_1m,stevenblack
s1.2mdn.net,top_1m,stevenblack
s1.adform.net,top_1m,stevenblack
s1.gmslb.net,top_1m,hagezi
s1.listrakbi.com,top_1m,stevenblack
s1.shinystat.com,top_1m,stevenblack
s10.histats.com,top_1m,stevenblack
s11.flagcounter.com,top_1m,stevenblack
s1325.t.eloqua.com,top_1m,stevenblack
s2.adform.net,top_1m,stevenblack
s2.bl-1.com,top_1m,stevenblack
s2.shinystat.com,top_1m,stevenblack
s2s.adjust.com,top_1m,stevenblack
s2s.aniview.com,top_1m,stevenblack
s2s.mparticle.com,top_1m,stevenblack
s2s.singular.net,top_1m,stevenblack
s2s.t13.io,top_1m,stevenblack
s3-analytics-events.easybrain.com,top_1m,stevenblack
s3.ap-northeast-1.wasabisys.com,top_1m,vietnam_blacklist
s3.buysellads.com,top_1m,stevenblack
s3.eu-central-003.backblazeb2.com,top_1m,phishtank
s3.eu-central-1.wasabisys.com,top_1m,vietnam_blacklist
s3.lightboxcdn.com,top_1m,stevenblack
s3.shinystat.com,top_1m,stevenblack
s3.us-west-1.wasabisys.com,top_1m,vietnam_blacklist
s3m.mediav.com,top_1m,stevenblack
s4.histats.com,top_1m,stevenblack
s4i.histats.com,top_1m,stevenblack
s4is.histats.com,top_1m,stevenblack
s7.addthis.com,top_1m,stevenblack
s8t.teads.tv,top_1m,stevenblack
s9.shinystat.com,top_1m,stevenblack
sa.bbc.co.uk,top_1m,stevenblack
sa.unionstatistics.com,top_1m,stevenblack
sabio.us,tranco|top_1m,stevenblack
sac.ayads.co,top_1m,stevenblack
sachdoanhnhan.vn,vietnam_whitelist,vietnam_blacklist
sachhungyen.vn,vietnam_whitelist,tempest_phishing
sadbmetrics.abc.es,top_1m,stevenblack
safenet.vn,vietnam_whitelist,hagezi|vietnam_blacklist
safetylit.org,top_1m,hagezi|phishtank|phishing_army
saigoncargo.vn,vietnam_whitelist,hagezi
sail-horizon.com,tranco|top_1m,stevenblack
sakurasaku.vn,vietnam_whitelist,tempest_phishing
salator.es,tranco,hagezi
samba.tv,tranco|top_1m,stevenblack
sample-api-v2.crazyegg.com,top_1m,stevenblack
samsungacr.com,tranco|top_1m,stevenblack
samsungads.com,tranco|top_1m,stevenblack
san.push.io.edgekey.net,top_1m,stevenblack
sanalytics.autozone.com,top_1m,stevenblack
sanalytics.box.com,top_1m,stevenblack
sanalytics.disneyplus.com,top_1m,stevenblack
sanalytics.express.de,top_1m,stevenblack
sanalytics.hallmark.com,top_1m,stevenblack
sanalytics.hottopic.com,top_1m,stevenblack
sanalytics.verizon.com,top_1m,stevenblack
sanalytics.verizonwireless.com,top_1m,stevenblack
sandbox.tinypass.com,top_1m,stevenblack
satworld.ie,top_1m,tempest_phishing
saveto.vn,vietnam_whitelist,tempest_phishing
saxp.zedo.com,top_1m,stevenblack
sb.monetate.net,top_1m,stevenblack
sb.scorecardresearch.com,top_1m,stevenblack
sb.voicefive.com,top_1m,stevenblack
sbbol1011play.sbs,top_1m,hagezi
sbeacon.sina.com.cn,top_1m,stevenblack
sbux-dl.urbanairship.com,top_1m,stevenblack
sc-static.net,tranco|top_1m,stevenblack
sc.adelement.com,top_1m,stevenblack
sc.omtrdc.net,top_1m,stevenblack
sc.pages03.net,top_1m,stevenblack
sc.smardroid.com,top_1m,stevenblack
scalemonk.com,top_1m,stevenblack
scan.page,tranco|top_1m,phishtank|phishing_army
scanned.page,tranco|top_1m,phishtank
scanscout.com,top_1m,stevenblack
scar.unityads.unity3d.com,top_1m,stevenblack
scc.office365.us,top_1m,vietnam_blacklist
scdn.cxense.com,top_1m,stevenblack
scdn.eclick.vn,top_1m,stevenblack
scdown.qq.com,top_1m,stevenblack
schemea.prinit.net,top_1m,stevenblack
schwab.demdex.net,top_1m,stevenblack
scintillatingsilver.com,top_1m,stevenblack
scmetrics.shell.com,top_1m,stevenblack
scnv.io,top_1m,phishtank
scomcluster.cxense.com,top_1m,stevenblack
scoopertithers.cfd,top_1m,hagezi
scorecardresearch.com,tranco|top_1m,stevenblack
scrawnyslice.com,top_1m,hagezi
scribe.logs.roku.com,top_1m,stevenblack
scribehow.com,tranco|top_1m,phishtank
scripps.demdex.net,top_1m,stevenblack
script.4dex.io,top_1m,stevenblack
script.crazyegg.com,top_1m,stevenblack
script.dotmetrics.net,top_1m,stevenblack
script.google.com,top_1m,phishtank
script.hotjar.com,top_1m,stevenblack
script.leadboxer.com,top_1m,stevenblack
script.opentracker.net,top_1m,stevenblack
script.tapfiliate.com,top_1m,stevenblack
scripts.affiliatefuture.com,top_1m,stevenblack
scripts.agilone.com,top_1m,stevenblack
scripts.demandbase.com,top_1m,stevenblack
scripts.kiosked.com,top_1m,stevenblack
scripts.kissmetrics.com,top_1m,stevenblack
scripts.mediavine.com,top_1m,stevenblack
scripts.psyma.com,top_1m,stevenblack
scripts.sophus3.com,top_1m,stevenblack
scripts.speedshiftmedia.com,top_1m,stevenblack
scripts.webcontentassessor.com,top_1m,stevenblack
scsmetrics.vodafone.it,top_1m,stevenblack
scubadiving.vn,vietnam_whitelist,hagezi
sd.iperceptions.com,top_1m,stevenblack
sd.sharethis.com,top_1m,stevenblack
sdk-02.moengage.com,top_1m,stevenblack
sdk-api-v1.singular.net,top_1m,stevenblack
sdk-api.justtrack.io,top_1m,stevenblack
sdk-api.maticooads.com,top_1m,stevenblack
sdk-assets.localytics.com,top_1m,stevenblack
sdk-b.apptornado.com,top_1m,stevenblack
sdk-cdn.aiactiv.io,top_1m,stevenblack
sdk-cdn.optimove.net,top_1m,stevenblack
sdk-configuration.gimbal.com,top_1m,stevenblack
sdk-events.inner-active.mobi,top_1m,stevenblack
sdk-hb-cfg.smaato.net,top_1m,stevenblack
sdk-info.gimbal.com,top_1m,stevenblack
sdk-ios.ad.smaato.net,top_1m,stevenblack
sdk-monitoring.ogury.co,top_1m,stevenblack
sdk.ad.smaato.net,top_1m,stevenblack
sdk.api.qgraph.io,top_1m,stevenblack
sdk.appbrain.com,top_1m,stevenblack
sdk.appsflyer.com,top_1m,stevenblack
sdk.apptentive.com,top_1m,stevenblack
sdk.asapp.com,top_1m,stevenblack
sdk.collabollc.com,top_1m,stevenblack
sdk.e.qq.com,top_1m,stevenblack
sdk.fra-01.braze.eu,top_1m,stevenblack
sdk.hansel.io,top_1m,stevenblack
sdk.iad-01.braze.com,top_1m,stevenblack
sdk.iad-02.braze.com,top_1m,stevenblack
sdk.iad-03.appboy.com,top_1m,stevenblack
sdk.iad-03.braze.com,top_1m,stevenblack
sdk.iad-06.braze.com,top_1m,stevenblack
sdk.iad-08.braze.com,top_1m,stevenblack
sdk.imrworldwide.com,top_1m,stevenblack
sdk.inmobi.cn,top_1m,stevenblack
sdk.inmobi.com,top_1m,stevenblack
sdk.loveota.net,top_1m,stevenblack
sdk.moneyoyo.com,top_1m,stevenblack
sdk.open.phone.igexin.com,top_1m,stevenblack
sdk.open.talk.getui.net,top_1m,stevenblack
sdk.open.talk.igexin.com,top_1m,stevenblack
sdk.out.usbla.net,top_1m,stevenblack
sdk.postscript.io,top_1m,stevenblack
sdk.push.mob.com,top_1m,stevenblack
sdk.resu.io,top_1m,stevenblack
sdk.scopely.io,top_1m,stevenblack
sdk.sharethrough.com,top_1m,stevenblack
sdk.streamrail.com,top_1m,stevenblack
sdk.verification.jiguang.cn,top_1m,stevenblack
sdk.yolanda.hk,top_1m,stevenblack
sdk.zadn.vn,top_1m,stevenblack
sdkapi.netmera.com,top_1m,stevenblack
sdkapicdn.applanga.com,top_1m,stevenblack
sdkconfig.ad.india.xiaomi.com,top_1m,stevenblack
sdkconfig.ad.intl.xiaomi.com,top_1m,stevenblack
sdkconfig.ad.xiaomi.com,top_1m,stevenblack
sdkconnect121.st,tranco|top_1m,hagezi
sdkconnecter.com,tranco|top_1m,hagezi
sdkgw.us1.twilio.com,top_1m,stevenblack
sdkm.w.inmobi.com,top_1m,stevenblack
sdkuaservice.optimove.net,top_1m,stevenblack
sdkupgrade.insight.ucweb.com,top_1m,stevenblack
sdkv2.imaginationunwired.com,top_1m,stevenblack
sdl.vn,vietnam_whitelist,hagezi
sds.livesegmentservice.com,top_1m,stevenblack
se.monetate.net,top_1m,stevenblack
seadform.net,tranco|top_1m,stevenblack
search.conduit.com,top_1m,stevenblack
search.etargetnet.com,top_1m,stevenblack
search.spotxchange.com,top_1m,stevenblack
search.supplyframe.com,top_1m,stevenblack
searchmagnified.com,tranco|top_1m,hagezi|stevenblack
searchmarketing.com,top_1m,stevenblack
sec.levexis.com,top_1m,stevenblack
sec.umeng.com,top_1m,stevenblack
secondstreetapp.com,tranco|top_1m,stevenblack
secre.jp,tranco,stevenblack
secure-assets.rubiconproject.com,top_1m,stevenblack
secure-au.imrworldwide.com,top_1m,stevenblack
secure-cdn.mplxtms.com,top_1m,stevenblack
secure-dcr.imrworldwide.com,top_1m,stevenblack
secure-drm.imrworldwide.com,top_1m,stevenblack
secure-ds.serving-sys.com,top_1m,stevenblack
secure-gg.imrworldwide.com,top_1m,stevenblack
secure-gl.imrworldwide.com,top_1m,stevenblack
secure-it.imrworldwide.com,top_1m,stevenblack
secure-nz.imrworldwide.com,top_1m,stevenblack
secure-proxy.imrworldwide.com,top_1m,stevenblack
secure-sdk.imrworldwide.com,top_1m,stevenblack
secure-uk.imrworldwide.com,top_1m,stevenblack
secure-us.imrworldwide.com,top_1m,stevenblack
secure.adnxs.com,top_1m,stevenblack
secure.analytics.ihg.com,top_1m,stevenblack
secure.flashtalking.com,top_1m,stevenblack
secure.flashtalking.com.edgekey.net,top_1m,stevenblack
secure.gooddata.com,top_1m,stevenblack
secure.insightexpressai.com,top_1m,stevenblack
secure.leadforensics.com,top_1m,stevenblack
secure.mediav.com,top_1m,stevenblack
secure.ownlocal.com,top_1m,stevenblack
secure.perk0mean.com,top_1m,stevenblack
secure.quantserve.com,top_1m,stevenblack
secure.statcounter.com,top_1m,stevenblack
secureaddisplay.com,top_1m,stevenblack
secureir.ebaystatic.com,top_1m,stevenblack
securelinkedin.com,top_1m,tempest_phishing
securemetrics.apple.com,top_1m,stevenblack
securemetrics.apple.com.cn,top_1m,stevenblack
securemetrics.blackrock.com,top_1m,stevenblack
securemetrics.gap.com,top_1m,stevenblack
securemetrics.gapcanada.ca,top_1m,stevenblack
securemetrics.gapfactory.com,top_1m,stevenblack
securepubads.g.doubleclick.net,vietnam_whitelist|top_1m,stevenblack
securityannex.net,tranco|top_1m,stevenblack
securitynotifications.org,top_1m,tempest_phishing
securitytrails.com,tranco|top_1m,vietnam_blacklist
sedoparking.com,tranco|top_1m,stevenblack
see.com.vn,vietnam_whitelist,tempest_phishing
seg.ad.gt,top_1m,stevenblack
seg.mmtro.com,top_1m,stevenblack
seg.sharethis.com,top_1m,stevenblack
seginus.iad-03.braze.com,top_1m,stevenblack
segment-data-us-east.zqtk.net,top_1m,stevenblack
segment-data.zqtk.net,top_1m,stevenblack
segment.api.useinsider.com,top_1m,stevenblack
segment.prod.bidr.io,top_1m,stevenblack
segment.psg.nexstardigital.net,top_1m,stevenblack
segmentapis.com,tranco|top_1m,stevenblack
segments.company-target.com,top_1m,stevenblack
segob.gob.mx,top_1m,stevenblack
sekindo.com,top_1m,stevenblack
semasio.net,tranco|top_1m,stevenblack
send.microad.jp,top_1m,stevenblack
sender.zohoinsights.eu,top_1m,phishtank|phishing_army
sendtuna.com,tranco,hagezi
sensic.net,tranco|top_1m,stevenblack
serv-api.target2sell.com,top_1m,stevenblack
serve-prod1204.uberads.com,top_1m,stevenblack
serve.popads.net,top_1m,stevenblack
serve.tercept.com,top_1m,stevenblack
serve.uberads.com,top_1m,stevenblack
servebom.com,tranco|top_1m,stevenblack
servedby-buysellads.com,top_1m,stevenblack
servedby.flashtalking.com,top_1m,stevenblack
servedbyadbutler.com,tranco|top_1m,stevenblack
serveftp.com,tranco,hagezi
server.bidstack.com,top_1m,stevenblack
server.connecto.io,top_1m,stevenblack
server.cpmstar.com,top_1m,stevenblack
server.iad.liveperson.net,top_1m,stevenblack
server.seadform.net,top_1m,stevenblack
server.zmedia.vn,vietnam_whitelist|top_1m,stevenblack
service.fyber.com,top_1m,stevenblack
service.hotstar.com,top_1m,stevenblack
service.videoplaza.tv,top_1m,stevenblack
servicelayer.king.com,top_1m,stevenblack
servicer.mgid.com,top_1m,stevenblack
services.brid.tv,top_1m,stevenblack
services.brightline.tv,top_1m,stevenblack
services.cdn.speedshiftmedia.com,top_1m,stevenblack
services.insurads.com,top_1m,stevenblack
services.vlitag.com,vietnam_whitelist|top_1m,stevenblack
services.xg4ken.com,top_1m,stevenblack
servicevod.sbs,top_1m,hagezi
serviciodecorreo.es,tranco|top_1m,phishtank
serving-sys.com,tranco|top_1m,stevenblack
serving.stat-rock.com,top_1m,stevenblack
sessioncam.com,top_1m,stevenblack
sessions.bugsnag.com,top_1m,stevenblack
setting.rayjump.com,top_1m,stevenblack
settings.luckyorange.net,top_1m,stevenblack
sewlqwcd.biz,top_1m,hagezi
sexdepvl.blog,tranco,hagezi
sexmanh.net,tranco,hagezi
sexnetvc.com,tranco,hagezi
sexvietdam.blog,tranco|top_1m,hagezi
sfc.com.vn,vietnam_whitelist,tempest_phishing
sfitness.vn,vietnam_whitelist,hagezi
sfo1.ipromote.com,top_1m,stevenblack
sfo2.ipromote.com,top_1m,stevenblack
sftrack.searchforce.net,top_1m,stevenblack
sg-match.taboola.com,top_1m,stevenblack
sg-setting.rayjump.com,top_1m,stevenblack
sg-trc-events.taboola.com,top_1m,stevenblack
sg-vid-events.taboola.com,top_1m,stevenblack
sg-wf.taboola.com,top_1m,stevenblack
sg.c.appier.net,top_1m,stevenblack
sg.mmstat.com,top_1m,stevenblack
sg1.wzrkt.com,top_1m,stevenblack
sg2-bid.adsrvr.org,top_1m,stevenblack
sgfw.adsafeprotected.com,top_1m,stevenblack
sgp.trafficmanager.inmobi.com,top_1m,stevenblack
sgpixel.adsafeprotected.com,top_1m,stevenblack
sh.adingo.jp,top_1m,stevenblack
sh.zucks.net,top_1m,stevenblack
shalltry.com,tranco|top_1m,stevenblack
share-eu1.hsforms.com,top_1m,phishtank
share-na2.hsforms.com,top_1m,phishtank
share.google,tranco|top_1m,phishtank|urlhaus
share.hsforms.com,top_1m,phishtank
share.mob.com,top_1m,stevenblack
shareaholic.com,tranco|top_1m,stevenblack
shareasale.com,tranco|top_1m,stevenblack
shared.outlook.inky.com,top_1m,phishtank
sharefb.cnnd.vn,top_1m,stevenblack
sharethrough.com,tranco|top_1m,stevenblack
sharks.vn,vietnam_whitelist,stevenblack
shepherd.ff.avast.com,top_1m,stevenblack
shesubscriptions.com,top_1m,stevenblack
shinystat.com,tranco|top_1m,stevenblack
shinystat.it,top_1m,stevenblack
shnpoc.net,top_1m,hagezi
shopacclienminh.vn,vietnam_whitelist,vietnam_blacklist
shopapi.ranking.rakuten.co.jp,top_1m,stevenblack
shoplienquan.vn,vietnam_whitelist,hagezi
shopritegroup.co.za,top_1m,hagezi
shoptruykich.vn,vietnam_whitelist,vietnam_blacklist
short.com.vn,vietnam_whitelist,tempest_phishing
shorten.tv,top_1m,tempest_phishing|phishtank|phishing_army
shorturl.asia,top_1m,phishtank
shorturl.at,tranco|top_1m,phishtank
shorturl.fm,tranco,hagezi
shoutout.wix.com,top_1m,phishtank|vietnam_blacklist
show-f.mediav.com,top_1m,stevenblack
show-g.mediav.com,top_1m,stevenblack
shpwbsrw.biz,top_1m,hagezi
si.hit.gemius.pl,top_1m,stevenblack
sider.ai,tranco|top_1m,phishtank|phishing_army
siemens.d1.sc.omtrdc.net,top_1m,stevenblack
sieraddns.com,tranco|top_1m,hagezi
sieuthicayxanh.vn,vietnam_whitelist,hagezi
sift-campaign-creatives.sift.co,top_1m,stevenblack
sigma-statistics-push.proxima.nie.easebar.com,top_1m,stevenblack
signal-beacon.s-onetag.com,top_1m,stevenblack
signal-metrics-collector-beta.s-onetag.com,top_1m,stevenblack
silver-fir.cd.segmentapis.com,top_1m,stevenblack
silvermob.com,tranco|top_1m,stevenblack
sim247.vn,vietnam_whitelist,hagezi
simage2.pubmatic.com,top_1m,stevenblack
simage4.pubmatic.com,top_1m,stevenblack
simpli.fi,tranco|top_1m,stevenblack
simplifi.partners.tremorhub.com,top_1m,stevenblack
simplycast.com,top_1m,stevenblack
sin.creativecdn.com,top_1m,stevenblack
sin1.geoadnxs.com,top_1m,stevenblack
sin3-ib.sin1.geoadnxs.com,top_1m,stevenblack
sincerelyfutile.com,top_1m,hagezi
singleflirt.com,top_1m,stevenblack
singular.net,tranco|top_1m,stevenblack
sinhtracdauvantay.com.vn,vietnam_whitelist,tempest_phishing
sini.vn,vietnam_whitelist,hagezi
sinkhole.netmng.com,top_1m,stevenblack
sis.jpush.io,top_1m,stevenblack
sitecdn.tvpage.com,top_1m,stevenblack
sitedataprocessing.com,tranco|top_1m,stevenblack
siteimproveanalytics.com,tranco|top_1m,stevenblack
siteimproveanalytics.io,tranco|top_1m,stevenblack
siteintercept.qualtrics.com,top_1m,stevenblack
sitemaji.com,top_1m,stevenblack
sitemeter.com,tranco,stevenblack
siterecruit.comscore.com,top_1m,stevenblack
sites.google.com,top_1m,phishtank|vietnam_blacklist
siti.vn,vietnam_whitelist,tempest_phishing
sjc-bh.contextweb.com,top_1m,stevenblack
sjc-bid.contextweb.com,top_1m,stevenblack
sjc-rtb1.rfihub.com,top_1m,stevenblack
sjc-tr-bgp.contextweb.com,top_1m,stevenblack
sjc-tr.contextweb.com,top_1m,stevenblack
sjc-usadmm-ds.dotomi.com,top_1m,stevenblack
sjc-usadmm.dotomi.com,top_1m,stevenblack
sjremetrics.java.com,top_1m,stevenblack
sjrtp-cdn.marketo.com,top_1m,stevenblack
sjrtp1.marketo.com,top_1m,stevenblack
sjrtp2-cdn.marketo.com,top_1m,stevenblack
sjrtp2.marketo.com,top_1m,stevenblack
sjrtp3-cdn.marketo.com,top_1m,stevenblack
sjrtp4-cdn.marketo.com,top_1m,stevenblack
sjrtp4.marketo.com,top_1m,stevenblack
sjrtp5-cdn.marketo.com,top_1m,stevenblack
sjrtp5.marketo.com,top_1m,stevenblack
sjrtp6-cdn.marketo.com,top_1m,stevenblack
sjrtp6.marketo.com,top_1m,stevenblack
sjrtp7-cdn.marketo.com,top_1m,stevenblack
sjrtp7.marketo.com,top_1m,stevenblack
sjrtp8-cdn.marketo.com,top_1m,stevenblack
sjrtp8.marketo.com,top_1m,stevenblack
sjs.bizographics.com,top_1m,stevenblack
sk.search.etargetnet.com,top_1m,stevenblack
skateshoespphilippinesonline.com,top_1m,hagezi
skimresources.com,tranco|top_1m,stevenblack
skroutza.skroutz.gr,top_1m,stevenblack
skylink.vn,vietnam_whitelist,stevenblack
skyprep-filepicker-uploads.s3.amazonaws.com,top_1m,phishtank
slc.stats.paypal.com,top_1m,stevenblack
slicktext.com,top_1m,stevenblack
slidesgo.com,tranco|top_1m,phishtank
slimesupplies.net,top_1m,stevenblack
smaato-match.dotomi.com,top_1m,stevenblack
smaato.net,tranco|top_1m,stevenblack
smadex.com,tranco|top_1m,stevenblack
smart-data-systems.com,top_1m,stevenblack
smart.link,tranco|top_1m,stevenblack
smartads.tech,top_1m,stevenblack
smartadserver.com,tranco|top_1m,stevenblack
smartcanvas.net,top_1m,stevenblack
smartcheck.vn,vietnam_whitelist,hagezi
smartclip.net,tranco|top_1m,stevenblack
smartgogo.vn,vietnam_whitelist,hagezi
smartlock.google.com,top_1m,stevenblack
smartlook.com,tranco|top_1m,stevenblack
smartnews-ads.com,tranco|top_1m,stevenblack
smartstream.tv,tranco|top_1m,stevenblack
smarttag.rubiconproject.com,top_1m,stevenblack
smarttrain.edu.vn,vietnam_whitelist,hagezi
smartyads.com,tranco|top_1m,stevenblack
smbcnikko.co.jp,tranco|top_1m,phishtank
smetrics-ieeexplore.ieee.org,top_1m,stevenblack
smetrics.3m.com,top_1m,stevenblack
smetrics.aa.com,top_1m,stevenblack
smetrics.aarp.org,top_1m,stevenblack
smetrics.abbvie.com,top_1m,stevenblack
smetrics.abercrombie.com,top_1m,stevenblack
smetrics.aem.playstation.com,top_1m,stevenblack
smetrics.aetn.com,top_1m,stevenblack
smetrics.aia.com,top_1m,stevenblack
smetrics.ancestry.com,top_1m,stevenblack
smetrics.anntaylor.com,top_1m,stevenblack
smetrics.as.com,top_1m,stevenblack
smetrics.att.com,top_1m,stevenblack
smetrics.att.com.edgekey.net,top_1m,stevenblack
smetrics.autodesk.com,top_1m,stevenblack
smetrics.avalara.com,top_1m,stevenblack
smetrics.bancsabadell.com,top_1m,stevenblack
smetrics.bankofamerica.com,top_1m,stevenblack
smetrics.bbb.org,top_1m,stevenblack
smetrics.bbva.es,top_1m,stevenblack
smetrics.bbva.mx,top_1m,stevenblack
smetrics.bcbsm.com,top_1m,stevenblack
smetrics.bestbuy.com,top_1m,stevenblack
smetrics.bmo.com,top_1m,stevenblack
smetrics.bncollege.com,top_1m,stevenblack
smetrics.boston.com,top_1m,stevenblack
smetrics.caesars.com,top_1m,stevenblack
smetrics.capitalone.com,top_1m,stevenblack
smetrics.carfax.com,top_1m,stevenblack
smetrics.casio.com,top_1m,stevenblack
smetrics.cbc.ca,top_1m,stevenblack
smetrics.chrysler.com,top_1m,stevenblack
smetrics.cisco.com,top_1m,stevenblack
smetrics.cnn.com,top_1m,stevenblack
smetrics.comenity.net,top_1m,stevenblack
smetrics.consumerreports.org,top_1m,stevenblack
smetrics.correos.es,top_1m,stevenblack
smetrics.costacruise.com,top_1m,stevenblack
smetrics.costco.com,top_1m,stevenblack
smetrics.cox.com,top_1m,stevenblack
smetrics.crocs.com,top_1m,stevenblack
smetrics.croma.com,top_1m,stevenblack
smetrics.currys.co.uk,top_1m,stevenblack
smetrics.delta.com,top_1m,stevenblack
smetrics.dickssportinggoods.com,top_1m,stevenblack
smetrics.discover.com,top_1m,stevenblack
smetrics.element14.com,top_1m,stevenblack
smetrics.elpais.com,top_1m,stevenblack
smetrics.elsevier.com,top_1m,stevenblack
smetrics.enelenergia.it,top_1m,stevenblack
smetrics.enterprise.com,top_1m,stevenblack
smetrics.eversource.com,top_1m,stevenblack
smetrics.express-scripts.com,top_1m,stevenblack
smetrics.ey.com,top_1m,stevenblack
smetrics.farnell.com,top_1m,stevenblack
smetrics.fcbarcelona.com,top_1m,stevenblack
smetrics.fedex.com,top_1m,stevenblack
smetrics.fifa.com,top_1m,stevenblack
smetrics.ford.com,top_1m,stevenblack
smetrics.foxbusiness.com,top_1m,stevenblack
smetrics.foxnews.com,top_1m,stevenblack
smetrics.fpl.com,top_1m,stevenblack
smetrics.frontier.com,top_1m,stevenblack
smetrics.gcimetrics.com,top_1m,stevenblack
smetrics.global.nba.com,top_1m,stevenblack
smetrics.globalnews.ca,top_1m,stevenblack
smetrics.goindigo.in,top_1m,stevenblack
smetrics.grainger.com,top_1m,stevenblack
smetrics.grundfos.com,top_1m,stevenblack
smetrics.ha.com,top_1m,stevenblack
smetrics.hbsp.harvard.edu,top_1m,stevenblack
smetrics.hdfcbank.com,top_1m,stevenblack
smetrics.healthengine.com.au,top_1m,stevenblack
smetrics.hpe.com,top_1m,stevenblack
smetrics.huntington.com,top_1m,stevenblack
smetrics.hyundaiusa.com,top_1m,stevenblack
smetrics.jcb.co.jp,top_1m,stevenblack
smetrics.jcpenney.com,top_1m,stevenblack
smetrics.kaiserpermanente.org,top_1m,stevenblack
smetrics.kawai-juku.ac.jp,top_1m,stevenblack
smetrics.kay.com,top_1m,stevenblack
smetrics.kbb.com,top_1m,stevenblack
smetrics.lululemon.com,top_1m,stevenblack
smetrics.manheim.com,top_1m,stevenblack
smetrics.marcus.com,top_1m,stevenblack
smetrics.marksandspencer.com,top_1m,stevenblack
smetrics.marriott.com,top_1m,stevenblack
smetrics.mathworks.com,top_1m,stevenblack
smetrics.mcafee.com,top_1m,stevenblack
smetrics.metrobyt-mobile.com,top_1m,stevenblack
smetrics.mgmresorts.com,top_1m,stevenblack
smetrics.moodys.com,top_1m,stevenblack
smetrics.morganstanley.com,top_1m,stevenblack
smetrics.nab.com.au,top_1m,stevenblack
smetrics.napaonline.com,top_1m,stevenblack
smetrics.nationwide.co.uk,top_1m,stevenblack
smetrics.newark.com,top_1m,stevenblack
smetrics.newbalance.com,top_1m,stevenblack
smetrics.nfl.com,top_1m,stevenblack
smetrics.ni.com,top_1m,stevenblack
smetrics.nvidia.com,top_1m,stevenblack
smetrics.oakley.com,top_1m,stevenblack
smetrics.optum.com,top_1m,stevenblack
smetrics.panerabread.com,top_1m,stevenblack
smetrics.pbteen.com,top_1m,stevenblack
smetrics.petco.com,top_1m,stevenblack
smetrics.politico.com,top_1m,stevenblack
smetrics.premierinn.com,top_1m,stevenblack
smetrics.pulte.com,top_1m,stevenblack
smetrics.qatarairways.com,top_1m,stevenblack
smetrics.rac.co.uk,top_1m,stevenblack
smetrics.rackroomshoes.com,top_1m,stevenblack
smetrics.ralphlauren.com,top_1m,stevenblack
smetrics.ray-ban.com,top_1m,stevenblack
smetrics.rcsmetrics.it,top_1m,stevenblack
smetrics.realestate.com.au,top_1m,stevenblack
smetrics.redhat.com,top_1m,stevenblack
smetrics.regions.com,top_1m,stevenblack
smetrics.royalcaribbean.com,top_1m,stevenblack
smetrics.samsung.com,top_1m,stevenblack
smetrics.sap.com,top_1m,stevenblack
smetrics.sce.com,top_1m,stevenblack
smetrics.science.org,top_1m,stevenblack
smetrics.sdcvisit.com,top_1m,stevenblack
smetrics.seguro.mediaset.es,top_1m,stevenblack
smetrics.sephora.com,top_1m,stevenblack
smetrics.solarwinds.com,top_1m,stevenblack
smetrics.sony.jp,top_1m,stevenblack
smetrics.southwest.com,top_1m,stevenblack
smetrics.stanfordhealthcare.org,top_1m,stevenblack
smetrics.staples.com,top_1m,stevenblack
smetrics.staplesadvantage.com,top_1m,stevenblack
smetrics.statefarm.com,top_1m,stevenblack
smetrics.suncorp.com.au,top_1m,stevenblack
smetrics.superiorhealthplan.com,top_1m,stevenblack
smetrics.te.com,top_1m,stevenblack
smetrics.telegraph.co.uk,top_1m,stevenblack
smetrics.tesco.com,top_1m,stevenblack
smetrics.tfl.gov.uk,top_1m,stevenblack
smetrics.tiaa.org,top_1m,stevenblack
smetrics.tmz.com,top_1m,stevenblack
smetrics.totalwine.com,top_1m,stevenblack
smetrics.toyota.com,top_1m,stevenblack
smetrics.tractorsupply.com,top_1m,stevenblack
smetrics.ttiinc.com,top_1m,stevenblack
smetrics.tv2.dk,top_1m,stevenblack
smetrics.ubi.com,top_1m,stevenblack
smetrics.ups.com,top_1m,stevenblack
smetrics.usbank.com,top_1m,stevenblack
smetrics.virginatlantic.com,top_1m,stevenblack
smetrics.virginaustralia.com,top_1m,stevenblack
smetrics.vodafone.co.uk,top_1m,stevenblack
smetrics.vonage.com,top_1m,stevenblack
smetrics.walgreens.com,top_1m,stevenblack
smetrics.webex.com,top_1m,stevenblack
smetrics.wgu.edu,top_1m,stevenblack
smetrics.wmg.com,top_1m,stevenblack
smetrics.worldbank.org,top_1m,stevenblack
smetrics.wyndhamhotels.com,top_1m,stevenblack
smetrics1.experian.com,top_1m,stevenblack
smilewanted.com,tranco|top_1m,stevenblack
smrtb.com,tranco|top_1m,stevenblack
sms-sg.ads.heytapmobile.com,top_1m,stevenblack
sms.ads.heytapmobi.com,top_1m,stevenblack
sms.ads.oppomobile.com,top_1m,stevenblack
sms.mob.com,top_1m,stevenblack
smtx.belfius.be,top_1m,stevenblack
smy.iheart.com,top_1m,stevenblack
snap.licdn.com,top_1m,stevenblack
snapads.com,top_1m,stevenblack
snip.ly,tranco,phishtank|vietnam_blacklist
snippet.omm.crownpeak.com,top_1m,stevenblack
snoobi.com,top_1m,stevenblack
snowplow.ownlocal.com,top_1m,stevenblack
snportal.si,top_1m,tempest_phishing
snrtp-cdn.marketo.com,top_1m,stevenblack
snrtp1.marketo.com,top_1m,stevenblack
snssdk1233.onelink.me,top_1m,stevenblack
socdm.com,tranco|top_1m,stevenblack
socialcanvas-cdn.kargo.com,top_1m,stevenblack
sof.edu.vn,vietnam_whitelist,tempest_phishing|vietnam_blacklist
soicos.com,top_1m,stevenblack
solaratom.site,top_1m,hagezi
solocpm.com,top_1m,stevenblack
solty.biz,top_1m,stevenblack
solution.weborama.fr,top_1m,stevenblack
solutions.invocacdn.com,top_1m,stevenblack
solvusoft.com,tranco|top_1m,stevenblack
soma-assets.smaato.net,top_1m,stevenblack
soma.smaato.net,top_1m,stevenblack
sometrics.netapp.com,top_1m,stevenblack
sonar-iad.xx.fbcdn.net,top_1m,stevenblack
sonata-notifications-us-east.taptapnetworks.com,top_1m,stevenblack
sonata-notifications.taptapnetworks.com,top_1m,stevenblack
sonchongnong.vn,vietnam_whitelist,hagezi
songhongts.vn,vietnam_whitelist,tempest_phishing|vietnam_blacklist
sonobi.com,tranco|top_1m,stevenblack
sontuong.com.vn,vietnam_whitelist,tempest_phishing
sos-ch-gva-2.exo.io,top_1m,vietnam_blacklist
souki.vn,vietnam_whitelist,hagezi|tempest_phishing
sourcetobin.com,vietnam_whitelist|top_1m,stevenblack
southfreak.in,tranco,tempest_phishing
southwestairlines.tt.omtrdc.net,top_1m,stevenblack
sovrn.com,tranco|top_1m,stevenblack
sp.analytics.yahoo.com,top_1m,stevenblack
sp.gmossp-sp.jp,top_1m,stevenblack
sp1cluster.cxense.com,top_1m,stevenblack
spad.i-mobile.co.jp,top_1m,stevenblack
sparkling.vn,vietnam_whitelist,hagezi
spcnv.i-mobile.co.jp,top_1m,stevenblack
spdeliver.i-mobile.co.jp,top_1m,stevenblack
speakol.com,tranco|top_1m,stevenblack
specialdeals.g5e.com,top_1m,stevenblack
speedcurve.com,tranco|top_1m,stevenblack
speeddials.opera.com,top_1m,stevenblack
speedshiftmedia.com,tranco|top_1m,stevenblack
speedyshare.com,tranco|top_1m,stevenblack
speee-ad.akamaized.net,top_1m,stevenblack
spell.itim.vn,top_1m,stevenblack
spellingthoughts.com,top_1m,stevenblack
spikenow.com,tranco,phishtank
spinnaker-js.com,top_1m,stevenblack
spire.aarki.net,top_1m,stevenblack
spixel.adsafeprotected.com,top_1m,stevenblack
spl.zeotap.com,top_1m,stevenblack
splicky.com,top_1m,stevenblack
spmeasure.i-mobile.co.jp,top_1m,stevenblack
spolecznosci.net,tranco|top_1m,stevenblack
sportsinteraction.com,tranco|top_1m,stevenblack
sportsontheweb.net,top_1m,hagezi
spotxchange.com,tranco|top_1m,stevenblack
springserve.com,tranco|top_1m,stevenblack
sqm-secure.eu,top_1m,hagezi
sqm.telemetry.microsoft.com,top_1m,stevenblack
sr-weight.rlcdn.com,top_1m,stevenblack
sr.rlcdn.com,top_1m,stevenblack
srmdata-us.com,tranco|top_1m,stevenblack
srmdata.com,tranco|top_1m,stevenblack
srtb.msn.com,top_1m,stevenblack
srv.buysellads.com,top_1m,stevenblack
srv.carbonads.net,top_1m,stevenblack
srv.clickfuse.com,top_1m,stevenblack
srv.pixel.parsely.com,top_1m,stevenblack
srv.stackadapt.com,top_1m,stevenblack
srvmath.com,tranco|top_1m,stevenblack
srvtrck.com,top_1m,stevenblack
ss.c.appier.net,top_1m,stevenblack
ss.realgreen.com,top_1m,hagezi|phishtank
ss.yomedia.vn,vietnam_whitelist|top_1m,stevenblack
ssbsync-geo.smartadserver.com,top_1m,stevenblack
ssbsync-global.smartadserver.com,top_1m,stevenblack
ssbsync-us.smartadserver.com,top_1m,stevenblack
ssbsync.smartadserver.com,top_1m,stevenblack
ssc-cms.33across.com,top_1m,stevenblack
ssc.33across.com,top_1m,stevenblack
ssdcloudindia.net,top_1m,hagezi
ssdk.adkmob.com,top_1m,stevenblack
ssdkauth.hpplay.cn,top_1m,stevenblack
sshowads.pubmatic.com,top_1m,stevenblack
sskzlabs.com,tranco|top_1m,stevenblack
ssl-avd.innity.net,top_1m,stevenblack
ssl-vg03.met.vgwort.de,top_1m,stevenblack
ssl.cdne.cpmstar.com,top_1m,stevenblack
ssl.exelator.com,top_1m,stevenblack
ssl.google-analytics.com,top_1m,stevenblack
ssl.msdk.qq.com,top_1m,stevenblack
ssl.siteimprove.com,top_1m,stevenblack
ssl.socdm.com,top_1m,stevenblack
ssl.widgets.webengage.com,top_1m,stevenblack
sslwidget.criteo.com,top_1m,stevenblack
ssp-api.mobadvent.com,top_1m,stevenblack
ssp-csync.smartadserver.com,top_1m,stevenblack
ssp-sync.criteo.com,top_1m,stevenblack
ssp-sync.i-mobile.co.jp,top_1m,stevenblack
ssp.ads.betweendigital.com,top_1m,stevenblack
ssp.api.tappx.com,top_1m,stevenblack
ssp.imedia.cz,top_1m,stevenblack
ssp.qc.coccoc.com,top_1m,stevenblack
ssp.send.microad.jp,top_1m,stevenblack
ssp.seznam.cz,top_1m,stevenblack
sspapi.admicro.vn,top_1m,stevenblack
sspi.adpopcorn.com,top_1m,stevenblack
sstatic1.histats.com,top_1m,stevenblack
sstats.adobe.com,top_1m,stevenblack
ssum-sec.casalemedia.com,top_1m,stevenblack
ssum.casalemedia.com,top_1m,stevenblack
st-a.cdp.asia,top_1m,stevenblack
st-e.cdp.asia,top_1m,stevenblack
st-eu.dynamicyield.com,top_1m,stevenblack
st.dynamicyield.com,top_1m,stevenblack
st.pubmatic.com,top_1m,stevenblack
st.tistatic.com,top_1m,hagezi
stack-sonar.com,tranco|top_1m,stevenblack
stackadapt.com,tranco|top_1m,stevenblack
stackstaging.com,tranco|top_1m,hagezi
stage-bid.applovin.com,top_1m,stevenblack
staging-tlx.3lift.com,top_1m,stevenblack
star-layer.com,top_1m,hagezi
startappservice.com,tranco|top_1m,stevenblack
startup.mobile.webvisor.com,top_1m,stevenblack
startup.mobile.yandex.net,top_1m,stevenblack
stat-track.com,tranco|top_1m,stevenblack
stat.cncenter.cz,top_1m,stevenblack
stat24.com,top_1m,stevenblack
statcollector.sidearmsports.com,top_1m,stevenblack
statcounter.com,tranco|top_1m,stevenblack
statgw.devtodev.com,top_1m,stevenblack
static-addtoany-com.cdn.ampproject.org,top_1m,stevenblack
static-cmsads.admicro.vn,top_1m,stevenblack
static-content-1.smadex.com,top_1m,stevenblack
static-rtb.adkernel.com,top_1m,stevenblack
static-ssl.mediav.com,top_1m,stevenblack
static-tagr.gd1.mookie1.com,top_1m,stevenblack
static-tracking.klaviyo.com,top_1m,stevenblack
static.a-ads.com,top_1m,stevenblack
static.accesstrade.vn,vietnam_whitelist|top_1m,stevenblack
static.adbutter.net,top_1m,stevenblack
static.adconnect.vn,vietnam_whitelist|top_1m,stevenblack
static.addtoany.com,top_1m,stevenblack
static.ads-twitter.com,vietnam_whitelist|top_1m,stevenblack
static.adsafeprotected.com,top_1m,stevenblack
static.adtelligent.com,top_1m,stevenblack
static.adzerk.net,top_1m,stevenblack
static.adziff.com,top_1m,stevenblack
static.affilae.com,top_1m,stevenblack
static.affiliate.rakuten.co.jp,top_1m,stevenblack
static.agkn.com,top_1m,stevenblack
static.amcdn.vn,vietnam_whitelist|top_1m,stevenblack
static.amplitude.com,top_1m,stevenblack
static.apester.com,top_1m,stevenblack
static.aprod.scopely.io,top_1m,stevenblack
static.atgsvcs.com,top_1m,stevenblack
static.chartbeat.com,top_1m,stevenblack
static.cleverpush.com,top_1m,stevenblack
static.clevertap.com,top_1m,stevenblack
static.clickonometrics.pl,top_1m,stevenblack
static.clicktripz.com,top_1m,stevenblack
static.clmbtech.com,top_1m,stevenblack
static.cloudflareinsights.com,top_1m,stevenblack
static.contineljs.com,top_1m,stevenblack
static.criteo.com,top_1m,stevenblack
static.criteo.net,top_1m,stevenblack
static.dable.io,vietnam_whitelist|top_1m,stevenblack
static.doubleclick.net,top_1m,stevenblack
static.dtadnetwork.com,top_1m,stevenblack
static.dynad.net,top_1m,stevenblack
static.eclick.vn,top_1m,stevenblack
static.ecorebates.com,top_1m,stevenblack
static.emsservice.de,top_1m,stevenblack
static.etracker.com,top_1m,stevenblack
static.eu.criteo.net,top_1m,stevenblack
static.foresee.com,top_1m,stevenblack
static.getclicky.com,top_1m,stevenblack
static.googleadsserving.cn,top_1m,stevenblack
static.hotjar.com,top_1m,stevenblack
static.hyprmx.com,top_1m,stevenblack
static.iterable.com,top_1m,stevenblack
static.jampp.com,top_1m,stevenblack
static.kameleoon.com,top_1m,stevenblack
static.klaviyo.com,top_1m,stevenblack
static.leaddyno.com,top_1m,stevenblack
static.leadpages.net,top_1m,stevenblack
static.locallogic.co,top_1m,stevenblack
static.mediav.com,top_1m,stevenblack
static.mepuzz.com,top_1m,stevenblack
static.mobilemonkey.com,top_1m,stevenblack
static.nanda.vn,top_1m,stevenblack
static.narrativ.com,top_1m,stevenblack
static.philacct.com,vietnam_whitelist|top_1m,stevenblack
static.polarcdn.com,top_1m,stevenblack
static.returngo.ai,top_1m,stevenblack
static.rqmob.com,top_1m,stevenblack
static.shareasale.com,top_1m,stevenblack
static.site24x7rum.com,top_1m,stevenblack
static.sojern.com,top_1m,stevenblack
static.sourcetobin.com,top_1m,stevenblack
static.tagmanager.toast.com,top_1m,stevenblack
static.tapfiliate.com,top_1m,stevenblack
static.target2sell.com,top_1m,stevenblack
static.tebrand.vn,top_1m,stevenblack
static.trackedweb.net,top_1m,stevenblack
static.trackuity.com,top_1m,stevenblack
static.unocdn.com,top_1m,stevenblack
static.vidazoo.com,top_1m,stevenblack
static.virgul.com,top_1m,stevenblack
static.vliplatform.com,top_1m,stevenblack
static.woopra.com,top_1m,stevenblack
static.yieldmo.com,top_1m,stevenblack
static.zdbb.net,top_1m,stevenblack
static.ziffdavis.com,top_1m,stevenblack
static.ziftsolutions.com,top_1m,stevenblack
static.zucks.net.zimg.jp,top_1m,stevenblack
static1.intrack.ir,top_1m,stevenblack
staticfile.net,top_1m,hagezi
staticfile.org,top_1m,hagezi
statics.pancake.vn,top_1m,hagezi
stats-5-split-vohnu.s.innovid.com.akadns.net,top_1m,stevenblack
stats-collector.cxense.com,top_1m,stevenblack
stats-dev.brid.tv,top_1m,stevenblack
stats.abbi.io,top_1m,stevenblack
stats.addtoany.com,top_1m,stevenblack
stats.appsflyer.com,top_1m,stevenblack
stats.avast.com,top_1m,stevenblack
stats.bannersnack.com,top_1m,stevenblack
stats.bluebillywig.com,top_1m,stevenblack
stats.buysellads.com,top_1m,stevenblack
stats.datawrapper.de,top_1m,stevenblack
stats.g.doubleclick.net,top_1m,stevenblack
stats.hstatic.net,top_1m,stevenblack
stats.ipinyou.com,top_1m,stevenblack
stats.jpush.cn,top_1m,stevenblack
stats.kaltura.com,top_1m,stevenblack
stats.pandora.com,top_1m,stevenblack
stats.playrix.com,top_1m,stevenblack
stats.popcap.com,top_1m,stevenblack
stats.pusher.com,top_1m,stevenblack
stats.realclick.vn,top_1m,stevenblack
stats.sa-as.com,top_1m,stevenblack
stats.sender.net,top_1m,phishtank
stats.smartclip.net,top_1m,stevenblack
stats.sxp.smartclip.net,top_1m,stevenblack
stats.tubemogul.com,top_1m,stevenblack
stats.wordpress.com,top_1m,stevenblack
stats.wp.com,top_1m,stevenblack
stats.zmags.com,top_1m,stevenblack
statserv.net,top_1m,stevenblack
statsf-tm.everesttech.net,top_1m,stevenblack
statsf.tubemogul.com,top_1m,stevenblack
steadfastsystem.com,top_1m,stevenblack
steelhouse.com,top_1m,stevenblack
steelhousemedia.com,tranco|top_1m,stevenblack
stella-ops.org,top_1m,hagezi
stg-data-f.ads.heytapmobile.com,top_1m,stevenblack
stg-data-id.ads.heytapmobi.com,top_1m,stevenblack
stg-data-id.ads.heytapmobile.com,top_1m,stevenblack
stg-data-in.ads.heytapmobile.com,top_1m,stevenblack
stg-data-kh.ads.heytapmobile.com,top_1m,stevenblack
stg-data-mm.ads.heytapmobile.com,top_1m,stevenblack
stg-data-my.ads.heytapmobile.com,top_1m,stevenblack
stg-data-ph.ads.heytapmobile.com,top_1m,stevenblack
stg-data-ru.ads.heytapmobile.com,top_1m,stevenblack
stg-data-sg.ads.heytapmobile.com,top_1m,stevenblack
stg-data-th.ads.heytapmobile.com,top_1m,stevenblack
stg-data-tw.ads.heytapmobile.com,top_1m,stevenblack
stg-data-vn.ads.heytapmobile.com,top_1m,stevenblack
stg-data.ads.heytapmobi.com,top_1m,stevenblack
stgeorge.122.2o7.net,top_1m,stevenblack
stickyadstv.com,tranco|top_1m,stevenblack
stiffgame.com,top_1m,stevenblack
stinger-ad.bidr.io,top_1m,stevenblack
stm-cdn.cn.miaozhen.com,top_1m,stevenblack
stm-collect.cn.miaozhen.com,top_1m,stevenblack
stmicroelectronics.d3.sc.omtrdc.net,top_1m,stevenblack
stocks-analytics-events.apple.com,top_1m,stevenblack
stomachscience.com,top_1m,stevenblack
storage.cloud.google.com,top_1m,phishtank
storage.cloud.kargo.com,top_1m,stevenblack
storage.ghost.io,top_1m,phishtank
storage.googleapis.com,top_1m,phishtank|vietnam_blacklist
storage.kameleoon.eu,top_1m,stevenblack
store5.gofile.io,top_1m,urlhaus
storygize.net,tranco|top_1m,stevenblack
stou.ac.th,tranco|top_1m,phishtank
straitpaltrybelief.com,top_1m,hagezi
streamable.com,tranco|top_1m,phishtank
streamate.com,tranco|top_1m,stevenblack
streamguys.deliveryengine.adswizz.com,top_1m,stevenblack
streamjs.investing.com,top_1m,stevenblack
stripchat.com,tranco|top_1m,stevenblack
strtrk.adacado.com,top_1m,stevenblack
sts.applovin.com,top_1m,stevenblack
stsdk.vivo.com.cn,top_1m,stevenblack
stsdk.vivoglobal.com,top_1m,stevenblack
studio-t.teads.tv,top_1m,stevenblack
studyrus.net,top_1m,hagezi
stupendoussnow.com,top_1m,stevenblack
stx-match.dotomi.com,top_1m,stevenblack
stylish-airport.com,top_1m,hagezi
styry.com,tranco,hagezi
suabepga.com.vn,vietnam_whitelist,hagezi
suachuadienmayxanh.com.vn,vietnam_whitelist,hagezi|vietnam_blacklist
suatanbinhduong.vn,vietnam_whitelist,hagezi
suatot.com.vn,vietnam_whitelist,tempest_phishing
subscribepage.com,tranco,stevenblack
subscribepage.io,tranco|top_1m,hagezi|phishtank|phishing_army
subscriptionmembershipsettlement.com,top_1m,phishtank|phishing_army
succeedscene.com,top_1m,stevenblack
successbuffet.com,top_1m,stevenblack
suite57.emarsys.net,top_1m,phishtank
summerhamster.com,top_1m,stevenblack
sumo.com,tranco,stevenblack
sumome.com,tranco|top_1m,stevenblack
sun.eduzz.com,top_1m,phishtank
sundaysky-partners.tremorhub.com,top_1m,stevenblack
sundaysky-sync-us.teads.tv,top_1m,stevenblack
sunnykids.vn,vietnam_whitelist,hagezi
superawesome.tv,tranco|top_1m,stevenblack
superhouse.vn,vietnam_whitelist,hagezi
supersonicads.com,tranco|top_1m,stevenblack
superstats.com,top_1m,stevenblack
suport.ie,top_1m,tempest_phishing
supply-sspapi.admicro.vn,top_1m,stevenblack
supply.inmobicdn.net,top_1m,stevenblack
surfcountor.com,top_1m,stevenblack
surl.li,tranco|top_1m,phishtank
survata.com,tranco|top_1m,stevenblack
survey-smiles.com,top_1m,hagezi
survey.alchemer.com,top_1m,vietnam_blacklist
survey.g.doubleclick.net,top_1m,stevenblack
survey.survicate.com,top_1m,stevenblack
survey.wootric.com,top_1m,stevenblack
survey.zohopublic.eu,top_1m,phishtank
survey123.arcgis.com,top_1m,phishtank
survey3.medallia.com,top_1m,phishtank
surveygizmobeacon.s3.amazonaws.com,top_1m,stevenblack
surveygizmolibrary.s3.amazonaws.com,top_1m,vietnam_blacklist
surveyheart.com,top_1m,phishtank
surveymonkey.com,tranco|top_1m,phishtank
sustat.com,tranco|top_1m,hagezi
sutori.com,tranco|top_1m,phishtank
sutteriny0device.buzz,tranco|top_1m,hagezi
suwo.com.vn,vietnam_whitelist,tempest_phishing
sv1.krakenoptimize.com,top_1m,hagezi|phishtank|phishing_army
sw.muralssouth.shop,top_1m,hagezi
sw88.abc.com,top_1m,stevenblack
sw88.espn.com,top_1m,stevenblack
sw88.go.com,top_1m,stevenblack
swa.demdex.net,top_1m,stevenblack
sway.cloud.microsoft,top_1m,phishtank
sweb.ulta.com,top_1m,stevenblack
swisscom.demdex.net,top_1m,stevenblack
swrap.tradedoubler.com,top_1m,stevenblack
swrve.com,tranco|top_1m,stevenblack
swtest.ru,tranco|top_1m,hagezi
sxj8.adj.st,top_1m,stevenblack
sxjsbwg.com,top_1m,hagezi
sxp.smartclip.net,top_1m,stevenblack
sy.ameblo.jp,top_1m,stevenblack
syd-col.eum-appdynamics.com,top_1m,stevenblack
sygic-api.infinario.com,top_1m,stevenblack
syloger.com,top_1m,hagezi
sylu.net,top_1m,hagezi
synacor-match.dotomi.com,top_1m,stevenblack
sync-dsp.ad-m.asia,top_1m,stevenblack
sync-eu.connectad.io,top_1m,stevenblack
sync-t1.taboola.com,top_1m,stevenblack
sync-tapi.admatrix.jp,top_1m,stevenblack
sync-tm.everesttech.net,top_1m,stevenblack
sync.1rx.io,top_1m,stevenblack
sync.ad-stir.com,top_1m,stevenblack
sync.adap.tv,top_1m,stevenblack
sync.adkernel.com,top_1m,stevenblack
sync.adotmob.com,top_1m,stevenblack
sync.ads.yieldmo.com,top_1m,stevenblack
sync.adtelligent.com,top_1m,stevenblack
sync.alphonso.tv,top_1m,stevenblack
sync.aniview.com,top_1m,stevenblack
sync.aralego.com,top_1m,stevenblack
sync.bfmio.com,top_1m,stevenblack
sync.clickonometrics.pl,top_1m,stevenblack
sync.colossusssp.com,top_1m,stevenblack
sync.commander1.com,top_1m,stevenblack
sync.connectad.io,top_1m,stevenblack
sync.console.adtarget.com.tr,top_1m,stevenblack
sync.crwdcntrl.net,top_1m,stevenblack
sync.dmp.fout.jp,top_1m,stevenblack
sync.extend.tv,top_1m,stevenblack
sync.fout.jp,top_1m,stevenblack
sync.go.sonobi.com,top_1m,stevenblack
sync.graph.bluecava.com,top_1m,stevenblack
sync.graph.gcloud.bluecava.com,top_1m,stevenblack
sync.graph.geo.bluecava.com,top_1m,stevenblack
sync.intentiq.com,top_1m,stevenblack
sync.ipredictive.com,top_1m,stevenblack
sync.jivox.com,top_1m,stevenblack
sync.kueezrtb.com,top_1m,stevenblack
sync.logly.co.jp,top_1m,stevenblack
sync.mathtag.com,top_1m,stevenblack
sync.outbrain.com,top_1m,stevenblack
sync.rfp.fout.jp,top_1m,stevenblack
sync.rtk.io,top_1m,stevenblack
sync.search.spotxchange.com,top_1m,stevenblack
sync.serverbid.com,top_1m,stevenblack
sync.sharethis.com,top_1m,stevenblack
sync.shinobi.jp,top_1m,stevenblack
sync.smartadserver.com,top_1m,stevenblack
sync.springserve.com,top_1m,stevenblack
sync.srv.stackadapt.com,top_1m,stevenblack
sync.sxp.smartclip.net,top_1m,stevenblack
sync.sync.viewdeos.com,top_1m,stevenblack
sync.taboola.com,top_1m,stevenblack
sync.teads.tv,top_1m,stevenblack
sync.technoratimedia.com,top_1m,stevenblack
sync.tubemogul.com,top_1m,stevenblack
sync.upravel.com,top_1m,stevenblack
sync.vertamedia.com,top_1m,stevenblack
sync.viewdeos.com,top_1m,stevenblack
syncf.tubemogul.com,top_1m,stevenblack
synchrobox.adswizz.com,top_1m,stevenblack
synchroscript.deliveryengine.adswizz.com,top_1m,stevenblack
syndicatedsearch.goog,tranco|top_1m,phishtank|phishing_army
syndication.exdynsrv.com,top_1m,stevenblack
syndication.exoclick.com,top_1m,stevenblack
syndication.exosrv.com,top_1m,stevenblack
syndication.traffichaus.com,top_1m,stevenblack
synergize.co,top_1m,hagezi
system360.inistrack.net,top_1m,phishtank
systweak.com,top_1m,stevenblack
t-odx.op-mobile.opera.com,top_1m,stevenblack
t.acxiom-online.com,top_1m,stevenblack
t.adcell.com,top_1m,stevenblack
t.adx.opera.com,top_1m,stevenblack
t.afi-b.com,top_1m,stevenblack
t.appsflyer.com,top_1m,stevenblack
t.cfjump.com,top_1m,stevenblack
t.channeladvisor.com,top_1m,stevenblack
t.co,vietnam_whitelist|tranco|top_1m,phishtank
t.contentsquare.net,top_1m,stevenblack
t.d.adup-tech.com,top_1m,stevenblack
t.domdex.com,top_1m,stevenblack
t.dtscdn.com,top_1m,stevenblack
t.dtscout.com,top_1m,stevenblack
t.eclick.vn,top_1m,stevenblack
t.eloqua.com,top_1m,stevenblack
t.email.superdrug.com,top_1m,stevenblack
t.en25.com,top_1m,stevenblack
t.felmat.net,top_1m,stevenblack
t.firstpromoter.com,top_1m,stevenblack
t.indeed.com,top_1m,stevenblack
t.leady.com,top_1m,stevenblack
t.ly,tranco|top_1m,phishtank
t.me,vietnam_whitelist|tranco|top_1m,phishtank
t.metrilo.com,top_1m,stevenblack
t.mookie1.com,top_1m,stevenblack
t.mplxtms.com,top_1m,stevenblack
t.pubmatic.com,top_1m,stevenblack
t.rdsv1.net,top_1m,tempest_phishing
t.seedtag.com,top_1m,stevenblack
t.sharethis.com,top_1m,stevenblack
t.skimresources.com,top_1m,stevenblack
t.smartads.tech,top_1m,stevenblack
t.svtrd.com,top_1m,stevenblack
t.tailtarget.com,top_1m,stevenblack
t.teads.tv,top_1m,stevenblack
t.trafmag.com,top_1m,stevenblack
t.visitorqueue.com,top_1m,stevenblack
t.wayfair.com,top_1m,stevenblack
t.wowanalytics.co.uk,top_1m,stevenblack
t.yesware.com,top_1m,stevenblack|phishtank|vietnam_blacklist
t0.c.appier.net,top_1m,stevenblack
t1.extreme-dm.com,top_1m,stevenblack
t1.ishano456.sbs,top_1m,hagezi
t1.xmsae.sbs,top_1m,hagezi
t1.xshaon123.sbs,top_1m,hagezi
t101.cn,tranco|top_1m,hagezi
t2.chartboost.com,top_1m,stevenblack
t2.hulu.com,top_1m,stevenblack
ta-collector.centurygame.com,top_1m,stevenblack
tabelog.com.102.112.2o7.net,top_1m,stevenblack
taboola-d.openx.net,top_1m,stevenblack
taboola.com,vietnam_whitelist|tranco|top_1m,stevenblack
tacoda.at.atwola.com,top_1m,stevenblack
tag-dyn.omnitagjs.com,top_1m,stevenblack
tag.1rx.io,top_1m,stevenblack
tag.adbro.me,top_1m,stevenblack
tag.adkernel.com,top_1m,stevenblack
tag.aticdn.net,top_1m,stevenblack
tag.bounceexchange.com,top_1m,stevenblack
tag.brainient.com,top_1m,stevenblack
tag.contextweb.com,top_1m,stevenblack
tag.crsspxl.com,top_1m,stevenblack
tag.demandbase.com,top_1m,stevenblack
tag.dickssportinggoods.com,top_1m,stevenblack
tag.durationmedia.net,top_1m,stevenblack
tag.getdrip.com,top_1m,stevenblack
tag.hockeycurve.com,top_1m,stevenblack
tag.marinsm.com,top_1m,stevenblack
tag.mention-me.com,top_1m,stevenblack
tag.mtrcs.samba.tv,top_1m,stevenblack
tag.navdmp.com,top_1m,stevenblack
tag.perfectaudience.com,top_1m,stevenblack
tag.researchnow.com,top_1m,stevenblack
tag.simpli.fi,top_1m,stevenblack
tag.targeting.unrulymedia.com,top_1m,stevenblack
tag.userreport.com,top_1m,stevenblack
tag.wknd.ai,top_1m,stevenblack
tag.yieldoptimizer.com,top_1m,stevenblack
tag4arm.com,top_1m,stevenblack
tagan.adlightning.com,top_1m,stevenblack
tagcommander.com,tranco|top_1m,stevenblack
tagged-by.rubiconproject.net.akadns.net,top_1m,stevenblack
tagger.opecloud.com,top_1m,stevenblack
tagmanager.smartadserver.com,top_1m,stevenblack
tagmanager.toast.com,top_1m,stevenblack
tagr-gcp-lb1-use1.mookie1.com,top_1m,stevenblack
tagr-gcp-odr-use1.mookie1.com,top_1m,stevenblack
tags-cdn.deployads.com,top_1m,stevenblack
tags-eu.tiqcdn.com,top_1m,stevenblack
tags.adsafety.net,top_1m,stevenblack
tags.affiliatefuture.com,top_1m,stevenblack
tags.bluekai.com,top_1m,stevenblack
tags.clickagy.com,top_1m,stevenblack
tags.crwdcntrl.net,top_1m,stevenblack
tags.expo9.exponential.com,top_1m,stevenblack
tags.mathtag.com,top_1m,stevenblack
tags.native-ad.net,vietnam_whitelist,stevenblack
tags.news.com.au,top_1m,stevenblack
tags.premiumads.com.br,top_1m,stevenblack
tags.srv.stackadapt.com,top_1m,stevenblack
tags.t.tailtarget.com,top_1m,stevenblack
tags.tiqcdn.com,top_1m,stevenblack
tags.w55c.net,top_1m,stevenblack
taictrangan.com.vn,vietnam_whitelist,tempest_phishing
tailuong.com.vn,vietnam_whitelist,hagezi
taka.com.vn,vietnam_whitelist,hagezi|tempest_phishing
talk.igexin.com,top_1m,stevenblack
talkable.com,top_1m,stevenblack
tamgrt.com,tranco|top_1m,stevenblack
taojike.com.cn,top_1m,hagezi
tap.bio,tranco|top_1m,phishtank
tapad.com,tranco|top_1m,stevenblack
tapas.net,top_1m,stevenblack
tapestry.tapad.com,top_1m,stevenblack
tapfiliate.com,tranco|top_1m,stevenblack
tapinfluence.com,top_1m,stevenblack
tapjoy-com-lb-vpc-332546193.us-east-1.elb.amazonaws.com,top_1m,stevenblack
tapjoy.com,tranco|top_1m,stevenblack
tapjoyads.com,tranco|top_1m,stevenblack
taplink.cc,tranco|top_1m,phishtank
tappx.com,tranco|top_1m,stevenblack
target.microsoft.com,top_1m,stevenblack
target.smi2.net,top_1m,stevenblack
target2sell.com,tranco|top_1m,stevenblack
targeting.api.drift.com,top_1m,stevenblack
targeting.unrulymedia.com,top_1m,stevenblack
targeting.voxus.tv,top_1m,stevenblack
targetspot.com,top_1m,stevenblack
tas.yieldmo.com,top_1m,stevenblack
tasks.office365.us,top_1m,vietnam_blacklist
taxel.jp,top_1m,stevenblack
tb.de17a.com,top_1m,stevenblack
tbl.tradedoubler.com,top_1m,stevenblack
tbs.tradedoubler.com,top_1m,stevenblack
tc.tradetracker.net,top_1m,stevenblack
tcbm-roofings.vn,vietnam_whitelist,hagezi
tcheck.outbrainimg.com,top_1m,stevenblack
tcimp.zog.link,top_1m,stevenblack
tcp.push.mob.com,top_1m,stevenblack
tcr.tynt.com,top_1m,stevenblack
tcs-asp.net,top_1m,stevenblack
tcvietnam.vn,vietnam_whitelist,tempest_phishing
td.demdex.net,top_1m,stevenblack
td.yieldify.com,top_1m,stevenblack
tdgroup.com.vn,vietnam_whitelist,hagezi
tdid.m.qq.com,top_1m,stevenblack
tdkexpress.vn,vietnam_whitelist,tempest_phishing
tdn.r42tag.com,top_1m,stevenblack
tdsworkout.com,top_1m,hagezi
te.technical-service.net,top_1m,stevenblack
teads-match.dotomi.com,top_1m,stevenblack
teads.tv,tranco|top_1m,stevenblack
teads.tv.edgekey.net,top_1m,stevenblack
tealium.cbsnews.com,top_1m,stevenblack
tealium.com,top_1m,stevenblack
tealiumiq.com,tranco|top_1m,stevenblack
teams.live.com,top_1m,phishtank
tebrand.asia,top_1m,stevenblack
tebrand.vn,vietnam_whitelist|top_1m,stevenblack
tech247.com.vn,vietnam_whitelist,hagezi
telaria.adhaven.com,top_1m,stevenblack
telecommand.telemetry.microsoft.com,top_1m,stevenblack
telega.info,tranco|top_1m,hagezi
telega.one,tranco|top_1m,phishtank
telegra.ph,tranco|top_1m,phishtank
telegrand.shop,top_1m,hagezi
telemetry.acronis.com,top_1m,stevenblack
telemetry.api.swiftkey.com,top_1m,stevenblack
telemetry.dropbox.com,top_1m,stevenblack
telemetry.malwarebytes.com,top_1m,stevenblack
telemetry.sdk.inmobi.cn,top_1m,stevenblack
telemetry.sdk.inmobi.com,top_1m,stevenblack
telemetry.servers.getgo.com,top_1m,stevenblack
teleport.soom.la,top_1m,stevenblack
telusplanet.net,top_1m,stevenblack
tempest.services.disqus.com,top_1m,stevenblack
temporary.link,tranco|top_1m,hagezi
temporary.site,tranco|top_1m,hagezi
ter-jrnl-oc.vidaahub.com,top_1m,stevenblack
testdata.coremetrics.com,top_1m,stevenblack
tftpd.net,tranco,hagezi
tg.dr.socdm.com,top_1m,stevenblack
tg.socdm.com,top_1m,stevenblack
tg1.aniview.com,top_1m,stevenblack
th.bing.com,top_1m,phishtank
thamquanduan.com.vn,vietnam_whitelist,hagezi
thanhhoacpi.vn,vietnam_whitelist,hagezi
thanhviet.com.vn,vietnam_whitelist,hagezi
thannong.net,vietnam_whitelist,hagezi
thaymanhinh.net.vn,vietnam_whitelist,hagezi
the-ozone-project.com,tranco|top_1m,stevenblack
theadex.com,tranco|top_1m,stevenblack
thebrighttag.com,top_1m,stevenblack
theclub.com.hk,top_1m,phishtank
theeptoah.com,top_1m,hagezi
thegioilamdep.vn,vietnam_whitelist,hagezi
thegioithucung.com.vn,vietnam_whitelist,tempest_phishing
thekaydar.com,top_1m,hagezi
themoneytizer.com,tranco|top_1m,stevenblack
theoremreach.com,top_1m,stevenblack
thepbinhduong.com.vn,vietnam_whitelist,tempest_phishing
thespacemachines.st,tranco|top_1m,hagezi
thethaocuocsong.vn,vietnam_whitelist,hagezi
thetimmedia.site,tranco|top_1m,stevenblack
theworkpc.com,tranco,hagezi
thiennhatphat.com,tranco,hagezi
thind.unityads.unity3d.com,top_1m,stevenblack
thinknear-hosted.thinknearhub.com,top_1m,stevenblack
thirdparty.bnc.lt,top_1m,stevenblack
thoidaicongnghe.vn,vietnam_whitelist,hagezi
thongke.24h.com.vn,top_1m,stevenblack
thpthuynhthuckhang.edu.vn,vietnam_whitelist,vietnam_blacklist
throtle-match.dotomi.com,top_1m,stevenblack
thrtle.com,tranco|top_1m,stevenblack
thuanphuoc.vn,vietnam_whitelist,hagezi
thucphambanhat.com.vn,vietnam_whitelist,hagezi
thucphamkho.vn,vietnam_whitelist,hagezi
thucphamlytuong.vn,vietnam_whitelist,tempest_phishing|vietnam_blacklist
thumbnail.smartnews-ads.com,top_1m,stevenblack
thunderhead.com,tranco|top_1m,stevenblack
thuocdalieu.vn,vietnam_whitelist,tempest_phishing
ti.tradetracker.net,top_1m,stevenblack
tidaltv.com,top_1m,stevenblack
tiendatresort.com.vn,vietnam_whitelist,hagezi
tienphatplastic.com.vn,vietnam_whitelist,hagezi
tieucanhsanvuon.net.vn,vietnam_whitelist,tempest_phishing
tiffany.com.vn,vietnam_whitelist,hagezi
tiimg.tistatic.com,top_1m,hagezi
tiktok.com,vietnam_whitelist|tranco|top_1m,phishtank
tiktokshopping.xyz,top_1m,hagezi
timehop.adsbynimbus.com,top_1m,stevenblack
tiny.cc,tranco|top_1m,phishtank
tiny.one,top_1m,phishtank
tinyurl.com,tranco|top_1m,phishtank|vietnam_blacklist
tiqcdn.com,tranco|top_1m,stevenblack
tiscaliadv01.webtrekk.net,top_1m,stevenblack
tj.16gift.com,top_1m,tempest_phishing
tj6w5.flx10.com,top_1m,stevenblack
tjme.io,top_1m,stevenblack
tkclick.smardroid.com,top_1m,stevenblack
tkqlhce.com,tranco|top_1m,stevenblack
tkr.yieldmo.com,top_1m,stevenblack
tls.telemetry.swe.quicinc.com,top_1m,stevenblack
tlx.3lift.com,top_1m,stevenblack
tm.br.de,top_1m,stevenblack
tm.r-ad.ne.jp,top_1m,stevenblack
tm.ssl.exelator.com,top_1m,stevenblack
tm.tradetracker.net,top_1m,stevenblack
tm2.r-ad.ne.jp,top_1m,stevenblack
tn.alphonso.tv,top_1m,stevenblack
tnc16-alisg.isnssdk.com,top_1m,stevenblack
tnc16-useast1a.isnssdk.com,top_1m,stevenblack
tnkfactory.com,tranco|top_1m,stevenblack
tns-counter.ru,tranco|top_1m,stevenblack
toanhoc247.edu.vn,vietnam_whitelist,tempest_phishing|vietnam_blacklist
toanloc.com.vn,vietnam_whitelist,tempest_phishing
toe.vn,vietnam_whitelist,hagezi
token.im,tranco|top_1m,vietnam_blacklist
token.rubiconproject.com,top_1m,stevenblack
tomorrow.paperai.life,top_1m,hagezi
toolforthought.com,top_1m,stevenblack
tools.3g.qq.com,top_1m,stevenblack
top-fwz1.mail.ru,top_1m,stevenblack
top.list.ru,top_1m,stevenblack
top.mail.ru,top_1m,stevenblack
topdigital.vn,vietnam_whitelist,tempest_phishing
toplist.cz,tranco|top_1m,stevenblack
toplist.eu,top_1m,stevenblack
topqualitylink.com,tranco|top_1m,stevenblack
topthuthuat.vn,vietnam_whitelist,hagezi|vietnam_blacklist
totaladblock.com,tranco|top_1m,hagezi|stevenblack
totalav.com,tranco|top_1m,stevenblack
toyota.demdex.net,top_1m,stevenblack
tp-emea.exactag.com,top_1m,stevenblack
tpat.api.vungle.com,top_1m,stevenblack
tpbid.com,tranco|top_1m,stevenblack
tpc.googlesyndication.com,vietnam_whitelist|top_1m,stevenblack
tplinkextender.net,top_1m,hagezi
tps-wlb-uswest.dvgtm.akadns.net,top_1m,stevenblack
tps.doubleverify.com,top_1m,stevenblack
tps30.doubleverify.com,top_1m,stevenblack
tpt.dotomi.com,top_1m,stevenblack
tqlkg.com,top_1m,stevenblack
tr-domaincfg.vivoglobal.com,top_1m,stevenblack
tr-romsp-unifyconfig.vivoglobal.com,top_1m,stevenblack
tr-st-sl.vivoglobal.com,top_1m,stevenblack
tr-timesync.vivoglobal.com,top_1m,stevenblack
tr-v1.presage.io,top_1m,stevenblack
tr-vcode-api.vivoglobal.com,top_1m,stevenblack
tr-vcode-od.vivoglobal.com,top_1m,stevenblack
tr.ad-stir.com,top_1m,stevenblack
tr.blismedia.com,top_1m,stevenblack
tr.ee,tranco|top_1m,phishtank
tr.iadsdk.apple.com,top_1m,stevenblack
tr.outbrain.com,top_1m,stevenblack
tr.snapchat.com,top_1m,stevenblack
tr.webantenna.info,top_1m,stevenblack
tr2.smarterhq.io,top_1m,stevenblack
tr6.snapchat.com,top_1m,stevenblack
trace.qq.com,top_1m,stevenblack
trace.svc.ui.com,top_1m,stevenblack
tracecontent.com,top_1m,stevenblack
tracemyip.org,top_1m,stevenblack
track-eu.customer.io,top_1m,stevenblack
track-srv.vietnamnet.vn,top_1m,stevenblack
track.activemetering.com,top_1m,stevenblack
track.adform.net,top_1m,stevenblack
track.adition.com,top_1m,stevenblack
track.adthrive.com,top_1m,stevenblack
track.adtraction.com,top_1m,stevenblack
track.appsflyer.com,top_1m,stevenblack
track.cam4tracking.com,top_1m,stevenblack
track.celtra.com,top_1m,stevenblack
track.contently.com,top_1m,stevenblack
track.customer.io,top_1m,stevenblack
track.effiliation.com,top_1m,stevenblack
track.flexlinkspro.com,top_1m,stevenblack
track.gaug.es,top_1m,stevenblack
track.hubspot.com,top_1m,stevenblack
track.linksynergy.com,top_1m,stevenblack
track.loopme.me,top_1m,stevenblack
track.mailerlite.com,top_1m,stevenblack
track.mdrctr.com,top_1m,stevenblack
track.omguk.com,top_1m,stevenblack
track.pstmrk.it,top_1m,phishtank
track.rediff.com,top_1m,stevenblack
track.saygames.io,top_1m,stevenblack
track.seadform.net,top_1m,stevenblack
track.searchignite.com,top_1m,stevenblack
track.searchiq.co,top_1m,stevenblack
track.securedvisit.com,top_1m,stevenblack
track.segmetrics.io,top_1m,stevenblack
track.smaato.net,top_1m,stevenblack
track.smtpmessage.com,top_1m,stevenblack
track.spe.schoolmessenger.com,top_1m,stevenblack
track.tappx.com,top_1m,stevenblack
track.tenjin.com,top_1m,stevenblack
track.tenjin.io,top_1m,stevenblack
track.tiara.daum.net,top_1m,stevenblack
track.uc.cn,top_1m,stevenblack
track.untd.com,top_1m,stevenblack
track.venatusmedia.com,top_1m,stevenblack
track.wattpad.com,top_1m,stevenblack
track.webgains.com,top_1m,stevenblack
track.ziprecruiter.com,top_1m,stevenblack
track1.aniview.com,top_1m,stevenblack
trackcmp.net,tranco|top_1m,stevenblack
trackcompass.top,top_1m,hagezi
trackdownload.startappservice.com,top_1m,stevenblack
trackedlink.net,tranco|top_1m,stevenblack
trackedweb.net,tranco|top_1m,stevenblack
tracker-api.my.com,top_1m,stevenblack
tracker.adotmob.com,top_1m,stevenblack
tracker.bt.uol.com.br,top_1m,stevenblack
tracker.marinsm.com,top_1m,stevenblack
tracker.nbcuas.com,top_1m,stevenblack
tracker.samplicio.us,top_1m,stevenblack
tracker.zmaticoo.com,top_1m,stevenblack
trackifyx.redretarget.com,top_1m,stevenblack
tracking-3-9f58.trnox.com,top_1m,stevenblack
tracking.aatkit.com,top_1m,stevenblack
tracking.adgoon.it,top_1m,stevenblack
tracking.admarketplace.net,top_1m,stevenblack
tracking.apptrackerlink.com,top_1m,stevenblack
tracking.bloomberg.com,top_1m,stevenblack
tracking.cdiscount.com,top_1m,stevenblack
tracking.crazyegg.com,top_1m,stevenblack
tracking.dantri.com.vn,top_1m,stevenblack
tracking.epicgames.com,top_1m,stevenblack
tracking.godatafeed.com,top_1m,stevenblack
tracking.hyros.com,top_1m,stevenblack
tracking.immobilienscout24.de,top_1m,stevenblack
tracking.india.miui.com,top_1m,stevenblack
tracking.intentsify.io,top_1m,stevenblack
tracking.intl.miui.com,top_1m,stevenblack
tracking.jetpackdigital.com,top_1m,stevenblack
tracking.justpremium.com,top_1m,stevenblack
tracking.leadlander.com,top_1m,stevenblack
tracking.lg.com,top_1m,stevenblack
tracking.listhub.net,top_1m,stevenblack
tracking.m6r.eu,top_1m,stevenblack
tracking.minitool.com,top_1m,stevenblack
tracking.miui.com,top_1m,stevenblack
tracking.olx-st.com,top_1m,stevenblack
tracking.overwolf.com,top_1m,stevenblack
tracking.pandoiq.com,top_1m,stevenblack
tracking.pushcrew.com,top_1m,stevenblack
tracking.retargeting.biz,top_1m,stevenblack
tracking.rus.miui.com,top_1m,stevenblack
tracking.searchmarketing.com,top_1m,stevenblack
tracking.skyword.com,top_1m,stevenblack
tracking.taboola.com,top_1m,stevenblack
tracking.truthfinder.com,top_1m,stevenblack
tracking.v2.yieldlove-ad-serving.net,top_1m,stevenblack
tracking.vietnamnetad.vn,top_1m,stevenblack
tracking.vnncdn.net,top_1m,stevenblack
tracking.yomedia.vn,top_1m,stevenblack
tracking2.channeladvisor.com,top_1m,stevenblack
tracking3.vnncdn.net,top_1m,stevenblack
trackingapi.foody.vn,top_1m,stevenblack
trackingservice.monday.com,top_1m,tempest_phishing|phishtank
tradecore.tradehouse.media,top_1m,stevenblack
tradedoubler.com,tranco|top_1m,stevenblack
tradetracker.net,tranco|top_1m,stevenblack
traffic.outbrain.com,top_1m,stevenblack
traffic.prod.cobaltgroup.com,top_1m,stevenblack
trafficgate.net,top_1m,stevenblack
trafficgateway.research-int.se,top_1m,stevenblack
traffichaus.com,tranco|top_1m,stevenblack
traffichunt.com,top_1m,stevenblack
trafficjunky.net,tranco|top_1m,stevenblack
traffick.jivox.com,top_1m,stevenblack
trafficmanager.inmobi.com,top_1m,stevenblack
trafficmoose.com,top_1m,stevenblack
trafficstars.com,tranco|top_1m,stevenblack
trafforsrv.com,top_1m,stevenblack
trafic.ro,top_1m,stevenblack
trafmag.com,tranco|top_1m,stevenblack
trane.112.2o7.net,top_1m,stevenblack
tranhsondaunga.vn,vietnam_whitelist,tempest_phishing
transaz.vn,vietnam_whitelist,tempest_phishing
transferwise.com,tranco|top_1m,vietnam_blacklist
trantruong.vn,vietnam_whitelist,tempest_phishing
travellerme.com,top_1m,hagezi
traxex.gannettdigital.com,top_1m,stevenblack
tray.com.br,tranco|top_1m,phishtank
trc-events.taboola.com,top_1m,stevenblack
trc.pushnami.com,top_1m,stevenblack
trc.taboola.com,top_1m,stevenblack
trd.vn,vietnam_whitelist,hagezi
treasuredata.com,tranco|top_1m,stevenblack
tredir.go.com,top_1m,stevenblack
trees4sale.net,tranco|top_1m,hagezi
tremorhub.com,tranco|top_1m,stevenblack
trenddigital.vn,vietnam_whitelist,stevenblack
trendmd.com,tranco|top_1m,stevenblack
trends.revcontent.com,top_1m,stevenblack
trial-eum-clientnsv4-s.akamaihd.net,top_1m,phishtank
trialfire.com,tranco|top_1m,stevenblack
tribalfusion.com,tranco|top_1m,stevenblack
tribenhtri.vn,vietnam_whitelist,tempest_phishing
trickip.net,top_1m,hagezi
triggers.wfxtriggers.com,top_1m,stevenblack
trinity-player.thetimmedia.site,top_1m,stevenblack
triplelift-match.dotomi.com,top_1m,stevenblack
triplelift.com,tranco|top_1m,stevenblack
triptease.io,tranco|top_1m,stevenblack
trj.valuecommerce.com,top_1m,stevenblack
trk-pcweb.api.zaloapp.com,top_1m,stevenblack
trk.atomex.net,top_1m,stevenblack
trk.clinch.co,top_1m,stevenblack
trk.kissmetrics.com,top_1m,stevenblack
trk.na.patagonia.com,top_1m,stevenblack
trk.pinterest.com,top_1m,stevenblack
trk.techtarget.com,top_1m,stevenblack
trk42.net,top_1m,stevenblack
trkn.us,tranco|top_1m,stevenblack
trkpnt.ongage.net,top_1m,stevenblack
trmit.com,top_1m,stevenblack
trtest.vn,vietnam_whitelist,tempest_phishing
tru.am,tranco|top_1m,stevenblack
truculentrate.com,top_1m,stevenblack
truex.com,tranco|top_1m,stevenblack
trungtamnguyenkim.com.vn,vietnam_whitelist,hagezi|vietnam_blacklist
trungtamniengrang.vn,vietnam_whitelist,hagezi
trungthuong.com.vn,vietnam_whitelist,tempest_phishing
truoptik.com,tranco|top_1m,stevenblack
trustx.org,tranco|top_1m,stevenblack
try.abtasty.com,top_1m,stevenblack
trytelegrand.shop,top_1m,hagezi
ts.amazon-adsystem.com,top_1m,stevenblack
tscd.vn,vietnam_whitelist,hagezi
tsg.com.vn,vietnam_whitelist,tempest_phishing
tsyndicate.com,tranco|top_1m,stevenblack
tt.omtrdc.net,top_1m,stevenblack
tt.onthe.io,top_1m,stevenblack
ttplugins.ttpsdk.info,top_1m,stevenblack
tu.edu.vn,vietnam_whitelist,vietnam_blacklist
tubemogul.com,tranco|top_1m,stevenblack
tubephanoi.vn,vietnam_whitelist,hagezi
tuca.vn,vietnam_whitelist,vietnam_blacklist
tudien.org.vn,vietnam_whitelist,hagezi
tudiencongnghiep.com.vn,vietnam_whitelist,hagezi
turbo.adsbynimbus.com,top_1m,stevenblack
turn.com,tranco|top_1m,stevenblack
turnip.cdn.turner.com,top_1m,stevenblack
tutoads.tv,top_1m,stevenblack
tv.rlcdn.com,top_1m,stevenblack
tvn.adocean.pl,top_1m,stevenblack
tvn.hit.gemius.pl,top_1m,stevenblack
tvpage.com,tranco|top_1m,stevenblack
tvpassport.com,tranco|top_1m,stevenblack
tvpixel.com,tranco|top_1m,stevenblack
tvsquared.com,tranco|top_1m,stevenblack
tvx.adgrx.com,top_1m,stevenblack
tw.c.appier.net,top_1m,stevenblack
tw1.ru,tranco|top_1m,hagezi
twitterr.com,top_1m,hagezi|stevenblack
twngcpbidder.lb.engagecore.com,top_1m,stevenblack
tynker.com,tranco|top_1m,vietnam_blacklist
tynt.com,tranco|top_1m,stevenblack
typgfhb.biz,top_1m,hagezi
u-d-c-9.com,top_1m,hagezi
u.openx.net,top_1m,stevenblack
u.startup.mobile.webvisor.com,top_1m,stevenblack
u.to,tranco|top_1m,phishtank|vietnam_blacklist
u2405942.ct.sendgrid.net,top_1m,phishtank
ua-myfitnesspal.adsbynimbus.com,top_1m,stevenblack
ua.yektanet.com,top_1m,stevenblack
uaafd.biz,top_1m,hagezi
uaid-linkage.imrworldwide.com,top_1m,stevenblack
uapi.ads.heytapmobi.com,top_1m,stevenblack
uberads.com,top_1m,stevenblack
ubiz.vn,vietnam_whitelist,tempest_phishing
uc.atwola.com,top_1m,stevenblack
uc.ucweb.com,top_1m,stevenblack
uconnect.tealiumiq.com,top_1m,stevenblack
udc-neb.kampyle.com,top_1m,stevenblack
udm.scorecardresearch.com,top_1m,stevenblack
udmserve.net,tranco|top_1m,stevenblack
ue.brunoespiao.com.br,top_1m,hagezi
ue.flipboard.com,top_1m,stevenblack
uefa.pushwoosh.com,top_1m,stevenblack
ugdturner.com,tranco|top_1m,stevenblack
uidbox.uimserv.net,top_1m,stevenblack
uim.tifbs.net,top_1m,stevenblack
uimserv.net,tranco|top_1m,stevenblack
uip.semasio.net,top_1m,stevenblack
ujm.hansel.io,top_1m,stevenblack
uk-script.dotmetrics.net,top_1m,stevenblack
ulink.adjust.com,top_1m,stevenblack
ulogs.umeng.com,top_1m,stevenblack
ulogs.umengcloud.com,top_1m,stevenblack
um.simpli.fi,top_1m,stevenblack
um2.eqads.com,top_1m,stevenblack
umeng.com,tranco|top_1m,stevenblack
umengcloud.com,tranco|top_1m,stevenblack
ums.acuityplatform.com,top_1m,stevenblack
unaux.com,tranco|top_1m,hagezi|vietnam_blacklist
unbouncepages.com,tranco|top_1m,phishtank
uncn.jp,tranco|top_1m,stevenblack
undefined.com,top_1m,hagezi
undefined.fls.doubleclick.net,top_1m,stevenblack
understandinstalledalfred.com,top_1m,hagezi
undertone.com,tranco|top_1m,stevenblack
unhappyweakness.com,top_1m,hagezi
unicorn.com.vn,vietnam_whitelist,hagezi
unicovina.vn,vietnam_whitelist,tempest_phishing
unid.go.com,top_1m,stevenblack
unified.adsafeprotected.com,top_1m,stevenblack
unifiedbidding.ad.smaato.net,top_1m,stevenblack
unikey.vn,vietnam_whitelist,hagezi|vietnam_blacklist
unique-song.com,top_1m,hagezi
unitechvn.com.vn,vietnam_whitelist,hagezi|tempest_phishing|vietnam_blacklist
unitedparcelservice.sc.omtrdc.net,top_1m,stevenblack
unity-imp.aarki.net,top_1m,stevenblack
unityads.unity3d.com,top_1m,stevenblack
unityads.unitychina.cn,top_1m,stevenblack
uniultra.xyz,top_1m,vietnam_blacklist
universal.iperceptions.com,top_1m,stevenblack
universe.send.microad.jp,top_1m,stevenblack
unloadyourself.com,top_1m,stevenblack
unruly-match.dotomi.com,top_1m,stevenblack
unruly.co,tranco|top_1m,stevenblack
unrulymedia.com,tranco|top_1m,stevenblack
unseenreport.com,top_1m,stevenblack
untd.com,tranco|top_1m,stevenblack
update.3lift.com,top_1m,stevenblack
update.adsrvr.org,top_1m,stevenblack
update.indexww.com,top_1m,stevenblack
update.kmpmedia.net,top_1m,stevenblack
update.rubiconproject.com,top_1m,stevenblack
update.tas.yieldmo.com,top_1m,stevenblack
update.wo.gumgum.com,top_1m,stevenblack
upl.net-solutions.vn,top_1m,stevenblack
uploading.com,tranco,hagezi
uploads.strikinglycdn.com,top_1m,phishtank
ups.analytics.yahoo.com,top_1m,stevenblack
upsellit.com,tranco|top_1m,stevenblack
upu.samsungelectronics.com,top_1m,stevenblack
ur.brunoespiao.com.br,top_1m,hagezi
uranus.vn,vietnam_whitelist,hagezi
urbanlaurel.com,tranco|top_1m,stevenblack
url.emailprotection.link,top_1m,hagezi|phishtank
urlscan.io,tranco|top_1m,phishtank
urlvn.net,top_1m,hagezi|tempest_phishing|phishtank|phishing_army
urlz.fr,tranco,phishtank|vietnam_blacklist
urs.org.vn,vietnam_whitelist,hagezi
us-1.gladly.com,top_1m,stevenblack
us-central.load.exelator.com,top_1m,stevenblack
us-east-1.event.prod.bidr.io,top_1m,stevenblack
us-east-1.prod.pr.analytics.console.aws.a2z.com,top_1m,stevenblack
us-east-1.stinger-ad.bidr.io,top_1m,stevenblack
us-east-2.prod.pr.analytics.console.aws.a2z.com,top_1m,stevenblack
us-east-2.protection.sophos.com,top_1m,phishtank
us-east-sync.bidswitch.net,top_1m,stevenblack
us-east-tlx.3lift.com,top_1m,stevenblack
us-east.load.exelator.com,top_1m,stevenblack
us-events.api.iheart.com,top_1m,stevenblack
us-gmtdmp.mookie1.com,top_1m,stevenblack
us-match.taboola.com,top_1m,stevenblack
us-notify.bidagent.xad.com,top_1m,stevenblack
us-u.openx.net,top_1m,stevenblack
us-vid-events.taboola.com,top_1m,stevenblack
us-west-2.event.prod.bidr.io,top_1m,stevenblack
us-west-2.kinesis.hpanalytics.net,top_1m,stevenblack
us-west-2.prod.pr.analytics.console.aws.a2z.com,top_1m,stevenblack
us-west-2.stinger-ad.bidr.io,top_1m,stevenblack
us-west-notify-rtb.quantserve.com,top_1m,stevenblack
us-west-tlx.3lift.com,top_1m,stevenblack
us-wf.taboola.com,top_1m,stevenblack
us.criteo.com,top_1m,stevenblack
us.criteo.net,top_1m,stevenblack
us.info.lgsmartad.com,top_1m,stevenblack
us.tags.newscgp.com,top_1m,stevenblack
us1-sdk.bluedot.io,top_1m,stevenblack
us1.list-manage.com,top_1m,phishtank
us1.siteimprove.com,top_1m,stevenblack
us1.wzrkt.com,top_1m,stevenblack
us10.campaign-archive.com,top_1m,phishtank
us13.campaign-archive.com,top_1m,phishtank
us14.admin.mailchimp.com,top_1m,phishtank
us14.campaign-archive.com,top_1m,phishtank
us14.list-manage.com,top_1m,phishtank
us16.list-manage.com,top_1m,phishtank
us17.campaign-archive.com,top_1m,phishtank
us2.campaign-archive.com,top_1m,phishtank
us2.siteimprove.com,top_1m,stevenblack
us22.list-manage.com,top_1m,phishtank
us4.campaign-archive.com,top_1m,phishtank
us8.list-manage.com,top_1m,phishtank
usadmm-ds.dotomi.com,top_1m,stevenblack
usadmm.dotomi.com,top_1m,stevenblack
usage.trackjs.com,top_1m,stevenblack
usasync01.admantx.com,top_1m,stevenblack
usc1.contabostorage.com,top_1m,tempest_phishing|phishtank
use1.fptls.com,top_1m,stevenblack
useast-beacon.deepintent.com,top_1m,stevenblack
usefomo.com,top_1m,stevenblack
usemax.de,top_1m,stevenblack
user-stats.rbl.ms,top_1m,stevenblack
user-sync.adhese.com,top_1m,stevenblack
usermatch.krxd.net,top_1m,stevenblack
usermatch.targeting.unrulymedia.com,top_1m,stevenblack
userreporting.cloud.unity3d.com,top_1m,stevenblack
users.atw.hu,top_1m,vietnam_blacklist
users.quantumgraph.com,top_1m,stevenblack
usmtprod.112.2o7.net,top_1m,stevenblack
usr.undertone.com,top_1m,stevenblack
usw1.smartadserver.com,top_1m,stevenblack
uswest.bfmio.com,top_1m,stevenblack
uta.com.vn,vietnam_whitelist,hagezi
utu.vn,vietnam_whitelist,tempest_phishing
utua.com.br,tranco|top_1m,phishtank|phishing_army
uw.srv.stackadapt.com,top_1m,stevenblack
v-ak.chartboost.com,top_1m,stevenblack
v.adsrvr.org,top_1m,stevenblack
v.fwmrm.net,top_1m,stevenblack
v.gdt.qq.com,top_1m,stevenblack
v1.cnzz.com,top_1m,stevenblack
v10c.events.data.microsoft.com,top_1m,stevenblack
v2.chartboost.com,top_1m,stevenblack
v2.dc.yieldify.com,top_1m,stevenblack
v2.pixel.newscgp.com,top_1m,stevenblack
v2.yieldlove-ad-serving.net,top_1m,stevenblack
v2z.ru,tranco|top_1m,hagezi
v6analytics.htmedia.in.edgekey.net,top_1m,stevenblack
v7.cdn.onthe.io,top_1m,stevenblack
v9banners.com,vietnam_whitelist,stevenblack
va-g2.gumgum.com,top_1m,stevenblack
va-lb.gumgum.com,top_1m,stevenblack
vabid.prod.sift.co,top_1m,stevenblack
vads.net.vn,vietnam_whitelist|top_1m,stevenblack
vads.vn,vietnam_whitelist|top_1m,stevenblack
vafw.adsafeprotected.com,top_1m,stevenblack
vaicore.xyz,tranco|top_1m,stevenblack
validate.onecount.net,top_1m,stevenblack
valuecommerce.com,tranco|top_1m,stevenblack
valuecommerce.ne.jp,top_1m,stevenblack
vanepphuphim.vn,vietnam_whitelist,tempest_phishing
vanguard.demdex.net,top_1m,stevenblack
vanhoadoanhnghiep.vn,vietnam_whitelist,hagezi
vannghethainguyen.vn,vietnam_whitelist,tempest_phishing
vanphongviet.vn,vietnam_whitelist,tempest_phishing
vantaithanhhung.com.vn,vietnam_whitelist,hagezi
vapixel.adsafeprotected.com,top_1m,stevenblack
vars.hotjar.com,top_1m,stevenblack
vast.adsafeprotected.com,top_1m,stevenblack
vast.aniview.com,top_1m,stevenblack
vast.doubleverify.com,top_1m,stevenblack
vast.extremereach.io,top_1m,stevenblack
vast.mathtag.com,top_1m,stevenblack
vast.w.inmobi.com,top_1m,stevenblack
vastproxy.brand.inmobi.com,top_1m,stevenblack
vaytienonline.vn,vietnam_whitelist,hagezi
vc.hotjar.io,top_1m,stevenblack
vcardsdkservice.vivo.com.cn,top_1m,stevenblack
vcdn.adnxs.com,top_1m,stevenblack
vcdn.subiz-cdn.com,top_1m,stevenblack
vcommission.com,top_1m,stevenblack
vda.oipzyrzffum.ovh,top_1m,stevenblack
vdopia.com,top_1m,stevenblack
vdterms.samsungcloudsolution.com,top_1m,stevenblack
vebiz.vn,vietnam_whitelist,vietnam_blacklist
vegemil.vn,vietnam_whitelist,tempest_phishing
vela.iad-01.braze.com,top_1m,stevenblack
velocecdn.com,top_1m,stevenblack
vendorlist.consensu.org,top_1m,stevenblack
venetia.iad.appboy.com,top_1m,stevenblack
verification.jiguang.cn,top_1m,stevenblack
verify.mob.com,top_1m,stevenblack
verizon.demdex.net,top_1m,stevenblack
verizontelecom.tt.omtrdc.net,top_1m,stevenblack
vertamedia.com,tranco|top_1m,stevenblack
vesinhdanang.vn,vietnam_whitelist,hagezi
vet-us-east-1.track.smaato.net,top_1m,stevenblack
vg-ali-ad-track-sdk.mtgglobals.com,top_1m,stevenblack
vg-aws-ad-track-sdk-us-east-1a.mtgglobals.com,top_1m,stevenblack
vg-aws-ad-track-sdk-us-east-1b.mtgglobals.com,top_1m,stevenblack
vg-aws-cdn-us-east-1a-hb-bid-feedback.mtgglobals.com,top_1m,stevenblack
vg-setting.rayjump.com,top_1m,stevenblack
vgl.com.vn,vietnam_whitelist,tempest_phishing
vgsshop.vn,vietnam_whitelist,hagezi
vhs.vn,vietnam_whitelist,hagezi
vht.tradedoubler.com,top_1m,stevenblack
vi-serve.com,top_1m,stevenblack
vi-vn.vn,vietnam_whitelist,vietnam_blacklist
vi.ml314.com,top_1m,stevenblack
via.batch.com,top_1m,stevenblack
viadeo.journaldunet.com,top_1m,phishtank
vibm.vn,vietnam_whitelist,hagezi
vicp.cc,tranco|top_1m,hagezi
vid-io-dub.springserve.com,top_1m,stevenblack
vid-io-iad.springserve.com,top_1m,stevenblack
vid-io-sin.springserve.com,top_1m,stevenblack
vid.connatix.com,top_1m,stevenblack
vid.pubmatic.com,top_1m,stevenblack
vid.springserve.com,top_1m,stevenblack
vidanalytics.taboola.com,top_1m,stevenblack
vidaxl.pl,tranco|top_1m,stevenblack
videe.tv,tranco|top_1m,stevenblack
video-ads-apex.rubiconproject.com,top_1m,stevenblack
video-ads-module.ad-tech.nbcuni.com,top_1m,stevenblack
video-ads.rubiconproject.com,top_1m,stevenblack
video-ads.rubiconproject.com-v1.edgekey.net,top_1m,stevenblack
video-assets.mathtag.com,top_1m,stevenblack
video-native.mgid.com,top_1m,stevenblack
video.adsafeprotected.com,top_1m,stevenblack
video.bttrack.com,top_1m,stevenblack
video.startappservice.com,top_1m,stevenblack
video.unrulymedia.com,top_1m,stevenblack
video.upqzfile.com,top_1m,stevenblack
videoadex.com,top_1m,stevenblack
videoamp.com,tranco|top_1m,stevenblack
videobox.com,top_1m,stevenblack
videoevents.outbrain.com,top_1m,stevenblack
videohub.tv,top_1m,stevenblack
vidfree.net,top_1m,hagezi
vidifi-dh.vn,vietnam_whitelist,hagezi
vidoomy.com,tranco|top_1m,stevenblack
vidora.com,tranco|top_1m,stevenblack
vidstat.taboola.com,top_1m,stevenblack
vieclamsaigon.vn,vietnam_whitelist,hagezi
vienthongviettel.vn,vietnam_whitelist,hagezi
viet69.be,tranco|top_1m,hagezi
vietanhkhoa.com.vn,vietnam_whitelist,hagezi
viethome.vn,vietnam_whitelist,hagezi
viethoney.com.vn,vietnam_whitelist,hagezi|tempest_phishing
vietinbankamc.vn,vietnam_whitelist,vietnam_blacklist
vietjetair.net.vn,vietnam_whitelist,hagezi|vietnam_blacklist
vietjetairlines.vn,vietnam_whitelist,vietnam_blacklist
vietjetairs.com.vn,vietnam_whitelist,vietnam_blacklist
vietjets.com.vn,vietnam_whitelist,vietnam_blacklist
vietnamairlinesgiare.vn,vietnam_whitelist,vietnam_blacklist
vietnamimages.vn,vietnam_whitelist,tempest_phishing
vietnamnetad.vn,vietnam_whitelist|top_1m,stevenblack
vietroll.vn,vietnam_whitelist,hagezi
view.adjust.com,top_1m,stevenblack
view.genial.ly,top_1m,vietnam_blacklist
viewdecor.vn,vietnam_whitelist,hagezi
viewlift.com,tranco|top_1m,vietnam_blacklist
vifreight.com.vn,vietnam_whitelist,tempest_phishing
viglink.com,tranco|top_1m,stevenblack
viki-play.com,top_1m,hagezi
vilocom.vn,vietnam_whitelist,hagezi
vinafan.vn,vietnam_whitelist,hagezi
vinaprint.vn,vietnam_whitelist,tempest_phishing
vinaseo.com.vn,vietnam_whitelist,hagezi
vinasoft.com.vn,vietnam_whitelist,hagezi
vincars.com.vn,vietnam_whitelist,tempest_phishing|vietnam_blacklist
vindicosuite.com,tranco|top_1m,stevenblack
vinhomecity.net.vn,vietnam_whitelist,tempest_phishing
vip.prod.criteo.com,top_1m,stevenblack
vip.prod.criteo.net,top_1m,stevenblack
vipaco.vn,vietnam_whitelist,hagezi
virusbarrier.xyz,top_1m,hagezi
visiblemeasures.com,tranco|top_1m,stevenblack
vision.fn-pz.com,top_1m,stevenblack
visitor-service-ap-northeast-1.tealiumiq.com,top_1m,stevenblack
visitor-service-ap-southeast-2.tealiumiq.com,top_1m,stevenblack
visitor-service-eu-central-1.tealiumiq.com,top_1m,stevenblack
visitor-service-eu-west-1.tealiumiq.com,top_1m,stevenblack
visitor-service-us-east-1.tealiumiq.com,top_1m,stevenblack
visitor-service.tealiumiq.com,top_1m,stevenblack
visualwebsiteoptimizer.com,tranco|top_1m,stevenblack
vivaki.demdex.net,top_1m,stevenblack
vivapayments.com,tranco|top_1m,phishtank
vivimoon.vn,vietnam_whitelist,vietnam_blacklist
vizury.com,top_1m,stevenblack
vizvaz.com,tranco|top_1m,hagezi
vjccons.com.vn,vietnam_whitelist,hagezi
vk.cc,tranco|top_1m,phishtank
vk.com,tranco|top_1m,phishtank
vkontakte.ru,tranco|top_1m,phishtank|phishing_army
vm5apis.com,tranco|top_1m,stevenblack
vmn.net,top_1m,stevenblack
vms.bluebillywig.com,top_1m,stevenblack
vn-j.com.vn,vietnam_whitelist,hagezi|tempest_phishing
vnba.vn,vietnam_whitelist,hagezi
vnet.cn,tranco|top_1m,stevenblack
vninsider.vn,vietnam_whitelist,tempest_phishing
vnpt24h.vn,vietnam_whitelist,hagezi|vietnam_blacklist
vntsm.com,tranco|top_1m,stevenblack
vod-media-aka.warnermediacdn.com,top_1m,stevenblack
vodafonetr.sc.omtrdc.net,top_1m,stevenblack
vodus-api-serverless.azurewebsites.net,top_1m,stevenblack
vodus.com,top_1m,stevenblack
voicefive.com,tranco|top_1m,stevenblack
voluumtrk3.com,tranco|top_1m,stevenblack
vovmedia.com.vn,vietnam_whitelist,hagezi
vpaid.springserve.com,top_1m,stevenblack
vpb.com.vn,vietnam_whitelist,hagezi
vpon.com,top_1m,stevenblack
vrl.m.conviva.com,top_1m,stevenblack
vs-api.voodoo-tech.io,top_1m,stevenblack
vst.c.appier.net,top_1m,stevenblack
vt.adition.com,top_1m,stevenblack
vtcd.vn,vietnam_whitelist,tempest_phishing
vtennis.vn,vietnam_whitelist,tempest_phishing
vtmarkets.com,tranco|top_1m,vietnam_blacklist
vtracy.de,tranco|top_1m,stevenblack
vtrk.doubleverify.com,top_1m,stevenblack
vtv24h.vn,vietnam_whitelist,vietnam_blacklist
vu.adschoom.com,top_1m,stevenblack
vuahaisan.vn,vietnam_whitelist,hagezi
vulcan.branch.io,top_1m,stevenblack
vungle.akadns.net,top_1m,stevenblack
vungle.com,tranco|top_1m,stevenblack
w-mt.co,tranco|top_1m,phishtank
w.eastus.trafficmanager.inmobi.com,top_1m,stevenblack
w.inmobi.com,top_1m,stevenblack
w.isx.unity3d.com,top_1m,stevenblack
w.sharethis.com,top_1m,stevenblack
w.usabilla.com,top_1m,stevenblack
w3counter.com,tranco|top_1m,stevenblack
w3s.link,tranco,phishtank|phishing_army
w55c.net,tranco|top_1m,stevenblack
wa.appsflyer.com,top_1m,stevenblack
wa.me,vietnam_whitelist|tranco|top_1m,phishtank
wa.pe,top_1m,hagezi|tempest_phishing|phishtank|phishing_army
wallpapers-all.com,top_1m,hagezi
walnutneckvariability.com,top_1m,hagezi
wanxiangxs.cc,top_1m,hagezi
warkcdu.biz,top_1m,hagezi
warnermediagroup-com.videoplayerhub.com,top_1m,stevenblack
warp.media.net,top_1m,stevenblack
washclothexcludingincluding.com,top_1m,hagezi
wat.ad.daum.net,top_1m,stevenblack
watchtry.com,tranco|top_1m,hagezi
watson.telemetry.microsoft.com,top_1m,stevenblack
waust.at,tranco|top_1m,stevenblack
wavebrowser.co,tranco|top_1m,hagezi
waves.retentionscience.com,top_1m,stevenblack
wbapp.mobile.sina.cn,top_1m,stevenblack
wcomhost.com,top_1m,hagezi
wctc.net,top_1m,stevenblack
wd.adcolony.com,top_1m,stevenblack
wdfl.co,tranco|top_1m,stevenblack
weaplink.com,tranco,hagezi
weather-analytics-events.apple.com,top_1m,stevenblack
weatherbug.adsbynimbus.com,top_1m,stevenblack
web-api.tjme.io,top_1m,stevenblack
web-sdk.control.kochava.com,top_1m,stevenblack
web-sdk.urbanairship.com,top_1m,stevenblack
web-stat.com,top_1m,stevenblack
web.53.localytics.com,top_1m,stevenblack
web.adblade.com,top_1m,stevenblack
web.api.adtimaserver.vn,top_1m,stevenblack
web.archive.org,top_1m,phishtank
web.btncdn.com,top_1m,stevenblack
web.hb.ad.cpe.dotomi.com,top_1m,stevenblack
web.localytics.com,top_1m,stevenblack
web.opendrive.com,top_1m,urlhaus
web0.track.appier.net,top_1m,stevenblack
web3.ouyiawotkc.com,top_1m,hagezi|tempest_phishing
web3.ouyishozyk.com,top_1m,hagezi|tempest_phishing
web4.realtracker.com,top_1m,stevenblack
web66.com.tw,top_1m,phishtank
web88.vn,vietnam_whitelist,hagezi|vietnam_blacklist
webads.nl,top_1m,stevenblack
webanalytics.localytics.com,top_1m,stevenblack
webchat.caresoft.vn,top_1m,stevenblack
webcontentassessor.com,tranco|top_1m,stevenblack
webd.pro,top_1m,hagezi
webfiddle.net,top_1m,tempest_phishing
webgains.com,tranco|top_1m,stevenblack
webhook.logentries.com,top_1m,stevenblack
webid.ad.daum.net,top_1m,stevenblack
webmail-seguro.com.br,tranco|top_1m,phishtank
webmd.demdex.net,top_1m,stevenblack
weborama.com,tranco|top_1m,stevenblack
weborama.fr,tranco|top_1m,stevenblack
webpushstat-sgp.engagelab.com,top_1m,stevenblack
webpushstat.api.engagelab.cc,top_1m,stevenblack
websalat.top,tranco,hagezi
websdk.appsflyer.com,top_1m,stevenblack
website3.me,tranco,hagezi
websitehome.co.uk,tranco|top_1m,stevenblack
webstarterz.com,top_1m,vietnam_blacklist
webstats1.com,top_1m,stevenblack
webtraxs.com,tranco|top_1m,stevenblack
webtrekk.net,tranco|top_1m,stevenblack
webview.unityads.unity3d.com,top_1m,stevenblack
weighted.com.akadns.net,top_1m,stevenblack
west.ads.simpli.fi,top_1m,stevenblack
westads.simpli.fi,top_1m,stevenblack
westanice.qpon,top_1m,hagezi
westernbank.vn,vietnam_whitelist,vietnam_blacklist
westus-0.in.applicationinsights.azure.com,top_1m,stevenblack
wetter.pushwoosh.com,top_1m,stevenblack
wf.taboola.com,top_1m,stevenblack
wgo.mmstat.com,top_1m,stevenblack
whimsical.com,tranco|top_1m,phishtank
whitebluerights.com,tranco|top_1m,hagezi
who.nie.easebar.com,top_1m,stevenblack
wholepagecache.com,top_1m,stevenblack
whos.amung.us,top_1m,stevenblack
wickedreports.com,tranco|top_1m,stevenblack
widget-cdn.rpxnow.com,top_1m,stevenblack
widget-pixels.outbrain.com,top_1m,stevenblack
widget.adcovery.com,top_1m,stevenblack
widget.as.criteo.com,top_1m,stevenblack
widget.beop.io,top_1m,stevenblack
widget.chat.zalo.me,top_1m,stevenblack
widget.criteo.com,top_1m,stevenblack
widget.eu.criteo.com,top_1m,stevenblack
widget.fitanalytics.com,top_1m,stevenblack
widget.iid-network.jp,top_1m,stevenblack
widget.manychat.com,top_1m,stevenblack
widget.privy.com,top_1m,stevenblack
widget.subiz.net,top_1m,stevenblack
widget.supercounters.com,top_1m,stevenblack
widget.us.criteo.com,top_1m,stevenblack
widget.wickedreports.com,top_1m,stevenblack
widgetmonitor.outbrain.com,top_1m,stevenblack
widgets.amung.us,top_1m,stevenblack
widgets.mgid.com,top_1m,stevenblack
widgets.outbrain.com,top_1m,stevenblack
wififpt.com.vn,vietnam_whitelist,tempest_phishing
wiinvent.tv,top_1m,stevenblack
wikifx.com,top_1m,vietnam_blacklist
wildcard.aniview.com.edgekey.net,top_1m,stevenblack
wildcard.marketo.com.edgekey.net,top_1m,stevenblack
wildcard.marketo.net.edgekey.net,top_1m,stevenblack
wildcard.ntv.io.edgekey.net,top_1m,stevenblack
wildcard.outbrain.com.edgekey.net,top_1m,stevenblack
wildcard.outbrainimg.com.edgekey.net,top_1m,stevenblack
wildcard46.akstat.io.edgekey.net,top_1m,stevenblack
williamhill.es,tranco,stevenblack
win.iqm.com,top_1m,stevenblack
windows.day,top_1m,hagezi
wisepops.com,tranco|top_1m,stevenblack
wixsite.com,tranco,phishtank
wizaly.com,tranco|top_1m,stevenblack
wizard.wine,top_1m,hagezi
wl.aniview.com.edgekey.net,top_1m,stevenblack
wl.spotify.com,top_1m,stevenblack
wltrack.aniview.com,top_1m,stevenblack
wluwplyh.biz,top_1m,hagezi
wo.gumgum.com,top_1m,stevenblack
woodpecker.uc.cn,top_1m,stevenblack
woopra.com,tranco|top_1m,stevenblack
wootric-eligibility.herokuapp.com,top_1m,stevenblack
word-bi.zenkube.com,top_1m,stevenblack
word-v1.tuanguwen.com,top_1m,stevenblack
work.gd,tranco|top_1m,hagezi
workdrive.zoho.com,top_1m,phishtank
worker1.advertnative.com,top_1m,stevenblack
worker2.advertnative.com,top_1m,stevenblack
worker3.advertnative.com,top_1m,stevenblack
world.rw.yieldmo.com,top_1m,stevenblack
worldrealize.com,top_1m,stevenblack
wowanalytics.co.uk,top_1m,stevenblack
wowart.vn,vietnam_whitelist,hagezi
wpp.krxd.net,top_1m,stevenblack
wrap.tradedoubler.com,top_1m,stevenblack
wrapper-vast.adsafeprotected.com,top_1m,stevenblack
wrc-info.ru,top_1m,hagezi
ws-eu.amazon-adsystem.com,top_1m,stevenblack
ws-fe.amazon-adsystem.com,top_1m,stevenblack
ws-na.amazon-adsystem.com,top_1m,stevenblack
ws.batch.com,top_1m,stevenblack
ws.inspectlet.com,top_1m,stevenblack
ws.mmstat.com,top_1m,stevenblack
ws.otherlevels.com,top_1m,stevenblack
ws.sessioncam.com,top_1m,stevenblack
ws.sharethis.com,top_1m,stevenblack
ws.tapjoy.com,top_1m,stevenblack
ws.tapjoyads.com,top_1m,stevenblack
wsdk-files.webengage.com,top_1m,stevenblack
wserver.vidazoo.com,top_1m,stevenblack
wsod.com,top_1m,stevenblack
wss.findmykids.org,top_1m,hagezi
wt-eu02.net,tranco|top_1m,stevenblack
wv.inner-active.mobi,top_1m,stevenblack
ww1097.smartadserver.com,top_1m,stevenblack
ww251.smartadserver.com,top_1m,stevenblack
ww3050.smartadserver.com,top_1m,stevenblack
www10.a8.net,top_1m,stevenblack
www11.a8.net,top_1m,stevenblack
www12.a8.net,top_1m,stevenblack
www13.a8.net,top_1m,stevenblack
www14.a8.net,top_1m,stevenblack
www14.smartadserver.com,top_1m,stevenblack
www15.a8.net,top_1m,stevenblack
www16.a8.net,top_1m,stevenblack
www17.a8.net,top_1m,stevenblack
www18.a8.net,top_1m,stevenblack
www19.a8.net,top_1m,stevenblack
www20.a8.net,top_1m,stevenblack
www21.a8.net,top_1m,stevenblack
www22.a8.net,top_1m,stevenblack
www23.a8.net,top_1m,stevenblack
www24.a8.net,top_1m,stevenblack
www25.a8.net,top_1m,stevenblack
www26.a8.net,top_1m,stevenblack
www27.a8.net,top_1m,stevenblack
www28.a8.net,top_1m,stevenblack
www29.a8.net,top_1m,stevenblack
www3.doubleclick.net,vietnam_whitelist|top_1m,stevenblack
www3.smartadserver.com,top_1m,stevenblack
www4.smartadserver.com,top_1m,stevenblack
www5.smartadserver.com,top_1m,stevenblack
www6.smartadserver.com,top_1m,stevenblack
www8.smartadserver.com,top_1m,stevenblack
www9.smartadserver.com,top_1m,stevenblack
wwwdienmayxanh.com,vietnam_whitelist,vietnam_blacklist
wxgzshna.biz,tranco|top_1m,hagezi
wysistat.com,top_1m,stevenblack
wzrkt.com,tranco|top_1m,stevenblack
x.bidswitch.net,top_1m,stevenblack
x.disq.us,top_1m,stevenblack
x.fidelity-media.com,top_1m,stevenblack
x.skimresources.com,top_1m,stevenblack
x1zq0eg3fhina6lngyotbml2.net,top_1m,hagezi
x9.shinobi.jp,top_1m,stevenblack
xa.boozierosmotic.com,vietnam_whitelist,hagezi
xad.com,tranco|top_1m,stevenblack
xadsmart.com,tranco|top_1m,stevenblack
xapads.com,top_1m,stevenblack
xapi.juicyads.com,top_1m,stevenblack
xconf.cauly.co.kr,top_1m,stevenblack
xcp.go.sonobi.com,top_1m,stevenblack
xdcs-collector.ximalaya.com,top_1m,stevenblack
xdrig.com,tranco|top_1m,stevenblack
xdssp.mediav.com,top_1m,stevenblack
xedapchauau.vn,vietnam_whitelist,tempest_phishing
xedaponline.vn,vietnam_whitelist,hagezi
xg4ken.com,tranco|top_1m,stevenblack
xiaomi-mipdx.cn.miaozhen.com,top_1m,stevenblack
ximad.com,tranco|top_1m,stevenblack
xiti.com,tranco|top_1m,stevenblack
xlisting.jp,tranco|top_1m,stevenblack
xml-eu.flairadscpc.com,top_1m,stevenblack
xml.adxfactory.com,top_1m,stevenblack
xml.affiliate.rakuten.co.jp,top_1m,stevenblack
xnhau.shop,tranco,hagezi
xoilac.livecdnem.com,vietnam_whitelist,hagezi
xoilac86l.cc,tranco,hagezi
xoilaclink-worldcup2026.tv,tranco,hagezi
xpromo.g5e.com,top_1m,stevenblack
xpu.samsungelectronics.com,top_1m,stevenblack
xshop.vn,vietnam_whitelist,hagezi
xsoktvpyi.com,top_1m,hagezi
xsph.ru,tranco|top_1m,hagezi
xstylz.com,top_1m,hagezi
xuatbangiaoduc.vn,vietnam_whitelist,hagezi
xxsub.com,tranco,hagezi
xxxxbt.cc,tranco|top_1m,hagezi
y.one.impact-ad.jp,top_1m,stevenblack
yadro.ru,tranco|top_1m,stevenblack
yads.c.yimg.jp,top_1m,stevenblack
yads.yahoo.co.jp,top_1m,stevenblack
yahoo-match.dotomi.com,top_1m,stevenblack
yandex.ru,tranco|top_1m,phishtank
yandexadexchange.net,tranco|top_1m,stevenblack
yayforms.link,top_1m,tempest_phishing
yceml.net,tranco|top_1m,stevenblack
yduocviet.vn,vietnam_whitelist,hagezi
yeumoitruong.vn,vietnam_whitelist,hagezi
yg5sjx5kzy.com,tranco|top_1m,stevenblack
yicha.jp,tranco|top_1m,stevenblack
yield-manager.browsiprod.com,top_1m,stevenblack
yieldlab.net,tranco|top_1m,stevenblack
yieldlab.net.edgekey.net,top_1m,stevenblack
yieldmo-match.dotomi.com,top_1m,stevenblack
yieldmo.com,tranco|top_1m,stevenblack
yieldoptimizer.com,tranco|top_1m,stevenblack
yildun.iad-03.braze.com,top_1m,stevenblack
yj-a.p.adnxs.com,top_1m,stevenblack
yj.p.adnxs.com,top_1m,stevenblack
ylog.hiido.com,top_1m,stevenblack
ymtracking.com,tranco|top_1m,stevenblack
yoga-go.io,top_1m,hagezi
yomedia.vn,vietnam_whitelist|top_1m,stevenblack
youborafds01.com,tranco|top_1m,stevenblack
youradexchange.com,tranco|top_1m,stevenblack
yoursfind.com,top_1m,hagezi
youtupe.biz,top_1m,hagezi
ypu.samsungelectronics.com,top_1m,stevenblack
yt.mmstat.com,top_1m,stevenblack
ytho.com.vn,vietnam_whitelist,hagezi
yu.isologteentsy.qpon,top_1m,hagezi
yunray.ai,tranco|top_1m,hagezi
yvmads.com,top_1m,stevenblack
yydsmr.com,top_1m,hagezi
z-lib.li,top_1m,hagezi
z-na.amazon-adsystem.com,top_1m,stevenblack
z.cdp-dev.cnn.com,top_1m,stevenblack
z.moatads.com,top_1m,stevenblack
z9q9kj37oy.kameleoon.eu,top_1m,stevenblack
za-gmtdmp.mookie1.com,top_1m,stevenblack
zanox.com,tranco|top_1m,stevenblack
zbiornik.com,tranco|top_1m,stevenblack
zc.adswizz.com,top_1m,stevenblack
zdbb.net,tranco|top_1m,stevenblack
zedo.com,top_1m,stevenblack
zem.outbrainimg.com,top_1m,stevenblack
zemanta.com,tranco|top_1m,stevenblack
zergnet.com,tranco|top_1m,stevenblack
zhihu-web-analytics.zhihu.com,top_1m,stevenblack
zickler.com.vn,vietnam_whitelist,hagezi
ziffdavis.com,tranco|top_1m,stevenblack
zigzag.vn,vietnam_whitelist,stevenblack
zion-telemetry.api.cnn.io,top_1m,stevenblack
zion.api.cnn.io,top_1m,stevenblack
zipservice.adalliance.io,top_1m,stevenblack
zit.vn,vietnam_whitelist,hagezi
ziva.vn,vietnam_whitelist,tempest_phishing
ziyu.net,top_1m,stevenblack
zjkcsy.garden,top_1m,hagezi
znwbniskf.biz,top_1m,hagezi
zohoinsights.eu,top_1m,hagezi
zplayer-trk.zdn.vn,top_1m,stevenblack
zpu.samsungelectronics.com,top_1m,stevenblack
zqtk.net,tranco|top_1m,stevenblack
ztevents.zaloapp.com,top_1m,stevenblack
zucks.net,tranco|top_1m,stevenblack
zya.me,top_1m,hagezi
zzhc.vnet.cn,top_1m,stevenblack
