domain,owner,category_type,certified_date,cert_level,license_number,status,detail_url
10000bc.playfun.vn,CÔNG TY CỔ PHẦN PHÁT TRIỂN CÔNG NGHỆ SỐ HỒNG HÀ,QUYẾT ĐỊNH PHÁT HÀNH TRÒ CHƠI ĐIỆN TỬ G1 TRÊN MẠNG,2023-02-23,Giấy phép chính thức (ABEI - Bộ TT&TT),235/QĐ-BTTTT,valid,https://giayphep.abei.gov.vn/
100d.mobi,CÔNG TY CỔ PHẦN GIẢI TRÍ 100 ĐỘ,QUYẾT ĐỊNH PHÁT HÀNH TRÒ CHƠI ĐIỆN TỬ G1 TRÊN MẠNG,2019-02-05,Giấy phép chính thức (ABEI - Bộ TT&TT),2121 /QĐ-BTTTT,invalid,https://giayphep.abei.gov.vn/
10up.vn,CÔNG TY CỔ PHẦN LIVEUP GROUP,GIẤY PHÉP CUNG CẤP DỊCH VỤ MẠNG XÃ HỘI,2023-06-27,Giấy phép chính thức (ABEI - Bộ TT&TT),222/GP-BTTTT,valid,https://giayphep.abei.gov.vn/
123.dzogame.vn,CÔNG TY TNHH CHÂU Á MỀM,"GIẤY XÁC NHẬN THÔNG BÁO PHÁT HÀNH TRÒ CHƠI ĐIỆN TỬ G2,G3,G4",2020-11-19,Giấy phép chính thức (ABEI - Bộ TT&TT),216/GXN-PTTH&TTĐT,valid,https://giayphep.abei.gov.vn/
123tamquoc.vn,CÔNG TY TNHH VMGE,QUYẾT ĐỊNH PHÁT HÀNH TRÒ CHƠI ĐIỆN TỬ G1 TRÊN MẠNG,2023-10-13,Giấy phép chính thức (ABEI - Bộ TT&TT),1982/QĐ-BTTTT,invalid,https://giayphep.abei.gov.vn/
12r.vn,CÔNG TY CỔ PHẦN VTC TRUYỀN THÔNG TRỰC TUYẾN,QUYẾT ĐỊNH PHÁT HÀNH TRÒ CHƠI ĐIỆN TỬ G1 TRÊN MẠNG,2018-08-17,Giấy phép chính thức (ABEI - Bộ TT&TT),211/GXN-PTTH&TTĐT,invalid,https://giayphep.abei.gov.vn/
1618plav.vn,CÔNG TY TNHH 1618PLAY,QUYẾT ĐỊNH PHÁT HÀNH TRÒ CHƠI ĐIỆN TỬ G1 TRÊN MẠNG,2017-03-05,Giấy phép chính thức (ABEI - Bộ TT&TT),285/QĐ-BTTTT,valid,https://giayphep.abei.gov.vn/
1618play.vn,CÔNG TY TNHH 1618PLAY,QUYẾT ĐỊNH PHÁT HÀNH TRÒ CHƠI ĐIỆN TỬ G1 TRÊN MẠNG,2017-03-30,Giấy phép chính thức (ABEI - Bộ TT&TT),449/QĐ-BTTTT,valid,https://giayphep.abei.gov.vn/
1creators.com,CÔNG TY CỔ PHẦN 1CREATORS ,GIẤY PHÉP CUNG CẤP DỊCH VỤ MẠNG XÃ HỘI,2026-05-29,Giấy phép chính thức (ABEI - Bộ TT&TT),101/GP-PTTH&TTĐT,valid,https://giayphep.abei.gov.vn/
1creators.vn,CÔNG TY CỔ PHẦN 1CREATORS ,GIẤY PHÉP CUNG CẤP DỊCH VỤ MẠNG XÃ HỘI,2026-05-29,Giấy phép chính thức (ABEI - Bộ TT&TT),101/GP-PTTH&TTĐT,valid,https://giayphep.abei.gov.vn/
1up.vn,NHÀ VĂN HÓA SINH VIÊN THÀNH PHỐ HỒ CHÍ MINH,GIẤY PHÉP CUNG CẤP DỊCH VỤ MẠNG XÃ HỘI,2017-03-09,Giấy phép chính thức (ABEI - Bộ TT&TT),100/GP-BTTTT,invalid,https://giayphep.abei.gov.vn/
24h.com.vn,Công ty Cổ phần Quảng cáo Trực tuyến 24H,GIẤY XÁC NHẬN THÔNG BÁO CUNG CẤP DỊCH VỤ MẠNG XÃ HỘI,2025-06-13,Giấy phép chính thức (ABEI - Bộ TT&TT),89/GXN-PTTH&TTĐT,valid,https://giayphep.abei.gov.vn/
24hmoney.vn,CÔNG TY TNHH 24HMONEY,GIẤY PHÉP CUNG CẤP DỊCH VỤ MẠNG XÃ HỘI,2023-06-09,Giấy phép chính thức (ABEI - Bộ TT&TT),203/GP-BTTTT,valid,https://giayphep.abei.gov.vn/
2ca.vn,CÔNG TY CỔ PHẦN VNG,QUYẾT ĐỊNH PHÁT HÀNH TRÒ CHƠI ĐIỆN TỬ G1 TRÊN MẠNG,2018-01-25,Giấy phép chính thức (ABEI - Bộ TT&TT),88/QĐ-BTTTT,invalid,https://giayphep.abei.gov.vn/
2dance.vn,CÔNG TY CỔ PHẦN TRỰC TUYẾN GOSU,QUYẾT ĐỊNH PHÁT HÀNH TRÒ CHƠI ĐIỆN TỬ G1 TRÊN MẠNG,2016-12-19,Giấy phép chính thức (ABEI - Bộ TT&TT),2272/QĐ-BTTTT,invalid,https://giayphep.abei.gov.vn/
2dep.vn,TẠP CHÍ MỸ THUẬT ỨNG DỤNG,GIẤY PHÉP CUNG CẤP DỊCH VỤ MẠNG XÃ HỘI,2020-12-29,Giấy phép chính thức (ABEI - Bộ TT&TT),639/GP-BTTTT,invalid,https://giayphep.abei.gov.vn/
2game.vn,CÔNG TY CỔ PHẦN WETAPS,GIẤY PHÉP CUNG CẤP DỊCH VỤ MẠNG XÃ HỘI,2020-09-30,Giấy phép chính thức (ABEI - Bộ TT&TT),428/GP-BTTTT,valid,https://giayphep.abei.gov.vn/
2kcn.vn,CÔNG TY CỔ PHẦN XÚC TIẾN ĐẦU TƯ THƯƠNG MẠI DỊCH VỤ TOÀN CẦU,GIẤY PHÉP CUNG CẤP DỊCH VỤ MẠNG XÃ HỘI,2023-01-11,Giấy phép chính thức (ABEI - Bộ TT&TT),12/GP-BTTTT,valid,https://giayphep.abei.gov.vn/
357games.vn,CÔNG TY CỔ PHẦN GIẢI TRÍ 357,QUYẾT ĐỊNH PHÁT HÀNH TRÒ CHƠI ĐIỆN TỬ G1 TRÊN MẠNG,2026-04-29,Giấy phép chính thức (ABEI - Bộ TT&TT),211/QĐ-PTTH&TTĐT,valid,https://giayphep.abei.gov.vn/
360game.vn,CÔNG TY TNHH TRUYỀN THÔNG MINH PHƯƠNG THỊNH,QUYẾT ĐỊNH PHÁT HÀNH TRÒ CHƠI ĐIỆN TỬ G1 TRÊN MẠNG,2018-06-05,Giấy phép chính thức (ABEI - Bộ TT&TT),861/QĐ-BTTTT,valid,https://giayphep.abei.gov.vn/
365vietnam.vn,CÔNG TY CỔ PHẦN ĐẦU TƯ VÀ PHÁT TRIỂN HOA VĨ,GIẤY PHÉP CUNG CẤP DỊCH VỤ MẠNG XÃ HỘI,2017-02-10,Giấy phép chính thức (ABEI - Bộ TT&TT),59/GP-BTTTT,valid,https://giayphep.abei.gov.vn/
3gctm.gamota.com,CÔNG TY CỔ PHẦN GAMOTA,QUYẾT ĐỊNH PHÁT HÀNH TRÒ CHƠI ĐIỆN TỬ G1 TRÊN MẠNG,2024-02-02,Giấy phép chính thức (ABEI - Bộ TT&TT),126/QĐ-BTTTT,valid,https://giayphep.abei.gov.vn/
3k.dzogame.vn,Công ty TNHH Dzogame ,QUYẾT ĐỊNH PHÁT HÀNH TRÒ CHƠI ĐIỆN TỬ G1 TRÊN MẠNG,2025-10-08,Giấy phép chính thức (ABEI - Bộ TT&TT),437/QĐ-PTTH&TTĐT,valid,https://giayphep.abei.gov.vn/
3q.360mobi.vn,CÔNG TY TNHH GIẢI TRÍ LONG ĐỈNH,QUYẾT ĐỊNH PHÁT HÀNH TRÒ CHƠI ĐIỆN TỬ G1 TRÊN MẠNG,2016-06-01,Giấy phép chính thức (ABEI - Bộ TT&TT),935/QĐ-BTTTT,valid,https://giayphep.abei.gov.vn/
3q.360play.vn,CÔNG TY TNHH TRUYỀN THÔNG MINH PHƯƠNG THỊNH,QUYẾT ĐỊNH PHÁT HÀNH TRÒ CHƠI ĐIỆN TỬ G1 TRÊN MẠNG,2021-08-30,Giấy phép chính thức (ABEI - Bộ TT&TT),1321 /QĐ-BTTTT,valid,https://giayphep.abei.gov.vn/
3q.gaba.vn,CÔNG TY CỔ PHẦN TRÒ CHƠI VEGA,QUYẾT ĐỊNH PHÁT HÀNH TRÒ CHƠI ĐIỆN TỬ G1 TRÊN MẠNG,2018-04-10,Giấy phép chính thức (ABEI - Bộ TT&TT),520/QĐ-BTTTT,valid,https://giayphep.abei.gov.vn/
3q.vsgame.vn,CÔNG TY CỔ PHẦN VISION GAME,QUYẾT ĐỊNH PHÁT HÀNH TRÒ CHƠI ĐIỆN TỬ G1 TRÊN MẠNG,2026-07-07,Giấy phép chính thức (ABEI - Bộ TT&TT),391/QĐ-PTTH&TTĐT,valid,https://giayphep.abei.gov.vn/
3qafk.mobiz.vn,CÔNG TY CỔ PHẦN MOBIZ,QUYẾT ĐỊNH PHÁT HÀNH TRÒ CHƠI ĐIỆN TỬ G1 TRÊN MẠNG,2020-12-04,Giấy phép chính thức (ABEI - Bộ TT&TT),2141/QĐ-BTTTT,valid,https://giayphep.abei.gov.vn/
3qbavuong.vn,CÔNG TY TNHH SOHA,QUYẾT ĐỊNH PHÁT HÀNH TRÒ CHƠI ĐIỆN TỬ G1 TRÊN MẠNG,2020-07-14,Giấy phép chính thức (ABEI - Bộ TT&TT),1182 /QĐ-BTTTT,valid,https://giayphep.abei.gov.vn/
3qcccc.mocgame.vn,CÔNG TY CỔ PHẦN TRÒ CHƠI MỘC,QUYẾT ĐỊNH PHÁT HÀNH TRÒ CHƠI ĐIỆN TỬ G1 TRÊN MẠNG,2024-05-31,Giấy phép chính thức (ABEI - Bộ TT&TT),891/QĐ-BTTTT,invalid,https://giayphep.abei.gov.vn/
3qchayngaydi.vn,CÔNG TY TNHH SOHA,QUYẾT ĐỊNH PHÁT HÀNH TRÒ CHƠI ĐIỆN TỬ G1 TRÊN MẠNG,2019-09-30,Giấy phép chính thức (ABEI - Bộ TT&TT),1601 /QĐ-BTTTT,valid,https://giayphep.abei.gov.vn/
3qchess.sohagame.vn,CÔNG TY TNHH SOHA ,QUYẾT ĐỊNH PHÁT HÀNH TRÒ CHƠI ĐIỆN TỬ G1 TRÊN MẠNG,2025-10-16,Giấy phép chính thức (ABEI - Bộ TT&TT),461/QĐ-PTTH&TTĐT,valid,https://giayphep.abei.gov.vn/
3qchienchien.vn,CÔNG TY CỔ PHẦN VCCORP,QUYẾT ĐỊNH PHÁT HÀNH TRÒ CHƠI ĐIỆN TỬ G1 TRÊN MẠNG,2024-03-26,Giấy phép chính thức (ABEI - Bộ TT&TT),387/QĐ-BTTTT,invalid,https://giayphep.abei.gov.vn/
3qchiendi.vn,CÔNG TY TNHH SOHA ,QUYẾT ĐỊNH PHÁT HÀNH TRÒ CHƠI ĐIỆN TỬ G1 TRÊN MẠNG,2024-10-29,Giấy phép chính thức (ABEI - Bộ TT&TT),1864 /QĐ-BTTTT,valid,https://giayphep.abei.gov.vn/
3qchiendia.vn,CÔNG TY TNHH SOHA,QUYẾT ĐỊNH PHÁT HÀNH TRÒ CHƠI ĐIỆN TỬ G1 TRÊN MẠNG,2024-10-29,Giấy phép chính thức (ABEI - Bộ TT&TT),1864/QĐ-BTTTT,valid,https://giayphep.abei.gov.vn/
3qct.tptgame.vn,CÔNG TY TNHH TPT ONLINE,QUYẾT ĐỊNH PHÁT HÀNH TRÒ CHƠI ĐIỆN TỬ G1 TRÊN MẠNG,2020-08-10,Giấy phép chính thức (ABEI - Bộ TT&TT),1368/QĐ-BTTTT,valid,https://giayphep.abei.gov.vn/
3qdauphao.vn,CÔNG TY TNHH SOHA,QUYẾT ĐỊNH PHÁT HÀNH TRÒ CHƠI ĐIỆN TỬ G1 TRÊN MẠNG,2024-10-29,Giấy phép chính thức (ABEI - Bộ TT&TT),1860/QĐ-BTTTT,valid,https://giayphep.abei.gov.vn/
3qgoituongdi.568play.vn,CÔNG TY CỔ PHẦN GIẢI TRÍ 568E ,QUYẾT ĐỊNH PHÁT HÀNH TRÒ CHƠI ĐIỆN TỬ G1 TRÊN MẠNG,2026-05-05,Giấy phép chính thức (ABEI - Bộ TT&TT),219/QĐ-PTTH&TTĐT,valid,https://giayphep.abei.gov.vn/
3qgoituongdi.vn,CÔNG TY CỔ PHẦN GIẢI TRÍ 568E ,QUYẾT ĐỊNH PHÁT HÀNH TRÒ CHƠI ĐIỆN TỬ G1 TRÊN MẠNG,2026-05-05,Giấy phép chính thức (ABEI - Bộ TT&TT),219/QĐ-PTTH&TTĐT,valid,https://giayphep.abei.gov.vn/
3qlegend.playfun.vn,CÔNG TY CỔ PHẦN FUNTAP ,QUYẾT ĐỊNH PHÁT HÀNH TRÒ CHƠI ĐIỆN TỬ G1 TRÊN MẠNG,2023-11-01,Giấy phép chính thức (ABEI - Bộ TT&TT),2118/QĐ-BTTTT,valid,https://giayphep.abei.gov.vn/
3qphancong.lussom.vn,CÔNG TY TNHH LUSSOM,QUYẾT ĐỊNH PHÁT HÀNH TRÒ CHƠI ĐIỆN TỬ G1 TRÊN MẠNG,2020-04-27,Giấy phép chính thức (ABEI - Bộ TT&TT),742 /QĐ-BTTTT,valid,https://giayphep.abei.gov.vn/
3qsieuhung.vn,CÔNG TY TNHH SOHA,QUYẾT ĐỊNH PHÁT HÀNH TRÒ CHƠI ĐIỆN TỬ G1 TRÊN MẠNG,2022-11-08,Giấy phép chính thức (ABEI - Bộ TT&TT),2053/QĐ-BTTTT,valid,https://giayphep.abei.gov.vn/
3qsieulay.vn,CÔNG TY TNHH SOHA,QUYẾT ĐỊNH PHÁT HÀNH TRÒ CHƠI ĐIỆN TỬ G1 TRÊN MẠNG,2023-08-29,Giấy phép chính thức (ABEI - Bộ TT&TT),1674/QĐ-BTTTT,invalid,https://giayphep.abei.gov.vn/
3qthoikhong.playfun.vn,CÔNG TY CỔ PHẦN FUNTAP,QUYẾT ĐỊNH PHÁT HÀNH TRÒ CHƠI ĐIỆN TỬ G1 TRÊN MẠNG,2025-08-21,Giấy phép chính thức (ABEI - Bộ TT&TT),367 /QĐ-PTTH&TTĐT,valid,https://giayphep.abei.gov.vn/
3qtini.vn,CÔNG TY TNHH SOHA,QUYẾT ĐỊNH PHÁT HÀNH TRÒ CHƠI ĐIỆN TỬ G1 TRÊN MẠNG,2023-07-27,Giấy phép chính thức (ABEI - Bộ TT&TT),1392/QĐ-BTTTT,invalid,https://giayphep.abei.gov.vn/
3qtocbien.vn,CÔNG TY TNHH SOHA,QUYẾT ĐỊNH PHÁT HÀNH TRÒ CHƠI ĐIỆN TỬ G1 TRÊN MẠNG,2024-01-08,Giấy phép chính thức (ABEI - Bộ TT&TT),19/QĐ-BTTTT,invalid,https://giayphep.abei.gov.vn/
3qtt.vdcpay.vn,CÔNG TY CỔ PHẦN GMETA,QUYẾT ĐỊNH PHÁT HÀNH TRÒ CHƠI ĐIỆN TỬ G1 TRÊN MẠNG,2024-03-15,Giấy phép chính thức (ABEI - Bộ TT&TT),325/QĐ-BTTTT,invalid,https://giayphep.abei.gov.vn/
3qtzh.playfun.vn,CÔNG TY CỔ PHẦN FUNTAP ,QUYẾT ĐỊNH PHÁT HÀNH TRÒ CHƠI ĐIỆN TỬ G1 TRÊN MẠNG,2026-01-13,Giấy phép chính thức (ABEI - Bộ TT&TT),14/QĐ-PTTH&TTĐT,valid,https://giayphep.abei.gov.vn/
3quanlonghoi.playfun.vn,CÔNG TY CỔ PHẦN FUNTAP,QUYẾT ĐỊNH PHÁT HÀNH TRÒ CHƠI ĐIỆN TỬ G1 TRÊN MẠNG,2021-11-18,Giấy phép chính thức (ABEI - Bộ TT&TT),1848/QĐ-BTTTT,valid,https://giayphep.abei.gov.vn/
3qvl.vn,CÔNG TY CỔ PHẦN VGP,QUYẾT ĐỊNH PHÁT HÀNH TRÒ CHƠI ĐIỆN TỬ G1 TRÊN MẠNG,2018-02-09,Giấy phép chính thức (ABEI - Bộ TT&TT),205/QĐ-BTTTT,valid,https://giayphep.abei.gov.vn/
3qvosong.vn,CÔNG TY CỔ PHẦN ACE GAME,QUYẾT ĐỊNH PHÁT HÀNH TRÒ CHƠI ĐIỆN TỬ G1 TRÊN MẠNG,2022-11-16,Giấy phép chính thức (ABEI - Bộ TT&TT),2098/QĐ-BTTTT,invalid,https://giayphep.abei.gov.vn/
3tonline.vn,CÔNG TY CỔ PHẦN GIẢI TRÍ TRỰC TUYẾN 3T,QUYẾT ĐỊNH PHÁT HÀNH TRÒ CHƠI ĐIỆN TỬ G1 TRÊN MẠNG,2026-07-13,Giấy phép chính thức (ABEI - Bộ TT&TT),414/QĐ-PTTH&TTĐT,valid,https://giayphep.abei.gov.vn/
3truykich.vn,CÔNG TY TNHH GZONE MEDIA VIỆT NAM,QUYẾT ĐỊNH PHÁT HÀNH TRÒ CHƠI ĐIỆN TỬ G1 TRÊN MẠNG,2020-04-15,Giấy phép chính thức (ABEI - Bộ TT&TT),572/QĐ-BTTTT,valid,https://giayphep.abei.gov.vn/
4deyeu.vn,CÔNG TY TNHH SÁNG TẠO ĐA PHƯƠNG TIỆN,"GIẤY XÁC NHẬN THÔNG BÁO PHÁT HÀNH TRÒ CHƠI ĐIỆN TỬ G2,G3,G4",2018-08-30,Giấy phép chính thức (ABEI - Bộ TT&TT),222/GXN-PTTH&TTĐT,valid,https://giayphep.abei.gov.vn/
568e.vn,CÔNG TY CỔ PHẦN GIẢI TRÍ 568E ,QUYẾT ĐỊNH PHÁT HÀNH TRÒ CHƠI ĐIỆN TỬ G1 TRÊN MẠNG,2025-04-15,Giấy phép chính thức (ABEI - Bộ TT&TT),112/QĐ-PTTH&TTĐT,valid,https://giayphep.abei.gov.vn/
568e.vnguyễn,CÔNG TY CỔ PHẦN GIẢI TRÍ 568E,QUYẾT ĐỊNH PHÁT HÀNH TRÒ CHƠI ĐIỆN TỬ G1 TRÊN MẠNG,2024-12-23,Giấy phép chính thức (ABEI - Bộ TT&TT),2246/QĐ-BTTTT,invalid,https://giayphep.abei.gov.vn/
568play.vn,CÔNG TY CỔ PHẦN GIẢI TRÍ 568E ,QUYẾT ĐỊNH PHÁT HÀNH TRÒ CHƠI ĐIỆN TỬ G1 TRÊN MẠNG,2025-06-18,Giấy phép chính thức (ABEI - Bộ TT&TT),257/QĐ-PTTH&TTĐT,valid,https://giayphep.abei.gov.vn/
5game.vn,CÔNG TY CỔ PHẦN SMARTSCALE,QUYẾT ĐỊNH PHÁT HÀNH TRÒ CHƠI ĐIỆN TỬ G1 TRÊN MẠNG,2019-08-01,Giấy phép chính thức (ABEI - Bộ TT&TT),1173/QĐ-BTTTT,valid,https://giayphep.abei.gov.vn/
5gcloudgame.vn,CÔNG TY TNHH DELTA DIGITAL VIỆT NAM,"GIẤY XÁC NHẬN THÔNG BÁO PHÁT HÀNH TRÒ CHƠI ĐIỆN TỬ G2,G3,G4",2024-10-14,Giấy phép chính thức (ABEI - Bộ TT&TT),246/GXN-PTTH&TTĐT,valid,https://giayphep.abei.gov.vn/
5h30.vn,CÔNG TY CỔ PHẦN PHÁT TRIỂN TRUYỀN THÔNG VIETPRO,GIẤY PHÉP CUNG CẤP DỊCH VỤ MẠNG XÃ HỘI,2020-06-17,Giấy phép chính thức (ABEI - Bộ TT&TT),257/GP-BTTTT,valid,https://giayphep.abei.gov.vn/
60giay.com,CÔNG TY CỔ PHẦN THEANH 28 TALENT,GIẤY PHÉP CUNG CẤP DỊCH VỤ MẠNG XÃ HỘI,2024-08-27,Giấy phép chính thức (ABEI - Bộ TT&TT),228/GP-BTTTT,valid,https://giayphep.abei.gov.vn/
60giay.com.vn,CÔNG TY CỔ PHẦN THEANH 28 TALENT,GIẤY PHÉP CUNG CẤP DỊCH VỤ MẠNG XÃ HỘI,2024-08-27,Giấy phép chính thức (ABEI - Bộ TT&TT),228/GP-BTTTT,valid,https://giayphep.abei.gov.vn/
60shomnay.vn,CÔNG TY TNHH SMART PRO,GIẤY PHÉP CUNG CẤP DỊCH VỤ MẠNG XÃ HỘI,2024-07-23,Giấy phép chính thức (ABEI - Bộ TT&TT),201/GP-BTTTT,valid,https://giayphep.abei.gov.vn/
7dragon.vn,CÔNG TY CỔ PHẦN TEPAYLINK ,QUYẾT ĐỊNH PHÁT HÀNH TRÒ CHƠI ĐIỆN TỬ G1 TRÊN MẠNG,2026-02-13,Giấy phép chính thức (ABEI - Bộ TT&TT),87/QĐ-PTTH&TTĐT,valid,https://giayphep.abei.gov.vn/
7empires.boardcraftonline.vn,Công ty TNHH ZingPlay Việt Nam,QUYẾT ĐỊNH PHÁT HÀNH TRÒ CHƠI ĐIỆN TỬ G1 TRÊN MẠNG,2026-03-12,Giấy phép chính thức (ABEI - Bộ TT&TT),124/QĐ-PTTH&TTĐT,valid,https://giayphep.abei.gov.vn/
8friend.vn,CÔNG TY CỔ PHẦN TRUYỀN THÔNG SÁNG,GIẤY PHÉP CUNG CẤP DỊCH VỤ MẠNG XÃ HỘI,2020-04-20,Giấy phép chính thức (ABEI - Bộ TT&TT),164/GP-BTTTT,valid,https://giayphep.abei.gov.vn/
989me.vn,CÔNG TY TNHH KỸ THUẬT ĐIỆN VÀ CƠ KHÍ 989,GIẤY PHÉP CUNG CẤP DỊCH VỤ MẠNG XÃ HỘI,2017-04-14,Giấy phép chính thức (ABEI - Bộ TT&TT),149/GP-BTTTT,valid,https://giayphep.abei.gov.vn/
9d.dzogame.vn,CÔNG TY TNHH CHÂU Á MỀM,QUYẾT ĐỊNH PHÁT HÀNH TRÒ CHƠI ĐIỆN TỬ G1 TRÊN MẠNG,2021-01-21,Giấy phép chính thức (ABEI - Bộ TT&TT),71/QĐ-BTTTT,valid,https://giayphep.abei.gov.vn/
9dtruyenky2.vn,CÔNG TY CỔ PHẦN TRỰC TUYẾN DUO,QUYẾT ĐỊNH PHÁT HÀNH TRÒ CHƠI ĐIỆN TỬ G1 TRÊN MẠNG,2023-05-15,Giấy phép chính thức (ABEI - Bộ TT&TT),833/QĐ-BTTTT,valid,https://giayphep.abei.gov.vn/
9gate.vn,CÔNG TY TNHH GIẢI TRÍ SỐ 9 VIỆT NAM,GIẤY PHÉP CUNG CẤP DỊCH VỤ MẠNG XÃ HỘI,2020-03-11,Giấy phép chính thức (ABEI - Bộ TT&TT),93/GP-BTTTT,valid,https://giayphep.abei.gov.vn/
9play.com.vn,CÔNG TY CỔ PHẦN 9PLAY ,QUYẾT ĐỊNH PHÁT HÀNH TRÒ CHƠI ĐIỆN TỬ G1 TRÊN MẠNG,2026-02-06,Giấy phép chính thức (ABEI - Bộ TT&TT),52/QĐ-PTTH&TTĐT,valid,https://giayphep.abei.gov.vn/
9play.n,CÔNG TY CỔ PHẦN 9PLAY,QUYẾT ĐỊNH PHÁT HÀNH TRÒ CHƠI ĐIỆN TỬ G1 TRÊN MẠNG,2023-04-26,Giấy phép chính thức (ABEI - Bộ TT&TT),721/QĐ-BTTTT,valid,https://giayphep.abei.gov.vn/
9play.vn,CÔNG TY CỔ PHẦN 9PLAY ,QUYẾT ĐỊNH PHÁT HÀNH TRÒ CHƠI ĐIỆN TỬ G1 TRÊN MẠNG,2025-06-30,Giấy phép chính thức (ABEI - Bộ TT&TT),301/QĐ-PTTH&TTĐT,valid,https://giayphep.abei.gov.vn/
abei.gov.vn,"CỤC PHÁT THANH, TRUYỀN HÌNH VÀ THÔNG TIN ĐIỆN TỬ",GIẤY PHÉP THIẾT LẬP TRANG THÔNG TIN ĐIỆN TỬ TỔNG HỢP,2016-05-12,Giấy phép chính thức (ABEI - Bộ TT&TT),48/GP-BTTTT,valid,https://giayphep.abei.gov.vn/
abei.vn,"CỤC PHÁT THANH, TRUYỀN HÌNH VÀ THÔNG TIN ĐIỆN TỬ",GIẤY PHÉP THIẾT LẬP TRANG THÔNG TIN ĐIỆN TỬ TỔNG HỢP,2016-05-12,Giấy phép chính thức (ABEI - Bộ TT&TT),48/GP-BTTTT,valid,https://giayphep.abei.gov.vn/
abrandgame.com,CÔNG TY TNHH LAVA DIGITAL,"GIẤY XÁC NHẬN THÔNG BÁO PHÁT HÀNH TRÒ CHƠI ĐIỆN TỬ G2,G3,G4",2022-07-08,Giấy phép chính thức (ABEI - Bộ TT&TT),85/GXN-PTTH&TTĐT,valid,https://giayphep.abei.gov.vn/
abwealth.vn,CÔNG TY CỔ PHẦN CHỨNG KHOÁN AN BÌNH,GIẤY PHÉP CUNG CẤP DỊCH VỤ MẠNG XÃ HỘI,2023-10-25,Giấy phép chính thức (ABEI - Bộ TT&TT),403/GP-BTTTT,valid,https://giayphep.abei.gov.vn/
ac3q.zoneplay.vn,CÔNG TY TNHH GZONE MEDIA VIỆT NAM,QUYẾT ĐỊNH PHÁT HÀNH TRÒ CHƠI ĐIỆN TỬ G1 TRÊN MẠNG,2022-02-25,Giấy phép chính thức (ABEI - Bộ TT&TT),357/QĐ-BTTTT,invalid,https://giayphep.abei.gov.vn/
acegame.vn,CÔNG TY CỔ PHẦN ACE GAME,QUYẾT ĐỊNH PHÁT HÀNH TRÒ CHƠI ĐIỆN TỬ G1 TRÊN MẠNG,2022-09-30,Giấy phép chính thức (ABEI - Bộ TT&TT),1841/QĐ-BTTTT,valid,https://giayphep.abei.gov.vn/
acenoria.vn,CÔNG TY TNHH CYEB ENDEAVOR,QUYẾT ĐỊNH PHÁT HÀNH TRÒ CHƠI ĐIỆN TỬ G1 TRÊN MẠNG,2026-05-15,Giấy phép chính thức (ABEI - Bộ TT&TT),249/QĐ-PTTH&TTĐT,valid,https://giayphep.abei.gov.vn/
aceplay.vn,CÔNG TY CỔ PHẦN ACE GAME ,QUYẾT ĐỊNH PHÁT HÀNH TRÒ CHƠI ĐIỆN TỬ G1 TRÊN MẠNG,2025-05-16,Giấy phép chính thức (ABEI - Bộ TT&TT),179/QĐ-PTTH&TTĐT,valid,https://giayphep.abei.gov.vn/
aceracer.playfun.vn,CÔNG TY CỔ PHẦN PHÁT TRIỂN CÔNG NGHỆ SỐ HỒNG HÀ,QUYẾT ĐỊNH PHÁT HÀNH TRÒ CHƠI ĐIỆN TỬ G1 TRÊN MẠNG,2023-10-09,Giấy phép chính thức (ABEI - Bộ TT&TT),1917/QĐ-BTTTT,valid,https://giayphep.abei.gov.vn/
acf.org.vn,QUỸ CHỐNG HÀNG GIẢ,GIẤY PHÉP THIẾT LẬP TRANG THÔNG TIN ĐIỆN TỬ TỔNG HỢP,2016-06-03,Giấy phép chính thức (ABEI - Bộ TT&TT),53/GPSĐBS-TTĐT,invalid,https://giayphep.abei.gov.vn/
adg.notagames.vn,CÔNG TY CỔ PHẦN CÔNG NGHỆ NOTA VIỆT NAM,QUYẾT ĐỊNH PHÁT HÀNH TRÒ CHƠI ĐIỆN TỬ G1 TRÊN MẠNG,2023-05-11,Giấy phép chính thức (ABEI - Bộ TT&TT),800/QĐ-BTTTT,valid,https://giayphep.abei.gov.vn/
adnx.vn,CÔNG TY CỔ PHẦN ADNX ,QUYẾT ĐỊNH PHÁT HÀNH TRÒ CHƠI ĐIỆN TỬ G1 TRÊN MẠNG,2026-07-08,Giấy phép chính thức (ABEI - Bộ TT&TT),405/QĐ-PTTH&TTĐT,valid,https://giayphep.abei.gov.vn/
adnxgames.vn,CÔNG TY CỔ PHẦN ADNX,QUYẾT ĐỊNH PHÁT HÀNH TRÒ CHƠI ĐIỆN TỬ G1 TRÊN MẠNG,2021-05-18,Giấy phép chính thức (ABEI - Bộ TT&TT),674/QĐ-BTTTT,invalid,https://giayphep.abei.gov.vn/
adox.vn,CÔNG TY CỔ PHẦN ADNX,QUYẾT ĐỊNH PHÁT HÀNH TRÒ CHƠI ĐIỆN TỬ G1 TRÊN MẠNG,2022-06-02,Giấy phép chính thức (ABEI - Bộ TT&TT),1016/QĐ-BTTTT,valid,https://giayphep.abei.gov.vn/
advertising.net.vn,CÔNG TY CỔ PHẦN VINAMA HOLDING,GIẤY PHÉP CUNG CẤP DỊCH VỤ MẠNG XÃ HỘI,2026-03-26,Giấy phép chính thức (ABEI - Bộ TT&TT),43/GP-BVHTTDL,valid,https://giayphep.abei.gov.vn/
advertisingvietnam.com,CÔNG TY TNHH ADVERTISING VIETNAM,GIẤY PHÉP CUNG CẤP DỊCH VỤ MẠNG XÃ HỘI,2020-09-17,Giấy phép chính thức (ABEI - Bộ TT&TT),398/GP-BTTTT,valid,https://giayphep.abei.gov.vn/
advertisingvietnam.vn,CÔNG TY TNHH ADVERTISING VIETNAM,GIẤY PHÉP CUNG CẤP DỊCH VỤ MẠNG XÃ HỘI,2020-09-17,Giấy phép chính thức (ABEI - Bộ TT&TT),398/GP-BTTTT,valid,https://giayphep.abei.gov.vn/
aes.edu.vn,Công ty Cổ phần Công nghệ giáo dục AES,GIẤY XÁC NHẬN THÔNG BÁO CUNG CẤP DỊCH VỤ MẠNG XÃ HỘI,2025-04-17,Giấy phép chính thức (ABEI - Bộ TT&TT),62 /GXN-PTTH&TTĐT,valid,https://giayphep.abei.gov.vn/
afk.vgplay.vn,CÔNG TY CỔ PHẦN VGP,QUYẾT ĐỊNH PHÁT HÀNH TRÒ CHƠI ĐIỆN TỬ G1 TRÊN MẠNG,2021-05-13,Giấy phép chính thức (ABEI - Bộ TT&TT),646 /QĐ-BTTTT,valid,https://giayphep.abei.gov.vn/
afkcotich.vn,CÔNG TY TNHH SOHA,QUYẾT ĐỊNH PHÁT HÀNH TRÒ CHƠI ĐIỆN TỬ G1 TRÊN MẠNG,2023-09-25,Giấy phép chính thức (ABEI - Bộ TT&TT),1835/QĐ-BTTTT,valid,https://giayphep.abei.gov.vn/
afkmobi.vn,CÔNG TY CỔ PHẦN DỊCH VỤ TRỰC TUYẾN AFK,GIẤY PHÉP CUNG CẤP DỊCH VỤ MẠNG XÃ HỘI,2021-08-30,Giấy phép chính thức (ABEI - Bộ TT&TT),564/GP-BTTTT,valid,https://giayphep.abei.gov.vn/
ageofapes.hhgame.vn,CÔNG TY CỔ PHẦN PHÁT TRIỂN CÔNG NGHỆ SỐ HỒNG HÀ,QUYẾT ĐỊNH PHÁT HÀNH TRÒ CHƠI ĐIỆN TỬ G1 TRÊN MẠNG,2024-07-26,Giấy phép chính thức (ABEI - Bộ TT&TT),1203/QĐ-BTTTT,valid,https://giayphep.abei.gov.vn/
ageofdevil.tbgame.vn,CÔNG TY TNHH TRÒ CHƠI TRỰC TUYẾN THIENBAO,QUYẾT ĐỊNH PHÁT HÀNH TRÒ CHƠI ĐIỆN TỬ G1 TRÊN MẠNG,2021-01-11,Giấy phép chính thức (ABEI - Bộ TT&TT),19/QĐ-BTTTT,valid,https://giayphep.abei.gov.vn/
agigame.vn,CÔNG TY TNHH AGIT VINA,"GIẤY XÁC NHẬN THÔNG BÁO PHÁT HÀNH TRÒ CHƠI ĐIỆN TỬ G2,G3,G4",2020-02-14,Giấy phép chính thức (ABEI - Bộ TT&TT),12/GXN-PTTH&TTĐT,valid,https://giayphep.abei.gov.vn/
agis.vn,CÔNG TY CỔ PHẦN PHÁT TRIỂN TRÒ CHƠI VÀ GIẢI PHÁP CÔNG NGHỆ,QUYẾT ĐỊNH PHÁT HÀNH TRÒ CHƠI ĐIỆN TỬ G1 TRÊN MẠNG,2017-07-10,Giấy phép chính thức (ABEI - Bộ TT&TT),1124/QĐ-BTTTT,valid,https://giayphep.abei.gov.vn/
agribank.com.vn,NGÂN HÀNG NÔNG NGHIỆP VÀ PHÁT TRIỂN NÔNG THÔN VIỆT NAM (AGRIBANK),GIẤY PHÉP THIẾT LẬP TRANG THÔNG TIN ĐIỆN TỬ TỔNG HỢP,2021-10-05,Giấy phép chính thức (ABEI - Bộ TT&TT),172/GP-TTĐT,valid,https://giayphep.abei.gov.vn/
agriculture.vn,CÔNG TY CỔ PHẦN QUẢNG CÁO SHOJIKI,GIẤY PHÉP CUNG CẤP DỊCH VỤ MẠNG XÃ HỘI,2019-05-29,Giấy phép chính thức (ABEI - Bộ TT&TT),213/GP-BTTTT,valid,https://giayphep.abei.gov.vn/
ah.dzogame.vn,CÔNG TY TNHH DZOGAME,QUYẾT ĐỊNH PHÁT HÀNH TRÒ CHƠI ĐIỆN TỬ G1 TRÊN MẠNG,2023-09-06,Giấy phép chính thức (ABEI - Bộ TT&TT),1720/QĐ-BTTTT,valid,https://giayphep.abei.gov.vn/
ahbb.gtv.vn,CÔNG TY CỔ PHẦN CÔNG NGHỆ GTV VIỆT NAM,QUYẾT ĐỊNH PHÁT HÀNH TRÒ CHƠI ĐIỆN TỬ G1 TRÊN MẠNG,2020-09-11,Giấy phép chính thức (ABEI - Bộ TT&TT),1552/QĐ-BTTTT,valid,https://giayphep.abei.gov.vn/
ahcd.vtcgame.vn,CÔNG TY VTC CÔNG NGHỆ VÀ NỘI DUNG SỐ,"GIẤY XÁC NHẬN THÔNG BÁO PHÁT HÀNH TRÒ CHƠI ĐIỆN TỬ G2,G3,G4",2023-03-31,Giấy phép chính thức (ABEI - Bộ TT&TT),42/GXN-PTTH&TTĐT,valid,https://giayphep.abei.gov.vn/
ahtq.esgroup.vn,CÔNG TY CỔ PHẦN ES GAME,QUYẾT ĐỊNH PHÁT HÀNH TRÒ CHƠI ĐIỆN TỬ G1 TRÊN MẠNG,2021-10-08,Giấy phép chính thức (ABEI - Bộ TT&TT),1542/QĐ-BTTTT,valid,https://giayphep.abei.gov.vn/
ahtt.zoneplay.vn,CÔNG TY CỔ PHẦN GZONE MEDIA VIỆT NAM,QUYẾT ĐỊNH PHÁT HÀNH TRÒ CHƠI ĐIỆN TỬ G1 TRÊN MẠNG,2024-06-04,Giấy phép chính thức (ABEI - Bộ TT&TT),914/QĐ-BTTTT,valid,https://giayphep.abei.gov.vn/
ahvl.1618play.vn,CÔNG TY TNHH 1618PLAY,QUYẾT ĐỊNH PHÁT HÀNH TRÒ CHƠI ĐIỆN TỬ G1 TRÊN MẠNG,2017-10-12,Giấy phép chính thức (ABEI - Bộ TT&TT),1728/QĐ-BTTTT,valid,https://giayphep.abei.gov.vn/
ahxd.gamota.com,CÔNG TY CỔ PHẦN GAMOTA,QUYẾT ĐỊNH PHÁT HÀNH TRÒ CHƠI ĐIỆN TỬ G1 TRÊN MẠNG,2018-01-12,Giấy phép chính thức (ABEI - Bộ TT&TT),35/QĐ-BTTTT,valid,https://giayphep.abei.gov.vn/
aihay.vn,CÔNG TY CỔ PHẦN CÔNG NGHỆ FIRST AI,GIẤY PHÉP CUNG CẤP DỊCH VỤ MẠNG XÃ HỘI,2024-06-26,Giấy phép chính thức (ABEI - Bộ TT&TT),165/GP-BTTTT,valid,https://giayphep.abei.gov.vn/
ailaminhchu.vgplay.vn,CÔNG TY CỔ PHẦN VGP,QUYẾT ĐỊNH PHÁT HÀNH TRÒ CHƠI ĐIỆN TỬ G1 TRÊN MẠNG,2022-12-20,Giấy phép chính thức (ABEI - Bộ TT&TT),2355/QĐ-BTTTT,valid,https://giayphep.abei.gov.vn/
aiogame.vn,CÔNG TY TNHH CÔNG NGHỆ AIOGAME,QUYẾT ĐỊNH PHÁT HÀNH TRÒ CHƠI ĐIỆN TỬ G1 TRÊN MẠNG,2026-07-16,Giấy phép chính thức (ABEI - Bộ TT&TT),420/QĐ-PTTH&TTĐT,valid,https://giayphep.abei.gov.vn/
airinu.com,CÔNG TY TNHH AIRINU VIỆT NAM,GIẤY PHÉP CUNG CẤP DỊCH VỤ MẠNG XÃ HỘI,2019-09-26,Giấy phép chính thức (ABEI - Bộ TT&TT),407/GP-BTTTT,valid,https://giayphep.abei.gov.vn/
airinu.com.vn,CÔNG TY TNHH AIRINU VIỆT NAM,GIẤY PHÉP CUNG CẤP DỊCH VỤ MẠNG XÃ HỘI,2019-09-26,Giấy phép chính thức (ABEI - Bộ TT&TT),407/GP-BTTTT,valid,https://giayphep.abei.gov.vn/
airinu.vn,CÔNG TY TNHH AIRINU VIỆT NAM,GIẤY PHÉP CUNG CẤP DỊCH VỤ MẠNG XÃ HỘI,2019-09-26,Giấy phép chính thức (ABEI - Bộ TT&TT),407/GP-BTTTT,valid,https://giayphep.abei.gov.vn/
ais.gov.vn,CỤC AN TOÀN THÔNG TIN,GIẤY PHÉP THIẾT LẬP TRANG THÔNG TIN ĐIỆN TỬ TỔNG HỢP,2016-04-25,Giấy phép chính thức (ABEI - Bộ TT&TT),38/GP-BTTTT,valid,https://giayphep.abei.gov.vn/
aisport.vn,CÔNG TY TNHH WORLD WAVE CULTURE TECHNOLOGY,GIẤY PHÉP CUNG CẤP DỊCH VỤ MẠNG XÃ HỘI,2024-09-19,Giấy phép chính thức (ABEI - Bộ TT&TT),271/GP-BTTTT,valid,https://giayphep.abei.gov.vn/
aiteacher.vn,CÔNG TY CỔ PHẦN EDULIVE TOÀN CẦU,GIẤY PHÉP CUNG CẤP DỊCH VỤ MẠNG XÃ HỘI,2024-11-30,Giấy phép chính thức (ABEI - Bộ TT&TT),351/GP-BTTTT,valid,https://giayphep.abei.gov.vn/
aiwi.vn,CÔNG TY TNHH CÔNG NGHỆ VÀ THÔNG TIN AIWI VIỆT NAM,QUYẾT ĐỊNH PHÁT HÀNH TRÒ CHƠI ĐIỆN TỬ G1 TRÊN MẠNG,2019-08-07,Giấy phép chính thức (ABEI - Bộ TT&TT),1248 /QĐ-BTTTT,valid,https://giayphep.abei.gov.vn/
aiya.vn,CÔNG TY TNHH HÀNG VIỆT NAM CHẤT LƯỢNG CAO,GIẤY PHÉP CUNG CẤP DỊCH VỤ MẠNG XÃ HỘI,2019-12-13,Giấy phép chính thức (ABEI - Bộ TT&TT),548/GP-BTTTT,invalid,https://giayphep.abei.gov.vn/
al.vsgame.vn,CÔNG TY CỔ PHẦN VISION GAME,QUYẾT ĐỊNH PHÁT HÀNH TRÒ CHƠI ĐIỆN TỬ G1 TRÊN MẠNG,2024-06-05,Giấy phép chính thức (ABEI - Bộ TT&TT),922/QĐ-BTTTT,valid,https://giayphep.abei.gov.vn/
aleale.com.vn,CÔNG TY TNHH TƯ VẤN VÀ SỞ HỮU TRÍ TUỆ HOÀNG PHI,GIẤY PHÉP CUNG CẤP DỊCH VỤ MẠNG XÃ HỘI,2020-07-31,Giấy phép chính thức (ABEI - Bộ TT&TT),334/GP-BTTTT,valid,https://giayphep.abei.gov.vn/
aliens.vn,CÔNG TY TNHH CÔNG NGHỆ GIẢI TRÍ ALIEN,QUYẾT ĐỊNH PHÁT HÀNH TRÒ CHƠI ĐIỆN TỬ G1 TRÊN MẠNG,2023-11-21,Giấy phép chính thức (ABEI - Bộ TT&TT),2295/QĐ-BTTTT,valid,https://giayphep.abei.gov.vn/
alivar.vn,CÔNG TY CỔ PHẦN INDIMAX,GIẤY PHÉP CUNG CẤP DỊCH VỤ MẠNG XÃ HỘI,2019-10-08,Giấy phép chính thức (ABEI - Bộ TT&TT),426/GP-BTTTT,valid,https://giayphep.abei.gov.vn/
alivarmagazine.vn,TẠP CHÍ TIẾP THỊ VÀ GIA ĐÌNH,GIẤY PHÉP THIẾT LẬP TRANG THÔNG TIN ĐIỆN TỬ TỔNG HỢP,2019-08-13,Giấy phép chính thức (ABEI - Bộ TT&TT),150/GP-TTĐT,invalid,https://giayphep.abei.gov.vn/
alive.com.vn,CÔNG TY CỔ PHẦN ALIVE ENTERTAINMENT,QUYẾT ĐỊNH PHÁT HÀNH TRÒ CHƠI ĐIỆN TỬ G1 TRÊN MẠNG,2019-12-03,Giấy phép chính thức (ABEI - Bộ TT&TT),2101/QĐ-BTTTT,valid,https://giayphep.abei.gov.vn/
alive.vn,CÔNG TY TNHH ALIVE,GIẤY PHÉP CUNG CẤP DỊCH VỤ MẠNG XÃ HỘI,2021-03-24,Giấy phép chính thức (ABEI - Bộ TT&TT),173/GP-BTTTT,valid,https://giayphep.abei.gov.vn/
alobook.vn,CÔNG TY CỔ PHẦN CÔNG NGHỆ TRUYỀN THÔNG TÂN PHONG,GIẤY PHÉP CUNG CẤP DỊCH VỤ MẠNG XÃ HỘI,2021-07-16,Giấy phép chính thức (ABEI - Bộ TT&TT),444/GP-BTTTT,valid,https://giayphep.abei.gov.vn/
alochutuong.gamota.com,CÔNG TY CỔ PHẦN GAMOTA,QUYẾT ĐỊNH PHÁT HÀNH TRÒ CHƠI ĐIỆN TỬ G1 TRÊN MẠNG,2023-02-06,Giấy phép chính thức (ABEI - Bộ TT&TT),113/QĐ-BTTTT,invalid,https://giayphep.abei.gov.vn/
alogame.vn,CÔNG TY CỔ PHẦN CÔNG NGHỆ SỐ ALO,QUYẾT ĐỊNH PHÁT HÀNH TRÒ CHƠI ĐIỆN TỬ G1 TRÊN MẠNG,2026-06-23,Giấy phép chính thức (ABEI - Bộ TT&TT),365 /QĐ-PTTH&TTĐT,valid,https://giayphep.abei.gov.vn/
alome.vn,CÔNG TY CỔ PHẦN BẠCH MINH,GIẤY PHÉP CUNG CẤP DỊCH VỤ MẠNG XÃ HỘI,2017-10-02,Giấy phép chính thức (ABEI - Bộ TT&TT),479/GP-BTTTT,invalid,https://giayphep.abei.gov.vn/
alomuabannhadat.vn,CÔNG TY TNHH QUẢNG CÁO SÁNG TẠO TIẾP THỊ ĐIỂM,GIẤY PHÉP CUNG CẤP DỊCH VỤ MẠNG XÃ HỘI,2017-11-08,Giấy phép chính thức (ABEI - Bộ TT&TT),555/GP-BTTTT,valid,https://giayphep.abei.gov.vn/
alongokhong.vn,CÔNG TY CỔ PHẦN VTC DỊCH VỤ DI ĐỘNG,QUYẾT ĐỊNH PHÁT HÀNH TRÒ CHƠI ĐIỆN TỬ G1 TRÊN MẠNG,2024-02-06,Giấy phép chính thức (ABEI - Bộ TT&TT),161/QĐ-BTTTT,invalid,https://giayphep.abei.gov.vn/
alothethao.com.vn,CÔNG TY TNHH TRUYỀN THÔNG THỂ THAO IGC,GIẤY PHÉP CUNG CẤP DỊCH VỤ MẠNG XÃ HỘI,2020-12-07,Giấy phép chính thức (ABEI - Bộ TT&TT),567/GP-BTTTT,valid,https://giayphep.abei.gov.vn/
alothethao.vn,CÔNG TY TNHH TRUYỀN THÔNG THỂ THAO IGC,GIẤY PHÉP CUNG CẤP DỊCH VỤ MẠNG XÃ HỘI,2020-12-07,Giấy phép chính thức (ABEI - Bộ TT&TT),567/GP-BTTTT,valid,https://giayphep.abei.gov.vn/
alotutiendi.playfun.vn,CÔNG TY CỔ PHẦN FUNTAP,QUYẾT ĐỊNH PHÁT HÀNH TRÒ CHƠI ĐIỆN TỬ G1 TRÊN MẠNG,2024-07-02,Giấy phép chính thức (ABEI - Bộ TT&TT),1111 /QĐ-BTTTT,valid,https://giayphep.abei.gov.vn/
am.teamobi.com.vn,CÔNG TY TNHH TEAMOBI,QUYẾT ĐỊNH PHÁT HÀNH TRÒ CHƠI ĐIỆN TỬ G1 TRÊN MẠNG,2016-01-04,Giấy phép chính thức (ABEI - Bộ TT&TT),01/QĐ-BTTTT,invalid,https://giayphep.abei.gov.vn/
amazinggame.com.vn,CÔNG TY TNHH CÔNG NGHỆ VÀ DỊCH VỤ TRUYỀN THÔNG - 2FMEDIA,"GIẤY XÁC NHẬN THÔNG BÁO PHÁT HÀNH TRÒ CHƠI ĐIỆN TỬ G2,G3,G4",2023-04-07,Giấy phép chính thức (ABEI - Bộ TT&TT),46/GXN-PTTH&TTĐT,valid,https://giayphep.abei.gov.vn/
amduongkiem.vn,CÔNG TY CỔ PHẦN FUNTAP,QUYẾT ĐỊNH PHÁT HÀNH TRÒ CHƠI ĐIỆN TỬ G1 TRÊN MẠNG,2020-01-11,Giấy phép chính thức (ABEI - Bộ TT&TT),89 /QĐ-BTTTT,valid,https://giayphep.abei.gov.vn/
amduongsu.vn,CÔNG TY TNHH DỊCH VỤ PHẦN MỀM BÌNH MINH,QUYẾT ĐỊNH PHÁT HÀNH TRÒ CHƠI ĐIỆN TỬ G1 TRÊN MẠNG,2017-11-10,Giấy phép chính thức (ABEI - Bộ TT&TT),1955/QĐ-BTTTT,invalid,https://giayphep.abei.gov.vn/
americastoday.com.vn,TẠP CHÍ CHÂU MỸ NGÀY NAY,GIẤY PHÉP THIẾT LẬP TRANG THÔNG TIN ĐIỆN TỬ TỔNG HỢP,2020-12-31,Giấy phép chính thức (ABEI - Bộ TT&TT),251/GP-TTĐT,invalid,https://giayphep.abei.gov.vn/
amesh.vn,TẠP CHÍ NGHIÊN CỨU CHÂU PHI VÀ TRUNG ĐÔNG,GIẤY PHÉP THIẾT LẬP TRANG THÔNG TIN ĐIỆN TỬ TỔNG HỢP,2020-12-24,Giấy phép chính thức (ABEI - Bộ TT&TT),245/GP-TTĐT,valid,https://giayphep.abei.gov.vn/
ams.net.vn,CÔNG TY CỔ PHẦN AMS,"GIẤY XÁC NHẬN THÔNG BÁO PHÁT HÀNH TRÒ CHƠI ĐIỆN TỬ G2,G3,G4",2018-12-28,Giấy phép chính thức (ABEI - Bộ TT&TT),327/GXN-PTTH&TTĐT,valid,https://giayphep.abei.gov.vn/
anchay.tv,CÔNG TY TNHH HIT GROUP,GIẤY PHÉP CUNG CẤP DỊCH VỤ MẠNG XÃ HỘI,2024-01-10,Giấy phép chính thức (ABEI - Bộ TT&TT),10/GP-BTTTT,valid,https://giayphep.abei.gov.vn/
anhhung.teamobi.com.vn,CÔNG TY TNHH TEAMOBI,QUYẾT ĐỊNH PHÁT HÀNH TRÒ CHƠI ĐIỆN TỬ G1 TRÊN MẠNG,2018-04-02,Giấy phép chính thức (ABEI - Bộ TT&TT),458/QĐ-BTTTT,invalid,https://giayphep.abei.gov.vn/
anhhungcmn.vn,CÔNG TY CỔ PHẦN TRỰC TUYẾN CMN VIỆT NAM ,QUYẾT ĐỊNH PHÁT HÀNH TRÒ CHƠI ĐIỆN TỬ G1 TRÊN MẠNG,2026-02-12,Giấy phép chính thức (ABEI - Bộ TT&TT),77/QĐ-PTTH&TTĐT,valid,https://giayphep.abei.gov.vn/
anhhungpixel.weplayz.com,CÔNG TY TNHH PHẦN MỀM WEPLAY,QUYẾT ĐỊNH PHÁT HÀNH TRÒ CHƠI ĐIỆN TỬ G1 TRÊN MẠNG,2024-12-10,Giấy phép chính thức (ABEI - Bộ TT&TT),2165/QĐ-BTTTT,valid,https://giayphep.abei.gov.vn/
anhkiem3d.vn,CÔNG TY TNHH SOHA,QUYẾT ĐỊNH PHÁT HÀNH TRÒ CHƠI ĐIỆN TỬ G1 TRÊN MẠNG,2020-06-30,Giấy phép chính thức (ABEI - Bộ TT&TT),1080 /QĐ-BTTTT,valid,https://giayphep.abei.gov.vn/
anhkiet3q.cmn.vn,CÔNG TY CỔ PHẦN TRỰC TUYẾN CMN VIỆT NAM ,QUYẾT ĐỊNH PHÁT HÀNH TRÒ CHƠI ĐIỆN TỬ G1 TRÊN MẠNG,2026-02-12,Giấy phép chính thức (ABEI - Bộ TT&TT),76/QĐ-PTTH&TTĐT,valid,https://giayphep.abei.gov.vn/
anhkiet3q.vn,CÔNG TY CỔ PHẦN TRỰC TUYẾN CMN VIỆT NAM ,QUYẾT ĐỊNH PHÁT HÀNH TRÒ CHƠI ĐIỆN TỬ G1 TRÊN MẠNG,2026-02-12,Giấy phép chính thức (ABEI - Bộ TT&TT),76/QĐ-PTTH&TTĐT,valid,https://giayphep.abei.gov.vn/
anhsangonline.vn,TẠP CHÍ ÁNH SÁNG VÀ CUỘC SỐNG,GIẤY PHÉP THIẾT LẬP TRANG THÔNG TIN ĐIỆN TỬ TỔNG HỢP,2019-03-15,Giấy phép chính thức (ABEI - Bộ TT&TT),47/GP-TTĐT,valid,https://giayphep.abei.gov.vn/
anhsangvacuocsong.com.vn,TẠP CHÍ ÁNH SÁNG VÀ CUỘC SỐNG,GIẤY PHÉP THIẾT LẬP TRANG THÔNG TIN ĐIỆN TỬ TỔNG HỢP,2019-03-15,Giấy phép chính thức (ABEI - Bộ TT&TT),47/GP-TTĐT,valid,https://giayphep.abei.gov.vn/
anhsangvacuocsong.vn,TẠP CHÍ ÁNH SÁNG VÀ CUỘC SỐNG,GIẤY PHÉP THIẾT LẬP TRANG THÔNG TIN ĐIỆN TỬ TỔNG HỢP,2019-03-15,Giấy phép chính thức (ABEI - Bộ TT&TT),47/GP-TTĐT,valid,https://giayphep.abei.gov.vn/
anhtrang.hhgame.vn,CÔNG TY CỔ PHẦN PHÁT TRIỂN CÔNG NGHỆ SỐ HỒNG HÀ,QUYẾT ĐỊNH PHÁT HÀNH TRÒ CHƠI ĐIỆN TỬ G1 TRÊN MẠNG,2024-02-05,Giấy phép chính thức (ABEI - Bộ TT&TT),132 /QĐ-BTTTT,invalid,https://giayphep.abei.gov.vn/
anime.gaba.vn,CÔNG TY CỔ PHẦN TRÒ CHƠI VEGA,QUYẾT ĐỊNH PHÁT HÀNH TRÒ CHƠI ĐIỆN TỬ G1 TRÊN MẠNG,2017-07-10,Giấy phép chính thức (ABEI - Bộ TT&TT),1128/QĐ-BTTTT,valid,https://giayphep.abei.gov.vn/
ankt.vn,CÔNG TY CỔ PHẦN TRUYỀN THÔNG BAOCHI.ONLINE,GIẤY PHÉP CUNG CẤP DỊCH VỤ MẠNG XÃ HỘI,2014-12-25,Giấy phép chính thức (ABEI - Bộ TT&TT),392/GP-BTTTT,valid,https://giayphep.abei.gov.vn/
anninh.tv,"TRUNG TÂM PHÁT THANH, TRUYỀN HÌNH, ĐIỆN ẢNH CÔNG AN NHÂN DÂN",GIẤY PHÉP THIẾT LẬP TRANG THÔNG TIN ĐIỆN TỬ TỔNG HỢP,2017-06-12,Giấy phép chính thức (ABEI - Bộ TT&TT),190/GP-TTĐT,invalid,https://giayphep.abei.gov.vn/
anninhvaxahoi.com.vn,TẠP CHÍ CÔNG AN NHÂN DÂN,GIẤY PHÉP THIẾT LẬP TRANG THÔNG TIN ĐIỆN TỬ TỔNG HỢP,2018-01-16,Giấy phép chính thức (ABEI - Bộ TT&TT),16/GP-TTĐT,valid,https://giayphep.abei.gov.vn/
anninhvaxahoi.vn,TẠP CHÍ CÔNG AN NHÂN DÂN,GIẤY PHÉP THIẾT LẬP TRANG THÔNG TIN ĐIỆN TỬ TỔNG HỢP,2018-01-16,Giấy phép chính thức (ABEI - Bộ TT&TT),16/GP-TTĐT,valid,https://giayphep.abei.gov.vn/
anninhvaxhoi.vn,TẠP CHÍ CÔNG AN NHÂN DÂN,GIẤY PHÉP THIẾT LẬP TRANG THÔNG TIN ĐIỆN TỬ TỔNG HỢP,2017-11-30,Giấy phép chính thức (ABEI - Bộ TT&TT),359/GP-TTĐT,invalid,https://giayphep.abei.gov.vn/
ant-learning.com,CÔNG TY CỔ PHẦN ANT LEARNING VIỆT NAM,GIẤY PHÉP CUNG CẤP DỊCH VỤ MẠNG XÃ HỘI,2023-04-07,Giấy phép chính thức (ABEI - Bộ TT&TT),115/GP-BTTTT,valid,https://giayphep.abei.gov.vn/
ant-learning.com.vn,CÔNG TY CỔ PHẦN ANT LEARNING VIỆT NAM,GIẤY PHÉP CUNG CẤP DỊCH VỤ MẠNG XÃ HỘI,2023-04-07,Giấy phép chính thức (ABEI - Bộ TT&TT),115/GP-BTTTT,valid,https://giayphep.abei.gov.vn/
antaobao.playfun.vn,CÔNG TY CỔ PHẦN FUNTAP,QUYẾT ĐỊNH PHÁT HÀNH TRÒ CHƠI ĐIỆN TỬ G1 TRÊN MẠNG,2020-05-08,Giấy phép chính thức (ABEI - Bộ TT&TT),784/QĐ-BTTTT,valid,https://giayphep.abei.gov.vn/
antlegion.playfun.vn,CÔNG TY CỔ PHẦN PHÁT TRIỂN CÔNG NGHỆ SỐ HỒNG HÀ,QUYẾT ĐỊNH PHÁT HÀNH TRÒ CHƠI ĐIỆN TỬ G1 TRÊN MẠNG,2022-08-29,Giấy phép chính thức (ABEI - Bộ TT&TT),1626/QĐ-BTTTT,valid,https://giayphep.abei.gov.vn/
antv.gov.vn,"TRUNG TÂM PHÁT THANH, TRUYỀN HÌNH, ĐIỆN ẢNH CÔNG AN NHÂN DÂN",GIẤY PHÉP THIẾT LẬP TRANG THÔNG TIN ĐIỆN TỬ TỔNG HỢP,2013-05-17,Giấy phép chính thức (ABEI - Bộ TT&TT),67/GP-TTĐT,invalid,https://giayphep.abei.gov.vn/
anycar.vn,CÔNG TY CỔ PHẦN ANYCAR VIỆT NAM,GIẤY PHÉP CUNG CẤP DỊCH VỤ MẠNG XÃ HỘI,2019-06-05,Giấy phép chính thức (ABEI - Bộ TT&TT),227/GP-BTTTT,valid,https://giayphep.abei.gov.vn/
anylearn.vn,CÔNG TY CỔ PHẦN ĐẦU TƯ VÀ GIÁO DỤC ANYLEARN,GIẤY PHÉP CUNG CẤP DỊCH VỤ MẠNG XÃ HỘI,2023-02-15,Giấy phép chính thức (ABEI - Bộ TT&TT),62/GP-BTTTT,valid,https://giayphep.abei.gov.vn/
aoe.vn,CÔNG TY CỔ PHẦN EGO MEDIA,GIẤY PHÉP CUNG CẤP DỊCH VỤ MẠNG XÃ HỘI,2019-12-19,Giấy phép chính thức (ABEI - Bộ TT&TT),560/GP-BTTTT,valid,https://giayphep.abei.gov.vn/
aoe.vtcgame.vn,CÔNG TY VTC CÔNG NGHỆ VÀ NỘI DUNG SỐ,QUYẾT ĐỊNH PHÁT HÀNH TRÒ CHƠI ĐIỆN TỬ G1 TRÊN MẠNG,2022-10-26,Giấy phép chính thức (ABEI - Bộ TT&TT),1952/QĐ-BTTTT,valid,https://giayphep.abei.gov.vn/
aog.gamota.com,CÔNG TY CỔ PHẦN GAMOTA,QUYẾT ĐỊNH PHÁT HÀNH TRÒ CHƠI ĐIỆN TỬ G1 TRÊN MẠNG,2019-02-15,Giấy phép chính thức (ABEI - Bộ TT&TT),170/QĐ-BTTTT,valid,https://giayphep.abei.gov.vn/
aolinhsu.vn,CÔNG TY CỔ PHẦN TRỰC TUYẾN DUO,QUYẾT ĐỊNH PHÁT HÀNH TRÒ CHƠI ĐIỆN TỬ G1 TRÊN MẠNG,2023-03-01,Giấy phép chính thức (ABEI - Bộ TT&TT),284/QĐ-BTTTT,invalid,https://giayphep.abei.gov.vn/
aomatumquoc.vn,CÔNG TY CỔ PHẦN ACE GAME,QUYẾT ĐỊNH PHÁT HÀNH TRÒ CHƠI ĐIỆN TỬ G1 TRÊN MẠNG,2022-04-25,Giấy phép chính thức (ABEI - Bộ TT&TT),759/QĐ-BTTTT,valid,https://giayphep.abei.gov.vn/
aomongtayduidle.hhgame.vn,CÔNG TY CỔ PHẦN PHÁT TRIỂN CÔNG NGHỆ SỐ HỒNG HÀ,QUYẾT ĐỊNH PHÁT HÀNH TRÒ CHƠI ĐIỆN TỬ G1 TRÊN MẠNG,2021-10-13,Giấy phép chính thức (ABEI - Bộ TT&TT),1589/QĐ-BTTTT,valid,https://giayphep.abei.gov.vn/
aomongtrutien.gamota.com,CÔNG TY CỔ PHẦN GAMOTA,QUYẾT ĐỊNH PHÁT HÀNH TRÒ CHƠI ĐIỆN TỬ G1 TRÊN MẠNG,2024-02-06,Giấy phép chính thức (ABEI - Bộ TT&TT),154/QĐ-BTTTT,valid,https://giayphep.abei.gov.vn/
aoz.vtcgame.vn,CÔNG TY VTC CÔNG NGHỆ VÀ NỘI DUNG SỐ,QUYẾT ĐỊNH PHÁT HÀNH TRÒ CHƠI ĐIỆN TỬ G1 TRÊN MẠNG,2020-01-21,Giấy phép chính thức (ABEI - Bộ TT&TT),115 QĐ/BTTTT,invalid,https://giayphep.abei.gov.vn/
apexgirl.vn,CÔNG TY CỔ PHẦN 9PLAY ,QUYẾT ĐỊNH PHÁT HÀNH TRÒ CHƠI ĐIỆN TỬ G1 TRÊN MẠNG,2026-02-06,Giấy phép chính thức (ABEI - Bộ TT&TT),52/QĐ-PTTH&TTĐT,valid,https://giayphep.abei.gov.vn/
applian.vn,CÔNG TY CỔ PHẦN DỊCH VỤ VÀ ĐẦU TƯ LIAN,GIẤY PHÉP CUNG CẤP DỊCH VỤ MẠNG XÃ HỘI,2020-05-13,Giấy phép chính thức (ABEI - Bộ TT&TT),203/GP-BTTTT,valid,https://giayphep.abei.gov.vn/
appstore.vn,CÔNG TY CỔ PHẦN ADSOTA,GIẤY PHÉP CUNG CẤP DỊCH VỤ MẠNG XÃ HỘI,2017-10-13,Giấy phép chính thức (ABEI - Bộ TT&TT),504/GP-BTTTT,valid,https://giayphep.abei.gov.vn/
archives.org.vn,TRUNG TÂM LƯU TRỮ QUỐC GIA I,GIẤY PHÉP THIẾT LẬP TRANG THÔNG TIN ĐIỆN TỬ TỔNG HỢP,2015-12-10,Giấy phép chính thức (ABEI - Bộ TT&TT),173/GP-TTĐT,valid,https://giayphep.abei.gov.vn/
arenabreakout.vnggames.com,Công ty TNHH VNGGames ,QUYẾT ĐỊNH PHÁT HÀNH TRÒ CHƠI ĐIỆN TỬ G1 TRÊN MẠNG,2026-05-29,Giấy phép chính thức (ABEI - Bộ TT&TT),289/QĐ-PTTH&TTĐT,valid,https://giayphep.abei.gov.vn/
arfm.gov.vn,CỤC TẦN SỐ VÔ TUYẾN ĐIỆN,GIẤY PHÉP THIẾT LẬP TRANG THÔNG TIN ĐIỆN TỬ TỔNG HỢP,2015-03-11,Giấy phép chính thức (ABEI - Bộ TT&TT),17/GP-TTĐT,invalid,https://giayphep.abei.gov.vn/
aschool.vn,CÔNG TY CỔ PHẦN 3A MEDIA,GIẤY PHÉP CUNG CẤP DỊCH VỤ MẠNG XÃ HỘI,2017-04-11,Giấy phép chính thức (ABEI - Bộ TT&TT),146/GP-BTTTT,valid,https://giayphep.abei.gov.vn/
asean.vietnam.vn,CỤC THÔNG TIN ĐỐI NGOẠI,GIẤY PHÉP THIẾT LẬP TRANG THÔNG TIN ĐIỆN TỬ TỔNG HỢP,2015-09-11,Giấy phép chính thức (ABEI - Bộ TT&TT),136/GP-TTĐT,invalid,https://giayphep.abei.gov.vn/
aseanvietnam.vn,CỤC THÔNG TIN ĐỐI NGOẠI,GIẤY PHÉP THIẾT LẬP TRANG THÔNG TIN ĐIỆN TỬ TỔNG HỢP,2015-09-11,Giấy phép chính thức (ABEI - Bộ TT&TT),136/GP-TTĐT,invalid,https://giayphep.abei.gov.vn/
asemconnectvietnam.gov.vn,TRUNG TÂM THÔNG TIN CÔNG NGHIỆP VÀ THƯƠNG MẠI,GIẤY PHÉP THIẾT LẬP TRANG THÔNG TIN ĐIỆN TỬ TỔNG HỢP,2016-04-29,Giấy phép chính thức (ABEI - Bộ TT&TT),43/GPSĐBS-TTĐT,invalid,https://giayphep.abei.gov.vn/
ashechoes.vn,CÔNG TY CỔ PHẦN TRAVELLET VIỆT NAM,QUYẾT ĐỊNH PHÁT HÀNH TRÒ CHƠI ĐIỆN TỬ G1 TRÊN MẠNG,2025-01-24,Giấy phép chính thức (ABEI - Bộ TT&TT),107/QĐ-BTTTT,valid,https://giayphep.abei.gov.vn/
asiasoft.net.vn,CÔNG TY TNHH CHÂU Á MỀM,QUYẾT ĐỊNH PHÁT HÀNH TRÒ CHƠI ĐIỆN TỬ G1 TRÊN MẠNG,2020-08-24,Giấy phép chính thức (ABEI - Bộ TT&TT),1452/QĐ-BTTTT,valid,https://giayphep.abei.gov.vn/
astra.com.vn,CÔNG TY CỔ PHẦN CÔNG NGHỆ ASTRA TOÀN CẦU,GIẤY PHÉP CUNG CẤP DỊCH VỤ MẠNG XÃ HỘI,2019-10-11,Giấy phép chính thức (ABEI - Bộ TT&TT),435/GP-BTTTT,valid,https://giayphep.abei.gov.vn/
asypt.gamota.com,CÔNG TY CỔ PHẦN GAMOTA,QUYẾT ĐỊNH PHÁT HÀNH TRÒ CHƠI ĐIỆN TỬ G1 TRÊN MẠNG,2024-10-21,Giấy phép chính thức (ABEI - Bộ TT&TT),1805/QĐ-BTTTT,invalid,https://giayphep.abei.gov.vn/
atao.ygame.vn,CÔNG TY CỔ PHẦN GIẢI TRÍ YGAME,QUYẾT ĐỊNH PHÁT HÀNH TRÒ CHƠI ĐIỆN TỬ G1 TRÊN MẠNG,2018-04-02,Giấy phép chính thức (ABEI - Bộ TT&TT),459/QĐ-BTTTT,valid,https://giayphep.abei.gov.vn/
ataotrolai.vn,CÔNG TY CỔ PHẦN FUNTAP,QUYẾT ĐỊNH PHÁT HÀNH TRÒ CHƠI ĐIỆN TỬ G1 TRÊN MẠNG,2020-01-17,Giấy phép chính thức (ABEI - Bộ TT&TT),92/QĐ-BTTTT,invalid,https://giayphep.abei.gov.vn/
atgame.com.vn,CÔNG TY TNHH CÔNG NGHỆ MẠNG AT ,QUYẾT ĐỊNH PHÁT HÀNH TRÒ CHƠI ĐIỆN TỬ G1 TRÊN MẠNG,2026-06-25,Giấy phép chính thức (ABEI - Bộ TT&TT),373/QĐ-PTTH&TTĐT,valid,https://giayphep.abei.gov.vn/
atv.org.vn,ĐÀI PHÁT THANH - TRUYỀN HÌNH AN GIANG,GIẤY PHÉP THIẾT LẬP TRANG THÔNG TIN ĐIỆN TỬ TỔNG HỢP,2017-01-17,Giấy phép chính thức (ABEI - Bộ TT&TT),38/GP-TTĐT,valid,https://giayphep.abei.gov.vn/
au.vtcgame.vn,CÔNG TY VTC CÔNG NGHỆ VÀ NỘI DUNG SỐ,QUYẾT ĐỊNH PHÁT HÀNH TRÒ CHƠI ĐIỆN TỬ G1 TRÊN MẠNG,2022-09-27,Giấy phép chính thức (ABEI - Bộ TT&TT),1795/QĐ-BTTTT,valid,https://giayphep.abei.gov.vn/
au2.vtcgame.vn,CÔNG TY VTC CÔNG NGHỆ VÀ NỘI DUNG SỐ,QUYẾT ĐỊNH PHÁT HÀNH TRÒ CHƠI ĐIỆN TỬ G1 TRÊN MẠNG,2018-10-04,Giấy phép chính thức (ABEI - Bộ TT&TT),1611/QĐ-BTTTT,valid,https://giayphep.abei.gov.vn/
au2pc.vtcgame.vn,CÔNG TY VTC CÔNG NGHỆ VÀ NỘI DUNG SỐ,QUYẾT ĐỊNH PHÁT HÀNH TRÒ CHƠI ĐIỆN TỬ G1 TRÊN MẠNG,2023-09-19,Giấy phép chính thức (ABEI - Bộ TT&TT),1804/QĐ-BTTTT,invalid,https://giayphep.abei.gov.vn/
auidol.vn,CÔNG TY TNHH SOHA,QUYẾT ĐỊNH PHÁT HÀNH TRÒ CHƠI ĐIỆN TỬ G1 TRÊN MẠNG,2020-01-08,Giấy phép chính thức (ABEI - Bộ TT&TT),38 /QĐ-BTTTT,valid,https://giayphep.abei.gov.vn/
aulove.vn,CÔNG TY CỔ PHẦN VTC DỊCH VỤ DI ĐỘNG,QUYẾT ĐỊNH PHÁT HÀNH TRÒ CHƠI ĐIỆN TỬ G1 TRÊN MẠNG,2017-03-30,Giấy phép chính thức (ABEI - Bộ TT&TT),452/QĐ-BTTTT,invalid,https://giayphep.abei.gov.vn/
aumix.vtcgame.vn,CÔNG TY VTC CÔNG NGHỆ VÀ NỘI DUNG SỐ,QUYẾT ĐỊNH PHÁT HÀNH TRÒ CHƠI ĐIỆN TỬ G1 TRÊN MẠNG,2020-01-21,Giấy phép chính thức (ABEI - Bộ TT&TT),113/QĐ-BTTTT,invalid,https://giayphep.abei.gov.vn/
aumobi.vn,CÔNG TY TNHH TRUYỀN THÔNG MINH PHƯƠNG THỊNH,QUYẾT ĐỊNH PHÁT HÀNH TRÒ CHƠI ĐIỆN TỬ G1 TRÊN MẠNG,2017-09-22,Giấy phép chính thức (ABEI - Bộ TT&TT),1582/QĐ-BTTTT,valid,https://giayphep.abei.gov.vn/
aumobile.vn,CÔNG TY CỔ PHẦN VTC DỊCH VỤ DI ĐỘNG,QUYẾT ĐỊNH PHÁT HÀNH TRÒ CHƠI ĐIỆN TỬ G1 TRÊN MẠNG,2026-02-12,Giấy phép chính thức (ABEI - Bộ TT&TT),78/QĐ-PTTH&TTĐT,valid,https://giayphep.abei.gov.vn/
aurafantasy.vn,CÔNG TY TNHH GIẢI TRÍ LONG ĐỈNH,QUYẾT ĐỊNH PHÁT HÀNH TRÒ CHƠI ĐIỆN TỬ G1 TRÊN MẠNG,2020-01-14,Giấy phép chính thức (ABEI - Bộ TT&TT),53 /QĐ-BTTTT,valid,https://giayphep.abei.gov.vn/
aurora.vtcgame.vn,CÔNG TY VTC CÔNG NGHỆ VÀ NỘI DUNG SỐ,QUYẾT ĐỊNH PHÁT HÀNH TRÒ CHƠI ĐIỆN TỬ G1 TRÊN MẠNG,2020-10-26,Giấy phép chính thức (ABEI - Bộ TT&TT),1801/QĐ-BTTTT,invalid,https://giayphep.abei.gov.vn/
aus.vtcgame.vn,CÔNG TY VTC CÔNG NGHỆ VÀ NỘI DUNG SỐ,QUYẾT ĐỊNH PHÁT HÀNH TRÒ CHƠI ĐIỆN TỬ G1 TRÊN MẠNG,2017-03-09,Giấy phép chính thức (ABEI - Bộ TT&TT),265/QĐ-BTTTT,invalid,https://giayphep.abei.gov.vn/
auspeed.vn,CÔNG TY CỔ PHẦN VTC DỊCH VỤ DI ĐỘNG,QUYẾT ĐỊNH PHÁT HÀNH TRÒ CHƠI ĐIỆN TỬ G1 TRÊN MẠNG,2017-04-17,Giấy phép chính thức (ABEI - Bộ TT&TT),542/QĐ-BTTTT,invalid,https://giayphep.abei.gov.vn/
auto.vn,CÔNG TY TNHH QPAMLD,GIẤY PHÉP CUNG CẤP DỊCH VỤ MẠNG XÃ HỘI,2024-03-01,Giấy phép chính thức (ABEI - Bộ TT&TT),49/GP-BTTTT,valid,https://giayphep.abei.gov.vn/
autoblog.vn,"CÔNG TY TNHH CÔNG NGHỆ, DỊCH VỤ VÀ TRUYỀN THÔNG XE VIỆT",GIẤY PHÉP CUNG CẤP DỊCH VỤ MẠNG XÃ HỘI,2022-01-25,Giấy phép chính thức (ABEI - Bộ TT&TT),55/GP-BTTTT,valid,https://giayphep.abei.gov.vn/
autochess.zing.vn,CÔNG TY CỔ PHẦN TẬP ĐOÀN VNG,QUYẾT ĐỊNH PHÁT HÀNH TRÒ CHƠI ĐIỆN TỬ G1 TRÊN MẠNG,2019-07-25,Giấy phép chính thức (ABEI - Bộ TT&TT),1132 /QĐ-BTTTT,valid,https://giayphep.abei.gov.vn/
automotor.vn,CÔNG TY CỔ PHẦN CÔNG NGHỆ VÀ TRUYỀN THÔNG HEMERA,GIẤY PHÉP CUNG CẤP DỊCH VỤ MẠNG XÃ HỘI,2020-07-10,Giấy phép chính thức (ABEI - Bộ TT&TT),290/GP-BTTTT,valid,https://giayphep.abei.gov.vn/
autop.vn,CÔNG TY CỔ PHẦN VTC DỊCH VỤ DI ĐỘNG,QUYẾT ĐỊNH PHÁT HÀNH TRÒ CHƠI ĐIỆN TỬ G1 TRÊN MẠNG,2022-06-02,Giấy phép chính thức (ABEI - Bộ TT&TT),1008/QĐ-BTTTT,invalid,https://giayphep.abei.gov.vn/
aux.goplay.vn,CÔNG TY CỔ PHẦN VTC TRUYỀN THÔNG TRỰC TUYẾN,QUYẾT ĐỊNH PHÁT HÀNH TRÒ CHƠI ĐIỆN TỬ G1 TRÊN MẠNG,2020-01-17,Giấy phép chính thức (ABEI - Bộ TT&TT),78/QĐ-BTTTT,valid,https://giayphep.abei.gov.vn/
avatarland.com.vn,CÔNG TY TNHH TEAMOBI,QUYẾT ĐỊNH PHÁT HÀNH TRÒ CHƠI ĐIỆN TỬ G1 TRÊN MẠNG,2023-06-07,Giấy phép chính thức (ABEI - Bộ TT&TT),986/QĐ-BTTTT,invalid,https://giayphep.abei.gov.vn/
avgplus.vn,CÔNG TY CỔ PHẦN NGHE NHÌN TOÀN CẦU,GIẤY PHÉP CUNG CẤP DỊCH VỤ MẠNG XÃ HỘI,2021-02-08,Giấy phép chính thức (ABEI - Bộ TT&TT),103/GP-BTTTT,valid,https://giayphep.abei.gov.vn/
avideo.vn,CÔNG TY CỔ PHẦN BẠCH MINH,GIẤY PHÉP CUNG CẤP DỊCH VỤ MẠNG XÃ HỘI,2017-08-14,Giấy phép chính thức (ABEI - Bộ TT&TT),392/GP-BTTTT,valid,https://giayphep.abei.gov.vn/
awaken3q.vn,CÔNG TY TNHH SOHA,QUYẾT ĐỊNH PHÁT HÀNH TRÒ CHƠI ĐIỆN TỬ G1 TRÊN MẠNG,2020-11-18,Giấy phép chính thức (ABEI - Bộ TT&TT),2004/QĐ-BTTTT,valid,https://giayphep.abei.gov.vn/
axe.gamota.com,CÔNG TY CỔ PHẦN GAMOTA,QUYẾT ĐỊNH PHÁT HÀNH TRÒ CHƠI ĐIỆN TỬ G1 TRÊN MẠNG,2019-07-31,Giấy phép chính thức (ABEI - Bộ TT&TT),1160/QĐ-BTTTT,valid,https://giayphep.abei.gov.vn/
azure.vnggames.com,CÔNG TY CỔ PHẦN VNG,QUYẾT ĐỊNH PHÁT HÀNH TRÒ CHƠI ĐIỆN TỬ G1 TRÊN MẠNG,2022-07-18,Giấy phép chính thức (ABEI - Bộ TT&TT),1396/QĐ-BTTTT,invalid,https://giayphep.abei.gov.vn/
bacgiangtv.vn,ĐÀI PHÁT THANH VÀ TRUYỀN HÌNH BẮC GIANG,GIẤY PHÉP THIẾT LẬP TRANG THÔNG TIN ĐIỆN TỬ TỔNG HỢP,2018-05-04,Giấy phép chính thức (ABEI - Bộ TT&TT),97/GP-TTĐT,invalid,https://giayphep.abei.gov.vn/
bachchien.com.vn,Công ty TNHH Giải Trí Long Đỉnh,QUYẾT ĐỊNH PHÁT HÀNH TRÒ CHƠI ĐIỆN TỬ G1 TRÊN MẠNG,2016-02-01,Giấy phép chính thức (ABEI - Bộ TT&TT),176/QĐ-BTTTT,valid,https://giayphep.abei.gov.vn/
bachchien.gosu.vn,CÔNG TY CỔ PHẦN TRỰC TUYẾN GOSU,QUYẾT ĐỊNH PHÁT HÀNH TRÒ CHƠI ĐIỆN TỬ G1 TRÊN MẠNG,2020-03-09,Giấy phép chính thức (ABEI - Bộ TT&TT),310/QĐ-BTTTT,invalid,https://giayphep.abei.gov.vn/
bachchien2.com.vn,CÔNG TY TNHH GIẢI TRÍ LONG ĐỈNH,QUYẾT ĐỊNH PHÁT HÀNH TRÒ CHƠI ĐIỆN TỬ G1 TRÊN MẠNG,2016-02-01,Giấy phép chính thức (ABEI - Bộ TT&TT),178/QĐ-BTTTT,valid,https://giayphep.abei.gov.vn/
bachchien3.com.vn,CÔNG TY TNHH GIẢI TRÍ LONG ĐỈNH,QUYẾT ĐỊNH PHÁT HÀNH TRÒ CHƠI ĐIỆN TỬ G1 TRÊN MẠNG,2016-05-23,Giấy phép chính thức (ABEI - Bộ TT&TT),843/QĐ-BTTTT,valid,https://giayphep.abei.gov.vn/
bachchien3q.vn,CÔNG TY CỔ PHẦN REGZ GAMES,QUYẾT ĐỊNH PHÁT HÀNH TRÒ CHƠI ĐIỆN TỬ G1 TRÊN MẠNG,2021-02-08,Giấy phép chính thức (ABEI - Bộ TT&TT),173/QĐ-BTTTT,valid,https://giayphep.abei.gov.vn/
bachchienmobile.vn,CÔNG TY CỔ PHẦN VTC DỊCH VỤ DI ĐỘNG,QUYẾT ĐỊNH PHÁT HÀNH TRÒ CHƠI ĐIỆN TỬ G1 TRÊN MẠNG,2016-06-09,Giấy phép chính thức (ABEI - Bộ TT&TT),997/QĐ-BTTTT,invalid,https://giayphep.abei.gov.vn/
bachhoaxanh.com,CÔNG TY CỔ PHẦN THƯƠNG MẠI BÁCH HÓA XANH,GIẤY PHÉP CUNG CẤP DỊCH VỤ MẠNG XÃ HỘI,2021-01-11,Giấy phép chính thức (ABEI - Bộ TT&TT),20/GP-BTTTT,valid,https://giayphep.abei.gov.vn/
bachhoaxanh.vn,CÔNG TY CỔ PHẦN THƯƠNG MẠI BÁCH HÓA XANH,GIẤY PHÉP CUNG CẤP DỊCH VỤ MẠNG XÃ HỘI,2021-01-11,Giấy phép chính thức (ABEI - Bộ TT&TT),20/GP-BTTTT,valid,https://giayphep.abei.gov.vn/
bachkiem.vn,CÔNG TY TNHH SOHA,QUYẾT ĐỊNH PHÁT HÀNH TRÒ CHƠI ĐIỆN TỬ G1 TRÊN MẠNG,2022-08-03,Giấy phép chính thức (ABEI - Bộ TT&TT),1472/QĐ-BTTTT,valid,https://giayphep.abei.gov.vn/
bachquynguyensu.vn,CÔNG TY TNHH VMGE,QUYẾT ĐỊNH PHÁT HÀNH TRÒ CHƠI ĐIỆN TỬ G1 TRÊN MẠNG,2023-08-31,Giấy phép chính thức (ABEI - Bộ TT&TT),1695/QĐ-BTTTT,valid,https://giayphep.abei.gov.vn/
bachtuocso.vn,CÔNG TY CỔ PHẦN BẠCH TUỘC SỐ,QUYẾT ĐỊNH PHÁT HÀNH TRÒ CHƠI ĐIỆN TỬ G1 TRÊN MẠNG,2018-02-09,Giấy phép chính thức (ABEI - Bộ TT&TT),203/QĐ-BTTTT,valid,https://giayphep.abei.gov.vn/
bachu.gaba.vn,CÔNG TY CỔ PHẦN TRÒ CHƠI VEGA,QUYẾT ĐỊNH PHÁT HÀNH TRÒ CHƠI ĐIỆN TỬ G1 TRÊN MẠNG,2017-06-14,Giấy phép chính thức (ABEI - Bộ TT&TT),915/QĐ-BTTTT,valid,https://giayphep.abei.gov.vn/
bachxatienkiep.hgame.vn,CÔNG TY CỔ PHẦN PHÁT TRIỂN CÔNG NGHỆ SỐ HỒNG HÀ,QUYẾT ĐỊNH PHÁT HÀNH TRÒ CHƠI ĐIỆN TỬ G1 TRÊN MẠNG,2021-08-30,Giấy phép chính thức (ABEI - Bộ TT&TT),1319 /QĐ-BTTT,valid,https://giayphep.abei.gov.vn/
bachxatienkiep.hhgame.vn,CÔNG TY CỔ PHẦN PHÁT TRIỂN CÔNG NGHỆ SỐ HỒNG HÀ,QUYẾT ĐỊNH PHÁT HÀNH TRÒ CHƠI ĐIỆN TỬ G1 TRÊN MẠNG,2021-08-30,Giấy phép chính thức (ABEI - Bộ TT&TT),1319/QĐ-BTTTT,valid,https://giayphep.abei.gov.vn/
backantv.vn,ĐÀI PHÁT THANH VÀ TRUYỀN HÌNH BẮC KẠN,GIẤY PHÉP THIẾT LẬP TRANG THÔNG TIN ĐIỆN TỬ TỔNG HỢP,2020-01-22,Giấy phép chính thức (ABEI - Bộ TT&TT),10/GP-TTĐT,invalid,https://giayphep.abei.gov.vn/
backstage.vn,CÔNG TY CỔ PHẦN TRUYỀN THÔNG & SỰ KIỆN BACKSTAGE,GIẤY PHÉP CUNG CẤP DỊCH VỤ MẠNG XÃ HỘI,2024-03-18,Giấy phép chính thức (ABEI - Bộ TT&TT),62/GP-BTTTT,valid,https://giayphep.abei.gov.vn/
baclieu.gov.vn,SỞ THÔNG TIN VÀ TRUYỀN THÔNG BẠC LIÊU,GIẤY PHÉP THIẾT LẬP TRANG THÔNG TIN ĐIỆN TỬ TỔNG HỢP,2016-04-12,Giấy phép chính thức (ABEI - Bộ TT&TT),31/GP-TTĐT,invalid,https://giayphep.abei.gov.vn/
bacninhtv.vn,ĐÀI PHÁT THANH - TRUYỀN HÌNH BẮC NINH,GIẤY PHÉP THIẾT LẬP TRANG THÔNG TIN ĐIỆN TỬ TỔNG HỢP,2015-04-01,Giấy phép chính thức (ABEI - Bộ TT&TT),25/GP-TTĐT,invalid,https://giayphep.abei.gov.vn/
badaotamquoc.vn,CÔNG TY CỔ PHẦN ACE GAME,QUYẾT ĐỊNH PHÁT HÀNH TRÒ CHƠI ĐIỆN TỬ G1 TRÊN MẠNG,2020-12-29,Giấy phép chính thức (ABEI - Bộ TT&TT),2329/QĐ-BTTTT,invalid,https://giayphep.abei.gov.vn/
badlanders.xgaming.com.vn,CÔNG TY TRUYỀN THÔNG VIETTEL,QUYẾT ĐỊNH PHÁT HÀNH TRÒ CHƠI ĐIỆN TỬ G1 TRÊN MẠNG,2022-01-19,Giấy phép chính thức (ABEI - Bộ TT&TT),53/QĐ-BTTTT,invalid,https://giayphep.abei.gov.vn/
badosa.vn,CÔNG TY CỔ PHẦN TƯ VẤN VÀ GIẢI PHÁP BẤT ĐỘNG SẢN VNHOMES,GIẤY PHÉP CUNG CẤP DỊCH VỤ MẠNG XÃ HỘI,2021-02-24,Giấy phép chính thức (ABEI - Bộ TT&TT),122/GP-BTTTT,valid,https://giayphep.abei.gov.vn/
ballisticvn.vnggames.com,Công ty TNHH VNGGames,QUYẾT ĐỊNH PHÁT HÀNH TRÒ CHƠI ĐIỆN TỬ G1 TRÊN MẠNG,2026-04-06,Giấy phép chính thức (ABEI - Bộ TT&TT),177/QĐ-PTTH&TTĐT,valid,https://giayphep.abei.gov.vn/
banca999.com,CÔNG TY CỔ PHẦN THƯƠNG MẠI CÔNG NGHỆ VIỄN THÔNG VÀ THÔNG TIN HOÀNG LÊ,QUYẾT ĐỊNH PHÁT HÀNH TRÒ CHƠI ĐIỆN TỬ G1 TRÊN MẠNG,2018-06-29,Giấy phép chính thức (ABEI - Bộ TT&TT),1007/QĐ-BTTTT,invalid,https://giayphep.abei.gov.vn/
bancahaithan.vn,CÔNG TY TNHH GAME VIỆT,QUYẾT ĐỊNH PHÁT HÀNH TRÒ CHƠI ĐIỆN TỬ G1 TRÊN MẠNG,2025-02-25,Giấy phép chính thức (ABEI - Bộ TT&TT),60/QĐ-PTTH&TTĐT,valid,https://giayphep.abei.gov.vn/
bancavui.trochoiviet.vn,CÔNG TY TNHH GAME VIỆT,QUYẾT ĐỊNH PHÁT HÀNH TRÒ CHƠI ĐIỆN TỬ G1 TRÊN MẠNG,2023-05-30,Giấy phép chính thức (ABEI - Bộ TT&TT),912/QĐ-BTTTT,valid,https://giayphep.abei.gov.vn/
bancavui.vn,CÔNG TY TNHH ĐẦU TƯ BẢO NINH,QUYẾT ĐỊNH PHÁT HÀNH TRÒ CHƠI ĐIỆN TỬ G1 TRÊN MẠNG,2018-01-09,Giấy phép chính thức (ABEI - Bộ TT&TT),21/QĐ-BTTTT,valid,https://giayphep.abei.gov.vn/
bang.vn,CÔNG TY CỔ PHẦN BỐNG BỐNG BANG BANG,GIẤY PHÉP CUNG CẤP DỊCH VỤ MẠNG XÃ HỘI,2017-09-12,Giấy phép chính thức (ABEI - Bộ TT&TT),442/GP-BTTTT,valid,https://giayphep.abei.gov.vn/
bangbangwar.hhgame.vn,CÔNG TY CỔ PHẦN PHÁT TRIỂN CÔNG NGHỆ SỐ HỒNG HÀ ,QUYẾT ĐỊNH PHÁT HÀNH TRÒ CHƠI ĐIỆN TỬ G1 TRÊN MẠNG,2026-02-05,Giấy phép chính thức (ABEI - Bộ TT&TT),49/QĐ-PTTH&TTĐT,valid,https://giayphep.abei.gov.vn/
banhoaqua.vn,CÔNG TY TNHH GIẢI TRÍ LONG ĐỈNH,QUYẾT ĐỊNH PHÁT HÀNH TRÒ CHƠI ĐIỆN TỬ G1 TRÊN MẠNG,2018-12-11,Giấy phép chính thức (ABEI - Bộ TT&TT),2126/QĐ-BTTTT,valid,https://giayphep.abei.gov.vn/
bankinhtetrunguong.dcs.vn,BAN KINH TẾ TRUNG ƯƠNG,GIẤY PHÉP THIẾT LẬP TRANG THÔNG TIN ĐIỆN TỬ TỔNG HỢP,2013-10-21,Giấy phép chính thức (ABEI - Bộ TT&TT),139/GP-TTĐT,invalid,https://giayphep.abei.gov.vn/
bannangvocuc.vgplay.vn,CÔNG TY CỔ PHẦN VGP,QUYẾT ĐỊNH PHÁT HÀNH TRÒ CHƠI ĐIỆN TỬ G1 TRÊN MẠNG,2023-01-27,Giấy phép chính thức (ABEI - Bộ TT&TT),67/QĐ-BTTTT,valid,https://giayphep.abei.gov.vn/
bannhanong.vn,SỞ THÔNG TIN VÀ TRUYỀN THÔNG TỈNH ĐỒNG THÁP,GIẤY PHÉP THIẾT LẬP TRANG THÔNG TIN ĐIỆN TỬ TỔNG HỢP,2013-08-22,Giấy phép chính thức (ABEI - Bộ TT&TT),118/GP-TTĐT,invalid,https://giayphep.abei.gov.vn/
baobariavungtau.com.vn,BÁO BÀ RỊA - VŨNG TÀU,GIẤY PHÉP THIẾT LẬP TRANG THÔNG TIN ĐIỆN TỬ TỔNG HỢP,2016-01-12,Giấy phép chính thức (ABEI - Bộ TT&TT),03/GP-TTĐT,invalid,https://giayphep.abei.gov.vn/
baoboi.cmn.vn,CÔNG TY CỔ PHẦN TRỰC TUYỂN CMN VIỆT NAM,QUYẾT ĐỊNH PHÁT HÀNH TRÒ CHƠI ĐIỆN TỬ G1 TRÊN MẠNG,2024-10-29,Giấy phép chính thức (ABEI - Bộ TT&TT),1858/QĐ-BTTTT,invalid,https://giayphep.abei.gov.vn/
baoboitienlen.vn,CÔNG TY TNHH VMGE,QUYẾT ĐỊNH PHÁT HÀNH TRÒ CHƠI ĐIỆN TỬ G1 TRÊN MẠNG,2024-06-20,Giấy phép chính thức (ABEI - Bộ TT&TT),999/QĐ-BTTTT,valid,https://giayphep.abei.gov.vn/
baocamau.com.vn,BÁO CÀ MAU,GIẤY PHÉP THIẾT LẬP TRANG THÔNG TIN ĐIỆN TỬ TỔNG HỢP,2013-09-27,Giấy phép chính thức (ABEI - Bộ TT&TT),136/GP-TTĐT,invalid,https://giayphep.abei.gov.vn/
baocamau.vn,BÁO CÀ MAU,GIẤY PHÉP THIẾT LẬP TRANG THÔNG TIN ĐIỆN TỬ TỔNG HỢP,2013-09-27,Giấy phép chính thức (ABEI - Bộ TT&TT),136/GP-TTĐT,invalid,https://giayphep.abei.gov.vn/
baocantho.com.vn,BÁO CẦN THƠ,GIẤY PHÉP THIẾT LẬP TRANG THÔNG TIN ĐIỆN TỬ TỔNG HỢP,2015-09-03,Giấy phép chính thức (ABEI - Bộ TT&TT),129/GP-TTĐT,invalid,https://giayphep.abei.gov.vn/
baocaovien.vn,TRUNG TÂM THÔNG TIN CÔNG TÁC TUYÊN GIÁO,GIẤY PHÉP THIẾT LẬP TRANG THÔNG TIN ĐIỆN TỬ TỔNG HỢP,2022-06-27,Giấy phép chính thức (ABEI - Bộ TT&TT),81/GP-TTĐT,valid,https://giayphep.abei.gov.vn/
baodaknong.org.vn,BÁO ĐẮK NÔNG,GIẤY PHÉP THIẾT LẬP TRANG THÔNG TIN ĐIỆN TỬ TỔNG HỢP,2015-09-22,Giấy phép chính thức (ABEI - Bộ TT&TT),141/GP-TTĐT,invalid,https://giayphep.abei.gov.vn/
baodaknong.vn,BÁO ĐẮK NÔNG,GIẤY PHÉP THIẾT LẬP TRANG THÔNG TIN ĐIỆN TỬ TỔNG HỢP,2015-09-22,Giấy phép chính thức (ABEI - Bộ TT&TT),141/GP-TTĐT,invalid,https://giayphep.abei.gov.vn/
baodanang.vn,BÁO ĐÀ NẴNG,GIẤY PHÉP THIẾT LẬP TRANG THÔNG TIN ĐIỆN TỬ TỔNG HỢP,2015-08-11,Giấy phép chính thức (ABEI - Bộ TT&TT),114/GP-TTĐT,invalid,https://giayphep.abei.gov.vn/
baodantoc.com.vn,BÁO DÂN TỘC VÀ PHÁT TRIỂN,GIẤY PHÉP THIẾT LẬP TRANG THÔNG TIN ĐIỆN TỬ TỔNG HỢP,2015-12-23,Giấy phép chính thức (ABEI - Bộ TT&TT),177/GP-TTĐT,invalid,https://giayphep.abei.gov.vn/
baodantoc.vn,BÁO DÂN TỘC VÀ PHÁT TRIỂN,GIẤY PHÉP THIẾT LẬP TRANG THÔNG TIN ĐIỆN TỬ TỔNG HỢP,2020-10-12,Giấy phép chính thức (ABEI - Bộ TT&TT),186/GP-TTĐT,invalid,https://giayphep.abei.gov.vn/
baodongthap.vn,BÁO ĐỒNG THÁP,GIẤY PHÉP THIẾT LẬP TRANG THÔNG TIN ĐIỆN TỬ TỔNG HỢP,2016-06-08,Giấy phép chính thức (ABEI - Bộ TT&TT),56/GP-TTĐT,valid,https://giayphep.abei.gov.vn/
baohaiduong.vn,BÁO HẢI DƯƠNG,GIẤY PHÉP THIẾT LẬP TRANG THÔNG TIN ĐIỆN TỬ TỔNG HỢP,2015-08-04,Giấy phép chính thức (ABEI - Bộ TT&TT),105/GP-TTĐT,valid,https://giayphep.abei.gov.vn/
baohiemxahoi.gov.vn,BẢO HIỂM XÃ HỘI VIỆT NAM,GIẤY PHÉP THIẾT LẬP TRANG THÔNG TIN ĐIỆN TỬ TỔNG HỢP,2019-06-12,Giấy phép chính thức (ABEI - Bộ TT&TT),100/GP-TTĐT,valid,https://giayphep.abei.gov.vn/
baohoptacphattrien.vn,TẠP CHÍ HỢP TÁC VÀ PHÁT TRIỂN,GIẤY PHÉP THIẾT LẬP TRANG THÔNG TIN ĐIỆN TỬ TỔNG HỢP,2018-07-13,Giấy phép chính thức (ABEI - Bộ TT&TT),188/GP-TTĐT,valid,https://giayphep.abei.gov.vn/
baohungyen.org.vn,BÁO HƯNG YÊN,GIẤY PHÉP THIẾT LẬP TRANG THÔNG TIN ĐIỆN TỬ TỔNG HỢP,2017-08-22,Giấy phép chính thức (ABEI - Bộ TT&TT),271/GP-TTDT,invalid,https://giayphep.abei.gov.vn/
baohungyen.vn,BÁO HƯNG YÊN,GIẤY PHÉP THIẾT LẬP TRANG THÔNG TIN ĐIỆN TỬ TỔNG HỢP,2017-08-22,Giấy phép chính thức (ABEI - Bộ TT&TT),271/GP-TTDT,invalid,https://giayphep.abei.gov.vn/
baokhanhhoa.com.vn,BÁO KHÁNH HÒA,GIẤY PHÉP THIẾT LẬP TRANG THÔNG TIN ĐIỆN TỬ TỔNG HỢP,2015-04-14,Giấy phép chính thức (ABEI - Bộ TT&TT),30/GP-TTĐT,invalid,https://giayphep.abei.gov.vn/
baolangnghe.vn,BÁO THỜI BÁO LÀNG NGHỀ VIỆT,GIẤY PHÉP THIẾT LẬP TRANG THÔNG TIN ĐIỆN TỬ TỔNG HỢP,2018-11-13,Giấy phép chính thức (ABEI - Bộ TT&TT),290/GP-TTĐT,invalid,https://giayphep.abei.gov.vn/
baoninh.vn,CÔNG TY TNHH ĐẦU TƯ BẢO NINH,QUYẾT ĐỊNH PHÁT HÀNH TRÒ CHƠI ĐIỆN TỬ G1 TRÊN MẠNG,2018-04-20,Giấy phép chính thức (ABEI - Bộ TT&TT),575/QĐ-BTTTT,valid,https://giayphep.abei.gov.vn/
baoninhbinh.org.vn,BÁO NINH BÌNH,GIẤY PHÉP THIẾT LẬP TRANG THÔNG TIN ĐIỆN TỬ TỔNG HỢP,2017-01-04,Giấy phép chính thức (ABEI - Bộ TT&TT),09/GP-TTĐT,invalid,https://giayphep.abei.gov.vn/
baophuyen.com.vn,BÁO PHÚ YÊN,GIẤY PHÉP THIẾT LẬP TRANG THÔNG TIN ĐIỆN TỬ TỔNG HỢP,2015-03-27,Giấy phép chính thức (ABEI - Bộ TT&TT),22/GP-TTĐT,invalid,https://giayphep.abei.gov.vn/
baoquangtri.vn,BÁO QUẢNG TRỊ,GIẤY PHÉP THIẾT LẬP TRANG THÔNG TIN ĐIỆN TỬ TỔNG HỢP,2013-08-29,Giấy phép chính thức (ABEI - Bộ TT&TT),129/GP-TTĐT,invalid,https://giayphep.abei.gov.vn/
baoquankhu5.com.vn,BÁO QUÂN KHU 5,GIẤY PHÉP THIẾT LẬP TRANG THÔNG TIN ĐIỆN TỬ TỔNG HỢP,2013-12-03,Giấy phép chính thức (ABEI - Bộ TT&TT),144/GP-TTĐT,invalid,https://giayphep.abei.gov.vn/
baotanghochiminh.vn,BẢO TÀNG HỒ CHÍ MINH,GIẤY PHÉP THIẾT LẬP TRANG THÔNG TIN ĐIỆN TỬ TỔNG HỢP,2023-07-06,Giấy phép chính thức (ABEI - Bộ TT&TT),109/GP-TTĐT,valid,https://giayphep.abei.gov.vn/
baotanglichsu.vn,BẢO TÀNG LỊCH SỬ QUỐC GIA,GIẤY PHÉP THIẾT LẬP TRANG THÔNG TIN ĐIỆN TỬ TỔNG HỢP,2020-09-24,Giấy phép chính thức (ABEI - Bộ TT&TT),176/GP-TTĐT,valid,https://giayphep.abei.gov.vn/
baotanglichsuquocgia.vn,BẢO TÀNG LỊCH SỬ QUỐC GIA,GIẤY PHÉP THIẾT LẬP TRANG THÔNG TIN ĐIỆN TỬ TỔNG HỢP,2020-09-24,Giấy phép chính thức (ABEI - Bộ TT&TT),176/GP-TTĐT,valid,https://giayphep.abei.gov.vn/
baothuonggia.vn,TẠP CHÍ THƯƠNG GIA,GIẤY PHÉP THIẾT LẬP TRANG THÔNG TIN ĐIỆN TỬ TỔNG HỢP,2013-07-15,Giấy phép chính thức (ABEI - Bộ TT&TT),93/GP-TTĐT,invalid,https://giayphep.abei.gov.vn/
baotintuc.vn,BÁO TIN TỨC,GIẤY PHÉP THIẾT LẬP TRANG THÔNG TIN ĐIỆN TỬ TỔNG HỢP,2016-01-27,Giấy phép chính thức (ABEI - Bộ TT&TT),06/GP-TTĐT,valid,https://giayphep.abei.gov.vn/
baotnvn.vn,BÁO TIẾNG NÓI VIỆT NAM,GIẤY PHÉP THIẾT LẬP TRANG THÔNG TIN ĐIỆN TỬ TỔNG HỢP,2018-11-02,Giấy phép chính thức (ABEI - Bộ TT&TT),279/GP-TTĐT,valid,https://giayphep.abei.gov.vn/
baovemoitruong.org.vn,TẠP CHÍ RỪNG VÀ MÔI TRƯỜNG,GIẤY PHÉP THIẾT LẬP TRANG THÔNG TIN ĐIỆN TỬ TỔNG HỢP,2015-09-23,Giấy phép chính thức (ABEI - Bộ TT&TT),142/GPSĐBS-TTĐT,invalid,https://giayphep.abei.gov.vn/
baovinhlong.com.vn,BÁO VĨNH LONG,GIẤY PHÉP THIẾT LẬP TRANG THÔNG TIN ĐIỆN TỬ TỔNG HỢP,2015-09-11,Giấy phép chính thức (ABEI - Bộ TT&TT),138/GP-TTĐT,valid,https://giayphep.abei.gov.vn/
baovinhlong.vn,BÁO VĨNH LONG,GIẤY PHÉP THIẾT LẬP TRANG THÔNG TIN ĐIỆN TỬ TỔNG HỢP,2015-09-11,Giấy phép chính thức (ABEI - Bộ TT&TT),138/GP-TTĐT,valid,https://giayphep.abei.gov.vn/
baovinhphuc.com.vn,BÁO VĨNH PHÚC,GIẤY PHÉP THIẾT LẬP TRANG THÔNG TIN ĐIỆN TỬ TỔNG HỢP,2016-04-29,Giấy phép chính thức (ABEI - Bộ TT&TT),42/GP-TTĐT,valid,https://giayphep.abei.gov.vn/
barcodeviet.vn,CÔNG TY CỔ PHẦN ICHECK,GIẤY PHÉP CUNG CẤP DỊCH VỤ MẠNG XÃ HỘI,2019-09-13,Giấy phép chính thức (ABEI - Bộ TT&TT),385/GP-BTTTT,valid,https://giayphep.abei.gov.vn/
batdongsan.com.vn,CÔNG TY CỔ PHẦN PROPERTYGURU VIỆT NAM,GIẤY PHÉP CUNG CẤP DỊCH VỤ MẠNG XÃ HỘI,2025-11-25,Giấy phép chính thức (ABEI - Bộ TT&TT),162/GP-BVHTTDL,valid,https://giayphep.abei.gov.vn/
batdongsancafe.com.vn,CÔNG TY CỔ PHẦN BATDONGSANCAFE.VN,GIẤY PHÉP CUNG CẤP DỊCH VỤ MẠNG XÃ HỘI,2019-10-03,Giấy phép chính thức (ABEI - Bộ TT&TT),422/GP-BTTTT,invalid,https://giayphep.abei.gov.vn/
batdongsanforum.vn,CÔNG TY TNHH TƯ VẤN BẤT ĐỘNG SẢN SÀI GÒN GIA ĐỊNH,GIẤY PHÉP CUNG CẤP DỊCH VỤ MẠNG XÃ HỘI,2020-07-30,Giấy phép chính thức (ABEI - Bộ TT&TT),331/GP-BTTTT,valid,https://giayphep.abei.gov.vn/
bathoang.vn,CÔNG TY TNHH SOHA,QUYẾT ĐỊNH PHÁT HÀNH TRÒ CHƠI ĐIỆN TỬ G1 TRÊN MẠNG,2020-03-09,Giấy phép chính thức (ABEI - Bộ TT&TT),311 /QĐ-BTTTT,valid,https://giayphep.abei.gov.vn/
bavuong.com.vn,CÔNG TY CỔ PHẦN VTC DỊCH VỤ DI ĐỘNG,QUYẾT ĐỊNH PHÁT HÀNH TRÒ CHƠI ĐIỆN TỬ G1 TRÊN MẠNG,2016-05-25,Giấy phép chính thức (ABEI - Bộ TT&TT),875/QĐ-BTTTT,invalid,https://giayphep.abei.gov.vn/
bavuongthienha.vn,CÔNG TY CỔ PHẦN TRỰC TUYẾN DUO,QUYẾT ĐỊNH PHÁT HÀNH TRÒ CHƠI ĐIỆN TỬ G1 TRÊN MẠNG,2023-02-23,Giấy phép chính thức (ABEI - Bộ TT&TT),234/QĐ-BTTTT,invalid,https://giayphep.abei.gov.vn/
bavuongtruyenky.vn,CÔNG TY CỔ PHẦN TRỰC TUYẾN DUO,QUYẾT ĐỊNH PHÁT HÀNH TRÒ CHƠI ĐIỆN TỬ G1 TRÊN MẠNG,2023-10-12,Giấy phép chính thức (ABEI - Bộ TT&TT),1962/QĐ-BTTTT,invalid,https://giayphep.abei.gov.vn/
bb.360game.vn,CÔNG TY TNHH NỘI DUNG SỐ NGUYÊN BẢO,QUYẾT ĐỊNH PHÁT HÀNH TRÒ CHƠI ĐIỆN TỬ G1 TRÊN MẠNG,2018-12-10,Giấy phép chính thức (ABEI - Bộ TT&TT),2116/QĐ-BTTTT,valid,https://giayphep.abei.gov.vn/
bbdc.gamate.vn,CÔNG TY TNHH CÔNG NGHỆ GIẢI TRÍ CHÂU Á,QUYẾT ĐỊNH PHÁT HÀNH TRÒ CHƠI ĐIỆN TỬ G1 TRÊN MẠNG,2021-08-30,Giấy phép chính thức (ABEI - Bộ TT&TT),1320/QĐ-BTTTT,valid,https://giayphep.abei.gov.vn/
bcd389.gov.vn,VĂN PHÒNG THƯỜNG TRỰC BAN CHỈ ĐẠO 389 QUỐC GIA,GIẤY PHÉP THIẾT LẬP TRANG THÔNG TIN ĐIỆN TỬ TỔNG HỢP,2016-04-22,Giấy phép chính thức (ABEI - Bộ TT&TT),34/GP-TTĐT,invalid,https://giayphep.abei.gov.vn/
bcgenz.skw.vn,CÔNG TY CỔ PHẦN SKYWAY ,QUYẾT ĐỊNH PHÁT HÀNH TRÒ CHƠI ĐIỆN TỬ G1 TRÊN MẠNG,2026-03-10,Giấy phép chính thức (ABEI - Bộ TT&TT),119/QĐ-PTTH&TTĐT,valid,https://giayphep.abei.gov.vn/
bcsi.edu.vn,VIỆN NGHIÊN CỨU CHIẾN LƯỢC THƯƠNG HIỆU VÀ CẠNH TRANH,GIẤY PHÉP THIẾT LẬP TRANG THÔNG TIN ĐIỆN TỬ TỔNG HỢP,2023-12-14,Giấy phép chính thức (ABEI - Bộ TT&TT),218/GP-TTĐT,valid,https://giayphep.abei.gov.vn/
bcvv.choingay.vn,Công ty TNHH VNGGames,QUYẾT ĐỊNH PHÁT HÀNH TRÒ CHƠI ĐIỆN TỬ G1 TRÊN MẠNG,2026-01-23,Giấy phép chính thức (ABEI - Bộ TT&TT),26/QĐ-PTTH&TTĐT,valid,https://giayphep.abei.gov.vn/
bd.gaba.vn,CÔNG TY CỔ PHẦN TRÒ CHƠI VEGA,QUYẾT ĐỊNH PHÁT HÀNH TRÒ CHƠI ĐIỆN TỬ G1 TRÊN MẠNG,2016-06-30,Giấy phép chính thức (ABEI - Bộ TT&TT),1133/QĐ-BTTTT,valid,https://giayphep.abei.gov.vn/
bdgc.vtcgame.vn,CÔNG TY VTC CÔNG NGHỆ VÀ NỘI DUNG SỐ,"GIẤY XÁC NHẬN THÔNG BÁO PHÁT HÀNH TRÒ CHƠI ĐIỆN TỬ G2,G3,G4",2023-11-15,Giấy phép chính thức (ABEI - Bộ TT&TT),204/GXN-PTTH&TTĐT,valid,https://giayphep.abei.gov.vn/
bdnk.vgpjsc.vn,CÔNG TY CỔ PHẦN VGP,QUYẾT ĐỊNH PHÁT HÀNH TRÒ CHƠI ĐIỆN TỬ G1 TRÊN MẠNG,2019-04-12,Giấy phép chính thức (ABEI - Bộ TT&TT),570 /QĐ-BTTTT,invalid,https://giayphep.abei.gov.vn/
bdr.gaba.vn,CÔNG TY CỔ PHẦN TRÒ CHƠI VEGA,QUYẾT ĐỊNH PHÁT HÀNH TRÒ CHƠI ĐIỆN TỬ G1 TRÊN MẠNG,2017-02-16,Giấy phép chính thức (ABEI - Bộ TT&TT),159/QĐ-BTTTT,valid,https://giayphep.abei.gov.vn/
bdttg.gov.vn,BỘ DÂN TỘC VÀ TÔN GIÁO,GIẤY PHÉP THIẾT LẬP TRANG THÔNG TIN ĐIỆN TỬ TỔNG HỢP,2025-12-22,Giấy phép chính thức (ABEI - Bộ TT&TT),221/GP-TTĐT,valid,https://giayphep.abei.gov.vn/
bdtw.org.vn,BAN ĐỐI NGOẠI TRUNG ƯƠNG ĐẢNG,GIẤY PHÉP THIẾT LẬP TRANG THÔNG TIN ĐIỆN TỬ TỔNG HỢP,2020-10-21,Giấy phép chính thức (ABEI - Bộ TT&TT),194/GP-TTĐT,valid,https://giayphep.abei.gov.vn/
beapro.vtcgame.vn,CÔNG TY VTC CÔNG NGHỆ VÀ NỘI DUNG SỐ,QUYẾT ĐỊNH PHÁT HÀNH TRÒ CHƠI ĐIỆN TỬ G1 TRÊN MẠNG,2024-05-07,Giấy phép chính thức (ABEI - Bộ TT&TT),725/QĐ-BTTTT,valid,https://giayphep.abei.gov.vn/
beastlord.gamota.com,CÔNG TY CỔ PHẦN GAMOTA,QUYẾT ĐỊNH PHÁT HÀNH TRÒ CHƠI ĐIỆN TỬ G1 TRÊN MẠNG,2023-07-27,Giấy phép chính thức (ABEI - Bộ TT&TT),1391/QĐ-BTTTT,valid,https://giayphep.abei.gov.vn/
beautifun.vn,CÔNG TY TNHH DỊCH VỤ KC VIỆT NAM,GIẤY PHÉP CUNG CẤP DỊCH VỤ MẠNG XÃ HỘI,2017-09-08,Giấy phép chính thức (ABEI - Bộ TT&TT),426/GP-BTTTT,valid,https://giayphep.abei.gov.vn/
beep.vn,CÔNG TY CỔ PHẦN CÔNG NGHỆ BW VIỆT NAM,GIẤY PHÉP CUNG CẤP DỊCH VỤ MẠNG XÃ HỘI,2019-12-10,Giấy phép chính thức (ABEI - Bộ TT&TT),538/GP-BTTTT,valid,https://giayphep.abei.gov.vn/
begreater.com.vn,CÔNG TY CỔ PHẦN TƯ VẤN TRUYỀN THÔNG MVV SNP,GIẤY PHÉP CUNG CẤP DỊCH VỤ MẠNG XÃ HỘI,2020-09-15,Giấy phép chính thức (ABEI - Bộ TT&TT),392/GP-BTTTT,valid,https://giayphep.abei.gov.vn/
begreater.vn,CÔNG TY CỔ PHẦN TƯ VẤN TRUYỀN THÔNG MVV SNP,GIẤY PHÉP CUNG CẤP DỊCH VỤ MẠNG XÃ HỘI,2020-09-15,Giấy phép chính thức (ABEI - Bộ TT&TT),392/GP-BTTTT,valid,https://giayphep.abei.gov.vn/
bekhoemevui.net.vn,CÔNG TY CỔ PHẦN DƯỢC PHẨM VINH GIA,GIẤY PHÉP CUNG CẤP DỊCH VỤ MẠNG XÃ HỘI,2017-05-31,Giấy phép chính thức (ABEI - Bộ TT&TT),254/GP-BTTTT,valid,https://giayphep.abei.gov.vn/
bem2.vn,CÔNG TY CỔ PHẦN VCCORP,QUYẾT ĐỊNH PHÁT HÀNH TRÒ CHƠI ĐIỆN TỬ G1 TRÊN MẠNG,2017-11-13,Giấy phép chính thức (ABEI - Bộ TT&TT),1970/QĐ-BTTTT,invalid,https://giayphep.abei.gov.vn/
bemeocuatoi.playfun.vn,CÔNG TY CỔ PHẦN FUNTAP,QUYẾT ĐỊNH PHÁT HÀNH TRÒ CHƠI ĐIỆN TỬ G1 TRÊN MẠNG,2024-06-10,Giấy phép chính thức (ABEI - Bộ TT&TT),946 /QĐ-BTTTT,valid,https://giayphep.abei.gov.vn/
benhvienk.vn,BỆNH VIỆN K,GIẤY PHÉP THIẾT LẬP TRANG THÔNG TIN ĐIỆN TỬ TỔNG HỢP,2020-09-28,Giấy phép chính thức (ABEI - Bộ TT&TT),180/GP-TTĐT,valid,https://giayphep.abei.gov.vn/
beonline.com.vn,CÔNG TY TNHH HÀM TRỰC TUYẾN,GIẤY PHÉP CUNG CẤP DỊCH VỤ MẠNG XÃ HỘI,2026-05-12,Giấy phép chính thức (ABEI - Bộ TT&TT),59/GP-BVHTTDL,valid,https://giayphep.abei.gov.vn/
bestlife.net.vn,CÔNG TY CỔ PHẦN TRUYỀN THÔNG DOANH NHÂN VÀ XÃ HỘI,GIẤY PHÉP CUNG CẤP DỊCH VỤ MẠNG XÃ HỘI,2020-09-30,Giấy phép chính thức (ABEI - Bộ TT&TT),431/GP-BTTTT,valid,https://giayphep.abei.gov.vn/
betia.goplay.vn,CÔNG TY CỔ PHẦN VTC TRUYỀN THÔNG TRỰC TUYẾN,"GIẤY XÁC NHẬN THÔNG BÁO PHÁT HÀNH TRÒ CHƠI ĐIỆN TỬ G2,G3,G4",2023-08-09,Giấy phép chính thức (ABEI - Bộ TT&TT),123/GXN-PTTH&TTĐT,valid,https://giayphep.abei.gov.vn/
beyeu.com,CÔNG TY CỔ PHẦN LINE VIỆT NAM,GIẤY PHÉP CUNG CẤP DỊCH VỤ MẠNG XÃ HỘI,2020-07-27,Giấy phép chính thức (ABEI - Bộ TT&TT),324/GP-BTTTT,valid,https://giayphep.abei.gov.vn/
beyeu.net.vn,CÔNG TY CỔ PHẦN LINE VIỆT NAM,GIẤY PHÉP CUNG CẤP DỊCH VỤ MẠNG XÃ HỘI,2020-07-27,Giấy phép chính thức (ABEI - Bộ TT&TT),324/GP-BTTTT,valid,https://giayphep.abei.gov.vn/
beyondatoms.vn,Công ty TNHH Beyond Atoms,QUYẾT ĐỊNH PHÁT HÀNH TRÒ CHƠI ĐIỆN TỬ G1 TRÊN MẠNG,2025-04-15,Giấy phép chính thức (ABEI - Bộ TT&TT),115/QĐ-PTTH&TTĐT,valid,https://giayphep.abei.gov.vn/
beyoo.vn,CÔNG TY TNHH BEYOO,GIẤY PHÉP CUNG CẤP DỊCH VỤ MẠNG XÃ HỘI,2019-10-18,Giấy phép chính thức (ABEI - Bộ TT&TT),449/GP-BTTTT,valid,https://giayphep.abei.gov.vn/
bf.360game.vn,CÔNG TY CỔ PHẦN VNG,QUYẾT ĐỊNH PHÁT HÀNH TRÒ CHƠI ĐIỆN TỬ G1 TRÊN MẠNG,2016-05-05,Giấy phép chính thức (ABEI - Bộ TT&TT),713/QĐ-BTTTT,invalid,https://giayphep.abei.gov.vn/
bgt.gaba.vn,CÔNG TY CỔ PHẦN TRÒ CHƠI VEGA,QUYẾT ĐỊNH PHÁT HÀNH TRÒ CHƠI ĐIỆN TỬ G1 TRÊN MẠNG,2016-05-23,Giấy phép chính thức (ABEI - Bộ TT&TT),850/QĐ-BTTTT,valid,https://giayphep.abei.gov.vn/
bhvietnam.net.vn,TRUNG TÂM PHÁT TRIỂN VÀ HỘI NHẬP (CDI),GIẤY PHÉP THIẾT LẬP TRANG THÔNG TIN ĐIỆN TỬ TỔNG HỢP,2019-02-26,Giấy phép chính thức (ABEI - Bộ TT&TT),27/GP-TTĐT,valid,https://giayphep.abei.gov.vn/
bhxhbqp.vn,BẢO HIỂM XÃ HỘI BỘ QUỐC PHÒNG,GIẤY PHÉP THIẾT LẬP TRANG THÔNG TIN ĐIỆN TỬ TỔNG HỢP,2013-06-12,Giấy phép chính thức (ABEI - Bộ TT&TT),77/GP-TTĐT,invalid,https://giayphep.abei.gov.vn/
bhxhdienbien.gov.vn,BẢO HIỂM XÃ HỘI TỈNH ĐIỆN BIÊN,GIẤY PHÉP THIẾT LẬP TRANG THÔNG TIN ĐIỆN TỬ TỔNG HỢP,2013-08-30,Giấy phép chính thức (ABEI - Bộ TT&TT),132/GP-TTĐT,invalid,https://giayphep.abei.gov.vn/
bida.zagoo.vn,CÔNG TY TNHH ZIE,QUYẾT ĐỊNH PHÁT HÀNH TRÒ CHƠI ĐIỆN TỬ G1 TRÊN MẠNG,2025-06-06,Giấy phép chính thức (ABEI - Bộ TT&TT),237/QĐ-PTTH&TTĐT,invalid,https://giayphep.abei.gov.vn/
bida.zalogames.me,CÔNG TY TNHH ZIE,QUYẾT ĐỊNH PHÁT HÀNH TRÒ CHƠI ĐIỆN TỬ G1 TRÊN MẠNG,2026-05-18,Giấy phép chính thức (ABEI - Bộ TT&TT),258/QĐ-PTTH&TTĐT,valid,https://giayphep.abei.gov.vn/
bida2d.zingplay.com,CÔNG TY TNHH ZINGPLAY VIỆT NAM,QUYẾT ĐỊNH PHÁT HÀNH TRÒ CHƠI ĐIỆN TỬ G1 TRÊN MẠNG,2024-05-15,Giấy phép chính thức (ABEI - Bộ TT&TT),797/QĐ-BTTTT,valid,https://giayphep.abei.gov.vn/
bida3d.zingplay.com,Công ty TNHH ZingPlay Việt Nam,QUYẾT ĐỊNH PHÁT HÀNH TRÒ CHƠI ĐIỆN TỬ G1 TRÊN MẠNG,2026-03-25,Giấy phép chính thức (ABEI - Bộ TT&TT),145/QĐ-PTTH&TTĐT,valid,https://giayphep.abei.gov.vn/
bidado.vn,CÔNG TY CỔ PHẦN VTC DỊCH VỤ ĐI ĐỘNG,QUYẾT ĐỊNH PHÁT HÀNH TRÒ CHƠI ĐIỆN TỬ G1 TRÊN MẠNG,2017-09-25,Giấy phép chính thức (ABEI - Bộ TT&TT),1592/QĐ-BTTTT,invalid,https://giayphep.abei.gov.vn/
bidaonline.com,CÔNG TY CỔ PHẦN TRUYỀN THÔNG ĐA PHƯƠNG TIỆN THỦ ĐÔ,QUYẾT ĐỊNH PHÁT HÀNH TRÒ CHƠI ĐIỆN TỬ G1 TRÊN MẠNG,2018-05-25,Giấy phép chính thức (ABEI - Bộ TT&TT),799/QĐ-BTTTT,valid,https://giayphep.abei.gov.vn/
bidata.vn,CÔNG TY CỔ PHẦN TRUYỀN THÔNG VÀ CÔNG NGHỆ BIDATA,GIẤY PHÉP CUNG CẤP DỊCH VỤ MẠNG XÃ HỘI,2021-10-19,Giấy phép chính thức (ABEI - Bộ TT&TT),677/GP-BTTTT,valid,https://giayphep.abei.gov.vn/
bidu.vn,CÔNG TY TNHH MJ ART GROUP,GIẤY PHÉP CUNG CẤP DỊCH VỤ MẠNG XÃ HỘI,2024-04-05,Giấy phép chính thức (ABEI - Bộ TT&TT),87/GP-BTTTT,valid,https://giayphep.abei.gov.vn/
biendoikhikhau.gov.vn,"BÁO PHÁT THANH, TRUYỀN HÌNH VÀ THÔNG TIN ĐIỆN TỬ",GIẤY PHÉP THIẾT LẬP TRANG THÔNG TIN ĐIỆN TỬ TỔNG HỢP,2013-08-22,Giấy phép chính thức (ABEI - Bộ TT&TT),119/GP-TTĐT,invalid,https://giayphep.abei.gov.vn/
biengioibienbentre.vn,SỞ THÔNG TIN VÀ TRUYỀN THÔNG BẾN TRE,GIẤY PHÉP THIẾT LẬP TRANG THÔNG TIN ĐIỆN TỬ TỔNG HỢP,2013-03-05,Giấy phép chính thức (ABEI - Bộ TT&TT),23/GP-TTĐT,invalid,https://giayphep.abei.gov.vn/
bienphongvietnam.com.vn,BỘ TƯ LỆNH BỘ ĐỘI BIÊN PHÒNG,GIẤY PHÉP THIẾT LẬP TRANG THÔNG TIN ĐIỆN TỬ TỔNG HỢP,2016-12-14,Giấy phép chính thức (ABEI - Bộ TT&TT),251/GP-TTĐT,invalid,https://giayphep.abei.gov.vn/
bienphongvietnam.gov.vn,BỘ TƯ LỆNH BỘ ĐỘI BIÊN PHÒNG,GIẤY PHÉP THIẾT LẬP TRANG THÔNG TIN ĐIỆN TỬ TỔNG HỢP,2016-12-14,Giấy phép chính thức (ABEI - Bộ TT&TT),251/GP-TTĐT,invalid,https://giayphep.abei.gov.vn/
bienphongvietnam.vn,BỘ TƯ LỆNH BỘ ĐỘI BIÊN PHÒNG,GIẤY PHÉP THIẾT LẬP TRANG THÔNG TIN ĐIỆN TỬ TỔNG HỢP,2016-12-14,Giấy phép chính thức (ABEI - Bộ TT&TT),251/GP-TTĐT,invalid,https://giayphep.abei.gov.vn/
bietdoi.vtcgame.vn,CÔNG TY VTC CÔNG NGHỆ VÀ NỘI DUNG SỐ,QUYẾT ĐỊNH PHÁT HÀNH TRÒ CHƠI ĐIỆN TỬ G1 TRÊN MẠNG,2019-09-04,Giấy phép chính thức (ABEI - Bộ TT&TT),1436/QĐ-BTTTT,invalid,https://giayphep.abei.gov.vn/
bietdoi3q.vn,CÔNG TY CỔ PHẦN TRỰC TUYẾN DUO,QUYẾT ĐỊNH PHÁT HÀNH TRÒ CHƠI ĐIỆN TỬ G1 TRÊN MẠNG,2021-08-31,Giấy phép chính thức (ABEI - Bộ TT&TT),1347 /QĐ-BTTTT,valid,https://giayphep.abei.gov.vn/
bietdoivodich.vn,CÔNG TY CỔ PHẦN 9PLAY,QUYẾT ĐỊNH PHÁT HÀNH TRÒ CHƠI ĐIỆN TỬ G1 TRÊN MẠNG,2021-11-09,Giấy phép chính thức (ABEI - Bộ TT&TT),1777/QĐ-BTTTT,valid,https://giayphep.abei.gov.vn/
bigbangthoikhong.vn,CÔNG TY CỔ PHẦN ĐẦU TƯ CÔNG NGHỆ VISION INVEST,QUYẾT ĐỊNH PHÁT HÀNH TRÒ CHƠI ĐIỆN TỬ G1 TRÊN MẠNG,2024-12-03,Giấy phép chính thức (ABEI - Bộ TT&TT),2103/QĐ-BTTTT,valid,https://giayphep.abei.gov.vn/
bigidol.vn,CÔNG TY CỔ PHẦN TRUYỀN SỐ LIỆU VIỆT NAM,GIẤY PHÉP CUNG CẤP DỊCH VỤ MẠNG XÃ HỘI,2017-03-30,Giấy phép chính thức (ABEI - Bộ TT&TT),125/GP-BTTTT,invalid,https://giayphep.abei.gov.vn/
bim.gov.vn,BAN CHỈ ĐẠO THỰC HIỆN ĐỀ ÁN ÁP DỤNG MÔ HÌNH THÔNG TIN CÔNG TRÌNH (BIM) TRONG HOẠT ĐỘNG XÂY DỰNG VÀ QUẢN LÝ VẬN HÀNH CÔNG TRÌNH,GIẤY PHÉP THIẾT LẬP TRANG THÔNG TIN ĐIỆN TỬ TỔNG HỢP,2017-06-28,Giấy phép chính thức (ABEI - Bộ TT&TT),221/GP-TTĐT,invalid,https://giayphep.abei.gov.vn/
bimatchomsao.com.vn,CÔNG TY CỔ PHẦN TRUYỀN THÔNG IMBEE,GIẤY PHÉP CUNG CẤP DỊCH VỤ MẠNG XÃ HỘI,2019-08-19,Giấy phép chính thức (ABEI - Bộ TT&TT),332/GP-BTTTT,invalid,https://giayphep.abei.gov.vn/
bingogame.vn,CÔNG TY TNHH TIẾP THỊ GIẢI TRÍ PRIMAGENA&CRONUS,"GIẤY XÁC NHẬN THÔNG BÁO PHÁT HÀNH TRÒ CHƠI ĐIỆN TỬ G2,G3,G4",2019-08-08,Giấy phép chính thức (ABEI - Bộ TT&TT),140/GXN-PTTH&TTĐT,valid,https://giayphep.abei.gov.vn/
binh-minh.vn,CÔNG TY TNHH DỊCH VỤ PHẦN MỀM BÌNH MINH,QUYẾT ĐỊNH PHÁT HÀNH TRÒ CHƠI ĐIỆN TỬ G1 TRÊN MẠNG,2025-04-29,Giấy phép chính thức (ABEI - Bộ TT&TT),154/QĐ-PTTH&TTĐT,valid,https://giayphep.abei.gov.vn/
binhdinh.gov.vn,SỞ THÔNG TIN VÀ TRUYỀN THÔNG BÌNH ĐỊNH,GIẤY PHÉP THIẾT LẬP TRANG THÔNG TIN ĐIỆN TỬ TỔNG HỢP,2017-07-14,Giấy phép chính thức (ABEI - Bộ TT&TT),238/GP-TTĐT,valid,https://giayphep.abei.gov.vn/
binhdoanz.vn,CÔNG TY CỔ PHẦN GIẢI TRÍ TRỰC TUYẾN 3T,QUYẾT ĐỊNH PHÁT HÀNH TRÒ CHƠI ĐIỆN TỬ G1 TRÊN MẠNG,2026-07-13,Giấy phép chính thức (ABEI - Bộ TT&TT),414/QĐ-PTTH&TTĐT,valid,https://giayphep.abei.gov.vn/
binhphap37ke.vn,CÔNG TY TNHH SOHA,QUYẾT ĐỊNH PHÁT HÀNH TRÒ CHƠI ĐIỆN TỬ G1 TRÊN MẠNG,2022-06-13,Giấy phép chính thức (ABEI - Bộ TT&TT),1074 /QĐ-BTTTT,valid,https://giayphep.abei.gov.vn/
bist.org.vn,VIỆN CHIẾN LƯỢC NGÂN HÀNG,GIẤY PHÉP THIẾT LẬP TRANG THÔNG TIN ĐIỆN TỬ TỔNG HỢP,2016-02-01,Giấy phép chính thức (ABEI - Bộ TT&TT),07/GP-TTĐT,valid,https://giayphep.abei.gov.vn/
biz.oeg.vn,CÔNG TY CỔ PHẦN TẬP ĐOÀN GIẢI TRÍ ĐẠI DƯƠNG,QUYẾT ĐỊNH PHÁT HÀNH TRÒ CHƠI ĐIỆN TỬ G1 TRÊN MẠNG,2026-05-14,Giấy phép chính thức (ABEI - Bộ TT&TT),245/QĐ-PTTH&TTĐT,valid,https://giayphep.abei.gov.vn/
bizedge.vn,CÔNG TY CỔ PHẦN SMART MARKETING COMMUNICATION,GIẤY PHÉP CUNG CẤP DỊCH VỤ MẠNG XÃ HỘI,2021-03-19,Giấy phép chính thức (ABEI - Bộ TT&TT),165/GP-BTTTT,valid,https://giayphep.abei.gov.vn/
bizinvest.vn,CÔNG TY TNHH TRUYỀN THÔNG THƯƠNG HIỆU MỚI,GIẤY PHÉP CUNG CẤP DỊCH VỤ MẠNG XÃ HỘI,2026-05-12,Giấy phép chính thức (ABEI - Bộ TT&TT),61/GP-BVHTTDL,valid,https://giayphep.abei.gov.vn/
biztime.com.vn,CÔNG TY TNHH HÀNG VIỆT NAM CHẤT LƯỢNG CAO,GIẤY PHÉP CUNG CẤP DỊCH VỤ MẠNG XÃ HỘI,2020-02-24,Giấy phép chính thức (ABEI - Bộ TT&TT),65/GP-BTTTT,valid,https://giayphep.abei.gov.vn/
biztoday.vn,HIỆP HỘI DOANH NGHIỆP NHỎ VÀ VỪA KHU VỰC PHÍA NAM,GIẤY PHÉP THIẾT LẬP TRANG THÔNG TIN ĐIỆN TỬ TỔNG HỢP,2020-10-05,Giấy phép chính thức (ABEI - Bộ TT&TT),183/GP-TTĐT,valid,https://giayphep.abei.gov.vn/
bklr3d.360game.vn,CÔNG TY CỔ PHẦN VNG,QUYẾT ĐỊNH PHÁT HÀNH TRÒ CHƠI ĐIỆN TỬ G1 TRÊN MẠNG,2016-06-30,Giấy phép chính thức (ABEI - Bộ TT&TT),1146/QĐ-BTTTT,invalid,https://giayphep.abei.gov.vn/
bktv.vn,ĐÀI PHÁT THANH VÀ TRUYỀN HÌNH BẮC KẠN,GIẤY PHÉP THIẾT LẬP TRANG THÔNG TIN ĐIỆN TỬ TỔNG HỢP,2020-01-22,Giấy phép chính thức (ABEI - Bộ TT&TT),10/GP-TTĐT,invalid,https://giayphep.abei.gov.vn/
bl.noxvn.com,CÔNG TY TNHH GIẢI TRÍ N9,QUYẾT ĐỊNH PHÁT HÀNH TRÒ CHƠI ĐIỆN TỬ G1 TRÊN MẠNG,2018-04-20,Giấy phép chính thức (ABEI - Bộ TT&TT),573/QĐ-BTTTT,valid,https://giayphep.abei.gov.vn/
blacksmith.boardcraftonline.vn,Công ty TNHH ZingPlay Việt Nam,QUYẾT ĐỊNH PHÁT HÀNH TRÒ CHƠI ĐIỆN TỬ G1 TRÊN MẠNG,2026-03-12,Giấy phép chính thức (ABEI - Bộ TT&TT),128/QĐ-PTTH&TTĐT,valid,https://giayphep.abei.gov.vn/
bleach.vn,CÔNG TY CỔ PHẦN TIÊU ĐIỂM VIỆT NAM,QUYẾT ĐỊNH PHÁT HÀNH TRÒ CHƠI ĐIỆN TỬ G1 TRÊN MẠNG,2017-10-18,Giấy phép chính thức (ABEI - Bộ TT&TT),1774/QĐ-BTTTT,valid,https://giayphep.abei.gov.vn/
bleachsr.vn,CÔNG TY CỔ PHẦN CÔNG NGHỆ MOBI-GAME,QUYẾT ĐỊNH PHÁT HÀNH TRÒ CHƠI ĐIỆN TỬ G1 TRÊN MẠNG,2025-12-31,Giấy phép chính thức (ABEI - Bộ TT&TT),598/QĐ-PTTH&TTĐT,valid,https://giayphep.abei.gov.vn/
blissinc.vn,CÔNG TY CỔ PHẦN BLISS,QUYẾT ĐỊNH PHÁT HÀNH TRÒ CHƠI ĐIỆN TỬ G1 TRÊN MẠNG,2019-08-20,Giấy phép chính thức (ABEI - Bộ TT&TT),1354/QĐ-BTTTT,valid,https://giayphep.abei.gov.vn/
blktv.vn,ĐÀI PHÁT THANH VÀ TRUYỀN HÌNH BẮC KẠN,GIẤY PHÉP THIẾT LẬP TRANG THÔNG TIN ĐIỆN TỬ TỔNG HỢP,2016-12-14,Giấy phép chính thức (ABEI - Bộ TT&TT),253/GP-TTĐT,invalid,https://giayphep.abei.gov.vn/
blockmango.net.vn,CÔNG TY TNHH DỊCH VỤ PHẦN MỀM BÌNH MINH,QUYẾT ĐỊNH PHÁT HÀNH TRÒ CHƠI ĐIỆN TỬ G1 TRÊN MẠNG,2022-07-22,Giấy phép chính thức (ABEI - Bộ TT&TT),1417/QĐ-BTTTT,invalid,https://giayphep.abei.gov.vn/
bloodchaosm.vn,CÔNG TY TNHH SOHA,QUYẾT ĐỊNH PHÁT HÀNH TRÒ CHƠI ĐIỆN TỬ G1 TRÊN MẠNG,2021-01-22,Giấy phép chính thức (ABEI - Bộ TT&TT),84 /QĐ-BTTTT,valid,https://giayphep.abei.gov.vn/
bloodmoon.vn,CÔNG TY CỔ PHẦN GIẢI PHÁP SỐ VISION NETWORK VIỆT NAM,QUYẾT ĐỊNH PHÁT HÀNH TRÒ CHƠI ĐIỆN TỬ G1 TRÊN MẠNG,2024-10-18,Giấy phép chính thức (ABEI - Bộ TT&TT),1788/QĐ-BTTTT,valid,https://giayphep.abei.gov.vn/
bltt.esgame.com.vn,CÔNG TY CỔ PHẦN ĐẦU TƯ & CÔNG NGHỆ MCORP,QUYẾT ĐỊNH PHÁT HÀNH TRÒ CHƠI ĐIỆN TỬ G1 TRÊN MẠNG,2021-02-08,Giấy phép chính thức (ABEI - Bộ TT&TT),175/QĐ-BTTTT,valid,https://giayphep.abei.gov.vn/
bluedream.vn,CÔNG TY TNHH KỸ THUẬT CÔNG NGHỆ BLUE DREAM ,QUYẾT ĐỊNH PHÁT HÀNH TRÒ CHƠI ĐIỆN TỬ G1 TRÊN MẠNG,2026-02-13,Giấy phép chính thức (ABEI - Bộ TT&TT),96/QĐ-PTTH&TTĐT,valid,https://giayphep.abei.gov.vn/
bluegame.vn,CÔNG TY TNHH KỸ THUẬT CÔNG NGHỆ BLUE DREAM ,QUYẾT ĐỊNH PHÁT HÀNH TRÒ CHƠI ĐIỆN TỬ G1 TRÊN MẠNG,2026-02-13,Giấy phép chính thức (ABEI - Bộ TT&TT),96/QĐ-PTTH&TTĐT,valid,https://giayphep.abei.gov.vn/
bluesea.vn,CÔNG TY CỔ PHẦN CÔNG NGHỆ VÀ TRUYỀN THÔNG BIỂN XANH,QUYẾT ĐỊNH PHÁT HÀNH TRÒ CHƠI ĐIỆN TỬ G1 TRÊN MẠNG,2020-04-15,Giấy phép chính thức (ABEI - Bộ TT&TT),574/QĐ-BTTTT,invalid,https://giayphep.abei.gov.vn/
bmtca.vn,HIỆP HỘI CÀ PHÊ BUÔN MA THUỘT,GIẤY PHÉP THIẾT LẬP TRANG THÔNG TIN ĐIỆN TỬ TỔNG HỢP,2013-04-05,Giấy phép chính thức (ABEI - Bộ TT&TT),37/GP-TTĐT,invalid,https://giayphep.abei.gov.vn/
bncnews.vn,BAN BIÊN TẬP TIN KINH TẾ,GIẤY PHÉP THIẾT LẬP TRANG THÔNG TIN ĐIỆN TỬ TỔNG HỢP,2021-07-28,Giấy phép chính thức (ABEI - Bộ TT&TT),128/GP-TTĐT,valid,https://giayphep.abei.gov.vn/
bnews.vn,BAN BIÊN TẬP TIN KINH TẾ,GIẤY PHÉP THIẾT LẬP TRANG THÔNG TIN ĐIỆN TỬ TỔNG HỢP,2015-09-08,Giấy phép chính thức (ABEI - Bộ TT&TT),132/GPSĐBS-TTĐT,invalid,https://giayphep.abei.gov.vn/
boardcraftonline.vn,Công ty TNHH ZingPlay Việt Nam,QUYẾT ĐỊNH PHÁT HÀNH TRÒ CHƠI ĐIỆN TỬ G1 TRÊN MẠNG,2026-02-13,Giấy phép chính thức (ABEI - Bộ TT&TT),94/QĐ-PTTH&TTĐT,invalid,https://giayphep.abei.gov.vn/
bolac.360mobi.vn,CÔNG TY TNHH NỘI DUNG SỐ NGUYÊN BẢO,QUYẾT ĐỊNH PHÁT HÀNH TRÒ CHƠI ĐIỆN TỬ G1 TRÊN MẠNG,2017-11-13,Giấy phép chính thức (ABEI - Bộ TT&TT),1971/QĐ-BTTTT,valid,https://giayphep.abei.gov.vn/
bolac3q.vn,CÔNG TY CỔ PHẦN TRỰC TUYẾN CMN VIỆT NAM,QUYẾT ĐỊNH PHÁT HÀNH TRÒ CHƠI ĐIỆN TỬ G1 TRÊN MẠNG,2026-03-10,Giấy phép chính thức (ABEI - Bộ TT&TT),121/QĐ-PTTH&TTĐT,valid,https://giayphep.abei.gov.vn/
bolacthanthu.vn,CÔNG TY CỔ PHẦN WETAPS,QUYẾT ĐỊNH PHÁT HÀNH TRÒ CHƠI ĐIỆN TỬ G1 TRÊN MẠNG,2023-03-27,Giấy phép chính thức (ABEI - Bộ TT&TT),455/QĐ-BTTTT,valid,https://giayphep.abei.gov.vn/
bomber.vnggamers.com,CÔNG TY CỔ PHẦN VNG,QUYẾT ĐỊNH PHÁT HÀNH TRÒ CHƠI ĐIỆN TỬ G1 TRÊN MẠNG,2025-04-22,Giấy phép chính thức (ABEI - Bộ TT&TT),135/QĐ-PTTH&TTĐT,valid,https://giayphep.abei.gov.vn/
bomber.vnggames.com,CÔNG TY CỔ PHẦN VNG,QUYẾT ĐỊNH PHÁT HÀNH TRÒ CHƠI ĐIỆN TỬ G1 TRÊN MẠNG,2024-06-20,Giấy phép chính thức (ABEI - Bộ TT&TT),1000/QĐ-BTTTT,invalid,https://giayphep.abei.gov.vn/
bongda.360mobi.vn,CÔNG TY TNHH NỘI DUNG SỐ NGUYÊN BẢO,QUYẾT ĐỊNH PHÁT HÀNH TRÒ CHƠI ĐIỆN TỬ G1 TRÊN MẠNG,2018-01-11,Giấy phép chính thức (ABEI - Bộ TT&TT),30/QĐ-BTTTT,valid,https://giayphep.abei.gov.vn/
bookingkol.com.vn,CÔNG TY CỔ PHẦN BOOKING KOL,GIẤY PHÉP CUNG CẤP DỊCH VỤ MẠNG XÃ HỘI,2021-03-26,Giấy phép chính thức (ABEI - Bộ TT&TT),182/GP-BTTTT,valid,https://giayphep.abei.gov.vn/
boom.zingplay.com,Công ty TNHH ZingPlay Việt Nam,QUYẾT ĐỊNH PHÁT HÀNH TRÒ CHƠI ĐIỆN TỬ G1 TRÊN MẠNG,2021-10-19,Giấy phép chính thức (ABEI - Bộ TT&TT),1639 /OĐ-BTTTT,valid,https://giayphep.abei.gov.vn/
boomba.vn,CÔNG TY TNHH MYG,QUYẾT ĐỊNH PHÁT HÀNH TRÒ CHƠI ĐIỆN TỬ G1 TRÊN MẠNG,2017-07-27,Giấy phép chính thức (ABEI - Bộ TT&TT),1230/QĐ-BTTTT,valid,https://giayphep.abei.gov.vn/
boomgames.vn,CÔNG TY CỔ PHẦN BOOM GAMES,QUYẾT ĐỊNH PHÁT HÀNH TRÒ CHƠI ĐIỆN TỬ G1 TRÊN MẠNG,2023-10-13,Giấy phép chính thức (ABEI - Bộ TT&TT),1979/QĐ-BTTTT,valid,https://giayphep.abei.gov.vn/
boomm.vtcgame.vn,CÔNG TY VTC CÔNG NGHỆ VÀ NỘI DUNG SỐ,QUYẾT ĐỊNH PHÁT HÀNH TRÒ CHƠI ĐIỆN TỬ G1 TRÊN MẠNG,2019-08-19,Giấy phép chính thức (ABEI - Bộ TT&TT),1342 /QĐ-BTTTT,invalid,https://giayphep.abei.gov.vn/
boommobile.vn,CÔNG TY CỔ PHẦN VTC DỊCH VỤ DI ĐỘNG,QUYẾT ĐỊNH PHÁT HÀNH TRÒ CHƠI ĐIỆN TỬ G1 TRÊN MẠNG,2016-11-24,Giấy phép chính thức (ABEI - Bộ TT&TT),2076/QĐ-BTTTT,invalid,https://giayphep.abei.gov.vn/
booyah.vn,CÔNG TY TNHH DỊCH VỤ PHẦN MỀM THIÊN BÌNH,GIẤY PHÉP CUNG CẤP DỊCH VỤ MẠNG XÃ HỘI,2021-06-25,Giấy phép chính thức (ABEI - Bộ TT&TT),396/GP-BTTTT,valid,https://giayphep.abei.gov.vn/
bovagau.vn,CÔNG TY CỔ PHẦN CÔNG NGHỆ TÀI CHÍNH ENCAPITAL,GIẤY PHÉP CUNG CẤP DỊCH VỤ MẠNG XÃ HỘI,2021-07-05,Giấy phép chính thức (ABEI - Bộ TT&TT),417/GP-BTTTT,valid,https://giayphep.abei.gov.vn/
bqdc.vnggames.com,CÔNG TY CỔ PHẦN TẬP ĐOÀN VNG,QUYẾT ĐỊNH PHÁT HÀNH TRÒ CHƠI ĐIỆN TỬ G1 TRÊN MẠNG,2025-08-15,Giấy phép chính thức (ABEI - Bộ TT&TT),361 /QĐ-PTTH&TTĐT,invalid,https://giayphep.abei.gov.vn/
bqlang.gov.vn,BAN QUẢN LÝ LĂNG CHỦ TỊCH HỒ CHÍ MINH,GIẤY PHÉP THIẾT LẬP TRANG THÔNG TIN ĐIỆN TỬ TỔNG HỢP,2023-11-03,Giấy phép chính thức (ABEI - Bộ TT&TT),193/GP-TTĐT,valid,https://giayphep.abei.gov.vn/
bqllang.gov.vn,BAN QUẢN LÝ LĂNG CHỦ TỊCH HỒ CHÍ MINH,GIẤY PHÉP THIẾT LẬP TRANG THÔNG TIN ĐIỆN TỬ TỔNG HỢP,2018-12-14,Giấy phép chính thức (ABEI - Bộ TT&TT),311/GP-TTĐT,invalid,https://giayphep.abei.gov.vn/
bqllang.govn.vn,BAN QUẢN LÝ LĂNG CHỦ TỊCH HỒ CHÍ MINH,GIẤY PHÉP THIẾT LẬP TRANG THÔNG TIN ĐIỆN TỬ TỔNG HỢP,2017-11-30,Giấy phép chính thức (ABEI - Bộ TT&TT),356/GP-TTĐT,invalid,https://giayphep.abei.gov.vn/
brandsvietnam.vn,CÔNG TY TNHH WEBRAND,GIẤY PHÉP CUNG CẤP DỊCH VỤ MẠNG XÃ HỘI,2019-05-21,Giấy phép chính thức (ABEI - Bộ TT&TT),194 /GP-BTTTT,valid,https://giayphep.abei.gov.vn/
broga.vn,Công ty Cổ phần Broga ,QUYẾT ĐỊNH PHÁT HÀNH TRÒ CHƠI ĐIỆN TỬ G1 TRÊN MẠNG,2026-02-03,Giấy phép chính thức (ABEI - Bộ TT&TT),45/QĐ-PTTH&TTĐT,valid,https://giayphep.abei.gov.vn/
brt.com.vn,ĐÀI PHÁT THANH VÀ TRUYỀN HÌNH BÀ RỊA - VŨNG TÀU,GIẤY PHÉP THIẾT LẬP TRANG THÔNG TIN ĐIỆN TỬ TỔNG HỢP,2019-10-31,Giấy phép chính thức (ABEI - Bộ TT&TT),209/GP-TTĐT,valid,https://giayphep.abei.gov.vn/
brt.org.vn,ĐÀI PHÁT THANH VÀ TRUYỀN HÌNH BÀ RỊA - VŨNG TÀU,GIẤY PHÉP THIẾT LẬP TRANG THÔNG TIN ĐIỆN TỬ TỔNG HỢP,2019-10-31,Giấy phép chính thức (ABEI - Bộ TT&TT),209/GP-TTĐT,valid,https://giayphep.abei.gov.vn/
brt.vn,ĐÀI PHÁT THANH VÀ TRUYỀN HÌNH BÀ RỊA - VŨNG TÀU,GIẤY PHÉP THIẾT LẬP TRANG THÔNG TIN ĐIỆN TỬ TỔNG HỢP,2019-10-31,Giấy phép chính thức (ABEI - Bộ TT&TT),209/GP-TTĐT,valid,https://giayphep.abei.gov.vn/
bschool.vn,CÔNG TY CỔ PHẦN GIÁO DỤC TRỰC TUYẾN BSHOOL,GIẤY PHÉP CUNG CẤP DỊCH VỤ MẠNG XÃ HỘI,2019-10-24,Giấy phép chính thức (ABEI - Bộ TT&TT),453/GP-BTTTT,valid,https://giayphep.abei.gov.vn/
bsi.org.vn,VIỆN CHIẾN LƯỢC NGÂN HÀNG,GIẤY PHÉP THIẾT LẬP TRANG THÔNG TIN ĐIỆN TỬ TỔNG HỢP,2016-02-01,Giấy phép chính thức (ABEI - Bộ TT&TT),07/GP-TTĐT,valid,https://giayphep.abei.gov.vn/
btgcp.gov.vn,BAN TÔN GIÁO CHÍNH PHỦ,GIẤY PHÉP THIẾT LẬP TRANG THÔNG TIN ĐIỆN TỬ TỔNG HỢP,2015-12-18,Giấy phép chính thức (ABEI - Bộ TT&TT),174/GP-TTĐT,invalid,https://giayphep.abei.gov.vn/
btv.com.vn,ĐÀI PHÁT THANH VÀ TRUYỀN HÌNH BÌNH DƯƠNG,GIẤY PHÉP THIẾT LẬP TRANG THÔNG TIN ĐIỆN TỬ TỔNG HỢP,2022-10-27,Giấy phép chính thức (ABEI - Bộ TT&TT),138/GP-TTĐT,valid,https://giayphep.abei.gov.vn/
btv.org.vn,ĐÀI PHÁT THANH VÀ TRUYỀN HÌNH BÌNH DƯƠNG,GIẤY PHÉP THIẾT LẬP TRANG THÔNG TIN ĐIỆN TỬ TỔNG HỢP,2022-10-27,Giấy phép chính thức (ABEI - Bộ TT&TT),138/GP-TTĐT,valid,https://giayphep.abei.gov.vn/
btv.vn,ĐÀI PHÁT THANH VÀ TRUYỀN HÌNH BÌNH DƯƠNG,GIẤY PHÉP THIẾT LẬP TRANG THÔNG TIN ĐIỆN TỬ TỔNG HỢP,2022-10-27,Giấy phép chính thức (ABEI - Bộ TT&TT),138/GP-TTĐT,valid,https://giayphep.abei.gov.vn/
bualiemvang.org.vn,TẠP CHÍ XÂY DỰNG ĐẢNG,GIẤY PHÉP THIẾT LẬP TRANG THÔNG TIN ĐIỆN TỬ TỔNG HỢP,2017-07-12,Giấy phép chính thức (ABEI - Bộ TT&TT),232/GP-TTĐT,valid,https://giayphep.abei.gov.vn/
bualiemvang.vn,TẠP CHÍ XÂY DỰNG ĐẢNG,GIẤY PHÉP THIẾT LẬP TRANG THÔNG TIN ĐIỆN TỬ TỔNG HỢP,2017-07-12,Giấy phép chính thức (ABEI - Bộ TT&TT),232/GP-TTĐT,valid,https://giayphep.abei.gov.vn/
buata.kul.vn,CÔNG TY CỔ PHẦN DỊCH VỤ DI ĐỘNG CMN,QUYẾT ĐỊNH PHÁT HÀNH TRÒ CHƠI ĐIỆN TỬ G1 TRÊN MẠNG,2017-01-20,Giấy phép chính thức (ABEI - Bộ TT&TT),76/QĐ-BTTTT,valid,https://giayphep.abei.gov.vn/
buddyreview.vn,CÔNG TY CỔ PHẦN TRUYỀN THÔNG IMBEE,GIẤY PHÉP CUNG CẤP DỊCH VỤ MẠNG XÃ HỘI,2020-09-29,Giấy phép chính thức (ABEI - Bộ TT&TT),413/GP-BTTTT,valid,https://giayphep.abei.gov.vn/
buddyrewiew.vn,CÔNG TY CỔ PHẦN TRUYỀN THÔNG IMBEE,GIẤY PHÉP CUNG CẤP DỊCH VỤ MẠNG XÃ HỘI,2020-09-29,Giấy phép chính thức (ABEI - Bộ TT&TT),413/GP-BTTTT,valid,https://giayphep.abei.gov.vn/
bumbum.vn,CÔNG TY TNHH DỊCH VỤ PHẦN MỀM THIÊN BÌNH,QUYẾT ĐỊNH PHÁT HÀNH TRÒ CHƠI ĐIỆN TỬ G1 TRÊN MẠNG,2017-10-12,Giấy phép chính thức (ABEI - Bộ TT&TT),1727/QĐ-BTTTT,valid,https://giayphep.abei.gov.vn/
bungbinh.vn,CÔNG TY TNHH GREEN CYBER VIỆT NAM,GIẤY PHÉP CUNG CẤP DỊCH VỤ MẠNG XÃ HỘI,2021-02-08,Giấy phép chính thức (ABEI - Bộ TT&TT),104/GP-BTTTT,valid,https://giayphep.abei.gov.vn/
bunkage.vn,CÔNG TY CỔ PHẦN FUNTAP,QUYẾT ĐỊNH PHÁT HÀNH TRÒ CHƠI ĐIỆN TỬ G1 TRÊN MẠNG,2024-12-03,Giấy phép chính thức (ABEI - Bộ TT&TT),2104 /QĐ-BTTTT,valid,https://giayphep.abei.gov.vn/
buny.vn,CÔNG TY TNHH BUNY,GIẤY PHÉP CUNG CẤP DỊCH VỤ MẠNG XÃ HỘI,2020-05-14,Giấy phép chính thức (ABEI - Bộ TT&TT),206/GP-BTTTT,valid,https://giayphep.abei.gov.vn/
butdanh.vn,VIỆN NGHIÊN CỨU TRUYỀN THÔNG VÀ PHÁT TRIỂN,GIẤY PHÉP CUNG CẤP DỊCH VỤ MẠNG XÃ HỘI,2020-06-26,Giấy phép chính thức (ABEI - Bộ TT&TT),271/GP-BTTTT,valid,https://giayphep.abei.gov.vn/
buttre.vn,CÔNG TY TNHH PHÁT TRIỂN THƯƠNG MẠI TRUYỀN THÔNG BTE,GIẤY PHÉP CUNG CẤP DỊCH VỤ MẠNG XÃ HỘI,2020-11-24,Giấy phép chính thức (ABEI - Bộ TT&TT),545/GP-BTTTT,valid,https://giayphep.abei.gov.vn/
buuboitruyenky.vn,CÔNG TY CỔ PHẦN TRỰC TUYẾN CMN VIỆT NAM,QUYẾT ĐỊNH PHÁT HÀNH TRÒ CHƠI ĐIỆN TỬ G1 TRÊN MẠNG,2026-01-30,Giấy phép chính thức (ABEI - Bộ TT&TT),37/QĐ-PTTH&TTĐT,valid,https://giayphep.abei.gov.vn/
buum.vn,"CÔNG TY CỔ PHẦN TRUYỀN THÔNG, QUẢNG CÁO ĐA PHƯƠNG TIỆN",GIẤY PHÉP CUNG CẤP DỊCH VỤ MẠNG XÃ HỘI,2019-12-10,Giấy phép chính thức (ABEI - Bộ TT&TT),544/GP-BTTTT,valid,https://giayphep.abei.gov.vn/
bvhttdl.gov.vn,"BỘ VĂN HÓA, THỂ THAO VÀ DU LỊCH",GIẤY PHÉP THIẾT LẬP TRANG THÔNG TIN ĐIỆN TỬ TỔNG HỢP,2015-11-12,Giấy phép chính thức (ABEI - Bộ TT&TT),158/GP-TTĐT,invalid,https://giayphep.abei.gov.vn/
bvkt.mocgame.vn,CÔNG TY CỔ PHẦN TRÒ CHƠI MỘC,QUYẾT ĐỊNH PHÁT HÀNH TRÒ CHƠI ĐIỆN TỬ G1 TRÊN MẠNG,2022-07-05,Giấy phép chính thức (ABEI - Bộ TT&TT),1337 /QĐ-BTTTT,valid,https://giayphep.abei.gov.vn/
bvtvlaocai.vn,CHI CỤC BẢO VỆ THỰC VẬT LÀO CAI,GIẤY PHÉP THIẾT LẬP TRANG THÔNG TIN ĐIỆN TỬ TỔNG HỢP,2013-08-30,Giấy phép chính thức (ABEI - Bộ TT&TT),133/GP-TTĐT,invalid,https://giayphep.abei.gov.vn/
bình-minh.vn,CÔNG TY TNHH DỊCH VỤ PHẦN MỀM BÌNH MINH,QUYẾT ĐỊNH PHÁT HÀNH TRÒ CHƠI ĐIỆN TỬ G1 TRÊN MẠNG,2025-02-24,Giấy phép chính thức (ABEI - Bộ TT&TT),47/QĐ-PTTH&TTĐT,invalid,https://giayphep.abei.gov.vn/
cabal.vtczone.vn,CÔNG TY CỔ PHẦN VTC DỊCH VỤ DI ĐỘNG,QUYẾT ĐỊNH PHÁT HÀNH TRÒ CHƠI ĐIỆN TỬ G1 TRÊN MẠNG,2025-02-17,Giấy phép chính thức (ABEI - Bộ TT&TT),30/QĐ-PTTH&TTĐT,valid,https://giayphep.abei.gov.vn/
cabeo.zingplay.com,Công ty TNHH ZingPlay Việt Nam,QUYẾT ĐỊNH PHÁT HÀNH TRÒ CHƠI ĐIỆN TỬ G1 TRÊN MẠNG,2026-04-14,Giấy phép chính thức (ABEI - Bộ TT&TT),189 /QĐ-PTTH&TTĐT,valid,https://giayphep.abei.gov.vn/
cackm.gosu.vn,CÔNG TY CỔ PHẦN TRỰC TUYẾN GOSU,QUYẾT ĐỊNH PHÁT HÀNH TRÒ CHƠI ĐIỆN TỬ G1 TRÊN MẠNG,2020-12-17,Giấy phép chính thức (ABEI - Bộ TT&TT),2235/QĐ-BTTTT,valid,https://giayphep.abei.gov.vn/
cadn.com.vn,BÁO CÔNG AN THÀNH PHỐ ĐÀ NẴNG,GIẤY PHÉP THIẾT LẬP TRANG THÔNG TIN ĐIỆN TỬ TỔNG HỢP,2015-06-12,Giấy phép chính thức (ABEI - Bộ TT&TT),68/GP-TTĐT,invalid,https://giayphep.abei.gov.vn/
cafebuddy.com.vn,CÔNG TY CỔ PHẦN CHỨNG KHOÁN KB VIỆT NAM,GIẤY PHÉP CUNG CẤP DỊCH VỤ MẠNG XÃ HỘI,2024-03-29,Giấy phép chính thức (ABEI - Bộ TT&TT),80/GP-BTTTT,valid,https://giayphep.abei.gov.vn/
cafebusiness.vn,CÔNG TY TNHH S-HOLDINGS,GIẤY PHÉP CUNG CẤP DỊCH VỤ MẠNG XÃ HỘI,2020-05-13,Giấy phép chính thức (ABEI - Bộ TT&TT),201/GP-BTTTT,valid,https://giayphep.abei.gov.vn/
cafeland.com.vn,CÔNG TY CỔ PHẦN TIẾP THỊ THỊNH PHÁT,GIẤY PHÉP CUNG CẤP DỊCH VỤ MẠNG XÃ HỘI,2020-07-10,Giấy phép chính thức (ABEI - Bộ TT&TT),289/GP-BTTTT,invalid,https://giayphep.abei.gov.vn/
caithetranhhung.vn,CÔNG TY TNHH DỊCH VỤ PHẦN MỀM BÌNH MINH,QUYẾT ĐỊNH PHÁT HÀNH TRÒ CHƠI ĐIỆN TỬ G1 TRÊN MẠNG,2022-12-29,Giấy phép chính thức (ABEI - Bộ TT&TT),2426/QĐ-BTTTT,valid,https://giayphep.abei.gov.vn/
camgioi2.zingplay.com,CÔNG TY TNHH ZINGPLAY VIỆT NAM,QUYẾT ĐỊNH PHÁT HÀNH TRÒ CHƠI ĐIỆN TỬ G1 TRÊN MẠNG,2024-08-19,Giấy phép chính thức (ABEI - Bộ TT&TT),1391/QĐ-BTTTT,invalid,https://giayphep.abei.gov.vn/
camnangteen.vn,BÁO SINH VIÊN VIỆT NAM,GIẤY PHÉP THIẾT LẬP TRANG THÔNG TIN ĐIỆN TỬ TỔNG HỢP,2015-09-28,Giấy phép chính thức (ABEI - Bộ TT&TT),144/GP-TTĐT,valid,https://giayphep.abei.gov.vn/
camyve.mobiz.vn,CÔNG TY CỔ PHẦN MOBIZ,QUYẾT ĐỊNH PHÁT HÀNH TRÒ CHƠI ĐIỆN TỬ G1 TRÊN MẠNG,2019-08-23,Giấy phép chính thức (ABEI - Bộ TT&TT),1374/GP-BTTTT,valid,https://giayphep.abei.gov.vn/
camyve.vn,CÔNG TY TNHH SOHA,QUYẾT ĐỊNH PHÁT HÀNH TRÒ CHƠI ĐIỆN TỬ G1 TRÊN MẠNG,2018-12-10,Giấy phép chính thức (ABEI - Bộ TT&TT),2119/QĐ-BTTTT,valid,https://giayphep.abei.gov.vn/
can.ngo@dpm.today,CÔNG TY TNHH DIGITAL POWER MEDIA,GIẤY PHÉP CUNG CẤP DỊCH VỤ MẠNG XÃ HỘI,2021-11-04,Giấy phép chính thức (ABEI - Bộ TT&TT),712/GP-BTTTT,valid,https://giayphep.abei.gov.vn/
cangua.goplay.vn,CÔNG TY CỔ PHẦN VTC TRUYỀN THÔNG TRỰC TUYẾN,QUYẾT ĐỊNH PHÁT HÀNH TRÒ CHƠI ĐIỆN TỬ G1 TRÊN MẠNG,2023-06-09,Giấy phép chính thức (ABEI - Bộ TT&TT),1012/QĐ-BTTTT,valid,https://giayphep.abei.gov.vn/
canhtacxanh.vn,"BAN QUẢN LÝ DỰ ÁN “TUYÊN TRUYỀN, VẬN ĐỘNG NÔNG DÂN ÁP DỤNG CANH TÁC LÚA THÂN THIỆN VỚI MÔI TRƯỜNG TẠI VIỆT NAM”",GIẤY PHÉP THIẾT LẬP TRANG THÔNG TIN ĐIỆN TỬ TỔNG HỢP,2022-04-27,Giấy phép chính thức (ABEI - Bộ TT&TT),45/GP-TTĐT,invalid,https://giayphep.abei.gov.vn/
canthoradio.vn,ĐÀI PHÁT THANH VÀ TRUYỀN HÌNH THÀNH PHỐ CẦN THƠ,GIẤY PHÉP THIẾT LẬP TRANG THÔNG TIN ĐIỆN TỬ TỔNG HỢP,2022-11-09,Giấy phép chính thức (ABEI - Bộ TT&TT),153/GP-TTĐT,invalid,https://giayphep.abei.gov.vn/
canthotv.vn,ĐÀI PHÁT THANH VÀ TRUYỀN HÌNH THÀNH PHỐ CẦN THƠ,GIẤY PHÉP THIẾT LẬP TRANG THÔNG TIN ĐIỆN TỬ TỔNG HỢP,2022-11-09,Giấy phép chính thức (ABEI - Bộ TT&TT),153/GP-TTĐT,invalid,https://giayphep.abei.gov.vn/
caobangtv.vn,ĐÀI PHÁT THANH - TRUYỀN HÌNH CAO BẰNG,GIẤY PHÉP THIẾT LẬP TRANG THÔNG TIN ĐIỆN TỬ TỔNG HỢP,2017-04-04,Giấy phép chính thức (ABEI - Bộ TT&TT),94/GP-TTĐT,invalid,https://giayphep.abei.gov.vn/
caolonthongminh.com.vn,CÔNG TY CỔ PHẦN DƯỢC PHẨM VINH GIA,GIẤY PHÉP CUNG CẤP DỊCH VỤ MẠNG XÃ HỘI,2017-05-31,Giấy phép chính thức (ABEI - Bộ TT&TT),255/GP-BTTTT,valid,https://giayphep.abei.gov.vn/
capthoatnuocvietnam.vn,TẠP CHÍ CẤP THOÁT NƯỚC VIỆT NAM,GIẤY PHÉP THIẾT LẬP TRANG THÔNG TIN ĐIỆN TỬ TỔNG HỢP,2013-02-27,Giấy phép chính thức (ABEI - Bộ TT&TT),17/GP-TTĐT,invalid,https://giayphep.abei.gov.vn/
carbiz.vn,CÔNG TY TNHH THƯƠNG MẠI - TRUYỀN THÔNG SAVY,GIẤY PHÉP CUNG CẤP DỊCH VỤ MẠNG XÃ HỘI,2020-01-07,Giấy phép chính thức (ABEI - Bộ TT&TT),04/GP-BTTTT,valid,https://giayphep.abei.gov.vn/
cardcaptor.vn,CÔNG TY CỔ PHẦN GIẢI PHÁP SỐ VISION NETWORK VIỆT NAM ,QUYẾT ĐỊNH PHÁT HÀNH TRÒ CHƠI ĐIỆN TỬ G1 TRÊN MẠNG,2025-09-26,Giấy phép chính thức (ABEI - Bộ TT&TT),417/QĐ-PTTH&TTĐT,valid,https://giayphep.abei.gov.vn/
caro.zingplay.com,Công ty TNHH ZingPlay Việt Nam,QUYẾT ĐỊNH PHÁT HÀNH TRÒ CHƠI ĐIỆN TỬ G1 TRÊN MẠNG,2026-05-06,Giấy phép chính thức (ABEI - Bộ TT&TT),226/QĐ-PTTH&TTĐT,valid,https://giayphep.abei.gov.vn/
carpassion.vn,CÔNG TY CỔ PHẦN CAR PASSION,GIẤY PHÉP CUNG CẤP DỊCH VỤ MẠNG XÃ HỘI,2020-06-17,Giấy phép chính thức (ABEI - Bộ TT&TT),256/GP-BTTTT,valid,https://giayphep.abei.gov.vn/
castleclash.gamota.com,CÔNG TY CỔ PHẦN GAMOTA,QUYẾT ĐỊNH PHÁT HÀNH TRÒ CHƠI ĐIỆN TỬ G1 TRÊN MẠNG,2026-05-29,Giấy phép chính thức (ABEI - Bộ TT&TT),285/QĐ-PTTH&TTĐT,valid,https://giayphep.abei.gov.vn/
caubega.vn,CÔNG TY TNHH XGA,QUYẾT ĐỊNH PHÁT HÀNH TRÒ CHƠI ĐIỆN TỬ G1 TRÊN MẠNG,2023-04-26,Giấy phép chính thức (ABEI - Bộ TT&TT),720/QĐ-BTTTT,valid,https://giayphep.abei.gov.vn/
cauthu.com.vn,CÔNG TY TNHH TROLL,GIẤY PHÉP CUNG CẤP DỊCH VỤ MẠNG XÃ HỘI,2017-04-04,Giấy phép chính thức (ABEI - Bộ TT&TT),133/GP-BTTTT,valid,https://giayphep.abei.gov.vn/
cauvidaichien.vn,CÔNG TY CỔ PHẦN ACE GAME,QUYẾT ĐỊNH PHÁT HÀNH TRÒ CHƠI ĐIỆN TỬ G1 TRÊN MẠNG,2021-06-02,Giấy phép chính thức (ABEI - Bộ TT&TT),1024/QĐ-BTTTT,valid,https://giayphep.abei.gov.vn/
cbei.gov.vn,"TRUNG TÂM ĐO KIỂM VÀ DỊCH VỤ PHÁT THANH, TRUYỀN HÌNH VÀ THÔNG TIN ĐIỆN TỬ",GIẤY PHÉP THIẾT LẬP TRANG THÔNG TIN ĐIỆN TỬ TỔNG HỢP,2015-06-18,Giấy phép chính thức (ABEI - Bộ TT&TT),77/GP-TTĐT,invalid,https://giayphep.abei.gov.vn/
cbtt.duo.vn,CÔNG TY CỔ PHẦN TRỰC TUYẾN DUO,QUYẾT ĐỊNH PHÁT HÀNH TRÒ CHƠI ĐIỆN TỬ G1 TRÊN MẠNG,2020-09-30,Giấy phép chính thức (ABEI - Bộ TT&TT),1664 /QĐ-BTTTT,valid,https://giayphep.abei.gov.vn/
cbtv.aliens.vn,CÔNG TY TNHH CÔNG NGHỆ GIẢI TRÍ ALIEN,QUYẾT ĐỊNH PHÁT HÀNH TRÒ CHƠI ĐIỆN TỬ G1 TRÊN MẠNG,2023-11-21,Giấy phép chính thức (ABEI - Bộ TT&TT),2295/QĐ-BTTTT,valid,https://giayphep.abei.gov.vn/
cbvt.duo.vn,CÔNG TY CỔ PHẦN TRỰC TUYẾN DUO,QUYẾT ĐỊNH PHÁT HÀNH TRÒ CHƠI ĐIỆN TỬ G1 TRÊN MẠNG,2021-10-19,Giấy phép chính thức (ABEI - Bộ TT&TT),1638 /QĐ-BTTTT,valid,https://giayphep.abei.gov.vn/
cccm.nexfungames.vn,CÔNG TY TNHH NEXFUN,QUYẾT ĐỊNH PHÁT HÀNH TRÒ CHƠI ĐIỆN TỬ G1 TRÊN MẠNG,2024-11-19,Giấy phép chính thức (ABEI - Bộ TT&TT),2012/QĐ-BTTTT,valid,https://giayphep.abei.gov.vn/
ccht.vn,CÔNG TY CỔ PHẦN TIN HỌC HÒA BÌNH,QUYẾT ĐỊNH PHÁT HÀNH TRÒ CHƠI ĐIỆN TỬ G1 TRÊN MẠNG,2015-12-07,Giấy phép chính thức (ABEI - Bộ TT&TT),2192/QĐ-BTTTT,invalid,https://giayphep.abei.gov.vn/
ccskn.vn,CÔNG TY CỔ PHẦN SOLAPLAY ,QUYẾT ĐỊNH PHÁT HÀNH TRÒ CHƠI ĐIỆN TỬ G1 TRÊN MẠNG,2025-10-31,Giấy phép chính thức (ABEI - Bộ TT&TT),487/QĐ-PTTH&TTĐT,valid,https://giayphep.abei.gov.vn/
cdha.vtcgame.vn,CÔNG TY VTC CÔNG NGHỆ VÀ NỘI DUNG SỐ,QUYẾT ĐỊNH PHÁT HÀNH TRÒ CHƠI ĐIỆN TỬ G1 TRÊN MẠNG,2024-04-05,Giấy phép chính thức (ABEI - Bộ TT&TT),493/QĐ-BTTTT,valid,https://giayphep.abei.gov.vn/
cdhhanghaivn.org.vn,CÔNG ĐOÀN TỔNG CÔNG TY HÀNG HẢI VIỆT NAM,GIẤY PHÉP THIẾT LẬP TRANG THÔNG TIN ĐIỆN TỬ TỔNG HỢP,2021-11-03,Giấy phép chính thức (ABEI - Bộ TT&TT),184/GP-TTĐT,valid,https://giayphep.abei.gov.vn/
cdht.zoneplay.vn,CÔNG TY CỔ PHẦN GZONE MEDIA VIỆT NAM,QUYẾT ĐỊNH PHÁT HÀNH TRÒ CHƠI ĐIỆN TỬ G1 TRÊN MẠNG,2023-06-09,Giấy phép chính thức (ABEI - Bộ TT&TT),1016/QĐ-BTTTT,valid,https://giayphep.abei.gov.vn/
cdm.notagames.vn,CÔNG TY CỔ PHẦN CÔNG NGHỆ NOTA VIỆT NAM,QUYẾT ĐỊNH PHÁT HÀNH TRÒ CHƠI ĐIỆN TỬ G1 TRÊN MẠNG,2024-12-04,Giấy phép chính thức (ABEI - Bộ TT&TT),2107/QĐ-BTTTT,valid,https://giayphep.abei.gov.vn/
cdo.efun.vn,CÔNG TY CỔ PHẦN CÔNG NGHỆ EFUN VIỆT NAM,QUYẾT ĐỊNH PHÁT HÀNH TRÒ CHƠI ĐIỆN TỬ G1 TRÊN MẠNG,2023-09-12,Giấy phép chính thức (ABEI - Bộ TT&TT),1754/QĐ-BTTTT,valid,https://giayphep.abei.gov.vn/
cdo2.efun.vn,CÔNG TY CỔ PHẦN EFUN,QUYẾT ĐỊNH PHÁT HÀNH TRÒ CHƠI ĐIỆN TỬ G1 TRÊN MẠNG,2025-01-24,Giấy phép chính thức (ABEI - Bộ TT&TT),111/QĐ-BTTTT,valid,https://giayphep.abei.gov.vn/
cdtc.gosu.vn,CÔNG TY CỔ PHẦN TRỰC TUYẾN GOSU,QUYẾT ĐỊNH PHÁT HÀNH TRÒ CHƠI ĐIỆN TỬ G1 TRÊN MẠNG,2019-09-12,Giấy phép chính thức (ABEI - Bộ TT&TT),1477/QĐ-BTTTT,invalid,https://giayphep.abei.gov.vn/
cebid.gov.vn,"TRUNG TÂM ĐIỀU TRA, THÔNG TIN VÀ DỮ LIỆU VỀ MÔI TRƯỜNG, ĐA DẠNG SINH HỌC",GIẤY PHÉP THIẾT LẬP TRANG THÔNG TIN ĐIỆN TỬ TỔNG HỢP,2023-04-24,Giấy phép chính thức (ABEI - Bộ TT&TT),58/GP-TTĐT,invalid,https://giayphep.abei.gov.vn/
cebid.nbca.gov.vn,"TRUNG TÂM ĐIỀU TRA, THÔNG TIN VÀ DỮ LIỆU VỀ MÔI TRƯỜNG, ĐA DẠNG SINH HỌC",GIẤY PHÉP THIẾT LẬP TRANG THÔNG TIN ĐIỆN TỬ TỔNG HỢP,2023-04-24,Giấy phép chính thức (ABEI - Bộ TT&TT),58/GP-TTĐT,invalid,https://giayphep.abei.gov.vn/
cebid.vn,"TRUNG TÂM ĐIỀU TRA, THÔNG TIN VÀ DỮ LIỆU VỀ MÔI TRƯỜNG, ĐA DẠNG SINH HỌC",GIẤY PHÉP THIẾT LẬP TRANG THÔNG TIN ĐIỆN TỬ TỔNG HỢP,2023-10-05,Giấy phép chính thức (ABEI - Bộ TT&TT),167/GP-TTĐT,valid,https://giayphep.abei.gov.vn/
cect.gov.vn,TRUNG TÂM TƯ VẤN VÀ CÔNG NGHỆ MÔI TRƯỜNG,GIẤY PHÉP THIẾT LẬP TRANG THÔNG TIN ĐIỆN TỬ TỔNG HỢP,2020-04-03,Giấy phép chính thức (ABEI - Bộ TT&TT),41/GP-TTĐT,valid,https://giayphep.abei.gov.vn/
ceid.gov.vn,TRUNG TÂM THÔNG TIN VÀ DỮ LIỆU MÔI TRƯỜNG,GIẤY PHÉP THIẾT LẬP TRANG THÔNG TIN ĐIỆN TỬ TỔNG HỢP,2020-03-05,Giấy phép chính thức (ABEI - Bộ TT&TT),17/GP-TTĐT,invalid,https://giayphep.abei.gov.vn/
celebe.vn,CÔNG TY CỔ PHẦN CELEBE VIỆT NAM,GIẤY PHÉP CUNG CẤP DỊCH VỤ MẠNG XÃ HỘI,2021-01-21,Giấy phép chính thức (ABEI - Bộ TT&TT),45/GP-BTTTT,valid,https://giayphep.abei.gov.vn/
cellphones.com.vn,CÔNG TY TNHH THƯƠNG MẠI VÀ DỊCH VỤ KỸ THUẬT DIỆU PHÚC,GIẤY PHÉP CUNG CẤP DỊCH VỤ MẠNG XÃ HỘI,2021-07-17,Giấy phép chính thức (ABEI - Bộ TT&TT),447/GP-BTTTT,valid,https://giayphep.abei.gov.vn/
celuv.vn,CÔNG TY CỔ PHẦN YOUR ENTERTAIMENT PLATFORM,GIẤY PHÉP CUNG CẤP DỊCH VỤ MẠNG XÃ HỘI,2020-06-26,Giấy phép chính thức (ABEI - Bộ TT&TT),268/GP-BTTTT,valid,https://giayphep.abei.gov.vn/
cem.gov.vn,TRUNG TÂM QUAN TRẮC MÔI TRƯỜNG,GIẤY PHÉP THIẾT LẬP TRANG THÔNG TIN ĐIỆN TỬ TỔNG HỢP,2016-06-03,Giấy phép chính thức (ABEI - Bộ TT&TT),52/GP-TTĐT,valid,https://giayphep.abei.gov.vn/
cema.gov.vn,VĂN PHÒNG ỦY BAN DÂN TỘC,GIẤY PHÉP THIẾT LẬP TRANG THÔNG TIN ĐIỆN TỬ TỔNG HỢP,2022-05-24,Giấy phép chính thức (ABEI - Bộ TT&TT),59/GP-TTĐT,valid,https://giayphep.abei.gov.vn/
ceotoancau.vn,CÔNG TY TNHH THẾ GIỚI DOANH NHÂN VIETTOP,GIẤY PHÉP CUNG CẤP DỊCH VỤ MẠNG XÃ HỘI,2020-09-30,Giấy phép chính thức (ABEI - Bộ TT&TT),433/GP-BTTTT,valid,https://giayphep.abei.gov.vn/
ceoviet.vn,CÔNG TY CỔ PHẦN TRUYỀN THÔNG THƯƠNG MẠI VÀ DỊCH VỤ THỊNH VƯỢNG,GIẤY PHÉP CUNG CẤP DỊCH VỤ MẠNG XÃ HỘI,2020-09-14,Giấy phép chính thức (ABEI - Bộ TT&TT),388/GP-BTTTT,valid,https://giayphep.abei.gov.vn/
cetai.org.vn,"TRUNG TÂM ĐÀO TẠO, TƯ VẤN VÀ THÔNG TIN KINH TẾ",GIẤY PHÉP THIẾT LẬP TRANG THÔNG TIN ĐIỆN TỬ TỔNG HỢP,2017-09-12,Giấy phép chính thức (ABEI - Bộ TT&TT),291/GPSĐBS-TTĐT,invalid,https://giayphep.abei.gov.vn/
cevm.gamota.com,CÔNG TY CỔ PHẦN GAMOTA,QUYẾT ĐỊNH PHÁT HÀNH TRÒ CHƠI ĐIỆN TỬ G1 TRÊN MẠNG,2023-04-14,Giấy phép chính thức (ABEI - Bộ TT&TT),622/QĐ-BTTTT,valid,https://giayphep.abei.gov.vn/
cf.360game.vn,CÔNG TY CỔ PHẦN VNG,QUYẾT ĐỊNH PHÁT HÀNH TRÒ CHƠI ĐIỆN TỬ G1 TRÊN MẠNG,2017-05-29,Giấy phép chính thức (ABEI - Bộ TT&TT),812/QĐ-BTTTT,invalid,https://giayphep.abei.gov.vn/
cf.goplay.vn,CÔNG TY CỔ PHẦN VTC TRUYỀN THÔNG TRỰC TUYẾN,QUYẾT ĐỊNH PHÁT HÀNH TRÒ CHƠI ĐIỆN TỬ G1 TRÊN MẠNG,2026-04-16,Giấy phép chính thức (ABEI - Bộ TT&TT),199/QĐ-PTTH&TTĐT,valid,https://giayphep.abei.gov.vn/
cfl.vnggames.com,CÔNG TY CỔ PHẦN TẬP ĐOÀN VNG,QUYẾT ĐỊNH PHÁT HÀNH TRÒ CHƠI ĐIỆN TỬ G1 TRÊN MẠNG,2026-05-15,Giấy phép chính thức (ABEI - Bộ TT&TT),252/QĐ-PTTH&TTĐT,valid,https://giayphep.abei.gov.vn/
cfzero.vn,CÔNG TY CỔ PHẦN VTC TRUYỀN THÔNG TRỰC TUYẾN,QUYẾT ĐỊNH PHÁT HÀNH TRÒ CHƠI ĐIỆN TỬ G1 TRÊN MẠNG,2020-07-30,Giấy phép chính thức (ABEI - Bộ TT&TT),1297/QĐ-BTTTT,valid,https://giayphep.abei.gov.vn/
cfzezo.vn,CÔNG TY CỔ PHẦN VTC TRUYỀN THÔNG TRỰC TUYẾN,QUYẾT ĐỊNH PHÁT HÀNH TRÒ CHƠI ĐIỆN TỬ G1 TRÊN MẠNG,2020-05-16,Giấy phép chính thức (ABEI - Bộ TT&TT),678/QĐ-BTTTT,valid,https://giayphep.abei.gov.vn/
cgame.vn,CÔNG TY CỔ PHẦN DỊCH VỤ DI ĐỘNG CMN,QUYẾT ĐỊNH PHÁT HÀNH TRÒ CHƠI ĐIỆN TỬ G1 TRÊN MẠNG,2019-07-18,Giấy phép chính thức (ABEI - Bộ TT&TT),1089/QĐ-BTTTT,valid,https://giayphep.abei.gov.vn/
cgk.vn,CÔNG TY TNHH CÔNG NGHỆ KỸ THUẬT VÀ DỊCH VỤ TRỰC TUYỂN TPC,QUYẾT ĐỊNH PHÁT HÀNH TRÒ CHƠI ĐIỆN TỬ G1 TRÊN MẠNG,2018-02-13,Giấy phép chính thức (ABEI - Bộ TT&TT),237/QĐ-BTTTT,valid,https://giayphep.abei.gov.vn/
cgvh.gamota.com,CÔNG TY CỔ PHẦN GAMOTA ,QUYẾT ĐỊNH PHÁT HÀNH TRÒ CHƠI ĐIỆN TỬ G1 TRÊN MẠNG,2026-04-10,Giấy phép chính thức (ABEI - Bộ TT&TT),184/QĐ-PTTH&TTĐT,valid,https://giayphep.abei.gov.vn/
chamconkhoe.com.vn,CÔNG TY TNHH TRUYỀN THÔNG SỨC KHỎE LÀ VÀNG,GIẤY PHÉP CUNG CẤP DỊCH VỤ MẠNG XÃ HỘI,2019-07-20,Giấy phép chính thức (ABEI - Bộ TT&TT),297/GP-BTTTT,valid,https://giayphep.abei.gov.vn/
chanlong.gaba.vn,CÔNG TY CỔ PHẦN TRÒ CHƠI VEGA,QUYẾT ĐỊNH PHÁT HÀNH TRÒ CHƠI ĐIỆN TỬ G1 TRÊN MẠNG,2025-12-15,Giấy phép chính thức (ABEI - Bộ TT&TT),556/QĐ-PTTH&TTĐT,valid,https://giayphep.abei.gov.vn/
chanlongtamquoc.vn,CÔNG TY CỔ PHẦN FUNTAP,QUYẾT ĐỊNH PHÁT HÀNH TRÒ CHƠI ĐIỆN TỬ G1 TRÊN MẠNG,2019-03-11,Giấy phép chính thức (ABEI - Bộ TT&TT),277/QĐ-BTTTT,invalid,https://giayphep.abei.gov.vn/
chanmenh.vn,CÔNG TY TNHH SOHA,QUYẾT ĐỊNH PHÁT HÀNH TRÒ CHƠI ĐIỆN TỬ G1 TRÊN MẠNG,2021-08-11,Giấy phép chính thức (ABEI - Bộ TT&TT),1204/QĐ-BTTTT,valid,https://giayphep.abei.gov.vn/
chantamquoc.vn,CÔNG TY CỔ PHẦN FUNTAP,QUYẾT ĐỊNH PHÁT HÀNH TRÒ CHƠI ĐIỆN TỬ G1 TRÊN MẠNG,2019-03-11,Giấy phép chính thức (ABEI - Bộ TT&TT),278/QĐ-BTTTT,valid,https://giayphep.abei.gov.vn/
chantamquoc2.playfun.vn,CÔNG TY CỔ PHẦN FUNTAP,QUYẾT ĐỊNH PHÁT HÀNH TRÒ CHƠI ĐIỆN TỬ G1 TRÊN MẠNG,2020-07-10,Giấy phép chính thức (ABEI - Bộ TT&TT),1157 QĐ-BTTTT,valid,https://giayphep.abei.gov.vn/
chanvuong3q.vn,CÔNG TY CỔ PHẦN DỊCH VỤ TRỰC TUYẾN MIGA,QUYẾT ĐỊNH PHÁT HÀNH TRÒ CHƠI ĐIỆN TỬ G1 TRÊN MẠNG,2024-12-03,Giấy phép chính thức (ABEI - Bộ TT&TT),2101/QĐ-BTTTT,valid,https://giayphep.abei.gov.vn/
chaos.playfun.vn,CÔNG TY CỔ PHẦN FUNTAP,QUYẾT ĐỊNH PHÁT HÀNH TRÒ CHƠI ĐIỆN TỬ G1 TRÊN MẠNG,2022-05-27,Giấy phép chính thức (ABEI - Bộ TT&TT),975 /QĐ-BTTTT,valid,https://giayphep.abei.gov.vn/
chat365.vn,CÔNG TY CỔ PHẦN THANH TOÁN HƯNG HÀ,GIẤY PHÉP CUNG CẤP DỊCH VỤ MẠNG XÃ HỘI,2024-05-30,Giấy phép chính thức (ABEI - Bộ TT&TT),144/GP-BTTTT,invalid,https://giayphep.abei.gov.vn/
checkinvn.vn,CÔNG TY VTC CÔNG NGHỆ VÀ NỘI DUNG SỐ,GIẤY PHÉP CUNG CẤP DỊCH VỤ MẠNG XÃ HỘI,2021-07-23,Giấy phép chính thức (ABEI - Bộ TT&TT),473/GP-BTTTT,valid,https://giayphep.abei.gov.vn/
chichchoe.vn,CÔNG TY TNHH DIGITAL POWER MEDIA,GIẤY PHÉP CUNG CẤP DỊCH VỤ MẠNG XÃ HỘI,2021-11-04,Giấy phép chính thức (ABEI - Bộ TT&TT),712/GP-BTTTT,valid,https://giayphep.abei.gov.vn/
chienbinh.duo.vn,CÔNG TY CỔ PHẦN TRỰC TUYẾN DUO,QUYẾT ĐỊNH PHÁT HÀNH TRÒ CHƠI ĐIỆN TỬ G1 TRÊN MẠNG,2021-11-26,Giấy phép chính thức (ABEI - Bộ TT&TT),1886/QĐ-BTTTT,valid,https://giayphep.abei.gov.vn/
chienbinhafk.vn,CÔNG TY CỔ PHẦN TRỰC TUYẾN DUO,QUYẾT ĐỊNH PHÁT HÀNH TRÒ CHƠI ĐIỆN TỬ G1 TRÊN MẠNG,2024-02-06,Giấy phép chính thức (ABEI - Bộ TT&TT),159/QĐ-BTTTT,valid,https://giayphep.abei.gov.vn/
chienbinhidle.vn,CÔNG TY TNHH VMGE,QUYẾT ĐỊNH PHÁT HÀNH TRÒ CHƠI ĐIỆN TỬ G1 TRÊN MẠNG,2023-09-06,Giấy phép chính thức (ABEI - Bộ TT&TT),1719/QĐ-BTTTT,valid,https://giayphep.abei.gov.vn/
chienbinhsieucap.vn,CÔNG TY TNHH VMGE,QUYẾT ĐỊNH PHÁT HÀNH TRÒ CHƠI ĐIỆN TỬ G1 TRÊN MẠNG,2024-08-14,Giấy phép chính thức (ABEI - Bộ TT&TT),1360/QĐ-BTTTT,valid,https://giayphep.abei.gov.vn/
chienbinhsieuquay.playfun.vn,CÔNG TY CỔ PHẦN FUNTAP,QUYẾT ĐỊNH PHÁT HÀNH TRÒ CHƠI ĐIỆN TỬ G1 TRÊN MẠNG,2022-06-02,Giấy phép chính thức (ABEI - Bộ TT&TT),1022 /QĐ-BTTTT,valid,https://giayphep.abei.gov.vn/
chienbinhz.duo.vn,CÔNG TY CỔ PHẦN TRỰC TUYẾN DUO,QUYẾT ĐỊNH PHÁT HÀNH TRÒ CHƠI ĐIỆN TỬ G1 TRÊN MẠNG,2021-08-30,Giấy phép chính thức (ABEI - Bộ TT&TT),1332/QĐ-BTTTT,invalid,https://giayphep.abei.gov.vn/
chiendia.dzogame.vn,CÔNG TY TNHH DZOGAME,QUYẾT ĐỊNH PHÁT HÀNH TRÒ CHƠI ĐIỆN TỬ G1 TRÊN MẠNG,2024-02-22,Giấy phép chính thức (ABEI - Bộ TT&TT),200/QĐ-BTTTT,valid,https://giayphep.abei.gov.vn/
chiendich3.vn,CÔNG TY CỔ PHẦN DỊCH VỤ S.PAY VIỆT NAM,QUYẾT ĐỊNH PHÁT HÀNH TRÒ CHƠI ĐIỆN TỬ G1 TRÊN MẠNG,2019-09-26,Giấy phép chính thức (ABEI - Bộ TT&TT),1570 /QĐ-BTTTT,valid,https://giayphep.abei.gov.vn/
chiendichhuyenthoai.vn,CÔNG TY TNHH DỊCH VỤ PHẦN MỀM THIÊN BÌNH,QUYẾT ĐỊNH PHÁT HÀNH TRÒ CHƠI ĐIỆN TỬ G1 TRÊN MẠNG,2015-11-19,Giấy phép chính thức (ABEI - Bộ TT&TT),2035/QĐ-BTTTT,valid,https://giayphep.abei.gov.vn/
chiengioi.vplay.vn,CÔNG TY CỔ PHẦN TRUYỀN HÌNH TƯƠNG TÁC VIỆT NAM,QUYẾT ĐỊNH PHÁT HÀNH TRÒ CHƠI ĐIỆN TỬ G1 TRÊN MẠNG,2022-05-09,Giấy phép chính thức (ABEI - Bộ TT&TT),856/QĐ-BTTTT,valid,https://giayphep.abei.gov.vn/
chienhoa.splay.vn,CÔNG TY CỔ PHẦN VTC DỊCH VỤ DI ĐỘNG ,QUYẾT ĐỊNH PHÁT HÀNH TRÒ CHƠI ĐIỆN TỬ G1 TRÊN MẠNG,2025-09-08,Giấy phép chính thức (ABEI - Bộ TT&TT),380/QĐ-PTTH&TTĐT,valid,https://giayphep.abei.gov.vn/
chienhonbolac.100d.mobi,CÔNG TY CỔ PHẦN GIẢI TRÍ 100 ĐỘ,QUYẾT ĐỊNH PHÁT HÀNH TRÒ CHƠI ĐIỆN TỬ G1 TRÊN MẠNG,2019-10-18,Giấy phép chính thức (ABEI - Bộ TT&TT),1736 /QĐ-BTTTT,invalid,https://giayphep.abei.gov.vn/
chienky.vn,CÔNG TY CỔ PHẦN VCCORP,QUYẾT ĐỊNH PHÁT HÀNH TRÒ CHƠI ĐIỆN TỬ G1 TRÊN MẠNG,2018-02-02,Giấy phép chính thức (ABEI - Bộ TT&TT),143/QĐ-BTTTT,invalid,https://giayphep.abei.gov.vn/
chienlong3q.vgplay.vn,CÔNG TY CỔ PHẦN VGP,QUYẾT ĐỊNH PHÁT HÀNH TRÒ CHƠI ĐIỆN TỬ G1 TRÊN MẠNG,2019-03-08,Giấy phép chính thức (ABEI - Bộ TT&TT),264/QĐ-BTTTT,valid,https://giayphep.abei.gov.vn/
chientamquoc.cmn.vn,CÔNG TY CỔ PHẦN TRỰC TUYẾN CMN VIỆT NAM ,QUYẾT ĐỊNH PHÁT HÀNH TRÒ CHƠI ĐIỆN TỬ G1 TRÊN MẠNG,2023-06-07,Giấy phép chính thức (ABEI - Bộ TT&TT),987 /QĐ-BTTTT,valid,https://giayphep.abei.gov.vn/
chienthan.gaba.vn,CÔNG TY CỔ PHẦN TRÒ CHƠI VEGA,QUYẾT ĐỊNH PHÁT HÀNH TRÒ CHƠI ĐIỆN TỬ G1 TRÊN MẠNG,2017-11-09,Giấy phép chính thức (ABEI - Bộ TT&TT),1935/QĐ-BTTTT,valid,https://giayphep.abei.gov.vn/
chienthan.vn,CÔNG TY CỔ PHẦN TRỰC TUYẾN GOSU,QUYẾT ĐỊNH PHÁT HÀNH TRÒ CHƠI ĐIỆN TỬ G1 TRÊN MẠNG,2016-06-17,Giấy phép chính thức (ABEI - Bộ TT&TT),1052/QĐ-BTTTT,invalid,https://giayphep.abei.gov.vn/
chienthan3d.vn,CÔNG TY CỔ PHẦN FUNTAP,QUYẾT ĐỊNH PHÁT HÀNH TRÒ CHƠI ĐIỆN TỬ G1 TRÊN MẠNG,2020-05-08,Giấy phép chính thức (ABEI - Bộ TT&TT),787 /QĐ-BTTTT,valid,https://giayphep.abei.gov.vn/
chienthanafk.vnggames.net,CÔNG TY TNHH TRUYỀN THÔNG MINH PHƯƠNG THỊNH,QUYẾT ĐỊNH PHÁT HÀNH TRÒ CHƠI ĐIỆN TỬ G1 TRÊN MẠNG,2023-05-30,Giấy phép chính thức (ABEI - Bộ TT&TT),911/QĐ-BTTTT,valid,https://giayphep.abei.gov.vn/
chienthanchino.vn,CÔNG TY CỔ PHẦN XTV,QUYẾT ĐỊNH PHÁT HÀNH TRÒ CHƠI ĐIỆN TỬ G1 TRÊN MẠNG,2019-05-15,Giấy phép chính thức (ABEI - Bộ TT&TT),717/QĐ-BTTTT,invalid,https://giayphep.abei.gov.vn/
chienthankynguyen.vn,CÔNG TY CỔ PHẦN VTC DỊCH VỤ DI ĐỘNG,QUYẾT ĐỊNH PHÁT HÀNH TRÒ CHƠI ĐIỆN TỬ G1 TRÊN MẠNG,2020-12-17,Giấy phép chính thức (ABEI - Bộ TT&TT),2236/QĐ-BTTTT,invalid,https://giayphep.abei.gov.vn/
chienthanmi.intelligenc,CÔNG TY TNHH MOBILE INTELLIGENCE SAIGON,QUYẾT ĐỊNH PHÁT HÀNH TRÒ CHƠI ĐIỆN TỬ G1 TRÊN MẠNG,2025-09-19,Giấy phép chính thức (ABEI - Bộ TT&TT),400 /QĐ-PTTH&TTĐT,valid,https://giayphep.abei.gov.vn/
chienthantamquoc.100d.mobi,CÔNG TY CỔ PHẦN GIẢI TRÍ 100 ĐỘ,QUYẾT ĐỊNH PHÁT HÀNH TRÒ CHƠI ĐIỆN TỬ G1 TRÊN MẠNG,2019-02-15,Giấy phép chính thức (ABEI - Bộ TT&TT),172 /QĐ-BTTTT,invalid,https://giayphep.abei.gov.vn/
chienthanvosong.vn,CÔNG TY TNHH SOHA,QUYẾT ĐỊNH PHÁT HÀNH TRÒ CHƠI ĐIỆN TỬ G1 TRÊN MẠNG,2018-08-09,Giấy phép chính thức (ABEI - Bộ TT&TT),1324/QĐ-BTTTT,valid,https://giayphep.abei.gov.vn/
chientranhgiavien.phoenix.com,CÔNG TY TNHH DỊCH VỤ GIẢI TRÍ PHƯỢNG HOÀNG,QUYẾT ĐỊNH PHÁT HÀNH TRÒ CHƠI ĐIỆN TỬ G1 TRÊN MẠNG,2020-05-13,Giấy phép chính thức (ABEI - Bộ TT&TT),796/QĐ-BTTTT,invalid,https://giayphep.abei.gov.vn/
chientuong.zingplay.com,CÔNG TY CỔ PHẦN TẬP ĐOÀN VNG,QUYẾT ĐỊNH PHÁT HÀNH TRÒ CHƠI ĐIỆN TỬ G1 TRÊN MẠNG,2019-08-23,Giấy phép chính thức (ABEI - Bộ TT&TT),1375 /QĐ-BTTTT,valid,https://giayphep.abei.gov.vn/
chientuong3q.vn,CÔNG TY CỔ PHẦN VCCORP,QUYẾT ĐỊNH PHÁT HÀNH TRÒ CHƠI ĐIỆN TỬ G1 TRÊN MẠNG,2018-12-10,Giấy phép chính thức (ABEI - Bộ TT&TT),2120/QĐ-BTTTT,invalid,https://giayphep.abei.gov.vn/
chientuongtamquoc.vn,CÔNG TY CỔ PHẦN REGZ GAMES,QUYẾT ĐỊNH PHÁT HÀNH TRÒ CHƠI ĐIỆN TỬ G1 TRÊN MẠNG,2021-05-31,Giấy phép chính thức (ABEI - Bộ TT&TT),741/QĐ-BTTTT,valid,https://giayphep.abei.gov.vn/
chienvuongtamquoc.vn,CÔNG TY CỔ PHẦN DỊCH VỤ TRỰC TUYẾN MIGA,QUYẾT ĐỊNH PHÁT HÀNH TRÒ CHƠI ĐIỆN TỬ G1 TRÊN MẠNG,2021-08-30,Giấy phép chính thức (ABEI - Bộ TT&TT),1322/QĐ-BTTTT,valid,https://giayphep.abei.gov.vn/
chinhdo.sohagame.vn,CÔNG TY CỔ PHẦN VCCORP,QUYẾT ĐỊNH PHÁT HÀNH TRÒ CHƠI ĐIỆN TỬ G1 TRÊN MẠNG,2015-10-26,Giấy phép chính thức (ABEI - Bộ TT&TT),1785/QĐ-BTTTT,invalid,https://giayphep.abei.gov.vn/
chinhdo.zing.vn,CÔNG TY CỔ PHẦN VNG,QUYẾT ĐỊNH PHÁT HÀNH TRÒ CHƠI ĐIỆN TỬ G1 TRÊN MẠNG,2017-02-17,Giấy phép chính thức (ABEI - Bộ TT&TT),150/QĐ-BTTTT,invalid,https://giayphep.abei.gov.vn/
chinhsachdautu.vn,VIỆN NGHIÊN CỨU TƯ VẤN CHÍNH SÁCH ĐẦU TƯ,GIẤY PHÉP THIẾT LẬP TRANG THÔNG TIN ĐIỆN TỬ TỔNG HỢP,2022-07-12,Giấy phép chính thức (ABEI - Bộ TT&TT),90/GP-TTĐT,valid,https://giayphep.abei.gov.vn/
chinhsachphapluat.vn,VIỆN NGHIÊN CỨU CHÍNH SÁCH PHÁP LUẬT VÀ KINH TẾ HỘI NHẬP,GIẤY PHÉP THIẾT LẬP TRANG THÔNG TIN ĐIỆN TỬ TỔNG HỢP,2023-08-29,Giấy phép chính thức (ABEI - Bộ TT&TT),140/GP-TTĐT,valid,https://giayphep.abei.gov.vn/
chochay.vn,CÔNG TY TNHH HIT GROUP,GIẤY PHÉP CUNG CẤP DỊCH VỤ MẠNG XÃ HỘI,2024-01-10,Giấy phép chính thức (ABEI - Bộ TT&TT),10/GP-BTTTT,valid,https://giayphep.abei.gov.vn/
chogia.vn,CÔNG TY CỔ PHẦN XCORP,GIẤY PHÉP CUNG CẤP DỊCH VỤ MẠNG XÃ HỘI,2022-01-25,Giấy phép chính thức (ABEI - Bộ TT&TT),50/GP-BTTTT,valid,https://giayphep.abei.gov.vn/
choiphui.vn,CÔNG TY TNHH CÔNG NGHỆ TRUYỀN THÔNG TEHAND VIỆT NAM,GIẤY PHÉP CUNG CẤP DỊCH VỤ MẠNG XÃ HỘI,2020-10-23,Giấy phép chính thức (ABEI - Bộ TT&TT),461/GP-BTTTT,valid,https://giayphep.abei.gov.vn/
chonggiavacongluan.vn,VIỆN CÔNG NGHỆ CHỐNG LÀM GIẢ,GIẤY PHÉP THIẾT LẬP TRANG THÔNG TIN ĐIỆN TỬ TỔNG HỢP,2018-09-05,Giấy phép chính thức (ABEI - Bộ TT&TT),227/GP-TTĐT,valid,https://giayphep.abei.gov.vn/
chonghanggiavatap.vn,TRUNG TÂM PHÁT TRIỂN TRUYỀN THÔNG TRUYỀN HÌNH CHỐNG HÀNG GIẢ,GIẤY PHÉP THIẾT LẬP TRANG THÔNG TIN ĐIỆN TỬ TỔNG HỢP,2019-11-15,Giấy phép chính thức (ABEI - Bộ TT&TT),222/GP-TTĐT,valid,https://giayphep.abei.gov.vn/
chonghanggiavn.net.vn,QUỸ CHỐNG HÀNG GIẢ,GIẤY PHÉP THIẾT LẬP TRANG THÔNG TIN ĐIỆN TỬ TỔNG HỢP,2016-03-16,Giấy phép chính thức (ABEI - Bộ TT&TT),19/GP-TTĐT,invalid,https://giayphep.abei.gov.vn/
chonhanh.vn,CÔNG TY TNHH THƯƠNG MẠI ĐIỆN TỬ CHỢ NHANH,GIẤY PHÉP CUNG CẤP DỊCH VỤ MẠNG XÃ HỘI,2023-10-13,Giấy phép chính thức (ABEI - Bộ TT&TT),384/GP-BTTTT,valid,https://giayphep.abei.gov.vn/
chotroi.vn,CÔNG TY CỔ PHẦN XCORP,GIẤY PHÉP CUNG CẤP DỊCH VỤ MẠNG XÃ HỘI,2020-09-15,Giấy phép chính thức (ABEI - Bộ TT&TT),393/GP-BTTTT,valid,https://giayphep.abei.gov.vn/
chtq.zoneplay.vn,CÔNG TY CỔ PHẦN GZONE MEDIA VIỆT NAM,QUYẾT ĐỊNH PHÁT HÀNH TRÒ CHƠI ĐIỆN TỬ G1 TRÊN MẠNG,2024-01-29,Giấy phép chính thức (ABEI - Bộ TT&TT),80/QĐ-BTTTT,valid,https://giayphep.abei.gov.vn/
chtt.gamota.com,CÔNG TY CỔ PHẦN GAMOTA ,QUYẾT ĐỊNH PHÁT HÀNH TRÒ CHƠI ĐIỆN TỬ G1 TRÊN MẠNG,2026-04-10,Giấy phép chính thức (ABEI - Bộ TT&TT),182/QĐ-PTTH&TTĐT,valid,https://giayphep.abei.gov.vn/
chuacongchaymau.vn,CÔNG TY CỔ PHẦN TRÒ CHƠI VEGA,QUYẾT ĐỊNH PHÁT HÀNH TRÒ CHƠI ĐIỆN TỬ G1 TRÊN MẠNG,2019-10-24,Giấy phép chính thức (ABEI - Bộ TT&TT),1774/QĐ-BTTTT,invalid,https://giayphep.abei.gov.vn/
chuanhan.vn,CÔNG TY CỔ PHẦN ALIVE ENTERTAINMENT,QUYẾT ĐỊNH PHÁT HÀNH TRÒ CHƠI ĐIỆN TỬ G1 TRÊN MẠNG,2019-12-03,Giấy phép chính thức (ABEI - Bộ TT&TT),2101/QĐ-BTTTT,valid,https://giayphep.abei.gov.vn/
chuberong.teamobi.com.vn,CÔNG TY TNHH TEAMOBI,QUYẾT ĐỊNH PHÁT HÀNH TRÒ CHƠI ĐIỆN TỬ G1 TRÊN MẠNG,2016-01-18,Giấy phép chính thức (ABEI - Bộ TT&TT),70/QĐ-BTTTT,invalid,https://giayphep.abei.gov.vn/
chucongchaydi.cmn.vn,CÔNG TY CỔ PHẦN TRỰC TUYẾN CMN VIỆT NAM ,QUYẾT ĐỊNH PHÁT HÀNH TRÒ CHƠI ĐIỆN TỬ G1 TRÊN MẠNG,2026-02-06,Giấy phép chính thức (ABEI - Bộ TT&TT),57/QĐ-PTTH&TTĐT,valid,https://giayphep.abei.gov.vn/
chucongchaydi.vn,CÔNG TY CỔ PHẦN TRỰC TUYẾN CMN VIỆT NAM ,QUYẾT ĐỊNH PHÁT HÀNH TRÒ CHƠI ĐIỆN TỬ G1 TRÊN MẠNG,2026-02-06,Giấy phép chính thức (ABEI - Bộ TT&TT),57/QĐ-PTTH&TTĐT,valid,https://giayphep.abei.gov.vn/
chungkhoanvietnam.net.vn,TẠP CHÍ CHỨNG KHOÁN,GIẤY PHÉP THIẾT LẬP TRANG THÔNG TIN ĐIỆN TỬ TỔNG HỢP,2018-11-27,Giấy phép chính thức (ABEI - Bộ TT&TT),300/GP-TTĐT,invalid,https://giayphep.abei.gov.vn/
chuongmon.sohagame.vn,CÔNG TY TNHH SOHA ,QUYẾT ĐỊNH PHÁT HÀNH TRÒ CHƠI ĐIỆN TỬ G1 TRÊN MẠNG,2025-06-24,Giấy phép chính thức (ABEI - Bộ TT&TT),279/QĐ-PTTH&TTĐT,invalid,https://giayphep.abei.gov.vn/
chuthapdoyenbai.org.vn,HỘI CHỮ THẬP ĐỎ TỈNH YÊN BÁI,GIẤY PHÉP THIẾT LẬP TRANG THÔNG TIN ĐIỆN TỬ TỔNG HỢP,2013-08-08,Giấy phép chính thức (ABEI - Bộ TT&TT),105/GP-TTĐT,invalid,https://giayphep.abei.gov.vn/
chuthuatdaichien.vn,CÔNG TY TNHH VMGE,QUYẾT ĐỊNH PHÁT HÀNH TRÒ CHƠI ĐIỆN TỬ G1 TRÊN MẠNG,2024-10-21,Giấy phép chính thức (ABEI - Bộ TT&TT),1806/QĐ-BTTTT,valid,https://giayphep.abei.gov.vn/
chuyen4phuong.vn,CÔNG TY CỔ PHẦN MEDIA HỒNG ĐỨC,GIẤY PHÉP CUNG CẤP DỊCH VỤ MẠNG XÃ HỘI,2021-01-07,Giấy phép chính thức (ABEI - Bộ TT&TT),09/GP-BTTTT,valid,https://giayphep.abei.gov.vn/
chuyendoiso.backan.gov.vn,SỞ THÔNG TIN VÀ TRUYỀN THÔNG BẮC KẠN,GIẤY PHÉP THIẾT LẬP TRANG THÔNG TIN ĐIỆN TỬ TỔNG HỢP,2023-08-11,Giấy phép chính thức (ABEI - Bộ TT&TT),127/GP-TTĐT,valid,https://giayphep.abei.gov.vn/
chuyendoiso.haiduong.gov.vn,SỞ THÔNG TIN VÀ TRUYỀN THÔNG HẢI DƯƠNG,GIẤY PHÉP THIẾT LẬP TRANG THÔNG TIN ĐIỆN TỬ TỔNG HỢP,2024-12-12,Giấy phép chính thức (ABEI - Bộ TT&TT),302/GP-TTĐT,valid,https://giayphep.abei.gov.vn/
chuyeneva.vn,CÔNG TY TNHH THƯƠNG MẠI VÀ TRUYỀN THÔNG PHƯƠNG NAM,GIẤY PHÉP CUNG CẤP DỊCH VỤ MẠNG XÃ HỘI,2019-10-28,Giấy phép chính thức (ABEI - Bộ TT&TT),456/GP-BTTTT,valid,https://giayphep.abei.gov.vn/
cigame.vn,CÔNG TY CỔ PHẦN CENTECH INTERACTIVE,"GIẤY XÁC NHẬN THÔNG BÁO PHÁT HÀNH TRÒ CHƠI ĐIỆN TỬ G2,G3,G4",2018-08-30,Giấy phép chính thức (ABEI - Bộ TT&TT),220/GXN-PTTH&TTĐT,valid,https://giayphep.abei.gov.vn/
cinema.360mobi.vn,CÔNG TY CỔ PHẦN VNG,QUYẾT ĐỊNH PHÁT HÀNH TRÒ CHƠI ĐIỆN TỬ G1 TRÊN MẠNG,2019-03-29,Giấy phép chính thức (ABEI - Bộ TT&TT),483/QĐ-BTTTT,invalid,https://giayphep.abei.gov.vn/
cis.org.vn,TRUNG TÂM NGHIÊN CỨU ẤN ĐỘ,GIẤY PHÉP THIẾT LẬP TRANG THÔNG TIN ĐIỆN TỬ TỔNG HỢP,2019-04-02,Giấy phép chính thức (ABEI - Bộ TT&TT),58/GP-TTĐT,valid,https://giayphep.abei.gov.vn/
cityhunter.vn,CÔNG TY TNHH SOHA,QUYẾT ĐỊNH PHÁT HÀNH TRÒ CHƠI ĐIỆN TỬ G1 TRÊN MẠNG,2024-01-30,Giấy phép chính thức (ABEI - Bộ TT&TT),99/QĐ-BTTTT,valid,https://giayphep.abei.gov.vn/
ck.dzogame.vn,CÔNG TY TNHH CHÂU Á MỀM,QUYẾT ĐỊNH PHÁT HÀNH TRÒ CHƠI ĐIỆN TỬ G1 TRÊN MẠNG,2021-01-21,Giấy phép chính thức (ABEI - Bộ TT&TT),74 /QĐ-BTTTT,valid,https://giayphep.abei.gov.vn/
click49.net,CÔNG TY TNHH TRUYỀN THÔNG VÀ QUẢNG CÁO ĐỊA ĐIỂM VIỆT,GIẤY PHÉP CUNG CẤP DỊCH VỤ MẠNG XÃ HỘI,2020-11-24,Giấy phép chính thức (ABEI - Bộ TT&TT),544/GP-BTTTT,valid,https://giayphep.abei.gov.vn/
click49.net.vn,CÔNG TY TNHH TRUYỀN THÔNG VÀ QUẢNG CÁO ĐỊA ĐIỂM VIỆT,GIẤY PHÉP CUNG CẤP DỊCH VỤ MẠNG XÃ HỘI,2020-11-24,Giấy phép chính thức (ABEI - Bộ TT&TT),544/GP-BTTTT,valid,https://giayphep.abei.gov.vn/
clickvn.vn,CÔNG TY CỔ PHẦN CLICK VIỆT NAM,GIẤY PHÉP CUNG CẤP DỊCH VỤ MẠNG XÃ HỘI,2020-11-17,Giấy phép chính thức (ABEI - Bộ TT&TT),527/GP-BTTTT,valid,https://giayphep.abei.gov.vn/
clip24h.mobi,CÔNG TY CỔ PHẦN SKYNET VIỆT NAM,GIẤY PHÉP CUNG CẤP DỊCH VỤ MẠNG XÃ HỘI,2017-03-09,Giấy phép chính thức (ABEI - Bộ TT&TT),101/GP-BTTTT,valid,https://giayphep.abei.gov.vn/
closervn.9.com.vn,CÔNG TY TNHH GIẢI TRÍ N9,QUYẾT ĐỊNH PHÁT HÀNH TRÒ CHƠI ĐIỆN TỬ G1 TRÊN MẠNG,2019-11-19,Giấy phép chính thức (ABEI - Bộ TT&TT),1968  /QĐ-BTTTT,valid,https://giayphep.abei.gov.vn/
cloudfield.boardcraftonline.vn,CÔNG TY TNHH ZINGPLAY VIỆT NAM,QUYẾT ĐỊNH PHÁT HÀNH TRÒ CHƠI ĐIỆN TỬ G1 TRÊN MẠNG,2024-08-02,Giấy phép chính thức (ABEI - Bộ TT&TT),1299/QĐ-BTTTT,valid,https://giayphep.abei.gov.vn/
cloudsong.zing.vn,CÔNG TY CỔ PHẦN VNG,QUYẾT ĐỊNH PHÁT HÀNH TRÒ CHƠI ĐIỆN TỬ G1 TRÊN MẠNG,2025-06-20,Giấy phép chính thức (ABEI - Bộ TT&TT),259/QĐ-PTTH&TTĐT,invalid,https://giayphep.abei.gov.vn/
cloverknights.vgplay.vn,CÔNG TY CỔ PHẦN VGP,QUYẾT ĐỊNH PHÁT HÀNH TRÒ CHƠI ĐIỆN TỬ G1 TRÊN MẠNG,2022-03-11,Giấy phép chính thức (ABEI - Bộ TT&TT),423 /QĐ-BTTTT,valid,https://giayphep.abei.gov.vn/
cltq.gosu.vn,CÔNG TY CỔ PHẦN TRỰC TUYẾN GOSU,QUYẾT ĐỊNH PHÁT HÀNH TRÒ CHƠI ĐIỆN TỬ G1 TRÊN MẠNG,2020-12-17,Giấy phép chính thức (ABEI - Bộ TT&TT),2237 /QĐ-BTTTT,valid,https://giayphep.abei.gov.vn/
cltt.gamota.com,CÔNG TY CỔ PHẦN GAMOTA,QUYẾT ĐỊNH PHÁT HÀNH TRÒ CHƠI ĐIỆN TỬ G1 TRÊN MẠNG,2018-04-10,Giấy phép chính thức (ABEI - Bộ TT&TT),521/QĐ-BTTTT,valid,https://giayphep.abei.gov.vn/
clubgame.vn,CÔNG TY CỔ PHẦN GIẢI PHÁP VÀ DỊCH VỤ VIỄN THÔNG VIỆT NAM,QUYẾT ĐỊNH PHÁT HÀNH TRÒ CHƠI ĐIỆN TỬ G1 TRÊN MẠNG,2016-03-30,Giấy phép chính thức (ABEI - Bộ TT&TT),452/QĐ-BTTTT,invalid,https://giayphep.abei.gov.vn/
cmatict.vn,Công ty Cổ phần Cmatict,QUYẾT ĐỊNH PHÁT HÀNH TRÒ CHƠI ĐIỆN TỬ G1 TRÊN MẠNG,2026-07-17,Giấy phép chính thức (ABEI - Bộ TT&TT),428/QĐ-PTTH&TTĐT,valid,https://giayphep.abei.gov.vn/
cmce.vn,CÔNG TY TNHH SÁNG TẠO VÀ GIẢI TRÍ CMCE,"GIẤY XÁC NHẬN THÔNG BÁO PHÁT HÀNH TRÒ CHƠI ĐIỆN TỬ G2,G3,G4",2022-04-08,Giấy phép chính thức (ABEI - Bộ TT&TT),30/GXN-PTTH&TTĐT,valid,https://giayphep.abei.gov.vn/
cmn.com.vn,CÔNG TY CỔ PHẦN DỊCH VỤ DI ĐỘNG CMN,QUYẾT ĐỊNH PHÁT HÀNH TRÒ CHƠI ĐIỆN TỬ G1 TRÊN MẠNG,2019-07-18,Giấy phép chính thức (ABEI - Bộ TT&TT),1089/QĐ-BTTTT,valid,https://giayphep.abei.gov.vn/
cmn.vn,CÔNG TY CỔ PHẦN TRỰC TUYẾN CMN VIỆT NAM,QUYẾT ĐỊNH PHÁT HÀNH TRÒ CHƠI ĐIỆN TỬ G1 TRÊN MẠNG,2026-03-10,Giấy phép chính thức (ABEI - Bộ TT&TT),121/QĐ-PTTH&TTĐT,valid,https://giayphep.abei.gov.vn/
cmplay.vn,CÔNG TY CỔ PHẦN THƯƠNG MẠI DỊCH VỤ CÔNG NGHỆ CMTECH ,QUYẾT ĐỊNH PHÁT HÀNH TRÒ CHƠI ĐIỆN TỬ G1 TRÊN MẠNG,2026-02-13,Giấy phép chính thức (ABEI - Bộ TT&TT),95/QĐ-PTTH&TTĐT,valid,https://giayphep.abei.gov.vn/
cmsc.gov.vn,TRUNG TÂM THÔNG TIN - ỦY BAN QUẢN LÝ VỐN NHÀ NƯỚC TẠI DOANH NGHIỆP,GIẤY PHÉP THIẾT LẬP TRANG THÔNG TIN ĐIỆN TỬ TỔNG HỢP,2019-07-26,Giấy phép chính thức (ABEI - Bộ TT&TT),132/GP-TTĐT,valid,https://giayphep.abei.gov.vn/
cns.goplay.vn,CÔNG TY CỔ PHẦN VTC TRUYỀN THÔNG TRỰC TUYẾN,QUYẾT ĐỊNH PHÁT HÀNH TRÒ CHƠI ĐIỆN TỬ G1 TRÊN MẠNG,2025-11-11,Giấy phép chính thức (ABEI - Bộ TT&TT),503/QĐ-PTTH&TTĐT,valid,https://giayphep.abei.gov.vn/
co-opbank.vn,NGÂN HÀNG NHÀ NƯỚC VIỆT NAM,GIẤY PHÉP THIẾT LẬP TRANG THÔNG TIN ĐIỆN TỬ TỔNG HỢP,2025-12-22,Giấy phép chính thức (ABEI - Bộ TT&TT),222/GP-TTĐT,valid,https://giayphep.abei.gov.vn/
cocangua.zingplay.com,Công ty TNHH ZingPlay Việt Nam,QUYẾT ĐỊNH PHÁT HÀNH TRÒ CHƠI ĐIỆN TỬ G1 TRÊN MẠNG,2026-03-12,Giấy phép chính thức (ABEI - Bộ TT&TT),129/QĐ-PTTH&TTĐT,valid,https://giayphep.abei.gov.vn/
cocangua2.zingplay.com,Công ty TNHH ZingPlay Việt Nam,QUYẾT ĐỊNH PHÁT HÀNH TRÒ CHƠI ĐIỆN TỬ G1 TRÊN MẠNG,2026-05-27,Giấy phép chính thức (ABEI - Bộ TT&TT),281/QĐ-PTTH&TTĐT,valid,https://giayphep.abei.gov.vn/
cocvang.vn,CÔNG TY CỔ PHẦN SMARTSCALE,QUYẾT ĐỊNH PHÁT HÀNH TRÒ CHƠI ĐIỆN TỬ G1 TRÊN MẠNG,2019-08-01,Giấy phép chính thức (ABEI - Bộ TT&TT),1173/QĐ-BTTTT,valid,https://giayphep.abei.gov.vn/
codm.360mobi.vn,CÔNG TY CỔ PHẦN TẬP ĐOÀN VNG,QUYẾT ĐỊNH PHÁT HÀNH TRÒ CHƠI ĐIỆN TỬ G1 TRÊN MẠNG,2026-03-16,Giấy phép chính thức (ABEI - Bộ TT&TT),133/QĐ-PTTH&TTĐT,valid,https://giayphep.abei.gov.vn/
codm.vnggames.com,CÔNG TY CỔ PHẦN TẬP ĐOÀN VNG,QUYẾT ĐỊNH PHÁT HÀNH TRÒ CHƠI ĐIỆN TỬ G1 TRÊN MẠNG,2026-03-16,Giấy phép chính thức (ABEI - Bộ TT&TT),133/QĐ-PTTH&TTĐT,valid,https://giayphep.abei.gov.vn/
cohan.vn,CÔNG TY CỔ PHẦN GIẢI PHÁP SỐ VISION NETWORK VIỆT NAM,QUYẾT ĐỊNH PHÁT HÀNH TRÒ CHƠI ĐIỆN TỬ G1 TRÊN MẠNG,2025-02-25,Giấy phép chính thức (ABEI - Bộ TT&TT),58/QĐ-PTTH&TTĐT,valid,https://giayphep.abei.gov.vn/
coi.hhgame.vn,CÔNG TY CỔ PHẦN PHÁT TRIỂN CÔNG NGHỆ SỐ HỒNG HÀ,QUYẾT ĐỊNH PHÁT HÀNH TRÒ CHƠI ĐIỆN TỬ G1 TRÊN MẠNG,2023-05-30,Giấy phép chính thức (ABEI - Bộ TT&TT),909/QĐ-BTTTT,valid,https://giayphep.abei.gov.vn/
coinguon.vn,CÔNG TY TNHH ĐẦU TƯ VÀ PHÁT TRIỂN THƯƠNG MẠI TUẤN TÚ,GIẤY PHÉP CUNG CẤP DỊCH VỤ MẠNG XÃ HỘI,2021-05-18,Giấy phép chính thức (ABEI - Bộ TT&TT),285/GP-BTTTT,valid,https://giayphep.abei.gov.vn/
cok.100d.mobi,CÔNG TY CỔ PHẦN GIẢI TRÍ 100 ĐỘ,QUYẾT ĐỊNH PHÁT HÀNH TRÒ CHƠI ĐIỆN TỬ G1 TRÊN MẠNG,2019-12-20,Giấy phép chính thức (ABEI - Bộ TT&TT),2230/QĐ-BTTTT,invalid,https://giayphep.abei.gov.vn/
cokhivietnam.vn,TẠP CHÍ CƠ KHÍ VIỆT NAM,GIẤY PHÉP THIẾT LẬP TRANG THÔNG TIN ĐIỆN TỬ TỔNG HỢP,2017-07-20,Giấy phép chính thức (ABEI - Bộ TT&TT),242/GP-TTĐT,valid,https://giayphep.abei.gov.vn/
cokiem.vn,CÔNG TY TNHH SOHA,QUYẾT ĐỊNH PHÁT HÀNH TRÒ CHƠI ĐIỆN TỬ G1 TRÊN MẠNG,2019-12-05,Giấy phép chính thức (ABEI - Bộ TT&TT),2124 /QĐ-BTTTT,valid,https://giayphep.abei.gov.vn/
colongkiem.vn,CÔNG TY CỔ PHẦN VTC DỊCH VỤ DI ĐỘNG,QUYẾT ĐỊNH PHÁT HÀNH TRÒ CHƠI ĐIỆN TỬ G1 TRÊN MẠNG,2022-01-24,Giấy phép chính thức (ABEI - Bộ TT&TT),112/QĐ-BTTTT,invalid,https://giayphep.abei.gov.vn/
colongquanhiep.vn,CÔNG TY TNHH SOHA,QUYẾT ĐỊNH PHÁT HÀNH TRÒ CHƠI ĐIỆN TỬ G1 TRÊN MẠNG,2018-12-11,Giấy phép chính thức (ABEI - Bộ TT&TT),2127/QĐ-BTTTT,valid,https://giayphep.abei.gov.vn/
colorbang.oeg.vn,CÔNG TY CỔ PHẦN TẬP ĐOÀN GIẢI TRÍ ĐẠI DƯƠNG,QUYẾT ĐỊNH PHÁT HÀNH TRÒ CHƠI ĐIỆN TỬ G1 TRÊN MẠNG,2025-01-24,Giấy phép chính thức (ABEI - Bộ TT&TT),110/QĐ-BTTTT,valid,https://giayphep.abei.gov.vn/
colorfullife.vn,CÔNG TY TNHH TRUYỀN THÔNG VÀ GIẢI TRÍ EMERALD,GIẤY PHÉP CUNG CẤP DỊCH VỤ MẠNG XÃ HỘI,2021-04-26,Giấy phép chính thức (ABEI - Bộ TT&TT),229/GP-BTTTT,valid,https://giayphep.abei.gov.vn/
comewithme.vn,CÔNG TY TNHH 1 BA NĂM BẢY,GIẤY PHÉP CUNG CẤP DỊCH VỤ MẠNG XÃ HỘI,2020-12-22,Giấy phép chính thức (ABEI - Bộ TT&TT),615/GP-BTTTT,valid,https://giayphep.abei.gov.vn/
community.samsungmembers.vn,CÔNG TY TNHH SAMSUNG ELECTRONICS VIỆT NAM THÁI NGUYÊN,GIẤY PHÉP CUNG CẤP DỊCH VỤ MẠNG XÃ HỘI,2019-10-28,Giấy phép chính thức (ABEI - Bộ TT&TT),466/GP-BTTTT,valid,https://giayphep.abei.gov.vn/
congan.longan.gov.vn,CÔNG AN TỈNH LONG AN,GIẤY PHÉP THIẾT LẬP TRANG THÔNG TIN ĐIỆN TỬ TỔNG HỢP,2020-08-04,Giấy phép chính thức (ABEI - Bộ TT&TT),133/GP-TTĐT,invalid,https://giayphep.abei.gov.vn/
conganlongan.gov.vn,CÔNG AN TỈNH LONG AN,GIẤY PHÉP THIẾT LẬP TRANG THÔNG TIN ĐIỆN TỬ TỔNG HỢP,2013-08-22,Giấy phép chính thức (ABEI - Bộ TT&TT),116/GP-TTĐT,invalid,https://giayphep.abei.gov.vn/
congdoan.vn,TỔNG LIÊN ĐOÀN LAO ĐỘNG VIỆT NAM,GIẤY PHÉP THIẾT LẬP TRANG THÔNG TIN ĐIỆN TỬ TỔNG HỢP,2016-11-17,Giấy phép chính thức (ABEI - Bộ TT&TT),213/GP-TTĐT,valid,https://giayphep.abei.gov.vn/
congdoan.vnpt.vn,CÔNG ĐOÀN BƯU CHÍNH VIỄN THÔNG VIỆT NAM,GIẤY PHÉP THIẾT LẬP TRANG THÔNG TIN ĐIỆN TỬ TỔNG HỢP,2015-09-08,Giấy phép chính thức (ABEI - Bộ TT&TT),133/GP-TTĐT,valid,https://giayphep.abei.gov.vn/
congdoancaosu.vn,CÔNG ĐOÀN CAO SU VIỆT NAM,GIẤY PHÉP THIẾT LẬP TRANG THÔNG TIN ĐIỆN TỬ TỔNG HỢP,2017-09-20,Giấy phép chính thức (ABEI - Bộ TT&TT),299/GP-TTĐT,invalid,https://giayphep.abei.gov.vn/
congdoandaukhi.vn,CÔNG ĐOÀN DẦU KHÍ VIỆT NAM,GIẤY PHÉP THIẾT LẬP TRANG THÔNG TIN ĐIỆN TỬ TỔNG HỢP,2016-10-06,Giấy phép chính thức (ABEI - Bộ TT&TT),109/GPSĐBS-TTĐT,invalid,https://giayphep.abei.gov.vn/
congdoandetmay.vn,CÔNG ĐOÀN DỆT MAY VIỆT NAM,GIẤY PHÉP THIẾT LẬP TRANG THÔNG TIN ĐIỆN TỬ TỔNG HỢP,2018-03-28,Giấy phép chính thức (ABEI - Bộ TT&TT),64/GP-TTĐT,valid,https://giayphep.abei.gov.vn/
congdoandlvn.org.vn,CÔNG ĐOÀN ĐIỆN LỰC VIỆT NAM,GIẤY PHÉP THIẾT LẬP TRANG THÔNG TIN ĐIỆN TỬ TỔNG HỢP,2021-04-02,Giấy phép chính thức (ABEI - Bộ TT&TT),55/GP-TTĐT,valid,https://giayphep.abei.gov.vn/
congdoannongnghiep.org.vn,CÔNG ĐOÀN NÔNG NGHIỆP VÀ PHÁT TRIỂN NÔNG THÔN VIỆT NAM,GIẤY PHÉP THIẾT LẬP TRANG THÔNG TIN ĐIỆN TỬ TỔNG HỢP,2024-12-27,Giấy phép chính thức (ABEI - Bộ TT&TT),327/GP-TTĐT,valid,https://giayphep.abei.gov.vn/
congdoanquangninh.org.vn,LIÊN ĐOÀN LAO ĐỘNG TỈNH QUẢNG NINH,GIẤY PHÉP THIẾT LẬP TRANG THÔNG TIN ĐIỆN TỬ TỔNG HỢP,2013-01-17,Giấy phép chính thức (ABEI - Bộ TT&TT),07/GP-TTĐT,invalid,https://giayphep.abei.gov.vn/
congdoantkv.vn,CÔNG ĐOÀN THAN - KHOÁNG SẢN VIỆT NAM,GIẤY PHÉP THIẾT LẬP TRANG THÔNG TIN ĐIỆN TỬ TỔNG HỢP,2017-02-27,Giấy phép chính thức (ABEI - Bộ TT&TT),75/GP-TTĐT,valid,https://giayphep.abei.gov.vn/
congdongketoan.vn,CÔNG TY TNHH BCTC,GIẤY PHÉP CUNG CẤP DỊCH VỤ MẠNG XÃ HỘI,2021-05-07,Giấy phép chính thức (ABEI - Bộ TT&TT),251/GP-BTTTT,valid,https://giayphep.abei.gov.vn/
congdongmang.com.vn,CÔNG TY VTC CÔNG NGHỆ VÀ NỘI DUNG SỐ,GIẤY PHÉP CUNG CẤP DỊCH VỤ MẠNG XÃ HỘI,2019-01-15,Giấy phép chính thức (ABEI - Bộ TT&TT),20/GP-BTTTT,invalid,https://giayphep.abei.gov.vn/
congdongmang.net.vn,CÔNG TY VTC CÔNG NGHỆ VÀ NỘI DUNG SỐ,GIẤY PHÉP CUNG CẤP DỊCH VỤ MẠNG XÃ HỘI,2020-04-01,Giấy phép chính thức (ABEI - Bộ TT&TT),122/GP-BTTTT,valid,https://giayphep.abei.gov.vn/
congdongmxh.vn,CÔNG TY TNHH TRUYỀN THÔNG NETCUT,GIẤY PHÉP CUNG CẤP DỊCH VỤ MẠNG XÃ HỘI,2022-01-24,Giấy phép chính thức (ABEI - Bộ TT&TT),38/GP-BTTTT,valid,https://giayphep.abei.gov.vn/
congdongphapluat.vn,BÁO PHÁP LUẬT VIỆT NAM,GIẤY PHÉP CUNG CẤP DỊCH VỤ MẠNG XÃ HỘI,2020-07-07,Giấy phép chính thức (ABEI - Bộ TT&TT),285/GP-BTTTT,valid,https://giayphep.abei.gov.vn/
congdongplus.vn,CÔNG TY TNHH TẬP ĐOÀN T82,GIẤY PHÉP CUNG CẤP DỊCH VỤ MẠNG XÃ HỘI,2020-01-07,Giấy phép chính thức (ABEI - Bộ TT&TT),05/GP-BTTTT,valid,https://giayphep.abei.gov.vn/
congdongyduoc.vn,CÔNG TY CỔ PHẦN OPP VIỆT NAM,GIẤY PHÉP CUNG CẤP DỊCH VỤ MẠNG XÃ HỘI,2023-04-14,Giấy phép chính thức (ABEI - Bộ TT&TT),122/GP-BTTTT,valid,https://giayphep.abei.gov.vn/
congnghesinhhoc.com.vn,VỤ KHOA HỌC VÀ CÔNG NGHỆ,GIẤY PHÉP THIẾT LẬP TRANG THÔNG TIN ĐIỆN TỬ TỔNG HỢP,2018-11-23,Giấy phép chính thức (ABEI - Bộ TT&TT),294/GP-TTĐT,valid,https://giayphep.abei.gov.vn/
congnghesuckhoe.com,VIỆN CÔNG NGHỆ VÀ SỨC KHỎE,GIẤY PHÉP THIẾT LẬP TRANG THÔNG TIN ĐIỆN TỬ TỔNG HỢP,2020-11-18,Giấy phép chính thức (ABEI - Bộ TT&TT),215/GP-TTĐT,valid,https://giayphep.abei.gov.vn/
congnghesuckhoe.com.vn,VIỆN CÔNG NGHỆ VÀ SỨC KHỎE,GIẤY PHÉP THIẾT LẬP TRANG THÔNG TIN ĐIỆN TỬ TỔNG HỢP,2020-11-18,Giấy phép chính thức (ABEI - Bộ TT&TT),215/GP-TTĐT,valid,https://giayphep.abei.gov.vn/
congnghesuckhoe.vn,VIỆN CÔNG NGHỆ VÀ SỨC KHỎE,GIẤY PHÉP THIẾT LẬP TRANG THÔNG TIN ĐIỆN TỬ TỔNG HỢP,2020-11-18,Giấy phép chính thức (ABEI - Bộ TT&TT),215/GP-TTĐT,valid,https://giayphep.abei.gov.vn/
congnghevadoisong.vn,TẠP CHÍ TIN HỌC VÀ ĐỜI SỐNG,GIẤY PHÉP THIẾT LẬP TRANG THÔNG TIN ĐIỆN TỬ TỔNG HỢP,2019-10-31,Giấy phép chính thức (ABEI - Bộ TT&TT),207/GP-TTĐT,invalid,https://giayphep.abei.gov.vn/
congnghiepcongnghecao.com.vn,VỤ KHOA HỌC VÀ CÔNG NGHỆ,GIẤY PHÉP THIẾT LẬP TRANG THÔNG TIN ĐIỆN TỬ TỔNG HỢP,2018-11-23,Giấy phép chính thức (ABEI - Bộ TT&TT),295/GP-BTTTT,valid,https://giayphep.abei.gov.vn/
congnghiepcongnghecao.vn,VỤ KHOA HỌC VÀ CÔNG NGHỆ,GIẤY PHÉP THIẾT LẬP TRANG THÔNG TIN ĐIỆN TỬ TỔNG HỢP,2018-11-23,Giấy phép chính thức (ABEI - Bộ TT&TT),295/GP-BTTTT,valid,https://giayphep.abei.gov.vn/
congnghiepcongnghesinhhoc.com.vn,VỤ KHOA HỌC VÀ CÔNG NGHỆ,GIẤY PHÉP THIẾT LẬP TRANG THÔNG TIN ĐIỆN TỬ TỔNG HỢP,2018-11-23,Giấy phép chính thức (ABEI - Bộ TT&TT),294/GP-TTĐT,valid,https://giayphep.abei.gov.vn/
congnghiepmoitruong.vn,TẠP CHÍ CÔNG NGHIỆP MÔI TRƯỜNG,GIẤY PHÉP THIẾT LẬP TRANG THÔNG TIN ĐIỆN TỬ TỔNG HỢP,2018-08-09,Giấy phép chính thức (ABEI - Bộ TT&TT),209/GP-TTĐT,invalid,https://giayphep.abei.gov.vn/
congnghieptauthuyvietnam.vn,HỘI KHOA HỌC KỸ THUẬT CÔNG NGHIỆP TÀU THỦY VIỆT NAM,GIẤY PHÉP THIẾT LẬP TRANG THÔNG TIN ĐIỆN TỬ TỔNG HỢP,2017-05-25,Giấy phép chính thức (ABEI - Bộ TT&TT),174/GP-TTĐT,invalid,https://giayphep.abei.gov.vn/
congnghieptieudung.vn,TẠP CHÍ CÔNG NGHIỆP & TIÊU DÙNG,GIẤY PHÉP THIẾT LẬP TRANG THÔNG TIN ĐIỆN TỬ TỔNG HỢP,2019-03-31,Giấy phép chính thức (ABEI - Bộ TT&TT),38/GP-TTĐT,invalid,https://giayphep.abei.gov.vn/
congthanh.gamota.com,CÔNG TY CỔ PHẦN GAMOTA,QUYẾT ĐỊNH PHÁT HÀNH TRÒ CHƠI ĐIỆN TỬ G1 TRÊN MẠNG,2017-08-16,Giấy phép chính thức (ABEI - Bộ TT&TT),1365/QĐ-BTTTT,valid,https://giayphep.abei.gov.vn/
congthanh.vgplay.vn,CÔNG TY CỔ PHẦN VGP,QUYẾT ĐỊNH PHÁT HÀNH TRÒ CHƠI ĐIỆN TỬ G1 TRÊN MẠNG,2019-01-08,Giấy phép chính thức (ABEI - Bộ TT&TT),30/QĐ-BTTTT,valid,https://giayphep.abei.gov.vn/
congthanhchien.vn,CÔNG TY TNHH GIẢI TRÍ LONG ĐỈNH,QUYẾT ĐỊNH PHÁT HÀNH TRÒ CHƠI ĐIỆN TỬ G1 TRÊN MẠNG,2016-05-18,Giấy phép chính thức (ABEI - Bộ TT&TT),813/QĐ-BTTTT,valid,https://giayphep.abei.gov.vn/
congthanhtruyenky.vn,CÔNG TY CỔ PHẦN ACE GAME ,QUYẾT ĐỊNH PHÁT HÀNH TRÒ CHƠI ĐIỆN TỬ G1 TRÊN MẠNG,2025-05-16,Giấy phép chính thức (ABEI - Bộ TT&TT),179/QĐ-PTTH&TTĐT,valid,https://giayphep.abei.gov.vn/
contact.vn@rgkgroup.com,CÔNG TY TNHH RGK MOBILE,GIẤY PHÉP CUNG CẤP DỊCH VỤ MẠNG XÃ HỘI,2017-09-11,Giấy phép chính thức (ABEI - Bộ TT&TT),431/GP-BTTTT,valid,https://giayphep.abei.gov.vn/
cooky.vn,CÔNG TY CỔ PHẦN COOKY,GIẤY PHÉP CUNG CẤP DỊCH VỤ MẠNG XÃ HỘI,2017-10-31,Giấy phép chính thức (ABEI - Bộ TT&TT),540/GP-BTTTT,valid,https://giayphep.abei.gov.vn/
coolgame.vn,CÔNG TY CỔ PHẦN DỊCH VỤ TRUYỀN THÔNG DND VIỆT NAM,"GIẤY XÁC NHẬN THÔNG BÁO PHÁT HÀNH TRÒ CHƠI ĐIỆN TỬ G2,G3,G4",2020-05-22,Giấy phép chính thức (ABEI - Bộ TT&TT),70/GXN-PTTH&TTĐT,valid,https://giayphep.abei.gov.vn/
coquandieutravkstc.gov.vn,CƠ QUAN ĐIỀU TRA -  VIỆN KIỂM SÁT NHÂN DÂN TỐI CAO,GIẤY PHÉP THIẾT LẬP TRANG THÔNG TIN ĐIỆN TỬ TỔNG HỢP,2017-10-26,Giấy phép chính thức (ABEI - Bộ TT&TT),321/GP-TTĐT,invalid,https://giayphep.abei.gov.vn/
corer.com.vn,CÔNG TY CỔ PHẦN CÔNG NGHỆ QUỐC TẾ KTS CORER 4.0 GROUP,GIẤY PHÉP CUNG CẤP DỊCH VỤ MẠNG XÃ HỘI,2023-05-15,Giấy phép chính thức (ABEI - Bộ TT&TT),170/GP-BTTTT,valid,https://giayphep.abei.gov.vn/
corp.weplayz.com,CÔNG TY TNHH PHẦN MỀM WEPLAY ,QUYẾT ĐỊNH PHÁT HÀNH TRÒ CHƠI ĐIỆN TỬ G1 TRÊN MẠNG,2026-04-14,Giấy phép chính thức (ABEI - Bộ TT&TT),187/QĐ-PTTH&TTĐT,valid,https://giayphep.abei.gov.vn/
corp.wetaps.com,CÔNG TY CỔ PHẦN WETAPS,QUYẾT ĐỊNH PHÁT HÀNH TRÒ CHƠI ĐIỆN TỬ G1 TRÊN MẠNG,2020-09-18,Giấy phép chính thức (ABEI - Bộ TT&TT),1594/QĐ-BTTTT,valid,https://giayphep.abei.gov.vn/
cothu.vn,CÔNG TY CỔ PHẦN TRUYỀN THÔNG ĐA PHƯƠNG TIỆN THỦ ĐÔ,QUYẾT ĐỊNH PHÁT HÀNH TRÒ CHƠI ĐIỆN TỬ G1 TRÊN MẠNG,2018-05-25,Giấy phép chính thức (ABEI - Bộ TT&TT),797/QĐ-BTTTT,valid,https://giayphep.abei.gov.vn/
cotuong.tpplay.vn,CÔNG TY CỔ PHẦN TRUYỀN THÔNG THIÊN PHƯỚC,QUYẾT ĐỊNH PHÁT HÀNH TRÒ CHƠI ĐIỆN TỬ G1 TRÊN MẠNG,2025-12-12,Giấy phép chính thức (ABEI - Bộ TT&TT),555/QĐ-PTTH&TTĐT,valid,https://giayphep.abei.gov.vn/
cotuong.zagoo.vn,CÔNG TY TNHH ZIE,QUYẾT ĐỊNH PHÁT HÀNH TRÒ CHƠI ĐIỆN TỬ G1 TRÊN MẠNG,2025-06-06,Giấy phép chính thức (ABEI - Bộ TT&TT),235/QĐ-PTTH&TTĐT,invalid,https://giayphep.abei.gov.vn/
cotuong.zalogames.me,CÔNG TY TNHH ZIE,QUYẾT ĐỊNH PHÁT HÀNH TRÒ CHƠI ĐIỆN TỬ G1 TRÊN MẠNG,2026-07-08,Giấy phép chính thức (ABEI - Bộ TT&TT),408/QĐ-PTTH&TTĐT,valid,https://giayphep.abei.gov.vn/
cotuong.zingplay.com,Công ty TNHH ZingPlay Việt Nam ,QUYẾT ĐỊNH PHÁT HÀNH TRÒ CHƠI ĐIỆN TỬ G1 TRÊN MẠNG,2026-05-06,Giấy phép chính thức (ABEI - Bộ TT&TT),228/QĐ-PTTH&TTĐT,valid,https://giayphep.abei.gov.vn/
cotyphu.zagoo.vn,CÔNG TY TNHH ZIE,QUYẾT ĐỊNH PHÁT HÀNH TRÒ CHƠI ĐIỆN TỬ G1 TRÊN MẠNG,2025-06-05,Giấy phép chính thức (ABEI - Bộ TT&TT),233/QĐ-PTTH&TTĐT,invalid,https://giayphep.abei.gov.vn/
cotyphu.zalogames.me,CÔNG TY TNHH ZIE,QUYẾT ĐỊNH PHÁT HÀNH TRÒ CHƠI ĐIỆN TỬ G1 TRÊN MẠNG,2026-05-20,Giấy phép chính thức (ABEI - Bộ TT&TT),268/QĐ-PTTH&TTĐT,valid,https://giayphep.abei.gov.vn/
cotyphu2.zingplay.com,CÔNG TY TNHH ZINGPLAY VIỆT NAM,QUYẾT ĐỊNH PHÁT HÀNH TRÒ CHƠI ĐIỆN TỬ G1 TRÊN MẠNG,2024-05-23,Giấy phép chính thức (ABEI - Bộ TT&TT),841/QĐ-BTTTT,valid,https://giayphep.abei.gov.vn/
coviet.net,CÔNG TY CỔ PHẦN TRÒ CHƠI VEGA,QUYẾT ĐỊNH PHÁT HÀNH TRÒ CHƠI ĐIỆN TỬ G1 TRÊN MẠNG,2019-04-12,Giấy phép chính thức (ABEI - Bộ TT&TT),571/QĐ-BTTTT,valid,https://giayphep.abei.gov.vn/
covua.boardcraftonline.vn,Công ty TNHH ZingPlay Việt Nam,QUYẾT ĐỊNH PHÁT HÀNH TRÒ CHƠI ĐIỆN TỬ G1 TRÊN MẠNG,2026-03-12,Giấy phép chính thức (ABEI - Bộ TT&TT),125/QĐ-PTTH&TTĐT,valid,https://giayphep.abei.gov.vn/
cpc.net.vn,CÔNG TY CỔ PHẦN DỊCH VỤ CÔNG NGHỆ VÀ TRUYỀN THÔNG ĐA NỀN TẢNG,GIẤY PHÉP CUNG CẤP DỊCH VỤ MẠNG XÃ HỘI,2024-12-21,Giấy phép chính thức (ABEI - Bộ TT&TT),86/GP-BTTTT,valid,https://giayphep.abei.gov.vn/
cpcs.vn,TRUNG TÂM TƯ VẤN VÀ CUNG ỨNG DỊCH VỤ,GIẤY PHÉP THIẾT LẬP TRANG THÔNG TIN ĐIỆN TỬ TỔNG HỢP,2015-07-20,Giấy phép chính thức (ABEI - Bộ TT&TT),100/GP-TTĐT,invalid,https://giayphep.abei.gov.vn/
cpm.giganticonline.vn,CÔNG TY CỔ PHẦN GIẢI TRÍ TRỰC TUYẾN GIGANTIC ,QUYẾT ĐỊNH PHÁT HÀNH TRÒ CHƠI ĐIỆN TỬ G1 TRÊN MẠNG,2025-06-12,Giấy phép chính thức (ABEI - Bộ TT&TT),242/QĐ-PTTH&TTĐT,valid,https://giayphep.abei.gov.vn/
cpts.vn,"TRUNG TÂM ĐÀO TẠO, BỒI DƯỠNG VÀ CUNG ỨNG DỊCH VỤ DÂN SỐ",GIẤY PHÉP THIẾT LẬP TRANG THÔNG TIN ĐIỆN TỬ TỔNG HỢP,2024-11-08,Giấy phép chính thức (ABEI - Bộ TT&TT),278/GP-TTĐT,valid,https://giayphep.abei.gov.vn/
cptt.1618play.vn,CÔNG TY TNHH 1618PLAY,QUYẾT ĐỊNH PHÁT HÀNH TRÒ CHƠI ĐIỆN TỬ G1 TRÊN MẠNG,2018-11-02,Giấy phép chính thức (ABEI - Bộ TT&TT),1768/QĐ-BTTTT,valid,https://giayphep.abei.gov.vn/
cpvic.org.vn,BAN ĐỐI NGOẠI TRUNG ƯƠNG ĐẢNG,GIẤY PHÉP THIẾT LẬP TRANG THÔNG TIN ĐIỆN TỬ TỔNG HỢP,2020-10-21,Giấy phép chính thức (ABEI - Bộ TT&TT),194/GP-TTĐT,valid,https://giayphep.abei.gov.vn/
crasherorigin.vn,CÔNG TY CỔ PHẦN DỊCH VỤ S.PAY VIỆT NAM,QUYẾT ĐỊNH PHÁT HÀNH TRÒ CHƠI ĐIỆN TỬ G1 TRÊN MẠNG,2019-12-25,Giấy phép chính thức (ABEI - Bộ TT&TT),2266 /QĐ-BTTTT,valid,https://giayphep.abei.gov.vn/
cryptoday.vn,CÔNG TY TNHH CRYPTODAY VIETNAM,GIẤY PHÉP CUNG CẤP DỊCH VỤ MẠNG XÃ HỘI,2022-10-27,Giấy phép chính thức (ABEI - Bộ TT&TT),497/GP-BTTTT,valid,https://giayphep.abei.gov.vn/
cscltw.dcs.vn,BAN CHẤP HÀNH TRUNG ƯƠNG ĐẢNG CỘNG SẢN VIỆT NAM,GIẤY PHÉP THIẾT LẬP TRANG THÔNG TIN ĐIỆN TỬ TỔNG HỢP,2025-04-24,Giấy phép chính thức (ABEI - Bộ TT&TT),64 /GP-TTĐT,valid,https://giayphep.abei.gov.vn/
cskh@vinid.net,CÔNG TY CỔ PHẦN ONEID,GIẤY PHÉP CUNG CẤP DỊCH VỤ MẠNG XÃ HỘI,2025-01-08,Giấy phép chính thức (ABEI - Bộ TT&TT),06 /GP-BTTTT,valid,https://giayphep.abei.gov.vn/
cstlvd.vn,CÔNG TY CỔ PHẦN VTC DỊCH VỤ DI ĐỘNG,QUYẾT ĐỊNH PHÁT HÀNH TRÒ CHƠI ĐIỆN TỬ G1 TRÊN MẠNG,2024-04-05,Giấy phép chính thức (ABEI - Bộ TT&TT),492/QĐ-BTTTT,invalid,https://giayphep.abei.gov.vn/
ct.360game.vn,CÔNG TY CỔ PHẦN VNG,QUYẾT ĐỊNH PHÁT HÀNH TRÒ CHƠI ĐIỆN TỬ G1 TRÊN MẠNG,2015-11-27,Giấy phép chính thức (ABEI - Bộ TT&TT),2118/QĐ-BTTTT,invalid,https://giayphep.abei.gov.vn/
ctc-aio.vn,CÔNG TY TNHH CÔNG NGHỆ AIOGAME ,QUYẾT ĐỊNH PHÁT HÀNH TRÒ CHƠI ĐIỆN TỬ G1 TRÊN MẠNG,2026-05-05,Giấy phép chính thức (ABEI - Bộ TT&TT),221/QĐ-PTTH&TTĐT,valid,https://giayphep.abei.gov.vn/
ctc.vnggames.com,CÔNG TY CỔ PHẦN VNG,QUYẾT ĐỊNH PHÁT HÀNH TRÒ CHƠI ĐIỆN TỬ G1 TRÊN MẠNG,2025-05-30,Giấy phép chính thức (ABEI - Bộ TT&TT),218/QĐ-PTTH&TTĐT,valid,https://giayphep.abei.gov.vn/
cthd.mgol.vn,CÔNG TY TNHH PHẦN MỀM MGOL,QUYẾT ĐỊNH PHÁT HÀNH TRÒ CHƠI ĐIỆN TỬ G1 TRÊN MẠNG,2025-04-26,Giấy phép chính thức (ABEI - Bộ TT&TT),145/QĐ-PTTH&TTĐT,valid,https://giayphep.abei.gov.vn/
cttd.gaba.vn,CÔNG TY CỔ PHẦN TRÒ CHƠI VEGA,QUYẾT ĐỊNH PHÁT HÀNH TRÒ CHƠI ĐIỆN TỬ G1 TRÊN MẠNG,2016-12-30,Giấy phép chính thức (ABEI - Bộ TT&TT),2358/QĐ-BTTTT,valid,https://giayphep.abei.gov.vn/
cttd.thienthuonghoa.com,CÔNG TY CỔ PHẦN GIẢI TRÍ THIÊN THƯỢNG HỎA,QUYẾT ĐỊNH PHÁT HÀNH TRÒ CHƠI ĐIỆN TỬ G1 TRÊN MẠNG,2021-10-19,Giấy phép chính thức (ABEI - Bộ TT&TT),1634/QĐ-BTTTT,valid,https://giayphep.abei.gov.vn/
ctth.mlgames.vn,CÔNG TY TNHH MOUNTAIN LAKE,QUYẾT ĐỊNH PHÁT HÀNH TRÒ CHƠI ĐIỆN TỬ G1 TRÊN MẠNG,2022-04-25,Giấy phép chính thức (ABEI - Bộ TT&TT),761/QĐ-BTTTT,valid,https://giayphep.abei.gov.vn/
cttq.360game.vn,CÔNG TY TNHH GIẢI TRÍ LONG ĐỈNH,QUYẾT ĐỊNH PHÁT HÀNH TRÒ CHƠI ĐIỆN TỬ G1 TRÊN MẠNG,2016-06-30,Giấy phép chính thức (ABEI - Bộ TT&TT),1145/QĐ-BTTTT,valid,https://giayphep.abei.gov.vn/
cucbaochi.gov.vn,CỤC BÁO CHÍ,GIẤY PHÉP THIẾT LẬP TRANG THÔNG TIN ĐIỆN TỬ TỔNG HỢP,2020-11-23,Giấy phép chính thức (ABEI - Bộ TT&TT),224/GP-TTĐT,invalid,https://giayphep.abei.gov.vn/
cucnghethuatbieudien.gov.vn,CỤC NGHỆ THUẬT BIỂU DIỄN,GIẤY PHÉP THIẾT LẬP TRANG THÔNG TIN ĐIỆN TỬ TỔNG HỢP,2019-10-22,Giấy phép chính thức (ABEI - Bộ TT&TT),201/GP-TTĐT,valid,https://giayphep.abei.gov.vn/
cuctanso.vn,CỤC TẦN SỐ VÔ TUYẾN ĐIỆN,GIẤY PHÉP THIẾT LẬP TRANG THÔNG TIN ĐIỆN TỬ TỔNG HỢP,2015-03-11,Giấy phép chính thức (ABEI - Bộ TT&TT),17/GP-TTĐT,invalid,https://giayphep.abei.gov.vn/
cuctoctamquoc.funtap.ga,CÔNG TY CỔ PHẦN FUNTAP GAMES,QUYẾT ĐỊNH PHÁT HÀNH TRÒ CHƠI ĐIỆN TỬ G1 TRÊN MẠNG,2026-07-03,Giấy phép chính thức (ABEI - Bộ TT&TT),382/QĐ-PTTH&TTĐT,valid,https://giayphep.abei.gov.vn/
cuctoctamquoc.hhgame.vn,CÔNG TY CỔ PHẦN PHÁT TRIỂN CÔNG NGHỆ SỐ HỒNG HÀ,QUYẾT ĐỊNH PHÁT HÀNH TRÒ CHƠI ĐIỆN TỬ G1 TRÊN MẠNG,2025-02-18,Giấy phép chính thức (ABEI - Bộ TT&TT),33/QĐ-PTTH&TTĐT,invalid,https://giayphep.abei.gov.vn/
cuctruyenthongcand.vn,CỤC TRUYỀN THÔNG CÔNG AN NHÂN DÂN,GIẤY PHÉP THIẾT LẬP TRANG THÔNG TIN ĐIỆN TỬ TỔNG HỢP,2019-01-21,Giấy phép chính thức (ABEI - Bộ TT&TT),17/GP-TTĐT,valid,https://giayphep.abei.gov.vn/
cudannet.vn,CÔNG TY CỔ PHẦN TRUYỀN THÔNG NGÔI SAO XANH VIỆT NAM,GIẤY PHÉP CUNG CẤP DỊCH VỤ MẠNG XÃ HỘI,2021-05-18,Giấy phép chính thức (ABEI - Bộ TT&TT),284/GP-BTTTT,valid,https://giayphep.abei.gov.vn/
cungdinh.360mobi.vn,CÔNG TY TNHH TRUYỀN THÔNG MINH PHƯƠNG THỊNH,QUYẾT ĐỊNH PHÁT HÀNH TRÒ CHƠI ĐIỆN TỬ G1 TRÊN MẠNG,2019-05-24,Giấy phép chính thức (ABEI - Bộ TT&TT),760 /QĐ-BTTTT,valid,https://giayphep.abei.gov.vn/
cungdinh.xtv.vn,CÔNG TY CỔ PHẦN XTV,QUYẾT ĐỊNH PHÁT HÀNH TRÒ CHƠI ĐIỆN TỬ G1 TRÊN MẠNG,2018-10-01,Giấy phép chính thức (ABEI - Bộ TT&TT),1588/QĐ-BTTTT,invalid,https://giayphep.abei.gov.vn/
cuocchiensinhton.ggames.vn,CÔNG TY TNHH TRỰC TUYẾN THIÊN HÀ,QUYẾT ĐỊNH PHÁT HÀNH TRÒ CHƠI ĐIỆN TỬ G1 TRÊN MẠNG,2023-03-30,Giấy phép chính thức (ABEI - Bộ TT&TT),495/QĐ-BTTTT,valid,https://giayphep.abei.gov.vn/
cuongkiem.vn,CÔNG TY CỔ PHẦN VTC DỊCH VỤ DI ĐỘNG,QUYẾT ĐỊNH PHÁT HÀNH TRÒ CHƠI ĐIỆN TỬ G1 TRÊN MẠNG,2019-11-08,Giấy phép chính thức (ABEI - Bộ TT&TT),1889/QĐ-BTTTT,invalid,https://giayphep.abei.gov.vn/
cuongma.vn,CÔNG TY CỔ PHẦN VTC DỊCH VỤ DI ĐỘNG,QUYẾT ĐỊNH PHÁT HÀNH TRÒ CHƠI ĐIỆN TỬ G1 TRÊN MẠNG,2019-05-30,Giấy phép chính thức (ABEI - Bộ TT&TT),824/QĐ-BTTTT,invalid,https://giayphep.abei.gov.vn/
cuopbien.goplay.vn,CÔNG TY CỔ PHẦN VTC TRUYỀN THÔNG TRỰC TUYẾN,QUYẾT ĐỊNH PHÁT HÀNH TRÒ CHƠI ĐIỆN TỬ G1 TRÊN MẠNG,2022-01-11,Giấy phép chính thức (ABEI - Bộ TT&TT),15/QĐ-BTTTT,valid,https://giayphep.abei.gov.vn/
cuuam.360game.vn,CÔNG TY CỔ PHẦN VNG,QUYẾT ĐỊNH PHÁT HÀNH TRÒ CHƠI ĐIỆN TỬ G1 TRÊN MẠNG,2016-06-16,Giấy phép chính thức (ABEI - Bộ TT&TT),1043/QĐ-BTTTT,invalid,https://giayphep.abei.gov.vn/
cuuam.gosu.vn,CÔNG TY CỔ PHẦN TRỰC TUYẾN GOSU,QUYẾT ĐỊNH PHÁT HÀNH TRÒ CHƠI ĐIỆN TỬ G1 TRÊN MẠNG,2015-12-29,Giấy phép chính thức (ABEI - Bộ TT&TT),2474/QĐ-BTTTT-Bỏ,invalid,https://giayphep.abei.gov.vn/
cuuam2d.gosu.vn,CÔNG TY CỔ PHẦN TRỰC TUYẾN GOSU,QUYẾT ĐỊNH PHÁT HÀNH TRÒ CHƠI ĐIỆN TỬ G1 TRÊN MẠNG,2025-01-21,Giấy phép chính thức (ABEI - Bộ TT&TT),86/QĐ-BTTTT,valid,https://giayphep.abei.gov.vn/
cuuam3d.talktv.vn,CÔNG TY CỔ PHẦN VNG,QUYẾT ĐỊNH PHÁT HÀNH TRÒ CHƠI ĐIỆN TỬ G1 TRÊN MẠNG,2018-04-02,Giấy phép chính thức (ABEI - Bộ TT&TT),453/QĐ-BTTTT,invalid,https://giayphep.abei.gov.vn/
cuuamtruyenky.vn,CÔNG TY CỔ PHẦN TRỰC TUYẾN GOSU,QUYẾT ĐỊNH PHÁT HÀNH TRÒ CHƠI ĐIỆN TỬ G1 TRÊN MẠNG,2017-08-16,Giấy phép chính thức (ABEI - Bộ TT&TT),1361/QĐ-BTTTT,invalid,https://giayphep.abei.gov.vn/
cuuchau.slg.vn,CÔNG TY CỔ PHẦN DỊCH VỤ TRỰC TUYẾN VĨNH XUÂN,QUYẾT ĐỊNH PHÁT HÀNH TRÒ CHƠI ĐIỆN TỬ G1 TRÊN MẠNG,2019-01-29,Giấy phép chính thức (ABEI - Bộ TT&TT),113/QĐ-BTTTT,valid,https://giayphep.abei.gov.vn/
cuuchauvosong.vn,CÔNG TY CỔ PHẦN JOYMI ENTERTAINMENT,QUYẾT ĐỊNH PHÁT HÀNH TRÒ CHƠI ĐIỆN TỬ G1 TRÊN MẠNG,2017-04-14,Giấy phép chính thức (ABEI - Bộ TT&TT),535/QĐ-BTTTT,valid,https://giayphep.abei.gov.vn/
cuuchienbinh.vn,BÁO CỰU CHIẾN BINH VIỆT NAM,GIẤY PHÉP THIẾT LẬP TRANG THÔNG TIN ĐIỆN TỬ TỔNG HỢP,2020-07-16,Giấy phép chính thức (ABEI - Bộ TT&TT),123/GP-TTĐT,valid,https://giayphep.abei.gov.vn/
cuuduong.vn,CÔNG TY CỔ PHẦN VCCORP,QUYẾT ĐỊNH PHÁT HÀNH TRÒ CHƠI ĐIỆN TỬ G1 TRÊN MẠNG,2017-11-09,Giấy phép chính thức (ABEI - Bộ TT&TT),1941/QĐ-BTTTT,invalid,https://giayphep.abei.gov.vn/
cuuduongm.zing.vn,CÔNG TY CỔ PHẦN VNG,QUYẾT ĐỊNH PHÁT HÀNH TRÒ CHƠI ĐIỆN TỬ G1 TRÊN MẠNG,2018-06-06,Giấy phép chính thức (ABEI - Bộ TT&TT),863/QĐ-BTTTT,invalid,https://giayphep.abei.gov.vn/
cuugioidaichien.vn,CÔNG TY CỔ PHẦN FUNTAP,QUYẾT ĐỊNH PHÁT HÀNH TRÒ CHƠI ĐIỆN TỬ G1 TRÊN MẠNG,2024-04-23,Giấy phép chính thức (ABEI - Bộ TT&TT),598/QĐ-BTTTT,valid,https://giayphep.abei.gov.vn/
cuukiem.vn,CÔNG TY TNHH SOHA ,QUYẾT ĐỊNH PHÁT HÀNH TRÒ CHƠI ĐIỆN TỬ G1 TRÊN MẠNG,2019-10-23,Giấy phép chính thức (ABEI - Bộ TT&TT),1770 /QĐ-BTTTT,valid,https://giayphep.abei.gov.vn/
cuulongchiton.dzogame.vn,CÔNG TY TNHH DZOGAME,QUYẾT ĐỊNH PHÁT HÀNH TRÒ CHƠI ĐIỆN TỬ G1 TRÊN MẠNG,2024-03-12,Giấy phép chính thức (ABEI - Bộ TT&TT),301/QĐ-BTTTT,valid,https://giayphep.abei.gov.vn/
cuuthien.gosu.vn,CÔNG TY CỔ PHẦN TRỰC TUYẾN GOSU,QUYẾT ĐỊNH PHÁT HÀNH TRÒ CHƠI ĐIỆN TỬ G1 TRÊN MẠNG,2020-11-04,Giấy phép chính thức (ABEI - Bộ TT&TT),1877/QĐ-BTTTT,invalid,https://giayphep.abei.gov.vn/
cuuthienmobile.vn,CÔNG TY TNHH SOHA,QUYẾT ĐỊNH PHÁT HÀNH TRÒ CHƠI ĐIỆN TỬ G1 TRÊN MẠNG,2022-07-04,Giấy phép chính thức (ABEI - Bộ TT&TT),1326 /QĐ-BTTTT,valid,https://giayphep.abei.gov.vn/
cuuthienphongthan.vn,CÔNG TY CỔ PHẦN TRỰC TUYẾN CMN VIỆT NAM,QUYẾT ĐỊNH PHÁT HÀNH TRÒ CHƠI ĐIỆN TỬ G1 TRÊN MẠNG,2018-01-23,Giấy phép chính thức (ABEI - Bộ TT&TT),73/QĐ-BTTTT,valid,https://giayphep.abei.gov.vn/
cybercity.playfun.vn,CÔNG TY CỔ PHẦN FUNTAP,QUYẾT ĐỊNH PHÁT HÀNH TRÒ CHƠI ĐIỆN TỬ G1 TRÊN MẠNG,2024-07-02,Giấy phép chính thức (ABEI - Bộ TT&TT),1111/QĐ-BTTTT,valid,https://giayphep.abei.gov.vn/
cyberendeavor.vn,CÔNG TY TNHH CYEB ENDEAVOR,QUYẾT ĐỊNH PHÁT HÀNH TRÒ CHƠI ĐIỆN TỬ G1 TRÊN MẠNG,2026-05-15,Giấy phép chính thức (ABEI - Bộ TT&TT),249/QĐ-PTTH&TTĐT,valid,https://giayphep.abei.gov.vn/
cybermon.playfun.vn,CÔNG TY CỔ PHẦN FUNTAP,QUYẾT ĐỊNH PHÁT HÀNH TRÒ CHƠI ĐIỆN TỬ G1 TRÊN MẠNG,2023-08-31,Giấy phép chính thức (ABEI - Bộ TT&TT),1696/QĐ-BTTTT,valid,https://giayphep.abei.gov.vn/
cybervn.vn,HIỆP HỘI AN NINH MẠNG QUỐC GIA,GIẤY PHÉP CUNG CẤP DỊCH VỤ MẠNG XÃ HỘI,2024-12-21,Giấy phép chính thức (ABEI - Bộ TT&TT),387/GP-BTTTT,valid,https://giayphep.abei.gov.vn/
dadq.zoneplay.vn,CÔNG TY CỔ PHẦN GZONE MEDIA VIỆT NAM ,QUYẾT ĐỊNH PHÁT HÀNH TRÒ CHƠI ĐIỆN TỬ G1 TRÊN MẠNG,2025-11-07,Giấy phép chính thức (ABEI - Bộ TT&TT),497/QĐ-PTTH&TTĐT,valid,https://giayphep.abei.gov.vn/
daibangchu.vn,CÔNG TY TNHH SOHA,QUYẾT ĐỊNH PHÁT HÀNH TRÒ CHƠI ĐIỆN TỬ G1 TRÊN MẠNG,2023-07-26,Giấy phép chính thức (ABEI - Bộ TT&TT),1376/QĐ-BTTTT,valid,https://giayphep.abei.gov.vn/
daichien.vn,CÔNG TY CỔ PHẦN VTC DỊCH VỤ DI ĐỘNG,QUYẾT ĐỊNH PHÁT HÀNH TRÒ CHƠI ĐIỆN TỬ G1 TRÊN MẠNG,2026-04-02,Giấy phép chính thức (ABEI - Bộ TT&TT),172/QĐ-PTTH&TTĐT,invalid,https://giayphep.abei.gov.vn/
daichien.vnggames.com,CÔNG TY TNHH GIẢI TRÍ LONG ĐỈNH,QUYẾT ĐỊNH PHÁT HÀNH TRÒ CHƠI ĐIỆN TỬ G1 TRÊN MẠNG,2019-01-09,Giấy phép chính thức (ABEI - Bộ TT&TT),42/QĐ-BTTTT,valid,https://giayphep.abei.gov.vn/
daichien.zing.vn,CÔNG TY TNHH TRUYỀN THÔNG MINH PHƯƠNG THỊNH,QUYẾT ĐỊNH PHÁT HÀNH TRÒ CHƠI ĐIỆN TỬ G1 TRÊN MẠNG,2021-09-29,Giấy phép chính thức (ABEI - Bộ TT&TT),699 /QĐ-BTTTT,valid,https://giayphep.abei.gov.vn/
daichienham.vn,CÔNG TY CỔ PHẦN FUNTAP,QUYẾT ĐỊNH PHÁT HÀNH TRÒ CHƠI ĐIỆN TỬ G1 TRÊN MẠNG,2018-07-20,Giấy phép chính thức (ABEI - Bộ TT&TT),1209/QĐ-BTTTT,valid,https://giayphep.abei.gov.vn/
daichienloren.vn,CÔNG TY CỔ PHẦN TITAN STUDIO VIỆT NAM,QUYẾT ĐỊNH PHÁT HÀNH TRÒ CHƠI ĐIỆN TỬ G1 TRÊN MẠNG,2025-08-07,Giấy phép chính thức (ABEI - Bộ TT&TT),348/QĐ-PTTH&TTĐT,valid,https://giayphep.abei.gov.vn/
daichienlucdao.vn,CÔNG TY TNHH VMGE,QUYẾT ĐỊNH PHÁT HÀNH TRÒ CHƠI ĐIỆN TỬ G1 TRÊN MẠNG,2024-05-23,Giấy phép chính thức (ABEI - Bộ TT&TT),847/QĐ-BTTTT,valid,https://giayphep.abei.gov.vn/
daichientanthegioi.vn,CÔNG TY CỔ PHẦN ACE GAME,QUYẾT ĐỊNH PHÁT HÀNH TRÒ CHƠI ĐIỆN TỬ G1 TRÊN MẠNG,2022-08-29,Giấy phép chính thức (ABEI - Bộ TT&TT),1628/QĐ-BTTTT,valid,https://giayphep.abei.gov.vn/
daichientuhoang.vn,CÔNG TY CỔ PHẦN TRỰC TUYẾN DUO,QUYẾT ĐỊNH PHÁT HÀNH TRÒ CHƠI ĐIỆN TỬ G1 TRÊN MẠNG,2021-06-25,Giấy phép chính thức (ABEI - Bộ TT&TT),908/QĐ-BTTTT,valid,https://giayphep.abei.gov.vn/
daichienxichbich.com,CÔNG TY TNHH 1618PLAY,QUYẾT ĐỊNH PHÁT HÀNH TRÒ CHƠI ĐIỆN TỬ G1 TRÊN MẠNG,2017-05-18,Giấy phép chính thức (ABEI - Bộ TT&TT),735/QĐ-BTTTT,valid,https://giayphep.abei.gov.vn/
daichuate.xtv.vn,CÔNG TY CỔ PHẦN XTV,QUYẾT ĐỊNH PHÁT HÀNH TRÒ CHƠI ĐIỆN TỬ G1 TRÊN MẠNG,2018-10-29,Giấy phép chính thức (ABEI - Bộ TT&TT),1736/QĐ-BTTTT,invalid,https://giayphep.abei.gov.vn/
daichuate.ygame.vn,CÔNG TY CỔ PHẦN GIẢI TRÍ YGAME,QUYẾT ĐỊNH PHÁT HÀNH TRÒ CHƠI ĐIỆN TỬ G1 TRÊN MẠNG,2021-04-23,Giấy phép chính thức (ABEI - Bộ TT&TT),533/QĐ-BTTTT,valid,https://giayphep.abei.gov.vn/
daihaitrinh.ggames.vn,CÔNG TY TNHH TRỰC TUYẾN THIÊN HÀ,QUYẾT ĐỊNH PHÁT HÀNH TRÒ CHƠI ĐIỆN TỬ G1 TRÊN MẠNG,2021-03-10,Giấy phép chính thức (ABEI - Bộ TT&TT),288/QĐ-BTTTT,valid,https://giayphep.abei.gov.vn/
daihaitrinh.vn,CÔNG TY CỔ PHẦN TEPAYLINK,QUYẾT ĐỊNH PHÁT HÀNH TRÒ CHƠI ĐIỆN TỬ G1 TRÊN MẠNG,2025-07-31,Giấy phép chính thức (ABEI - Bộ TT&TT),338/QĐ-PTTH&TTĐT,valid,https://giayphep.abei.gov.vn/
daihaitrinhmobile.vn,CÔNG TY CỔ PHẦN 9PLAY,QUYẾT ĐỊNH PHÁT HÀNH TRÒ CHƠI ĐIỆN TỬ G1 TRÊN MẠNG,2021-04-06,Giấy phép chính thức (ABEI - Bộ TT&TT),449/QĐ-BTTTT,valid,https://giayphep.abei.gov.vn/
daihiep.sohagame.vn,CÔNG TY TNHH SOHA,QUYẾT ĐỊNH PHÁT HÀNH TRÒ CHƠI ĐIỆN TỬ G1 TRÊN MẠNG,2024-12-10,Giấy phép chính thức (ABEI - Bộ TT&TT),2169/QĐ-BTTTT,valid,https://giayphep.abei.gov.vn/
daihiep.vgplay.vn,CÔNG TY CỔ PHẦN VGP,QUYẾT ĐỊNH PHÁT HÀNH TRÒ CHƠI ĐIỆN TỬ G1 TRÊN MẠNG,2020-04-24,Giấy phép chính thức (ABEI - Bộ TT&TT),732/QĐ-BTTTT,valid,https://giayphep.abei.gov.vn/
daihiepkhach.vn,CÔNG TY TNHH SOHA ,QUYẾT ĐỊNH PHÁT HÀNH TRÒ CHƠI ĐIỆN TỬ G1 TRÊN MẠNG,2020-05-21,Giấy phép chính thức (ABEI - Bộ TT&TT),850 /QĐ-BTTTT,valid,https://giayphep.abei.gov.vn/
daihiepphongvan.com,CÔNG TY CỔ PHẦN SOLAPLAY,QUYẾT ĐỊNH PHÁT HÀNH TRÒ CHƠI ĐIỆN TỬ G1 TRÊN MẠNG,2024-03-12,Giấy phép chính thức (ABEI - Bộ TT&TT),303/QĐ-BTTTT,valid,https://giayphep.abei.gov.vn/
daikttvdongbang.com.vn,ĐÀI KHÍ TƯỢNG THỦY VĂN KHU VỰC ĐỒNG BẰNG BẮC BỘ,GIẤY PHÉP THIẾT LẬP TRANG THÔNG TIN ĐIỆN TỬ TỔNG HỢP,2018-07-12,Giấy phép chính thức (ABEI - Bộ TT&TT),179/GP-TTĐT,valid,https://giayphep.abei.gov.vn/
daikttvdongbang.gov.vn,ĐÀI KHÍ TƯỢNG THỦY VĂN KHU VỰC ĐỒNG BẰNG BẮC BỘ,GIẤY PHÉP THIẾT LẬP TRANG THÔNG TIN ĐIỆN TỬ TỔNG HỢP,2018-07-12,Giấy phép chính thức (ABEI - Bộ TT&TT),179/GP-TTĐT,valid,https://giayphep.abei.gov.vn/
dailanhchu.hhgame.vn,CÔNG TY CỔ PHẦN PHÁT TRIỂN CÔNG NGHỆ SỐ HỒNG HÀ ,QUYẾT ĐỊNH PHÁT HÀNH TRÒ CHƠI ĐIỆN TỬ G1 TRÊN MẠNG,2021-05-18,Giấy phép chính thức (ABEI - Bộ TT&TT),671 /QĐ-BTTTT,valid,https://giayphep.abei.gov.vn/
dailaogia.vn,CÔNG TY CỔ PHẦN FUNTAP,QUYẾT ĐỊNH PHÁT HÀNH TRÒ CHƠI ĐIỆN TỬ G1 TRÊN MẠNG,2019-05-20,Giấy phép chính thức (ABEI - Bộ TT&TT),741/QĐ-BTTTT,valid,https://giayphep.abei.gov.vn/
dailo.vn,TẠP CHÍ VẬN TẢI Ô TÔ,GIẤY PHÉP THIẾT LẬP TRANG THÔNG TIN ĐIỆN TỬ TỔNG HỢP,2013-06-28,Giấy phép chính thức (ABEI - Bộ TT&TT),87/GP-TTĐT,invalid,https://giayphep.abei.gov.vn/
dailucthanbi.vn,CÔNG TY CỔ PHẦN ĐẦU TƯ CÔNG NGHỆ VISION INVEST ,QUYẾT ĐỊNH PHÁT HÀNH TRÒ CHƠI ĐIỆN TỬ G1 TRÊN MẠNG,2026-03-18,Giấy phép chính thức (ABEI - Bộ TT&TT),135/QĐ-PTTH&TTĐT,valid,https://giayphep.abei.gov.vn/
dailucvindieu.playfun.vn,CÔNG TY CỔ PHẦN FUNTAP,QUYẾT ĐỊNH PHÁT HÀNH TRÒ CHƠI ĐIỆN TỬ G1 TRÊN MẠNG,2021-10-08,Giấy phép chính thức (ABEI - Bộ TT&TT),1539 /QĐ-BTTTT,valid,https://giayphep.abei.gov.vn/
dailucvinhdieu.playfun.vn,CÔNG TY CỔ PHẦN FUNTAP,QUYẾT ĐỊNH PHÁT HÀNH TRÒ CHƠI ĐIỆN TỬ G1 TRÊN MẠNG,2021-10-08,Giấy phép chính thức (ABEI - Bộ TT&TT),1539/QĐ-BTTTT,valid,https://giayphep.abei.gov.vn/
dainao.vn,CÔNG TY TNHH SOHA,QUYẾT ĐỊNH PHÁT HÀNH TRÒ CHƠI ĐIỆN TỬ G1 TRÊN MẠNG,2023-05-17,Giấy phép chính thức (ABEI - Bộ TT&TT),850/QĐ-BTTTT,valid,https://giayphep.abei.gov.vn/
daisoai3q.vn,CÔNG TY TNHH SOHA,QUYẾT ĐỊNH PHÁT HÀNH TRÒ CHƠI ĐIỆN TỬ G1 TRÊN MẠNG,2023-03-02,Giấy phép chính thức (ABEI - Bộ TT&TT),287/QĐ-BTTTT,valid,https://giayphep.abei.gov.vn/
daitaydu.vn,CÔNG TY TNHH G4M,QUYẾT ĐỊNH PHÁT HÀNH TRÒ CHƠI ĐIỆN TỬ G1 TRÊN MẠNG,2023-10-25,Giấy phép chính thức (ABEI - Bộ TT&TT),2053/QĐ-BTTTT,valid,https://giayphep.abei.gov.vn/
daithiensumobile.vn,CÔNG TY CỔ PHẦN FUNTAP,QUYẾT ĐỊNH PHÁT HÀNH TRÒ CHƠI ĐIỆN TỬ G1 TRÊN MẠNG,2018-06-06,Giấy phép chính thức (ABEI - Bộ TT&TT),868/QĐ-BTTTT,valid,https://giayphep.abei.gov.vn/
daithuonggia.zagoo.vn,CÔNG TY TNHH ZIE,QUYẾT ĐỊNH PHÁT HÀNH TRÒ CHƠI ĐIỆN TỬ G1 TRÊN MẠNG,2024-07-15,Giấy phép chính thức (ABEI - Bộ TT&TT),1177/QĐ-BTTTT,valid,https://giayphep.abei.gov.vn/
daitienminhdidauthe.playfun,CÔNG TY CỔ PHẦN FUNTAP,QUYẾT ĐỊNH PHÁT HÀNH TRÒ CHƠI ĐIỆN TỬ G1 TRÊN MẠNG,2025-02-18,Giấy phép chính thức (ABEI - Bộ TT&TT),35 /QĐ-PTTH&TTĐT,valid,https://giayphep.abei.gov.vn/
daitv3q.ygame.vn,CÔNG TY CỔ PHẦN GIẢI TRÍ YGAME,QUYẾT ĐỊNH PHÁT HÀNH TRÒ CHƠI ĐIỆN TỬ G1 TRÊN MẠNG,2021-06-08,Giấy phép chính thức (ABEI - Bộ TT&TT),778/QĐ-BTTTT,valid,https://giayphep.abei.gov.vn/
daklakmuseum.org.vn,BẢO TÀNG TỈNH ĐẮK LẮK,GIẤY PHÉP THIẾT LẬP TRANG THÔNG TIN ĐIỆN TỬ TỔNG HỢP,2013-07-16,Giấy phép chính thức (ABEI - Bộ TT&TT),96/GP-TTĐT,invalid,https://giayphep.abei.gov.vn/
dalieu.vn,BỆNH VIỆN DA LIỄU TRUNG ƯƠNG,GIẤY PHÉP THIẾT LẬP TRANG THÔNG TIN ĐIỆN TỬ TỔNG HỢP,2016-06-30,Giấy phép chính thức (ABEI - Bộ TT&TT),79/GP-TTĐT,valid,https://giayphep.abei.gov.vn/
danagame.vn,Công ty TNHH Công nghệ DanaGame,QUYẾT ĐỊNH PHÁT HÀNH TRÒ CHƠI ĐIỆN TỬ G1 TRÊN MẠNG,2025-09-25,Giấy phép chính thức (ABEI - Bộ TT&TT),414 /QĐ-PTTH&TTĐT,valid,https://giayphep.abei.gov.vn/
danangtv.vn,ĐÀI PHÁT THANH - TRUYỀN HÌNH ĐÀ NẴNG,GIẤY PHÉP THIẾT LẬP TRANG THÔNG TIN ĐIỆN TỬ TỔNG HỢP,2022-10-07,Giấy phép chính thức (ABEI - Bộ TT&TT),132/GP-TTĐT,invalid,https://giayphep.abei.gov.vn/
danchoioto.vn,CÔNG TY TNHH ZADATO,GIẤY PHÉP CUNG CẤP DỊCH VỤ MẠNG XÃ HỘI,2019-04-24,Giấy phép chính thức (ABEI - Bộ TT&TT),156/GP-BTTTT,valid,https://giayphep.abei.gov.vn/
danchoitamquoc.playfun.vn,CÔNG TY CỔ PHẦN FUNTAP,QUYẾT ĐỊNH PHÁT HÀNH TRÒ CHƠI ĐIỆN TỬ G1 TRÊN MẠNG,2021-06-09,Giấy phép chính thức (ABEI - Bộ TT&TT),784/QĐ-BTTTT,valid,https://giayphep.abei.gov.vn/
dancing.vn,CÔNG TY TNHH RGK MOBILE,GIẤY PHÉP CUNG CẤP DỊCH VỤ MẠNG XÃ HỘI,2017-09-11,Giấy phép chính thức (ABEI - Bộ TT&TT),431/GP-BTTTT,valid,https://giayphep.abei.gov.vn/
dangcapthucungjoygame.vn,CÔNG TY TNHH GIẢI TRÍ JOY,QUYẾT ĐỊNH PHÁT HÀNH TRÒ CHƠI ĐIỆN TỬ G1 TRÊN MẠNG,2018-08-09,Giấy phép chính thức (ABEI - Bộ TT&TT),1317/QĐ-BTTTT,valid,https://giayphep.abei.gov.vn/
danhchoioto.vn,CÔNG TY TNHH ZADATO,GIẤY PHÉP CUNG CẤP DỊCH VỤ MẠNG XÃ HỘI,2019-04-24,Giấy phép chính thức (ABEI - Bộ TT&TT),156/GP-BTTTT,valid,https://giayphep.abei.gov.vn/
danhtinhthuv.playfun.vn,CÔNG TY CỔ PHẦN FUNTAP,QUYẾT ĐỊNH PHÁT HÀNH TRÒ CHƠI ĐIỆN TỬ G1 TRÊN MẠNG,2021-01-21,Giấy phép chính thức (ABEI - Bộ TT&TT),70/QĐ-BTTTT,valid,https://giayphep.abei.gov.vn/
danhtuongafk.playfun.vn,CÔNG TY CỔ PHẦN FUNTAP,QUYẾT ĐỊNH PHÁT HÀNH TRÒ CHƠI ĐIỆN TỬ G1 TRÊN MẠNG,2023-08-29,Giấy phép chính thức (ABEI - Bộ TT&TT),1677/QĐ-BTTTT,valid,https://giayphep.abei.gov.vn/
danhtuongthienha.vn,CÔNG TY CỔ PHẦN REGZ GAMES,QUYẾT ĐỊNH PHÁT HÀNH TRÒ CHƠI ĐIỆN TỬ G1 TRÊN MẠNG,2022-09-30,Giấy phép chính thức (ABEI - Bộ TT&TT),1838/QĐ-BTTTT,valid,https://giayphep.abei.gov.vn/
danhtuongtruyen.vn,CÔNG TY TNHH SOHA,QUYẾT ĐỊNH PHÁT HÀNH TRÒ CHƠI ĐIỆN TỬ G1 TRÊN MẠNG,2019-03-29,Giấy phép chính thức (ABEI - Bộ TT&TT),486/QĐ-BTTTT,valid,https://giayphep.abei.gov.vn/
danhtuongvosong.playfun.vn,CÔNG TY CỔ PHẦN FUNTAP,QUYẾT ĐỊNH PHÁT HÀNH TRÒ CHƠI ĐIỆN TỬ G1 TRÊN MẠNG,2022-09-30,Giấy phép chính thức (ABEI - Bộ TT&TT),1853/QĐ-BTTTT,valid,https://giayphep.abei.gov.vn/
dantin.vn,BÁO ĐỜI SỐNG VÀ TIÊU DÙNG,GIẤY PHÉP THIẾT LẬP TRANG THÔNG TIN ĐIỆN TỬ TỔNG HỢP,2016-04-07,Giấy phép chính thức (ABEI - Bộ TT&TT),29/GP-TTĐT,valid,https://giayphep.abei.gov.vn/
danvan.vn,TẠP CHÍ DÂN VẬN,GIẤY PHÉP THIẾT LẬP TRANG THÔNG TIN ĐIỆN TỬ TỔNG HỢP,2020-05-08,Giấy phép chính thức (ABEI - Bộ TT&TT),60/GP-TTĐT,invalid,https://giayphep.abei.gov.vn/
daohaitac.nicatech.vn,CÔNG TY TNHH DỊCH VỤ TRUYỀN THÔNG NICA,QUYẾT ĐỊNH PHÁT HÀNH TRÒ CHƠI ĐIỆN TỬ G1 TRÊN MẠNG,2024-08-19,Giấy phép chính thức (ABEI - Bộ TT&TT),1390/QĐ-BTTTT,valid,https://giayphep.abei.gov.vn/
daohoakiem.vn,CÔNG TY CỔ PHẦN FUNTAP,QUYẾT ĐỊNH PHÁT HÀNH TRÒ CHƠI ĐIỆN TỬ G1 TRÊN MẠNG,2019-09-23,Giấy phép chính thức (ABEI - Bộ TT&TT),1546/QĐ-BTTTT,valid,https://giayphep.abei.gov.vn/
daohuuxindungbuoc.joyplay.vn,CÔNG TY TNHH JOYGAMES ,QUYẾT ĐỊNH PHÁT HÀNH TRÒ CHƠI ĐIỆN TỬ G1 TRÊN MẠNG,2026-02-13,Giấy phép chính thức (ABEI - Bộ TT&TT),90/QĐ-PTTH&TTĐT,valid,https://giayphep.abei.gov.vn/
daokhobau.vn,CÔNG TY CỔ PHẦN 9PLAY,QUYẾT ĐỊNH PHÁT HÀNH TRÒ CHƠI ĐIỆN TỬ G1 TRÊN MẠNG,2021-01-08,Giấy phép chính thức (ABEI - Bộ TT&TT),14 /QĐ_BTTTT,valid,https://giayphep.abei.gov.vn/
daokiemvosong.vn,CÔNG TY CỔ PHẦN FUNTAP,QUYẾT ĐỊNH PHÁT HÀNH TRÒ CHƠI ĐIỆN TỬ G1 TRÊN MẠNG,2019-04-23,Giấy phép chính thức (ABEI - Bộ TT&TT),625/QĐ-BTTTT,invalid,https://giayphep.abei.gov.vn/
daomoky.vn,CÔNG TY TNHH SOHA,QUYẾT ĐỊNH PHÁT HÀNH TRÒ CHƠI ĐIỆN TỬ G1 TRÊN MẠNG,2020-02-14,Giấy phép chính thức (ABEI - Bộ TT&TT),209/QĐ-BTTTT,valid,https://giayphep.abei.gov.vn/
daophong.vn,CÔNG TY CỔ PHẦN VTC DỊCH VỤ DI ĐỘNG,QUYẾT ĐỊNH PHÁT HÀNH TRÒ CHƠI ĐIỆN TỬ G1 TRÊN MẠNG,2016-05-24,Giấy phép chính thức (ABEI - Bộ TT&TT),854/QĐ-BTTTT,invalid,https://giayphep.abei.gov.vn/
daosixuatquan.splay.vn,CÔNG TY CỔ PHẦN VTC DỊCH VỤ DI ĐỘNG,QUYẾT ĐỊNH PHÁT HÀNH TRÒ CHƠI ĐIỆN TỬ G1 TRÊN MẠNG,2026-04-14,Giấy phép chính thức (ABEI - Bộ TT&TT),185/QĐ-PTTH&TTĐT,valid,https://giayphep.abei.gov.vn/
daosixuatquan.vn,CÔNG TY CỔ PHẦN VTC DỊCH VỤ DI ĐỘNG,QUYẾT ĐỊNH PHÁT HÀNH TRÒ CHƠI ĐIỆN TỬ G1 TRÊN MẠNG,2022-01-21,Giấy phép chính thức (ABEI - Bộ TT&TT),83/QĐ-BTTTT,invalid,https://giayphep.abei.gov.vn/
daotao-vhttdl.vn,VỤ ĐÀO TẠO,GIẤY PHÉP THIẾT LẬP TRANG THÔNG TIN ĐIỆN TỬ TỔNG HỢP,2017-05-25,Giấy phép chính thức (ABEI - Bộ TT&TT),175/GP-TTĐT,invalid,https://giayphep.abei.gov.vn/
daotaotv.vn,TRUNG TÂM ĐÀO TẠO BỒI DƯỠNG NGHIỆP VỤ TRUYỀN HÌNH,GIẤY PHÉP THIẾT LẬP TRANG THÔNG TIN ĐIỆN TỬ TỔNG HỢP,2013-04-12,Giấy phép chính thức (ABEI - Bộ TT&TT),40/GP-TTĐT,invalid,https://giayphep.abei.gov.vn/
daotaovuabep.mobi,CÔNG TY CỔ PHẦN TRUYỀN THÔNG ĐA PHƯƠNG TIỆN HOÀNG GIA,GIẤY PHÉP CUNG CẤP DỊCH VỤ MẠNG XÃ HỘI,2017-09-28,Giấy phép chính thức (ABEI - Bộ TT&TT),472/GP-BTTTT,valid,https://giayphep.abei.gov.vn/
daotaovuabep.vn,CÔNG TY CỔ PHẦN TRUYỀN THÔNG ĐA PHƯƠNG TIỆN HOÀNG GIA,GIẤY PHÉP CUNG CẤP DỊCH VỤ MẠNG XÃ HỘI,2017-09-28,Giấy phép chính thức (ABEI - Bộ TT&TT),472/GP-BTTTT,valid,https://giayphep.abei.gov.vn/
darknemesis.hhgame.vn,CÔNG TY CỔ PHẦN PHÁT TRIỂN CÔNG NGHỆ SỐ HỒNG HÀ,QUYẾT ĐỊNH PHÁT HÀNH TRÒ CHƠI ĐIỆN TỬ G1 TRÊN MẠNG,2022-01-21,Giấy phép chính thức (ABEI - Bộ TT&TT),77/QĐ-BTTTT,valid,https://giayphep.abei.gov.vn/
datarnquoc.com,CÔNG TY TNHH MYG,QUYẾT ĐỊNH PHÁT HÀNH TRÒ CHƠI ĐIỆN TỬ G1 TRÊN MẠNG,2017-12-05,Giấy phép chính thức (ABEI - Bộ TT&TT),2237/QĐ-BTTTT,valid,https://giayphep.abei.gov.vn/
dauanrong.vn,CÔNG TY TNHH SOHA,QUYẾT ĐỊNH PHÁT HÀNH TRÒ CHƠI ĐIỆN TỬ G1 TRÊN MẠNG,2020-03-10,Giấy phép chính thức (ABEI - Bộ TT&TT),317 /QĐ-BTTTT,valid,https://giayphep.abei.gov.vn/
dauchienthan.gosu.vn,CÔNG TY CỔ PHẦN TRỰC TUYẾN GOSU,QUYẾT ĐỊNH PHÁT HÀNH TRÒ CHƠI ĐIỆN TỬ G1 TRÊN MẠNG,2019-05-21,Giấy phép chính thức (ABEI - Bộ TT&TT),752/QĐ-BTTTT,invalid,https://giayphep.abei.gov.vn/
dauhiep.slg.vn,CÔNG TY CỔ PHẦN DỊCH VỤ TRỰC TUYẾN VĨNH XUÂN,QUYẾT ĐỊNH PHÁT HÀNH TRÒ CHƠI ĐIỆN TỬ G1 TRÊN MẠNG,2018-07-20,Giấy phép chính thức (ABEI - Bộ TT&TT),1221/QĐ-BTTTT,valid,https://giayphep.abei.gov.vn/
dauhonsu.vgplay.vn,CÔNG TY CỔ PHẦN VGP,QUYẾT ĐỊNH PHÁT HÀNH TRÒ CHƠI ĐIỆN TỬ G1 TRÊN MẠNG,2024-10-29,Giấy phép chính thức (ABEI - Bộ TT&TT),1859/QĐ-BTTTT,invalid,https://giayphep.abei.gov.vn/
daula.vnggames.com,CÔNG TY TNHH TRUYỀN THÔNG MINH PHƯƠNG THỊNH,QUYẾT ĐỊNH PHÁT HÀNH TRÒ CHƠI ĐIỆN TỬ G1 TRÊN MẠNG,2022-02-21,Giấy phép chính thức (ABEI - Bộ TT&TT),305 /QĐ-BTTTT,valid,https://giayphep.abei.gov.vn/
daula3d.playfun.vn,CÔNG TY CỔ PHẦN FUNTAP,QUYẾT ĐỊNH PHÁT HÀNH TRÒ CHƠI ĐIỆN TỬ G1 TRÊN MẠNG,2022-04-20,Giấy phép chính thức (ABEI - Bộ TT&TT),726 /QĐ-BTTTT,valid,https://giayphep.abei.gov.vn/
daulabangbang.playfun.vn,CÔNG TY CỔ PHẦN PHÁT TRIỂN CÔNG NGHỆ SỐ HỒNG HÀ,QUYẾT ĐỊNH PHÁT HÀNH TRÒ CHƠI ĐIỆN TỬ G1 TRÊN MẠNG,2024-02-05,Giấy phép chính thức (ABEI - Bộ TT&TT),133/QĐ-BTTTT,valid,https://giayphep.abei.gov.vn/
dauladailuc.playfun.vn,CÔNG TY CỔ PHẦN FUNTAP,QUYẾT ĐỊNH PHÁT HÀNH TRÒ CHƠI ĐIỆN TỬ G1 TRÊN MẠNG,2020-08-14,Giấy phép chính thức (ABEI - Bộ TT&TT),1395/QĐ-BTTTT,invalid,https://giayphep.abei.gov.vn/
dauladailuc3d.vn,CÔNG TY CỔ PHẦN PHÁT TRIỂN CÔNG NGHỆ SỐ HỒNG HÀ,QUYẾT ĐỊNH PHÁT HÀNH TRÒ CHƠI ĐIỆN TỬ G1 TRÊN MẠNG,2022-03-14,Giấy phép chính thức (ABEI - Bộ TT&TT),431/QĐ-BTTTT,valid,https://giayphep.abei.gov.vn/
daulasanhon.funtap.games,CÔNG TY CỔ PHẦN FUNTAP GAMES ,QUYẾT ĐỊNH PHÁT HÀNH TRÒ CHƠI ĐIỆN TỬ G1 TRÊN MẠNG,2026-05-15,Giấy phép chính thức (ABEI - Bộ TT&TT),251/QĐ-PTTH&TTĐT,valid,https://giayphep.abei.gov.vn/
dauotoiday.vn,CÔNG TY CỔ PHẦN TRỰC TUYẾN DUO,QUYẾT ĐỊNH PHÁT HÀNH TRÒ CHƠI ĐIỆN TỬ G1 TRÊN MẠNG,2024-11-12,Giấy phép chính thức (ABEI - Bộ TT&TT),1962/QĐ-BTTTT,valid,https://giayphep.abei.gov.vn/
daupha.playfun.vn,CÔNG TY CỔ PHẦN FUNTAP,QUYẾT ĐỊNH PHÁT HÀNH TRÒ CHƠI ĐIỆN TỬ G1 TRÊN MẠNG,2024-06-05,Giấy phép chính thức (ABEI - Bộ TT&TT),919/QĐ-BTTTT,valid,https://giayphep.abei.gov.vn/
dauphathienlo.wormstudio.vn,CÔNG TY TNHH WORM STUDIO ,QUYẾT ĐỊNH PHÁT HÀNH TRÒ CHƠI ĐIỆN TỬ G1 TRÊN MẠNG,2026-07-17,Giấy phép chính thức (ABEI - Bộ TT&TT),424/QĐ-PTTH&TTĐT,valid,https://giayphep.abei.gov.vn/
dauthan.vplay.vn,CÔNG TY CỔ PHẦN TRUYỀN HÌNH TƯƠNG TÁC VIỆT NAM,QUYẾT ĐỊNH PHÁT HÀNH TRÒ CHƠI ĐIỆN TỬ G1 TRÊN MẠNG,2023-06-22,Giấy phép chính thức (ABEI - Bộ TT&TT),1091/QĐ-BTTTT,valid,https://giayphep.abei.gov.vn/
dauthanmobile.vn,CÔNG TY CỔ PHẦN FUNTAP,QUYẾT ĐỊNH PHÁT HÀNH TRÒ CHƠI ĐIỆN TỬ G1 TRÊN MẠNG,2019-05-20,Giấy phép chính thức (ABEI - Bộ TT&TT),738/QĐ-BTTTT,valid,https://giayphep.abei.gov.vn/
dautruong.ygame.vn,CÔNG TY CỔ PHẦN GIẢI TRÍ YGAME,QUYẾT ĐỊNH PHÁT HÀNH TRÒ CHƠI ĐIỆN TỬ G1 TRÊN MẠNG,2018-11-09,Giấy phép chính thức (ABEI - Bộ TT&TT),1832/QĐ-BTTTT,valid,https://giayphep.abei.gov.vn/
dautruong3q.vn,CÔNG TY CỔ PHẦN VTC DỊCH VỤ DI ĐỘNG,QUYẾT ĐỊNH PHÁT HÀNH TRÒ CHƠI ĐIỆN TỬ G1 TRÊN MẠNG,2021-08-11,Giấy phép chính thức (ABEI - Bộ TT&TT),1203/QĐ-BTTTT,invalid,https://giayphep.abei.gov.vn/
dautruongafk.vn,CÔNG TY CỔ PHẦN DỊCH VỤ S.PAY VIỆT NAM,QUYẾT ĐỊNH PHÁT HÀNH TRÒ CHƠI ĐIỆN TỬ G1 TRÊN MẠNG,2019-11-20,Giấy phép chính thức (ABEI - Bộ TT&TT),1973 /QĐ-BTTTT,valid,https://giayphep.abei.gov.vn/
dautruongatom.vn,CÔNG TY CỔ PHẦN TRỰC TUYẾN DUO,QUYẾT ĐỊNH PHÁT HÀNH TRÒ CHƠI ĐIỆN TỬ G1 TRÊN MẠNG,2023-05-11,Giấy phép chính thức (ABEI - Bộ TT&TT),801/QĐ-BTTTT,valid,https://giayphep.abei.gov.vn/
dautruongchanthu.sohaga,CÔNG TY TNHH SOHA ,QUYẾT ĐỊNH PHÁT HÀNH TRÒ CHƠI ĐIỆN TỬ G1 TRÊN MẠNG,2025-09-10,Giấy phép chính thức (ABEI - Bộ TT&TT),385/QĐ-PTTH&TTĐT,invalid,https://giayphep.abei.gov.vn/
dautruonghaki.vn,CÔNG TY CỔ PHẦN FUNTAP,QUYẾT ĐỊNH PHÁT HÀNH TRÒ CHƠI ĐIỆN TỬ G1 TRÊN MẠNG,2018-01-26,Giấy phép chính thức (ABEI - Bộ TT&TT),100/QĐ-BTTTT,valid,https://giayphep.abei.gov.vn/
dautruonghoanggia.vn,CÔNG TY CỔ PHẦN FUNTAP,QUYẾT ĐỊNH PHÁT HÀNH TRÒ CHƠI ĐIỆN TỬ G1 TRÊN MẠNG,2020-05-21,Giấy phép chính thức (ABEI - Bộ TT&TT),852 /QĐ-BTTTT,valid,https://giayphep.abei.gov.vn/
dautruongnuthan.hhgame.vn,CÔNG TY CỔ PHẦN PHÁT TRIỂN CÔNG NGHỆ SỐ HỒNG HÀ,QUYẾT ĐỊNH PHÁT HÀNH TRÒ CHƠI ĐIỆN TỬ G1 TRÊN MẠNG,2020-09-30,Giấy phép chính thức (ABEI - Bộ TT&TT),1663 /OĐ-BTTTT,valid,https://giayphep.abei.gov.vn/
daututhuongmai.vn,VIỆN TƯ VẤN CÔNG NGHỆ VÀ ĐÀO TẠO TOÀN CẦU,GIẤY PHÉP THIẾT LẬP TRANG THÔNG TIN ĐIỆN TỬ TỔNG HỢP,2021-01-07,Giấy phép chính thức (ABEI - Bộ TT&TT),04/GP-TTĐT,invalid,https://giayphep.abei.gov.vn/
dav.gov.vn,CỤC QUẢN LÝ DƯỢC,GIẤY PHÉP THIẾT LẬP TRANG THÔNG TIN ĐIỆN TỬ TỔNG HỢP,2018-12-27,Giấy phép chính thức (ABEI - Bộ TT&TT),318/GP-TTĐT,valid,https://giayphep.abei.gov.vn/
davichat.vn,CÔNG TY TNHH CÔNG NGHỆ QUỐC TẾ ĐẠI VIỆT,GIẤY PHÉP CUNG CẤP DỊCH VỤ MẠNG XÃ HỘI,2020-03-30,Giấy phép chính thức (ABEI - Bộ TT&TT),118/GP-BTTTT,valid,https://giayphep.abei.gov.vn/
daysofempire.gamota.com,CÔNG TY CỔ PHẦN GAMOTA,QUYẾT ĐỊNH PHÁT HÀNH TRÒ CHƠI ĐIỆN TỬ G1 TRÊN MẠNG,2020-12-07,Giấy phép chính thức (ABEI - Bộ TT&TT),2148/QĐ-BTTTT,valid,https://giayphep.abei.gov.vn/
db.choi.vn,CÔNG TY CỔ PHẦN GIẢI TRÍ VGG,QUYẾT ĐỊNH PHÁT HÀNH TRÒ CHƠI ĐIỆN TỬ G1 TRÊN MẠNG,2017-09-06,Giấy phép chính thức (ABEI - Bộ TT&TT),1491/QĐ-BTTTT,valid,https://giayphep.abei.gov.vn/
dcgd.zoneplay.vn,CÔNG TY CỔ PHẦN GZONE MEDIA VIỆT NAM,QUYẾT ĐỊNH PHÁT HÀNH TRÒ CHƠI ĐIỆN TỬ G1 TRÊN MẠNG,2025-12-19,Giấy phép chính thức (ABEI - Bộ TT&TT),562/QĐ-PTTH&TTĐT,valid,https://giayphep.abei.gov.vn/
dck.360game.vn,CÔNG TY TNHH NỘI DUNG SỐ NGUYÊN BẢO,QUYẾT ĐỊNH PHÁT HÀNH TRÒ CHƠI ĐIỆN TỬ G1 TRÊN MẠNG,2017-09-12,Giấy phép chính thức (ABEI - Bộ TT&TT),1546/QĐ-BTTTT,valid,https://giayphep.abei.gov.vn/
dck.gov.vn,"CỤC ĐỔI MỚI SÁNG TẠO, CHUYỂN ĐỔI XANH VÀ KHUYẾN CÔNG",GIẤY PHÉP THIẾT LẬP TRANG THÔNG TIN ĐIỆN TỬ TỔNG HỢP,2025-05-14,Giấy phép chính thức (ABEI - Bộ TT&TT),75 /GP-TTĐT,valid,https://giayphep.abei.gov.vn/
dclm.vtcgame.vn,CÔNG TY VTC CÔNG NGHỆ VÀ NỘI DUNG SỐ,"GIẤY XÁC NHẬN THÔNG BÁO PHÁT HÀNH TRÒ CHƠI ĐIỆN TỬ G2,G3,G4",2021-03-11,Giấy phép chính thức (ABEI - Bộ TT&TT),36/GXN-PTTH&TTĐT,valid,https://giayphep.abei.gov.vn/
dcq.sungame.vn,CÔNG TY CỔ PHẦN GIẢI TRÍ TRỰC TUYẾN SUNGAME,QUYẾT ĐỊNH PHÁT HÀNH TRÒ CHƠI ĐIỆN TỬ G1 TRÊN MẠNG,2021-05-07,Giấy phép chính thức (ABEI - Bộ TT&TT),623/QĐ-BTTTT,invalid,https://giayphep.abei.gov.vn/
dcqkcs@mocgame.vn,CÔNG TY CỔ PHẦN TRÒ CHƠI MỘC,QUYẾT ĐỊNH PHÁT HÀNH TRÒ CHƠI ĐIỆN TỬ G1 TRÊN MẠNG,2022-12-13,Giấy phép chính thức (ABEI - Bộ TT&TT),2308/QĐ-BTTTT,valid,https://giayphep.abei.gov.vn/
dct.360game.vn,CÔNG TY CỔ PHẦN VNG,QUYẾT ĐỊNH PHÁT HÀNH TRÒ CHƠI ĐIỆN TỬ G1 TRÊN MẠNG,2016-12-30,Giấy phép chính thức (ABEI - Bộ TT&TT),2363/QĐ-BTTTT,invalid,https://giayphep.abei.gov.vn/
dctg.1618play.vn,CÔNG TY TNHH 1618PLAY,QUYẾT ĐỊNH PHÁT HÀNH TRÒ CHƠI ĐIỆN TỬ G1 TRÊN MẠNG,2017-06-30,Giấy phép chính thức (ABEI - Bộ TT&TT),1040/QĐ-BTTTT,valid,https://giayphep.abei.gov.vn/
dctm.1618play.vn,CÔNG TY TNHH 1618PLAY,QUYẾT ĐỊNH PHÁT HÀNH TRÒ CHƠI ĐIỆN TỬ G1 TRÊN MẠNG,2017-07-26,Giấy phép chính thức (ABEI - Bộ TT&TT),1228/QĐ-BTTTT,valid,https://giayphep.abei.gov.vn/
ddvl.talktv.vn,CÔNG TY CỔ PHẦN VNG,QUYẾT ĐỊNH PHÁT HÀNH TRÒ CHƠI ĐIỆN TỬ G1 TRÊN MẠNG,2017-12-05,Giấy phép chính thức (ABEI - Bộ TT&TT),2235/QĐ-BTTTT,invalid,https://giayphep.abei.gov.vn/
deanbktt.vn,VĂN PHÒNG ĐỀ ÁN BIÊN SOẠN BÁCH KHOA TOÀN THƯ VIỆT NAM,GIẤY PHÉP THIẾT LẬP TRANG THÔNG TIN ĐIỆN TỬ TỔNG HỢP,2018-06-04,Giấy phép chính thức (ABEI - Bộ TT&TT),143/GP-TTĐT,valid,https://giayphep.abei.gov.vn/
debongda.zongplay.vn,CÔNG TY CỔ PHẦN GZONE MEDIA VIỆT NAM,QUYẾT ĐỊNH PHÁT HÀNH TRÒ CHƠI ĐIỆN TỬ G1 TRÊN MẠNG,2022-04-06,Giấy phép chính thức (ABEI - Bộ TT&TT),636/QĐ-BTTTT,valid,https://giayphep.abei.gov.vn/
dechebongda.weplayz.com,CÔNG TY TNHH PHẦN MỀM WEPLAY ,QUYẾT ĐỊNH PHÁT HÀNH TRÒ CHƠI ĐIỆN TỬ G1 TRÊN MẠNG,2026-02-12,Giấy phép chính thức (ABEI - Bộ TT&TT),81/QĐ-PTTH&TTĐT,valid,https://giayphep.abei.gov.vn/
deltaforce.vn,CÔNG TY TNHH Dịch vụ phần mềm Hòa Thái,QUYẾT ĐỊNH PHÁT HÀNH TRÒ CHƠI ĐIỆN TỬ G1 TRÊN MẠNG,2025-07-08,Giấy phép chính thức (ABEI - Bộ TT&TT),307/QĐ-PTTH&TTĐT,invalid,https://giayphep.abei.gov.vn/
denhatnhangia.vn,CÔNG TY CỔ PHẦN TRỰC TUYỂN DUO,QUYẾT ĐỊNH PHÁT HÀNH TRÒ CHƠI ĐIỆN TỬ G1 TRÊN MẠNG,2024-02-06,Giấy phép chính thức (ABEI - Bộ TT&TT),149/QĐ-BTTTT,valid,https://giayphep.abei.gov.vn/
dep.com.vn,BÁO ẢNH VIỆT NAM,GIẤY PHÉP THIẾT LẬP TRANG THÔNG TIN ĐIỆN TỬ TỔNG HỢP,2013-08-29,Giấy phép chính thức (ABEI - Bộ TT&TT),130/GP-TTĐT,invalid,https://giayphep.abei.gov.vn/
depaz.vn,TẠP CHÍ MỸ THUẬT ỨNG DỤNG,GIẤY PHÉP CUNG CẤP DỊCH VỤ MẠNG XÃ HỘI,2022-01-25,Giấy phép chính thức (ABEI - Bộ TT&TT),45/GP-BTTTT,valid,https://giayphep.abei.gov.vn/
designplus.vn,CÔNG TY TNHH PHÁT TRIỂN THIẾT KẾ VIỆT NAM,GIẤY PHÉP CUNG CẤP DỊCH VỤ MẠNG XÃ HỘI,2024-01-27,Giấy phép chính thức (ABEI - Bộ TT&TT),18/GP-BTTTT,valid,https://giayphep.abei.gov.vn/
devuong.vplay.vn,CÔNG TY CỔ PHẦN TRUYỀN HÌNH TƯƠNG TÁC VIỆT NAM,QUYẾT ĐỊNH PHÁT HÀNH TRÒ CHƠI ĐIỆN TỬ G1 TRÊN MẠNG,2022-06-16,Giấy phép chính thức (ABEI - Bộ TT&TT),1078/QĐ-BTTTT,invalid,https://giayphep.abei.gov.vn/
devuong3q.vn,CÔNG TY CỔ PHẦN DỊCH VỤ TRỰC TUYẾN MIGA,QUYẾT ĐỊNH PHÁT HÀNH TRÒ CHƠI ĐIỆN TỬ G1 TRÊN MẠNG,2023-09-29,Giấy phép chính thức (ABEI - Bộ TT&TT),1875/QĐ-BTTTT,valid,https://giayphep.abei.gov.vn/
devuongbanghiep.vn,CÔNG TY TNHH SOHA,QUYẾT ĐỊNH PHÁT HÀNH TRÒ CHƠI ĐIỆN TỬ G1 TRÊN MẠNG,2019-01-28,Giấy phép chính thức (ABEI - Bộ TT&TT),98/QĐ-BTTTT,valid,https://giayphep.abei.gov.vn/
dg3q.zoneplay.vn,CÔNG TY CỔ PHẦN GZONE MEDIA VIỆT NAM,QUYẾT ĐỊNH PHÁT HÀNH TRÒ CHƠI ĐIỆN TỬ G1 TRÊN MẠNG,2022-12-13,Giấy phép chính thức (ABEI - Bộ TT&TT),2314/QĐ-BTTTT,valid,https://giayphep.abei.gov.vn/
dgamejsc.com,CÔNG TY CỔ PHẦN DRAGON GAME ,QUYẾT ĐỊNH PHÁT HÀNH TRÒ CHƠI ĐIỆN TỬ G1 TRÊN MẠNG,2026-02-13,Giấy phép chính thức (ABEI - Bộ TT&TT),86/QĐ-PTTH&TTĐT,valid,https://giayphep.abei.gov.vn/
dgtt.mocgame.vn,CÔNG TY CỔ PHẦN TRÒ CHƠI MỘC,QUYẾT ĐỊNH PHÁT HÀNH TRÒ CHƠI ĐIỆN TỬ G1 TRÊN MẠNG,2024-05-14,Giấy phép chính thức (ABEI - Bộ TT&TT),784/QĐ-BTTTT,invalid,https://giayphep.abei.gov.vn/
dh.mgol.vn,CÔNG TY TNHH PHẦN MỀM MGOL,QUYẾT ĐỊNH PHÁT HÀNH TRÒ CHƠI ĐIỆN TỬ G1 TRÊN MẠNG,2023-07-11,Giấy phép chính thức (ABEI - Bộ TT&TT),1242/QĐ-BTTTT,valid,https://giayphep.abei.gov.vn/
dhlen.esgame.vn,CÔNG TY CỔ PHẦN ĐẦU TƯ & CÔNG NGHỆ MCORP,QUYẾT ĐỊNH PHÁT HÀNH TRÒ CHƠI ĐIỆN TỬ G1 TRÊN MẠNG,2020-08-25,Giấy phép chính thức (ABEI - Bộ TT&TT),1453/QĐ-BTTTT,valid,https://giayphep.abei.gov.vn/
dhpiupiupiu.esgame.vn,CÔNG TY CỔ PHẦN ĐẦU TƯ & CÔNG NGHỆ MCORP,QUYẾT ĐỊNH PHÁT HÀNH TRÒ CHƠI ĐIỆN TỬ G1 TRÊN MẠNG,2020-04-15,Giấy phép chính thức (ABEI - Bộ TT&TT),544 /QĐ-BTTTT,valid,https://giayphep.abei.gov.vn/
dhtp.gov.vn,BAN QUẢN LÝ KHU CÔNG NGHỆ CAO ĐÀ NẴNG,GIẤY PHÉP THIẾT LẬP TRANG THÔNG TIN ĐIỆN TỬ TỔNG HỢP,2013-01-25,Giấy phép chính thức (ABEI - Bộ TT&TT),11/GP-TTĐT,invalid,https://giayphep.abei.gov.vn/
dhtp.vn,BAN QUẢN LÝ KHU CÔNG NGHỆ CAO ĐÀ NẴNG,GIẤY PHÉP THIẾT LẬP TRANG THÔNG TIN ĐIỆN TỬ TỔNG HỢP,2013-01-25,Giấy phép chính thức (ABEI - Bộ TT&TT),11/GP-TTĐT,invalid,https://giayphep.abei.gov.vn/
dhtt.playfun.vn,CÔNG TY CỔ PHẦN FUNTAP,QUYẾT ĐỊNH PHÁT HÀNH TRÒ CHƠI ĐIỆN TỬ G1 TRÊN MẠNG,2024-10-29,Giấy phép chính thức (ABEI - Bộ TT&TT),1863/QĐ-BTTTT,valid,https://giayphep.abei.gov.vn/
dhtt.zoneplay.vn,CÔNG TY CỔ PHẦN GZONE MEDIA VIỆT NAM,QUYẾT ĐỊNH PHÁT HÀNH TRÒ CHƠI ĐIỆN TỬ G1 TRÊN MẠNG,2023-11-10,Giấy phép chính thức (ABEI - Bộ TT&TT),2201/QĐ-BTTTT,valid,https://giayphep.abei.gov.vn/
dhxdh.thienthuonghoa.com,CÔNG TY CỔ PHẦN GIẢI TRÍ THIÊN THƯỢNG HỎA,QUYẾT ĐỊNH PHÁT HÀNH TRÒ CHƠI ĐIỆN TỬ G1 TRÊN MẠNG,2022-01-19,Giấy phép chính thức (ABEI - Bộ TT&TT),54/QĐ-BTTTT,invalid,https://giayphep.abei.gov.vn/
diadiemanuong.biz.vn,CÔNG TY TNHH ĐỊA ĐIỂM ĂN UỐNG,GIẤY PHÉP CUNG CẤP DỊCH VỤ MẠNG XÃ HỘI,2017-08-15,Giấy phép chính thức (ABEI - Bộ TT&TT),394/GP-BTTTT,valid,https://giayphep.abei.gov.vn/
diadiemanuong.com,CÔNG TY TNHH ĐỊA ĐIỂM ĂN UỐNG,GIẤY PHÉP CUNG CẤP DỊCH VỤ MẠNG XÃ HỘI,2017-08-15,Giấy phép chính thức (ABEI - Bộ TT&TT),394/GP-BTTTT,valid,https://giayphep.abei.gov.vn/
dic.gov.vn,SỞ THÔNG TIN VÀ TRUYỀN THÔNG ĐIỆN BIÊN,GIẤY PHÉP THIẾT LẬP TRANG THÔNG TIN ĐIỆN TỬ TỔNG HỢP,2016-03-16,Giấy phép chính thức (ABEI - Bộ TT&TT),29/GP-TTĐT,valid,https://giayphep.abei.gov.vn/
dicamon.vn,CÔNG TY CỔ PHẦN THƯƠNG MẠI DỊCH VỤ CÔNG NGHỆ TIASA,GIẤY PHÉP CUNG CẤP DỊCH VỤ MẠNG XÃ HỘI,2023-08-07,Giấy phép chính thức (ABEI - Bộ TT&TT),281/GP-BTTTT,valid,https://giayphep.abei.gov.vn/
dichvu.vtvcab.vn,CÔNG TY CỔ PHẦN TỔNG CÔNG TY TRUYỀN HÌNH CÁP VIỆT NAM,GIẤY PHÉP THIẾT LẬP TRANG THÔNG TIN ĐIỆN TỬ TỔNG HỢP,2019-07-23,Giấy phép chính thức (ABEI - Bộ TT&TT),126/GP-TTĐT,invalid,https://giayphep.abei.gov.vn/
dicungcon.com.vn,CÔNG TY CỔ PHẦN ADTIMA,GIẤY PHÉP CUNG CẤP DỊCH VỤ MẠNG XÃ HỘI,2024-06-06,Giấy phép chính thức (ABEI - Bộ TT&TT),152/GP-BTTTT,valid,https://giayphep.abei.gov.vn/
dicungcon.vn,CÔNG TY CỔ PHẦN ADTIMA,GIẤY PHÉP CUNG CẤP DỊCH VỤ MẠNG XÃ HỘI,2024-06-06,Giấy phép chính thức (ABEI - Bộ TT&TT),152/GP-BTTTT,valid,https://giayphep.abei.gov.vn/
diemtrang.vn,CÔNG TY TNHH DỊCH VỤ PHẦN MỀM THIÊN BÌNH,QUYẾT ĐỊNH PHÁT HÀNH TRÒ CHƠI ĐIỆN TỬ G1 TRÊN MẠNG,2017-10-12,Giấy phép chính thức (ABEI - Bộ TT&TT),1727/QĐ-BTTTT,valid,https://giayphep.abei.gov.vn/
dienanh.net,CÔNG TY CỔ PHẦN CÔNG NGHỆ VÀ TẦM NHÌN YÊU ÂM NHẠC,GIẤY PHÉP CUNG CẤP DỊCH VỤ MẠNG XÃ HỘI,2017-03-23,Giấy phép chính thức (ABEI - Bộ TT&TT),123/GP-BTTTT,valid,https://giayphep.abei.gov.vn/
dienanhnet.vn,CÔNG TY CỔ PHẦN CÔNG NGHỆ VÀ TẦM NHÌN YÊU ÂM NHẠC,GIẤY PHÉP CUNG CẤP DỊCH VỤ MẠNG XÃ HỘI,2017-03-23,Giấy phép chính thức (ABEI - Bộ TT&TT),123/GP-BTTTT,valid,https://giayphep.abei.gov.vn/
dienanhthethaodulich.vn,TRUNG TÂM ĐIỆN ẢNH THỂ THAO VÀ DU LỊCH VIỆT NAM,GIẤY PHÉP THIẾT LẬP TRANG THÔNG TIN ĐIỆN TỬ TỔNG HỢP,2015-03-25,Giấy phép chính thức (ABEI - Bộ TT&TT),21/GP-TTĐT,invalid,https://giayphep.abei.gov.vn/
dienanhvietnam.com.vn,TẠP CHÍ ĐIỆN ẢNH VIỆT NAM,GIẤY PHÉP THIẾT LẬP TRANG THÔNG TIN ĐIỆN TỬ TỔNG HỢP,2017-07-12,Giấy phép chính thức (ABEI - Bộ TT&TT),234/GP-TTĐT,valid,https://giayphep.abei.gov.vn/
dienbien.dpi.gov.vn,SỞ KẾ HOẠCH VÀ ĐẦU TƯ TỈNH ĐIỆN BIÊN,GIẤY PHÉP THIẾT LẬP TRANG THÔNG TIN ĐIỆN TỬ TỔNG HỢP,2013-08-19,Giấy phép chính thức (ABEI - Bộ TT&TT),114/GP-BTTTT,invalid,https://giayphep.abei.gov.vn/
dienbientv.vn,ĐÀI PHÁT THANH VÀ TRUYỀN HÌNH ĐIỆN BIÊN,GIẤY PHÉP THIẾT LẬP TRANG THÔNG TIN ĐIỆN TỬ TỔNG HỢP,2021-12-27,Giấy phép chính thức (ABEI - Bộ TT&TT),200/GP-TTĐT,valid,https://giayphep.abei.gov.vn/
dienchientiemlau.vn,CÔNG TY TNHH SOHA,QUYẾT ĐỊNH PHÁT HÀNH TRÒ CHƠI ĐIỆN TỬ G1 TRÊN MẠNG,2024-06-04,Giấy phép chính thức (ABEI - Bộ TT&TT),913/QĐ-BTTTT,invalid,https://giayphep.abei.gov.vn/
diendancapthoatnunc.vn,TẠP CHÍ CẤP THOÁT NƯỚC VIỆT NAM,GIẤY PHÉP THIẾT LẬP TRANG THÔNG TIN ĐIỆN TỬ TỔNG HỢP,2013-02-27,Giấy phép chính thức (ABEI - Bộ TT&TT),17/GP-TTĐT,invalid,https://giayphep.abei.gov.vn/
diendancapthoatruoc.com.vn,TẠP CHÍ CẤP THOÁT NƯỚC VIỆT NAM,GIẤY PHÉP THIẾT LẬP TRANG THÔNG TIN ĐIỆN TỬ TỔNG HỢP,2013-02-27,Giấy phép chính thức (ABEI - Bộ TT&TT),17/GP-TTĐT,invalid,https://giayphep.abei.gov.vn/
diendandonghanh.vn,CÔNG TY CỔ PHẦN TRUYỀN THÔNG ĐỒNG HÀNH CÙNG BẠN ĐỌC,GIẤY PHÉP CUNG CẤP DỊCH VỤ MẠNG XÃ HỘI,2021-06-29,Giấy phép chính thức (ABEI - Bộ TT&TT),401/GP-BTTTT,valid,https://giayphep.abei.gov.vn/
diendangiaothong.vn,TẠP CHÍ MÔI TRƯỜNG GIAO THÔNG,GIẤY PHÉP CUNG CẤP DỊCH VỤ MẠNG XÃ HỘI,2024-05-17,Giấy phép chính thức (ABEI - Bộ TT&TT),128/GP-BTTTT,valid,https://giayphep.abei.gov.vn/
diendannangmui.vn,CÔNG TY TNHH MEDILAND VIỆT NAM,GIẤY PHÉP CUNG CẤP DỊCH VỤ MẠNG XÃ HỘI,2020-06-18,Giấy phép chính thức (ABEI - Bộ TT&TT),260/GP-BTTTT,valid,https://giayphep.abei.gov.vn/
diendansacdep.vn,CÔNG TY TNHH TRUYỀN THÔNG PHÁP LUẬT THỊ TRƯỜNG,GIẤY PHÉP CUNG CẤP DỊCH VỤ MẠNG XÃ HỘI,2021-02-24,Giấy phép chính thức (ABEI - Bộ TT&TT),123/GP-BTTTT,valid,https://giayphep.abei.gov.vn/
diendansongkhoe.vn,CÔNG TY TNHH TRUYỀN THÔNG PHÁP LUẬT THỊ TRƯỜNG,GIẤY PHÉP CUNG CẤP DỊCH VỤ MẠNG XÃ HỘI,2021-02-24,Giấy phép chính thức (ABEI - Bộ TT&TT),123/GP-BTTTT,valid,https://giayphep.abei.gov.vn/
dientungaynay.vn,TẠP CHÍ ĐIỆN TỬ,GIẤY PHÉP THIẾT LẬP TRANG THÔNG TIN ĐIỆN TỬ TỔNG HỢP,2019-07-26,Giấy phép chính thức (ABEI - Bộ TT&TT),134/GP-TTĐT,valid,https://giayphep.abei.gov.vn/
dienvadoisong.com,TẠP CHÍ ĐIỆN VÀ ĐỜI SỐNG,GIẤY PHÉP THIẾT LẬP TRANG THÔNG TIN ĐIỆN TỬ TỔNG HỢP,2015-07-14,Giấy phép chính thức (ABEI - Bộ TT&TT),96/GP-TTĐT,invalid,https://giayphep.abei.gov.vn/
dienvadoisong.vn,TẠO CHÍ ĐIỆN VÀ ĐỜI SỐNG,GIẤY PHÉP THIẾT LẬP TRANG THÔNG TIN ĐIỆN TỬ TỔNG HỢP,2019-07-01,Giấy phép chính thức (ABEI - Bộ TT&TT),110/GP-TTĐT,invalid,https://giayphep.abei.gov.vn/
digigame.net.vn,TỔNG CÔNG TY TRUYỀN THÔNG (VNPT),"GIẤY XÁC NHẬN THÔNG BÁO PHÁT HÀNH TRÒ CHƠI ĐIỆN TỬ G2,G3,G4",2021-08-03,Giấy phép chính thức (ABEI - Bộ TT&TT),138/GXN-PTTH&TTĐT,valid,https://giayphep.abei.gov.vn/
digihuyenthoai.vn,CÔNG TY CỔ PHẦN TRỰC TUYẾN DUO,QUYẾT ĐỊNH PHÁT HÀNH TRÒ CHƠI ĐIỆN TỬ G1 TRÊN MẠNG,2021-11-26,Giấy phép chính thức (ABEI - Bộ TT&TT),1883/QĐ-BTTTT,invalid,https://giayphep.abei.gov.vn/
digilife.vnpt.com.vn,TỔNG CÔNG TY TRUYỀN THÔNG (VNPT),"GIẤY XÁC NHẬN THÔNG BÁO PHÁT HÀNH TRÒ CHƠI ĐIỆN TỬ G2,G3,G4",2021-08-03,Giấy phép chính thức (ABEI - Bộ TT&TT),138/GXN-PTTH&TTĐT,valid,https://giayphep.abei.gov.vn/
digiplay.vn,CÔNG TY TNHH DELTA DIGITAL VIỆT NAM,"GIẤY XÁC NHẬN THÔNG BÁO PHÁT HÀNH TRÒ CHƠI ĐIỆN TỬ G2,G3,G4",2024-10-14,Giấy phép chính thức (ABEI - Bộ TT&TT),246/GXN-PTTH&TTĐT,valid,https://giayphep.abei.gov.vn/
dinhduong.org.vn,VIỆN DINH DƯỠNG,GIẤY PHÉP THIẾT LẬP TRANG THÔNG TIN ĐIỆN TỬ TỔNG HỢP,2023-06-05,Giấy phép chính thức (ABEI - Bộ TT&TT),89/GP-TTĐT,valid,https://giayphep.abei.gov.vn/
disneycatch.360game.vn,CÔNG TY TNHH NỘI DUNG SỐ NGUYÊN BẢO,QUYẾT ĐỊNH PHÁT HÀNH TRÒ CHƠI ĐIỆN TỬ G1 TRÊN MẠNG,2016-06-16,Giấy phép chính thức (ABEI - Bộ TT&TT),1042/QĐ-BTTTT,valid,https://giayphep.abei.gov.vn/
ditamquoc.vn,CÔNG TY CỔ PHẦN FUNTAP,QUYẾT ĐỊNH PHÁT HÀNH TRÒ CHƠI ĐIỆN TỬ G1 TRÊN MẠNG,2019-06-27,Giấy phép chính thức (ABEI - Bộ TT&TT),1136 /QĐ-BTTTT,valid,https://giayphep.abei.gov.vn/
ditienhiep.vn,CÔNG TY CỔ PHẦN DỊCH VỤ TRỰC TUYẾN MIGA,QUYẾT ĐỊNH PHÁT HÀNH TRÒ CHƠI ĐIỆN TỬ G1 TRÊN MẠNG,2023-04-26,Giấy phép chính thức (ABEI - Bộ TT&TT),722/QĐ-BTTTT,invalid,https://giayphep.abei.gov.vn/
dkv.360game.vn,CÔNG TY CỔ PHẦN VNG,QUYẾT ĐỊNH PHÁT HÀNH TRÒ CHƠI ĐIỆN TỬ G1 TRÊN MẠNG,2017-05-29,Giấy phép chính thức (ABEI - Bộ TT&TT),811/QĐ-BTTTT,invalid,https://giayphep.abei.gov.vn/
dkvm.vn,CÔNG TY CỔ PHẦN VNG,QUYẾT ĐỊNH PHÁT HÀNH TRÒ CHƠI ĐIỆN TỬ G1 TRÊN MẠNG,2019-01-15,Giấy phép chính thức (ABEI - Bộ TT&TT),54/QĐ-BTTTT,invalid,https://giayphep.abei.gov.vn/
dls.gamota.com,CÔNG TY CỔ PHẦN GAMOTA,QUYẾT ĐỊNH PHÁT HÀNH TRÒ CHƠI ĐIỆN TỬ G1 TRÊN MẠNG,2023-09-19,Giấy phép chính thức (ABEI - Bộ TT&TT),1803/QĐ-BTTTT,valid,https://giayphep.abei.gov.vn/
dmah.zoneplay.vn,CÔNG TY CỔ PHẦN GZONE MEDIA VIỆT NAM na,QUYẾT ĐỊNH PHÁT HÀNH TRÒ CHƠI ĐIỆN TỬ G1 TRÊN MẠNG,2026-02-10,Giấy phép chính thức (ABEI - Bộ TT&TT),66/QĐ-PTTH&TTĐT,valid,https://giayphep.abei.gov.vn/
dnm.zing.vn,CÔNG TY CỔ PHẦN VNG,QUYẾT ĐỊNH PHÁT HÀNH TRÒ CHƠI ĐIỆN TỬ G1 TRÊN MẠNG,2018-06-22,Giấy phép chính thức (ABEI - Bộ TT&TT),963/QĐ-BTTTT,invalid,https://giayphep.abei.gov.vn/
dnrtv.org.vn,ĐÀI PHÁT THANH - TRUYỀN HÌNH ĐỒNG NAI,GIẤY PHÉP THIẾT LẬP TRANG THÔNG TIN ĐIỆN TỬ TỔNG HỢP,2020-04-24,Giấy phép chính thức (ABEI - Bộ TT&TT),50/GP-TTĐT,invalid,https://giayphep.abei.gov.vn/
dntm.vn,TẠP CHÍ DOANH NGHIỆP VÀ THƯƠNG MẠI,GIẤY PHÉP THIẾT LẬP TRANG THÔNG TIN ĐIỆN TỬ TỔNG HỢP,2016-11-17,Giấy phép chính thức (ABEI - Bộ TT&TT),214/GP-TTĐT,valid,https://giayphep.abei.gov.vn/
dnttvn.com,TẠP CHÍ DOANH NGHIỆP VÀ TRANG TRẠI VIỆT NAM,GIẤY PHÉP THIẾT LẬP TRANG THÔNG TIN ĐIỆN TỬ TỔNG HỢP,2024-02-02,Giấy phép chính thức (ABEI - Bộ TT&TT),21/GP-TTĐT,valid,https://giayphep.abei.gov.vn/
dnvn247.com.vn,CÔNG TY CỔ PHẦN TRUYỀN THÔNG DOANH NHÂN SÀI GÒN 247,GIẤY PHÉP CUNG CẤP DỊCH VỤ MẠNG XÃ HỘI,2021-02-08,Giấy phép chính thức (ABEI - Bộ TT&TT),111/GP-BTTTT,valid,https://giayphep.abei.gov.vn/
doanhnghiepbiz.vn,CÔNG TY CỔ PHẦN PHÁT TRIỂN TRUYỀN THÔNG TRUYỀN HÌNH VIỆT NAM,GIẤY PHÉP CUNG CẤP DỊCH VỤ MẠNG XÃ HỘI,2020-03-26,Giấy phép chính thức (ABEI - Bộ TT&TT),114/GP-BTTTT,valid,https://giayphep.abei.gov.vn/
doanhnghiepcantho.com.vn,ĐẢNG ỦY KHỐI DOANH NGHIỆP THÀNH PHỐ CẦN THƠ,GIẤY PHÉP THIẾT LẬP TRANG THÔNG TIN ĐIỆN TỬ TỔNG HỢP,2013-08-08,Giấy phép chính thức (ABEI - Bộ TT&TT),107/GP-TTĐT,invalid,https://giayphep.abei.gov.vn/
doanhnghiephoinhap.com.vn,TẠP CHÍ DOANH NGHIỆP VÀ HỘI NHẬP,GIẤY PHÉP THIẾT LẬP TRANG THÔNG TIN ĐIỆN TỬ TỔNG HỢP,2016-10-17,Giấy phép chính thức (ABEI - Bộ TT&TT),132/GPSĐBS-TTĐT,invalid,https://giayphep.abei.gov.vn/
doanhnghiephoinhap.vn,TẠP CHÍ DOANH NGHIỆP VÀ HỘI NHẬP,GIẤY PHÉP THIẾT LẬP TRANG THÔNG TIN ĐIỆN TỬ TỔNG HỢP,2016-10-17,Giấy phép chính thức (ABEI - Bộ TT&TT),132/GPSĐBS-TTĐT,invalid,https://giayphep.abei.gov.vn/
doanhnghiepnet.com.vn,TẠP CHÍ DOANH NGHIỆP VÀ HỘI NHẬP,GIẤY PHÉP THIẾT LẬP TRANG THÔNG TIN ĐIỆN TỬ TỔNG HỢP,2015-12-30,Giấy phép chính thức (ABEI - Bộ TT&TT),181/GP-TTĐT,invalid,https://giayphep.abei.gov.vn/
doanhnghiepthuonghieu.vn,TẠP CHÍ DOANH NGHIỆP VÀ THƯƠNG HIỆU,GIẤY PHÉP THIẾT LẬP TRANG THÔNG TIN ĐIỆN TỬ TỔNG HỢP,2018-08-30,Giấy phép chính thức (ABEI - Bộ TT&TT),224/GP-TTĐT,valid,https://giayphep.abei.gov.vn/
doanhnghieptre.vn,CÔNG TY TNHH TRUYỀN THÔNG PHÁP LUẬT THỊ TRƯỜNG,GIẤY PHÉP CUNG CẤP DỊCH VỤ MẠNG XÃ HỘI,2020-06-19,Giấy phép chính thức (ABEI - Bộ TT&TT),262/GP-BTTTT,valid,https://giayphep.abei.gov.vn/
doanhnghiepvadoanhnhan.vn,CÔNG TY CỔ PHẦN TRUYỀN THÔNG DOANH NGHIỆP VÀ DOANH NHÂN,GIẤY PHÉP CUNG CẤP DỊCH VỤ MẠNG XÃ HỘI,2019-10-16,Giấy phép chính thức (ABEI - Bộ TT&TT),446/GP-BTTTT,valid,https://giayphep.abei.gov.vn/
doanhnghiepvaphattrien.vn,CÔNG TY CỔ PHẦN PHÁT TRIỂN TRUYỀN THÔNG VÀ SỰ KIỆN SAO VIỆT,GIẤY PHÉP CUNG CẤP DỊCH VỤ MẠNG XÃ HỘI,2019-09-11,Giấy phép chính thức (ABEI - Bộ TT&TT),374/GP-BTTTT,valid,https://giayphep.abei.gov.vn/
doanhnhantrevn.vn,HỘI DOANH NHÂN TRẺ VIỆT NAM,GIẤY PHÉP THIẾT LẬP TRANG THÔNG TIN ĐIỆN TỬ TỔNG HỢP,2019-11-29,Giấy phép chính thức (ABEI - Bộ TT&TT),230/GP-TTĐT,valid,https://giayphep.abei.gov.vn/
doanthanhnienninhthuan.org.vn,TỈNH ĐOÀN NINH THUẬN,GIẤY PHÉP THIẾT LẬP TRANG THÔNG TIN ĐIỆN TỬ TỔNG HỢP,2013-05-10,Giấy phép chính thức (ABEI - Bộ TT&TT),61/GP-TTĐT,invalid,https://giayphep.abei.gov.vn/
doanvptw.dcs.vn,ĐOÀN TNCS HỒ CHÍ MINH VĂN PHÒNG TRUNG ƯƠNG ĐẢNG,GIẤY PHÉP THIẾT LẬP TRANG THÔNG TIN ĐIỆN TỬ TỔNG HỢP,2020-11-04,Giấy phép chính thức (ABEI - Bộ TT&TT),203/GP-TTĐT,valid,https://giayphep.abei.gov.vn/
docabi.vn,CÔNG TY TNHH MTV THUỐC THÚ Y VÀ CHẾ PHẨM SINH HỌC VEMEDIM,GIẤY PHÉP CUNG CẤP DỊCH VỤ MẠNG XÃ HỘI,2021-07-21,Giấy phép chính thức (ABEI - Bộ TT&TT),467/GP-BTTTT,valid,https://giayphep.abei.gov.vn/
docco.gamota.com,CÔNG TY CỔ PHẦN GAMOTA,QUYẾT ĐỊNH PHÁT HÀNH TRÒ CHƠI ĐIỆN TỬ G1 TRÊN MẠNG,2021-08-31,Giấy phép chính thức (ABEI - Bộ TT&TT),1348/QĐ-BTTTT,invalid,https://giayphep.abei.gov.vn/
docco.vn,CÔNG TY CỔ PHẦN VCCORP,QUYẾT ĐỊNH PHÁT HÀNH TRÒ CHƠI ĐIỆN TỬ G1 TRÊN MẠNG,2017-12-22,Giấy phép chính thức (ABEI - Bộ TT&TT),2378/QĐ-BTTTT,invalid,https://giayphep.abei.gov.vn/
doccocaubai.vn,CÔNG TY TNHH SOHA,QUYẾT ĐỊNH PHÁT HÀNH TRÒ CHƠI ĐIỆN TỬ G1 TRÊN MẠNG,2020-10-26,Giấy phép chính thức (ABEI - Bộ TT&TT),1802/QĐ-BTTTT,valid,https://giayphep.abei.gov.vn/
doccocuukiem.cmn.vn,CÔNG TY CỔ PHẦN TRỰC TUYẾN CMN VIỆT NAM,QUYẾT ĐỊNH PHÁT HÀNH TRÒ CHƠI ĐIỆN TỬ G1 TRÊN MẠNG,2021-10-13,Giấy phép chính thức (ABEI - Bộ TT&TT),1590/QĐ-BTTTT,invalid,https://giayphep.abei.gov.vn/
docosan.vn,CÔNG TY TNHH DOCOSAN,GIẤY PHÉP CUNG CẤP DỊCH VỤ MẠNG XÃ HỘI,2024-10-31,Giấy phép chính thức (ABEI - Bộ TT&TT),324/GP-BTTTT,invalid,https://giayphep.abei.gov.vn/
doctor247.vn,CÔNG TY TNHH RED COMMUNICATIONS,GIẤY PHÉP CUNG CẤP DỊCH VỤ MẠNG XÃ HỘI,2023-09-06,Giấy phép chính thức (ABEI - Bộ TT&TT),330/GP-BTTTT,valid,https://giayphep.abei.gov.vn/
doctornetwork.vn,CÔNG TY TNHH DOCTOR NETWORK VIỆT NAM,GIẤY PHÉP CUNG CẤP DỊCH VỤ MẠNG XÃ HỘI,2024-05-20,Giấy phép chính thức (ABEI - Bộ TT&TT),131/GP-BTTTT,valid,https://giayphep.abei.gov.vn/
doecomong.vn,CÔNG TY CỔ PHẦN VTC DỊCH VỤ DI ĐỘNG,QUYẾT ĐỊNH PHÁT HÀNH TRÒ CHƠI ĐIỆN TỬ G1 TRÊN MẠNG,2023-02-13,Giấy phép chính thức (ABEI - Bộ TT&TT),147/QĐ-BTTTT,invalid,https://giayphep.abei.gov.vn/
doggogo.vtcmobile.vn,CÔNG TY CỔ PHẦN VTC DỊCH VỤ DI ĐỘNG,"GIẤY XÁC NHẬN THÔNG BÁO PHÁT HÀNH TRÒ CHƠI ĐIỆN TỬ G2,G3,G4",2023-12-08,Giấy phép chính thức (ABEI - Bộ TT&TT),212/GXN-PTTH&TTĐT,valid,https://giayphep.abei.gov.vn/
doingoai.bacgiang.gov.vn,SỞ THÔNG TIN VÀ TRUYỀN THÔNG BẮC GIANG,GIẤY PHÉP THIẾT LẬP TRANG THÔNG TIN ĐIỆN TỬ TỔNG HỢP,2021-11-24,Giấy phép chính thức (ABEI - Bộ TT&TT),190/GP-TTĐT,valid,https://giayphep.abei.gov.vn/
doingoaihungyen.vn,SỞ THÔNG TIN VÀ TRUYỀN THÔNG HƯNG YÊN,GIẤY PHÉP THIẾT LẬP TRANG THÔNG TIN ĐIỆN TỬ TỔNG HỢP,2017-08-09,Giấy phép chính thức (ABEI - Bộ TT&TT),260/GP-TTĐT,valid,https://giayphep.abei.gov.vn/
doingoailaocai.vn,SỞ THÔNG TIN VÀ TRUYỀN THÔNG LÀO CAI,GIẤY PHÉP THIẾT LẬP TRANG THÔNG TIN ĐIỆN TỬ TỔNG HỢP,2020-08-27,Giấy phép chính thức (ABEI - Bộ TT&TT),151/GP-TTĐT,valid,https://giayphep.abei.gov.vn/
doingoaituyenquang.gov.vn,SỞ THÔNG TIN VÀ TRUYỀN THÔNG TUYÊN QUANG,GIẤY PHÉP THIẾT LẬP TRANG THÔNG TIN ĐIỆN TỬ TỔNG HỢP,2019-10-01,Giấy phép chính thức (ABEI - Bộ TT&TT),181/GP-TTĐT,valid,https://giayphep.abei.gov.vn/
doisongkinhdoanh.com.vn,CÔNG TY TNHH TRUYỀN THÔNG QUẢNG CÁO TN76,GIẤY PHÉP CUNG CẤP DỊCH VỤ MẠNG XÃ HỘI,2020-01-13,Giấy phép chính thức (ABEI - Bộ TT&TT),16/GP-BTTTT,valid,https://giayphep.abei.gov.vn/
doisongkinhdoanh.vn,HIỆP HỘI CÁC TỔ CHỨC DỊCH VỤ PHÁT TRIỂN KINH DOANH VIỆT NAM,GIẤY PHÉP THIẾT LẬP TRANG THÔNG TIN ĐIỆN TỬ TỔNG HỢP,2019-09-06,Giấy phép chính thức (ABEI - Bộ TT&TT),173/GP-TTĐT,valid,https://giayphep.abei.gov.vn/
doisongphapluat.com,BÁO ĐỜI SỐNG VÀ PHÁP LUẬT,GIẤY PHÉP THIẾT LẬP TRANG THÔNG TIN ĐIỆN TỬ TỔNG HỢP,2018-06-26,Giấy phép chính thức (ABEI - Bộ TT&TT),166/GP-TTĐT,invalid,https://giayphep.abei.gov.vn/
doisongphapluat.com.vn,BÁO ĐỜI SỐNG VÀ PHÁP LUẬT,GIẤY PHÉP THIẾT LẬP TRANG THÔNG TIN ĐIỆN TỬ TỔNG HỢP,2018-06-26,Giấy phép chính thức (ABEI - Bộ TT&TT),166/GP-TTĐT,invalid,https://giayphep.abei.gov.vn/
doisongquanhta.vn,CÔNG TY CỔ PHẦN TẬP ĐOÀN TRUYỀN THÔNG TRI ÂN,GIẤY PHÉP CUNG CẤP DỊCH VỤ MẠNG XÃ HỘI,2020-06-30,Giấy phép chính thức (ABEI - Bộ TT&TT),278/GP-BTTTT,valid,https://giayphep.abei.gov.vn/
doisongtieudung.vn,BÁO ĐỜI SỐNG VÀ TIÊU DÙNG,GIẤY PHÉP THIẾT LẬP TRANG THÔNG TIN ĐIỆN TỬ TỔNG HỢP,2016-04-07,Giấy phép chính thức (ABEI - Bộ TT&TT),29/GP-TTĐT,valid,https://giayphep.abei.gov.vn/
doisongvaphattrien.vn,CÔNG TY CỔ PHẦN TRUYỀN THÔNG ĐỜI SỐNG VÀ PHÁT TRIỂN,GIẤY PHÉP CUNG CẤP DỊCH VỤ MẠNG XÃ HỘI,2019-11-05,Giấy phép chính thức (ABEI - Bộ TT&TT),481/GP-BTTTT,valid,https://giayphep.abei.gov.vn/
doithoaiphttrien.vn,TẠP CHÍ TRUYỀN THÔNG VÀ PHÁT TRIỂN,GIẤY PHÉP THIẾT LẬP TRANG THÔNG TIN ĐIỆN TỬ TỔNG HỢP,2021-05-12,Giấy phép chính thức (ABEI - Bộ TT&TT),75/GP-TTĐT,valid,https://giayphep.abei.gov.vn/
doituongnhinho.vn,CÔNG TY CỔ PHẦN GIẢI TRÍ TRỰC TUYẾN KAN,QUYẾT ĐỊNH PHÁT HÀNH TRÒ CHƠI ĐIỆN TỬ G1 TRÊN MẠNG,2026-07-22,Giấy phép chính thức (ABEI - Bộ TT&TT),440 /QĐ-PTTH&TTĐT,valid,https://giayphep.abei.gov.vn/
donami.vn,CÔNG TY CỔ PHẦN CÔNG NGHỆ VÀ DỊCH VỤ DONAMI,GIẤY PHÉP CUNG CẤP DỊCH VỤ MẠNG XÃ HỘI,2019-05-28,Giấy phép chính thức (ABEI - Bộ TT&TT),206/GP-BTTTT,valid,https://giayphep.abei.gov.vn/
dongchulietquocmobile.vn,CÔNG TY CỔ PHẦN FUNTAP,QUYẾT ĐỊNH PHÁT HÀNH TRÒ CHƠI ĐIỆN TỬ G1 TRÊN MẠNG,2019-04-24,Giấy phép chính thức (ABEI - Bộ TT&TT),632/QĐ-BTTTT,valid,https://giayphep.abei.gov.vn/
dongtataydoc.vn,CÔNG TY CỔ PHẦN VCCORP,QUYẾT ĐỊNH PHÁT HÀNH TRÒ CHƠI ĐIỆN TỬ G1 TRÊN MẠNG,2017-11-13,Giấy phép chính thức (ABEI - Bộ TT&TT),1969/QĐ-BTTTT,invalid,https://giayphep.abei.gov.vn/
doran.sungame.vn,CÔNG TY CỔ PHẦN GIẢI TRÍ TRỰC TUYẾN SUNGAME,QUYẾT ĐỊNH PHÁT HÀNH TRÒ CHƠI ĐIỆN TỬ G1 TRÊN MẠNG,2021-03-01,Giấy phép chính thức (ABEI - Bộ TT&TT),246/QĐ-BTTTT,valid,https://giayphep.abei.gov.vn/
dota.360game.vn,CÔNG TY TNHH TRUYỀN THÔNG MINH PHƯƠNG THỊNH,QUYẾT ĐỊNH PHÁT HÀNH TRÒ CHƠI ĐIỆN TỬ G1 TRÊN MẠNG,2016-06-30,Giấy phép chính thức (ABEI - Bộ TT&TT),1147/QĐ-BTTTT,valid,https://giayphep.abei.gov.vn/
dotkich.goplay.vn,CÔNG TY CỔ PHẦN VTC TRUYỀN THÔNG TRỰC TUYẾN,QUYẾT ĐỊNH PHÁT HÀNH TRÒ CHƠI ĐIỆN TỬ G1 TRÊN MẠNG,2026-04-16,Giấy phép chính thức (ABEI - Bộ TT&TT),199/QĐ-PTTH&TTĐT,valid,https://giayphep.abei.gov.vn/
dotkich3q.gosu.vn,CÔNG TY CỔ PHẦN TRỰC TUYẾN GOSU,QUYẾT ĐỊNH PHÁT HÀNH TRÒ CHƠI ĐIỆN TỬ G1 TRÊN MẠNG,2021-03-01,Giấy phép chính thức (ABEI - Bộ TT&TT),241 /QĐ-BTTTT,valid,https://giayphep.abei.gov.vn/
dotomobile.vn,CÔNG TY CỔ PHẦN TRỰC TUYỂN CMN VIỆT NAM,QUYẾT ĐỊNH PHÁT HÀNH TRÒ CHƠI ĐIỆN TỬ G1 TRÊN MẠNG,2017-10-27,Giấy phép chính thức (ABEI - Bộ TT&TT),1854/QĐ-BTTTT,valid,https://giayphep.abei.gov.vn/
download.vn,CÔNG TY CỔ PHẦN MẠNG TRỰC TUYẾN META,GIẤY PHÉP CUNG CẤP DỊCH VỤ MẠNG XÃ HỘI,2021-08-30,Giấy phép chính thức (ABEI - Bộ TT&TT),569/GP-BTTTT,valid,https://giayphep.abei.gov.vn/
dp3q.gosu.vn,CÔNG TY CỔ PHẦN TRỰC TUYẾN GOSU,QUYẾT ĐỊNH PHÁT HÀNH TRÒ CHƠI ĐIỆN TỬ G1 TRÊN MẠNG,2019-09-11,Giấy phép chính thức (ABEI - Bộ TT&TT),1474/QĐ-BTTTT,valid,https://giayphep.abei.gov.vn/
dptk.gamota.com,CÔNG TY CỔ PHẦN GAMOTA,QUYẾT ĐỊNH PHÁT HÀNH TRÒ CHƠI ĐIỆN TỬ G1 TRÊN MẠNG,2025-04-21,Giấy phép chính thức (ABEI - Bộ TT&TT),129/QĐ-PTTH&TTĐT,valid,https://giayphep.abei.gov.vn/
draconiasaga.hhgame.vn,CÔNG TY CỔ PHẦN PHÁT TRIỂN CÔNG NGHỆ SỐ HỒNG HÀ,QUYẾT ĐỊNH PHÁT HÀNH TRÒ CHƠI ĐIỆN TỬ G1 TRÊN MẠNG,2024-04-26,Giấy phép chính thức (ABEI - Bộ TT&TT),676/QĐ-BTTTT,valid,https://giayphep.abei.gov.vn/
dragonage.thienthuonghoa.com,CÔNG TY CỔ PHẦN GIẢI TRÍ THIÊN THƯỢNG HỎA,QUYẾT ĐỊNH PHÁT HÀNH TRÒ CHƠI ĐIỆN TỬ G1 TRÊN MẠNG,2020-10-26,Giấy phép chính thức (ABEI - Bộ TT&TT),1791/QĐ-BTTTT,valid,https://giayphep.abei.gov.vn/
dragonnest.mocgame.vn,Công ty TNHH Trò chơi Mộc,QUYẾT ĐỊNH PHÁT HÀNH TRÒ CHƠI ĐIỆN TỬ G1 TRÊN MẠNG,2026-07-17,Giấy phép chính thức (ABEI - Bộ TT&TT),429/QĐ-PTTH&TTĐT,valid,https://giayphep.abei.gov.vn/
dragonsaga.vtcgame.vn,CÔNG TY VTC CÔNG NGHỆ VÀ NỘI DUNG SỐ,QUYẾT ĐỊNH PHÁT HÀNH TRÒ CHƠI ĐIỆN TỬ G1 TRÊN MẠNG,2021-11-18,Giấy phép chính thức (ABEI - Bộ TT&TT),1849/QĐ-BTTTT,invalid,https://giayphep.abei.gov.vn/
dragonsong.playfun.vn,CÔNG TY CỔ PHẦN FUNTAP,QUYẾT ĐỊNH PHÁT HÀNH TRÒ CHƠI ĐIỆN TỬ G1 TRÊN MẠNG,2024-01-02,Giấy phép chính thức (ABEI - Bộ TT&TT),02/QĐ-BTTTT,valid,https://giayphep.abei.gov.vn/
dragonsoulawakening.com.vn,CÔNG TY CỔ PHẦN GGO ,QUYẾT ĐỊNH PHÁT HÀNH TRÒ CHƠI ĐIỆN TỬ G1 TRÊN MẠNG,2026-01-23,Giấy phép chính thức (ABEI - Bộ TT&TT),28/QĐ-PTTH&TTĐT,valid,https://giayphep.abei.gov.vn/
dream.vnggames.com,CÔNG TY CỔ PHẦN TẬP ĐOÀN VNG,QUYẾT ĐỊNH PHÁT HÀNH TRÒ CHƠI ĐIỆN TỬ G1 TRÊN MẠNG,2025-07-17,Giấy phép chính thức (ABEI - Bộ TT&TT),326/QĐ-PTTH&TTĐT,valid,https://giayphep.abei.gov.vn/
dream2.funtap.games,CÔNG TY CỔ PHẦN FUNTAP GAMES,QUYẾT ĐỊNH PHÁT HÀNH TRÒ CHƠI ĐIỆN TỬ G1 TRÊN MẠNG,2026-05-15,Giấy phép chính thức (ABEI - Bộ TT&TT),247/QĐ-PTTH&TTĐT,valid,https://giayphep.abei.gov.vn/
dreamland.vgplay.vn,CÔNG TY CỔ PHẦN VGP,QUYẾT ĐỊNH PHÁT HÀNH TRÒ CHƠI ĐIỆN TỬ G1 TRÊN MẠNG,2023-09-19,Giấy phép chính thức (ABEI - Bộ TT&TT),1802/QĐ-BTTTT,valid,https://giayphep.abei.gov.vn/
dreamworld.gamota.com,CÔNG TY CỔ PHẦN GAMOTA,QUYẾT ĐỊNH PHÁT HÀNH TRÒ CHƠI ĐIỆN TỬ G1 TRÊN MẠNG,2017-10-18,Giấy phép chính thức (ABEI - Bộ TT&TT),1778/QĐ-BTTTT,valid,https://giayphep.abei.gov.vn/
driftracing3v3.vn,CÔNG TY CỔ PHẦN PHÁT TRIỂN CÔNG NGHỆ SỐ HỒNG HÀ ,QUYẾT ĐỊNH PHÁT HÀNH TRÒ CHƠI ĐIỆN TỬ G1 TRÊN MẠNG,2025-11-10,Giấy phép chính thức (ABEI - Bộ TT&TT),502/QĐ-PTTH&TTĐT,valid,https://giayphep.abei.gov.vn/
drt.vn,ĐÀI PHÁT THANH VÀ TRUYỀN HÌNH ĐẮK LẮK,GIẤY PHÉP THIẾT LẬP TRANG THÔNG TIN ĐIỆN TỬ TỔNG HỢP,2017-07-20,Giấy phép chính thức (ABEI - Bộ TT&TT),241/GP-TTĐT,invalid,https://giayphep.abei.gov.vn/
ds.splay.vn,CÔNG TY CỔ PHẦN VTC DỊCH VỤ DI ĐỘNG,QUYẾT ĐỊNH PHÁT HÀNH TRÒ CHƠI ĐIỆN TỬ G1 TRÊN MẠNG,2026-04-06,Giấy phép chính thức (ABEI - Bộ TT&TT),178/QĐ-PTTH&TTĐT,valid,https://giayphep.abei.gov.vn/
dsehaiphong.vn,CHI CỤC PHÒNG CHỐNG TỆ NẠN XÃ HỘI,GIẤY PHÉP THIẾT LẬP TRANG THÔNG TIN ĐIỆN TỬ TỔNG HỢP,2013-01-08,Giấy phép chính thức (ABEI - Bộ TT&TT),02/GP-TTĐT,invalid,https://giayphep.abei.gov.vn/
dt.hhgame.vn,CÔNG TY CỔ PHẦN PHÁT TRIỂN CÔNG NGHỆ SỐ HỒNG HÀ ,QUYẾT ĐỊNH PHÁT HÀNH TRÒ CHƠI ĐIỆN TỬ G1 TRÊN MẠNG,2026-01-13,Giấy phép chính thức (ABEI - Bộ TT&TT),13/QĐ-PTTH&TTĐT,valid,https://giayphep.abei.gov.vn/
dt3q.vnggames.vn,CÔNG TY CỔ PHẦN VNG,QUYẾT ĐỊNH PHÁT HÀNH TRÒ CHƠI ĐIỆN TỬ G1 TRÊN MẠNG,2019-03-15,Giấy phép chính thức (ABEI - Bộ TT&TT),289/QĐ-BTTTT,invalid,https://giayphep.abei.gov.vn/
dt3q.zing.vn,CÔNG TY CỔ PHẦN VNG,QUYẾT ĐỊNH PHÁT HÀNH TRÒ CHƠI ĐIỆN TỬ G1 TRÊN MẠNG,2025-05-29,Giấy phép chính thức (ABEI - Bộ TT&TT),215/QĐ-PTTH&TTĐT,valid,https://giayphep.abei.gov.vn/
dtcl.vngames.com,CÔNG TY CỔ PHẦN VNG,QUYẾT ĐỊNH PHÁT HÀNH TRÒ CHƠI ĐIỆN TỬ G1 TRÊN MẠNG,2025-05-29,Giấy phép chính thức (ABEI - Bộ TT&TT),212/QĐ-PTTH&TTĐT,invalid,https://giayphep.abei.gov.vn/
dtcl.vnggames.com,CÔNG TY CỔ PHẦN TẬP ĐOÀN VNG,QUYẾT ĐỊNH PHÁT HÀNH TRÒ CHƠI ĐIỆN TỬ G1 TRÊN MẠNG,2026-03-02,Giấy phép chính thức (ABEI - Bộ TT&TT),104/QĐ-PTTH&TTĐT,valid,https://giayphep.abei.gov.vn/
dtd.360game.vn,CÔNG TY CỔ PHẦN VNG,QUYẾT ĐỊNH PHÁT HÀNH TRÒ CHƠI ĐIỆN TỬ G1 TRÊN MẠNG,2018-01-18,Giấy phép chính thức (ABEI - Bộ TT&TT),61/QĐ-BTTTT,invalid,https://giayphep.abei.gov.vn/
dtel.vnggames.com,CÔNG TY CỔ PHẦN VNG,QUYẾT ĐỊNH PHÁT HÀNH TRÒ CHƠI ĐIỆN TỬ G1 TRÊN MẠNG,2023-11-09,Giấy phép chính thức (ABEI - Bộ TT&TT),2192/QĐ-BTTTT,invalid,https://giayphep.abei.gov.vn/
dtkl.zoneplay.vn,CÔNG TY CỔ PHẦN GZONE MEDIA VIỆT NAM,QUYẾT ĐỊNH PHÁT HÀNH TRÒ CHƠI ĐIỆN TỬ G1 TRÊN MẠNG,2022-09-30,Giấy phép chính thức (ABEI - Bộ TT&TT),1834/QĐ-BTTTT,valid,https://giayphep.abei.gov.vn/
dtmt.duo.vn,CÔNG TY CỔ PHẦN TRỰC TUYẾN DUO,QUYẾT ĐỊNH PHÁT HÀNH TRÒ CHƠI ĐIỆN TỬ G1 TRÊN MẠNG,2020-09-30,Giấy phép chính thức (ABEI - Bộ TT&TT),1665 /QĐ-BTTTT,valid,https://giayphep.abei.gov.vn/
dto.redfoxgames.vn,CÔNG TY TNHH TRUYỀN THÔNG REDFOX NETWORKS,QUYẾT ĐỊNH PHÁT HÀNH TRÒ CHƠI ĐIỆN TỬ G1 TRÊN MẠNG,2025-01-21,Giấy phép chính thức (ABEI - Bộ TT&TT),83/QĐ-BTTTT,valid,https://giayphep.abei.gov.vn/
dtq.thienthuonghoa.com,CÔNG TY CỔ PHẦN GIẢI TRÍ THIÊN THƯỢNG HỎA,QUYẾT ĐỊNH PHÁT HÀNH TRÒ CHƠI ĐIỆN TỬ G1 TRÊN MẠNG,2021-11-26,Giấy phép chính thức (ABEI - Bộ TT&TT),1890/QĐ-BTTTT,valid,https://giayphep.abei.gov.vn/
duca.vn,CÔNG TY CỔ PHẦN PHÁT TRIỂN ỨNG DỤNG DI ĐỘNG SÁNG TẠO HỮU ÍCH,GIẤY PHÉP CUNG CẤP DỊCH VỤ MẠNG XÃ HỘI,2021-07-13,Giấy phép chính thức (ABEI - Bộ TT&TT),435/GP-BTTTT,valid,https://giayphep.abei.gov.vn/
ducnghiep.vn,CÔNG TY CỔ PHẦN ĐẦU TƯ ĐỨC NGHIỆP,GIẤY PHÉP CUNG CẤP DỊCH VỤ MẠNG XÃ HỘI,2023-04-17,Giấy phép chính thức (ABEI - Bộ TT&TT),127/GP-BTTTT,valid,https://giayphep.abei.gov.vn/
dulichamthuc.vn,CÔNG TY CỔ PHẦN TRAVEL NETWORK,GIẤY PHÉP CUNG CẤP DỊCH VỤ MẠNG XÃ HỘI,2024-12-25,Giấy phép chính thức (ABEI - Bộ TT&TT),391/GP-BTTTT,valid,https://giayphep.abei.gov.vn/
dulichlaichau.vn,TRUNG TÂM THÔNG TIN VÀ XÚC TIẾN DU LỊCH TỈNH LAI CHÂU,GIẤY PHÉP THIẾT LẬP TRANG THÔNG TIN ĐIỆN TỬ TỔNG HỢP,2013-01-31,Giấy phép chính thức (ABEI - Bộ TT&TT),14/GP-TTĐT,invalid,https://giayphep.abei.gov.vn/
dulichmocchau.com,BAN QUẢN LÝ KHU DU LỊCH MỘC CHÂU,GIẤY PHÉP THIẾT LẬP TRANG THÔNG TIN ĐIỆN TỬ TỔNG HỢP,2013-08-16,Giấy phép chính thức (ABEI - Bộ TT&TT),113/GP-TTĐT,invalid,https://giayphep.abei.gov.vn/
dulichsonla.gov.vn,"TRUNG TÂM THÔNG TIN, XÚC TIẾN DU LỊCH TỈNH SƠN LA",GIẤY PHÉP THIẾT LẬP TRANG THÔNG TIN ĐIỆN TỬ TỔNG HỢP,2013-05-07,Giấy phép chính thức (ABEI - Bộ TT&TT),59/GP-TTĐT,invalid,https://giayphep.abei.gov.vn/
dulichtaybac.vn,"SỞ VĂN HOÁ, THỂ THAO VÀ DU LỊCH LÀO CAI",GIẤY PHÉP THIẾT LẬP TRANG THÔNG TIN ĐIỆN TỬ TỔNG HỢP,2013-04-15,Giấy phép chính thức (ABEI - Bộ TT&TT),46/GP-TTĐT,invalid,https://giayphep.abei.gov.vn/
dulichtoday.vn,CÔNG TY TNHH SẢN XUẤT VÀ KINH DOANH NỘI DUNG SỐ DIGICON,GIẤY PHÉP CUNG CẤP DỊCH VỤ MẠNG XÃ HỘI,2019-10-01,Giấy phép chính thức (ABEI - Bộ TT&TT),416/GP-BTTTT,valid,https://giayphep.abei.gov.vn/
dulichvn.net.vn,CÔNG TY TNHH DU LỊCH RECREATION VIỆT NAM,GIẤY PHÉP CUNG CẤP DỊCH VỤ MẠNG XÃ HỘI,2020-10-05,Giấy phép chính thức (ABEI - Bộ TT&TT),446/GP-BTTTT,valid,https://giayphep.abei.gov.vn/
dulichvnnet.vn,CÔNG TY CỔ PHẦN TRUYỀN THÔNG ẤN PHẨM DU LỊCH VIỆT NAM,GIẤY PHÉP CUNG CẤP DỊCH VỤ MẠNG XÃ HỘI,2019-04-22,Giấy phép chính thức (ABEI - Bộ TT&TT),145/GP-BTTTT,valid,https://giayphep.abei.gov.vn/
dulieuphaply.vn,CÔNG TY TNHH PLVN,GIẤY PHÉP CUNG CẤP DỊCH VỤ MẠNG XÃ HỘI,2020-03-10,Giấy phép chính thức (ABEI - Bộ TT&TT),88/GP-BTTTT,valid,https://giayphep.abei.gov.vn/
dulongthienha.vn,CÔNG TY TNHH SOHA,QUYẾT ĐỊNH PHÁT HÀNH TRÒ CHƠI ĐIỆN TỬ G1 TRÊN MẠNG,2024-09-20,Giấy phép chính thức (ABEI - Bộ TT&TT),1568/QĐ-BTTTT,invalid,https://giayphep.abei.gov.vn/
duluanxahoi.com.vn,VIỆN NGHIÊN CỨU CÁC VẤN ĐỀ XÃ HỘI,GIẤY PHÉP THIẾT LẬP TRANG THÔNG TIN ĐIỆN TỬ TỔNG HỢP,2018-10-11,Giấy phép chính thức (ABEI - Bộ TT&TT),259/GP-TTĐT,invalid,https://giayphep.abei.gov.vn/
duluanxahoi.vn,VIỆN NGHIÊN CỨU CÁC VẤN ĐỀ XÃ HỘI,GIẤY PHÉP THIẾT LẬP TRANG THÔNG TIN ĐIỆN TỬ TỔNG HỢP,2023-10-10,Giấy phép chính thức (ABEI - Bộ TT&TT),178/GP-TTĐT,invalid,https://giayphep.abei.gov.vn/
dungiadailuc.vgplay.vn,CÔNG TY CỔ PHẦN VGP,QUYẾT ĐỊNH PHÁT HÀNH TRÒ CHƠI ĐIỆN TỬ G1 TRÊN MẠNG,2024-10-18,Giấy phép chính thức (ABEI - Bộ TT&TT),1785/QĐ-BTTTT,valid,https://giayphep.abei.gov.vn/
dungsihesman.vn,CÔNG TY CỔ PHẦN TRỰC TUYẾN GOSU,QUYẾT ĐỊNH PHÁT HÀNH TRÒ CHƠI ĐIỆN TỬ G1 TRÊN MẠNG,2018-06-29,Giấy phép chính thức (ABEI - Bộ TT&TT),1008/QĐ-BTTTT,invalid,https://giayphep.abei.gov.vn/
dungsirong.vn,CÔNG TY CỔ PHẦN ACE GAME,QUYẾT ĐỊNH PHÁT HÀNH TRÒ CHƠI ĐIỆN TỬ G1 TRÊN MẠNG,2022-07-07,Giấy phép chính thức (ABEI - Bộ TT&TT),1358/QĐ-BTTTT,valid,https://giayphep.abei.gov.vn/
dungsitrolai.funtap.gam,CÔNG TY CỔ PHẦN FUNTAP GAMES,QUYẾT ĐỊNH PHÁT HÀNH TRÒ CHƠI ĐIỆN TỬ G1 TRÊN MẠNG,2026-05-29,Giấy phép chính thức (ABEI - Bộ TT&TT),282/QĐ-PTTH&TTĐT,valid,https://giayphep.abei.gov.vn/
dungsitrolai.hhgame.vn,CÔNG TY CỔ PHẦN PHÁT TRIỂN CÔNG NGHỆ SỐ HỒNG HÀ,QUYẾT ĐỊNH PHÁT HÀNH TRÒ CHƠI ĐIỆN TỬ G1 TRÊN MẠNG,2025-07-18,Giấy phép chính thức (ABEI - Bộ TT&TT),332/QĐ-PTTH&TTĐT,invalid,https://giayphep.abei.gov.vn/
duongbo.vn,TẠP CHÍ ĐƯỜNG BỘ VIỆT NAM,GIẤY PHÉP THIẾT LẬP TRANG THÔNG TIN ĐIỆN TỬ TỔNG HỢP,2013-06-11,Giấy phép chính thức (ABEI - Bộ TT&TT),72/GP-TTĐT,invalid,https://giayphep.abei.gov.vn/
duongmonkyhiep.vn,CÔNG TY CỔ PHẦN FUNTAP,QUYẾT ĐỊNH PHÁT HÀNH TRÒ CHƠI ĐIỆN TỬ G1 TRÊN MẠNG,2017-08-28,Giấy phép chính thức (ABEI - Bộ TT&TT),1413/QĐ-BTTTT,valid,https://giayphep.abei.gov.vn/
dvbn.123game.vn,CÔNG TY CỔ PHẦN DỊCH VỤ MỘT THẾ GIỚI,QUYẾT ĐỊNH PHÁT HÀNH TRÒ CHƠI ĐIỆN TỬ G1 TRÊN MẠNG,2016-04-04,Giấy phép chính thức (ABEI - Bộ TT&TT),500/QĐ-BTTTT,invalid,https://giayphep.abei.gov.vn/
dvchat.vn,CÔNG TY TNHH CÔNG NGHỆ QUỐC TẾ ĐẠI VIỆT,GIẤY PHÉP CUNG CẤP DỊCH VỤ MẠNG XÃ HỘI,2020-02-21,Giấy phép chính thức (ABEI - Bộ TT&TT),63/GP-BTTTT,valid,https://giayphep.abei.gov.vn/
dvhots.vn,CÔNG TY TNHH CÔNG NGHỆ QUỐC TẾ ĐẠI VIỆT,GIẤY PHÉP CUNG CẤP DỊCH VỤ MẠNG XÃ HỘI,2020-03-30,Giấy phép chính thức (ABEI - Bộ TT&TT),119/GP-BTTTT,valid,https://giayphep.abei.gov.vn/
dvtp.adnxgames.vn,CÔNG TY CỔ PHẦN ADNX ,QUYẾT ĐỊNH PHÁT HÀNH TRÒ CHƠI ĐIỆN TỬ G1 TRÊN MẠNG,2026-07-08,Giấy phép chính thức (ABEI - Bộ TT&TT),405/QĐ-PTTH&TTĐT,valid,https://giayphep.abei.gov.vn/
dw.vnggames.com,CÔNG TY TNHH TRUYỀN THÔNG MINH PHƯƠNG THỊNH,QUYẾT ĐỊNH PHÁT HÀNH TRÒ CHƠI ĐIỆN TỬ G1 TRÊN MẠNG,2022-06-02,Giấy phép chính thức (ABEI - Bộ TT&TT),1010/QĐ-BTTTT,invalid,https://giayphep.abei.gov.vn/
dzogame.vn,Công ty TNHH Dzogame,QUYẾT ĐỊNH PHÁT HÀNH TRÒ CHƠI ĐIỆN TỬ G1 TRÊN MẠNG,2026-07-16,Giấy phép chính thức (ABEI - Bộ TT&TT),422/QĐ-PTTH&TTĐT,valid,https://giayphep.abei.gov.vn/
e-haiphong.gov.vn,SỞ THÔNG TIN VÀ TRUYỀN THÔNG HẢI PHÒNG,GIẤY PHÉP THIẾT LẬP TRANG THÔNG TIN ĐIỆN TỬ TỔNG HỢP,2018-01-12,Giấy phép chính thức (ABEI - Bộ TT&TT),12/GP-TTĐT,valid,https://giayphep.abei.gov.vn/
eccid.org,TRUNG TÂM THÔNG TIN VÀ DỮ LIỆU MÔI TRƯỜNG,GIẤY PHÉP THIẾT LẬP TRANG THÔNG TIN ĐIỆN TỬ TỔNG HỢP,2020-03-05,Giấy phép chính thức (ABEI - Bộ TT&TT),17/GP-TTĐT,invalid,https://giayphep.abei.gov.vn/
eco.vnanet.vn,BAN BIÊN TẬP TIN KINH TẾ,GIẤY PHÉP THIẾT LẬP TRANG THÔNG TIN ĐIỆN TỬ TỔNG HỢP,2015-05-06,Giấy phép chính thức (ABEI - Bộ TT&TT),45/GP-TTĐT,invalid,https://giayphep.abei.gov.vn/
ecobiz.vn,CÔNG TY TNHH THƯƠNG MẠI - TRUYỀN THÔNG SAVY,GIẤY PHÉP CUNG CẤP DỊCH VỤ MẠNG XÃ HỘI,2024-12-11,Giấy phép chính thức (ABEI - Bộ TT&TT),374/GP-BTTTT,valid,https://giayphep.abei.gov.vn/
economyforum.vn,CÔNG TY TNHH TRUYỀN THÔNG HƯNG,GIẤY PHÉP CUNG CẤP DỊCH VỤ MẠNG XÃ HỘI,2020-04-20,Giấy phép chính thức (ABEI - Bộ TT&TT),165 /GP-BTTTT,valid,https://giayphep.abei.gov.vn/
ecook.vn,CÔNG TY TNHH TẬP ĐOÀN CÔNG MẶT TRỜI,GIẤY PHÉP CUNG CẤP DỊCH VỤ MẠNG XÃ HỘI,2021-04-26,Giấy phép chính thức (ABEI - Bộ TT&TT),230/GP-BTTTT,valid,https://giayphep.abei.gov.vn/
edemy.vn,CÔNG TY CỔ PHẦN GIÁO DỤC TRỰC TUYẾN EDEMY,GIẤY PHÉP CUNG CẤP DỊCH VỤ MẠNG XÃ HỘI,2019-10-22,Giấy phép chính thức (ABEI - Bộ TT&TT),451/GP-BTTTT,valid,https://giayphep.abei.gov.vn/
educhat.vn,CÔNG TY CỔ PHẦN TƯ VẤN DỊCH VỤ TRUYỀN THÔNG ATHENA,GIẤY PHÉP CUNG CẤP DỊCH VỤ MẠNG XÃ HỘI,2024-12-16,Giấy phép chính thức (ABEI - Bộ TT&TT),380/GP-BTTTT,valid,https://giayphep.abei.gov.vn/
efun.vn,CÔNG TY CỔ PHẦN EFUN,QUYẾT ĐỊNH PHÁT HÀNH TRÒ CHƠI ĐIỆN TỬ G1 TRÊN MẠNG,2025-01-24,Giấy phép chính thức (ABEI - Bộ TT&TT),111/QĐ-BTTTT,valid,https://giayphep.abei.gov.vn/
eggyparty.playfun.vn,CÔNG TY CỔ PHẦN PHÁT TRIỂN CÔNG NGHỆ SỐ HỒNG HÀ,QUYẾT ĐỊNH PHÁT HÀNH TRÒ CHƠI ĐIỆN TỬ G1 TRÊN MẠNG,2023-11-10,Giấy phép chính thức (ABEI - Bộ TT&TT),2206/QĐ-BTTTT,valid,https://giayphep.abei.gov.vn/
egoplay.vn,CÔNG TY CỔ PHẦN EGO MEDIA,GIẤY PHÉP CUNG CẤP DỊCH VỤ MẠNG XÃ HỘI,2020-12-07,Giấy phép chính thức (ABEI - Bộ TT&TT),572/GP-BTTTT,valid,https://giayphep.abei.gov.vn/
ehealth.gov.vn,CỤC CÔNG NGHỆ THÔNG TIN,GIẤY PHÉP THIẾT LẬP TRANG THÔNG TIN ĐIỆN TỬ TỔNG HỢP,2017-02-06,Giấy phép chính thức (ABEI - Bộ TT&TT),58/GP-TTĐT,valid,https://giayphep.abei.gov.vn/
elcomplus.vn,CÔNG TY CỔ PHẦN ELCOMPLUS,QUYẾT ĐỊNH PHÁT HÀNH TRÒ CHƠI ĐIỆN TỬ G1 TRÊN MẠNG,2020-04-15,Giấy phép chính thức (ABEI - Bộ TT&TT),546/QĐ-BTTTT,valid,https://giayphep.abei.gov.vn/
elle.vn,CÔNG TY TNHH DỊCH VỤ QUẢNG CÁO VÀ TRUYỀN THÔNG CHÂU Á,GIẤY PHÉP CUNG CẤP DỊCH VỤ MẠNG XÃ HỘI,2019-12-10,Giấy phép chính thức (ABEI - Bộ TT&TT),541/GP-BTTTT,valid,https://giayphep.abei.gov.vn/
elledecoration.vn,CÔNG TY TNHH DỊCH VỤ QUẢNG CÁO VÀ TRUYỀN THÔNG CHÂU Á,GIẤY PHÉP CUNG CẤP DỊCH VỤ MẠNG XÃ HỘI,2022-11-16,Giấy phép chính thức (ABEI - Bộ TT&TT),545/GP-BTTTT,valid,https://giayphep.abei.gov.vn/
elleman.vn,CÔNG TY TNHH DỊCH VỤ QUẢNG CÁO VÀ TRUYỀN THÔNG CHÂU Á,GIẤY PHÉP CUNG CẤP DỊCH VỤ MẠNG XÃ HỘI,2022-11-16,Giấy phép chính thức (ABEI - Bộ TT&TT),546/GP-BTTTT,valid,https://giayphep.abei.gov.vn/
elofun.vn,CÔNG TY TNHH ELOFUN ENTERTAINMENT,"GIẤY XÁC NHẬN THÔNG BÁO PHÁT HÀNH TRÒ CHƠI ĐIỆN TỬ G2,G3,G4",2022-01-17,Giấy phép chính thức (ABEI - Bộ TT&TT),07/GXN-PTTH&TTĐT,valid,https://giayphep.abei.gov.vn/
elofungames.com,CÔNG TY TNHH 2 THÀNH VIÊN WWG CORP,QUYẾT ĐỊNH PHÁT HÀNH TRÒ CHƠI ĐIỆN TỬ G1 TRÊN MẠNG,2021-08-02,Giấy phép chính thức (ABEI - Bộ TT&TT),134/GXN-PTHH&TTĐT,valid,https://giayphep.abei.gov.vn/
eloplay.vn,CÔNG TY TNHH ELOFUN ENTERTAINMENT,"GIẤY XÁC NHẬN THÔNG BÁO PHÁT HÀNH TRÒ CHƠI ĐIỆN TỬ G2,G3,G4",2021-09-28,Giấy phép chính thức (ABEI - Bộ TT&TT),166/GXN-PTTH&TTĐT,valid,https://giayphep.abei.gov.vn/
emso.vn,CÔNG TY CỔ PHẦN EMSO VIỆT NAM,GIẤY PHÉP CUNG CẤP DỊCH VỤ MẠNG XÃ HỘI,2021-01-11,Giấy phép chính thức (ABEI - Bộ TT&TT),11/GP-BTTTT,valid,https://giayphep.abei.gov.vn/
en.kiengiang.gov.vn,SỞ THÔNG TIN VÀ TRUYỀN THÔNG KIÊN GIANG,GIẤY PHÉP THIẾT LẬP TRANG THÔNG TIN ĐIỆN TỬ TỔNG HỢP,2021-12-02,Giấy phép chính thức (ABEI - Bộ TT&TT),192/GP-TTĐT,valid,https://giayphep.abei.gov.vn/
endfield.funtap.games,CÔNG TY CỔ PHẦN FUNTAP GAMES,QUYẾT ĐỊNH PHÁT HÀNH TRÒ CHƠI ĐIỆN TỬ G1 TRÊN MẠNG,2026-07-03,Giấy phép chính thức (ABEI - Bộ TT&TT),381/QĐ-PTTH&TTĐT,valid,https://giayphep.abei.gov.vn/
endfield.hhgame.vn,CÔNG TY CỔ PHẦN PHÁT TRIỂN CÔNG NGHỆ SỐ HỒNG HÀ,QUYẾT ĐỊNH PHÁT HÀNH TRÒ CHƠI ĐIỆN TỬ G1 TRÊN MẠNG,2025-10-22,Giấy phép chính thức (ABEI - Bộ TT&TT),464/QĐ-PTTH&TTĐT,invalid,https://giayphep.abei.gov.vn/
endgame.vn,CÔNG TY CỔ PHẦN VTC TRUYỀN THÔNG TRỰC TUYẾN,GIẤY PHÉP THIẾT LẬP TRANG THÔNG TIN ĐIỆN TỬ TỔNG HỢP,2013-07-09,Giấy phép chính thức (ABEI - Bộ TT&TT),92/GP-TTĐT,invalid,https://giayphep.abei.gov.vn/
energyscien.com.vn,TẠP CHÍ KHOA HỌC VÀ CÔNG NGHỆ NĂNG LƯỢNG,GIẤY PHÉP THIẾT LẬP TRANG THÔNG TIN ĐIỆN TỬ TỔNG HỢP,2017-12-22,Giấy phép chính thức (ABEI - Bộ TT&TT),372/GP-TTĐT,invalid,https://giayphep.abei.gov.vn/
energyscience.com.vn,TẠO CHÍ KHOA HỌC VÀ CÔNG NGHỆ NĂNG LƯỢNG,GIẤY PHÉP THIẾT LẬP TRANG THÔNG TIN ĐIỆN TỬ TỔNG HỢP,2022-12-20,Giấy phép chính thức (ABEI - Bộ TT&TT),184/GP-TTĐT,invalid,https://giayphep.abei.gov.vn/
english.tuyenquang.gov.vn,SỞ THÔNG TIN VÀ TRUYỀN THÔNG TUYÊN QUANG,GIẤY PHÉP THIẾT LẬP TRANG THÔNG TIN ĐIỆN TỬ TỔNG HỢP,2019-10-23,Giấy phép chính thức (ABEI - Bộ TT&TT),202/GP-TTĐT,valid,https://giayphep.abei.gov.vn/
entropy.vn,CÔNG TY CỔ PHẦN PHÁT TRIỂN CÔNG NGHỆ SỐ HỒNG HÀ,QUYẾT ĐỊNH PHÁT HÀNH TRÒ CHƠI ĐIỆN TỬ G1 TRÊN MẠNG,2023-04-14,Giấy phép chính thức (ABEI - Bộ TT&TT),642/QĐ-BTTTT,valid,https://giayphep.abei.gov.vn/
eofwar.com,CÔNG TY CỔ PHẦN TRUYỀN THÔNG VNNPLUS,QUYẾT ĐỊNH PHÁT HÀNH TRÒ CHƠI ĐIỆN TỬ G1 TRÊN MẠNG,2016-02-22,Giấy phép chính thức (ABEI - Bộ TT&TT),245/QĐ-BTTTT,invalid,https://giayphep.abei.gov.vn/
epicgold.vn,CÔNG TY CỔ PHẦN EPICGOLD ,QUYẾT ĐỊNH PHÁT HÀNH TRÒ CHƠI ĐIỆN TỬ G1 TRÊN MẠNG,2026-02-09,Giấy phép chính thức (ABEI - Bộ TT&TT),63/QĐ-PTTH&TTĐT,valid,https://giayphep.abei.gov.vn/
epicodyssey.hikergames.com.vn,CÔNG TY CỔ PHẦN TRÒ CHƠI HIKER,QUYẾT ĐỊNH PHÁT HÀNH TRÒ CHƠI ĐIỆN TỬ G1 TRÊN MẠNG,2020-07-10,Giấy phép chính thức (ABEI - Bộ TT&TT),1156/QĐ-BTTTT,valid,https://giayphep.abei.gov.vn/
epicsouls.vn,CÔNG TY CỔ PHẦN VTC TRUYỀN THÔNG TRỰC TUYẾN,QUYẾT ĐỊNH PHÁT HÀNH TRÒ CHƠI ĐIỆN TỬ G1 TRÊN MẠNG,2019-08-23,Giấy phép chính thức (ABEI - Bộ TT&TT),1372/QĐ-BTTTT,valid,https://giayphep.abei.gov.vn/
eranet.vn,CÔNG TY TNHH NHỊP SỐNG ĐA PHƯƠNG TIỆN,GIẤY PHÉP CUNG CẤP DỊCH VỤ MẠNG XÃ HỘI,2020-11-24,Giấy phép chính thức (ABEI - Bộ TT&TT),542/GP-BTTTT,valid,https://giayphep.abei.gov.vn/
eric.vn,CÔNG TY CỔ PHẦN CÔNG NGHỆ VỆ TINH QUỐC GIA,GIẤY PHÉP CUNG CẤP DỊCH VỤ MẠNG XÃ HỘI,2025-08-07,Giấy phép chính thức (ABEI - Bộ TT&TT),92/GP-BVHTTDL,valid,https://giayphep.abei.gov.vn/
esgame.vn,CÔNG TY CỔ PHẦN ĐẦU TƯ VÀ CÔNG NGHỆ MCORP,"GIẤY XÁC NHẬN THÔNG BÁO PHÁT HÀNH TRÒ CHƠI ĐIỆN TỬ G2,G3,G4",2021-05-04,Giấy phép chính thức (ABEI - Bộ TT&TT),68/GXN-PTTH&TTĐT,valid,https://giayphep.abei.gov.vn/
esgroup.vn,CÔNG TY CỔ PHẦN ES GAME ,QUYẾT ĐỊNH PHÁT HÀNH TRÒ CHƠI ĐIỆN TỬ G1 TRÊN MẠNG,2026-05-05,Giấy phép chính thức (ABEI - Bộ TT&TT),225 /QĐ-PTTH&TTĐT,valid,https://giayphep.abei.gov.vn/
essi.org.vn,VIỆN KHOA HỌC MÔI TRƯỜNG VÀ XÃ HỘI,GIẤY PHÉP THIẾT LẬP TRANG THÔNG TIN ĐIỆN TỬ TỔNG HỢP,2019-11-08,Giấy phép chính thức (ABEI - Bộ TT&TT),215/GP-TTĐT,valid,https://giayphep.abei.gov.vn/
etoday.vn,CÔNG TY TNHH TRUYỀN THÔNG THƯƠNG HIỆU MỚI,GIẤY PHÉP CUNG CẤP DỊCH VỤ MẠNG XÃ HỘI,2026-05-12,Giấy phép chính thức (ABEI - Bộ TT&TT),61/GP-BVHTTDL,valid,https://giayphep.abei.gov.vn/
evabiz.vn,CÔNG TY CP TRUYỀN THÔNG BCM,GIẤY PHÉP CUNG CẤP DỊCH VỤ MẠNG XÃ HỘI,2024-07-29,Giấy phép chính thức (ABEI - Bộ TT&TT),205/GP-BTTTT,valid,https://giayphep.abei.gov.vn/
eversong.playfun.vn,CÔNG TY CỔ PHẦN FUNTAP,QUYẾT ĐỊNH PHÁT HÀNH TRÒ CHƠI ĐIỆN TỬ G1 TRÊN MẠNG,2022-09-30,Giấy phép chính thức (ABEI - Bộ TT&TT),1839/QĐ-BTTTT,valid,https://giayphep.abei.gov.vn/
evnnews.vn,TRUNG TÂM CÔNG NGHỆ THÔNG TIN - TẬP ĐOÀN ĐIỆN LỰC VIỆT NAM,GIẤY PHÉP THIẾT LẬP TRANG THÔNG TIN ĐIỆN TỬ TỔNG HỢP,2015-01-30,Giấy phép chính thức (ABEI - Bộ TT&TT),05/GP-TTĐT,invalid,https://giayphep.abei.gov.vn/
evony.sohagame.vn,CÔNG TY TNHH SOHA,QUYẾT ĐỊNH PHÁT HÀNH TRÒ CHƠI ĐIỆN TỬ G1 TRÊN MẠNG,2022-04-25,Giấy phép chính thức (ABEI - Bộ TT&TT),751/QĐ-BTTTT,valid,https://giayphep.abei.gov.vn/
evoplay.vn,CÔNG TY CỔ PHẦN MCN ESPORTS,GIẤY PHÉP CUNG CẤP DỊCH VỤ MẠNG XÃ HỘI,2024-06-27,Giấy phép chính thức (ABEI - Bộ TT&TT),168/GP-BTTTT,valid,https://giayphep.abei.gov.vn/
f247.com,CÔNG TY CỔ PHẦN FCORP,GIẤY PHÉP CUNG CẤP DỊCH VỤ MẠNG XÃ HỘI,2022-12-30,Giấy phép chính thức (ABEI - Bộ TT&TT),610/GP-BTTTT,valid,https://giayphep.abei.gov.vn/
f247.vn,CÔNG TY CỔ PHẦN FCORP,GIẤY PHÉP CUNG CẤP DỊCH VỤ MẠNG XÃ HỘI,2021-01-14,Giấy phép chính thức (ABEI - Bộ TT&TT),29/GP-BTTTT,invalid,https://giayphep.abei.gov.vn/
familala.com,CÔNG TY CỔ PHẦN FAMILALA,GIẤY PHÉP CUNG CẤP DỊCH VỤ MẠNG XÃ HỘI,2017-09-11,Giấy phép chính thức (ABEI - Bộ TT&TT),435/GP-BTTTT,valid,https://giayphep.abei.gov.vn/
familala.com.vn,CÔNG TY CỔ PHẦN FAMILALA,GIẤY PHÉP CUNG CẤP DỊCH VỤ MẠNG XÃ HỘI,2017-09-11,Giấy phép chính thức (ABEI - Bộ TT&TT),435/GP-BTTTT,valid,https://giayphep.abei.gov.vn/
familala.vn,CÔNG TY CỔ PHẦN FAMILALA,GIẤY PHÉP CUNG CẤP DỊCH VỤ MẠNG XÃ HỘI,2017-09-11,Giấy phép chính thức (ABEI - Bộ TT&TT),435/GP-BTTTT,valid,https://giayphep.abei.gov.vn/
fangtv.vn,CÔNG TY TNHH TRUYỀN HÌNH FPT,GIẤY PHÉP CUNG CẤP DỊCH VỤ MẠNG XÃ HỘI,2025-06-13,Giấy phép chính thức (ABEI - Bộ TT&TT),58/GP-BVHTTDL,valid,https://giayphep.abei.gov.vn/
fantap.vn,CÔNG TY CỔ PHẦN FUNTAP,QUYẾT ĐỊNH PHÁT HÀNH TRÒ CHƠI ĐIỆN TỬ G1 TRÊN MẠNG,2022-09-30,Giấy phép chính thức (ABEI - Bộ TT&TT),1853/QĐ-BTTTT,valid,https://giayphep.abei.gov.vn/
fantasy.vtcgame.vn,CÔNG TY VTC CÔNG NGHỆ VÀ NỘI DUNG SỐ,"GIẤY XÁC NHẬN THÔNG BÁO PHÁT HÀNH TRÒ CHƠI ĐIỆN TỬ G2,G3,G4",2022-03-18,Giấy phép chính thức (ABEI - Bộ TT&TT),23/GXN-PTTH&TTĐT,valid,https://giayphep.abei.gov.vn/
fantick.vn,CÔNG TY TNHH FANTICK VIỆT NAM,GIẤY PHÉP CUNG CẤP DỊCH VỤ MẠNG XÃ HỘI,2023-03-27,Giấy phép chính thức (ABEI - Bộ TT&TT),100/GP-BTTTT,valid,https://giayphep.abei.gov.vn/
farm3d.zingplay.com,CÔNG TY TNHH ZINGPLAY VIỆT NAM,QUYẾT ĐỊNH PHÁT HÀNH TRÒ CHƠI ĐIỆN TỬ G1 TRÊN MẠNG,2022-07-04,Giấy phép chính thức (ABEI - Bộ TT&TT),1328/QĐ-BTTTT,valid,https://giayphep.abei.gov.vn/
farmersvietnam.vn,CÔNG TY TNHH DSF VIỆT NAM,GIẤY PHÉP CUNG CẤP DỊCH VỤ MẠNG XÃ HỘI,2022-08-12,Giấy phép chính thức (ABEI - Bộ TT&TT),408/GP-BTTTT,invalid,https://giayphep.abei.gov.vn/
farmery.vn,CÔNG TY CỔ PHẦN VNG,QUYẾT ĐỊNH PHÁT HÀNH TRÒ CHƠI ĐIỆN TỬ G1 TRÊN MẠNG,2017-03-30,Giấy phép chính thức (ABEI - Bộ TT&TT),450/QĐ-BTTTT,invalid,https://giayphep.abei.gov.vn/
fatewar.gamota.com,CÔNG TY CỔ PHẦN GAMOTA ,QUYẾT ĐỊNH PHÁT HÀNH TRÒ CHƠI ĐIỆN TỬ G1 TRÊN MẠNG,2026-04-10,Giấy phép chính thức (ABEI - Bộ TT&TT),183/QĐ-PTTH&TTĐT,valid,https://giayphep.abei.gov.vn/
fatv.vn,CÔNG TY CỔ PHẦN DỊCH VỤ VÀ GIẢI PHÁP DI ĐỘNG S4M,"GIẤY XÁC NHẬN THÔNG BÁO PHÁT HÀNH TRÒ CHƠI ĐIỆN TỬ G2,G3,G4",2021-06-30,Giấy phép chính thức (ABEI - Bộ TT&TT),107/GXN-PTTH&TTĐT,valid,https://giayphep.abei.gov.vn/
fb.vtcgame.vn,CÔNG TY VTC CÔNG NGHỆ VÀ NỘI DUNG SỐ,QUYẾT ĐỊNH PHÁT HÀNH TRÒ CHƠI ĐIỆN TỬ G1 TRÊN MẠNG,2019-11-03,Giấy phép chính thức (ABEI - Bộ TT&TT),1850 /QĐ-BTTTT,invalid,https://giayphep.abei.gov.vn/
fb.vtcgmae.vn,CÔNG TY VTC CÔNG NGHỆ VÀ NỘI DUNG SỐ,QUYẾT ĐỊNH PHÁT HÀNH TRÒ CHƠI ĐIỆN TỬ G1 TRÊN MẠNG,2019-11-05,Giấy phép chính thức (ABEI - Bộ TT&TT),1850/QĐ-BTTTT,invalid,https://giayphep.abei.gov.vn/
fbang.vn,CÔNG TY TNHH CÔNG NGHỆ GIA ĐÌNH,GIẤY PHÉP CUNG CẤP DỊCH VỤ MẠNG XÃ HỘI,2021-08-30,Giấy phép chính thức (ABEI - Bộ TT&TT),557/GP-BTTTT,invalid,https://giayphep.abei.gov.vn/
fbusiness.vn,TẠP CHÍ TÀI CHÍNH DOANH NGHIỆP,GIẤY PHÉP THIẾT LẬP TRANG THÔNG TIN ĐIỆN TỬ TỔNG HỢP,2016-06-30,Giấy phép chính thức (ABEI - Bộ TT&TT),73/GP-TTĐT,valid,https://giayphep.abei.gov.vn/
fcmobile.garena.vn,CÔNG TY CỔ PHẦN GIẢI TRÍ VÀ THỂ THAO ĐIỆN TỬ VIỆT NAM,QUYẾT ĐỊNH PHÁT HÀNH TRÒ CHƠI ĐIỆN TỬ G1 TRÊN MẠNG,2026-05-14,Giấy phép chính thức (ABEI - Bộ TT&TT),240/QĐ-PTTH&TTĐT,valid,https://giayphep.abei.gov.vn/
fconline.com.vn,CÔNG TY CỔ PHẦN GIẢI TRÍ VÀ THỂ THAO ĐIỆN TỬ VIỆT NAM,QUYẾT ĐỊNH PHÁT HÀNH TRÒ CHƠI ĐIỆN TỬ G1 TRÊN MẠNG,2026-06-10,Giấy phép chính thức (ABEI - Bộ TT&TT),335/QĐ-PTTH&TTĐT,valid,https://giayphep.abei.gov.vn/
fconline.garena.vn,CÔNG TY CỔ PHẦN GIẢI TRÍ VÀ THỂ THAO ĐIỆN TỬ VIỆT NAM,QUYẾT ĐỊNH PHÁT HÀNH TRÒ CHƠI ĐIỆN TỬ G1 TRÊN MẠNG,2026-06-10,Giấy phép chính thức (ABEI - Bộ TT&TT),335/QĐ-PTTH&TTĐT,valid,https://giayphep.abei.gov.vn/
feedin.vn,CÔNG TY TNHH FEEDIN,GIẤY PHÉP CUNG CẤP DỊCH VỤ MẠNG XÃ HỘI,2021-01-11,Giấy phép chính thức (ABEI - Bộ TT&TT),23/GP-BTTTT,valid,https://giayphep.abei.gov.vn/
ferfin.vn,CÔNG TY CỔ PHẦN GIẢI TRÍ VÀ CÔNG NGHỆ PERFIN,QUYẾT ĐỊNH PHÁT HÀNH TRÒ CHƠI ĐIỆN TỬ G1 TRÊN MẠNG,2025-09-26,Giấy phép chính thức (ABEI - Bộ TT&TT),418/QĐ-PTTH&TTĐT,invalid,https://giayphep.abei.gov.vn/
ff.vtcgame.vn,CÔNG TY VTC CÔNG NGHỆ VÀ NỘI DUNG SỐ,QUYẾT ĐỊNH PHÁT HÀNH TRÒ CHƠI ĐIỆN TỬ G1 TRÊN MẠNG,2017-12-29,Giấy phép chính thức (ABEI - Bộ TT&TT),2440/QĐ-BTTTT,invalid,https://giayphep.abei.gov.vn/
ffly.vn,CÔNG TY CỔ PHẦN TRÒ CHƠI HIKER,QUYẾT ĐỊNH PHÁT HÀNH TRÒ CHƠI ĐIỆN TỬ G1 TRÊN MẠNG,2020-07-10,Giấy phép chính thức (ABEI - Bộ TT&TT),1156/QĐ-BTTTT,valid,https://giayphep.abei.gov.vn/
fgstudio.vn,CÔNG TY CỔ PHẦN FGSTUDIO,QUYẾT ĐỊNH PHÁT HÀNH TRÒ CHƠI ĐIỆN TỬ G1 TRÊN MẠNG,2023-10-06,Giấy phép chính thức (ABEI - Bộ TT&TT),1911/QĐ-BTTTT,valid,https://giayphep.abei.gov.vn/
fialda.vn,CÔNG TY CỔ PHẦN CÔNG NGHỆ FIALDA,GIẤY PHÉP CUNG CẤP DỊCH VỤ MẠNG XÃ HỘI,2020-11-09,Giấy phép chính thức (ABEI - Bộ TT&TT),499/GP-BTTTT,valid,https://giayphep.abei.gov.vn/
fifaonline4.com.vn,CÔNG TY CỔ PHẦN GIẢI TRÍ VÀ THỂ THAO ĐIỆN TỪ VIỆT NAM,QUYẾT ĐỊNH PHÁT HÀNH TRÒ CHƠI ĐIỆN TỬ G1 TRÊN MẠNG,2018-01-12,Giấy phép chính thức (ABEI - Bộ TT&TT),33/QĐ-BTTTT,invalid,https://giayphep.abei.gov.vn/
fighter.vsgame.vn,CÔNG TY CỔ PHẦN VISION GAME,QUYẾT ĐỊNH PHÁT HÀNH TRÒ CHƠI ĐIỆN TỬ G1 TRÊN MẠNG,2024-01-29,Giấy phép chính thức (ABEI - Bộ TT&TT),81/QĐ-BTTTT,valid,https://giayphep.abei.gov.vn/
fimtap.vn,CÔNG TY CỔ PHẦN FUNTAP,QUYẾT ĐỊNH PHÁT HÀNH TRÒ CHƠI ĐIỆN TỬ G1 TRÊN MẠNG,2022-05-26,Giấy phép chính thức (ABEI - Bộ TT&TT),964/QĐ-BTTTT,valid,https://giayphep.abei.gov.vn/
final5.vtcgmae.vn,CÔNG TY VTC CÔNG NGHỆ VÀ NỘI DUNG SỐ,"GIẤY XÁC NHẬN THÔNG BÁO PHÁT HÀNH TRÒ CHƠI ĐIỆN TỬ G2,G3,G4",2023-05-19,Giấy phép chính thức (ABEI - Bộ TT&TT),79/GXN-PTTH&TTĐT,valid,https://giayphep.abei.gov.vn/
finavi.com.vn,CÔNG TY TNHH CHỨNG KHOÁN JB VIỆT NAM,GIẤY PHÉP CUNG CẤP DỊCH VỤ MẠNG XÃ HỘI,2023-10-23,Giấy phép chính thức (ABEI - Bộ TT&TT),395/GP-BTTTT,valid,https://giayphep.abei.gov.vn/
findfriendslike.vn,CÔNG TY TNHH ĐẦU TƯ VÀ PHÁT TRIỂN ĐẠI ĐỨC VIỆT,GIẤY PHÉP CUNG CẤP DỊCH VỤ MẠNG XÃ HỘI,2021-04-15,Giấy phép chính thức (ABEI - Bộ TT&TT),216/GP-BTTTT,valid,https://giayphep.abei.gov.vn/
findnear.vn,CÔNG TY CỔ PHẦN PHÁT TRIỂN CÔNG NGHỆ ADA VIỆT NAM,GIẤY PHÉP CUNG CẤP DỊCH VỤ MẠNG XÃ HỘI,2024-09-27,Giấy phép chính thức (ABEI - Bộ TT&TT),285/GP-BTTTT,valid,https://giayphep.abei.gov.vn/
finizz.com,CÔNG TY CỔ PHẦN FINIZZ,GIẤY PHÉP CUNG CẤP DỊCH VỤ MẠNG XÃ HỘI,2017-09-11,Giấy phép chính thức (ABEI - Bộ TT&TT),432/GP-BTTTT,valid,https://giayphep.abei.gov.vn/
finizz.vn,CÔNG TY CỔ PHẦN FINIZZ,GIẤY PHÉP CUNG CẤP DỊCH VỤ MẠNG XÃ HỘI,2017-09-11,Giấy phép chính thức (ABEI - Bộ TT&TT),432/GP-BTTTT,valid,https://giayphep.abei.gov.vn/
fintown.vn,CÔNG TY TNHH AF SERVICES,GIẤY PHÉP CUNG CẤP DỊCH VỤ MẠNG XÃ HỘI,2023-06-13,Giấy phép chính thức (ABEI - Bộ TT&TT),210/GP-BTTTT,valid,https://giayphep.abei.gov.vn/
firezone.netizen.vn,CÔNG TY TNHH TRUYỀN THÔNG NETIZEN,QUYẾT ĐỊNH PHÁT HÀNH TRÒ CHƠI ĐIỆN TỬ G1 TRÊN MẠNG,2026-02-12,Giấy phép chính thức (ABEI - Bộ TT&TT),82/QĐ-PTTH&TTĐT,valid,https://giayphep.abei.gov.vn/
firgle.vn,CÔNG TY TNHH CÔNG NGHỆ MIMILAND,QUYẾT ĐỊNH PHÁT HÀNH TRÒ CHƠI ĐIỆN TỬ G1 TRÊN MẠNG,2023-10-16,Giấy phép chính thức (ABEI - Bộ TT&TT),1991/QĐ-BTTTT,valid,https://giayphep.abei.gov.vn/
fishvietnam.vn,CÔNG TY TNHH FOODBOOK.VN,GIẤY PHÉP CUNG CẤP DỊCH VỤ MẠNG XÃ HỘI,2021-01-14,Giấy phép chính thức (ABEI - Bộ TT&TT),28/GP-BTTTT,valid,https://giayphep.abei.gov.vn/
fk.zoneplay.vn,CÔNG TY CỔ PHẦN GZONE MEDIA VIỆT NAM ,QUYẾT ĐỊNH PHÁT HÀNH TRÒ CHƠI ĐIỆN TỬ G1 TRÊN MẠNG,2020-06-26,Giấy phép chính thức (ABEI - Bộ TT&TT),1069 /QĐ-BTTTT,valid,https://giayphep.abei.gov.vn/
flala.com.vn,CÔNG TY TNHH CÔNG NGHỆ FLALA,GIẤY PHÉP CUNG CẤP DỊCH VỤ MẠNG XÃ HỘI,2023-02-20,Giấy phép chính thức (ABEI - Bộ TT&TT),71/GP-BTTTT,valid,https://giayphep.abei.gov.vn/
fm2.com.vn,CÔNG TY CỔ PHẦN TRUYỀN HÌNH TƯƠNG TÁC VIỆT NAM,QUYẾT ĐỊNH PHÁT HÀNH TRÒ CHƠI ĐIỆN TỬ G1 TRÊN MẠNG,2023-01-27,Giấy phép chính thức (ABEI - Bộ TT&TT),68/QĐ-BTTTT,valid,https://giayphep.abei.gov.vn/
fmcamxuc.vn,KÊNH VOV GIAO THÔNG QUỐC GIA,GIẤY PHÉP THIẾT LẬP TRANG THÔNG TIN ĐIỆN TỬ TỔNG HỢP,2015-04-22,Giấy phép chính thức (ABEI - Bộ TT&TT),36/GP-TTĐT,invalid,https://giayphep.abei.gov.vn/
fo3zone.vn,CÔNG TY TNHH DỊCH VỤ PHẦN MỀM BÌNH MINH,GIẤY PHÉP CUNG CẤP DỊCH VỤ MẠNG XÃ HỘI,2017-10-25,Giấy phép chính thức (ABEI - Bộ TT&TT),525/GP-BTTTT,valid,https://giayphep.abei.gov.vn/
food.com.vn,CÔNG TY TNHH TẬP ĐOÀN CÔNG MẶT TRỜI,GIẤY PHÉP CUNG CẤP DỊCH VỤ MẠNG XÃ HỘI,2021-04-26,Giấy phép chính thức (ABEI - Bộ TT&TT),230/GP-BTTTT,valid,https://giayphep.abei.gov.vn/
foodshare.vn,CÔNG TY CỔ PHẦN DOANH NGHIỆP XÃ HỘI FOOD SHARE,GIẤY PHÉP CUNG CẤP DỊCH VỤ MẠNG XÃ HỘI,2021-05-24,Giấy phép chính thức (ABEI - Bộ TT&TT),304/GP-BTTTT,invalid,https://giayphep.abei.gov.vn/
foodtravelvietnam.com,CÔNG TY CỔ PHẦN TRAVEL NETWORK,GIẤY PHÉP CUNG CẤP DỊCH VỤ MẠNG XÃ HỘI,2024-12-25,Giấy phép chính thức (ABEI - Bộ TT&TT),391/GP-BTTTT,valid,https://giayphep.abei.gov.vn/
footballpro-evo.vn,CÔNG TY CỔ PHẦN VTC DỊCH VỤ DI ĐỘNG,QUYẾT ĐỊNH PHÁT HÀNH TRÒ CHƠI ĐIỆN TỬ G1 TRÊN MẠNG,2026-05-14,Giấy phép chính thức (ABEI - Bộ TT&TT),242/QĐ-PTTH&TTĐT,valid,https://giayphep.abei.gov.vn/
footballpro.vn,CÔNG TY CỔ PHẦN VTC DỊCH VỤ DI ĐỘNG,QUYẾT ĐỊNH PHÁT HÀNH TRÒ CHƠI ĐIỆN TỬ G1 TRÊN MẠNG,2026-03-31,Giấy phép chính thức (ABEI - Bộ TT&TT),158/QĐ-PTTH&TTĐT,valid,https://giayphep.abei.gov.vn/
footballpro2.mobigame.vn,CÔNG TY CỔ PHẦN VTC DỊCH VỤ DI ĐỘNG,QUYẾT ĐỊNH PHÁT HÀNH TRÒ CHƠI ĐIỆN TỬ G1 TRÊN MẠNG,2026-04-24,Giấy phép chính thức (ABEI - Bộ TT&TT),208/QĐ-PTTH&TTĐT,invalid,https://giayphep.abei.gov.vn/
forum.autodaily.vn,CÔNG TY CỔ PHẦN TRUYỀN THÔNG QUẢNG CÁO A&D,GIẤY PHÉP CUNG CẤP DỊCH VỤ MẠNG XÃ HỘI,2017-05-29,Giấy phép chính thức (ABEI - Bộ TT&TT),248/GP-BTTTT,valid,https://giayphep.abei.gov.vn/
foxlive.vn,CÔNG TY CỔ PHẦN PHÁT TRIỂN CÔNG NGHỆ HOÀN CẦU,GIẤY PHÉP CUNG CẤP DỊCH VỤ MẠNG XÃ HỘI,2021-01-25,Giấy phép chính thức (ABEI - Bộ TT&TT),53/GP-BTTTT,valid,https://giayphep.abei.gov.vn/
fpt.vn,CÔNG TY TNHH TRUYỀN HÌNH FPT,GIẤY PHÉP CUNG CẤP DỊCH VỤ MẠNG XÃ HỘI,2025-06-13,Giấy phép chính thức (ABEI - Bộ TT&TT),58/GP-BVHTTDL,valid,https://giayphep.abei.gov.vn/
fqa.vn,CÔNG TY TNHH CÔNG NGHỆ GIA ĐÌNH,GIẤY PHÉP CUNG CẤP DỊCH VỤ MẠNG XÃ HỘI,2024-12-02,Giấy phép chính thức (ABEI - Bộ TT&TT),359/GP-BTTTT,valid,https://giayphep.abei.gov.vn/
freecity.vn,CÔNG TY TNHH DỊCH VỤ PHẦN MỀM BÌNH MINH,QUYẾT ĐỊNH PHÁT HÀNH TRÒ CHƠI ĐIỆN TỬ G1 TRÊN MẠNG,2025-04-29,Giấy phép chính thức (ABEI - Bộ TT&TT),154/QĐ-PTTH&TTĐT,valid,https://giayphep.abei.gov.vn/
friendclub.vn,CÔNG TY CỔ PHẦN TRUYỀN THÔNG & CÔNG NGHỆ DITECH,GIẤY PHÉP CUNG CẤP DỊCH VỤ MẠNG XÃ HỘI,2014-12-30,Giấy phép chính thức (ABEI - Bộ TT&TT),384/GP-BTTTT,invalid,https://giayphep.abei.gov.vn/
froms.vn,CÔNG TY CỔ PHẦN QUẢN LÝ ĐẦU TƯ STC,GIẤY PHÉP CUNG CẤP DỊCH VỤ MẠNG XÃ HỘI,2021-05-07,Giấy phép chính thức (ABEI - Bộ TT&TT),250/GP-BTTTT,valid,https://giayphep.abei.gov.vn/
fsport.vn,CÔNG TY TNHH CÔNG NGHỆ GIA ĐÌNH ,QUYẾT ĐỊNH PHÁT HÀNH TRÒ CHƠI ĐIỆN TỬ G1 TRÊN MẠNG,2025-10-31,Giấy phép chính thức (ABEI - Bộ TT&TT),490/QĐ-PTTH&TTĐT,valid,https://giayphep.abei.gov.vn/
fujigame.vn,CÔNG TY TNHH FUJI CÔNG NGHỆ VÀ TRUYỀN THÔNG,QUYẾT ĐỊNH PHÁT HÀNH TRÒ CHƠI ĐIỆN TỬ G1 TRÊN MẠNG,2017-06-19,Giấy phép chính thức (ABEI - Bộ TT&TT),951/QĐ-BTTTT,valid,https://giayphep.abei.gov.vn/
fumfap.vn,CÔNG TY CỔ PHẦN FUNTAP,QUYẾT ĐỊNH PHÁT HÀNH TRÒ CHƠI ĐIỆN TỬ G1 TRÊN MẠNG,2017-11-09,Giấy phép chính thức (ABEI - Bộ TT&TT),1936/QĐ-BTTTT,valid,https://giayphep.abei.gov.vn/
funarena.vn,CÔNG TY TNHH DELTA DIGITAL VIỆT NAM,"GIẤY XÁC NHẬN THÔNG BÁO PHÁT HÀNH TRÒ CHƠI ĐIỆN TỬ G2,G3,G4",2024-10-14,Giấy phép chính thức (ABEI - Bộ TT&TT),246/GXN-PTTH&TTĐT,valid,https://giayphep.abei.gov.vn/
funbox.vn,CÔNG TY TNHH FUNBOX MEDIA,GIẤY PHÉP CUNG CẤP DỊCH VỤ MẠNG XÃ HỘI,2017-09-11,Giấy phép chính thức (ABEI - Bộ TT&TT),433/GP-BTTTT,valid,https://giayphep.abei.gov.vn/
funfinity.vn,CÔNG TY TNHH TRUYỀN THÔNG FUNFINITY STUDIO ,QUYẾT ĐỊNH PHÁT HÀNH TRÒ CHƠI ĐIỆN TỬ G1 TRÊN MẠNG,2026-03-25,Giấy phép chính thức (ABEI - Bộ TT&TT),143/QĐ-PTTH&TTĐT,valid,https://giayphep.abei.gov.vn/
fungame.vn,CÔNG TY CỔ PHẦN KỸ NGHỆ TRUYỀN THÔNG HOÀNG GIA,"GIẤY XÁC NHẬN THÔNG BÁO PHÁT HÀNH TRÒ CHƠI ĐIỆN TỬ G2,G3,G4",2018-06-04,Giấy phép chính thức (ABEI - Bộ TT&TT),145/GXN-PTTH&TTĐT,valid,https://giayphep.abei.gov.vn/
funnysoft.vn,CÔNG TY TNHH FUNNY SOFT,QUYẾT ĐỊNH PHÁT HÀNH TRÒ CHƠI ĐIỆN TỬ G1 TRÊN MẠNG,2025-04-23,Giấy phép chính thức (ABEI - Bộ TT&TT),137/QĐ-PTTH&TTĐT,valid,https://giayphep.abei.gov.vn/
funs.vn,CÔNG TY TNHH CÔNG NGHỆ THÔNG TIN SG,GIẤY PHÉP CUNG CẤP DỊCH VỤ MẠNG XÃ HỘI,2020-09-15,Giấy phép chính thức (ABEI - Bộ TT&TT),389/GP-BTTTT,valid,https://giayphep.abei.gov.vn/
funtap.games,CÔNG TY CỔ PHẦN FUNTAP GAMES,QUYẾT ĐỊNH PHÁT HÀNH TRÒ CHƠI ĐIỆN TỬ G1 TRÊN MẠNG,2026-07-22,Giấy phép chính thức (ABEI - Bộ TT&TT),439/QĐ-PTTH&TTĐT,valid,https://giayphep.abei.gov.vn/
funtap.vn,CÔNG TY CỔ PHẦN FUNTAP,QUYẾT ĐỊNH PHÁT HÀNH TRÒ CHƠI ĐIỆN TỬ G1 TRÊN MẠNG,2026-03-25,Giấy phép chính thức (ABEI - Bộ TT&TT),142/QĐ-PTTH&TTĐT,valid,https://giayphep.abei.gov.vn/
funtoon.vn,CÔNG TY CỔ PHẦN CÔNG NGHỆ TECHLAB,GIẤY PHÉP CUNG CẤP DỊCH VỤ MẠNG XÃ HỘI,2020-11-13,Giấy phép chính thức (ABEI - Bộ TT&TT),516/GP-BTTTT,invalid,https://giayphep.abei.gov.vn/
funzy.vn,CÔNG TY TNHH CÔNG NGHỆ GIA ĐÌNH,QUYẾT ĐỊNH PHÁT HÀNH TRÒ CHƠI ĐIỆN TỬ G1 TRÊN MẠNG,2022-04-04,Giấy phép chính thức (ABEI - Bộ TT&TT),620/QĐ-BTTTT,invalid,https://giayphep.abei.gov.vn/
fw.zing.vn,CÔNG TY TNHH TRUYỀN THÔNG MINH PHƯƠNG THỊNH,QUYẾT ĐỊNH PHÁT HÀNH TRÒ CHƠI ĐIỆN TỬ G1 TRÊN MẠNG,2021-03-26,Giấy phép chính thức (ABEI - Bộ TT&TT),390/QĐ-BTTTT,valid,https://giayphep.abei.gov.vn/
fw2vn.vnggames.com,CÔNG TY CỔ PHẦN VNG,QUYẾT ĐỊNH PHÁT HÀNH TRÒ CHƠI ĐIỆN TỬ G1 TRÊN MẠNG,2024-06-24,Giấy phép chính thức (ABEI - Bộ TT&TT),1030/QĐ-BTTTT,invalid,https://giayphep.abei.gov.vn/
fwtr.sohagame.vn,CÔNG TY TNHH SOHA,QUYẾT ĐỊNH PHÁT HÀNH TRÒ CHƠI ĐIỆN TỬ G1 TRÊN MẠNG,2022-01-24,Giấy phép chính thức (ABEI - Bộ TT&TT),101 /QĐ-BTTTT,valid,https://giayphep.abei.gov.vn/
fzone.vn,CÔNG TY CỔ PHẦN ĐẦU TƯ VÀ CÔNG NGHỆ GHD,"GIẤY XÁC NHẬN THÔNG BÁO PHÁT HÀNH TRÒ CHƠI ĐIỆN TỬ G2,G3,G4",2021-08-02,Giấy phép chính thức (ABEI - Bộ TT&TT),136/GXN-PTTH&TTĐT,valid,https://giayphep.abei.gov.vn/
g4m.vn,CÔNG TY TNHH G4M,QUYẾT ĐỊNH PHÁT HÀNH TRÒ CHƠI ĐIỆN TỬ G1 TRÊN MẠNG,2023-10-25,Giấy phép chính thức (ABEI - Bộ TT&TT),2053/QĐ-BTTTT,valid,https://giayphep.abei.gov.vn/
gaba.vn,CÔNG TY CỔ PHẦN TRÒ CHƠI VEGA,QUYẾT ĐỊNH PHÁT HÀNH TRÒ CHƠI ĐIỆN TỬ G1 TRÊN MẠNG,2025-12-15,Giấy phép chính thức (ABEI - Bộ TT&TT),556/QĐ-PTTH&TTĐT,valid,https://giayphep.abei.gov.vn/
gaconxuatkich.hhgame.vn,CÔNG TY CỔ PHẦN PHÁT TRIỂN CÔNG NGHỆ SỐ HỒNG HÀ,QUYẾT ĐỊNH PHÁT HÀNH TRÒ CHƠI ĐIỆN TỬ G1 TRÊN MẠNG,2024-06-03,Giấy phép chính thức (ABEI - Bộ TT&TT),909/QĐ-BTTTT,valid,https://giayphep.abei.gov.vn/
gaka.vn,CÔNG TY CỔ PHẦN VME,GIẤY PHÉP CUNG CẤP DỊCH VỤ MẠNG XÃ HỘI,2021-11-04,Giấy phép chính thức (ABEI - Bộ TT&TT),711/GP-BTTTT,valid,https://giayphep.abei.gov.vn/
galix.duo.vn,CÔNG TY CỔ PHẦN TRỰC TUYẾN DUO,QUYẾT ĐỊNH PHÁT HÀNH TRÒ CHƠI ĐIỆN TỬ G1 TRÊN MẠNG,2022-10-31,Giấy phép chính thức (ABEI - Bộ TT&TT),1996/QĐ-BTTTT,valid,https://giayphep.abei.gov.vn/
gamate.vn,TỔNG TY TNHH CÔNG NGHỆ GIẢI TRÍ CHÂU Á,QUYẾT ĐỊNH PHÁT HÀNH TRÒ CHƠI ĐIỆN TỬ G1 TRÊN MẠNG,2023-10-03,Giấy phép chính thức (ABEI - Bộ TT&TT),1896/QĐ-BTTTT,valid,https://giayphep.abei.gov.vn/
gamc24h.vn,CÔNG TY CỔ PHẦN DỊCH VỤ PHÁT TRIỂN NGƯỜI DÙNG MKO,"GIẤY XÁC NHẬN THÔNG BÁO PHÁT HÀNH TRÒ CHƠI ĐIỆN TỬ G2,G3,G4",2020-06-19,Giấy phép chính thức (ABEI - Bộ TT&TT),90/GXN-PTTH&TTĐT,valid,https://giayphep.abei.gov.vn/
game.chronicle.vn,CÔNG TY TNHH CHRONICLE,QUYẾT ĐỊNH PHÁT HÀNH TRÒ CHƠI ĐIỆN TỬ G1 TRÊN MẠNG,2023-06-08,Giấy phép chính thức (ABEI - Bộ TT&TT),998/QĐ-BTTTT,valid,https://giayphep.abei.gov.vn/
game.cmn.vn,CÔNG TY CỔ PHẦN TRỰC TUYẾN CMN VIỆT NAM,QUYẾT ĐỊNH PHÁT HÀNH TRÒ CHƠI ĐIỆN TỬ G1 TRÊN MẠNG,2025-05-30,Giấy phép chính thức (ABEI - Bộ TT&TT),216/QĐ-PTTH&TTĐT,expired,https://giayphep.abei.gov.vn/
game.funzy.vn,CÔNG TY TNHH CÔNG NGHỆ GIA ĐÌNH ,QUYẾT ĐỊNH PHÁT HÀNH TRÒ CHƠI ĐIỆN TỬ G1 TRÊN MẠNG,2025-10-31,Giấy phép chính thức (ABEI - Bộ TT&TT),490/QĐ-PTTH&TTĐT,valid,https://giayphep.abei.gov.vn/
game.kul.vn,CÔNG TY CỔ PHẦN TRỰC TUYẾN CMN VIỆT NAM,QUYẾT ĐỊNH PHÁT HÀNH TRÒ CHƠI ĐIỆN TỬ G1 TRÊN MẠNG,2019-05-20,Giấy phép chính thức (ABEI - Bộ TT&TT),740/QĐ-BTTTT,valid,https://giayphep.abei.gov.vn/
game.miu.com.vn,CÔNG TY TNHH MIU,"GIẤY XÁC NHẬN THÔNG BÁO PHÁT HÀNH TRÒ CHƠI ĐIỆN TỬ G2,G3,G4",2021-12-20,Giấy phép chính thức (ABEI - Bộ TT&TT),198/GXN-PTTH&TTĐT,valid,https://giayphep.abei.gov.vn/
game.mocha.com,CÔNG TY TRUYỀN THÔNG VIETTEL,"GIẤY XÁC NHẬN THÔNG BÁO PHÁT HÀNH TRÒ CHƠI ĐIỆN TỬ G2,G3,G4",2020-01-13,Giấy phép chính thức (ABEI - Bộ TT&TT),13/GXN-PTTH&TTĐT,valid,https://giayphep.abei.gov.vn/
game.mocha.com.vn,CÔNG TY TRUYỀN THÔNG VIETTEL,"GIẤY XÁC NHẬN THÔNG BÁO PHÁT HÀNH TRÒ CHƠI ĐIỆN TỬ G2,G3,G4",2022-07-26,Giấy phép chính thức (ABEI - Bộ TT&TT),94/GXN-PTTH&TTĐT,valid,https://giayphep.abei.gov.vn/
game.playfun.vn,CÔNG TY CỔ PHẦN FUNTAP,"GIẤY XÁC NHẬN THÔNG BÁO PHÁT HÀNH TRÒ CHƠI ĐIỆN TỬ G2,G3,G4",2020-10-14,Giấy phép chính thức (ABEI - Bộ TT&TT),192/GXN-PTTH&TTĐT,valid,https://giayphep.abei.gov.vn/
game.travellet.vn,CÔNG TY CỔ PHẦN TRAVELLET VIỆT NAM,QUYẾT ĐỊNH PHÁT HÀNH TRÒ CHƠI ĐIỆN TỬ G1 TRÊN MẠNG,2024-06-20,Giấy phép chính thức (ABEI - Bộ TT&TT),1012/QĐ-BTTTT,valid,https://giayphep.abei.gov.vn/
game.tv247.vn,CÔNG TY CỔ PHẦN TRUYỀN THÔNG ĐA PHƯƠNG TIỆN THỦ ĐÔ,"GIẤY XÁC NHẬN THÔNG BÁO PHÁT HÀNH TRÒ CHƠI ĐIỆN TỬ G2,G3,G4",2018-06-20,Giấy phép chính thức (ABEI - Bộ TT&TT),159/GXN-PTTH&TTĐT,valid,https://giayphep.abei.gov.vn/
game.vnptmoney.vn,TỔNG CÔNG TY TRUYỀN THÔNG (VNPT),"GIẤY XÁC NHẬN THÔNG BÁO PHÁT HÀNH TRÒ CHƠI ĐIỆN TỬ G2,G3,G4",2023-12-20,Giấy phép chính thức (ABEI - Bộ TT&TT),219/GXN-PTTH&TTĐT,valid,https://giayphep.abei.gov.vn/
game1vn.vn,CÔNG TY CỔ PHẦN GIẢI TRÍ 357,GIẤY PHÉP CUNG CẤP DỊCH VỤ MẠNG XÃ HỘI,2023-08-07,Giấy phép chính thức (ABEI - Bộ TT&TT),279/GP-BTTTT,valid,https://giayphep.abei.gov.vn/
game24h.vn,CÔNG TY CỔ PHẦN DỊCH VỤ PHÁT TRIỂN NGƯỜI DÙNG MKO,"GIẤY XÁC NHẬN THÔNG BÁO PHÁT HÀNH TRÒ CHƠI ĐIỆN TỬ G2,G3,G4",2020-06-22,Giấy phép chính thức (ABEI - Bộ TT&TT),92/GXN-PTTH&TTĐT,valid,https://giayphep.abei.gov.vn/
game365.vn,CÔNG TY CỔ PHẦN CÔNG NGHỆ KỸ THUẬT VTECH,QUYẾT ĐỊNH PHÁT HÀNH TRÒ CHƠI ĐIỆN TỬ G1 TRÊN MẠNG,2024-01-02,Giấy phép chính thức (ABEI - Bộ TT&TT),01/QĐ-BTTTT,valid,https://giayphep.abei.gov.vn/
game6.vn,CÔNG TY CỔ PHẦN CÔNG NGHỆ VÀ TRUYỀN THÔNG NEMO,GIẤY PHÉP CUNG CẤP DỊCH VỤ MẠNG XÃ HỘI,2023-02-13,Giấy phép chính thức (ABEI - Bộ TT&TT),60/GP-BTTTT,valid,https://giayphep.abei.gov.vn/
gameasy.vn,CÔNG TY CỔ PHẦN VITA GAME,"GIẤY XÁC NHẬN THÔNG BÁO PHÁT HÀNH TRÒ CHƠI ĐIỆN TỬ G2,G3,G4",2023-08-11,Giấy phép chính thức (ABEI - Bộ TT&TT),126/GXN-PTTH&TTĐT,valid,https://giayphep.abei.gov.vn/
gameb.vn,CÔNG TY CỔ PHẦN BLISS,QUYẾT ĐỊNH PHÁT HÀNH TRÒ CHƠI ĐIỆN TỬ G1 TRÊN MẠNG,2019-08-20,Giấy phép chính thức (ABEI - Bộ TT&TT),1354/QĐ-BTTTT,valid,https://giayphep.abei.gov.vn/
gamebao.vn,CÔNG TY CỔ PHẦN TRÒ CHƠI TRỰC TUYẾN BẢO NINH,QUYẾT ĐỊNH PHÁT HÀNH TRÒ CHƠI ĐIỆN TỬ G1 TRÊN MẠNG,2020-01-09,Giấy phép chính thức (ABEI - Bộ TT&TT),40/QĐ-BTTTT,valid,https://giayphep.abei.gov.vn/
gamebp.vn,CÔNG TY CỔ PHẦN PHÁT TRIỂN THƯƠNG MAI VÀ DỊCH VỤ BẢO PHÁT,"GIẤY XÁC NHẬN THÔNG BÁO PHÁT HÀNH TRÒ CHƠI ĐIỆN TỬ G2,G3,G4",2020-09-17,Giấy phép chính thức (ABEI - Bộ TT&TT),170/GXN-PTTH&TTĐT,valid,https://giayphep.abei.gov.vn/
gamehit.vn,CÔNG TY CỔ PHẦN FUNTEK VIỆT NAM,"GIẤY XÁC NHẬN THÔNG BÁO PHÁT HÀNH TRÒ CHƠI ĐIỆN TỬ G2,G3,G4",2022-10-28,Giấy phép chính thức (ABEI - Bộ TT&TT),144/GXN-PTTH&TTĐT,valid,https://giayphep.abei.gov.vn/
gamelord.vn,CÔNG TY CỔ PHẦN GB TOÀN CẦU,"GIẤY XÁC NHẬN THÔNG BÁO PHÁT HÀNH TRÒ CHƠI ĐIỆN TỬ G2,G3,G4",2020-05-25,Giấy phép chính thức (ABEI - Bộ TT&TT),71/GXN-PTTH&TTĐT,valid,https://giayphep.abei.gov.vn/
gamemart.vn,CÔNG TY CỔ PHẦN GIẢI PHÁP SỐ VISION NETWORK VIỆT NAM,QUYẾT ĐỊNH PHÁT HÀNH TRÒ CHƠI ĐIỆN TỬ G1 TRÊN MẠNG,2024-11-19,Giấy phép chính thức (ABEI - Bộ TT&TT),2008/QĐ-BTTTT,valid,https://giayphep.abei.gov.vn/
gamemo.vn,CÔNG TY CỔ PHẦN SÁNG TẠO ĐA PHƯƠNG TIỆN SAO KHUÊ,"GIẤY XÁC NHẬN THÔNG BÁO PHÁT HÀNH TRÒ CHƠI ĐIỆN TỬ G2,G3,G4",2020-11-02,Giấy phép chính thức (ABEI - Bộ TT&TT),199/GXN-PTTH&TTĐT,valid,https://giayphep.abei.gov.vn/
gamenho.vn,CÔNG TY TNHH CÔNG NGHỆ TÂN HỒNG HƯNG,"GIẤY XÁC NHẬN THÔNG BÁO PHÁT HÀNH TRÒ CHƠI ĐIỆN TỬ G2,G3,G4",2019-05-02,Giấy phép chính thức (ABEI - Bộ TT&TT),80/GXN-PTTH&TTĐT,valid,https://giayphep.abei.gov.vn/
gameofdragons.vn,CÔNG TY CỔ PHẦN TRỰC TUYẾN CMN VIỆT NAM,QUYẾT ĐỊNH PHÁT HÀNH TRÒ CHƠI ĐIỆN TỬ G1 TRÊN MẠNG,2017-09-01,Giấy phép chính thức (ABEI - Bộ TT&TT),1476/QĐ-BTTTT,valid,https://giayphep.abei.gov.vn/
gameofvampires.hhgame.vn,CÔNG TY CỔ PHẦN PHÁT TRIỂN CÔNG NGHỆ SỐ HỒNG HÀ,QUYẾT ĐỊNH PHÁT HÀNH TRÒ CHƠI ĐIỆN TỬ G1 TRÊN MẠNG,2024-12-23,Giấy phép chính thức (ABEI - Bộ TT&TT),2249/QĐ-BTTTT,invalid,https://giayphep.abei.gov.vn/
gameportal.com.vn,TRUNG TÂM ĐO KIỂM PHÁT THANH TRUYỀN HÌNH VÀ THÔNG TIN ĐIỆN TỬ,GIẤY PHÉP THIẾT LẬP TRANG THÔNG TIN ĐIỆN TỬ TỔNG HỢP,2020-11-11,Giấy phép chính thức (ABEI - Bộ TT&TT),213/GP-TTĐT,valid,https://giayphep.abei.gov.vn/
gameportal.gov.vn,TRUNG TÂM ĐO KIỂM PHÁT THANH TRUYỀN HÌNH VÀ THÔNG TIN ĐIỆN TỬ,GIẤY PHÉP THIẾT LẬP TRANG THÔNG TIN ĐIỆN TỬ TỔNG HỢP,2020-11-11,Giấy phép chính thức (ABEI - Bộ TT&TT),213/GP-TTĐT,valid,https://giayphep.abei.gov.vn/
gameportal.vn,TRUNG TÂM ĐO KIỂM PHÁT THANH TRUYỀN HÌNH VÀ THÔNG TIN ĐIỆN TỬ,GIẤY PHÉP THIẾT LẬP TRANG THÔNG TIN ĐIỆN TỬ TỔNG HỢP,2020-11-11,Giấy phép chính thức (ABEI - Bộ TT&TT),213/GP-TTĐT,valid,https://giayphep.abei.gov.vn/
games.travellet.vn,CÔNG TY CỔ PHẦN TRAVELLET VIỆT NAM,QUYẾT ĐỊNH PHÁT HÀNH TRÒ CHƠI ĐIỆN TỬ G1 TRÊN MẠNG,2023-03-31,Giấy phép chính thức (ABEI - Bộ TT&TT),501/QĐ-BTTTT,valid,https://giayphep.abei.gov.vn/
games360.vn,CÔNG TY CỔ PHẦN VME,GIẤY PHÉP CUNG CẤP DỊCH VỤ MẠNG XÃ HỘI,2021-07-21,Giấy phép chính thức (ABEI - Bộ TT&TT),469/GP-BTTTT,invalid,https://giayphep.abei.gov.vn/
gametp.vn,CÔNG TY CỔ PHẦN TRUYỀN THÔNG THÁI PHÚ,"GIẤY XÁC NHẬN THÔNG BÁO PHÁT HÀNH TRÒ CHƠI ĐIỆN TỬ G2,G3,G4",2020-07-24,Giấy phép chính thức (ABEI - Bộ TT&TT),129/GXN-PTTH&TTĐT,valid,https://giayphep.abei.gov.vn/
gamettd.net,CÔNG TY CỔ PHẦN PHẦN MỀM VÀ TRUYỀN THÔNG TTD VIỆT NAM,"GIẤY XÁC NHẬN THÔNG BÁO PHÁT HÀNH TRÒ CHƠI ĐIỆN TỬ G2,G3,G4",2020-06-25,Giấy phép chính thức (ABEI - Bộ TT&TT),97/GXN-PTTH&TTĐT,valid,https://giayphep.abei.gov.vn/
gametv.vn,CÔNG TY CỔ PHẦN CÔNG NGHỆ GTV VIỆT NAM ,GIẤY PHÉP CUNG CẤP DỊCH VỤ MẠNG XÃ HỘI,2018-04-02,Giấy phép chính thức (ABEI - Bộ TT&TT),146/GP-BTTTT,valid,https://giayphep.abei.gov.vn/
gametvplus.com,CÔNG TY CỔ PHẦN CÔNG NGHỆ GTV VIỆT NAM,QUYẾT ĐỊNH PHÁT HÀNH TRÒ CHƠI ĐIỆN TỬ G1 TRÊN MẠNG,2020-01-08,Giấy phép chính thức (ABEI - Bộ TT&TT),36 /QĐ-BTTTT,valid,https://giayphep.abei.gov.vn/
gamevui.vn,CÔNG TY CỔ PHẦN MẠNG TRỰC TUYẾN META,"GIẤY XÁC NHẬN THÔNG BÁO PHÁT HÀNH TRÒ CHƠI ĐIỆN TỬ G2,G3,G4",2021-02-01,Giấy phép chính thức (ABEI - Bộ TT&TT),22/GXN-PTTH&TTĐT,valid,https://giayphep.abei.gov.vn/
gamify.com.vn,CÔNG TY CỔ PHẦN GAMIFY VIỆT NAM,GIẤY PHÉP CUNG CẤP DỊCH VỤ MẠNG XÃ HỘI,2017-10-02,Giấy phép chính thức (ABEI - Bộ TT&TT),477/GP-BTTTT,valid,https://giayphep.abei.gov.vn/
gamify.vn,CÔNG TY CỔ PHẦN GAMIFY VIỆT NAM,GIẤY PHÉP CUNG CẤP DỊCH VỤ MẠNG XÃ HỘI,2017-10-02,Giấy phép chính thức (ABEI - Bộ TT&TT),477/GP-BTTTT,valid,https://giayphep.abei.gov.vn/
gamota.cn,CÔNG TY CỔ PHẦN GAMOTA,QUYẾT ĐỊNH PHÁT HÀNH TRÒ CHƠI ĐIỆN TỬ G1 TRÊN MẠNG,2019-08-07,Giấy phép chính thức (ABEI - Bộ TT&TT),1250/QĐ-BTTTT,invalid,https://giayphep.abei.gov.vn/
gamota.com,CÔNG TY CỔ PHẦN GAMOTA,QUYẾT ĐỊNH PHÁT HÀNH TRÒ CHƠI ĐIỆN TỬ G1 TRÊN MẠNG,2026-07-17,Giấy phép chính thức (ABEI - Bộ TT&TT),425/QĐ-PTTH&TTĐT,valid,https://giayphep.abei.gov.vn/
gamota.vn,CÔNG TY CỔ PHẦN GAMOTA,QUYẾT ĐỊNH PHÁT HÀNH TRÒ CHƠI ĐIỆN TỬ G1 TRÊN MẠNG,2018-01-10,Giấy phép chính thức (ABEI - Bộ TT&TT),35 /QĐ-BTTTT,expired,https://giayphep.abei.gov.vn/
gamute.vn,CÔNG TY TNHH CÔNG NGHỆ GIẢI TRÍ CHÂU Á,QUYẾT ĐỊNH PHÁT HÀNH TRÒ CHƠI ĐIỆN TỬ G1 TRÊN MẠNG,2023-12-25,Giấy phép chính thức (ABEI - Bộ TT&TT),2516/QĐ-BTTTT,valid,https://giayphep.abei.gov.vn/
gamz.vn,CÔNG TY CỔ PHẦN CÔNG NGHỆ GAMZ,QUYẾT ĐỊNH PHÁT HÀNH TRÒ CHƠI ĐIỆN TỬ G1 TRÊN MẠNG,2025-01-21,Giấy phép chính thức (ABEI - Bộ TT&TT),93/QĐ-BTTTT,valid,https://giayphep.abei.gov.vn/
gapo.vn,CÔNG TY CỔ PHẦN CÔNG NGHỆ GAPO,GIẤY PHÉP CUNG CẤP DỊCH VỤ MẠNG XÃ HỘI,2020-05-27,Giấy phép chính thức (ABEI - Bộ TT&TT),222/GP-BTTTT,valid,https://giayphep.abei.gov.vn/
garena.vn,CÔNG TY CỔ PHẦN GIẢI TRÍ VÀ THỂ THAO ĐIỆN TỬ VIỆT NAM,QUYẾT ĐỊNH PHÁT HÀNH TRÒ CHƠI ĐIỆN TỬ G1 TRÊN MẠNG,2026-06-16,Giấy phép chính thức (ABEI - Bộ TT&TT),351/QĐ-PTTH&TTĐT,valid,https://giayphep.abei.gov.vn/
gautructruyenky.vn,CÔNG TY CỔ PHẦN ĐẦU TƯ CÔNG NGHỆ VISION INVEST,QUYẾT ĐỊNH PHÁT HÀNH TRÒ CHƠI ĐIỆN TỬ G1 TRÊN MẠNG,2025-01-27,Giấy phép chính thức (ABEI - Bộ TT&TT),54/QĐ-BTTTT,valid,https://giayphep.abei.gov.vn/
gemezz.vn,CÔNG TY TNHH SÁNG TẠO ĐA PHƯƠNG TIỆN,"GIẤY XÁC NHẬN THÔNG BÁO PHÁT HÀNH TRÒ CHƠI ĐIỆN TỬ G2,G3,G4",2021-06-21,Giấy phép chính thức (ABEI - Bộ TT&TT),99/GXN-PTTH&TTĐT,valid,https://giayphep.abei.gov.vn/
genshin.funtap.games,CÔNG TY CỔ PHẦN FUNTAP GAMES,QUYẾT ĐỊNH PHÁT HÀNH TRÒ CHƠI ĐIỆN TỬ G1 TRÊN MẠNG,2026-07-07,Giấy phép chính thức (ABEI - Bộ TT&TT),401/QĐ-PTTH&TTĐT,valid,https://giayphep.abei.gov.vn/
genshin.playfun.vn,CÔNG TY CỔ PHẦN PHÁT TRIỂN CÔNG NGHỆ SỐ HỒNG HÀ,QUYẾT ĐỊNH PHÁT HÀNH TRÒ CHƠI ĐIỆN TỬ G1 TRÊN MẠNG,2023-08-07,Giấy phép chính thức (ABEI - Bộ TT&TT),1454/QĐ-BTTTT,invalid,https://giayphep.abei.gov.vn/
genz.vgplay.vn,CÔNG TY CỔ PHẦN VGP,QUYẾT ĐỊNH PHÁT HÀNH TRÒ CHƠI ĐIỆN TỬ G1 TRÊN MẠNG,2023-03-27,Giấy phép chính thức (ABEI - Bộ TT&TT),456/QĐ-BTTTT,invalid,https://giayphep.abei.gov.vn/
genzzz.xyz,CÔNG TY TNHH TRUYỀN THÔNG GENZ ,QUYẾT ĐỊNH PHÁT HÀNH TRÒ CHƠI ĐIỆN TỬ G1 TRÊN MẠNG,2026-02-12,Giấy phép chính thức (ABEI - Bộ TT&TT),83/QĐ-PTTH&TTĐT,valid,https://giayphep.abei.gov.vn/
getup.vn,CÔNG TY CỔ PHẦN ỨNG DỤNG VÀ TRUYỀN THÔNG  X7PLUS,GIẤY PHÉP CUNG CẤP DỊCH VỤ MẠNG XÃ HỘI,2019-12-10,Giấy phép chính thức (ABEI - Bộ TT&TT),534/GP-BTTTT,valid,https://giayphep.abei.gov.vn/
gf2.thsgame.com.vn,CÔNG TY CỔ PHẦN THS GAME,QUYẾT ĐỊNH PHÁT HÀNH TRÒ CHƠI ĐIỆN TỬ G1 TRÊN MẠNG,2026-05-06,Giấy phép chính thức (ABEI - Bộ TT&TT),236 /QĐ-PTTH&TTĐT,valid,https://giayphep.abei.gov.vn/
ggames.vn,CÔNG TY TNHH TRỰC TUYÊN THIÊN HÀ,QUYẾT ĐỊNH PHÁT HÀNH TRÒ CHƠI ĐIỆN TỬ G1 TRÊN MẠNG,2022-11-08,Giấy phép chính thức (ABEI - Bộ TT&TT),2052/QĐ-BTTTT,valid,https://giayphep.abei.gov.vn/
ggo.vn,CÔNG TY CỔ PHẦN GGO ,QUYẾT ĐỊNH PHÁT HÀNH TRÒ CHƠI ĐIỆN TỬ G1 TRÊN MẠNG,2026-01-23,Giấy phép chính thức (ABEI - Bộ TT&TT),28/QĐ-PTTH&TTĐT,valid,https://giayphep.abei.gov.vn/
ghmgames.vn,Công ty TNHH Công nghệ GHM ,QUYẾT ĐỊNH PHÁT HÀNH TRÒ CHƠI ĐIỆN TỬ G1 TRÊN MẠNG,2026-06-23,Giấy phép chính thức (ABEI - Bộ TT&TT),367/QĐ-PTTH&TTĐT,valid,https://giayphep.abei.gov.vn/
ghnt.vn,CÔNG TY CỔ PHẦN VTC DỊCH VỤ DI ĐỘNG - ,QUYẾT ĐỊNH PHÁT HÀNH TRÒ CHƠI ĐIỆN TỬ G1 TRÊN MẠNG,2026-02-13,Giấy phép chính thức (ABEI - Bộ TT&TT),93/QĐ-PTTH&TTĐT,valid,https://giayphep.abei.gov.vn/
ghost.vtczone.vn,CÔNG TY CỔ PHẦN VTC DỊCH VỤ DI ĐỘNG,QUYẾT ĐỊNH PHÁT HÀNH TRÒ CHƠI ĐIỆN TỬ G1 TRÊN MẠNG,2025-12-12,Giấy phép chính thức (ABEI - Bộ TT&TT),552/QĐ-PTTH&TTĐT,valid,https://giayphep.abei.gov.vn/
ghoststory.vnggames.com,CÔNG TY CỔ PHẦN TẬP ĐOÀN VNG,QUYẾT ĐỊNH PHÁT HÀNH TRÒ CHƠI ĐIỆN TỬ G1 TRÊN MẠNG,2025-10-02,Giấy phép chính thức (ABEI - Bộ TT&TT),435/QĐ-PTTH&TTĐT,valid,https://giayphep.abei.gov.vn/
ghtt.ygame.vn,CÔNG TY CỔ PHẦN GIẢI TRÍ YGAME,QUYẾT ĐỊNH PHÁT HÀNH TRÒ CHƠI ĐIỆN TỬ G1 TRÊN MẠNG,2020-11-04,Giấy phép chính thức (ABEI - Bộ TT&TT),1875/QĐ-BTTTT,valid,https://giayphep.abei.gov.vn/
giacavattu.com.vn,TRUNG TÂM THÔNG TIN CÔNG NGHIỆP VÀ THƯƠNG MẠI,GIẤY PHÉP THIẾT LẬP TRANG THÔNG TIN ĐIỆN TỬ TỔNG HỢP,2015-07-09,Giấy phép chính thức (ABEI - Bộ TT&TT),93/GP-TTĐT,valid,https://giayphep.abei.gov.vn/
giacngo.vn,BÁO GIÁC NGỘ,GIẤY PHÉP THIẾT LẬP TRANG THÔNG TIN ĐIỆN TỬ TỔNG HỢP,2013-04-26,Giấy phép chính thức (ABEI - Bộ TT&TT),56/GP-TTĐT,invalid,https://giayphep.abei.gov.vn/
giahanghoa.com.vn,TRUNG TÂM THÔNG TIN CÔNG NGHIỆP VÀ THƯƠNG MẠI,GIẤY PHÉP THIẾT LẬP TRANG THÔNG TIN ĐIỆN TỬ TỔNG HỢP,2015-07-09,Giấy phép chính thức (ABEI - Bộ TT&TT),93/GP-TTĐT,valid,https://giayphep.abei.gov.vn/
giaido.vn,CÔNG TY CỔ PHẦN ELCOMPLUS,QUYẾT ĐỊNH PHÁT HÀNH TRÒ CHƠI ĐIỆN TỬ G1 TRÊN MẠNG,2020-04-15,Giấy phép chính thức (ABEI - Bộ TT&TT),546/QĐ-BTTTT,valid,https://giayphep.abei.gov.vn/
giaimasinhton.hgame.vn,CÔNG TY CỔ PHẦN PHÁT TRIỂN CÔNG NGHỆ SỐ HỒNG HÀ,QUYẾT ĐỊNH PHÁT HÀNH TRÒ CHƠI ĐIỆN TỬ G1 TRÊN MẠNG,2021-06-23,Giấy phép chính thức (ABEI - Bộ TT&TT),894/QĐ-BTTTT,valid,https://giayphep.abei.gov.vn/
giaitri357.vn,CÔNG TY CỔ PHẦN GIẢI TRÍ 357,QUYẾT ĐỊNH PHÁT HÀNH TRÒ CHƠI ĐIỆN TỬ G1 TRÊN MẠNG,2024-11-19,Giấy phép chính thức (ABEI - Bộ TT&TT),2006/QĐ-BTTTT,valid,https://giayphep.abei.gov.vn/
giaitrihd.vn,CÔNG TY CỔ PHẦN NGHỆ THUẬT GIẢI TRÍ HOA DƯƠNG,GIẤY PHÉP CUNG CẤP DỊCH VỤ MẠNG XÃ HỘI,2021-01-22,Giấy phép chính thức (ABEI - Bộ TT&TT),52/GP-BTTTT,valid,https://giayphep.abei.gov.vn/
giaitriplus.vn,"CÔNG TY CỔ PHẦN TRUYỀN THÔNG, QUẢNG CÁO ĐA PHƯƠNG TIỆN",GIẤY PHÉP CUNG CẤP DỊCH VỤ MẠNG XÃ HỘI,2019-11-02,Giấy phép chính thức (ABEI - Bộ TT&TT),527/GP-BTTTT,valid,https://giayphep.abei.gov.vn/
gialaitv.vn,ĐÀI PHÁT THANH - TRUYỀN HÌNH TỈNH GIA LAI,GIẤY PHÉP THIẾT LẬP TRANG THÔNG TIN ĐIỆN TỬ TỔNG HỢP,2013-11-18,Giấy phép chính thức (ABEI - Bộ TT&TT),142/GP-TTĐT,invalid,https://giayphep.abei.gov.vn/
giammomau.net.vn,CÔNG TY TNHH THƯƠNG MẠI VÀ TRUYỀN THÔNG PHƯƠNG NAM,GIẤY PHÉP CUNG CẤP DỊCH VỤ MẠNG XÃ HỘI,2019-10-03,Giấy phép chính thức (ABEI - Bộ TT&TT),421/GP-BTTTT,valid,https://giayphep.abei.gov.vn/
giangho.gamota.com,CÔNG TY CỔ PHẦN GAMOTA,QUYẾT ĐỊNH PHÁT HÀNH TRÒ CHƠI ĐIỆN TỬ G1 TRÊN MẠNG,2019-07-16,Giấy phép chính thức (ABEI - Bộ TT&TT),1080 /QĐ-BTTTT,valid,https://giayphep.abei.gov.vn/
gianghobatphai.vn,CÔNG TY CỔ PHẦN VTC DỊCH VỤ DI ĐỘNG,QUYẾT ĐỊNH PHÁT HÀNH TRÒ CHƠI ĐIỆN TỬ G1 TRÊN MẠNG,2023-04-14,Giấy phép chính thức (ABEI - Bộ TT&TT),619/QĐ-BTTTT,invalid,https://giayphep.abei.gov.vn/
gianghochimong.plavfur.vn,CÔNG TY CỔ PHẦN FUNTAP,QUYẾT ĐỊNH PHÁT HÀNH TRÒ CHƠI ĐIỆN TỬ G1 TRÊN MẠNG,2022-05-27,Giấy phép chính thức (ABEI - Bộ TT&TT),974/QĐ-BTTTT,valid,https://giayphep.abei.gov.vn/
gianghochimong.vn,CÔNG TY CỔ PHẦN FUNTAP,QUYẾT ĐỊNH PHÁT HÀNH TRÒ CHƠI ĐIỆN TỬ G1 TRÊN MẠNG,2020-05-08,Giấy phép chính thức (ABEI - Bộ TT&TT),788/QĐ-BTTTT,invalid,https://giayphep.abei.gov.vn/
gianghohiepanh.vn,CÔNG TY CỔ PHẦN VTC DỊCH VỤ DI ĐỘNG,QUYẾT ĐỊNH PHÁT HÀNH TRÒ CHƠI ĐIỆN TỬ G1 TRÊN MẠNG,2022-04-04,Giấy phép chính thức (ABEI - Bộ TT&TT),625/QĐ-BTTTT,invalid,https://giayphep.abei.gov.vn/
gianghohkl.vn,CÔNG TY TNHH SOHA,QUYẾT ĐỊNH PHÁT HÀNH TRÒ CHƠI ĐIỆN TỬ G1 TRÊN MẠNG,2018-12-10,Giấy phép chính thức (ABEI - Bộ TT&TT),2117/QĐ-BTTTT,invalid,https://giayphep.abei.gov.vn/
gianghokyhiep.playfun.vn,CÔNG TY CỔ PHẦN FUNTAP,QUYẾT ĐỊNH PHÁT HÀNH TRÒ CHƠI ĐIỆN TỬ G1 TRÊN MẠNG,2022-07-25,Giấy phép chính thức (ABEI - Bộ TT&TT),1428/QĐ-BTTTT,valid,https://giayphep.abei.gov.vn/
gianghokyngo.vplay.vn,CÔNG TY CỔ PHẦN TRUYỀN HÌNH TƯƠNG TÁC VIỆT NAM ,QUYẾT ĐỊNH PHÁT HÀNH TRÒ CHƠI ĐIỆN TỬ G1 TRÊN MẠNG,2026-02-13,Giấy phép chính thức (ABEI - Bộ TT&TT),85/QĐ-PTTH&TTĐT,valid,https://giayphep.abei.gov.vn/
gianghongutuyet.vn,CÔNG TY CỔ PHẦN VTC DỊCH VỤ DI ĐỘNG,QUYẾT ĐỊNH PHÁT HÀNH TRÒ CHƠI ĐIỆN TỬ G1 TRÊN MẠNG,2021-06-25,Giấy phép chính thức (ABEI - Bộ TT&TT),905/QĐ-BTTTT,invalid,https://giayphep.abei.gov.vn/
gianghosinhtulenh.vn,CÔNG TY TNHH SOHA,QUYẾT ĐỊNH PHÁT HÀNH TRÒ CHƠI ĐIỆN TỬ G1 TRÊN MẠNG,2020-07-10,Giấy phép chính thức (ABEI - Bộ TT&TT),1160/QĐ-BTTTT,valid,https://giayphep.abei.gov.vn/
giangsoncuatram.jedi-games.vn,CÔNG TY TNHH JEDI VIỆT NAM,QUYẾT ĐỊNH PHÁT HÀNH TRÒ CHƠI ĐIỆN TỬ G1 TRÊN MẠNG,2020-05-29,Giấy phép chính thức (ABEI - Bộ TT&TT),912/QĐ-BTTTT,valid,https://giayphep.abei.gov.vn/
giangsonmynhan.vn,CÔNG TY TNHH SOHA,QUYẾT ĐỊNH PHÁT HÀNH TRÒ CHƠI ĐIỆN TỬ G1 TRÊN MẠNG,2020-05-14,Giấy phép chính thức (ABEI - Bộ TT&TT),802 /QĐ-BTTTT,valid,https://giayphep.abei.gov.vn/
giaoduc.edu.vn,BÁO GIÁO DỤC THÀNH PHỐ HỒ CHÍ MINH,GIẤY PHÉP THIẾT LẬP TRANG THÔNG TIN ĐIỆN TỬ TỔNG HỢP,2018-07-12,Giấy phép chính thức (ABEI - Bộ TT&TT),181/GP-TTĐT,valid,https://giayphep.abei.gov.vn/
giaoducthudo.com.vn,TẠP CHÍ GIÁO DỤC THỦ ĐÔ,GIẤY PHÉP THIẾT LẬP TRANG THÔNG TIN ĐIỆN TỬ TỔNG HỢP,2015-06-17,Giấy phép chính thức (ABEI - Bộ TT&TT),76/GP-TTĐT,invalid,https://giayphep.abei.gov.vn/
giaothong24h.vn,Hội An toàn giao thông Việt Nam,GIẤY PHÉP THIẾT LẬP TRANG THÔNG TIN ĐIỆN TỬ TỔNG HỢP,2019-03-22,Giấy phép chính thức (ABEI - Bộ TT&TT),52/GP-TTĐT,valid,https://giayphep.abei.gov.vn/
giatochuyenthoai.playfun.vn,CÔNG TY CỔ PHẦN FUNTAP,QUYẾT ĐỊNH PHÁT HÀNH TRÒ CHƠI ĐIỆN TỬ G1 TRÊN MẠNG,2022-01-21,Giấy phép chính thức (ABEI - Bộ TT&TT),87 /QĐ-BTTTT,valid,https://giayphep.abei.gov.vn/
gigantic.vn,CÔNG TY CỔ PHẦN GIẢI TRÍ TRỰC TUYẾN GIGANTIC,QUYẾT ĐỊNH PHÁT HÀNH TRÒ CHƠI ĐIỆN TỬ G1 TRÊN MẠNG,2026-06-23,Giấy phép chính thức (ABEI - Bộ TT&TT),368/QĐ-PTTH&TTĐT,valid,https://giayphep.abei.gov.vn/
giganticonline.vn,CÔNG TY CỔ PHẦN GIẢI TRÍ TRỰC TUYẾN GIGANTIC ,QUYẾT ĐỊNH PHÁT HÀNH TRÒ CHƠI ĐIỆN TỬ G1 TRÊN MẠNG,2025-06-12,Giấy phép chính thức (ABEI - Bộ TT&TT),242/QĐ-PTTH&TTĐT,valid,https://giayphep.abei.gov.vn/
gioitre.vn,CÔNG TY CỔ PHẦN TRUYỀN THÔNG VÀ CÔNG NGHỆ SỐ 3S QUỐC TẾ,GIẤY PHÉP CUNG CẤP DỊCH VỤ MẠNG XÃ HỘI,2022-12-13,Giấy phép chính thức (ABEI - Bộ TT&TT),589/GP-BTTTT,valid,https://giayphep.abei.gov.vn/
giri.ac.vn,VIỆN KHOA HỌC THANH TRA,GIẤY PHÉP THIẾT LẬP TRANG THÔNG TIN ĐIỆN TỬ TỔNG HỢP,2016-03-31,Giấy phép chính thức (ABEI - Bộ TT&TT),24/GP-TTĐT,invalid,https://giayphep.abei.gov.vn/
gitiho.vn,CÔNG TY CỔ PHẦN CÔNG NGHỆ GIÁO DỤC GITIHO VIỆT NAM,GIẤY PHÉP CUNG CẤP DỊCH VỤ MẠNG XÃ HỘI,2022-12-13,Giấy phép chính thức (ABEI - Bộ TT&TT),588/GP-BTTTT,invalid,https://giayphep.abei.gov.vn/
gl.hhgame.vn,CÔNG TY CỔ PHẦN PHÁT TRIỂN CÔNG NGHỆ SỐ HỒNG HÀ,QUYẾT ĐỊNH PHÁT HÀNH TRÒ CHƠI ĐIỆN TỬ G1 TRÊN MẠNG,2023-05-30,Giấy phép chính thức (ABEI - Bộ TT&TT),913/QĐ-BTTTT,valid,https://giayphep.abei.gov.vn/
gmeta.vn,CÔNG TY CỔ PHẦN GMETA,QUYẾT ĐỊNH PHÁT HÀNH TRÒ CHƠI ĐIỆN TỬ G1 TRÊN MẠNG,2024-12-03,Giấy phép chính thức (ABEI - Bộ TT&TT),2102/QĐ-BTTTT,valid,https://giayphep.abei.gov.vn/
gmgame.vn,CÔNG TY CỔ PHẦN DỊCH VỤ GOLDMOON MEDIA,"GIẤY XÁC NHẬN THÔNG BÁO PHÁT HÀNH TRÒ CHƠI ĐIỆN TỬ G2,G3,G4",2020-11-02,Giấy phép chính thức (ABEI - Bộ TT&TT),200/GXN-PTTH&TTĐT,valid,https://giayphep.abei.gov.vn/
go.vn,CÔNG TY CỔ PHẦN VTC TRUYỀN THÔNG TRỰC TUYẾN,QUYẾT ĐỊNH PHÁT HÀNH TRÒ CHƠI ĐIỆN TỬ G1 TRÊN MẠNG,2023-06-09,Giấy phép chính thức (ABEI - Bộ TT&TT),1012/QĐ-BTTTT,valid,https://giayphep.abei.gov.vn/
goc.gamota.com,CÔNG TY CỔ PHẦN GAMOTA,QUYẾT ĐỊNH PHÁT HÀNH TRÒ CHƠI ĐIỆN TỬ G1 TRÊN MẠNG,2024-10-18,Giấy phép chính thức (ABEI - Bộ TT&TT),1787/QĐ-BTTTT,expired,https://giayphep.abei.gov.vn/
gocnhin.com.vn,CÔNG TY CỔ PHẦN PHÁT TRIỂN TRUYỀN THÔNG VIETPRO,GIẤY PHÉP CUNG CẤP DỊCH VỤ MẠNG XÃ HỘI,2019-11-05,Giấy phép chính thức (ABEI - Bộ TT&TT),479/GP-BTTTT,valid,https://giayphep.abei.gov.vn/
gocnhinmoi.com.vn,Công ty Cổ phần Công nghệ & Truyền thông Không gian số ,GIẤY PHÉP CUNG CẤP DỊCH VỤ MẠNG XÃ HỘI,2026-05-25,Giấy phép chính thức (ABEI - Bộ TT&TT),93/GP-PTTH&TTĐT,valid,https://giayphep.abei.gov.vn/
goe.gamota.com,CÔNG TY CỔ PHẦN GAMOTA,QUYẾT ĐỊNH PHÁT HÀNH TRÒ CHƠI ĐIỆN TỬ G1 TRÊN MẠNG,2026-07-17,Giấy phép chính thức (ABEI - Bộ TT&TT),425/QĐ-PTTH&TTĐT,valid,https://giayphep.abei.gov.vn/
gog.gamota.com,CÔNG TY CỔ PHẦN GAMOTA,QUYẾT ĐỊNH PHÁT HÀNH TRÒ CHƠI ĐIỆN TỬ G1 TRÊN MẠNG,2019-12-25,Giấy phép chính thức (ABEI - Bộ TT&TT),2252/QĐ-BTTTT,valid,https://giayphep.abei.gov.vn/
gogame.vn,CÔNG TY CỔ PHẦN CÔNG NGHỆ TRE XANH,GIẤY PHÉP CUNG CẤP DỊCH VỤ MẠNG XÃ HỘI,2023-09-29,Giấy phép chính thức (ABEI - Bộ TT&TT),365/GP-BTTTT,valid,https://giayphep.abei.gov.vn/
gogosamkoktth.vn,CÔNG TY CỔ PHẦN GIẢI TRÍ THIÊN THƯỢNG HỎA,QUYẾT ĐỊNH PHÁT HÀNH TRÒ CHƠI ĐIỆN TỬ G1 TRÊN MẠNG,2025-01-17,Giấy phép chính thức (ABEI - Bộ TT&TT),55/QĐ-BTTTT,valid,https://giayphep.abei.gov.vn/
gogotamquoc.vtcgame.vn,CÔNG TY VTC CÔNG NGHỆ VÀ NỘI DUNG SỐ,QUYẾT ĐỊNH PHÁT HÀNH TRÒ CHƠI ĐIỆN TỬ G1 TRÊN MẠNG,2023-12-22,Giấy phép chính thức (ABEI - Bộ TT&TT),2498/QĐ-BTTTT,invalid,https://giayphep.abei.gov.vn/
gogowin.vn,CÔNG TY CỔ PHẦN CENTECH INTERACTIVE,"GIẤY XÁC NHẬN THÔNG BÁO PHÁT HÀNH TRÒ CHƠI ĐIỆN TỬ G2,G3,G4",2020-06-05,Giấy phép chính thức (ABEI - Bộ TT&TT),82/GXN-PTTH&TTĐT,valid,https://giayphep.abei.gov.vn/
goibacsi.vn,CÔNG TY TNHH DỊCH VỤ TRỰC TUYẾN ONKY,GIẤY PHÉP CUNG CẤP DỊCH VỤ MẠNG XÃ HỘI,2019-08-23,Giấy phép chính thức (ABEI - Bộ TT&TT),344/GP-BTTTT,valid,https://giayphep.abei.gov.vn/
goirong.vn,CÔNG TY TNHH SOHA,QUYẾT ĐỊNH PHÁT HÀNH TRÒ CHƠI ĐIỆN TỬ G1 TRÊN MẠNG,2021-03-01,Giấy phép chính thức (ABEI - Bộ TT&TT),240 /QĐ-BTTTT,valid,https://giayphep.abei.gov.vn/
goldnglory.vn,CÔNG TY TNHH DỊCH VỤ PHẦN MỀM BÌNH MINH,QUYẾT ĐỊNH PHÁT HÀNH TRÒ CHƠI ĐIỆN TỬ G1 TRÊN MẠNG,2025-02-24,Giấy phép chính thức (ABEI - Bộ TT&TT),47/QĐ-PTTH&TTĐT,invalid,https://giayphep.abei.gov.vn/
gomobi.vn,CÔNG TY TNHH GOMOBI ,QUYẾT ĐỊNH PHÁT HÀNH TRÒ CHƠI ĐIỆN TỬ G1 TRÊN MẠNG,2025-07-16,Giấy phép chính thức (ABEI - Bộ TT&TT),319/QĐ-PTTH&TTĐT,valid,https://giayphep.abei.gov.vn/
gomuhuventhoai.νη,CÔNG TY TNHH VMGE,QUYẾT ĐỊNH PHÁT HÀNH TRÒ CHƠI ĐIỆN TỬ G1 TRÊN MẠNG,2022-10-11,Giấy phép chính thức (ABEI - Bộ TT&TT),1887/QĐ-BTTTT,valid,https://giayphep.abei.gov.vn/
goodgame.vn,CÔNG TY TNHH DROID VIỆT NAM,QUYẾT ĐỊNH PHÁT HÀNH TRÒ CHƠI ĐIỆN TỬ G1 TRÊN MẠNG,2024-10-18,Giấy phép chính thức (ABEI - Bộ TT&TT),1792/QĐ-BTTTT,valid,https://giayphep.abei.gov.vn/
googame.vn,CÔNG TY CỔ PHẦN CÔNG NGHỆ SỐ TOÀN CẦU,QUYẾT ĐỊNH PHÁT HÀNH TRÒ CHƠI ĐIỆN TỬ G1 TRÊN MẠNG,2019-01-30,Giấy phép chính thức (ABEI - Bộ TT&TT),117/QĐ-BTTTT,valid,https://giayphep.abei.gov.vn/
gootravel.com.vn,CÔNG TY CP CÔNG NGHỆ KTS VIVUPLAZA,GIẤY PHÉP CUNG CẤP DỊCH VỤ MẠNG XÃ HỘI,2024-05-30,Giấy phép chính thức (ABEI - Bộ TT&TT),143/GP-BTTTT,valid,https://giayphep.abei.gov.vn/
gootravel.vn,CÔNG TY CP CÔNG NGHỆ KTS VIVUPLAZA,GIẤY PHÉP CUNG CẤP DỊCH VỤ MẠNG XÃ HỘI,2024-05-30,Giấy phép chính thức (ABEI - Bộ TT&TT),143/GP-BTTTT,valid,https://giayphep.abei.gov.vn/
gosucorp.vn,CÔNG TY CỔ PHẦN TRỰC TUYẾN GOSU,QUYẾT ĐỊNH PHÁT HÀNH TRÒ CHƠI ĐIỆN TỬ G1 TRÊN MẠNG,2026-04-16,Giấy phép chính thức (ABEI - Bộ TT&TT),197/QĐ-PTTH&TTĐT,valid,https://giayphep.abei.gov.vn/
got.thienthuonghoa.com,CÔNG TY CỔ PHẦN GIẢI TRÍ THIÊN THƯỢNG HỎA,QUYẾT ĐỊNH PHÁT HÀNH TRÒ CHƠI ĐIỆN TỬ G1 TRÊN MẠNG,2020-08-07,Giấy phép chính thức (ABEI - Bộ TT&TT),1359/QĐ-BTTTT,valid,https://giayphep.abei.gov.vn/
gotomarket.vn,CÔNG TY CỔ PHẦN IONNET,GIẤY PHÉP CUNG CẤP DỊCH VỤ MẠNG XÃ HỘI,2021-06-25,Giấy phép chính thức (ABEI - Bộ TT&TT),395/GP-BTTTT,valid,https://giayphep.abei.gov.vn/
gowoo.vn,CÔNG TY TNHH GOW AI TECHNOLOGY,GIẤY PHÉP CUNG CẤP DỊCH VỤ MẠNG XÃ HỘI,2024-12-06,Giấy phép chính thức (ABEI - Bộ TT&TT),369/GP-BTTTT,valid,https://giayphep.abei.gov.vn/
gragonwaifu.vn,CÔNG TY CỔ PHẦN 9PLAY,QUYẾT ĐỊNH PHÁT HÀNH TRÒ CHƠI ĐIỆN TỬ G1 TRÊN MẠNG,2023-06-07,Giấy phép chính thức (ABEI - Bộ TT&TT),985/QĐ-BTTTT,valid,https://giayphep.abei.gov.vn/
grailtale.gamota.com,CÔNG TY CỔ PHẦN GAMOTA,QUYẾT ĐỊNH PHÁT HÀNH TRÒ CHƠI ĐIỆN TỬ G1 TRÊN MẠNG,2023-04-14,Giấy phép chính thức (ABEI - Bộ TT&TT),623/QĐ-BTTTT,valid,https://giayphep.abei.gov.vn/
grapgame.com,CÔNG TY CỔ PHẦN VẠN VẬT KẾT NỐI IOT,"GIẤY XÁC NHẬN THÔNG BÁO PHÁT HÀNH TRÒ CHƠI ĐIỆN TỬ G2,G3,G4",2021-01-13,Giấy phép chính thức (ABEI - Bộ TT&TT),15/GXN-PTTH&TTĐT,valid,https://giayphep.abei.gov.vn/
greenstyle.vn,CÔNG TY CỔ PHẦN DOANH NGHIỆP XÃ HỘI GREEN JOURNEY,GIẤY PHÉP CUNG CẤP DỊCH VỤ MẠNG XÃ HỘI,2024-07-23,Giấy phép chính thức (ABEI - Bộ TT&TT),202/GP-BTTTT,valid,https://giayphep.abei.gov.vn/
grepgame.vn,CÔNG TY CỔ PHẦN DỊCH VỤ CÔNG NGHỆ THÔNG TIN GIẢI TRÍ VIỆT,QUYẾT ĐỊNH PHÁT HÀNH TRÒ CHƠI ĐIỆN TỬ G1 TRÊN MẠNG,2019-04-11,Giấy phép chính thức (ABEI - Bộ TT&TT),566 /QĐ-BTTTT,invalid,https://giayphep.abei.gov.vn/
gsscorp.vn,CÔNG TY CỔ PHẦN ĐẦU TƯ GSS,QUYẾT ĐỊNH PHÁT HÀNH TRÒ CHƠI ĐIỆN TỬ G1 TRÊN MẠNG,2023-04-26,Giấy phép chính thức (ABEI - Bộ TT&TT),723/QĐ-BTTTT,valid,https://giayphep.abei.gov.vn/
gssgame.vn,CÔNG TY CỔ PHẦN ĐẦU TƯ GSS,QUYẾT ĐỊNH PHÁT HÀNH TRÒ CHƠI ĐIỆN TỬ G1 TRÊN MẠNG,2022-01-21,Giấy phép chính thức (ABEI - Bộ TT&TT),82/QĐ-BTTTT,valid,https://giayphep.abei.gov.vn/
gtconnect.vn,CÔNG TY TNHH GTC SAO PHƯƠNG ĐÔNG,GIẤY PHÉP CUNG CẤP DỊCH VỤ MẠNG XÃ HỘI,2024-12-30,Giấy phép chính thức (ABEI - Bộ TT&TT),399/GP-BTTTT,invalid,https://giayphep.abei.gov.vn/
gumusic.vn,TỔNG CÔNG TY VIỄN THÔNG MOBIFONE,GIẤY PHÉP CUNG CẤP DỊCH VỤ MẠNG XÃ HỘI,2025-06-26,Giấy phép chính thức (ABEI - Bộ TT&TT),64/GP-BVHTTDL,valid,https://giayphep.abei.gov.vn/
gunbound.splay.vn,CÔNG TY CỔ PHẦN VTC DỊCH VỤ DI ĐỘNG,QUYẾT ĐỊNH PHÁT HÀNH TRÒ CHƠI ĐIỆN TỬ G1 TRÊN MẠNG,2025-11-10,Giấy phép chính thức (ABEI - Bộ TT&TT),501/QĐ-PTTH&TTĐT,valid,https://giayphep.abei.gov.vn/
gunbound.vtcgame.vn,CÔNG TY VTC CÔNG NGHỆ VÀ NỘI DUNG SỐ,QUYẾT ĐỊNH PHÁT HÀNH TRÒ CHƠI ĐIỆN TỬ G1 TRÊN MẠNG,2019-11-25,Giấy phép chính thức (ABEI - Bộ TT&TT),2006 /QĐ-BTTTT,invalid,https://giayphep.abei.gov.vn/
gunboundm.vn,CÔNG TY CỔ PHẦN VNG,QUYẾT ĐỊNH PHÁT HÀNH TRÒ CHƠI ĐIỆN TỬ G1 TRÊN MẠNG,2017-12-29,Giấy phép chính thức (ABEI - Bộ TT&TT),2439/QĐ-BTTTT,invalid,https://giayphep.abei.gov.vn/
gunbowgigantic.vn,CÔNG TY CỔ PHẦN GIẢI TRÍ TRỰC TUYẾN GIGANTIC,QUYẾT ĐỊNH PHÁT HÀNH TRÒ CHƠI ĐIỆN TỬ G1 TRÊN MẠNG,2026-06-23,Giấy phép chính thức (ABEI - Bộ TT&TT),368/QĐ-PTTH&TTĐT,valid,https://giayphep.abei.gov.vn/
gungunmobile.vn,CÔNG TY TNHH SOHA,QUYẾT ĐỊNH PHÁT HÀNH TRÒ CHƠI ĐIỆN TỬ G1 TRÊN MẠNG,2019-06-12,Giấy phép chính thức (ABEI - Bộ TT&TT),883/QĐ-BTTTT,invalid,https://giayphep.abei.gov.vn/
gunlove.vn,CÔNG TY TNHH SOHA,QUYẾT ĐỊNH PHÁT HÀNH TRÒ CHƠI ĐIỆN TỬ G1 TRÊN MẠNG,2019-12-05,Giấy phép chính thức (ABEI - Bộ TT&TT),2122 /QĐ-BTTTT,valid,https://giayphep.abei.gov.vn/
gunny.zing.vn,CÔNG TY CỔ PHẦN VNG,QUYẾT ĐỊNH PHÁT HÀNH TRÒ CHƠI ĐIỆN TỬ G1 TRÊN MẠNG,2025-05-28,Giấy phép chính thức (ABEI - Bộ TT&TT),203/QĐ-PTTH&TTĐT,invalid,https://giayphep.abei.gov.vn/
gunnymobi.vn,Công ty TNHH VNGGames,QUYẾT ĐỊNH PHÁT HÀNH TRÒ CHƠI ĐIỆN TỬ G1 TRÊN MẠNG,2025-12-19,Giấy phép chính thức (ABEI - Bộ TT&TT),563/QĐ-PTTH&TTĐT,valid,https://giayphep.abei.gov.vn/
gunnyorigin.vnggames.com,CÔNG TY CỔ PHẦN TẬP ĐOÀN VNG,QUYẾT ĐỊNH PHÁT HÀNH TRÒ CHƠI ĐIỆN TỬ G1 TRÊN MẠNG,2025-12-02,Giấy phép chính thức (ABEI - Bộ TT&TT),534/QĐ-PTTH&TTĐT,valid,https://giayphep.abei.gov.vn/
gunnypc.vnggame.com,CÔNG TY CỔ PHẦN TẬP ĐOÀN VNG,QUYẾT ĐỊNH PHÁT HÀNH TRÒ CHƠI ĐIỆN TỬ G1 TRÊN MẠNG,2026-01-10,Giấy phép chính thức (ABEI - Bộ TT&TT),09/QĐ-PTTH&TTĐT,valid,https://giayphep.abei.gov.vn/
gunnypc.zing.vn,CÔNG TY CỔ PHẦN VNG,QUYẾT ĐỊNH PHÁT HÀNH TRÒ CHƠI ĐIỆN TỬ G1 TRÊN MẠNG,2023-08-07,Giấy phép chính thức (ABEI - Bộ TT&TT),1455/QĐ-BTTTT,invalid,https://giayphep.abei.gov.vn/
gunpow.360game.vn,CÔNG TY CỔ PHẦN TẬP ĐOÀN VNG,QUYẾT ĐỊNH PHÁT HÀNH TRÒ CHƠI ĐIỆN TỬ G1 TRÊN MẠNG,2021-06-23,Giấy phép chính thức (ABEI - Bộ TT&TT),889 /QĐ-BTTTT,valid,https://giayphep.abei.gov.vn/
gunpow.vnggames.com,CÔNG TY CỔ PHẦN TẬP ĐOÀN VNG,QUYẾT ĐỊNH PHÁT HÀNH TRÒ CHƠI ĐIỆN TỬ G1 TRÊN MẠNG,2025-12-23,Giấy phép chính thức (ABEI - Bộ TT&TT),572/QĐ-PTTH&TTĐT,valid,https://giayphep.abei.gov.vn/
gunpow3d.vn,CÔNG TY TNHH GIẢI TRÍ LONG ĐỈNH,QUYẾT ĐỊNH PHÁT HÀNH TRÒ CHƠI ĐIỆN TỬ G1 TRÊN MẠNG,2019-04-23,Giấy phép chính thức (ABEI - Bộ TT&TT),617/QĐ-BTTTT,valid,https://giayphep.abei.gov.vn/
gunstar.vtcgame.vn,CÔNG TY VTC CÔNG NGHỆ VÀ NỘI DUNG SỐ,QUYẾT ĐỊNH PHÁT HÀNH TRÒ CHƠI ĐIỆN TỬ G1 TRÊN MẠNG,2021-10-25,Giấy phép chính thức (ABEI - Bộ TT&TT),1672/QĐ-BTTTT,invalid,https://giayphep.abei.gov.vn/
gunx.gamota.com,CÔNG TY CỔ PHẦN GAMOTA,QUYẾT ĐỊNH PHÁT HÀNH TRÒ CHƠI ĐIỆN TỬ G1 TRÊN MẠNG,2020-08-14,Giấy phép chính thức (ABEI - Bộ TT&TT),1399 /QĐ-BTTTT,valid,https://giayphep.abei.gov.vn/
gunxmobile.vn,CÔNG TY TNHH SOHA,QUYẾT ĐỊNH PHÁT HÀNH TRÒ CHƠI ĐIỆN TỬ G1 TRÊN MẠNG,2023-05-23,Giấy phép chính thức (ABEI - Bộ TT&TT),874/QĐ-BTTTT,valid,https://giayphep.abei.gov.vn/
gvinawell.vn,CÔNG TY CỔ PHẦN TẬP ĐOÀN THỜI GIAN VÀNG,GIẤY PHÉP CUNG CẤP DỊCH VỤ MẠNG XÃ HỘI,2019-12-03,Giấy phép chính thức (ABEI - Bộ TT&TT),530/GP-BTTTT,invalid,https://giayphep.abei.gov.vn/
gzone.vn,CÔNG TY CỔ PHẦN GZONE MEDIA VIỆT NAM,QUYẾT ĐỊNH PHÁT HÀNH TRÒ CHƠI ĐIỆN TỬ G1 TRÊN MẠNG,2025-12-19,Giấy phép chính thức (ABEI - Bộ TT&TT),562/QĐ-PTTH&TTĐT,valid,https://giayphep.abei.gov.vn/
h5.360game.vn,CÔNG TY CỔ PHẦN VNG,QUYẾT ĐỊNH PHÁT HÀNH TRÒ CHƠI ĐIỆN TỬ G1 TRÊN MẠNG,2018-04-20,Giấy phép chính thức (ABEI - Bộ TT&TT),571/QĐ-BTTTT,invalid,https://giayphep.abei.gov.vn/
ha.vtcgame.vn,CÔNG TY VTC CÔNG NGHỆ VÀ NỘI DUNG SỐ,QUYẾT ĐỊNH PHÁT HÀNH TRÒ CHƠI ĐIỆN TỬ G1 TRÊN MẠNG,2019-11-25,Giấy phép chính thức (ABEI - Bộ TT&TT),2005 /QĐ-BTTTT,invalid,https://giayphep.abei.gov.vn/
hactaydu.funtap.games,CÔNG TY CỔ PHẦN FUNTAP GAMES,QUYẾT ĐỊNH PHÁT HÀNH TRÒ CHƠI ĐIỆN TỬ G1 TRÊN MẠNG,2026-07-22,Giấy phép chính thức (ABEI - Bộ TT&TT),439/QĐ-PTTH&TTĐT,valid,https://giayphep.abei.gov.vn/
hagiangtv.vn,ĐÀI PHÁT THANH VÀ TRUYỀN HÌNH HÀ GIANG,GIẤY PHÉP THIẾT LẬP TRANG THÔNG TIN ĐIỆN TỬ TỔNG HỢP,2019-10-31,Giấy phép chính thức (ABEI - Bộ TT&TT),208/GP-TTĐT,invalid,https://giayphep.abei.gov.vn/
hagogame.vn,CÔNG TY CỔ PHẦN JOMBOJOY TECHNOLOGY,QUYẾT ĐỊNH PHÁT HÀNH TRÒ CHƠI ĐIỆN TỬ G1 TRÊN MẠNG,2021-02-05,Giấy phép chính thức (ABEI - Bộ TT&TT),152/QĐ-BTTTT,valid,https://giayphep.abei.gov.vn/
haiduongnews.com,BÁO HẢI DƯƠNG,GIẤY PHÉP THIẾT LẬP TRANG THÔNG TIN ĐIỆN TỬ TỔNG HỢP,2015-08-04,Giấy phép chính thức (ABEI - Bộ TT&TT),105/GP-TTĐT,valid,https://giayphep.abei.gov.vn/
haiduongtv.com,ĐÀI PHÁT THANH - TRUYỀN HÌNH HẢI DƯƠNG,GIẤY PHÉP THIẾT LẬP TRANG THÔNG TIN ĐIỆN TỬ TỔNG HỢP,2015-06-12,Giấy phép chính thức (ABEI - Bộ TT&TT),69/GP-TTĐT,invalid,https://giayphep.abei.gov.vn/
haiduongtv.com.vn,ĐÀI PHÁT THANH - TRUYỀN HÌNH HẢI DƯƠNG,GIẤY PHÉP THIẾT LẬP TRANG THÔNG TIN ĐIỆN TỬ TỔNG HỢP,2015-06-12,Giấy phép chính thức (ABEI - Bộ TT&TT),69/GP-TTĐT,invalid,https://giayphep.abei.gov.vn/
haiduongtv.vn,ĐÀI PHÁT THANH - TRUYỀN HÌNH HẢI DƯƠNG,GIẤY PHÉP THIẾT LẬP TRANG THÔNG TIN ĐIỆN TỬ TỔNG HỢP,2015-06-12,Giấy phép chính thức (ABEI - Bộ TT&TT),69/GP-TTĐT,invalid,https://giayphep.abei.gov.vn/
hainong.vn,CÔNG TY CỔ PHẦN PHÂN BÓN DẦU KHÍ CÀ MAU,GIẤY PHÉP CUNG CẤP DỊCH VỤ MẠNG XÃ HỘI,2023-07-26,Giấy phép chính thức (ABEI - Bộ TT&TT),254/GP-BTTTT,valid,https://giayphep.abei.gov.vn/
haitac.568play.vn,CÔNG TY CỔ PHẦN GIẢI TRÍ 568E ,QUYẾT ĐỊNH PHÁT HÀNH TRÒ CHƠI ĐIỆN TỬ G1 TRÊN MẠNG,2025-06-18,Giấy phép chính thức (ABEI - Bộ TT&TT),257/QĐ-PTTH&TTĐT,valid,https://giayphep.abei.gov.vn/
haitac.mobiz.vn,CÔNG TY CỔ PHẦN MOBIZ,QUYẾT ĐỊNH PHÁT HÀNH TRÒ CHƠI ĐIỆN TỬ G1 TRÊN MẠNG,2021-05-07,Giấy phép chính thức (ABEI - Bộ TT&TT),601/QĐ-BTTTT,valid,https://giayphep.abei.gov.vn/
haitac.teamobi.com.vn,CÔNG TY TNHH TEAMOBI,QUYẾT ĐỊNH PHÁT HÀNH TRÒ CHƠI ĐIỆN TỬ G1 TRÊN MẠNG,2016-01-18,Giấy phép chính thức (ABEI - Bộ TT&TT),72/QĐ-BTTTT,invalid,https://giayphep.abei.gov.vn/
haitacbongdem.vn,CÔNG TY CỔ PHẦN VCCORP,QUYẾT ĐỊNH PHÁT HÀNH TRÒ CHƠI ĐIỆN TỬ G1 TRÊN MẠNG,2018-02-12,Giấy phép chính thức (ABEI - Bộ TT&TT),232/QĐ-BTTTT,invalid,https://giayphep.abei.gov.vn/
haitaclc.zoneplay.vn,CÔNG TY CỔ PHẦN GZONE MEDIA VIỆT NAM,QUYẾT ĐỊNH PHÁT HÀNH TRÒ CHƠI ĐIỆN TỬ G1 TRÊN MẠNG,2021-06-30,Giấy phép chính thức (ABEI - Bộ TT&TT),913/QĐ-BTTTT,valid,https://giayphep.abei.gov.vn/
haitacmanhnhat.vn,CÔNG TY CỔ PHẦN GIẢI TRÍ 568E ,QUYẾT ĐỊNH PHÁT HÀNH TRÒ CHƠI ĐIỆN TỬ G1 TRÊN MẠNG,2025-04-15,Giấy phép chính thức (ABEI - Bộ TT&TT),112/QĐ-PTTH&TTĐT,valid,https://giayphep.abei.gov.vn/
haivn.vn,CÔNG TY CỔ PHẦN TRUYỀN THÔNG VĂN MΙΝΗ,GIẤY PHÉP CUNG CẤP DỊCH VỤ MẠNG XÃ HỘI,2017-10-11,Giấy phép chính thức (ABEI - Bộ TT&TT),497/GP-BTTTT,valid,https://giayphep.abei.gov.vn/
haki.joyplay.vn,CÔNG TY TNHH JOYGAMES ,QUYẾT ĐỊNH PHÁT HÀNH TRÒ CHƠI ĐIỆN TỬ G1 TRÊN MẠNG,2025-07-31,Giấy phép chính thức (ABEI - Bộ TT&TT),335/QĐ-PTTH&TTĐT,valid,https://giayphep.abei.gov.vn/
haki.vmge.vn,CÔNG TY TNHH VMGE,QUYẾT ĐỊNH PHÁT HÀNH TRÒ CHƠI ĐIỆN TỬ G1 TRÊN MẠNG,2024-02-27,Giấy phép chính thức (ABEI - Bộ TT&TT),213/QĐ-BTTTT,valid,https://giayphep.abei.gov.vn/
hakitoithuong.vn,CÔNG TY CỔ PHẦN FUNTAP,QUYẾT ĐỊNH PHÁT HÀNH TRÒ CHƠI ĐIỆN TỬ G1 TRÊN MẠNG,2018-04-19,Giấy phép chính thức (ABEI - Bộ TT&TT),561/QĐ-BTTTT,valid,https://giayphep.abei.gov.vn/
halamcoal.com.vn,CÔNG TY CỔ PHẦN THAN HÀ LÂM - VINACOMIN,GIẤY PHÉP THIẾT LẬP TRANG THÔNG TIN ĐIỆN TỬ TỔNG HỢP,2013-06-28,Giấy phép chính thức (ABEI - Bộ TT&TT),88/GP-TTĐT,invalid,https://giayphep.abei.gov.vn/
halong.gov.vn,SỞ THÔNG TIN VÀ TRUYỀN THÔNG QUẢNG NINH,GIẤY PHÉP THIẾT LẬP TRANG THÔNG TIN ĐIỆN TỬ TỔNG HỢP,2015-05-27,Giấy phép chính thức (ABEI - Bộ TT&TT),53/GP-TTĐT,invalid,https://giayphep.abei.gov.vn/
halongbay.com.vn,BAN QUẢN LÝ VỊNH HẠ LONG,GIẤY PHÉP THIẾT LẬP TRANG THÔNG TIN ĐIỆN TỬ TỔNG HỢP,2013-03-19,Giấy phép chính thức (ABEI - Bộ TT&TT),29/GP-TTĐT,invalid,https://giayphep.abei.gov.vn/
halongtourism.com.vn,TRUNG TÂM THÔNG TIN XÚC TIẾN DU LỊCH QUẢNG NINH,GIẤY PHÉP THIẾT LẬP TRANG THÔNG TIN ĐIỆN TỬ TỔNG HỢP,2013-02-26,Giấy phép chính thức (ABEI - Bộ TT&TT),16/GP-TTĐT,invalid,https://giayphep.abei.gov.vn/
hanamtv.org.vn,ĐÀI PHÁT THANH VÀ TRUYỀN HÌNH HÀ NAM,GIẤY PHÉP THIẾT LẬP TRANG THÔNG TIN ĐIỆN TỬ TỔNG HỢP,2022-08-08,Giấy phép chính thức (ABEI - Bộ TT&TT),109/GP-TTĐT,invalid,https://giayphep.abei.gov.vn/
hanamtv.vn,ĐÀI PHÁT THANH VÀ TRUYỀN HÌNH HÀ NAM,GIẤY PHÉP THIẾT LẬP TRANG THÔNG TIN ĐIỆN TỬ TỔNG HỢP,2022-08-08,Giấy phép chính thức (ABEI - Bộ TT&TT),109/GP-TTĐT,invalid,https://giayphep.abei.gov.vn/
handaohanh.vn,CÔNG TY CỔ PHẦN TRỰC TUYỂN CMN VIỆT NAM,QUYẾT ĐỊNH PHÁT HÀNH TRÒ CHƠI ĐIỆN TỬ G1 TRÊN MẠNG,2019-02-15,Giấy phép chính thức (ABEI - Bộ TT&TT),174/QĐ-BTTTT,valid,https://giayphep.abei.gov.vn/
hanghoathuonghieuhn.vn,TẠP CHÍ HÀNG HÓA VÀ THƯƠNG HIỆU HÀ NỘI,GIẤY PHÉP THIẾT LẬP TRANG THÔNG TIN ĐIỆN TỬ TỔNG HỢP,2018-05-09,Giấy phép chính thức (ABEI - Bộ TT&TT),109/GP-TTĐT,valid,https://giayphep.abei.gov.vn/
hanghoavacongluan.com.vn,"TRUNG TÂM TƯ VẤN, HỖ TRỢ DOANH NGHIỆP VÀ PHÁT TRIỂN THƯƠNG HIỆU",GIẤY PHÉP THIẾT LẬP TRANG THÔNG TIN ĐIỆN TỬ TỔNG HỢP,2015-09-08,Giấy phép chính thức (ABEI - Bộ TT&TT),131/GP-TTĐT,valid,https://giayphep.abei.gov.vn/
hangthathanggia.vn,TẠP CHÍ HÀNG HÓA VÀ THƯƠNG HIỆU HÀ NỘI,GIẤY PHÉP THIẾT LẬP TRANG THÔNG TIN ĐIỆN TỬ TỔNG HỢP,2018-03-22,Giấy phép chính thức (ABEI - Bộ TT&TT),60/GP-TTĐT,invalid,https://giayphep.abei.gov.vn/
hanhtrinhafk.travelletgames.vn,CÔNG TY CỔ PHẦN TRAVELLET VIỆT NAM,QUYẾT ĐỊNH PHÁT HÀNH TRÒ CHƠI ĐIỆN TỬ G1 TRÊN MẠNG,2023-11-10,Giấy phép chính thức (ABEI - Bộ TT&TT),2202/QĐ-BTTTT,valid,https://giayphep.abei.gov.vn/
hanhtrinhninja.vn,CÔNG TY CỔ PHẦN FUNTAP,QUYẾT ĐỊNH PHÁT HÀNH TRÒ CHƠI ĐIỆN TỬ G1 TRÊN MẠNG,2020-10-08,Giấy phép chính thức (ABEI - Bộ TT&TT),1705 /QĐ-BTTTT,valid,https://giayphep.abei.gov.vn/
hanoionline.com,ĐÀI PHÁT THANH VÀ TRUYỀN HÌNH HÀ NỘI,GIẤY PHÉP THIẾT LẬP TRANG THÔNG TIN ĐIỆN TỬ TỔNG HỢP,2023-03-01,Giấy phép chính thức (ABEI - Bộ TT&TT),28/GP-TTĐT,invalid,https://giayphep.abei.gov.vn/
hanoitv.vn,ĐÀI PHÁT THANH VÀ TRUYỀN HÌNH HÀ NỘI,GIẤY PHÉP THIẾT LẬP TRANG THÔNG TIN ĐIỆN TỬ TỔNG HỢP,2017-06-28,Giấy phép chính thức (ABEI - Bộ TT&TT),220/GP-TTĐT,invalid,https://giayphep.abei.gov.vn/
haodongthap.com.vn,BÁO ĐỒNG THÁP,GIẤY PHÉP THIẾT LẬP TRANG THÔNG TIN ĐIỆN TỬ TỔNG HỢP,2016-06-08,Giấy phép chính thức (ABEI - Bộ TT&TT),56/GP-TTĐT,valid,https://giayphep.abei.gov.vn/
haokhichienhon.vn,CÔNG TY CỔ PHẦN DỊCH VỤ TRỰC TUYẾN MIGA ,QUYẾT ĐỊNH PHÁT HÀNH TRÒ CHƠI ĐIỆN TỬ G1 TRÊN MẠNG,2025-11-13,Giấy phép chính thức (ABEI - Bộ TT&TT),510/QĐ-PTTH&TTĐT,valid,https://giayphep.abei.gov.vn/
haokhiduhiep.vn,CÔNG TY CỔ PHẦN DỊCH VỤ TRỰC TUYẾN MIGA,QUYẾT ĐỊNH PHÁT HÀNH TRÒ CHƠI ĐIỆN TỬ G1 TRÊN MẠNG,2026-02-06,Giấy phép chính thức (ABEI - Bộ TT&TT),55/QĐ-PTTH&TTĐT,valid,https://giayphep.abei.gov.vn/
happy.vietnam.vn,CỤC THÔNG TIN ĐỐI NGOẠI,GIẤY PHÉP CUNG CẤP DỊCH VỤ MẠNG XÃ HỘI,2023-09-15,Giấy phép chính thức (ABEI - Bộ TT&TT),342/GP-BTTTT,valid,https://giayphep.abei.gov.vn/
hatgiongtamhon.com.vn,CÔNG TY TNHH VĂN HOÁ - SÁNG TẠO TRÍ VIỆT,GIẤY PHÉP CUNG CẤP DỊCH VỤ MẠNG XÃ HỘI,2019-06-07,Giấy phép chính thức (ABEI - Bộ TT&TT),232/GP-BTTTT,valid,https://giayphep.abei.gov.vn/
hatinhnews.com.vn,CÔNG TY CỔ PHẦN TRUYỀN THÔNG HÀ TĨNH NEWSZ,GIẤY PHÉP THIẾT LẬP TRANG THÔNG TIN ĐIỆN TỬ TỔNG HỢP,2013-04-18,Giấy phép chính thức (ABEI - Bộ TT&TT),48/GP-TTĐT,invalid,https://giayphep.abei.gov.vn/
hatinhtv.com.vn,ĐÀI PHÁT THANH VÀ TRUYỀN HÌNH HÀ TĨNH,GIẤY PHÉP THIẾT LẬP TRANG THÔNG TIN ĐIỆN TỬ TỔNG HỢP,2017-08-02,Giấy phép chính thức (ABEI - Bộ TT&TT),254/GP-TTĐT,valid,https://giayphep.abei.gov.vn/
hatinhtv.vn,ĐÀI PHÁT THANH VÀ TRUYỀN HÌNH HÀ TĨNH,GIẤY PHÉP THIẾT LẬP TRANG THÔNG TIN ĐIỆN TỬ TỔNG HỢP,2017-08-02,Giấy phép chính thức (ABEI - Bộ TT&TT),254/GP-TTĐT,valid,https://giayphep.abei.gov.vn/
hatto.com.vn,CÔNG TY CỔ PHẦN HATTO,GIẤY PHÉP CUNG CẤP DỊCH VỤ MẠNG XÃ HỘI,2019-11-20,Giấy phép chính thức (ABEI - Bộ TT&TT),512/GP-BTTTT,valid,https://giayphep.abei.gov.vn/
hatto.info,CÔNG TY CỔ PHẦN HATTO,GIẤY PHÉP CUNG CẤP DỊCH VỤ MẠNG XÃ HỘI,2019-11-20,Giấy phép chính thức (ABEI - Bộ TT&TT),512/GP-BTTTT,valid,https://giayphep.abei.gov.vn/
hatto.net,CÔNG TY CỔ PHẦN HATTO,GIẤY PHÉP CUNG CẤP DỊCH VỤ MẠNG XÃ HỘI,2019-11-20,Giấy phép chính thức (ABEI - Bộ TT&TT),512/GP-BTTTT,valid,https://giayphep.abei.gov.vn/
hatto.net.vn,CÔNG TY CỔ PHẦN HATTO,GIẤY PHÉP CUNG CẤP DỊCH VỤ MẠNG XÃ HỘI,2019-11-20,Giấy phép chính thức (ABEI - Bộ TT&TT),512/GP-BTTTT,valid,https://giayphep.abei.gov.vn/
hatto.vn,CÔNG TY CỔ PHẦN HATTO,GIẤY PHÉP CUNG CẤP DỊCH VỤ MẠNG XÃ HỘI,2019-11-20,Giấy phép chính thức (ABEI - Bộ TT&TT),512/GP-BTTTT,valid,https://giayphep.abei.gov.vn/
haucadidauday.vn,CÔNG TY TNHH SOHA,QUYẾT ĐỊNH PHÁT HÀNH TRÒ CHƠI ĐIỆN TỬ G1 TRÊN MẠNG,2024-06-04,Giấy phép chính thức (ABEI - Bộ TT&TT),911/QĐ-BTTTT,valid,https://giayphep.abei.gov.vn/
haugiangtivi.vn,ĐÀI PHÁT THANH VÀ TRUYỀN HÌNH HẬU GIANG,GIẤY PHÉP THIẾT LẬP TRANG THÔNG TIN ĐIỆN TỬ TỔNG HỢP,2015-08-04,Giấy phép chính thức (ABEI - Bộ TT&TT),106/GP-TTĐT,valid,https://giayphep.abei.gov.vn/
haukimbao.vn,CÔNG TY CỔ PHẦN 9PLAY,QUYẾT ĐỊNH PHÁT HÀNH TRÒ CHƠI ĐIỆN TỬ G1 TRÊN MẠNG,2024-12-23,Giấy phép chính thức (ABEI - Bộ TT&TT),2245/QĐ-BTTTT,valid,https://giayphep.abei.gov.vn/
hauntedroom.funtap.game,CÔNG TY CỔ PHẦN FUNTAP GAMES ,QUYẾT ĐỊNH PHÁT HÀNH TRÒ CHƠI ĐIỆN TỬ G1 TRÊN MẠNG,2026-03-25,Giấy phép chính thức (ABEI - Bộ TT&TT),141/QĐ-PTTH&TTĐT,valid,https://giayphep.abei.gov.vn/
havt.gamota.com,CÔNG TY CỔ PHẦN GAMOTA,QUYẾT ĐỊNH PHÁT HÀNH TRÒ CHƠI ĐIỆN TỬ G1 TRÊN MẠNG,2023-09-29,Giấy phép chính thức (ABEI - Bộ TT&TT),1881/QĐ-BTTTT,valid,https://giayphep.abei.gov.vn/
hay.tv,CÔNG TY CỔ PHẦN NETLINK,GIẤY PHÉP CUNG CẤP DỊCH VỤ MẠNG XÃ HỘI,2017-10-30,Giấy phép chính thức (ABEI - Bộ TT&TT),534/GP-BTTTT,valid,https://giayphep.abei.gov.vn/
hay1.vn,CÔNG TY CỔ PHẦN CÔNG NGHỆ FIRST AI,GIẤY PHÉP CUNG CẤP DỊCH VỤ MẠNG XÃ HỘI,2024-06-26,Giấy phép chính thức (ABEI - Bộ TT&TT),165/GP-BTTTT,valid,https://giayphep.abei.gov.vn/
hayca.vn,CÔNG TY TNHH MYG,QUYẾT ĐỊNH PHÁT HÀNH TRÒ CHƠI ĐIỆN TỬ G1 TRÊN MẠNG,2020-07-21,Giấy phép chính thức (ABEI - Bộ TT&TT),1231/QĐ-BTTTT,valid,https://giayphep.abei.gov.vn/
hayhogi.com.vn,CÔNG TY TNHH ILEX,GIẤY PHÉP CUNG CẤP DỊCH VỤ MẠNG XÃ HỘI,2017-04-05,Giấy phép chính thức (ABEI - Bộ TT&TT),140/GP-BTTTT,valid,https://giayphep.abei.gov.vn/
hayhogi.vn,CÔNG TY TNHH ILEX,GIẤY PHÉP CUNG CẤP DỊCH VỤ MẠNG XÃ HỘI,2017-04-05,Giấy phép chính thức (ABEI - Bộ TT&TT),140/GP-BTTTT,valid,https://giayphep.abei.gov.vn/
hayko.tv,CÔNG TY CỔ PHẦN KHOA HỌC DỮ LIỆU,GIẤY PHÉP CUNG CẤP DỊCH VỤ MẠNG XÃ HỘI,2020-09-15,Giấy phép chính thức (ABEI - Bộ TT&TT),390/GP-BTTTT,valid,https://giayphep.abei.gov.vn/
hayko.vn,CÔNG TY CỔ PHẦN KHOA HỌC DỮ LIỆU,GIẤY PHÉP CUNG CẤP DỊCH VỤ MẠNG XÃ HỘI,2020-09-15,Giấy phép chính thức (ABEI - Bộ TT&TT),390/GP-BTTTT,valid,https://giayphep.abei.gov.vn/
hayl.vn,CÔNG TY CỔ PHẦN CÔNG NGHỆ FIRST AI,GIẤY PHÉP CUNG CẤP DỊCH VỤ MẠNG XÃ HỘI,2024-01-15,Giấy phép chính thức (ABEI - Bộ TT&TT),13/GP-BTTTT,invalid,https://giayphep.abei.gov.vn/
haylive.vn,CÔNG TY CỔ PHẦN CÔNG NGHỆ VÀ TRUYỀN THÔNG MPLUS,GIẤY PHÉP CUNG CẤP DỊCH VỤ MẠNG XÃ HỘI,2017-03-09,Giấy phép chính thức (ABEI - Bộ TT&TT),99/GP-BTTTT,valid,https://giayphep.abei.gov.vn/
haytuyetvoi.vn,CÔNG TY CỔ PHẦN NETLINK,GIẤY PHÉP CUNG CẤP DỊCH VỤ MẠNG XÃ HỘI,2017-10-30,Giấy phép chính thức (ABEI - Bộ TT&TT),534/GP-BTTTT,valid,https://giayphep.abei.gov.vn/
hcbis.vn,CÔNG TY TNHH TRUYỀN THÔNG HỒ HUY,"GIẤY XÁC NHẬN THÔNG BÁO PHÁT HÀNH TRÒ CHƠI ĐIỆN TỬ G2,G3,G4",2024-11-05,Giấy phép chính thức (ABEI - Bộ TT&TT),274/GXN-PTTH&TTĐT,valid,https://giayphep.abei.gov.vn/
hcch.sohaplay.vn,CÔNG TY CỔ PHẦN TRAVELLET VIỆT NAM,QUYẾT ĐỊNH PHÁT HÀNH TRÒ CHƠI ĐIỆN TỬ G1 TRÊN MẠNG,2022-01-24,Giấy phép chính thức (ABEI - Bộ TT&TT),109/QĐ-BTTTT,valid,https://giayphep.abei.gov.vn/
hcmm.gov.vn,BAN QUẢN LÝ LĂNG CHỦ TỊCH HỒ CHÍ MINH,GIẤY PHÉP THIẾT LẬP TRANG THÔNG TIN ĐIỆN TỬ TỔNG HỢP,2018-12-14,Giấy phép chính thức (ABEI - Bộ TT&TT),311/GP-TTĐT,invalid,https://giayphep.abei.gov.vn/
hctq.360game.vn,CÔNG TY TNHH NỘI DUNG SỐ NGUYÊN BẢO,QUYẾT ĐỊNH PHÁT HÀNH TRÒ CHƠI ĐIỆN TỬ G1 TRÊN MẠNG,2017-07-26,Giấy phép chính thức (ABEI - Bộ TT&TT),1229/QĐ-BTTTT,valid,https://giayphep.abei.gov.vn/
hdll.vn,HỘI ĐỒNG LÝ LUẬN TRUNG ƯƠNG,GIẤY PHÉP THIẾT LẬP TRANG THÔNG TIN ĐIỆN TỬ TỔNG HỢP,2018-08-07,Giấy phép chính thức (ABEI - Bộ TT&TT),207/GP-TTĐT,valid,https://giayphep.abei.gov.vn/
hdvietnam.com,CÔNG TY TNHH DỊCH VỤ VÀ CÔNG NGHỆ TRUYỀN THÔNG A,GIẤY PHÉP CUNG CẤP DỊCH VỤ MẠNG XÃ HỘI,2021-01-26,Giấy phép chính thức (ABEI - Bộ TT&TT),55/GP-BTTTT,valid,https://giayphep.abei.gov.vn/
hellobacsi.com,CÔNG TY TNHH XIN CHÀO SỨC KHỎE,GIẤY PHÉP CUNG CẤP DỊCH VỤ MẠNG XÃ HỘI,2019-12-03,Giấy phép chính thức (ABEI - Bộ TT&TT),529/GP-BTTTT,valid,https://giayphep.abei.gov.vn/
hellobacsi.com.vn,CÔNG TY TNHH XIN CHÀO SỨC KHỎE,GIẤY PHÉP CUNG CẤP DỊCH VỤ MẠNG XÃ HỘI,2019-12-03,Giấy phép chính thức (ABEI - Bộ TT&TT),529/GP-BTTTT,valid,https://giayphep.abei.gov.vn/
hellocafe.vnggames.com,CÔNG TY CỔ PHẦN VNG,QUYẾT ĐỊNH PHÁT HÀNH TRÒ CHƠI ĐIỆN TỬ G1 TRÊN MẠNG,2025-04-17,Giấy phép chính thức (ABEI - Bộ TT&TT),123/QĐ-PTTH&TTĐT,valid,https://giayphep.abei.gov.vn/
hellojob.vn,CÔNG TY CỔ PHẦN HELLOJOB,GIẤY PHÉP CUNG CẤP DỊCH VỤ MẠNG XÃ HỘI,2021-06-11,Giấy phép chính thức (ABEI - Bộ TT&TT),349/GP-BTTTT,valid,https://giayphep.abei.gov.vn/
hendepnhumo.playfun.vn,CÔNG TY CỔ PHẦN FUNTAP,QUYẾT ĐỊNH PHÁT HÀNH TRÒ CHƠI ĐIỆN TỬ G1 TRÊN MẠNG,2020-07-31,Giấy phép chính thức (ABEI - Bộ TT&TT),1306 /QĐ-BTTTT,valid,https://giayphep.abei.gov.vn/
herapo.vn,CÔNG TY CỔ PHẦN ĐẦU TƯ HERAPO,GIẤY PHÉP CUNG CẤP DỊCH VỤ MẠNG XÃ HỘI,2020-04-20,Giấy phép chính thức (ABEI - Bộ TT&TT),163/GP-BTTTT,valid,https://giayphep.abei.gov.vn/
heritagevietnamairlines.com.yn,TẠP CHÍ HERITAGE,GIẤY PHÉP THIẾT LẬP TRANG THÔNG TIN ĐIỆN TỬ TỔNG HỢP,2020-12-24,Giấy phép chính thức (ABEI - Bộ TT&TT),242/GP-TTĐT,valid,https://giayphep.abei.gov.vn/
heritagevietnamairlines.net,TẠP CHÍ HERITAGE,GIẤY PHÉP THIẾT LẬP TRANG THÔNG TIN ĐIỆN TỬ TỔNG HỢP,2020-12-24,Giấy phép chính thức (ABEI - Bộ TT&TT),242/GP-TTĐT,valid,https://giayphep.abei.gov.vn/
heritagevna.com,TẠP CHÍ HERITAGE,GIẤY PHÉP THIẾT LẬP TRANG THÔNG TIN ĐIỆN TỬ TỔNG HỢP,2020-12-24,Giấy phép chính thức (ABEI - Bộ TT&TT),242/GP-TTĐT,valid,https://giayphep.abei.gov.vn/
heritagevna.com.vn,TẠP CHÍ HERITAGE,GIẤY PHÉP THIẾT LẬP TRANG THÔNG TIN ĐIỆN TỬ TỔNG HỢP,2020-12-24,Giấy phép chính thức (ABEI - Bộ TT&TT),242/GP-TTĐT,valid,https://giayphep.abei.gov.vn/
heritagevna.net,TẠP CHÍ HERITAGE,GIẤY PHÉP THIẾT LẬP TRANG THÔNG TIN ĐIỆN TỬ TỔNG HỢP,2020-12-24,Giấy phép chính thức (ABEI - Bộ TT&TT),242/GP-TTĐT,valid,https://giayphep.abei.gov.vn/
hero.gaba.vn,CÔNG TY CỔ PHẦN TRÒ CHƠI VEGA,QUYẾT ĐỊNH PHÁT HÀNH TRÒ CHƠI ĐIỆN TỬ G1 TRÊN MẠNG,2017-12-29,Giấy phép chính thức (ABEI - Bộ TT&TT),2434/QĐ-BTTTT,valid,https://giayphep.abei.gov.vn/
hero.ggo.vn,CÔNG TY CỔ PHẦN GGO,QUYẾT ĐỊNH PHÁT HÀNH TRÒ CHƠI ĐIỆN TỬ G1 TRÊN MẠNG,2021-03-24,Giấy phép chính thức (ABEI - Bộ TT&TT),359/QĐ-BTTTT,invalid,https://giayphep.abei.gov.vn/
heroafk.vnggames.com,CÔNG TY TNHH TRUYỀN THÔNG MINH PHƯƠNG THỊNH,QUYẾT ĐỊNH PHÁT HÀNH TRÒ CHƠI ĐIỆN TỬ G1 TRÊN MẠNG,2022-04-25,Giấy phép chính thức (ABEI - Bộ TT&TT),757/QĐ-BTTTT,valid,https://giayphep.abei.gov.vn/
heroclash.mocgame.vn,CÔNG TY CỔ PHẦN TRÒ CHƠI MỘC,QUYẾT ĐỊNH PHÁT HÀNH TRÒ CHƠI ĐIỆN TỬ G1 TRÊN MẠNG,2024-05-16,Giấy phép chính thức (ABEI - Bộ TT&TT),807/QĐ-BTTTT,valid,https://giayphep.abei.gov.vn/
heroes.phoeniz.com,CÔNG TY TNHH DỊCH VỤ GIẢI TRÍ PHƯỢNG HOÀNG,QUYẾT ĐỊNH PHÁT HÀNH TRÒ CHƠI ĐIỆN TỬ G1 TRÊN MẠNG,2020-12-29,Giấy phép chính thức (ABEI - Bộ TT&TT),2330/QĐ-BTTTT,invalid,https://giayphep.abei.gov.vn/
heroes.vtcgame.vn,CÔNG TY VTC CÔNG NGHỆ VÀ NỘI DUNG SỐ,QUYẾT ĐỊNH PHÁT HÀNH TRÒ CHƠI ĐIỆN TỬ G1 TRÊN MẠNG,2023-04-07,Giấy phép chính thức (ABEI - Bộ TT&TT),580/QĐ-BTTTT,valid,https://giayphep.abei.gov.vn/
hfish.vn,CÔNG TY TNHH GAME VIỆT,QUYẾT ĐỊNH PHÁT HÀNH TRÒ CHƠI ĐIỆN TỬ G1 TRÊN MẠNG,2024-08-19,Giấy phép chính thức (ABEI - Bộ TT&TT),1389/QĐ-BTTTT,valid,https://giayphep.abei.gov.vn/
hhel.mgol.vn,CÔNG TY TNHH PHẦN MỀM MGOL,QUYẾT ĐỊNH PHÁT HÀNH TRÒ CHƠI ĐIỆN TỬ G1 TRÊN MẠNG,2024-12-03,Giấy phép chính thức (ABEI - Bộ TT&TT),2110/QĐ-BTTTT,valid,https://giayphep.abei.gov.vn/
hhgame.vn,CÔNG TY CỔ PHẦN PHÁT TRIỂN CÔNG NGHỆ SỐ HỒNG HÀ ,QUYẾT ĐỊNH PHÁT HÀNH TRÒ CHƠI ĐIỆN TỬ G1 TRÊN MẠNG,2023-10-25,Giấy phép chính thức (ABEI - Bộ TT&TT),2054/QĐ-BTTTT,valid,https://giayphep.abei.gov.vn/
hhgd.tab1.vn,CÔNG TY CỔ PHẦN TAB MEDIA VIỆT NAM,QUYẾT ĐỊNH PHÁT HÀNH TRÒ CHƠI ĐIỆN TỬ G1 TRÊN MẠNG,2021-04-22,Giấy phép chính thức (ABEI - Bộ TT&TT),525/QĐ-BTTTT,valid,https://giayphep.abei.gov.vn/
hhth.vn,TẠP CHÍ HÀNG HÓA VÀ THƯƠNG HIỆU,GIẤY PHÉP THIẾT LẬP TRANG THÔNG TIN ĐIỆN TỬ TỔNG HỢP,2019-08-06,Giấy phép chính thức (ABEI - Bộ TT&TT),136/GP-TTĐT,valid,https://giayphep.abei.gov.vn/
hibchhgame.vn,CÔNG TY CỔ PHẦN PHÁT TRIỂN CÔNG NGHỆ SỐ HỒNG HÀ,QUYẾT ĐỊNH PHÁT HÀNH TRÒ CHƠI ĐIỆN TỬ G1 TRÊN MẠNG,2022-07-25,Giấy phép chính thức (ABEI - Bộ TT&TT),1429/QĐ-BTTTT,valid,https://giayphep.abei.gov.vn/
hicuvebenhtri.com,CÔNG TY TNHH THƯƠNG MẠI VÀ TRUYỀN THÔNG PHƯƠNG NAM,GIẤY PHÉP CUNG CẤP DỊCH VỤ MẠNG XÃ HỘI,2019-09-27,Giấy phép chính thức (ABEI - Bộ TT&TT),409/GP-BTTTT,valid,https://giayphep.abei.gov.vn/
hienthuonghoa.com,CÔNG TY CỔ PHẦN GIẢI TRÍ THIÊN THƯỢNG HỎA,QUYẾT ĐỊNH PHÁT HÀNH TRÒ CHƠI ĐIỆN TỬ G1 TRÊN MẠNG,2022-07-05,Giấy phép chính thức (ABEI - Bộ TT&TT),1338/QĐ-BTTTT,valid,https://giayphep.abei.gov.vn/
hienvien.gamota.com,CÔNG TY CỔ PHẦN GAMOTA,QUYẾT ĐỊNH PHÁT HÀNH TRÒ CHƠI ĐIỆN TỬ G1 TRÊN MẠNG,2019-06-11,Giấy phép chính thức (ABEI - Bộ TT&TT),878 /QĐ-BTTTT,valid,https://giayphep.abei.gov.vn/
hiephoanet.vn,CÔNG TY CỔ PHẦN HIỆP HÒA NET,GIẤY PHÉP CUNG CẤP DỊCH VỤ MẠNG XÃ HỘI,2017-08-03,Giấy phép chính thức (ABEI - Bộ TT&TT),376/GP-BTTTT,valid,https://giayphep.abei.gov.vn/
hiephoicho.vn,HIỆP HỘI PHÁT TRIỂN CHỢ VIỆT NAM,GIẤY PHÉP THIẾT LẬP TRANG THÔNG TIN ĐIỆN TỬ TỔNG HỢP,2018-03-23,Giấy phép chính thức (ABEI - Bộ TT&TT),62/GP-TTĐT,valid,https://giayphep.abei.gov.vn/
hiephoichothuetaichinh.com.vn,HIỆP HỘI CHO THUÊ TÀI CHÍNH VIỆT NAM,GIẤY PHÉP THIẾT LẬP TRANG THÔNG TIN ĐIỆN TỬ TỔNG HỢP,2023-09-15,Giấy phép chính thức (ABEI - Bộ TT&TT),159/GP-TTĐT,valid,https://giayphep.abei.gov.vn/
hiephoidnqd.com.vn,HIỆP HỘI DOANH NGHIỆP QUÂN ĐỘI,GIẤY PHÉP THIẾT LẬP TRANG THÔNG TIN ĐIỆN TỬ TỔNG HỢP,2018-10-09,Giấy phép chính thức (ABEI - Bộ TT&TT),257/GP-TTĐT,valid,https://giayphep.abei.gov.vn/
hiephoidnqd.vn,HIỆP HỘI DOANH NGHIỆP QUÂN ĐỘI,GIẤY PHÉP THIẾT LẬP TRANG THÔNG TIN ĐIỆN TỬ TỔNG HỢP,2018-10-09,Giấy phép chính thức (ABEI - Bộ TT&TT),257/GP-TTĐT,valid,https://giayphep.abei.gov.vn/
hiephoinuocmamvietnam.org.vn,HIỆP HỘI NƯỚC MẮM VIỆT NAM,GIẤY PHÉP THIẾT LẬP TRANG THÔNG TIN ĐIỆN TỬ TỔNG HỢP,2022-11-11,Giấy phép chính thức (ABEI - Bộ TT&TT),157/GP-TTĐT,valid,https://giayphep.abei.gov.vn/
hiephoivsa.com.vn,HIỆP HỘI NUÔI BIỂN VIỆT NAM,GIẤY PHÉP THIẾT LẬP TRANG THÔNG TIN ĐIỆN TỬ TỔNG HỢP,2018-01-04,Giấy phép chính thức (ABEI - Bộ TT&TT),01/GP-TTĐT,invalid,https://giayphep.abei.gov.vn/
hiepkhach.gamota.com,CÔNG TY CỔ PHẦN GAMOTA,QUYẾT ĐỊNH PHÁT HÀNH TRÒ CHƠI ĐIỆN TỬ G1 TRÊN MẠNG,2017-09-07,Giấy phép chính thức (ABEI - Bộ TT&TT),1510/QĐ-BTTTT,valid,https://giayphep.abei.gov.vn/
hiepkhach.vtczone.vn,CÔNG TY CỔ PHẦN VTC DỊCH VỤ DI ĐỘNG,QUYẾT ĐỊNH PHÁT HÀNH TRÒ CHƠI ĐIỆN TỬ G1 TRÊN MẠNG,2026-04-02,Giấy phép chính thức (ABEI - Bộ TT&TT),165/QĐ-PTTH&TTĐT,valid,https://giayphep.abei.gov.vn/
hiepkhachhanh.mobiz.vn,CÔNG TY CỔ PHẦN MOBIZ,QUYẾT ĐỊNH PHÁT HÀNH TRÒ CHƠI ĐIỆN TỬ G1 TRÊN MẠNG,2020-04-21,Giấy phép chính thức (ABEI - Bộ TT&TT),120/QĐ-BTTTT,valid,https://giayphep.abei.gov.vn/
hiepkhachtroiday.atgame.com.vn,CÔNG TY TNHH CÔNG NGHỆ MẠNG AT ,QUYẾT ĐỊNH PHÁT HÀNH TRÒ CHƠI ĐIỆN TỬ G1 TRÊN MẠNG,2026-03-05,Giấy phép chính thức (ABEI - Bộ TT&TT),115/QĐ-PTTH&TTĐT,valid,https://giayphep.abei.gov.vn/
hiepnghiagiangho.vn,CÔNG TY TNHH SOHA,QUYẾT ĐỊNH PHÁT HÀNH TRÒ CHƠI ĐIỆN TỬ G1 TRÊN MẠNG,2020-12-31,Giấy phép chính thức (ABEI - Bộ TT&TT),2798/QĐ-BTTTT,valid,https://giayphep.abei.gov.vn/
hiepsi.teamobi.com.vn,CÔNG TY TNHH TEAMOBI,QUYẾT ĐỊNH PHÁT HÀNH TRÒ CHƠI ĐIỆN TỬ G1 TRÊN MẠNG,2015-11-19,Giấy phép chính thức (ABEI - Bộ TT&TT),2034/QĐ-BTTTT,invalid,https://giayphep.abei.gov.vn/
hieuvebenhtri.com.vn,CÔNG TY TNHH THƯƠNG MẠI VÀ TRUYỀN THÔNG PHƯƠNG NAM,GIẤY PHÉP CUNG CẤP DỊCH VỤ MẠNG XÃ HỘI,2019-09-27,Giấy phép chính thức (ABEI - Bộ TT&TT),409/GP-BTTTT,valid,https://giayphep.abei.gov.vn/
hifivn.vn,CÔNG TY TNHH QUẢNG CÁO NAM BÌNH,GIẤY PHÉP CUNG CẤP DỊCH VỤ MẠNG XÃ HỘI,2021-04-26,Giấy phép chính thức (ABEI - Bộ TT&TT),231/GP-BTTTT,valid,https://giayphep.abei.gov.vn/
higamer.vn,CÔNG TY CỔ PHẦN HIGAMER,QUYẾT ĐỊNH PHÁT HÀNH TRÒ CHƠI ĐIỆN TỬ G1 TRÊN MẠNG,2022-09-30,Giấy phép chính thức (ABEI - Bộ TT&TT),1827/QĐ-BTTTT,valid,https://giayphep.abei.gov.vn/
higenz.vn,CÔNG TY VTC CÔNG NGHỆ VÀ NỘI DUNG SỐ,GIẤY PHÉP CUNG CẤP DỊCH VỤ MẠNG XÃ HỘI,2021-07-21,Giấy phép chính thức (ABEI - Bộ TT&TT),464/GP-BTTTT,valid,https://giayphep.abei.gov.vn/
hightechindustry.gov.vn,VỤ KHOA HỌC VÀ CÔNG NGHỆ,GIẤY PHÉP THIẾT LẬP TRANG THÔNG TIN ĐIỆN TỬ TỔNG HỢP,2018-11-23,Giấy phép chính thức (ABEI - Bộ TT&TT),295/GP-BTTTT,valid,https://giayphep.abei.gov.vn/
hisaigon.vn,CÔNG TY CỔ PHẦN TRUYỀN THÔNG SAIGONTV,GIẤY PHÉP CUNG CẤP DỊCH VỤ MẠNG XÃ HỘI,2024-09-06,Giấy phép chính thức (ABEI - Bộ TT&TT),245/GP-BTTTT,valid,https://giayphep.abei.gov.vn/
hivyenbai.com.vn,"TRUNG TÂM PHÒNG, CHỐNG HIV/AIDS TỈNH YÊN BÁI",GIẤY PHÉP THIẾT LẬP TRANG THÔNG TIN ĐIỆN TỬ TỔNG HỢP,2013-07-08,Giấy phép chính thức (ABEI - Bộ TT&TT),91/GP-TTĐT,invalid,https://giayphep.abei.gov.vn/
hk.dzogame.vn,CÔNG TY TNHH CHÂU Á MỀM,QUYẾT ĐỊNH PHÁT HÀNH TRÒ CHƠI ĐIỆN TỬ G1 TRÊN MẠNG,2018-08-20,Giấy phép chính thức (ABEI - Bộ TT&TT),1370/QĐ-BTTTT,valid,https://giayphep.abei.gov.vn/
hkcc.vgplay.vn,CÔNG TY CỔ PHẦN VGP,QUYẾT ĐỊNH PHÁT HÀNH TRÒ CHƠI ĐIỆN TỬ G1 TRÊN MẠNG,2026-07-08,Giấy phép chính thức (ABEI - Bộ TT&TT),404/QĐ-PTTH&TTĐT,valid,https://giayphep.abei.gov.vn/
hkgh.gamota.com,CÔNG TY CỔ PHẦN GAMOTA,QUYẾT ĐỊNH PHÁT HÀNH TRÒ CHƠI ĐIỆN TỬ G1 TRÊN MẠNG,2018-06-28,Giấy phép chính thức (ABEI - Bộ TT&TT),999/QĐ-BTTTT,valid,https://giayphep.abei.gov.vn/
hkgh.myg.vn,CÔNG TY TNHH MYG,QUYẾT ĐỊNH PHÁT HÀNH TRÒ CHƠI ĐIỆN TỬ G1 TRÊN MẠNG,2017-11-09,Giấy phép chính thức (ABEI - Bộ TT&TT),1938/QĐ-BTTTT,valid,https://giayphep.abei.gov.vn/
hkgh.vtczone.vn,CÔNG TY CỔ PHẦN VTC DỊCH VỤ DI ĐỘNG,QUYẾT ĐỊNH PHÁT HÀNH TRÒ CHƠI ĐIỆN TỬ G1 TRÊN MẠNG,2024-09-24,Giấy phép chính thức (ABEI - Bộ TT&TT),1595/QĐ-BTTTT,invalid,https://giayphep.abei.gov.vn/
hkghm.gamebao.vn,CÔNG TY CỔ PHẦN TRÒ CHƠI TRỰC TUYẾN BẢO NINH,QUYẾT ĐỊNH PHÁT HÀNH TRÒ CHƠI ĐIỆN TỬ G1 TRÊN MẠNG,2020-01-09,Giấy phép chính thức (ABEI - Bộ TT&TT),40/QĐ-BTTTT,valid,https://giayphep.abei.gov.vn/
hkh.360game.vn,CÔNG TY CỔ PHẦN VNG,QUYẾT ĐỊNH PHÁT HÀNH TRÒ CHƠI ĐIỆN TỬ G1 TRÊN MẠNG,2016-12-30,Giấy phép chính thức (ABEI - Bộ TT&TT),2360/QĐ-BTTTT,invalid,https://giayphep.abei.gov.vn/
hkm.dzogame.vn,CÔNG TY TNHH CHÂU Á MỀM,QUYẾT ĐỊNH PHÁT HÀNH TRÒ CHƠI ĐIỆN TỬ G1 TRÊN MẠNG,2021-11-10,Giấy phép chính thức (ABEI - Bộ TT&TT),1778/QĐ-BTTTT,valid,https://giayphep.abei.gov.vn/
hlo.com.vn,CÔNG TY CỔ PHẦN HELIOS ENTERTAINMENT,QUYẾT ĐỊNH PHÁT HÀNH TRÒ CHƠI ĐIỆN TỬ G1 TRÊN MẠNG,2026-03-20,Giấy phép chính thức (ABEI - Bộ TT&TT),136/QĐ-PTTH&TTĐT,valid,https://giayphep.abei.gov.vn/
hm.cmn.vn,CÔNG TY CỔ PHẦN TRỰC TUYẾN CMN VIỆT NAM,QUYẾT ĐỊNH PHÁT HÀNH TRÒ CHƠI ĐIỆN TỬ G1 TRÊN MẠNG,2023-04-26,Giấy phép chính thức (ABEI - Bộ TT&TT),724/QĐ-BTTTT,invalid,https://giayphep.abei.gov.vn/
hn.dzogame.vn,CÔNG TY TNHH CHÂU Á MỀM,QUYẾT ĐỊNH PHÁT HÀNH TRÒ CHƠI ĐIỆN TỬ G1 TRÊN MẠNG,2023-05-30,Giấy phép chính thức (ABEI - Bộ TT&TT),914/QĐ-BTTTT,valid,https://giayphep.abei.gov.vn/
hna.gamota.com,CÔNG TY CỔ PHẦN GAMOTA ,QUYẾT ĐỊNH PHÁT HÀNH TRÒ CHƠI ĐIỆN TỬ G1 TRÊN MẠNG,2026-02-11,Giấy phép chính thức (ABEI - Bộ TT&TT),71/QĐ-PTTH&TTĐT,valid,https://giayphep.abei.gov.vn/
hnxgames.vn,CÔNG TY TNHH TRUYỀN THÔNG HNXSOFT ,QUYẾT ĐỊNH PHÁT HÀNH TRÒ CHƠI ĐIỆN TỬ G1 TRÊN MẠNG,2026-03-31,Giấy phép chính thức (ABEI - Bộ TT&TT),156/QĐ-PTTH&TTĐT,valid,https://giayphep.abei.gov.vn/
hnxsoft.vn,CÔNG TY TNHH TRUYỀN THÔNG HNXSOFT ,QUYẾT ĐỊNH PHÁT HÀNH TRÒ CHƠI ĐIỆN TỬ G1 TRÊN MẠNG,2026-03-31,Giấy phép chính thức (ABEI - Bộ TT&TT),156/QĐ-PTTH&TTĐT,valid,https://giayphep.abei.gov.vn/
hoabinhtv.vn,ĐÀI PHÁT THANH VÀ TRUYỀN HÌNH HÒA BÌNH,GIẤY PHÉP THIẾT LẬP TRANG THÔNG TIN ĐIỆN TỬ TỔNG HỢP,2018-07-05,Giấy phép chính thức (ABEI - Bộ TT&TT),170/GP-TTĐT,invalid,https://giayphep.abei.gov.vn/
hoachianhhung.vn,CÔNG TY CỔ PHẦN FUNTAP,QUYẾT ĐỊNH PHÁT HÀNH TRÒ CHƠI ĐIỆN TỬ G1 TRÊN MẠNG,2020-05-08,Giấy phép chính thức (ABEI - Bộ TT&TT),783/QĐ-BTTTT,invalid,https://giayphep.abei.gov.vn/
hoachitruyenthuyet.vn,CÔNG TY CỔ PHẦN ACE GAME,QUYẾT ĐỊNH PHÁT HÀNH TRÒ CHƠI ĐIỆN TỬ G1 TRÊN MẠNG,2021-06-02,Giấy phép chính thức (ABEI - Bộ TT&TT),1015/QĐ-BTTTT,invalid,https://giayphep.abei.gov.vn/
hoagiangho.vn,CÔNG TY CỔ PHẦN VTC DỊCH VỤ DI ĐỘNG,QUYẾT ĐỊNH PHÁT HÀNH TRÒ CHƠI ĐIỆN TỬ G1 TRÊN MẠNG,2021-10-12,Giấy phép chính thức (ABEI - Bộ TT&TT),1589/QĐ-BTTTT,invalid,https://giayphep.abei.gov.vn/
hoalongphapsu.vn,CÔNG TY CỔ PHẦN 9PLAY,QUYẾT ĐỊNH PHÁT HÀNH TRÒ CHƠI ĐIỆN TỬ G1 TRÊN MẠNG,2021-11-03,Giấy phép chính thức (ABEI - Bộ TT&TT),1745 /QĐ-BTTTT,valid,https://giayphep.abei.gov.vn/
hoangcung.360mobi.vn,CÔNG TY TNHH TRUYỀN THÔNG MINH PHƯƠNG THỊNH,QUYẾT ĐỊNH PHÁT HÀNH TRÒ CHƠI ĐIỆN TỬ G1 TRÊN MẠNG,2016-11-30,Giấy phép chính thức (ABEI - Bộ TT&TT),2130/QĐ-BTTTT,invalid,https://giayphep.abei.gov.vn/
hoangcung.zing.com,CÔNG TY CỔ PHẦN TẬP ĐOÀN VNG,QUYẾT ĐỊNH PHÁT HÀNH TRÒ CHƠI ĐIỆN TỬ G1 TRÊN MẠNG,2020-05-20,Giấy phép chính thức (ABEI - Bộ TT&TT),848 /QĐ-BTTTT,valid,https://giayphep.abei.gov.vn/
hoangcung.zing.vn,CÔNG TY CỔ PHẦN TẬP ĐOÀN VNG,QUYẾT ĐỊNH PHÁT HÀNH TRÒ CHƠI ĐIỆN TỬ G1 TRÊN MẠNG,2020-06-02,Giấy phép chính thức (ABEI - Bộ TT&TT),929 /QĐ-BTTTT,valid,https://giayphep.abei.gov.vn/
hoangcung2.com,CÔNG TY TNHH TRUYỀN THÔNG MINH PHƯƠNG THỊNH,QUYẾT ĐỊNH PHÁT HÀNH TRÒ CHƠI ĐIỆN TỬ G1 TRÊN MẠNG,2018-07-20,Giấy phép chính thức (ABEI - Bộ TT&TT),1208/QĐ-BTTTT,invalid,https://giayphep.abei.gov.vn/
hoangcungtamke.playfun.vn,CÔNG TY CỔ PHẦN FUNTAP,QUYẾT ĐỊNH PHÁT HÀNH TRÒ CHƠI ĐIỆN TỬ G1 TRÊN MẠNG,2020-11-06,Giấy phép chính thức (ABEI - Bộ TT&TT),1905 /QĐ-BTTTT,valid,https://giayphep.abei.gov.vn/
hoanglinhonline.vn,CÔNG TY TNHH DỊCH VỤ TRỰC TUYẾN HOÀNG LINH,QUYẾT ĐỊNH PHÁT HÀNH TRÒ CHƠI ĐIỆN TỬ G1 TRÊN MẠNG,2019-11-25,Giấy phép chính thức (ABEI - Bộ TT&TT),2002/QĐ-BTTTT,invalid,https://giayphep.abei.gov.vn/
hoanhtao.vn,CÔNG TY CỔ PHẦN VTC DỊCH VỤ DI ĐỘNG,QUYẾT ĐỊNH PHÁT HÀNH TRÒ CHƠI ĐIỆN TỬ G1 TRÊN MẠNG,2017-01-23,Giấy phép chính thức (ABEI - Bộ TT&TT),82/QĐ-BTTTT,invalid,https://giayphep.abei.gov.vn/
hoanmytamquoc.vgplay.vn,CÔNG TY CỔ PHẦN VGP ,QUYẾT ĐỊNH PHÁT HÀNH TRÒ CHƠI ĐIỆN TỬ G1 TRÊN MẠNG,2026-02-13,Giấy phép chính thức (ABEI - Bộ TT&TT),91/QĐ-PTTH&TTĐT,valid,https://giayphep.abei.gov.vn/
hoasonkiemthe.splay.vn,CÔNG TY CỔ PHẦN VTC DỊCH VỤ DI ĐỘNG,QUYẾT ĐỊNH PHÁT HÀNH TRÒ CHƠI ĐIỆN TỬ G1 TRÊN MẠNG,2025-04-23,Giấy phép chính thức (ABEI - Bộ TT&TT),138 /QĐ-PTTH&TTĐT,valid,https://giayphep.abei.gov.vn/
hoasonngutuyet.playfun.vn,CÔNG TY CỔ PHẦN FUNTAP,QUYẾT ĐỊNH PHÁT HÀNH TRÒ CHƠI ĐIỆN TỬ G1 TRÊN MẠNG,2020-04-24,Giấy phép chính thức (ABEI - Bộ TT&TT),734 /QĐ-BTTTT,valid,https://giayphep.abei.gov.vn/
hoathai.vn,CÔNG TY TNHH Dịch vụ phần mềm Hòa Thái,QUYẾT ĐỊNH PHÁT HÀNH TRÒ CHƠI ĐIỆN TỬ G1 TRÊN MẠNG,2025-07-08,Giấy phép chính thức (ABEI - Bộ TT&TT),307/QĐ-PTTH&TTĐT,invalid,https://giayphep.abei.gov.vn/
hoathiencot.vtcgame.vn,CÔNG TY VTC CÔNG NGHỆ VÀ NỘI DUNG SỐ,QUYẾT ĐỊNH PHÁT HÀNH TRÒ CHƠI ĐIỆN TỬ G1 TRÊN MẠNG,2016-05-11,Giấy phép chính thức (ABEI - Bộ TT&TT),766/QĐ-BTTTT,invalid,https://giayphep.abei.gov.vn/
hoathiencot.zing.vn,CÔNG TY CỔ PHẦN VNG,QUYẾT ĐỊNH PHÁT HÀNH TRÒ CHƠI ĐIỆN TỬ G1 TRÊN MẠNG,2016-06-08,Giấy phép chính thức (ABEI - Bộ TT&TT),980/QĐ-BTTTT,invalid,https://giayphep.abei.gov.vn/
hoathienquyet.vn,CÔNG TY CỔ PHẦN VTC DỊCH VỤ DI ĐỘNG,QUYẾT ĐỊNH PHÁT HÀNH TRÒ CHƠI ĐIỆN TỬ G1 TRÊN MẠNG,2019-04-11,Giấy phép chính thức (ABEI - Bộ TT&TT),568/QĐ-BTTTT,invalid,https://giayphep.abei.gov.vn/
hoathuongco.357games.vn,CÔNG TY CỔ PHẦN GIẢI TRÍ 357,QUYẾT ĐỊNH PHÁT HÀNH TRÒ CHƠI ĐIỆN TỬ G1 TRÊN MẠNG,2024-11-19,Giấy phép chính thức (ABEI - Bộ TT&TT),2006/QĐ-BTTTT,valid,https://giayphep.abei.gov.vn/
hoatieu.vn,CÔNG TY CỔ PHẦN MẠNG TRỰC TUYẾN META,GIẤY PHÉP CUNG CẤP DỊCH VỤ MẠNG XÃ HỘI,2021-08-31,Giấy phép chính thức (ABEI - Bộ TT&TT),582/GP-BTTTT,valid,https://giayphep.abei.gov.vn/
hoavakiem.vn,CÔNG TY TNHH SOHA,QUYẾT ĐỊNH PHÁT HÀNH TRÒ CHƠI ĐIỆN TỬ G1 TRÊN MẠNG,2023-05-23,Giấy phép chính thức (ABEI - Bộ TT&TT),873/QĐ-BTTTT,valid,https://giayphep.abei.gov.vn/
hoc247.net,CÔNG TY CỔ PHẦN GIÁO DỤC HỌC 247,GIẤY PHÉP CUNG CẤP DỊCH VỤ MẠNG XÃ HỘI,2020-12-29,Giấy phép chính thức (ABEI - Bộ TT&TT),638/GP-BTTTT,valid,https://giayphep.abei.gov.vn/
hoc247.vn,CÔNG TY CỔ PHẦN GIÁO DỤC HỌC 247,GIẤY PHÉP CUNG CẤP DỊCH VỤ MẠNG XÃ HỘI,2020-12-29,Giấy phép chính thức (ABEI - Bộ TT&TT),638/GP-BTTTT,valid,https://giayphep.abei.gov.vn/
hochiminh.vn,BÁO ĐIỆN TỬ ĐẢNG CỘNG SẢN VIỆT NAM,GIẤY PHÉP THIẾT LẬP TRANG THÔNG TIN ĐIỆN TỬ TỔNG HỢP,2015-01-15,Giấy phép chính thức (ABEI - Bộ TT&TT),02/GP-TTĐT,invalid,https://giayphep.abei.gov.vn/
hocphi.vn,CÔNG TY CỔ PHẦN ĐẦU TƯ BRIGHT STAR,GIẤY PHÉP CUNG CẤP DỊCH VỤ MẠNG XÃ HỘI,2020-04-27,Giấy phép chính thức (ABEI - Bộ TT&TT),181/GP-BTTTT,valid,https://giayphep.abei.gov.vn/
hocvienanhhung.vn,CÔNG TY CỔ PHẦN 9PLAY,QUYẾT ĐỊNH PHÁT HÀNH TRÒ CHƠI ĐIỆN TỬ G1 TRÊN MẠNG,2021-05-18,Giấy phép chính thức (ABEI - Bộ TT&TT),672/QĐ-BTTTT,valid,https://giayphep.abei.gov.vn/
hocvienanime.vn,CÔNG TY TNHH VMGE,QUYẾT ĐỊNH PHÁT HÀNH TRÒ CHƠI ĐIỆN TỬ G1 TRÊN MẠNG,2025-04-09,Giấy phép chính thức (ABEI - Bộ TT&TT),106/QĐ-PTTH&TTĐT,valid,https://giayphep.abei.gov.vn/
hocvienbavuong.vn,CÔNG TY CỔ PHẦN TRỰC TUYẾN DUO,QUYẾT ĐỊNH PHÁT HÀNH TRÒ CHƠI ĐIỆN TỬ G1 TRÊN MẠNG,2022-06-10,Giấy phép chính thức (ABEI - Bộ TT&TT),1065/QĐ-BTTTT,valid,https://giayphep.abei.gov.vn/
hocvienhuyenthoai.vn,CÔNG TY TNHH VMGE,QUYẾT ĐỊNH PHÁT HÀNH TRÒ CHƠI ĐIỆN TỬ G1 TRÊN MẠNG,2025-01-17,Giấy phép chính thức (ABEI - Bộ TT&TT),66/QĐ-BTTTT,valid,https://giayphep.abei.gov.vn/
hocvienninja.vn,CÔNG TY TNHH G4M,QUYẾT ĐỊNH PHÁT HÀNH TRÒ CHƠI ĐIỆN TỬ G1 TRÊN MẠNG,2024-05-13,Giấy phép chính thức (ABEI - Bộ TT&TT),764/QĐ-BTTTT,valid,https://giayphep.abei.gov.vn/
hocviensieunhien.vn,CÔNG TY TNHH SOHA,QUYẾT ĐỊNH PHÁT HÀNH TRÒ CHƠI ĐIỆN TỬ G1 TRÊN MẠNG,2021-11-26,Giấy phép chính thức (ABEI - Bộ TT&TT),1889 /QĐ-BTTTT,valid,https://giayphep.abei.gov.vn/
hocvienthucung.vn,CÔNG TY CỔ PHẦN VGP,QUYẾT ĐỊNH PHÁT HÀNH TRÒ CHƠI ĐIỆN TỬ G1 TRÊN MẠNG,2018-01-22,Giấy phép chính thức (ABEI - Bộ TT&TT),67/QĐ-BTTTT,valid,https://giayphep.abei.gov.vn/
hocvientongthan.vn,CÔNG TY CỔ PHẦN TRỰC TUYỂN DUO,QUYẾT ĐỊNH PHÁT HÀNH TRÒ CHƠI ĐIỆN TỬ G1 TRÊN MẠNG,2023-02-22,Giấy phép chính thức (ABEI - Bộ TT&TT),225/QĐ-BTTTT,valid,https://giayphep.abei.gov.vn/
hogiachunhan.vn,CÔNG TY CỔ PHẦN TRỰC TUYẾN DUO,QUYẾT ĐỊNH PHÁT HÀNH TRÒ CHƠI ĐIỆN TỬ G1 TRÊN MẠNG,2024-02-06,Giấy phép chính thức (ABEI - Bộ TT&TT),162/QĐ-BTTTT,valid,https://giayphep.abei.gov.vn/
hoiccbvietnam.vn,HỘI CỰU CHIẾN BINH VIỆT NAM,GIẤY PHÉP THIẾT LẬP TRANG THÔNG TIN ĐIỆN TỬ TỔNG HỢP,2023-04-17,Giấy phép chính thức (ABEI - Bộ TT&TT),54/GP-TTĐT,valid,https://giayphep.abei.gov.vn/
hoichannuoi.vn,HỘI CHĂN NUÔI VIỆT NAM,GIẤY PHÉP THIẾT LẬP TRANG THÔNG TIN ĐIỆN TỬ TỔNG HỢP,2015-07-21,Giấy phép chính thức (ABEI - Bộ TT&TT),101/GP-TTĐT,valid,https://giayphep.abei.gov.vn/
hoichieusangvietnam.org.vn,HỘI CHIẾU SÁNG VIỆT NAM,GIẤY PHÉP THIẾT LẬP TRANG THÔNG TIN ĐIỆN TỬ TỔNG HỢP,2021-03-11,Giấy phép chính thức (ABEI - Bộ TT&TT),37/GP-TTĐT,valid,https://giayphep.abei.gov.vn/
hoidaotq.123game.vn,CÔNG TY CỔ PHẦN DỊCH VỤ MỘT THẾ GIỚI,QUYẾT ĐỊNH PHÁT HÀNH TRÒ CHƠI ĐIỆN TỬ G1 TRÊN MẠNG,2016-04-04,Giấy phép chính thức (ABEI - Bộ TT&TT),498/QĐ-BTTTT,invalid,https://giayphep.abei.gov.vn/
hoidap247.com,CÔNG TY CỔ PHẦN CÔNG NGHỆ GIÁO DỤC THÀNH PHÁT,GIẤY PHÉP CUNG CẤP DỊCH VỤ MẠNG XÃ HỘI,2019-08-19,Giấy phép chính thức (ABEI - Bộ TT&TT),331/GP-BTTTT,valid,https://giayphep.abei.gov.vn/
hoidap247.vn,CÔNG TY CỔ PHẦN CÔNG NGHỆ GIÁO DỤC THÀNH PHÁT,GIẤY PHÉP CUNG CẤP DỊCH VỤ MẠNG XÃ HỘI,2019-08-19,Giấy phép chính thức (ABEI - Bộ TT&TT),331/GP-BTTTT,valid,https://giayphep.abei.gov.vn/
hoidaukhi.vn,HỘI DẦU KHÍ VIỆT NAM,GIẤY PHÉP THIẾT LẬP TRANG THÔNG TIN ĐIỆN TỬ TỔNG HỢP,2023-01-06,Giấy phép chính thức (ABEI - Bộ TT&TT),108/GP-TTĐT,valid,https://giayphep.abei.gov.vn/
hoihn.org.vn,TRUNG ƯƠNG HỘI LIÊN HIỆP PHỤ NỮ VIỆT NAM,GIẤY PHÉP THIẾT LẬP TRANG THÔNG TIN ĐIỆN TỬ TỔNG HỢP,2017-05-29,Giấy phép chính thức (ABEI - Bộ TT&TT),179/GP-TTĐT,invalid,https://giayphep.abei.gov.vn/
hoihuunghivietnga.vn,HỘI HỮU NGHỊ VIỆT NAM – LIÊN BANG NGA,GIẤY PHÉP THIẾT LẬP TRANG THÔNG TIN ĐIỆN TỬ TỔNG HỢP,2018-02-07,Giấy phép chính thức (ABEI - Bộ TT&TT),33/GP-TTĐT,invalid,https://giayphep.abei.gov.vn/
hoilhpn.gialai.org.vn,HỘI LIÊN HIỆP PHỤ NỮ TỈNH GIA LAI,GIẤY PHÉP THIẾT LẬP TRANG THÔNG TIN ĐIỆN TỬ TỔNG HỢP,2013-07-23,Giấy phép chính thức (ABEI - Bộ TT&TT),102/GP-TTĐT,invalid,https://giayphep.abei.gov.vn/
hoilhpn.org.vn,TRUNG ƯƠNG HỘI LIÊN HIỆP PHỤ NỮ VIỆT NAM,GIẤY PHÉP THIẾT LẬP TRANG THÔNG TIN ĐIỆN TỬ TỔNG HỢP,2022-05-06,Giấy phép chính thức (ABEI - Bộ TT&TT),53/GP-TTĐT,valid,https://giayphep.abei.gov.vn/
hoiluatgiavn.org.vn,HỘI LUẬT GIA VIỆT NAM,GIẤY PHÉP THIẾT LẬP TRANG THÔNG TIN ĐIỆN TỬ TỔNG HỢP,2016-04-28,Giấy phép chính thức (ABEI - Bộ TT&TT),41/GP-TTĐT,invalid,https://giayphep.abei.gov.vn/
hoinguoicaotuoi.vn,HỘI NGƯỜI CAO TUỔI VIỆT NAM,GIẤY PHÉP THIẾT LẬP TRANG THÔNG TIN ĐIỆN TỬ TỔNG HỢP,2022-04-15,Giấy phép chính thức (ABEI - Bộ TT&TT),36/GP-TTĐT,valid,https://giayphep.abei.gov.vn/
hoinhabaovietnam.vn,HỘI NHÀ BÁO VIỆT NAM,GIẤY PHÉP THIẾT LẬP TRANG THÔNG TIN ĐIỆN TỬ TỔNG HỢP,2016-06-30,Giấy phép chính thức (ABEI - Bộ TT&TT),79A/GP-TTĐT,valid,https://giayphep.abei.gov.vn/
hoinhap.net.vn,TRUNG TÂM BÁO CHÍ VÀ HỢP TÁC TRUYỀN THÔNG QUỐC TẾ,GIẤY PHÉP THIẾT LẬP TRANG THÔNG TIN ĐIỆN TỬ TỔNG HỢP,2021-12-02,Giấy phép chính thức (ABEI - Bộ TT&TT),193/GP-TTĐT,valid,https://giayphep.abei.gov.vn/
hoinhavanvietnam.com.vn,HỘI NHÀ VĂN VIỆT NAM,GIẤY PHÉP THIẾT LẬP TRANG THÔNG TIN ĐIỆN TỬ TỔNG HỢP,2017-01-10,Giấy phép chính thức (ABEI - Bộ TT&TT),16/GP-TTĐT,invalid,https://giayphep.abei.gov.vn/
hoinhavanvietnam.vn,HỘI NHÀ VĂN VIỆT NAM,GIẤY PHÉP THIẾT LẬP TRANG THÔNG TIN ĐIỆN TỬ TỔNG HỢP,2017-01-10,Giấy phép chính thức (ABEI - Bộ TT&TT),16/GP-TTĐT,invalid,https://giayphep.abei.gov.vn/
hoinongdan.org.vn,TRUNG ƯƠNG HỘI NÔNG DÂN VIỆT NAM,GIẤY PHÉP THIẾT LẬP TRANG THÔNG TIN ĐIỆN TỬ TỔNG HỢP,2017-01-10,Giấy phép chính thức (ABEI - Bộ TT&TT),15/GP-TTĐT,valid,https://giayphep.abei.gov.vn/
hoinongdanninhthuan.org.vn,HỘI NÔNG DÂN TỈNH NINH THUẬN,GIẤY PHÉP THIẾT LẬP TRANG THÔNG TIN ĐIỆN TỬ TỔNG HỢP,2013-04-05,Giấy phép chính thức (ABEI - Bộ TT&TT),38/GP-TTĐT,invalid,https://giayphep.abei.gov.vn/
hointtvn.vn,HỘI NỮ TRÍ THỨC VIỆT NAM,GIẤY PHÉP THIẾT LẬP TRANG THÔNG TIN ĐIỆN TỬ TỔNG HỢP,2022-08-02,Giấy phép chính thức (ABEI - Bộ TT&TT),103/GP-TTĐT,valid,https://giayphep.abei.gov.vn/
hoiquancacbame.com.vn,CÔNG TY TNHH HỘI QUÁN CÁC BÀ MẸ,GIẤY PHÉP CUNG CẤP DỊCH VỤ MẠNG XÃ HỘI,2017-04-14,Giấy phép chính thức (ABEI - Bộ TT&TT),148/GP-BTTTT,valid,https://giayphep.abei.gov.vn/
hoitho.568play.vn,CÔNG TY CỔ PHẦN GIẢI TRÍ 568E ,QUYẾT ĐỊNH PHÁT HÀNH TRÒ CHƠI ĐIỆN TỬ G1 TRÊN MẠNG,2025-06-20,Giấy phép chính thức (ABEI - Bộ TT&TT),273/QĐ-PTTH&TTĐT,valid,https://giayphep.abei.gov.vn/
hoithokhoidnguyen.vn,CÔNG TY CỔ PHẦN GIẢI TRÍ 568E,QUYẾT ĐỊNH PHÁT HÀNH TRÒ CHƠI ĐIỆN TỬ G1 TRÊN MẠNG,2024-12-23,Giấy phép chính thức (ABEI - Bộ TT&TT),2246/QĐ-BTTTT,invalid,https://giayphep.abei.gov.vn/
hoithokhoinguyen.vn,CÔNG TY CỔ PHẦN GIẢI TRÍ 568E ,QUYẾT ĐỊNH PHÁT HÀNH TRÒ CHƠI ĐIỆN TỬ G1 TRÊN MẠNG,2025-06-20,Giấy phép chính thức (ABEI - Bộ TT&TT),273/QĐ-PTTH&TTĐT,valid,https://giayphep.abei.gov.vn/
hoithomattroi.vn,CÔNG TY TNHH VMGE,QUYẾT ĐỊNH PHÁT HÀNH TRÒ CHƠI ĐIỆN TỬ G1 TRÊN MẠNG,2024-02-06,Giấy phép chính thức (ABEI - Bộ TT&TT),165/QĐ-BTTTT,valid,https://giayphep.abei.gov.vn/
hoiuckt.zoneplay.vn,CÔNG TY CỔ PHẦN GZONE MEDIA VIỆT NAM ,QUYẾT ĐỊNH PHÁT HÀNH TRÒ CHƠI ĐIỆN TỬ G1 TRÊN MẠNG,2026-01-30,Giấy phép chính thức (ABEI - Bộ TT&TT),39/QĐ-PTTH&TTĐT,valid,https://giayphep.abei.gov.vn/
hoiucxua.ghmgames.vn,Công ty TNHH Công nghệ GHM ,QUYẾT ĐỊNH PHÁT HÀNH TRÒ CHƠI ĐIỆN TỬ G1 TRÊN MẠNG,2026-06-23,Giấy phép chính thức (ABEI - Bộ TT&TT),367/QĐ-PTTH&TTĐT,valid,https://giayphep.abei.gov.vn/
hoiyhocduphong.vn,HỘI Y HỌC DỰ PHÒNG VIỆT NAM,GIẤY PHÉP THIẾT LẬP TRANG THÔNG TIN ĐIỆN TỬ TỔNG HỢP,2016-06-15,Giấy phép chính thức (ABEI - Bộ TT&TT),62/GP-TTĐT,valid,https://giayphep.abei.gov.vn/
holala.com.vn,CÔNG TY CỔ PHẦN ĐẦU TƯ CÔNG NGHỆ HOLA VIỆT NAM,GIẤY PHÉP CUNG CẤP DỊCH VỤ MẠNG XÃ HỘI,2024-10-04,Giấy phép chính thức (ABEI - Bộ TT&TT),294/GP-BTTTT,valid,https://giayphep.abei.gov.vn/
homcaz.vn,CÔNG TY CỔ PHẦN NGÔI NHÀ MƠ ƯỚC,GIẤY PHÉP CUNG CẤP DỊCH VỤ MẠNG XÃ HỘI,2019-05-21,Giấy phép chính thức (ABEI - Bộ TT&TT),193/GP-BTTTT,valid,https://giayphep.abei.gov.vn/
home123.vn,CÔNG TY CỔ PHẦN BKAV,GIẤY PHÉP CUNG CẤP DỊCH VỤ MẠNG XÃ HỘI,2019-12-02,Giấy phép chính thức (ABEI - Bộ TT&TT),523/GP-BTTTT,valid,https://giayphep.abei.gov.vn/
homedy.vn,CÔNG TY TNHH HOMEDY VIỆT NAM,GIẤY PHÉP CUNG CẤP DỊCH VỤ MẠNG XÃ HỘI,2020-09-15,Giấy phép chính thức (ABEI - Bộ TT&TT),391/GP-BTTTT,valid,https://giayphep.abei.gov.vn/
homefin.vn,CÔNG TY CỔ PHẦN GIA ĐÌNH MỚI,GIẤY PHÉP CUNG CẤP DỊCH VỤ MẠNG XÃ HỘI,2024-12-02,Giấy phép chính thức (ABEI - Bộ TT&TT),354/GP-BTTTT,valid,https://giayphep.abei.gov.vn/
hometoday.vn,CÔNG TY CỔ PHẦN HOMETODAY,GIẤY PHÉP CUNG CẤP DỊCH VỤ MẠNG XÃ HỘI,2022-11-16,Giấy phép chính thức (ABEI - Bộ TT&TT),543/GP-BTTTT,invalid,https://giayphep.abei.gov.vn/
hondondailuc.vn,CÔNG TY CỔ PHẦN GIẢI TRÍ TRỰC TUYẾN 3T,QUYẾT ĐỊNH PHÁT HÀNH TRÒ CHƠI ĐIỆN TỬ G1 TRÊN MẠNG,2021-11-26,Giấy phép chính thức (ABEI - Bộ TT&TT),1887/QĐ-BTTTT,valid,https://giayphep.abei.gov.vn/
hongdochiha.hhgame.vn,CÔNG TY CỔ PHẦN PHÁT TRIỂN CÔNG NGHỆ SỐ HỒNG HÀ,QUYẾT ĐỊNH PHÁT HÀNH TRÒ CHƠI ĐIỆN TỬ G1 TRÊN MẠNG,2021-10-08,Giấy phép chính thức (ABEI - Bộ TT&TT),1538/QĐ-BTTTT,valid,https://giayphep.abei.gov.vn/
honghacao.com.vn,CÔNG TY CỔ PHẦN PHÁT TRIỂN CÔNG NGHỆ SỐ HỒNG HÀ,QUYẾT ĐỊNH PHÁT HÀNH TRÒ CHƠI ĐIỆN TỬ G1 TRÊN MẠNG,2024-02-05,Giấy phép chính thức (ABEI - Bộ TT&TT),138/QĐ-BTTTT,valid,https://giayphep.abei.gov.vn/
honghaco.com.vn,Công ty Cổ phần phát triển công nghệ số Hồng Hà,QUYẾT ĐỊNH PHÁT HÀNH TRÒ CHƠI ĐIỆN TỬ G1 TRÊN MẠNG,2025-10-29,Giấy phép chính thức (ABEI - Bộ TT&TT),473/QĐ-PTTH&TTĐT,valid,https://giayphep.abei.gov.vn/
honghagame.vn,CÔNG TY CỔ PHẦN PHÁT TRIỂN CÔNG NGHỆ SỐ HỒNG HÀ ,QUYẾT ĐỊNH PHÁT HÀNH TRÒ CHƠI ĐIỆN TỬ G1 TRÊN MẠNG,2026-02-04,Giấy phép chính thức (ABEI - Bộ TT&TT),46/QĐ-PTTH&TTĐT,invalid,https://giayphep.abei.gov.vn/
hongioidaichien.nicatech.vn,CÔNG TY TNHH DỊCH VỤ TRUYỀN THÔNG NICA,QUYẾT ĐỊNH PHÁT HÀNH TRÒ CHƠI ĐIỆN TỬ G1 TRÊN MẠNG,2024-12-23,Giấy phép chính thức (ABEI - Bộ TT&TT),2247/QĐ-BTTTT,valid,https://giayphep.abei.gov.vn/
hongnhantamquoc.joygame.vn,CÔNG TY TNHH GIẢI TRÍ JOY,QUYẾT ĐỊNH PHÁT HÀNH TRÒ CHƠI ĐIỆN TỬ G1 TRÊN MẠNG,2019-11-25,Giấy phép chính thức (ABEI - Bộ TT&TT),2003/QĐ-BTTTT,valid,https://giayphep.abei.gov.vn/
honkaiimpact3.vn,CÔNG TY CỔ PHẦN PHÁT TRIỂN CÔNG NGHỆ SỐ HỒNG HÀ,QUYẾT ĐỊNH PHÁT HÀNH TRÒ CHƠI ĐIỆN TỬ G1 TRÊN MẠNG,2023-03-07,Giấy phép chính thức (ABEI - Bộ TT&TT),310/QĐ-BTTTT,valid,https://giayphep.abei.gov.vn/
honnhanphapluat.vn,BÁO ĐỜI SỐNG VÀ PHÁP LUẬT,GIẤY PHÉP THIẾT LẬP TRANG THÔNG TIN ĐIỆN TỬ TỔNG HỢP,2017-11-15,Giấy phép chính thức (ABEI - Bộ TT&TT),340/GP-TTĐT,valid,https://giayphep.abei.gov.vn/
hoteljob.vn,CÔNG TY TNHH MTV SANTA,GIẤY PHÉP CUNG CẤP DỊCH VỤ MẠNG XÃ HỘI,2020-08-07,Giấy phép chính thức (ABEI - Bộ TT&TT),348/GP-BTTTT,valid,https://giayphep.abei.gov.vn/
hotit.vn,CÔNG TY CỔ PHẦN HOTTIT,GIẤY PHÉP CUNG CẤP DỊCH VỤ MẠNG XÃ HỘI,2019-06-07,Giấy phép chính thức (ABEI - Bộ TT&TT),235/GP-TTĐT,valid,https://giayphep.abei.gov.vn/
hotro@remaps.vn,CÔNG TY CỔ PHẦN REMAPS,GIẤY PHÉP CUNG CẤP DỊCH VỤ MẠNG XÃ HỘI,2022-12-13,Giấy phép chính thức (ABEI - Bộ TT&TT),592/GP-BTTTT,valid,https://giayphep.abei.gov.vn/
hotstar.com.vn,CÔNG TY TNHH HAIWINMEDIA,GIẤY PHÉP CUNG CẤP DỊCH VỤ MẠNG XÃ HỘI,2017-11-06,Giấy phép chính thức (ABEI - Bộ TT&TT),551/GP-BTTTT,valid,https://giayphep.abei.gov.vn/
hotsteps.kul.vn,CÔNG TY CỔ PHẦN TRỰC TUYỂN CMN VIỆT NAM,QUYẾT ĐỊNH PHÁT HÀNH TRÒ CHƠI ĐIỆN TỬ G1 TRÊN MẠNG,2017-03-01,Giấy phép chính thức (ABEI - Bộ TT&TT),227/QĐ-BTTTT,valid,https://giayphep.abei.gov.vn/
hrs.3tonline.vn,CÔNG TY CỔ PHẦN GIẢI TRÍ TRỰC TUYẾN 3T,QUYẾT ĐỊNH PHÁT HÀNH TRÒ CHƠI ĐIỆN TỬ G1 TRÊN MẠNG,2022-11-25,Giấy phép chính thức (ABEI - Bộ TT&TT),2174/QĐ-BTTTT,valid,https://giayphep.abei.gov.vn/
hshv.gssgame.vn,CÔNG TY CỔ PHẦN ĐẦU TƯ GSS,QUYẾT ĐỊNH PHÁT HÀNH TRÒ CHƠI ĐIỆN TỬ G1 TRÊN MẠNG,2022-01-21,Giấy phép chính thức (ABEI - Bộ TT&TT),82/QĐ-BTTTT,valid,https://giayphep.abei.gov.vn/
ht3q.gamota.com,CÔNG TY CỔ PHẦN GAMOTA,QUYẾT ĐỊNH PHÁT HÀNH TRÒ CHƠI ĐIỆN TỬ G1 TRÊN MẠNG,2023-07-11,Giấy phép chính thức (ABEI - Bộ TT&TT),1243/QĐ-BTTTT,valid,https://giayphep.abei.gov.vn/
htbd.zoneplay.vn,CÔNG TY CỔ PHẦN GZONE MEDIA VIỆT NAM,QUYẾT ĐỊNH PHÁT HÀNH TRÒ CHƠI ĐIỆN TỬ G1 TRÊN MẠNG,2024-05-16,Giấy phép chính thức (ABEI - Bộ TT&TT),808/QĐ-BTTTT,valid,https://giayphep.abei.gov.vn/
htdc.gosu.vn,CÔNG TY CỔ PHẦN TRỰC TUYẾN GOSU,QUYẾT ĐỊNH PHÁT HÀNH TRÒ CHƠI ĐIỆN TỬ G1 TRÊN MẠNG,2020-07-30,Giấy phép chính thức (ABEI - Bộ TT&TT),1298/QĐ-BTTTT,valid,https://giayphep.abei.gov.vn/
hted.solaplay.vn,CÔNG TY CỔ PHẦN TRAVELLET VIỆT NAM,QUYẾT ĐỊNH PHÁT HÀNH TRÒ CHƠI ĐIỆN TỬ G1 TRÊN MẠNG,2021-05-12,Giấy phép chính thức (ABEI - Bộ TT&TT),640/QĐ-BTTTT,valid,https://giayphep.abei.gov.vn/
htht.duo.vn,CÔNG TY CỔ PHẦN TRỰC TUYẾN DUO,QUYẾT ĐỊNH PHÁT HÀNH TRÒ CHƠI ĐIỆN TỬ G1 TRÊN MẠNG,2021-10-19,Giấy phép chính thức (ABEI - Bộ TT&TT),1637/QĐ-BTTTT,valid,https://giayphep.abei.gov.vn/
htk.gamota.com,CÔNG TY CỔ PHẦN GAMOTA,QUYẾT ĐỊNH PHÁT HÀNH TRÒ CHƠI ĐIỆN TỬ G1 TRÊN MẠNG,2019-09-13,Giấy phép chính thức (ABEI - Bộ TT&TT),1492/QĐ-BTTTT,valid,https://giayphep.abei.gov.vn/
htlm.gaba.vn,CÔNG TY CỔ PHẦN TRÒ CHƠI VEGA,QUYẾT ĐỊNH PHÁT HÀNH TRÒ CHƠI ĐIỆN TỬ G1 TRÊN MẠNG,2017-05-12,Giấy phép chính thức (ABEI - Bộ TT&TT),704/QĐ-BTTTT,valid,https://giayphep.abei.gov.vn/
httc.esgame.vn,CÔNG TY CỔ PHẦN ĐẦU TƯ & CÔNG NGHỆ MCORP,QUYẾT ĐỊNH PHÁT HÀNH TRÒ CHƠI ĐIỆN TỬ G1 TRÊN MẠNG,2020-11-06,Giấy phép chính thức (ABEI - Bộ TT&TT),1906/QĐ-BTTTT,valid,https://giayphep.abei.gov.vn/
http.mobiz.vn,CÔNG TY CỔ PHẦN MOBIZ,QUYẾT ĐỊNH PHÁT HÀNH TRÒ CHƠI ĐIỆN TỬ G1 TRÊN MẠNG,2018-07-05,Giấy phép chính thức (ABEI - Bộ TT&TT),1056/QĐ-BTTTT,valid,https://giayphep.abei.gov.vn/
httpsänguho.sangame.m,CÔNG TY CỔ PHẦN GIẢI TRÍ TRỰC TUYỀN SUNGAME,QUYẾT ĐỊNH PHÁT HÀNH TRÒ CHƠI ĐIỆN TỬ G1 TRÊN MẠNG,2022-05-27,Giấy phép chính thức (ABEI - Bộ TT&TT),979/QĐ-BTTTT,valid,https://giayphep.abei.gov.vn/
httq.1618play.vn,CÔNG TY TNHH 1618PLAY,QUYẾT ĐỊNH PHÁT HÀNH TRÒ CHƠI ĐIỆN TỬ G1 TRÊN MẠNG,2017-06-06,Giấy phép chính thức (ABEI - Bộ TT&TT),869/QĐ-BTTTT,valid,https://giayphep.abei.gov.vn/
htv.com.vn,ĐÀI TRUYỀN HÌNH THÀNH PHỐ HỒ CHÍ MINH,GIẤY PHÉP THIẾT LẬP TRANG THÔNG TIN ĐIỆN TỬ TỔNG HỢP,2023-05-19,Giấy phép chính thức (ABEI - Bộ TT&TT),80/GP-TTĐT,valid,https://giayphep.abei.gov.vn/
huanlong.360game.vn,CÔNG TY TNHH NỘI DUNG SỐ NGUYÊN BẢO,QUYẾT ĐỊNH PHÁT HÀNH TRÒ CHƠI ĐIỆN TỬ G1 TRÊN MẠNG,2017-12-14,Giấy phép chính thức (ABEI - Bộ TT&TT),2327/QĐ-BTTTT,valid,https://giayphep.abei.gov.vn/
hub2s.com,CÔNG TY TNHH HUB2S VIỆT NAM,GIẤY PHÉP CUNG CẤP DỊCH VỤ MẠNG XÃ HỘI,2024-09-07,Giấy phép chính thức (ABEI - Bộ TT&TT),247/GP-BTTTT,valid,https://giayphep.abei.gov.vn/
hub2s.vn,CÔNG TY TNHH HUB2S VIỆT NAM,GIẤY PHÉP CUNG CẤP DỊCH VỤ MẠNG XÃ HỘI,2024-09-07,Giấy phép chính thức (ABEI - Bộ TT&TT),247/GP-BTTTT,valid,https://giayphep.abei.gov.vn/
huecity.gov.vn,VĂN PHÒNG HĐND VÀ UBND THÀNH PHỐ HUẾ,GIẤY PHÉP THIẾT LẬP TRANG THÔNG TIN ĐIỆN TỬ TỔNG HỢP,2013-04-26,Giấy phép chính thức (ABEI - Bộ TT&TT),53/GP-TTĐT,invalid,https://giayphep.abei.gov.vn/
huecity.vn,TRUNG TÂM CÔNG NGHỆ THÔNG TIN VÀ TRUYỀN THÔNG THỪA THIÊN HUẾ,GIẤY PHÉP THIẾT LẬP TRANG THÔNG TIN ĐIỆN TỬ TỔNG HỢP,2013-04-05,Giấy phép chính thức (ABEI - Bộ TT&TT),36/GP-TTĐT,invalid,https://giayphep.abei.gov.vn/
hulinhtamquoc.vn,CÔNG TY TNHH SOHA,QUYẾT ĐỊNH PHÁT HÀNH TRÒ CHƠI ĐIỆN TỬ G1 TRÊN MẠNG,2022-09-30,Giấy phép chính thức (ABEI - Bộ TT&TT),1832/QĐ-BTTTT,valid,https://giayphep.abei.gov.vn/
hungdobanghiep.plavfan.vn,CÔNG TY CỔ PHẦN FUNTAP,QUYẾT ĐỊNH PHÁT HÀNH TRÒ CHƠI ĐIỆN TỬ G1 TRÊN MẠNG,2022-05-27,Giấy phép chính thức (ABEI - Bộ TT&TT),978/QĐ-BTTTT,valid,https://giayphep.abei.gov.vn/
hungdobanghiep.playfun.vn,CÔNG TY CỔ PHẦN FUNTAP,QUYẾT ĐỊNH PHÁT HÀNH TRÒ CHƠI ĐIỆN TỬ G1 TRÊN MẠNG,2022-05-27,Giấy phép chính thức (ABEI - Bộ TT&TT),978 /QĐ-BTTTT,valid,https://giayphep.abei.gov.vn/
hungyentv.vn,ĐÀI PHÁT THANH VÀ TRUYỀN HÌNH HƯNG YÊN,GIẤY PHÉP THIẾT LẬP TRANG THÔNG TIN ĐIỆN TỬ TỔNG HỢP,2019-01-07,Giấy phép chính thức (ABEI - Bộ TT&TT),07/GP-TTĐT,invalid,https://giayphep.abei.gov.vn/
huongnghiepthitruong.vn,VIỆN NGHIÊN CỨU THỊ TRƯỜNG - TRUYỀN THÔNG QUỐC TẾ,GIẤY PHÉP THIẾT LẬP TRANG THÔNG TIN ĐIỆN TỬ TỔNG HỢP,2022-01-27,Giấy phép chính thức (ABEI - Bộ TT&TT),13/GP-TTĐT,valid,https://giayphep.abei.gov.vn/
huyenthecuuca.playfun.vn,CÔNG TY CỔ PHẦN FUNTAP,QUYẾT ĐỊNH PHÁT HÀNH TRÒ CHƠI ĐIỆN TỬ G1 TRÊN MẠNG,2020-09-04,Giấy phép chính thức (ABEI - Bộ TT&TT),1513/QĐ-BTTTT,invalid,https://giayphep.abei.gov.vn/
huyenthoailangla.vn,CÔNG TY CỔ PHẦN ACE GAME,QUYẾT ĐỊNH PHÁT HÀNH TRÒ CHƠI ĐIỆN TỬ G1 TRÊN MẠNG,2024-03-26,Giấy phép chính thức (ABEI - Bộ TT&TT),388/QĐ-BTTTT,valid,https://giayphep.abei.gov.vn/
huyenthoailukhach.gamz.vn,CÔNG TY CỔ PHẦN CÔNG NGHỆ GAMZ,QUYẾT ĐỊNH PHÁT HÀNH TRÒ CHƠI ĐIỆN TỬ G1 TRÊN MẠNG,2025-01-21,Giấy phép chính thức (ABEI - Bộ TT&TT),93/QĐ-BTTTT,valid,https://giayphep.abei.gov.vn/
huyenthoainhangia.gosu.vn,CÔNG TY CỔ PHẦN TRỰC TUYẾN GOSU,QUYẾT ĐỊNH PHÁT HÀNH TRÒ CHƠI ĐIỆN TỬ G1 TRÊN MẠNG,2020-03-26,Giấy phép chính thức (ABEI - Bộ TT&TT),428/QĐ-BTTTT,invalid,https://giayphep.abei.gov.vn/
huyenthoainhangia.vn,CÔNG TY CỔ PHẦN TRỰC TUYẾN DUO,QUYẾT ĐỊNH PHÁT HÀNH TRÒ CHƠI ĐIỆN TỬ G1 TRÊN MẠNG,2021-10-19,Giấy phép chính thức (ABEI - Bộ TT&TT),1636/QĐ-BTTTT,valid,https://giayphep.abei.gov.vn/
huyenthoaitk.vn,CÔNG TY CỔ PHẦN TEPAYLINK,QUYẾT ĐỊNH PHÁT HÀNH TRÒ CHƠI ĐIỆN TỬ G1 TRÊN MẠNG,2024-03-15,Giấy phép chính thức (ABEI - Bộ TT&TT),326/QĐ-BTTTT,valid,https://giayphep.abei.gov.vn/
huyentuong.cmn.vn,CÔNG TY CỔ PHẦN TRỰC TUYẾN CMN VIỆT NAM,QUYẾT ĐỊNH PHÁT HÀNH TRÒ CHƠI ĐIỆN TỬ G1 TRÊN MẠNG,2024-09-20,Giấy phép chính thức (ABEI - Bộ TT&TT),1570 /QĐ-BTTTT,valid,https://giayphep.abei.gov.vn/
huyentuongtamquoc.playfun.vn,CÔNG TY CỔ PHẦN FUNTAP,QUYẾT ĐỊNH PHÁT HÀNH TRÒ CHƠI ĐIỆN TỬ G1 TRÊN MẠNG,2022-04-22,Giấy phép chính thức (ABEI - Bộ TT&TT),744 /QĐ-BTTTT,valid,https://giayphep.abei.gov.vn/
huyentuongtaydu.vn,CÔNG TY CỔ PHẦN DỊCH VỤ TRỰC TUYẾN MIGA,QUYẾT ĐỊNH PHÁT HÀNH TRÒ CHƠI ĐIỆN TỬ G1 TRÊN MẠNG,2024-10-18,Giấy phép chính thức (ABEI - Bộ TT&TT),1790/QĐ-BTTTT,invalid,https://giayphep.abei.gov.vn/
huyetanhsongsinh.vn,CÔNG TY CỔ PHẦN TRAVELLET VIỆT NAM,QUYẾT ĐỊNH PHÁT HÀNH TRÒ CHƠI ĐIỆN TỬ G1 TRÊN MẠNG,2024-04-10,Giấy phép chính thức (ABEI - Bộ TT&TT),524/QĐ-BTTTT,valid,https://giayphep.abei.gov.vn/
huyetchienthienha.vn,CÔNG TY CỔ PHẦN VCCORP,QUYẾT ĐỊNH PHÁT HÀNH TRÒ CHƠI ĐIỆN TỬ G1 TRÊN MẠNG,2018-07-20,Giấy phép chính thức (ABEI - Bộ TT&TT),1213/QĐ-BTTTT,invalid,https://giayphep.abei.gov.vn/
huyetkiem.360game.vn,CÔNG TY TNHH TRUYỀN THÔNG MINH PHƯƠNG THỊNH,QUYẾT ĐỊNH PHÁT HÀNH TRÒ CHƠI ĐIỆN TỬ G1 TRÊN MẠNG,2017-06-30,Giấy phép chính thức (ABEI - Bộ TT&TT),1034/QĐ-BTTTT,valid,https://giayphep.abei.gov.vn/
huynhde.vn,CÔNG TY TNHH SOHA,QUYẾT ĐỊNH PHÁT HÀNH TRÒ CHƠI ĐIỆN TỬ G1 TRÊN MẠNG,2018-08-01,Giấy phép chính thức (ABEI - Bộ TT&TT),1281/QĐ-BTTTT,valid,https://giayphep.abei.gov.vn/
hvbb.360game.vn,CÔNG TY TNHH TRUYỀN THÔNG MINH PHƯƠNG THỊNH,QUYẾT ĐỊNH PHÁT HÀNH TRÒ CHƠI ĐIỆN TỬ G1 TRÊN MẠNG,2019-09-30,Giấy phép chính thức (ABEI - Bộ TT&TT),1595/QĐ-BTTTT,valid,https://giayphep.abei.gov.vn/
hw.dzogame.vn,CÔNG TY TNHH CHÂU Á MỀM,QUYẾT ĐỊNH PHÁT HÀNH TRÒ CHƠI ĐIỆN TỬ G1 TRÊN MẠNG,2019-07-30,Giấy phép chính thức (ABEI - Bộ TT&TT),1149 /QĐ-BTTTT,valid,https://giayphep.abei.gov.vn/
hw.mobo.vn,CÔNG TY CỔ PHẦN GIẢI TRÍ DI ĐỘNG,QUYẾT ĐỊNH PHÁT HÀNH TRÒ CHƠI ĐIỆN TỬ G1 TRÊN MẠNG,2017-04-03,Giấy phép chính thức (ABEI - Bộ TT&TT),473/QĐ-BTTTT,invalid,https://giayphep.abei.gov.vn/
hypebeast.vn,CÔNG TY TNHH MTV MVRK,GIẤY PHÉP CUNG CẤP DỊCH VỤ MẠNG XÃ HỘI,2023-11-21,Giấy phép chính thức (ABEI - Bộ TT&TT),434/GP-BTTTT,invalid,https://giayphep.abei.gov.vn/
hyperfront.hhgame.vn,CÔNG TY CỔ PHẦN PHÁT TRIỂN CÔNG NGHỆ SỐ HỒNG HÀ,QUYẾT ĐỊNH PHÁT HÀNH TRÒ CHƠI ĐIỆN TỬ G1 TRÊN MẠNG,2022-07-25,Giấy phép chính thức (ABEI - Bộ TT&TT),1426 /QĐ-BTTTT,valid,https://giayphep.abei.gov.vn/
ialo.com.vn,CÔNG TY TNHH AI QUỐC TẾ,GIẤY PHÉP CUNG CẤP DỊCH VỤ MẠNG XÃ HỘI,2019-06-07,Giấy phép chính thức (ABEI - Bộ TT&TT),233/GP-BTTTT,valid,https://giayphep.abei.gov.vn/
ialo.vn,CÔNG TY TNHH AI QUỐC TẾ,GIẤY PHÉP CUNG CẤP DỊCH VỤ MẠNG XÃ HỘI,2019-06-07,Giấy phép chính thức (ABEI - Bộ TT&TT),233/GP-BTTTT,valid,https://giayphep.abei.gov.vn/
ica.net.vn,Công ty TNHH ZingPlay Việt Nam,QUYẾT ĐỊNH PHÁT HÀNH TRÒ CHƠI ĐIỆN TỬ G1 TRÊN MẠNG,2026-05-06,Giấy phép chính thức (ABEI - Bộ TT&TT),230/QĐ-PTTH&TTĐT,valid,https://giayphep.abei.gov.vn/
icarusm.sohagame.vn,CÔNG TY TNHH SOHA,QUYẾT ĐỊNH PHÁT HÀNH TRÒ CHƠI ĐIỆN TỬ G1 TRÊN MẠNG,2022-01-24,Giấy phép chính thức (ABEI - Bộ TT&TT),104 /OĐ-BTTTT,valid,https://giayphep.abei.gov.vn/
icon.com.vn,TRUNG TÂM CÔNG NGHỆ THÔNG TIN - TẬP ĐOÀN ĐIỆN LỰC VIỆT NAM,GIẤY PHÉP THIẾT LẬP TRANG THÔNG TIN ĐIỆN TỬ TỔNG HỢP,2015-01-30,Giấy phép chính thức (ABEI - Bộ TT&TT),05/GP-TTĐT,invalid,https://giayphep.abei.gov.vn/
ict-backan.gov.vn,SỞ THÔNG TIN VÀ TRUYỀN THÔNG BẮC KẠN,GIẤY PHÉP THIẾT LẬP TRANG THÔNG TIN ĐIỆN TỬ TỔNG HỢP,2016-01-12,Giấy phép chính thức (ABEI - Bộ TT&TT),02/GP-TTĐT,invalid,https://giayphep.abei.gov.vn/
ict-hcm.gov.vn,SỞ THÔNG TIN VÀ TRUYỀN THÔNG THÀNH PHỐ HỒ CHÍ MINH,GIẤY PHÉP THIẾT LẬP TRANG THÔNG TIN ĐIỆN TỬ TỔNG HỢP,2018-04-26,Giấy phép chính thức (ABEI - Bộ TT&TT),91/GP-TTĐT,valid,https://giayphep.abei.gov.vn/
ict-khanhhoa.vn,SỞ THÔNG TIN VÀ TRUYỀN THÔNG KHÁNH HÒA,GIẤY PHÉP THIẾT LẬP TRANG THÔNG TIN ĐIỆN TỬ TỔNG HỢP,2016-04-28,Giấy phép chính thức (ABEI - Bộ TT&TT),39/GP-TTĐT,valid,https://giayphep.abei.gov.vn/
ict.backan.gov.vn,SỞ THÔNG TIN VÀ TRUYỀN THÔNG BẮC KẠN,GIẤY PHÉP THIẾT LẬP TRANG THÔNG TIN ĐIỆN TỬ TỔNG HỢP,2023-04-24,Giấy phép chính thức (ABEI - Bộ TT&TT),55/GP-TTĐT,invalid,https://giayphep.abei.gov.vn/
ictlife.vn,CÔNG TY CỔ PHẦN ICT LIFE,GIẤY PHÉP CUNG CẤP DỊCH VỤ MẠNG XÃ HỘI,2021-05-21,Giấy phép chính thức (ABEI - Bộ TT&TT),292/GP-BTTTT,valid,https://giayphep.abei.gov.vn/
ictmoh.gov.vn,CỤC CÔNG NGHỆ THÔNG TIN,GIẤY PHÉP THIẾT LẬP TRANG THÔNG TIN ĐIỆN TỬ TỔNG HỢP,2017-02-06,Giấy phép chính thức (ABEI - Bộ TT&TT),58/GP-TTĐT,valid,https://giayphep.abei.gov.vn/
ictpress.vn,LIÊN CHI HỘI NHÀ BÁO THÔNG TIN VÀ TRUYỀN THÔNG,GIẤY PHÉP THIẾT LẬP TRANG THÔNG TIN ĐIỆN TỬ TỔNG HỢP,2017-02-06,Giấy phép chính thức (ABEI - Bộ TT&TT),56/GP-TTĐT,valid,https://giayphep.abei.gov.vn/
idea.gov.vn,CỤC THƯƠNG MẠI ĐIỆN TỬ VÀ KINH TẾ SỐ,GIẤY PHÉP THIẾT LẬP TRANG THÔNG TIN ĐIỆN TỬ TỔNG HỢP,2018-05-09,Giấy phép chính thức (ABEI - Bộ TT&TT),110/GP-TTĐT,valid,https://giayphep.abei.gov.vn/
idlegog.playfun.vn,CÔNG TY CỔ PHẦN PHÁT TRIỂN CÔNG NGHỆ SỐ HỒNG HÀ,QUYẾT ĐỊNH PHÁT HÀNH TRÒ CHƠI ĐIỆN TỬ G1 TRÊN MẠNG,2022-09-29,Giấy phép chính thức (ABEI - Bộ TT&TT),1802/QĐ-BTTTT,valid,https://giayphep.abei.gov.vn/
ido.gamota.com,CÔNG TY CỔ PHẦN GAMOTA,QUYẾT ĐỊNH PHÁT HÀNH TRÒ CHƠI ĐIỆN TỬ G1 TRÊN MẠNG,2023-09-19,Giấy phép chính thức (ABEI - Bộ TT&TT),1801/QĐ-BTTTT,valid,https://giayphep.abei.gov.vn/
idoltamquoc.vn,CÔNG TY CỔ PHẦN FUNTAP,QUYẾT ĐỊNH PHÁT HÀNH TRÒ CHƠI ĐIỆN TỬ G1 TRÊN MẠNG,2019-12-25,Giấy phép chính thức (ABEI - Bộ TT&TT),2256 /QĐ-BTTTT,valid,https://giayphep.abei.gov.vn/
iduo.com,CÔNG TY CỔ PHẦN TRỰC TUYẾN DUO,QUYẾT ĐỊNH PHÁT HÀNH TRÒ CHƠI ĐIỆN TỬ G1 TRÊN MẠNG,2022-07-18,Giấy phép chính thức (ABEI - Bộ TT&TT),1393/QĐ-BTTTT,valid,https://giayphep.abei.gov.vn/
iduo.vn,CÔNG TY CỔ PHẦN TRỰC TUYẾN DUO,QUYẾT ĐỊNH PHÁT HÀNH TRÒ CHƠI ĐIỆN TỬ G1 TRÊN MẠNG,2021-06-25,Giấy phép chính thức (ABEI - Bộ TT&TT),908/QĐ-BTTTT,valid,https://giayphep.abei.gov.vn/
igip.gov.vn,"CỤC ĐỔI MỚI SÁNG TẠO, CHUYỂN ĐỔI XANH VÀ KHUYẾN CÔNG",GIẤY PHÉP THIẾT LẬP TRANG THÔNG TIN ĐIỆN TỬ TỔNG HỢP,2025-05-14,Giấy phép chính thức (ABEI - Bộ TT&TT),75 /GP-TTĐT,valid,https://giayphep.abei.gov.vn/
iguru.vn,CÔNG TY CỔ PHẦN CHỨNG KHOÁN SSI,GIẤY PHÉP CUNG CẤP DỊCH VỤ MẠNG XÃ HỘI,2023-07-26,Giấy phép chính thức (ABEI - Bộ TT&TT),253/GP-BTTTT,invalid,https://giayphep.abei.gov.vn/
ihago.vn,CÔNG TY CỔ PHẦN JOMBOJOY TECHNOLOGY,GIẤY PHÉP CUNG CẤP DỊCH VỤ MẠNG XÃ HỘI,2020-09-17,Giấy phép chính thức (ABEI - Bộ TT&TT),399/GP-BTTTT,valid,https://giayphep.abei.gov.vn/
ihtg.com.vn,ĐÀI PHÁT THANH VÀ TRUYỀN HÌNH TIỀN GIANG,GIẤY PHÉP THIẾT LẬP TRANG THÔNG TIN ĐIỆN TỬ TỔNG HỢP,2019-10-31,Giấy phép chính thức (ABEI - Bộ TT&TT),204/GP-TTĐT,valid,https://giayphep.abei.gov.vn/
iirr.vn,VIỆN NGHIÊN CỨU CHÍNH SÁCH QUẢN LÝ BẤT ĐỘNG SẢN VÀ CÔNG TRÌNH DÂN DỤNG QUỐC TẾ,GIẤY PHÉP THIẾT LẬP TRANG THÔNG TIN ĐIỆN TỬ TỔNG HỢP,2021-09-15,Giấy phép chính thức (ABEI - Bộ TT&TT),157/GP-TTĐT,valid,https://giayphep.abei.gov.vn/
ilikee.net,CÔNG TY TNHH CÔNG NGHỆ MẠNG THÔNG TIN VIỆT NAM,GIẤY PHÉP CUNG CẤP DỊCH VỤ MẠNG XÃ HỘI,2020-10-23,Giấy phép chính thức (ABEI - Bộ TT&TT),462/GP-BTTTT,valid,https://giayphep.abei.gov.vn/
ilikee.vn,CÔNG TY TNHH CÔNG NGHỆ MẠNG THÔNG TIN VIỆT NAM,GIẤY PHÉP CUNG CẤP DỊCH VỤ MẠNG XÃ HỘI,2020-10-23,Giấy phép chính thức (ABEI - Bộ TT&TT),462/GP-BTTTT,valid,https://giayphep.abei.gov.vn/
ilikepub.com,CÔNG TY TNHH CÔNG NGHỆ MẠNG THÔNG TIN VIỆT NAM,GIẤY PHÉP CUNG CẤP DỊCH VỤ MẠNG XÃ HỘI,2020-10-23,Giấy phép chính thức (ABEI - Bộ TT&TT),462/GP-BTTTT,valid,https://giayphep.abei.gov.vn/
ilikepub.net,CÔNG TY TNHH CÔNG NGHỆ MẠNG THÔNG TIN VIỆT NAM,GIẤY PHÉP CUNG CẤP DỊCH VỤ MẠNG XÃ HỘI,2020-10-23,Giấy phép chính thức (ABEI - Bộ TT&TT),462/GP-BTTTT,valid,https://giayphep.abei.gov.vn/
ilive.vn,CÔNG TY CỔ PHẦN BẠCH MINH,GIẤY PHÉP CUNG CẤP DỊCH VỤ MẠNG XÃ HỘI,2017-09-18,Giấy phép chính thức (ABEI - Bộ TT&TT),450/GP-BTTTT,valid,https://giayphep.abei.gov.vn/
imaxhitech.vn,CÔNG TY TNHH CÔNG NGHỆ CAO IMAX,GIẤY PHÉP CUNG CẤP DỊCH VỤ MẠNG XÃ HỘI,2022-11-16,Giấy phép chính thức (ABEI - Bộ TT&TT),544/GP-BTTTT,valid,https://giayphep.abei.gov.vn/
imediatech.com.vn,CÔNG TY CỔ CÔNG NGHỆ VÀ DỊCH VỤ IMEDIA,"GIẤY XÁC NHẬN THÔNG BÁO PHÁT HÀNH TRÒ CHƠI ĐIỆN TỬ G2,G3,G4",2018-11-30,Giấy phép chính thức (ABEI - Bộ TT&TT),305/GXN-PTTH&TTĐT,valid,https://giayphep.abei.gov.vn/
immortal.opengame.vn,CÔNG TY TNHH OPENGAME,QUYẾT ĐỊNH PHÁT HÀNH TRÒ CHƠI ĐIỆN TỬ G1 TRÊN MẠNG,2024-07-15,Giấy phép chính thức (ABEI - Bộ TT&TT),1176/QĐ-BTTTT,valid,https://giayphep.abei.gov.vn/
imos.vn,CÔNG TY CỔ PHẦN CÔNG NGHỆ THÔNG TIN VÀ GIẢI PHÁP DI ĐỘNG,GIẤY PHÉP CUNG CẤP DỊCH VỤ MẠNG XÃ HỘI,2020-09-23,Giấy phép chính thức (ABEI - Bộ TT&TT),407/GP-BTTTT,valid,https://giayphep.abei.gov.vn/
imth.zoneplay.vn,CÔNG TY TNHH GZONE MEDIA VIỆT NAM,QUYẾT ĐỊNH PHÁT HÀNH TRÒ CHƠI ĐIỆN TỬ G1 TRÊN MẠNG,2021-05-13,Giấy phép chính thức (ABEI - Bộ TT&TT),647/QĐ-BTTTT,valid,https://giayphep.abei.gov.vn/
infinitykingdom.vn,CÔNG TY CỔ PHẦN FUNTAP,QUYẾT ĐỊNH PHÁT HÀNH TRÒ CHƠI ĐIỆN TỬ G1 TRÊN MẠNG,2026-03-25,Giấy phép chính thức (ABEI - Bộ TT&TT),142/QĐ-PTTH&TTĐT,valid,https://giayphep.abei.gov.vn/
info@nbmedia.vn,CÔNG TY TNHH TRUYỀN THÔNG THƯƠNG HIỆU MỚI,GIẤY PHÉP CUNG CẤP DỊCH VỤ MẠNG XÃ HỘI,2026-05-12,Giấy phép chính thức (ABEI - Bộ TT&TT),61/GP-BVHTTDL,valid,https://giayphep.abei.gov.vn/
info@tbgame.vn,CÔNG TY TNHH TRÒ CHƠI TRỰC TUYẾN THIENBAO,QUYẾT ĐỊNH PHÁT HÀNH TRÒ CHƠI ĐIỆN TỬ G1 TRÊN MẠNG,2021-07-20,Giấy phép chính thức (ABEI - Bộ TT&TT),1028/QĐ-BTTTT,valid,https://giayphep.abei.gov.vn/
info@tieudiemviet.vn,CÔNG TY CỔ PHẦN TIÊU ĐIỂM VIỆT NAM,GIẤY PHÉP CUNG CẤP DỊCH VỤ MẠNG XÃ HỘI,2017-05-10,Giấy phép chính thức (ABEI - Bộ TT&TT),206/GP-BTTTT,valid,https://giayphep.abei.gov.vn/
infok.vn,CÔNG TY CỔ PHẦN TRUYỀN THÔNG CÔNG NGHỆ ĐA PHƯƠNG TIỆN INFOK,GIẤY PHÉP CUNG CẤP DỊCH VỤ MẠNG XÃ HỘI,2017-08-09,Giấy phép chính thức (ABEI - Bộ TT&TT),385/GP-BTTTT,valid,https://giayphep.abei.gov.vn/
inplay.vn,CÔNG TY CỔ PHẦN GIẢI PHÁP CÔNG NGHỆ THÔNG TIN QUỐC TẾ,QUYẾT ĐỊNH PHÁT HÀNH TRÒ CHƠI ĐIỆN TỬ G1 TRÊN MẠNG,2025-04-21,Giấy phép chính thức (ABEI - Bộ TT&TT),128/QĐ-PTTH&TTĐT,valid,https://giayphep.abei.gov.vn/
intecom.vtc.vn,CÔNG TY VTC CÔNG NGHỆ VÀ NỘI DUNG SỐ,QUYẾT ĐỊNH PHÁT HÀNH TRÒ CHƠI ĐIỆN TỬ G1 TRÊN MẠNG,2025-12-19,Giấy phép chính thức (ABEI - Bộ TT&TT),564 /QĐ-PTTH&TTĐT,valid,https://giayphep.abei.gov.vn/
intelligencessaigon.vn,CÔNG TY TNHH MOBILE INTELLIGENCE SAIGON,QUYẾT ĐỊNH PHÁT HÀNH TRÒ CHƠI ĐIỆN TỬ G1 TRÊN MẠNG,2025-12-31,Giấy phép chính thức (ABEI - Bộ TT&TT),599/QĐ-PTTH&TTĐT,valid,https://giayphep.abei.gov.vn/
interits.com,CÔNG TY CỔ PHẦN GIẢI PHÁP CÔNG NGHỆ THÔNG TIN QUỐC TẾ,QUYẾT ĐỊNH PHÁT HÀNH TRÒ CHƠI ĐIỆN TỬ G1 TRÊN MẠNG,2025-04-21,Giấy phép chính thức (ABEI - Bộ TT&TT),128/QĐ-PTTH&TTĐT,valid,https://giayphep.abei.gov.vn/
inuyasha.vn,CÔNG TY CỔ PHẦN TRỰC TUYẾN CMN VIỆT NAM,QUYẾT ĐỊNH PHÁT HÀNH TRÒ CHƠI ĐIỆN TỬ G1 TRÊN MẠNG,2018-01-11,Giấy phép chính thức (ABEI - Bộ TT&TT),26/QĐ-BTTTT,valid,https://giayphep.abei.gov.vn/
investforum.vn,CÔNG TY CỔ PHẦN MARINA CAPITAL,GIẤY PHÉP CUNG CẤP DỊCH VỤ MẠNG XÃ HỘI,2020-02-28,Giấy phép chính thức (ABEI - Bộ TT&TT),81/GP-BTTTT,valid,https://giayphep.abei.gov.vn/
investvietnam.gov.vn,TRUNG TÂM XÚC TIẾN ĐẦU TƯ PHÁT TRIỂN CÔNG THƯƠNG,GIẤY PHÉP THIẾT LẬP TRANG THÔNG TIN ĐIỆN TỬ TỔNG HỢP,2016-11-09,Giấy phép chính thức (ABEI - Bộ TT&TT),183/GP-TTĐT,invalid,https://giayphep.abei.gov.vn/
irsocial.vn,CÔNG TY CỔ PHẦN CÔNG NGHỆ SỐ DIA,GIẤY PHÉP CUNG CẤP DỊCH VỤ MẠNG XÃ HỘI,2024-06-27,Giấy phép chính thức (ABEI - Bộ TT&TT),169/GP-BTTTT,valid,https://giayphep.abei.gov.vn/
ispaylink.net.vn,CÔNG TY CỔ PHẦN TEPAYLINK,QUYẾT ĐỊNH PHÁT HÀNH TRÒ CHƠI ĐIỆN TỬ G1 TRÊN MẠNG,2023-09-29,Giấy phép chính thức (ABEI - Bộ TT&TT),1874/QĐ-BTTTT,valid,https://giayphep.abei.gov.vn/
itap.vn,CÔNG TY CỔ PHẦN TRUYỀN HÌNH TƯƠNG TÁC VIỆT NAM,"GIẤY XÁC NHẬN THÔNG BÁO PHÁT HÀNH TRÒ CHƠI ĐIỆN TỬ G2,G3,G4",2021-07-20,Giấy phép chính thức (ABEI - Bộ TT&TT),126/GXN-PTTH&TTĐT,valid,https://giayphep.abei.gov.vn/
ivideo.com.vn,CÔNG TY TNHH ĐẦU TƯ GIẢI TRÍ SÀI GÒN POST,GIẤY PHÉP CUNG CẤP DỊCH VỤ MẠNG XÃ HỘI,2019-10-22,Giấy phép chính thức (ABEI - Bộ TT&TT),452/GP-BTTTT,valid,https://giayphep.abei.gov.vn/
ivideo.vn,CÔNG TY TNHH ĐẦU TƯ GIẢI TRÍ SÀI GÒN POST,GIẤY PHÉP CUNG CẤP DỊCH VỤ MẠNG XÃ HỘI,2019-10-22,Giấy phép chính thức (ABEI - Bộ TT&TT),452/GP-BTTTT,valid,https://giayphep.abei.gov.vn/
ivn.net.vn,VIỆN PHÁT TRIỂN DOANH NGHIỆP VÀ TÀI NĂNG VIỆT NAM,GIẤY PHÉP THIẾT LẬP TRANG THÔNG TIN ĐIỆN TỬ TỔNG HỢP,2022-10-27,Giấy phép chính thức (ABEI - Bộ TT&TT),140/GP-TTĐT,valid,https://giayphep.abei.gov.vn/
iw.zoneplay.vn,CÔNG TY CỔ PHẦN GZONE MEDIA VIỆT NAM,QUYẾT ĐỊNH PHÁT HÀNH TRÒ CHƠI ĐIỆN TỬ G1 TRÊN MẠNG,2022-06-14,Giấy phép chính thức (ABEI - Bộ TT&TT),1081/QĐ-BTTTT,valid,https://giayphep.abei.gov.vn/
iwealthclub.com.vn,CÔNG TY CỔ PHẦN CHỨNG KHOÁN KỸ THƯƠNG,GIẤY PHÉP CUNG CẤP DỊCH VỤ MẠNG XÃ HỘI,2020-06-17,Giấy phép chính thức (ABEI - Bộ TT&TT),255/GP-BTTTT,valid,https://giayphep.abei.gov.vn/
iwing.vn,CÔNG TY TNHH NANOVA,GIẤY PHÉP CUNG CẤP DỊCH VỤ MẠNG XÃ HỘI,2019-09-30,Giấy phép chính thức (ABEI - Bộ TT&TT),414/GP-BTTTT,valid,https://giayphep.abei.gov.vn/
iza.haiduong.vn,CÔNG TY CỔ PHẦN TRUYỀN THÔNG VÀ DỊCH VỤ PTC VINA,GIẤY PHÉP THIẾT LẬP TRANG THÔNG TIN ĐIỆN TỬ TỔNG HỢP,2013-04-26,Giấy phép chính thức (ABEI - Bộ TT&TT),49/GP-TTĐT,invalid,https://giayphep.abei.gov.vn/
izhanam.gov.vn,BAN QUẢN LÝ CÁC KHU CÔNG NGHIỆP TỈNH HÀ NAM,GIẤY PHÉP THIẾT LẬP TRANG THÔNG TIN ĐIỆN TỬ TỔNG HỢP,2013-03-28,Giấy phép chính thức (ABEI - Bộ TT&TT),31/GP-TTĐT,invalid,https://giayphep.abei.gov.vn/
izienglish.vn,CÔNG TY CỔ PHẦN TRUYỀN THÔNG VÀ CÔNG NGHỆ 3T VIỆT NAM,GIẤY PHÉP CUNG CẤP DỊCH VỤ MẠNG XÃ HỘI,2017-03-13,Giấy phép chính thức (ABEI - Bộ TT&TT),90/GP-BTTTT,valid,https://giayphep.abei.gov.vn/
izigame.vn,CÔNG TY CỔ PHẦN TRUYỀN THÔNG VÀ CÔNG NGHỆ 3T VIỆT NAM,GIẤY PHÉP CUNG CẤP DỊCH VỤ MẠNG XÃ HỘI,2017-03-22,Giấy phép chính thức (ABEI - Bộ TT&TT),119/GP-BTTTT,valid,https://giayphep.abei.gov.vn/
jduo.vn,CÔNG TY CỔ PHẦN TRỰC TUYẾN DUO,QUYẾT ĐỊNH PHÁT HÀNH TRÒ CHƠI ĐIỆN TỬ G1 TRÊN MẠNG,2022-01-19,Giấy phép chính thức (ABEI - Bộ TT&TT),66/QĐ-BTTTT,valid,https://giayphep.abei.gov.vn/
jgooooo.vn,CÔNG TY CỔ PHẦN UTO TECHNOLOGY,GIẤY PHÉP CUNG CẤP DỊCH VỤ MẠNG XÃ HỘI,2021-05-18,Giấy phép chính thức (ABEI - Bộ TT&TT),288/GP-BTTTT,valid,https://giayphep.abei.gov.vn/
jhrcdj.mocgame.vn,CÔNG TY TNHH TRÒ CHƠI MỘC ,QUYẾT ĐỊNH PHÁT HÀNH TRÒ CHƠI ĐIỆN TỬ G1 TRÊN MẠNG,2025-09-15,Giấy phép chính thức (ABEI - Bộ TT&TT),391/QĐ-PTTH&TTĐT,valid,https://giayphep.abei.gov.vn/
jhrcdjvn.mocgames.com,CÔNG TY TNHH TRÒ CHƠI MỘC ,QUYẾT ĐỊNH PHÁT HÀNH TRÒ CHƠI ĐIỆN TỬ G1 TRÊN MẠNG,2025-09-15,Giấy phép chính thức (ABEI - Bộ TT&TT),391/QĐ-PTTH&TTĐT,valid,https://giayphep.abei.gov.vn/
job3s.vn,CÔNG TY CỔ PHẦN CÔNG NGHỆ 3S GROUP,GIẤY PHÉP CUNG CẤP DỊCH VỤ MẠNG XÃ HỘI,2024-01-04,Giấy phép chính thức (ABEI - Bộ TT&TT),06/GP-BTTTT,valid,https://giayphep.abei.gov.vn/
jobo.vn,CÔNG TY CỔ PHẦN CLEVER JOB,GIẤY PHÉP CUNG CẤP DỊCH VỤ MẠNG XÃ HỘI,2023-12-13,Giấy phép chính thức (ABEI - Bộ TT&TT),59/GP-BTTTT,valid,https://giayphep.abei.gov.vn/
jobsgo.vn,CÔNG TY CỔ PHẦN JOBSGO,GIẤY PHÉP CUNG CẤP DỊCH VỤ MẠNG XÃ HỘI,2021-08-30,Giấy phép chính thức (ABEI - Bộ TT&TT),568/GP-BTTTT,valid,https://giayphep.abei.gov.vn/
jofun.vn,CÔNG TY CỔ PHẦN TRUYỀN THÔNG BẢN VIỆT,GIẤY PHÉP CUNG CẤP DỊCH VỤ MẠNG XÃ HỘI,2020-01-20,Giấy phép chính thức (ABEI - Bộ TT&TT),31/GP-BTTTT,valid,https://giayphep.abei.gov.vn/
jojogamer.com,CÔNG TY TNHH THƯƠNG MẠI GIẢI TRÍ JOJO,"GIẤY XÁC NHẬN THÔNG BÁO PHÁT HÀNH TRÒ CHƠI ĐIỆN TỬ G2,G3,G4",2021-01-13,Giấy phép chính thức (ABEI - Bộ TT&TT),14/GXN-PTTH&TTĐT,valid,https://giayphep.abei.gov.vn/
journalofscience.ou.edu.vn,TẠP CHÍ KHOA HỌC ĐẠI HỌC MỞ THÀNH PHỐ HỒ CHÍ MINH,GIẤY PHÉP THIẾT LẬP TRANG THÔNG TIN ĐIỆN TỬ TỔNG HỢP,2021-01-07,Giấy phép chính thức (ABEI - Bộ TT&TT),03/GP-TTĐT,valid,https://giayphep.abei.gov.vn/
joycorp.vn,CÔNG TY TNHH GIẢI TRÍ JOY,QUYẾT ĐỊNH PHÁT HÀNH TRÒ CHƠI ĐIỆN TỬ G1 TRÊN MẠNG,2019-11-25,Giấy phép chính thức (ABEI - Bộ TT&TT),2004/QĐ-BTTTT,valid,https://giayphep.abei.gov.vn/
joygame.vn,CÔNG TY TNHH JOYGAMES ,QUYẾT ĐỊNH PHÁT HÀNH TRÒ CHƠI ĐIỆN TỬ G1 TRÊN MẠNG,2025-07-31,Giấy phép chính thức (ABEI - Bộ TT&TT),335/QĐ-PTTH&TTĐT,valid,https://giayphep.abei.gov.vn/
joygames.vn,CÔNG TY TNHH JOYGAMES,QUYẾT ĐỊNH PHÁT HÀNH TRÒ CHƠI ĐIỆN TỬ G1 TRÊN MẠNG,2026-04-24,Giấy phép chính thức (ABEI - Bộ TT&TT),210/QĐ-PTTH&TTĐT,valid,https://giayphep.abei.gov.vn/
joylada.vn,CÔNG TY CỔ PHẦN TRUYỀN THÔNG IMBEE,GIẤY PHÉP CUNG CẤP DỊCH VỤ MẠNG XÃ HỘI,2019-07-18,Giấy phép chính thức (ABEI - Bộ TT&TT),291/GP-BTTTT,invalid,https://giayphep.abei.gov.vn/
joyme.io,CÔNG TY CỔ PHẦN VIETNAM NEW LIFESTYLE INCUBATION,GIẤY PHÉP CUNG CẤP DỊCH VỤ MẠNG XÃ HỘI,2022-10-17,Giấy phép chính thức (ABEI - Bộ TT&TT),493/GP-BTTTT,valid,https://giayphep.abei.gov.vn/
joyme.vn,CÔNG TY CỔ PHẦN VIETNAM NEW LIFESTYLE INCUBATION,GIẤY PHÉP CUNG CẤP DỊCH VỤ MẠNG XÃ HỘI,2022-10-17,Giấy phép chính thức (ABEI - Bộ TT&TT),493/GP-BTTTT,valid,https://giayphep.abei.gov.vn/
joymientertainment.vn,CÔNG TY CỔ PHẦN JOYMI ENTERTAINMENT,QUYẾT ĐỊNH PHÁT HÀNH TRÒ CHƠI ĐIỆN TỬ G1 TRÊN MẠNG,2017-04-14,Giấy phép chính thức (ABEI - Bộ TT&TT),535/QĐ-BTTTT,valid,https://giayphep.abei.gov.vn/
joyplay.vn,CÔNG TY TNHH JOYGAMES,QUYẾT ĐỊNH PHÁT HÀNH TRÒ CHƠI ĐIỆN TỬ G1 TRÊN MẠNG,2025-09-11,Giấy phép chính thức (ABEI - Bộ TT&TT),388/QĐ-PTTH&TTĐT,valid,https://giayphep.abei.gov.vn/
jpnet.com.vn,CÔNG TY TNHH NGUỒN NHÂN LỰC JPNET TOÀN CẦU,GIẤY PHÉP CUNG CẤP DỊCH VỤ MẠNG XÃ HỘI,2019-11-19,Giấy phép chính thức (ABEI - Bộ TT&TT),503/GP-BTTTT,valid,https://giayphep.abei.gov.vn/
jprp.vn,TẠP CHÍ NGHIÊN CỨU VÀ THỰC HÀNH NHI KHOA,GIẤY PHÉP THIẾT LẬP TRANG THÔNG TIN ĐIỆN TỬ TỔNG HỢP,2020-09-04,Giấy phép chính thức (ABEI - Bộ TT&TT),164/GP-TTĐT,valid,https://giayphep.abei.gov.vn/
jx2.adnxgames.vn,CÔNG TY CỔ PHẦN ADNX,QUYẾT ĐỊNH PHÁT HÀNH TRÒ CHƠI ĐIỆN TỬ G1 TRÊN MẠNG,2023-08-22,Giấy phép chính thức (ABEI - Bộ TT&TT),1612/QĐ-BTTTT,valid,https://giayphep.abei.gov.vn/
jxl.efun.vn,CÔNG TY CỔ PHẦN CÔNG NGHỆ EFUN VIỆT NAM,QUYẾT ĐỊNH PHÁT HÀNH TRÒ CHƠI ĐIỆN TỬ G1 TRÊN MẠNG,2019-10-22,Giấy phép chính thức (ABEI - Bộ TT&TT),1762/QĐ-BTTTT,valid,https://giayphep.abei.gov.vn/
jxtkm.playfun.vn,CÔNG TY CỔ PHẦN FUNTAP,QUYẾT ĐỊNH PHÁT HÀNH TRÒ CHƠI ĐIỆN TỬ G1 TRÊN MẠNG,2024-10-29,Giấy phép chính thức (ABEI - Bộ TT&TT),1862/QĐ-BTTTT,valid,https://giayphep.abei.gov.vn/
kagehuyenthoai.vn,CÔNG TY CỔ PHẦN REGZ GAMES,QUYẾT ĐỊNH PHÁT HÀNH TRÒ CHƠI ĐIỆN TỬ G1 TRÊN MẠNG,2021-11-18,Giấy phép chính thức (ABEI - Bộ TT&TT),1846/QĐ-BTTTT,valid,https://giayphep.abei.gov.vn/
kame.mtfgroup.vn,CÔNG TY TNHH MTF GROUP ,QUYẾT ĐỊNH PHÁT HÀNH TRÒ CHƠI ĐIỆN TỬ G1 TRÊN MẠNG,2026-01-10,Giấy phép chính thức (ABEI - Bộ TT&TT),11/QĐ-PTTH&TTĐT,valid,https://giayphep.abei.gov.vn/
kamelegend.vn,CÔNG TY CỔ PHẦN 9PLAY,QUYẾT ĐỊNH PHÁT HÀNH TRÒ CHƠI ĐIỆN TỬ G1 TRÊN MẠNG,2023-04-26,Giấy phép chính thức (ABEI - Bộ TT&TT),721/QĐ-BTTTT,valid,https://giayphep.abei.gov.vn/
kangame.vn,CÔNG TY CỔ PHẦN GIẢI TRÍ TRỰC TUYẾN KAN,QUYẾT ĐỊNH PHÁT HÀNH TRÒ CHƠI ĐIỆN TỬ G1 TRÊN MẠNG,2026-07-22,Giấy phép chính thức (ABEI - Bộ TT&TT),440 /QĐ-PTTH&TTĐT,valid,https://giayphep.abei.gov.vn/
kbht.gosu.vn,CÔNG TY CỔ PHẦN TRỰC TUYẾN GOSU,QUYẾT ĐỊNH PHÁT HÀNH TRÒ CHƠI ĐIỆN TỬ G1 TRÊN MẠNG,2019-07-30,Giấy phép chính thức (ABEI - Bộ TT&TT),1150 /QĐ-BTTTT,valid,https://giayphep.abei.gov.vn/
kbnn.botaichinh.gov.vn,KHO BẠC NHÀ NƯỚC,GIẤY PHÉP THIẾT LẬP TRANG THÔNG TIN ĐIỆN TỬ TỔNG HỢP,2016-02-29,Giấy phép chính thức (ABEI - Bộ TT&TT),15/GP-TTĐT,invalid,https://giayphep.abei.gov.vn/
kcghkt.weplayz.com,CÔNG TY TNHH PHẦN MỀM WEPLAY ,QUYẾT ĐỊNH PHÁT HÀNH TRÒ CHƠI ĐIỆN TỬ G1 TRÊN MẠNG,2026-04-14,Giấy phép chính thức (ABEI - Bộ TT&TT),187/QĐ-PTTH&TTĐT,valid,https://giayphep.abei.gov.vn/
kdct.gamota.com,CÔNG TY CỔ PHẦN GAMOTA,QUYẾT ĐỊNH PHÁT HÀNH TRÒ CHƠI ĐIỆN TỬ G1 TRÊN MẠNG,2019-11-11,Giấy phép chính thức (ABEI - Bộ TT&TT),1899 /QĐ-BTTTT,valid,https://giayphep.abei.gov.vn/
kenhnhac.vn,CÔNG TY CỔ PHẦN TRUYỀN THÔNG QUẢ CHANH,GIẤY PHÉP CUNG CẤP DỊCH VỤ MẠNG XÃ HỘI,2017-09-12,Giấy phép chính thức (ABEI - Bộ TT&TT),440/GP-BTTTT,valid,https://giayphep.abei.gov.vn/
kenhvte9.vn,"KÊNH VĂN HÓA, XÃ HỘI VÀ GIẢI TRÍ (VTC9)",GIẤY PHÉP THIẾT LẬP TRANG THÔNG TIN ĐIỆN TỬ TỔNG HỢP,2021-07-28,Giấy phép chính thức (ABEI - Bộ TT&TT),129/GP-TTĐT,valid,https://giayphep.abei.gov.vn/
ketansu.vn,CÔNG TY CỔ PHẦN FUNTAP,QUYẾT ĐỊNH PHÁT HÀNH TRÒ CHƠI ĐIỆN TỬ G1 TRÊN MẠNG,2020-06-26,Giấy phép chính thức (ABEI - Bộ TT&TT),1071/QĐ-BTTTT,valid,https://giayphep.abei.gov.vn/
ketbanhulaa.vn,CÔNG TY CỔ PHẦN VANO,GIẤY PHÉP CUNG CẤP DỊCH VỤ MẠNG XÃ HỘI,2019-05-20,Giấy phép chính thức (ABEI - Bộ TT&TT),189/GP-BTTTT,valid,https://giayphep.abei.gov.vn/
ketnoidamme.com.vn,CÔNG TY CỔ PHẦN TRUYỀN THÔNG VÀ CÔNG NGHỆ 3T VIỆT NAM,GIẤY PHÉP CUNG CẤP DỊCH VỤ MẠNG XÃ HỘI,2017-03-09,Giấy phép chính thức (ABEI - Bộ TT&TT),102/GP-BTTTT,valid,https://giayphep.abei.gov.vn/
ketnoithanhcong.vn,CÔNG TY TNHH KINH DOANH ĐỊA ỐC ĐẠI HƯNG PHÁT,GIẤY PHÉP CUNG CẤP DỊCH VỤ MẠNG XÃ HỘI,2020-04-07,Giấy phép chính thức (ABEI - Bộ TT&TT),150/GP-BTTTT,valid,https://giayphep.abei.gov.vn/
kfcv.360game.vn,CÔNG TY TNHH NỘI DUNG SỐ NGUYÊN BẢO,QUYẾT ĐỊNH PHÁT HÀNH TRÒ CHƠI ĐIỆN TỬ G1 TRÊN MẠNG,2016-06-14,Giấy phép chính thức (ABEI - Bộ TT&TT),1029/QĐ-BTTTT,valid,https://giayphep.abei.gov.vn/
kfsp.vn,CÔNG TY TNHH KFSP,GIẤY PHÉP CUNG CẤP DỊCH VỤ MẠNG XÃ HỘI,2023-11-21,Giấy phép chính thức (ABEI - Bộ TT&TT),435/GP-BTTTT,valid,https://giayphep.abei.gov.vn/
kgtv.com.vn,ĐÀI PHÁT THANH VÀ TRUYỀN HÌNH KIÊN GIANG,GIẤY PHÉP THIẾT LẬP TRANG THÔNG TIN ĐIỆN TỬ TỔNG HỢP,2015-09-11,Giấy phép chính thức (ABEI - Bộ TT&TT),139/GP-TTĐT,valid,https://giayphep.abei.gov.vn/
kgtv.vn,ĐÀI PHÁT THANH VÀ TRUYỀN HÌNH KIÊN GIANG,GIẤY PHÉP THIẾT LẬP TRANG THÔNG TIN ĐIỆN TỬ TỔNG HỢP,2015-09-11,Giấy phép chính thức (ABEI - Bộ TT&TT),139/GP-TTĐT,valid,https://giayphep.abei.gov.vn/
khaivankhoinghiep.vn,CÔNG TY CỔ PHẦN KHAI VẤN KHỞI NGHIỆP,GIẤY PHÉP CUNG CẤP DỊCH VỤ MẠNG XÃ HỘI,2019-05-28,Giấy phép chính thức (ABEI - Bộ TT&TT),208/GP-BTTTT,valid,https://giayphep.abei.gov.vn/
khamphahue.com.vn,TRUNG TÂM CÔNG NGHỆ THÔNG TIN THỪA THIÊN HUẾ,GIẤY PHÉP THIẾT LẬP TRANG THÔNG TIN ĐIỆN TỬ TỔNG HỢP,2013-08-08,Giấy phép chính thức (ABEI - Bộ TT&TT),108/GP-TTĐT,invalid,https://giayphep.abei.gov.vn/
khans.vn,CÔNG TY TNHH SOHA,QUYẾT ĐỊNH PHÁT HÀNH TRÒ CHƠI ĐIỆN TỬ G1 TRÊN MẠNG,2021-10-13,Giấy phép chính thức (ABEI - Bộ TT&TT),1593 /QĐ-BTTTT,valid,https://giayphep.abei.gov.vn/
khatvongcs.vn,CÔNG TY TNHH TRUYỀN THÔNG KINH TẾ - XÃ HỘI,GIẤY PHÉP CUNG CẤP DỊCH VỤ MẠNG XÃ HỘI,2021-11-22,Giấy phép chính thức (ABEI - Bộ TT&TT),764/GP-BTTTT,valid,https://giayphep.abei.gov.vn/
khcncongthuong.vn,VỤ KHOA HỌC VÀ CÔNG NGHỆ,GIẤY PHÉP THIẾT LẬP TRANG THÔNG TIN ĐIỆN TỬ TỔNG HỢP,2022-12-27,Giấy phép chính thức (ABEI - Bộ TT&TT),178/GP-TTĐT,valid,https://giayphep.abei.gov.vn/
khencongthuong.vn,VỤ KHOA HỌC VÀ CÔNG NGHỆ,GIẤY PHÉP THIẾT LẬP TRANG THÔNG TIN ĐIỆN TỬ TỔNG HỢP,2018-11-23,Giấy phép chính thức (ABEI - Bộ TT&TT),296/GP-TTĐT,invalid,https://giayphep.abei.gov.vn/
khoahocdoisong.com.vn,BÁO TRI THỨC VÀ CUỘC SỐNG,GIẤY PHÉP THIẾT LẬP TRANG THÔNG TIN ĐIỆN TỬ TỔNG HỢP,2021-07-08,Giấy phép chính thức (ABEI - Bộ TT&TT),113/GP-TTĐT,valid,https://giayphep.abei.gov.vn/
khoahocdoisong.vn,BÁO TRI THỨC VÀ CUỘC SỐNG,GIẤY PHÉP THIẾT LẬP TRANG THÔNG TIN ĐIỆN TỬ TỔNG HỢP,2021-07-08,Giấy phép chính thức (ABEI - Bộ TT&TT),113/GP-TTĐT,valid,https://giayphep.abei.gov.vn/
khoahocnganhang.org.vn,VIỆN CHIẾN LƯỢC NGÂN HÀNG,GIẤY PHÉP THIẾT LẬP TRANG THÔNG TIN ĐIỆN TỬ TỔNG HỢP,2016-02-01,Giấy phép chính thức (ABEI - Bộ TT&TT),07/GP-TTĐT,valid,https://giayphep.abei.gov.vn/
khoahocphattrien.vn,TRUNG TÂM BẢO KHOA HỌC VÀ PHÁT TRIỂN – TIA SÁNG,GIẤY PHÉP THIẾT LẬP TRANG THÔNG TIN ĐIỆN TỬ TỔNG HỢP,2024-01-18,Giấy phép chính thức (ABEI - Bộ TT&TT),09/GP-TTĐT,valid,https://giayphep.abei.gov.vn/
khoahocphothong.vn,BÁO KHOA HỌC PHỔ THÔNG,GIẤY PHÉP THIẾT LẬP TRANG THÔNG TIN ĐIỆN TỬ TỔNG HỢP,2013-01-08,Giấy phép chính thức (ABEI - Bộ TT&TT),03/GP-TTĐT,invalid,https://giayphep.abei.gov.vn/
khoahocvacongnghevietnam.com.vn,TẠP CHÍ KHOA HỌC VÀ CÔNG NGHỆ VIỆT NAM,GIẤY PHÉP THIẾT LẬP TRANG THÔNG TIN ĐIỆN TỬ TỔNG HỢP,2017-02-22,Giấy phép chính thức (ABEI - Bộ TT&TT),73/GP-TĐTT,invalid,https://giayphep.abei.gov.vn/
khoahocvakinhte.vn,TẠP CHÍ KHOA HỌC VÀ KINH TẾ HẢI PHÒNG,GIẤY PHÉP THIẾT LẬP TRANG THÔNG TIN ĐIỆN TỬ TỔNG HỢP,2019-05-24,Giấy phép chính thức (ABEI - Bộ TT&TT),93/GP-TTĐT,invalid,https://giayphep.abei.gov.vn/
khobaudaichien.vn,CÔNG TY TNHH VMGE,QUYẾT ĐỊNH PHÁT HÀNH TRÒ CHƠI ĐIỆN TỬ G1 TRÊN MẠNG,2024-08-16,Giấy phép chính thức (ABEI - Bộ TT&TT),1374/QĐ-BTTTT,valid,https://giayphep.abei.gov.vn/
khobaugo.vn,CÔNG TY CỔ PHẦN 9PLAY,QUYẾT ĐỊNH PHÁT HÀNH TRÒ CHƠI ĐIỆN TỬ G1 TRÊN MẠNG,2022-03-15,Giấy phép chính thức (ABEI - Bộ TT&TT),438/QĐ-BTTTT,valid,https://giayphep.abei.gov.vn/
khobautaodenday.vn,CÔNG TY CỔ PHẦN TRỰC TUYẾN DUO,QUYẾT ĐỊNH PHÁT HÀNH TRÒ CHƠI ĐIỆN TỬ G1 TRÊN MẠNG,2023-08-29,Giấy phép chính thức (ABEI - Bộ TT&TT),1672/QĐ-BTTTT,valid,https://giayphep.abei.gov.vn/
khobautruyenthuyet.vn,CÔNG TY CỔ PHẦN TRỰC TUYẾN DUO,QUYẾT ĐỊNH PHÁT HÀNH TRÒ CHƠI ĐIỆN TỬ G1 TRÊN MẠNG,2021-10-20,Giấy phép chính thức (ABEI - Bộ TT&TT),1646/QĐ-BTTTT,valid,https://giayphep.abei.gov.vn/
khobauvotan.vn,CÔNG TY CỔ PHẦN 9PLAY,QUYẾT ĐỊNH PHÁT HÀNH TRÒ CHƠI ĐIỆN TỬ G1 TRÊN MẠNG,2021-01-08,Giấy phép chính thức (ABEI - Bộ TT&TT),13/QĐ-BTTTT,valid,https://giayphep.abei.gov.vn/
khoedepplus.vn,CÔNG TY TNHH TRUYỀN THÔNG ĐA PHƯƠNG TIỆN CGD GROUP,GIẤY PHÉP CUNG CẤP DỊCH VỤ MẠNG XÃ HỘI,2017-04-11,Giấy phép chính thức (ABEI - Bộ TT&TT),144/GP-BTTTT,valid,https://giayphep.abei.gov.vn/
khoevadep.net.vn,CÔNG TY CỔ PHẦN TRUYỀN THÔNG TIÊU DÙNG VÀ TIẾP THỊ,GIẤY PHÉP CUNG CẤP DỊCH VỤ MẠNG XÃ HỘI,2020-06-03,Giấy phép chính thức (ABEI - Bộ TT&TT),236/GP-BTTTT,valid,https://giayphep.abei.gov.vn/
khogame.vn,CÔNG TY CỔ PHẦN TRUYỀN THÔNG VMG,QUYẾT ĐỊNH PHÁT HÀNH TRÒ CHƠI ĐIỆN TỬ G1 TRÊN MẠNG,2017-01-13,Giấy phép chính thức (ABEI - Bộ TT&TT),47/QĐ-BTTTT,valid,https://giayphep.abei.gov.vn/
khogiaitri.vn,CÔNG TY CỔ PHẦN VANO,GIẤY PHÉP CUNG CẤP DỊCH VỤ MẠNG XÃ HỘI,2020-09-28,Giấy phép chính thức (ABEI - Bộ TT&TT),409/GP-BTTTT,valid,https://giayphep.abei.gov.vn/
khoidong247.com,TẠP CHÍ HÀN QUỐC,GIẤY PHÉP THIẾT LẬP TRANG THÔNG TIN ĐIỆN TỬ TỔNG HỢP,2015-02-10,Giấy phép chính thức (ABEI - Bộ TT&TT),06/GPSĐBS-TTĐT,invalid,https://giayphep.abei.gov.vn/
khoidong247.com.vn,TẠP CHÍ HÀN QUỐC,GIẤY PHÉP THIẾT LẬP TRANG THÔNG TIN ĐIỆN TỬ TỔNG HỢP,2015-02-10,Giấy phép chính thức (ABEI - Bộ TT&TT),06/GPSĐBS-TTĐT,invalid,https://giayphep.abei.gov.vn/
khoidong247.net,TẠP CHÍ HÀN QUỐC,GIẤY PHÉP THIẾT LẬP TRANG THÔNG TIN ĐIỆN TỬ TỔNG HỢP,2015-02-10,Giấy phép chính thức (ABEI - Bộ TT&TT),06/GPSĐBS-TTĐT,invalid,https://giayphep.abei.gov.vn/
khoidong247.vn,TẠP CHÍ HÀN QUỐC,GIẤY PHÉP THIẾT LẬP TRANG THÔNG TIN ĐIỆN TỬ TỔNG HỢP,2015-02-10,Giấy phép chính thức (ABEI - Bộ TT&TT),06/GPSĐBS-TTĐT,invalid,https://giayphep.abei.gov.vn/
khoinghiep.com,CÔNG TY CỔ PHẦN KHAI VẤN KHỞI NGHIỆP,GIẤY PHÉP CUNG CẤP DỊCH VỤ MẠNG XÃ HỘI,2019-05-28,Giấy phép chính thức (ABEI - Bộ TT&TT),208/GP-BTTTT,valid,https://giayphep.abei.gov.vn/
khoinghiepsangtao.vn,TẠP CHÍ KHÁM PHÁ,GIẤY PHÉP THIẾT LẬP TRANG THÔNG TIN ĐIỆN TỬ TỔNG HỢP,2017-02-27,Giấy phép chính thức (ABEI - Bộ TT&TT),76/GP-TTĐT,invalid,https://giayphep.abei.gov.vn/
khoinguyen.sohagame.vn,CÔNG TY TNHH SOHA,QUYẾT ĐỊNH PHÁT HÀNH TRÒ CHƠI ĐIỆN TỬ G1 TRÊN MẠNG,2026-02-06,Giấy phép chính thức (ABEI - Bộ TT&TT),58/QĐ-PTTH&TTĐT,valid,https://giayphep.abei.gov.vn/
khoinguyen.vplay.vn,CÔNG TY CỔ PHẦN TRUYỀN HÌNH TƯƠNG TÁC VIỆT NAM,QUYẾT ĐỊNH PHÁT HÀNH TRÒ CHƠI ĐIỆN TỬ G1 TRÊN MẠNG,2024-04-26,Giấy phép chính thức (ABEI - Bộ TT&TT),673/QĐ-BTTTT,invalid,https://giayphep.abei.gov.vn/
khoinguyenkiemsi.vn,CÔNG TY TNHH SOHA,QUYẾT ĐỊNH PHÁT HÀNH TRÒ CHƠI ĐIỆN TỬ G1 TRÊN MẠNG,2024-11-25,Giấy phép chính thức (ABEI - Bộ TT&TT),2027/QĐ-BTTTT,valid,https://giayphep.abei.gov.vn/
kht.gosu.vn,CÔNG TY CỔ PHẦN TRỰC TUYẾN GOSU,QUYẾT ĐỊNH PHÁT HÀNH TRÒ CHƠI ĐIỆN TỬ G1 TRÊN MẠNG,2020-05-28,Giấy phép chính thức (ABEI - Bộ TT&TT),895 /QĐ-BTTTT,valid,https://giayphep.abei.gov.vn/
kht3.vn,CÔNG TY CỔ PHẦN TEPAYLINK ,QUYẾT ĐỊNH PHÁT HÀNH TRÒ CHƠI ĐIỆN TỬ G1 TRÊN MẠNG,2026-07-20,Giấy phép chính thức (ABEI - Bộ TT&TT),431/QĐ-PTTH&TTĐT,valid,https://giayphep.abei.gov.vn/
khtd.tepaylink.net.vn,CÔNG TY CỔ PHẦN TEPAYLINK ,QUYẾT ĐỊNH PHÁT HÀNH TRÒ CHƠI ĐIỆN TỬ G1 TRÊN MẠNG,2025-04-26,Giấy phép chính thức (ABEI - Bộ TT&TT),144/QĐ-PTTH&TTĐT,valid,https://giayphep.abei.gov.vn/
khtq.zoneplay.vn,CÔNG TY TNHH GZONE MEDIA VIỆT NAM,QUYẾT ĐỊNH PHÁT HÀNH TRÒ CHƠI ĐIỆN TỬ G1 TRÊN MẠNG,2022-02-25,Giấy phép chính thức (ABEI - Bộ TT&TT),355/QĐ-BTTTT,valid,https://giayphep.abei.gov.vn/
khucongnghiep.com.vn,TẠP CHÍ KHU CÔNG NGHIỆP VIỆT NAM,GIẤY PHÉP THIẾT LẬP TRANG THÔNG TIN ĐIỆN TỬ TỔNG HỢP,2016-06-30,Giấy phép chính thức (ABEI - Bộ TT&TT),59/GP-TTĐT,invalid,https://giayphep.abei.gov.vn/
khuyencongquangninh.net.vn,TRUNG TÂM KHUYẾN CÔNG VÀ TƯ VẤN PHÁT TRIỂN CÔNG NGHIỆP TỈNH QUẢNG NINH,GIẤY PHÉP THIẾT LẬP TRANG THÔNG TIN ĐIỆN TỬ TỔNG HỢP,2013-04-15,Giấy phép chính thức (ABEI - Bộ TT&TT),45/GP-TTĐT,invalid,https://giayphep.abei.gov.vn/
khuyendaxoa.vn,CÔNG TY TNHH SOHA ,QUYẾT ĐỊNH PHÁT HÀNH TRÒ CHƠI ĐIỆN TỬ G1 TRÊN MẠNG,2021-08-11,Giấy phép chính thức (ABEI - Bộ TT&TT),1208 /QĐ-BTTTT,valid,https://giayphep.abei.gov.vn/
khuyennongvn.gov.vn,TRUNG TÂM KHUYẾN NÔNG QUỐC GIA,GIẤY PHÉP THIẾT LẬP TRANG THÔNG TIN ĐIỆN TỬ TỔNG HỢP,2021-03-02,Giấy phép chính thức (ABEI - Bộ TT&TT),31/GP-TTĐT,valid,https://giayphep.abei.gov.vn/
kidsloopvn.com.vn,CÔNG TY TNHH DIGITAL POWER MEDIA,GIẤY PHÉP CUNG CẤP DỊCH VỤ MẠNG XÃ HỘI,2019-12-10,Giấy phép chính thức (ABEI - Bộ TT&TT),540/GP-BTTTT,invalid,https://giayphep.abei.gov.vn/
kiemca.zing.vn,CÔNG TY CỔ PHẦN TẬP ĐOÀN VNG,QUYẾT ĐỊNH PHÁT HÀNH TRÒ CHƠI ĐIỆN TỬ G1 TRÊN MẠNG,2019-12-20,Giấy phép chính thức (ABEI - Bộ TT&TT),2231 /QĐ-BTTTT,valid,https://giayphep.abei.gov.vn/
kiemdaogiangho.vn,CÔNG TY CỔ PHẦN VTC DỊCH VỤ DI ĐỘNG,QUYẾT ĐỊNH PHÁT HÀNH TRÒ CHƠI ĐIỆN TỬ G1 TRÊN MẠNG,2021-07-30,Giấy phép chính thức (ABEI - Bộ TT&TT),1124/QĐ-BTTTT,invalid,https://giayphep.abei.gov.vn/
kiemdaophongvan.gamota.com,CÔNG TY CỔ PHẦN GAMOTA,QUYẾT ĐỊNH PHÁT HÀNH TRÒ CHƠI ĐIỆN TỬ G1 TRÊN MẠNG,2017-10-18,Giấy phép chính thức (ABEI - Bộ TT&TT),1779/QĐ-BTTTT,valid,https://giayphep.abei.gov.vn/
kiemde.fungames.vn,CÔNG TY TNHH TRUYỀN THÔNG FUNFINITY STUDIO ,QUYẾT ĐỊNH PHÁT HÀNH TRÒ CHƠI ĐIỆN TỬ G1 TRÊN MẠNG,2026-02-12,Giấy phép chính thức (ABEI - Bộ TT&TT),75/QĐ-PTTH&TTĐT,valid,https://giayphep.abei.gov.vn/
kiemde3d.gamota.com,CÔNG TY CỔ PHẦN GAMOTA,QUYẾT ĐỊNH PHÁT HÀNH TRÒ CHƠI ĐIỆN TỬ G1 TRÊN MẠNG,2019-12-25,Giấy phép chính thức (ABEI - Bộ TT&TT),2253 /QĐ-BTTTT,valid,https://giayphep.abei.gov.vn/
kiemdinhthienha.vn,CÔNG TY CỔ PHẦN CÔNG NGHỆ SỐ TOÀN CẦU,QUYẾT ĐỊNH PHÁT HÀNH TRÒ CHƠI ĐIỆN TỬ G1 TRÊN MẠNG,2019-01-30,Giấy phép chính thức (ABEI - Bộ TT&TT),117/QĐ-BTTTT,valid,https://giayphep.abei.gov.vn/
kiemdongcuuthien.vn,CÔNG TY CỔ PHẦN VTC DỊCH VỤ DI ĐỘNG,QUYẾT ĐỊNH PHÁT HÀNH TRÒ CHƠI ĐIỆN TỬ G1 TRÊN MẠNG,2018-07-09,Giấy phép chính thức (ABEI - Bộ TT&TT),1132/QĐ-BTTTT,invalid,https://giayphep.abei.gov.vn/
kiemhiepchess.sohagame.vn,CÔNG TY TNHH SOHA,QUYẾT ĐỊNH PHÁT HÀNH TRÒ CHƠI ĐIỆN TỬ G1 TRÊN MẠNG,2025-03-28,Giấy phép chính thức (ABEI - Bộ TT&TT),84/QĐ-PTTH&TTĐT,valid,https://giayphep.abei.gov.vn/
kiemhiepgo.vn,CÔNG TY TNHH SOHA,QUYẾT ĐỊNH PHÁT HÀNH TRÒ CHƠI ĐIỆN TỬ G1 TRÊN MẠNG,2021-07-29,Giấy phép chính thức (ABEI - Bộ TT&TT),113 /QĐ-BTTTT,valid,https://giayphep.abei.gov.vn/
kiemhieptinh.vnggames.com,Công ty TNHH VNGGames ,QUYẾT ĐỊNH PHÁT HÀNH TRÒ CHƠI ĐIỆN TỬ G1 TRÊN MẠNG,2026-07-15,Giấy phép chính thức (ABEI - Bộ TT&TT),418/QĐ-PTTH&TTĐT,valid,https://giayphep.abei.gov.vn/
kiemhieptinh1.vn,CÔNG TY TNHH MỘT THÀNH VIÊN MEDIA BOX,QUYẾT ĐỊNH PHÁT HÀNH TRÒ CHƠI ĐIỆN TỬ G1 TRÊN MẠNG,2024-05-30,Giấy phép chính thức (ABEI - Bộ TT&TT),879/QĐ-BTTTT,valid,https://giayphep.abei.gov.vn/
kiemhon.vn,CÔNG TY TNHH DỊCH VỤ PHẦN MỀM BÌNH MINH,QUYẾT ĐỊNH PHÁT HÀNH TRÒ CHƠI ĐIỆN TỬ G1 TRÊN MẠNG,2017-06-19,Giấy phép chính thức (ABEI - Bộ TT&TT),954/QĐ-BTTTT,invalid,https://giayphep.abei.gov.vn/
kiemhon3d.playfun.vn,CÔNG TY CỔ PHẦN FUNTAP,QUYẾT ĐỊNH PHÁT HÀNH TRÒ CHƠI ĐIỆN TỬ G1 TRÊN MẠNG,2020-04-27,Giấy phép chính thức (ABEI - Bộ TT&TT),743 /QĐ-BTTTT,valid,https://giayphep.abei.gov.vn/
kiemkhach.360mobi.vn,CÔNG TY TNHH TRUYỀN THÔNG MINH PHƯƠNG THỊNH,QUYẾT ĐỊNH PHÁT HÀNH TRÒ CHƠI ĐIỆN TỬ G1 TRÊN MẠNG,2018-03-29,Giấy phép chính thức (ABEI - Bộ TT&TT),435/QĐ-BTTTT,valid,https://giayphep.abei.gov.vn/
kiemkhach.com.vn,CÔNG TY CỔ PHẦN VTC DỊCH VỤ DI ĐỘNG,QUYẾT ĐỊNH PHÁT HÀNH TRÒ CHƠI ĐIỆN TỬ G1 TRÊN MẠNG,2016-12-14,Giấy phép chính thức (ABEI - Bộ TT&TT),2223/QĐ-BTTTT,invalid,https://giayphep.abei.gov.vn/
kiemkhach.vn,CÔNG TY CỔ PHẦN VTC DỊCH VỤ DI ĐỘNG,QUYẾT ĐỊNH PHÁT HÀNH TRÒ CHƠI ĐIỆN TỬ G1 TRÊN MẠNG,2020-05-29,Giấy phép chính thức (ABEI - Bộ TT&TT),913/QĐ-BTTTT,invalid,https://giayphep.abei.gov.vn/
kiemkhachcaca.vn,CÔNG TY CỔ PHẦN VTC DỊCH VỤ DI ĐỘNG,QUYẾT ĐỊNH PHÁT HÀNH TRÒ CHƠI ĐIỆN TỬ G1 TRÊN MẠNG,2020-05-29,Giấy phép chính thức (ABEI - Bộ TT&TT),913/QĐ-BTTTT,invalid,https://giayphep.abei.gov.vn/
kiemkhachphonglang.vgplay.vn,CÔNG TY CỔ PHẦN VGP ,QUYẾT ĐỊNH PHÁT HÀNH TRÒ CHƠI ĐIỆN TỬ G1 TRÊN MẠNG,2025-05-12,Giấy phép chính thức (ABEI - Bộ TT&TT),177/QĐ-PTTH&TTĐT,valid,https://giayphep.abei.gov.vn/
kiemlinh.cmn.vn,CÔNG TY CỔ PHẦN TRỰC TUYẾN CMN VIỆT NAM,QUYẾT ĐỊNH PHÁT HÀNH TRÒ CHƠI ĐIỆN TỬ G1 TRÊN MẠNG,2025-11-03,Giấy phép chính thức (ABEI - Bộ TT&TT),492/QĐ-PTTH&TTĐT,valid,https://giayphep.abei.gov.vn/
kiemlinh.opengame.vn,CÔNG TY TNHH OPENGAME,QUYẾT ĐỊNH PHÁT HÀNH TRÒ CHƠI ĐIỆN TỬ G1 TRÊN MẠNG,2026-04-02,Giấy phép chính thức (ABEI - Bộ TT&TT),168/QĐ-PTTH&TTĐT,valid,https://giayphep.abei.gov.vn/
kiemlinhh5.talktv.vn,CÔNG TY TNHH NỘI DUNG SỐ NGUYÊN BẢO,QUYẾT ĐỊNH PHÁT HÀNH TRÒ CHƠI ĐIỆN TỬ G1 TRÊN MẠNG,2017-08-15,Giấy phép chính thức (ABEI - Bộ TT&TT),1352/QĐ-BTTTT,valid,https://giayphep.abei.gov.vn/
kiemma3d.playfinan,CÔNG TY CỔ PHẦN FUNTAP,QUYẾT ĐỊNH PHÁT HÀNH TRÒ CHƠI ĐIỆN TỬ G1 TRÊN MẠNG,2022-05-26,Giấy phép chính thức (ABEI - Bộ TT&TT),960/QĐ-BTTTT,invalid,https://giayphep.abei.gov.vn/
kiemma3d.playfun.vn,CÔNG TY CỔ PHẦN FUNTAP,QUYẾT ĐỊNH PHÁT HÀNH TRÒ CHƠI ĐIỆN TỬ G1 TRÊN MẠNG,2025-04-01,Giấy phép chính thức (ABEI - Bộ TT&TT),62 /QĐ-BTTTT,valid,https://giayphep.abei.gov.vn/
kiemma3d.vn,CÔNG TY CỔ PHẦN FUNTAP,QUYẾT ĐỊNH PHÁT HÀNH TRÒ CHƠI ĐIỆN TỬ G1 TRÊN MẠNG,2019-06-25,Giấy phép chính thức (ABEI - Bộ TT&TT),956/QĐ-BTTTT,invalid,https://giayphep.abei.gov.vn/
kiemrong.vn,CÔNG TY CỔ PHẦN VTC DỊCH VỤ DI ĐỘNG,QUYẾT ĐỊNH PHÁT HÀNH TRÒ CHƠI ĐIỆN TỬ G1 TRÊN MẠNG,2026-04-02,Giấy phép chính thức (ABEI - Bộ TT&TT),171/QĐ-PTTH&TTĐT,valid,https://giayphep.abei.gov.vn/
kiemsat.vn,TẠP CHÍ KIỂM SÁT,GIẤY PHÉP THIẾT LẬP TRANG THÔNG TIN ĐIỆN TỬ TỔNG HỢP,2016-02-17,Giấy phép chính thức (ABEI - Bộ TT&TT),12/GP-TTĐT,invalid,https://giayphep.abei.gov.vn/
kiemsat24h.vn,TẠP CHÍ KIỂM SÁT,GIẤY PHÉP CUNG CẤP DỊCH VỤ MẠNG XÃ HỘI,2021-08-31,Giấy phép chính thức (ABEI - Bộ TT&TT),585/GP-BTTTT,valid,https://giayphep.abei.gov.vn/
kiemthan.vplay.vn,CÔNG TY CỔ PHẦN TRUYỀN HÌNH TƯƠNG TÁC VIỆT NAM,QUYẾT ĐỊNH PHÁT HÀNH TRÒ CHƠI ĐIỆN TỬ G1 TRÊN MẠNG,2025-01-17,Giấy phép chính thức (ABEI - Bộ TT&TT),51/QĐ-BTTTT,valid,https://giayphep.abei.gov.vn/
kiemthanh.cmn.vn,CÔNG TY CỔ PHẦN TRỰC TUYẾN CMN VIỆT NAM,QUYẾT ĐỊNH PHÁT HÀNH TRÒ CHƠI ĐIỆN TỬ G1 TRÊN MẠNG,2025-05-08,Giấy phép chính thức (ABEI - Bộ TT&TT),170/QĐ-PTTH&TTĐT,invalid,https://giayphep.abei.gov.vn/
kiemthanh.vn,CÔNG TY CỔ PHẦN TRỰC TUYẾN CMN VIỆT NAM,QUYẾT ĐỊNH PHÁT HÀNH TRÒ CHƠI ĐIỆN TỬ G1 TRÊN MẠNG,2026-02-10,Giấy phép chính thức (ABEI - Bộ TT&TT),65/QĐ-PTTH&TTĐT,valid,https://giayphep.abei.gov.vn/
kiemthe.adnxgames.vn,CÔNG TY CỔ PHẦN ADNX,QUYẾT ĐỊNH PHÁT HÀNH TRÒ CHƠI ĐIỆN TỬ G1 TRÊN MẠNG,2021-05-18,Giấy phép chính thức (ABEI - Bộ TT&TT),674/QĐ-BTTTT,invalid,https://giayphep.abei.gov.vn/
kiemthe.vnggames.com,CÔNG TY CỔ PHẦN TẬP ĐOÀN VNG,QUYẾT ĐỊNH PHÁT HÀNH TRÒ CHƠI ĐIỆN TỬ G1 TRÊN MẠNG,2026-03-03,Giấy phép chính thức (ABEI - Bộ TT&TT),109/QĐ-PTTH&TTĐT,valid,https://giayphep.abei.gov.vn/
kiemthe.zing.vn,CÔNG TY CỔ PHẦN TẬP ĐOÀN VNG,QUYẾT ĐỊNH PHÁT HÀNH TRÒ CHƠI ĐIỆN TỬ G1 TRÊN MẠNG,2026-03-03,Giấy phép chính thức (ABEI - Bộ TT&TT),109/QĐ-PTTH&TTĐT,valid,https://giayphep.abei.gov.vn/
kiemthetruyenky.vn,CÔNG TY CỔ PHẦN VTC DỊCH VỤ DI ĐỘNG,QUYẾT ĐỊNH PHÁT HÀNH TRÒ CHƠI ĐIỆN TỬ G1 TRÊN MẠNG,2017-05-31,Giấy phép chính thức (ABEI - Bộ TT&TT),828/QĐ-BTTTT,invalid,https://giayphep.abei.gov.vn/
kiemtien3d.ygame.vn,CÔNG TY CỔ PHẦN GIẢI TRÍ YGAME,QUYẾT ĐỊNH PHÁT HÀNH TRÒ CHƠI ĐIỆN TỬ G1 TRÊN MẠNG,2019-12-05,Giấy phép chính thức (ABEI - Bộ TT&TT),2117/QĐ-BTTTT,valid,https://giayphep.abei.gov.vn/
kiemtung.vn,CÔNG TY TNHH SOHA,QUYẾT ĐỊNH PHÁT HÀNH TRÒ CHƠI ĐIỆN TỬ G1 TRÊN MẠNG,2019-09-09,Giấy phép chính thức (ABEI - Bộ TT&TT),1461 /QĐ-BTTTT,valid,https://giayphep.abei.gov.vn/
kiemvaluanhoi.com,CÔNG TY CỔ PHẦN VTC DỊCH VỤ DI ĐỘNG,QUYẾT ĐỊNH PHÁT HÀNH TRÒ CHƠI ĐIỆN TỬ G1 TRÊN MẠNG,2022-01-24,Giấy phép chính thức (ABEI - Bộ TT&TT),105/QĐ-BTTTT,invalid,https://giayphep.abei.gov.vn/
kiemvu.360game.vn,CÔNG TY CỔ PHẦN VNG,QUYẾT ĐỊNH PHÁT HÀNH TRÒ CHƠI ĐIỆN TỬ G1 TRÊN MẠNG,2016-05-23,Giấy phép chính thức (ABEI - Bộ TT&TT),842/QĐ-BTTTT,invalid,https://giayphep.abei.gov.vn/
kiemvu.cmn.vn,CÔNG TY CỔ PHẦN TRỰC TUYẾN CMN VIỆT NAM,QUYẾT ĐỊNH PHÁT HÀNH TRÒ CHƠI ĐIỆN TỬ G1 TRÊN MẠNG,2024-01-31,Giấy phép chính thức (ABEI - Bộ TT&TT),113/QĐ-BTTTT,valid,https://giayphep.abei.gov.vn/
kiemvu.gamota.com,CÔNG TY CỔ PHẦN GAMOTA,QUYẾT ĐỊNH PHÁT HÀNH TRÒ CHƠI ĐIỆN TỬ G1 TRÊN MẠNG,2017-08-16,Giấy phép chính thức (ABEI - Bộ TT&TT),1366/QĐ-BTTTT,valid,https://giayphep.abei.gov.vn/
kiemvu.playfun.vn,CÔNG TY CỔ PHẦN FUNTAP,QUYẾT ĐỊNH PHÁT HÀNH TRÒ CHƠI ĐIỆN TỬ G1 TRÊN MẠNG,2024-03-15,Giấy phép chính thức (ABEI - Bộ TT&TT),324/QĐ-BTTTT,invalid,https://giayphep.abei.gov.vn/
kiemvu3d.splay.vn,CÔNG TY CỔ PHẦN VTC DỊCH VỤ DI ĐỘNG,QUYẾT ĐỊNH PHÁT HÀNH TRÒ CHƠI ĐIỆN TỬ G1 TRÊN MẠNG,2018-12-24,Giấy phép chính thức (ABEI - Bộ TT&TT),2193/QĐ-BTTTT,invalid,https://giayphep.abei.gov.vn/
kiemvuong.adnxgames.vn,CÔNG TY CỔ PHẦN ADNX,QUYẾT ĐỊNH PHÁT HÀNH TRÒ CHƠI ĐIỆN TỬ G1 TRÊN MẠNG,2022-03-11,Giấy phép chính thức (ABEI - Bộ TT&TT),421/QĐ-BTTTT,valid,https://giayphep.abei.gov.vn/
kiemvuongchimong.vn,CÔNG TY CỔ PHẦN FUNTAP,QUYẾT ĐỊNH PHÁT HÀNH TRÒ CHƠI ĐIỆN TỬ G1 TRÊN MẠNG,2017-06-30,Giấy phép chính thức (ABEI - Bộ TT&TT),1046/QĐ-BTTTT,valid,https://giayphep.abei.gov.vn/
kiemvuongtruyenky.vn,CÔNG TY CỔ PHẦN FUNTAP,QUYẾT ĐỊNH PHÁT HÀNH TRÒ CHƠI ĐIỆN TỬ G1 TRÊN MẠNG,2019-04-23,Giấy phép chính thức (ABEI - Bộ TT&TT),626/QĐ-BTTTT,valid,https://giayphep.abei.gov.vn/
kiemvupk.playfun.vn,CÔNG TY CỔ PHẦN FUNTAP,QUYẾT ĐỊNH PHÁT HÀNH TRÒ CHƠI ĐIỆN TỬ G1 TRÊN MẠNG,2024-02-06,Giấy phép chính thức (ABEI - Bộ TT&TT),157/QĐ-BTTTT,invalid,https://giayphep.abei.gov.vn/
kiengiang.gov.vn,SỞ THÔNG TIN VÀ TRUYỀN THÔNG KIÊN GIANG,GIẤY PHÉP THIẾT LẬP TRANG THÔNG TIN ĐIỆN TỬ TỔNG HỢP,2021-12-02,Giấy phép chính thức (ABEI - Bộ TT&TT),192/GP-TTĐT,valid,https://giayphep.abei.gov.vn/
kienvuong3q.vn,CÔNG TY TNHH SOHA,QUYẾT ĐỊNH PHÁT HÀNH TRÒ CHƠI ĐIỆN TỬ G1 TRÊN MẠNG,2024-06-04,Giấy phép chính thức (ABEI - Bộ TT&TT),912 /QĐ-BTTTT,valid,https://giayphep.abei.gov.vn/
kieuhoanh3qygame.vn,CÔNG TY CỔ PHẦN GIẢI TRÍ YGAME,QUYẾT ĐỊNH PHÁT HÀNH TRÒ CHƠI ĐIỆN TỬ G1 TRÊN MẠNG,2021-06-09,Giấy phép chính thức (ABEI - Bộ TT&TT),790/QĐ-BTTTT,valid,https://giayphep.abei.gov.vn/
kilala.vn,CÔNG TY TNHH THƯƠNG MẠI SUNFLOWER,GIẤY PHÉP CUNG CẤP DỊCH VỤ MẠNG XÃ HỘI,2020-10-16,Giấy phép chính thức (ABEI - Bộ TT&TT),454/GP-BTTTT,valid,https://giayphep.abei.gov.vn/
kimco.vn,CÔNG TY TNHH SOHA,QUYẾT ĐỊNH PHÁT HÀNH TRÒ CHƠI ĐIỆN TỬ G1 TRÊN MẠNG,2019-03-08,Giấy phép chính thức (ABEI - Bộ TT&TT),266/QĐ-BTTTT,valid,https://giayphep.abei.gov.vn/
kingclub.com,CÔNG TY CỔ PHẦN VTC DỊCH VỤ DI ĐỘNG,GIẤY PHÉP CUNG CẤP DỊCH VỤ MẠNG XÃ HỘI,2017-02-17,Giấy phép chính thức (ABEI - Bộ TT&TT),65/GP-BTTTT,valid,https://giayphep.abei.gov.vn/
kingclub.vn,CÔNG TY CỔ PHẦN VTC DỊCH VỤ DI ĐỘNG,GIẤY PHÉP CUNG CẤP DỊCH VỤ MẠNG XÃ HỘI,2017-02-17,Giấy phép chính thức (ABEI - Bộ TT&TT),65/GP-BTTTT,valid,https://giayphep.abei.gov.vn/
kingcoin.vtcgame.vn,CÔNG TY VTC CÔNG NGHỆ VÀ NỘI DUNG SỐ,"GIẤY XÁC NHẬN THÔNG BÁO PHÁT HÀNH TRÒ CHƠI ĐIỆN TỬ G2,G3,G4",2021-08-03,Giấy phép chính thức (ABEI - Bộ TT&TT),139/GXN-PTTH&TTĐT,valid,https://giayphep.abei.gov.vn/
kingday.vn,CÔNG TY VTC CÔNG NGHỆ VÀ NỘI DUNG SỐ,QUYẾT ĐỊNH PHÁT HÀNH TRÒ CHƠI ĐIỆN TỬ G1 TRÊN MẠNG,2017-03-01,Giấy phép chính thức (ABEI - Bộ TT&TT),225/QĐ-BTTTT,invalid,https://giayphep.abei.gov.vn/
kingofworlds.gamota.com,CÔNG TY CỔ PHẦN GAMOTA,QUYẾT ĐỊNH PHÁT HÀNH TRÒ CHƠI ĐIỆN TỬ G1 TRÊN MẠNG,2021-08-11,Giấy phép chính thức (ABEI - Bộ TT&TT),1199/QĐ-BTTTT,valid,https://giayphep.abei.gov.vn/
kingschoice.gamota.com,CÔNG TY CỔ PHẦN GAMOTA,QUYẾT ĐỊNH PHÁT HÀNH TRÒ CHƠI ĐIỆN TỬ G1 TRÊN MẠNG,2022-12-20,Giấy phép chính thức (ABEI - Bộ TT&TT),2352/QĐ-BTTTT,valid,https://giayphep.abei.gov.vn/
kinhdientamquoc.vn,CÔNG TY CỔ PHẦN FUNTAP,QUYẾT ĐỊNH PHÁT HÀNH TRÒ CHƠI ĐIỆN TỬ G1 TRÊN MẠNG,2018-05-15,Giấy phép chính thức (ABEI - Bộ TT&TT),724/QĐ-BTTTT,valid,https://giayphep.abei.gov.vn/
kinhdoanhhoinhap.vn,HIỆP HỘI BÁN HÀNG ĐA CẤP VIỆT NAM,GIẤY PHÉP CUNG CẤP DỊCH VỤ MẠNG XÃ HỘI,2020-01-21,Giấy phép chính thức (ABEI - Bộ TT&TT),38/GP-BTTTT,valid,https://giayphep.abei.gov.vn/
kinhdoanhnet.vn,BÁO KINH DOANH VÀ PHÁP LUẬT,GIẤY PHÉP THIẾT LẬP TRANG THÔNG TIN ĐIỆN TỬ TỔNG HỢP,2018-07-19,Giấy phép chính thức (ABEI - Bộ TT&TT),190/GP-TTĐT,valid,https://giayphep.abei.gov.vn/
kinhdoanhvagiaoduc.vn,"VIỆN NGHIÊN CỨU, ĐÀO TẠO, ỨNG DỤNG TÂM LÝ KINH DOANH VÀ GIÁO DỤC HỌC ĐƯỜNG",GIẤY PHÉP THIẾT LẬP TRANG THÔNG TIN ĐIỆN TỬ TỔNG HỢP,2022-03-14,Giấy phép chính thức (ABEI - Bộ TT&TT),21/GP-TTĐT,valid,https://giayphep.abei.gov.vn/
kinhdoanhvatiepthi.vn,TẠP CHÍ KINH DOANH VÀ TIẾP THỊ,GIẤY PHÉP THIẾT LẬP TRANG THÔNG TIN ĐIỆN TỬ TỔNG HỢP,2022-01-14,Giấy phép chính thức (ABEI - Bộ TT&TT),05/GP-BTTTT,valid,https://giayphep.abei.gov.vn/
kinhte.gov.vn,BAN KINH TẾ TRUNG ƯƠNG,GIẤY PHÉP THIẾT LẬP TRANG THÔNG TIN ĐIỆN TỬ TỔNG HỢP,2013-10-21,Giấy phép chính thức (ABEI - Bộ TT&TT),139/GP-TTĐT,invalid,https://giayphep.abei.gov.vn/
kinhtecongnghe.vn,VIỆN KINH TẾ CÔNG NGHỆ VIỆT NAM,GIẤY PHÉP THIẾT LẬP TRANG THÔNG TIN ĐIỆN TỬ TỔNG HỢP,2021-06-11,Giấy phép chính thức (ABEI - Bộ TT&TT),96/GP-TTĐT,valid,https://giayphep.abei.gov.vn/
kinhtemoitruong.vn,TẠP CHÍ KINH TẾ MÔI TRƯỜNG,GIẤY PHÉP THIẾT LẬP TRANG THÔNG TIN ĐIỆN TỬ TỔNG HỢP,2019-10-31,Giấy phép chính thức (ABEI - Bộ TT&TT),205/GP-TTĐT,invalid,https://giayphep.abei.gov.vn/
kinhteonline.vn,TẠP CHÍ KINH TẾ,GIẤY PHÉP THIẾT LẬP TRANG THÔNG TIN ĐIỆN TỬ TỔNG HỢP,2016-06-30,Giấy phép chính thức (ABEI - Bộ TT&TT),78/GP-TTĐT,valid,https://giayphep.abei.gov.vn/
kinhtetapdoan.vn,TẠP CHÍ KINH TẾ TẬP ĐOÀN,GIẤY PHÉP THIẾT LẬP TRANG THÔNG TIN ĐIỆN TỬ TỔNG HỢP,2020-04-29,Giấy phép chính thức (ABEI - Bộ TT&TT),54/GP-TTĐT,valid,https://giayphep.abei.gov.vn/
kinhtetrunguong.vn,BAN KINH TẾ TRUNG ƯƠNG,GIẤY PHÉP THIẾT LẬP TRANG THÔNG TIN ĐIỆN TỬ TỔNG HỢP,2013-10-21,Giấy phép chính thức (ABEI - Bộ TT&TT),139/GP-TTĐT,invalid,https://giayphep.abei.gov.vn/
kinhtevaphapluat.vn,"VIỆN KINH TẾ, PHÁP LUẬT VÀ QUẢN LÝ",GIẤY PHÉP THIẾT LẬP TRANG THÔNG TIN ĐIỆN TỬ TỔNG HỢP,2018-10-10,Giấy phép chính thức (ABEI - Bộ TT&TT),258/GP-TTĐT,valid,https://giayphep.abei.gov.vn/
kinhtexanh.vn,HỘI KINH TẾ MÔI TRƯỜNG VIỆT NAM,GIẤY PHÉP THIẾT LẬP TRANG THÔNG TIN ĐIỆN TỬ TỔNG HỢP,2020-01-21,Giấy phép chính thức (ABEI - Bộ TT&TT),07/GP-TTĐT,invalid,https://giayphep.abei.gov.vn/
kinhtexaydung.com,VIỆN KINH TẾ XÂY DỰNG,GIẤY PHÉP THIẾT LẬP TRANG THÔNG TIN ĐIỆN TỬ TỔNG HỢP,2016-11-14,Giấy phép chính thức (ABEI - Bộ TT&TT),205/GP-TTĐT,invalid,https://giayphep.abei.gov.vn/
kinhtexaydung.gov.vn,VIỆN KINH TẾ XÂY DỰNG,GIẤY PHÉP THIẾT LẬP TRANG THÔNG TIN ĐIỆN TỬ TỔNG HỢP,2016-11-14,Giấy phép chính thức (ABEI - Bộ TT&TT),205/GP-TTĐT,invalid,https://giayphep.abei.gov.vn/
kinhteyte.com,HỘI KHOA HỌC KINH TẾ Y TẾ VIỆT NAM,GIẤY PHÉP THIẾT LẬP TRANG THÔNG TIN ĐIỆN TỬ TỔNG HỢP,2024-11-19,Giấy phép chính thức (ABEI - Bộ TT&TT),281/GP-TTĐT,valid,https://giayphep.abei.gov.vn/
kizi.vn,CÔNG TY CỔ PHẦN PHÁT TRIỂN KIZI,GIẤY PHÉP CUNG CẤP DỊCH VỤ MẠNG XÃ HỘI,2023-01-18,Giấy phép chính thức (ABEI - Bộ TT&TT),29/GP-BTTTT,valid,https://giayphep.abei.gov.vn/
kk.360game.vn,CÔNG TY CỔ PHẦN VNG,QUYẾT ĐỊNH PHÁT HÀNH TRÒ CHƠI ĐIỆN TỬ G1 TRÊN MẠNG,2018-04-02,Giấy phép chính thức (ABEI - Bộ TT&TT),454/QĐ-BTTTT,invalid,https://giayphep.abei.gov.vn/
kkgh.1618play.vn,CÔNG TY TNHH 1618PLAY,QUYẾT ĐỊNH PHÁT HÀNH TRÒ CHƠI ĐIỆN TỬ G1 TRÊN MẠNG,2017-03-05,Giấy phép chính thức (ABEI - Bộ TT&TT),285/QĐ-BTTTT,valid,https://giayphep.abei.gov.vn/
kksoft.vn,CÔNG TY TNHH PHẦN MỀM KKSOFT ,QUYẾT ĐỊNH PHÁT HÀNH TRÒ CHƠI ĐIỆN TỬ G1 TRÊN MẠNG,2026-03-31,Giấy phép chính thức (ABEI - Bộ TT&TT),157/QĐ-PTTH&TTĐT,valid,https://giayphep.abei.gov.vn/
knah.mobi,CÔNG TY CỔ PHẦN GGO,QUYẾT ĐỊNH PHÁT HÀNH TRÒ CHƠI ĐIỆN TỬ G1 TRÊN MẠNG,2022-04-22,Giấy phép chính thức (ABEI - Bộ TT&TT),734/QĐ-BTTTT,valid,https://giayphep.abei.gov.vn/
knht.gamota.com,CÔNG TY CỔ PHẦN GAMOTA,QUYẾT ĐỊNH PHÁT HÀNH TRÒ CHƠI ĐIỆN TỬ G1 TRÊN MẠNG,2020-05-28,Giấy phép chính thức (ABEI - Bộ TT&TT),893/QĐ-BTTTT,valid,https://giayphep.abei.gov.vn/
knmt.vn,CÔNG TY TNHH 1618PLAY,QUYẾT ĐỊNH PHÁT HÀNH TRÒ CHƠI ĐIỆN TỬ G1 TRÊN MẠNG,2018-07-20,Giấy phép chính thức (ABEI - Bộ TT&TT),1212/QĐ-BTTTT,valid,https://giayphep.abei.gov.vn/
knr.phoenix.com,CÔNG TY TNHH DỊCH VỤ GIẢI TRÍ PHƯỢNG HOÀNG,QUYẾT ĐỊNH PHÁT HÀNH TRÒ CHƠI ĐIỆN TỬ G1 TRÊN MẠNG,2020-12-29,Giấy phép chính thức (ABEI - Bộ TT&TT),2331 /QĐ-BTTTT,invalid,https://giayphep.abei.gov.vn/
knr.zoneplay.vn,CÔNG TY CỔ PHẦN GZONE MEDIA VIỆT NAM,QUYẾT ĐỊNH PHÁT HÀNH TRÒ CHƠI ĐIỆN TỬ G1 TRÊN MẠNG,2024-06-20,Giấy phép chính thức (ABEI - Bộ TT&TT),1013 /QĐ-BTTTT,valid,https://giayphep.abei.gov.vn/
kntc.hhgame.vn,CÔNG TY CỔ PHẦN PHÁT TRIỂN CÔNG NGHỆ SỐ HỒNG HÀ,QUYẾT ĐỊNH PHÁT HÀNH TRÒ CHƠI ĐIỆN TỬ G1 TRÊN MẠNG,2020-11-06,Giấy phép chính thức (ABEI - Bộ TT&TT),1904/QĐ-BTTTT,valid,https://giayphep.abei.gov.vn/
koa.gamota.com,CÔNG TY CỔ PHẦN GAMOTA,QUYẾT ĐỊNH PHÁT HÀNH TRÒ CHƠI ĐIỆN TỬ G1 TRÊN MẠNG,2020-04-15,Giấy phép chính thức (ABEI - Bộ TT&TT),545/QĐ-BTTTT,valid,https://giayphep.abei.gov.vn/
kof.vn,CÔNG TY CỔ PHẦN SOLAPLAY,QUYẾT ĐỊNH PHÁT HÀNH TRÒ CHƠI ĐIỆN TỬ G1 TRÊN MẠNG,2025-12-31,Giấy phép chính thức (ABEI - Bộ TT&TT),597/QĐ-PTTH&TTĐT,valid,https://giayphep.abei.gov.vn/
kofasvng.com,CÔNG TY TNHH TRUYỀN THÔNG MINH PHƯƠNG THỊNH,QUYẾT ĐỊNH PHÁT HÀNH TRÒ CHƠI ĐIỆN TỬ G1 TRÊN MẠNG,2020-04-29,Giấy phép chính thức (ABEI - Bộ TT&TT),755/QĐ-BTTTT,valid,https://giayphep.abei.gov.vn/
komtum.gov.vn,SỞ THÔNG TIN VÀ TRUYỀN THÔNG KON TUM,GIẤY PHÉP THIẾT LẬP TRANG THÔNG TIN ĐIỆN TỬ TỔNG HỢP,2013-08-13,Giấy phép chính thức (ABEI - Bộ TT&TT),111/GP-TTĐT,invalid,https://giayphep.abei.gov.vn/
kon.vnggames.com,CÔNG TY CỔ PHẦN TẬP ĐOÀN VNG,QUYẾT ĐỊNH PHÁT HÀNH TRÒ CHƠI ĐIỆN TỬ G1 TRÊN MẠNG,2022-06-02,Giấy phép chính thức (ABEI - Bộ TT&TT),1023 /QĐ-BTTT,valid,https://giayphep.abei.gov.vn/
kontumtv.vn,ĐÀI PHÁT THANH - TRUYỀN HÌNH KON TUM,GIẤY PHÉP THIẾT LẬP TRANG THÔNG TIN ĐIỆN TỬ TỔNG HỢP,2018-05-25,Giấy phép chính thức (ABEI - Bộ TT&TT),138/GP-TTĐT,invalid,https://giayphep.abei.gov.vn/
krav.vn,TẠP CHÍ HÀN QUỐC,GIẤY PHÉP THIẾT LẬP TRANG THÔNG TIN ĐIỆN TỬ TỔNG HỢP,2023-05-09,Giấy phép chính thức (ABEI - Bộ TT&TT),61/GP-TTĐT,invalid,https://giayphep.abei.gov.vn/
krr.playfun.vn,CÔNG TY CỔ PHẦN FUNTAP,QUYẾT ĐỊNH PHÁT HÀNH TRÒ CHƠI ĐIỆN TỬ G1 TRÊN MẠNG,2020-10-22,Giấy phép chính thức (ABEI - Bộ TT&TT),1780 /QĐ-BTTTT,valid,https://giayphep.abei.gov.vn/
krt.com.vn,ĐÀI PHÁT THANH VÀ TRUYỀN HÌNH KON TUM,GIẤY PHÉP THIẾT LẬP TRANG THÔNG TIN ĐIỆN TỬ TỔNG HỢP,2020-12-31,Giấy phép chính thức (ABEI - Bộ TT&TT),250/GP-TTĐT,valid,https://giayphep.abei.gov.vn/
kt.esgame.com.vn,CÔNG TY CỔ PHẦN ĐẦU TƯ & CÔNG NGHỆ MCORP,QUYẾT ĐỊNH PHÁT HÀNH TRÒ CHƠI ĐIỆN TỬ G1 TRÊN MẠNG,2021-05-18,Giấy phép chính thức (ABEI - Bộ TT&TT),675/QĐ-BTTTT,valid,https://giayphep.abei.gov.vn/
kt.esgame.vn,CÔNG TY CỔ PHẦN ĐẦU TƯ & CÔNG NGHỆ MCORP,QUYẾT ĐỊNH PHÁT HÀNH TRÒ CHƠI ĐIỆN TỬ G1 TRÊN MẠNG,2021-05-18,Giấy phép chính thức (ABEI - Bộ TT&TT),675/QĐ-BTTTT,valid,https://giayphep.abei.gov.vn/
ktdn.vn,CÔNG TY CỔ PHẦN ĐẦU ACM HOLDINGS,GIẤY PHÉP CUNG CẤP DỊCH VỤ MẠNG XÃ HỘI,2023-05-23,Giấy phép chính thức (ABEI - Bộ TT&TT),183/GP-BTTTT,valid,https://giayphep.abei.gov.vn/
ktegdxh.net,TẠP CHÍ KINH TẾ - CÔNG NGHIỆP,GIẤY PHÉP THIẾT LẬP TRANG THÔNG TIN ĐIỆN TỬ TỔNG HỢP,2015-05-21,Giấy phép chính thức (ABEI - Bộ TT&TT),49/GP-TTĐT,invalid,https://giayphep.abei.gov.vn/
ktm.zing.vn,CÔNG TY CỔ PHẦN VNG,QUYẾT ĐỊNH PHÁT HÀNH TRÒ CHƠI ĐIỆN TỬ G1 TRÊN MẠNG,2018-11-02,Giấy phép chính thức (ABEI - Bộ TT&TT),1767/QĐ-BTTTT,invalid,https://giayphep.abei.gov.vn/
kto.sky.vn,CÔNG TY CỔ PHẦN SKYWAY,QUYẾT ĐỊNH PHÁT HÀNH TRÒ CHƠI ĐIỆN TỬ G1 TRÊN MẠNG,2024-06-05,Giấy phép chính thức (ABEI - Bộ TT&TT),918/QĐ-BTTTT,invalid,https://giayphep.abei.gov.vn/
kto.vnggames.com,CÔNG TY CỔ PHẦN TẬP ĐOÀN VNG,QUYẾT ĐỊNH PHÁT HÀNH TRÒ CHƠI ĐIỆN TỬ G1 TRÊN MẠNG,2025-12-02,Giấy phép chính thức (ABEI - Bộ TT&TT),533/QĐ-PTTH&TTĐT,valid,https://giayphep.abei.gov.vn/
ktsdesgroup.com.vn,CÔNG TY CỔ PHẦN CÔNG NGHỆ PHÁT TRIỂN QUỐC TẾ KTS DES GROUP,GIẤY PHÉP CUNG CẤP DỊCH VỤ MẠNG XÃ HỘI,2023-02-13,Giấy phép chính thức (ABEI - Bộ TT&TT),58/GP-BTTTT,valid,https://giayphep.abei.gov.vn/
kttvqg.gov.vn,TRUNG TÂM KHÍ TƯỢNG THỦY VĂN QUỐC GIA,GIẤY PHÉP THIẾT LẬP TRANG THÔNG TIN ĐIỆN TỬ TỔNG HỢP,2015-09-11,Giấy phép chính thức (ABEI - Bộ TT&TT),137/GP-TTĐT,invalid,https://giayphep.abei.gov.vn/
ktv.org.vn,ĐÀI PHÁT THANH - TRUYỀN HÌNH KHÁNH HÒA,GIẤY PHÉP THIẾT LẬP TRANG THÔNG TIN ĐIỆN TỬ TỔNG HỢP,2018-09-28,Giấy phép chính thức (ABEI - Bộ TT&TT),250/GP-TTĐT,valid,https://giayphep.abei.gov.vn/
ktvn.vn,CÔNG TY TNHH THƯƠNG MẠI DỊCH VỤ ĐẦU TƯ THẮNG LỢI,GIẤY PHÉP CUNG CẤP DỊCH VỤ MẠNG XÃ HỘI,2020-04-07,Giấy phép chính thức (ABEI - Bộ TT&TT),151/GP-BTTTT,valid,https://giayphep.abei.gov.vn/
ktxh.com.vn,CÔNG TY TNHH TRUYỀN THÔNG TXT,GIẤY PHÉP CUNG CẤP DỊCH VỤ MẠNG XÃ HỘI,2020-05-04,Giấy phép chính thức (ABEI - Bộ TT&TT),189/GP-BTTTT,valid,https://giayphep.abei.gov.vn/
kul.vn,CÔNG TY CỔ PHẦN TRỰC TUYẾN CMN VIỆT NAM ,QUYẾT ĐỊNH PHÁT HÀNH TRÒ CHƠI ĐIỆN TỬ G1 TRÊN MẠNG,2023-06-07,Giấy phép chính thức (ABEI - Bộ TT&TT),987 /QĐ-BTTTT,valid,https://giayphep.abei.gov.vn/
kv1.adnxgames.vn,CÔNG TY CỔ PHẦN ADNX,QUYẾT ĐỊNH PHÁT HÀNH TRÒ CHƠI ĐIỆN TỬ G1 TRÊN MẠNG,2022-10-28,Giấy phép chính thức (ABEI - Bộ TT&TT),1963/QĐ-BTTTT,valid,https://giayphep.abei.gov.vn/
kvhb.vtcgame.vn,CÔNG TY VTC CÔNG NGHỆ VÀ NỘI DUNG SỐ,"GIẤY XÁC NHẬN THÔNG BÁO PHÁT HÀNH TRÒ CHƠI ĐIỆN TỬ G2,G3,G4",2021-05-17,Giấy phép chính thức (ABEI - Bộ TT&TT),79/GXN-PTTH&TTĐT,valid,https://giayphep.abei.gov.vn/
kvl.weplayz.com,CÔNG TY TNHH PHẦN MỀM WEPLAY,QUYẾT ĐỊNH PHÁT HÀNH TRÒ CHƠI ĐIỆN TỬ G1 TRÊN MẠNG,2025-12-30,Giấy phép chính thức (ABEI - Bộ TT&TT),584/QĐ-PTTH&TTĐT,valid,https://giayphep.abei.gov.vn/
kvsh.broga.vn,Công ty Cổ phần Broga ,QUYẾT ĐỊNH PHÁT HÀNH TRÒ CHƠI ĐIỆN TỬ G1 TRÊN MẠNG,2026-02-03,Giấy phép chính thức (ABEI - Bộ TT&TT),45/QĐ-PTTH&TTĐT,valid,https://giayphep.abei.gov.vn/
kvtm.vn,CÔNG TY CỔ PHẦN VNG,QUYẾT ĐỊNH PHÁT HÀNH TRÒ CHƠI ĐIỆN TỬ G1 TRÊN MẠNG,2025-05-28,Giấy phép chính thức (ABEI - Bộ TT&TT),204/QĐ-PTTH&TTĐT,invalid,https://giayphep.abei.gov.vn/
kvtm.zingplay.com,CÔNG TY TNHH ZINGPLAY VIỆT NAM,QUYẾT ĐỊNH PHÁT HÀNH TRÒ CHƠI ĐIỆN TỬ G1 TRÊN MẠNG,2026-04-14,Giấy phép chính thức (ABEI - Bộ TT&TT),190 /QĐ-PTTH&TTĐT,valid,https://giayphep.abei.gov.vn/
kylangames.vn,CÔNG TY TNHH GIẢI TRÍ KỲ LÂN,QUYẾT ĐỊNH PHÁT HÀNH TRÒ CHƠI ĐIỆN TỬ G1 TRÊN MẠNG,2021-01-22,Giấy phép chính thức (ABEI - Bộ TT&TT),81/QĐ-BTTTT,valid,https://giayphep.abei.gov.vn/
kyluc.vn,HỘI KỶ LỤC GIA VIỆT NAM,GIẤY PHÉP THIẾT LẬP TRANG THÔNG TIN ĐIỆN TỬ TỔNG HỢP,2018-10-16,Giấy phép chính thức (ABEI - Bộ TT&TT),270/GP-TTĐT,valid,https://giayphep.abei.gov.vn/
kynguyeicarus.vn,CÔNG TY TNHH TRUYỀN THÔNG HNXSOFT,QUYẾT ĐỊNH PHÁT HÀNH TRÒ CHƠI ĐIỆN TỬ G1 TRÊN MẠNG,2025-02-18,Giấy phép chính thức (ABEI - Bộ TT&TT),31/QĐ-PTTH&TTĐT,valid,https://giayphep.abei.gov.vn/
kynguyenafk.vn,CÔNG TY TNHH SOHA,QUYẾT ĐỊNH PHÁT HÀNH TRÒ CHƠI ĐIỆN TỬ G1 TRÊN MẠNG,2023-10-13,Giấy phép chính thức (ABEI - Bộ TT&TT),1980/QĐ-BTTTT,valid,https://giayphep.abei.gov.vn/
kynguyenhaitac.vn,CÔNG TY CỔ PHẦN GIẢI TRÍ 568E,QUYẾT ĐỊNH PHÁT HÀNH TRÒ CHƠI ĐIỆN TỬ G1 TRÊN MẠNG,2025-06-20,Giấy phép chính thức (ABEI - Bộ TT&TT),271/QĐ-PTTH&TTĐT,valid,https://giayphep.abei.gov.vn/
kynguyenz.gtvonline.net,CÔNG TY CỔ PHẦN CÔNG NGHỆ GTV VIỆT NAM,QUYẾT ĐỊNH PHÁT HÀNH TRÒ CHƠI ĐIỆN TỬ G1 TRÊN MẠNG,2020-09-23,Giấy phép chính thức (ABEI - Bộ TT&TT),1626/QĐ-BTTTT,valid,https://giayphep.abei.gov.vn/
kynuboangcung2.playfun.vn,CÔNG TY CỔ PHẦN FUNTAP,QUYẾT ĐỊNH PHÁT HÀNH TRÒ CHƠI ĐIỆN TỬ G1 TRÊN MẠNG,2024-02-02,Giấy phép chính thức (ABEI - Bộ TT&TT),127/QĐ-BTTTT,valid,https://giayphep.abei.gov.vn/
kynuhoangcung.playfun.vn,CÔNG TY CỔ PHẦN FUNTAP,QUYẾT ĐỊNH PHÁT HÀNH TRÒ CHƠI ĐIỆN TỬ G1 TRÊN MẠNG,2020-12-04,Giấy phép chính thức (ABEI - Bộ TT&TT),2136/QĐ-BTTTT,valid,https://giayphep.abei.gov.vn/
kysirong.vn,CÔNG TY CỔ PHẦN VCCORP,QUYẾT ĐỊNH PHÁT HÀNH TRÒ CHƠI ĐIỆN TỬ G1 TRÊN MẠNG,2017-10-10,Giấy phép chính thức (ABEI - Bộ TT&TT),1689/QĐ-BTTTT,invalid,https://giayphep.abei.gov.vn/
kyvuong.mobi,CÔNG TY CỔ PHẦN VGP,QUYẾT ĐỊNH PHÁT HÀNH TRÒ CHƠI ĐIỆN TỬ G1 TRÊN MẠNG,2018-06-07,Giấy phép chính thức (ABEI - Bộ TT&TT),880/QĐ-BTTTT,valid,https://giayphep.abei.gov.vn/
l9asia.onstove.vn,CÔNG TY CỔ PHẦN VTC TRUYỀN THÔNG TRỰC TUYẾN,QUYẾT ĐỊNH PHÁT HÀNH TRÒ CHƠI ĐIỆN TỬ G1 TRÊN MẠNG,2026-05-06,Giấy phép chính thức (ABEI - Bộ TT&TT),235 /QĐ-PTTH&TTĐT,valid,https://giayphep.abei.gov.vn/
la34.com.vn,ĐÀI PHÁT THANH VÀ TRUYỀN HÌNH LONG AN,GIẤY PHÉP THIẾT LẬP TRANG THÔNG TIN ĐIỆN TỬ TỔNG HỢP,2016-05-11,Giấy phép chính thức (ABEI - Bộ TT&TT),47/GP-TTĐT,valid,https://giayphep.abei.gov.vn/
labambi.vn,CÔNG TY CỔ PHẦN TRUYỀN THÔNG TƯ VẤN VÀ THƯƠNG MẠI LABAMBI,GIẤY PHÉP CUNG CẤP DỊCH VỤ MẠNG XÃ HỘI,2019-05-21,Giấy phép chính thức (ABEI - Bộ TT&TT),191/GP-BTTTT,valid,https://giayphep.abei.gov.vn/
lacanhphongthan.sohagame.vn,CÔNG TY TNHH SOHA ,QUYẾT ĐỊNH PHÁT HÀNH TRÒ CHƠI ĐIỆN TỬ G1 TRÊN MẠNG,2026-07-03,Giấy phép chính thức (ABEI - Bộ TT&TT),389/QĐ-PTTH&TTĐT,valid,https://giayphep.abei.gov.vn/
lacthan.gosu.vn,CÔNG TY CỔ PHẦN TRỰC TUYẾN GOSU,QUYẾT ĐỊNH PHÁT HÀNH TRÒ CHƠI ĐIỆN TỬ G1 TRÊN MẠNG,2025-09-16,Giấy phép chính thức (ABEI - Bộ TT&TT),396/QĐ-PTTH&TTĐT,valid,https://giayphep.abei.gov.vn/
lag.com.vn,CÔNG TY CỔ PHẦN WHITE SHARK,GIẤY PHÉP CUNG CẤP DỊCH VỤ MẠNG XÃ HỘI,2022-12-02,Giấy phép chính thức (ABEI - Bộ TT&TT),572/GP-BTTTT,valid,https://giayphep.abei.gov.vn/
lag.vn,CÔNG TY CỔ PHẦN WHITE SHARK,GIẤY PHÉP CUNG CẤP DỊCH VỤ MẠNG XÃ HỘI,2022-12-02,Giấy phép chính thức (ABEI - Bộ TT&TT),572/GP-BTTTT,valid,https://giayphep.abei.gov.vn/
lalaland.splay.vn,CÔNG TY CỔ PHẦN VTC DỊCH VỤ DI ĐỘNG,QUYẾT ĐỊNH PHÁT HÀNH TRÒ CHƠI ĐIỆN TỬ G1 TRÊN MẠNG,2023-06-30,Giấy phép chính thức (ABEI - Bộ TT&TT),1182/QĐ-BTTTT,invalid,https://giayphep.abei.gov.vn/
lamnghiep.vn,CÔNG TY TNHH PHÁT TRIỂN THƯƠNG MẠI TRUYỀN THÔNG BTE,GIẤY PHÉP CUNG CẤP DỊCH VỤ MẠNG XÃ HỘI,2021-02-02,Giấy phép chính thức (ABEI - Bộ TT&TT),81/GP-BTTTT,valid,https://giayphep.abei.gov.vn/
landofempires.hhgame.vn,CÔNG TY CỔ PHẦN PHÁT TRIỂN CÔNG NGHỆ SỐ HỒNG HÀ,QUYẾT ĐỊNH PHÁT HÀNH TRÒ CHƠI ĐIỆN TỬ G1 TRÊN MẠNG,2022-10-26,Giấy phép chính thức (ABEI - Bộ TT&TT),1951/QĐ-BTTTT,invalid,https://giayphep.abei.gov.vn/
langcadaichien.vn,CÔNG TY CỔ PHẦN FUNTAP,QUYẾT ĐỊNH PHÁT HÀNH TRÒ CHƠI ĐIỆN TỬ G1 TRÊN MẠNG,2025-01-17,Giấy phép chính thức (ABEI - Bộ TT&TT),52/QĐ-BTTTT,valid,https://giayphep.abei.gov.vn/
langcuoi.net.vn,CÔNG TY CỔ PHẦN GIẢI PHÁP CÔNG NGHỆ VẠN GIA HƯNG,GIẤY PHÉP CUNG CẤP DỊCH VỤ MẠNG XÃ HỘI,2019-12-16,Giấy phép chính thức (ABEI - Bộ TT&TT),552/GP-BTTTT,valid,https://giayphep.abei.gov.vn/
langhaitac.funnysoft.net,CÔNG TY TNHH FUNNY SOFT,QUYẾT ĐỊNH PHÁT HÀNH TRÒ CHƠI ĐIỆN TỬ G1 TRÊN MẠNG,2025-04-23,Giấy phép chính thức (ABEI - Bộ TT&TT),137/QĐ-PTTH&TTĐT,valid,https://giayphep.abei.gov.vn/
langkhach.com.vn,CÔNG TY CỔ PHẦN CÔNG NGHỆ MOBI-GAME,QUYẾT ĐỊNH PHÁT HÀNH TRÒ CHƠI ĐIỆN TỬ G1 TRÊN MẠNG,2020-09-03,Giấy phép chính thức (ABEI - Bộ TT&TT),1503/QĐ-BTTTT,valid,https://giayphep.abei.gov.vn/
langkhachhanh.vn,CÔNG TY CỔ PHẦN VTC DỊCH VỤ DI ĐỘNG,QUYẾT ĐỊNH PHÁT HÀNH TRÒ CHƠI ĐIỆN TỬ G1 TRÊN MẠNG,2022-01-21,Giấy phép chính thức (ABEI - Bộ TT&TT),84/QĐ-BTTTT,invalid,https://giayphep.abei.gov.vn/
langla.vn,CÔNG TY CỔ PHẦN VCCORP,QUYẾT ĐỊNH PHÁT HÀNH TRÒ CHƠI ĐIỆN TỬ G1 TRÊN MẠNG,2018-08-27,Giấy phép chính thức (ABEI - Bộ TT&TT),1409/QĐ-BTTTT,invalid,https://giayphep.abei.gov.vn/
langngheviet.com.vn,THỜI BÁO LÀNG NGHỀ VIỆT,GIẤY PHÉP THIẾT LẬP TRANG THÔNG TIN ĐIỆN TỬ TỔNG HỢP,2013-11-28,Giấy phép chính thức (ABEI - Bộ TT&TT),143/GP-TTĐT,invalid,https://giayphep.abei.gov.vn/
langnhangia.vn,CÔNG TY CỔ PHẦN ACE GAME,QUYẾT ĐỊNH PHÁT HÀNH TRÒ CHƠI ĐIỆN TỬ G1 TRÊN MẠNG,2024-07-02,Giấy phép chính thức (ABEI - Bộ TT&TT),1114/QĐ-BTTTT,valid,https://giayphep.abei.gov.vn/
langson.gov.vn,SỞ THÔNG TIN VÀ TRUYỀN THÔNG LẠNG SƠN,GIẤY PHÉP THIẾT LẬP TRANG THÔNG TIN ĐIỆN TỬ TỔNG HỢP,2015-03-12,Giấy phép chính thức (ABEI - Bộ TT&TT),20/GP-TTĐT,invalid,https://giayphep.abei.gov.vn/
langsontrade.vn,TRUNG TÂM XÚC TIẾN THƯƠNG MẠI LẠNG SƠN,GIẤY PHÉP THIẾT LẬP TRANG THÔNG TIN ĐIỆN TỬ TỔNG HỢP,2013-03-14,Giấy phép chính thức (ABEI - Bộ TT&TT),24/GP-TTĐT,invalid,https://giayphep.abei.gov.vn/
langsontv.vn,ĐÀI PHÁT THANH VÀ TRUYỀN HÌNH LẠNG SƠN,GIẤY PHÉP THIẾT LẬP TRANG THÔNG TIN ĐIỆN TỬ TỔNG HỢP,2021-07-28,Giấy phép chính thức (ABEI - Bộ TT&TT),131/GP-TTĐT,valid,https://giayphep.abei.gov.vn/
langtuccau.com,CÔNG TY TNHH MTV GENPRESS ,GIẤY PHÉP CUNG CẤP DỊCH VỤ MẠNG XÃ HỘI,2024-12-04,Giấy phép chính thức (ABEI - Bộ TT&TT),365/GP-BTTTT,valid,https://giayphep.abei.gov.vn/
langtuccau.com.vn,CÔNG TY TNHH MTV GENPRESS ,GIẤY PHÉP CUNG CẤP DỊCH VỤ MẠNG XÃ HỘI,2024-12-04,Giấy phép chính thức (ABEI - Bộ TT&TT),365/GP-BTTTT,valid,https://giayphep.abei.gov.vn/
langtukiem.vn,CÔNG TY TNHH SOHA,QUYẾT ĐỊNH PHÁT HÀNH TRÒ CHƠI ĐIỆN TỬ G1 TRÊN MẠNG,2019-11-20,Giấy phép chính thức (ABEI - Bộ TT&TT),1972 /QĐ-BTTTT,valid,https://giayphep.abei.gov.vn/
langvan.vgplay.vn,CÔNG TY CỔ PHẦN VGP,QUYẾT ĐỊNH PHÁT HÀNH TRÒ CHƠI ĐIỆN TỬ G1 TRÊN MẠNG,2024-03-26,Giấy phép chính thức (ABEI - Bộ TT&TT),384/QĐ-BTTTT,invalid,https://giayphep.abei.gov.vn/
lanhdiachien.vn,CÔNG TY CỔ PHẦN TRỰC TUYẾN DUO,QUYẾT ĐỊNH PHÁT HÀNH TRÒ CHƠI ĐIỆN TỬ G1 TRÊN MẠNG,2024-08-30,Giấy phép chính thức (ABEI - Bộ TT&TT),1469/QĐ-BTTTT,valid,https://giayphep.abei.gov.vn/
lanlangvuong.vn,CÔNG TY CỔ PHẦN XTV,QUYẾT ĐỊNH PHÁT HÀNH TRÒ CHƠI ĐIỆN TỬ G1 TRÊN MẠNG,2019-09-30,Giấy phép chính thức (ABEI - Bộ TT&TT),1582/QĐ-BTTTT,invalid,https://giayphep.abei.gov.vn/
laocaitv.vn,ĐÀI PHÁT THANH VÀ TRUYỀN HÌNH LÀO CAI,GIẤY PHÉP THIẾT LẬP TRANG THÔNG TIN ĐIỆN TỬ TỔNG HỢP,2019-01-15,Giấy phép chính thức (ABEI - Bộ TT&TT),13/GP-TTĐT,valid,https://giayphep.abei.gov.vn/
laodongnghean.vn,BÁO LAO ĐỘNG NGHỆ AN,GIẤY PHÉP THIẾT LẬP TRANG THÔNG TIN ĐIỆN TỬ TỔNG HỢP,2016-12-06,Giấy phép chính thức (ABEI - Bộ TT&TT),241/GP-TTĐT,valid,https://giayphep.abei.gov.vn/
laodongxanha.net.vn,TRUNG TÂM PHÁT TRIỂN VÀ HỘI NHẬP (CDI),GIẤY PHÉP THIẾT LẬP TRANG THÔNG TIN ĐIỆN TỬ TỔNG HỢP,2020-01-21,Giấy phép chính thức (ABEI - Bộ TT&TT),05/GP-TTĐT,valid,https://giayphep.abei.gov.vn/
laogialoccoc.vn,CÔNG TY CỔ PHẦN FUNTAP,QUYẾT ĐỊNH PHÁT HÀNH TRÒ CHƠI ĐIỆN TỬ G1 TRÊN MẠNG,2019-08-12,Giấy phép chính thức (ABEI - Bộ TT&TT),1270/QĐ-BTTTT,invalid,https://giayphep.abei.gov.vn/
laplace.vtcgame.vn,CÔNG TY VTC CÔNG NGHỆ VÀ NỘI DUNG SỐ,QUYẾT ĐỊNH PHÁT HÀNH TRÒ CHƠI ĐIỆN TỬ G1 TRÊN MẠNG,2019-08-16,Giấy phép chính thức (ABEI - Bộ TT&TT),1338/QĐ-BTTTT,invalid,https://giayphep.abei.gov.vn/
lapphap.com,TẠP CHÍ NGHIÊN CỨU LẬP PHÁP,GIẤY PHÉP THIẾT LẬP TRANG THÔNG TIN ĐIỆN TỬ TỔNG HỢP,2013-12-03,Giấy phép chính thức (ABEI - Bộ TT&TT),145/GP-TTĐT,invalid,https://giayphep.abei.gov.vn/
lapphap.com.vn,TẠP CHÍ NGHIÊN CỨU LẬP PHÁP,GIẤY PHÉP THIẾT LẬP TRANG THÔNG TIN ĐIỆN TỬ TỔNG HỢP,2013-12-03,Giấy phép chính thức (ABEI - Bộ TT&TT),145/GP-TTĐT,invalid,https://giayphep.abei.gov.vn/
largeer.vn,CÔNG TY TNHH CÔNG NGHỆ TRUYỀN THÔNG EXPLUS,GIẤY PHÉP CUNG CẤP DỊCH VỤ MẠNG XÃ HỘI,2019-10-30,Giấy phép chính thức (ABEI - Bộ TT&TT),467/GP-BTTTT,valid,https://giayphep.abei.gov.vn/
lastfortress.gamota.com,CÔNG TY CỔ PHẦN GAMOTA,QUYẾT ĐỊNH PHÁT HÀNH TRÒ CHƠI ĐIỆN TỬ G1 TRÊN MẠNG,2024-03-12,Giấy phép chính thức (ABEI - Bộ TT&TT),302/QĐ-BTTTT,valid,https://giayphep.abei.gov.vn/
lastfortress.hhgame.vn,CÔNG TY CỔ PHẦN PHÁT TRIỂN CÔNG NGHỆ SỐ HỒNG HÀ,QUYẾT ĐỊNH PHÁT HÀNH TRÒ CHƠI ĐIỆN TỬ G1 TRÊN MẠNG,2022-08-29,Giấy phép chính thức (ABEI - Bộ TT&TT),1625/QĐ-BTTTT,valid,https://giayphep.abei.gov.vn/
lastwar.hhgame.vn,CÔNG TY CỔ PHẦN PHÁT TRIỂN CÔNG NGHỆ SỐ HỒNG HÀ,QUYẾT ĐỊNH PHÁT HÀNH TRÒ CHƠI ĐIỆN TỬ G1 TRÊN MẠNG,2024-12-03,Giấy phép chính thức (ABEI - Bộ TT&TT),2106/QD-BTTTT,valid,https://giayphep.abei.gov.vn/
lastz.funtap.games,CÔNG TY CỔ PHẦN FUNTAP GAMES,QUYẾT ĐỊNH PHÁT HÀNH TRÒ CHƠI ĐIỆN TỬ G1 TRÊN MẠNG,2026-05-29,Giấy phép chính thức (ABEI - Bộ TT&TT),283/QĐ-PTTH&TTĐT,valid,https://giayphep.abei.gov.vn/
laviewater.com,CÔNG TY TNHH LAVIE,GIẤY PHÉP THIẾT LẬP TRANG THÔNG TIN ĐIỆN TỬ TỔNG HỢP,2013-02-27,Giấy phép chính thức (ABEI - Bộ TT&TT),19/GP-TTĐT,invalid,https://giayphep.abei.gov.vn/
laviewater.com.vn,CÔNG TY TNHH LAVIE,GIẤY PHÉP THIẾT LẬP TRANG THÔNG TIN ĐIỆN TỬ TỔNG HỢP,2013-02-27,Giấy phép chính thức (ABEI - Bộ TT&TT),19/GP-TTĐT,invalid,https://giayphep.abei.gov.vn/
lazi.vn,CÔNG TY CỔ PHẦN CÔNG NGHỆ LAZI,GIẤY PHÉP CUNG CẤP DỊCH VỤ MẠNG XÃ HỘI,2019-09-10,Giấy phép chính thức (ABEI - Bộ TT&TT),372/GP-BTTTT,valid,https://giayphep.abei.gov.vn/
lb.gaba.vn,CÔNG TY CỔ PHẦN TRÒ CHƠI VEGA,QUYẾT ĐỊNH PHÁT HÀNH TRÒ CHƠI ĐIỆN TỬ G1 TRÊN MẠNG,2016-06-17,Giấy phép chính thức (ABEI - Bộ TT&TT),1054/QĐ-BTTTT,valid,https://giayphep.abei.gov.vn/
lctq.vtcgame.vn,CÔNG TY VTC CÔNG NGHỆ VÀ NỘI DUNG SỐ,QUYẾT ĐỊNH PHÁT HÀNH TRÒ CHƠI ĐIỆN TỬ G1 TRÊN MẠNG,2018-06-19,Giấy phép chính thức (ABEI - Bộ TT&TT),941/QĐ-BTTTT,invalid,https://giayphep.abei.gov.vn/
ldah.gaba.vn,CÔNG TY CỔ PHẦN TRÒ CHƠI VEGA,QUYẾT ĐỊNH PHÁT HÀNH TRÒ CHƠI ĐIỆN TỬ G1 TRÊN MẠNG,2015-08-12,Giấy phép chính thức (ABEI - Bộ TT&TT),550/QĐ-BTTTT,valid,https://giayphep.abei.gov.vn/
ldha.opengame.vn,CÔNG TY TNHH OPENGAME,QUYẾT ĐỊNH PHÁT HÀNH TRÒ CHƠI ĐIỆN TỬ G1 TRÊN MẠNG,2025-04-15,Giấy phép chính thức (ABEI - Bộ TT&TT),113/QĐ-PTTH&TTĐT,valid,https://giayphep.abei.gov.vn/
ldht.oceangalaxy.vn,CÔNG TY CỔ PHẦN OCEAN GALAXY,QUYẾT ĐỊNH PHÁT HÀNH TRÒ CHƠI ĐIỆN TỬ G1 TRÊN MẠNG,2024-07-15,Giấy phép chính thức (ABEI - Bộ TT&TT),1180/QĐ-BTTTT,valid,https://giayphep.abei.gov.vn/
ldr.gaba.vn,CÔNG TY CỔ PHẦN TRÒ CHƠI VEGA,QUYẾT ĐỊNH PHÁT HÀNH TRÒ CHƠI ĐIỆN TỬ G1 TRÊN MẠNG,2016-06-27,Giấy phép chính thức (ABEI - Bộ TT&TT),1102/QĐ-BTTTT,valid,https://giayphep.abei.gov.vn/
legalguru.vn,CÔNG TY CỔ PHẦN TƯ VẤN VÀ ĐẦU TƯ AN PHƯƠNG HÚC,GIẤY PHÉP CUNG CẤP DỊCH VỤ MẠNG XÃ HỘI,2021-08-30,Giấy phép chính thức (ABEI - Bộ TT&TT),558/GP-BTTTT,valid,https://giayphep.abei.gov.vn/
legend.vtcgame.vn,CÔNG TY VTC CÔNG NGHỆ VÀ NỘI DUNG SỐ,QUYẾT ĐỊNH PHÁT HÀNH TRÒ CHƠI ĐIỆN TỬ G1 TRÊN MẠNG,2022-01-21,Giấy phép chính thức (ABEI - Bộ TT&TT),81/QĐ-BTTTT,invalid,https://giayphep.abei.gov.vn/
lenhhoca.vn,CÔNG TY CỔ PHẦN TRỰC TUYẾN CMN VIET NAM,QUYẾT ĐỊNH PHÁT HÀNH TRÒ CHƠI ĐIỆN TỬ G1 TRÊN MẠNG,2022-04-25,Giấy phép chính thức (ABEI - Bộ TT&TT),755/QĐ-BTTTT,invalid,https://giayphep.abei.gov.vn/
leox.vn,CÔNG TY CỔ PHẦN TRADENET VIỆT NAM,GIẤY PHÉP CUNG CẤP DỊCH VỤ MẠNG XÃ HỘI,2024-03-27,Giấy phép chính thức (ABEI - Bộ TT&TT),74/GP-BTTTT,valid,https://giayphep.abei.gov.vn/
lgb.vinixgame.vn,CÔNG TY TNHH DỊCH VỤ SỐ PHƯỢNG HOÀNG VIỆT,QUYẾT ĐỊNH PHÁT HÀNH TRÒ CHƠI ĐIỆN TỬ G1 TRÊN MẠNG,2017-01-19,Giấy phép chính thức (ABEI - Bộ TT&TT),64/QĐ-BTTTT,invalid,https://giayphep.abei.gov.vn/
lgtb.1618play.vn,CÔNG TY TNHH 1618PLAY,QUYẾT ĐỊNH PHÁT HÀNH TRÒ CHƠI ĐIỆN TỬ G1 TRÊN MẠNG,2017-12-14,Giấy phép chính thức (ABEI - Bộ TT&TT),2325/QĐ-BTTTT,valid,https://giayphep.abei.gov.vn/
lh3d.esgame.com.vn,CÔNG TY CỔ PHẦN ĐẦU TƯ & CÔNG NGHỆ MCORP,QUYẾT ĐỊNH PHÁT HÀNH TRÒ CHƠI ĐIỆN TỬ G1 TRÊN MẠNG,2021-03-05,Giấy phép chính thức (ABEI - Bộ TT&TT),268/QĐ-BTTTT,valid,https://giayphep.abei.gov.vn/
lianapp.vn,CÔNG TY CỔ PHẦN DỊCH VỤ VÀ ĐẦU TƯ LIAN,GIẤY PHÉP CUNG CẤP DỊCH VỤ MẠNG XÃ HỘI,2020-05-13,Giấy phép chính thức (ABEI - Bộ TT&TT),203/GP-BTTTT,valid,https://giayphep.abei.gov.vn/
lienhiephoiphuyen.com.vn,LIÊN HIỆP CÁC HỘI KHOA HỌC VÀ KỸ THUẬT PHÚ YÊN,GIẤY PHÉP THIẾT LẬP TRANG THÔNG TIN ĐIỆN TỬ TỔNG HỢP,2013-01-25,Giấy phép chính thức (ABEI - Bộ TT&TT),09/GP-TTĐT,invalid,https://giayphep.abei.gov.vn/
lienminh.phoenix.com,CÔNG TY TNHH DỊCH VỤ GIẢI TRÍ PHƯỢNG HOÀNG,QUYẾT ĐỊNH PHÁT HÀNH TRÒ CHƠI ĐIỆN TỬ G1 TRÊN MẠNG,2020-12-31,Giấy phép chính thức (ABEI - Bộ TT&TT),2792/QĐ-BTTTT,invalid,https://giayphep.abei.gov.vn/
lienminh.phoeniz.com,CÔNG TY TNHH DỊCH VỤ GIẢI TRÍ PHƯỢNG HOÀNG,QUYẾT ĐỊNH PHÁT HÀNH TRÒ CHƠI ĐIỆN TỬ G1 TRÊN MẠNG,2020-12-31,Giấy phép chính thức (ABEI - Bộ TT&TT),2792 /QĐ-BTTTT,invalid,https://giayphep.abei.gov.vn/
lienminh.vnggames.com,CÔNG TY CỔ PHẦN TẬP ĐOÀN VNG,QUYẾT ĐỊNH PHÁT HÀNH TRÒ CHƠI ĐIỆN TỬ G1 TRÊN MẠNG,2026-03-02,Giấy phép chính thức (ABEI - Bộ TT&TT),105/QĐ-PTTH&TTĐT,valid,https://giayphep.abei.gov.vn/
lienminh.vplay.vn,CÔNG TY CỔ PHẦN TRUYỀN HÌNH TƯƠNG TÁC VIỆT NAM,QUYẾT ĐỊNH PHÁT HÀNH TRÒ CHƠI ĐIỆN TỬ G1 TRÊN MẠNG,2022-05-09,Giấy phép chính thức (ABEI - Bộ TT&TT),855/QĐ-BTTTT,valid,https://giayphep.abei.gov.vn/
lienminh360.vn,CÔNG TY TNHH LIÊN MINH HUYỀN THOẠI VIỆT NAM,GIẤY PHÉP CUNG CẤP DỊCH VỤ MẠNG XÃ HỘI,2017-10-26,Giấy phép chính thức (ABEI - Bộ TT&TT),528/GP-BTTTT,valid,https://giayphep.abei.gov.vn/
lienminhanhhung.ggames.vn,CÔNG TY TNHH TRỰC TUYẾN THIÊN HÀ,QUYẾT ĐỊNH PHÁT HÀNH TRÒ CHƠI ĐIỆN TỬ G1 TRÊN MẠNG,2022-01-24,Giấy phép chính thức (ABEI - Bộ TT&TT),95/QĐ-BTTTT,valid,https://giayphep.abei.gov.vn/
lienminhbaoboi.vn,CÔNG TY CỔ PHẦN TRỰC TUYẾN DUO,QUYẾT ĐỊNH PHÁT HÀNH TRÒ CHƠI ĐIỆN TỬ G1 TRÊN MẠNG,2022-01-19,Giấy phép chính thức (ABEI - Bộ TT&TT),66/QĐ-BTTTT,valid,https://giayphep.abei.gov.vn/
lienminhbongtoi.vn,CÔNG TY TNHH SOHA,QUYẾT ĐỊNH PHÁT HÀNH TRÒ CHƠI ĐIỆN TỬ G1 TRÊN MẠNG,2018-06-26,Giấy phép chính thức (ABEI - Bộ TT&TT),981/QĐ-BTTTT,valid,https://giayphep.abei.gov.vn/
lienminhdoa.vn,CÔNG TY CỔ PHẦN DỊCH VỤ MỘT THẾ GIỚI,QUYẾT ĐỊNH PHÁT HÀNH TRÒ CHƠI ĐIỆN TỬ G1 TRÊN MẠNG,2018-05-29,Giấy phép chính thức (ABEI - Bộ TT&TT),811/QĐ-BTTTT,invalid,https://giayphep.abei.gov.vn/
lienminhhuyenthoai.vn,CÔNG TY TNHH LIÊN MINH HUYỀN THOẠI VIỆT NAM,QUYẾT ĐỊNH PHÁT HÀNH TRÒ CHƠI ĐIỆN TỬ G1 TRÊN MẠNG,2022-05-04,Giấy phép chính thức (ABEI - Bộ TT&TT),833/QĐ-BTTTT,invalid,https://giayphep.abei.gov.vn/
lienminhmanga.vn,CÔNG TY CỔ PHẦN FUNTAP,QUYẾT ĐỊNH PHÁT HÀNH TRÒ CHƠI ĐIỆN TỬ G1 TRÊN MẠNG,2019-01-04,Giấy phép chính thức (ABEI - Bộ TT&TT),04/QĐ-BTTTT,valid,https://giayphep.abei.gov.vn/
lienminhnhangia.gamota.com,CÔNG TY CỔ PHẦN GAMOTA,QUYẾT ĐỊNH PHÁT HÀNH TRÒ CHƠI ĐIỆN TỬ G1 TRÊN MẠNG,2022-09-30,Giấy phép chính thức (ABEI - Bộ TT&TT),1830/QĐ-BTTTT,valid,https://giayphep.abei.gov.vn/
lienminhsieuquay.vn,CÔNG TY CỔ PHẦN FUNTAP,QUYẾT ĐỊNH PHÁT HÀNH TRÒ CHƠI ĐIỆN TỬ G1 TRÊN MẠNG,2021-05-07,Giấy phép chính thức (ABEI - Bộ TT&TT),602/QĐ-BTTTT,valid,https://giayphep.abei.gov.vn/
lienminhvalkyrie.vn,CÔNG TY CỔ PHẦN ĐẦU TƯ CÔNG NGHỆ VISION INVEST ,QUYẾT ĐỊNH PHÁT HÀNH TRÒ CHƠI ĐIỆN TỬ G1 TRÊN MẠNG,2025-08-07,Giấy phép chính thức (ABEI - Bộ TT&TT),351/QĐ-PTTH&TTĐT,valid,https://giayphep.abei.gov.vn/
lienquan.gaba.vn,CÔNG TY CỔ PHẦN TRÒ CHƠI VEGA,QUYẾT ĐỊNH PHÁT HÀNH TRÒ CHƠI ĐIỆN TỬ G1 TRÊN MẠNG,2017-09-12,Giấy phép chính thức (ABEI - Bộ TT&TT),1545/QĐ-BTTTT,valid,https://giayphep.abei.gov.vn/
lienquan.garena.vn,CÔNG TY CỔ PHẦN GIẢI TRÍ VÀ THỂ THAO ĐIỆN TỬ VIỆT NAM,QUYẾT ĐỊNH PHÁT HÀNH TRÒ CHƠI ĐIỆN TỬ G1 TRÊN MẠNG,2026-06-16,Giấy phép chính thức (ABEI - Bộ TT&TT),351/QĐ-PTTH&TTĐT,valid,https://giayphep.abei.gov.vn/
lienquanbadao.vn,CÔNG TY CỔ PHẦN 9PLAY,QUYẾT ĐỊNH PHÁT HÀNH TRÒ CHƠI ĐIỆN TỬ G1 TRÊN MẠNG,2021-08-17,Giấy phép chính thức (ABEI - Bộ TT&TT),1235/QĐ-BTTTT,invalid,https://giayphep.abei.gov.vn/
lienquanmanga.vn,CÔNG TY CỔ PHẦN VGP,QUYẾT ĐỊNH PHÁT HÀNH TRÒ CHƠI ĐIỆN TỬ G1 TRÊN MẠNG,2018-01-22,Giấy phép chính thức (ABEI - Bộ TT&TT),68/QĐ-BTTTT,valid,https://giayphep.abei.gov.vn/
lienquanmobi.vn,CÔNG TY CỔ PHẦN GIẢI TRÍ VÀ THỂ THAO ĐIỆN TỬ VIỆT NAM,QUYẾT ĐỊNH PHÁT HÀNH TRÒ CHƠI ĐIỆN TỬ G1 TRÊN MẠNG,2026-06-16,Giấy phép chính thức (ABEI - Bộ TT&TT),351/QĐ-PTTH&TTĐT,valid,https://giayphep.abei.gov.vn/
lienquanthuthanh.vn,CÔNG TY TNHH SOHA,QUYẾT ĐỊNH PHÁT HÀNH TRÒ CHƠI ĐIỆN TỬ G1 TRÊN MẠNG,2019-10-24,Giấy phép chính thức (ABEI - Bộ TT&TT),1775/QĐ-BTTTT,valid,https://giayphep.abei.gov.vn/
liethoa.360game.vn,CÔNG TY CỔ PHẦN VNG,QUYẾT ĐỊNH PHÁT HÀNH TRÒ CHƠI ĐIỆN TỬ G1 TRÊN MẠNG,2018-11-02,Giấy phép chính thức (ABEI - Bộ TT&TT),1769/QĐ-BTTTT,invalid,https://giayphep.abei.gov.vn/
lifemakeover.hhgame.vn,CÔNG TY CỔ PHẦN PHÁT TRIỂN CÔNG NGHỆ SỐ HỒNG HÀ,QUYẾT ĐỊNH PHÁT HÀNH TRÒ CHƠI ĐIỆN TỬ G1 TRÊN MẠNG,2022-07-25,Giấy phép chính thức (ABEI - Bộ TT&TT),1431/QĐ-BTTTT,valid,https://giayphep.abei.gov.vn/
lifestyle.vn,CÔNG TY CỔ PHẦN CAR PASSION,GIẤY PHÉP CUNG CẤP DỊCH VỤ MẠNG XÃ HỘI,2019-09-10,Giấy phép chính thức (ABEI - Bộ TT&TT),373/GP-BTTTT,valid,https://giayphep.abei.gov.vn/
lightbox.vn,CÔNG TY TNHH SALT & LIGHT MEDIA,GIẤY PHÉP CUNG CẤP DỊCH VỤ MẠNG XÃ HỘI,2019-08-23,Giấy phép chính thức (ABEI - Bộ TT&TT),345/GP-BTTTT,invalid,https://giayphep.abei.gov.vn/
like1.vn,CÔNG TY CỔ PHẦN DỊCH VỤ VIỄN THÔNG SUNTEL VIỆT NAM,"GIẤY XÁC NHẬN THÔNG BÁO PHÁT HÀNH TRÒ CHƠI ĐIỆN TỬ G2,G3,G4",2016-06-30,Giấy phép chính thức (ABEI - Bộ TT&TT),80/GXN-PTTH&TTĐT,valid,https://giayphep.abei.gov.vn/
lineage2.goplay.vn,CÔNG TY CỔ PHẦN VTC TRUYỀN THÔNG TRỰC TUYẾN,QUYẾT ĐỊNH PHÁT HÀNH TRÒ CHƠI ĐIỆN TỬ G1 TRÊN MẠNG,2018-05-15,Giấy phép chính thức (ABEI - Bộ TT&TT),723/QĐ-BTTTT,invalid,https://giayphep.abei.gov.vn/
lineage2m.vnggames.com,Công ty TNHH VNGGames,QUYẾT ĐỊNH PHÁT HÀNH TRÒ CHƠI ĐIỆN TỬ G1 TRÊN MẠNG,2026-03-16,Giấy phép chính thức (ABEI - Bộ TT&TT),132/QĐ-PTTH&TTĐT,valid,https://giayphep.abei.gov.vn/
lineagew.vnggames.com,Công ty TNHH VNGGames ,QUYẾT ĐỊNH PHÁT HÀNH TRÒ CHƠI ĐIỆN TỬ G1 TRÊN MẠNG,2026-01-30,Giấy phép chính thức (ABEI - Bộ TT&TT),40/QĐ-PTTH&TTĐT,valid,https://giayphep.abei.gov.vn/
linhgioi.playfun.vn,CÔNG TY CỔ PHẦN FUNTAP,QUYẾT ĐỊNH PHÁT HÀNH TRÒ CHƠI ĐIỆN TỬ G1 TRÊN MẠNG,2022-05-26,Giấy phép chính thức (ABEI - Bộ TT&TT),964/QĐ-BTTTT,valid,https://giayphep.abei.gov.vn/
linhkiem.gaba.vn,CÔNG TY CỔ PHẦN TRÒ CHƠI VEGA,QUYẾT ĐỊNH PHÁT HÀNH TRÒ CHƠI ĐIỆN TỬ G1 TRÊN MẠNG,2018-09-17,Giấy phép chính thức (ABEI - Bộ TT&TT),1499/QĐ-BTTTT,invalid,https://giayphep.abei.gov.vn/
linhkkiemchimong.vgplay.vn,CÔNG TY CỔ PHẦN VGP,QUYẾT ĐỊNH PHÁT HÀNH TRÒ CHƠI ĐIỆN TỬ G1 TRÊN MẠNG,2024-12-03,Giấy phép chính thức (ABEI - Bộ TT&TT),2112/QĐ-BTTTT,valid,https://giayphep.abei.gov.vn/
linhthansu.vn,CÔNG TY TNHH SOHA,QUYẾT ĐỊNH PHÁT HÀNH TRÒ CHƠI ĐIỆN TỬ G1 TRÊN MẠNG,2022-04-22,Giấy phép chính thức (ABEI - Bộ TT&TT),735/QĐ-BTTTT,valid,https://giayphep.abei.gov.vn/
linhvuong.slg.vn,CÔNG TY CỔ PHẦN DỊCH VỤ TRỰC TUYẾN VĨNH XUÂN,QUYẾT ĐỊNH PHÁT HÀNH TRÒ CHƠI ĐIỆN TỬ G1 TRÊN MẠNG,2017-06-30,Giấy phép chính thức (ABEI - Bộ TT&TT),1043/QĐ-BTTTT,valid,https://giayphep.abei.gov.vn/
lithasgame.vn,CÔNG TY CỔ PHẦN TRAVELLET VIỆT NAM,QUYẾT ĐỊNH PHÁT HÀNH TRÒ CHƠI ĐIỆN TỬ G1 TRÊN MẠNG,2024-03-11,Giấy phép chính thức (ABEI - Bộ TT&TT),283/QĐ-BTTTT,valid,https://giayphep.abei.gov.vn/
liveg.vn,CÔNG TY CỔ PHẦN VTC DỊCH VỤ DI ĐỘNG,GIẤY PHÉP CUNG CẤP DỊCH VỤ MẠNG XÃ HỘI,2024-04-26,Giấy phép chính thức (ABEI - Bộ TT&TT),112/GP-BTTTT,valid,https://giayphep.abei.gov.vn/
livegame.vn,CÔNG TY CỔ PHẦN KỸ NGHỆ TRUYỀN THÔNG HOÀNG GIA,"GIẤY XÁC NHẬN THÔNG BÁO PHÁT HÀNH TRÒ CHƠI ĐIỆN TỬ G2,G3,G4",2018-06-04,Giấy phép chính thức (ABEI - Bộ TT&TT),145/GXN-PTTH&TTĐT,valid,https://giayphep.abei.gov.vn/
livepro.vn,CÔNG TY CỔ PHẦN TRUYỀN THÔNG LIVE PRO,GIẤY PHÉP CUNG CẤP DỊCH VỤ MẠNG XÃ HỘI,2019-05-29,Giấy phép chính thức (ABEI - Bộ TT&TT),212/GP-BTTTT,valid,https://giayphep.abei.gov.vn/
livo.vn,CÔNG TY TNHH DFINITY TECHNOLOGY,GIẤY PHÉP CUNG CẤP DỊCH VỤ MẠNG XÃ HỘI,2023-06-10,Giấy phép chính thức (ABEI - Bộ TT&TT),204/GP-BTTTT,valid,https://giayphep.abei.gov.vn/
lmch.zoneplay.vn,CÔNG TY CỔ PHẦN GZONE MEDIA VIỆT NAM,QUYẾT ĐỊNH PHÁT HÀNH TRÒ CHƠI ĐIỆN TỬ G1 TRÊN MẠNG,2025-01-17,Giấy phép chính thức (ABEI - Bộ TT&TT),67/QĐ-BTTTT,valid,https://giayphep.abei.gov.vn/
lms.splay.vn,CÔNG TY CỔ PHẦN VTC DỊCH VỤ DI ĐỘNG,QUYẾT ĐỊNH PHÁT HÀNH TRÒ CHƠI ĐIỆN TỬ G1 TRÊN MẠNG,2024-03-19,Giấy phép chính thức (ABEI - Bộ TT&TT),338/QĐ-BTTTT,invalid,https://giayphep.abei.gov.vn/
lmtk.gosu.vn,CÔNG TY CỔ PHẦN TRỰC TUYẾN GOSU,QUYẾT ĐỊNH PHÁT HÀNH TRÒ CHƠI ĐIỆN TỬ G1 TRÊN MẠNG,2019-11-25,Giấy phép chính thức (ABEI - Bộ TT&TT),2012 /QĐ-BTTTT,valid,https://giayphep.abei.gov.vn/
loadauvutru.vn,CÔNG TY CỔ PHẦN TRỰC TUYẾN DUO,QUYẾT ĐỊNH PHÁT HÀNH TRÒ CHƠI ĐIỆN TỬ G1 TRÊN MẠNG,2023-08-31,Giấy phép chính thức (ABEI - Bộ TT&TT),1697/QĐ-BTTTT,valid,https://giayphep.abei.gov.vn/
loan.mobo.vn,CÔNG TY CỔ PHẦN GIẢI TRÍ DI ĐỘNG,QUYẾT ĐỊNH PHÁT HÀNH TRÒ CHƠI ĐIỆN TỬ G1 TRÊN MẠNG,2017-01-13,Giấy phép chính thức (ABEI - Bộ TT&TT),49/QĐ-BTTTT,invalid,https://giayphep.abei.gov.vn/
loanchicn3q.ggames.vn,CÔNG TY TNHH TRỰC TUYẾN THIÊN HÀ,QUYẾT ĐỊNH PHÁT HÀNH TRÒ CHƠI ĐIỆN TỬ G1 TRÊN MẠNG,2022-01-24,Giấy phép chính thức (ABEI - Bộ TT&TT),98/QĐ-BTTTT,valid,https://giayphep.abei.gov.vn/
loanchien3q.ggames.vn,CÔNG TY TNHH TRỰC TUYẾN THIÊN HÀ ,QUYẾT ĐỊNH PHÁT HÀNH TRÒ CHƠI ĐIỆN TỬ G1 TRÊN MẠNG,2022-01-24,Giấy phép chính thức (ABEI - Bộ TT&TT),98 /QĐ-BTTTT,valid,https://giayphep.abei.gov.vn/
loandatamquoc.vn,CÔNG TY TNHH MYG,QUYẾT ĐỊNH PHÁT HÀNH TRÒ CHƠI ĐIỆN TỬ G1 TRÊN MẠNG,2023-03-24,Giấy phép chính thức (ABEI - Bộ TT&TT),360/QĐ-BTTTT,valid,https://giayphep.abei.gov.vn/
loandau.gaba.vn,CÔNG TY CỔ PHẦN TRÒ CHƠI VEGA,QUYẾT ĐỊNH PHÁT HÀNH TRÒ CHƠI ĐIỆN TỬ G1 TRÊN MẠNG,2017-04-19,Giấy phép chính thức (ABEI - Bộ TT&TT),549/QĐ-BTTTT,valid,https://giayphep.abei.gov.vn/
loandaumanga.vn,CÔNG TY CỔ PHẦN VTC DỊCH VỤ DI ĐỘNG,QUYẾT ĐỊNH PHÁT HÀNH TRÒ CHƠI ĐIỆN TỬ G1 TRÊN MẠNG,2024-07-02,Giấy phép chính thức (ABEI - Bộ TT&TT),1112/QĐ-BTTTT,invalid,https://giayphep.abei.gov.vn/
loanhacnheo.com,Công ty TNHH Đông Thành - Hòa Phúc.,GIẤY XÁC NHẬN THÔNG BÁO CUNG CẤP DỊCH VỤ MẠNG XÃ HỘI,2025-05-30,Giấy phép chính thức (ABEI - Bộ TT&TT),81 /GXN-PTTH&TTĐT,valid,https://giayphep.abei.gov.vn/
loanhacnheo.vn,Công ty TNHH Đông Thành - Hòa Phúc.,GIẤY XÁC NHẬN THÔNG BÁO CUNG CẤP DỊCH VỤ MẠNG XÃ HỘI,2025-05-30,Giấy phép chính thức (ABEI - Bộ TT&TT),81 /GXN-PTTH&TTĐT,valid,https://giayphep.abei.gov.vn/
loantamgioi.vn,CÔNG TY TNHH MYG,QUYẾT ĐỊNH PHÁT HÀNH TRÒ CHƠI ĐIỆN TỬ G1 TRÊN MẠNG,2017-02-21,Giấy phép chính thức (ABEI - Bộ TT&TT),171/QĐ-BTTTT,valid,https://giayphep.abei.gov.vn/
loantamquoc.kul.vn,CÔNG TY CỔ PHẦN TRỰC TUYẾN CMN VIỆT NAM,QUYẾT ĐỊNH PHÁT HÀNH TRÒ CHƠI ĐIỆN TỬ G1 TRÊN MẠNG,2018-11-23,Giấy phép chính thức (ABEI - Bộ TT&TT),1976/QĐ-BTTTT,invalid,https://giayphep.abei.gov.vn/
loanthe.gamota.com,CÔNG TY CỔ PHẦN GAMOTA,QUYẾT ĐỊNH PHÁT HÀNH TRÒ CHƠI ĐIỆN TỬ G1 TRÊN MẠNG,2020-12-07,Giấy phép chính thức (ABEI - Bộ TT&TT),2149/QĐ-BTTTT,valid,https://giayphep.abei.gov.vn/
loanthe.vn,CÔNG TY TNHH SOHA,QUYẾT ĐỊNH PHÁT HÀNH TRÒ CHƠI ĐIỆN TỬ G1 TRÊN MẠNG,2020-05-22,Giấy phép chính thức (ABEI - Bộ TT&TT),868/QĐ-BTTTT,invalid,https://giayphep.abei.gov.vn/
loanthehongnhan.vn,CÔNG TY TNHH SOHA,QUYẾT ĐỊNH PHÁT HÀNH TRÒ CHƠI ĐIỆN TỬ G1 TRÊN MẠNG,2019-01-30,Giấy phép chính thức (ABEI - Bộ TT&TT),119/QĐ-BTTTT,valid,https://giayphep.abei.gov.vn/
loanxingau3q.alogame.vn,CÔNG TY CỔ PHẦN CÔNG NGHỆ SỐ ALO ,QUYẾT ĐỊNH PHÁT HÀNH TRÒ CHƠI ĐIỆN TỬ G1 TRÊN MẠNG,2026-05-20,Giấy phép chính thức (ABEI - Bộ TT&TT),264/QĐ-PTTH&TTĐT,valid,https://giayphep.abei.gov.vn/
loathienthuonghoa.com,CÔNG TY CỔ PHẦN GIẢI TRÍ THIÊN THƯỢNG HỎA,QUYẾT ĐỊNH PHÁT HÀNH TRÒ CHƠI ĐIỆN TỬ G1 TRÊN MẠNG,2020-10-16,Giấy phép chính thức (ABEI - Bộ TT&TT),1743/QĐ-BTTTT,valid,https://giayphep.abei.gov.vn/
localart.vn,CÔNG TY CỔ PHẦN ĐẦU TƯ HTD VIỆT NAM,GIẤY PHÉP CUNG CẤP DỊCH VỤ MẠNG XÃ HỘI,2019-07-30,Giấy phép chính thức (ABEI - Bộ TT&TT),300/GP-BTTTT,valid,https://giayphep.abei.gov.vn/
lofficielvietnam.vn,CÔNG TY TNHH THỜI TRANG VÀ TRUYỀN THÔNG FACE & STYLE REPUBLIK VIỆT NAM,GIẤY PHÉP CUNG CẤP DỊCH VỤ MẠNG XÃ HỘI,2024-12-30,Giấy phép chính thức (ABEI - Bộ TT&TT),398/GP-BTTTT,valid,https://giayphep.abei.gov.vn/
logistics.gov.vn,TRUNG TÂM THÔNG TIN CÔNG NGHIỆP VÀ THƯƠNG MẠI,GIẤY PHÉP THIẾT LẬP TRANG THÔNG TIN ĐIỆN TỬ TỔNG HỢP,2018-05-07,Giấy phép chính thức (ABEI - Bộ TT&TT),104/GP-TTĐT,invalid,https://giayphep.abei.gov.vn/
lokapala.vtcgame.vn,CÔNG TY VTC CÔNG NGHỆ VÀ NỘI DUNG SỐ,QUYẾT ĐỊNH PHÁT HÀNH TRÒ CHƠI ĐIỆN TỬ G1 TRÊN MẠNG,2023-06-30,Giấy phép chính thức (ABEI - Bộ TT&TT),1183/QĐ-BTTTT,valid,https://giayphep.abei.gov.vn/
lol.mobo.vn,CÔNG TY CỔ PHẦN GIẢI TRÍ DI ĐỘNG,QUYẾT ĐỊNH PHÁT HÀNH TRÒ CHƠI ĐIỆN TỬ G1 TRÊN MẠNG,2016-06-08,Giấy phép chính thức (ABEI - Bộ TT&TT),978/QĐ-BTTTT,invalid,https://giayphep.abei.gov.vn/
lol.zoneplav.vn,CÔNG TY CỔ PHẦN GZONE MEDIA VIỆT NAM,QUYẾT ĐỊNH PHÁT HÀNH TRÒ CHƠI ĐIỆN TỬ G1 TRÊN MẠNG,2022-07-05,Giấy phép chính thức (ABEI - Bộ TT&TT),1335/QĐ-BTTTT,valid,https://giayphep.abei.gov.vn/
longchien.vn,CÔNG TY TNHH SOHA,QUYẾT ĐỊNH PHÁT HÀNH TRÒ CHƠI ĐIỆN TỬ G1 TRÊN MẠNG,2019-01-28,Giấy phép chính thức (ABEI - Bộ TT&TT),99 /QĐ-BTTTT,valid,https://giayphep.abei.gov.vn/
longchientruyenky.splay.vn,CÔNG TY CỔ PHẦN VTC DỊCH VỤ DI ĐỘNG,QUYẾT ĐỊNH PHÁT HÀNH TRÒ CHƠI ĐIỆN TỬ G1 TRÊN MẠNG,2022-01-24,Giấy phép chính thức (ABEI - Bộ TT&TT),99/QĐ-BTTTT,valid,https://giayphep.abei.gov.vn/
longdinh.net.vn,CÔNG TY TNHH ZIE,QUYẾT ĐỊNH PHÁT HÀNH TRÒ CHƠI ĐIỆN TỬ G1 TRÊN MẠNG,2025-02-18,Giấy phép chính thức (ABEI - Bộ TT&TT),39/QĐ-PTTH&TTĐT,invalid,https://giayphep.abei.gov.vn/
longdobanghiep.vn,CÔNG TY TNHH SOHA,QUYẾT ĐỊNH PHÁT HÀNH TRÒ CHƠI ĐIỆN TỬ G1 TRÊN MẠNG,2019-01-28,Giấy phép chính thức (ABEI - Bộ TT&TT),100/QĐ-BTTTT,invalid,https://giayphep.abei.gov.vn/
longdotranhba.vn,CÔNG TY TNHH SOHA,QUYẾT ĐỊNH PHÁT HÀNH TRÒ CHƠI ĐIỆN TỬ G1 TRÊN MẠNG,2020-07-27,Giấy phép chính thức (ABEI - Bộ TT&TT),1261/QĐ-BTTTT,valid,https://giayphep.abei.gov.vn/
longf.vn,CÔNG TY CỔ PHẦN ĐẦU TƯ VIỆT LONG,GIẤY PHÉP CUNG CẤP DỊCH VỤ MẠNG XÃ HỘI,2026-03-02,Giấy phép chính thức (ABEI - Bộ TT&TT),28/GP-BVHTTDL,valid,https://giayphep.abei.gov.vn/
longhonkynguyen.vgplay.vn,CÔNG TY CỔ PHẦN VGP,QUYẾT ĐỊNH PHÁT HÀNH TRÒ CHƠI ĐIỆN TỬ G1 TRÊN MẠNG,2024-12-10,Giấy phép chính thức (ABEI - Bộ TT&TT),2167/QĐ-BTTTT,valid,https://giayphep.abei.gov.vn/
longkiem9c.vgplay.vn,CÔNG TY CỔ PHẦN VGP,QUYẾT ĐỊNH PHÁT HÀNH TRÒ CHƠI ĐIỆN TỬ G1 TRÊN MẠNG,2020-07-10,Giấy phép chính thức (ABEI - Bộ TT&TT),1155/QĐ-BTTTT,valid,https://giayphep.abei.gov.vn/
longkynguyen.vn,CÔNG TY CỔ PHẦN VTC DỊCH VỤ DI ĐỘNG,QUYẾT ĐỊNH PHÁT HÀNH TRÒ CHƠI ĐIỆN TỬ G1 TRÊN MẠNG,2020-02-14,Giấy phép chính thức (ABEI - Bộ TT&TT),208/QĐ-BTTTT,invalid,https://giayphep.abei.gov.vn/
longngust.gamota.com,CÔNG TY CỔ PHẦN GAMOTA,QUYẾT ĐỊNH PHÁT HÀNH TRÒ CHƠI ĐIỆN TỬ G1 TRÊN MẠNG,2024-07-15,Giấy phép chính thức (ABEI - Bộ TT&TT),1175/QĐ-BTTTT,valid,https://giayphep.abei.gov.vn/
longthanpk.playfun.vn,CÔNG TY CỔ PHẦN FUNTAP,QUYẾT ĐỊNH PHÁT HÀNH TRÒ CHƠI ĐIỆN TỬ G1 TRÊN MẠNG,2024-05-13,Giấy phép chính thức (ABEI - Bộ TT&TT),766/QĐ-BTTTT,valid,https://giayphep.abei.gov.vn/
longtochuyentuong.hhgame.vn,CÔNG TY CỔ PHẦN PHÁT TRIỂN CÔNG NGHỆ SỐ HỒNG HÀ,QUYẾT ĐỊNH PHÁT HÀNH TRÒ CHƠI ĐIỆN TỬ G1 TRÊN MẠNG,2020-09-04,Giấy phép chính thức (ABEI - Bộ TT&TT),1510/QĐ-BTTTT,valid,https://giayphep.abei.gov.vn/
longtuong.vtcgame.vn,CÔNG TY VTC CÔNG NGHỆ VÀ NỘI DUNG SỐ,QUYẾT ĐỊNH PHÁT HÀNH TRÒ CHƠI ĐIỆN TỬ G1 TRÊN MẠNG,2016-06-30,Giấy phép chính thức (ABEI - Bộ TT&TT),1122/QĐ-BTTTT,invalid,https://giayphep.abei.gov.vn/
longvu3d.playfun.vn,CÔNG TY CỔ PHẦN FUNTAP,QUYẾT ĐỊNH PHÁT HÀNH TRÒ CHƠI ĐIỆN TỬ G1 TRÊN MẠNG,2021-01-21,Giấy phép chính thức (ABEI - Bộ TT&TT),72 /QĐ-BTTTT,valid,https://giayphep.abei.gov.vn/
lookme.vn,CÔNG TY CỔ PHẦN LOOKME,GIẤY PHÉP CUNG CẤP DỊCH VỤ MẠNG XÃ HỘI,2019-05-28,Giấy phép chính thức (ABEI - Bộ TT&TT),209/GP-BTTTT,valid,https://giayphep.abei.gov.vn/
lor.vnggames.com,CÔNG TY CỔ PHẦN TẬP ĐOÀN VNG,QUYẾT ĐỊNH PHÁT HÀNH TRÒ CHƠI ĐIỆN TỬ G1 TRÊN MẠNG,2026-03-02,Giấy phép chính thức (ABEI - Bộ TT&TT),102/QĐ-PTTH&TTĐT,valid,https://giayphep.abei.gov.vn/
lor.zing.vn,CÔNG TY CỔ PHẦN TẬP ĐOÀN VNG,QUYẾT ĐỊNH PHÁT HÀNH TRÒ CHƠI ĐIỆN TỬ G1 TRÊN MẠNG,2026-03-02,Giấy phép chính thức (ABEI - Bộ TT&TT),102/QĐ-PTTH&TTĐT,valid,https://giayphep.abei.gov.vn/
lordsmobile.igg.gamota.com,CÔNG TY CỔ PHẦN GAMOTA,QUYẾT ĐỊNH PHÁT HÀNH TRÒ CHƠI ĐIỆN TỬ G1 TRÊN MẠNG,2026-05-29,Giấy phép chính thức (ABEI - Bộ TT&TT),286/QĐ-PTTH&TTĐT,valid,https://giayphep.abei.gov.vn/
lostbird.vn,CÔNG TY TNHH 360LIFE,GIẤY PHÉP CUNG CẤP DỊCH VỤ MẠNG XÃ HỘI,2020-02-28,Giấy phép chính thức (ABEI - Bộ TT&TT),81/GP-BTTTT,valid,https://giayphep.abei.gov.vn/
lotus.vn,CÔNG TY CỔ PHẦN  MẠNG XÃ HỘI VIVA,GIẤY PHÉP CUNG CẤP DỊCH VỤ MẠNG XÃ HỘI,2019-06-21,Giấy phép chính thức (ABEI - Bộ TT&TT),252/GP-BTTTT,valid,https://giayphep.abei.gov.vn/
love.gamota.com,CÔNG TY CỔ PHẦN GAMOTA,QUYẾT ĐỊNH PHÁT HÀNH TRÒ CHƠI ĐIỆN TỬ G1 TRÊN MẠNG,2017-09-07,Giấy phép chính thức (ABEI - Bộ TT&TT),1513/QĐ-BTTTT,valid,https://giayphep.abei.gov.vn/
lpd.vn,CÔNG TY CỔ PHẦN VTC DỊCH VỤ DI ĐỘNG,QUYẾT ĐỊNH PHÁT HÀNH TRÒ CHƠI ĐIỆN TỬ G1 TRÊN MẠNG,2021-01-21,Giấy phép chính thức (ABEI - Bộ TT&TT),73/QĐ-BTTTT,invalid,https://giayphep.abei.gov.vn/
lssurvival.hhgame.vn,CÔNG TY CỔ PHẦN PHÁT TRIỂN CÔNG NGHỆ SỐ HỒNG HÀ,QUYẾT ĐỊNH PHÁT HÀNH TRÒ CHƠI ĐIỆN TỬ G1 TRÊN MẠNG,2022-05-23,Giấy phép chính thức (ABEI - Bộ TT&TT),902/QĐ-BTTTT,valid,https://giayphep.abei.gov.vn/
luankiem.gaba.vn,CÔNG TY CỔ PHẦN TRÒ CHƠI VEGA,QUYẾT ĐỊNH PHÁT HÀNH TRÒ CHƠI ĐIỆN TỬ G1 TRÊN MẠNG,2018-03-29,Giấy phép chính thức (ABEI - Bộ TT&TT),434/QĐ-BTTTT,valid,https://giayphep.abei.gov.vn/
lucdia.zagoo.vn,CÔNG TY TNHH ZIE,QUYẾT ĐỊNH PHÁT HÀNH TRÒ CHƠI ĐIỆN TỬ G1 TRÊN MẠNG,2025-09-08,Giấy phép chính thức (ABEI - Bộ TT&TT),379/QĐ-PTTH&TTĐT,invalid,https://giayphep.abei.gov.vn/
lucdia.zalogames.me,CÔNG TY TNHH ZIE,QUYẾT ĐỊNH PHÁT HÀNH TRÒ CHƠI ĐIỆN TỬ G1 TRÊN MẠNG,2026-05-18,Giấy phép chính thức (ABEI - Bộ TT&TT),255/QĐ-PTTH&TTĐT,valid,https://giayphep.abei.gov.vn/
lucdia2.vn,CÔNG TY TNHH SOHA,QUYẾT ĐỊNH PHÁT HÀNH TRÒ CHƠI ĐIỆN TỬ G1 TRÊN MẠNG,2019-11-25,Giấy phép chính thức (ABEI - Bộ TT&TT),2009 /QĐ-BTTTT,valid,https://giayphep.abei.gov.vn/
lucdiahoanmy.vn,CÔNG TY CỔ PHẦN FUNTAP,QUYẾT ĐỊNH PHÁT HÀNH TRÒ CHƠI ĐIỆN TỬ G1 TRÊN MẠNG,2018-11-27,Giấy phép chính thức (ABEI - Bộ TT&TT),2013/QĐ-BTTTT,valid,https://giayphep.abei.gov.vn/
lucdiathanhoa.intelligencessaigon.vn,CÔNG TY TNHH MOBILE INTELLIGENCE SAIGON,QUYẾT ĐỊNH PHÁT HÀNH TRÒ CHƠI ĐIỆN TỬ G1 TRÊN MẠNG,2024-10-18,Giấy phép chính thức (ABEI - Bộ TT&TT),1784/QĐ-BTTTT,valid,https://giayphep.abei.gov.vn/
lucgioi.vgplay.vn,CÔNG TY CỔ PHẦN VGP,QUYẾT ĐỊNH PHÁT HÀNH TRÒ CHƠI ĐIỆN TỬ G1 TRÊN MẠNG,2022-12-13,Giấy phép chính thức (ABEI - Bộ TT&TT),2311/QĐ-BTTTT,valid,https://giayphep.abei.gov.vn/
lucgioiphien.vn,CÔNG TY TNHH SOHA,QUYẾT ĐỊNH PHÁT HÀNH TRÒ CHƠI ĐIỆN TỬ G1 TRÊN MẠNG,2019-02-15,Giấy phép chính thức (ABEI - Bộ TT&TT),173/QĐ-BTTTT,valid,https://giayphep.abei.gov.vn/
lucgioiphongthan.vn,CÔNG TY TNHH SOHA,QUYẾT ĐỊNH PHÁT HÀNH TRÒ CHƠI ĐIỆN TỬ G1 TRÊN MẠNG,2022-11-30,Giấy phép chính thức (ABEI - Bộ TT&TT),2214/QĐ-BTTTT,invalid,https://giayphep.abei.gov.vn/
lucmach.vn,CÔNG TY CỔ PHẦN VTC DỊCH VỤ DI ĐỘNG,QUYẾT ĐỊNH PHÁT HÀNH TRÒ CHƠI ĐIỆN TỬ G1 TRÊN MẠNG,2018-09-11,Giấy phép chính thức (ABEI - Bộ TT&TT),1485/QĐ-BTTTT,invalid,https://giayphep.abei.gov.vn/
lucmachthankiem.vn,CÔNG TY CỔ PHẦN VTC DỊCH VỤ DI ĐỘNG,QUYẾT ĐỊNH PHÁT HÀNH TRÒ CHƠI ĐIỆN TỬ G1 TRÊN MẠNG,2018-09-11,Giấy phép chính thức (ABEI - Bộ TT&TT),1485/QĐ-BTTTT,invalid,https://giayphep.abei.gov.vn/
luctung.vplay.vn,CÔNG TY CỔ PHẦN TRUYỀN HÌNH TƯƠNG TÁC VIỆT NAM,QUYẾT ĐỊNH PHÁT HÀNH TRÒ CHƠI ĐIỆN TỬ G1 TRÊN MẠNG,2024-06-10,Giấy phép chính thức (ABEI - Bộ TT&TT),945/QĐ-BTTTT,valid,https://giayphep.abei.gov.vn/
ludus.oeg.vn,CÔNG TY CỔ PHẦN TẬP ĐOÀN GIẢI TRÍ ĐẠI DƯƠNG,QUYẾT ĐỊNH PHÁT HÀNH TRÒ CHƠI ĐIỆN TỬ G1 TRÊN MẠNG,2026-03-30,Giấy phép chính thức (ABEI - Bộ TT&TT),154/QĐ-PTTH&TTĐT,valid,https://giayphep.abei.gov.vn/
lumia.vtcgame.vn,CÔNG TY VTC CÔNG NGHỆ VÀ NỘI DUNG SỐ,QUYẾT ĐỊNH PHÁT HÀNH TRÒ CHƠI ĐIỆN TỬ G1 TRÊN MẠNG,2020-12-23,Giấy phép chính thức (ABEI - Bộ TT&TT),2778/QĐ-BTTTT,invalid,https://giayphep.abei.gov.vn/
luonglong.gaba.vn,CÔNG TY CỔ PHẦN TRÒ CHƠI VEGA,QUYẾT ĐỊNH PHÁT HÀNH TRÒ CHƠI ĐIỆN TỬ G1 TRÊN MẠNG,2017-02-16,Giấy phép chính thức (ABEI - Bộ TT&TT),158/QĐ-BTTTT,invalid,https://giayphep.abei.gov.vn/
lussom.vn,CÔNG TY TNHH LUSSOM,QUYẾT ĐỊNH PHÁT HÀNH TRÒ CHƠI ĐIỆN TỬ G1 TRÊN MẠNG,2019-05-31,Giấy phép chính thức (ABEI - Bộ TT&TT),827 /QĐ-BTTTT,valid,https://giayphep.abei.gov.vn/
luuhuongvng.zing.vn,CÔNG TY CỔ PHẦN VNG,QUYẾT ĐỊNH PHÁT HÀNH TRÒ CHƠI ĐIỆN TỬ G1 TRÊN MẠNG,2020-05-20,Giấy phép chính thức (ABEI - Bộ TT&TT),849/QĐ-BTTTT,invalid,https://giayphep.abei.gov.vn/
luulymong.hhgame.vn,CÔNG TY CỔ PHẦN PHÁT TRIỂN CÔNG NGHỆ SỐ HỒNG HÀ,QUYẾT ĐỊNH PHÁT HÀNH TRÒ CHƠI ĐIỆN TỬ G1 TRÊN MẠNG,2021-04-02,Giấy phép chính thức (ABEI - Bộ TT&TT),429 /QĐ-BTTTT,valid,https://giayphep.abei.gov.vn/
luutruquocgia1.org.vn,TRUNG TÂM LƯU TRỮ QUỐC GIA I,GIẤY PHÉP THIẾT LẬP TRANG THÔNG TIN ĐIỆN TỬ TỔNG HỢP,2015-12-10,Giấy phép chính thức (ABEI - Bộ TT&TT),173/GP-TTĐT,valid,https://giayphep.abei.gov.vn/
luxlifestyle.vn,CÔNG TY CỔ PHẦN TRUYỀN THÔNG LỐI SỐNG THƯỢNG LƯU,GIẤY PHÉP CUNG CẤP DỊCH VỤ MẠNG XÃ HỘI,2021-11-26,Giấy phép chính thức (ABEI - Bộ TT&TT),782/GP-BTTTT,valid,https://giayphep.abei.gov.vn/
luyenkhi.vn,CÔNG TY CỔ PHẦN 9PLAY,QUYẾT ĐỊNH PHÁT HÀNH TRÒ CHƠI ĐIỆN TỬ G1 TRÊN MẠNG,2024-07-15,Giấy phép chính thức (ABEI - Bộ TT&TT),1179/QĐ-BTTTT,valid,https://giayphep.abei.gov.vn/
luyenrong.zoneplay.vn,CÔNG TY CỔ PHẦN GZONE MEDIA VIỆT NAM,QUYẾT ĐỊNH PHÁT HÀNH TRÒ CHƠI ĐIỆN TỬ G1 TRÊN MẠNG,2024-12-03,Giấy phép chính thức (ABEI - Bộ TT&TT),2115 /QĐ-BTTTT,valid,https://giayphep.abei.gov.vn/
luyenyeuky.thienthuonghoa.com,CÔNG TY CỔ PHẦN GIẢI TRÍ THIÊN THƯỢNG HỎA,QUYẾT ĐỊNH PHÁT HÀNH TRÒ CHƠI ĐIỆN TỬ G1 TRÊN MẠNG,2021-02-08,Giấy phép chính thức (ABEI - Bộ TT&TT),162/QĐ-BTTTT,valid,https://giayphep.abei.gov.vn/
lyluanchinhtri.org.vn,TẠP CHÍ LÝ LUẬN CHÍNH TRỊ,GIẤY PHÉP THIẾT LẬP TRANG THÔNG TIN ĐIỆN TỬ TỔNG HỢP,2013-03-05,Giấy phép chính thức (ABEI - Bộ TT&TT),20/GP-TTĐT,invalid,https://giayphep.abei.gov.vn/
lyluanchinhtri.vn,TẠP CHÍ LÝ LUẬN CHÍNH TRỊ,GIẤY PHÉP THIẾT LẬP TRANG THÔNG TIN ĐIỆN TỬ TỔNG HỢP,2013-03-05,Giấy phép chính thức (ABEI - Bộ TT&TT),20/GP-TTĐT,invalid,https://giayphep.abei.gov.vn/
m-edu.vn,CÔNG TY CỔ PHẦN CÔNG NGHỆ VÀ DỊCH VỤ ICT VIỆT NAM,GIẤY PHÉP CUNG CẤP DỊCH VỤ MẠNG XÃ HỘI,2017-09-22,Giấy phép chính thức (ABEI - Bộ TT&TT),456/GP-BTTTT,valid,https://giayphep.abei.gov.vn/
m.ngoalong.zing.vn,CÔNG TY CỔ PHẦN VNG,QUYẾT ĐỊNH PHÁT HÀNH TRÒ CHƠI ĐIỆN TỬ G1 TRÊN MẠNG,2016-06-28,Giấy phép chính thức (ABEI - Bộ TT&TT),1110/QĐ-BTTTT,invalid,https://giayphep.abei.gov.vn/
madaotaydu.vn,CÔNG TY CỔ PHẦN CÔNG NGHỆ GTV VIỆT NAM,QUYẾT ĐỊNH PHÁT HÀNH TRÒ CHƠI ĐIỆN TỬ G1 TRÊN MẠNG,2019-07-25,Giấy phép chính thức (ABEI - Bộ TT&TT),1128/QĐ-BTTTT,valid,https://giayphep.abei.gov.vn/
madaovolam.vn,CÔNG TY CỔ PHẦN VTC DỊCH VỤ DI ĐỘNG,QUYẾT ĐỊNH PHÁT HÀNH TRÒ CHƠI ĐIỆN TỬ G1 TRÊN MẠNG,2019-01-15,Giấy phép chính thức (ABEI - Bộ TT&TT),55/QĐ-BTTTT,invalid,https://giayphep.abei.gov.vn/
madtale.hhgame.vn,CÔNG TY CỔ PHẦN PHÁT TRIỂN CÔNG NGHỆ SỐ HỒNG HÀ,QUYẾT ĐỊNH PHÁT HÀNH TRÒ CHƠI ĐIỆN TỬ G1 TRÊN MẠNG,2023-03-27,Giấy phép chính thức (ABEI - Bộ TT&TT),461/QĐ-BTTTT,valid,https://giayphep.abei.gov.vn/
makiem.splay.vn,CÔNG TY CỔ PHẦN VTC DỊCH VỤ DI ĐỘNG,QUYẾT ĐỊNH PHÁT HÀNH TRÒ CHƠI ĐIỆN TỬ G1 TRÊN MẠNG,2018-05-16,Giấy phép chính thức (ABEI - Bộ TT&TT),734/QĐ-BTTTT,invalid,https://giayphep.abei.gov.vn/
makiem.vgplay.vn,CÔNG TY CỔ PHẦN VGP,QUYẾT ĐỊNH PHÁT HÀNH TRÒ CHƠI ĐIỆN TỬ G1 TRÊN MẠNG,2022-05-09,Giấy phép chính thức (ABEI - Bộ TT&TT),851 /QĐ-BTTTT,valid,https://giayphep.abei.gov.vn/
makiem.vn,CÔNG TY CỔ PHẦN VTC DỊCH VỤ DI ĐỘNG,QUYẾT ĐỊNH PHÁT HÀNH TRÒ CHƠI ĐIỆN TỬ G1 TRÊN MẠNG,2018-05-16,Giấy phép chính thức (ABEI - Bộ TT&TT),734/QĐ-BTTTT,invalid,https://giayphep.abei.gov.vn/
makiemhiepduyen.vn,CÔNG TY CỔ PHẦN VTC DỊCH VỤ DI ĐỘNG,QUYẾT ĐỊNH PHÁT HÀNH TRÒ CHƠI ĐIỆN TỬ G1 TRÊN MẠNG,2019-09-13,Giấy phép chính thức (ABEI - Bộ TT&TT),1494/QĐ-BTTTT,invalid,https://giayphep.abei.gov.vn/
makiemsinhtuky.vn,CÔNG TY CỔ PHẦN VTC DỊCH VỤ DI ĐỘNG,QUYẾT ĐỊNH PHÁT HÀNH TRÒ CHƠI ĐIỆN TỬ G1 TRÊN MẠNG,2018-05-16,Giấy phép chính thức (ABEI - Bộ TT&TT),734/QĐ-BTTTT,invalid,https://giayphep.abei.gov.vn/
mallbook.com.vn,CÔNG TY CỔ PHẦN TẬP ĐOÀN VIỆT NAM LIFE,GIẤY PHÉP CUNG CẤP DỊCH VỤ MẠNG XÃ HỘI,2022-10-17,Giấy phép chính thức (ABEI - Bộ TT&TT),495/GP-BTTTT,valid,https://giayphep.abei.gov.vn/
mallbook.vn,CÔNG TY CỔ PHẦN TẬP ĐOÀN VIỆT NAM LIFE,GIẤY PHÉP CUNG CẤP DỊCH VỤ MẠNG XÃ HỘI,2022-10-17,Giấy phép chính thức (ABEI - Bộ TT&TT),495/GP-BTTTT,valid,https://giayphep.abei.gov.vn/
mangabachay.vgplay.vn,CÔNG TY CỔ PHẦN VGP,QUYẾT ĐỊNH PHÁT HÀNH TRÒ CHƠI ĐIỆN TỬ G1 TRÊN MẠNG,2026-07-08,Giấy phép chính thức (ABEI - Bộ TT&TT),409/QĐ-PTTH&TTĐT,valid,https://giayphep.abei.gov.vn/
mangago.vn,CÔNG TY CỔ PHẦN VCCORP,QUYẾT ĐỊNH PHÁT HÀNH TRÒ CHƠI ĐIỆN TỬ G1 TRÊN MẠNG,2018-03-29,Giấy phép chính thức (ABEI - Bộ TT&TT),429/QĐ-BTTTT,invalid,https://giayphep.abei.gov.vn/
mangah5.360game.vn,CÔNG TY TNHH TRUYỀN THÔNG MINH PHƯƠNG THỊNH,QUYẾT ĐỊNH PHÁT HÀNH TRÒ CHƠI ĐIỆN TỬ G1 TRÊN MẠNG,2018-01-25,Giấy phép chính thức (ABEI - Bộ TT&TT),87/QĐ-BTTTT,valid,https://giayphep.abei.gov.vn/
mangahuyenthoai.vn,CÔNG TY CỔ PHẦN VTC DỊCH VỤ DI ĐỘNG,QUYẾT ĐỊNH PHÁT HÀNH TRÒ CHƠI ĐIỆN TỬ G1 TRÊN MẠNG,2016-06-27,Giấy phép chính thức (ABEI - Bộ TT&TT),1104/QĐ-BTTTT,invalid,https://giayphep.abei.gov.vn/
mangalegend.vn,CÔNG TY CỔ PHẦN VCCORP,QUYẾT ĐỊNH PHÁT HÀNH TRÒ CHƠI ĐIỆN TỬ G1 TRÊN MẠNG,2018-12-11,Giấy phép chính thức (ABEI - Bộ TT&TT),2124/QĐ-BTTTT,invalid,https://giayphep.abei.gov.vn/
mangatoon.vn,CÔNG TY TNHH KONEC,GIẤY PHÉP CUNG CẤP DỊCH VỤ MẠNG XÃ HỘI,2020-10-16,Giấy phép chính thức (ABEI - Bộ TT&TT),453/GP-BTTTT,valid,https://giayphep.abei.gov.vn/
mangbatdongsan.vn,CÔNG TY CỔ PHẦN PHÁT TRIỂN TRUYỀN THÔNG NGÔI SAO MỚI,GIẤY PHÉP CUNG CẤP DỊCH VỤ MẠNG XÃ HỘI,2021-07-05,Giấy phép chính thức (ABEI - Bộ TT&TT),420/GP-BTTTT,valid,https://giayphep.abei.gov.vn/
mangcovat.com.vn,TẠP CHÍ CỔ VẬT TINH HOA,GIẤY PHÉP THIẾT LẬP TRANG THÔNG TIN ĐIỆN TỬ TỔNG HỢP,2015-03-11,Giấy phép chính thức (ABEI - Bộ TT&TT),15/GPSĐBS-TTĐT,invalid,https://giayphep.abei.gov.vn/
mangdidonglocal.vn,CÔNG TY CỔ PHẦN VIỄN THÔNG ASIM,GIẤY PHÉP CUNG CẤP DỊCH VỤ MẠNG XÃ HỘI,2022-01-25,Giấy phép chính thức (ABEI - Bộ TT&TT),47/GP-BTTTT,valid,https://giayphep.abei.gov.vn/
mangxahoiviet.vn,CÔNG TY TNHH PHÁT TRIỂN TRUYỀN THÔNG TRUYỀN HÌNH VIỆT NAM,GIẤY PHÉP CUNG CẤP DỊCH VỤ MẠNG XÃ HỘI,2020-11-17,Giấy phép chính thức (ABEI - Bộ TT&TT),530/GP-BTTTT,valid,https://giayphep.abei.gov.vn/
manhtuong3q.vn,CÔNG TY CỔ PHẦN ACE GAME,QUYẾT ĐỊNH PHÁT HÀNH TRÒ CHƠI ĐIỆN TỬ G1 TRÊN MẠNG,2024-03-19,Giấy phép chính thức (ABEI - Bộ TT&TT),339/QĐ-BTTTT,valid,https://giayphep.abei.gov.vn/
maplerushtth.com,CÔNG TY CỔ PHẦN GIẢI TRÍ THIÊN THƯỢNG HỎA,QUYẾT ĐỊNH PHÁT HÀNH TRÒ CHƠI ĐIỆN TỬ G1 TRÊN MẠNG,2024-02-06,Giấy phép chính thức (ABEI - Bộ TT&TT),150/QĐ-BTTTT,valid,https://giayphep.abei.gov.vn/
maplex.vn,CÔNG TY CỔ PHẦN TEPAYLINK ,QUYẾT ĐỊNH PHÁT HÀNH TRÒ CHƠI ĐIỆN TỬ G1 TRÊN MẠNG,2026-02-12,Giấy phép chính thức (ABEI - Bộ TT&TT),74/QĐ-PTTH&TTĐT,valid,https://giayphep.abei.gov.vn/
maquan.splay.vn,CÔNG TY CỔ PHẦN VTC DỊCH VỤ DI ĐỘNG,QUYẾT ĐỊNH PHÁT HÀNH TRÒ CHƠI ĐIỆN TỬ G1 TRÊN MẠNG,2026-04-02,Giấy phép chính thức (ABEI - Bộ TT&TT),167/QĐ-PTTH&TTĐT,valid,https://giayphep.abei.gov.vn/
marvelduel.hhgame.vn,CÔNG TY CỔ PHẦN PHÁT TRIỂN CÔNG NGHỆ SỐ HỒNG HÀ,QUYẾT ĐỊNH PHÁT HÀNH TRÒ CHƠI ĐIỆN TỬ G1 TRÊN MẠNG,2021-04-02,Giấy phép chính thức (ABEI - Bộ TT&TT),428 /QĐ-BTTTT,valid,https://giayphep.abei.gov.vn/
marvelduelhhgame.vn,CÔNG TY CỔ PHẦN PHÁT TRIỂN CÔNG NGHỆ SỐ HỒNG HÀ,QUYẾT ĐỊNH PHÁT HÀNH TRÒ CHƠI ĐIỆN TỬ G1 TRÊN MẠNG,2021-04-02,Giấy phép chính thức (ABEI - Bộ TT&TT),428/QĐ-BTTTT,valid,https://giayphep.abei.gov.vn/
marvelsieuchientranh.playfun.vn,CÔNG TY CỔ PHẦN FUNTAP,QUYẾT ĐỊNH PHÁT HÀNH TRÒ CHƠI ĐIỆN TỬ G1 TRÊN MẠNG,2020-08-14,Giấy phép chính thức (ABEI - Bộ TT&TT),1397/QĐ-BTTTT,valid,https://giayphep.abei.gov.vn/
marvelsnap.vn,CÔNG TY CỔ PHẦN PHÁT TRIỂN CÔNG NGHỆ SỐ HỒNG HÀ,QUYẾT ĐỊNH PHÁT HÀNH TRÒ CHƠI ĐIỆN TỬ G1 TRÊN MẠNG,2023-06-23,Giấy phép chính thức (ABEI - Bộ TT&TT),1106/QĐ-BTTTT,invalid,https://giayphep.abei.gov.vn/
maskonline.vn,BÁO MÀN ẢNH SÂN KHẤU,GIẤY PHÉP THIẾT LẬP TRANG THÔNG TIN ĐIỆN TỬ TỔNG HỢP,2017-01-20,Giấy phép chính thức (ABEI - Bộ TT&TT),16/GP-TTĐT,invalid,https://giayphep.abei.gov.vn/
masoi.zingplay.com,CÔNG TY TNHH ZINGPLAY VIỆT NAM,QUYẾT ĐỊNH PHÁT HÀNH TRÒ CHƠI ĐIỆN TỬ G1 TRÊN MẠNG,2024-07-02,Giấy phép chính thức (ABEI - Bộ TT&TT),1113/QĐ-BTTTT,valid,https://giayphep.abei.gov.vn/
mathan3q.vn,CÔNG TY CỔ PHẦN TRỰC TUYẾN GOSU,QUYẾT ĐỊNH PHÁT HÀNH TRÒ CHƠI ĐIỆN TỬ G1 TRÊN MẠNG,2022-10-07,Giấy phép chính thức (ABEI - Bộ TT&TT),1872/QĐ-BTTTT,invalid,https://giayphep.abei.gov.vn/
mathandigioi.playfun.vn,CÔNG TY CỔ PHẦN FUNTAP,QUYẾT ĐỊNH PHÁT HÀNH TRÒ CHƠI ĐIỆN TỬ G1 TRÊN MẠNG,2024-05-13,Giấy phép chính thức (ABEI - Bộ TT&TT),768/QĐ-BTTTT,valid,https://giayphep.abei.gov.vn/
mathanlubo.vn,CÔNG TY TNHH SOHA,QUYẾT ĐỊNH PHÁT HÀNH TRÒ CHƠI ĐIỆN TỬ G1 TRÊN MẠNG,2022-08-29,Giấy phép chính thức (ABEI - Bộ TT&TT),1627/QĐ-BTTTT,valid,https://giayphep.abei.gov.vn/
mathienquyet.vn,CÔNG TY CỔ PHẦN VTC DỊCH VỤ DI ĐỘNG,QUYẾT ĐỊNH PHÁT HÀNH TRÒ CHƠI ĐIỆN TỬ G1 TRÊN MẠNG,2019-10-15,Giấy phép chính thức (ABEI - Bộ TT&TT),1706/QĐ-BTTTT,invalid,https://giayphep.abei.gov.vn/
matlenh.vtcgame.vn,CÔNG TY VTC CÔNG NGHỆ VÀ NỘI DUNG SỐ,QUYẾT ĐỊNH PHÁT HÀNH TRÒ CHƠI ĐIỆN TỬ G1 TRÊN MẠNG,2025-12-19,Giấy phép chính thức (ABEI - Bộ TT&TT),564 /QĐ-PTTH&TTĐT,valid,https://giayphep.abei.gov.vn/
mattran.org.vn,ỦY BAN TRUNG ƯƠNG MẶT TRẬN TỔ QUỐC VIỆT NAM,GIẤY PHÉP THIẾT LẬP TRANG THÔNG TIN ĐIỆN TỬ TỔNG HỢP,2022-01-27,Giấy phép chính thức (ABEI - Bộ TT&TT),12/GP-TTĐT,valid,https://giayphep.abei.gov.vn/
mattran.vn,ỦY BAN TRUNG ƯƠNG MẶT TRẬN TỔ QUỐC VIỆT NAM,GIẤY PHÉP THIẾT LẬP TRANG THÔNG TIN ĐIỆN TỬ TỔNG HỢP,2022-01-27,Giấy phép chính thức (ABEI - Bộ TT&TT),12/GP-TTĐT,valid,https://giayphep.abei.gov.vn/
matvucuqua.boardcraftonline.vn,Công ty TNHH ZingPlay Việt Nam,QUYẾT ĐỊNH PHÁT HÀNH TRÒ CHƠI ĐIỆN TỬ G1 TRÊN MẠNG,2026-03-25,Giấy phép chính thức (ABEI - Bộ TT&TT),144/QĐ-PTTH&TTĐT,valid,https://giayphep.abei.gov.vn/
mavucthando.vn,CÔNG TY TNHH NEXFUN ,QUYẾT ĐỊNH PHÁT HÀNH TRÒ CHƠI ĐIỆN TỬ G1 TRÊN MẠNG,2025-12-17,Giấy phép chính thức (ABEI - Bộ TT&TT),558/QĐ-PTTH&TTĐT,valid,https://giayphep.abei.gov.vn/
may.com.vn,CÔNG TY CỔ PHẦN QUẢNG CÁO TRỰC TUYẾN 24H,GIẤY PHÉP CUNG CẤP DỊCH VỤ MẠNG XÃ HỘI,2020-12-14,Giấy phép chính thức (ABEI - Bộ TT&TT),589 /GP-BTTTT,valid,https://giayphep.abei.gov.vn/
may.vn,CÔNG TY CỔ PHẦN QUẢNG CÁO TRỰC TUYẾN 24H,GIẤY PHÉP CUNG CẤP DỊCH VỤ MẠNG XÃ HỘI,2020-12-14,Giấy phép chính thức (ABEI - Bộ TT&TT),589 /GP-BTTTT,valid,https://giayphep.abei.gov.vn/
maybe.vn,CÔNG TY TNHH MAYBEVERSE,GIẤY PHÉP CUNG CẤP DỊCH VỤ MẠNG XÃ HỘI,2023-03-27,Giấy phép chính thức (ABEI - Bộ TT&TT),104/GP-BTTTT,valid,https://giayphep.abei.gov.vn/
mbest.com.vn,CÔNG TY TNHH TOP TALENT,GIẤY PHÉP CUNG CẤP DỊCH VỤ MẠNG XÃ HỘI,2024-06-06,Giấy phép chính thức (ABEI - Bộ TT&TT),153/GP-BTTTT,valid,https://giayphep.abei.gov.vn/
mbox.com.vn,CÔNG TY TNHH MỘT THÀNH VIÊN MEDIA BOX,QUYẾT ĐỊNH PHÁT HÀNH TRÒ CHƠI ĐIỆN TỬ G1 TRÊN MẠNG,2024-05-30,Giấy phép chính thức (ABEI - Bộ TT&TT),879/QĐ-BTTTT,valid,https://giayphep.abei.gov.vn/
mcd.gaba.vn,CÔNG TY CỔ PHẦN TRÒ CHƠI VEGA,QUYẾT ĐỊNH PHÁT HÀNH TRÒ CHƠI ĐIỆN TỬ G1 TRÊN MẠNG,2020-04-15,Giấy phép chính thức (ABEI - Bộ TT&TT),570/QĐ-BTTTT,invalid,https://giayphep.abei.gov.vn/
mclass.vn,CÔNG TY CỔ PHẦN CÔNG NGHỆ GIÁO DỤC TTK VIỆT NAM,GIẤY PHÉP CUNG CẤP DỊCH VỤ MẠNG XÃ HỘI,2021-03-15,Giấy phép chính thức (ABEI - Bộ TT&TT),159/GP-BTTTT,valid,https://giayphep.abei.gov.vn/
mcorp.vn,CÔNG TY CỔ PHẦN ĐẦU TƯ & CÔNG NGHỆ MCORP,QUYẾT ĐỊNH PHÁT HÀNH TRÒ CHƠI ĐIỆN TỬ G1 TRÊN MẠNG,2020-04-15,Giấy phép chính thức (ABEI - Bộ TT&TT),544 /QĐ-BTTTT,valid,https://giayphep.abei.gov.vn/
mcrop.vn,CÔNG TY CỔ PHẦN ĐẦU TƯ & CÔNG NGHỆ MCORP,QUYẾT ĐỊNH PHÁT HÀNH TRÒ CHƠI ĐIỆN TỬ G1 TRÊN MẠNG,2021-05-18,Giấy phép chính thức (ABEI - Bộ TT&TT),675/QĐ-BTTTT,valid,https://giayphep.abei.gov.vn/
mdst.funtap.games,CÔNG TY CỔ PHẦN FUNTAP GAMES,QUYẾT ĐỊNH PHÁT HÀNH TRÒ CHƠI ĐIỆN TỬ G1 TRÊN MẠNG,2026-07-03,Giấy phép chính thức (ABEI - Bộ TT&TT),384/QĐ-PTTH&TTĐT,valid,https://giayphep.abei.gov.vn/
mdst.hhgame.vn,CÔNG TY CỔ PHẦN PHÁT TRIỂN CÔNG NGHỆ SỐ HỒNG HÀ ,QUYẾT ĐỊNH PHÁT HÀNH TRÒ CHƠI ĐIỆN TỬ G1 TRÊN MẠNG,2026-02-04,Giấy phép chính thức (ABEI - Bộ TT&TT),46/QĐ-PTTH&TTĐT,invalid,https://giayphep.abei.gov.vn/
mdtq.vn,CÔNG TY CỔ PHẦN TRỰC TUYẾN GOSU,QUYẾT ĐỊNH PHÁT HÀNH TRÒ CHƠI ĐIỆN TỬ G1 TRÊN MẠNG,2018-06-29,Giấy phép chính thức (ABEI - Bộ TT&TT),1006/QĐ-BTTTT,invalid,https://giayphep.abei.gov.vn/
me.zing.vn,CÔNG TY CỔ PHẦN TRỰC TUYẾN CMN VIỆT NAM,QUYẾT ĐỊNH PHÁT HÀNH TRÒ CHƠI ĐIỆN TỬ G1 TRÊN MẠNG,2017-03-03,Giấy phép chính thức (ABEI - Bộ TT&TT),240/QĐ-BTTTT,valid,https://giayphep.abei.gov.vn/
mechabangbang.joygame.vn,CÔNG TY TNHH GIẢI TRÍ JOY,QUYẾT ĐỊNH PHÁT HÀNH TRÒ CHƠI ĐIỆN TỬ G1 TRÊN MẠNG,2019-11-25,Giấy phép chính thức (ABEI - Bộ TT&TT),2004/QĐ-BTTTT,valid,https://giayphep.abei.gov.vn/
mecorp.vn,CÔNG TY CỔ PHẦN GIẢI TRÍ DI ĐỘNG,QUYẾT ĐỊNH PHÁT HÀNH TRÒ CHƠI ĐIỆN TỬ G1 TRÊN MẠNG,2016-06-15,Giấy phép chính thức (ABEI - Bộ TT&TT),1031/QĐ-BTTTT,invalid,https://giayphep.abei.gov.vn/
mecplay.com,CÔNG TY TNHH MEC GROUP,GIẤY PHÉP CUNG CẤP DỊCH VỤ MẠNG XÃ HỘI,2019-05-21,Giấy phép chính thức (ABEI - Bộ TT&TT),192/GP-BTTTT,valid,https://giayphep.abei.gov.vn/
mecplay.vn,CÔNG TY TNHH MEC GROUP,GIẤY PHÉP CUNG CẤP DỊCH VỤ MẠNG XÃ HỘI,2019-05-21,Giấy phép chính thức (ABEI - Bộ TT&TT),192/GP-BTTTT,valid,https://giayphep.abei.gov.vn/
med.gaba.vn,CÔNG TY CỔ PHẦN TRÒ CHƠI VEGA,QUYẾT ĐỊNH PHÁT HÀNH TRÒ CHƠI ĐIỆN TỬ G1 TRÊN MẠNG,2019-04-11,Giấy phép chính thức (ABEI - Bộ TT&TT),563/QĐ-BTTTT,invalid,https://giayphep.abei.gov.vn/
medihub.vn,CÔNG TY TNHH TRUYỀN THÔNG MEDIHUB,GIẤY PHÉP CUNG CẤP DỊCH VỤ MẠNG XÃ HỘI,2017-04-11,Giấy phép chính thức (ABEI - Bộ TT&TT),145/GP-BTTTT,valid,https://giayphep.abei.gov.vn/
medplus.vn,CÔNG TY CỔ PHẦN FINIZZ,GIẤY PHÉP CUNG CẤP DỊCH VỤ MẠNG XÃ HỘI,2019-12-03,Giấy phép chính thức (ABEI - Bộ TT&TT),528/GP-BTTTT,valid,https://giayphep.abei.gov.vn/
meeychat.com,CÔNG TY CỔ PHẦN TẬP ĐOÀN MEEY LAND,GIẤY PHÉP CUNG CẤP DỊCH VỤ MẠNG XÃ HỘI,2024-03-26,Giấy phép chính thức (ABEI - Bộ TT&TT),72/GP-BTTTT,valid,https://giayphep.abei.gov.vn/
meeychat.vn,CÔNG TY CỔ PHẦN TẬP ĐOÀN MEEY LAND,GIẤY PHÉP CUNG CẤP DỊCH VỤ MẠNG XÃ HỘI,2024-03-26,Giấy phép chính thức (ABEI - Bộ TT&TT),72/GP-BTTTT,valid,https://giayphep.abei.gov.vn/
meeyproject.com,CÔNG TY CỔ PHẦN TẬP ĐOÀN MEEY LAND,GIẤY PHÉP CUNG CẤP DỊCH VỤ MẠNG XÃ HỘI,2023-08-07,Giấy phép chính thức (ABEI - Bộ TT&TT),280/GP-BTTTT,valid,https://giayphep.abei.gov.vn/
meeyproject.vn,CÔNG TY CỔ PHẦN TẬP ĐOÀN MEEY LAND,GIẤY PHÉP CUNG CẤP DỊCH VỤ MẠNG XÃ HỘI,2023-08-07,Giấy phép chính thức (ABEI - Bộ TT&TT),280/GP-BTTTT,valid,https://giayphep.abei.gov.vn/
meeyshare.com,CÔNG TY CỔ PHẦN TẬP ĐOÀN MEEY LAND,GIẤY PHÉP CUNG CẤP DỊCH VỤ MẠNG XÃ HỘI,2023-03-24,Giấy phép chính thức (ABEI - Bộ TT&TT),95/GP-BTTTT,valid,https://giayphep.abei.gov.vn/
meeyshare.vn,CÔNG TY CỔ PHẦN TẬP ĐOÀN MEEY LAND,GIẤY PHÉP CUNG CẤP DỊCH VỤ MẠNG XÃ HỘI,2023-03-24,Giấy phép chính thức (ABEI - Bộ TT&TT),95/GP-BTTTT,valid,https://giayphep.abei.gov.vn/
megaball.vn,TỔNG CÔNG TY TRUYỀN THÔNG (VNPT),GIẤY PHÉP CUNG CẤP DỊCH VỤ MẠNG XÃ HỘI,2017-08-14,Giấy phép chính thức (ABEI - Bộ TT&TT),393/GP-BTTTT,valid,https://giayphep.abei.gov.vn/
megaclip.com.vn,TỔNG CÔNG TY TRUYỀN THÔNG (VNPT),GIẤY PHÉP CUNG CẤP DỊCH VỤ MẠNG XÃ HỘI,2017-04-20,Giấy phép chính thức (ABEI - Bộ TT&TT),169/GP-BTTTT,valid,https://giayphep.abei.gov.vn/
megadaichien.vn,CÔNG TY CỔ PHẦN ACE GAME,QUYẾT ĐỊNH PHÁT HÀNH TRÒ CHƠI ĐIỆN TỬ G1 TRÊN MẠNG,2022-07-11,Giấy phép chính thức (ABEI - Bộ TT&TT),1366/QĐ-BTTTT,valid,https://giayphep.abei.gov.vn/
megastore.net.vn,CÔNG TY TNHH SÁNG TẠO ĐA PHƯƠNG TIỆN,"GIẤY XÁC NHẬN THÔNG BÁO PHÁT HÀNH TRÒ CHƠI ĐIỆN TỬ G2,G3,G4",2018-08-30,Giấy phép chính thức (ABEI - Bộ TT&TT),222/GXN-PTTH&TTĐT,valid,https://giayphep.abei.gov.vn/
mekongsean.vn,BÁO THỜI VỤ MÊ KÔNG,GIẤY PHÉP THIẾT LẬP TRANG THÔNG TIN ĐIỆN TỬ TỔNG HỢP,2018-05-10,Giấy phép chính thức (ABEI - Bộ TT&TT),113/GP-TTĐT,valid,https://giayphep.abei.gov.vn/
mem.net.vn,CÔNG TY CỔ PHẦN GIẢI TRÍ DI ĐỘNG,QUYẾT ĐỊNH PHÁT HÀNH TRÒ CHƠI ĐIỆN TỬ G1 TRÊN MẠNG,2017-05-18,Giấy phép chính thức (ABEI - Bộ TT&TT),734/QĐ-BTTTT,invalid,https://giayphep.abei.gov.vn/
menandlife.com.vn,CÔNG TY TNHH THƯƠNG MẠI DỊCH VỤ QUẢNG CÁO ĐẠI TÍN NGHĨA,GIẤY PHÉP CUNG CẤP DỊCH VỤ MẠNG XÃ HỘI,2019-05-21,Giấy phép chính thức (ABEI - Bộ TT&TT),195/GP-BTTTT,valid,https://giayphep.abei.gov.vn/
menglish.vn,CÔNG TY CỔ PHẦN DỊCH VỤ VIỄN THÔNG SUNTEL VIỆT NAM,GIẤY PHÉP CUNG CẤP DỊCH VỤ MẠNG XÃ HỘI,2017-09-12,Giấy phép chính thức (ABEI - Bộ TT&TT),441/GP-BTTTT,invalid,https://giayphep.abei.gov.vn/
meoduky.zingplay.vn,CÔNG TY TNHH ZINGPLAY VIỆT NAM,"GIẤY XÁC NHẬN THÔNG BÁO PHÁT HÀNH TRÒ CHƠI ĐIỆN TỬ G2,G3,G4",2022-04-18,Giấy phép chính thức (ABEI - Bộ TT&TT),39/GXN-PTTH&TTĐT,valid,https://giayphep.abei.gov.vn/
meomaysieuquay.vn,CÔNG TY CỔ PHẦN DRAGON GAME ,QUYẾT ĐỊNH PHÁT HÀNH TRÒ CHƠI ĐIỆN TỬ G1 TRÊN MẠNG,2026-02-13,Giấy phép chính thức (ABEI - Bộ TT&TT),86/QĐ-PTTH&TTĐT,valid,https://giayphep.abei.gov.vn/
meta.vn,CÔNG TY CỔ PHẦN TRỤC TUYẾN META,GIẤY PHÉP CUNG CẤP DỊCH VỤ MẠNG XÃ HỘI,2021-08-30,Giấy phép chính thức (ABEI - Bộ TT&TT),570/GP-BTTTT,valid,https://giayphep.abei.gov.vn/
metalslugawk.vnggames.com,CÔNG TY CỔ PHẦN TẬP ĐOÀN VNG,QUYẾT ĐỊNH PHÁT HÀNH TRÒ CHƠI ĐIỆN TỬ G1 TRÊN MẠNG,2026-04-14,Giấy phép chính thức (ABEI - Bộ TT&TT),188/QĐ-PTTH&TTĐT,valid,https://giayphep.abei.gov.vn/
metalslugawk.vnggames.net,CÔNG TY CỔ PHẦN TẬP ĐOÀN VNG,QUYẾT ĐỊNH PHÁT HÀNH TRÒ CHƠI ĐIỆN TỬ G1 TRÊN MẠNG,2026-04-14,Giấy phép chính thức (ABEI - Bộ TT&TT),188/QĐ-PTTH&TTĐT,valid,https://giayphep.abei.gov.vn/
metrip.vn,CÔNG TY CỔ PHẦN BILI & BROS,GIẤY PHÉP CUNG CẤP DỊCH VỤ MẠNG XÃ HỘI,2019-10-02,Giấy phép chính thức (ABEI - Bộ TT&TT),419/GP-BTTTT,valid,https://giayphep.abei.gov.vn/
mevabe.vn,TẠP CHÍ MẸ VÀ BÉ,GIẤY PHÉP THIẾT LẬP TRANG THÔNG TIN ĐIỆN TỬ TỔNG HỢP,2016-03-25,Giấy phép chính thức (ABEI - Bộ TT&TT),22/GP-TTĐT,valid,https://giayphep.abei.gov.vn/
mevacon.com.vn,BÁO GIÁO DỤC THÀNH PHỐ HỒ CHÍ MINH,GIẤY PHÉP THIẾT LẬP TRANG THÔNG TIN ĐIỆN TỬ TỔNG HỢP,2018-07-12,Giấy phép chính thức (ABEI - Bộ TT&TT),180/GP-TTĐT,valid,https://giayphep.abei.gov.vn/
mfun.net.vn,CÔNG TY CỔ PHẦN TRUYỀN THÔNG SMART MEDIA VIỆT NAM,GIẤY PHÉP CUNG CẤP DỊCH VỤ MẠNG XÃ HỘI,2014-11-28,Giấy phép chính thức (ABEI - Bộ TT&TT),345/GP-BTTTT,invalid,https://giayphep.abei.gov.vn/
mgame.com.vn,CÔNG TY CỔ PHẦN VDC ONLINE,GIẤY PHÉP CUNG CẤP DỊCH VỤ MẠNG XÃ HỘI,2020-11-17,Giấy phép chính thức (ABEI - Bộ TT&TT),531/GP-BTTTT,valid,https://giayphep.abei.gov.vn/
mgcgg.hhgame.vn,CÔNG TY CỔ PHẦN PHÁT TRIỂN CÔNG NGHỆ SỐ HỒNG HÀ,QUYẾT ĐỊNH PHÁT HÀNH TRÒ CHƠI ĐIỆN TỬ G1 TRÊN MẠNG,2025-06-26,Giấy phép chính thức (ABEI - Bộ TT&TT),282/QĐ-PTTH&TTĐT,valid,https://giayphep.abei.gov.vn/
mgn.vn,CÔNG TY CỔ PHẦN VIETNAM NEW LIFESTYLE INCUBATION,GIẤY PHÉP CUNG CẤP DỊCH VỤ MẠNG XÃ HỘI,2021-01-15,Giấy phép chính thức (ABEI - Bộ TT&TT),38/GP-BTTTT,valid,https://giayphep.abei.gov.vn/
mgol.com.vn,CÔNG TY TNHH PHẦN MỀM MGOL ,QUYẾT ĐỊNH PHÁT HÀNH TRÒ CHƠI ĐIỆN TỬ G1 TRÊN MẠNG,2026-07-03,Giấy phép chính thức (ABEI - Bộ TT&TT),386/QĐ-PTTH&TTĐT,valid,https://giayphep.abei.gov.vn/
mgol.vn,CÔNG TY TNHH PHẦN MỀM MGOL,QUYẾT ĐỊNH PHÁT HÀNH TRÒ CHƠI ĐIỆN TỬ G1 TRÊN MẠNG,2023-08-29,Giấy phép chính thức (ABEI - Bộ TT&TT),1673/QĐ-BTTTT,valid,https://giayphep.abei.gov.vn/
mhgh.ggo.vn,CÔNG TY CỔ PHẦN GGO,QUYẾT ĐỊNH PHÁT HÀNH TRÒ CHƠI ĐIỆN TỬ G1 TRÊN MẠNG,2020-05-21,Giấy phép chính thức (ABEI - Bộ TT&TT),861/QĐ-BTTTT,valid,https://giayphep.abei.gov.vn/
mhpt.ggo.vn,CÔNG TY CỔ PHẦN GGO,QUYẾT ĐỊNH PHÁT HÀNH TRÒ CHƠI ĐIỆN TỬ G1 TRÊN MẠNG,2023-01-13,Giấy phép chính thức (ABEI - Bộ TT&TT),23 /QĐ-BTTTT,invalid,https://giayphep.abei.gov.vn/
mhtk.vgplay.vn,CÔNG TY CỔ PHẦN VGP,QUYẾT ĐỊNH PHÁT HÀNH TRÒ CHƠI ĐIỆN TỬ G1 TRÊN MẠNG,2024-02-06,Giấy phép chính thức (ABEI - Bộ TT&TT),156 /QĐ-BTTTT,valid,https://giayphep.abei.gov.vn/
mic.gov.vn,TRUNG TÂM THÔNG TIN - BỘ THÔNG TIN VÀ TRUYỀN THÔNG,GIẤY PHÉP THIẾT LẬP TRANG THÔNG TIN ĐIỆN TỬ TỔNG HỢP,2016-03-15,Giấy phép chính thức (ABEI - Bộ TT&TT),18/GP-TTĐT,valid,https://giayphep.abei.gov.vn/
mienbienthuy.vn,VỤ QUẢN LÝ QUY HOẠCH,GIẤY PHÉP THIẾT LẬP TRANG THÔNG TIN ĐIỆN TỬ TỔNG HỢP,2017-03-31,Giấy phép chính thức (ABEI - Bộ TT&TT),92/GP-TTĐT,valid,https://giayphep.abei.gov.vn/
mieude.velalive.vn,Công ty TNHH Velalive ,QUYẾT ĐỊNH PHÁT HÀNH TRÒ CHƠI ĐIỆN TỬ G1 TRÊN MẠNG,2025-10-17,Giấy phép chính thức (ABEI - Bộ TT&TT),457/QĐ-PTTH&TTĐT,valid,https://giayphep.abei.gov.vn/
migagame.vn,CÔNG TY CỔ PHẦN DỊCH VỤ TRỰC TUYẾN MIGA,QUYẾT ĐỊNH PHÁT HÀNH TRÒ CHƠI ĐIỆN TỬ G1 TRÊN MẠNG,2024-10-18,Giấy phép chính thức (ABEI - Bộ TT&TT),1789/QĐ-BTTTT,valid,https://giayphep.abei.gov.vn/
migame.vn,CÔNG TY CỔ PHẦN DỊCH VỤ TRỰC TUYẾN MIGA,QUYẾT ĐỊNH PHÁT HÀNH TRÒ CHƠI ĐIỆN TỬ G1 TRÊN MẠNG,2026-02-06,Giấy phép chính thức (ABEI - Bộ TT&TT),55/QĐ-PTTH&TTĐT,valid,https://giayphep.abei.gov.vn/
migames.vn,CÔNG TY TNHH MOUNTAIN LAKE,QUYẾT ĐỊNH PHÁT HÀNH TRÒ CHƠI ĐIỆN TỬ G1 TRÊN MẠNG,2022-04-28,Giấy phép chính thức (ABEI - Bộ TT&TT),793/QĐ-BTTTT,valid,https://giayphep.abei.gov.vn/
mimiland.com,CÔNG TY TNHH CÔNG NGHỆ MIMILAND,QUYẾT ĐỊNH PHÁT HÀNH TRÒ CHƠI ĐIỆN TỬ G1 TRÊN MẠNG,2023-10-16,Giấy phép chính thức (ABEI - Bộ TT&TT),1991/QĐ-BTTTT,valid,https://giayphep.abei.gov.vn/
minhphuongthinh.vn,CÔNG TY TNHH TRUYỀN THÔNG MINH PHƯƠNG THỊNH ,QUYẾT ĐỊNH PHÁT HÀNH TRÒ CHƠI ĐIỆN TỬ G1 TRÊN MẠNG,2025-09-16,Giấy phép chính thức (ABEI - Bộ TT&TT),397/QĐ-PTTH&TTĐT,invalid,https://giayphep.abei.gov.vn/
miniworldgame.vn,CÔNG TY TNHH THẾ GIỚI MINI,QUYẾT ĐỊNH PHÁT HÀNH TRÒ CHƠI ĐIỆN TỬ G1 TRÊN MẠNG,2020-10-23,Giấy phép chính thức (ABEI - Bộ TT&TT),1786/QĐ-BTTTT,valid,https://giayphep.abei.gov.vn/
miniworldtech.vn,CÔNG TY TNHH THẾ GIỚI MINI,QUYẾT ĐỊNH PHÁT HÀNH TRÒ CHƠI ĐIỆN TỬ G1 TRÊN MẠNG,2020-10-23,Giấy phép chính thức (ABEI - Bộ TT&TT),1786/QĐ-BTTTT,valid,https://giayphep.abei.gov.vn/
mir2.game.chronicle.vn,CÔNG TY TNHH CHRONICLE,QUYẾT ĐỊNH PHÁT HÀNH TRÒ CHƠI ĐIỆN TỬ G1 TRÊN MẠNG,2023-06-08,Giấy phép chính thức (ABEI - Bộ TT&TT),998/QĐ-BTTTT,valid,https://giayphep.abei.gov.vn/
mir2sabuk.playfun.vn,CÔNG TY CỔ PHẦN PHÁT TRIỂN CÔNG NGHỆ SỐ HỒNG HÀ,QUYẾT ĐỊNH PHÁT HÀNH TRÒ CHƠI ĐIỆN TỬ G1 TRÊN MẠNG,2023-08-29,Giấy phép chính thức (ABEI - Bộ TT&TT),1671/QĐ-BTTTT,invalid,https://giayphep.abei.gov.vn/
mixbox.vn,CÔNG TY TNHH THƯƠNG MẠI VÀ DỊCH VỤ HYPER,GIẤY PHÉP CUNG CẤP DỊCH VỤ MẠNG XÃ HỘI,2017-03-30,Giấy phép chính thức (ABEI - Bộ TT&TT),126/GP-BTTTT,valid,https://giayphep.abei.gov.vn/
mkara.vn,CÔNG TY CỔ PHẦN TRUYỀN THÔNG VNNPLUS,GIẤY PHÉP CUNG CẤP DỊCH VỤ MẠNG XÃ HỘI,2023-10-16,Giấy phép chính thức (ABEI - Bộ TT&TT),385/GP-BTTTT,valid,https://giayphep.abei.gov.vn/
mladventure.hhgame.vn,CÔNG TY CỔ PHẦN PHÁT TRIỂN CÔNG NGHỆ SỐ HỒNG HÀ,QUYẾT ĐỊNH PHÁT HÀNH TRÒ CHƠI ĐIỆN TỬ G1 TRÊN MẠNG,2022-01-24,Giấy phép chính thức (ABEI - Bộ TT&TT),96/QĐ-BTTTT,valid,https://giayphep.abei.gov.vn/
mlbb.hhgame.vn,Công ty Cổ phần phát triển công nghệ số Hồng Hà,QUYẾT ĐỊNH PHÁT HÀNH TRÒ CHƠI ĐIỆN TỬ G1 TRÊN MẠNG,2025-10-29,Giấy phép chính thức (ABEI - Bộ TT&TT),473/QĐ-PTTH&TTĐT,valid,https://giayphep.abei.gov.vn/
mlgames.vn,CÔNG TY TNHH MOUNTAIN LAKE,QUYẾT ĐỊNH PHÁT HÀNH TRÒ CHƠI ĐIỆN TỬ G1 TRÊN MẠNG,2022-04-25,Giấy phép chính thức (ABEI - Bộ TT&TT),761 /QĐ-BTTTT,valid,https://giayphep.abei.gov.vn/
mmg.zoneplay.vn,CÔNG TY TNHH GZONE MEDIA VIỆT NAM,QUYẾT ĐỊNH PHÁT HÀNH TRÒ CHƠI ĐIỆN TỬ G1 TRÊN MẠNG,2021-08-10,Giấy phép chính thức (ABEI - Bộ TT&TT),1183/QĐ-BTTTT,valid,https://giayphep.abei.gov.vn/
mmusic.vn,CÔNG TY TNHH MỘT THÀNH VIÊN PHÁT TRIỂN DỊCH VỤ VIỄN THÔNG TOÀN CẦU,GIẤY PHÉP CUNG CẤP DỊCH VỤ MẠNG XÃ HỘI,2014-11-28,Giấy phép chính thức (ABEI - Bộ TT&TT),343/GP-BTTTT,invalid,https://giayphep.abei.gov.vn/
moba.360mobi.vn,CÔNG TY CỔ PHẦN VNG,QUYẾT ĐỊNH PHÁT HÀNH TRÒ CHƠI ĐIỆN TỬ G1 TRÊN MẠNG,2022-05-10,Giấy phép chính thức (ABEI - Bộ TT&TT),872/QĐ-BTTTT,invalid,https://giayphep.abei.gov.vn/
moba.vn,CÔNG TY CỔ PHẦN VTC DỊCH VỤ DI ĐỘNG,QUYẾT ĐỊNH PHÁT HÀNH TRÒ CHƠI ĐIỆN TỬ G1 TRÊN MẠNG,2016-06-13,Giấy phép chính thức (ABEI - Bộ TT&TT),1018/QĐ-BTTTT,invalid,https://giayphep.abei.gov.vn/
mobi-game.vn,CÔNG TY CỔ PHẦN CÔNG NGHỆ MOBI-GAME,QUYẾT ĐỊNH PHÁT HÀNH TRÒ CHƠI ĐIỆN TỬ G1 TRÊN MẠNG,2021-04-29,Giấy phép chính thức (ABEI - Bộ TT&TT),571/QĐ-BTTTT,valid,https://giayphep.abei.gov.vn/
mobi.gamelord.vn,CÔNG TY CỔ PHẦN GB TOÀN CẦU,"GIẤY XÁC NHẬN THÔNG BÁO PHÁT HÀNH TRÒ CHƠI ĐIỆN TỬ G2,G3,G4",2020-05-25,Giấy phép chính thức (ABEI - Bộ TT&TT),71/GXN-PTTH&TTĐT,valid,https://giayphep.abei.gov.vn/
mobiagri.vn,TỔNG CÔNG TY VIỄN THÔNG MOBIFONE,GIẤY PHÉP CUNG CẤP DỊCH VỤ MẠNG XÃ HỘI,2024-05-30,Giấy phép chính thức (ABEI - Bộ TT&TT),145/GP-BTTTT,valid,https://giayphep.abei.gov.vn/
mobiai.vn,TỔNG CÔNG TY VIỄN THÔNG MOBIFONE,GIẤY PHÉP CUNG CẤP DỊCH VỤ MẠNG XÃ HỘI,2026-03-05,Giấy phép chính thức (ABEI - Bộ TT&TT),35/GP-BVHTTDL,valid,https://giayphep.abei.gov.vn/
mobifone.vn,TỔNG CÔNG TY VIỄN THÔNG MOBIFONE,GIẤY PHÉP CUNG CẤP DỊCH VỤ MẠNG XÃ HỘI,2026-02-25,Giấy phép chính thức (ABEI - Bộ TT&TT),25/GP-BVHTTDL,valid,https://giayphep.abei.gov.vn/
mobigame.com.vn,CÔNG TY TNHH MTV THƯƠNG MẠI DỊCH VỤ MOBIFONE TOÀN CẦU,"GIẤY XÁC NHẬN THÔNG BÁO PHÁT HÀNH TRÒ CHƠI ĐIỆN TỬ G2,G3,G4",2023-06-06,Giấy phép chính thức (ABEI - Bộ TT&TT),91/GXN-PTTH&TTĐT,valid,https://giayphep.abei.gov.vn/
mobigame.vn,CÔNG TY CỔ PHẦN VTC DỊCH VỤ DI ĐỘNG,"GIẤY XÁC NHẬN THÔNG BÁO PHÁT HÀNH TRÒ CHƠI ĐIỆN TỬ G2,G3,G4",2023-06-21,Giấy phép chính thức (ABEI - Bộ TT&TT),101/GXN-PTTH&TTĐT,valid,https://giayphep.abei.gov.vn/
mobigames.vn,TỔNG CÔNG TY VIỄN THÔNG MOBIFONE,GIẤY PHÉP CUNG CẤP DỊCH VỤ MẠNG XÃ HỘI,2024-11-25,Giấy phép chính thức (ABEI - Bộ TT&TT),342/GP-BTTTT,valid,https://giayphep.abei.gov.vn/
mobikara.com,CÔNG TY CỔ PHẦN MOBI-ONE,GIẤY PHÉP CUNG CẤP DỊCH VỤ MẠNG XÃ HỘI,2017-11-08,Giấy phép chính thức (ABEI - Bộ TT&TT),556/GP-BTTTT,valid,https://giayphep.abei.gov.vn/
mobikara.vn,CÔNG TY CỔ PHẦN MOBI-ONE,GIẤY PHÉP CUNG CẤP DỊCH VỤ MẠNG XÃ HỘI,2017-11-08,Giấy phép chính thức (ABEI - Bộ TT&TT),556/GP-BTTTT,valid,https://giayphep.abei.gov.vn/
mobileroyale.gamota.com,CÔNG TY CỔ PHẦN GAMOTA,QUYẾT ĐỊNH PHÁT HÀNH TRÒ CHƠI ĐIỆN TỬ G1 TRÊN MẠNG,2026-05-29,Giấy phép chính thức (ABEI - Bộ TT&TT),284/QĐ-PTTH&TTĐT,valid,https://giayphep.abei.gov.vn/
mobiz.vn,CÔNG TY CỔ PHẦN MOBIZ,QUYẾT ĐỊNH PHÁT HÀNH TRÒ CHƠI ĐIỆN TỬ G1 TRÊN MẠNG,2020-04-21,Giấy phép chính thức (ABEI - Bộ TT&TT),120/QĐ-BTTTT,valid,https://giayphep.abei.gov.vn/
mocchautourism.com,BAN QUẢN LÝ KHU DU LỊCH MỘC CHÂU,GIẤY PHÉP THIẾT LẬP TRANG THÔNG TIN ĐIỆN TỬ TỔNG HỢP,2013-08-16,Giấy phép chính thức (ABEI - Bộ TT&TT),113/GP-TTĐT,invalid,https://giayphep.abei.gov.vn/
mocdieptruyenthuyet.vn,CÔNG TY CỔ PHẦN WETAPS,QUYẾT ĐỊNH PHÁT HÀNH TRÒ CHƠI ĐIỆN TỬ G1 TRÊN MẠNG,2023-12-22,Giấy phép chính thức (ABEI - Bộ TT&TT),2497/QĐ-BTTTT,valid,https://giayphep.abei.gov.vn/
mocgame.vn,Công ty TNHH Trò chơi Mộc,QUYẾT ĐỊNH PHÁT HÀNH TRÒ CHƠI ĐIỆN TỬ G1 TRÊN MẠNG,2026-07-15,Giấy phép chính thức (ABEI - Bộ TT&TT),419/QĐ-PTTH&TTĐT,valid,https://giayphep.abei.gov.vn/
mocst.gov.vn,"TRUNG TÂM CÔNG NGHỆ THÔNG TIN - BỘ VĂN HÓA, THỂ THAO VÀ DU LỊCH",GIẤY PHÉP THIẾT LẬP TRANG THÔNG TIN ĐIỆN TỬ TỔNG HỢP,2021-08-27,Giấy phép chính thức (ABEI - Bộ TT&TT),150/GP-TTĐT,valid,https://giayphep.abei.gov.vn/
moera.gov.vn,BỘ DÂN TỘC VÀ TÔN GIÁO,GIẤY PHÉP THIẾT LẬP TRANG THÔNG TIN ĐIỆN TỬ TỔNG HỢP,2025-12-22,Giấy phép chính thức (ABEI - Bộ TT&TT),221/GP-TTĐT,valid,https://giayphep.abei.gov.vn/
moest.gov.vn,"BỘ VĂN HÓA, THỂ THAO VÀ DU LỊCH",GIẤY PHÉP THIẾT LẬP TRANG THÔNG TIN ĐIỆN TỬ TỔNG HỢP,2015-11-12,Giấy phép chính thức (ABEI - Bộ TT&TT),158/GP-TTĐT,invalid,https://giayphep.abei.gov.vn/
mogi-game.vn,CÔNG TY CỔ PHẦN CÔNG NGHỆ MOBI-GAME,QUYẾT ĐỊNH PHÁT HÀNH TRÒ CHƠI ĐIỆN TỬ G1 TRÊN MẠNG,2025-12-31,Giấy phép chính thức (ABEI - Bộ TT&TT),598/QĐ-PTTH&TTĐT,valid,https://giayphep.abei.gov.vn/
mogi.vn,CÔNG TY CỔ PHẦN ĐỊNH ANH,GIẤY PHÉP CUNG CẤP DỊCH VỤ MẠNG XÃ HỘI,2019-10-11,Giấy phép chính thức (ABEI - Bộ TT&TT),429/GP-BTTTT,valid,https://giayphep.abei.gov.vn/
moitruong24h.vn,HỘI BẢO VỆ THIÊN NHIÊN VÀ MÔI TRƯỜNG VIỆT NAM,GIẤY PHÉP THIẾT LẬP TRANG THÔNG TIN ĐIỆN TỬ TỔNG HỢP,2016-11-22,Giấy phép chính thức (ABEI - Bộ TT&TT),217/GP-TTĐT,valid,https://giayphep.abei.gov.vn/
moitruongdulich.vn,TRUNG TÂM THÔNG TIN DU LỊCH,GIẤY PHÉP THIẾT LẬP TRANG THÔNG TIN ĐIỆN TỬ TỔNG HỢP,2020-05-29,Giấy phép chính thức (ABEI - Bộ TT&TT),78/GP-TTĐT,invalid,https://giayphep.abei.gov.vn/
moitruongvadoisong.vn,TẠP CHÍ RỪNG VÀ MÔI TRƯỜNG,GIẤY PHÉP THIẾT LẬP TRANG THÔNG TIN ĐIỆN TỬ TỔNG HỢP,2015-09-23,Giấy phép chính thức (ABEI - Bộ TT&TT),142/GPSĐBS-TTĐT,invalid,https://giayphep.abei.gov.vn/
moitruongvasuckhoe.vn,TẠP CHÍ MÔI TRƯỜNG VÀ SỨC KHỎE,GIẤY PHÉP THIẾT LẬP TRANG THÔNG TIN ĐIỆN TỬ TỔNG HỢP,2013-05-15,Giấy phép chính thức (ABEI - Bộ TT&TT),65/GP-TTĐT,invalid,https://giayphep.abei.gov.vn/
moitruongvaxahoi.vn,TẠP CHÍ MÔI TRƯỜNG VÀ XÃ HỘI,GIẤY PHÉP THIẾT LẬP TRANG THÔNG TIN ĐIỆN TỬ TỔNG HỢP,2018-05-10,Giấy phép chính thức (ABEI - Bộ TT&TT),114/GP-TTĐT,invalid,https://giayphep.abei.gov.vn/
moitsciencetech.vn,VỤ KHOA HỌC VÀ CÔNG NGHỆ,GIẤY PHÉP THIẾT LẬP TRANG THÔNG TIN ĐIỆN TỬ TỔNG HỢP,2018-11-23,Giấy phép chính thức (ABEI - Bộ TT&TT),296/GP-TTĐT,invalid,https://giayphep.abei.gov.vn/
molap.vn,CÔNG TY CỔ PHẦN CÔNG NGHỆ VÀ TRUYỀN THÔNG AIV GROUP,GIẤY PHÉP CUNG CẤP DỊCH VỤ MẠNG XÃ HỘI,2020-09-16,Giấy phép chính thức (ABEI - Bộ TT&TT),396/GP-BTTTT,valid,https://giayphep.abei.gov.vn/
mong.mobo.vn,CÔNG TY CỔ PHẦN GIẢI TRÍ DI ĐỘNG,QUYẾT ĐỊNH PHÁT HÀNH TRÒ CHƠI ĐIỆN TỬ G1 TRÊN MẠNG,2016-12-01,Giấy phép chính thức (ABEI - Bộ TT&TT),2139/QĐ-BTTTT,invalid,https://giayphep.abei.gov.vn/
mongao.mgol.vn,CÔNG TY TNHH PHẦN MỀM MGOL,QUYẾT ĐỊNH PHÁT HÀNH TRÒ CHƠI ĐIỆN TỬ G1 TRÊN MẠNG,2023-08-29,Giấy phép chính thức (ABEI - Bộ TT&TT),1673/QĐ-BTTTT,valid,https://giayphep.abei.gov.vn/
mongaotutien.vn,CÔNG TY TNHH SOHA,QUYẾT ĐỊNH PHÁT HÀNH TRÒ CHƠI ĐIỆN TỬ G1 TRÊN MẠNG,2020-06-30,Giấy phép chính thức (ABEI - Bộ TT&TT),1079 /QĐ-BTTTT,valid,https://giayphep.abei.gov.vn/
mongbavuong.com.vn,CÔNG TY CỔ PHẦN VTC DỊCH VỤ DI ĐỘNG,QUYẾT ĐỊNH PHÁT HÀNH TRÒ CHƠI ĐIỆN TỬ G1 TRÊN MẠNG,2017-01-17,Giấy phép chính thức (ABEI - Bộ TT&TT),58/QĐ-BTTTT,invalid,https://giayphep.abei.gov.vn/
mongbavuong.vn,CÔNG TY CỔ PHẦN SKYWAY,QUYẾT ĐỊNH PHÁT HÀNH TRÒ CHƠI ĐIỆN TỬ G1 TRÊN MẠNG,2021-05-26,Giấy phép chính thức (ABEI - Bộ TT&TT),714/QĐ-BTTTT,invalid,https://giayphep.abei.gov.vn/
mongchienquoc.sonhaigame.com,CÔNG TY CỔ PHẦN GIẢI TRÍ SƠN HẢI GAME,QUYẾT ĐỊNH PHÁT HÀNH TRÒ CHƠI ĐIỆN TỬ G1 TRÊN MẠNG,2020-11-11,Giấy phép chính thức (ABEI - Bộ TT&TT),1928/QĐ-BTTTT,valid,https://giayphep.abei.gov.vn/
mongchiton.vn,Công Ty Cổ phần Tepaylink,QUYẾT ĐỊNH PHÁT HÀNH TRÒ CHƠI ĐIỆN TỬ G1 TRÊN MẠNG,2025-07-31,Giấy phép chính thức (ABEI - Bộ TT&TT),336/QĐ-PTTH&TTĐT,valid,https://giayphep.abei.gov.vn/
monggiangson.vn,CÔNG TY CỔ PHẦN FUNTAP,QUYẾT ĐỊNH PHÁT HÀNH TRÒ CHƠI ĐIỆN TỬ G1 TRÊN MẠNG,2019-03-04,Giấy phép chính thức (ABEI - Bộ TT&TT),243/QĐ-BTTTT,invalid,https://giayphep.abei.gov.vn/
monghaitac.vn,CÔNG TY TNHH SOHA,QUYẾT ĐỊNH PHÁT HÀNH TRÒ CHƠI ĐIỆN TỬ G1 TRÊN MẠNG,2020-09-04,Giấy phép chính thức (ABEI - Bộ TT&TT),1514 /QĐ-BTTTT,valid,https://giayphep.abei.gov.vn/
monghuyenphitien.esgame.vn,CÔNG TY CỔ PHẦN ĐẦU TƯ & CÔNG NGHỆ MCORP,QUYẾT ĐỊNH PHÁT HÀNH TRÒ CHƠI ĐIỆN TỬ G1 TRÊN MẠNG,2020-01-17,Giấy phép chính thức (ABEI - Bộ TT&TT),88/QĐ-BTTTT,valid,https://giayphep.abei.gov.vn/
mongkiem.playfun.vn,CÔNG TY CỔ PHẦN FUNTAP,QUYẾT ĐỊNH PHÁT HÀNH TRÒ CHƠI ĐIỆN TỬ G1 TRÊN MẠNG,2022-09-30,Giấy phép chính thức (ABEI - Bộ TT&TT),1840/QĐ-BTTTT,valid,https://giayphep.abei.gov.vn/
mongkiem.vn,CÔNG TY TNHH SOHA,QUYẾT ĐỊNH PHÁT HÀNH TRÒ CHƠI ĐIỆN TỬ G1 TRÊN MẠNG,2019-07-09,Giấy phép chính thức (ABEI - Bộ TT&TT),1057 /QĐ-BTTTT,valid,https://giayphep.abei.gov.vn/
mongkiemhiep.mobi,CÔNG TY CỔ PHẦN MOBIZ,QUYẾT ĐỊNH PHÁT HÀNH TRÒ CHƠI ĐIỆN TỬ G1 TRÊN MẠNG,2018-07-05,Giấy phép chính thức (ABEI - Bộ TT&TT),1056/QĐ-BTTTT,valid,https://giayphep.abei.gov.vn/
mongkiemtieudao.vgplay.vn,CÔNG TY CỔ PHẦN VGP,QUYẾT ĐỊNH PHÁT HÀNH TRÒ CHƠI ĐIỆN TỬ G1 TRÊN MẠNG,2024-02-06,Giấy phép chính thức (ABEI - Bộ TT&TT),158/QĐ-BTTTT,valid,https://giayphep.abei.gov.vn/
mongkiemvuong.vn,CÔNG TY TNHH SOHA,QUYẾT ĐỊNH PHÁT HÀNH TRÒ CHƠI ĐIỆN TỬ G1 TRÊN MẠNG,2018-08-01,Giấy phép chính thức (ABEI - Bộ TT&TT),1282/QĐ-BTTTT,valid,https://giayphep.abei.gov.vn/
mongsonha.vn,CÔNG TY TNHH CÔNG NGHỆ AIOGAME,QUYẾT ĐỊNH PHÁT HÀNH TRÒ CHƠI ĐIỆN TỬ G1 TRÊN MẠNG,2026-07-16,Giấy phép chính thức (ABEI - Bộ TT&TT),420/QĐ-PTTH&TTĐT,valid,https://giayphep.abei.gov.vn/
mongtrutien.kul.vn,CÔNG TY CỔ PHẦN TRỰC TUYẾN CMN VIỆT NAM,QUYẾT ĐỊNH PHÁT HÀNH TRÒ CHƠI ĐIỆN TỬ G1 TRÊN MẠNG,2019-01-04,Giấy phép chính thức (ABEI - Bộ TT&TT),06/QĐ-BTTTT,valid,https://giayphep.abei.gov.vn/
monkey.gamota.com,CÔNG TY CỔ PHẦN GAMOTA,QUYẾT ĐỊNH PHÁT HÀNH TRÒ CHƠI ĐIỆN TỬ G1 TRÊN MẠNG,2025-01-24,Giấy phép chính thức (ABEI - Bộ TT&TT),112/QĐ-BTTTT,valid,https://giayphep.abei.gov.vn/
most.gov.vn,"BỘ VĂN HÓA, THỂ THAO VÀ DU LỊCH",GIẤY PHÉP THIẾT LẬP TRANG THÔNG TIN ĐIỆN TỬ TỔNG HỢP,2015-11-12,Giấy phép chính thức (ABEI - Bộ TT&TT),158/GP-TTĐT,invalid,https://giayphep.abei.gov.vn/
mountainlake.vn,CÔNG TY TNHH MOUNTAIN LAKE,QUYẾT ĐỊNH PHÁT HÀNH TRÒ CHƠI ĐIỆN TỬ G1 TRÊN MẠNG,2022-04-25,Giấy phép chính thức (ABEI - Bộ TT&TT),761 /QĐ-BTTTT,valid,https://giayphep.abei.gov.vn/
msrson.rustargames.vn,CÔNG TY CỔ PHẦN WETAPS,QUYẾT ĐỊNH PHÁT HÀNH TRÒ CHƠI ĐIỆN TỬ G1 TRÊN MẠNG,2023-11-06,Giấy phép chính thức (ABEI - Bộ TT&TT),2143/QĐ-BTTTT,valid,https://giayphep.abei.gov.vn/
mt3q.gosu.vn,CÔNG TY CỔ PHẦN TRỰC TUYẾN GOSU,QUYẾT ĐỊNH PHÁT HÀNH TRÒ CHƠI ĐIỆN TỬ G1 TRÊN MẠNG,2019-03-25,Giấy phép chính thức (ABEI - Bộ TT&TT),360/QĐ-BTTTT,invalid,https://giayphep.abei.gov.vn/
mtfgroup.vn,CÔNG TY TNHH MTF GROUP ,QUYẾT ĐỊNH PHÁT HÀNH TRÒ CHƠI ĐIỆN TỬ G1 TRÊN MẠNG,2026-01-10,Giấy phép chính thức (ABEI - Bộ TT&TT),11/QĐ-PTTH&TTĐT,valid,https://giayphep.abei.gov.vn/
mthx.zoneplay.vn,CÔNG TY CỔ PHẦN GZONE MEDIA VIỆT NAM,QUYẾT ĐỊNH PHÁT HÀNH TRÒ CHƠI ĐIỆN TỬ G1 TRÊN MẠNG,2024-05-31,Giấy phép chính thức (ABEI - Bộ TT&TT),892/QĐ-BTTTT,valid,https://giayphep.abei.gov.vn/
mtk.thienthuonghoa.com,CÔNG TY CỔ PHẦN GIẢI TRÍ THIÊN THƯỢNG HỎA,QUYẾT ĐỊNH PHÁT HÀNH TRÒ CHƠI ĐIỆN TỬ G1 TRÊN MẠNG,2021-10-06,Giấy phép chính thức (ABEI - Bộ TT&TT),1520/QĐ-BTTTT,valid,https://giayphep.abei.gov.vn/
mtt.zoneplay.vn,CÔNG TY TNHH GZONE MEDIA VIỆT NAM,QUYẾT ĐỊNH PHÁT HÀNH TRÒ CHƠI ĐIỆN TỬ G1 TRÊN MẠNG,2020-12-29,Giấy phép chính thức (ABEI - Bộ TT&TT),2335/QĐ-BTTTT,valid,https://giayphep.abei.gov.vn/
mttq.playfun.vn,CÔNG TY CỔ PHẦN FUNTAP,QUYẾT ĐỊNH PHÁT HÀNH TRÒ CHƠI ĐIỆN TỬ G1 TRÊN MẠNG,2020-05-08,Giấy phép chính thức (ABEI - Bộ TT&TT),785 /QĐ-BTTTT,valid,https://giayphep.abei.gov.vn/
mu.360game.vn,CÔNG TY CỔ PHẦN VNG,QUYẾT ĐỊNH PHÁT HÀNH TRÒ CHƠI ĐIỆN TỬ G1 TRÊN MẠNG,2016-05-06,Giấy phép chính thức (ABEI - Bộ TT&TT),717/QĐ-BTTTT,invalid,https://giayphep.abei.gov.vn/
mu.vsgaming.vn,CÔNG TY CỔ PHẦN VISION GAME,QUYẾT ĐỊNH PHÁT HÀNH TRÒ CHƠI ĐIỆN TỬ G1 TRÊN MẠNG,2023-06-20,Giấy phép chính thức (ABEI - Bộ TT&TT),1077/QĐ-BTTTT,valid,https://giayphep.abei.gov.vn/
mu3.vn,CÔNG TY CỔ PHẦN SOLAPLAY,QUYẾT ĐỊNH PHÁT HÀNH TRÒ CHƠI ĐIỆN TỬ G1 TRÊN MẠNG,2022-06-13,Giấy phép chính thức (ABEI - Bộ TT&TT),1073/QĐ-BTTTT,valid,https://giayphep.abei.gov.vn/
mua.thienthuonghoa.com,CÔNG TY CỔ PHẦN GIẢI TRÍ THIÊN THƯỢNG HỎA,QUYẾT ĐỊNH PHÁT HÀNH TRÒ CHƠI ĐIỆN TỬ G1 TRÊN MẠNG,2020-12-29,Giấy phép chính thức (ABEI - Bộ TT&TT),2334/QĐ-BTTTT,valid,https://giayphep.abei.gov.vn/
mua.vnggames.com,CÔNG TY CỔ PHẦN TẬP ĐOÀN VNG,QUYẾT ĐỊNH PHÁT HÀNH TRÒ CHƠI ĐIỆN TỬ G1 TRÊN MẠNG,2025-12-09,Giấy phép chính thức (ABEI - Bộ TT&TT),548/QĐ-PTTH&TTĐT,valid,https://giayphep.abei.gov.vn/
mua.zing.vn,CÔNG TY CỔ PHẦN VNG,QUYẾT ĐỊNH PHÁT HÀNH TRÒ CHƠI ĐIỆN TỬ G1 TRÊN MẠNG,2018-11-02,Giấy phép chính thức (ABEI - Bộ TT&TT),1770/QĐ-BTTTT,invalid,https://giayphep.abei.gov.vn/
muabandiaoc.vn,CÔNG TY TNHH CÔNG NGHỆ TRỰC TUYẾN NGUYÊN GIA,GIẤY PHÉP THIẾT LẬP TRANG THÔNG TIN ĐIỆN TỬ TỔNG HỢP,2013-06-11,Giấy phép chính thức (ABEI - Bộ TT&TT),73/GP-TTĐT,invalid,https://giayphep.abei.gov.vn/
muagannha.vn,CÔNG TY CỔ PHẦN CÔNG NGHỆ TK 25,GIẤY PHÉP CUNG CẤP DỊCH VỤ MẠNG XÃ HỘI,2021-07-21,Giấy phép chính thức (ABEI - Bộ TT&TT),468/GP-BTTTT,valid,https://giayphep.abei.gov.vn/
muasamxe.vn,CÔNG TY TNHH SẢN XUẤT VÀ KINH DOANH NỘI DUNG SỐ DIGICON,GIẤY PHÉP CUNG CẤP DỊCH VỤ MẠNG XÃ HỘI,2019-09-30,Giấy phép chính thức (ABEI - Bộ TT&TT),415/GP-BTTTT,valid,https://giayphep.abei.gov.vn/
muctim.com.vn,BÁO KHĂN QUÀNG ĐỎ,GIẤY PHÉP THIẾT LẬP TRANG THÔNG TIN ĐIỆN TỬ TỔNG HỢP,2018-09-11,Giấy phép chính thức (ABEI - Bộ TT&TT),235/GP-TTĐT,invalid,https://giayphep.abei.gov.vn/
mudts.360game.vn,CÔNG TY CỔ PHẦN VNG,QUYẾT ĐỊNH PHÁT HÀNH TRÒ CHƠI ĐIỆN TỬ G1 TRÊN MẠNG,2016-04-29,Giấy phép chính thức (ABEI - Bộ TT&TT),689/QĐ-BTTTT,invalid,https://giayphep.abei.gov.vn/
muhhd.gamota.com,CÔNG TY CỔ PHẦN GAMOTA,QUYẾT ĐỊNH PHÁT HÀNH TRÒ CHƠI ĐIỆN TỬ G1 TRÊN MẠNG,2025-07-30,Giấy phép chính thức (ABEI - Bộ TT&TT),333/QĐ-PTTH&TTĐT,valid,https://giayphep.abei.gov.vn/
mukbangtamquoc.vplay.vn,CÔNG TY CỔ PHẦN TRUYỀN HÌNH TƯƠNG TÁC VIỆT NAM,QUYẾT ĐỊNH PHÁT HÀNH TRÒ CHƠI ĐIỆN TỬ G1 TRÊN MẠNG,2025-01-17,Giấy phép chính thức (ABEI - Bộ TT&TT),58/QĐ-BTTTT,valid,https://giayphep.abei.gov.vn/
mukytich.playfun.vn,CÔNG TY CỔ PHẦN FUNTAP,QUYẾT ĐỊNH PHÁT HÀNH TRÒ CHƠI ĐIỆN TỬ G1 TRÊN MẠNG,2021-06-09,Giấy phép chính thức (ABEI - Bộ TT&TT),785 /QĐ-BTTTT,valid,https://giayphep.abei.gov.vn/
mulegend.vn,CÔNG TY CỔ PHẦN VTC DỊCH VỤ DI ĐỘNG,QUYẾT ĐỊNH PHÁT HÀNH TRÒ CHƠI ĐIỆN TỬ G1 TRÊN MẠNG,2025-11-21,Giấy phép chính thức (ABEI - Bộ TT&TT),523/QĐ-PTTH&TTĐT,valid,https://giayphep.abei.gov.vn/
mulucdia.vnggames.com,CÔNG TY CỔ PHẦN TẬP ĐOÀN VNG,QUYẾT ĐỊNH PHÁT HÀNH TRÒ CHƠI ĐIỆN TỬ G1 TRÊN MẠNG,2025-07-17,Giấy phép chính thức (ABEI - Bộ TT&TT),323/QĐ-PTTH&TTĐT,valid,https://giayphep.abei.gov.vn/
muonline.360game.vn,CÔNG TY CỔ PHẦN VNG,QUYẾT ĐỊNH PHÁT HÀNH TRÒ CHƠI ĐIỆN TỬ G1 TRÊN MẠNG,2017-10-12,Giấy phép chính thức (ABEI - Bộ TT&TT),1729/QĐ-BTTTT,invalid,https://giayphep.abei.gov.vn/
muorigin.com,CÔNG TY CỔ PHẦN PHẦN MỀM HY VỌNG,QUYẾT ĐỊNH PHÁT HÀNH TRÒ CHƠI ĐIỆN TỬ G1 TRÊN MẠNG,2017-10-18,Giấy phép chính thức (ABEI - Bộ TT&TT),1781/QĐ-BTTTT,valid,https://giayphep.abei.gov.vn/
muromhuyenthoai.vn,CÔNG TY CỔ PHẦN WETAPS,QUYẾT ĐỊNH PHÁT HÀNH TRÒ CHƠI ĐIỆN TỬ G1 TRÊN MẠNG,2024-05-31,Giấy phép chính thức (ABEI - Bộ TT&TT),890/QĐ-BTTTT,valid,https://giayphep.abei.gov.vn/
mus.zing.vn,CÔNG TY TNHH TRUYỀN THÔNG MINH PHƯƠNG THỊNH,QUYẾT ĐỊNH PHÁT HÀNH TRÒ CHƠI ĐIỆN TỬ G1 TRÊN MẠNG,2018-06-29,Giấy phép chính thức (ABEI - Bộ TT&TT),1005/QĐ-BTTTT,valid,https://giayphep.abei.gov.vn/
muvh.vn,CÔNG TY CỔ PHẦN GIẢI TRÍ TRỰC TUYẾN 3T,QUYẾT ĐỊNH PHÁT HÀNH TRÒ CHƠI ĐIỆN TỬ G1 TRÊN MẠNG,2025-11-14,Giấy phép chính thức (ABEI - Bộ TT&TT),514/QĐ-PTTH&TTĐT,valid,https://giayphep.abei.gov.vn/
muvi.vn,CÔNG TY CỔ PHẦN DỊCH VỤ VÀ TRUYỀN THÔNG NAM VIỆT,GIẤY PHÉP CUNG CẤP DỊCH VỤ MẠNG XÃ HỘI,2020-11-17,Giấy phép chính thức (ABEI - Bộ TT&TT),529/GP-BTTTT,valid,https://giayphep.abei.gov.vn/
muvinhdu.vn,CÔNG TY CỔ PHẦN PHÁT TRIỂN CÔNG NGHỆ SỐ HỒNG HÀ,QUYẾT ĐỊNH PHÁT HÀNH TRÒ CHƠI ĐIỆN TỬ G1 TRÊN MẠNG,2021-08-30,Giấy phép chính thức (ABEI - Bộ TT&TT),1328/QĐ-BTTTT,valid,https://giayphep.abei.gov.vn/
muvn.gate.vn,CÔNG TY CỔ PHẦN GIẢI TRÍ DI ĐỘNG,QUYẾT ĐỊNH PHÁT HÀNH TRÒ CHƠI ĐIỆN TỬ G1 TRÊN MẠNG,2017-05-18,Giấy phép chính thức (ABEI - Bộ TT&TT),734/QĐ-BTTTT,invalid,https://giayphep.abei.gov.vn/
muvtd.funtap.games,CÔNG TY CỔ PHẦN FUNTAP GAMES,QUYẾT ĐỊNH PHÁT HÀNH TRÒ CHƠI ĐIỆN TỬ G1 TRÊN MẠNG,2026-07-07,Giấy phép chính thức (ABEI - Bộ TT&TT),402/QĐ-PTTH&TTĐT,valid,https://giayphep.abei.gov.vn/
muvtd.vn,CÔNG TY CỔ PHẦN PHÁT TRIỂN CÔNG NGHỆ SỐ HỒNG HÀ,QUYẾT ĐỊNH PHÁT HÀNH TRÒ CHƠI ĐIỆN TỬ G1 TRÊN MẠNG,2020-11-04,Giấy phép chính thức (ABEI - Bộ TT&TT),1876/QĐ-BTTTT,invalid,https://giayphep.abei.gov.vn/
mvg.vn,CÔNG TY TNHH MYG,QUYẾT ĐỊNH PHÁT HÀNH TRÒ CHƠI ĐIỆN TỬ G1 TRÊN MẠNG,2017-11-09,Giấy phép chính thức (ABEI - Bộ TT&TT),1938/QĐ-BTTTT,valid,https://giayphep.abei.gov.vn/
mvicall-viettel.vn,CÔNG TY CỔ PHẦN ADON VIỆT NAM,GIẤY PHÉP CUNG CẤP DỊCH VỤ MẠNG XÃ HỘI,2020-06-18,Giấy phép chính thức (ABEI - Bộ TT&TT),259/GP-BTTTT,valid,https://giayphep.abei.gov.vn/
mwinpro.com.vn,TỔNG CÔNG TY TRUYỀN THÔNG (VNPT),GIẤY PHÉP CUNG CẤP DỊCH VỤ MẠNG XÃ HỘI,2017-04-20,Giấy phép chính thức (ABEI - Bộ TT&TT),171/GP-BTTTT,invalid,https://giayphep.abei.gov.vn/
mwinpro.vn,TỔNG CÔNG TY TRUYỀN THÔNG (VNPT) ,GIẤY PHÉP CUNG CẤP DỊCH VỤ MẠNG XÃ HỘI,2026-01-27,Giấy phép chính thức (ABEI - Bộ TT&TT),09/GP-BVHTTDL,valid,https://giayphep.abei.gov.vn/
mycafe.vtcgame.vn,CÔNG TY VTC CÔNG NGHỆ VÀ NỘI DUNG SỐ,"GIẤY XÁC NHẬN THÔNG BÁO PHÁT HÀNH TRÒ CHƠI ĐIỆN TỬ G2,G3,G4",2022-04-05,Giấy phép chính thức (ABEI - Bộ TT&TT),28/GXN-PTTH&TTĐT,valid,https://giayphep.abei.gov.vn/
myclip.com.vn,TỔNG CÔNG TY VIỄN THÔNG VIETTEL,GIẤY PHÉP CUNG CẤP DỊCH VỤ MẠNG XÃ HỘI,2019-01-08,Giấy phép chính thức (ABEI - Bộ TT&TT),12/GP-BTTTT,valid,https://giayphep.abei.gov.vn/
myclip.vn,TỔNG CÔNG TY VIỄN THÔNG VIETTEL,GIẤY PHÉP CUNG CẤP DỊCH VỤ MẠNG XÃ HỘI,2019-01-08,Giấy phép chính thức (ABEI - Bộ TT&TT),12/GP-BTTTT,valid,https://giayphep.abei.gov.vn/
myfilm.vn,CÔNG TY CỔ PHẦN ĐẦU TƯ CÔNG NGHỆ THÀNH ĐẠT,GIẤY PHÉP CUNG CẤP DỊCH VỤ MẠNG XÃ HỘI,2017-09-05,Giấy phép chính thức (ABEI - Bộ TT&TT),419/GP-BTTTT,valid,https://giayphep.abei.gov.vn/
myfish.zingplay.com,Công ty TNHH ZingPlay Việt Nam,QUYẾT ĐỊNH PHÁT HÀNH TRÒ CHƠI ĐIỆN TỬ G1 TRÊN MẠNG,2026-03-12,Giấy phép chính thức (ABEI - Bộ TT&TT),127/QĐ-PTTH&TTĐT,valid,https://giayphep.abei.gov.vn/
myg.vn,CÔNG TY TNHH MYG ,QUYẾT ĐỊNH PHÁT HÀNH TRÒ CHƠI ĐIỆN TỬ G1 TRÊN MẠNG,2026-03-13,Giấy phép chính thức (ABEI - Bộ TT&TT),131/QĐ-PTTH&TTĐT,valid,https://giayphep.abei.gov.vn/
mygame.vn,TỔNG CÔNG TY VIỄN THÔNG VIETTEL,GIẤY PHÉP CUNG CẤP DỊCH VỤ MẠNG XÃ HỘI,2020-09-30,Giấy phép chính thức (ABEI - Bộ TT&TT),432/GP-BTTT,valid,https://giayphep.abei.gov.vn/
myland.game365.vn,CÔNG TY CỔ PHẦN CÔNG NGHỆ KỸ THUẬT VTECH,QUYẾT ĐỊNH PHÁT HÀNH TRÒ CHƠI ĐIỆN TỬ G1 TRÊN MẠNG,2024-01-02,Giấy phép chính thức (ABEI - Bộ TT&TT),01/QĐ-BTTTT,valid,https://giayphep.abei.gov.vn/
mynhanngu.vn,CÔNG TY CỔ PHẦN DỊCH VỤ DI ĐỘNG CMN,QUYẾT ĐỊNH PHÁT HÀNH TRÒ CHƠI ĐIỆN TỬ G1 TRÊN MẠNG,2019-07-18,Giấy phép chính thức (ABEI - Bộ TT&TT),1089/QĐ-BTTTT,valid,https://giayphep.abei.gov.vn/
mynhantamquoc.vn,CÔNG TY TNHH SOHA,QUYẾT ĐỊNH PHÁT HÀNH TRÒ CHƠI ĐIỆN TỬ G1 TRÊN MẠNG,2022-06-13,Giấy phép chính thức (ABEI - Bộ TT&TT),1075/QĐ-BTTTT,valid,https://giayphep.abei.gov.vn/
mynu.vntac.vn,CÔNG TY CỔ PHẦN VIỆT NAM TACTIC,QUYẾT ĐỊNH PHÁT HÀNH TRÒ CHƠI ĐIỆN TỬ G1 TRÊN MẠNG,2020-01-21,Giấy phép chính thức (ABEI - Bộ TT&TT),116/QĐ-BTTTT,valid,https://giayphep.abei.gov.vn/
mytvmobile.com.vn,TỔNG CÔNG TY TRUYỀN THÔNG (VNPT),GIẤY PHÉP CUNG CẤP DỊCH VỤ MẠNG XÃ HỘI,2017-04-20,Giấy phép chính thức (ABEI - Bộ TT&TT),170/GP-BTTTT,valid,https://giayphep.abei.gov.vn/
mytvmobile.vn,TỔNG CÔNG TY TRUYỀN THÔNG (VNPT),GIẤY PHÉP CUNG CẤP DỊCH VỤ MẠNG XÃ HỘI,2017-04-20,Giấy phép chính thức (ABEI - Bộ TT&TT),170/GP-BTTTT,valid,https://giayphep.abei.gov.vn/
n9.com.vn,CÔNG TY TNHH GIẢI TRÍ N9,QUYẾT ĐỊNH PHÁT HÀNH TRÒ CHƠI ĐIỆN TỬ G1 TRÊN MẠNG,2019-11-19,Giấy phép chính thức (ABEI - Bộ TT&TT),1968  /QĐ-BTTTT,valid,https://giayphep.abei.gov.vn/
na.360game.vn,CÔNG TY TNHH TRUYỀN THÔNG MINH PHƯƠNG THỊNH,QUYẾT ĐỊNH PHÁT HÀNH TRÒ CHƠI ĐIỆN TỬ G1 TRÊN MẠNG,2016-06-16,Giấy phép chính thức (ABEI - Bộ TT&TT),1044/QĐ-BTTTT,valid,https://giayphep.abei.gov.vn/
na.gaba.vn,CÔNG TY CỔ PHẦN TRÒ CHƠI VEGA,QUYẾT ĐỊNH PHÁT HÀNH TRÒ CHƠI ĐIỆN TỬ G1 TRÊN MẠNG,2017-04-14,Giấy phép chính thức (ABEI - Bộ TT&TT),534/QĐ-BTTTT,valid,https://giayphep.abei.gov.vn/
na.gov.vn,VĂN PHÒNG QUỐC HỘI,GIẤY PHÉP THIẾT LẬP TRANG THÔNG TIN ĐIỆN TỬ TỔNG HỢP,2015-03-12,Giấy phép chính thức (ABEI - Bộ TT&TT),18/GP-TTĐT,invalid,https://giayphep.abei.gov.vn/
na2.gaba.vn,CÔNG TY CỔ PHẦN TRÒ CHƠI VEGA,QUYẾT ĐỊNH PHÁT HÀNH TRÒ CHƠI ĐIỆN TỬ G1 TRÊN MẠNG,2018-10-01,Giấy phép chính thức (ABEI - Bộ TT&TT),1587/QĐ-BTTTT,valid,https://giayphep.abei.gov.vn/
nahi.vn,CÔNG TY CỔ PHẦN NAHI,GIẤY PHÉP CUNG CẤP DỊCH VỤ MẠNG XÃ HỘI,2017-01-23,Giấy phép chính thức (ABEI - Bộ TT&TT),44/GP-BTTTT,valid,https://giayphep.abei.gov.vn/
namdinh.gov.vn,SỞ THÔNG TIN VÀ TRUYỀN THÔNG NAM ĐỊNH,GIẤY PHÉP THIẾT LẬP TRANG THÔNG TIN ĐIỆN TỬ TỔNG HỢP,2019-01-31,Giấy phép chính thức (ABEI - Bộ TT&TT),25/GP-TTĐT,valid,https://giayphep.abei.gov.vn/
namlungo.vn,CÔNG TY CỔ PHẦN GIẢI TRÍ TRỰC TUYẾN KAN,QUYẾT ĐỊNH PHÁT HÀNH TRÒ CHƠI ĐIỆN TỬ G1 TRÊN MẠNG,2025-06-27,Giấy phép chính thức (ABEI - Bộ TT&TT),295/QĐ-PTTH&TTĐT,valid,https://giayphep.abei.gov.vn/
nammekong.vn,CÔNG TY TNHH TỔ CHỨC SỰ KIỆN - DU LỊCH NAM MEKONG,GIẤY PHÉP THIẾT LẬP TRANG THÔNG TIN ĐIỆN TỬ TỔNG HỢP,2013-06-17,Giấy phép chính thức (ABEI - Bộ TT&TT),78/GP-TTĐT,invalid,https://giayphep.abei.gov.vn/
namyvasuckhoe.vn,HỘI NAM Y VIỆT NAM,GIẤY PHÉP THIẾT LẬP TRANG THÔNG TIN ĐIỆN TỬ TỔNG HỢP,2019-01-15,Giấy phép chính thức (ABEI - Bộ TT&TT),14/GP-TTĐT,valid,https://giayphep.abei.gov.vn/
nangluongvietnam.vn,TẠP CHÍ NĂNG LƯỢNG VIỆT NAM,GIẤY PHÉP THIẾT LẬP TRANG THÔNG TIN ĐIỆN TỬ TỔNG HỢP,2018-03-30,Giấy phép chính thức (ABEI - Bộ TT&TT),66/GP-TTĐT,valid,https://giayphep.abei.gov.vn/
naokiem.sohagame.vn,CÔNG TY CỔ PHẦN VCCORP,QUYẾT ĐỊNH PHÁT HÀNH TRÒ CHƠI ĐIỆN TỬ G1 TRÊN MẠNG,2017-11-13,Giấy phép chính thức (ABEI - Bộ TT&TT),1968/QĐ-BTTTT,invalid,https://giayphep.abei.gov.vn/
naraka.vnggames.com,Công ty TNHH VNGGames,QUYẾT ĐỊNH PHÁT HÀNH TRÒ CHƠI ĐIỆN TỬ G1 TRÊN MẠNG,2025-11-14,Giấy phép chính thức (ABEI - Bộ TT&TT),511/QĐ-PTTH&TTĐT,valid,https://giayphep.abei.gov.vn/
naruto.360game.vn,CÔNG TY TNHH TRUYỀN THÔNG MINH PHƯƠNG THỊNH,QUYẾT ĐỊNH PHÁT HÀNH TRÒ CHƠI ĐIỆN TỬ G1 TRÊN MẠNG,2019-07-18,Giấy phép chính thức (ABEI - Bộ TT&TT),1095/QĐ-BTTTT,valid,https://giayphep.abei.gov.vn/
naruto.568play.vn,CÔNG TY CỔ PHẦN GIẢI TRÍ 568E ,QUYẾT ĐỊNH PHÁT HÀNH TRÒ CHƠI ĐIỆN TỬ G1 TRÊN MẠNG,2025-06-20,Giấy phép chính thức (ABEI - Bộ TT&TT),270/QĐ-PTTH&TTĐT,valid,https://giayphep.abei.gov.vn/
naruto.choi.vn,CÔNG TY CỔ PHẦN GIẢI TRÍ VGG,QUYẾT ĐỊNH PHÁT HÀNH TRÒ CHƠI ĐIỆN TỬ G1 TRÊN MẠNG,2017-09-06,Giấy phép chính thức (ABEI - Bộ TT&TT),1489/QĐ-BTTTT,valid,https://giayphep.abei.gov.vn/
narutoh5.360game.vn,CÔNG TY TNHH GIẢI TRÍ LONG ĐỈNH,QUYẾT ĐỊNH PHÁT HÀNH TRÒ CHƠI ĐIỆN TỬ G1 TRÊN MẠNG,2018-07-11,Giấy phép chính thức (ABEI - Bộ TT&TT),1155/QĐ-BTTTT,valid,https://giayphep.abei.gov.vn/
narutoslugfest.gamota.com,CÔNG TY CỔ PHẦN GAMOTA,QUYẾT ĐỊNH PHÁT HÀNH TRÒ CHƠI ĐIỆN TỬ G1 TRÊN MẠNG,2020-05-14,Giấy phép chính thức (ABEI - Bộ TT&TT),801/QĐ-BTTTT,valid,https://giayphep.abei.gov.vn/
natranaohai.alogame.vn,CÔNG TY CỔ PHẦN CÔNG NGHỆ SỐ ALO ,QUYẾT ĐỊNH PHÁT HÀNH TRÒ CHƠI ĐIỆN TỬ G1 TRÊN MẠNG,2026-02-13,Giấy phép chính thức (ABEI - Bộ TT&TT),98/QĐ-PTTH&TTĐT,valid,https://giayphep.abei.gov.vn/
nature.com.vn,TRUNG TÂM CON NGƯỜI VÀ THIÊN NHIÊN,GIẤY PHÉP THIẾT LẬP TRANG THÔNG TIN ĐIỆN TỬ TỔNG HỢP,2017-10-18,Giấy phép chính thức (ABEI - Bộ TT&TT),313/GP-TTĐT,invalid,https://giayphep.abei.gov.vn/
nawapi.gov.vn,TRUNG TÂM QUY HOẠCH VÀ ĐIỀU TRA TÀI NGUYÊN NƯỚC QUỐC GIA,GIẤY PHÉP THIẾT LẬP TRANG THÔNG TIN ĐIỆN TỬ TỔNG HỢP,2021-12-29,Giấy phép chính thức (ABEI - Bộ TT&TT),201/GP-TTĐT,valid,https://giayphep.abei.gov.vn/
nbca.gov.vn,CỤC BẢO TỒN THIÊN NHIÊN VÀ ĐA DẠNG SINH HỌC,GIẤY PHÉP THIẾT LẬP TRANG THÔNG TIN ĐIỆN TỬ TỔNG HỢP,2023-04-24,Giấy phép chính thức (ABEI - Bộ TT&TT),57/GP-TTĐT,valid,https://giayphep.abei.gov.vn/
nbca.monre.gov.vn,CỤC BẢO TỒN THIÊN NHIÊN VÀ ĐA DẠNG SINH HỌC,GIẤY PHÉP THIẾT LẬP TRANG THÔNG TIN ĐIỆN TỬ TỔNG HỢP,2023-04-24,Giấy phép chính thức (ABEI - Bộ TT&TT),57/GP-TTĐT,valid,https://giayphep.abei.gov.vn/
nbtv.vn,ĐÀI PHÁT THANH VÀ TRUYỀN HÌNH NINH BÌNH,GIẤY PHÉP THIẾT LẬP TRANG THÔNG TIN ĐIỆN TỬ TỔNG HỢP,2019-08-08,Giấy phép chính thức (ABEI - Bộ TT&TT),139/GP-TTĐT,valid,https://giayphep.abei.gov.vn/
nchmf.gov.vn,TRUNG TÂM KHÍ TƯỢNG THỦY VĂN QUỐC GIA,GIẤY PHÉP THIẾT LẬP TRANG THÔNG TIN ĐIỆN TỬ TỔNG HỢP,2015-09-11,Giấy phép chính thức (ABEI - Bộ TT&TT),137/GP-TTĐT,invalid,https://giayphep.abei.gov.vn/
ncif.gov.vn,TRUNG TÂM THÔNG TIN VÀ DỰ BÁO KINH TẾ - XÃ HỘI QUỐC GIA,GIẤY PHÉP THIẾT LẬP TRANG THÔNG TIN ĐIỆN TỬ TỔNG HỢP,2016-05-26,Giấy phép chính thức (ABEI - Bộ TT&TT),51/GPSĐBS-TTĐT,invalid,https://giayphep.abei.gov.vn/
nclp.org.vn,TẠP CHÍ NGHIÊN CỨU LẬP PHÁP,GIẤY PHÉP THIẾT LẬP TRANG THÔNG TIN ĐIỆN TỬ TỔNG HỢP,2013-12-03,Giấy phép chính thức (ABEI - Bộ TT&TT),145/GP-TTĐT,invalid,https://giayphep.abei.gov.vn/
ncseif.gov.vn,TRUNG TÂM THÔNG TIN VÀ DỰ BÁO KINH TẾ - XÃ HỘI QUỐC GIA,GIẤY PHÉP THIẾT LẬP TRANG THÔNG TIN ĐIỆN TỬ TỔNG HỢP,2013-09-30,Giấy phép chính thức (ABEI - Bộ TT&TT),137/GP-TTĐT,invalid,https://giayphep.abei.gov.vn/
nct.vn,CÔNG TY CỔ PHẦN NCT,GIẤY PHÉP CUNG CẤP DỊCH VỤ MẠNG XÃ HỘI,2025-10-14,Giấy phép chính thức (ABEI - Bộ TT&TT),140/GP-BVHTTDL,valid,https://giayphep.abei.gov.vn/
ndty.mgol.vn,CÔNG TY TNHH PHẦN MỀM MGOL,QUYẾT ĐỊNH PHÁT HÀNH TRÒ CHƠI ĐIỆN TỬ G1 TRÊN MẠNG,2024-06-05,Giấy phép chính thức (ABEI - Bộ TT&TT),920/QĐ-BTTTT,valid,https://giayphep.abei.gov.vn/
netalo.vn,CÔNG TY CỔ PHẦN TECHNOLOGY CONVERGENCE CORPORATION,GIẤY PHÉP CUNG CẤP DỊCH VỤ MẠNG XÃ HỘI,2021-04-02,Giấy phép chính thức (ABEI - Bộ TT&TT),190/GP-BTTTT,valid,https://giayphep.abei.gov.vn/
netaplay.com.vn,CÔNG TY CỔ PHẦN TECHNOLOGY CONVERGENCE CORPORATION,GIẤY PHÉP CUNG CẤP DỊCH VỤ MẠNG XÃ HỘI,2021-01-29,Giấy phép chính thức (ABEI - Bộ TT&TT),67/GP-BTTTT,valid,https://giayphep.abei.gov.vn/
netaplay.vn,CÔNG TY CỔ PHẦN TECHNOLOGY CONVERGENCE CORPORATION,GIẤY PHÉP CUNG CẤP DỊCH VỤ MẠNG XÃ HỘI,2021-01-29,Giấy phép chính thức (ABEI - Bộ TT&TT),67/GP-BTTTT,valid,https://giayphep.abei.gov.vn/
netcodo.com.vn,TRUNG TÂM DỊCH VỤ BƯU CHÍNH VIỄN THÔNG ĐA PHƯƠNG TIỆN HUẾ,GIẤY PHÉP THIẾT LẬP TRANG THÔNG TIN ĐIỆN TỬ TỔNG HỢP,2013-06-24,Giấy phép chính thức (ABEI - Bộ TT&TT),85/GP-TTĐT,invalid,https://giayphep.abei.gov.vn/
netlove.com.vn,CÔNG TY CỔ PHẦN TẬP ĐOÀN MCV,GIẤY PHÉP CUNG CẤP DỊCH VỤ MẠNG XÃ HỘI,2021-01-28,Giấy phép chính thức (ABEI - Bộ TT&TT),59/GP-BTTTT,valid,https://giayphep.abei.gov.vn/
netspace.vn,Công ty Cổ phần Công nghệ & Truyền thông Không gian số ,GIẤY PHÉP CUNG CẤP DỊCH VỤ MẠNG XÃ HỘI,2026-05-25,Giấy phép chính thức (ABEI - Bộ TT&TT),93/GP-PTTH&TTĐT,valid,https://giayphep.abei.gov.vn/
netzen.com.vn,CÔNG TY TNHH TRUYỀN THÔNG NETIZEN,QUYẾT ĐỊNH PHÁT HÀNH TRÒ CHƠI ĐIỆN TỬ G1 TRÊN MẠNG,2026-02-12,Giấy phép chính thức (ABEI - Bộ TT&TT),82/QĐ-PTTH&TTĐT,valid,https://giayphep.abei.gov.vn/
neverland.giganticonline.vn,CÔNG TY CỔ PHẦN GIẢI TRÍ TRỰC TUYẾN GIGANTIC ,QUYẾT ĐỊNH PHÁT HÀNH TRÒ CHƠI ĐIỆN TỬ G1 TRÊN MẠNG,2025-04-29,Giấy phép chính thức (ABEI - Bộ TT&TT),153/QĐ-PTTH&TTĐT,valid,https://giayphep.abei.gov.vn/
news.vlive.tv,TẠP CHÍ HÀN QUỐC,GIẤY PHÉP THIẾT LẬP TRANG THÔNG TIN ĐIỆN TỬ TỔNG HỢP,2018-05-10,Giấy phép chính thức (ABEI - Bộ TT&TT),112/GP-TTĐT,invalid,https://giayphep.abei.gov.vn/
newworldtimes.vn,TẠP CHÍ THẾ GIỚI MỚI,GIẤY PHÉP THIẾT LẬP TRANG THÔNG TIN ĐIỆN TỬ TỔNG HỢP,2013-07-16,Giấy phép chính thức (ABEI - Bộ TT&TT),97/GP-TTĐT,invalid,https://giayphep.abei.gov.vn/
nexfungames.com,CÔNG TY TNHH NEXFUN,QUYẾT ĐỊNH PHÁT HÀNH TRÒ CHƠI ĐIỆN TỬ G1 TRÊN MẠNG,2024-11-19,Giấy phép chính thức (ABEI - Bộ TT&TT),2012/QĐ-BTTTT,valid,https://giayphep.abei.gov.vn/
nexfungames.vn,CÔNG TY TNHH NEXFUN ,QUYẾT ĐỊNH PHÁT HÀNH TRÒ CHƠI ĐIỆN TỬ G1 TRÊN MẠNG,2025-12-17,Giấy phép chính thức (ABEI - Bộ TT&TT),558/QĐ-PTTH&TTĐT,valid,https://giayphep.abei.gov.vn/
nfsc.gov.vn,ỦY BAN GIÁM SÁT TÀI CHÍNH QUỐC GIA,GIẤY PHÉP THIẾT LẬP TRANG THÔNG TIN ĐIỆN TỬ TỔNG HỢP,2019-12-27,Giấy phép chính thức (ABEI - Bộ TT&TT),244/GP-TTĐT,invalid,https://giayphep.abei.gov.vn/
nfvc.org.vn,QUỸ BẢO TRỢ TRẺ EM VIỆT NAM,GIẤY PHÉP THIẾT LẬP TRANG THÔNG TIN ĐIỆN TỬ TỔNG HỢP,2018-08-09,Giấy phép chính thức (ABEI - Bộ TT&TT),210/GP-TTĐT,invalid,https://giayphep.abei.gov.vn/
ngaokiem.adnxgames.vn,CÔNG TY CỔ PHẦN ADNX,QUYẾT ĐỊNH PHÁT HÀNH TRÒ CHƠI ĐIỆN TỬ G1 TRÊN MẠNG,2023-07-18,Giấy phép chính thức (ABEI - Bộ TT&TT),1309/QĐ-BTTTT,valid,https://giayphep.abei.gov.vn/
ngaokiem3d.vn,CÔNG TY CỔ PHẦN FUNTAP,QUYẾT ĐỊNH PHÁT HÀNH TRÒ CHƠI ĐIỆN TỬ G1 TRÊN MẠNG,2020-03-19,Giấy phép chính thức (ABEI - Bộ TT&TT),375 /QĐ-BTTTT,valid,https://giayphep.abei.gov.vn/
ngaokiemkyduyen.vn,CÔNG TY CỔ PHẦN FUNTAP,QUYẾT ĐỊNH PHÁT HÀNH TRÒ CHƠI ĐIỆN TỬ G1 TRÊN MẠNG,2018-01-26,Giấy phép chính thức (ABEI - Bộ TT&TT),99/QĐ-BTTTT,valid,https://giayphep.abei.gov.vn/
ngaokiemthanhvan.vn,CÔNG TY TNHH SOHA,QUYẾT ĐỊNH PHÁT HÀNH TRÒ CHƠI ĐIỆN TỬ G1 TRÊN MẠNG,2020-09-29,Giấy phép chính thức (ABEI - Bộ TT&TT),1644/QĐ-BTTTT,valid,https://giayphep.abei.gov.vn/
ngaothechivuong.mobigsme.vn,CÔNG TY CỔ PHẦN VTC DỊCH VỤ DI ĐỘNG,QUYẾT ĐỊNH PHÁT HÀNH TRÒ CHƠI ĐIỆN TỬ G1 TRÊN MẠNG,2022-12-08,Giấy phép chính thức (ABEI - Bộ TT&TT),2273/QĐ-BTTTT,invalid,https://giayphep.abei.gov.vn/
ngaothekiemthan.vn,CÔNG TY CỔ PHẦN 9PLAY,QUYẾT ĐỊNH PHÁT HÀNH TRÒ CHƠI ĐIỆN TỬ G1 TRÊN MẠNG,2021-11-05,Giấy phép chính thức (ABEI - Bộ TT&TT),1758 /QĐ-BTTTT,valid,https://giayphep.abei.gov.vn/
ngaothetamquoc.vn,CÔNG TY CỔ PHẦN DỊCH VỤ TRỰC TUYẾN MIGA,QUYẾT ĐỊNH PHÁT HÀNH TRÒ CHƠI ĐIỆN TỬ G1 TRÊN MẠNG,2021-02-05,Giấy phép chính thức (ABEI - Bộ TT&TT),151/QĐ-BTTTT,invalid,https://giayphep.abei.gov.vn/
ngaothien.gamota.com,CÔNG TY CỔ PHẦN GAMOTA,QUYẾT ĐỊNH PHÁT HÀNH TRÒ CHƠI ĐIỆN TỬ G1 TRÊN MẠNG,2018-04-20,Giấy phép chính thức (ABEI - Bộ TT&TT),577/QĐ-BTTTT,valid,https://giayphep.abei.gov.vn/
nghegiao.vn,CÔNG TY CỔ PHẦN TẬP ĐOÀN BT VIỆT NAM,GIẤY PHÉP CUNG CẤP DỊCH VỤ MẠNG XÃ HỘI,2023-10-23,Giấy phép chính thức (ABEI - Bộ TT&TT),394/GP-BTTTT,valid,https://giayphep.abei.gov.vn/
nghenhinvietnam.vn,TẠP CHÍ NGHE NHÌN KINH TẾ VIỆT NAM,GIẤY PHÉP THIẾT LẬP TRANG THÔNG TIN ĐIỆN TỬ TỔNG HỢP,2020-08-17,Giấy phép chính thức (ABEI - Bộ TT&TT),142/GP-TTĐT,valid,https://giayphep.abei.gov.vn/
nghethuatbieudien.com.vn,TẠP CHÍ NGHỆ THUẬT BIỂU DIỄN,GIẤY PHÉP THIẾT LẬP TRANG THÔNG TIN ĐIỆN TỬ TỔNG HỢP,2016-06-03,Giấy phép chính thức (ABEI - Bộ TT&TT),54/GPSĐBS-TTĐT,invalid,https://giayphep.abei.gov.vn/
nghichmenhsu.vn,CÔNG TY TNHH SOHA,QUYẾT ĐỊNH PHÁT HÀNH TRÒ CHƠI ĐIỆN TỬ G1 TRÊN MẠNG,2020-06-30,Giấy phép chính thức (ABEI - Bộ TT&TT),1077 /QĐ-BTTTT,valid,https://giayphep.abei.gov.vn/
nghichthien.vn,CÔNG TY TNHH SOHA,QUYẾT ĐỊNH PHÁT HÀNH TRÒ CHƠI ĐIỆN TỬ G1 TRÊN MẠNG,2020-09-29,Giấy phép chính thức (ABEI - Bộ TT&TT),1647 /QĐ-BTTTT,valid,https://giayphep.abei.gov.vn/
nghichthienkiemthe.vn,CÔNG TY CỔ PHẦN VTC DỊCH VỤ DI ĐỘNG,QUYẾT ĐỊNH PHÁT HÀNH TRÒ CHƠI ĐIỆN TỬ G1 TRÊN MẠNG,2020-09-15,Giấy phép chính thức (ABEI - Bộ TT&TT),1567/QĐ-BTTTT,invalid,https://giayphep.abei.gov.vn/
nghichthuyhan.vnggames.com,CÔNG TY CỔ PHẦN TẬP ĐOÀN VNG,QUYẾT ĐỊNH PHÁT HÀNH TRÒ CHƠI ĐIỆN TỬ G1 TRÊN MẠNG,2026-03-24,Giấy phép chính thức (ABEI - Bộ TT&TT),140/QĐ-PTTH&TTĐT,valid,https://giayphep.abei.gov.vn/
nghiencuulapphap.com,TẠP CHÍ NGHIÊN CỨU LẬP PHÁP,GIẤY PHÉP THIẾT LẬP TRANG THÔNG TIN ĐIỆN TỬ TỔNG HỢP,2013-12-03,Giấy phép chính thức (ABEI - Bộ TT&TT),145/GP-TTĐT,invalid,https://giayphep.abei.gov.vn/
nghiencuulapphap.com.vn,TẠP CHÍ NGHIÊN CỨU LẬP PHÁP,GIẤY PHÉP THIẾT LẬP TRANG THÔNG TIN ĐIỆN TỬ TỔNG HỢP,2013-12-03,Giấy phép chính thức (ABEI - Bộ TT&TT),145/GP-TTĐT,invalid,https://giayphep.abei.gov.vn/
nghiencuulapphap.vn,TẠP CHÍ NGHIÊN CỨU LẬP PHÁP,GIẤY PHÉP THIẾT LẬP TRANG THÔNG TIN ĐIỆN TỬ TỔNG HỢP,2013-12-03,Giấy phép chính thức (ABEI - Bộ TT&TT),145/GP-TTĐT,invalid,https://giayphep.abei.gov.vn/
ngoahoanglong.com.vn,CÔNG TY CỔ PHẦN VTC DỊCH VỤ DI ĐỘNG,QUYẾT ĐỊNH PHÁT HÀNH TRÒ CHƠI ĐIỆN TỬ G1 TRÊN MẠNG,2016-05-25,Giấy phép chính thức (ABEI - Bộ TT&TT),876/QĐ-BTTTT,invalid,https://giayphep.abei.gov.vn/
ngoahotanglong.vn,CÔNG TY CỔ PHẦN VTC DỊCH VỤ DI ĐỘNG,QUYẾT ĐỊNH PHÁT HÀNH TRÒ CHƠI ĐIỆN TỬ G1 TRÊN MẠNG,2016-05-25,Giấy phép chính thức (ABEI - Bộ TT&TT),876/QĐ-BTTTT,invalid,https://giayphep.abei.gov.vn/
ngoalong.vnggames.com,CÔNG TY CỔ PHẦN TẬP ĐOÀN VNG,QUYẾT ĐỊNH PHÁT HÀNH TRÒ CHƠI ĐIỆN TỬ G1 TRÊN MẠNG,2026-01-27,Giấy phép chính thức (ABEI - Bộ TT&TT),30/QĐ-PTTH&TTĐT,valid,https://giayphep.abei.gov.vn/
ngoalong.zagoo.vn,CÔNG TY TNHH GIẢI TRÍ LONG ĐỈNH,QUYẾT ĐỊNH PHÁT HÀNH TRÒ CHƠI ĐIỆN TỬ G1 TRÊN MẠNG,2021-08-30,Giấy phép chính thức (ABEI - Bộ TT&TT),1327/QĐ-BTTTT,valid,https://giayphep.abei.gov.vn/
ngoalongdaichien.vn,CÔNG TY TNHH SOHA,QUYẾT ĐỊNH PHÁT HÀNH TRÒ CHƠI ĐIỆN TỬ G1 TRÊN MẠNG,2018-07-06,Giấy phép chính thức (ABEI - Bộ TT&TT),1124/QĐ-BTTTT,valid,https://giayphep.abei.gov.vn/
ngoalongtruyen.vn,CÔNG TY CỔ PHẦN FUNTAP,QUYẾT ĐỊNH PHÁT HÀNH TRÒ CHƠI ĐIỆN TỬ G1 TRÊN MẠNG,2019-01-08,Giấy phép chính thức (ABEI - Bộ TT&TT),27/QĐ-BTTTT,valid,https://giayphep.abei.gov.vn/
ngocrongawaken.vn,CÔNG TY CỔ PHẦN 9PLAY,QUYẾT ĐỊNH PHÁT HÀNH TRÒ CHƠI ĐIỆN TỬ G1 TRÊN MẠNG,2025-06-30,Giấy phép chính thức (ABEI - Bộ TT&TT),299/QĐ-PTTH&TTĐT,valid,https://giayphep.abei.gov.vn/
ngocronghuyenthoai.vn,CÔNG TY CỔ PHẦN ACE GAME,QUYẾT ĐỊNH PHÁT HÀNH TRÒ CHƠI ĐIỆN TỬ G1 TRÊN MẠNG,2024-03-26,Giấy phép chính thức (ABEI - Bộ TT&TT),383/QĐ-BTTTT,valid,https://giayphep.abei.gov.vn/
ngoisao.360mobi.vn,CÔNG TY CỔ PHẦN VNG,QUYẾT ĐỊNH PHÁT HÀNH TRÒ CHƠI ĐIỆN TỬ G1 TRÊN MẠNG,2022-01-19,Giấy phép chính thức (ABEI - Bộ TT&TT),65/QĐ-BTTTT,invalid,https://giayphep.abei.gov.vn/
ngoisao.vnggames.com,CÔNG TY CỔ PHẦN TẬP ĐOÀN VNG,QUYẾT ĐỊNH PHÁT HÀNH TRÒ CHƠI ĐIỆN TỬ G1 TRÊN MẠNG,2026-01-10,Giấy phép chính thức (ABEI - Bộ TT&TT),10/QĐ-PTTH&TTĐT,valid,https://giayphep.abei.gov.vn/
ngoisaogiaitri.playfun.vn,CÔNG TY CỔ PHẦN FUNTAP,QUYẾT ĐỊNH PHÁT HÀNH TRÒ CHƠI ĐIỆN TỬ G1 TRÊN MẠNG,2022-02-18,Giấy phép chính thức (ABEI - Bộ TT&TT),290 /QĐ-BTTTT,valid,https://giayphep.abei.gov.vn/
ngoisaokhieuvu.vn,CÔNG TY TNHH DỊCH VỤ PHẦN MỀM BÌNH MINH,QUYẾT ĐỊNH PHÁT HÀNH TRÒ CHƠI ĐIỆN TỬ G1 TRÊN MẠNG,2016-12-01,Giấy phép chính thức (ABEI - Bộ TT&TT),2143/QĐ-BTTTT,invalid,https://giayphep.abei.gov.vn/
ngokhong.hhgame.vn,CÔNG TY CỔ PHẦN PHÁT TRIỂN CÔNG NGHỆ SỐ HỒNG HÀ,QUYẾT ĐỊNH PHÁT HÀNH TRÒ CHƠI ĐIỆN TỬ G1 TRÊN MẠNG,2021-05-13,Giấy phép chính thức (ABEI - Bộ TT&TT),661 /QĐ-BTTTT,valid,https://giayphep.abei.gov.vn/
ngokhong.sohagame.vn,CÔNG TY CỔ PHẦN VCCORP,QUYẾT ĐỊNH PHÁT HÀNH TRÒ CHƠI ĐIỆN TỬ G1 TRÊN MẠNG,2017-11-09,Giấy phép chính thức (ABEI - Bộ TT&TT),1940/QĐ-BTTTT,invalid,https://giayphep.abei.gov.vn/
ngokhongvihanh.sohagame,CÔNG TY TNHH SOHA ,QUYẾT ĐỊNH PHÁT HÀNH TRÒ CHƠI ĐIỆN TỬ G1 TRÊN MẠNG,2026-06-29,Giấy phép chính thức (ABEI - Bộ TT&TT),378/QĐ-PTTH&TTĐT,valid,https://giayphep.abei.gov.vn/
ngtl.gamate.vn,CÔNG TY TNHH CÔNG NGHỆ GIẢI TRÍ CHÂU Á,QUYẾT ĐỊNH PHÁT HÀNH TRÒ CHƠI ĐIỆN TỬ G1 TRÊN MẠNG,2023-12-25,Giấy phép chính thức (ABEI - Bộ TT&TT),2516/QĐ-BTTTT,valid,https://giayphep.abei.gov.vn/
nguhotuong.vn,CÔNG TY TNHH SOHA,QUYẾT ĐỊNH PHÁT HÀNH TRÒ CHƠI ĐIỆN TỬ G1 TRÊN MẠNG,2018-06-26,Giấy phép chính thức (ABEI - Bộ TT&TT),982/QĐ-BTTTT,valid,https://giayphep.abei.gov.vn/
ngukiem.vn,CÔNG TY CỔ PHẦN TRỰC TUYẾN CMN VIỆT NAM,QUYẾT ĐỊNH PHÁT HÀNH TRÒ CHƠI ĐIỆN TỬ G1 TRÊN MẠNG,2020-04-15,Giấy phép chính thức (ABEI - Bộ TT&TT),573/QĐ-BTTTT,valid,https://giayphep.abei.gov.vn/
ngukiemphithien.vn,CÔNG TY CỔ PHẦN VCCORP,QUYẾT ĐỊNH PHÁT HÀNH TRÒ CHƠI ĐIỆN TỬ G1 TRÊN MẠNG,2017-10-11,Giấy phép chính thức (ABEI - Bộ TT&TT),1720/QĐ-BTTTT,invalid,https://giayphep.abei.gov.vn/
ngukiemvantinh.vn,CÔNG TY CỔ PHẦN VTC DỊCH VỤ DI ĐỘNG,QUYẾT ĐỊNH PHÁT HÀNH TRÒ CHƠI ĐIỆN TỬ G1 TRÊN MẠNG,2019-05-28,Giấy phép chính thức (ABEI - Bộ TT&TT),804 /QĐ-BTTTT,valid,https://giayphep.abei.gov.vn/
ngulinh.vn,CÔNG TY CỔ PHẦN TRÒ CHƠI VEGA,QUYẾT ĐỊNH PHÁT HÀNH TRÒ CHƠI ĐIỆN TỬ G1 TRÊN MẠNG,2019-04-11,Giấy phép chính thức (ABEI - Bộ TT&TT),562/QĐ-BTTTT,valid,https://giayphep.abei.gov.vn/
ngulong.gaba.vn,CÔNG TY CỔ PHẦN TRÒ CHƠI VEGA,QUYẾT ĐỊNH PHÁT HÀNH TRÒ CHƠI ĐIỆN TỬ G1 TRÊN MẠNG,2018-07-09,Giấy phép chính thức (ABEI - Bộ TT&TT),1131/QĐ-BTTTT,valid,https://giayphep.abei.gov.vn/
ngulong.teamobi.com.vn,CÔNG TY TNHH TEAMOBI,QUYẾT ĐỊNH PHÁT HÀNH TRÒ CHƠI ĐIỆN TỬ G1 TRÊN MẠNG,2016-03-29,Giấy phép chính thức (ABEI - Bộ TT&TT),438/QĐ-BTTTT,invalid,https://giayphep.abei.gov.vn/
ngulongkiem3d.vgplay.vn,CÔNG TY CỔ PHẦN VGP,QUYẾT ĐỊNH PHÁT HÀNH TRÒ CHƠI ĐIỆN TỬ G1 TRÊN MẠNG,2023-01-27,Giấy phép chính thức (ABEI - Bộ TT&TT),66/QĐ-BTTTT,invalid,https://giayphep.abei.gov.vn/
ngulongtaithien.vgplay.vn,CÔNG TY CỔ PHẦN VGP,QUYẾT ĐỊNH PHÁT HÀNH TRÒ CHƠI ĐIỆN TỬ G1 TRÊN MẠNG,2023-07-26,Giấy phép chính thức (ABEI - Bộ TT&TT),1375/QĐ-BTTTT,valid,https://giayphep.abei.gov.vn/
nguoichannuoi.com,TẠP CHÍ THỦY SẢN VIỆT NAM,GIẤY PHÉP THIẾT LẬP TRANG THÔNG TIN ĐIỆN TỬ TỔNG HỢP,2015-06-19,Giấy phép chính thức (ABEI - Bộ TT&TT),79/GP-TTĐT,invalid,https://giayphep.abei.gov.vn/
nguoichannuoi.com.vn,TẠP CHÍ THẾ GIỚI GIA CẦM,GIẤY PHÉP THIẾT LẬP TRANG THÔNG TIN ĐIỆN TỬ TỔNG HỢP,2021-07-12,Giấy phép chính thức (ABEI - Bộ TT&TT),116/GP-TTĐT,valid,https://giayphep.abei.gov.vn/
nguoichannuoi.vn,TẠP CHÍ THỦY SẢN VIỆT NAM,GIẤY PHÉP THIẾT LẬP TRANG THÔNG TIN ĐIỆN TỬ TỔNG HỢP,2015-06-19,Giấy phép chính thức (ABEI - Bộ TT&TT),79/GP-TTĐT,invalid,https://giayphep.abei.gov.vn/
nguoihanoi.com.vn,BÁO NGƯỜI HÀ NỘI,GIẤY PHÉP THIẾT LẬP TRANG THÔNG TIN ĐIỆN TỬ TỔNG HỢP,2017-07-24,Giấy phép chính thức (ABEI - Bộ TT&TT),246/GP-TTĐT,valid,https://giayphep.abei.gov.vn/
nguoilambao.vn,TẠP CHÍ NGƯỜI LÀM BÁO,GIẤY PHÉP THIẾT LẬP TRANG THÔNG TIN ĐIỆN TỬ TỔNG HỢP,2013-04-12,Giấy phép chính thức (ABEI - Bộ TT&TT),39/GP-TTĐT,invalid,https://giayphep.abei.gov.vn/
nguoilamnghe.vn,TRUNG TÂM HỖ TRỢ PHÁT TRIỂN DOANH NGHIỆP MỸ NGHỆ KIM HOÀN ĐÁ QUÝ,GIẤY PHÉP THIẾT LẬP TRANG THÔNG TIN ĐIỆN TỬ TỔNG HỢP,2019-12-03,Giấy phép chính thức (ABEI - Bộ TT&TT),231/GP-TTĐT,valid,https://giayphep.abei.gov.vn/
nguoimua.vn,CÔNG TY CỔ PHẦN PHÁT TRIỂN TRUYỀN THÔNG  THỜI ĐẠI,GIẤY PHÉP CUNG CẤP DỊCH VỤ MẠNG XÃ HỘI,2019-12-10,Giấy phép chính thức (ABEI - Bộ TT&TT),539/GP-BTTTT,valid,https://giayphep.abei.gov.vn/
nguoinghe.vn,CÔNG TY TNHH MTV TRUYỀN THÔNG  PHƯƠNG NAMNET,GIẤY PHÉP CUNG CẤP DỊCH VỤ MẠNG XÃ HỘI,2020-04-14,Giấy phép chính thức (ABEI - Bộ TT&TT),12/GP-BTTTT,valid,https://giayphep.abei.gov.vn/
nguoitieudung.com.vn,TẠP CHÍ NGƯỜI TIÊU DÙNG,GIẤY PHÉP THIẾT LẬP TRANG THÔNG TIN ĐIỆN TỬ TỔNG HỢP,2013-06-11,Giấy phép chính thức (ABEI - Bộ TT&TT),75/GP-TTĐT,invalid,https://giayphep.abei.gov.vn/
nguoitrongcay.vn,CÔNG TY TNHH PHÁT TRIỂN THƯƠNG MẠI VÀ TRUYỀN THÔNG BÌNH MINH,GIẤY PHÉP CUNG CẤP DỊCH VỤ MẠNG XÃ HỘI,2020-05-14,Giấy phép chính thức (ABEI - Bộ TT&TT),205/GP-BTTTT,invalid,https://giayphep.abei.gov.vn/
nguoitronggiangho.vn,CÔNG TY TNHH SOHA,QUYẾT ĐỊNH PHÁT HÀNH TRÒ CHƠI ĐIỆN TỬ G1 TRÊN MẠNG,2021-05-12,Giấy phép chính thức (ABEI - Bộ TT&TT),641/QĐ-BTTTT,valid,https://giayphep.abei.gov.vn/
nguoixaydung.com.vn,TẠP CHÍ NGƯỜI XÂY DỰNG,GIẤY PHÉP THIẾT LẬP TRANG THÔNG TIN ĐIỆN TỬ TỔNG HỢP,2020-07-08,Giấy phép chính thức (ABEI - Bộ TT&TT),112/GP-TTĐT,valid,https://giayphep.abei.gov.vn/
nguthansu.vn,CÔNG TY CỔ PHẦN VTC DỊCH VỤ DI ĐỘNG,QUYẾT ĐỊNH PHÁT HÀNH TRÒ CHƠI ĐIỆN TỬ G1 TRÊN MẠNG,2021-04-29,Giấy phép chính thức (ABEI - Bộ TT&TT),557/QĐ-BTTTT,invalid,https://giayphep.abei.gov.vn/
ngutuyet.ygame.vn,CÔNG TY CỔ PHẦN GIẢI TRÍ YGAME,QUYẾT ĐỊNH PHÁT HÀNH TRÒ CHƠI ĐIỆN TỬ G1 TRÊN MẠNG,2019-10-11,Giấy phép chính thức (ABEI - Bộ TT&TT),1687 /QĐ-BTTTT,valid,https://giayphep.abei.gov.vn/
nguyenbao.com.vn,CÔNG TY TNHH NỘI DUNG SỐ NGUYÊN BẢO,QUYẾT ĐỊNH PHÁT HÀNH TRÒ CHƠI ĐIỆN TỬ G1 TRÊN MẠNG,2020-05-13,Giấy phép chính thức (ABEI - Bộ TT&TT),797 /QĐ-BTTTT,valid,https://giayphep.abei.gov.vn/
nguyenthan.vn,CÔNG TY CỔ PHẦN DỊCH VỤ S.PAY VIỆT NAM,QUYẾT ĐỊNH PHÁT HÀNH TRÒ CHƠI ĐIỆN TỬ G1 TRÊN MẠNG,2020-12-24,Giấy phép chính thức (ABEI - Bộ TT&TT),2285 /QĐ-BTTTT,valid,https://giayphep.abei.gov.vn/
nguyetdachien.vn,CÔNG TY CỔ PHẦN VTC DỊCH VỤ DI ĐỘNG,QUYẾT ĐỊNH PHÁT HÀNH TRÒ CHƠI ĐIỆN TỬ G1 TRÊN MẠNG,2022-08-24,Giấy phép chính thức (ABEI - Bộ TT&TT),1582/QĐ-BTTTT,invalid,https://giayphep.abei.gov.vn/
nguyetmong.thsgame.com.vn,CÔNG TY CỔ PHẦN THS GAME,QUYẾT ĐỊNH PHÁT HÀNH TRÒ CHƠI ĐIỆN TỬ G1 TRÊN MẠNG,2025-07-04,Giấy phép chính thức (ABEI - Bộ TT&TT),305 /QĐ-PTTH&TTĐT,valid,https://giayphep.abei.gov.vn/
nhabaonu.com.vn,CÂU LẠC BỘ NHÀ BÁO NỮ VIỆT NAM,GIẤY PHÉP THIẾT LẬP TRANG THÔNG TIN ĐIỆN TỬ TỔNG HỢP,2013-01-11,Giấy phép chính thức (ABEI - Bộ TT&TT),05/GP-TTĐT,invalid,https://giayphep.abei.gov.vn/
nhabaovagiamsatxahoi.vn,HỘI NHÀ BÁO VIỆT NAM,GIẤY PHÉP THIẾT LẬP TRANG THÔNG TIN ĐIỆN TỬ TỔNG HỢP,2016-06-30,Giấy phép chính thức (ABEI - Bộ TT&TT),79A/GP-TTĐT,valid,https://giayphep.abei.gov.vn/
nhaccuatui.com,CÔNG TY CỔ PHẦN NCT,GIẤY PHÉP CUNG CẤP DỊCH VỤ MẠNG XÃ HỘI,2025-10-14,Giấy phép chính thức (ABEI - Bộ TT&TT),140/GP-BVHTTDL,valid,https://giayphep.abei.gov.vn/
nhachannuoi.vn,TẠP CHÍ KHOA HỌC KỸ THUẬT CHĂN NUÔI,GIẤY PHÉP THIẾT LẬP TRANG THÔNG TIN ĐIỆN TỬ TỔNG HỢP,2017-08-24,Giấy phép chính thức (ABEI - Bộ TT&TT),279/GP-TTĐT,valid,https://giayphep.abei.gov.vn/
nhadep-magazine.com.vn,TẠP CHÍ KIẾN TRÚC,GIẤY PHÉP THIẾT LẬP TRANG THÔNG TIN ĐIỆN TỬ TỔNG HỢP,2017-06-28,Giấy phép chính thức (ABEI - Bộ TT&TT),219/GP-TTĐT,valid,https://giayphep.abei.gov.vn/
nhandaotv.vn,TRUNG TÂM TRUYỀN HÌNH NHÂN ĐẠO,GIẤY PHÉP THIẾT LẬP TRANG THÔNG TIN ĐIỆN TỬ TỔNG HỢP,2021-07-01,Giấy phép chính thức (ABEI - Bộ TT&TT),108/GP-TTĐT,valid,https://giayphep.abei.gov.vn/
nhangia.obt.vn,CÔNG TY CỔ PHẦN XTV,QUYẾT ĐỊNH PHÁT HÀNH TRÒ CHƠI ĐIỆN TỬ G1 TRÊN MẠNG,2020-07-14,Giấy phép chính thức (ABEI - Bộ TT&TT),1183/QĐ-BTTTT,invalid,https://giayphep.abei.gov.vn/
nhangia.vn,CÔNG TY CỔ PHẦN TRỰC TUYẾN CMN VIỆT NAM,QUYẾT ĐỊNH PHÁT HÀNH TRÒ CHƠI ĐIỆN TỬ G1 TRÊN MẠNG,2020-08-28,Giấy phép chính thức (ABEI - Bộ TT&TT),1490/QĐ-BTTTT,valid,https://giayphep.abei.gov.vn/
nhangiahaki.vn,CÔNG TY CỔ PHẦN FUNTAP,QUYẾT ĐỊNH PHÁT HÀNH TRÒ CHƠI ĐIỆN TỬ G1 TRÊN MẠNG,2019-09-04,Giấy phép chính thức (ABEI - Bộ TT&TT),1437/QĐ-BTTTT,invalid,https://giayphep.abei.gov.vn/
nhangiatruyenthuyet.vn,CÔNG TY CỔ PHẦN TRỰC TUYỂN DUO,QUYẾT ĐỊNH PHÁT HÀNH TRÒ CHƠI ĐIỆN TỬ G1 TRÊN MẠNG,2022-12-13,Giấy phép chính thức (ABEI - Bộ TT&TT),2310/QĐ-BTTTT,valid,https://giayphep.abei.gov.vn/
nhanhieuviet.gov.vn,TRUNG TÂM THÔNG TIN CÔNG NGHIỆP VÀ THƯƠNG MẠI,GIẤY PHÉP THIẾT LẬP TRANG THÔNG TIN ĐIỆN TỬ TỔNG HỢP,2017-11-15,Giấy phép chính thức (ABEI - Bộ TT&TT),341/GPSĐBS-TTĐT,invalid,https://giayphep.abei.gov.vn/
nhantainhanluc.com,VIỆN KHOA HỌC NGHIÊN CỨU NHÂN TÀI NHÂN LỰC,GIẤY PHÉP THIẾT LẬP TRANG THÔNG TIN ĐIỆN TỬ TỔNG HỢP,2016-01-13,Giấy phép chính thức (ABEI - Bộ TT&TT),04/GP-TTĐT,valid,https://giayphep.abei.gov.vn/
nhantainhanluc.com.vn,VIỆN KHOA HỌC NGHIÊN CỨU NHÂN TÀI NHÂN LỰC,GIẤY PHÉP THIẾT LẬP TRANG THÔNG TIN ĐIỆN TỬ TỔNG HỢP,2019-03-12,Giấy phép chính thức (ABEI - Bộ TT&TT),42/GP-TTĐT,valid,https://giayphep.abei.gov.vn/
nhanthuath5.vn,CÔNG TY CỔ PHẦN FUNTAP,QUYẾT ĐỊNH PHÁT HÀNH TRÒ CHƠI ĐIỆN TỬ G1 TRÊN MẠNG,2020-01-11,Giấy phép chính thức (ABEI - Bộ TT&TT),90 /QĐ-BTTTT,valid,https://giayphep.abei.gov.vn/
nhatdaithienton.vn,CÔNG TY CỔ PHẦN TRỰC TUYỂN GOSU,QUYẾT ĐỊNH PHÁT HÀNH TRÒ CHƠI ĐIỆN TỬ G1 TRÊN MẠNG,2024-06-20,Giấy phép chính thức (ABEI - Bộ TT&TT),998/QĐ-BTTTT,invalid,https://giayphep.abei.gov.vn/
nhatdaitongsu.vn,CÔNG TY TNHH SOHA,QUYẾT ĐỊNH PHÁT HÀNH TRÒ CHƠI ĐIỆN TỬ G1 TRÊN MẠNG,2022-04-25,Giấy phép chính thức (ABEI - Bộ TT&TT),756 /QĐ-BTTTT,valid,https://giayphep.abei.gov.vn/
nhatkiemdoantinh.1618play.vn,CÔNG TY TNHH 1618PLAY,QUYẾT ĐỊNH PHÁT HÀNH TRÒ CHƠI ĐIỆN TỬ G1 TRÊN MẠNG,2019-12-25,Giấy phép chính thức (ABEI - Bộ TT&TT),2255/QĐ-BTTTT,valid,https://giayphep.abei.gov.vn/
nhatkiemgiangho.vn,CÔNG TY CỔ PHẦN FUNTAP,QUYẾT ĐỊNH PHÁT HÀNH TRÒ CHƠI ĐIỆN TỬ G1 TRÊN MẠNG,2018-09-11,Giấy phép chính thức (ABEI - Bộ TT&TT),1486/QĐ-BTTTT,invalid,https://giayphep.abei.gov.vn/
nhatkiemmon.vn,CÔNG TY TNHH SOHA,QUYẾT ĐỊNH PHÁT HÀNH TRÒ CHƠI ĐIỆN TỬ G1 TRÊN MẠNG,2022-12-02,Giấy phép chính thức (ABEI - Bộ TT&TT),2240/QĐ-BTTTT,invalid,https://giayphep.abei.gov.vn/
nhatkycuocsong.vn,CÔNG TY CỔ PHẦN TRUYỀN THÔNG MEDIA  VIỆT NAM,GIẤY PHÉP CUNG CẤP DỊCH VỤ MẠNG XÃ HỘI,2020-01-20,Giấy phép chính thức (ABEI - Bộ TT&TT),25/GP-BTTTT,valid,https://giayphep.abei.gov.vn/
nhatkyzalo.vn,CÔNG TY TNHH VNG ONLINE,GIẤY PHÉP CUNG CẤP DỊCH VỤ MẠNG XÃ HỘI,2023-12-25,Giấy phép chính thức (ABEI - Bộ TT&TT),475/GP-BTTTT,valid,https://giayphep.abei.gov.vn/
nhatmong.ggo.vn,CÔNG TY CỔ PHẦN GGO,QUYẾT ĐỊNH PHÁT HÀNH TRÒ CHƠI ĐIỆN TỬ G1 TRÊN MẠNG,2022-06-03,Giấy phép chính thức (ABEI - Bộ TT&TT),1028/QĐ-BTTTT,valid,https://giayphep.abei.gov.vn/
nhatmong.playfun.vn,CÔNG TY CỔ PHẦN FUNTAP,QUYẾT ĐỊNH PHÁT HÀNH TRÒ CHƠI ĐIỆN TỬ G1 TRÊN MẠNG,2024-02-06,Giấy phép chính thức (ABEI - Bộ TT&TT),160 /QĐ-BTTTT,valid,https://giayphep.abei.gov.vn/
nhatmong.vn,CÔNG TY TNHH SOHA,QUYẾT ĐỊNH PHÁT HÀNH TRÒ CHƠI ĐIỆN TỬ G1 TRÊN MẠNG,2020-05-22,Giấy phép chính thức (ABEI - Bộ TT&TT),869 /QĐ-BTTTT,valid,https://giayphep.abei.gov.vn/
nhatmong.zing.vn,CÔNG TY CỔ PHẦN VNG,QUYẾT ĐỊNH PHÁT HÀNH TRÒ CHƠI ĐIỆN TỬ G1 TRÊN MẠNG,2021-05-24,Giấy phép chính thức (ABEI - Bộ TT&TT),693/QĐ-BTTTT,invalid,https://giayphep.abei.gov.vn/
nhatmongvolam.vn,CÔNG TY TNHH GIẢI TRÍ LONG ĐỈNH,QUYẾT ĐỊNH PHÁT HÀNH TRÒ CHƠI ĐIỆN TỬ G1 TRÊN MẠNG,2023-08-31,Giấy phép chính thức (ABEI - Bộ TT&TT),1698/QĐ-BTTTT,valid,https://giayphep.abei.gov.vn/
nhatot.com,CÔNG TY TNHH CHỢ TỐT,GIẤY PHÉP CUNG CẤP DỊCH VỤ MẠNG XÃ HỘI,2023-08-31,Giấy phép chính thức (ABEI - Bộ TT&TT),322/GP-BTTTT,invalid,https://giayphep.abei.gov.vn/
nhatot.com.vn,CÔNG TY TNHH CHỢ TỐT,GIẤY PHÉP CUNG CẤP DỊCH VỤ MẠNG XÃ HỘI,2023-08-31,Giấy phép chính thức (ABEI - Bộ TT&TT),322/GP-BTTTT,invalid,https://giayphep.abei.gov.vn/
nhatphamquanlaogia.vn,CÔNG TY CỔ PHẦN FUNTAP,QUYẾT ĐỊNH PHÁT HÀNH TRÒ CHƠI ĐIỆN TỬ G1 TRÊN MẠNG,2019-12-25,Giấy phép chính thức (ABEI - Bộ TT&TT),2257/QĐ-BTTTT,valid,https://giayphep.abei.gov.vn/
nhcd.zoneplay.vn,CÔNG TY CỔ PHẦN GZONE MEDIA VIỆT NAM,QUYẾT ĐỊNH PHÁT HÀNH TRÒ CHƠI ĐIỆN TỬ G1 TRÊN MẠNG,2023-08-14,Giấy phép chính thức (ABEI - Bộ TT&TT),1475/QĐ-BTTTT,valid,https://giayphep.abei.gov.vn/
nhipcaudautu.vn,TẠP CHÍ NHỊP CẦU ĐẦU TƯ,GIẤY PHÉP THIẾT LẬP TRANG THÔNG TIN ĐIỆN TỬ TỔNG HỢP,2018-02-12,Giấy phép chính thức (ABEI - Bộ TT&TT),41/GP-TTĐT,valid,https://giayphep.abei.gov.vn/
nhipdieu.alogame.vn,CÔNG TY CỔ PHẦN CÔNG NGHỆ SỐ ALO ,QUYẾT ĐỊNH PHÁT HÀNH TRÒ CHƠI ĐIỆN TỬ G1 TRÊN MẠNG,2026-02-13,Giấy phép chính thức (ABEI - Bộ TT&TT),97/QĐ-PTTH&TTĐT,valid,https://giayphep.abei.gov.vn/
nhuavavasuckhoe.vn,TRUNG TÂM HỖ TRỢ PHÁT TRIỂN XANH,GIẤY PHÉP THIẾT LẬP TRANG THÔNG TIN ĐIỆN TỬ TỔNG HỢP,2022-09-23,Giấy phép chính thức (ABEI - Bộ TT&TT),128/GP-TTĐT,valid,https://giayphep.abei.gov.vn/
nica.vn,CÔNG TY TNHH DỊCH VỤ TRUYỀN THÔNG NICA,QUYẾT ĐỊNH PHÁT HÀNH TRÒ CHƠI ĐIỆN TỬ G1 TRÊN MẠNG,2024-08-19,Giấy phép chính thức (ABEI - Bộ TT&TT),1390/QĐ-BTTTT,valid,https://giayphep.abei.gov.vn/
nicatech.vn,CÔNG TY TNHH DỊCH VỤ TRUYỀN THÔNG NICA,QUYẾT ĐỊNH PHÁT HÀNH TRÒ CHƠI ĐIỆN TỬ G1 TRÊN MẠNG,2024-12-23,Giấy phép chính thức (ABEI - Bộ TT&TT),2247/QĐ-BTTTT,valid,https://giayphep.abei.gov.vn/
nicvb.org.vn,VIỆN KIỂM ĐỊNH QUỐC GIA VẮC XIN VÀ SINH PHẨM Y TẾ,GIẤY PHÉP THIẾT LẬP TRANG THÔNG TIN ĐIỆN TỬ TỔNG HỢP,2017-01-20,Giấy phép chính thức (ABEI - Bộ TT&TT),47/GP-TTĐT,valid,https://giayphep.abei.gov.vn/
nifc.gov.vn,VIỆN KIỂM NGHIỆM AN TOÀN VỆ SINH THỰC PHẨM QUỐC GIA,GIẤY PHÉP THIẾT LẬP TRANG THÔNG TIN ĐIỆN TỬ TỔNG HỢP,2020-08-24,Giấy phép chính thức (ABEI - Bộ TT&TT),146 /GP-TTĐT,valid,https://giayphep.abei.gov.vn/
nihbt.org.vn,VIỆN HUYẾT HỌC - TRUYỀN MÁU TRUNG ƯƠNG,GIẤY PHÉP THIẾT LẬP TRANG THÔNG TIN ĐIỆN TỬ TỔNG HỢP,2016-06-15,Giấy phép chính thức (ABEI - Bộ TT&TT),60/GP-TTĐT,valid,https://giayphep.abei.gov.vn/
nimpe.vn,VIỆN SỐT RÉT - KÝ SINH TRÙNG - CÔN TRÙNG TRUNG ƯƠNG,GIẤY PHÉP THIẾT LẬP TRANG THÔNG TIN ĐIỆN TỬ TỔNG HỢP,2015-12-23,Giấy phép chính thức (ABEI - Bộ TT&TT),178/GP-TTĐT,valid,https://giayphep.abei.gov.vn/
ninhthuan.edu.vn,SỞ GIÁO DỤC VÀ ĐÀO TẠO TỈNH NINH THUẬN,GIẤY PHÉP THIẾT LẬP TRANG THÔNG TIN ĐIỆN TỬ TỔNG HỢP,2013-08-30,Giấy phép chính thức (ABEI - Bộ TT&TT),134/GP-TTĐT,invalid,https://giayphep.abei.gov.vn/
ninhthuantv.vn,ĐÀI PHÁT THANH VÀ TRUYỀN HÌNH NINH THUẬN,GIẤY PHÉP THIẾT LẬP TRANG THÔNG TIN ĐIỆN TỬ TỔNG HỢP,2023-06-05,Giấy phép chính thức (ABEI - Bộ TT&TT),85/GP-TTĐT,valid,https://giayphep.abei.gov.vn/
ninja.gosu.vn,CÔNG TY CỔ PHẦN TRỰC TUYẾN GOSU,QUYẾT ĐỊNH PHÁT HÀNH TRÒ CHƠI ĐIỆN TỬ G1 TRÊN MẠNG,2019-04-11,Giấy phép chính thức (ABEI - Bộ TT&TT),567/QĐ-BTTTT,invalid,https://giayphep.abei.gov.vn/
ninjadaichien.vn,CÔNG TY CỔ PHẦN ACE GAME,QUYẾT ĐỊNH PHÁT HÀNH TRÒ CHƠI ĐIỆN TỬ G1 TRÊN MẠNG,2022-11-16,Giấy phép chính thức (ABEI - Bộ TT&TT),2101/QĐ-BTTTT,valid,https://giayphep.abei.gov.vn/
ninjahuyenthoai.vn,CÔNG TY CỔ PHẦN WETAPS,QUYẾT ĐỊNH PHÁT HÀNH TRÒ CHƠI ĐIỆN TỬ G1 TRÊN MẠNG,2023-02-22,Giấy phép chính thức (ABEI - Bộ TT&TT),223/QĐ-BTTTT,valid,https://giayphep.abei.gov.vn/
ninjalangla.vn,CÔNG TY CỔ PHẦN WETAPS,QUYẾT ĐỊNH PHÁT HÀNH TRÒ CHƠI ĐIỆN TỬ G1 TRÊN MẠNG,2020-07-14,Giấy phép chính thức (ABEI - Bộ TT&TT),1177/QĐ-BTTTT,valid,https://giayphep.abei.gov.vn/
ninjasieucap.vn,CÔNG TY CỔ PHẦN ACE GAME,QUYẾT ĐỊNH PHÁT HÀNH TRÒ CHƠI ĐIỆN TỬ G1 TRÊN MẠNG,2024-12-10,Giấy phép chính thức (ABEI - Bộ TT&TT),2173/QĐ-BTTTT,valid,https://giayphep.abei.gov.vn/
ninjatoithuong.vn,CÔNG TY TNHH VMGE,QUYẾT ĐỊNH PHÁT HÀNH TRÒ CHƠI ĐIỆN TỬ G1 TRÊN MẠNG,2024-06-20,Giấy phép chính thức (ABEI - Bộ TT&TT),1002/QĐ-BTTTT,valid,https://giayphep.abei.gov.vn/
nivet.org.vn,VIỆN KHOA HỌC GIÁO DỤC NGHỀ NGHIỆP,GIẤY PHÉP THIẾT LẬP TRANG THÔNG TIN ĐIỆN TỬ TỔNG HỢP,2019-07-01,Giấy phép chính thức (ABEI - Bộ TT&TT),109/GP-TTĐT,valid,https://giayphep.abei.gov.vn/
nkey.oceangalaxy.vu,CÔNG TY CỔ PHẦN OCEAN GALAXY,QUYẾT ĐỊNH PHÁT HÀNH TRÒ CHƠI ĐIỆN TỬ G1 TRÊN MẠNG,2023-10-26,Giấy phép chính thức (ABEI - Bộ TT&TT),2071/QĐ-BTTTT,valid,https://giayphep.abei.gov.vn/
nkvs.com.vn,CÔNG TY CỔ PHẦN PHÁT TRIỂN DỊCH VỤ TRỰC TUYẾN ONPLAY,QUYẾT ĐỊNH PHÁT HÀNH TRÒ CHƠI ĐIỆN TỬ G1 TRÊN MẠNG,2016-06-30,Giấy phép chính thức (ABEI - Bộ TT&TT),1149/QĐ-BTTTT,invalid,https://giayphep.abei.gov.vn/
nkvsm.gosu.vn,CÔNG TY CỔ PHẦN TRỰC TUYẾN GOSU,QUYẾT ĐỊNH PHÁT HÀNH TRÒ CHƠI ĐIỆN TỬ G1 TRÊN MẠNG,2019-04-11,Giấy phép chính thức (ABEI - Bộ TT&TT),564/QĐ-BTTTT,invalid,https://giayphep.abei.gov.vn/
nkvsmobile.vn,CÔNG TY TNHH MYG ,QUYẾT ĐỊNH PHÁT HÀNH TRÒ CHƠI ĐIỆN TỬ G1 TRÊN MẠNG,2026-03-13,Giấy phép chính thức (ABEI - Bộ TT&TT),131/QĐ-PTTH&TTĐT,valid,https://giayphep.abei.gov.vn/
nkvso.gosu.vn,CÔNG TY CỔ PHẦN TRỰC TUYẾN GOSU,QUYẾT ĐỊNH PHÁT HÀNH TRÒ CHƠI ĐIỆN TỬ G1 TRÊN MẠNG,2024-08-14,Giấy phép chính thức (ABEI - Bộ TT&TT),1359/QĐ-BTTTT,valid,https://giayphep.abei.gov.vn/
nntd.zoneplay.vn,CÔNG TY CỔ PHẦN GZONE MEDIA VIỆT NAM,QUYẾT ĐỊNH PHÁT HÀNH TRÒ CHƠI ĐIỆN TỬ G1 TRÊN MẠNG,2022-08-29,Giấy phép chính thức (ABEI - Bộ TT&TT),1622/QĐ-BTTTT,valid,https://giayphep.abei.gov.vn/
nntm.vtcgame.vn,CÔNG TY VTC CÔNG NGHỆ VÀ NỘI DUNG SỐ,"GIẤY XÁC NHẬN THÔNG BÁO PHÁT HÀNH TRÒ CHƠI ĐIỆN TỬ G2,G3,G4",2021-10-01,Giấy phép chính thức (ABEI - Bộ TT&TT),170/GXN-PTTH&TTĐT,valid,https://giayphep.abei.gov.vn/
noah.dzogame.vn,CÔNG TY TNHH CHÂU Á MỀM,QUYẾT ĐỊNH PHÁT HÀNH TRÒ CHƠI ĐIỆN TỬ G1 TRÊN MẠNG,2023-01-11,Giấy phép chính thức (ABEI - Bộ TT&TT),16/QĐ-BTTTT,valid,https://giayphep.abei.gov.vn/
noichinh.org.vn,BAN NỘI CHÍNH TRUNG ƯƠNG,GIẤY PHÉP THIẾT LẬP TRANG THÔNG TIN ĐIỆN TỬ TỔNG HỢP,2019-11-08,Giấy phép chính thức (ABEI - Bộ TT&TT),214/GP-TTĐT,invalid,https://giayphep.abei.gov.vn/
noichinh.vn,BAN NỘI CHÍNH TRUNG ƯƠNG,GIẤY PHÉP THIẾT LẬP TRANG THÔNG TIN ĐIỆN TỬ TỔNG HỢP,2019-11-08,Giấy phép chính thức (ABEI - Bộ TT&TT),214/GP-TTĐT,invalid,https://giayphep.abei.gov.vn/
noithatvuong.vn,CÔNG TY CỔ PHẦN NGÔI NHÀ MƠ ƯỚC,GIẤY PHÉP CUNG CẤP DỊCH VỤ MẠNG XÃ HỘI,2019-05-21,Giấy phép chính thức (ABEI - Bộ TT&TT),193/GP-BTTTT,valid,https://giayphep.abei.gov.vn/
noitoisong.vn,CÔNG TY CỔ PHẦN TRUYỀN THÔNG NEWS VIỆT NAM,GIẤY PHÉP CUNG CẤP DỊCH VỤ MẠNG XÃ HỘI,2021-06-05,Giấy phép chính thức (ABEI - Bộ TT&TT),418/GP-BTTTT,valid,https://giayphep.abei.gov.vn/
noitu.vn,CÔNG TY CỔ PHẦN GIẢI PHÁP CÔNG NGHỆ ZOOM VIỆT NAM,QUYẾT ĐỊNH PHÁT HÀNH TRÒ CHƠI ĐIỆN TỬ G1 TRÊN MẠNG,2021-05-26,Giấy phép chính thức (ABEI - Bộ TT&TT),715/QĐ-BTTTT,invalid,https://giayphep.abei.gov.vn/
nongdan.vn,TRUNG ƯƠNG HỘI NÔNG DÂN VIỆT NAM,GIẤY PHÉP THIẾT LẬP TRANG THÔNG TIN ĐIỆN TỬ TỔNG HỢP,2017-01-10,Giấy phép chính thức (ABEI - Bộ TT&TT),15/GP-TTĐT,valid,https://giayphep.abei.gov.vn/
nongtraih5.talktv.vn,CÔNG TY TNHH NỘI DUNG SỐ NGUYÊN BẢO,QUYẾT ĐỊNH PHÁT HÀNH TRÒ CHƠI ĐIỆN TỬ G1 TRÊN MẠNG,2017-11-28,Giấy phép chính thức (ABEI - Bộ TT&TT),2145/QĐ-BTTTT,valid,https://giayphep.abei.gov.vn/
nongtraisoica.zingplay.com,Công ty TNHH ZingPlay Việt Nam,QUYẾT ĐỊNH PHÁT HÀNH TRÒ CHƠI ĐIỆN TỬ G1 TRÊN MẠNG,2026-04-29,Giấy phép chính thức (ABEI - Bộ TT&TT),213 /QĐ-PTTH&TTĐT,valid,https://giayphep.abei.gov.vn/
nopcgame.vn,CÔNG TY CỔ PHẦN NOPE GAME,QUYẾT ĐỊNH PHÁT HÀNH TRÒ CHƠI ĐIỆN TỬ G1 TRÊN MẠNG,2019-02-15,Giấy phép chính thức (ABEI - Bộ TT&TT),171/QĐ-BTTTT,valid,https://giayphep.abei.gov.vn/
nopegame.vn,CÔNG TY CỔ PHẦN NOPE GAME,QUYẾT ĐỊNH PHÁT HÀNH TRÒ CHƠI ĐIỆN TỬ G1 TRÊN MẠNG,2019-02-15,Giấy phép chính thức (ABEI - Bộ TT&TT),171/QĐ-BTTTT,valid,https://giayphep.abei.gov.vn/
noron.vn,CÔNG TY CỔ PHẦN CÔNG NGHỆ QUỐC TẾ MH SOLUTION,GIẤY PHÉP CUNG CẤP DỊCH VỤ MẠNG XÃ HỘI,2021-05-24,Giấy phép chính thức (ABEI - Bộ TT&TT),305/GP-BTTTT,valid,https://giayphep.abei.gov.vn/
notagames.vn,CÔNG TY CỔ PHẦN CÔNG NGHỆ NOTA VIỆT NAM,QUYẾT ĐỊNH PHÁT HÀNH TRÒ CHƠI ĐIỆN TỬ G1 TRÊN MẠNG,2023-05-11,Giấy phép chính thức (ABEI - Bộ TT&TT),800/QĐ-BTTTT,valid,https://giayphep.abei.gov.vn/
novagate.vn,Công ty Cổ phần Novagate Studio,QUYẾT ĐỊNH PHÁT HÀNH TRÒ CHƠI ĐIỆN TỬ G1 TRÊN MẠNG,2026-04-14,Giấy phép chính thức (ABEI - Bộ TT&TT),186 /QĐ-PTTH&TTĐT,valid,https://giayphep.abei.gov.vn/
nrsd.gov.vn,CỤC VIỄN THÁM QUỐC GIA,GIẤY PHÉP THIẾT LẬP TRANG THÔNG TIN ĐIỆN TỬ TỔNG HỢP,2021-04-22,Giấy phép chính thức (ABEI - Bộ TT&TT),63/GP-TTĐT,valid,https://giayphep.abei.gov.vn/
ns.dzogame.vn,Công ty TNHH Dzogame,QUYẾT ĐỊNH PHÁT HÀNH TRÒ CHƠI ĐIỆN TỬ G1 TRÊN MẠNG,2026-07-16,Giấy phép chính thức (ABEI - Bộ TT&TT),422/QĐ-PTTH&TTĐT,valid,https://giayphep.abei.gov.vn/
nscl.vn,VỤ KHOA HỌC VÀ CÔNG NGHỆ,GIẤY PHÉP THIẾT LẬP TRANG THÔNG TIN ĐIỆN TỬ TỔNG HỢP,2020-06-16,Giấy phép chính thức (ABEI - Bộ TT&TT),87/GP-TTĐT,valid,https://giayphep.abei.gov.vn/
nshc.vnggames.com,CÔNG TY TNHH TRUYỀN THÔNG MINH PHƯƠNG THỊNH,QUYẾT ĐỊNH PHÁT HÀNH TRÒ CHƠI ĐIỆN TỬ G1 TRÊN MẠNG,2025-05-16,Giấy phép chính thức (ABEI - Bộ TT&TT),187/QĐ-PTTH&TTĐT,invalid,https://giayphep.abei.gov.vn/
nstt.com.vn,CÔNG TY TNHH NỘI DUNG SỐ NGUYÊN BẢO,QUYẾT ĐỊNH PHÁT HÀNH TRÒ CHƠI ĐIỆN TỬ G1 TRÊN MẠNG,2016-05-23,Giấy phép chính thức (ABEI - Bộ TT&TT),845/QĐ-BTTTT,valid,https://giayphep.abei.gov.vn/
ntgh.360game.vn,CÔNG TY CỔ PHẦN VNG,QUYẾT ĐỊNH PHÁT HÀNH TRÒ CHƠI ĐIỆN TỬ G1 TRÊN MẠNG,2017-03-17,Giấy phép chính thức (ABEI - Bộ TT&TT),341/QĐ-BTTTT,invalid,https://giayphep.abei.gov.vn/
nth.360game.vn,CÔNG TY TNHH TRUYỀN THÔNG MINH PHƯƠNG THỊNH,QUYẾT ĐỊNH PHÁT HÀNH TRÒ CHƠI ĐIỆN TỬ G1 TRÊN MẠNG,2018-09-11,Giấy phép chính thức (ABEI - Bộ TT&TT),1484/QĐ-BTTTT,invalid,https://giayphep.abei.gov.vn/
ntpt.mocgame.vn,CÔNG TY CỔ PHẦN TRÒ CHƠI MỘC,QUYẾT ĐỊNH PHÁT HÀNH TRÒ CHƠI ĐIỆN TỬ G1 TRÊN MẠNG,2021-02-08,Giấy phép chính thức (ABEI - Bộ TT&TT),161 /QĐ-BTTTT,valid,https://giayphep.abei.gov.vn/
ntvv.vn,CÔNG TY CỔ PHẦN VNG,QUYẾT ĐỊNH PHÁT HÀNH TRÒ CHƠI ĐIỆN TỬ G1 TRÊN MẠNG,2016-06-30,Giấy phép chính thức (ABEI - Bộ TT&TT),1148/QĐ-BTTTT,invalid,https://giayphep.abei.gov.vn/
nuhoangthoitrang.vn,CÔNG TY CỔ PHẦN VCCORP,QUYẾT ĐỊNH PHÁT HÀNH TRÒ CHƠI ĐIỆN TỬ G1 TRÊN MẠNG,2017-10-10,Giấy phép chính thức (ABEI - Bộ TT&TT),1692/QĐ-BTTTT,invalid,https://giayphep.abei.gov.vn/
nuthan.playfun.vn,CÔNG TY CỔ PHẦN FUNTAP,QUYẾT ĐỊNH PHÁT HÀNH TRÒ CHƠI ĐIỆN TỬ G1 TRÊN MẠNG,2022-07-20,Giấy phép chính thức (ABEI - Bộ TT&TT),1402 /QĐ-BTTTT,valid,https://giayphep.abei.gov.vn/
nuthanarena.vn,CÔNG TY CỔ PHẦN TRỰC TUYỂN DUO,QUYẾT ĐỊNH PHÁT HÀNH TRÒ CHƠI ĐIỆN TỬ G1 TRÊN MẠNG,2022-12-13,Giấy phép chính thức (ABEI - Bộ TT&TT),2312/QĐ-BTTTT,valid,https://giayphep.abei.gov.vn/
nuthanchien.playfun.vn,CÔNG TY CỔ PHẦN FUNTAP,QUYẾT ĐỊNH PHÁT HÀNH TRÒ CHƠI ĐIỆN TỬ G1 TRÊN MẠNG,2022-07-20,Giấy phép chính thức (ABEI - Bộ TT&TT),1403/QĐ-BTTTT,valid,https://giayphep.abei.gov.vn/
nuthanhacan.mocgame.vn,CÔNG TY CỔ PHẦN TRÒ CHƠI MỘC,QUYẾT ĐỊNH PHÁT HÀNH TRÒ CHƠI ĐIỆN TỬ G1 TRÊN MẠNG,2024-05-31,Giấy phép chính thức (ABEI - Bộ TT&TT),889/QĐ-BTTTT,valid,https://giayphep.abei.gov.vn/
nuthankhoinguyen.vn,CÔNG TY CỔ PHẦN TRỰC TUYỂN DUO,QUYẾT ĐỊNH PHÁT HÀNH TRÒ CHƠI ĐIỆN TỬ G1 TRÊN MẠNG,2023-06-09,Giấy phép chính thức (ABEI - Bộ TT&TT),1011/QĐ-BTTTT,invalid,https://giayphep.abei.gov.vn/
nuthanvosong.intelligencessaigon.vn,CÔNG TY TNHH MOBILE INTELLIGENCE SAIGON,QUYẾT ĐỊNH PHÁT HÀNH TRÒ CHƠI ĐIỆN TỬ G1 TRÊN MẠNG,2024-05-13,Giấy phép chính thức (ABEI - Bộ TT&TT),770/QĐ-BTTTT,valid,https://giayphep.abei.gov.vn/
nutrition.org.vn,VIỆN DINH DƯỠNG,GIẤY PHÉP THIẾT LẬP TRANG THÔNG TIN ĐIỆN TỬ TỔNG HỢP,2023-06-05,Giấy phép chính thức (ABEI - Bộ TT&TT),89/GP-TTĐT,valid,https://giayphep.abei.gov.vn/
nuvuongnoiloan.vn,CÔNG TY TNHH SOHA,QUYẾT ĐỊNH PHÁT HÀNH TRÒ CHƠI ĐIỆN TỬ G1 TRÊN MẠNG,2018-06-18,Giấy phép chính thức (ABEI - Bộ TT&TT),929/QĐ-BTTTT,valid,https://giayphep.abei.gov.vn/
nxbgd.vn,CÔNG TY TNHH MTV NHÀ XUẤT BẢN GIÁO DỤC VIỆT NAM (NHÀ XUẤT BẢN GIÁO DỤC VIỆT NAM),GIẤY PHÉP THIẾT LẬP TRANG THÔNG TIN ĐIỆN TỬ TỔNG HỢP,2020-07-28,Giấy phép chính thức (ABEI - Bộ TT&TT),130/GP-TTĐT,valid,https://giayphep.abei.gov.vn/
nxbnongnghiep.com,CÔNG TY TNHH MỘT THÀNH VIÊN NHÀ XUẤT BẢN NÔNG NGHIỆP,GIẤY PHÉP THIẾT LẬP TRANG THÔNG TIN ĐIỆN TỬ TỔNG HỢP,2013-03-05,Giấy phép chính thức (ABEI - Bộ TT&TT),21/GP-TTĐT,invalid,https://giayphep.abei.gov.vn/
o50.vn,CÔNG TY TNHH KAS CARE,GIẤY PHÉP CUNG CẤP DỊCH VỤ MẠNG XÃ HỘI,2023-06-09,Giấy phép chính thức (ABEI - Bộ TT&TT),206/GP-BTTTT,valid,https://giayphep.abei.gov.vn/
occo.vn,CÔNG TY TNHH NPH DIGITAL,GIẤY PHÉP CUNG CẤP DỊCH VỤ MẠNG XÃ HỘI,2024-11-07,Giấy phép chính thức (ABEI - Bộ TT&TT),328/GP-BTTTT,valid,https://giayphep.abei.gov.vn/
oceangalaxy.on,CÔNG TY CỔ PHẦN OCEAN GALAXY,QUYẾT ĐỊNH PHÁT HÀNH TRÒ CHƠI ĐIỆN TỬ G1 TRÊN MẠNG,2023-10-26,Giấy phép chính thức (ABEI - Bộ TT&TT),2071/QĐ-BTTTT,valid,https://giayphep.abei.gov.vn/
oceangalaxy.vn,CÔNG TY CỔ PHẦN OCEAN GALAXY,QUYẾT ĐỊNH PHÁT HÀNH TRÒ CHƠI ĐIỆN TỬ G1 TRÊN MẠNG,2024-07-15,Giấy phép chính thức (ABEI - Bộ TT&TT),1180/QĐ-BTTTT,valid,https://giayphep.abei.gov.vn/
ocggames.vn,CÔNG TY CỔ PHẦN TẬP ĐOÀN GIẢI TRÍ ĐẠI DƯƠNG,QUYẾT ĐỊNH PHÁT HÀNH TRÒ CHƠI ĐIỆN TỬ G1 TRÊN MẠNG,2025-06-27,Giấy phép chính thức (ABEI - Bộ TT&TT),296/QĐ-PTTH&TTĐT,invalid,https://giayphep.abei.gov.vn/
odh.esgame.vn,CÔNG TY CỔ PHẦN ĐẦU TƯ & CÔNG NGHỆ MCORP,QUYẾT ĐỊNH PHÁT HÀNH TRÒ CHƠI ĐIỆN TỬ G1 TRÊN MẠNG,2020-11-09,Giấy phép chính thức (ABEI - Bộ TT&TT),1907/QĐ-BTTTT,valid,https://giayphep.abei.gov.vn/
oeg.vn,CÔNG TY CỔ PHẦN TẬP ĐOÀN GIẢI TRÍ ĐẠI DƯƠNG,GIẤY PHÉP CUNG CẤP DỊCH VỤ MẠNG XÃ HỘI,2024-09-07,Giấy phép chính thức (ABEI - Bộ TT&TT),246/GP-BTTTT,valid,https://giayphep.abei.gov.vn/
oeggames.vn,CÔNG TY CỔ PHẦN TẬP ĐOÀN GIẢI TRÍ ĐẠI DƯƠNG ,QUYẾT ĐỊNH PHÁT HÀNH TRÒ CHƠI ĐIỆN TỬ G1 TRÊN MẠNG,2026-02-13,Giấy phép chính thức (ABEI - Bộ TT&TT),89 /QĐ-PTTH&TTĐT,invalid,https://giayphep.abei.gov.vn/
offb.vn,CÔNG TY TNHH TRUYỀN THỐNG DOANH NÔNG,GIẤY PHÉP CUNG CẤP DỊCH VỤ MẠNG XÃ HỘI,2019-11-05,Giấy phép chính thức (ABEI - Bộ TT&TT),478/GP-BTTTT,valid,https://giayphep.abei.gov.vn/
office701.gov.vn,VĂN PHÒNG CƠ QUAN THƯỜNG TRỰC BAN CHỈ ĐẠO QUỐC GIA KHẮC PHỤC HẬU QUẢ BOM MÌN và CHẤT ĐỘC HÓA HỌC SAU CHIẾN TRANH Ở VIỆT NAM (VĂN PHÒNG 701),GIẤY PHÉP THIẾT LẬP TRANG THÔNG TIN ĐIỆN TỬ TỔNG HỢP,2018-05-14,Giấy phép chính thức (ABEI - Bộ TT&TT),116/GP-TTĐT,valid,https://giayphep.abei.gov.vn/
okara.vn,CÔNG TY CỔ PHẦN SMCORP,GIẤY PHÉP CUNG CẤP DỊCH VỤ MẠNG XÃ HỘI,2017-09-11,Giấy phép chính thức (ABEI - Bộ TT&TT),434/GP-BTTTT,valid,https://giayphep.abei.gov.vn/
olgame.vn,CÔNG TY CỔ PHẦN PHẦN MỀM HY VỌNG,QUYẾT ĐỊNH PHÁT HÀNH TRÒ CHƠI ĐIỆN TỬ G1 TRÊN MẠNG,2017-10-18,Giấy phép chính thức (ABEI - Bộ TT&TT),1781/QĐ-BTTTT,valid,https://giayphep.abei.gov.vn/
olivestream.vn,CÔNG TY TNHH CÔNG NGHỆ GIẢI TRÍ THẾ GIỚI OLIVE,GIẤY PHÉP CUNG CẤP DỊCH VỤ MẠNG XÃ HỘI,2020-07-14,Giấy phép chính thức (ABEI - Bộ TT&TT),296/GP-BTTTT,valid,https://giayphep.abei.gov.vn/
omg3q.360game.vn,CÔNG TY TNHH TRUYỀN THÔNG MINH PHƯƠNG THỊNH,QUYẾT ĐỊNH PHÁT HÀNH TRÒ CHƠI ĐIỆN TỬ G1 TRÊN MẠNG,2017-08-09,Giấy phép chính thức (ABEI - Bộ TT&TT),1313/QĐ-BTTTT,invalid,https://giayphep.abei.gov.vn/
omg3q.vnggames.com,Công ty TNHH VNGGames ,QUYẾT ĐỊNH PHÁT HÀNH TRÒ CHƠI ĐIỆN TỬ G1 TRÊN MẠNG,2025-12-24,Giấy phép chính thức (ABEI - Bộ TT&TT),574/QĐ-PTTH&TTĐT,valid,https://giayphep.abei.gov.vn/
omgninja.gosu.vn,CÔNG TY CỔ PHẦN TRỰC TUYẾN GOSU,QUYẾT ĐỊNH PHÁT HÀNH TRÒ CHƠI ĐIỆN TỬ G1 TRÊN MẠNG,2019-11-25,Giấy phép chính thức (ABEI - Bộ TT&TT),2008/QĐ-BTTTT,invalid,https://giayphep.abei.gov.vn/
on.dzogame.vn,CÔNG TY TNHH CHÂU Á MỀM,QUYẾT ĐỊNH PHÁT HÀNH TRÒ CHƠI ĐIỆN TỬ G1 TRÊN MẠNG,2021-11-10,Giấy phép chính thức (ABEI - Bộ TT&TT),1779/QĐ-BTTTT,valid,https://giayphep.abei.gov.vn/
on11.vn,TỔNG CÔNG TY TRUYỀN HÌNH CÁP VIỆT NAM - VTVCAB,GIẤY PHÉP THIẾT LẬP TRANG THÔNG TIN ĐIỆN TỬ TỔNG HỢP,2018-04-18,Giấy phép chính thức (ABEI - Bộ TT&TT),81/GP-TTĐT,valid,https://giayphep.abei.gov.vn/
onehousing.vn,CÔNG TY CỔ PHẦN ONE MOUNT REAL ESTATE,GIẤY PHÉP CUNG CẤP DỊCH VỤ MẠNG XÃ HỘI,2023-10-04,Giấy phép chính thức (ABEI - Bộ TT&TT),371/GP-BTTTT,invalid,https://giayphep.abei.gov.vn/
onepunchman.zing.vn,CÔNG TY CỔ PHẦN VNG,QUYẾT ĐỊNH PHÁT HÀNH TRÒ CHƠI ĐIỆN TỬ G1 TRÊN MẠNG,2021-06-10,Giấy phép chính thức (ABEI - Bộ TT&TT),794/QĐ-BTTTT,invalid,https://giayphep.abei.gov.vn/
onewoeld.vn,CÔNG TY CỔ PHẦN DỊCH VỤ MỘT THẾ GIỚI,QUYẾT ĐỊNH PHÁT HÀNH TRÒ CHƠI ĐIỆN TỬ G1 TRÊN MẠNG,2018-05-29,Giấy phép chính thức (ABEI - Bộ TT&TT),810/QĐ-BTTTT,invalid,https://giayphep.abei.gov.vn/
oneworld.vn,CÔNG TY CỔ PHẦN DỊCH VỤ MỘT THẾ GIỚI,QUYẾT ĐỊNH PHÁT HÀNH TRÒ CHƠI ĐIỆN TỬ G1 TRÊN MẠNG,2016-04-04,Giấy phép chính thức (ABEI - Bộ TT&TT),498/QĐ-BTTTT,invalid,https://giayphep.abei.gov.vn/
ongaming.vn,CÔNG TY CỔ PHẦN TỔNG CÔNG TY TRUYỀN HÌNH CÁP VIỆT NAM,GIẤY PHÉP CUNG CẤP DỊCH VỤ MẠNG XÃ HỘI,2023-10-13,Giấy phép chính thức (ABEI - Bộ TT&TT),383/GP-BTTTT,valid,https://giayphep.abei.gov.vn/
ongtrumthanhpho.100d.mobi,CÔNG TY CỔ PHẦN GIẢI TRÍ 100 ĐỘ,QUYẾT ĐỊNH PHÁT HÀNH TRÒ CHƠI ĐIỆN TỬ G1 TRÊN MẠNG,2019-09-13,Giấy phép chính thức (ABEI - Bộ TT&TT),1493/QĐ-BTTTT,invalid,https://giayphep.abei.gov.vn/
onlive.vn,CÔNG TY CỔ PHẦN TRUYỀN HÌNH TƯƠNG TÁC VIỆT NAM,GIẤY PHÉP CUNG CẤP DỊCH VỤ MẠNG XÃ HỘI,2023-06-26,Giấy phép chính thức (ABEI - Bộ TT&TT),218/GP-BTTTT,valid,https://giayphep.abei.gov.vn/
onplay.vn,CÔNG TY CỔ PHẦN PHÁT TRIỂN DỊCH VỤ TRỰC TUYẾN ONPLAY,QUYẾT ĐỊNH PHÁT HÀNH TRÒ CHƠI ĐIỆN TỬ G1 TRÊN MẠNG,2016-11-24,Giấy phép chính thức (ABEI - Bộ TT&TT),2075/QĐ-BTTTT,invalid,https://giayphep.abei.gov.vn/
onsports.vn,TỔNG CÔNG TY TRUYỀN HÌNH CÁP VIỆT NAM - VTVCAB,GIẤY PHÉP THIẾT LẬP TRANG THÔNG TIN ĐIỆN TỬ TỔNG HỢP,2018-04-18,Giấy phép chính thức (ABEI - Bộ TT&TT),80/GP-TTĐT,invalid,https://giayphep.abei.gov.vn/
ookk.vn,CÔNG TY TNHH CÔNG NGHỆ THỂ THAO OOKK,GIẤY PHÉP CUNG CẤP DỊCH VỤ MẠNG XÃ HỘI,2024-03-29,Giấy phép chính thức (ABEI - Bộ TT&TT),79/GP-BTTTT,valid,https://giayphep.abei.gov.vn/
op.aiwi.vn,CÔNG TY TNHH CÔNG NGHỆ VÀ THÔNG TIN AIWI VIỆT NAM,QUYẾT ĐỊNH PHÁT HÀNH TRÒ CHƠI ĐIỆN TỬ G1 TRÊN MẠNG,2019-08-07,Giấy phép chính thức (ABEI - Bộ TT&TT),1248 /QĐ-BTTTT,valid,https://giayphep.abei.gov.vn/
op.choi.vn,CÔNG TY CỔ PHẦN GIẢI TRÍ VGG,QUYẾT ĐỊNH PHÁT HÀNH TRÒ CHƠI ĐIỆN TỬ G1 TRÊN MẠNG,2017-09-06,Giấy phép chính thức (ABEI - Bộ TT&TT),1490/QĐ-BTTTT,valid,https://giayphep.abei.gov.vn/
op.gaba.vn,CÔNG TY CỔ PHẦN TRÒ CHƠI VEGA,QUYẾT ĐỊNH PHÁT HÀNH TRÒ CHƠI ĐIỆN TỬ G1 TRÊN MẠNG,2017-04-24,Giấy phép chính thức (ABEI - Bộ TT&TT),590/QĐ-BTTTT,valid,https://giayphep.abei.gov.vn/
op.slg.vn,CÔNG TY CỔ PHẦN DỊCH VỤ TRỰC TUYỂN VĨNH XUÂN,QUYẾT ĐỊNH PHÁT HÀNH TRÒ CHƠI ĐIỆN TỬ G1 TRÊN MẠNG,2017-02-07,Giấy phép chính thức (ABEI - Bộ TT&TT),107/QĐ-BTTTT,valid,https://giayphep.abei.gov.vn/
opdaichien.vn,CÔNG TY TNHH VMGE,QUYẾT ĐỊNH PHÁT HÀNH TRÒ CHƠI ĐIỆN TỬ G1 TRÊN MẠNG,2022-12-13,Giấy phép chính thức (ABEI - Bộ TT&TT),2309/QĐ-BTTTT,valid,https://giayphep.abei.gov.vn/
opengame.vn,CÔNG TY TNHH OPENGAME,QUYẾT ĐỊNH PHÁT HÀNH TRÒ CHƠI ĐIỆN TỬ G1 TRÊN MẠNG,2026-04-02,Giấy phép chính thức (ABEI - Bộ TT&TT),168/QĐ-PTTH&TTĐT,valid,https://giayphep.abei.gov.vn/
openstudy.vn,CÔNG TY CỔ PHẦN FALCON VIỆT NAM,GIẤY PHÉP CUNG CẤP DỊCH VỤ MẠNG XÃ HỘI,2020-06-26,Giấy phép chính thức (ABEI - Bộ TT&TT),270/GP-BTTTT,valid,https://giayphep.abei.gov.vn/
oppa.gaba.vn,CÔNG TY CỔ PHẦN TRÒ CHƠI VEGA,QUYẾT ĐỊNH PHÁT HÀNH TRÒ CHƠI ĐIỆN TỬ G1 TRÊN MẠNG,2016-06-17,Giấy phép chính thức (ABEI - Bộ TT&TT),1053/QĐ-BTTTT,valid,https://giayphep.abei.gov.vn/
otosaigon.com,CÔNG TY CỔ PHẦN Ô TÔ XUYÊN VIỆT,GIẤY PHÉP CUNG CẤP DỊCH VỤ MẠNG XÃ HỘI,2025-10-29,Giấy phép chính thức (ABEI - Bộ TT&TT),148/GP-BVHTTDL,valid,https://giayphep.abei.gov.vn/
otosaigon.com.vn,CÔNG TY CỔ PHẦN Ô TÔ XUYÊN VIỆT,GIẤY PHÉP CUNG CẤP DỊCH VỤ MẠNG XÃ HỘI,2025-10-29,Giấy phép chính thức (ABEI - Bộ TT&TT),148/GP-BVHTTDL,valid,https://giayphep.abei.gov.vn/
otoxemay.vn,TẠP CHÍ Ô TÔ XE MÁY VIỆT NAM,GIẤY PHÉP THIẾT LẬP TRANG THÔNG TIN ĐIỆN TỬ TỔNG HỢP,2015-03-02,Giấy phép chính thức (ABEI - Bộ TT&TT),14/GP-TTĐT,invalid,https://giayphep.abei.gov.vn/
ovensmash.vnggames.com,CÔNG TY CỔ PHẦN TẬP ĐOÀN VNG,QUYẾT ĐỊNH PHÁT HÀNH TRÒ CHƠI ĐIỆN TỬ G1 TRÊN MẠNG,2026-04-16,Giấy phép chính thức (ABEI - Bộ TT&TT),196/QĐ-PTTH&TTĐT,valid,https://giayphep.abei.gov.vn/
p.net.vn,CÔNG TY CỔ PHẦN PI GROUP,GIẤY PHÉP CUNG CẤP DỊCH VỤ MẠNG XÃ HỘI,2019-11-12,Giấy phép chính thức (ABEI - Bộ TT&TT),493/GP-BTTTT,valid,https://giayphep.abei.gov.vn/
p9.splav.vn,CÔNG TY CỔ PHẦN VTC DỊCH VỤ DI ĐỘNG,QUYẾT ĐỊNH PHÁT HÀNH TRÒ CHƠI ĐIỆN TỬ G1 TRÊN MẠNG,2023-06-23,Giấy phép chính thức (ABEI - Bộ TT&TT),1105/QĐ-BTTTT,invalid,https://giayphep.abei.gov.vn/
p9.splay.vn,CÔNG TY CỔ PHẦN VTC DỊCH VỤ DI ĐỘNG,QUYẾT ĐỊNH PHÁT HÀNH TRÒ CHƠI ĐIỆN TỬ G1 TRÊN MẠNG,2023-04-14,Giấy phép chính thức (ABEI - Bộ TT&TT),644/QĐ-BTTTT,invalid,https://giayphep.abei.gov.vn/
palmon.gamota.com,CÔNG TY CỔ PHẦN GAMOTA,QUYẾT ĐỊNH PHÁT HÀNH TRÒ CHƠI ĐIỆN TỬ G1 TRÊN MẠNG,2025-09-26,Giấy phép chính thức (ABEI - Bộ TT&TT),420/QĐ-PTTH&TTĐT,valid,https://giayphep.abei.gov.vn/
pamabati.vn,CÔNG TY TNHH PAMABATI,GIẤY PHÉP CUNG CẤP DỊCH VỤ MẠNG XÃ HỘI,2023-11-21,Giấy phép chính thức (ABEI - Bộ TT&TT),432/GP-BTTTT,valid,https://giayphep.abei.gov.vn/
pay.intelligencessaigon.vn,CÔNG TY TNHH MOBILE INTELLIGENCE SAIGON,QUYẾT ĐỊNH PHÁT HÀNH TRÒ CHƠI ĐIỆN TỬ G1 TRÊN MẠNG,2022-09-27,Giấy phép chính thức (ABEI - Bộ TT&TT),1794/QĐ-BTTTT,valid,https://giayphep.abei.gov.vn/
paysmart.com.vn,CÔNG TY TNHH THƯƠNG MẠI DỊCH VỤ MẠNG LƯỚI THÔNG MINH,GIẤY PHÉP CUNG CẤP DỊCH VỤ MẠNG XÃ HỘI,2019-12-10,Giấy phép chính thức (ABEI - Bộ TT&TT),535/GP-BTTTT,valid,https://giayphep.abei.gov.vn/
pb.568play.vn,CÔNG TY CỔ PHẦN GIẢI TRÍ 568E,QUYẾT ĐỊNH PHÁT HÀNH TRÒ CHƠI ĐIỆN TỬ G1 TRÊN MẠNG,2016-12-30,Giấy phép chính thức (ABEI - Bộ TT&TT),2350/QĐ-BTTTT,invalid,https://giayphep.abei.gov.vn/
pbex.gamota.com,CÔNG TY CỔ PHẦN GAMOTA,QUYẾT ĐỊNH PHÁT HÀNH TRÒ CHƠI ĐIỆN TỬ G1 TRÊN MẠNG,2023-08-15,Giấy phép chính thức (ABEI - Bộ TT&TT),1505/QĐ-BTTTT,valid,https://giayphep.abei.gov.vn/
pcbinhdinh.com.vn,CÔNG TY ĐIỆN LỰC BÌNH ĐỊNH,GIẤY PHÉP THIẾT LẬP TRANG THÔNG TIN ĐIỆN TỬ TỔNG HỢP,2013-01-25,Giấy phép chính thức (ABEI - Bộ TT&TT),12/GP-TTĐT,invalid,https://giayphep.abei.gov.vn/
pccc.danang.gov.vn,SỞ CẢNH SÁT PHÒNG CHÁY VÀ CHỮA CHÁY THÀNH PHỐ ĐÀ NẴNG,GIẤY PHÉP THIẾT LẬP TRANG THÔNG TIN ĐIỆN TỬ TỔNG HỢP,2013-03-19,Giấy phép chính thức (ABEI - Bộ TT&TT),28/GP-TTĐT,invalid,https://giayphep.abei.gov.vn/
pctiengiang.evnspc.vn,CÔNG TY ĐIỆN LỰC TIỀN GIANG,GIẤY PHÉP THIẾT LẬP TRANG THÔNG TIN ĐIỆN TỬ TỔNG HỢP,2013-03-22,Giấy phép chính thức (ABEI - Bộ TT&TT),30/GP-TTĐT,invalid,https://giayphep.abei.gov.vn/
pdpb.vtcgame.vn,CÔNG TY VTC CÔNG NGHỆ VÀ NỘI DUNG SỐ,"GIẤY XÁC NHẬN THÔNG BÁO PHÁT HÀNH TRÒ CHƠI ĐIỆN TỬ G2,G3,G4",2023-01-17,Giấy phép chính thức (ABEI - Bộ TT&TT),90/GXN-PTTH&TTĐT,valid,https://giayphep.abei.gov.vn/
perfectworld.zing.vn,CÔNG TY TNHH NỘI DUNG SỐ NGUYÊN BẢO,QUYẾT ĐỊNH PHÁT HÀNH TRÒ CHƠI ĐIỆN TỬ G1 TRÊN MẠNG,2020-03-09,Giấy phép chính thức (ABEI - Bộ TT&TT),313/QĐ-BTTTT,valid,https://giayphep.abei.gov.vn/
perfin.vn,CÔNG TY CỔ PHẦN GIẢI TRÍ VÀ CÔNG NGHỆ PERFIN,QUYẾT ĐỊNH PHÁT HÀNH TRÒ CHƠI ĐIỆN TỬ G1 TRÊN MẠNG,2026-03-31,Giấy phép chính thức (ABEI - Bộ TT&TT),161/QĐ-PTTH&TTĐT,valid,https://giayphep.abei.gov.vn/
petrovietnam.com.vn,TẬP ĐOÀN DẦU KHÍ VIỆT NAM,GIẤY PHÉP THIẾT LẬP TRANG THÔNG TIN ĐIỆN TỬ TỔNG HỢP,2013-01-25,Giấy phép chính thức (ABEI - Bộ TT&TT),10/GP-TTĐT,invalid,https://giayphep.abei.gov.vn/
petrovietnam.vn,TẬP ĐOÀN DẦU KHÍ VIỆT NAM,GIẤY PHÉP THIẾT LẬP TRANG THÔNG TIN ĐIỆN TỬ TỔNG HỢP,2013-01-25,Giấy phép chính thức (ABEI - Bộ TT&TT),10/GP-TTĐT,invalid,https://giayphep.abei.gov.vn/
petsamkok.sohagame.vn,CÔNG TY TNHH SOHA,QUYẾT ĐỊNH PHÁT HÀNH TRÒ CHƠI ĐIỆN TỬ G1 TRÊN MẠNG,2025-02-25,Giấy phép chính thức (ABEI - Bộ TT&TT),55/QĐ-PTTH&TTĐT,valid,https://giayphep.abei.gov.vn/
pghh.org.vn,BAN TRỊ SỰ TRUNG ƯƠNG GIÁO HỘI PHẬT GIÁO HÒA HẢO,GIẤY PHÉP THIẾT LẬP TRANG THÔNG TIN ĐIỆN TỬ TỔNG HỢP,2020-12-31,Giấy phép chính thức (ABEI - Bộ TT&TT),252/GP-TTĐT,valid,https://giayphep.abei.gov.vn/
phamnhan.oeg.vn,CÔNG TY CỔ PHẦN TẬP ĐOÀN GIẢI TRÍ ĐẠI DƯƠNG,QUYẾT ĐỊNH PHÁT HÀNH TRÒ CHƠI ĐIỆN TỬ G1 TRÊN MẠNG,2026-04-08,Giấy phép chính thức (ABEI - Bộ TT&TT),180/QĐ-PTTH&TTĐT,valid,https://giayphep.abei.gov.vn/
phamnhanmobile.playfun.vn,CÔNG TY CỔ PHẦN FUNTAP,QUYẾT ĐỊNH PHÁT HÀNH TRÒ CHƠI ĐIỆN TỬ G1 TRÊN MẠNG,2021-04-02,Giấy phép chính thức (ABEI - Bộ TT&TT),411 /QĐ-BTTTT,valid,https://giayphep.abei.gov.vn/
phamnhanmobileplayfun.vn,CÔNG TY CỔ PHẦN FUNTAP,QUYẾT ĐỊNH PHÁT HÀNH TRÒ CHƠI ĐIỆN TỬ G1 TRÊN MẠNG,2021-04-02,Giấy phép chính thức (ABEI - Bộ TT&TT),411/QĐ-BTTTT,valid,https://giayphep.abei.gov.vn/
phamnhantutien.mobiz.vn,CÔNG TY CỔ PHẦN MOBIZ,QUYẾT ĐỊNH PHÁT HÀNH TRÒ CHƠI ĐIỆN TỬ G1 TRÊN MẠNG,2021-04-28,Giấy phép chính thức (ABEI - Bộ TT&TT),546/QĐ-BTTTT,valid,https://giayphep.abei.gov.vn/
phamnhantutien.playfun,CÔNG TY CỔ PHẦN FUNTAP,QUYẾT ĐỊNH PHÁT HÀNH TRÒ CHƠI ĐIỆN TỬ G1 TRÊN MẠNG,2020-08-14,Giấy phép chính thức (ABEI - Bộ TT&TT),1398 /QĐ-BTTTT,valid,https://giayphep.abei.gov.vn/
phamnhantutien.playfun.vn,CÔNG TY CỔ PHẦN FUNTAP,QUYẾT ĐỊNH PHÁT HÀNH TRÒ CHƠI ĐIỆN TỬ G1 TRÊN MẠNG,2020-08-14,Giấy phép chính thức (ABEI - Bộ TT&TT),1398/QĐ-BTTTT,valid,https://giayphep.abei.gov.vn/
phamnhantutien.vn,CÔNG TY CỔ PHẦN SOLAPLAY,QUYẾT ĐỊNH PHÁT HÀNH TRÒ CHƠI ĐIỆN TỬ G1 TRÊN MẠNG,2024-01-29,Giấy phép chính thức (ABEI - Bộ TT&TT),83/QĐ-BTTTT,valid,https://giayphep.abei.gov.vn/
phapluatchinhsach.vn,VIỆN KHOA HỌC CHÍNH SÁCH VÀ PHÁP LUẬT,GIẤY PHÉP THIẾT LẬP TRANG THÔNG TIN ĐIỆN TỬ TỔNG HỢP,2019-12-10,Giấy phép chính thức (ABEI - Bộ TT&TT),237/GP-TTĐT,valid,https://giayphep.abei.gov.vn/
phapluatkinhtequocte.vn,VIỆN KINH TẾ VÀ PHÁP LUẬT QUỐC TẾ,GIẤY PHÉP THIẾT LẬP TRANG THÔNG TIN ĐIỆN TỬ TỔNG HỢP,2020-03-25,Giấy phép chính thức (ABEI - Bộ TT&TT),25/GP-TTĐT,invalid,https://giayphep.abei.gov.vn/
phapluatkinhtexahoi.vn,VIỆN NGHIÊN CỨU PHÁT TRIỂN KINH TẾ - XÃ HỘI,GIẤY PHÉP THIẾT LẬP TRANG THÔNG TIN ĐIỆN TỬ TỔNG HỢP,2021-09-28,Giấy phép chính thức (ABEI - Bộ TT&TT),165/GP-TTĐT,valid,https://giayphep.abei.gov.vn/
phapluatmedia.vn,TRUNG TÂM TRUYỀN THÔNG BÁO PHÁP LUẬT VIỆT NAM,GIẤY PHÉP THIẾT LẬP TRANG THÔNG TIN ĐIỆN TỬ TỔNG HỢP,2021-06-24,Giấy phép chính thức (ABEI - Bộ TT&TT),102/GP-TTĐT,valid,https://giayphep.abei.gov.vn/
phapluatmoitruong.vn,TẠP CHÍ MÔI TRƯỜNG ĐÔ THỊ VIỆT NAM,GIẤY PHÉP THIẾT LẬP TRANG THÔNG TIN ĐIỆN TỬ TỔNG HỢP,2018-09-20,Giấy phép chính thức (ABEI - Bộ TT&TT),239/GP-TTĐT,valid,https://giayphep.abei.gov.vn/
phapluattaichinhvadautu.vn,"VIỆN NGHIÊN CỨU TÀI CHÍNH, ĐẦU TƯ VÀ HỢP TÁC, THƯƠNG MẠI ĐÔNG NAM Á",GIẤY PHÉP THIẾT LẬP TRANG THÔNG TIN ĐIỆN TỬ TỔNG HỢP,2018-09-28,Giấy phép chính thức (ABEI - Bộ TT&TT),251/GP-TTĐT,valid,https://giayphep.abei.gov.vn/
phapluatvakinhhte.vn,TRUNG TÂM TƯ VẤN PHÁP LUẬT ASEAN,GIẤY PHÉP THIẾT LẬP TRANG THÔNG TIN ĐIỆN TỬ TỔNG HỢP,2020-09-28,Giấy phép chính thức (ABEI - Bộ TT&TT),181 /GP-TTĐT,valid,https://giayphep.abei.gov.vn/
phapluatvamoitruongvn.vn,VIỆN HỖ TRỢ PHÁP LÝ VÀ BẢO VỆ MÔI TRƯỜNG,GIẤY PHÉP THIẾT LẬP TRANG THÔNG TIN ĐIỆN TỬ TỔNG HỢP,2020-12-25,Giấy phép chính thức (ABEI - Bộ TT&TT),249/GP-TTĐT,valid,https://giayphep.abei.gov.vn/
phapluatvaphattrien.vn,TẠP CHÍ PHÁP LUẬT VÀ PHÁT TRIỂN,GIẤY PHÉP THIẾT LẬP TRANG THÔNG TIN ĐIỆN TỬ TỔNG HỢP,2016-11-16,Giấy phép chính thức (ABEI - Bộ TT&TT),211/GP-TTĐT,invalid,https://giayphep.abei.gov.vn/
phapluatvatacquyen.vn,HIỆP HỘI QUYỀN SAO CHÉP VIỆT NAM,GIẤY PHÉP THIẾT LẬP TRANG THÔNG TIN ĐIỆN TỬ TỔNG HỢP,2018-12-19,Giấy phép chính thức (ABEI - Bộ TT&TT),314/GP-TTĐT,valid,https://giayphep.abei.gov.vn/
phapluatvemoitruong.vn,VIỆN NGHIÊN CỨU PHÁP LUẬT VỀ MÔI TRƯỜNG,GIẤY PHÉP THIẾT LẬP TRANG THÔNG TIN ĐIỆN TỬ TỔNG HỢP,2023-05-25,Giấy phép chính thức (ABEI - Bộ TT&TT),83/GP-TTĐT,valid,https://giayphep.abei.gov.vn/
phapsutoithuong.vn,CÔNG TY TNHH VMGE,QUYẾT ĐỊNH PHÁT HÀNH TRÒ CHƠI ĐIỆN TỬ G1 TRÊN MẠNG,2023-06-09,Giấy phép chính thức (ABEI - Bộ TT&TT),1013/QĐ-BTTTT,valid,https://giayphep.abei.gov.vn/
phapthuat3d.vn,CÔNG TY CỔ PHẦN VTC DỊCH VỤ DI ĐỘNG,QUYẾT ĐỊNH PHÁT HÀNH TRÒ CHƠI ĐIỆN TỬ G1 TRÊN MẠNG,2020-01-21,Giấy phép chính thức (ABEI - Bộ TT&TT),119/QĐ-BTTTT,invalid,https://giayphep.abei.gov.vn/
phatgiaodoisong.vn,CÔNG TY CỔ PHẦN TRUYỀN THÔNG VĂN HOÁ PHẬT GIÁO VÀ ĐỜI SỐNG,GIẤY PHÉP CUNG CẤP DỊCH VỤ MẠNG XÃ HỘI,2020-09-15,Giấy phép chính thức (ABEI - Bộ TT&TT),394/GP-BTTTT,valid,https://giayphep.abei.gov.vn/
phatgiaohoahao.org,BAN TRỊ SỰ TRUNG ƯƠNG GIÁO HỘI PHẬT GIÁO HÒA HẢO,GIẤY PHÉP THIẾT LẬP TRANG THÔNG TIN ĐIỆN TỬ TỔNG HỢP,2020-12-31,Giấy phép chính thức (ABEI - Bộ TT&TT),252/GP-TTĐT,valid,https://giayphep.abei.gov.vn/
phathien.gamota.com,CÔNG TY CỔ PHẦN GAMOTA,QUYẾT ĐỊNH PHÁT HÀNH TRÒ CHƠI ĐIỆN TỬ G1 TRÊN MẠNG,2021-10-22,Giấy phép chính thức (ABEI - Bộ TT&TT),1670/QĐ-BTTTT,valid,https://giayphep.abei.gov.vn/
phatloc.vtcgame.vn,CÔNG TY VTC CÔNG NGHẸ VÀ NỘI DUNG SỐ,"GIẤY XÁC NHẬN THÔNG BÁO PHÁT HÀNH TRÒ CHƠI ĐIỆN TỬ G2,G3,G4",2017-02-15,Giấy phép chính thức (ABEI - Bộ TT&TT),68/GXN-PTTH&TTĐT,valid,https://giayphep.abei.gov.vn/
phatlocj.vtcgame.vn,CÔNG TY VTC CÔNG NGHỆ VÀ NỘI DUNG SỐ,"GIẤY XÁC NHẬN THÔNG BÁO PHÁT HÀNH TRÒ CHƠI ĐIỆN TỬ G2,G3,G4",2017-09-21,Giấy phép chính thức (ABEI - Bộ TT&TT),300/GXN-PTTH&TTĐT,valid,https://giayphep.abei.gov.vn/
phatsuonlinetv.com.vn,BAN THÔNG TIN TRUYỀN THÔNG TRUNG ƯƠNG,GIẤY PHÉP THIẾT LẬP TRANG THÔNG TIN ĐIỆN TỬ TỔNG HỢP,2019-05-10,Giấy phép chính thức (ABEI - Bộ TT&TT),84/GP-TTĐT,valid,https://giayphep.abei.gov.vn/
phattriendothi.com.vn,"TRUNG TÂM THÔNG TIN, HỢP TÁC QUỐC TẾ VÀ TƯ VẤN PHÁT TRIỂN ĐÔ THỊ",GIẤY PHÉP THIẾT LẬP TRANG THÔNG TIN ĐIỆN TỬ TỔNG HỢP,2013-08-08,Giấy phép chính thức (ABEI - Bộ TT&TT),106/GP-TTĐT,invalid,https://giayphep.abei.gov.vn/
phattriendothi.vn,"TRUNG TÂM THÔNG TIN, HỢP TÁC QUỐC TẾ VÀ TƯ VẤN PHÁT TRIỂN ĐÔ THỊ",GIẤY PHÉP THIẾT LẬP TRANG THÔNG TIN ĐIỆN TỬ TỔNG HỢP,2013-08-08,Giấy phép chính thức (ABEI - Bộ TT&TT),106/GP-TTĐT,invalid,https://giayphep.abei.gov.vn/
pheplapotara.ggames.vn,CÔNG TY TNHH TRỰC TUYẾN THIÊN HÀ,QUYẾT ĐỊNH PHÁT HÀNH TRÒ CHƠI ĐIỆN TỬ G1 TRÊN MẠNG,2022-07-25,Giấy phép chính thức (ABEI - Bộ TT&TT),1427/QĐ-BTTTT,valid,https://giayphep.abei.gov.vn/
phidoi.vtcgame.vn,CÔNG TY VTC CÔNG NGHỆ VÀ NỘI DUNG SỐ,QUYẾT ĐỊNH PHÁT HÀNH TRÒ CHƠI ĐIỆN TỬ G1 TRÊN MẠNG,2022-08-22,Giấy phép chính thức (ABEI - Bộ TT&TT),1571/QĐ-BTTTT,valid,https://giayphep.abei.gov.vn/
phikiemtruthienma.atgame.com.vn,CÔNG TY TNHH CÔNG NGHỆ MẠNG AT ,QUYẾT ĐỊNH PHÁT HÀNH TRÒ CHƠI ĐIỆN TỬ G1 TRÊN MẠNG,2026-06-25,Giấy phép chính thức (ABEI - Bộ TT&TT),373/QĐ-PTTH&TTĐT,valid,https://giayphep.abei.gov.vn/
phimhay365.vn,CÔNG TY CỔ PHẦN SKYNET VIỆT NAM,GIẤY PHÉP CUNG CẤP DỊCH VỤ MẠNG XÃ HỘI,2017-03-09,Giấy phép chính thức (ABEI - Bộ TT&TT),101/GP-BTTTT,valid,https://giayphep.abei.gov.vn/
phitien.ygame.vn,CÔNG TY CỔ PHẦN GIẢI TRÍ YGAME,QUYẾT ĐỊNH PHÁT HÀNH TRÒ CHƠI ĐIỆN TỬ G1 TRÊN MẠNG,2018-04-20,Giấy phép chính thức (ABEI - Bộ TT&TT),574/QĐ-BTTTT,valid,https://giayphep.abei.gov.vn/
phitienkiem.vn,CÔNG TY CỔ PHẦN GIẢI TRÍ TRỰC TUYẾN SUNGAME,QUYẾT ĐỊNH PHÁT HÀNH TRÒ CHƠI ĐIỆN TỬ G1 TRÊN MẠNG,2020-10-22,Giấy phép chính thức (ABEI - Bộ TT&TT),1783/QĐ-BTTTT,valid,https://giayphep.abei.gov.vn/
phoenixgaming68.com,CÔNG TY TNHH DỊCH VỤ GIẢI TRÍ PHƯỢNG HOÀNG,QUYẾT ĐỊNH PHÁT HÀNH TRÒ CHƠI ĐIỆN TỬ G1 TRÊN MẠNG,2020-12-29,Giấy phép chính thức (ABEI - Bộ TT&TT),2330/QĐ-BTTTT,invalid,https://giayphep.abei.gov.vn/
phoenixgaming69.com,CÔNG TY TNHH DỊCH VỤ GIẢI TRÍ PHƯỢNG HOÀNG,QUYẾT ĐỊNH PHÁT HÀNH TRÒ CHƠI ĐIỆN TỬ G1 TRÊN MẠNG,2020-06-11,Giấy phép chính thức (ABEI - Bộ TT&TT),980 /QĐ-BTTTT,invalid,https://giayphep.abei.gov.vn/
phomaster.boardcraftonline.vn,CÔNG TY TNHH ZINGPLAY VIỆT NAM,QUYẾT ĐỊNH PHÁT HÀNH TRÒ CHƠI ĐIỆN TỬ G1 TRÊN MẠNG,2024-08-02,Giấy phép chính thức (ABEI - Bộ TT&TT),1305/QĐ-BTTTT,valid,https://giayphep.abei.gov.vn/
phongchongmatuy.com.vn,"TẠP CHÍ CẢNH SÁT PHÒNG, CHỐNG TỘI PHẠM",GIẤY PHÉP THIẾT LẬP TRANG THÔNG TIN ĐIỆN TỬ TỔNG HỢP,2015-12-09,Giấy phép chính thức (ABEI - Bộ TT&TT),172/GP-TTĐT,invalid,https://giayphep.abei.gov.vn/
phongchongthamnhung.com.vn,"VIỆN NGHIÊN CỨU THANH TRA VÀ PHÒNG, CHỐNG THAM NHŨNG",GIẤY PHÉP THIẾT LẬP TRANG THÔNG TIN ĐIỆN TỬ TỔNG HỢP,2023-07-31,Giấy phép chính thức (ABEI - Bộ TT&TT),116/GP-TTĐT,valid,https://giayphep.abei.gov.vn/
phongdo.vn,CÔNG TY TNHH THƯƠNG MẠI VÀ TRUYỀN THÔNG PHƯƠNG NAM,GIẤY PHÉP CUNG CẤP DỊCH VỤ MẠNG XÃ HỘI,2019-10-04,Giấy phép chính thức (ABEI - Bộ TT&TT),424/GP-BTTTT,valid,https://giayphep.abei.gov.vn/
phonghautamquoc.sohagame.vn,CÔNG TY TNHH SOHA,QUYẾT ĐỊNH PHÁT HÀNH TRÒ CHƠI ĐIỆN TỬ G1 TRÊN MẠNG,2026-01-08,Giấy phép chính thức (ABEI - Bộ TT&TT),6/QĐ-PTTH&TTĐT,valid,https://giayphep.abei.gov.vn/
phonghoatamquoc.vn,CÔNG TY CỔ PHẦN FUNTAP,QUYẾT ĐỊNH PHÁT HÀNH TRÒ CHƠI ĐIỆN TỬ G1 TRÊN MẠNG,2019-07-26,Giấy phép chính thức (ABEI - Bộ TT&TT),1135 /QĐ-BTTTT,valid,https://giayphep.abei.gov.vn/
phongkhoitruongan.playfun.vn,CÔNG TY CỔ PHẦN FUNTAP,QUYẾT ĐỊNH PHÁT HÀNH TRÒ CHƠI ĐIỆN TỬ G1 TRÊN MẠNG,2021-04-23,Giấy phép chính thức (ABEI - Bộ TT&TT),532 /QĐ-BTTTT,valid,https://giayphep.abei.gov.vn/
phonglang.gamota.com,CÔNG TY CỔ PHẦN GAMOTA,QUYẾT ĐỊNH PHÁT HÀNH TRÒ CHƠI ĐIỆN TỬ G1 TRÊN MẠNG,2020-08-18,Giấy phép chính thức (ABEI - Bộ TT&TT),1410/QĐ-BTTTT,valid,https://giayphep.abei.gov.vn/
phongmachien.vn,CÔNG TY CỔ PHẦN VTC DỊCH VỤ DI ĐỘNG,QUYẾT ĐỊNH PHÁT HÀNH TRÒ CHƠI ĐIỆN TỬ G1 TRÊN MẠNG,2020-03-16,Giấy phép chính thức (ABEI - Bộ TT&TT),353/QĐ-BTTTT,invalid,https://giayphep.abei.gov.vn/
phongmadaosi.vplay.vn,CÔNG TY CỔ PHẦN TRUYỀN HÌNH TƯƠNG TÁC VIỆT NAM,QUYẾT ĐỊNH PHÁT HÀNH TRÒ CHƠI ĐIỆN TỬ G1 TRÊN MẠNG,2024-03-25,Giấy phép chính thức (ABEI - Bộ TT&TT),372/QĐ-BTTTT,invalid,https://giayphep.abei.gov.vn/
phongthan.vnggames.com,CÔNG TY CỔ PHẦN TẬP ĐOÀN VNG,QUYẾT ĐỊNH PHÁT HÀNH TRÒ CHƠI ĐIỆN TỬ G1 TRÊN MẠNG,2026-01-30,Giấy phép chính thức (ABEI - Bộ TT&TT),34/QĐ-PTTH&TTĐT,valid,https://giayphep.abei.gov.vn/
phongthanluc.vn,CÔNG TY TNHH SOHA,QUYẾT ĐỊNH PHÁT HÀNH TRÒ CHƠI ĐIỆN TỬ G1 TRÊN MẠNG,2024-08-19,Giấy phép chính thức (ABEI - Bộ TT&TT),1393/QĐ-BTTTT,valid,https://giayphep.abei.gov.vn/
phongthantdd.568play.vn,CÔNG TY CỔ PHẦN GIẢI TRÍ 568E ,QUYẾT ĐỊNH PHÁT HÀNH TRÒ CHƠI ĐIỆN TỬ G1 TRÊN MẠNG,2026-03-02,Giấy phép chính thức (ABEI - Bộ TT&TT),107/QĐ-PTTH&TTĐT,valid,https://giayphep.abei.gov.vn/
phongthantdd.vn,CÔNG TY CỔ PHẦN GIẢI TRÍ 568E ,QUYẾT ĐỊNH PHÁT HÀNH TRÒ CHƠI ĐIỆN TỬ G1 TRÊN MẠNG,2026-03-02,Giấy phép chính thức (ABEI - Bộ TT&TT),107/QĐ-PTTH&TTĐT,valid,https://giayphep.abei.gov.vn/
phongthantruyenky.vn,CÔNG TY CỔ PHẦN SOLAPLAY,QUYẾT ĐỊNH PHÁT HÀNH TRÒ CHƠI ĐIỆN TỬ G1 TRÊN MẠNG,2024-01-31,Giấy phép chính thức (ABEI - Bộ TT&TT),112/QĐ-BTTTT,valid,https://giayphep.abei.gov.vn/
phongtraoantq.gov.vn,CỤC XÂY DỰNG PHONG TRÀO TOÀN DÂN BẢO VỆ AN NINH TỔ QUỐC,GIẤY PHÉP THIẾT LẬP TRANG THÔNG TIN ĐIỆN TỬ TỔNG HỢP,2017-06-07,Giấy phép chính thức (ABEI - Bộ TT&TT),186/GP-TTĐT,valid,https://giayphep.abei.gov.vn/
phongvan.net.vn,CÔNG TY TNHH TRUYỀN THÔNG MINH PHƯƠNG THỊNH,QUYẾT ĐỊNH PHÁT HÀNH TRÒ CHƠI ĐIỆN TỬ G1 TRÊN MẠNG,2016-05-18,Giấy phép chính thức (ABEI - Bộ TT&TT),803/QĐ-BTTTT,valid,https://giayphep.abei.gov.vn/
phongvanchi.vn,CÔNG TY CỔ PHẦN VTC DỊCH VỤ DI ĐỘNG,QUYẾT ĐỊNH PHÁT HÀNH TRÒ CHƠI ĐIỆN TỬ G1 TRÊN MẠNG,2026-04-02,Giấy phép chính thức (ABEI - Bộ TT&TT),166/QĐ-PTTH&TTĐT,valid,https://giayphep.abei.gov.vn/
phongvanvtc.com.vn,CÔNG TY CỔ PHẦN VTC DỊCH VỤ DI ĐỘNG,QUYẾT ĐỊNH PHÁT HÀNH TRÒ CHƠI ĐIỆN TỬ G1 TRÊN MẠNG,2018-08-06,Giấy phép chính thức (ABEI - Bộ TT&TT),1292/QĐ-BTTTT,invalid,https://giayphep.abei.gov.vn/
phongvanvtc.vn,CÔNG TY CỔ PHẦN VTC DỊCH VỤ DI ĐỘNG,QUYẾT ĐỊNH PHÁT HÀNH TRÒ CHƠI ĐIỆN TỬ G1 TRÊN MẠNG,2018-08-06,Giấy phép chính thức (ABEI - Bộ TT&TT),1292/QĐ-BTTTT,invalid,https://giayphep.abei.gov.vn/
phongvuong.adnxgames.vn,CÔNG TY CỔ PHẦN ADNX,QUYẾT ĐỊNH PHÁT HÀNH TRÒ CHƠI ĐIỆN TỬ G1 TRÊN MẠNG,2022-11-11,Giấy phép chính thức (ABEI - Bộ TT&TT),2071/QĐ-BTTTT,valid,https://giayphep.abei.gov.vn/
phuchung3k.tbgame.vn,CÔNG TY TNHH TRÒ CHƠI TRỰC TUYẾN THIENBAO,QUYẾT ĐỊNH PHÁT HÀNH TRÒ CHƠI ĐIỆN TỬ G1 TRÊN MẠNG,2021-10-20,Giấy phép chính thức (ABEI - Bộ TT&TT),1647/QĐ-BTTTT,valid,https://giayphep.abei.gov.vn/
phuckich.vtcgame.vn,CÔNG TY VTC CÔNG NGHỆ VÀ NỘI DUNG SỐ,QUYẾT ĐỊNH PHÁT HÀNH TRÒ CHƠI ĐIỆN TỬ G1 TRÊN MẠNG,2017-07-17,Giấy phép chính thức (ABEI - Bộ TT&TT),1173/QĐ-BTTTT,valid,https://giayphep.abei.gov.vn/
phucyeusu.vsgame.vn,CÔNG TY CỔ PHẦN VISION GAME ,QUYẾT ĐỊNH PHÁT HÀNH TRÒ CHƠI ĐIỆN TỬ G1 TRÊN MẠNG,2025-02-18,Giấy phép chính thức (ABEI - Bộ TT&TT),38/QĐ-PTTH&TTĐT,valid,https://giayphep.abei.gov.vn/
phuhuynh.net.vn,CÔNG TY CỔ PHẦN VIỆN PHÁT TRIỂN GIÁO DỤC VÀ PHÁP LUẬT,GIẤY PHÉP CUNG CẤP DỊCH VỤ MẠNG XÃ HỘI,2023-12-21,Giấy phép chính thức (ABEI - Bộ TT&TT),467/GP-BTTTT,valid,https://giayphep.abei.gov.vn/
phunugiadinh.vn,CÔNG TY TNHH TRUYỀN THÔNG VIỆT FAMILY,GIẤY PHÉP CUNG CẤP DỊCH VỤ MẠNG XÃ HỘI,2017-10-02,Giấy phép chính thức (ABEI - Bộ TT&TT),478/GP-BTTTT,valid,https://giayphep.abei.gov.vn/
phunuvietkhoinghiep.vn,CÔNG TY CỔ PHẦN QUẢNG CÁO CAM,GIẤY PHÉP CUNG CẤP DỊCH VỤ MẠNG XÃ HỘI,2019-12-26,Giấy phép chính thức (ABEI - Bộ TT&TT),568 /GP-BTTTT,valid,https://giayphep.abei.gov.vn/
phunuvietnam.vn,BÁO PHỤ NỮ VIỆT NAM,GIẤY PHÉP THIẾT LẬP TRANG THÔNG TIN ĐIỆN TỬ TỔNG HỢP,2015-06-02,Giấy phép chính thức (ABEI - Bộ TT&TT),58/GP-TTĐT,invalid,https://giayphep.abei.gov.vn/
phuonghoangcamtu.playfun.vn,CÔNG TY CỔ PHẦN FUNTAP,QUYẾT ĐỊNH PHÁT HÀNH TRÒ CHƠI ĐIỆN TỬ G1 TRÊN MẠNG,2021-05-12,Giấy phép chính thức (ABEI - Bộ TT&TT),642/QĐ-BTTTT,valid,https://giayphep.abei.gov.vn/
phuonghoangtrutien.vplay.vn,CÔNG TY CỔ PHẦN TRUYỀN HÌNH TƯƠNG TÁC VIỆT NAM,QUYẾT ĐỊNH PHÁT HÀNH TRÒ CHƠI ĐIỆN TỬ G1 TRÊN MẠNG,2026-05-20,Giấy phép chính thức (ABEI - Bộ TT&TT),267/QĐ-PTTH&TTĐT,valid,https://giayphep.abei.gov.vn/
phuongnamedu.vn,CÔNG TY CỔ PHẦN ĐẦU TƯ VÀ PHÁT TRIỂN GIÁO DỤC PHƯƠNG NAM,GIẤY PHÉP CUNG CẤP DỊCH VỤ MẠNG XÃ HỘI,2021-11-26,Giấy phép chính thức (ABEI - Bộ TT&TT),781/GP-BTTTT,valid,https://giayphep.abei.gov.vn/
phuyen.info.vn,SỞ THÔNG TIN VÀ TRUYỀN THÔNG PHÚ YÊN,GIẤY PHÉP THIẾT LẬP TRANG THÔNG TIN ĐIỆN TỬ TỔNG HỢP,2019-10-22,Giấy phép chính thức (ABEI - Bộ TT&TT),200/GP-TTĐT,valid,https://giayphep.abei.gov.vn/
pi.org.vn,CÔNG TY CỔ PHẦN PI GROUP,GIẤY PHÉP CUNG CẤP DỊCH VỤ MẠNG XÃ HỘI,2019-11-12,Giấy phép chính thức (ABEI - Bộ TT&TT),493/GP-BTTTT,valid,https://giayphep.abei.gov.vn/
piggygo.hhgame.vn,CÔNG TY CỔ PHẦN PHÁT TRIỂN CÔNG NGHỆ SỐ HỒNG HÀ,QUYẾT ĐỊNH PHÁT HÀNH TRÒ CHƠI ĐIỆN TỬ G1 TRÊN MẠNG,2022-04-25,Giấy phép chính thức (ABEI - Bộ TT&TT),760/QĐ-BTTTT,invalid,https://giayphep.abei.gov.vn/
pinex.vn,CÔNG TY CỔ PHẦN CHỨNG KHOÁN PINETREE,GIẤY PHÉP CUNG CẤP DỊCH VỤ MẠNG XÃ HỘI,2021-11-26,Giấy phép chính thức (ABEI - Bộ TT&TT),784/GP-BTTTT,valid,https://giayphep.abei.gov.vn/
pingedu.vn,CÔNG TY CỔ PHẦN ĐẦU TƯ PHÁT TRIỂN HOÀNG GIA D&T,GIẤY PHÉP CUNG CẤP DỊCH VỤ MẠNG XÃ HỘI,2020-07-30,Giấy phép chính thức (ABEI - Bộ TT&TT),330/GP-BTTTT,valid,https://giayphep.abei.gov.vn/
pirateempire.game365.vn,CÔNG TY CỔ PHẦN CÔNG NGHỆ KỸ THUẬT VTECH,QUYẾT ĐỊNH PHÁT HÀNH TRÒ CHƠI ĐIỆN TỬ G1 TRÊN MẠNG,2023-06-06,Giấy phép chính thức (ABEI - Bộ TT&TT),975/QĐ-BTTTT,valid,https://giayphep.abei.gov.vn/
pktt.velalive.net.vn,Công ty TNHH Velalive,QUYẾT ĐỊNH PHÁT HÀNH TRÒ CHƠI ĐIỆN TỬ G1 TRÊN MẠNG,2026-01-23,Giấy phép chính thức (ABEI - Bộ TT&TT),29/QĐ-PTTH&TTĐT,valid,https://giayphep.abei.gov.vn/
pl.360game.vn,CÔNG TY TNHH TRUYỀN THÔNG MINH PHƯƠNG THỊNH,QUYẾT ĐỊNH PHÁT HÀNH TRÒ CHƠI ĐIỆN TỬ G1 TRÊN MẠNG,2017-03-17,Giấy phép chính thức (ABEI - Bộ TT&TT),342/QĐ-BTTTT,valid,https://giayphep.abei.gov.vn/
plavsola.vn,CÔNG TY CỔ PHẦN SOLAPLAY,QUYẾT ĐỊNH PHÁT HÀNH TRÒ CHƠI ĐIỆN TỬ G1 TRÊN MẠNG,2022-10-07,Giấy phép chính thức (ABEI - Bộ TT&TT),1874/QĐ-BTTTT,valid,https://giayphep.abei.gov.vn/
play.3tonline.vn,CÔNG TY CỔ PHẦN GIẢI TRÍ TRỰC TUYẾN 3T,QUYẾT ĐỊNH PHÁT HÀNH TRÒ CHƠI ĐIỆN TỬ G1 TRÊN MẠNG,2021-11-26,Giấy phép chính thức (ABEI - Bộ TT&TT),1887 /QĐ-BTTTT,valid,https://giayphep.abei.gov.vn/
play.com.vn,CÔNG TY CỔ PHẦN 9PLAY,QUYẾT ĐỊNH PHÁT HÀNH TRÒ CHƠI ĐIỆN TỬ G1 TRÊN MẠNG,2021-05-18,Giấy phép chính thức (ABEI - Bộ TT&TT),672/QĐ-BTTTT,valid,https://giayphep.abei.gov.vn/
play.oeggames.vn,CÔNG TY CỔ PHẦN TẬP ĐOÀN GIẢI TRÍ ĐẠI DƯƠNG ,QUYẾT ĐỊNH PHÁT HÀNH TRÒ CHƠI ĐIỆN TỬ G1 TRÊN MẠNG,2025-07-30,Giấy phép chính thức (ABEI - Bộ TT&TT),334 /QĐ-PTTH&TTĐT,invalid,https://giayphep.abei.gov.vn/
play.visiongame.vn,CÔNG TY CỔ PHẦN VISION GAME,QUYẾT ĐỊNH PHÁT HÀNH TRÒ CHƠI ĐIỆN TỬ G1 TRÊN MẠNG,2025-11-03,Giấy phép chính thức (ABEI - Bộ TT&TT),493/QĐ-PTTH&TTĐT,valid,https://giayphep.abei.gov.vn/
playee.vn,CÔNG TY CỔ PHẦN GAMOTA,GIẤY PHÉP CUNG CẤP DỊCH VỤ MẠNG XÃ HỘI,2023-10-23,Giấy phép chính thức (ABEI - Bộ TT&TT),393/GP-BTTTT,valid,https://giayphep.abei.gov.vn/
playfun.vn,CÔNG TY CỔ PHẦN FUNTAP,QUYẾT ĐỊNH PHÁT HÀNH TRÒ CHƠI ĐIỆN TỬ G1 TRÊN MẠNG,2025-11-07,Giấy phép chính thức (ABEI - Bộ TT&TT),499/QĐ-PTTH&TTĐT,valid,https://giayphep.abei.gov.vn/
playgate.vn,Công ty TNHH Play Gate ,GIẤY PHÉP CUNG CẤP DỊCH VỤ MẠNG XÃ HỘI,2026-05-06,Giấy phép chính thức (ABEI - Bộ TT&TT),83/GP-PTTH&TTĐT,valid,https://giayphep.abei.gov.vn/
playpop.vn,Công ty TNHH Play Gate ,GIẤY PHÉP CUNG CẤP DỊCH VỤ MẠNG XÃ HỘI,2026-05-06,Giấy phép chính thức (ABEI - Bộ TT&TT),83/GP-PTTH&TTĐT,valid,https://giayphep.abei.gov.vn/
playsola.com,CÔNG TY CỔ PHẦN SOLAPLAY,QUYẾT ĐỊNH PHÁT HÀNH TRÒ CHƠI ĐIỆN TỬ G1 TRÊN MẠNG,2026-05-15,Giấy phép chính thức (ABEI - Bộ TT&TT),246/QĐ-PTTH&TTĐT,valid,https://giayphep.abei.gov.vn/
playsola.vn,CÔNG TY CỔ PHẦN SOLAPLAY ,QUYẾT ĐỊNH PHÁT HÀNH TRÒ CHƠI ĐIỆN TỬ G1 TRÊN MẠNG,2025-09-26,Giấy phép chính thức (ABEI - Bộ TT&TT),419/QĐ-PTTH&TTĐT,valid,https://giayphep.abei.gov.vn/
playsolu.com,CÔNG TY CỔ PHẦN SOLAPLAY,QUYẾT ĐỊNH PHÁT HÀNH TRÒ CHƠI ĐIỆN TỬ G1 TRÊN MẠNG,2022-06-02,Giấy phép chính thức (ABEI - Bộ TT&TT),1021/QĐ-BTTTT,valid,https://giayphep.abei.gov.vn/
playtogether.vnggames.com,CÔNG TY CỔ PHẦN TẬP ĐOÀN VNG,QUYẾT ĐỊNH PHÁT HÀNH TRÒ CHƠI ĐIỆN TỬ G1 TRÊN MẠNG,2026-05-27,Giấy phép chính thức (ABEI - Bộ TT&TT),280/QĐ-PTTH&TTĐT,valid,https://giayphep.abei.gov.vn/
playx.vn,CÔNG TY TNHH XGA,QUYẾT ĐỊNH PHÁT HÀNH TRÒ CHƠI ĐIỆN TỬ G1 TRÊN MẠNG,2023-04-26,Giấy phép chính thức (ABEI - Bộ TT&TT),720/QĐ-BTTTT,valid,https://giayphep.abei.gov.vn/
plcl.net.vn,VIỆN NGHIÊN CỨU PHÁP LUẬT BẢO VỆ DOANH NGHIỆP VÀ NGƯỜI TIÊU DÙNG,GIẤY PHÉP THIẾT LẬP TRANG THÔNG TIN ĐIỆN TỬ TỔNG HỢP,2024-10-02,Giấy phép chính thức (ABEI - Bộ TT&TT),231/GP-TTĐT,valid,https://giayphep.abei.gov.vn/
pnc.playfun.vn,CÔNG TY CỔ PHẦN PHÁT TRIỂN CÔNG NGHỆ SỐ HỒNG HÀ,QUYẾT ĐỊNH PHÁT HÀNH TRÒ CHƠI ĐIỆN TỬ G1 TRÊN MẠNG,2023-12-25,Giấy phép chính thức (ABEI - Bộ TT&TT),2517/QĐ-BTTTT,valid,https://giayphep.abei.gov.vn/
pntt.talktv.vn,CÔNG TY CỔ PHẦN VNG,QUYẾT ĐỊNH PHÁT HÀNH TRÒ CHƠI ĐIỆN TỬ G1 TRÊN MẠNG,2017-09-25,Giấy phép chính thức (ABEI - Bộ TT&TT),1593/QĐ-BTTTT,invalid,https://giayphep.abei.gov.vn/
pnttdk.vn,CÔNG TY CỔ PHẦN PHÁT TRIỂN CÔNG NGHỆ SỐ HỒNG HÀ,QUYẾT ĐỊNH PHÁT HÀNH TRÒ CHƠI ĐIỆN TỬ G1 TRÊN MẠNG,2024-02-05,Giấy phép chính thức (ABEI - Bộ TT&TT),138/QĐ-BTTTT,valid,https://giayphep.abei.gov.vn/
pnvnnuocngoai.vn,BÁO PHỤ NỮ VIỆT NAM,GIẤY PHÉP THIẾT LẬP TRANG THÔNG TIN ĐIỆN TỬ TỔNG HỢP,2015-02-14,Giấy phép chính thức (ABEI - Bộ TT&TT),11/GP-TTĐT,invalid,https://giayphep.abei.gov.vn/
poke.com.vn,CÔNG TY TNHH TRUYỀN THÔNG MINH PHƯƠNG THỊNH,QUYẾT ĐỊNH PHÁT HÀNH TRÒ CHƠI ĐIỆN TỬ G1 TRÊN MẠNG,2019-08-16,Giấy phép chính thức (ABEI - Bộ TT&TT),1340 /QĐ-BTTTT,valid,https://giayphep.abei.gov.vn/
poke.obt.vn,CÔNG TY CỔ PHẦN XTV,QUYẾT ĐỊNH PHÁT HÀNH TRÒ CHƠI ĐIỆN TỬ G1 TRÊN MẠNG,2020-03-16,Giấy phép chính thức (ABEI - Bộ TT&TT),354/QĐ-BTTTT,invalid,https://giayphep.abei.gov.vn/
pokeht.vn,CÔNG TY TNHH SOHA,QUYẾT ĐỊNH PHÁT HÀNH TRÒ CHƠI ĐIỆN TỬ G1 TRÊN MẠNG,2019-07-10,Giấy phép chính thức (ABEI - Bộ TT&TT),1059/QĐ-BTTTT,valid,https://giayphep.abei.gov.vn/
pokem.vtcgame.vn,CÔNG TY VTC CÔNG NGHỆ VÀ NỘI DUNG SỐ,QUYẾT ĐỊNH PHÁT HÀNH TRÒ CHƠI ĐIỆN TỬ G1 TRÊN MẠNG,2019-07-25,Giấy phép chính thức (ABEI - Bộ TT&TT),1129 /QĐ-BTTTT,invalid,https://giayphep.abei.gov.vn/
pokephieuluuky.vn,CÔNG TY CỔ PHẦN FUNTAP,QUYẾT ĐỊNH PHÁT HÀNH TRÒ CHƠI ĐIỆN TỬ G1 TRÊN MẠNG,2018-11-27,Giấy phép chính thức (ABEI - Bộ TT&TT),2012/QĐ-BTTTT,valid,https://giayphep.abei.gov.vn/
pokimobile.vn,CÔNG TY CỔ PHẦN TRỰC TUYẾN CMN VIỆT NAM,QUYẾT ĐỊNH PHÁT HÀNH TRÒ CHƠI ĐIỆN TỬ G1 TRÊN MẠNG,2019-12-10,Giấy phép chính thức (ABEI - Bộ TT&TT),2166/QĐ-BTTTT,valid,https://giayphep.abei.gov.vn/
pokiwar.360game.vn,CÔNG TY TNHH GIẢI TRÍ LONG ĐỈNH,QUYẾT ĐỊNH PHÁT HÀNH TRÒ CHƠI ĐIỆN TỬ G1 TRÊN MẠNG,2018-08-09,Giấy phép chính thức (ABEI - Bộ TT&TT),1318/QĐ-BTTTT,valid,https://giayphep.abei.gov.vn/
pon.migames.vn,CÔNG TY TNHH MOUNTAIN LAKE,QUYẾT ĐỊNH PHÁT HÀNH TRÒ CHƠI ĐIỆN TỬ G1 TRÊN MẠNG,2022-04-28,Giấy phép chính thức (ABEI - Bộ TT&TT),793/QĐ-BTTTT,valid,https://giayphep.abei.gov.vn/
pops.vn,CÔNG TY CỔ PHẦN PHONG PHÚ SẮC VIỆT ,GIẤY PHÉP CUNG CẤP DỊCH VỤ MẠNG XÃ HỘI,2019-02-22,Giấy phép chính thức (ABEI - Bộ TT&TT),63/GP-BTTTT,valid,https://giayphep.abei.gov.vn/
prismtech.vn,CÔNG TY CỔ PHẦN PRISMTECH,GIẤY PHÉP CUNG CẤP DỊCH VỤ MẠNG XÃ HỘI,2022-10-17,Giấy phép chính thức (ABEI - Bộ TT&TT),494/GP-BTTTT,valid,https://giayphep.abei.gov.vn/
profin.vn,CÔNG TY TNHH PROFIN,GIẤY PHÉP CUNG CẤP DỊCH VỤ MẠNG XÃ HỘI,2021-06-02,Giấy phép chính thức (ABEI - Bộ TT&TT),329/GP-BTTTT,valid,https://giayphep.abei.gov.vn/
pt.solaplay.vn,CÔNG TY CỔ PHẦN TRAVELLET VIỆT NAM,QUYẾT ĐỊNH PHÁT HÀNH TRÒ CHƠI ĐIỆN TỬ G1 TRÊN MẠNG,2022-01-25,Giấy phép chính thức (ABEI - Bộ TT&TT),119/QĐ-BTTTT,invalid,https://giayphep.abei.gov.vn/
pt.vnggames.com,CÔNG TY CỔ PHẦN VNG,QUYẾT ĐỊNH PHÁT HÀNH TRÒ CHƠI ĐIỆN TỬ G1 TRÊN MẠNG,2025-04-04,Giấy phép chính thức (ABEI - Bộ TT&TT),100/QĐ-PTTH&TTĐT,valid,https://giayphep.abei.gov.vn/
pt.vtczone.vn,CÔNG TY CỔ PHẦN VTC DỊCH VỤ DI ĐỘNG,QUYẾT ĐỊNH PHÁT HÀNH TRÒ CHƠI ĐIỆN TỬ G1 TRÊN MẠNG,2026-04-21,Giấy phép chính thức (ABEI - Bộ TT&TT),201/QĐ-PTTH&TTĐT,valid,https://giayphep.abei.gov.vn/
ptkg.vtcgame.vn,CÔNG TY VTC CÔNG NGHỆ VÀ NỘI DUNG SỐ,"GIẤY XÁC NHẬN THÔNG BÁO PHÁT HÀNH TRÒ CHƠI ĐIỆN TỬ G2,G3,G4",2022-10-28,Giấy phép chính thức (ABEI - Bộ TT&TT),143/GXN-PTTH&TTĐT,valid,https://giayphep.abei.gov.vn/
ptpphuyen.vn,ĐÀI PHÁT THANH VÀ TRUYỀN HÌNH PHÚ YÊN,GIẤY PHÉP THIẾT LẬP TRANG THÔNG TIN ĐIỆN TỬ TỔNG HỢP,2018-01-04,Giấy phép chính thức (ABEI - Bộ TT&TT),02/GP-TTĐT,valid,https://giayphep.abei.gov.vn/
ptthdaknong.com.vn,ĐÀI PHÁT THANH VÀ TRUYỀN HÌNH ĐẮK NÔNG,GIẤY PHÉP THIẾT LẬP TRANG THÔNG TIN ĐIỆN TỬ TỔNG HỢP,2020-06-26,Giấy phép chính thức (ABEI - Bộ TT&TT),99/GP-TTĐT,invalid,https://giayphep.abei.gov.vn/
pubgm.vnggames.com,CÔNG TY CỔ PHẦN TẬP ĐOÀN VNG,QUYẾT ĐỊNH PHÁT HÀNH TRÒ CHƠI ĐIỆN TỬ G1 TRÊN MẠNG,2025-07-10,Giấy phép chính thức (ABEI - Bộ TT&TT),311/QĐ-PTTH&TTĐT,valid,https://giayphep.abei.gov.vn/
pubgm.zing.vn,CÔNG TY CỔ PHẦN TẬP ĐOÀN VNG,QUYẾT ĐỊNH PHÁT HÀNH TRÒ CHƠI ĐIỆN TỬ G1 TRÊN MẠNG,2025-07-10,Giấy phép chính thức (ABEI - Bộ TT&TT),311/QĐ-PTTH&TTĐT,valid,https://giayphep.abei.gov.vn/
pv3d.360game.vn,CÔNG TY CỔ PHẦN VNG,QUYẾT ĐỊNH PHÁT HÀNH TRÒ CHƠI ĐIỆN TỬ G1 TRÊN MẠNG,2016-05-18,Giấy phép chính thức (ABEI - Bộ TT&TT),804/QĐ-BTTTT,invalid,https://giayphep.abei.gov.vn/
pvn.com.vn,TẬP ĐOÀN DẦU KHÍ VIỆT NAM,GIẤY PHÉP THIẾT LẬP TRANG THÔNG TIN ĐIỆN TỬ TỔNG HỢP,2019-09-11,Giấy phép chính thức (ABEI - Bộ TT&TT),176/GP-TTĐT,invalid,https://giayphep.abei.gov.vn/
pvn.vn,TẬP ĐOÀN DẦU KHÍ VIỆT NAM,GIẤY PHÉP THIẾT LẬP TRANG THÔNG TIN ĐIỆN TỬ TỔNG HỢP,2013-01-25,Giấy phép chính thức (ABEI - Bộ TT&TT),10/GP-TTĐT,invalid,https://giayphep.abei.gov.vn/
pvtk.cmn.vn,CÔNG TY CỔ PHẦN TRỰC TUYẾN CMN VIỆT NAM,QUYẾT ĐỊNH PHÁT HÀNH TRÒ CHƠI ĐIỆN TỬ G1 TRÊN MẠNG,2026-03-05,Giấy phép chính thức (ABEI - Bộ TT&TT),110/QĐ-PTTH&TTĐT,valid,https://giayphep.abei.gov.vn/
pvtk.kul.vn,CÔNG TY CỔ PHẦN TRỰC TUYẾN CMN VIỆT NAM,QUYẾT ĐỊNH PHÁT HÀNH TRÒ CHƠI ĐIỆN TỬ G1 TRÊN MẠNG,2016-06-02,Giấy phép chính thức (ABEI - Bộ TT&TT),937/QĐ-BTTTT,invalid,https://giayphep.abei.gov.vn/
qbtv.vn,ĐÀI PHÁT THANH VÀ TRUYỀN HÌNH QUẢNG BÌNH,GIẤY PHÉP THIẾT LẬP TRANG THÔNG TIN ĐIỆN TỬ TỔNG HỢP,2020-11-09,Giấy phép chính thức (ABEI - Bộ TT&TT),212/GP-TTĐT,invalid,https://giayphep.abei.gov.vn/
qcn.ciks.vn,BAN ĐIỀU HÀNH ĐỀ ÁN ĐƯA NỘI DUNG QUYỀN CON NGƯỜI VÀO CHƯƠNG TRÌNH GIÁO DỤC TRONG HỆ THỐNG GIÁO DỤC QUỐC DÂN  (ĐỂ ĂN GIÁO DỤC QUYỀN CON NGƯỜI),GIẤY PHÉP THIẾT LẬP TRANG THÔNG TIN ĐIỆN TỬ TỔNG HỢP,2022-01-06,Giấy phép chính thức (ABEI - Bộ TT&TT),01/GP-TTĐT,valid,https://giayphep.abei.gov.vn/
qcth.vn,CÔNG TY CỔ PHẦN TEPAYLINK,QUYẾT ĐỊNH PHÁT HÀNH TRÒ CHƠI ĐIỆN TỬ G1 TRÊN MẠNG,2024-12-10,Giấy phép chính thức (ABEI - Bộ TT&TT),2168/QĐ-BTTTT,valid,https://giayphep.abei.gov.vn/
qdbt.hhgame.vn,CÔNG TY CỔ PHẦN PHÁT TRIỂN CÔNG NGHỆ SỐ HỒNG HÀ ,QUYẾT ĐỊNH PHÁT HÀNH TRÒ CHƠI ĐIỆN TỬ G1 TRÊN MẠNG,2025-11-07,Giấy phép chính thức (ABEI - Bộ TT&TT),500/QĐ-PTTH&TTĐT,valid,https://giayphep.abei.gov.vn/
qh-hdndphuyen.gov.vn,VĂN PHÒNG ĐOÀN ĐẠI BIỂU QUỐC HỘI VÀ HỘI ĐỒNG NHÂN DÂN PHÚ YÊN,GIẤY PHÉP THIẾT LẬP TRANG THÔNG TIN ĐIỆN TỬ TỔNG HỢP,2013-08-29,Giấy phép chính thức (ABEI - Bộ TT&TT),127/GP-TTĐT,invalid,https://giayphep.abei.gov.vn/
qk2.com.vn,BÁO QUÂN KHU 2,GIẤY PHÉP THIẾT LẬP TRANG THÔNG TIN ĐIỆN TỬ TỔNG HỢP,2015-08-13,Giấy phép chính thức (ABEI - Bộ TT&TT),113/GP-TTĐT,valid,https://giayphep.abei.gov.vn/
qk2.vn,BÁO QUÂN KHU 2,GIẤY PHÉP THIẾT LẬP TRANG THÔNG TIN ĐIỆN TỬ TỔNG HỢP,2015-08-13,Giấy phép chính thức (ABEI - Bộ TT&TT),113/GP-TTĐT,valid,https://giayphep.abei.gov.vn/
qnitrade.gov.vn,TRUNG TÂM XÚC TIẾN THƯƠNG MẠI TỈNH QUẢNG NINH,GIẤY PHÉP THIẾT LẬP TRANG THÔNG TIN ĐIỆN TỬ TỔNG HỢP,2013-08-29,Giấy phép chính thức (ABEI - Bộ TT&TT),125/GP-TTĐT,invalid,https://giayphep.abei.gov.vn/
qptd.vn,BÁO QUỐC PHÒNG THỦ ĐÔ,GIẤY PHÉP THIẾT LẬP TRANG THÔNG TIN ĐIỆN TỬ TỔNG HỢP,2015-04-22,Giấy phép chính thức (ABEI - Bộ TT&TT),34/GP-TTĐT,invalid,https://giayphep.abei.gov.vn/
qpvn.vn,TRUNG TÂM PHÁT THANH - TRUYỀN HÌNH QUÂN ĐỘI,GIẤY PHÉP THIẾT LẬP TRANG THÔNG TIN ĐIỆN TỬ TỔNG HỢP,2015-08-24,Giấy phép chính thức (ABEI - Bộ TT&TT),121/GP-TTĐT,valid,https://giayphep.abei.gov.vn/
qrt.com.vn,ĐÀI PHÁT THANH - TRUYỀN HÌNH QUẢNG NAM,GIẤY PHÉP THIẾT LẬP TRANG THÔNG TIN ĐIỆN TỬ TỔNG HỢP,2017-07-27,Giấy phép chính thức (ABEI - Bộ TT&TT),251/GP-TTĐT,valid,https://giayphep.abei.gov.vn/
qrt.vn,ĐÀI PHÁT THANH - TRUYỀN HÌNH QUẢNG NAM,GIẤY PHÉP THIẾT LẬP TRANG THÔNG TIN ĐIỆN TỬ TỔNG HỢP,2017-07-27,Giấy phép chính thức (ABEI - Bộ TT&TT),251/GP-TTĐT,valid,https://giayphep.abei.gov.vn/
qtcs.com.vn,CÔNG TY CỔ PHẦN MAXGROUP,GIẤY PHÉP CUNG CẤP DỊCH VỤ MẠNG XÃ HỘI,2021-01-22,Giấy phép chính thức (ABEI - Bộ TT&TT),51/GP-BTTTT,valid,https://giayphep.abei.gov.vn/
qtv.com.vn,ĐÀI PHÁT THANH VÀ TRUYỀN HÌNH QUẢNG NINH,GIẤY PHÉP THIẾT LẬP TRANG THÔNG TIN ĐIỆN TỬ TỔNG HỢP,2018-10-24,Giấy phép chính thức (ABEI - Bộ TT&TT),273/GP-TTĐT,valid,https://giayphep.abei.gov.vn/
qtv.vn,ĐÀI PHÁT THANH VÀ TRUYỀN HÌNH QUẢNG NINH,GIẤY PHÉP THIẾT LẬP TRANG THÔNG TIN ĐIỆN TỬ TỔNG HỢP,2018-10-24,Giấy phép chính thức (ABEI - Bộ TT&TT),273/GP-TTĐT,valid,https://giayphep.abei.gov.vn/
quaithu.oeg.vn,CÔNG TY CỔ PHẦN TẬP ĐOÀN GIẢI TRÍ ĐẠI DƯƠNG,QUYẾT ĐỊNH PHÁT HÀNH TRÒ CHƠI ĐIỆN TỬ G1 TRÊN MẠNG,2026-03-30,Giấy phép chính thức (ABEI - Bộ TT&TT),155/QĐ-BVHTTDL,valid,https://giayphep.abei.gov.vn/
quaivatlm.vn,CÔNG TY CỔ PHẦN GIẢI TRÍ TRỰC TUYẾN 3T,QUYẾT ĐỊNH PHÁT HÀNH TRÒ CHƠI ĐIỆN TỬ G1 TRÊN MẠNG,2024-11-19,Giấy phép chính thức (ABEI - Bộ TT&TT),2004/QĐ-BTTTT,invalid,https://giayphep.abei.gov.vn/
quananhphonghoaluc.vplay.vn,CÔNG TY CỔ PHẦN TRUYỀN HÌNH TƯƠNG TÁC VIỆT NAM,QUYẾT ĐỊNH PHÁT HÀNH TRÒ CHƠI ĐIỆN TỬ G1 TRÊN MẠNG,2025-08-11,Giấy phép chính thức (ABEI - Bộ TT&TT),355 /QĐ-PTTH&TTĐT,invalid,https://giayphep.abei.gov.vn/
quandoan.com.vn,CÔNG TY CỔ PHẦN VTC DỊCH VỤ DI ĐỘNG,QUYẾT ĐỊNH PHÁT HÀNH TRÒ CHƠI ĐIỆN TỬ G1 TRÊN MẠNG,2017-11-22,Giấy phép chính thức (ABEI - Bộ TT&TT),2096/QĐ-BTTTT,invalid,https://giayphep.abei.gov.vn/
quangngaitv.vn,ĐÀI PHÁT THANH VÀ TRUYỀN HÌNH QUẢNG NGÃI,GIẤY PHÉP THIẾT LẬP TRANG THÔNG TIN ĐIỆN TỬ TỔNG HỢP,2020-11-09,Giấy phép chính thức (ABEI - Bộ TT&TT),210/GP-TTĐT,valid,https://giayphep.abei.gov.vn/
quangning.gov.vn,SỞ THÔNG TIN VÀ TRUYỀN THÔNG QUẢNG NINH,GIẤY PHÉP THIẾT LẬP TRANG THÔNG TIN ĐIỆN TỬ TỔNG HỢP,2015-05-27,Giấy phép chính thức (ABEI - Bộ TT&TT),53/GP-TTĐT,invalid,https://giayphep.abei.gov.vn/
quangninhtv.com.vn,ĐÀI PHÁT THANH VÀ TRUYỀN HÌNH QUẢNG NINH,GIẤY PHÉP THIẾT LẬP TRANG THÔNG TIN ĐIỆN TỬ TỔNG HỢP,2018-10-24,Giấy phép chính thức (ABEI - Bộ TT&TT),273/GP-TTĐT,valid,https://giayphep.abei.gov.vn/
quangninhtv.vn,ĐÀI PHÁT THANH VÀ TRUYỀN HÌNH QUẢNG NINH,GIẤY PHÉP THIẾT LẬP TRANG THÔNG TIN ĐIỆN TỬ TỔNG HỢP,2018-10-24,Giấy phép chính thức (ABEI - Bộ TT&TT),273/GP-TTĐT,valid,https://giayphep.abei.gov.vn/
quangtri.gov.vn,SỞ THÔNG TIN VÀ TRUYỀN THÔNG QUẢNG TRỊ,GIẤY PHÉP THIẾT LẬP TRANG THÔNG TIN ĐIỆN TỬ TỔNG HỢP,2019-12-27,Giấy phép chính thức (ABEI - Bộ TT&TT),246/GP-TTĐT,invalid,https://giayphep.abei.gov.vn/
quangtritv.vn,ĐÀI PHÁT THANH VÀ TRUYỀN HÌNH QUẢNG TRỊ,GIẤY PHÉP THIẾT LẬP TRANG THÔNG TIN ĐIỆN TỬ TỔNG HỢP,2018-04-11,Giấy phép chính thức (ABEI - Bộ TT&TT),64/GP-TTĐT,valid,https://giayphep.abei.gov.vn/
quankhu2.com.vn,BÁO QUÂN KHU 2,GIẤY PHÉP THIẾT LẬP TRANG THÔNG TIN ĐIỆN TỬ TỔNG HỢP,2015-08-13,Giấy phép chính thức (ABEI - Bộ TT&TT),113/GP-TTĐT,valid,https://giayphep.abei.gov.vn/
quankhu2.vn,BÁO QUÂN KHU 2,GIẤY PHÉP THIẾT LẬP TRANG THÔNG TIN ĐIỆN TỬ TỔNG HỢP,2015-08-13,Giấy phép chính thức (ABEI - Bộ TT&TT),113/GP-TTĐT,valid,https://giayphep.abei.gov.vn/
quanlytainguyenvamoitruong.vn,"TRUNG TÂM QUẢN LÝ CHÍNH SÁCH, PHÁP LUẬT TÀI NGUYÊN VÀ MÔI TRƯỜNG",GIẤY PHÉP THIẾT LẬP TRANG THÔNG TIN ĐIỆN TỬ TỔNG HỢP,2020-11-09,Giấy phép chính thức (ABEI - Bộ TT&TT),211/GP-TTĐT,valid,https://giayphep.abei.gov.vn/
quansu3q.oeg.vn,CÔNG TY CỔ PHẦN TẬP ĐOÀN GIẢI TRÍ ĐẠI DƯƠNG,QUYẾT ĐỊNH PHÁT HÀNH TRÒ CHƠI ĐIỆN TỬ G1 TRÊN MẠNG,2025-01-24,Giấy phép chính thức (ABEI - Bộ TT&TT),19/QĐ-PTTH&TTĐT,valid,https://giayphep.abei.gov.vn/
quansulienminh.vn,CÔNG TY TNHH TRUYỀN THÔNG MINH PHƯƠNG THỊNH,QUYẾT ĐỊNH PHÁT HÀNH TRÒ CHƠI ĐIỆN TỬ G1 TRÊN MẠNG,2018-08-09,Giấy phép chính thức (ABEI - Bộ TT&TT),1319/QĐ-BTTTT,valid,https://giayphep.abei.gov.vn/
quansumobile.com,CÔNG TY CỔ PHẦN  VTC DỊCH VỤ DI ĐỘNG,"GIẤY XÁC NHẬN THÔNG BÁO PHÁT HÀNH TRÒ CHƠI ĐIỆN TỬ G2,G3,G4",2018-11-26,Giấy phép chính thức (ABEI - Bộ TT&TT),299/GXN-PTTH&TTĐT,valid,https://giayphep.abei.gov.vn/
quantracmoitruong.gov.vn,TRUNG TÂM QUAN TRẮC MÔI TRƯỜNG,GIẤY PHÉP THIẾT LẬP TRANG THÔNG TIN ĐIỆN TỬ TỔNG HỢP,2016-06-03,Giấy phép chính thức (ABEI - Bộ TT&TT),52/GP-TTĐT,valid,https://giayphep.abei.gov.vn/
quanvantruong.vtcgame.vn,CÔNG TY VTC CÔNG NGHỆ VÀ NỘI DUNG SỐ,QUYẾT ĐỊNH PHÁT HÀNH TRÒ CHƠI ĐIỆN TỬ G1 TRÊN MẠNG,2017-06-14,Giấy phép chính thức (ABEI - Bộ TT&TT),907/QĐ-BTTTT,invalid,https://giayphep.abei.gov.vn/
quanvu3d.gamota.com,CÔNG TY CỔ PHẦN GAMOTA,QUYẾT ĐỊNH PHÁT HÀNH TRÒ CHƠI ĐIỆN TỬ G1 TRÊN MẠNG,2020-05-21,Giấy phép chính thức (ABEI - Bộ TT&TT),851/QĐ-BTTTT,valid,https://giayphep.abei.gov.vn/
queen88.vn,CÔNG TY TNHH TRUYỀN THÔNG VÀ GIẢI TRÍ WATERBEAR,GIẤY PHÉP CUNG CẤP DỊCH VỤ MẠNG XÃ HỘI,2021-01-27,Giấy phép chính thức (ABEI - Bộ TT&TT),56/GP-BTTTT,valid,https://giayphep.abei.gov.vn/
quehuongonline.vn,TẠP CHÍ QUÊ HƯƠNG,GIẤY PHÉP THIẾT LẬP TRANG THÔNG TIN ĐIỆN TỬ TỔNG HỢP,2016-03-24,Giấy phép chính thức (ABEI - Bộ TT&TT),21/GP-TTĐT,invalid,https://giayphep.abei.gov.vn/
quehuongtrongtoi.vn,CÔNG TY CỔ PHẦN PHÁT TRIỂN TRUYỀN THÔNG VÀ SỰ KIỆN SAO VIỆT,GIẤY PHÉP CUNG CẤP DỊCH VỤ MẠNG XÃ HỘI,2019-09-11,Giấy phép chính thức (ABEI - Bộ TT&TT),375/GP-BTTTT,valid,https://giayphep.abei.gov.vn/
quocgiakhoinghiep.vn,CÔNG TY CỔ PHẦN SÁNG TẠO LÊ MINH,GIẤY PHÉP CUNG CẤP DỊCH VỤ MẠNG XÃ HỘI,2019-08-16,Giấy phép chính thức (ABEI - Bộ TT&TT),326/GP-BTTTT,valid,https://giayphep.abei.gov.vn/
quochoi.vn,VĂN PHÒNG QUỐC HỘI,GIẤY PHÉP THIẾT LẬP TRANG THÔNG TIN ĐIỆN TỬ TỔNG HỢP,2015-03-12,Giấy phép chính thức (ABEI - Bộ TT&TT),18/GP-TTĐT,invalid,https://giayphep.abei.gov.vn/
quochoitv.vn,KÊNH TRUYỀN HÌNH QUỐC HỘI VIỆT NAM,GIẤY PHÉP THIẾT LẬP TRANG THÔNG TIN ĐIỆN TỬ TỔNG HỢP,2015-04-22,Giấy phép chính thức (ABEI - Bộ TT&TT),35/GP-TTĐT,invalid,https://giayphep.abei.gov.vn/
quocphongthudo.com.vn,BÁO QUỐC PHÒNG THỦ ĐÔ,GIẤY PHÉP THIẾT LẬP TRANG THÔNG TIN ĐIỆN TỬ TỔNG HỢP,2015-04-22,Giấy phép chính thức (ABEI - Bộ TT&TT),34/GP-TTĐT,invalid,https://giayphep.abei.gov.vn/
quocphongthudo.vn,BÁO QUỐC PHÒNG THỦ ĐÔ,GIẤY PHÉP THIẾT LẬP TRANG THÔNG TIN ĐIỆN TỬ TỔNG HỢP,2015-04-22,Giấy phép chính thức (ABEI - Bộ TT&TT),34/GP-TTĐT,invalid,https://giayphep.abei.gov.vn/
quychonghanggia.com.vn,QUỸ CHỐNG HÀNG GIẢ,GIẤY PHÉP THIẾT LẬP TRANG THÔNG TIN ĐIỆN TỬ TỔNG HỢP,2016-06-03,Giấy phép chính thức (ABEI - Bộ TT&TT),53/GPSĐBS-TTĐT,invalid,https://giayphep.abei.gov.vn/
quychonghanggia.vn,QUỸ CHỐNG HÀNG GIẢ,GIẤY PHÉP THIẾT LẬP TRANG THÔNG TIN ĐIỆN TỬ TỔNG HỢP,2016-06-03,Giấy phép chính thức (ABEI - Bộ TT&TT),53/GPSĐBS-TTĐT,invalid,https://giayphep.abei.gov.vn/
quyenvuong98.vn,CÔNG TY TNHH DỊCH VỤ PHẦN MỀM BÌNH MINH,QUYẾT ĐỊNH PHÁT HÀNH TRÒ CHƠI ĐIỆN TỬ G1 TRÊN MẠNG,2016-05-06,Giấy phép chính thức (ABEI - Bộ TT&TT),725/QĐ-BTTTT,invalid,https://giayphep.abei.gov.vn/
quyhauvuong.mobo.vn,CÔNG TY CỔ PHẦN GIẢI TRÍ DI ĐỘNG,QUYẾT ĐỊNH PHÁT HÀNH TRÒ CHƠI ĐIỆN TỬ G1 TRÊN MẠNG,2016-06-15,Giấy phép chính thức (ABEI - Bộ TT&TT),1031/QĐ-BTTTT,invalid,https://giayphep.abei.gov.vn/
quykiem3d.1618play.vn,CÔNG TY TNHH 1618PLAY,QUYẾT ĐỊNH PHÁT HÀNH TRÒ CHƠI ĐIỆN TỬ G1 TRÊN MẠNG,2020-04-15,Giấy phép chính thức (ABEI - Bộ TT&TT),571/QĐ-BTTTT,valid,https://giayphep.abei.gov.vn/
quytuong3q.oeg.vn,CÔNG TY CỔ PHẦN TẬP ĐOÀN GIẢI TRÍ ĐẠI DƯƠNG,QUYẾT ĐỊNH PHÁT HÀNH TRÒ CHƠI ĐIỆN TỬ G1 TRÊN MẠNG,2026-03-30,Giấy phép chính thức (ABEI - Bộ TT&TT),149/QĐ-PTTH&TTĐT,valid,https://giayphep.abei.gov.vn/
quyvibiendaovietnam.vn,BÁO QUÂN ĐỘI NHÂN DÂN,GIẤY PHÉP THIẾT LẬP TRANG THÔNG TIN ĐIỆN TỬ TỔNG HỢP,2020-06-24,Giấy phép chính thức (ABEI - Bộ TT&TT),96/GP-TTĐT,valid,https://giayphep.abei.gov.vn/
radiome.vn,CÔNG TY CỔ PHẦN DỊCH VỤ TRUYỀN THÔNG VIETNAMNET ICOM,GIẤY PHÉP CUNG CẤP DỊCH VỤ MẠNG XÃ HỘI,2017-02-28,Giấy phép chính thức (ABEI - Bộ TT&TT),85/GP-BTTTT,valid,https://giayphep.abei.gov.vn/
ragnarok.hhgame.vn,CÔNG TY CỐ PHẦN PHÁT TRIỂN CÔNG NGHỆ SỐ HỒNG HÀ,QUYẾT ĐỊNH PHÁT HÀNH TRÒ CHƠI ĐIỆN TỬ G1 TRÊN MẠNG,2021-06-23,Giấy phép chính thức (ABEI - Bộ TT&TT),891/QĐ-BTTTT,invalid,https://giayphep.abei.gov.vn/
ragnaroktactics.hhgame.vn,CÔNG TY CỔ PHẦN PHÁT TRIỂN CÔNG NGHỆ SỐ HỒNG HÀ,QUYẾT ĐỊNH PHÁT HÀNH TRÒ CHƠI ĐIỆN TỬ G1 TRÊN MẠNG,2022-01-21,Giấy phép chính thức (ABEI - Bộ TT&TT),76/QĐ-BTTTT,valid,https://giayphep.abei.gov.vn/
rebook.com,CÔNG TY CP TẬP ĐOÀN MẠNG XÃ HỘI BẤT ĐỘNG SẢN RECBOOK,GIẤY PHÉP CUNG CẤP DỊCH VỤ MẠNG XÃ HỘI,2024-05-20,Giấy phép chính thức (ABEI - Bộ TT&TT),130/GP-BTTTT,valid,https://giayphep.abei.gov.vn/
rebook.com.vn,CÔNG TY CP TẬP ĐOÀN MẠNG XÃ HỘI BẤT ĐỘNG SẢN RECBOOK,GIẤY PHÉP CUNG CẤP DỊCH VỤ MẠNG XÃ HỘI,2024-05-20,Giấy phép chính thức (ABEI - Bộ TT&TT),130/GP-BTTTT,valid,https://giayphep.abei.gov.vn/
rebook.net,CÔNG TY CP TẬP ĐOÀN MẠNG XÃ HỘI BẤT ĐỘNG SẢN RECBOOK,GIẤY PHÉP CUNG CẤP DỊCH VỤ MẠNG XÃ HỘI,2024-05-20,Giấy phép chính thức (ABEI - Bộ TT&TT),130/GP-BTTTT,valid,https://giayphep.abei.gov.vn/
rebook.vn,CÔNG TY CP TẬP ĐOÀN MẠNG XÃ HỘI BẤT ĐỘNG SẢN RECBOOK,GIẤY PHÉP CUNG CẤP DỊCH VỤ MẠNG XÃ HỘI,2024-05-20,Giấy phép chính thức (ABEI - Bộ TT&TT),130/GP-BTTTT,valid,https://giayphep.abei.gov.vn/
recbook.com,CÔNG TY CP TẬP ĐOÀN MẠNG XÃ HỘI BẤT ĐỘNG SẢN RECBOOK,GIẤY PHÉP CUNG CẤP DỊCH VỤ MẠNG XÃ HỘI,2024-05-20,Giấy phép chính thức (ABEI - Bộ TT&TT),130/GP-BTTTT,valid,https://giayphep.abei.gov.vn/
recbook.com.vn,CÔNG TY CP TẬP ĐOÀN MẠNG XÃ HỘI BẤT ĐỘNG SẢN RECBOOK,GIẤY PHÉP CUNG CẤP DỊCH VỤ MẠNG XÃ HỘI,2024-05-20,Giấy phép chính thức (ABEI - Bộ TT&TT),130/GP-BTTTT,valid,https://giayphep.abei.gov.vn/
recbook.net,CÔNG TY CP TẬP ĐOÀN MẠNG XÃ HỘI BẤT ĐỘNG SẢN RECBOOK,GIẤY PHÉP CUNG CẤP DỊCH VỤ MẠNG XÃ HỘI,2024-05-20,Giấy phép chính thức (ABEI - Bộ TT&TT),130/GP-BTTTT,valid,https://giayphep.abei.gov.vn/
recbook.vn,CÔNG TY CP TẬP ĐOÀN MẠNG XÃ HỘI BẤT ĐỘNG SẢN RECBOOK,GIẤY PHÉP CUNG CẤP DỊCH VỤ MẠNG XÃ HỘI,2024-05-20,Giấy phép chính thức (ABEI - Bộ TT&TT),130/GP-BTTTT,valid,https://giayphep.abei.gov.vn/
redfoxnetworks.vn,CÔNG TY TNHH TRUYỀN THÔNG REDFOX NETWORKS,QUYẾT ĐỊNH PHÁT HÀNH TRÒ CHƠI ĐIỆN TỬ G1 TRÊN MẠNG,2025-01-21,Giấy phép chính thức (ABEI - Bộ TT&TT),83/QĐ-BTTTT,valid,https://giayphep.abei.gov.vn/
regz.com.vn,CÔNG TY CỔ PHẦN REGZ GAMES,QUYẾT ĐỊNH PHÁT HÀNH TRÒ CHƠI ĐIỆN TỬ G1 TRÊN MẠNG,2022-09-30,Giấy phép chính thức (ABEI - Bộ TT&TT),1838/QĐ-BTTTT,valid,https://giayphep.abei.gov.vn/
regz.vn,CÔNG TY CỔ PHẦN REGZ GAMES,QUYẾT ĐỊNH PHÁT HÀNH TRÒ CHƠI ĐIỆN TỬ G1 TRÊN MẠNG,2021-11-18,Giấy phép chính thức (ABEI - Bộ TT&TT),1850/QĐ-BTTTT,valid,https://giayphep.abei.gov.vn/
religion.vn,BAN TÔN GIÁO CHÍNH PHỦ,GIẤY PHÉP THIẾT LẬP TRANG THÔNG TIN ĐIỆN TỬ TỔNG HỢP,2015-12-18,Giấy phép chính thức (ABEI - Bộ TT&TT),174/GP-TTĐT,invalid,https://giayphep.abei.gov.vn/
remaps.vn,CÔNG TY CỔ PHẦN REMAPS,GIẤY PHÉP CUNG CẤP DỊCH VỤ MẠNG XÃ HỘI,2022-12-13,Giấy phép chính thức (ABEI - Bộ TT&TT),592/GP-BTTTT,valid,https://giayphep.abei.gov.vn/
remonster.vn,CÔNG TY TNHH FUJI CÔNG NGHỆ VÀ TRUYỀN THÔNG,QUYẾT ĐỊNH PHÁT HÀNH TRÒ CHƠI ĐIỆN TỬ G1 TRÊN MẠNG,2017-06-19,Giấy phép chính thức (ABEI - Bộ TT&TT),951/QĐ-BTTTT,valid,https://giayphep.abei.gov.vn/
revelation.vnggames.com,CÔNG TY CỔ PHẦN TẬP ĐOÀN VNG,QUYẾT ĐỊNH PHÁT HÀNH TRÒ CHƠI ĐIỆN TỬ G1 TRÊN MẠNG,2025-10-22,Giấy phép chính thức (ABEI - Bộ TT&TT),462/QĐ-PTTH&TTĐT,valid,https://giayphep.abei.gov.vn/
reviewbatdongsan.vn,CÔNG TY CỔ PHẦN GIẢI PHÁP ĐẦU TƯ SÀI GÒN,GIẤY PHÉP CUNG CẤP DỊCH VỤ MẠNG XÃ HỘI,2019-10-09,Giấy phép chính thức (ABEI - Bộ TT&TT),427/GP-BTTTT,valid,https://giayphep.abei.gov.vn/
rezz.vn,CÔNG TY CỔ PHẦN REGZ GAMES,QUYẾT ĐỊNH PHÁT HÀNH TRÒ CHƠI ĐIỆN TỬ G1 TRÊN MẠNG,2022-07-25,Giấy phép chính thức (ABEI - Bộ TT&TT),1435/QĐ-BTTTT,valid,https://giayphep.abei.gov.vn/
rfd.gov.vn,CỤC TẦN SỐ VÔ TUYẾN ĐIỆN,GIẤY PHÉP THIẾT LẬP TRANG THÔNG TIN ĐIỆN TỬ TỔNG HỢP,2015-03-11,Giấy phép chính thức (ABEI - Bộ TT&TT),17/GP-TTĐT,invalid,https://giayphep.abei.gov.vn/
ri.thienthuonghoa.com,CÔNG TY CỔ PHẦN GIẢI TRÍ THIÊN THƯỢNG HỎA,QUYẾT ĐỊNH PHÁT HÀNH TRÒ CHƠI ĐIỆN TỬ G1 TRÊN MẠNG,2020-11-20,Giấy phép chính thức (ABEI - Bộ TT&TT),2020/QĐ-BTTTT,valid,https://giayphep.abei.gov.vn/
riseofarks.vn,CÔNG TY CỔ PHẦN GIẢI PHÁP SỐ VISION NETWORK VIỆT NAM,QUYẾT ĐỊNH PHÁT HÀNH TRÒ CHƠI ĐIỆN TỬ G1 TRÊN MẠNG,2024-11-19,Giấy phép chính thức (ABEI - Bộ TT&TT),2008/QĐ-BTTTT,valid,https://giayphep.abei.gov.vn/
riseofkingdoms.gamota.com,CÔNG TY CỔ PHẦN GAMOTA,QUYẾT ĐỊNH PHÁT HÀNH TRÒ CHƠI ĐIỆN TỬ G1 TRÊN MẠNG,2021-11-01,Giấy phép chính thức (ABEI - Bộ TT&TT),1731 /QĐ-BTTTT,valid,https://giayphep.abei.gov.vn/
riviu.vn,CÔNG TY TNHH RIVICO,GIẤY PHÉP CUNG CẤP DỊCH VỤ MẠNG XÃ HỘI,2020-11-17,Giấy phép chính thức (ABEI - Bộ TT&TT),528/GP-BTTTT,valid,https://giayphep.abei.gov.vn/
ro.thsgame.com.vn,CÔNG TY CỔ PHẦN THS GAME,QUYẾT ĐỊNH PHÁT HÀNH TRÒ CHƠI ĐIỆN TỬ G1 TRÊN MẠNG,2026-05-06,Giấy phép chính thức (ABEI - Bộ TT&TT),233 /QĐ-PTTH&TTĐT,valid,https://giayphep.abei.gov.vn/
ro.vtcgame.vn,CÔNG TY VTC CÔNG NGHỆ VÀ NỘI DUNG SỐ,QUYẾT ĐỊNH PHÁT HÀNH TRÒ CHƠI ĐIỆN TỬ G1 TRÊN MẠNG,2021-03-26,Giấy phép chính thức (ABEI - Bộ TT&TT),381/QĐ-BTTTT,invalid,https://giayphep.abei.gov.vn/
ro3.vn,CÔNG TY CỔ PHẦN SOLAPLAY,QUYẾT ĐỊNH PHÁT HÀNH TRÒ CHƠI ĐIỆN TỬ G1 TRÊN MẠNG,2026-05-15,Giấy phép chính thức (ABEI - Bộ TT&TT),246/QĐ-PTTH&TTĐT,valid,https://giayphep.abei.gov.vn/
robocon.com.vn,CÔNG TY CỔ PHẦN CÔNG NGHỆ VÀ THƯƠNG MẠI GREENLIFE,GIẤY PHÉP CUNG CẤP DỊCH VỤ MẠNG XÃ HỘI,2017-08-09,Giấy phép chính thức (ABEI - Bộ TT&TT),388/GP-BTTTT,valid,https://giayphep.abei.gov.vn/
roe.hhgame.vn,CÔNG TY CỔ PHẦN PHÁT TRIỂN CÔNG NGHỆ SỐ HỒNG HÀ,QUYẾT ĐỊNH PHÁT HÀNH TRÒ CHƠI ĐIỆN TỬ G1 TRÊN MẠNG,2021-07-20,Giấy phép chính thức (ABEI - Bộ TT&TT),1029/QĐ-BTTTT,invalid,https://giayphep.abei.gov.vn/
rohanm.vtcgame.vn,CÔNG TY VTC CÔNG NGHỆ VÀ NỘI DUNG SỐ,QUYẾT ĐỊNH PHÁT HÀNH TRÒ CHƠI ĐIỆN TỬ G1 TRÊN MẠNG,2020-07-10,Giấy phép chính thức (ABEI - Bộ TT&TT),1163 /QĐ-BTTTT,invalid,https://giayphep.abei.gov.vn/
rok.gamota.com,CÔNG TY CỔ PHẦN GAMOTA,QUYẾT ĐỊNH PHÁT HÀNH TRÒ CHƠI ĐIỆN TỬ G1 TRÊN MẠNG,2020-01-10,Giấy phép chính thức (ABEI - Bộ TT&TT),48 /QĐ-BTTTT,valid,https://giayphep.abei.gov.vn/
rok.vtcgame.vn,CÔNG TY VTC CÔNG NGHỆ VÀ NỘI DUNG SỐ,QUYẾT ĐỊNH PHÁT HÀNH TRÒ CHƠI ĐIỆN TỬ G1 TRÊN MẠNG,2019-03-25,Giấy phép chính thức (ABEI - Bộ TT&TT),365/QĐ-BTTTT,invalid,https://giayphep.abei.gov.vn/
rong3q.gosu.vn,CÔNG TY CỔ PHẦN TRỰC TUYẾN GOSU,QUYẾT ĐỊNH PHÁT HÀNH TRÒ CHƠI ĐIỆN TỬ G1 TRÊN MẠNG,2019-03-27,Giấy phép chính thức (ABEI - Bộ TT&TT),451/QĐ-BTTTT,invalid,https://giayphep.abei.gov.vn/
rongchien.vn,CÔNG TY TNHH ĐẦU TƯ BẢO NINH,QUYẾT ĐỊNH PHÁT HÀNH TRÒ CHƠI ĐIỆN TỬ G1 TRÊN MẠNG,2018-04-20,Giấy phép chính thức (ABEI - Bộ TT&TT),575/QĐ-BTTTT,valid,https://giayphep.abei.gov.vn/
rongthan.vn,CÔNG TY CỔ PHẦN ACE GAME,QUYẾT ĐỊNH PHÁT HÀNH TRÒ CHƠI ĐIỆN TỬ G1 TRÊN MẠNG,2021-07-20,Giấy phép chính thức (ABEI - Bộ TT&TT),1027/QĐ-BTTTT,valid,https://giayphep.abei.gov.vn/
rongthansieucap.vn,CÔNG TY CỔ PHẦN ACE GAME,QUYẾT ĐỊNH PHÁT HÀNH TRÒ CHƠI ĐIỆN TỬ G1 TRÊN MẠNG,2023-03-31,Giấy phép chính thức (ABEI - Bộ TT&TT),506/QĐ-BTTTT,valid,https://giayphep.abei.gov.vn/
ros.com.vn,CÔNG TY TNHH NỘI DUNG SỐ NGUYÊN BẢO,QUYẾT ĐỊNH PHÁT HÀNH TRÒ CHƠI ĐIỆN TỬ G1 TRÊN MẠNG,2018-02-09,Giấy phép chính thức (ABEI - Bộ TT&TT),206/QĐ-BTTTT,valid,https://giayphep.abei.gov.vn/
ros.hhgame.vn,CÔNG TY CỔ PHẦN PHÁT TRIỂN CÔNG NGHỆ SỐ HỒNG HÀ,QUYẾT ĐỊNH PHÁT HÀNH TRÒ CHƠI ĐIỆN TỬ G1 TRÊN MẠNG,2021-08-17,Giấy phép chính thức (ABEI - Bộ TT&TT),1232 /QĐ-BTTTT,valid,https://giayphep.abei.gov.vn/
row.360game.vn,CÔNG TY CỔ PHẦN VNG,QUYẾT ĐỊNH PHÁT HÀNH TRÒ CHƠI ĐIỆN TỬ G1 TRÊN MẠNG,2016-12-14,Giấy phép chính thức (ABEI - Bộ TT&TT),2221/QĐ-BTTTT,invalid,https://giayphep.abei.gov.vn/
royalfish.zagoo.vn,CÔNG TY TNHH ZIE ,QUYẾT ĐỊNH PHÁT HÀNH TRÒ CHƠI ĐIỆN TỬ G1 TRÊN MẠNG,2026-02-13,Giấy phép chính thức (ABEI - Bộ TT&TT),100/QĐ-PTTH&TTĐT,invalid,https://giayphep.abei.gov.vn/
royalfish.zalogames.me,CÔNG TY TNHH ZIE,QUYẾT ĐỊNH PHÁT HÀNH TRÒ CHƠI ĐIỆN TỬ G1 TRÊN MẠNG,2026-05-18,Giấy phép chính thức (ABEI - Bộ TT&TT),254/QĐ-PTTH&TTĐT,valid,https://giayphep.abei.gov.vn/
rrsd.org.vn,TẠP CHÍ PHÁT TRIỂN BỀN VỮNG VÙNG,GIẤY PHÉP THIẾT LẬP TRANG THÔNG TIN ĐIỆN TỬ TỔNG HỢP,2020-12-03,Giấy phép chính thức (ABEI - Bộ TT&TT),233/GP-TTĐT,valid,https://giayphep.abei.gov.vn/
rsc.gov.vn,CỤC VIỄN THÁM QUỐC GIA,GIẤY PHÉP THIẾT LẬP TRANG THÔNG TIN ĐIỆN TỬ TỔNG HỢP,2021-04-22,Giấy phép chính thức (ABEI - Bộ TT&TT),63/GP-TTĐT,valid,https://giayphep.abei.gov.vn/
rtcv.gamota.com,CÔNG TY CỔ PHẦN GAMOTA ,QUYẾT ĐỊNH PHÁT HÀNH TRÒ CHƠI ĐIỆN TỬ G1 TRÊN MẠNG,2026-01-30,Giấy phép chính thức (ABEI - Bộ TT&TT),36/QĐ-PTTH&TTĐT,valid,https://giayphep.abei.gov.vn/
rts.com.vn,"TRUNG TÂM ĐO KIỂM VÀ DỊCH VỤ PHÁT THANH, TRUYỀN HÌNH",GIẤY PHÉP THIẾT LẬP TRANG THÔNG TIN ĐIỆN TỬ TỔNG HỢP,2013-05-17,Giấy phép chính thức (ABEI - Bộ TT&TT),66/GP-TTĐT,invalid,https://giayphep.abei.gov.vn/
sachtot.vn,CÔNG TY CỔ PHẦN TRUYỀN THÔNG QUẢ CHANH,GIẤY PHÉP CUNG CẤP DỊCH VỤ MẠNG XÃ HỘI,2017-09-26,Giấy phép chính thức (ABEI - Bộ TT&TT),463/GP-BTTTT,valid,https://giayphep.abei.gov.vn/
saga.vn,CÔNG TY CỔ PHẦN DỊCH VỤ VIỄN THÔNG LP,GIẤY PHÉP CUNG CẤP DỊCH VỤ MẠNG XÃ HỘI,2020-01-20,Giấy phép chính thức (ABEI - Bộ TT&TT),32/GP-BTTTT,valid,https://giayphep.abei.gov.vn/
sahagame.vn,CÔNG TY CỔ PHẦN VCCORP,QUYẾT ĐỊNH PHÁT HÀNH TRÒ CHƠI ĐIỆN TỬ G1 TRÊN MẠNG,2017-11-13,Giấy phép chính thức (ABEI - Bộ TT&TT),1970/QĐ-BTTTT,invalid,https://giayphep.abei.gov.vn/
sahdc.duo.vn,CÔNG TY CỔ PHẦN TRỰC TUYẾN DUO,QUYẾT ĐỊNH PHÁT HÀNH TRÒ CHƠI ĐIỆN TỬ G1 TRÊN MẠNG,2024-08-02,Giấy phép chính thức (ABEI - Bộ TT&TT),1300/QĐ-BTTTT,valid,https://giayphep.abei.gov.vn/
samkoktamquoc.vplay.vn,CÔNG TY CỔ PHẦN TRUYỀN HÌNH TƯƠNG TÁC VIỆT NAM,QUYẾT ĐỊNH PHÁT HÀNH TRÒ CHƠI ĐIỆN TỬ G1 TRÊN MẠNG,2026-01-30,Giấy phép chính thức (ABEI - Bộ TT&TT),41/QĐ-PTTH&TTĐT,valid,https://giayphep.abei.gov.vn/
samurai-idle.vn,CÔNG TY TNHH NỘI DUNG SỐ NGUYÊN BẢO,QUYẾT ĐỊNH PHÁT HÀNH TRÒ CHƠI ĐIỆN TỬ G1 TRÊN MẠNG,2020-05-13,Giấy phép chính thức (ABEI - Bộ TT&TT),797 /QĐ-BTTTT,valid,https://giayphep.abei.gov.vn/
samuraishodown.com.vn,CÔNG TY CỔ PHẦN TẬP ĐOÀN VNG,QUYẾT ĐỊNH PHÁT HÀNH TRÒ CHƠI ĐIỆN TỬ G1 TRÊN MẠNG,2020-08-14,Giấy phép chính thức (ABEI - Bộ TT&TT),1396 /QĐ-BTTTT,valid,https://giayphep.abei.gov.vn/
sancohuyenthoai.vn,CÔNG TY CỔ PHẦN GIẢI TRÍ VÀ THỂ THAO ĐIỆN TỬ VIỆT NAM,QUYẾT ĐỊNH PHÁT HÀNH TRÒ CHƠI ĐIỆN TỬ G1 TRÊN MẠNG,2021-05-24,Giấy phép chính thức (ABEI - Bộ TT&TT),692/QĐ-BTTTT,invalid,https://giayphep.abei.gov.vn/
sangkiencongdong.vn,TẠP CHÍ KHÁM PHÁ,GIẤY PHÉP THIẾT LẬP TRANG THÔNG TIN ĐIỆN TỬ TỔNG HỢP,2017-04-17,Giấy phép chính thức (ABEI - Bộ TT&TT),105/GP-TTĐT,valid,https://giayphep.abei.gov.vn/
sangtao.funring.vn,TRUNG TÂM DỊCH VỤ ĐA PHƯƠNG TIỆN VÀ GIÁ TRỊ GIA TĂNG MOBIFONE - TỔNG CÔNG TY VIỄN THÔNG MOBIFONE,GIẤY PHÉP CUNG CẤP DỊCH VỤ MẠNG XÃ HỘI,2017-10-30,Giấy phép chính thức (ABEI - Bộ TT&TT),530/GP-BTTTT,valid,https://giayphep.abei.gov.vn/
sangtaovietnam.vn,HIỆP HỘI NHỮNG NGƯỜI LAO ĐỘNG SÁNG TẠO VIỆT NAM,GIẤY PHÉP THIẾT LẬP TRANG THÔNG TIN ĐIỆN TỬ TỔNG HỢP,2020-09-17,Giấy phép chính thức (ABEI - Bộ TT&TT),171/GP-TTĐT,valid,https://giayphep.abei.gov.vn/
sankhau.com.vn,HỘI NGHỆ SĨ SÂN KHẤU VIỆT NAM,GIẤY PHÉP THIẾT LẬP TRANG THÔNG TIN ĐIỆN TỬ TỔNG HỢP,2018-02-07,Giấy phép chính thức (ABEI - Bộ TT&TT),32/GP-TTĐT,invalid,https://giayphep.abei.gov.vn/
sanphamvungmien.vn,TRUNG TÂM THÔNG TIN CÔNG NGHIỆP VÀ THƯƠNG MẠI,GIẤY PHÉP THIẾT LẬP TRANG THÔNG TIN ĐIỆN TỬ TỔNG HỢP,2023-06-23,Giấy phép chính thức (ABEI - Bộ TT&TT),103/GP-TTĐT,valid,https://giayphep.abei.gov.vn/
sanrongbac.vn,CÔNG TY TNHH DỊCH VỤ TRỰC TUYẾN HOÀNG LINH,"GIẤY XÁC NHẬN THÔNG BÁO PHÁT HÀNH TRÒ CHƠI ĐIỆN TỬ G2,G3,G4",2018-12-27,Giấy phép chính thức (ABEI - Bộ TT&TT),319/GXN-PTTH&TTĐT,valid,https://giayphep.abei.gov.vn/
sanrongvang.vn,CÔNG TY TNHH DỊCH VỤ TRỰC TUYẾN HOÀNG LINH,QUYẾT ĐỊNH PHÁT HÀNH TRÒ CHƠI ĐIỆN TỬ G1 TRÊN MẠNG,2018-03-08,Giấy phép chính thức (ABEI - Bộ TT&TT),314/QĐ-BTTTT,valid,https://giayphep.abei.gov.vn/
sanxinha.com.vn,CÔNG TY TNHH CHỨNG KHOÁN SHINHAN VIỆT NAM,GIẤY PHÉP CUNG CẤP DỊCH VỤ MẠNG XÃ HỘI,2024-12-11,Giấy phép chính thức (ABEI - Bộ TT&TT),375/GP-BTTTT,valid,https://giayphep.abei.gov.vn/
saomaitelecom.vn,CÔNG TY CỔ PHẦN DỊCH VỤ VIỄN THÔNG SAO MAI,QUYẾT ĐỊNH PHÁT HÀNH TRÒ CHƠI ĐIỆN TỬ G1 TRÊN MẠNG,2016-06-13,Giấy phép chính thức (ABEI - Bộ TT&TT),1019/QĐ-BTTTT,invalid,https://giayphep.abei.gov.vn/
saovui.vn,CÔNG TY CỔ PHẦN SOCIAL8 ASIA,GIẤY PHÉP CUNG CẤP DỊCH VỤ MẠNG XÃ HỘI,2017-08-16,Giấy phép chính thức (ABEI - Bộ TT&TT),397/GP-BTTTT,valid,https://giayphep.abei.gov.vn/
sapatourism.gov.vn,TRUNG TÂM THÔNG TIN DU LỊCH TỈNH LÀO CAI,GIẤY PHÉP THIẾT LẬP TRANG THÔNG TIN ĐIỆN TỬ TỔNG HỢP,2015-10-26,Giấy phép chính thức (ABEI - Bộ TT&TT),152/GPSĐSB-TTĐT,invalid,https://giayphep.abei.gov.vn/
sautinhnghich.vtcgame.vn,CÔNG TY VTC CÔNG NGHỆ VÀ NỘI DUNG SỐ,QUYẾT ĐỊNH PHÁT HÀNH TRÒ CHƠI ĐIỆN TỬ G1 TRÊN MẠNG,2022-04-20,Giấy phép chính thức (ABEI - Bộ TT&TT),727/QĐ-BTTTT,invalid,https://giayphep.abei.gov.vn/
sayhitamquoc.sohagame.vn,CÔNG TY TNHH SOHA,QUYẾT ĐỊNH PHÁT HÀNH TRÒ CHƠI ĐIỆN TỬ G1 TRÊN MẠNG,2025-12-31,Giấy phép chính thức (ABEI - Bộ TT&TT),601/QĐ-PTTH&TTĐT,invalid,https://giayphep.abei.gov.vn/
sayyoudo.vn,CÔNG TY TNHH TRUYỀN THÔNG GIẢI TRÍ TRANG KIM,GIẤY PHÉP CUNG CẤP DỊCH VỤ MẠNG XÃ HỘI,2021-02-08,Giấy phép chính thức (ABEI - Bộ TT&TT),95/GP-BTTTT,valid,https://giayphep.abei.gov.vn/
scarletgirls.vn,CÔNG TY CỔ PHẦN ĐẦU TƯ CÔNG NGHỆ VISION INVEST,QUYẾT ĐỊNH PHÁT HÀNH TRÒ CHƠI ĐIỆN TỬ G1 TRÊN MẠNG,2025-01-17,Giấy phép chính thức (ABEI - Bộ TT&TT),63/QĐ-BTTTT,invalid,https://giayphep.abei.gov.vn/
scp.gov.vn,VỤ TIẾT KIỆM NĂNG LƯỢNG VÀ PHÁT TRIỂN BỀN VỮNG,GIẤY PHÉP THIẾT LẬP TRANG THÔNG TIN ĐIỆN TỬ TỔNG HỢP,2019-03-12,Giấy phép chính thức (ABEI - Bộ TT&TT),43/GP-TTĐT,valid,https://giayphep.abei.gov.vn/
sct.daknong.gov.vn,SỞ CÔNG THƯƠNG TỈNH ĐẮK NÔNG,GIẤY PHÉP THIẾT LẬP TRANG THÔNG TIN ĐIỆN TỬ TỔNG HỢP,2013-05-07,Giấy phép chính thức (ABEI - Bộ TT&TT),60/GP-TTĐT,invalid,https://giayphep.abei.gov.vn/
se.sungame.vn,CÔNG TY CỔ PHẦN GIẢI TRÍ TRỰC TUYẾN SUNGAME,QUYẾT ĐỊNH PHÁT HÀNH TRÒ CHƠI ĐIỆN TỬ G1 TRÊN MẠNG,2020-12-07,Giấy phép chính thức (ABEI - Bộ TT&TT),2147/QĐ-BTTTT,valid,https://giayphep.abei.gov.vn/
seaofconquest.hhgame.vn,CÔNG TY CỔ PHẦN PHÁT TRIỂN CÔNG NGHỆ SỐ HỒNG HÀ,QUYẾT ĐỊNH PHÁT HÀNH TRÒ CHƠI ĐIỆN TỬ G1 TRÊN MẠNG,2024-06-10,Giấy phép chính thức (ABEI - Bộ TT&TT),947/QĐ-BTTTT,valid,https://giayphep.abei.gov.vn/
seatimes.com.vn,TẠP CHÍ ĐÔNG NAM Á,GIẤY PHÉP THIẾT LẬP TRANG THÔNG TIN ĐIỆN TỬ TỔNG HỢP,2018-10-09,Giấy phép chính thức (ABEI - Bộ TT&TT),256/GP-TTĐT,valid,https://giayphep.abei.gov.vn/
sectorx.funtap.games,CÔNG TY CỔ PHẦN FUNTAP GAMES ,QUYẾT ĐỊNH PHÁT HÀNH TRÒ CHƠI ĐIỆN TỬ G1 TRÊN MẠNG,2026-04-03,Giấy phép chính thức (ABEI - Bộ TT&TT),175/QĐ-PTTH&TTĐT,valid,https://giayphep.abei.gov.vn/
seea.vn,HỘI ĐIỆN LỰC MIỀN NAM,GIẤY PHÉP THIẾT LẬP TRANG THÔNG TIN ĐIỆN TỬ TỔNG HỢP,2016-12-14,Giấy phép chính thức (ABEI - Bộ TT&TT),252/GP-TTĐT,invalid,https://giayphep.abei.gov.vn/
seeme.vn,CÔNG TY CỔ PHẦN PERFIN,GIẤY PHÉP CUNG CẤP DỊCH VỤ MẠNG XÃ HỘI,2021-05-11,Giấy phép chính thức (ABEI - Bộ TT&TT),254/GP-BTTTT,valid,https://giayphep.abei.gov.vn/
sentrip.vn,CÔNG TY CỔ PHẦN ĐẦU TƯ VÀ PHÁT TRIỂN CÔNG NGHỆ TRUYỀN THÔNG NAM VIỆT,GIẤY PHÉP CUNG CẤP DỊCH VỤ MẠNG XÃ HỘI,2022-12-13,Giấy phép chính thức (ABEI - Bộ TT&TT),591/GP-BTTTT,valid,https://giayphep.abei.gov.vn/
sepoigetgo.hhgame.vn,CÔNG TY CỔ PHẦN PHÁT TRIỂN CÔNG NGHỆ SỐ HỒNG HÀ,QUYẾT ĐỊNH PHÁT HÀNH TRÒ CHƠI ĐIỆN TỬ G1 TRÊN MẠNG,2024-02-05,Giấy phép chính thức (ABEI - Bộ TT&TT),137/QĐ-BTTTT,valid,https://giayphep.abei.gov.vn/
sg247.com.vn,CÔNG TY CỔ PHẦN TRUYỀN THÔNG DOANH NHÂN SÀI GÒN 247,GIẤY PHÉP CUNG CẤP DỊCH VỤ MẠNG XÃ HỘI,2019-09-30,Giấy phép chính thức (ABEI - Bộ TT&TT),413/GP-BTTTT,valid,https://giayphep.abei.gov.vn/
sgcmedia.net.vn,CÔNG TY CỔ PHẦN TRUYỀN THÔNG SGC VIỆT NAM,QUYẾT ĐỊNH PHÁT HÀNH TRÒ CHƠI ĐIỆN TỬ G1 TRÊN MẠNG,2020-07-14,Giấy phép chính thức (ABEI - Bộ TT&TT),1190/QĐ-BTTTT,valid,https://giayphep.abei.gov.vn/
sgst.vn,CÔNG TY TNHH TRUYỀN THÔNG SÀI GÒN SÁNG TẠO,GIẤY PHÉP CUNG CẤP DỊCH VỤ MẠNG XÃ HỘI,2020-09-14,Giấy phép chính thức (ABEI - Bộ TT&TT),387/GP-BTTTT,valid,https://giayphep.abei.gov.vn/
sh.gamota.com,CÔNG TY CỔ PHẦN GAMOTA,QUYẾT ĐỊNH PHÁT HÀNH TRÒ CHƠI ĐIỆN TỬ G1 TRÊN MẠNG,2019-03-07,Giấy phép chính thức (ABEI - Bộ TT&TT),261/QĐ-BTTTT,valid,https://giayphep.abei.gov.vn/
shinningnikki.playfun.vn,CÔNG TY CỔ PHẦN PHÁT TRIỂN CÔNG NGHỆ SỐ HỒNG HÀ,QUYẾT ĐỊNH PHÁT HÀNH TRÒ CHƠI ĐIỆN TỬ G1 TRÊN MẠNG,2023-10-06,Giấy phép chính thức (ABEI - Bộ TT&TT),1910/QĐ-BTTTT,valid,https://giayphep.abei.gov.vn/
shoagame.vn,CÔNG TY CỔ PHẦN VCCORP,QUYẾT ĐỊNH PHÁT HÀNH TRÒ CHƠI ĐIỆN TỬ G1 TRÊN MẠNG,2016-05-10,Giấy phép chính thức (ABEI - Bộ TT&TT),758/QĐ-BTTTT,invalid,https://giayphep.abei.gov.vn/
shogame.vn,CÔNG TY CỔ PHẦN VCCORP,QUYẾT ĐỊNH PHÁT HÀNH TRÒ CHƠI ĐIỆN TỬ G1 TRÊN MẠNG,2018-06-22,Giấy phép chính thức (ABEI - Bộ TT&TT),962/QĐ-BTTTT,invalid,https://giayphep.abei.gov.vn/
shooter.vn,CÔNG TY CỔ PHẦN GIẢI TRÍ TRỰC TUYẾN 3T,QUYẾT ĐỊNH PHÁT HÀNH TRÒ CHƠI ĐIỆN TỬ G1 TRÊN MẠNG,2024-12-03,Giấy phép chính thức (ABEI - Bộ TT&TT),2113/QĐ-BTTTT,valid,https://giayphep.abei.gov.vn/
sht.regz.vn,CÔNG TY CỔ PHẦN REGZ GAMES,QUYẾT ĐỊNH PHÁT HÀNH TRÒ CHƠI ĐIỆN TỬ G1 TRÊN MẠNG,2022-12-23,Giấy phép chính thức (ABEI - Bộ TT&TT),2430/QĐ-BTTTT,valid,https://giayphep.abei.gov.vn/
shv3d.boomgames.vn,CÔNG TY CỔ PHẦN BOOM GAMES,QUYẾT ĐỊNH PHÁT HÀNH TRÒ CHƠI ĐIỆN TỬ G1 TRÊN MẠNG,2023-10-13,Giấy phép chính thức (ABEI - Bộ TT&TT),1979/QĐ-BTTTT,valid,https://giayphep.abei.gov.vn/
sieubanca.game365.vn,CÔNG TY CỔ PHẦN CÔNG NGHỆ KỸ THUẬT VTECH,QUYẾT ĐỊNH PHÁT HÀNH TRÒ CHƠI ĐIỆN TỬ G1 TRÊN MẠNG,2021-05-11,Giấy phép chính thức (ABEI - Bộ TT&TT),629/QĐ-BTTTT,valid,https://giayphep.abei.gov.vn/
sieucapgoplay.vn,CÔNG TY CỔ PHẦN VTC TRUYỀN THÔNG TRỰC TUYẾN,QUYẾT ĐỊNH PHÁT HÀNH TRÒ CHƠI ĐIỆN TỬ G1 TRÊN MẠNG,2021-01-15,Giấy phép chính thức (ABEI - Bộ TT&TT),47/QĐ-BTTTT,valid,https://giayphep.abei.gov.vn/
sieudaichien.vn,CÔNG TY TNHH VMGE,QUYẾT ĐỊNH PHÁT HÀNH TRÒ CHƠI ĐIỆN TỬ G1 TRÊN MẠNG,2024-10-18,Giấy phép chính thức (ABEI - Bộ TT&TT),1793/QĐ-BTTTT,valid,https://giayphep.abei.gov.vn/
sieudoichibi.mocgame.vn,CÔNG TY CỔ PHẦN TRÒ CHƠI MỘC,QUYẾT ĐỊNH PHÁT HÀNH TRÒ CHƠI ĐIỆN TỬ G1 TRÊN MẠNG,2020-07-10,Giấy phép chính thức (ABEI - Bộ TT&TT),1164 /QĐ-BTTTT,valid,https://giayphep.abei.gov.vn/
sieuhaitac.vmgeplay.vn,CÔNG TY TNHH VMGE ,QUYẾT ĐỊNH PHÁT HÀNH TRÒ CHƠI ĐIỆN TỬ G1 TRÊN MẠNG,2026-02-06,Giấy phép chính thức (ABEI - Bộ TT&TT),54/QĐ-PTTH&TTĐT,valid,https://giayphep.abei.gov.vn/
sieuhaitrinh.vn,CÔNG TY CỔ PHẦN TRÒ CHƠI TIGER ,QUYẾT ĐỊNH PHÁT HÀNH TRÒ CHƠI ĐIỆN TỬ G1 TRÊN MẠNG,2026-03-17,Giấy phép chính thức (ABEI - Bộ TT&TT),134/QĐ-PTTH&TTĐT,valid,https://giayphep.abei.gov.vn/
sieusaodaichien.vn,CÔNG TY CỔ PHẦN FUNTAP,QUYẾT ĐỊNH PHÁT HÀNH TRÒ CHƠI ĐIỆN TỬ G1 TRÊN MẠNG,2017-08-28,Giấy phép chính thức (ABEI - Bộ TT&TT),1414/QĐ-BTTTT,valid,https://giayphep.abei.gov.vn/
sieusaoninja.vn,CÔNG TY CỔ PHẦN TRỰC TUYỂN GOSU,QUYẾT ĐỊNH PHÁT HÀNH TRÒ CHƠI ĐIỆN TỬ G1 TRÊN MẠNG,2025-01-17,Giấy phép chính thức (ABEI - Bộ TT&TT),57/QĐ-BTTTT,invalid,https://giayphep.abei.gov.vn/
sieusaosanco.vn,CÔNG TY TNHH SOHA,QUYẾT ĐỊNH PHÁT HÀNH TRÒ CHƠI ĐIỆN TỬ G1 TRÊN MẠNG,2018-07-20,Giấy phép chính thức (ABEI - Bộ TT&TT),1211/QĐ-BTTTT,valid,https://giayphep.abei.gov.vn/
sieuthan.gosu.vn,CÔNG TY CỔ PHẦN TRỰC TUYẾN GOSU,QUYẾT ĐỊNH PHÁT HÀNH TRÒ CHƠI ĐIỆN TỬ G1 TRÊN MẠNG,2020-04-29,Giấy phép chính thức (ABEI - Bộ TT&TT),749 /QĐ-BTTTT,valid,https://giayphep.abei.gov.vn/
sieuthanchientuong.vn,CÔNG TY TNHH SOHA,QUYẾT ĐỊNH PHÁT HÀNH TRÒ CHƠI ĐIỆN TỬ G1 TRÊN MẠNG,2018-05-17,Giấy phép chính thức (ABEI - Bộ TT&TT),740/QĐ-BTTTT,valid,https://giayphep.abei.gov.vn/
sieuthanquansu.vn,CÔNG TY TNHH SOHA,QUYẾT ĐỊNH PHÁT HÀNH TRÒ CHƠI ĐIỆN TỬ G1 TRÊN MẠNG,2022-04-25,Giấy phép chính thức (ABEI - Bộ TT&TT),762/QĐ-BTTTT,valid,https://giayphep.abei.gov.vn/
sieuthanthu.vn,CÔNG TY CỔ PHẦN TRỰC TUYẾN DUO,QUYẾT ĐỊNH PHÁT HÀNH TRÒ CHƠI ĐIỆN TỬ G1 TRÊN MẠNG,2021-06-23,Giấy phép chính thức (ABEI - Bộ TT&TT),890 /QĐ-BTTTT,valid,https://giayphep.abei.gov.vn/
sieutienhoa.vn,CÔNG TY CỔ PHẦN TRỰC TUYỂN DUO,QUYẾT ĐỊNH PHÁT HÀNH TRÒ CHƠI ĐIỆN TỬ G1 TRÊN MẠNG,2022-03-29,Giấy phép chính thức (ABEI - Bộ TT&TT),566/QĐ-BTTTT,valid,https://giayphep.abei.gov.vn/
singkara.vn,CÔNG TY CỔ PHẦN MOBI-ONE,GIẤY PHÉP CUNG CẤP DỊCH VỤ MẠNG XÃ HỘI,2017-11-08,Giấy phép chính thức (ABEI - Bộ TT&TT),556/GP-BTTTT,valid,https://giayphep.abei.gov.vn/
singlemom.net.vn,CÔNG TY CỔ PHẦN GIẢI TRÍ FREEDOM MIND,GIẤY PHÉP CUNG CẤP DỊCH VỤ MẠNG XÃ HỘI,2021-07-29,Giấy phép chính thức (ABEI - Bộ TT&TT),488/GP-BTTTT,valid,https://giayphep.abei.gov.vn/
sinhtumon.zingplay.com,Công ty TNHH ZingPlay Việt Nam,QUYẾT ĐỊNH PHÁT HÀNH TRÒ CHƠI ĐIỆN TỬ G1 TRÊN MẠNG,2026-03-25,Giấy phép chính thức (ABEI - Bộ TT&TT),146/QĐ-PTTH&TTĐT,valid,https://giayphep.abei.gov.vn/
sinhviennoithat.vn,CÔNG TY TNHH QUẢNG CÁO ONG VÀNG,GIẤY PHÉP CUNG CẤP DỊCH VỤ MẠNG XÃ HỘI,2019-12-25,Giấy phép chính thức (ABEI - Bộ TT&TT),566/GP-BTTTT,valid,https://giayphep.abei.gov.vn/
sk360.vn,CÔNG TY TNHH TRUYỀN THÔNG SƠN TRÀ,GIẤY PHÉP CUNG CẤP DỊCH VỤ MẠNG XÃ HỘI,2023-09-28,Giấy phép chính thức (ABEI - Bộ TT&TT),359/GP-BTTTT,valid,https://giayphep.abei.gov.vn/
skhcn.namdinh.gov.vn,SỞ KHOA HỌC VÀ CÔNG NGHỆ TỈNH NAM ĐỊNH,GIẤY PHÉP THIẾT LẬP TRANG THÔNG TIN ĐIỆN TỬ TỔNG HỢP,2013-06-11,Giấy phép chính thức (ABEI - Bộ TT&TT),74/GP-TTĐT,invalid,https://giayphep.abei.gov.vn/
skw.vn,CÔNG TY CỔ PHẦN SKYWAY ,QUYẾT ĐỊNH PHÁT HÀNH TRÒ CHƠI ĐIỆN TỬ G1 TRÊN MẠNG,2026-04-29,Giấy phép chính thức (ABEI - Bộ TT&TT),214/QĐ-PTTH&TTĐT,valid,https://giayphep.abei.gov.vn/
sky.hhgame.vn,CÔNG TY CỔ PHẦN PHÁT TRIỂN CÔNG NGHỆ SỐ HỒNG HÀ,QUYẾT ĐỊNH PHÁT HÀNH TRÒ CHƠI ĐIỆN TỬ G1 TRÊN MẠNG,2022-09-29,Giấy phép chính thức (ABEI - Bộ TT&TT),1801/QĐ-BTTTT,valid,https://giayphep.abei.gov.vn/
skylife.vn,CÔNG TY CỔ PHẦN TRUYỀN THÔNG G3 MEDIA,GIẤY PHÉP CUNG CẤP DỊCH VỤ MẠNG XÃ HỘI,2024-12-23,Giấy phép chính thức (ABEI - Bộ TT&TT),390/GP-BTTTT,valid,https://giayphep.abei.gov.vn/
skymobi.vn,CÔNG TY TNHH SKYMOBI ,QUYẾT ĐỊNH PHÁT HÀNH TRÒ CHƠI ĐIỆN TỬ G1 TRÊN MẠNG,2026-02-04,Giấy phép chính thức (ABEI - Bộ TT&TT),47/QĐ-PTTH&TTĐT,valid,https://giayphep.abei.gov.vn/
sldtbxh.daknong.gov.vn,"SỞ LAO ĐỘNG, THƯƠNG BINH VÀ XÃ HỘI TỈNH ĐẮK NÔNG",GIẤY PHÉP THIẾT LẬP TRANG THÔNG TIN ĐIỆN TỬ TỔNG HỢP,2013-05-10,Giấy phép chính thức (ABEI - Bộ TT&TT),63/GP-TTĐT,invalid,https://giayphep.abei.gov.vn/
slg.com.vn,CÔNG TY CỔ PHẦN DỊCH VỤ TRỰC TUYẾN VĨNH XUÂN,QUYẾT ĐỊNH PHÁT HÀNH TRÒ CHƠI ĐIỆN TỬ G1 TRÊN MẠNG,2018-07-20,Giấy phép chính thức (ABEI - Bộ TT&TT),1221/QĐ-BTTTT,valid,https://giayphep.abei.gov.vn/
slggames.vn,Công ty Cổ phần Song Long Game,QUYẾT ĐỊNH PHÁT HÀNH TRÒ CHƠI ĐIỆN TỬ G1 TRÊN MẠNG,2025-12-31,Giấy phép chính thức (ABEI - Bộ TT&TT),590/QĐ-PTTH&TTĐT,valid,https://giayphep.abei.gov.vn/
slgplay.vn,Công ty Cổ phần Song Long Game,QUYẾT ĐỊNH PHÁT HÀNH TRÒ CHƠI ĐIỆN TỬ G1 TRÊN MẠNG,2025-12-31,Giấy phép chính thức (ABEI - Bộ TT&TT),590/QĐ-PTTH&TTĐT,valid,https://giayphep.abei.gov.vn/
sll.vnsedu.vn,CÔNG TY CỔ PHẦN PHẦN MỀM VNS,GIẤY PHÉP CUNG CẤP DỊCH VỤ MẠNG XÃ HỘI,2019-10-30,Giấy phép chính thức (ABEI - Bộ TT&TT),468/GP-BTTTT,valid,https://giayphep.abei.gov.vn/
smartf.vn,CÔNG TY CỔ PHẦN TÀI CHÍNH THÔNG MINH SMARTF,GIẤY PHÉP CUNG CẤP DỊCH VỤ MẠNG XÃ HỘI,2023-11-13,Giấy phép chính thức (ABEI - Bộ TT&TT),424/GP-BTTTT,valid,https://giayphep.abei.gov.vn/
smileday.vn,CÔNG TY TNHH TẬP ĐOÀN CÔNG MẶT TRỜI,GIẤY PHÉP CUNG CẤP DỊCH VỤ MẠNG XÃ HỘI,2021-04-26,Giấy phép chính thức (ABEI - Bộ TT&TT),230/GP-BTTTT,valid,https://giayphep.abei.gov.vn/
sneakerhead.vn,CÔNG TY TNHH MTV MVRK,GIẤY PHÉP CUNG CẤP DỊCH VỤ MẠNG XÃ HỘI,2024-11-03,Giấy phép chính thức (ABEI - Bộ TT&TT),325/GP-BTTTT,valid,https://giayphep.abei.gov.vn/
sngv.daknong.gov.vn,SỞ NGOẠI VỤ TỈNH ĐẮK NÔNG,GIẤY PHÉP THIẾT LẬP TRANG THÔNG TIN ĐIỆN TỬ TỔNG HỢP,2013-07-23,Giấy phép chính thức (ABEI - Bộ TT&TT),99/GP-TTĐT,invalid,https://giayphep.abei.gov.vn/
snnphutho.vn,SỞ NÔNG NGHIỆP VÀ PHÁT TRIỂN NÔNG THÔN PHÚ THỌ,GIẤY PHÉP THIẾT LẬP TRANG THÔNG TIN ĐIỆN TỬ TỔNG HỢP,2013-08-22,Giấy phép chính thức (ABEI - Bộ TT&TT),117/GP-TTĐT,invalid,https://giayphep.abei.gov.vn/
snnptnt.daknong.gov.vn,SỞ NÔNG NGHIỆP VÀ PHÁT TRIỂN NÔNG THÔN ĐẮK NÔNG,GIẤY PHÉP THIẾT LẬP TRANG THÔNG TIN ĐIỆN TỬ TỔNG HỢP,2013-07-23,Giấy phép chính thức (ABEI - Bộ TT&TT),103/GP-TTĐT,invalid,https://giayphep.abei.gov.vn/
snv.gialai.gov.vn,SỞ NỘI VỤ TỈNH GIA LAI,GIẤY PHÉP THIẾT LẬP TRANG THÔNG TIN ĐIỆN TỬ TỔNG HỢP,2013-01-31,Giấy phép chính thức (ABEI - Bộ TT&TT),15/GP-TTĐT,invalid,https://giayphep.abei.gov.vn/
soaica.gaba.vn,CÔNG TY CỔ PHẦN TRÒ CHƠI VEGA,QUYẾT ĐỊNH PHÁT HÀNH TRÒ CHƠI ĐIỆN TỬ G1 TRÊN MẠNG,2016-06-08,Giấy phép chính thức (ABEI - Bộ TT&TT),977/QĐ-BTTTT,valid,https://giayphep.abei.gov.vn/
soaivuong.vn,CÔNG TY TNHH SOHA,QUYẾT ĐỊNH PHÁT HÀNH TRÒ CHƠI ĐIỆN TỬ G1 TRÊN MẠNG,2018-06-29,Giấy phép chính thức (ABEI - Bộ TT&TT),1004/QĐ-BTTTT,valid,https://giayphep.abei.gov.vn/
socialideas.vn,TẠP CHÍ KHÁM PHÁ,GIẤY PHÉP THIẾT LẬP TRANG THÔNG TIN ĐIỆN TỬ TỔNG HỢP,2017-04-17,Giấy phép chính thức (ABEI - Bộ TT&TT),105/GP-TTĐT,valid,https://giayphep.abei.gov.vn/
sohagame.vn,CÔNG TY CỔ PHẦN VCCORP,QUYẾT ĐỊNH PHÁT HÀNH TRÒ CHƠI ĐIỆN TỬ G1 TRÊN MẠNG,2017-11-13,Giấy phép chính thức (ABEI - Bộ TT&TT),1969/QĐ-BTTTT,invalid,https://giayphep.abei.gov.vn/
sohaplav.vn,CÔNG TY TNHH SOHA,QUYẾT ĐỊNH PHÁT HÀNH TRÒ CHƠI ĐIỆN TỬ G1 TRÊN MẠNG,2019-03-08,Giấy phép chính thức (ABEI - Bộ TT&TT),266/QĐ-BTTTT,valid,https://giayphep.abei.gov.vn/
sohaplay.vn,CÔNG TY TNHH SOHA,QUYẾT ĐỊNH PHÁT HÀNH TRÒ CHƠI ĐIỆN TỬ G1 TRÊN MẠNG,2026-07-03,Giấy phép chính thức (ABEI - Bộ TT&TT),383/QĐ-PTTH&TTĐT,valid,https://giayphep.abei.gov.vn/
sokieu.360game.vn,CÔNG TY CỔ PHẦN VNG,QUYẾT ĐỊNH PHÁT HÀNH TRÒ CHƠI ĐIỆN TỬ G1 TRÊN MẠNG,2018-01-12,Giấy phép chính thức (ABEI - Bộ TT&TT),37/QĐ-BTTTT,invalid,https://giayphep.abei.gov.vn/
sokieu.vtcgame.vn,CÔNG TY VTC CÔNG NGHỆ VÀ NỘI DUNG SỐ,QUYẾT ĐỊNH PHÁT HÀNH TRÒ CHƠI ĐIỆN TỬ G1 TRÊN MẠNG,2019-01-04,Giấy phép chính thức (ABEI - Bộ TT&TT),03/QĐ-BTTTT,invalid,https://giayphep.abei.gov.vn/
solaplay.com,CÔNG TY CỔ PHẦN SOLAPLAY,QUYẾT ĐỊNH PHÁT HÀNH TRÒ CHƠI ĐIỆN TỬ G1 TRÊN MẠNG,2024-02-15,Giấy phép chính thức (ABEI - Bộ TT&TT),175/QĐ-BTTTT,valid,https://giayphep.abei.gov.vn/
solaplay.vn,CÔNG TY CỔ PHẦN TRAVELLET VIỆT NAM,QUYẾT ĐỊNH PHÁT HÀNH TRÒ CHƠI ĐIỆN TỬ G1 TRÊN MẠNG,2022-01-25,Giấy phép chính thức (ABEI - Bộ TT&TT),119/QĐ-BTTTT,invalid,https://giayphep.abei.gov.vn/
songcong.thainguyen.gov.vn,ỦY BAN NHÂN DÂN THỊ XÃ SÔNG CÔNG,GIẤY PHÉP THIẾT LẬP TRANG THÔNG TIN ĐIỆN TỬ TỔNG HỢP,2013-08-29,Giấy phép chính thức (ABEI - Bộ TT&TT),124/GP-TTĐT,invalid,https://giayphep.abei.gov.vn/
songdep.com.vn,CÔNG TY CỔ PHẦN TRUYỀN THÔNG SỐNG ĐẸP,GIẤY PHÉP CUNG CẤP DỊCH VỤ MẠNG XÃ HỘI,2021-02-08,Giấy phép chính thức (ABEI - Bộ TT&TT),93/GP-BTTTT,valid,https://giayphep.abei.gov.vn/
songhi.vn,CÔNG TY CỔ PHẦN TẬP ĐOÀN CGH,GIẤY PHÉP CUNG CẤP DỊCH VỤ MẠNG XÃ HỘI,2020-12-22,Giấy phép chính thức (ABEI - Bộ TT&TT),616/GP-BTTTT,valid,https://giayphep.abei.gov.vn/
songkhoeplus.vn,CÔNG TY TNHH TRUYỀN THÔNG HK,GIẤY PHÉP CUNG CẤP DỊCH VỤ MẠNG XÃ HỘI,2019-12-25,Giấy phép chính thức (ABEI - Bộ TT&TT),567/GP-BTTTT,valid,https://giayphep.abei.gov.vn/
songtu.gamota.com,CÔNG TY CỔ PHẦN GAMOTA,QUYẾT ĐỊNH PHÁT HÀNH TRÒ CHƠI ĐIỆN TỬ G1 TRÊN MẠNG,2020-04-23,Giấy phép chính thức (ABEI - Bộ TT&TT),728 /QĐ-BTTTT,valid,https://giayphep.abei.gov.vn/
sonhaidithu.alogame.vn,CÔNG TY CỔ PHẦN CÔNG NGHỆ SỐ ALO ,QUYẾT ĐỊNH PHÁT HÀNH TRÒ CHƠI ĐIỆN TỬ G1 TRÊN MẠNG,2026-02-03,Giấy phép chính thức (ABEI - Bộ TT&TT),43/QĐ-PTTH&TTĐT,valid,https://giayphep.abei.gov.vn/
sonhaigame.com,CÔNG TY CỔ PHẦN GIẢI TRÍ SƠN HẢI GAME,QUYẾT ĐỊNH PHÁT HÀNH TRÒ CHƠI ĐIỆN TỬ G1 TRÊN MẠNG,2020-11-11,Giấy phép chính thức (ABEI - Bộ TT&TT),1928/QĐ-BTTTT,valid,https://giayphep.abei.gov.vn/
sonhaigame.net,CÔNG TY CỔ PHẦN GIẢI TRÍ SƠN HẢI GAME,QUYẾT ĐỊNH PHÁT HÀNH TRÒ CHƠI ĐIỆN TỬ G1 TRÊN MẠNG,2020-11-12,Giấy phép chính thức (ABEI - Bộ TT&TT),1951/QĐ-BTTTT,valid,https://giayphep.abei.gov.vn/
sonla-tourism.com,"TRUNG TÂM THÔNG TIN, XÚC TIẾN DU LỊCH TỈNH SƠN LA",GIẤY PHÉP THIẾT LẬP TRANG THÔNG TIN ĐIỆN TỬ TỔNG HỢP,2013-05-07,Giấy phép chính thức (ABEI - Bộ TT&TT),59/GP-TTĐT,invalid,https://giayphep.abei.gov.vn/
sonlatourism.gov.vn,"TRUNG TÂM THÔNG TIN, XÚC TIẾN DU LỊCH TỈNH SƠN LA",GIẤY PHÉP THIẾT LẬP TRANG THÔNG TIN ĐIỆN TỬ TỔNG HỢP,2013-05-07,Giấy phép chính thức (ABEI - Bộ TT&TT),59/GP-TTĐT,invalid,https://giayphep.abei.gov.vn/
sonlatourism.net,"TRUNG TÂM THÔNG TIN, XÚC TIẾN DU LỊCH TỈNH SƠN LA",GIẤY PHÉP THIẾT LẬP TRANG THÔNG TIN ĐIỆN TỬ TỔNG HỢP,2013-05-07,Giấy phép chính thức (ABEI - Bộ TT&TT),59/GP-TTĐT,invalid,https://giayphep.abei.gov.vn/
sonlatv.vn,ĐÀI PHÁT THANH - TRUYỀN HÌNH TỈNH SƠN LA,GIẤY PHÉP THIẾT LẬP TRANG THÔNG TIN ĐIỆN TỬ TỔNG HỢP,2023-10-12,Giấy phép chính thức (ABEI - Bộ TT&TT),179/GP-TTĐT,valid,https://giayphep.abei.gov.vn/
sonnptnt.nghean.vn,SỞ NÔNG NGHIỆP VÀ PHÁT TRIỂN NÔNG THÔN TỈNH NGHỆ AN,GIẤY PHÉP THIẾT LẬP TRANG THÔNG TIN ĐIỆN TỬ TỔNG HỢP,2013-06-24,Giấy phép chính thức (ABEI - Bộ TT&TT),80/GP-TTĐT,invalid,https://giayphep.abei.gov.vn/
sonthuy.teamobi.com.vn,CÔNG TY TNHH TEAMOBI,QUYẾT ĐỊNH PHÁT HÀNH TRÒ CHƠI ĐIỆN TỬ G1 TRÊN MẠNG,2016-03-25,Giấy phép chính thức (ABEI - Bộ TT&TT),414/QĐ-BTTTT,invalid,https://giayphep.abei.gov.vn/
sotaichinh.laichau.gov.vn,SỞ TÀI CHÍNH TỈNH LAI CHÂU,GIẤY PHÉP THIẾT LẬP TRANG THÔNG TIN ĐIỆN TỬ TỔNG HỢP,2013-07-04,Giấy phép chính thức (ABEI - Bộ TT&TT),89/GP-TTĐT,invalid,https://giayphep.abei.gov.vn/
sotayskdd.vn,CÔNG TY CỔ PHẦN ESTUARY,GIẤY PHÉP CUNG CẤP DỊCH VỤ MẠNG XÃ HỘI,2023-05-23,Giấy phép chính thức (ABEI - Bộ TT&TT),184/GP-BTTTT,valid,https://giayphep.abei.gov.vn/
sothongtin.hoabinh.gov.vn,SỞ THÔNG TIN VÀ TRUYỀN THÔNG HÒA BÌNH,GIẤY PHÉP THIẾT LẬP TRANG THÔNG TIN ĐIỆN TỬ TỔNG HỢP,2015-05-19,Giấy phép chính thức (ABEI - Bộ TT&TT),48/GP-TTĐT,invalid,https://giayphep.abei.gov.vn/
sott.tt@backan.gov.vn,SỞ THÔNG TIN VÀ TRUYỀN THÔNG BẮC KẠN,GIẤY PHÉP THIẾT LẬP TRANG THÔNG TIN ĐIỆN TỬ TỔNG HỢP,2022-12-07,Giấy phép chính thức (ABEI - Bộ TT&TT),167/GP-TTĐT,invalid,https://giayphep.abei.gov.vn/
sotttt.haiduong.gov.vn,SỞ THÔNG TIN VÀ TRUYỀN THÔNG HẢI DƯƠNG,GIẤY PHÉP THIẾT LẬP TRANG THÔNG TIN ĐIỆN TỬ TỔNG HỢP,2024-12-12,Giấy phép chính thức (ABEI - Bộ TT&TT),300/GP-TTĐT,valid,https://giayphep.abei.gov.vn/
sotttt.hungyen.gov.vn,SỞ THÔNG TIN VÀ TRUYỀN THÔNG HƯNG YÊN,GIẤY PHÉP THIẾT LẬP TRANG THÔNG TIN ĐIỆN TỬ TỔNG HỢP,2017-08-09,Giấy phép chính thức (ABEI - Bộ TT&TT),261/GP-TTĐT,valid,https://giayphep.abei.gov.vn/
sotttt.kiengiang.gov.vn,SỞ THÔNG TIN VÀ TRUYỀN THÔNG KIÊN GIANG,GIẤY PHÉP THIẾT LẬP TRANG THÔNG TIN ĐIỆN TỬ TỔNG HỢP,2013-04-26,Giấy phép chính thức (ABEI - Bộ TT&TT),57/GP-TTĐT,invalid,https://giayphep.abei.gov.vn/
sotttt.namdinh.gov.vn,SỞ THÔNG TIN VÀ TRUYỀN THÔNG NAM ĐỊNH,GIẤY PHÉP THIẾT LẬP TRANG THÔNG TIN ĐIỆN TỬ TỔNG HỢP,2020-03-26,Giấy phép chính thức (ABEI - Bộ TT&TT),26/GP-TTĐT,valid,https://giayphep.abei.gov.vn/
sotttt.sonla.gov.vn,SỞ THÔNG TIN VÀ TRUYỀN THÔNG SƠN LA,GIẤY PHÉP THIẾT LẬP TRANG THÔNG TIN ĐIỆN TỬ TỔNG HỢP,2023-12-05,Giấy phép chính thức (ABEI - Bộ TT&TT),207/GP-TTĐT,valid,https://giayphep.abei.gov.vn/
sotttt.vinhphuc.gov.vn,SỞ THÔNG TIN VÀ TRUYỀN THÔNG VĨNH PHÚC,GIẤY PHÉP THIẾT LẬP TRANG THÔNG TIN ĐIỆN TỬ TỔNG HỢP,2020-08-04,Giấy phép chính thức (ABEI - Bộ TT&TT),134/GP-TTĐT,invalid,https://giayphep.abei.gov.vn/
sotttt.yenbai.gov.vn,SỞ THÔNG TIN VÀ TRUYỀN THÔNG YÊN BÁI,GIẤY PHÉP THIẾT LẬP TRANG THÔNG TIN ĐIỆN TỬ TỔNG HỢP,2024-09-17,Giấy phép chính thức (ABEI - Bộ TT&TT),217/GP-TTĐT,valid,https://giayphep.abei.gov.vn/
soulknight.vn,CÔNG TY CỔ PHẦN GIẢI TRÍ TRỰC TUYẾN 3T,QUYẾT ĐỊNH PHÁT HÀNH TRÒ CHƠI ĐIỆN TỬ G1 TRÊN MẠNG,2026-06-08,Giấy phép chính thức (ABEI - Bộ TT&TT),332/QĐ-PTTH&TTĐT,valid,https://giayphep.abei.gov.vn/
soulknightprequel.vn,CÔNG TY CỔ PHẦN GIẢI TRÍ TRỰC TUYẾN 3T,QUYẾT ĐỊNH PHÁT HÀNH TRÒ CHƠI ĐIỆN TỬ G1 TRÊN MẠNG,2026-06-08,Giấy phép chính thức (ABEI - Bộ TT&TT),331/QĐ-PTTH&TTĐT,valid,https://giayphep.abei.gov.vn/
soulstrike.funtap.games,CÔNG TY CỔ PHẦN FUNTAP GAMES,QUYẾT ĐỊNH PHÁT HÀNH TRÒ CHƠI ĐIỆN TỬ G1 TRÊN MẠNG,2026-07-03,Giấy phép chính thức (ABEI - Bộ TT&TT),385/QĐ-PTTH&TTĐT,valid,https://giayphep.abei.gov.vn/
soxaydung.namdinh.gov.vn,SỞ XÂY DỰNG NAM ĐỊNH,GIẤY PHÉP THIẾT LẬP TRANG THÔNG TIN ĐIỆN TỬ TỔNG HỢP,2013-03-28,Giấy phép chính thức (ABEI - Bộ TT&TT),32/GP-BTTTT,invalid,https://giayphep.abei.gov.vn/
spaygate.com,CÔNG TY CỔ PHẦN DỊCH VỤ S.PAY VIỆT NAM,QUYẾT ĐỊNH PHÁT HÀNH TRÒ CHƠI ĐIỆN TỬ G1 TRÊN MẠNG,2019-01-28,Giấy phép chính thức (ABEI - Bộ TT&TT),97/QĐ-BTTTT,valid,https://giayphep.abei.gov.vn/
spaygroup.vn,CÔNG TY CỔ PHẦN DỊCH VỤ S.PAY VIỆT NAM,QUYẾT ĐỊNH PHÁT HÀNH TRÒ CHƠI ĐIỆN TỬ G1 TRÊN MẠNG,2020-12-24,Giấy phép chính thức (ABEI - Bộ TT&TT),2285 /QĐ-BTTTT,valid,https://giayphep.abei.gov.vn/
spirit.vietnamairlines.com,TỔNG CÔNG TY HÀNG KHÔNG VIỆT NAM – CTСР (VIETNAM AIRLINES),GIẤY PHÉP THIẾT LẬP TRANG THÔNG TIN ĐIỆN TỬ TỔNG HỢP,2019-04-24,Giấy phép chính thức (ABEI - Bộ TT&TT),78/GP-TTĐT,valid,https://giayphep.abei.gov.vn/
spirit.vietnamairlines.com.vn,TỔNG CÔNG TY HÀNG KHÔNG VIỆT NAM – CTСР (VIETNAM AIRLINES),GIẤY PHÉP THIẾT LẬP TRANG THÔNG TIN ĐIỆN TỬ TỔNG HỢP,2019-04-24,Giấy phép chính thức (ABEI - Bộ TT&TT),78/GP-TTĐT,valid,https://giayphep.abei.gov.vn/
splay.vn,CÔNG TY CỔ PHẦN VTC DỊCH VỤ DI ĐỘNG,"GIẤY XÁC NHẬN THÔNG BÁO PHÁT HÀNH TRÒ CHƠI ĐIỆN TỬ G2,G3,G4",2018-10-04,Giấy phép chính thức (ABEI - Bộ TT&TT),255/GXN-PTTH&TTĐT,valid,https://giayphep.abei.gov.vn/
spooncast.net,CÔNG TY TNHH SPOON RADIO VIỆT NAM,GIẤY PHÉP CUNG CẤP DỊCH VỤ MẠNG XÃ HỘI,2020-06-29,Giấy phép chính thức (ABEI - Bộ TT&TT),276/GP-BTTTT,valid,https://giayphep.abei.gov.vn/
spooncast.vn,CÔNG TY TNHH SPOON RADIO VIỆT NAM,GIẤY PHÉP CUNG CẤP DỊCH VỤ MẠNG XÃ HỘI,2020-06-29,Giấy phép chính thức (ABEI - Bộ TT&TT),276/GP-BTTTT,valid,https://giayphep.abei.gov.vn/
sportday.vn,CÔNG TY TNHH DSF VIỆT NAM,GIẤY PHÉP CUNG CẤP DỊCH VỤ MẠNG XÃ HỘI,2020-03-30,Giấy phép chính thức (ABEI - Bộ TT&TT),116/GP-BTTTT,valid,https://giayphep.abei.gov.vn/
sporttech.vn,CÔNG TY TNHH DỊCH VỤ CÔNG NGHỆ THỂ THAO X,GIẤY PHÉP CUNG CẤP DỊCH VỤ MẠNG XÃ HỘI,2023-03-27,Giấy phép chính thức (ABEI - Bộ TT&TT),105/GP-BTTTT,valid,https://giayphep.abei.gov.vn/
sro.vtcgame.vn,CÔNG TY VTC CÔNG NGHỆ VÀ NỘI DUNG SỐ,QUYẾT ĐỊNH PHÁT HÀNH TRÒ CHƠI ĐIỆN TỬ G1 TRÊN MẠNG,2023-06-22,Giấy phép chính thức (ABEI - Bộ TT&TT),1088/QĐ-BTTTT,valid,https://giayphep.abei.gov.vn/
srom.gamz.vn,CÔNG TY CỔ PHẦN CÔNG NGHỆ GAMZ,QUYẾT ĐỊNH PHÁT HÀNH TRÒ CHƠI ĐIỆN TỬ G1 TRÊN MẠNG,2025-01-21,Giấy phép chính thức (ABEI - Bộ TT&TT),93/QĐ-BTTTT,valid,https://giayphep.abei.gov.vn/
srtc.org.vn,TRUNG TÂM NGHIÊN CỨU KHOA HỌC VÀ ĐÀO TẠO CHỨNG KHOÁN,GIẤY PHÉP THIẾT LẬP TRANG THÔNG TIN ĐIỆN TỬ TỔNG HỢP,2020-07-20,Giấy phép chính thức (ABEI - Bộ TT&TT),126/GP-TTĐT,valid,https://giayphep.abei.gov.vn/
sshxvn.vntth.com,CÔNG TY CỔ PHẦN GIẢI TRÍ THIÊN THƯỢNG HỎA,QUYẾT ĐỊNH PHÁT HÀNH TRÒ CHƠI ĐIỆN TỬ G1 TRÊN MẠNG,2024-01-03,Giấy phép chính thức (ABEI - Bộ TT&TT),08/QĐ-BTTTT,valid,https://giayphep.abei.gov.vn/
ssph.vn,NHÀ XUẤT BẢN KHOA HỌC XÃ HỘI,GIẤY PHÉP THIẾT LẬP TRANG THÔNG TIN ĐIỆN TỬ TỔNG HỢP,2020-12-24,Giấy phép chính thức (ABEI - Bộ TT&TT),244/GP-TTĐT,valid,https://giayphep.abei.gov.vn/
sspotlight.vn,CÔNG TY TNHH TRANG SAO,GIẤY PHÉP CUNG CẤP DỊCH VỤ MẠNG XÃ HỘI,2021-05-13,Giấy phép chính thức (ABEI - Bộ TT&TT),279/GP-BTTTT,valid,https://giayphep.abei.gov.vn/
st3q.zoneplay.vn,CÔNG TY CỔ PHẦN GZONE MEDIA VIỆT NAM,QUYẾT ĐỊNH PHÁT HÀNH TRÒ CHƠI ĐIỆN TỬ G1 TRÊN MẠNG,2022-02-25,Giấy phép chính thức (ABEI - Bộ TT&TT),356 /QĐ-BTTTT,valid,https://giayphep.abei.gov.vn/
stage.vn,CÔNG TY TNHH VIỆT NAM EVENT GROUP,GIẤY PHÉP CUNG CẤP DỊCH VỤ MẠNG XÃ HỘI,2023-07-26,Giấy phép chính thức (ABEI - Bộ TT&TT),255/GP-BTTTT,valid,https://giayphep.abei.gov.vn/
standdaichien.vn,CÔNG TY CỔ PHẦN TRỰC TUYẾN DUO,QUYẾT ĐỊNH PHÁT HÀNH TRÒ CHƠI ĐIỆN TỬ G1 TRÊN MẠNG,2022-07-18,Giấy phép chính thức (ABEI - Bộ TT&TT),1393/QĐ-BTTTT,valid,https://giayphep.abei.gov.vn/
starbeauty.com.vn,CÔNG TY CỔ PHẦN ĐẦU TƯ XÂY DỰNG ALTIC THẮNG LỆ,GIẤY PHÉP CUNG CẤP DỊCH VỤ MẠNG XÃ HỘI,2020-11-26,Giấy phép chính thức (ABEI - Bộ TT&TT),548/GP-BTTTT,valid,https://giayphep.abei.gov.vn/
starmobile.vn,CÔNG TY CỔ PHẦN THƯƠNG MẠI CÔNG NGHỆ VIỄN THÔNG VÀ THÔNG TIN HOÀNG LÊ,QUYẾT ĐỊNH PHÁT HÀNH TRÒ CHƠI ĐIỆN TỬ G1 TRÊN MẠNG,2018-06-29,Giấy phép chính thức (ABEI - Bộ TT&TT),1007/QĐ-BTTTT,invalid,https://giayphep.abei.gov.vn/
starvearena.tbgame.vn,CÔNG TY TNHH TRÒ CHƠI TRỰC TUYẾN THIENBAO,QUYẾT ĐỊNH PHÁT HÀNH TRÒ CHƠI ĐIỆN TỬ G1 TRÊN MẠNG,2021-07-20,Giấy phép chính thức (ABEI - Bộ TT&TT),1028/QĐ-BTTTT,valid,https://giayphep.abei.gov.vn/
stc.khanhhoa.gov.vn,SỞ TÀI CHÍNH TỈNH KHÁNH HÒA,GIẤY PHÉP THIẾT LẬP TRANG THÔNG TIN ĐIỆN TỬ TỔNG HỢP,2013-07-15,Giấy phép chính thức (ABEI - Bộ TT&TT),94/GP-TTĐT,invalid,https://giayphep.abei.gov.vn/
stickman.vplay.vn,CÔNG TY CỔ PHẦN TRUYỀN HÌNH TƯƠNG TÁC VIỆT NAM,QUYẾT ĐỊNH PHÁT HÀNH TRÒ CHƠI ĐIỆN TỬ G1 TRÊN MẠNG,2022-12-19,Giấy phép chính thức (ABEI - Bộ TT&TT),2346/QĐ-BTTTT,valid,https://giayphep.abei.gov.vn/
stickmango.mocgame.vn,CÔNG TY CỔ PHẦN TRÒ CHƠI MỘC,QUYẾT ĐỊNH PHÁT HÀNH TRÒ CHƠI ĐIỆN TỬ G1 TRÊN MẠNG,2025-06-20,Giấy phép chính thức (ABEI - Bộ TT&TT),268 /QĐ-PTTH&TTĐT,valid,https://giayphep.abei.gov.vn/
stockbook.vn,CÔNG TY CỔ PHẦN STOCKBOOK,GIẤY PHÉP CUNG CẤP DỊCH VỤ MẠNG XÃ HỘI,2023-10-24,Giấy phép chính thức (ABEI - Bộ TT&TT),397/GP-BTTTT,valid,https://giayphep.abei.gov.vn/
stockkisvn.vn,CÔNG TY CỔ PHẦN CHỨNG KHOÁN KIS VIỆT NAM,GIẤY PHÉP CUNG CẤP DỊCH VỤ MẠNG XÃ HỘI,2024-06-07,Giấy phép chính thức (ABEI - Bộ TT&TT),155/GP-BTTTT,valid,https://giayphep.abei.gov.vn/
stony.vn,CÔNG TY TNHH NỘI DUNG SỐ NGUYÊN BẢO,QUYẾT ĐỊNH PHÁT HÀNH TRÒ CHƠI ĐIỆN TỬ G1 TRÊN MẠNG,2016-05-23,Giấy phép chính thức (ABEI - Bộ TT&TT),851/QĐ-BTTTT,valid,https://giayphep.abei.gov.vn/
stp.daknong.gov,SỞ TƯ PHÁP TỈNH ĐẮK NÔNG,GIẤY PHÉP THIẾT LẬP TRANG THÔNG TIN ĐIỆN TỬ TỔNG HỢP,2013-08-08,Giấy phép chính thức (ABEI - Bộ TT&TT),110/GP-TTĐT,invalid,https://giayphep.abei.gov.vn/
streetsurvivorstth.com,CÔNG TY CỔ PHẦN GIẢI TRÍ THIÊN THƯỢNG HỎA,QUYẾT ĐỊNH PHÁT HÀNH TRÒ CHƠI ĐIỆN TỬ G1 TRÊN MẠNG,2023-10-13,Giấy phép chính thức (ABEI - Bộ TT&TT),1978/QĐ-BTTTT,valid,https://giayphep.abei.gov.vn/
strikerovale.vn,CÔNG TY CỔ PHẦN FUNTAP,QUYẾT ĐỊNH PHÁT HÀNH TRÒ CHƠI ĐIỆN TỬ G1 TRÊN MẠNG,2020-05-21,Giấy phép chính thức (ABEI - Bộ TT&TT),852/QĐ-BTTTT,valid,https://giayphep.abei.gov.vn/
strikeroyale.vn,CÔNG TY CỔ PHẦN FUNTAP,QUYẾT ĐỊNH PHÁT HÀNH TRÒ CHƠI ĐIỆN TỬ G1 TRÊN MẠNG,2020-05-21,Giấy phép chính thức (ABEI - Bộ TT&TT),852 /QĐ-BTTTT,valid,https://giayphep.abei.gov.vn/
sttt.quangbinh.gov.vn,SỞ THÔNG TIN VÀ TRUYỀN THÔNG QUẢNG BÌNH,GIẤY PHÉP THIẾT LẬP TRANG THÔNG TIN ĐIỆN TỬ TỔNG HỢP,2015-04-14,Giấy phép chính thức (ABEI - Bộ TT&TT),31/GP-TTĐT,invalid,https://giayphep.abei.gov.vn/
stttt.daknong.gov.vn,SỞ THÔNG TIN VÀ TRUYỀN THÔNG ĐẮK NÔNG,GIẤY PHÉP THIẾT LẬP TRANG THÔNG TIN ĐIỆN TỬ TỔNG HỢP,2022-07-12,Giấy phép chính thức (ABEI - Bộ TT&TT),88/GP-TTĐT,valid,https://giayphep.abei.gov.vn/
stttt.gialai.gov.vn,SỞ THÔNG TIN VÀ TRUYỀN THÔNG TỈNH GIA LAI,GIẤY PHÉP THIẾT LẬP TRANG THÔNG TIN ĐIỆN TỬ TỔNG HỢP,2017-03-22,Giấy phép chính thức (ABEI - Bộ TT&TT),91/GP-TTĐT,invalid,https://giayphep.abei.gov.vn/
stttt.khanhhoa.gov.vn,SỞ THÔNG TIN VÀ TRUYỀN THÔNG KHÁNH HÒA,GIẤY PHÉP THIẾT LẬP TRANG THÔNG TIN ĐIỆN TỬ TỔNG HỢP,2016-04-28,Giấy phép chính thức (ABEI - Bộ TT&TT),39/GP-TTĐT,valid,https://giayphep.abei.gov.vn/
stttt.kiengiang.gov.vn,SỞ THÔNG TIN VÀ TRUYỀN THÔNG KIÊN GIANG,GIẤY PHÉP THIẾT LẬP TRANG THÔNG TIN ĐIỆN TỬ TỔNG HỢP,2022-08-26,Giấy phép chính thức (ABEI - Bộ TT&TT),114/GP-TTĐT,valid,https://giayphep.abei.gov.vn/
stttt.phutho.gov.vn,SỞ THÔNG TIN VÀ TRUYỀN THÔNG PHÚ THỌ,GIẤY PHÉP THIẾT LẬP TRANG THÔNG TIN ĐIỆN TỬ TỔNG HỢP,2018-03-09,Giấy phép chính thức (ABEI - Bộ TT&TT),49/GP-TTĐT,invalid,https://giayphep.abei.gov.vn/
stttt.quangbinh.gov.vn,SỞ THÔNG TIN VÀ TRUYỀN THÔNG QUẢNG BÌNH,GIẤY PHÉP THIẾT LẬP TRANG THÔNG TIN ĐIỆN TỬ TỔNG HỢP,2021-03-25,Giấy phép chính thức (ABEI - Bộ TT&TT),49/GP-TTĐT,invalid,https://giayphep.abei.gov.vn/
stttt.thuathienhue.gov.vn,SỞ THÔNG TIN VÀ TRUYỀN THÔNG TỈNH THỪA THIÊN HUẾ,GIẤY PHÉP THIẾT LẬP TRANG THÔNG TIN ĐIỆN TỬ TỔNG HỢP,2019-12-27,Giấy phép chính thức (ABEI - Bộ TT&TT),245/GP-TTĐT,invalid,https://giayphep.abei.gov.vn/
stttt.vinhlong.gov.vn,SỞ THÔNG TIN VÀ TRUYỀN THÔNG VĨNH LONG,GIẤY PHÉP THIẾT LẬP TRANG THÔNG TIN ĐIỆN TỬ TỔNG HỢP,2016-06-29,Giấy phép chính thức (ABEI - Bộ TT&TT),66/GPSĐBS-TTĐT,invalid,https://giayphep.abei.gov.vn/
stup.vn,CÔNG TY TNHH ĐẦU TƯ VÀ CÔNG NGHỆ T2,GIẤY PHÉP CUNG CẤP DỊCH VỤ MẠNG XÃ HỘI,2020-10-05,Giấy phép chính thức (ABEI - Bộ TT&TT),447/GP-BTTTT,valid,https://giayphep.abei.gov.vn/
stylerepublik.vn,CÔNG TY TNHH THỜI TRANG VÀ TRUYỀN THÔNG FACE & STYLE REPUBLIK VIỆT NAM,GIẤY XÁC NHẬN THÔNG BÁO CUNG CẤP DỊCH VỤ MẠNG XÃ HỘI,2025-02-28,Giấy phép chính thức (ABEI - Bộ TT&TT),56 /GXN-PTTH&TTĐT,valid,https://giayphep.abei.gov.vn/
suckhoe.vn,CÔNG TY CỔ PHẦN CÔNG NGHỆ VÀ THƯƠNG MẠI GREENLIFE,GIẤY PHÉP CUNG CẤP DỊCH VỤ MẠNG XÃ HỘI,2017-08-09,Giấy phép chính thức (ABEI - Bộ TT&TT),387/GP-BTTTT,valid,https://giayphep.abei.gov.vn/
suckhoetoandan.vn,CỤC Y TẾ DỰ PHÒNG,GIẤY PHÉP THIẾT LẬP TRANG THÔNG TIN ĐIỆN TỬ TỔNG HỢP,2018-08-30,Giấy phép chính thức (ABEI - Bộ TT&TT),225/GP-TTĐT,valid,https://giayphep.abei.gov.vn/
suckhoevacuocsong.com.vn,VIỆN PHÁT TRIỂN CHĂM SÓC SỨC KHỎE CỘNG ĐỒNG,GIẤY PHÉP THIẾT LẬP TRANG THÔNG TIN ĐIỆN TỬ TỔNG HỢP,2019-10-01,Giấy phép chính thức (ABEI - Bộ TT&TT),180/GP-TTĐT,invalid,https://giayphep.abei.gov.vn/
suckhoevalamdep.net.vn,CÔNG TY CỔ PHẦN PHÁT TRIỂN TRUYỀN THÔNG VÀ  SỰ KIỆN SAO VIỆT,GIẤY PHÉP CUNG CẤP DỊCH VỤ MẠNG XÃ HỘI,2020-01-14,Giấy phép chính thức (ABEI - Bộ TT&TT),13/GP-BTTTT,valid,https://giayphep.abei.gov.vn/
sugiamoitruong.com.vn,VIỆN MÔI TRƯỜNG VÀ NĂNG LƯỢNG TÁI TẠO,GIẤY PHÉP THIẾT LẬP TRANG THÔNG TIN ĐIỆN TỬ TỔNG HỢP,2019-08-21,Giấy phép chính thức (ABEI - Bộ TT&TT),158/GP-TTĐT,valid,https://giayphep.abei.gov.vn/
sungamegroup.vn,CÔNG TY CỔ PHẦN GIẢI TRÍ TRỰC TUYẾN SUNGAME,QUYẾT ĐỊNH PHÁT HÀNH TRÒ CHƠI ĐIỆN TỬ G1 TRÊN MẠNG,2020-10-22,Giấy phép chính thức (ABEI - Bộ TT&TT),1783/QĐ-BTTTT,valid,https://giayphep.abei.gov.vn/
supercluster.vn,CÔNG TY TNHH SUPERCLUSTER ENTERTAINMENT,"GIẤY XÁC NHẬN THÔNG BÁO PHÁT HÀNH TRÒ CHƠI ĐIỆN TỬ G2,G3,G4",2023-02-14,Giấy phép chính thức (ABEI - Bộ TT&TT),23/GXN-PTTH&TTĐT,valid,https://giayphep.abei.gov.vn/
superclutster.vn,CÔNG TY TNHH SUPERCLUSTER ENTERTAINMENT,"GIẤY XÁC NHẬN THÔNG BÁO PHÁT HÀNH TRÒ CHƠI ĐIỆN TỬ G2,G3,G4",2023-02-16,Giấy phép chính thức (ABEI - Bộ TT&TT),25/GXN-PTTH&TTĐT,valid,https://giayphep.abei.gov.vn/
supergirls.vn,CÔNG TY TNHH RGK MOBILE,GIẤY PHÉP CUNG CẤP DỊCH VỤ MẠNG XÃ HỘI,2017-09-12,Giấy phép chính thức (ABEI - Bộ TT&TT),443/GP-BTTTT,valid,https://giayphep.abei.gov.vn/
supersnail.vn,CÔNG TY CỔ PHẦN GIẢI PHÁP SỐ VISION NETWORK VIỆT NAM,QUYẾT ĐỊNH PHÁT HÀNH TRÒ CHƠI ĐIỆN TỬ G1 TRÊN MẠNG,2024-01-29,Giấy phép chính thức (ABEI - Bộ TT&TT),82/QĐ-BTTTT,valid,https://giayphep.abei.gov.vn/
sv.vtcgame.vn,CÔNG TY VTC CÔNG NGHỆ VÀ NỘI DUNG SỐ,QUYẾT ĐỊNH PHÁT HÀNH TRÒ CHƠI ĐIỆN TỬ G1 TRÊN MẠNG,2016-06-17,Giấy phép chính thức (ABEI - Bộ TT&TT),1051/QĐ-BTTTT,invalid,https://giayphep.abei.gov.vn/
svhttdl.daknong.gov.vn,"SỞ VĂN HÓA, THỂ THAO VÀ DU LỊCH TỈNH ĐẮK NÔNG",GIẤY PHÉP THIẾT LẬP TRANG THÔNG TIN ĐIỆN TỬ TỔNG HỢP,2013-04-26,Giấy phép chính thức (ABEI - Bộ TT&TT),55/GP-TTĐT,invalid,https://giayphep.abei.gov.vn/
sxd.daknong.gov.vn,SỞ XÂY DỰNG TỈNH ĐẮK NÔNG,GIẤY PHÉP THIẾT LẬP TRANG THÔNG TIN ĐIỆN TỬ TỔNG HỢP,2013-04-26,Giấy phép chính thức (ABEI - Bộ TT&TT),54/GP-TTĐT,invalid,https://giayphep.abei.gov.vn/
t3qtk.gamota.com,CÔNG TY CỔ PHẦN GAMOTA,QUYẾT ĐỊNH PHÁT HÀNH TRÒ CHƠI ĐIỆN TỬ G1 TRÊN MẠNG,2023-05-23,Giấy phép chính thức (ABEI - Bộ TT&TT),876/QĐ-BTTTT,valid,https://giayphep.abei.gov.vn/
t5g.org.vn,TRUNG TÂM TRUYỀN THÔNG - GIÁO DỤC SỨC KHỎE TRUNG ƯƠNG,GIẤY PHÉP THIẾT LẬP TRANG THÔNG TIN ĐIỆN TỬ TỔNG HỢP,2022-12-27,Giấy phép chính thức (ABEI - Bộ TT&TT),180/GP-TTĐT,valid,https://giayphep.abei.gov.vn/
ta3q.zoneplay.vn,CÔNG TY TNHH GZONE MEDIA VIỆT NAM,QUYẾT ĐỊNH PHÁT HÀNH TRÒ CHƠI ĐIỆN TỬ G1 TRÊN MẠNG,2025-01-21,Giấy phép chính thức (ABEI - Bộ TT&TT),87/QĐ-BTTTT,valid,https://giayphep.abei.gov.vn/
tabmeida.vn,CÔNG TY CỔ PHẦN TAB MEDIA VIỆT NAM,QUYẾT ĐỊNH PHÁT HÀNH TRÒ CHƠI ĐIỆN TỬ G1 TRÊN MẠNG,2021-04-22,Giấy phép chính thức (ABEI - Bộ TT&TT),525/QĐ-BTTTT,valid,https://giayphep.abei.gov.vn/
taichinhdoanhnghiep.vn,TẠP CHÍ TÀI CHÍNH DOANH NGHIỆP,GIẤY PHÉP THIẾT LẬP TRANG THÔNG TIN ĐIỆN TỬ TỔNG HỢP,2018-06-04,Giấy phép chính thức (ABEI - Bộ TT&TT),144/GP-TTĐT,valid,https://giayphep.abei.gov.vn/
taichinhtoandien.gov.vn,NGÂN HÀNG NHÀ NƯỚC VIỆT NAM,GIẤY PHÉP THIẾT LẬP TRANG THÔNG TIN ĐIỆN TỬ TỔNG HỢP,2021-03-09,Giấy phép chính thức (ABEI - Bộ TT&TT),35/GP-TTĐT,valid,https://giayphep.abei.gov.vn/
tailieu.vn,CÔNG TY TNHH TÀI LIỆU TRỰC TUYẾN VI NA,GIẤY PHÉP CUNG CẤP DỊCH VỤ MẠNG XÃ HỘI,2026-03-09,Giấy phép chính thức (ABEI - Bộ TT&TT),38/GP-BVHTTDL,valid,https://giayphep.abei.gov.vn/
tainangviet.vn,"TRUNG TÂM PHÁT TRIỂN KHOA HỌC, CÔNG NGHỆ VÀ TÀI NĂNG TRẺ",GIẤY PHÉP THIẾT LẬP TRANG THÔNG TIN ĐIỆN TỬ TỔNG HỢP,2022-01-27,Giấy phép chính thức (ABEI - Bộ TT&TT),09/GP-TTĐT,valid,https://giayphep.abei.gov.vn/
taisancong.vn,THỜI BÁO TÀI CHÍNH VIỆT NAM,GIẤY PHÉP THIẾT LẬP TRANG THÔNG TIN ĐIỆN TỬ TỔNG HỢP,2021-06-21,Giấy phép chính thức (ABEI - Bộ TT&TT),98/GP-TTĐT,valid,https://giayphep.abei.gov.vn/
taisinh.zingplay.com,CÔNG TY TNHH ZINGPLAY VIỆT NAM,QUYẾT ĐỊNH PHÁT HÀNH TRÒ CHƠI ĐIỆN TỬ G1 TRÊN MẠNG,2024-07-15,Giấy phép chính thức (ABEI - Bộ TT&TT),1171/QĐ-BTTTT,valid,https://giayphep.abei.gov.vn/
talabaoboi.ggames.vn,CÔNG TY TNHH TRỰC TUYẾN THIÊN HÀ,QUYẾT ĐỊNH PHÁT HÀNH TRÒ CHƠI ĐIỆN TỬ G1 TRÊN MẠNG,2023-01-31,Giấy phép chính thức (ABEI - Bộ TT&TT),86/QĐ-BTTTT,valid,https://giayphep.abei.gov.vn/
talacaothuvolam.joyplay.vn,CÔNG TY TNHH JOYGAMES ,QUYẾT ĐỊNH PHÁT HÀNH TRÒ CHƠI ĐIỆN TỬ G1 TRÊN MẠNG,2026-02-13,Giấy phép chính thức (ABEI - Bộ TT&TT),84/QĐ-PTTH&TTĐT,valid,https://giayphep.abei.gov.vn/
talachienthan.splay.vn,CÔNG TY CỔ PHẦN VTC DỊCH VỤ DI ĐỘNG,QUYẾT ĐỊNH PHÁT HÀNH TRÒ CHƠI ĐIỆN TỬ G1 TRÊN MẠNG,2026-04-15,Giấy phép chính thức (ABEI - Bộ TT&TT),195/QĐ-PTTH&TTĐT,valid,https://giayphep.abei.gov.vn/
talachienthan.vn,CÔNG TY CỔ PHẦN VTC DỊCH VỤ DI ĐỘNG,QUYẾT ĐỊNH PHÁT HÀNH TRÒ CHƠI ĐIỆN TỬ G1 TRÊN MẠNG,2023-03-31,Giấy phép chính thức (ABEI - Bộ TT&TT),507/QĐ-BTTTT,invalid,https://giayphep.abei.gov.vn/
talahoangthuong.phoenix.com,CÔNG TY TNHH DỊCH VỤ GIẢI TRÍ PHƯỢNG HOÀNG,QUYẾT ĐỊNH PHÁT HÀNH TRÒ CHƠI ĐIỆN TỬ G1 TRÊN MẠNG,2020-05-14,Giấy phép chính thức (ABEI - Bộ TT&TT),800/QĐ-BTTTT,invalid,https://giayphep.abei.gov.vn/
talangoisao.phoeniz.com,CÔNG TY TNHH DỊCH VỤ GIẢI TRÍ PHƯỢNG HOÀNG,QUYẾT ĐỊNH PHÁT HÀNH TRÒ CHƠI ĐIỆN TỬ G1 TRÊN MẠNG,2020-11-24,Giấy phép chính thức (ABEI - Bộ TT&TT),2033/QĐ-BTTTT,invalid,https://giayphep.abei.gov.vn/
tamdao.vinhphuc.gov.vn,ỦY BAN NHÂN DÂN HUYỆN TAM ĐẢO,GIẤY PHÉP THIẾT LẬP TRANG THÔNG TIN ĐIỆN TỬ TỔNG HỢP,2013-08-08,Giấy phép chính thức (ABEI - Bộ TT&TT),109/GP-TTĐT,invalid,https://giayphep.abei.gov.vn/
tamgioi.vgplay.vn,CÔNG TY CỔ PHẦN VGP,QUYẾT ĐỊNH PHÁT HÀNH TRÒ CHƠI ĐIỆN TỬ G1 TRÊN MẠNG,2019-03-11,Giấy phép chính thức (ABEI - Bộ TT&TT),269/QĐ-BTTTT,valid,https://giayphep.abei.gov.vn/
tamgioitp.vn,CÔNG TY CỔ PHẦN TEPAYLINK,QUYẾT ĐỊNH PHÁT HÀNH TRÒ CHƠI ĐIỆN TỬ G1 TRÊN MẠNG,2023-09-29,Giấy phép chính thức (ABEI - Bộ TT&TT),1874/QĐ-BTTTT,valid,https://giayphep.abei.gov.vn/
tamlongquyet.vn,CÔNG TY CỔ PHẦN VTC DỊCH VỤ DI ĐỘNG,QUYẾT ĐỊNH PHÁT HÀNH TRÒ CHƠI ĐIỆN TỬ G1 TRÊN MẠNG,2022-01-19,Giấy phép chính thức (ABEI - Bộ TT&TT),55/QĐ-BTTTT,invalid,https://giayphep.abei.gov.vn/
tamquoc.itap.vn,CÔNG TY CỔ PHẦN TRUYỀN HÌNH TƯƠNG TÁC VIỆT NAM,QUYẾT ĐỊNH PHÁT HÀNH TRÒ CHƠI ĐIỆN TỬ G1 TRÊN MẠNG,2021-07-20,Giấy phép chính thức (ABEI - Bộ TT&TT),1030/QĐ-BTTTT,valid,https://giayphep.abei.gov.vn/
tamquoc.mocgame.vn,CÔNG TY CỔ PHẦN TRÒ CHƠI MỘC,QUYẾT ĐỊNH PHÁT HÀNH TRÒ CHƠI ĐIỆN TỬ G1 TRÊN MẠNG,2022-04-04,Giấy phép chính thức (ABEI - Bộ TT&TT),622/QĐ-BTTTT,valid,https://giayphep.abei.gov.vn/
tamquoc36ke.vn,CÔNG TY CỔ PHẦN VTC DỊCH VỤ DI ĐỘNG ,QUYẾT ĐỊNH PHÁT HÀNH TRÒ CHƠI ĐIỆN TỬ G1 TRÊN MẠNG,2026-02-05,Giấy phép chính thức (ABEI - Bộ TT&TT),48/QĐ-PTTH&TTĐT,valid,https://giayphep.abei.gov.vn/
tamquoc3d.ygame.vn,CÔNG TY CỔ PHẦN GIẢI TRÍ YGAME,QUYẾT ĐỊNH PHÁT HÀNH TRÒ CHƠI ĐIỆN TỬ G1 TRÊN MẠNG,2024-12-03,Giấy phép chính thức (ABEI - Bộ TT&TT),2105/QĐ-BTTTT,valid,https://giayphep.abei.gov.vn/
tamquoc3q.vtcgame.vn,CÔNG TY VTC CÔNG NGHỆ VÀ NỘI DUNG SỐ,QUYẾT ĐỊNH PHÁT HÀNH TRÒ CHƠI ĐIỆN TỬ G1 TRÊN MẠNG,2016-12-30,Giấy phép chính thức (ABEI - Bộ TT&TT),2355/QĐ-BTTTT,invalid,https://giayphep.abei.gov.vn/
tamquoccaca.vn,CÔNG TY TNHH SOHA,QUYẾT ĐỊNH PHÁT HÀNH TRÒ CHƠI ĐIỆN TỬ G1 TRÊN MẠNG,2021-06-23,Giấy phép chính thức (ABEI - Bộ TT&TT),888 /QĐ-BTTTT,valid,https://giayphep.abei.gov.vn/
tamquocchess.vn,CÔNG TY TNHH SOHA,QUYẾT ĐỊNH PHÁT HÀNH TRÒ CHƠI ĐIỆN TỬ G1 TRÊN MẠNG,2022-12-08,Giấy phép chính thức (ABEI - Bộ TT&TT),2274/QĐ-BTTTT,valid,https://giayphep.abei.gov.vn/
tamquocchi.splay.vn,CÔNG TY CỔ PHẦN VTC DỊCH VỤ DI ĐỘNG,QUYẾT ĐỊNH PHÁT HÀNH TRÒ CHƠI ĐIỆN TỬ G1 TRÊN MẠNG,2026-07-08,Giấy phép chính thức (ABEI - Bộ TT&TT),410/QĐ-PTTH&TTĐT,valid,https://giayphep.abei.gov.vn/
tamquocchi.vn,CÔNG TY CỔ PHẦN VTC DỊCH VỤ DI ĐỘNG,QUYẾT ĐỊNH PHÁT HÀNH TRÒ CHƠI ĐIỆN TỬ G1 TRÊN MẠNG,2021-08-30,Giấy phép chính thức (ABEI - Bộ TT&TT),1326/QĐ-BTTTT,invalid,https://giayphep.abei.gov.vn/
tamquocchien.vn,CÔNG TY CỔ PHẦN VTC DỊCH VỤ DI ĐỘNG,QUYẾT ĐỊNH PHÁT HÀNH TRÒ CHƠI ĐIỆN TỬ G1 TRÊN MẠNG,2016-02-01,Giấy phép chính thức (ABEI - Bộ TT&TT),172/QĐ-BTTTT,invalid,https://giayphep.abei.gov.vn/
tamquocchienchibi.vn,CÔNG TY CỔ PHẦN VIỆT NAM TACTIC,QUYẾT ĐỊNH PHÁT HÀNH TRÒ CHƠI ĐIỆN TỬ G1 TRÊN MẠNG,2020-12-24,Giấy phép chính thức (ABEI - Bộ TT&TT),2284/QĐ-BTTTT,valid,https://giayphep.abei.gov.vn/
tamquocchiton.gss.vn,CÔNG TY CỔ PHẦN ĐẦU TƯ GSS,QUYẾT ĐỊNH PHÁT HÀNH TRÒ CHƠI ĐIỆN TỬ G1 TRÊN MẠNG,2023-04-26,Giấy phép chính thức (ABEI - Bộ TT&TT),723/QĐ-BTTTT,valid,https://giayphep.abei.gov.vn/
tamquoccho.vtcgame.vn,CÔNG TY VTC CÔNG NGHỆ VÀ NỘI DUNG SỐ,QUYẾT ĐỊNH PHÁT HÀNH TRÒ CHƠI ĐIỆN TỬ G1 TRÊN MẠNG,2023-12-22,Giấy phép chính thức (ABEI - Bộ TT&TT),2498/QĐ-BTTTT,invalid,https://giayphep.abei.gov.vn/
tamquocgaca.vn,CÔNG TY TNHH SOHA,QUYẾT ĐỊNH PHÁT HÀNH TRÒ CHƠI ĐIỆN TỬ G1 TRÊN MẠNG,2021-06-23,Giấy phép chính thức (ABEI - Bộ TT&TT),888/QĐ-BTTTT,valid,https://giayphep.abei.gov.vn/
tamquocgo.playfun.vn,CÔNG TY CỔ PHẦN FUNTAP,QUYẾT ĐỊNH PHÁT HÀNH TRÒ CHƠI ĐIỆN TỬ G1 TRÊN MẠNG,2022-05-27,Giấy phép chính thức (ABEI - Bộ TT&TT),976 /QĐ-BTTTT,valid,https://giayphep.abei.gov.vn/
tamquocgo.vn,CÔNG TY CỔ PHẦN FUNTAP,QUYẾT ĐỊNH PHÁT HÀNH TRÒ CHƠI ĐIỆN TỬ G1 TRÊN MẠNG,2017-06-30,Giấy phép chính thức (ABEI - Bộ TT&TT),1047/QĐ-BTTTT,invalid,https://giayphep.abei.gov.vn/
tamquoch5.vn,CÔNG TY CỔ PHẦN CÔNG NGHỆ GTV VIỆT NAM,QUYẾT ĐỊNH PHÁT HÀNH TRÒ CHƠI ĐIỆN TỬ G1 TRÊN MẠNG,2020-01-08,Giấy phép chính thức (ABEI - Bộ TT&TT),36 /QĐ-BTTTT,valid,https://giayphep.abei.gov.vn/
tamquochuyentuong.cmn.vn,CÔNG TY CỔ PHẦN TRỰC TUYẾN CMN VIỆT NAM,QUYẾT ĐỊNH PHÁT HÀNH TRÒ CHƠI ĐIỆN TỬ G1 TRÊN MẠNG,2022-07-15,Giấy phép chính thức (ABEI - Bộ TT&TT),1388/QĐ-BTTTT,invalid,https://giayphep.abei.gov.vn/
tamquochuyentuong.vnggames.com,CÔNG TY CỔ PHẦN VNG,QUYẾT ĐỊNH PHÁT HÀNH TRÒ CHƠI ĐIỆN TỬ G1 TRÊN MẠNG,2025-05-30,Giấy phép chính thức (ABEI - Bộ TT&TT),217/QĐ-PTTH&TTĐT,valid,https://giayphep.abei.gov.vn/
tamquocidle.vn,CÔNG TY CỔ PHẦN DỊCH VỤ CÔNG NGHỆ THÔNG TIN GIẢI TRÍ VIỆT,QUYẾT ĐỊNH PHÁT HÀNH TRÒ CHƠI ĐIỆN TỬ G1 TRÊN MẠNG,2019-04-11,Giấy phép chính thức (ABEI - Bộ TT&TT),566 /QĐ-BTTTT,invalid,https://giayphep.abei.gov.vn/
tamquockytran.vn,CÔNG TY CỔ PHẦN FUNTAP,QUYẾT ĐỊNH PHÁT HÀNH TRÒ CHƠI ĐIỆN TỬ G1 TRÊN MẠNG,2019-03-04,Giấy phép chính thức (ABEI - Bộ TT&TT),244/QĐ-BTTTT,valid,https://giayphep.abei.gov.vn/
tamquoclegend.splay.vn,CÔNG TY CỔ PHẦN VTC DỊCH VỤ DI ĐỘNG,QUYẾT ĐỊNH PHÁT HÀNH TRÒ CHƠI ĐIỆN TỬ G1 TRÊN MẠNG,2025-05-30,Giấy phép chính thức (ABEI - Bộ TT&TT),220/QĐ-PTTH&TTĐT,valid,https://giayphep.abei.gov.vn/
tamquoclienkich.vn,CÔNG TY TNHH SOHA,QUYẾT ĐỊNH PHÁT HÀNH TRÒ CHƠI ĐIỆN TỬ G1 TRÊN MẠNG,2018-06-08,Giấy phép chính thức (ABEI - Bộ TT&TT),886/QĐ-BTTTT,valid,https://giayphep.abei.gov.vn/
tamquoclienminh.vn,CÔNG TY TNHH SOHA,QUYẾT ĐỊNH PHÁT HÀNH TRÒ CHƠI ĐIỆN TỬ G1 TRÊN MẠNG,2021-01-22,Giấy phép chính thức (ABEI - Bộ TT&TT),82 /QĐ-BTTTT,valid,https://giayphep.abei.gov.vn/
tamquocloanchien.playfun.vn,CÔNG TY CỔ PHẦN FUNTAP,QUYẾT ĐỊNH PHÁT HÀNH TRÒ CHƠI ĐIỆN TỬ G1 TRÊN MẠNG,2021-04-19,Giấy phép chính thức (ABEI - Bộ TT&TT),503 /QĐ-BTTTT,valid,https://giayphep.abei.gov.vn/
tamquocmeo.vn,CÔNG TY TNHH SOHA,QUYẾT ĐỊNH PHÁT HÀNH TRÒ CHƠI ĐIỆN TỬ G1 TRÊN MẠNG,2024-06-05,Giấy phép chính thức (ABEI - Bộ TT&TT),921/QĐ-BTTTT,valid,https://giayphep.abei.gov.vn/
tamquocmoba.vtcgame.vn,CÔNG TY VTC CÔNG NGHỆ VÀ NỘI DUNG SỐ,QUYẾT ĐỊNH PHÁT HÀNH TRÒ CHƠI ĐIỆN TỬ G1 TRÊN MẠNG,2017-06-14,Giấy phép chính thức (ABEI - Bộ TT&TT),908/QĐ-BTTTT,invalid,https://giayphep.abei.gov.vn/
tamquocorigin.playfun.vn,CÔNG TY CỔ PHẦN FUNTAP,QUYẾT ĐỊNH PHÁT HÀNH TRÒ CHƠI ĐIỆN TỬ G1 TRÊN MẠNG,2020-07-14,Giấy phép chính thức (ABEI - Bộ TT&TT),1194 /QĐ-BTTTT,valid,https://giayphep.abei.gov.vn/
tamquocphanxu.vn,CÔNG TY CỔ PHẦN VGP,QUYẾT ĐỊNH PHÁT HÀNH TRÒ CHƠI ĐIỆN TỬ G1 TRÊN MẠNG,2017-12-07,Giấy phép chính thức (ABEI - Bộ TT&TT),2253/QĐ-BTTTT,valid,https://giayphep.abei.gov.vn/
tamquocquananh.vn,CÔNG TY TNHH SOHA,QUYẾT ĐỊNH PHÁT HÀNH TRÒ CHƠI ĐIỆN TỬ G1 TRÊN MẠNG,2018-05-18,Giấy phép chính thức (ABEI - Bộ TT&TT),760/QĐ-BTTTT,valid,https://giayphep.abei.gov.vn/
tamquocquananh.vplay.vn,CÔNG TY CỔ PHẦN TRUYỀN HÌNH TƯƠNG TÁC VIỆT NAM,QUYẾT ĐỊNH PHÁT HÀNH TRÒ CHƠI ĐIỆN TỬ G1 TRÊN MẠNG,2026-06-16,Giấy phép chính thức (ABEI - Bộ TT&TT),350/QĐ-PTTH&TTĐT,valid,https://giayphep.abei.gov.vn/
tamquocthanma.vn,CÔNG TY CỔ PHẦN SKYWAY,QUYẾT ĐỊNH PHÁT HÀNH TRÒ CHƠI ĐIỆN TỬ G1 TRÊN MẠNG,2022-01-24,Giấy phép chính thức (ABEI - Bộ TT&TT),111/QĐ-BTTTT,valid,https://giayphep.abei.gov.vn/
tamquoctocchien.vn,CÔNG TY TNHH SOHA,QUYẾT ĐỊNH PHÁT HÀNH TRÒ CHƠI ĐIỆN TỬ G1 TRÊN MẠNG,2020-03-09,Giấy phép chính thức (ABEI - Bộ TT&TT),307 /QĐ-BTTTT,valid,https://giayphep.abei.gov.vn/
tamquoctruyenkymobile.playfun.vn,CÔNG TY CỔ PHẦN FUNTAP,QUYẾT ĐỊNH PHÁT HÀNH TRÒ CHƠI ĐIỆN TỬ G1 TRÊN MẠNG,2022-05-27,Giấy phép chính thức (ABEI - Bộ TT&TT),973 /QĐ-BTTTT,valid,https://giayphep.abei.gov.vn/
tamquoctuthoica.sohagame.vn,CÔNG TY TNHH SOHA,QUYẾT ĐỊNH PHÁT HÀNH TRÒ CHƠI ĐIỆN TỬ G1 TRÊN MẠNG,2026-07-03,Giấy phép chính thức (ABEI - Bộ TT&TT),383/QĐ-PTTH&TTĐT,valid,https://giayphep.abei.gov.vn/
tamquocvidieu.vn,CÔNG TY TNHH SOHA,QUYẾT ĐỊNH PHÁT HÀNH TRÒ CHƠI ĐIỆN TỬ G1 TRÊN MẠNG,2019-07-18,Giấy phép chính thức (ABEI - Bộ TT&TT),1091/QĐ-BTTTT,valid,https://giayphep.abei.gov.vn/
tamquocvosongtuongquan.atgame.com.vn,CÔNG TY TNHH CÔNG NGHỆ MẠNG AT ,QUYẾT ĐỊNH PHÁT HÀNH TRÒ CHƠI ĐIỆN TỬ G1 TRÊN MẠNG,2026-01-13,Giấy phép chính thức (ABEI - Bộ TT&TT),12/QĐ-PTTH&TTĐT,valid,https://giayphep.abei.gov.vn/
tamquocvuonggia.vn,CÔNG TY CỔ PHẦN FUNTAP,QUYẾT ĐỊNH PHÁT HÀNH TRÒ CHƠI ĐIỆN TỬ G1 TRÊN MẠNG,2019-03-04,Giấy phép chính thức (ABEI - Bộ TT&TT),245/QĐ-BTTTT,valid,https://giayphep.abei.gov.vn/
tamquocx.playfun.vn,CÔNG TY CỔ PHẦN FUNTAP,QUYẾT ĐỊNH PHÁT HÀNH TRÒ CHƠI ĐIỆN TỬ G1 TRÊN MẠNG,2022-11-22,Giấy phép chính thức (ABEI - Bộ TT&TT),2310/QĐ-BTTTT,valid,https://giayphep.abei.gov.vn/
tamsinhkiep.vn,CÔNG TY CỔ PHẦN XTV,QUYẾT ĐỊNH PHÁT HÀNH TRÒ CHƠI ĐIỆN TỬ G1 TRÊN MẠNG,2019-01-29,Giấy phép chính thức (ABEI - Bộ TT&TT),121/QĐ-BTTTT,invalid,https://giayphep.abei.gov.vn/
tamthe.efun.vn,CÔNG TY CỔ PHẦN CÔNG NGHỆ EFUN VIỆT NAM,QUYẾT ĐỊNH PHÁT HÀNH TRÒ CHƠI ĐIỆN TỬ G1 TRÊN MẠNG,2020-03-18,Giấy phép chính thức (ABEI - Bộ TT&TT),1032/QĐ-BTTTT,valid,https://giayphep.abei.gov.vn/
tamtinh.vn,CÔNG TY CỔ PHẦN OPP VIỆT NAM,GIẤY PHÉP CUNG CẤP DỊCH VỤ MẠNG XÃ HỘI,2018-10-30,Giấy phép chính thức (ABEI - Bộ TT&TT),382/GP-BTTTT,invalid,https://giayphep.abei.gov.vn/
tan3qmax.vn,CÔNG TY CỔ PHẦN GIẢI TRÍ TRỰC TUYẾN 3T,QUYẾT ĐỊNH PHÁT HÀNH TRÒ CHƠI ĐIỆN TỬ G1 TRÊN MẠNG,2022-04-04,Giấy phép chính thức (ABEI - Bộ TT&TT),626 /QĐ-BTTTT,valid,https://giayphep.abei.gov.vn/
tanchanlong.oeg.vn,CÔNG TY CỔ PHẦN TẬP ĐOÀN GIẢI TRÍ ĐẠI DƯƠNG,QUYẾT ĐỊNH PHÁT HÀNH TRÒ CHƠI ĐIỆN TỬ G1 TRÊN MẠNG,2026-03-30,Giấy phép chính thức (ABEI - Bộ TT&TT),153/QĐ-PTTH&TTĐT,valid,https://giayphep.abei.gov.vn/
tangkiemmobile.vn,CÔNG TY TNHH SOHA,QUYẾT ĐỊNH PHÁT HÀNH TRÒ CHƠI ĐIỆN TỬ G1 TRÊN MẠNG,2021-07-29,Giấy phép chính thức (ABEI - Bộ TT&TT),1111/QĐ-BTTTT,invalid,https://giayphep.abei.gov.vn/
tanhiepkhach.com.vn,CÔNG TY CỔ PHẦN CÔNG NGHỆ MOBI-GAME,QUYẾT ĐỊNH PHÁT HÀNH TRÒ CHƠI ĐIỆN TỬ G1 TRÊN MẠNG,2021-04-29,Giấy phép chính thức (ABEI - Bộ TT&TT),571/QĐ-BTTTT,valid,https://giayphep.abei.gov.vn/
tankiem.gamota.com,CÔNG TY CỔ PHẦN GAMOTA,QUYẾT ĐỊNH PHÁT HÀNH TRÒ CHƠI ĐIỆN TỬ G1 TRÊN MẠNG,2018-01-12,Giấy phép chính thức (ABEI - Bộ TT&TT),36/QĐ-BTTTT,invalid,https://giayphep.abei.gov.vn/
tankynguyen.vn,CÔNG TY TNHH CÔNG NGHỆ GIẢI TRÍ CHÂU Á,QUYẾT ĐỊNH PHÁT HÀNH TRÒ CHƠI ĐIỆN TỬ G1 TRÊN MẠNG,2022-02-10,Giấy phép chính thức (ABEI - Bộ TT&TT),181/QĐ-BTTTT,valid,https://giayphep.abei.gov.vn/
tanlocdinhky.esgame.vn,CÔNG TY CỔ PHẦN ĐẦU TƯ & CÔNG NGHỆ MCORP,QUYẾT ĐỊNH PHÁT HÀNH TRÒ CHƠI ĐIỆN TỬ G1 TRÊN MẠNG,2020-06-11,Giấy phép chính thức (ABEI - Bộ TT&TT),976 /QĐ-BTTTT,valid,https://giayphep.abei.gov.vn/
tanminhchu.vn,CÔNG TY TNHH SOHA,QUYẾT ĐỊNH PHÁT HÀNH TRÒ CHƠI ĐIỆN TỬ G1 TRÊN MẠNG,2020-12-29,Giấy phép chính thức (ABEI - Bộ TT&TT),2336 /QĐ-BTTTT,valid,https://giayphep.abei.gov.vn/
tanngoalong.vnggames.com,CÔNG TY CỔ PHẦN TẬP ĐOÀN VNG,QUYẾT ĐỊNH PHÁT HÀNH TRÒ CHƠI ĐIỆN TỬ G1 TRÊN MẠNG,2022-02-21,Giấy phép chính thức (ABEI - Bộ TT&TT),306 /OĐ-BTTTT,valid,https://giayphep.abei.gov.vn/
tannhatkiem.playfun.vn,CÔNG TY CỔ PHẦN FUNTAP,QUYẾT ĐỊNH PHÁT HÀNH TRÒ CHƠI ĐIỆN TỬ G1 TRÊN MẠNG,2024-06-10,Giấy phép chính thức (ABEI - Bộ TT&TT),949/QĐ-BTTTT,valid,https://giayphep.abei.gov.vn/
tanolongvien.vn,CÔNG TY TNHH SOHA,QUYẾT ĐỊNH PHÁT HÀNH TRÒ CHƠI ĐIỆN TỬ G1 TRÊN MẠNG,2022-06-14,Giấy phép chính thức (ABEI - Bộ TT&TT),1079/QĐ-BTTTT,invalid,https://giayphep.abei.gov.vn/
tanomg3q.vnggames.com,Công ty TNHH VNGGames,QUYẾT ĐỊNH PHÁT HÀNH TRÒ CHƠI ĐIỆN TỬ G1 TRÊN MẠNG,2026-03-31,Giấy phép chính thức (ABEI - Bộ TT&TT),159/QĐ-PTTH&TTĐT,valid,https://giayphep.abei.gov.vn/
tanomg3q.zing.vn,CÔNG TY TNHH TRUYỀN THÔNG MINH PHƯƠNG THỊNH,QUYẾT ĐỊNH PHÁT HÀNH TRÒ CHƠI ĐIỆN TỬ G1 TRÊN MẠNG,2021-03-23,Giấy phép chính thức (ABEI - Bộ TT&TT),350/QĐ-BTTTT,invalid,https://giayphep.abei.gov.vn/
tanphamnhan.vn,CÔNG TY CỔ PHẦN TRỰC TUYẾN CMN VIỆT NAM,QUYẾT ĐỊNH PHÁT HÀNH TRÒ CHƠI ĐIỆN TỬ G1 TRÊN MẠNG,2021-07-19,Giấy phép chính thức (ABEI - Bộ TT&TT),1020/QĐ-BTTTT,valid,https://giayphep.abei.gov.vn/
tanquoctruyenkymobile.vn,CÔNG TY CỔ PHẦN FUNTAP,QUYẾT ĐỊNH PHÁT HÀNH TRÒ CHƠI ĐIỆN TỬ G1 TRÊN MẠNG,2017-10-31,Giấy phép chính thức (ABEI - Bộ TT&TT),1892/QĐ-BTTTT,invalid,https://giayphep.abei.gov.vn/
tansumuoi.gamota.com,CÔNG TY CỔ PHẦN GAMOTA,QUYẾT ĐỊNH PHÁT HÀNH TRÒ CHƠI ĐIỆN TỬ G1 TRÊN MẠNG,2017-10-02,Giấy phép chính thức (ABEI - Bộ TT&TT),1641/QĐ-BTTTT,valid,https://giayphep.abei.gov.vn/
tantamquocchi.100d.mobi,CÔNG TY CỔ PHẦN GIẢI TRÍ 100 ĐỘ,QUYẾT ĐỊNH PHÁT HÀNH TRÒ CHƠI ĐIỆN TỬ G1 TRÊN MẠNG,2019-12-05,Giấy phép chính thức (ABEI - Bộ TT&TT),2120 /QĐ-BTTTT,invalid,https://giayphep.abei.gov.vn/
tantayduky.vn,CÔNG TY CỔ PHẦN TEPAYLINK,QUYẾT ĐỊNH PHÁT HÀNH TRÒ CHƠI ĐIỆN TỬ G1 TRÊN MẠNG,2025-02-20,Giấy phép chính thức (ABEI - Bộ TT&TT),42/QĐ-PTTH&TTĐT,valid,https://giayphep.abei.gov.vn/
tanthegioi.zoneplay.vn,CÔNG TY CỔ PHẦN GZONE MEDIA VIỆT NAM,QUYẾT ĐỊNH PHÁT HÀNH TRÒ CHƠI ĐIỆN TỬ G1 TRÊN MẠNG,2025-01-17,Giấy phép chính thức (ABEI - Bộ TT&TT),56/QĐ-BTTTT,valid,https://giayphep.abei.gov.vn/
tanthienha.vn,CÔNG TY TNHH SOHA,QUYẾT ĐỊNH PHÁT HÀNH TRÒ CHƠI ĐIỆN TỬ G1 TRÊN MẠNG,2019-07-18,Giấy phép chính thức (ABEI - Bộ TT&TT),1090/QĐ-BTTTT,valid,https://giayphep.abei.gov.vn/
tanthienlongkiem.vn,CÔNG TY CỔ PHẦN TRỰC TUYẾN GOSU,QUYẾT ĐỊNH PHÁT HÀNH TRÒ CHƠI ĐIỆN TỬ G1 TRÊN MẠNG,2024-06-10,Giấy phép chính thức (ABEI - Bộ TT&TT),948/QĐ-BTTTT,invalid,https://giayphep.abei.gov.vn/
tantruongsinhquyet.vn,CÔNG TY TNHH SOHA,QUYẾT ĐỊNH PHÁT HÀNH TRÒ CHƠI ĐIỆN TỬ G1 TRÊN MẠNG,2020-06-11,Giấy phép chính thức (ABEI - Bộ TT&TT),978/QĐ-BTTTT,valid,https://giayphep.abei.gov.vn/
tanvolam.gigantic.vn,CÔNG TY CỔ PHẦN GIẢI TRÍ TRỰC TUYẾN GIGANTIC ,QUYẾT ĐỊNH PHÁT HÀNH TRÒ CHƠI ĐIỆN TỬ G1 TRÊN MẠNG,2026-04-16,Giấy phép chính thức (ABEI - Bộ TT&TT),200/QĐ-PTTH&TTĐT,valid,https://giayphep.abei.gov.vn/
tanvuongthienha.vn,CÔNG TY TNHH SOHA,QUYẾT ĐỊNH PHÁT HÀNH TRÒ CHƠI ĐIỆN TỬ G1 TRÊN MẠNG,2018-07-23,Giấy phép chính thức (ABEI - Bộ TT&TT),1226/QĐ-BTTTT,valid,https://giayphep.abei.gov.vn/
taothaotruyen.vmggame.vn,CÔNG TY CỔ PHẦN TRUYỀN THÔNG VMG,QUYẾT ĐỊNH PHÁT HÀNH TRÒ CHƠI ĐIỆN TỬ G1 TRÊN MẠNG,2017-01-13,Giấy phép chính thức (ABEI - Bộ TT&TT),47/QĐ-BTTTT,valid,https://giayphep.abei.gov.vn/
tapchicanhsat.com.vn,"TẠP CHÍ CẢNH SÁT PHÒNG, CHỐNG TỘI PHẠM",GIẤY PHÉP THIẾT LẬP TRANG THÔNG TIN ĐIỆN TỬ TỔNG HỢP,2015-12-09,Giấy phép chính thức (ABEI - Bộ TT&TT),172/GP-TTĐT,invalid,https://giayphep.abei.gov.vn/
tapchicaosu.vn,TẠP CHÍ CAO SU VIỆT NAM,GIẤY PHÉP THIẾT LẬP TRANG THÔNG TIN ĐIỆN TỬ TỔNG HỢP,2015-04-09,Giấy phép chính thức (ABEI - Bộ TT&TT),28/GP-TTĐT,invalid,https://giayphep.abei.gov.vn/
tapchicapthoatnuoc.vn,TẠP CHÍ CẤP THOÁT NƯỚC VIỆT NAM,GIẤY PHÉP THIẾT LẬP TRANG THÔNG TIN ĐIỆN TỬ TỔNG HỢP,2013-02-27,Giấy phép chính thức (ABEI - Bộ TT&TT),17/GP-TTĐT,invalid,https://giayphep.abei.gov.vn/
tapchichungkhoan.vn,TẠP CHÍ CHỨNG KHOÁN,GIẤY PHÉP THIẾT LẬP TRANG THÔNG TIN ĐIỆN TỬ TỔNG HỢP,2020-12-22,Giấy phép chính thức (ABEI - Bộ TT&TT),241/GP-TTĐT,valid,https://giayphep.abei.gov.vn/
tapchichungkhoanvietnam.vn,TẠP CHÍ CHỨNG KHOÁN,GIẤY PHÉP THIẾT LẬP TRANG THÔNG TIN ĐIỆN TỬ TỔNG HỢP,2020-12-22,Giấy phép chính thức (ABEI - Bộ TT&TT),241/GP-TTĐT,valid,https://giayphep.abei.gov.vn/
tapchicnnh.buh.edu.vn,TẠP CHÍ CÔNG NGHỆ NGÂN HÀNG,GIẤY PHÉP THIẾT LẬP TRANG THÔNG TIN ĐIỆN TỬ TỔNG HỢP,2016-11-11,Giấy phép chính thức (ABEI - Bộ TT&TT),201/GP-TTĐT,valid,https://giayphep.abei.gov.vn/
tapchicokhi.vn,TẠP CHÍ CƠ KHÍ VIỆT NAM,GIẤY PHÉP THIẾT LẬP TRANG THÔNG TIN ĐIỆN TỬ TỔNG HỢP,2017-07-20,Giấy phép chính thức (ABEI - Bộ TT&TT),242/GP-TTĐT,valid,https://giayphep.abei.gov.vn/
tapchicongannhandan.vn,TẠP CHÍ CÔNG AN NHÂN DÂN,GIẤY PHÉP THIẾT LẬP TRANG THÔNG TIN ĐIỆN TỬ TỔNG HỢP,2018-01-16,Giấy phép chính thức (ABEI - Bộ TT&TT),16/GP-TTĐT,valid,https://giayphep.abei.gov.vn/
tapchicongnghiepmoitruong.vn,TẠP CHÍ CÔNG NGHIỆP MÔI TRƯỜNG,GIẤY PHÉP THIẾT LẬP TRANG THÔNG TIN ĐIỆN TỬ TỔNG HỢP,2018-08-09,Giấy phép chính thức (ABEI - Bộ TT&TT),209/GP-TTĐT,invalid,https://giayphep.abei.gov.vn/
tapchicuaviet.com.vn,TẠP CHÍ CỬA VIỆT,GIẤY PHÉP THIẾT LẬP TRANG THÔNG TIN ĐIỆN TỬ TỔNG HỢP,2018-07-12,Giấy phép chính thức (ABEI - Bộ TT&TT),183/GP-TTĐT,invalid,https://giayphep.abei.gov.vn/
tapchicuviet.com.vn,TẠP CHÍ CỬA VIỆT,GIẤY PHÉP THIẾT LẬP TRANG THÔNG TIN ĐIỆN TỬ TỔNG HỢP,2020-05-29,Giấy phép chính thức (ABEI - Bộ TT&TT),76/GP-TTĐT,valid,https://giayphep.abei.gov.vn/
tapchidouong.com.vn,TẠP CHÍ ĐỒ UỐNG VIỆT NAM,GIẤY PHÉP THIẾT LẬP TRANG THÔNG TIN ĐIỆN TỬ TỔNG HỢP,2017-04-14,Giấy phép chính thức (ABEI - Bộ TT&TT),98/GP-TTĐT,invalid,https://giayphep.abei.gov.vn/
tapchigiacam.vn,TẠP CHÍ THẾ GIỚI GIA CẦM,GIẤY PHÉP THIẾT LẬP TRANG THÔNG TIN ĐIỆN TỬ TỔNG HỢP,2018-10-13,Giấy phép chính thức (ABEI - Bộ TT&TT),254/GP-TTĐT,invalid,https://giayphep.abei.gov.vn/
tapchigiaoduc.moet.edu.vn,TẠP CHÍ GIÁO DỤC,GIẤY PHÉP THIẾT LẬP TRANG THÔNG TIN ĐIỆN TỬ TỔNG HỢP,2016-06-30,Giấy phép chính thức (ABEI - Bộ TT&TT),72/GP-TTĐT,valid,https://giayphep.abei.gov.vn/
tapchihanquoc.com,TẠP CHÍ HÀN QUỐC,GIẤY PHÉP THIẾT LẬP TRANG THÔNG TIN ĐIỆN TỬ TỔNG HỢP,2018-05-10,Giấy phép chính thức (ABEI - Bộ TT&TT),112/GP-TTĐT,invalid,https://giayphep.abei.gov.vn/
tapchihanquoc.com.vn,TẠP CHÍ HÀN QUỐC,GIẤY PHÉP THIẾT LẬP TRANG THÔNG TIN ĐIỆN TỬ TỔNG HỢP,2013-01-08,Giấy phép chính thức (ABEI - Bộ TT&TT),01/GP-TTĐT,invalid,https://giayphep.abei.gov.vn/
tapchihanquoc.vn,TẠP CHÍ HÀN QUỐC,GIẤY PHÉP THIẾT LẬP TRANG THÔNG TIN ĐIỆN TỬ TỔNG HỢP,2018-05-10,Giấy phép chính thức (ABEI - Bộ TT&TT),112/GP-TTĐT,invalid,https://giayphep.abei.gov.vn/
tapchihuunghi.vn,TẠP CHÍ HỮU NGHỊ,GIẤY PHÉP THIẾT LẬP TRANG THÔNG TIN ĐIỆN TỬ TỔNG HỢP,2016-11-21,Giấy phép chính thức (ABEI - Bộ TT&TT),216/GP-TTĐT,valid,https://giayphep.abei.gov.vn/
tapchikhoahocnongnghiep.vn,TẠP CHÍ NÔNG NGHIỆP VÀ PHÁT TRIỂN NÔNG THÔN,GIẤY PHÉP THIẾT LẬP TRANG THÔNG TIN ĐIỆN TỬ TỔNG HỢP,2015-04-21,Giấy phép chính thức (ABEI - Bộ TT&TT),32/GP-TTĐT,invalid,https://giayphep.abei.gov.vn/
tapchimoitruong.vn,TẠP CHÍ MÔI TRƯỜNG,GIẤY PHÉP THIẾT LẬP TRANG THÔNG TIN ĐIỆN TỬ TỔNG HỢP,2020-05-08,Giấy phép chính thức (ABEI - Bộ TT&TT),59/GP-TTĐT,invalid,https://giayphep.abei.gov.vn/
tapchinganhang.com.vn,TẠP CHÍ NGÂN HÀNG,GIẤY PHÉP THIẾT LẬP TRANG THÔNG TIN ĐIỆN TỬ TỔNG HỢP,2020-08-27,Giấy phép chính thức (ABEI - Bộ TT&TT),153/GP-TTĐT,valid,https://giayphep.abei.gov.vn/
tapchinganhang.gov.vn,TẠP CHÍ NGÂN HÀNG,GIẤY PHÉP THIẾT LẬP TRANG THÔNG TIN ĐIỆN TỬ TỔNG HỢP,2020-08-27,Giấy phép chính thức (ABEI - Bộ TT&TT),153/GP-TTĐT,valid,https://giayphep.abei.gov.vn/
tapchinghethuatbieudien.vn,TẠP CHÍ NGHỆ THUẬT BIỂU DIỄN,GIẤY PHÉP THIẾT LẬP TRANG THÔNG TIN ĐIỆN TỬ TỔNG HỢP,2016-04-19,Giấy phép chính thức (ABEI - Bộ TT&TT),33/GP-TTĐT,invalid,https://giayphep.abei.gov.vn/
tapchinhatrang.com.vn,TẠP CHÍ NHA TRANG,GIẤY PHÉP THIẾT LẬP TRANG THÔNG TIN ĐIỆN TỬ TỔNG HỢP,2016-12-07,Giấy phép chính thức (ABEI - Bộ TT&TT),240/GP-TTĐT,valid,https://giayphep.abei.gov.vn/
tapchithoitrangtre.com.vn,TẠP CHÍ THỜI TRANG TRẺ,GIẤY PHÉP THIẾT LẬP TRANG THÔNG TIN ĐIỆN TỬ TỔNG HỢP,2015-11-02,Giấy phép chính thức (ABEI - Bộ TT&TT),155/GP-TTĐT,valid,https://giayphep.abei.gov.vn/
tapchithoitrangtre.vn,TẠP CHÍ THỜI TRANG TRẺ,GIẤY PHÉP THIẾT LẬP TRANG THÔNG TIN ĐIỆN TỬ TỔNG HỢP,2015-11-02,Giấy phép chính thức (ABEI - Bộ TT&TT),155/GP-TTĐT,valid,https://giayphep.abei.gov.vn/
tapchithue.com.vn,TẠP CHÍ THUẾ NHÀ NƯỚC,GIẤY PHÉP THIẾT LẬP TRANG THÔNG TIN ĐIỆN TỬ TỔNG HỢP,2021-04-02,Giấy phép chính thức (ABEI - Bộ TT&TT),57/GP-TTĐT,valid,https://giayphep.abei.gov.vn/
tapchixaydungbxd.vn,TẠP CHÍ XÂY DỰNG,GIẤY PHÉP THIẾT LẬP TRANG THÔNG TIN ĐIỆN TỬ TỔNG HỢP,2017-07-13,Giấy phép chính thức (ABEI - Bộ TT&TT),235/GP-TTĐT,invalid,https://giayphep.abei.gov.vn/
tapchixuthanh.vn,TẠP CHÍ VĂN NGHỆ XỨ THANH,GIẤY PHÉP THIẾT LẬP TRANG THÔNG TIN ĐIỆN TỬ TỔNG HỢP,2023-10-26,Giấy phép chính thức (ABEI - Bộ TT&TT),187/GP-TTĐT,valid,https://giayphep.abei.gov.vn/
tapchiyduochocvietnam.com.vn,TẠP CHÍ Y DƯỢC HỌC,GIẤY PHÉP THIẾT LẬP TRANG THÔNG TIN ĐIỆN TỬ TỔNG HỢP,2021-05-12,Giấy phép chính thức (ABEI - Bộ TT&TT),74/GP-TTĐT,valid,https://giayphep.abei.gov.vn/
tapkich.vn,CÔNG TY CỔ PHẦN VTC DỊCH VỤ DI ĐỘNG,QUYẾT ĐỊNH PHÁT HÀNH TRÒ CHƠI ĐIỆN TỬ G1 TRÊN MẠNG,2026-04-02,Giấy phép chính thức (ABEI - Bộ TT&TT),169/QĐ-PTTH&TTĐT,valid,https://giayphep.abei.gov.vn/
taptapheroes.tbgame.vn,CÔNG TY TNHH TRÒ CHƠI TRỰC TUYẾN THIENBAO,QUYẾT ĐỊNH PHÁT HÀNH TRÒ CHƠI ĐIỆN TỬ G1 TRÊN MẠNG,2020-11-09,Giấy phép chính thức (ABEI - Bộ TT&TT),1911/QĐ-BTTTT,valid,https://giayphep.abei.gov.vn/
tatt.zoneplay.vn,CÔNG TY CỔ PHẦN GZONE MEDIA VIỆT NAM,QUYẾT ĐỊNH PHÁT HÀNH TRÒ CHƠI ĐIỆN TỬ G1 TRÊN MẠNG,2020-09-30,Giấy phép chính thức (ABEI - Bộ TT&TT),1652 /QĐ-BTTTT,valid,https://giayphep.abei.gov.vn/
tavduphucma.garnes.vn,CÔNG TY TNHH TRỰC TUYÊN THIÊN HÀ,QUYẾT ĐỊNH PHÁT HÀNH TRÒ CHƠI ĐIỆN TỬ G1 TRÊN MẠNG,2022-11-08,Giấy phép chính thức (ABEI - Bộ TT&TT),2052/QĐ-BTTTT,valid,https://giayphep.abei.gov.vn/
taydu.360game.vn,CÔNG TY TNHH NỘI DUNG SỐ NGUYÊN BẢO,QUYẾT ĐỊNH PHÁT HÀNH TRÒ CHƠI ĐIỆN TỬ G1 TRÊN MẠNG,2017-11-13,Giấy phép chính thức (ABEI - Bộ TT&TT),1967/QĐ-BTTTT,valid,https://giayphep.abei.gov.vn/
taydu.cmn.vn,CÔNG TY CỔ PHẦN TRỰC TUYẾN CMN VIỆT NAM ,QUYẾT ĐỊNH PHÁT HÀNH TRÒ CHƠI ĐIỆN TỬ G1 TRÊN MẠNG,2025-02-27,Giấy phép chính thức (ABEI - Bộ TT&TT),66/QĐ-PTTH&TTĐT,valid,https://giayphep.abei.gov.vn/
taydu.playfun.vn,CÔNG TY CỔ PHẦN FUNTAP,QUYẾT ĐỊNH PHÁT HÀNH TRÒ CHƠI ĐIỆN TỬ G1 TRÊN MẠNG,2021-06-23,Giấy phép chính thức (ABEI - Bộ TT&TT),893 /QĐ-BTTTT,valid,https://giayphep.abei.gov.vn/
taydu.vnggames.net,CÔNG TY CỔ PHẦN VNG,QUYẾT ĐỊNH PHÁT HÀNH TRÒ CHƠI ĐIỆN TỬ G1 TRÊN MẠNG,2023-10-13,Giấy phép chính thức (ABEI - Bộ TT&TT),1981/QĐ-BTTTT,invalid,https://giayphep.abei.gov.vn/
taydu.ygame.vn,CÔNG TY CỔ PHẦN GIẢI TRÍ YGAME,QUYẾT ĐỊNH PHÁT HÀNH TRÒ CHƠI ĐIỆN TỬ G1 TRÊN MẠNG,2019-01-28,Giấy phép chính thức (ABEI - Bộ TT&TT),96/QĐ-BTTTT,valid,https://giayphep.abei.gov.vn/
taydu3d.vn,CÔNG TY TNHH SOHA,QUYẾT ĐỊNH PHÁT HÀNH TRÒ CHƠI ĐIỆN TỬ G1 TRÊN MẠNG,2018-05-18,Giấy phép chính thức (ABEI - Bộ TT&TT),763/QĐ-BTTTT,valid,https://giayphep.abei.gov.vn/
tayduasieutoc.playfun.vn,CÔNG TY CỔ PHẦN FUNTAP,QUYẾT ĐỊNH PHÁT HÀNH TRÒ CHƠI ĐIỆN TỬ G1 TRÊN MẠNG,2020-09-14,Giấy phép chính thức (ABEI - Bộ TT&TT),1559 /QĐ-BTTTT,valid,https://giayphep.abei.gov.vn/
taydukyngoky.gaba.vn,CÔNG TY CỔ PHẦN TRÒ CHƠI VEGA,QUYẾT ĐỊNH PHÁT HÀNH TRÒ CHƠI ĐIỆN TỬ G1 TRÊN MẠNG,2019-10-24,Giấy phép chính thức (ABEI - Bộ TT&TT),1777/QĐ-BTTTT,valid,https://giayphep.abei.gov.vn/
taydutambao.sohagame.vn,CÔNG TY TNHH SOHA,QUYẾT ĐỊNH PHÁT HÀNH TRÒ CHƠI ĐIỆN TỬ G1 TRÊN MẠNG,2025-10-30,Giấy phép chính thức (ABEI - Bộ TT&TT),480/QĐ-PTTH&TTĐT,valid,https://giayphep.abei.gov.vn/
tayduthanky.vn,CÔNG TY TNHH VMGE,QUYẾT ĐỊNH PHÁT HÀNH TRÒ CHƠI ĐIỆN TỬ G1 TRÊN MẠNG,2023-11-15,Giấy phép chính thức (ABEI - Bộ TT&TT),2269 /QĐ-BTTTT,valid,https://giayphep.abei.gov.vn/
tayhanhky.vn,CÔNG TY CỔ PHẦN VTC DỊCH VỤ DI ĐỘNG ,QUYẾT ĐỊNH PHÁT HÀNH TRÒ CHƠI ĐIỆN TỬ G1 TRÊN MẠNG,2021-06-01,Giấy phép chính thức (ABEI - Bộ TT&TT),753/QĐ-BTTTT,valid,https://giayphep.abei.gov.vn/
tayninh.gov.vn,SỞ THÔNG TIN VÀ TRUYỀN THÔNG TÂY NINH,GIẤY PHÉP THIẾT LẬP TRANG THÔNG TIN ĐIỆN TỬ TỔNG HỢP,2017-08-30,Giấy phép chính thức (ABEI - Bộ TT&TT),281/GP-TTĐT,valid,https://giayphep.abei.gov.vn/
taythienky.vn,CÔNG TY TNHH DỊCH VỤ PHẦN MỀM BÌNH MINH,QUYẾT ĐỊNH PHÁT HÀNH TRÒ CHƠI ĐIỆN TỬ G1 TRÊN MẠNG,2016-12-01,Giấy phép chính thức (ABEI - Bộ TT&TT),2143/QĐ-BTTTT,invalid,https://giayphep.abei.gov.vn/
tbdn.com.vn,THỜI BÁO DOANH NHÂN,GIẤY PHÉP THIẾT LẬP TRANG THÔNG TIN ĐIỆN TỬ TỔNG HỢP,2017-11-17,Giấy phép chính thức (ABEI - Bộ TT&TT),344/GPSĐBS-TTĐT,invalid,https://giayphep.abei.gov.vn/
tbdn.vn,THỜI BÁO DOANH NHÂN,GIẤY PHÉP THIẾT LẬP TRANG THÔNG TIN ĐIỆN TỬ TỔNG HỢP,2016-11-09,Giấy phép chính thức (ABEI - Bộ TT&TT),182/GP-TTĐT,invalid,https://giayphep.abei.gov.vn/
tbgame.vn,CÔNG TY TNHH TRÒ CHƠI TRỰC TUYẾN THIENBAO,QUYẾT ĐỊNH PHÁT HÀNH TRÒ CHƠI ĐIỆN TỬ G1 TRÊN MẠNG,2021-01-11,Giấy phép chính thức (ABEI - Bộ TT&TT),19/QĐ-BTTTT,valid,https://giayphep.abei.gov.vn/
tbv.gaba.vn,CÔNG TY CỔ PHẦN TRÒ CHƠI VEGA,QUYẾT ĐỊNH PHÁT HÀNH TRÒ CHƠI ĐIỆN TỬ G1 TRÊN MẠNG,2017-06-14,Giấy phép chính thức (ABEI - Bộ TT&TT),909/QĐ-BTTTT,valid,https://giayphep.abei.gov.vn/
tbvv.vtcgame.vn,CÔNG TY VTC CÔNG NGHỆ VÀ NỘI DUNG SỐ,"GIẤY XÁC NHẬN THÔNG BÁO PHÁT HÀNH TRÒ CHƠI ĐIỆN TỬ G2,G3,G4",2023-02-14,Giấy phép chính thức (ABEI - Bộ TT&TT),24/GXN-PTTH&TTĐT,valid,https://giayphep.abei.gov.vn/
tcbigcityh5.talktv.vn,CÔNG TY TNHH GIẢI TRÍ LONG ĐỈNH,QUYẾT ĐỊNH PHÁT HÀNH TRÒ CHƠI ĐIỆN TỬ G1 TRÊN MẠNG,2018-04-20,Giấy phép chính thức (ABEI - Bộ TT&TT),572/QĐ-BTTTT,valid,https://giayphep.abei.gov.vn/
tcdn.vn,TẠP CHÍ TÀI CHÍNH DOANH NGHIỆP,GIẤY PHÉP THIẾT LẬP TRANG THÔNG TIN ĐIỆN TỬ TỔNG HỢP,2018-06-04,Giấy phép chính thức (ABEI - Bộ TT&TT),144/GP-TTĐT,valid,https://giayphep.abei.gov.vn/
tcha.vsgame.vn,CÔNG TY CỔ PHẦN VISION GAME,QUYẾT ĐỊNH PHÁT HÀNH TRÒ CHƠI ĐIỆN TỬ G1 TRÊN MẠNG,2024-01-03,Giấy phép chính thức (ABEI - Bộ TT&TT),05/QĐ-BTTTT,valid,https://giayphep.abei.gov.vn/
tck.360game.vn,CÔNG TY TNHH GIẢI TRÍ LONG ĐỈNH,QUYẾT ĐỊNH PHÁT HÀNH TRÒ CHƠI ĐIỆN TỬ G1 TRÊN MẠNG,2018-06-05,Giấy phép chính thức (ABEI - Bộ TT&TT),860/QĐ-BTTTT,valid,https://giayphep.abei.gov.vn/
tckttv.gov.vn,TỔNG CỤC KHÍ TƯỢNG THỦY VĂN,GIẤY PHÉP THIẾT LẬP TRANG THÔNG TIN ĐIỆN TỬ TỔNG HỢP,2020-03-24,Giấy phép chính thức (ABEI - Bộ TT&TT),24/GP-TTĐT,invalid,https://giayphep.abei.gov.vn/
tcm.360game.vn,CÔNG TY CỔ PHẦN VNG,QUYẾT ĐỊNH PHÁT HÀNH TRÒ CHƠI ĐIỆN TỬ G1 TRÊN MẠNG,2019-03-15,Giấy phép chính thức (ABEI - Bộ TT&TT),290/QĐ-BTTTT,invalid,https://giayphep.abei.gov.vn/
tcm.mobo.vn,CÔNG TY CỔ PHẦN GIẢI TRÍ DI ĐỘNG,QUYẾT ĐỊNH PHÁT HÀNH TRÒ CHƠI ĐIỆN TỬ G1 TRÊN MẠNG,2016-02-26,Giấy phép chính thức (ABEI - Bộ TT&TT),259/QĐ-BTTTT,invalid,https://giayphep.abei.gov.vn/
tcnl.gov.vn,TỔNG CỤC NĂNG LƯỢNG,GIẤY PHÉP THIẾT LẬP TRANG THÔNG TIN ĐIỆN TỬ TỔNG HỢP,2015-06-11,Giấy phép chính thức (ABEI - Bộ TT&TT),67/GP-TTĐT,invalid,https://giayphep.abei.gov.vn/
tctd.vn,CÔNG TY TNHH TM DV TÀI CHÍNH TIÊU DÙNG,GIẤY PHÉP CUNG CẤP DỊCH VỤ MẠNG XÃ HỘI,2021-12-21,Giấy phép chính thức (ABEI - Bộ TT&TT),41/GP-BTTTT,valid,https://giayphep.abei.gov.vn/
tctm.vn,CÔNG TY CỔ PHẦN GIẢI PHÁP SỐ VISION NETWORK VIỆT NAM,QUYẾT ĐỊNH PHÁT HÀNH TRÒ CHƠI ĐIỆN TỬ G1 TRÊN MẠNG,2024-05-08,Giấy phép chính thức (ABEI - Bộ TT&TT),726 QĐ/BTTTT,valid,https://giayphep.abei.gov.vn/
tctt.gamota.com,CÔNG TY CỔ PHẦN GAMOTA,QUYẾT ĐỊNH PHÁT HÀNH TRÒ CHƠI ĐIỆN TỬ G1 TRÊN MẠNG,2024-12-03,Giấy phép chính thức (ABEI - Bộ TT&TT),2109/QĐ-BTTTT,valid,https://giayphep.abei.gov.vn/
td.360game.vn,CÔNG TY TNHH GIẢI TRÍ LONG ĐỈNH,QUYẾT ĐỊNH PHÁT HÀNH TRÒ CHƠI ĐIỆN TỬ G1 TRÊN MẠNG,2016-12-27,Giấy phép chính thức (ABEI - Bộ TT&TT),2326/QĐ-BTTTT,valid,https://giayphep.abei.gov.vn/
tdafk.zoneplav.vn,CÔNG TY TNHH GZONE MEDIA VIỆT NAM,QUYẾT ĐỊNH PHÁT HÀNH TRÒ CHƠI ĐIỆN TỬ G1 TRÊN MẠNG,2022-01-25,Giấy phép chính thức (ABEI - Bộ TT&TT),126/QĐ-BTTTT,valid,https://giayphep.abei.gov.vn/
tdh.360game.vn,CÔNG TY TNHH GIẢI TRÍ LONG ĐỈNH,QUYẾT ĐỊNH PHÁT HÀNH TRÒ CHƠI ĐIỆN TỬ G1 TRÊN MẠNG,2019-01-08,Giấy phép chính thức (ABEI - Bộ TT&TT),28/QĐ-BTTTT,valid,https://giayphep.abei.gov.vn/
tdk.gamota.com,CÔNG TY CỔ PHẦN GAMOTA,QUYẾT ĐỊNH PHÁT HÀNH TRÒ CHƠI ĐIỆN TỬ G1 TRÊN MẠNG,2019-10-08,Giấy phép chính thức (ABEI - Bộ TT&TT),1650 /QĐ-BTTTT,valid,https://giayphep.abei.gov.vn/
tdldl.mocgame.vn,CÔNG TY TNHH TRÒ CHƠI MỘC,QUYẾT ĐỊNH PHÁT HÀNH TRÒ CHƠI ĐIỆN TỬ G1 TRÊN MẠNG,2025-01-17,Giấy phép chính thức (ABEI - Bộ TT&TT),64/QĐ-BTTTT,valid,https://giayphep.abei.gov.vn/
tdthng.com,CÔNG TY TNHH NEXFUN,QUYẾT ĐỊNH PHÁT HÀNH TRÒ CHƠI ĐIỆN TỬ G1 TRÊN MẠNG,2024-11-19,Giấy phép chính thức (ABEI - Bộ TT&TT),2014/QĐ-BTTTT,valid,https://giayphep.abei.gov.vn/
tdvoquan.zoneplay.vn,CÔNG TY CỔ PHẦN GZONE MEDIA VIỆT NAM,QUYẾT ĐỊNH PHÁT HÀNH TRÒ CHƠI ĐIỆN TỬ G1 TRÊN MẠNG,2022-04-06,Giấy phép chính thức (ABEI - Bộ TT&TT),637/QĐ-BTTTT,valid,https://giayphep.abei.gov.vn/
teamobi.com.vn,CÔNG TY TNHH TEAMOBI,QUYẾT ĐỊNH PHÁT HÀNH TRÒ CHƠI ĐIỆN TỬ G1 TRÊN MẠNG,2018-04-02,Giấy phép chính thức (ABEI - Bộ TT&TT),458/QĐ-BTTTT,invalid,https://giayphep.abei.gov.vn/
tech3c.com.vn,CÔNG TY CỔ PHẦN CÔNG NGHỆ SỐ 3C,QUYẾT ĐỊNH PHÁT HÀNH TRÒ CHƠI ĐIỆN TỬ G1 TRÊN MẠNG,2025-07-10,Giấy phép chính thức (ABEI - Bộ TT&TT),313/QĐ-PTTH&TTĐT,valid,https://giayphep.abei.gov.vn/
techbiz.vn,CÔNG TY TNHH DỊCH VỤ VÀ CÔNG NGHỆ TRUYỀN THÔNG A,GIẤY PHÉP CUNG CẤP DỊCH VỤ MẠNG XÃ HỘI,2021-01-26,Giấy phép chính thức (ABEI - Bộ TT&TT),55/GP-BTTTT,valid,https://giayphep.abei.gov.vn/
techloop.vn,CÔNG TY CỔ PHẦN TRUYỀN THÔNG T&T SOLUTIONS,GIẤY PHÉP CUNG CẤP DỊCH VỤ MẠNG XÃ HỘI,2024-12-13,Giấy phép chính thức (ABEI - Bộ TT&TT),377/GP-BTTTT,valid,https://giayphep.abei.gov.vn/
teen.mobiz.vn,CÔNG TY CỔ PHẦN MOBIZ,QUYẾT ĐỊNH PHÁT HÀNH TRÒ CHƠI ĐIỆN TỬ G1 TRÊN MẠNG,2018-07-04,Giấy phép chính thức (ABEI - Bộ TT&TT),1054/QĐ-BTTTT,valid,https://giayphep.abei.gov.vn/
tepaylink.net.vn,CÔNG TY CỔ PHẦN TEPAYLINK ,QUYẾT ĐỊNH PHÁT HÀNH TRÒ CHƠI ĐIỆN TỬ G1 TRÊN MẠNG,2026-07-17,Giấy phép chính thức (ABEI - Bộ TT&TT),427/QĐ-PTTH&TTĐT,valid,https://giayphep.abei.gov.vn/
testbank.vn,CÔNG TY CỔ PHẦN CÔNG NGHỆ GIÁO DỤC THIÊN HÀ XAΝΗ,GIẤY PHÉP CUNG CẤP DỊCH VỤ MẠNG XÃ HỘI,2019-10-30,Giấy phép chính thức (ABEI - Bộ TT&TT),496/GP-BTTTT,valid,https://giayphep.abei.gov.vn/
tft.lienminh.vnggames.com,CÔNG TY CỔ PHẦN TẬP ĐOÀN VNG,QUYẾT ĐỊNH PHÁT HÀNH TRÒ CHƠI ĐIỆN TỬ G1 TRÊN MẠNG,2026-03-02,Giấy phép chính thức (ABEI - Bộ TT&TT),105/QĐ-PTTH&TTĐT,valid,https://giayphep.abei.gov.vn/
tg.360game.vn,CÔNG TY TNHH NỘI DUNG SỐ NGUYÊN BẢO,QUYẾT ĐỊNH PHÁT HÀNH TRÒ CHƠI ĐIỆN TỬ G1 TRÊN MẠNG,2016-06-08,Giấy phép chính thức (ABEI - Bộ TT&TT),976/QĐ-BTTTT,valid,https://giayphep.abei.gov.vn/
tg.drogame.vn,CÔNG TY TNHH CHÂU Á MỀM,QUYẾT ĐỊNH PHÁT HÀNH TRÒ CHƠI ĐIỆN TỬ G1 TRÊN MẠNG,2022-11-25,Giấy phép chính thức (ABEI - Bộ TT&TT),2178/QĐ-BTTTT,valid,https://giayphep.abei.gov.vn/
tgaht.zoneplay.vn,CÔNG TY CỔ PHẦN GZONE MEDIA VIỆT NAM,QUYẾT ĐỊNH PHÁT HÀNH TRÒ CHƠI ĐIỆN TỬ G1 TRÊN MẠNG,2023-05-30,Giấy phép chính thức (ABEI - Bộ TT&TT),910/QĐ-BTTTT,valid,https://giayphep.abei.gov.vn/
tghm2.vn,Công ty cổ phần Solaplay,QUYẾT ĐỊNH PHÁT HÀNH TRÒ CHƠI ĐIỆN TỬ G1 TRÊN MẠNG,2025-08-07,Giấy phép chính thức (ABEI - Bộ TT&TT),347/QĐ-PTTH&TTĐT,valid,https://giayphep.abei.gov.vn/
tghvct.genzzz.vn,CÔNG TY TNHH TRUYỀN THÔNG GENZ ,QUYẾT ĐỊNH PHÁT HÀNH TRÒ CHƠI ĐIỆN TỬ G1 TRÊN MẠNG,2026-02-12,Giấy phép chính thức (ABEI - Bộ TT&TT),83/QĐ-PTTH&TTĐT,valid,https://giayphep.abei.gov.vn/
tgtt.gamota.com,CÔNG TY CỔ PHẦN GAMOTA ,QUYẾT ĐỊNH PHÁT HÀNH TRÒ CHƠI ĐIỆN TỬ G1 TRÊN MẠNG,2025-10-22,Giấy phép chính thức (ABEI - Bộ TT&TT),465/QĐ-PTTH&TTĐT,valid,https://giayphep.abei.gov.vn/
tgun.vn,CÔNG TY CỔ PHẦN TEPAYLINK,QUYẾT ĐỊNH PHÁT HÀNH TRÒ CHƠI ĐIỆN TỬ G1 TRÊN MẠNG,2025-06-12,Giấy phép chính thức (ABEI - Bộ TT&TT),241/QĐ-PTTH&TTĐT,valid,https://giayphep.abei.gov.vn/
tgvn.tthplay.com,CÔNG TY CỔ PHẦN GIẢI TRÍ THIÊN THƯỢNG HỎA,QUYẾT ĐỊNH PHÁT HÀNH TRÒ CHƠI ĐIỆN TỬ G1 TRÊN MẠNG,2023-09-29,Giấy phép chính thức (ABEI - Bộ TT&TT),1883/QĐ-BTTTT,valid,https://giayphep.abei.gov.vn/
thah.vn,CÔNG TY TNHH SOHA,QUYẾT ĐỊNH PHÁT HÀNH TRÒ CHƠI ĐIỆN TỬ G1 TRÊN MẠNG,2018-09-18,Giấy phép chính thức (ABEI - Bộ TT&TT),1515/QĐ-BTTTT,valid,https://giayphep.abei.gov.vn/
thaibinhtv.vn,ĐÀI PHÁT THANH VÀ TRUYỀN HÌNH THÁI BÌNH,GIẤY PHÉP THIẾT LẬP TRANG THÔNG TIN ĐIỆN TỬ TỔNG HỢP,2017-04-04,Giấy phép chính thức (ABEI - Bộ TT&TT),95/GP-TTĐT,valid,https://giayphep.abei.gov.vn/
thaico.splay.vn,CÔNG TY CỔ PHẦN VTC DỊCH VỤ DI ĐỘNG,QUYẾT ĐỊNH PHÁT HÀNH TRÒ CHƠI ĐIỆN TỬ G1 TRÊN MẠNG,2024-07-15,Giấy phép chính thức (ABEI - Bộ TT&TT),1172/QĐ-BTTTT,invalid,https://giayphep.abei.gov.vn/
thaico2.playfun.vn,CÔNG TY CỔ PHẦN FUNTAP,QUYẾT ĐỊNH PHÁT HÀNH TRÒ CHƠI ĐIỆN TỬ G1 TRÊN MẠNG,2021-10-08,Giấy phép chính thức (ABEI - Bộ TT&TT),1540 /QĐ-BTTTT,valid,https://giayphep.abei.gov.vn/
thaicothanvuong.vn,CÔNG TY CỔ PHẦN VTC DỊCH VỤ DI ĐỘNG,QUYẾT ĐỊNH PHÁT HÀNH TRÒ CHƠI ĐIỆN TỬ G1 TRÊN MẠNG,2019-06-03,Giấy phép chính thức (ABEI - Bộ TT&TT),836/QĐ-BTTTT,invalid,https://giayphep.abei.gov.vn/
thaicucpc.vn,CÔNG TY TNHH X ARENA,QUYẾT ĐỊNH PHÁT HÀNH TRÒ CHƠI ĐIỆN TỬ G1 TRÊN MẠNG,2026-06-10,Giấy phép chính thức (ABEI - Bộ TT&TT),334/QĐ-PTTH&TTĐT,valid,https://giayphep.abei.gov.vn/
thaicucvolam.vn,CÔNG TY CỔ PHẦN FUNTAP,QUYẾT ĐỊNH PHÁT HÀNH TRÒ CHƠI ĐIỆN TỬ G1 TRÊN MẠNG,2019-10-24,Giấy phép chính thức (ABEI - Bộ TT&TT),1778/QĐ-BTTTT,valid,https://giayphep.abei.gov.vn/
thaihutamquoc.vn,CÔNG TY TNHH SOHA,QUYẾT ĐỊNH PHÁT HÀNH TRÒ CHƠI ĐIỆN TỬ G1 TRÊN MẠNG,2022-06-14,Giấy phép chính thức (ABEI - Bộ TT&TT),1080 /OĐ-BTTTT,valid,https://giayphep.abei.gov.vn/
thainguyentv.vn,ĐÀI PHÁT THANH - TRUYỀN HÌNH THÁI NGUYÊN,GIẤY PHÉP THIẾT LẬP TRANG THÔNG TIN ĐIỆN TỬ TỔNG HỢP,2016-11-11,Giấy phép chính thức (ABEI - Bộ TT&TT),198/GPSĐBS-TTĐT,invalid,https://giayphep.abei.gov.vn/
thancanhtamquoc.vn,CÔNG TY TNHH SOHA,QUYẾT ĐỊNH PHÁT HÀNH TRÒ CHƠI ĐIỆN TỬ G1 TRÊN MẠNG,2021-03-23,Giấy phép chính thức (ABEI - Bộ TT&TT),353/QĐ-BTTTT,valid,https://giayphep.abei.gov.vn/
thanchien.oeg.vn,CÔNG TY CỔ PHẦN TẬP ĐOÀN GIẢI TRÍ ĐẠI DƯƠNG,QUYẾT ĐỊNH PHÁT HÀNH TRÒ CHƠI ĐIỆN TỬ G1 TRÊN MẠNG,2026-03-30,Giấy phép chính thức (ABEI - Bộ TT&TT),151/QĐ-PTTH&TTĐT,valid,https://giayphep.abei.gov.vn/
thangioi.playfun.v,CÔNG TY CỔ PHẦN FUNTAP,QUYẾT ĐỊNH PHÁT HÀNH TRÒ CHƠI ĐIỆN TỬ G1 TRÊN MẠNG,2022-02-09,Giấy phép chính thức (ABEI - Bộ TT&TT),173/QĐ-BTTTT,valid,https://giayphep.abei.gov.vn/
thanhchien3d.vn,CÔNG TY TNHH SOHA,QUYẾT ĐỊNH PHÁT HÀNH TRÒ CHƠI ĐIỆN TỬ G1 TRÊN MẠNG,2019-05-24,Giấy phép chính thức (ABEI - Bộ TT&TT),762 /QĐ-BTTTT,valid,https://giayphep.abei.gov.vn/
thanhchienmobile.vn,CÔNG TY CỔ PHẦN TRUYỀN THÔNG SGC VIỆT NAM,QUYẾT ĐỊNH PHÁT HÀNH TRÒ CHƠI ĐIỆN TỬ G1 TRÊN MẠNG,2020-07-14,Giấy phép chính thức (ABEI - Bộ TT&TT),1190/QĐ-BTTTT,valid,https://giayphep.abei.gov.vn/
thanhgiong.vn,TRUNG ƯƠNG HỘI LIÊN HIỆP THANH NIÊN VIỆT NAM,GIẤY PHÉP THIẾT LẬP TRANG THÔNG TIN ĐIỆN TỬ TỔNG HỢP,2016-06-30,Giấy phép chính thức (ABEI - Bộ TT&TT),77/GP-TTĐT,valid,https://giayphep.abei.gov.vn/
thanhguomhuyenthoai.vn,CÔNG TY TNHH VMGE,QUYẾT ĐỊNH PHÁT HÀNH TRÒ CHƠI ĐIỆN TỬ G1 TRÊN MẠNG,2024-05-31,Giấy phép chính thức (ABEI - Bộ TT&TT),887/QĐ-BTTTT,valid,https://giayphep.abei.gov.vn/
thanhkiem.splay.vn,CÔNG TY CỔ PHẦN VTC DỊCH VỤ DI ĐỘNG,QUYẾT ĐỊNH PHÁT HÀNH TRÒ CHƠI ĐIỆN TỬ G1 TRÊN MẠNG,2022-03-11,Giấy phép chính thức (ABEI - Bộ TT&TT),422/QĐ-BTTTT,invalid,https://giayphep.abei.gov.vn/
thanhminhkiem.vn,CÔNG TY CỔ PHẦN TRỰC TUYẾN GOSU,QUYẾT ĐỊNH PHÁT HÀNH TRÒ CHƠI ĐIỆN TỬ G1 TRÊN MẠNG,2017-04-20,Giấy phép chính thức (ABEI - Bộ TT&TT),556/QĐ-BTTTT,invalid,https://giayphep.abei.gov.vn/
thanhniencongnhanbinhphuoc.com.vn,TRUNG TÂM HỖ TRỢ THANH NIÊN CÔNG NHÂN BÌNH PHƯỚC,GIẤY PHÉP THIẾT LẬP TRANG THÔNG TIN ĐIỆN TỬ TỔNG HỢP,2013-08-22,Giấy phép chính thức (ABEI - Bộ TT&TT),121/GP-TTĐT,invalid,https://giayphep.abei.gov.vn/
thanhphohaiphong.gov.vn,SỞ THÔNG TIN VÀ TRUYỀN THÔNG HẢI PHÒNG,GIẤY PHÉP THIẾT LẬP TRANG THÔNG TIN ĐIỆN TỬ TỔNG HỢP,2018-01-12,Giấy phép chính thức (ABEI - Bộ TT&TT),12/GP-TTĐT,valid,https://giayphep.abei.gov.vn/
thanhtra.com.vn,BÁO THANH TRA,GIẤY PHÉP THIẾT LẬP TRANG THÔNG TIN ĐIỆN TỬ TỔNG HỢP,2015-02-13,Giấy phép chính thức (ABEI - Bộ TT&TT),09/GP-TTĐT,invalid,https://giayphep.abei.gov.vn/
thanhtra.edu.vn,THANH TRA CHÍNH PHỦ,GIẤY PHÉP THIẾT LẬP TRANG THÔNG TIN ĐIỆN TỬ TỔNG HỢP,2025-12-22,Giấy phép chính thức (ABEI - Bộ TT&TT),220/GP-TTĐT,valid,https://giayphep.abei.gov.vn/
thanhvan.fgstudio.vn,CÔNG TY CỔ PHẦN FGSTUDIO,QUYẾT ĐỊNH PHÁT HÀNH TRÒ CHƠI ĐIỆN TỬ G1 TRÊN MẠNG,2025-01-17,Giấy phép chính thức (ABEI - Bộ TT&TT),65/QĐ-BTTTT,valid,https://giayphep.abei.gov.vn/
thanhvankiem.vgplay.vn,CÔNG TY CỔ PHẦN VGP,QUYẾT ĐỊNH PHÁT HÀNH TRÒ CHƠI ĐIỆN TỬ G1 TRÊN MẠNG,2022-02-10,Giấy phép chính thức (ABEI - Bộ TT&TT),183/QĐ-BTTTT,valid,https://giayphep.abei.gov.vn/
thankhuc.gamota.com,CÔNG TY CỔ PHẦN GAMOTA,QUYẾT ĐỊNH PHÁT HÀNH TRÒ CHƠI ĐIỆN TỬ G1 TRÊN MẠNG,2019-03-29,Giấy phép chính thức (ABEI - Bộ TT&TT),484/QĐ-BTTTT,valid,https://giayphep.abei.gov.vn/
thankhucafk.com.vn,CÔNG TY CỔ PHẦN TRỰC TUYẾN CMN VIỆT NAM,QUYẾT ĐỊNH PHÁT HÀNH TRÒ CHƠI ĐIỆN TỬ G1 TRÊN MẠNG,2024-10-21,Giấy phép chính thức (ABEI - Bộ TT&TT),1804/QĐ-BTTTT,valid,https://giayphep.abei.gov.vn/
thankiem.oeg.vn,CÔNG TY CỔ PHẦN TẬP ĐOÀN GIẢI TRÍ ĐẠI DƯƠNG,QUYẾT ĐỊNH PHÁT HÀNH TRÒ CHƠI ĐIỆN TỬ G1 TRÊN MẠNG,2026-05-14,Giấy phép chính thức (ABEI - Bộ TT&TT),243/QĐ-PTTH&TTĐT,valid,https://giayphep.abei.gov.vn/
thankiem3d.vn,CÔNG TY TNHH SOHA,QUYẾT ĐỊNH PHÁT HÀNH TRÒ CHƠI ĐIỆN TỬ G1 TRÊN MẠNG,2018-05-24,Giấy phép chính thức (ABEI - Bộ TT&TT),786/QĐ-BTTTT,valid,https://giayphep.abei.gov.vn/
thankiemmobile.playfun.vn,CÔNG TY CỔ PHẦN FUNTAP,QUYẾT ĐỊNH PHÁT HÀNH TRÒ CHƠI ĐIỆN TỬ G1 TRÊN MẠNG,2021-06-09,Giấy phép chính thức (ABEI - Bộ TT&TT),783/QĐ-BTTTT,valid,https://giayphep.abei.gov.vn/
thanlong.gamota.com,CÔNG TY CỔ PHẦN GAMOTA,QUYẾT ĐỊNH PHÁT HÀNH TRÒ CHƠI ĐIỆN TỬ G1 TRÊN MẠNG,2020-10-26,Giấy phép chính thức (ABEI - Bộ TT&TT),1803/QĐ-BTTTT,valid,https://giayphep.abei.gov.vn/
thanlong3q.vn,CÔNG TY CỔ PHẦN FUNTAP,QUYẾT ĐỊNH PHÁT HÀNH TRÒ CHƠI ĐIỆN TỬ G1 TRÊN MẠNG,2019-04-24,Giấy phép chính thức (ABEI - Bộ TT&TT),633/QĐ-BTTTT,valid,https://giayphep.abei.gov.vn/
thanmaarenacmn.vn,CÔNG TY CỔ PHẦN TRỰC TUYẾN CMN VIỆT NAM ,QUYẾT ĐỊNH PHÁT HÀNH TRÒ CHƠI ĐIỆN TỬ G1 TRÊN MẠNG,2026-02-09,Giấy phép chính thức (ABEI - Bộ TT&TT),61/QĐ-PTTH&TTĐT,valid,https://giayphep.abei.gov.vn/
thanmaloanvu.vplay.vn,CÔNG TY CỔ PHẦN TRUYỀN HÌNH TƯƠNG TÁC VIỆT NAM,QUYẾT ĐỊNH PHÁT HÀNH TRÒ CHƠI ĐIỆN TỬ G1 TRÊN MẠNG,2024-08-30,Giấy phép chính thức (ABEI - Bộ TT&TT),1470/QĐ-BTTTT,invalid,https://giayphep.abei.gov.vn/
thanmamobile.vn,CÔNG TY TNHH SOHA,QUYẾT ĐỊNH PHÁT HÀNH TRÒ CHƠI ĐIỆN TỬ G1 TRÊN MẠNG,2019-06-24,Giấy phép chính thức (ABEI - Bộ TT&TT),943/QĐ-BTTTT,valid,https://giayphep.abei.gov.vn/
thanthu.fungames.vn,CÔNG TY TNHH TRUYỀN THÔNG FUNFINITY STUDIO ,QUYẾT ĐỊNH PHÁT HÀNH TRÒ CHƠI ĐIỆN TỬ G1 TRÊN MẠNG,2026-03-25,Giấy phép chính thức (ABEI - Bộ TT&TT),143/QĐ-PTTH&TTĐT,valid,https://giayphep.abei.gov.vn/
thanthu3d.vn,CÔNG TY CỔ PHẦN TRỰC TUYẾN GOSU,QUYẾT ĐỊNH PHÁT HÀNH TRÒ CHƠI ĐIỆN TỬ G1 TRÊN MẠNG,2020-06-18,Giấy phép chính thức (ABEI - Bộ TT&TT),1031 /QĐ-BTTTT,valid,https://giayphep.abei.gov.vn/
thanthuafk.vn,CÔNG TY CỔ PHẦN 9PLAY,QUYẾT ĐỊNH PHÁT HÀNH TRÒ CHƠI ĐIỆN TỬ G1 TRÊN MẠNG,2022-01-24,Giấy phép chính thức (ABEI - Bộ TT&TT),97/QĐ-BTTTT,valid,https://giayphep.abei.gov.vn/
thanthubavuong.vn,CÔNG TY CỔ PHẦN TRỰC TUYẾN DUO,QUYẾT ĐỊNH PHÁT HÀNH TRÒ CHƠI ĐIỆN TỬ G1 TRÊN MẠNG,2024-02-06,Giấy phép chính thức (ABEI - Bộ TT&TT),148/QĐ-BTTTT,valid,https://giayphep.abei.gov.vn/
thanthugo.vn,CÔNG TY CỔ PHẦN ACE GAME,QUYẾT ĐỊNH PHÁT HÀNH TRÒ CHƠI ĐIỆN TỬ G1 TRÊN MẠNG,2023-03-31,Giấy phép chính thức (ABEI - Bộ TT&TT),508/QĐ-BTTTT,valid,https://giayphep.abei.gov.vn/
thanthusieupham.vn,CÔNG TY CỔ PHẦN FUNTAP,QUYẾT ĐỊNH PHÁT HÀNH TRÒ CHƠI ĐIỆN TỬ G1 TRÊN MẠNG,2019-04-23,Giấy phép chính thức (ABEI - Bộ TT&TT),627/QĐ-BTTTT,valid,https://giayphep.abei.gov.vn/
thantich3d.intelligencessaigon.vn,CÔNG TY TNHH MOBILE INTELLIGENCE SAIGON,QUYẾT ĐỊNH PHÁT HÀNH TRÒ CHƠI ĐIỆN TỬ G1 TRÊN MẠNG,2025-12-31,Giấy phép chính thức (ABEI - Bộ TT&TT),599/QĐ-PTTH&TTĐT,valid,https://giayphep.abei.gov.vn/
thanvuong.123game.vn,CÔNG TY CỔ PHẦN DỊCH VỤ MỘT THẾ GIỚI,QUYẾT ĐỊNH PHÁT HÀNH TRÒ CHƠI ĐIỆN TỬ G1 TRÊN MẠNG,2018-05-29,Giấy phép chính thức (ABEI - Bộ TT&TT),810/QĐ-BTTTT,invalid,https://giayphep.abei.gov.vn/
thanvuong3q.vn,CÔNG TY CỔ PHẦN DỊCH VỤ TRỰC TUYẾN MIGA,QUYẾT ĐỊNH PHÁT HÀNH TRÒ CHƠI ĐIỆN TỬ G1 TRÊN MẠNG,2024-10-18,Giấy phép chính thức (ABEI - Bộ TT&TT),1789/QĐ-BTTTT,valid,https://giayphep.abei.gov.vn/
thanvuongnhatthe.vn,CÔNG TY CỔ PHẦN VTC DỊCH VỤ DI ĐỘNG,QUYẾT ĐỊNH PHÁT HÀNH TRÒ CHƠI ĐIỆN TỬ G1 TRÊN MẠNG,2020-09-18,Giấy phép chính thức (ABEI - Bộ TT&TT),1592/QĐ-BTTTT,invalid,https://giayphep.abei.gov.vn/
thaotungtamquoc.vplay.vn,CÔNG TY CỔ PHẦN TRUYỀN HÌNH TƯƠNG TÁC VIỆT NAM,QUYẾT ĐỊNH PHÁT HÀNH TRÒ CHƠI ĐIỆN TỬ G1 TRÊN MẠNG,2026-05-26,Giấy phép chính thức (ABEI - Bộ TT&TT),277/QĐ-PTTH&TTĐT,valid,https://giayphep.abei.gov.vn/
thapdien.vn,CÔNG TY CỔ PHẦN WETAPS,QUYẾT ĐỊNH PHÁT HÀNH TRÒ CHƠI ĐIỆN TỬ G1 TRÊN MẠNG,2024-05-31,Giấy phép chính thức (ABEI - Bộ TT&TT),888/QĐ-BTTTT,valid,https://giayphep.abei.gov.vn/
thcl.com.vn,BÁO THƯƠNG HIỆU VÀ CÔNG LUẬN,GIẤY PHÉP THIẾT LẬP TRANG THÔNG TIN ĐIỆN TỬ TỔNG HỢP,2015-07-08,Giấy phép chính thức (ABEI - Bộ TT&TT),90/GPSĐBS-TTĐT,invalid,https://giayphep.abei.gov.vn/
thdt.vn,ĐÀI PHÁT THANH VÀ TRUYỀN HÌNH ĐỒNG THÁP,GIẤY PHÉP THIẾT LẬP TRANG THÔNG TIN ĐIỆN TỬ TỔNG HỢP,2019-10-15,Giấy phép chính thức (ABEI - Bộ TT&TT),195/GP-TTĐT,invalid,https://giayphep.abei.gov.vn/
thedeal.vn,Công ty Cổ phần TheDEAL Việt Nam.,GIẤY XÁC NHẬN THÔNG BÁO CUNG CẤP DỊCH VỤ MẠNG XÃ HỘI,2025-04-14,Giấy phép chính thức (ABEI - Bộ TT&TT),61/GXN-PTTH&TTĐT,valid,https://giayphep.abei.gov.vn/
theface.vn,CÔNG TY TNHH IRIS DATA DRIVEN MARKETING AGENCY,GIẤY PHÉP CUNG CẤP DỊCH VỤ MẠNG XÃ HỘI,2020-02-14,Giấy phép chính thức (ABEI - Bộ TT&TT),55/GP-BTTTT,valid,https://giayphep.abei.gov.vn/
thegioianh.vn,TẠP CHÍ THẾ GIỚI ẢNH,GIẤY PHÉP THIẾT LẬP TRANG THÔNG TIN ĐIỆN TỬ TỔNG HỢP,2018-02-02,Giấy phép chính thức (ABEI - Bộ TT&TT),22/GP-TTĐT,valid,https://giayphep.abei.gov.vn/
thegioica.100d.mobi,CÔNG TY CỔ PHẦN GIẢI TRÍ 100 ĐỘ,QUYẾT ĐỊNH PHÁT HÀNH TRÒ CHƠI ĐIỆN TỬ G1 TRÊN MẠNG,2019-02-05,Giấy phép chính thức (ABEI - Bộ TT&TT),2121 /QĐ-BTTTT,invalid,https://giayphep.abei.gov.vn/
thegioicamxuc.vn,CÔNG TY CỔ PHẦN YOTEL,GIẤY PHÉP CUNG CẤP DỊCH VỤ MẠNG XÃ HỘI,2023-04-17,Giấy phép chính thức (ABEI - Bộ TT&TT),125/GP-BTTTT,valid,https://giayphep.abei.gov.vn/
thegioididong.com,CÔNG TY CỔ PHẦN THẾ GIỚI DI ĐỘNG,GIẤY PHÉP CUNG CẤP DỊCH VỤ MẠNG XÃ HỘI,2020-06-04,Giấy phép chính thức (ABEI - Bộ TT&TT),238/GP-BTTTT,valid,https://giayphep.abei.gov.vn/
thegioididong.com.vn,CÔNG TY CỔ PHẦN THẾ GIỚI DI ĐỘNG,GIẤY PHÉP CUNG CẤP DỊCH VỤ MẠNG XÃ HỘI,2020-06-04,Giấy phép chính thức (ABEI - Bộ TT&TT),238/GP-BTTTT,valid,https://giayphep.abei.gov.vn/
thegioididong.vn,CÔNG TY CỔ PHẦN THẾ GIỚI DI ĐỘNG,GIẤY PHÉP CUNG CẤP DỊCH VỤ MẠNG XÃ HỘI,2020-06-04,Giấy phép chính thức (ABEI - Bộ TT&TT),238/GP-BTTTT,valid,https://giayphep.abei.gov.vn/
thegioihaitac.vn,CÔNG TY CỔ PHẦN ACE GAME,QUYẾT ĐỊNH PHÁT HÀNH TRÒ CHƠI ĐIỆN TỬ G1 TRÊN MẠNG,2024-12-20,Giấy phép chính thức (ABEI - Bộ TT&TT),2172/QĐ-BTTTT,valid,https://giayphep.abei.gov.vn/
thegioihoanmy.vn,CÔNG TY CỔ PHẦN QUANG MINH VIỆT NAM,QUYẾT ĐỊNH PHÁT HÀNH TRÒ CHƠI ĐIỆN TỬ G1 TRÊN MẠNG,2026-01-22,Giấy phép chính thức (ABEI - Bộ TT&TT),24/QĐ-PTTH&TTĐT,valid,https://giayphep.abei.gov.vn/
thegioimoi.vn,TẠP CHÍ THẾ GIỚI MỚI,GIẤY PHÉP THIẾT LẬP TRANG THÔNG TIN ĐIỆN TỬ TỔNG HỢP,2013-07-16,Giấy phép chính thức (ABEI - Bộ TT&TT),97/GP-TTĐT,invalid,https://giayphep.abei.gov.vn/
thegioingam.123game.vn,CÔNG TY CỔ PHẦN DỊCH VỤ MỘT THẾ GIỚI,QUYẾT ĐỊNH PHÁT HÀNH TRÒ CHƠI ĐIỆN TỬ G1 TRÊN MẠNG,2018-05-29,Giấy phép chính thức (ABEI - Bộ TT&TT),809/QĐ-BTTTT,invalid,https://giayphep.abei.gov.vn/
thegioiphuongtien.vn,CÔNG TY CỔ PHẦN THẾ GIỚI PHƯƠNG TIỆN,GIẤY PHÉP CUNG CẤP DỊCH VỤ MẠNG XÃ HỘI,2021-03-26,Giấy phép chính thức (ABEI - Bộ TT&TT),181/GP-BTTTT,valid,https://giayphep.abei.gov.vn/
thegioirong.playfun.vn,CÔNG TY CỔ PHẦN FUNTAP,QUYẾT ĐỊNH PHÁT HÀNH TRÒ CHƠI ĐIỆN TỬ G1 TRÊN MẠNG,2020-09-03,Giấy phép chính thức (ABEI - Bộ TT&TT),1502 QĐ-BTTTTT,valid,https://giayphep.abei.gov.vn/
thegioisao.net.vn,CÔNG TY CỔ PHẦN TRUYỀN HÌNH TRỰC TUYẾN VIỆT NAM KẾT NỐI TOÀN CẦU GCTV,GIẤY PHÉP CUNG CẤP DỊCH VỤ MẠNG XÃ HỘI,2020-12-04,Giấy phép chính thức (ABEI - Bộ TT&TT),565/GP-BTTTT,valid,https://giayphep.abei.gov.vn/
thehub.vn,TẠP CHÍ KHÁM PHÁ,GIẤY PHÉP THIẾT LẬP TRANG THÔNG TIN ĐIỆN TỬ TỔNG HỢP,2017-02-27,Giấy phép chính thức (ABEI - Bộ TT&TT),76/GP-TTĐT,invalid,https://giayphep.abei.gov.vn/
theinfluencer.vn,CÔNG TY CỔ PHẦN THE A LIST VIỆT NAM,GIẤY PHÉP CUNG CẤP DỊCH VỤ MẠNG XÃ HỘI,2021-07-29,Giấy phép chính thức (ABEI - Bộ TT&TT),487/GP-BTTTT,valid,https://giayphep.abei.gov.vn/
thekymoi.vn,CÔNG TY TNHH TRUYỀN THÔNG PHI LONG,GIẤY PHÉP CUNG CẤP DỊCH VỤ MẠNG XÃ HỘI,2019-10-08,Giấy phép chính thức (ABEI - Bộ TT&TT),425/GP-BTTTT,valid,https://giayphep.abei.gov.vn/
thethao247.vn,CÔNG TY TNHH MTV GENPRESS ,GIẤY PHÉP CUNG CẤP DỊCH VỤ MẠNG XÃ HỘI,2024-12-04,Giấy phép chính thức (ABEI - Bộ TT&TT),365/GP-BTTTT,valid,https://giayphep.abei.gov.vn/
thethaocuocsong.vn,TẠP CHÍ THỂ THAO VÀ CUỘC SỐNG,GIẤY PHÉP THIẾT LẬP TRANG THÔNG TIN ĐIỆN TỬ TỔNG HỢP,2017-08-24,Giấy phép chính thức (ABEI - Bộ TT&TT),277/GP-TTĐT,invalid,https://giayphep.abei.gov.vn/
thethaohcm.vn,BÁO THỂ THAO THÀNH PHỐ HỒ CHÍ MINH,GIẤY PHÉP THIẾT LẬP TRANG THÔNG TIN ĐIỆN TỬ TỔNG HỢP,2018-12-19,Giấy phép chính thức (ABEI - Bộ TT&TT),313/GP-TTĐT,invalid,https://giayphep.abei.gov.vn/
thethaovietnamplus.vn,TRUNG TÂM THÔNG TIN – TRUYỀN THÔNG THỂ DỤC THỂ THAO,GIẤY PHÉP THIẾT LẬP TRANG THÔNG TIN ĐIỆN TỬ TỔNG HỢP,2023-09-15,Giấy phép chính thức (ABEI - Bộ TT&TT),157/GP-TTĐT,valid,https://giayphep.abei.gov.vn/
thhp.vn,ĐÀI PHÁT THANH VÀ TRUYỀN HÌNH HẢI PHÒNG,GIẤY PHÉP THIẾT LẬP TRANG THÔNG TIN ĐIỆN TỬ TỔNG HỢP,2017-09-01,Giấy phép chính thức (ABEI - Bộ TT&TT),283/GP-TTĐT,invalid,https://giayphep.abei.gov.vn/
thht.gamate.vn,TỔNG TY TNHH CÔNG NGHỆ GIẢI TRÍ CHÂU Á,QUYẾT ĐỊNH PHÁT HÀNH TRÒ CHƠI ĐIỆN TỬ G1 TRÊN MẠNG,2023-10-03,Giấy phép chính thức (ABEI - Bộ TT&TT),1896/QĐ-BTTTT,valid,https://giayphep.abei.gov.vn/
thiduakhenthuong.vn.org.vn,TRUNG TÂM THÔNG TIN – TRUYỀN THÔNG - BAN THI ĐUA - KHEN THƯỞNG TRUNG ƯƠNG,GIẤY PHÉP THIẾT LẬP TRANG THÔNG TIN ĐIỆN TỬ TỔNG HỢP,2023-06-05,Giấy phép chính thức (ABEI - Bộ TT&TT),88/GP-TTĐT,valid,https://giayphep.abei.gov.vn/
thien-binh.vn,CÔNG TY TNHH DỊCH VỤ PHẦN MỀM THIÊN BÌNH,QUYẾT ĐỊNH PHÁT HÀNH TRÒ CHƠI ĐIỆN TỬ G1 TRÊN MẠNG,2026-05-07,Giấy phép chính thức (ABEI - Bộ TT&TT),237/QĐ-PTTH&TTĐT,valid,https://giayphep.abei.gov.vn/
thienanh.novagate.vn,Công ty Cổ phần Novagate Studio,QUYẾT ĐỊNH PHÁT HÀNH TRÒ CHƠI ĐIỆN TỬ G1 TRÊN MẠNG,2026-04-14,Giấy phép chính thức (ABEI - Bộ TT&TT),186 /QĐ-PTTH&TTĐT,valid,https://giayphep.abei.gov.vn/
thiencuc.123game.vn,CÔNG TY CỔ PHẦN DỊCH VỤ MỘT THẾ GIỚI,QUYẾT ĐỊNH PHÁT HÀNH TRÒ CHƠI ĐIỆN TỬ G1 TRÊN MẠNG,2016-05-06,Giấy phép chính thức (ABEI - Bộ TT&TT),724/QĐ-BTTTT,invalid,https://giayphep.abei.gov.vn/
thiendiavosong.vtcgame.vn,CÔNG TY VTC CÔNG NGHỆ VÀ NỘI DUNG SỐ,QUYẾT ĐỊNH PHÁT HÀNH TRÒ CHƠI ĐIỆN TỬ G1 TRÊN MẠNG,2017-06-14,Giấy phép chính thức (ABEI - Bộ TT&TT),916/QĐ-BTTTT,invalid,https://giayphep.abei.gov.vn/
thiendinhtavodich.vn,CÔNG TY TNHH SOHA,QUYẾT ĐỊNH PHÁT HÀNH TRÒ CHƠI ĐIỆN TỬ G1 TRÊN MẠNG,2024-01-08,Giấy phép chính thức (ABEI - Bộ TT&TT),20/QĐ-BTTTT,valid,https://giayphep.abei.gov.vn/
thienha.vn,CÔNG TY TNHH DỊCH VỤ PHẦN MỀM BÌNH MINH,QUYẾT ĐỊNH PHÁT HÀNH TRÒ CHƠI ĐIỆN TỬ G1 TRÊN MẠNG,2016-04-29,Giấy phép chính thức (ABEI - Bộ TT&TT),680/QĐ-BTTTT,invalid,https://giayphep.abei.gov.vn/
thienha3d.gamota.com,CÔNG TY CỔ PHẦN GAMOTA,QUYẾT ĐỊNH PHÁT HÀNH TRÒ CHƠI ĐIỆN TỬ G1 TRÊN MẠNG,2017-10-18,Giấy phép chính thức (ABEI - Bộ TT&TT),1770/QĐ-BTTTT,valid,https://giayphep.abei.gov.vn/
thienhaanhhung3q.vn,CÔNG TY CỔ PHẦN ACE GAME,QUYẾT ĐỊNH PHÁT HÀNH TRÒ CHƠI ĐIỆN TỬ G1 TRÊN MẠNG,2022-07-05,Giấy phép chính thức (ABEI - Bộ TT&TT),1339/QĐ-BTTTT,valid,https://giayphep.abei.gov.vn/
thienhachivuong.vn,CÔNG TY CỔ PHẦN PHÁT TRIỂN DỊCH VỤ TRỰC TUYẾN ONPLAY,QUYẾT ĐỊNH PHÁT HÀNH TRÒ CHƠI ĐIỆN TỬ G1 TRÊN MẠNG,2016-11-24,Giấy phép chính thức (ABEI - Bộ TT&TT),2075/QĐ-BTTTT,invalid,https://giayphep.abei.gov.vn/
thienhuonghoa.com,CÔNG TY CỔ PHẦN GIẢI TRÍ THIÊN THƯỢNG HỎA,QUYẾT ĐỊNH PHÁT HÀNH TRÒ CHƠI ĐIỆN TỬ G1 TRÊN MẠNG,2021-03-19,Giấy phép chính thức (ABEI - Bộ TT&TT),334/QĐ-BTTTT,valid,https://giayphep.abei.gov.vn/
thienkhoi.zing.vn,CÔNG TY TNHH TRUYỀN THÔNG MINH PHƯƠNG THỊNH,QUYẾT ĐỊNH PHÁT HÀNH TRÒ CHƠI ĐIỆN TỬ G1 TRÊN MẠNG,2021-05-31,Giấy phép chính thức (ABEI - Bộ TT&TT),742 /QĐ-BTTTT,valid,https://giayphep.abei.gov.vn/
thienkiem.vn,CÔNG TY CỔ PHẦN FUNTAP,QUYẾT ĐỊNH PHÁT HÀNH TRÒ CHƠI ĐIỆN TỬ G1 TRÊN MẠNG,2019-06-25,Giấy phép chính thức (ABEI - Bộ TT&TT),955/QĐ-BTTTT,valid,https://giayphep.abei.gov.vn/
thienkiemchivan.playfun.vn,CÔNG TY CỔ PHẦN FUNTAP,QUYẾT ĐỊNH PHÁT HÀNH TRÒ CHƠI ĐIỆN TỬ G1 TRÊN MẠNG,2022-08-29,Giấy phép chính thức (ABEI - Bộ TT&TT),1624/QĐ-BTTTT,invalid,https://giayphep.abei.gov.vn/
thienkiemtruyenky.sonhaigame.com,CÔNG TY CỔ PHẦN GIẢI TRÍ SƠN HẢI GAME,QUYẾT ĐỊNH PHÁT HÀNH TRÒ CHƠI ĐIỆN TỬ G1 TRÊN MẠNG,2020-11-12,Giấy phép chính thức (ABEI - Bộ TT&TT),1951/QĐ-BTTTT,valid,https://giayphep.abei.gov.vn/
thienlong3q.gmeta.vn,CÔNG TY CỔ PHẦN GMETA,QUYẾT ĐỊNH PHÁT HÀNH TRÒ CHƠI ĐIỆN TỬ G1 TRÊN MẠNG,2024-05-24,Giấy phép chính thức (ABEI - Bộ TT&TT),849/QĐ-BTTTT,valid,https://giayphep.abei.gov.vn/
thienlongquyet.vn,CÔNG TY CỔ PHẦN VTC DỊCH VỤ DI ĐỘNG,QUYẾT ĐỊNH PHÁT HÀNH TRÒ CHƠI ĐIỆN TỬ G1 TRÊN MẠNG,2020-09-18,Giấy phép chính thức (ABEI - Bộ TT&TT),1593/QĐ-BTTTT,invalid,https://giayphep.abei.gov.vn/
thienlongtpl.vn,CÔNG TY CỔ PHẦN TEPAYLINK ,QUYẾT ĐỊNH PHÁT HÀNH TRÒ CHƠI ĐIỆN TỬ G1 TRÊN MẠNG,2026-06-16,Giấy phép chính thức (ABEI - Bộ TT&TT),352/QĐ-PTTH&TTĐT,valid,https://giayphep.abei.gov.vn/
thienlongtruyenky.vn,CÔNG TY CỔ PHẦN TRỰC TUYỂN DUO,QUYẾT ĐỊNH PHÁT HÀNH TRÒ CHƠI ĐIỆN TỬ G1 TRÊN MẠNG,2022-10-31,Giấy phép chính thức (ABEI - Bộ TT&TT),2000/QĐ-BTTTT,invalid,https://giayphep.abei.gov.vn/
thienmaquyet.vn,CÔNG TY CỔ PHẦN VTC DỊCH VỤ DI ĐỘNG,QUYẾT ĐỊNH PHÁT HÀNH TRÒ CHƠI ĐIỆN TỬ G1 TRÊN MẠNG,2019-11-19,Giấy phép chính thức (ABEI - Bộ TT&TT),1966/QĐ-BTTTT,invalid,https://giayphep.abei.gov.vn/
thienmenhvosong.vn,CÔNG TY CỔ PHẦN 9PLAY,QUYẾT ĐỊNH PHÁT HÀNH TRÒ CHƠI ĐIỆN TỬ G1 TRÊN MẠNG,2021-10-13,Giấy phép chính thức (ABEI - Bộ TT&TT),1592/QĐ-BTTTT,valid,https://giayphep.abei.gov.vn/
thienminh3d.vn,CÔNG TY CỔ PHẦN TRỰC TUYỂN CMN VIỆT NAM,QUYẾT ĐỊNH PHÁT HÀNH TRÒ CHƠI ĐIỆN TỬ G1 TRÊN MẠNG,2022-10-28,Giấy phép chính thức (ABEI - Bộ TT&TT),1972/QĐ-BTTTT,valid,https://giayphep.abei.gov.vn/
thienngoaigiangho.playfun.vn,CÔNG TY CỔ PHẦN FUNTAP,QUYẾT ĐỊNH PHÁT HÀNH TRÒ CHƠI ĐIỆN TỬ G1 TRÊN MẠNG,2023-11-17,Giấy phép chính thức (ABEI - Bộ TT&TT),2277/QĐ-BTTTT,invalid,https://giayphep.abei.gov.vn/
thiennhai.vnggames.com,CÔNG TY CỔ PHẦN VNG,QUYẾT ĐỊNH PHÁT HÀNH TRÒ CHƠI ĐIỆN TỬ G1 TRÊN MẠNG,2024-04-23,Giấy phép chính thức (ABEI - Bộ TT&TT),596/QĐ-BTTTT,invalid,https://giayphep.abei.gov.vn/
thiennhien.net,TRUNG TÂM CON NGƯỜI VÀ THIÊN NHIÊN,GIẤY PHÉP THIẾT LẬP TRANG THÔNG TIN ĐIỆN TỬ TỔNG HỢP,2017-10-18,Giấy phép chính thức (ABEI - Bộ TT&TT),313/GP-TTĐT,invalid,https://giayphep.abei.gov.vn/
thiennu.talktv.vn,CÔNG TY TNHH TRUYỀN THÔNG MINH PHƯƠNG THỊNH,QUYẾT ĐỊNH PHÁT HÀNH TRÒ CHƠI ĐIỆN TỬ G1 TRÊN MẠNG,2017-06-30,Giấy phép chính thức (ABEI - Bộ TT&TT),1037/QĐ-BTTTT,invalid,https://giayphep.abei.gov.vn/
thiennu2.zing.vn,CÔNG TY TNHH TRUYỀN THÔNG MINH PHƯƠNG THỊNH,QUYẾT ĐỊNH PHÁT HÀNH TRÒ CHƠI ĐIỆN TỬ G1 TRÊN MẠNG,2020-06-11,Giấy phép chính thức (ABEI - Bộ TT&TT),977/QĐ-BTTTT,invalid,https://giayphep.abei.gov.vn/
thienphuocmedia.com,CÔNG TY CỔ PHẦN TRUYỀN THÔNG THIÊN PHƯỚC,QUYẾT ĐỊNH PHÁT HÀNH TRÒ CHƠI ĐIỆN TỬ G1 TRÊN MẠNG,2025-12-12,Giấy phép chính thức (ABEI - Bộ TT&TT),555/QĐ-PTTH&TTĐT,valid,https://giayphep.abei.gov.vn/
thiensu.360game.vn,CÔNG TY TNHH GIẢI TRÍ LONG ĐỈNH,QUYẾT ĐỊNH PHÁT HÀNH TRÒ CHƠI ĐIỆN TỬ G1 TRÊN MẠNG,2020-03-12,Giấy phép chính thức (ABEI - Bộ TT&TT),333/QĐ-BTTTT,valid,https://giayphep.abei.gov.vn/
thiensumobile.vn,CÔNG TY CỔ PHẦN CÔNG NGHỆ GTV VIỆT NAM,QUYẾT ĐỊNH PHÁT HÀNH TRÒ CHƠI ĐIỆN TỬ G1 TRÊN MẠNG,2019-11-25,Giấy phép chính thức (ABEI - Bộ TT&TT),2007/QĐ-BTTTT,valid,https://giayphep.abei.gov.vn/
thienthientamquoc.vn,CÔNG TY TNHH SOHA,QUYẾT ĐỊNH PHÁT HÀNH TRÒ CHƠI ĐIỆN TỬ G1 TRÊN MẠNG,2020-12-04,Giấy phép chính thức (ABEI - Bộ TT&TT),2142 /QĐ-BTTTT,valid,https://giayphep.abei.gov.vn/
thienthumobile.vn,CÔNG TY CỔ PHẦN VTC DỊCH VỤ DI ĐỘNG,QUYẾT ĐỊNH PHÁT HÀNH TRÒ CHƠI ĐIỆN TỬ G1 TRÊN MẠNG,2016-12-14,Giấy phép chính thức (ABEI - Bộ TT&TT),2222/QĐ-BTTTT,invalid,https://giayphep.abei.gov.vn/
thienthuonghoa.com,CÔNG TY CỔ PHẦN GIẢI TRÍ THIÊN THƯỢNG HỎA,QUYẾT ĐỊNH PHÁT HÀNH TRÒ CHƠI ĐIỆN TỬ G1 TRÊN MẠNG,2023-07-24,Giấy phép chính thức (ABEI - Bộ TT&TT),1356 /QĐ-BTTTT,valid,https://giayphep.abei.gov.vn/
thienthuonghon.com,CÔNG TY CỔ PHẦN GIẢI TRÍ THIÊN THƯỢNG HỎA,QUYẾT ĐỊNH PHÁT HÀNH TRÒ CHƠI ĐIỆN TỬ G1 TRÊN MẠNG,2022-07-05,Giấy phép chính thức (ABEI - Bộ TT&TT),1336/QĐ-BTTTT,valid,https://giayphep.abei.gov.vn/
thienthuonghoo.com,CÔNG TY CỔ PHẦN GIẢI TRÍ THIÊN THƯỢNG HỎA,QUYẾT ĐỊNH PHÁT HÀNH TRÒ CHƠI ĐIỆN TỬ G1 TRÊN MẠNG,2023-06-22,Giấy phép chính thức (ABEI - Bộ TT&TT),1089/QĐ-BTTTT,valid,https://giayphep.abei.gov.vn/
thienthuonghos.xam.game,CÔNG TY CỔ PHẦN GIẢI TRÍ THIÊN THƯỢNG HỎA,QUYẾT ĐỊNH PHÁT HÀNH TRÒ CHƠI ĐIỆN TỬ G1 TRÊN MẠNG,2023-06-22,Giấy phép chính thức (ABEI - Bộ TT&TT),1089/QĐ-BTTTT,valid,https://giayphep.abei.gov.vn/
thientu.vtcgame.vn,CÔNG TY VTC CÔNG NGHỆ VÀ NỘI DUNG SỐ,QUYẾT ĐỊNH PHÁT HÀNH TRÒ CHƠI ĐIỆN TỬ G1 TRÊN MẠNG,2017-04-11,Giấy phép chính thức (ABEI - Bộ TT&TT),521/QĐ-BTTTT,invalid,https://giayphep.abei.gov.vn/
thientuyet.vgplay.vn,CÔNG TY CỔ PHẦN VGP,QUYẾT ĐỊNH PHÁT HÀNH TRÒ CHƠI ĐIỆN TỬ G1 TRÊN MẠNG,2021-01-08,Giấy phép chính thức (ABEI - Bộ TT&TT),1767 /QĐ-BTTTT,valid,https://giayphep.abei.gov.vn/
thienvuthanvuong.vgplay,CÔNG TY CỔ PHẦN VGP,QUYẾT ĐỊNH PHÁT HÀNH TRÒ CHƠI ĐIỆN TỬ G1 TRÊN MẠNG,2024-05-14,Giấy phép chính thức (ABEI - Bộ TT&TT),782 /QĐ-BTTTT,valid,https://giayphep.abei.gov.vn/
thienvuthanvuong.vgplay.vn,CÔNG TY CỔ PHẦN VGP,QUYẾT ĐỊNH PHÁT HÀNH TRÒ CHƠI ĐIỆN TỬ G1 TRÊN MẠNG,2024-05-14,Giấy phép chính thức (ABEI - Bộ TT&TT),782/QĐ-BTTTT,valid,https://giayphep.abei.gov.vn/
thietbicongnemangsky.co,Công ty TNHH Công nghệ mạng Sky,GIẤY XÁC NHẬN THÔNG BÁO CUNG CẤP DỊCH VỤ MẠNG XÃ HỘI,2025-05-06,Giấy phép chính thức (ABEI - Bộ TT&TT),71/GXN-PTTH&TTĐT,valid,https://giayphep.abei.gov.vn/
thietbicongnghemangsky.com.vn,Công ty TNHH Công nghệ mạng Sky,GIẤY XÁC NHẬN THÔNG BÁO CUNG CẤP DỊCH VỤ MẠNG XÃ HỘI,2025-05-06,Giấy phép chính thức (ABEI - Bộ TT&TT),71/GXN-PTTH&TTĐT,valid,https://giayphep.abei.gov.vn/
thietky.vn,CÔNG TY CỔ PHẦN PHÁT TRIỂN DỊCH VỤ TRỰC TUYẾN ONPLAY,QUYẾT ĐỊNH PHÁT HÀNH TRÒ CHƠI ĐIỆN TỬ G1 TRÊN MẠNG,2017-02-08,Giấy phép chính thức (ABEI - Bộ TT&TT),118/QĐ-BTTTT,invalid,https://giayphep.abei.gov.vn/
thieuhiep.vsgame.vn,CÔNG TY CỔ PHẦN VISION GAME,QUYẾT ĐỊNH PHÁT HÀNH TRÒ CHƠI ĐIỆN TỬ G1 TRÊN MẠNG,2026-07-07,Giấy phép chính thức (ABEI - Bộ TT&TT),390/QĐ-PTTH&TTĐT,valid,https://giayphep.abei.gov.vn/
thieunientaydu.splay.vn,CÔNG TY CỔ PHẦN VTC DỊCH VỤ DI ĐỘNG,QUYẾT ĐỊNH PHÁT HÀNH TRÒ CHƠI ĐIỆN TỬ G1 TRÊN MẠNG,2025-08-07,Giấy phép chính thức (ABEI - Bộ TT&TT),349/QĐ-PTTH&TTĐT,valid,https://giayphep.abei.gov.vn/
thieunienvosong.vn,CÔNG TY CỔ PHẦN ACE GAME,QUYẾT ĐỊNH PHÁT HÀNH TRÒ CHƠI ĐIỆN TỬ G1 TRÊN MẠNG,2022-09-30,Giấy phép chính thức (ABEI - Bộ TT&TT),1841/QĐ-BTTTT,valid,https://giayphep.abei.gov.vn/
thinkview.vn,CÔNG TY TNHH CÔNG NGHỆ THINK VIỆT NAM,GIẤY PHÉP CUNG CẤP DỊCH VỤ MẠNG XÃ HỘI,2019-09-30,Giấy phép chính thức (ABEI - Bộ TT&TT),412/GP-BTTTT,valid,https://giayphep.abei.gov.vn/
thitruongdiaoc.vn,CÔNG TY TNHH XÚC TIẾN ĐẦU TƯ VÀ TƯ VẤN BẤT ĐỘNG SẢN SÀI GÒN,GIẤY PHÉP CUNG CẤP DỊCH VỤ MẠNG XÃ HỘI,2020-03-11,Giấy phép chính thức (ABEI - Bộ TT&TT),89/GP-BTTTT,valid,https://giayphep.abei.gov.vn/
thitruonggiacabds.vn,TẠP CHÍ THỊ TRƯỜNG GIÁ CẢ,GIẤY PHÉP THIẾT LẬP TRANG THÔNG TIN ĐIỆN TỬ TỔNG HỢP,2016-06-30,Giấy phép chính thức (ABEI - Bộ TT&TT),70/GP-TTĐT,invalid,https://giayphep.abei.gov.vn/
thixaphutho.gov.vn,ĐÀI TRUYỀN THANH THỊ XÃ PHÚ THỌ,GIẤY PHÉP THIẾT LẬP TRANG THÔNG TIN ĐIỆN TỬ TỔNG HỢP,2013-04-26,Giấy phép chính thức (ABEI - Bộ TT&TT),50/GP-TTĐT,invalid,https://giayphep.abei.gov.vn/
thkiem.vn,CÔNG TY CỔ PHẦN SOLAPLAY,QUYẾT ĐỊNH PHÁT HÀNH TRÒ CHƠI ĐIỆN TỬ G1 TRÊN MẠNG,2022-10-07,Giấy phép chính thức (ABEI - Bộ TT&TT),1874/QĐ-BTTTT,valid,https://giayphep.abei.gov.vn/
thodia247.vn,CÔNG TY CỔ PHẦN FCORP,GIẤY PHÉP CUNG CẤP DỊCH VỤ MẠNG XÃ HỘI,2022-01-25,Giấy phép chính thức (ABEI - Bộ TT&TT),73/GP-BTTTT,valid,https://giayphep.abei.gov.vn/
thoibaodoanhnhan.com.vn,THỜI BÁO DOANH NHÂN,GIẤY PHÉP THIẾT LẬP TRANG THÔNG TIN ĐIỆN TỬ TỔNG HỢP,2016-11-09,Giấy phép chính thức (ABEI - Bộ TT&TT),182/GP-TTĐT,invalid,https://giayphep.abei.gov.vn/
thoibaoviet.com.vn,BÁO THỜI BÁO LÀNG NGHỀ VIỆT,GIẤY PHÉP THIẾT LẬP TRANG THÔNG TIN ĐIỆN TỬ TỔNG HỢP,2018-11-13,Giấy phép chính thức (ABEI - Bộ TT&TT),290/GP-TTĐT,invalid,https://giayphep.abei.gov.vn/
thoidaihaitac.gosu.vn,CÔNG TY CỔ PHẦN TRỰC TUYẾN GOSU,QUYẾT ĐỊNH PHÁT HÀNH TRÒ CHƠI ĐIỆN TỬ G1 TRÊN MẠNG,2021-03-01,Giấy phép chính thức (ABEI - Bộ TT&TT),239 /QĐ-BTTTT,valid,https://giayphep.abei.gov.vn/
thoidaininja.vn,CÔNG TY CỔ PHẦN FUNTAP,QUYẾT ĐỊNH PHÁT HÀNH TRÒ CHƠI ĐIỆN TỬ G1 TRÊN MẠNG,2020-10-08,Giấy phép chính thức (ABEI - Bộ TT&TT),1714/QĐ-BTTTT,valid,https://giayphep.abei.gov.vn/
thoihoangkim.phoeniz.com,CÔNG TY TNHH DỊCH VỤ GIẢI TRÍ PHƯỢNG HOÀNG,QUYẾT ĐỊNH PHÁT HÀNH TRÒ CHƠI ĐIỆN TỬ G1 TRÊN MẠNG,2020-06-11,Giấy phép chính thức (ABEI - Bộ TT&TT),979 /QĐ-BTTTT,invalid,https://giayphep.abei.gov.vn/
thoiloan2.zingplay.com,CÔNG TY TNHH ZINGPLAY VIỆT NAM,QUYẾT ĐỊNH PHÁT HÀNH TRÒ CHƠI ĐIỆN TỬ G1 TRÊN MẠNG,2024-07-15,Giấy phép chính thức (ABEI - Bộ TT&TT),1174/QĐ-BTTTT,valid,https://giayphep.abei.gov.vn/
thoiloanmobile.vn,CÔNG TY TNHH NỘI DUNG SỐ NGUYÊN BẢO,QUYẾT ĐỊNH PHÁT HÀNH TRÒ CHƠI ĐIỆN TỬ G1 TRÊN MẠNG,2017-03-30,Giấy phép chính thức (ABEI - Bộ TT&TT),446/QĐ-BTTTT,valid,https://giayphep.abei.gov.vn/
thoinet.vn,TRUNG TÂM PHÁT TRIỂN GIÁO DỤC VÀ TRUYỀN THÔNG,GIẤY PHÉP CUNG CẤP DỊCH VỤ MẠNG XÃ HỘI,2017-09-26,Giấy phép chính thức (ABEI - Bộ TT&TT),465/GP-BTTTT,valid,https://giayphep.abei.gov.vn/
thoinetso.vn,CÔNG TY TNHH VIỄN THÔNG ĐA PHƯƠNG TIỆN THỜI NÉT SỐ,GIẤY PHÉP CUNG CẤP DỊCH VỤ MẠNG XÃ HỘI,2025-01-21,Giấy phép chính thức (ABEI - Bộ TT&TT),44/GP-BTTTT,valid,https://giayphep.abei.gov.vn/
thongthien.vgpjsc.vn,CÔNG TY CỔ PHẦN VGP,QUYẾT ĐỊNH PHÁT HÀNH TRÒ CHƠI ĐIỆN TỬ G1 TRÊN MẠNG,2017-12-07,Giấy phép chính thức (ABEI - Bộ TT&TT),2255/QĐ-BTTTT,valid,https://giayphep.abei.gov.vn/
thongtincongthuong.vn,TRUNG TÂM THÔNG TIN CÔNG NGHIỆP VÀ THƯƠNG MẠI,GIẤY PHÉP THIẾT LẬP TRANG THÔNG TIN ĐIỆN TỬ TỔNG HỢP,2019-07-16,Giấy phép chính thức (ABEI - Bộ TT&TT),121/GP-TTĐT,invalid,https://giayphep.abei.gov.vn/
thongtindoingoai.laichau.gov.vn,SỞ THÔNG TIN VÀ TRUYỀN THÔNG LAI CHÂU,GIẤY PHÉP THIẾT LẬP TRANG THÔNG TIN ĐIỆN TỬ TỔNG HỢP,2021-03-25,Giấy phép chính thức (ABEI - Bộ TT&TT),48/GP-TTĐT,valid,https://giayphep.abei.gov.vn/
thongtindoingoai.org.vn,BAN CHỈ ĐẠO CÔNG TÁC THÔNG TIN ĐỐI NGOẠI,GIẤY PHÉP THIẾT LẬP TRANG THÔNG TIN ĐIỆN TỬ TỔNG HỢP,2020-12-24,Giấy phép chính thức (ABEI - Bộ TT&TT),243/GP-TTĐT,valid,https://giayphep.abei.gov.vn/
thongtindoingoai.quangtri.gov.vn,SỞ THÔNG TIN VÀ TRUYỀN THÔNG QUẢNG TRỊ,GIẤY PHÉP THIẾT LẬP TRANG THÔNG TIN ĐIỆN TỬ TỔNG HỢP,2019-11-15,Giấy phép chính thức (ABEI - Bộ TT&TT),224/GP-TTĐT,invalid,https://giayphep.abei.gov.vn/
thongtindoingoai.vn,CỤC THÔNG TIN ĐỐI NGOẠI,GIẤY PHÉP THIẾT LẬP TRANG THÔNG TIN ĐIỆN TỬ TỔNG HỢP,2023-03-21,Giấy phép chính thức (ABEI - Bộ TT&TT),36/GP-TTĐT,invalid,https://giayphep.abei.gov.vn/
thongtindubao.gov.vn,TRUNG TÂM THÔNG TIN VÀ DỰ BÁO KINH TẾ - XÃ HỘI QUỐC GIA,GIẤY PHÉP THIẾT LẬP TRANG THÔNG TIN ĐIỆN TỬ TỔNG HỢP,2013-09-30,Giấy phép chính thức (ABEI - Bộ TT&TT),137/GP-TTĐT,invalid,https://giayphep.abei.gov.vn/
thongtinphatttrien.com.vn,TẠP CHÍ THÔNG TIN VÀ PHÁT TRIỂN,GIẤY PHÉP THIẾT LẬP TRANG THÔNG TIN ĐIỆN TỬ TỔNG HỢP,2019-08-22,Giấy phép chính thức (ABEI - Bộ TT&TT),162/GP-TTĐT,invalid,https://giayphep.abei.gov.vn/
thongtintuyentruyen.vinhlong.gov.vn,SỞ THÔNG TIN VÀ TRUYỀN THÔNG VĨNH LONG,GIẤY PHÉP THIẾT LẬP TRANG THÔNG TIN ĐIỆN TỬ TỔNG HỢP,2020-08-06,Giấy phép chính thức (ABEI - Bộ TT&TT),137/GP-TTĐT,valid,https://giayphep.abei.gov.vn/
thongtinvaphattrien.vn,TẠP CHÍ THÔNG TIN VÀ PHÁT TRIỂN,GIẤY PHÉP THIẾT LẬP TRANG THÔNG TIN ĐIỆN TỬ TỔNG HỢP,2019-08-22,Giấy phép chính thức (ABEI - Bộ TT&TT),162/GP-TTĐT,invalid,https://giayphep.abei.gov.vn/
thongtinđoingoai.laichau.gov.vn,SỞ THÔNG TIN VÀ TRUYỀN THÔNG LAI CHÂU,GIẤY PHÉP THIẾT LẬP TRANG THÔNG TIN ĐIỆN TỬ TỔNG HỢP,2015-05-12,Giấy phép chính thức (ABEI - Bộ TT&TT),47/GP-TTĐT,invalid,https://giayphep.abei.gov.vn/
thosan.vgplay.vn,CÔNG TY CỔ PHẦN VGP,QUYẾT ĐỊNH PHÁT HÀNH TRÒ CHƠI ĐIỆN TỬ G1 TRÊN MẠNG,2026-03-05,Giấy phép chính thức (ABEI - Bộ TT&TT),113/QĐ-PTTH&TTĐT,valid,https://giayphep.abei.gov.vn/
thosanca.vn,CÔNG TY TNHH CÔNG NGHỆ KỸ THUẬT VÀ DỊCH VỤ TRỰC TUYỂN TPC,QUYẾT ĐỊNH PHÁT HÀNH TRÒ CHƠI ĐIỆN TỬ G1 TRÊN MẠNG,2018-02-13,Giấy phép chính thức (ABEI - Bộ TT&TT),237/QĐ-BTTTT,valid,https://giayphep.abei.gov.vn/
thosandaiduong.vn,CÔNG TY CỔ PHẦN TRAVELLET VIỆT NAM,QUYẾT ĐỊNH PHÁT HÀNH TRÒ CHƠI ĐIỆN TỬ G1 TRÊN MẠNG,2024-08-16,Giấy phép chính thức (ABEI - Bộ TT&TT),1373/QĐ-BTTTT,valid,https://giayphep.abei.gov.vn/
thosankhobau.vn,CÔNG TY CỔ PHẦN TRỰC TUYỂN DUO,QUYẾT ĐỊNH PHÁT HÀNH TRÒ CHƠI ĐIỆN TỬ G1 TRÊN MẠNG,2023-08-29,Giấy phép chính thức (ABEI - Bộ TT&TT),1670/QĐ-BTTTT,valid,https://giayphep.abei.gov.vn/
thosanma3d.1618play.vn,CÔNG TY TNHH 1618PLAY,QUYẾT ĐỊNH PHÁT HÀNH TRÒ CHƠI ĐIỆN TỬ G1 TRÊN MẠNG,2020-08-25,Giấy phép chính thức (ABEI - Bộ TT&TT),1454/QĐ-BTTTT,valid,https://giayphep.abei.gov.vn/
thosanquy.gamota,CÔNG TY CỔ PHẦN GAMOTA,QUYẾT ĐỊNH PHÁT HÀNH TRÒ CHƠI ĐIỆN TỬ G1 TRÊN MẠNG,2022-04-05,Giấy phép chính thức (ABEI - Bộ TT&TT),633/QĐ-BTTTT,valid,https://giayphep.abei.gov.vn/
thosanx.gaba.vn,CÔNG TY CỔ PHẦN TRÒ CHƠI VEGA,QUYẾT ĐỊNH PHÁT HÀNH TRÒ CHƠI ĐIỆN TỬ G1 TRÊN MẠNG,2017-12-29,Giấy phép chính thức (ABEI - Bộ TT&TT),2499/QĐ-BTTTT,valid,https://giayphep.abei.gov.vn/
thosanx.vn,CÔNG TY CỔ PHẦN TRỰC TUYẾN CMN VIỆT NAM,QUYẾT ĐỊNH PHÁT HÀNH TRÒ CHƠI ĐIỆN TỬ G1 TRÊN MẠNG,2019-12-03,Giấy phép chính thức (ABEI - Bộ TT&TT),2103/QĐ-BTTTT,valid,https://giayphep.abei.gov.vn/
threekingdoms.vn,CÔNG TY CỔ PHẦN GIẢI PHÁP SỐ VISION NETWORK VIỆT NAM,QUYẾT ĐỊNH PHÁT HÀNH TRÒ CHƠI ĐIỆN TỬ G1 TRÊN MẠNG,2024-12-03,Giấy phép chính thức (ABEI - Bộ TT&TT),2116/QĐ-BTTTT,valid,https://giayphep.abei.gov.vn/
thsgame.com.vn,CÔNG TY CỔ PHẦN THS GAME,QUYẾT ĐỊNH PHÁT HÀNH TRÒ CHƠI ĐIỆN TỬ G1 TRÊN MẠNG,2026-05-06,Giấy phép chính thức (ABEI - Bộ TT&TT),236 /QĐ-PTTH&TTĐT,valid,https://giayphep.abei.gov.vn/
thtg.vn,ĐÀI PHÁT THANH VÀ TRUYỀN HÌNH TIỀN GIANG,GIẤY PHÉP THIẾT LẬP TRANG THÔNG TIN ĐIỆN TỬ TỔNG HỢP,2019-10-31,Giấy phép chính thức (ABEI - Bộ TT&TT),204/GP-TTĐT,valid,https://giayphep.abei.gov.vn/
thtpct.vn,ĐÀI PHÁT THANH VÀ TRUYỀN HÌNH THÀNH PHỐ CẦN THƠ,GIẤY PHÉP THIẾT LẬP TRANG THÔNG TIN ĐIỆN TỬ TỔNG HỢP,2022-11-09,Giấy phép chính thức (ABEI - Bộ TT&TT),153/GP-TTĐT,invalid,https://giayphep.abei.gov.vn/
thtv.gov.vn,ĐÀI PHÁT THANH - TRUYỀN HÌNH TRÀ VINH,GIẤY PHÉP THIẾT LẬP TRANG THÔNG TIN ĐIỆN TỬ TỔNG HỢP,2013-03-19,Giấy phép chính thức (ABEI - Bộ TT&TT),25/GP-TTĐT,invalid,https://giayphep.abei.gov.vn/
thucson.vn,CÔNG TY TNHH SOHA,QUYẾT ĐỊNH PHÁT HÀNH TRÒ CHƠI ĐIỆN TỬ G1 TRÊN MẠNG,2019-03-29,Giấy phép chính thức (ABEI - Bộ TT&TT),485/QĐ-BTTTT,valid,https://giayphep.abei.gov.vn/
thucte.vn,CÔNG TY CỔ PHẦN TRUYỀN HÌNH THỰC TẾ HDTV  VIỆT NAM,GIẤY PHÉP CUNG CẤP DỊCH VỤ MẠNG XÃ HỘI,2020-04-27,Giấy phép chính thức (ABEI - Bộ TT&TT),179/GP-BTTTT,valid,https://giayphep.abei.gov.vn/
thuctinhhaki.vn,CÔNG TY CỔ PHẦN DỊCH VỤ TRỰC TUYẾN MIGA,QUYẾT ĐỊNH PHÁT HÀNH TRÒ CHƠI ĐIỆN TỬ G1 TRÊN MẠNG,2020-12-14,Giấy phép chính thức (ABEI - Bộ TT&TT),2213/QĐ-BTTTT,valid,https://giayphep.abei.gov.vn/
thuctinhthanthu.vn,CÔNG TY CỔ PHẦN TRỰC TUYẾN DUO,QUYẾT ĐỊNH PHÁT HÀNH TRÒ CHƠI ĐIỆN TỬ G1 TRÊN MẠNG,2022-09-30,Giấy phép chính thức (ABEI - Bộ TT&TT),1829/QĐ-BTTTT,valid,https://giayphep.abei.gov.vn/
thucung.cbt.vn,CÔNG TY CỔ PHẦN XTV,QUYẾT ĐỊNH PHÁT HÀNH TRÒ CHƠI ĐIỆN TỬ G1 TRÊN MẠNG,2020-07-14,Giấy phép chính thức (ABEI - Bộ TT&TT),1181/QĐ-BTTTT,invalid,https://giayphep.abei.gov.vn/
thudomultimedia.vn,CÔNG TY CỔ PHẦN TRUYỀN THÔNG ĐA PHƯƠNG TIỆN THỦ ĐÔ,QUYẾT ĐỊNH PHÁT HÀNH TRÒ CHƠI ĐIỆN TỬ G1 TRÊN MẠNG,2018-05-25,Giấy phép chính thức (ABEI - Bộ TT&TT),797/QĐ-BTTTT,valid,https://giayphep.abei.gov.vn/
thudoxanhsachdep.hanoi.gov.vn,SỞ THÔNG TIN VÀ TRUYỀN THÔNG THÀNH PHỐ HÀ NỘI,GIẤY PHÉP THIẾT LẬP TRANG THÔNG TIN ĐIỆN TỬ TỔNG HỢP,2020-10-01,Giấy phép chính thức (ABEI - Bộ TT&TT),182/GP-TTĐT,invalid,https://giayphep.abei.gov.vn/
thuenhanuoc.vn,TẠP CHÍ THUẾ NHÀ NƯỚC,GIẤY PHÉP THIẾT LẬP TRANG THÔNG TIN ĐIỆN TỬ TỔNG HỢP,2021-04-02,Giấy phép chính thức (ABEI - Bộ TT&TT),57/GP-TTĐT,valid,https://giayphep.abei.gov.vn/
thuongco.ggames.vn,CÔNG TY TNHH TRỰC TUYẾN THIÊN HÀ,QUYẾT ĐỊNH PHÁT HÀNH TRÒ CHƠI ĐIỆN TỬ G1 TRÊN MẠNG,2023-08-22,Giấy phép chính thức (ABEI - Bộ TT&TT),1620/QĐ-BTTTT,valid,https://giayphep.abei.gov.vn/
thuongco.vn,CÔNG TY CỔ PHẦN GIẢI TRÍ TRỰC TUYẾN 3T,QUYẾT ĐỊNH PHÁT HÀNH TRÒ CHƠI ĐIỆN TỬ G1 TRÊN MẠNG,2022-10-21,Giấy phép chính thức (ABEI - Bộ TT&TT),1934/QĐ-BTTTT,valid,https://giayphep.abei.gov.vn/
thuongcochivuong.vn,CÔNG TY TNHH SOHA,QUYẾT ĐỊNH PHÁT HÀNH TRÒ CHƠI ĐIỆN TỬ G1 TRÊN MẠNG,2022-07-18,Giấy phép chính thức (ABEI - Bộ TT&TT),1392/QĐ-BTTTT,valid,https://giayphep.abei.gov.vn/
thuongcokiem.vn,CÔNG TY CỔ PHẦN VTC DỊCH VỤ DI ĐỘNG,QUYẾT ĐỊNH PHÁT HÀNH TRÒ CHƠI ĐIỆN TỬ G1 TRÊN MẠNG,2021-08-31,Giấy phép chính thức (ABEI - Bộ TT&TT),1351/QĐ-BTTTT,invalid,https://giayphep.abei.gov.vn/
thuonggiathitruong.vn,TẠP CHÍ THƯƠNG GIA VÀ THỊ TRƯỜNG,GIẤY PHÉP THIẾT LẬP TRANG THÔNG TIN ĐIỆN TỬ TỔNG HỢP,2013-12-23,Giấy phép chính thức (ABEI - Bộ TT&TT),148/GP-TTĐT,valid,https://giayphep.abei.gov.vn/
thuonghieucongluan.com.vn,BÁO THƯƠNG HIỆU VÀ CÔNG LUẬN,GIẤY PHÉP THIẾT LẬP TRANG THÔNG TIN ĐIỆN TỬ TỔNG HỢP,2013-06-26,Giấy phép chính thức (ABEI - Bộ TT&TT),86/GP-TTĐT,invalid,https://giayphep.abei.gov.vn/
thuongkhungchikiem.playfun.vn,CÔNG TY CỔ PHẦN FUNTAP,QUYẾT ĐỊNH PHÁT HÀNH TRÒ CHƠI ĐIỆN TỬ G1 TRÊN MẠNG,2020-10-15,Giấy phép chính thức (ABEI - Bộ TT&TT),1740 /QĐ-BTTT,valid,https://giayphep.abei.gov.vn/
thuonglamquyet.playfun.vn,CÔNG TY CỔ PHẦN FUNTAP,QUYẾT ĐỊNH PHÁT HÀNH TRÒ CHƠI ĐIỆN TỬ G1 TRÊN MẠNG,2022-07-25,Giấy phép chính thức (ABEI - Bộ TT&TT),1430/QĐ-BTTTT,valid,https://giayphep.abei.gov.vn/
thuongmaibiengioimiennui.gov.vn,VỤ THƯƠNG MẠI BIÊN GIỚI VÀ MIỀN NÚI,GIẤY PHÉP THIẾT LẬP TRANG THÔNG TIN ĐIỆN TỬ TỔNG HỢP,2016-06-15,Giấy phép chính thức (ABEI - Bộ TT&TT),63/GP-TTĐT,invalid,https://giayphep.abei.gov.vn/
thuongmaimiennui.gov.vn,TRUNG TÂM THÔNG TIN CÔNG NGHIỆP VÀ THƯƠNG MẠI,GIẤY PHÉP THIẾT LẬP TRANG THÔNG TIN ĐIỆN TỬ TỔNG HỢP,2023-06-23,Giấy phép chính thức (ABEI - Bộ TT&TT),103/GP-TTĐT,valid,https://giayphep.abei.gov.vn/
thuongnhanhuyenthoai.zingplay.com,CÔNG TY TNHH ZINGPLAY VIỆT NAM,QUYẾT ĐỊNH PHÁT HÀNH TRÒ CHƠI ĐIỆN TỬ G1 TRÊN MẠNG,2024-07-15,Giấy phép chính thức (ABEI - Bộ TT&TT),1169/QĐ-BTTTT,valid,https://giayphep.abei.gov.vn/
thuongtruongplus.vn,CÔNG TY TNHH THƯƠNG MẠI DỊCH VỤ VÀ TRUYỀN THÔNG THƯƠNG HIỆU PLUS,GIẤY PHÉP CUNG CẤP DỊCH VỤ MẠNG XÃ HỘI,2020-06-19,Giấy phép chính thức (ABEI - Bộ TT&TT),263/GP-BTTTT,valid,https://giayphep.abei.gov.vn/
thuthanhawaken.vn,CÔNG TY CỔ PHẦN 9PLAY,QUYẾT ĐỊNH PHÁT HÀNH TRÒ CHƠI ĐIỆN TỬ G1 TRÊN MẠNG,2021-10-08,Giấy phép chính thức (ABEI - Bộ TT&TT),1541 /QĐ-BTTTT,valid,https://giayphep.abei.gov.vn/
thuthanhorigin.playfun.vn,CÔNG TY CỔ PHẦN FUNTAP,QUYẾT ĐỊNH PHÁT HÀNH TRÒ CHƠI ĐIỆN TỬ G1 TRÊN MẠNG,2020-10-08,Giấy phép chính thức (ABEI - Bộ TT&TT),1704 /QĐ-BTTTT,valid,https://giayphep.abei.gov.vn/
thuvienbinhthuan.com.vn,THƯ VIỆN TỈNH BÌNH THUẬN,GIẤY PHÉP THIẾT LẬP TRANG THÔNG TIN ĐIỆN TỬ TỔNG HỢP,2013-08-30,Giấy phép chính thức (ABEI - Bộ TT&TT),131/GP-TTĐT,invalid,https://giayphep.abei.gov.vn/
thuviendienbien.gov.vn,THƯ VIỆN TỈNH ĐIỆN BIÊN,GIẤY PHÉP THIẾT LẬP TRANG THÔNG TIN ĐIỆN TỬ TỔNG HỢP,2013-08-30,Giấy phép chính thức (ABEI - Bộ TT&TT),135/GP-TTĐT,invalid,https://giayphep.abei.gov.vn/
thuvienhaiphu.com.vn,THƯ VIỆN TỈNH PHÚ YÊN,GIẤY PHÉP THIẾT LẬP TRANG THÔNG TIN ĐIỆN TỬ TỔNG HỢP,2013-04-15,Giấy phép chính thức (ABEI - Bộ TT&TT),42/GP-TTĐT,invalid,https://giayphep.abei.gov.vn/
thuvienlaocai.vn,THƯ VIỆN TỈNH LÀO CAI,GIẤY PHÉP THIẾT LẬP TRANG THÔNG TIN ĐIỆN TỬ TỔNG HỢP,2013-04-15,Giấy phép chính thức (ABEI - Bộ TT&TT),41/GP-TTĐT,invalid,https://giayphep.abei.gov.vn/
thuvuongdaichien.vn,CÔNG TY CỔ PHẦN FUNTAP,QUYẾT ĐỊNH PHÁT HÀNH TRÒ CHƠI ĐIỆN TỬ G1 TRÊN MẠNG,2017-11-09,Giấy phép chính thức (ABEI - Bộ TT&TT),1936/QĐ-BTTTT,valid,https://giayphep.abei.gov.vn/
thuychien.vn,CÔNG TY CỔ PHẦN VTC DỊCH VỤ DI ĐỘNG,QUYẾT ĐỊNH PHÁT HÀNH TRÒ CHƠI ĐIỆN TỬ G1 TRÊN MẠNG,2017-07-10,Giấy phép chính thức (ABEI - Bộ TT&TT),1123/QĐ-BTTTT,invalid,https://giayphep.abei.gov.vn/
thuyentruonghuyenthoai.vn,CÔNG TY CỔ PHẦN 9PLAY,QUYẾT ĐỊNH PHÁT HÀNH TRÒ CHƠI ĐIỆN TỬ G1 TRÊN MẠNG,2022-01-19,Giấy phép chính thức (ABEI - Bộ TT&TT),51/QĐ-BTTTT,invalid,https://giayphep.abei.gov.vn/
thuysanvietnam.com.vn,TẠP CHÍ THỦY SẢN VIỆT NAM,GIẤY PHÉP THIẾT LẬP TRANG THÔNG TIN ĐIỆN TỬ TỔNG HỢP,2020-09-25,Giấy phép chính thức (ABEI - Bộ TT&TT),179/GP-TTĐT,valid,https://giayphep.abei.gov.vn/
thvl.vn,ĐÀI PHÁT THANH VÀ TRUYỀN HÌNH VĨNH LONG,GIẤY PHÉP THIẾT LẬP TRANG THÔNG TIN ĐIỆN TỬ TỔNG HỢP,2015-02-26,Giấy phép chính thức (ABEI - Bộ TT&TT),12/GP-TTĐT,invalid,https://giayphep.abei.gov.vn/
tichcuc.vn,CÔNG TY TNHH VINALIVE,GIẤY PHÉP CUNG CẤP DỊCH VỤ MẠNG XÃ HỘI,2020-07-21,Giấy phép chính thức (ABEI - Bộ TT&TT),318/GP-BTTTT,valid,https://giayphep.abei.gov.vn/
tichtakiem.vn,CÔNG TY TNHH SOHA,QUYẾT ĐỊNH PHÁT HÀNH TRÒ CHƠI ĐIỆN TỬ G1 TRÊN MẠNG,2024-03-26,Giấy phép chính thức (ABEI - Bộ TT&TT),385/QĐ-BTTTT,valid,https://giayphep.abei.gov.vn/
ticketbox.vn,CÔNG TY TNHH TICKETBOX,GIẤY PHÉP CUNG CẤP DỊCH VỤ MẠNG XÃ HỘI,2020-09-16,Giấy phép chính thức (ABEI - Bộ TT&TT),397/GP-BTTTT,valid,https://giayphep.abei.gov.vn/
tide.thienthuonghoa.com,CÔNG TY CỔ PHẦN GIẢI TRÍ THIÊN THƯỢNG HỎA,QUYẾT ĐỊNH PHÁT HÀNH TRÒ CHƠI ĐIỆN TỬ G1 TRÊN MẠNG,2022-01-19,Giấy phép chính thức (ABEI - Bộ TT&TT),67/QĐ-BTTTT,valid,https://giayphep.abei.gov.vn/
tiemaquyet.cmn.vn,CÔNG TY CỔ PHẦN TRỰC TUYẾN CMN VIỆT NAM,QUYẾT ĐỊNH PHÁT HÀNH TRÒ CHƠI ĐIỆN TỬ G1 TRÊN MẠNG,2023-07-27,Giấy phép chính thức (ABEI - Bộ TT&TT),1393/QĐ-BTTTT,valid,https://giayphep.abei.gov.vn/
tiembanhhoangtu.vn,CÔNG TY CỔ PHẦN FUNTAP,QUYẾT ĐỊNH PHÁT HÀNH TRÒ CHƠI ĐIỆN TỬ G1 TRÊN MẠNG,2018-02-12,Giấy phép chính thức (ABEI - Bộ TT&TT),228/QĐ-BTTTT,valid,https://giayphep.abei.gov.vn/
tiemnangviet.vn,TẠP CHÍ THẾ GIỚI ẢNH,GIẤY PHÉP THIẾT LẬP TRANG THÔNG TIN ĐIỆN TỬ TỔNG HỢP,2018-02-02,Giấy phép chính thức (ABEI - Bộ TT&TT),22/GP-TTĐT,valid,https://giayphep.abei.gov.vn/
tiemtaphoathoigian.vn,CÔNG TY CỔ PHẦN ĐẦU TƯ CÔNG NGHỆ VISION INVEST ,QUYẾT ĐỊNH PHÁT HÀNH TRÒ CHƠI ĐIỆN TỬ G1 TRÊN MẠNG,2025-05-22,Giấy phép chính thức (ABEI - Bộ TT&TT),193/QĐ-PTTH&TTĐT,valid,https://giayphep.abei.gov.vn/
tienchien.cmn.vn,CÔNG TY CỔ PHẦN TRỰC TUYẾN CMN VIỆT NAM,QUYẾT ĐỊNH PHÁT HÀNH TRÒ CHƠI ĐIỆN TỬ G1 TRÊN MẠNG,2021-10-19,Giấy phép chính thức (ABEI - Bộ TT&TT),1641/QĐ-BTTTT,valid,https://giayphep.abei.gov.vn/
tiendaotadocton.vn,CÔNG TY CỔ PHẦN VTC DỊCH VỤ DI ĐỘNG,QUYẾT ĐỊNH PHÁT HÀNH TRÒ CHƠI ĐIỆN TỬ G1 TRÊN MẠNG,2025-06-03,Giấy phép chính thức (ABEI - Bộ TT&TT),231/QĐ-PTTH&TTĐT,valid,https://giayphep.abei.gov.vn/
tienduyenkiem.gamota.com,CÔNG TY CỔ PHẦN GAMOTA,QUYẾT ĐỊNH PHÁT HÀNH TRÒ CHƠI ĐIỆN TỬ G1 TRÊN MẠNG,2019-12-25,Giấy phép chính thức (ABEI - Bộ TT&TT),2251/QĐ-BTTTT,valid,https://giayphep.abei.gov.vn/
tienganh123.com,CÔNG TY TNHH HÀM TRỰC TUYẾN,GIẤY PHÉP CUNG CẤP DỊCH VỤ MẠNG XÃ HỘI,2026-05-12,Giấy phép chính thức (ABEI - Bộ TT&TT),59/GP-BVHTTDL,valid,https://giayphep.abei.gov.vn/
tienganh123.vn,CÔNG TY TNHH HÀM TRỰC TUYẾN,GIẤY PHÉP CUNG CẤP DỊCH VỤ MẠNG XÃ HỘI,2026-05-12,Giấy phép chính thức (ABEI - Bộ TT&TT),59/GP-BVHTTDL,valid,https://giayphep.abei.gov.vn/
tiengiang.edu.vn,SỞ GIÁO DỤC VÀ ĐÀO TẠO TIỀN GIANG,GIẤY PHÉP THIẾT LẬP TRANG THÔNG TIN ĐIỆN TỬ TỔNG HỢP,2013-04-02,Giấy phép chính thức (ABEI - Bộ TT&TT),33/GP-TTĐT,invalid,https://giayphep.abei.gov.vn/
tienhiep.gamota.com,CÔNG TY CỔ PHẦN GAMOTA,QUYẾT ĐỊNH PHÁT HÀNH TRÒ CHƠI ĐIỆN TỬ G1 TRÊN MẠNG,2017-08-16,Giấy phép chính thức (ABEI - Bộ TT&TT),1364/QĐ-BTTTT,valid,https://giayphep.abei.gov.vn/
tienhiep.vsgame.vn,CÔNG TY CỔ PHẦN VISION GAME ,QUYẾT ĐỊNH PHÁT HÀNH TRÒ CHƠI ĐIỆN TỬ G1 TRÊN MẠNG,2024-07-26,Giấy phép chính thức (ABEI - Bộ TT&TT),1260/QĐ-BTTTT,valid,https://giayphep.abei.gov.vn/
tienhieptruyenky.phoenix.com,CÔNG TY TNHH DỊCH VỤ GIẢI TRÍ PHƯỢNG HOÀNG,QUYẾT ĐỊNH PHÁT HÀNH TRÒ CHƠI ĐIỆN TỬ G1 TRÊN MẠNG,2020-06-11,Giấy phép chính thức (ABEI - Bộ TT&TT),980/QĐ-BTTTT,invalid,https://giayphep.abei.gov.vn/
tienhieptruyenky.phoeniz.com,CÔNG TY TNHH DỊCH VỤ GIẢI TRÍ PHƯỢNG HOÀNG,QUYẾT ĐỊNH PHÁT HÀNH TRÒ CHƠI ĐIỆN TỬ G1 TRÊN MẠNG,2020-06-11,Giấy phép chính thức (ABEI - Bộ TT&TT),980 /QĐ-BTTTT,invalid,https://giayphep.abei.gov.vn/
tienkiem.cmn.vn,CÔNG TY CỔ PHẦN TRỰC TUYẾN CMN VIỆT NAM ,QUYẾT ĐỊNH PHÁT HÀNH TRÒ CHƠI ĐIỆN TỬ G1 TRÊN MẠNG,2025-11-07,Giấy phép chính thức (ABEI - Bộ TT&TT),498/QĐ-PTTH&TTĐT,valid,https://giayphep.abei.gov.vn/
tienkiem.dzogame.vn,CÔNG TY TNHH CHÂU Á MỀM,QUYẾT ĐỊNH PHÁT HÀNH TRÒ CHƠI ĐIỆN TỬ G1 TRÊN MẠNG,2018-07-11,Giấy phép chính thức (ABEI - Bộ TT&TT),1154/QĐ-BTTTT,valid,https://giayphep.abei.gov.vn/
tienkiem.gamota.com,CÔNG TY CỔ PHẦN GAMOTA,QUYẾT ĐỊNH PHÁT HÀNH TRÒ CHƠI ĐIỆN TỬ G1 TRÊN MẠNG,2020-07-10,Giấy phép chính thức (ABEI - Bộ TT&TT),1158/QĐ-BTTTT,valid,https://giayphep.abei.gov.vn/
tienkiemgltd.vn,CÔNG TY CỔ PHẦN GIẢI TRÍ TRỰC TUYẾN 3T,QUYẾT ĐỊNH PHÁT HÀNH TRÒ CHƠI ĐIỆN TỬ G1 TRÊN MẠNG,2024-07-15,Giấy phép chính thức (ABEI - Bộ TT&TT),1173/QĐ-BTTTT,valid,https://giayphep.abei.gov.vn/
tienkiemkyduyen.gamota.com,CÔNG TY CỔ PHẦN GAMOTA,QUYẾT ĐỊNH PHÁT HÀNH TRÒ CHƠI ĐIỆN TỬ G1 TRÊN MẠNG,2017-09-07,Giấy phép chính thức (ABEI - Bộ TT&TT),1512/QĐ-BTTTT,valid,https://giayphep.abei.gov.vn/
tienkiemkyhiep.vn,CÔNG TY TNHH SOHA,QUYẾT ĐỊNH PHÁT HÀNH TRÒ CHƠI ĐIỆN TỬ G1 TRÊN MẠNG,2020-07-29,Giấy phép chính thức (ABEI - Bộ TT&TT),1286/QĐ-BTTTT,valid,https://giayphep.abei.gov.vn/
tienma.100d.mobi,CÔNG TY CỔ PHẦN GIẢI TRÍ 100 ĐỘ,QUYẾT ĐỊNH PHÁT HÀNH TRÒ CHƠI ĐIỆN TỬ G1 TRÊN MẠNG,2020-01-17,Giấy phép chính thức (ABEI - Bộ TT&TT),91/QĐ-BTTTT,invalid,https://giayphep.abei.gov.vn/
tiennghich.joyplay.vn,CÔNG TY TNHH JOYGAMES,QUYẾT ĐỊNH PHÁT HÀNH TRÒ CHƠI ĐIỆN TỬ G1 TRÊN MẠNG,2026-04-24,Giấy phép chính thức (ABEI - Bộ TT&TT),210/QĐ-PTTH&TTĐT,valid,https://giayphep.abei.gov.vn/
tiennghich.mobi,CÔNG TY CỔ PHẦN GAMOTA,QUYẾT ĐỊNH PHÁT HÀNH TRÒ CHƠI ĐIỆN TỬ G1 TRÊN MẠNG,2017-09-07,Giấy phép chính thức (ABEI - Bộ TT&TT),1511/QĐ-BTTTT,valid,https://giayphep.abei.gov.vn/
tiennghichj.gaba.vn,CÔNG TY CỔ PHẦN TRÒ CHƠI VEGA,QUYẾT ĐỊNH PHÁT HÀNH TRÒ CHƠI ĐIỆN TỬ G1 TRÊN MẠNG,2018-09-04,Giấy phép chính thức (ABEI - Bộ TT&TT),1442/QĐ-BTTTT,valid,https://giayphep.abei.gov.vn/
tienvuc.gamota.com,CÔNG TY CỔ PHẦN GAMOTA,QUYẾT ĐỊNH PHÁT HÀNH TRÒ CHƠI ĐIỆN TỬ G1 TRÊN MẠNG,2019-12-05,Giấy phép chính thức (ABEI - Bộ TT&TT),2119 /QĐ-BTTTT,valid,https://giayphep.abei.gov.vn/
tienvuong4d.playfun.vn,CÔNG TY CỔ PHẦN PHÁT TRIỂN CÔNG NGHỆ SỐ HỒNG HÀ,QUYẾT ĐỊNH PHÁT HÀNH TRÒ CHƠI ĐIỆN TỬ G1 TRÊN MẠNG,2024-03-19,Giấy phép chính thức (ABEI - Bộ TT&TT),340/QĐ-BTTTT,valid,https://giayphep.abei.gov.vn/
tiepthigiadinh.vn,TẠP CHÍ TIẾP THỊ VÀ GIA ĐÌNH,GIẤY PHÉP THIẾT LẬP TRANG THÔNG TIN ĐIỆN TỬ TỔNG HỢP,2023-05-25,Giấy phép chính thức (ABEI - Bộ TT&TT),82/GP-TTĐT,valid,https://giayphep.abei.gov.vn/
tiepthivagiadinh.net.vn,TẠP CHÍ TIẾP THỊ VÀ GIA ĐÌNH,GIẤY PHÉP THIẾT LẬP TRANG THÔNG TIN ĐIỆN TỬ TỔNG HỢP,2022-11-09,Giấy phép chính thức (ABEI - Bộ TT&TT),152/GP-TTĐT,invalid,https://giayphep.abei.gov.vn/
tietkiemnangluong.com.vn,VỤ TIẾT KIỆM NĂNG LƯỢNG VÀ PHÁT TRIỂN BỀN VỮNG,GIẤY PHÉP THIẾT LẬP TRANG THÔNG TIN ĐIỆN TỬ TỔNG HỢP,2019-08-13,Giấy phép chính thức (ABEI - Bộ TT&TT),148/GP-TTĐT,valid,https://giayphep.abei.gov.vn/
tieucuong.alogame.vn,CÔNG TY CỔ PHẦN CÔNG NGHỆ SỐ ALO,QUYẾT ĐỊNH PHÁT HÀNH TRÒ CHƠI ĐIỆN TỬ G1 TRÊN MẠNG,2026-06-23,Giấy phép chính thức (ABEI - Bộ TT&TT),365 /QĐ-PTTH&TTĐT,valid,https://giayphep.abei.gov.vn/
tieudaogiangho.vn,CÔNG TY CỔ PHẦN VCCORP,QUYẾT ĐỊNH PHÁT HÀNH TRÒ CHƠI ĐIỆN TỬ G1 TRÊN MẠNG,2018-06-22,Giấy phép chính thức (ABEI - Bộ TT&TT),962/QĐ-BTTTT,invalid,https://giayphep.abei.gov.vn/
tieudiemviet.vn,CÔNG TY CỔ PHẦN TIÊU ĐIỂM VIỆT NAM,GIẤY PHÉP CUNG CẤP DỊCH VỤ MẠNG XÃ HỘI,2017-05-10,Giấy phép chính thức (ABEI - Bộ TT&TT),206/GP-BTTTT,valid,https://giayphep.abei.gov.vn/
tieulyphidao.vn,CÔNG TY CỔ PHẦN VTC DỊCH VỤ DI ĐỘNG,QUYẾT ĐỊNH PHÁT HÀNH TRÒ CHƠI ĐIỆN TỬ G1 TRÊN MẠNG,2017-02-08,Giấy phép chính thức (ABEI - Bộ TT&TT),108/QĐ-BTTTT,invalid,https://giayphep.abei.gov.vn/
tieungao.gamota.com,CÔNG TY CỔ PHẦN GAMOTA,QUYẾT ĐỊNH PHÁT HÀNH TRÒ CHƠI ĐIỆN TỬ G1 TRÊN MẠNG,2024-04-26,Giấy phép chính thức (ABEI - Bộ TT&TT),675/QĐ-BTTTT,valid,https://giayphep.abei.gov.vn/
tieungao.vgplay.vn,CÔNG TY CỔ PHẦN VGP,QUYẾT ĐỊNH PHÁT HÀNH TRÒ CHƠI ĐIỆN TỬ G1 TRÊN MẠNG,2021-01-08,Giấy phép chính thức (ABEI - Bộ TT&TT),1768 /QĐ-BTTTT,valid,https://giayphep.abei.gov.vn/
tieungao.zing.vn,CÔNG TY TNHH NỘI DUNG SỐ NGUYÊN BẢO,QUYẾT ĐỊNH PHÁT HÀNH TRÒ CHƠI ĐIỆN TỬ G1 TRÊN MẠNG,2019-05-24,Giấy phép chính thức (ABEI - Bộ TT&TT),758/QĐ-BTTTT,valid,https://giayphep.abei.gov.vn/
tieungaocmn.vn,CÔNG TY CỔ PHẦN TRỰC TUYẾN CMN VIỆT NAM,QUYẾT ĐỊNH PHÁT HÀNH TRÒ CHƠI ĐIỆN TỬ G1 TRÊN MẠNG,2022-12-23,Giấy phép chính thức (ABEI - Bộ TT&TT),2428/QĐ-BTTTT,invalid,https://giayphep.abei.gov.vn/
tieungaovolam.vn,CÔNG TY TNHH SOHA,QUYẾT ĐỊNH PHÁT HÀNH TRÒ CHƠI ĐIỆN TỬ G1 TRÊN MẠNG,2020-09-29,Giấy phép chính thức (ABEI - Bộ TT&TT),1646/QĐ-BTTTT,invalid,https://giayphep.abei.gov.vn/
tieungoa.choi.vn,CÔNG TY CỔ PHẦN GIẢI TRÍ VGG,QUYẾT ĐỊNH PHÁT HÀNH TRÒ CHƠI ĐIỆN TỬ G1 TRÊN MẠNG,2016-12-30,Giấy phép chính thức (ABEI - Bộ TT&TT),2361/QĐ-BTTTT,valid,https://giayphep.abei.gov.vn/
tieungoa.vn,CÔNG TY CỔ PHẦN GIẢI TRÍ VGG,QUYẾT ĐỊNH PHÁT HÀNH TRÒ CHƠI ĐIỆN TỬ G1 TRÊN MẠNG,2016-12-30,Giấy phép chính thức (ABEI - Bộ TT&TT),2361/QĐ-BTTTT,valid,https://giayphep.abei.gov.vn/
tieutien.alogame.vn,CÔNG TY CỔ PHẦN CÔNG NGHỆ SỐ ALO,QUYẾT ĐỊNH PHÁT HÀNH TRÒ CHƠI ĐIỆN TỬ G1 TRÊN MẠNG,2026-06-23,Giấy phép chính thức (ABEI - Bộ TT&TT),366/QĐ-PTTH&TTĐT,valid,https://giayphep.abei.gov.vn/
tieutieutqc.vn,CÔNG TY TNHH SOHA,QUYẾT ĐỊNH PHÁT HÀNH TRÒ CHƠI ĐIỆN TỬ G1 TRÊN MẠNG,2019-01-30,Giấy phép chính thức (ABEI - Bộ TT&TT),120/QĐ-BTTTT,valid,https://giayphep.abei.gov.vn/
tigergames.com.vn,CÔNG TY CỔ PHẦN TRÒ CHƠI TIGER ,QUYẾT ĐỊNH PHÁT HÀNH TRÒ CHƠI ĐIỆN TỬ G1 TRÊN MẠNG,2026-03-17,Giấy phép chính thức (ABEI - Bộ TT&TT),134/QĐ-PTTH&TTĐT,valid,https://giayphep.abei.gov.vn/
tin.zing.vn,CÔNG TY CỔ PHẦN VNG,QUYẾT ĐỊNH PHÁT HÀNH TRÒ CHƠI ĐIỆN TỬ G1 TRÊN MẠNG,2020-06-26,Giấy phép chính thức (ABEI - Bộ TT&TT),1067/QĐ-BTTTT,invalid,https://giayphep.abei.gov.vn/
tindohanghieu.vn,CÔNG TY CỔ PHẦN THƯƠNG MẠI ĐIỆN TỬ TÍN ĐỒ HÀNG HIỆU,GIẤY PHÉP CUNG CẤP DỊCH VỤ MẠNG XÃ HỘI,2023-08-31,Giấy phép chính thức (ABEI - Bộ TT&TT),320/GP-BTTTT,valid,https://giayphep.abei.gov.vn/
tindubao.vn,TẠP CHÍ THÔNG TIN VÀ DỰ BÁO KINH TẾ - XÃ HỘI,GIẤY PHÉP THIẾT LẬP TRANG THÔNG TIN ĐIỆN TỬ TỔNG HỢP,2017-10-26,Giấy phép chính thức (ABEI - Bộ TT&TT),322/GP-TTĐT,valid,https://giayphep.abei.gov.vn/
tinhkiem3.vn,CÔNG TY CỔ PHẦN TEPAYLINK,QUYẾT ĐỊNH PHÁT HÀNH TRÒ CHƠI ĐIỆN TỬ G1 TRÊN MẠNG,2025-02-20,Giấy phép chính thức (ABEI - Bộ TT&TT),41/QĐ-PTTH&TTĐT,valid,https://giayphep.abei.gov.vn/
tinhkiem3dmobile.vn,CÔNG TY CỔ PHẦN FUNTAP,QUYẾT ĐỊNH PHÁT HÀNH TRÒ CHƠI ĐIỆN TỬ G1 TRÊN MẠNG,2018-11-27,Giấy phép chính thức (ABEI - Bộ TT&TT),2010/QĐ-BTTTT,invalid,https://giayphep.abei.gov.vn/
tinhkiemchimong.vn,CÔNG TY CỔ PHẦN TITAN STUDIO VIỆT NAM,QUYẾT ĐỊNH PHÁT HÀNH TRÒ CHƠI ĐIỆN TỬ G1 TRÊN MẠNG,2025-06-20,Giấy phép chính thức (ABEI - Bộ TT&TT),272/QĐ-PTTH&TTĐT,valid,https://giayphep.abei.gov.vn/
tinhnhan.vn,CÔNG TY CỔ PHẦN VTC DỊCH VỤ DI ĐỘNG,QUYẾT ĐỊNH PHÁT HÀNH TRÒ CHƠI ĐIỆN TỬ G1 TRÊN MẠNG,2020-03-27,Giấy phép chính thức (ABEI - Bộ TT&TT),431/QĐ-BTTTT,valid,https://giayphep.abei.gov.vn/
tinhte.vn,CÔNG TY CỔ PHẦN MẠNG XÃ HỘI TINH TẾ,GIẤY PHÉP CUNG CẤP DỊCH VỤ MẠNG XÃ HỘI,2026-03-25,Giấy phép chính thức (ABEI - Bộ TT&TT),41/GP-BVHTTDL,valid,https://giayphep.abei.gov.vn/
tinhvankiem.vn,CÔNG TY CỔ PHẦN FUNTAP,QUYẾT ĐỊNH PHÁT HÀNH TRÒ CHƠI ĐIỆN TỬ G1 TRÊN MẠNG,2019-09-04,Giấy phép chính thức (ABEI - Bộ TT&TT),1434 /QĐ-BTTTT,valid,https://giayphep.abei.gov.vn/
tinhvolam.gosu.vn,CÔNG TY CỔ PHẦN TRỰC TUYẾN GOSU,QUYẾT ĐỊNH PHÁT HÀNH TRÒ CHƠI ĐIỆN TỬ G1 TRÊN MẠNG,2019-05-27,Giấy phép chính thức (ABEI - Bộ TT&TT),792 /QĐ-BTTTT,valid,https://giayphep.abei.gov.vn/
tinklematch.boardcraftonline.vn,Công ty TNHH ZingPlay Việt Nam,QUYẾT ĐỊNH PHÁT HÀNH TRÒ CHƠI ĐIỆN TỬ G1 TRÊN MẠNG,2026-03-12,Giấy phép chính thức (ABEI - Bộ TT&TT),126/QĐ-PTTH&TTĐT,valid,https://giayphep.abei.gov.vn/
tinnganhdien.vn,TRUNG TÂM CÔNG NGHỆ THÔNG TIN - TẬP ĐOÀN ĐIỆN LỰC VIỆT NAM,GIẤY PHÉP THIẾT LẬP TRANG THÔNG TIN ĐIỆN TỬ TỔNG HỢP,2015-01-30,Giấy phép chính thức (ABEI - Bộ TT&TT),05/GP-TTĐT,invalid,https://giayphep.abei.gov.vn/
tinnhanhmoitruong.vn,TẠP CHÍ MÔI TRƯỜNG ĐÔ THỊ VIỆT NAM,GIẤY PHÉP THIẾT LẬP TRANG THÔNG TIN ĐIỆN TỬ TỔNG HỢP,2018-09-20,Giấy phép chính thức (ABEI - Bộ TT&TT),239/GP-TTĐT,valid,https://giayphep.abei.gov.vn/
tintucdantoc.com.vn,BÁO DÂN TỘC VÀ PHÁT TRIỂN,GIẤY PHÉP THIẾT LẬP TRANG THÔNG TIN ĐIỆN TỬ TỔNG HỢP,2021-05-19,Giấy phép chính thức (ABEI - Bộ TT&TT),80/GP-TTĐT,invalid,https://giayphep.abei.gov.vn/
tintucdantoc.vn,BÁO DÂN TỘC VÀ PHÁT TRIỂN,GIẤY PHÉP THIẾT LẬP TRANG THÔNG TIN ĐIỆN TỬ TỔNG HỢP,2021-05-19,Giấy phép chính thức (ABEI - Bộ TT&TT),80/GP-TTĐT,invalid,https://giayphep.abei.gov.vn/
tintucmoitruong.vn,TẠP CHÍ MÔI TRƯỜNG ĐÔ THỊ VIỆT NAM,GIẤY PHÉP THIẾT LẬP TRANG THÔNG TIN ĐIỆN TỬ TỔNG HỢP,2018-09-20,Giấy phép chính thức (ABEI - Bộ TT&TT),239/GP-TTĐT,valid,https://giayphep.abei.gov.vn/
titanonline.hhgame.vn,CÔNG TY CỔ PHẦN PHÁT TRIỂN CÔNG NGHỆ SỐ HỒNG HÀ,QUYẾT ĐỊNH PHÁT HÀNH TRÒ CHƠI ĐIỆN TỬ G1 TRÊN MẠNG,2023-04-07,Giấy phép chính thức (ABEI - Bộ TT&TT),582/QĐ-BTTTT,valid,https://giayphep.abei.gov.vn/
titanstudio.vn,CÔNG TY CỔ PHẦN TITAN STUDIO VIỆT NAM,QUYẾT ĐỊNH PHÁT HÀNH TRÒ CHƠI ĐIỆN TỬ G1 TRÊN MẠNG,2026-04-22,Giấy phép chính thức (ABEI - Bộ TT&TT),205 /QĐ-PTTH&TTĐT,valid,https://giayphep.abei.gov.vn/
tivi247.vn,CÔNG TY TNHH CÔNG NGHỆ VÀ DỊCH VỤ B.A.Y,GIẤY PHÉP CUNG CẤP DỊCH VỤ MẠNG XÃ HỘI,2017-08-16,Giấy phép chính thức (ABEI - Bộ TT&TT),395/GP-BTTTT,valid,https://giayphep.abei.gov.vn/
tkd.mgol.vn,CÔNG TY TNHH PHẦN MỀM MGOL,QUYẾT ĐỊNH PHÁT HÀNH TRÒ CHƠI ĐIỆN TỬ G1 TRÊN MẠNG,2023-04-28,Giấy phép chính thức (ABEI - Bộ TT&TT),761/QĐ-BTTTT,valid,https://giayphep.abei.gov.vn/
tkem.360game.vn,CÔNG TY TNHH GIẢI TRÍ LONG ĐỈNH,QUYẾT ĐỊNH PHÁT HÀNH TRÒ CHƠI ĐIỆN TỬ G1 TRÊN MẠNG,2016-06-08,Giấy phép chính thức (ABEI - Bộ TT&TT),979/QĐ-BTTTT,valid,https://giayphep.abei.gov.vn/
tkkht.123game.vn,CÔNG TY CỔ PHẦN DỊCH VỤ MỘT THẾ GIỚI,QUYẾT ĐỊNH PHÁT HÀNH TRÒ CHƠI ĐIỆN TỬ G1 TRÊN MẠNG,2018-08-09,Giấy phép chính thức (ABEI - Bộ TT&TT),1325/QĐ-BTTTT,invalid,https://giayphep.abei.gov.vn/
tktd.kylangames.com.vn,CÔNG TY TNHH GIẢI TRÍ KỲ LÂN,QUYẾT ĐỊNH PHÁT HÀNH TRÒ CHƠI ĐIỆN TỬ G1 TRÊN MẠNG,2021-01-22,Giấy phép chính thức (ABEI - Bộ TT&TT),81/QĐ-BTTTT,valid,https://giayphep.abei.gov.vn/
tkts.vn,CÔNG TY CỔ PHẦN TRỰC TUYẾN GOSU,QUYẾT ĐỊNH PHÁT HÀNH TRÒ CHƠI ĐIỆN TỬ G1 TRÊN MẠNG,2020-08-26,Giấy phép chính thức (ABEI - Bộ TT&TT),1461 /QĐ-BTTTT,valid,https://giayphep.abei.gov.vn/
tkvt.gosu.vn,CÔNG TY CỔ PHẦN TRỰC TUYẾN GOSU,QUYẾT ĐỊNH PHÁT HÀNH TRÒ CHƠI ĐIỆN TỬ G1 TRÊN MẠNG,2020-08-26,Giấy phép chính thức (ABEI - Bộ TT&TT),1460 /QĐ-BTTTT,valid,https://giayphep.abei.gov.vn/
tl.fgstudio.vn,CÔNG TY CỔ PHẦN FGSTUDIO,QUYẾT ĐỊNH PHÁT HÀNH TRÒ CHƠI ĐIỆN TỬ G1 TRÊN MẠNG,2023-10-06,Giấy phép chính thức (ABEI - Bộ TT&TT),1911/QĐ-BTTTT,valid,https://giayphep.abei.gov.vn/
tlbb.360game.vn,CÔNG TY CỔ PHẦN VNG,QUYẾT ĐỊNH PHÁT HÀNH TRÒ CHƠI ĐIỆN TỬ G1 TRÊN MẠNG,2016-04-29,Giấy phép chính thức (ABEI - Bộ TT&TT),686/QĐ-BTTTT,invalid,https://giayphep.abei.gov.vn/
tlbb2.vnggames.com,CÔNG TY CỔ PHẦN TẬP ĐOÀN VNG ,QUYẾT ĐỊNH PHÁT HÀNH TRÒ CHƠI ĐIỆN TỬ G1 TRÊN MẠNG,2025-09-10,Giấy phép chính thức (ABEI - Bộ TT&TT),384/QĐ-PTTH&TTĐT,valid,https://giayphep.abei.gov.vn/
tlbborigin.vn,CÔNG TY CỔ PHẦN SKYWAY ,QUYẾT ĐỊNH PHÁT HÀNH TRÒ CHƠI ĐIỆN TỬ G1 TRÊN MẠNG,2026-04-29,Giấy phép chính thức (ABEI - Bộ TT&TT),214/QĐ-PTTH&TTĐT,valid,https://giayphep.abei.gov.vn/
tlbbvng.vnggames.com,CÔNG TY CỔ PHẦN VNG,QUYẾT ĐỊNH PHÁT HÀNH TRÒ CHƠI ĐIỆN TỬ G1 TRÊN MẠNG,2024-08-14,Giấy phép chính thức (ABEI - Bộ TT&TT),1358/QĐ-BTTTT,invalid,https://giayphep.abei.gov.vn/
tlbc.mocgame.vn,CÔNG TY CỔ PHẦN TRÒ CHƠI MỘC,QUYẾT ĐỊNH PHÁT HÀNH TRÒ CHƠI ĐIỆN TỬ G1 TRÊN MẠNG,2022-01-25,Giấy phép chính thức (ABEI - Bộ TT&TT),123 /OĐ-BTTTT,valid,https://giayphep.abei.gov.vn/
tlht.gaba.vn,CÔNG TY CỔ PHẦN TRÒ CHƠI VEGA,QUYẾT ĐỊNH PHÁT HÀNH TRÒ CHƠI ĐIỆN TỬ G1 TRÊN MẠNG,2020-09-23,Giấy phép chính thức (ABEI - Bộ TT&TT),1619/QĐ-BTTTT,invalid,https://giayphep.abei.gov.vn/
tlk.gamota.com,CÔNG TY CỔ PHẦN GAMOTA,QUYẾT ĐỊNH PHÁT HÀNH TRÒ CHƠI ĐIỆN TỬ G1 TRÊN MẠNG,2018-06-14,Giấy phép chính thức (ABEI - Bộ TT&TT),913/QĐ-BTTTT,invalid,https://giayphep.abei.gov.vn/
tlk2.gamoda.com,CÔNG TY CỔ PHẦN GAMOTA,QUYẾT ĐỊNH PHÁT HÀNH TRÒ CHƠI ĐIỆN TỬ G1 TRÊN MẠNG,2021-03-26,Giấy phép chính thức (ABEI - Bộ TT&TT),383/QĐ-BTTTT,valid,https://giayphep.abei.gov.vn/
tll.tbgame.vn,CÔNG TY TNHH TRÒ CHƠI TRỰC TUYẾN THIENBAO,QUYẾT ĐỊNH PHÁT HÀNH TRÒ CHƠI ĐIỆN TỬ G1 TRÊN MẠNG,2022-01-24,Giấy phép chính thức (ABEI - Bộ TT&TT),107/QĐ-BTTTT,valid,https://giayphep.abei.gov.vn/
tlmm.vnggames.com,CÔNG TY CỔ PHẦN VNG,QUYẾT ĐỊNH PHÁT HÀNH TRÒ CHƠI ĐIỆN TỬ G1 TRÊN MẠNG,2019-01-15,Giấy phép chính thức (ABEI - Bộ TT&TT),56/QĐ-BTTTT,invalid,https://giayphep.abei.gov.vn/
tlo.vnggames.com,CÔNG TY CỔ PHẦN TẬP ĐOÀN VNG,QUYẾT ĐỊNH PHÁT HÀNH TRÒ CHƠI ĐIỆN TỬ G1 TRÊN MẠNG,2026-01-15,Giấy phép chính thức (ABEI - Bộ TT&TT),16/QĐ-PTTH&TTĐT,valid,https://giayphep.abei.gov.vn/
tltq.gosu.vn,CÔNG TY CỔ PHẦN TRỰC TUYẾN GOSU,QUYẾT ĐỊNH PHÁT HÀNH TRÒ CHƠI ĐIỆN TỬ G1 TRÊN MẠNG,2018-12-11,Giấy phép chính thức (ABEI - Bộ TT&TT),2128/QĐ-BTTTT,invalid,https://giayphep.abei.gov.vn/
tmdt.zoneplay.vn,CÔNG TY CỔ PHẦN GZONE MEDIA VIỆT NAM,QUYẾT ĐỊNH PHÁT HÀNH TRÒ CHƠI ĐIỆN TỬ G1 TRÊN MẠNG,2023-10-09,Giấy phép chính thức (ABEI - Bộ TT&TT),1919/QĐ-BTTTT,valid,https://giayphep.abei.gov.vn/
tmtk.vgplay.vn,CÔNG TY CỔ PHẦN VGP,QUYẾT ĐỊNH PHÁT HÀNH TRÒ CHƠI ĐIỆN TỬ G1 TRÊN MẠNG,2024-11-19,Giấy phép chính thức (ABEI - Bộ TT&TT),2007/QĐ-BTTTT,valid,https://giayphep.abei.gov.vn/
tmtq.slg.vn,CÔNG TY CỔ PHẦN DỊCH VỤ TRỰC TUYẾN VĨNH XUÂN,QUYẾT ĐỊNH PHÁT HÀNH TRÒ CHƠI ĐIỆN TỬ G1 TRÊN MẠNG,2020-03-26,Giấy phép chính thức (ABEI - Bộ TT&TT),429/QĐ-BTTTT,valid,https://giayphep.abei.gov.vn/
tmtq.thienthuonghoa.com,CÔNG TY CỔ PHẦN GIẢI TRÍ THIÊN THƯỢNG HỎA,QUYẾT ĐỊNH PHÁT HÀNH TRÒ CHƠI ĐIỆN TỬ G1 TRÊN MẠNG,2021-03-19,Giấy phép chính thức (ABEI - Bộ TT&TT),334/QĐ-BTTTT,valid,https://giayphep.abei.gov.vn/
tmtq.zoneplay.vn,CÔNG TY CỔ PHẦN GZONE MEDIA VIỆT NAM,QUYẾT ĐỊNH PHÁT HÀNH TRÒ CHƠI ĐIỆN TỬ G1 TRÊN MẠNG,2022-09-30,Giấy phép chính thức (ABEI - Bộ TT&TT),1833/QĐ-BTTTT,valid,https://giayphep.abei.gov.vn/
tn.dzogame.vn,CÔNG TY TNHH CHÂU Á MỀM,QUYẾT ĐỊNH PHÁT HÀNH TRÒ CHƠI ĐIỆN TỬ G1 TRÊN MẠNG,2020-08-24,Giấy phép chính thức (ABEI - Bộ TT&TT),1452/QĐ-BTTTT,valid,https://giayphep.abei.gov.vn/
tn3q.gamota.com,CÔNG TY CỔ PHẦN GAMOTA,QUYẾT ĐỊNH PHÁT HÀNH TRÒ CHƠI ĐIỆN TỬ G1 TRÊN MẠNG,2025-12-30,Giấy phép chính thức (ABEI - Bộ TT&TT),583/QĐ-PTTH&TTĐT,valid,https://giayphep.abei.gov.vn/
tn3q.zing.vn,CÔNG TY TNHH TRUYỀN THÔNG MINH PHƯƠNG THỊNH,QUYẾT ĐỊNH PHÁT HÀNH TRÒ CHƠI ĐIỆN TỬ G1 TRÊN MẠNG,2020-10-02,Giấy phép chính thức (ABEI - Bộ TT&TT),1681/QĐ-BTTTT,invalid,https://giayphep.abei.gov.vn/
tnah.gamota.com,CÔNG TY CỔ PHẦN GAMOTA,QUYẾT ĐỊNH PHÁT HÀNH TRÒ CHƠI ĐIỆN TỬ G1 TRÊN MẠNG,2022-01-24,Giấy phép chính thức (ABEI - Bộ TT&TT),100/QĐ-BTTTT,valid,https://giayphep.abei.gov.vn/
tnch.gamota.com,CÔNG TY CỔ PHẦN GAMOTA,QUYẾT ĐỊNH PHÁT HÀNH TRÒ CHƠI ĐIỆN TỬ G1 TRÊN MẠNG,2025-11-17,Giấy phép chính thức (ABEI - Bộ TT&TT),516 /QĐ-PTTH&TTĐT,valid,https://giayphep.abei.gov.vn/
tndt3q.zing.vn,CÔNG TY TNHH NỘI DUNG SỐ NGUYÊN BẢO,QUYẾT ĐỊNH PHÁT HÀNH TRÒ CHƠI ĐIỆN TỬ G1 TRÊN MẠNG,2020-04-15,Giấy phép chính thức (ABEI - Bộ TT&TT),547/QĐ-BTTTT,valid,https://giayphep.abei.gov.vn/
tnhk.zoneplay.vn,CÔNG TY CỔ PHẦN GZONE MEDIA VIỆT NAM,QUYẾT ĐỊNH PHÁT HÀNH TRÒ CHƠI ĐIỆN TỬ G1 TRÊN MẠNG,2022-12-13,Giấy phép chính thức (ABEI - Bộ TT&TT),2315/QĐ-BTTTT,valid,https://giayphep.abei.gov.vn/
tnmtcaobang.gov.vn,SỞ TÀI NGUYÊN VÀ MÔI TRƯỜNG TỈNH CAO BẰNG,GIẤY PHÉP THIẾT LẬP TRANG THÔNG TIN ĐIỆN TỬ TỔNG HỢP,2013-04-15,Giấy phép chính thức (ABEI - Bộ TT&TT),47/GP-TTĐT,invalid,https://giayphep.abei.gov.vn/
tnng.vn,CÔNG TY CỔ PHẦN TRỰC TUYẾN GOSU,QUYẾT ĐỊNH PHÁT HÀNH TRÒ CHƠI ĐIỆN TỬ G1 TRÊN MẠNG,2021-01-29,Giấy phép chính thức (ABEI - Bộ TT&TT),106/QĐ-BTTTT,invalid,https://giayphep.abei.gov.vn/
tnsp.gialai.org.vn,"BAN ĐIỀU PHỐI DỰ ÁN HỖ TRỢ NÔNG NGHIỆP, NÔNG DÂN VÀ NÔNG THÔN TỈNH GIA LAI",GIẤY PHÉP THIẾT LẬP TRANG THÔNG TIN ĐIỆN TỬ TỔNG HỢP,2013-07-30,Giấy phép chính thức (ABEI - Bộ TT&TT),104/GP-TTĐT,invalid,https://giayphep.abei.gov.vn/
toancanhbaochi.vn,CỤC BÁO CHÍ,GIẤY PHÉP THIẾT LẬP TRANG THÔNG TIN ĐIỆN TỬ TỔNG HỢP,2015-09-28,Giấy phép chính thức (ABEI - Bộ TT&TT),143/GP-TTĐT,invalid,https://giayphep.abei.gov.vn/
toancanhbatdongsan.com.vn,CÔNG TY CỔ PHẦN ĐẦU TƯ BẤT ĐỘNG SẢN HOÀNG LÂM,GIẤY PHÉP CUNG CẤP DỊCH VỤ MẠNG XÃ HỘI,2020-12-04,Giấy phép chính thức (ABEI - Bộ TT&TT),566/GP-BTTTT,valid,https://giayphep.abei.gov.vn/
toandan3q.ygame.vn,CÔNG TY CỔ PHẦN GIẢI TRÍ YGAME,QUYẾT ĐỊNH PHÁT HÀNH TRÒ CHƠI ĐIỆN TỬ G1 TRÊN MẠNG,2020-05-13,Giấy phép chính thức (ABEI - Bộ TT&TT),798/QĐ-BTTTT,valid,https://giayphep.abei.gov.vn/
tocchien.vn,CÔNG TY TNHH MYG,QUYẾT ĐỊNH PHÁT HÀNH TRÒ CHƠI ĐIỆN TỬ G1 TRÊN MẠNG,2018-08-31,Giấy phép chính thức (ABEI - Bộ TT&TT),1438/QĐ-BTTTT,valid,https://giayphep.abei.gov.vn/
tocchien.vnggames.com,CÔNG TY CỔ PHẦN TẬP ĐOÀN VNG,QUYẾT ĐỊNH PHÁT HÀNH TRÒ CHƠI ĐIỆN TỬ G1 TRÊN MẠNG,2026-03-02,Giấy phép chính thức (ABEI - Bộ TT&TT),103/QĐ-PTTH&TTĐT,valid,https://giayphep.abei.gov.vn/
tocchien.zing.vn,CÔNG TY CỔ PHẦN TẬP ĐOÀN VNG,QUYẾT ĐỊNH PHÁT HÀNH TRÒ CHƠI ĐIỆN TỬ G1 TRÊN MẠNG,2026-03-02,Giấy phép chính thức (ABEI - Bộ TT&TT),103/QĐ-PTTH&TTĐT,valid,https://giayphep.abei.gov.vn/
tongdaidiaoc.com.vn,CÔNG TY CỔ PHẦN TỔNG ĐÀI ĐỊA ỐC VIỆT NAM,GIẤY PHÉP CUNG CẤP DỊCH VỤ MẠNG XÃ HỘI,2020-01-21,Giấy phép chính thức (ABEI - Bộ TT&TT),34/GP-BTTTT,valid,https://giayphep.abei.gov.vn/
tongkhogame.com,CÔNG TY TNHH ĐẦU TƯ CÔNG NGHỆ RETECH,"GIẤY XÁC NHẬN THÔNG BÁO PHÁT HÀNH TRÒ CHƠI ĐIỆN TỬ G2,G3,G4",2018-06-07,Giấy phép chính thức (ABEI - Bộ TT&TT),146/GXN-PTTH&TTĐT,valid,https://giayphep.abei.gov.vn/
tongmon.playfun.vn,CÔNG TY CỔ PHẦN FUNTAP ,QUYẾT ĐỊNH PHÁT HÀNH TRÒ CHƠI ĐIỆN TỬ G1 TRÊN MẠNG,2026-02-05,Giấy phép chính thức (ABEI - Bộ TT&TT),50/QĐ-PTTH&TTĐT,valid,https://giayphep.abei.gov.vn/
top-10.vn,CÔNG TY CỔ PHẦN LÊ HOÀNG HÀ NỘI,GIẤY PHÉP CUNG CẤP DỊCH VỤ MẠNG XÃ HỘI,2020-10-27,Giấy phép chính thức (ABEI - Bộ TT&TT),472/GP-BTTTT,valid,https://giayphep.abei.gov.vn/
topebox.com,CÔNG TY TNHH GIẢI TRÍ TOPEBOX,"GIẤY XÁC NHẬN THÔNG BÁO PHÁT HÀNH TRÒ CHƠI ĐIỆN TỬ G2,G3,G4",2024-08-14,Giấy phép chính thức (ABEI - Bộ TT&TT),196/GXN-PTTH&TTĐT,valid,https://giayphep.abei.gov.vn/
topebox.vn,CÔNG TY TNHH GIẢI TRÍ TOPEBOX,"GIẤY XÁC NHẬN THÔNG BÁO PHÁT HÀNH TRÒ CHƠI ĐIỆN TỬ G2,G3,G4",2023-08-23,Giấy phép chính thức (ABEI - Bộ TT&TT),134/GXN-PTTH&TTĐT,valid,https://giayphep.abei.gov.vn/
topeleven.vnggames.com,CÔNG TY CỔ PHẦN TẬP ĐOÀN VNG,QUYẾT ĐỊNH PHÁT HÀNH TRÒ CHƠI ĐIỆN TỬ G1 TRÊN MẠNG,2026-01-30,Giấy phép chính thức (ABEI - Bộ TT&TT),35/QĐ-PTTH&TTĐT,valid,https://giayphep.abei.gov.vn/
topenland.vn,CÔNG TY CỔ PHẦN TOPENLAND VIỆT NAM,GIẤY PHÉP CUNG CẤP DỊCH VỤ MẠNG XÃ HỘI,2021-08-30,Giấy phép chính thức (ABEI - Bộ TT&TT),565/GP-BTTTT,valid,https://giayphep.abei.gov.vn/
topheroes.hhgame.vn,CÔNG TY CỔ PHẦN PHÁT TRIỂN CÔNG NGHỆ SỐ HỒNG HÀ,QUYẾT ĐỊNH PHÁT HÀNH TRÒ CHƠI ĐIỆN TỬ G1 TRÊN MẠNG,2024-11-12,Giấy phép chính thức (ABEI - Bộ TT&TT),1963/QĐ-BTTTT,valid,https://giayphep.abei.gov.vn/
toplist.vn,CÔNG TY CỔ PHẦN TOPLIST,GIẤY PHÉP CUNG CẤP DỊCH VỤ MẠNG XÃ HỘI,2019-09-09,Giấy phép chính thức (ABEI - Bộ TT&TT),370/GP-BTTTT,valid,https://giayphep.abei.gov.vn/
topshare.com.vn,CÔNG TY TNHH TRUYỀN THÔNG QUẢNG CÁO CHÂN TRỜI MỚI,GIẤY PHÉP CUNG CẤP DỊCH VỤ MẠNG XÃ HỘI,2023-03-24,Giấy phép chính thức (ABEI - Bộ TT&TT),96/GP-BTTTT,valid,https://giayphep.abei.gov.vn/
topteen.vn,CÔNG TY CỔ PHẦN CÔNG NGHỆ VÀ TRUYỀN THÔNG BIỂN XANH,QUYẾT ĐỊNH PHÁT HÀNH TRÒ CHƠI ĐIỆN TỬ G1 TRÊN MẠNG,2020-04-15,Giấy phép chính thức (ABEI - Bộ TT&TT),574/QĐ-BTTTT,invalid,https://giayphep.abei.gov.vn/
topz.com.vn,CÔNG TY TNHH THƯƠNG MẠI ĐIỆN TỬ SUDO,GIẤY PHÉP CUNG CẤP DỊCH VỤ MẠNG XÃ HỘI,2023-02-15,Giấy phép chính thức (ABEI - Bộ TT&TT),63/GP-BTTTT,valid,https://giayphep.abei.gov.vn/
torchlight.gamota.com,CÔNG TY CỔ PHẦN GAMOTA,QUYẾT ĐỊNH PHÁT HÀNH TRÒ CHƠI ĐIỆN TỬ G1 TRÊN MẠNG,2017-10-02,Giấy phép chính thức (ABEI - Bộ TT&TT),1642/QĐ-BTTTT,valid,https://giayphep.abei.gov.vn/
tos-neverland.vutth.com,CÔNG TY CỔ PHẦN GIẢI TRÍ THIÊN THƯỢNG HỎA,QUYẾT ĐỊNH PHÁT HÀNH TRÒ CHƠI ĐIỆN TỬ G1 TRÊN MẠNG,2024-07-15,Giấy phép chính thức (ABEI - Bộ TT&TT),1170/QĐ-BTTTT,valid,https://giayphep.abei.gov.vn/
totalfootball.vnggames.com,Công ty TNHH VNGGames,QUYẾT ĐỊNH PHÁT HÀNH TRÒ CHƠI ĐIỆN TỬ G1 TRÊN MẠNG,2026-01-22,Giấy phép chính thức (ABEI - Bộ TT&TT),21/QĐ-PTTH&TTĐT,valid,https://giayphep.abei.gov.vn/
touch.kul.vn,CÔNG TY CỔ PHẦN TRỰC TUYẾN CMN VIỆT NAM,QUYẾT ĐỊNH PHÁT HÀNH TRÒ CHƠI ĐIỆN TỬ G1 TRÊN MẠNG,2016-12-30,Giấy phép chính thức (ABEI - Bộ TT&TT),2380/QĐ-BTTTT,valid,https://giayphep.abei.gov.vn/
tpdl.vtcgame.vn,CÔNG TY VTC CÔNG NGHỆ VÀ NỘI DUNG SỐ,"GIẤY XÁC NHẬN THÔNG BÁO PHÁT HÀNH TRÒ CHƠI ĐIỆN TỬ G2,G3,G4",2023-09-15,Giấy phép chính thức (ABEI - Bộ TT&TT),155/GXN-PTTH&TTĐT,valid,https://giayphep.abei.gov.vn/
tptgame.vn,CÔNG TY TNHH TPT ONLINE,QUYẾT ĐỊNH PHÁT HÀNH TRÒ CHƠI ĐIỆN TỬ G1 TRÊN MẠNG,2020-08-10,Giấy phép chính thức (ABEI - Bộ TT&TT),1368/QĐ-BTTTT,valid,https://giayphep.abei.gov.vn/
tqc.esgroup.vn,CÔNG TY CỔ PHẦN ES GAME ,QUYẾT ĐỊNH PHÁT HÀNH TRÒ CHƠI ĐIỆN TỬ G1 TRÊN MẠNG,2026-05-05,Giấy phép chính thức (ABEI - Bộ TT&TT),225 /QĐ-PTTH&TTĐT,valid,https://giayphep.abei.gov.vn/
tqc.hagogame.vn,CÔNG TY CỔ PHẦN JOMBOJOY TECHNOLOGY,QUYẾT ĐỊNH PHÁT HÀNH TRÒ CHƠI ĐIỆN TỬ G1 TRÊN MẠNG,2021-02-05,Giấy phép chính thức (ABEI - Bộ TT&TT),150/QĐ-BTTTT,valid,https://giayphep.abei.gov.vn/
tqlt.gamota.com,CÔNG TY CỔ PHẦN GAMOTA,QUYẾT ĐỊNH PHÁT HÀNH TRÒ CHƠI ĐIỆN TỬ G1 TRÊN MẠNG,2019-01-29,Giấy phép chính thức (ABEI - Bộ TT&TT),112/QĐ-BTTTT,valid,https://giayphep.abei.gov.vn/
tqqh.vn,CÔNG TY CỔ PHẦN PHÁT TRIỂN TRÒ CHƠI VÀ GIẢI PHÁP CÔNG NGHỆ,QUYẾT ĐỊNH PHÁT HÀNH TRÒ CHƠI ĐIỆN TỬ G1 TRÊN MẠNG,2017-07-10,Giấy phép chính thức (ABEI - Bộ TT&TT),1124/QĐ-BTTTT,valid,https://giayphep.abei.gov.vn/
tqth.mgol.vn,CÔNG TY TNHH PHẦN MỀM MGOL,QUYẾT ĐỊNH PHÁT HÀNH TRÒ CHƠI ĐIỆN TỬ G1 TRÊN MẠNG,2026-05-20,Giấy phép chính thức (ABEI - Bộ TT&TT),263/QĐ-PTTH&TTĐT,valid,https://giayphep.abei.gov.vn/
tqtk.slg.vn,CÔNG TY CỔ PHẦN DỊCH VỤ TRỰC TUYẾN VĨNH XUÂN,QUYẾT ĐỊNH PHÁT HÀNH TRÒ CHƠI ĐIỆN TỬ G1 TRÊN MẠNG,2016-11-18,Giấy phép chính thức (ABEI - Bộ TT&TT),2018/QĐ-BTTTT,valid,https://giayphep.abei.gov.vn/
tqtp.vn,CÔNG TY TNHH TRỰC TUYẾN THIÊN HÀ,QUYẾT ĐỊNH PHÁT HÀNH TRÒ CHƠI ĐIỆN TỬ G1 TRÊN MẠNG,2020-09-17,Giấy phép chính thức (ABEI - Bộ TT&TT),1573/QĐ-BTTTT,valid,https://giayphep.abei.gov.vn/
tqts.vnggames.com,CÔNG TY TNHH TRUYỀN THÔNG MINH PHƯƠNG THỊNH,QUYẾT ĐỊNH PHÁT HÀNH TRÒ CHƠI ĐIỆN TỬ G1 TRÊN MẠNG,2025-04-17,Giấy phép chính thức (ABEI - Bộ TT&TT),122/QĐ-PTTH&TTĐT,invalid,https://giayphep.abei.gov.vn/
tqts.vnngames.com,CÔNG TY TNHH TRUYỀN THÔNG MINH PHƯƠNG THỊNH,QUYẾT ĐỊNH PHÁT HÀNH TRÒ CHƠI ĐIỆN TỬ G1 TRÊN MẠNG,2024-03-01,Giấy phép chính thức (ABEI - Bộ TT&TT),243/QĐ-BTTTT,invalid,https://giayphep.abei.gov.vn/
tqvs.vntac.vn,CÔNG TY CỔ PHẦN VIỆT NAM TACTIC,QUYẾT ĐỊNH PHÁT HÀNH TRÒ CHƠI ĐIỆN TỬ G1 TRÊN MẠNG,2020-07-14,Giấy phép chính thức (ABEI - Bộ TT&TT),1192/QĐ-BTTTT,invalid,https://giayphep.abei.gov.vn/
tqywvn.mocgame.vn,Công ty TNHH Trò chơi Mộc,QUYẾT ĐỊNH PHÁT HÀNH TRÒ CHƠI ĐIỆN TỬ G1 TRÊN MẠNG,2026-07-15,Giấy phép chính thức (ABEI - Bộ TT&TT),419/QĐ-PTTH&TTĐT,valid,https://giayphep.abei.gov.vn/
tradenet.vn,CÔNG TY CỔ PHẦN TRADENET VIỆT NAM,GIẤY PHÉP CUNG CẤP DỊCH VỤ MẠNG XÃ HỘI,2017-10-18,Giấy phép chính thức (ABEI - Bộ TT&TT),514/GP-BTTTT,invalid,https://giayphep.abei.gov.vn/
traica.vtcgame.vn,CÔNG TY VTC CÔNG NGHỆ VÀ NỘI DUNG SỐ,"GIẤY XÁC NHẬN THÔNG BÁO PHÁT HÀNH TRÒ CHƠI ĐIỆN TỬ G2,G3,G4",2023-03-31,Giấy phép chính thức (ABEI - Bộ TT&TT),42/GXN-PTTH&TTĐT,valid,https://giayphep.abei.gov.vn/
traihevietnam.vn,TẠP CHÍ QUÊ HƯƠNG,GIẤY PHÉP THIẾT LẬP TRANG THÔNG TIN ĐIỆN TỬ TỔNG HỢP,2016-02-23,Giấy phép chính thức (ABEI - Bộ TT&TT),14/GP-TTĐT,invalid,https://giayphep.abei.gov.vn/
tramhondaichien.vn,CÔNG TY CỔ PHẦN TRỰC TUYẾN DUO,QUYẾT ĐỊNH PHÁT HÀNH TRÒ CHƠI ĐIỆN TỬ G1 TRÊN MẠNG,2024-03-26,Giấy phép chính thức (ABEI - Bộ TT&TT),386/QĐ-BTTTT,valid,https://giayphep.abei.gov.vn/
tramhondaomobile.vn,CÔNG TY CỔ PHẦN TRỰC TUYẾN DUO,QUYẾT ĐỊNH PHÁT HÀNH TRÒ CHƠI ĐIỆN TỬ G1 TRÊN MẠNG,2023-08-31,Giấy phép chính thức (ABEI - Bộ TT&TT),1694/QĐ-BTTTT,invalid,https://giayphep.abei.gov.vn/
tramtienquyet.vn,CÔNG TY CỔ PHẦN VTC DỊCH VỤ DI ĐỘNG,QUYẾT ĐỊNH PHÁT HÀNH TRÒ CHƠI ĐIỆN TỬ G1 TRÊN MẠNG,2026-04-02,Giấy phép chính thức (ABEI - Bộ TT&TT),170/QĐ-PTTH&TTĐT,valid,https://giayphep.abei.gov.vn/
tranchiencuoicung.playfun.vn,CÔNG TY CỔ PHẦN FUNTAP,QUYẾT ĐỊNH PHÁT HÀNH TRÒ CHƠI ĐIỆN TỬ G1 TRÊN MẠNG,2020-06-17,Giấy phép chính thức (ABEI - Bộ TT&TT),1021/QĐ-BTTTT,valid,https://giayphep.abei.gov.vn/
trangco.vn,CÔNG TY CỔ PHẦN INET,GIẤY PHÉP CUNG CẤP DỊCH VỤ MẠNG XÃ HỘI,2017-02-10,Giấy phép chính thức (ABEI - Bộ TT&TT),58/GP-BTTTT,valid,https://giayphep.abei.gov.vn/
tranma.gamota.com,CÔNG TY CỔ PHẦN GAMOTA,QUYẾT ĐỊNH PHÁT HÀNH TRÒ CHƠI ĐIỆN TỬ G1 TRÊN MẠNG,2022-01-25,Giấy phép chính thức (ABEI - Bộ TT&TT),118/QĐ-BTTTT,valid,https://giayphep.abei.gov.vn/
tranma.playfun.vn,CÔNG TY CỔ PHẦN FUNTAP,QUYẾT ĐỊNH PHÁT HÀNH TRÒ CHƠI ĐIỆN TỬ G1 TRÊN MẠNG,2025-01-21,Giấy phép chính thức (ABEI - Bộ TT&TT),85 /QĐ-BTTTT,valid,https://giayphep.abei.gov.vn/
tranmatruyen.vn,CÔNG TY CỔ PHẦN VISION GAME,QUYẾT ĐỊNH PHÁT HÀNH TRÒ CHƠI ĐIỆN TỬ G1 TRÊN MẠNG,2025-08-07,Giấy phép chính thức (ABEI - Bộ TT&TT),352/QĐ-PTTH&TTĐT,valid,https://giayphep.abei.gov.vn/
transferd.vn,CÔNG TY CỔ PHẦN DIGI INVEST,GIẤY PHÉP CUNG CẤP DỊCH VỤ MẠNG XÃ HỘI,2026-05-12,Giấy phép chính thức (ABEI - Bộ TT&TT),56/GP-BVHTTDL,valid,https://giayphep.abei.gov.vn/
travellet.vn,CÔNG TY CỔ PHẦN TRAVELLET VIỆT NAM,QUYẾT ĐỊNH PHÁT HÀNH TRÒ CHƠI ĐIỆN TỬ G1 TRÊN MẠNG,2023-03-31,Giấy phép chính thức (ABEI - Bộ TT&TT),501/QĐ-BTTTT,valid,https://giayphep.abei.gov.vn/
travelmag.vn,TẠP CHÍ VIETNAM TRAVELLER,GIẤY PHÉP CUNG CẤP DỊCH VỤ MẠNG XÃ HỘI,2020-04-29,Giấy phép chính thức (ABEI - Bộ TT&TT),183/GP-BTTTT,valid,https://giayphep.abei.gov.vn/
travelsig.vn,CÔNG TY TNHH QUẢNG CÁO 199SIG,GIẤY PHÉP CUNG CẤP DỊCH VỤ MẠNG XÃ HỘI,2023-10-17,Giấy phép chính thức (ABEI - Bộ TT&TT),386/GP-BTTTT,valid,https://giayphep.abei.gov.vn/
travinhtv.vn,ĐÀI PHÁT THANH - TRUYỀN HÌNH TRÀ VINH,GIẤY PHÉP THIẾT LẬP TRANG THÔNG TIN ĐIỆN TỬ TỔNG HỢP,2018-03-14,Giấy phép chính thức (ABEI - Bộ TT&TT),52/GP-TTĐT,invalid,https://giayphep.abei.gov.vn/
treasurehunter.mobi,CÔNG TY TNHH MEGA COMBAТ ,QUYẾT ĐỊNH PHÁT HÀNH TRÒ CHƠI ĐIỆN TỬ G1 TRÊN MẠNG,2026-06-29,Giấy phép chính thức (ABEI - Bộ TT&TT),377/QĐ-PTTH&TTĐT,valid,https://giayphep.abei.gov.vn/
treem.go.vn,CỤC TRẺ EM,GIẤY PHÉP THIẾT LẬP TRANG THÔNG TIN ĐIỆN TỬ TỔNG HỢP,2018-01-17,Giấy phép chính thức (ABEI - Bộ TT&TT),17/GP-TTĐT,invalid,https://giayphep.abei.gov.vn/
treemviet.vn,HỘI BẢO VỆ QUYỀN TRẺ EM VIỆT NAM,GIẤY PHÉP THIẾT LẬP TRANG THÔNG TIN ĐIỆN TỬ TỔNG HỢP,2019-11-15,Giấy phép chính thức (ABEI - Bộ TT&TT),221/GP-TTĐT,invalid,https://giayphep.abei.gov.vn/
trelangkienviet.com.vn,CÔNG TY CỔ PHẦN TƯ VẤN THIẾT KẾ TRUYỀN THÔNG HƯNG GIA,GIẤY PHÉP CUNG CẤP DỊCH VỤ MẠNG XÃ HỘI,2017-10-11,Giấy phép chính thức (ABEI - Bộ TT&TT),499/GP-BTTTT,valid,https://giayphep.abei.gov.vn/
trelangkienviet.net,CÔNG TY CỔ PHẦN TƯ VẤN THIẾT KẾ TRUYỀN THÔNG HƯNG GIA,GIẤY PHÉP CUNG CẤP DỊCH VỤ MẠNG XÃ HỘI,2017-10-11,Giấy phép chính thức (ABEI - Bộ TT&TT),499/GP-BTTTT,valid,https://giayphep.abei.gov.vn/
trendsvietnam.vn,CÔNG TY CỔ PHẦN THIÊN TÀI VIỆT NAM,GIẤY PHÉP CUNG CẤP DỊCH VỤ MẠNG XÃ HỘI,2019-11-12,Giấy phép chính thức (ABEI - Bộ TT&TT),494/GP-BTTTT,valid,https://giayphep.abei.gov.vn/
trieuhoisuafk.vn,CÔNG TY TNHH SOHA,QUYẾT ĐỊNH PHÁT HÀNH TRÒ CHƠI ĐIỆN TỬ G1 TRÊN MẠNG,2022-09-30,Giấy phép chính thức (ABEI - Bộ TT&TT),1824/QĐ-BTTTT,valid,https://giayphep.abei.gov.vn/
trinhtamquoc.playfun.vn,CÔNG TY CỔ PHẦN FUNTAP,QUYẾT ĐỊNH PHÁT HÀNH TRÒ CHƠI ĐIỆN TỬ G1 TRÊN MẠNG,2025-10-16,Giấy phép chính thức (ABEI - Bộ TT&TT),454/QĐ-PTTH&TTĐT,valid,https://giayphep.abei.gov.vn/
trip.vn,CÔNG TY CỔ PHẦN GIẢI PHÁP CÔNG NGHỆ ZOOM VIỆT NAM,GIẤY PHÉP CUNG CẤP DỊCH VỤ MẠNG XÃ HỘI,2021-01-11,Giấy phép chính thức (ABEI - Bộ TT&TT),22/GP-BTTTT,valid,https://giayphep.abei.gov.vn/
triptrip.vn,CÔNG TY TNHH SIMPLE SHARING,GIẤY PHÉP CUNG CẤP DỊCH VỤ MẠNG XÃ HỘI,2019-05-28,Giấy phép chính thức (ABEI - Bộ TT&TT),205 /GP-BTTTT,valid,https://giayphep.abei.gov.vn/
trithuccongluan.com.vn,TẠP CHÍ KHOA HỌC VÀ KỸ THUẬT HẢI PHÒNG,GIẤY PHÉP THIẾT LẬP TRANG THÔNG TIN ĐIỆN TỬ TỔNG HỢP,2015-12-29,Giấy phép chính thức (ABEI - Bộ TT&TT),180/GP-TTĐT,invalid,https://giayphep.abei.gov.vn/
trithucvaphattrien.vn,TẠP CHÍ TRI THỨC VÀ PHÁT TRIỂN,GIẤY PHÉP THIẾT LẬP TRANG THÔNG TIN ĐIỆN TỬ TỔNG HỢP,2013-11-14,Giấy phép chính thức (ABEI - Bộ TT&TT),141/GP-TTĐT,invalid,https://giayphep.abei.gov.vn/
triviet.firstnews.com.vn,CÔNG TY TNHH VĂN HOÁ - SÁNG TẠO TRÍ VIỆT,GIẤY PHÉP CUNG CẤP DỊCH VỤ MẠNG XÃ HỘI,2019-06-07,Giấy phép chính thức (ABEI - Bộ TT&TT),232/GP-BTTTT,valid,https://giayphep.abei.gov.vn/
triviet24h.vn,"TẠP CHÍ DOANH NGHIỆP, DOANH NHÂN VÀ THƯƠNG HIỆU",GIẤY PHÉP THIẾT LẬP TRANG THÔNG TIN ĐIỆN TỬ TỔNG HỢP,2013-07-23,Giấy phép chính thức (ABEI - Bộ TT&TT),101/GP-TTĐT,invalid,https://giayphep.abei.gov.vn/
trochoisinhten.vn,CÔNG TY TNHH DỊCH VỤ PHẦN MỀM THIÊN BÌNH,QUYẾT ĐỊNH PHÁT HÀNH TRÒ CHƠI ĐIỆN TỬ G1 TRÊN MẠNG,2022-05-04,Giấy phép chính thức (ABEI - Bộ TT&TT),826/QĐ-BTTTT,valid,https://giayphep.abei.gov.vn/
trochoisinhton.vn,CÔNG TY TNHH DỊCH VỤ PHẦN MỀM THIÊN BÌNH,QUYẾT ĐỊNH PHÁT HÀNH TRÒ CHƠI ĐIỆN TỬ G1 TRÊN MẠNG,2026-05-07,Giấy phép chính thức (ABEI - Bộ TT&TT),237/QĐ-PTTH&TTĐT,valid,https://giayphep.abei.gov.vn/
trochoiviet.vn,CÔNG TY TNHH GAME VIỆT,QUYẾT ĐỊNH PHÁT HÀNH TRÒ CHƠI ĐIỆN TỬ G1 TRÊN MẠNG,2025-02-25,Giấy phép chính thức (ABEI - Bộ TT&TT),60/QĐ-PTTH&TTĐT,valid,https://giayphep.abei.gov.vn/
trollxe.vn,CÔNG TY CỔ PHẦN TRUYỀN THÔNG VÀ GIẢI TRÍ HAHAHA,GIẤY PHÉP CUNG CẤP DỊCH VỤ MẠNG XÃ HỘI,2023-06-09,Giấy phép chính thức (ABEI - Bộ TT&TT),205/GP-BTTTT,valid,https://giayphep.abei.gov.vn/
trt.com.vn,ĐÀI PHÁT THANH - TRUYỀN HÌNH THỪA THIÊN HUẾ,GIẤY PHÉP THIẾT LẬP TRANG THÔNG TIN ĐIỆN TỬ TỔNG HỢP,2015-03-30,Giấy phép chính thức (ABEI - Bộ TT&TT),23/GP-TTĐT,invalid,https://giayphep.abei.gov.vn/
trt.vn,ĐÀI PHÁT THANH - TRUYỀN HÌNH THỪA THIÊN HUẾ,GIẤY PHÉP THIẾT LẬP TRANG THÔNG TIN ĐIỆN TỬ TỔNG HỢP,2015-03-30,Giấy phép chính thức (ABEI - Bộ TT&TT),23/GP-TTĐT,invalid,https://giayphep.abei.gov.vn/
truongcanbothanhtra.gov.vn,THANH TRA CHÍNH PHỦ,GIẤY PHÉP THIẾT LẬP TRANG THÔNG TIN ĐIỆN TỬ TỔNG HỢP,2025-12-22,Giấy phép chính thức (ABEI - Bộ TT&TT),220/GP-TTĐT,valid,https://giayphep.abei.gov.vn/
truongcbdt.edu.vn,TRƯỜNG CÁN BỘ DÂN TỘC,GIẤY PHÉP THIẾT LẬP TRANG THÔNG TIN ĐIỆN TỬ TỔNG HỢP,2015-11-11,Giấy phép chính thức (ABEI - Bộ TT&TT),157/GP-TTĐT,valid,https://giayphep.abei.gov.vn/
truongchinhtri-vp.gov.vn,TRƯỜNG CHÍNH TRỊ TỈNH VĨNH PHÚC,GIẤY PHÉP THIẾT LẬP TRANG THÔNG TIN ĐIỆN TỬ TỔNG HỢP,2013-06-24,Giấy phép chính thức (ABEI - Bộ TT&TT),83/GP-TTĐT,invalid,https://giayphep.abei.gov.vn/
truonghaiquan.edu.vn,TRƯỜNG HẢI QUAN VIỆT NAM,GIẤY PHÉP THIẾT LẬP TRANG THÔNG TIN ĐIỆN TỬ TỔNG HỢP,2017-05-15,Giấy phép chính thức (ABEI - Bộ TT&TT),146/GPSĐBS-TTĐT,invalid,https://giayphep.abei.gov.vn/
truonghocsoquocgia.vn,TỔNG CÔNG TY VIỄN THÔNG MOBIFONE,GIẤY PHÉP CUNG CẤP DỊCH VỤ MẠNG XÃ HỘI,2026-02-25,Giấy phép chính thức (ABEI - Bộ TT&TT),25/GP-BVHTTDL,valid,https://giayphep.abei.gov.vn/
truongsinhkiem.playfun.vn,CÔNG TY CỔ PHẦN FUNTAP,QUYẾT ĐỊNH PHÁT HÀNH TRÒ CHƠI ĐIỆN TỬ G1 TRÊN MẠNG,2020-09-04,Giấy phép chính thức (ABEI - Bộ TT&TT),1511/QĐ-BTTTT,invalid,https://giayphep.abei.gov.vn/
trutien.gosu.vn,CÔNG TY CỔ PHẦN TRỰC TUYẾN GOSU,QUYẾT ĐỊNH PHÁT HÀNH TRÒ CHƠI ĐIỆN TỬ G1 TRÊN MẠNG,2020-03-26,Giấy phép chính thức (ABEI - Bộ TT&TT),427/QĐ-BTTTT,invalid,https://giayphep.abei.gov.vn/
trutienkiem.vn,CÔNG TY CỔ PHẦN VTC DỊCH VỤ DI ĐỘNG,QUYẾT ĐỊNH PHÁT HÀNH TRÒ CHƠI ĐIỆN TỬ G1 TRÊN MẠNG,2017-08-09,Giấy phép chính thức (ABEI - Bộ TT&TT),1310/QĐ-BTTTT,invalid,https://giayphep.abei.gov.vn/
trutienkiemvu.sohagame.vn,CÔNG TY TNHH SOHA,QUYẾT ĐỊNH PHÁT HÀNH TRÒ CHƠI ĐIỆN TỬ G1 TRÊN MẠNG,2025-09-04,Giấy phép chính thức (ABEI - Bộ TT&TT),377/QĐ-PTTH&TTĐT,valid,https://giayphep.abei.gov.vn/
trutienquyet.intelligencessaigon.vn,CÔNG TY TNHH MOBILE INTELLIGENCE SAIGON,QUYẾT ĐỊNH PHÁT HÀNH TRÒ CHƠI ĐIỆN TỬ G1 TRÊN MẠNG,2024-05-13,Giấy phép chính thức (ABEI - Bộ TT&TT),767/QĐ-BTTTT,valid,https://giayphep.abei.gov.vn/
truvuongct.vn,CÔNG TY CỔ PHẦN CÔNG NGHỆ MOBI-GAME,QUYẾT ĐỊNH PHÁT HÀNH TRÒ CHƠI ĐIỆN TỬ G1 TRÊN MẠNG,2020-08-18,Giấy phép chính thức (ABEI - Bộ TT&TT),1407/QĐ-BTTTT,valid,https://giayphep.abei.gov.vn/
truyenhinh.gov.vn,"TRUNG TÂM ĐO KIỂM VÀ DỊCH VỤ PHÁT THANH, TRUYỀN HÌNH VÀ THÔNG TIN ĐIỆN TỬ",GIẤY PHÉP THIẾT LẬP TRANG THÔNG TIN ĐIỆN TỬ TỔNG HỢP,2015-06-18,Giấy phép chính thức (ABEI - Bộ TT&TT),77/GP-TTĐT,invalid,https://giayphep.abei.gov.vn/
truyenhinhcand.com.vn,"TRUNG TÂM PHÁT THANH, TRUYỀN HÌNH, ĐIỆN ẢNH CÔNG AN NHÂN DÂN",GIẤY PHÉP THIẾT LẬP TRANG THÔNG TIN ĐIỆN TỬ TỔNG HỢP,2013-05-17,Giấy phép chính thức (ABEI - Bộ TT&TT),67/GP-TTĐT,invalid,https://giayphep.abei.gov.vn/
truyenhinhcongan.com.vn,"TRUNG TÂM PHÁT THANH, TRUYỀN HÌNH, ĐIỆN ẢNH CÔNG AN NHÂN DÂN",GIẤY PHÉP THIẾT LẬP TRANG THÔNG TIN ĐIỆN TỬ TỔNG HỢP,2013-05-17,Giấy phép chính thức (ABEI - Bộ TT&TT),67/GP-TTĐT,invalid,https://giayphep.abei.gov.vn/
truyenhinhcongan.vn,"TRUNG TÂM PHÁT THANH, TRUYỀN HÌNH, ĐIỆN ẢNH CÔNG AN NHÂN DÂN",GIẤY PHÉP THIẾT LẬP TRANG THÔNG TIN ĐIỆN TỬ TỔNG HỢP,2013-05-17,Giấy phép chính thức (ABEI - Bộ TT&TT),67/GP-TTĐT,invalid,https://giayphep.abei.gov.vn/
truyenhinhdaknong.vn,ĐÀI PHÁT THANH VÀ TRUYỀN HÌNH ĐẮK NÔNG,GIẤY PHÉP THIẾT LẬP TRANG THÔNG TIN ĐIỆN TỬ TỔNG HỢP,2020-06-26,Giấy phép chính thức (ABEI - Bộ TT&TT),99/GP-TTĐT,invalid,https://giayphep.abei.gov.vn/
truyenhinhdulich.vn,KÊNH TRUYỀN HÌNH VĂN HÓA - DU LỊCH,GIẤY PHÉP THIẾT LẬP TRANG THÔNG TIN ĐIỆN TỬ TỔNG HỢP,2020-01-22,Giấy phép chính thức (ABEI - Bộ TT&TT),09/GP-TTĐT,invalid,https://giayphep.abei.gov.vn/
truyenhinhlongan.com.vn,ĐÀI PHÁT THANH VÀ TRUYỀN HÌNH LONG AN,GIẤY PHÉP THIẾT LẬP TRANG THÔNG TIN ĐIỆN TỬ TỔNG HỢP,2016-05-11,Giấy phép chính thức (ABEI - Bộ TT&TT),47/GP-TTĐT,valid,https://giayphep.abei.gov.vn/
truyenhinhnghean.vn,ĐÀI PHÁT THANH VÀ TRUYỀN HÌNH NGHỆ AN,GIẤY PHÉP THIẾT LẬP TRANG THÔNG TIN ĐIỆN TỬ TỔNG HỢP,2020-10-23,Giấy phép chính thức (ABEI - Bộ TT&TT),195/GP-TTĐT,valid,https://giayphep.abei.gov.vn/
truyenhinhthanhhoa.vn,ĐÀI PHÁT THANH VÀ TRUYỀN HÌNH THANH HÓA,GIẤY PHÉP THIẾT LẬP TRANG THÔNG TIN ĐIỆN TỬ TỔNG HỢP,2022-10-27,Giấy phép chính thức (ABEI - Bộ TT&TT),139/GP-TTĐT,valid,https://giayphep.abei.gov.vn/
truyenhinhtravinh.vn,ĐÀI PHÁT THANH - TRUYỀN HÌNH TRÀ VINH,GIẤY PHÉP THIẾT LẬP TRANG THÔNG TIN ĐIỆN TỬ TỔNG HỢP,2018-03-14,Giấy phép chính thức (ABEI - Bộ TT&TT),52/GP-TTĐT,invalid,https://giayphep.abei.gov.vn/
truyenhinhvov.vn,KÊNH TRUYỀN HÌNH VĂN HÓA - DU LỊCH,GIẤY PHÉP THIẾT LẬP TRANG THÔNG TIN ĐIỆN TỬ TỔNG HỢP,2020-01-22,Giấy phép chính thức (ABEI - Bộ TT&TT),09/GP-TTĐT,invalid,https://giayphep.abei.gov.vn/
truyenkytaikhoi.vn,Công ty TNHH Công nghệ DanaGame,QUYẾT ĐỊNH PHÁT HÀNH TRÒ CHƠI ĐIỆN TỬ G1 TRÊN MẠNG,2025-09-25,Giấy phép chính thức (ABEI - Bộ TT&TT),414 /QĐ-PTTH&TTĐT,valid,https://giayphep.abei.gov.vn/
truyenthong14.vn,CÔNG TY TNHH TRUYỀN THÔNG 14,GIẤY PHÉP CUNG CẤP DỊCH VỤ MẠNG XÃ HỘI,2020-12-23,Giấy phép chính thức (ABEI - Bộ TT&TT),618/GP-BTTTT,valid,https://giayphep.abei.gov.vn/
truyenthongg8.vn,CÔNG TY CỔ PHẦN TẬP ĐOÀN TRUYỀN THÔNG G8,GIẤY PHÉP CUNG CẤP DỊCH VỤ MẠNG XÃ HỘI,2020-04-20,Giấy phép chính thức (ABEI - Bộ TT&TT),162/GP-BTTTT,valid,https://giayphep.abei.gov.vn/
truyenthongplus.vn,CÔNG TY TNHH TƯ VẤN VÀ TRUYỀN THÔNG MHH,GIẤY PHÉP CUNG CẤP DỊCH VỤ MẠNG XÃ HỘI,2021-06-10,Giấy phép chính thức (ABEI - Bộ TT&TT),346/GP-BTTTT,valid,https://giayphep.abei.gov.vn/
truyenthongvnn.vn,CÔNG TY TNHH TIN TỨC TRUYỀN THÔNG VNN,GIẤY PHÉP CUNG CẤP DỊCH VỤ MẠNG XÃ HỘI,2021-10-20,Giấy phép chính thức (ABEI - Bộ TT&TT),680/GP-BTTTT,valid,https://giayphep.abei.gov.vn/
truyenthuyetthanhthu.vn,CÔNG TY CỔ PHẦN TRỰC TUYẾN CMN VIỆT NAM,QUYẾT ĐỊNH PHÁT HÀNH TRÒ CHƠI ĐIỆN TỬ G1 TRÊN MẠNG,2022-06-10,Giấy phép chính thức (ABEI - Bộ TT&TT),1066/QĐ-BTTTT,valid,https://giayphep.abei.gov.vn/
truyenthuyetvr.vn,CÔNG TY CỔ PHẦN TRỰC TUYẾN CMN VIỆT NAM,QUYẾT ĐỊNH PHÁT HÀNH TRÒ CHƠI ĐIỆN TỬ G1 TRÊN MẠNG,2019-08-12,Giấy phép chính thức (ABEI - Bộ TT&TT),1237/QĐ-BTTTT,valid,https://giayphep.abei.gov.vn/
truyenweb.vn,CÔNG TY CỔ PHẦN TRUYỀN THÔNG IMBEE,GIẤY PHÉP CUNG CẤP DỊCH VỤ MẠNG XÃ HỘI,2019-07-19,Giấy phép chính thức (ABEI - Bộ TT&TT),292/GP-BTTTT,invalid,https://giayphep.abei.gov.vn/
truykich.vn,CÔNG TY CỔ PHẦN VTC DỊCH VỤ DI ĐỘNG,QUYẾT ĐỊNH PHÁT HÀNH TRÒ CHƠI ĐIỆN TỬ G1 TRÊN MẠNG,2017-05-30,Giấy phép chính thức (ABEI - Bộ TT&TT),821/QĐ-BTTTT,invalid,https://giayphep.abei.gov.vn/
truykichmobile.vn,CÔNG TY CỔ PHẦN VTC DỊCH VỤ DI ĐỘNG,QUYẾT ĐỊNH PHÁT HÀNH TRÒ CHƠI ĐIỆN TỬ G1 TRÊN MẠNG,2017-05-30,Giấy phép chính thức (ABEI - Bộ TT&TT),821/QĐ-BTTTT,invalid,https://giayphep.abei.gov.vn/
truykichpc.vn,CÔNG TY CỔ PHẦN VTC DỊCH VỤ DI ĐỘNG,QUYẾT ĐỊNH PHÁT HÀNH TRÒ CHƠI ĐIỆN TỬ G1 TRÊN MẠNG,2023-05-15,Giấy phép chính thức (ABEI - Bộ TT&TT),837/QĐ-BTTTT,invalid,https://giayphep.abei.gov.vn/
ts.360game.vn,CÔNG TY TNHH TRUYỀN THÔNG MINH PHƯƠNG THỊNH,QUYẾT ĐỊNH PHÁT HÀNH TRÒ CHƠI ĐIỆN TỬ G1 TRÊN MẠNG,2016-06-10,Giấy phép chính thức (ABEI - Bộ TT&TT),1014/QĐ-BTTTT,valid,https://giayphep.abei.gov.vn/
ts.dzogame.vn,CÔNG TY TNHH CHÂU Á MỀM,QUYẾT ĐỊNH PHÁT HÀNH TRÒ CHƠI ĐIỆN TỬ G1 TRÊN MẠNG,2019-07-30,Giấy phép chính thức (ABEI - Bộ TT&TT),1148/QĐ-BTTTT,valid,https://giayphep.abei.gov.vn/
ts.vtczone.vn,CÔNG TY CỔ PHẦN VTC DỊCH VỤ DI ĐỘNG,QUYẾT ĐỊNH PHÁT HÀNH TRÒ CHƠI ĐIỆN TỬ G1 TRÊN MẠNG,2026-05-14,Giấy phép chính thức (ABEI - Bộ TT&TT),241/QĐ-PTTH&TTĐT,valid,https://giayphep.abei.gov.vn/
ts3.kksoft.vn,CÔNG TY TNHH PHẦN MỀM KKSOFT ,QUYẾT ĐỊNH PHÁT HÀNH TRÒ CHƠI ĐIỆN TỬ G1 TRÊN MẠNG,2026-03-31,Giấy phép chính thức (ABEI - Bộ TT&TT),157/QĐ-PTTH&TTĐT,valid,https://giayphep.abei.gov.vn/
ts3d.1618play.vn,CÔNG TY TNHH 1618PLAY,QUYẾT ĐỊNH PHÁT HÀNH TRÒ CHƠI ĐIỆN TỬ G1 TRÊN MẠNG,2019-10-27,Giấy phép chính thức (ABEI - Bộ TT&TT),1776/QĐ-BTTTT,valid,https://giayphep.abei.gov.vn/
tsq.talktv.vn,CÔNG TY CỔ PHẦN VNG,QUYẾT ĐỊNH PHÁT HÀNH TRÒ CHƠI ĐIỆN TỬ G1 TRÊN MẠNG,2018-05-18,Giấy phép chính thức (ABEI - Bộ TT&TT),761/QĐ-BTTTT,invalid,https://giayphep.abei.gov.vn/
tsqdigioi.gamota.com,CÔNG TY CỔ PHẦN GAMOTA ,QUYẾT ĐỊNH PHÁT HÀNH TRÒ CHƠI ĐIỆN TỬ G1 TRÊN MẠNG,2025-01-30,Giấy phép chính thức (ABEI - Bộ TT&TT),33/QĐ-PTTH&TTĐT,valid,https://giayphep.abei.gov.vn/
tstt.vtcgame.vn,CÔNG TY VTC CÔNG NGHỆ VÀ NỘI DUNG SỐ,QUYẾT ĐỊNH PHÁT HÀNH TRÒ CHƠI ĐIỆN TỬ G1 TRÊN MẠNG,2019-11-19,Giấy phép chính thức (ABEI - Bộ TT&TT),1967 /QĐ-BTTTT,invalid,https://giayphep.abei.gov.vn/
tsttmobile.vn,CÔNG TY TNHH SOHA,QUYẾT ĐỊNH PHÁT HÀNH TRÒ CHƠI ĐIỆN TỬ G1 TRÊN MẠNG,2018-11-19,Giấy phép chính thức (ABEI - Bộ TT&TT),1926/QĐ-BTTTT,invalid,https://giayphep.abei.gov.vn/
tsvh.mgol.vn,CÔNG TY TNHH PHẦN MỀM MGOL ,QUYẾT ĐỊNH PHÁT HÀNH TRÒ CHƠI ĐIỆN TỬ G1 TRÊN MẠNG,2026-07-03,Giấy phép chính thức (ABEI - Bộ TT&TT),386/QĐ-PTTH&TTĐT,valid,https://giayphep.abei.gov.vn/
tt.360game.vn,CÔNG TY CỔ PHẦN VNG,QUYẾT ĐỊNH PHÁT HÀNH TRÒ CHƠI ĐIỆN TỬ G1 TRÊN MẠNG,2016-04-29,Giấy phép chính thức (ABEI - Bộ TT&TT),684/QĐ-BTTTT,invalid,https://giayphep.abei.gov.vn/
ttd.zing.vn,CÔNG TY TNHH TRUYỀN THÔNG MINH PHƯƠNG THỊNH,QUYẾT ĐỊNH PHÁT HÀNH TRÒ CHƠI ĐIỆN TỬ G1 TRÊN MẠNG,2020-04-15,Giấy phép chính thức (ABEI - Bộ TT&TT),543 /QĐ-BTTTT,valid,https://giayphep.abei.gov.vn/
ttdc.skw.vn,CÔNG TY CỔ PHẦN SKYWAY ,QUYẾT ĐỊNH PHÁT HÀNH TRÒ CHƠI ĐIỆN TỬ G1 TRÊN MẠNG,2026-02-13,Giấy phép chính thức (ABEI - Bộ TT&TT),99/QĐ-PTTH&TTĐT,valid,https://giayphep.abei.gov.vn/
ttdn.vn,BAN CHỈ ĐẠO CÔNG TÁC THÔNG TIN ĐỐI NGOẠI,GIẤY PHÉP THIẾT LẬP TRANG THÔNG TIN ĐIỆN TỬ TỔNG HỢP,2020-12-24,Giấy phép chính thức (ABEI - Bộ TT&TT),243/GP-TTĐT,valid,https://giayphep.abei.gov.vn/
tthplayer.com%2fhsjg,CÔNG TY CỔ PHẦN GIÁI TRÍ THIÊN THƯỢNG HỎA,QUYẾT ĐỊNH PHÁT HÀNH TRÒ CHƠI ĐIỆN TỬ G1 TRÊN MẠNG,2024-12-10,Giấy phép chính thức (ABEI - Bộ TT&TT),2171/QĐ-BTTTT,valid,https://giayphep.abei.gov.vn/
ttiq.goodgame.vn,CÔNG TY TNHH DROID VIỆT NAM,QUYẾT ĐỊNH PHÁT HÀNH TRÒ CHƠI ĐIỆN TỬ G1 TRÊN MẠNG,2023-09-20,Giấy phép chính thức (ABEI - Bộ TT&TT),1816/QĐ-BTTTT,valid,https://giayphep.abei.gov.vn/
ttk.360game.vn,CÔNG TY TNHH NỘI DUNG SỐ NGUYÊN BẢO,QUYẾT ĐỊNH PHÁT HÀNH TRÒ CHƠI ĐIỆN TỬ G1 TRÊN MẠNG,2017-08-30,Giấy phép chính thức (ABEI - Bộ TT&TT),1437/QĐ-BTTTT,valid,https://giayphep.abei.gov.vn/
ttk.vnggames.com,CÔNG TY TNHH TRUYỀN THÔNG MINH PHƯƠNG THỊNH,QUYẾT ĐỊNH PHÁT HÀNH TRÒ CHƠI ĐIỆN TỬ G1 TRÊN MẠNG,2024-12-23,Giấy phép chính thức (ABEI - Bộ TT&TT),2253 /QĐ-BTTTT,invalid,https://giayphep.abei.gov.vn/
ttkb.vn,CÔNG TY CỔ PHẦN CÔNG NGHỆ NEWWIND VIỆT NAM,"GIẤY XÁC NHẬN THÔNG BÁO PHÁT HÀNH TRÒ CHƠI ĐIỆN TỬ G2,G3,G4",2020-11-19,Giấy phép chính thức (ABEI - Bộ TT&TT),217/GXN-PTTH&TTĐT,valid,https://giayphep.abei.gov.vn/
ttl3d.zing.vn,CÔNG TY CỔ PHẦN TẬP ĐOÀN VNG - ,QUYẾT ĐỊNH PHÁT HÀNH TRÒ CHƠI ĐIỆN TỬ G1 TRÊN MẠNG,2026-01-15,Giấy phép chính thức (ABEI - Bộ TT&TT),17/QĐ-PTTH&TTĐT,valid,https://giayphep.abei.gov.vn/
ttlc.mgol.vn,CÔNG TY TNHH PHẦN MỀM MGOL,QUYẾT ĐỊNH PHÁT HÀNH TRÒ CHƠI ĐIỆN TỬ G1 TRÊN MẠNG,2025-02-25,Giấy phép chính thức (ABEI - Bộ TT&TT),59/QĐ-PTTH&TTĐT,valid,https://giayphep.abei.gov.vn/
ttlm.zing.vn,CÔNG TY CỔ PHẦN TẬP ĐOÀN VNG,QUYẾT ĐỊNH PHÁT HÀNH TRÒ CHƠI ĐIỆN TỬ G1 TRÊN MẠNG,2026-02-10,Giấy phép chính thức (ABEI - Bộ TT&TT),64/QĐ-PTTH&TTĐT,valid,https://giayphep.abei.gov.vn/
ttn.zing.vn,CÔNG TY CỔ PHẦN TẬP ĐOÀN VNG,QUYẾT ĐỊNH PHÁT HÀNH TRÒ CHƠI ĐIỆN TỬ G1 TRÊN MẠNG,2020-06-26,Giấy phép chính thức (ABEI - Bộ TT&TT),1067 QĐ-BTTTT,valid,https://giayphep.abei.gov.vn/
ttpl.vn,CÔNG TY TNHH LEGALZONE,GIẤY PHÉP CUNG CẤP DỊCH VỤ MẠNG XÃ HỘI,2022-11-07,Giấy phép chính thức (ABEI - Bộ TT&TT),528/GP-BTTTT,valid,https://giayphep.abei.gov.vn/
ttqc.thienthuonghoa.com,CÔNG TY CỔ PHẦN GIẢI TRÍ THIÊN THƯỢNG HỎA,QUYẾT ĐỊNH PHÁT HÀNH TRÒ CHƠI ĐIỆN TỬ G1 TRÊN MẠNG,2021-08-30,Giấy phép chính thức (ABEI - Bộ TT&TT),1323/QĐ-BTTTT,valid,https://giayphep.abei.gov.vn/
tts.2game.vn,CÔNG TY CỔ PHẦN WETAPS,QUYẾT ĐỊNH PHÁT HÀNH TRÒ CHƠI ĐIỆN TỬ G1 TRÊN MẠNG,2020-09-18,Giấy phép chính thức (ABEI - Bộ TT&TT),1594/QĐ-BTTTT,valid,https://giayphep.abei.gov.vn/
ttt.danang.gov.vn,SỞ THÔNG TIN VÀ TRUYỀN THÔNG THÀNH PHỐ ĐÀ NẴNG,GIẤY PHÉP THIẾT LẬP TRANG THÔNG TIN ĐIỆN TỬ TỔNG HỢP,2017-01-17,Giấy phép chính thức (ABEI - Bộ TT&TT),37/GP-BTTTT,valid,https://giayphep.abei.gov.vn/
tttq360game.vn,CÔNG TY TNHH NỘI DUNG SỐ NGUYÊN BẢO,QUYẾT ĐỊNH PHÁT HÀNH TRÒ CHƠI ĐIỆN TỬ G1 TRÊN MẠNG,2016-06-14,Giấy phép chính thức (ABEI - Bộ TT&TT),1030/QĐ-BTTTT,valid,https://giayphep.abei.gov.vn/
tttt.mocgame.vn,CÔNG TY CỔ PHẦN TRÒ CHƠI MỘC,QUYẾT ĐỊNH PHÁT HÀNH TRÒ CHƠI ĐIỆN TỬ G1 TRÊN MẠNG,2021-04-29,Giấy phép chính thức (ABEI - Bộ TT&TT),570/QĐ-BTTTT,invalid,https://giayphep.abei.gov.vn/
tttt.ninhbinh.gov.vn,SỞ THÔNG TIN VÀ TRUYỀN THÔNG NINH BÌNH,GIẤY PHÉP THIẾT LẬP TRANG THÔNG TIN ĐIỆN TỬ TỔNG HỢP,2021-12-16,Giấy phép chính thức (ABEI - Bộ TT&TT),197/GP-TTĐT,valid,https://giayphep.abei.gov.vn/
ttttninhbinh.gov.vn,SỞ THÔNG TIN VÀ TRUYỀN THÔNG NINH BÌNH,GIẤY PHÉP THIẾT LẬP TRANG THÔNG TIN ĐIỆN TỬ TỔNG HỢP,2015-09-11,Giấy phép chính thức (ABEI - Bộ TT&TT),135/GP-TTĐT,invalid,https://giayphep.abei.gov.vn/
ttv11.com.vn,ĐÀI PHÁT THANH VÀ TRUYỀN HÌNH TÂY NINH,GIẤY PHÉP THIẾT LẬP TRANG THÔNG TIN ĐIỆN TỬ TỔNG HỢP,2019-08-15,Giấy phép chính thức (ABEI - Bộ TT&TT),155/GP-TTĐT,valid,https://giayphep.abei.gov.vn/
ttv11.vn,ĐÀI PHÁT THANH VÀ TRUYỀN HÌNH TÂY NINH,GIẤY PHÉP THIẾT LẬP TRANG THÔNG TIN ĐIỆN TỬ TỔNG HỢP,2019-08-15,Giấy phép chính thức (ABEI - Bộ TT&TT),155/GP-TTĐT,valid,https://giayphep.abei.gov.vn/
ttvv.vtcgame.vn,CÔNG TY VTC CÔNG NGHỆ VÀ NỘI DUNG SỐ,"GIẤY XÁC NHẬN THÔNG BÁO PHÁT HÀNH TRÒ CHƠI ĐIỆN TỬ G2,G3,G4",2023-03-31,Giấy phép chính thức (ABEI - Bộ TT&TT),42/GXN-PTTH&TTĐT,valid,https://giayphep.abei.gov.vn/
tuhaoviet.vn,CỤC THƯƠNG MẠI ĐIỆN TỬ VÀ CÔNG NGHỆ THÔNG TIN,GIẤY PHÉP THIẾT LẬP TRANG THÔNG TIN ĐIỆN TỬ TỔNG HỢP,2015-06-11,Giấy phép chính thức (ABEI - Bộ TT&TT),66/GP-TTĐT,invalid,https://giayphep.abei.gov.vn/
tuhoang.vn,CÔNG TY TNHH SOHA,QUYẾT ĐỊNH PHÁT HÀNH TRÒ CHƠI ĐIỆN TỬ G1 TRÊN MẠNG,2020-08-18,Giấy phép chính thức (ABEI - Bộ TT&TT),1409 /QĐ-BTTTT,valid,https://giayphep.abei.gov.vn/
tuhoanglangcat.vn,CÔNG TY CỔ PHẦN FUNTAP,QUYẾT ĐỊNH PHÁT HÀNH TRÒ CHƠI ĐIỆN TỬ G1 TRÊN MẠNG,2020-05-08,Giấy phép chính thức (ABEI - Bộ TT&TT),786 /QĐ-BTTTT,valid,https://giayphep.abei.gov.vn/
tuimuaban.vn,CÔNG TY TNHH TUI MUA BÁN,GIẤY PHÉP CUNG CẤP DỊCH VỤ MẠNG XÃ HỘI,2022-01-25,Giấy phép chính thức (ABEI - Bộ TT&TT),58/GP-BTTTT,valid,https://giayphep.abei.gov.vn/
tule.vn,CÔNG TY CỔ PHẦN VTC DỊCH VỤ DI ĐỘNG,QUYẾT ĐỊNH PHÁT HÀNH TRÒ CHƠI ĐIỆN TỬ G1 TRÊN MẠNG,2017-04-05,Giấy phép chính thức (ABEI - Bộ TT&TT),491/QĐ-BTTTT,invalid,https://giayphep.abei.gov.vn/
tune.vn,CÔNG TY CỔ PHẦN CÔNG NGHỆ TECHLAB,GIẤY PHÉP CUNG CẤP DỊCH VỤ MẠNG XÃ HỘI,2020-11-13,Giấy phép chính thức (ABEI - Bộ TT&TT),517/GP-BTTTT,valid,https://giayphep.abei.gov.vn/
tunghiaviminh.vn,CÔNG TY TNHH CÔNG NGHỆ AIOGAME ,QUYẾT ĐỊNH PHÁT HÀNH TRÒ CHƠI ĐIỆN TỬ G1 TRÊN MẠNG,2026-04-03,Giấy phép chính thức (ABEI - Bộ TT&TT),174/QĐ-PTTH&TTĐT,invalid,https://giayphep.abei.gov.vn/
tuoitrethudo.vn,BÁO TUỔI TRẺ THỦ ĐÔ,GIẤY PHÉP THIẾT LẬP TRANG THÔNG TIN ĐIỆN TỬ TỔNG HỢP,2013-12-23,Giấy phép chính thức (ABEI - Bộ TT&TT),147/GP-TTĐT,invalid,https://giayphep.abei.gov.vn/
tuongky.vn,CÔNG TY CỔ PHẦN CÔNG NGHỆ GTV VIỆT NAM,QUYẾT ĐỊNH PHÁT HÀNH TRÒ CHƠI ĐIỆN TỬ G1 TRÊN MẠNG,2019-11-12,Giấy phép chính thức (ABEI - Bộ TT&TT),1911/QĐ-BTTTT,valid,https://giayphep.abei.gov.vn/
tuongquandungbuoc.vn,CÔNG TY TNHH SOHA,QUYẾT ĐỊNH PHÁT HÀNH TRÒ CHƠI ĐIỆN TỬ G1 TRÊN MẠNG,2024-03-19,Giấy phép chính thức (ABEI - Bộ TT&TT),341/QĐ-BTTTT,valid,https://giayphep.abei.gov.vn/
tutien.mocgame.vn,CÔNG TY CỔ PHẦN TRÒ CHƠI MỘC,QUYẾT ĐỊNH PHÁT HÀNH TRÒ CHƠI ĐIỆN TỬ G1 TRÊN MẠNG,2024-05-14,Giấy phép chính thức (ABEI - Bộ TT&TT),783/QĐ-BTTTT,invalid,https://giayphep.abei.gov.vn/
tutien.oeggames.vn,CÔNG TY CỔ PHẦN TẬP ĐOÀN GIẢI TRÍ ĐẠI DƯƠNG,QUYẾT ĐỊNH PHÁT HÀNH TRÒ CHƠI ĐIỆN TỬ G1 TRÊN MẠNG,2025-07-18,Giấy phép chính thức (ABEI - Bộ TT&TT),331/QĐ-PTTH&TTĐT,invalid,https://giayphep.abei.gov.vn/
tutien.phoenix.com,CÔNG TY TNHH DỊCH VỤ GIẢI TRÍ PHƯỢNG HOÀNG,QUYẾT ĐỊNH PHÁT HÀNH TRÒ CHƠI ĐIỆN TỬ G1 TRÊN MẠNG,2020-11-02,Giấy phép chính thức (ABEI - Bộ TT&TT),1859/QĐ-BTTTT,invalid,https://giayphep.abei.gov.vn/
tutienchilo.oeg.vn,CÔNG TY CỔ PHẦN TẬP ĐOÀN GIẢI TRÍ ĐẠI DƯƠNG,QUYẾT ĐỊNH PHÁT HÀNH TRÒ CHƠI ĐIỆN TỬ G1 TRÊN MẠNG,2026-05-14,Giấy phép chính thức (ABEI - Bộ TT&TT),245/QĐ-PTTH&TTĐT,valid,https://giayphep.abei.gov.vn/
tutiendi.vplay.vn,CÔNG TY CỔ PHẦN TRUYỀN HÌNH TƯƠNG TÁC VIỆT NAM,QUYẾT ĐỊNH PHÁT HÀNH TRÒ CHƠI ĐIỆN TỬ G1 TRÊN MẠNG,2024-12-03,Giấy phép chính thức (ABEI - Bộ TT&TT),2108 /QĐ-BTTTT,invalid,https://giayphep.abei.gov.vn/
tutiengiohanhchinh.playfun.vn,CÔNG TY CỔ PHẦN FUNTAP,QUYẾT ĐỊNH PHÁT HÀNH TRÒ CHƠI ĐIỆN TỬ G1 TRÊN MẠNG,2024-10-28,Giấy phép chính thức (ABEI - Bộ TT&TT),1807/QĐ-BTTTT,invalid,https://giayphep.abei.gov.vn/
tutienkiem.nopegame.vn,CÔNG TY CỔ PHẦN NOPE GAME,QUYẾT ĐỊNH PHÁT HÀNH TRÒ CHƠI ĐIỆN TỬ G1 TRÊN MẠNG,2019-02-25,Giấy phép chính thức (ABEI - Bộ TT&TT),202 /QĐ-BTTTT,valid,https://giayphep.abei.gov.vn/
tuyengiaothaibinh.vn,BAN TUYÊN GIÁO TỈNH ỦY THÁI BÌNH,GIẤY PHÉP THIẾT LẬP TRANG THÔNG TIN ĐIỆN TỬ TỔNG HỢP,2013-08-29,Giấy phép chính thức (ABEI - Bộ TT&TT),126/GP-TTĐT,invalid,https://giayphep.abei.gov.vn/
tuyenquang.dfa.vn,SỞ NGOẠI VỤ TỈNH TUYÊN QUANG,GIẤY PHÉP THIẾT LẬP TRANG THÔNG TIN ĐIỆN TỬ TỔNG HỢP,2013-01-25,Giấy phép chính thức (ABEI - Bộ TT&TT),08/GP-TTĐT,invalid,https://giayphep.abei.gov.vn/
tuyenquanggov.vn,SỞ THÔNG TIN VÀ TRUYỀN THÔNG TUYÊN QUANG,GIẤY PHÉP THIẾT LẬP TRANG THÔNG TIN ĐIỆN TỬ TỔNG HỢP,2019-10-23,Giấy phép chính thức (ABEI - Bộ TT&TT),202/GP-TTĐT,valid,https://giayphep.abei.gov.vn/
tuyensinh24h.vn,CÔNG TY CỔ PHẦN GIÁO DỤC TÍCH HỢP TOÀN CẦU,GIẤY PHÉP CUNG CẤP DỊCH VỤ MẠNG XÃ HỘI,2021-08-17,Giấy phép chính thức (ABEI - Bộ TT&TT),524/GP-BTTTT,valid,https://giayphep.abei.gov.vn/
tuyetdaikiemvuong.vn,CÔNG TY CỔ PHẦN DỊCH VỤ TRỰC TUYẾN MIGA,QUYẾT ĐỊNH PHÁT HÀNH TRÒ CHƠI ĐIỆN TỬ G1 TRÊN MẠNG,2024-05-13,Giấy phép chính thức (ABEI - Bộ TT&TT),765/QĐ-BTTTT,valid,https://giayphep.abei.gov.vn/
tuyetdinhchiengioi.vplay.vn,CÔNG TY CỔ PHẦN TRUYỀN HÌNH TƯƠNG TÁC VIỆT NAM,QUYẾT ĐỊNH PHÁT HÀNH TRÒ CHƠI ĐIỆN TỬ G1 TRÊN MẠNG,2026-07-17,Giấy phép chính thức (ABEI - Bộ TT&TT),426/QĐ-PTTH&TTĐT,valid,https://giayphep.abei.gov.vn/
tuyetdinhtamquoc.vn,CÔNG TY CỔ PHẦN FUNTAP,QUYẾT ĐỊNH PHÁT HÀNH TRÒ CHƠI ĐIỆN TỬ G1 TRÊN MẠNG,2020-03-19,Giấy phép chính thức (ABEI - Bộ TT&TT),376 /QĐ-BTTTT,valid,https://giayphep.abei.gov.vn/
tuyethoc.vgplay.vn,CÔNG TY CỔ PHẦN VGP,QUYẾT ĐỊNH PHÁT HÀNH TRÒ CHƠI ĐIỆN TỬ G1 TRÊN MẠNG,2019-01-08,Giấy phép chính thức (ABEI - Bộ TT&TT),31/QĐ-BTTTT,valid,https://giayphep.abei.gov.vn/
tuyetkiem.vn,CÔNG TY TNHH SOHA,QUYẾT ĐỊNH PHÁT HÀNH TRÒ CHƠI ĐIỆN TỬ G1 TRÊN MẠNG,2021-04-23,Giấy phép chính thức (ABEI - Bộ TT&TT),531 /QĐ-BTTTT,valid,https://giayphep.abei.gov.vn/
tuyetthe.vn,CÔNG TY TNHH SOHA,QUYẾT ĐỊNH PHÁT HÀNH TRÒ CHƠI ĐIỆN TỬ G1 TRÊN MẠNG,2021-10-08,Giấy phép chính thức (ABEI - Bộ TT&TT),1534 /QĐ-BTTTT,valid,https://giayphep.abei.gov.vn/
tuyetthechienhon.playfun.vn,CÔNG TY CỔ PHẦN FUNTAP,QUYẾT ĐỊNH PHÁT HÀNH TRÒ CHƠI ĐIỆN TỬ G1 TRÊN MẠNG,2021-01-21,Giấy phép chính thức (ABEI - Bộ TT&TT),101 /QĐ-BTTTT,valid,https://giayphep.abei.gov.vn/
tuyetthecuuthien.vn,CÔNG TY CỔ PHẦN TRỰC TUYẾN DUO,QUYẾT ĐỊNH PHÁT HÀNH TRÒ CHƠI ĐIỆN TỬ G1 TRÊN MẠNG,2023-05-11,Giấy phép chính thức (ABEI - Bộ TT&TT),802/QĐ-BTTTT,invalid,https://giayphep.abei.gov.vn/
tuyetthekiemvuong.vn,CÔNG TY TNHH CÔNG NGHỆ GIẢI TRÍ CHÂU Á,QUYẾT ĐỊNH PHÁT HÀNH TRÒ CHƠI ĐIỆN TỬ G1 TRÊN MẠNG,2022-06-02,Giấy phép chính thức (ABEI - Bộ TT&TT),1017/QĐ-BTTTT,valid,https://giayphep.abei.gov.vn/
tuyetthetramyeu.vn,CÔNG TY CỔ PHẦN VTC DỊCH VỤ DI DỘNG,QUYẾT ĐỊNH PHÁT HÀNH TRÒ CHƠI ĐIỆN TỬ G1 TRÊN MẠNG,2024-05-24,Giấy phép chính thức (ABEI - Bộ TT&TT),851/QĐ-BTTTT,invalid,https://giayphep.abei.gov.vn/
tuyetthevolam.vn,CÔNG TY CỔ PHẦN FUNTAP,QUYẾT ĐỊNH PHÁT HÀNH TRÒ CHƠI ĐIỆN TỬ G1 TRÊN MẠNG,2019-09-26,Giấy phép chính thức (ABEI - Bộ TT&TT),1572/QĐ-BTTTT,invalid,https://giayphep.abei.gov.vn/
tuyetung.zing.vn,CÔNG TY CỔ PHẦN TẬP ĐOÀN VNG,QUYẾT ĐỊNH PHÁT HÀNH TRÒ CHƠI ĐIỆN TỬ G1 TRÊN MẠNG,2020-11-12,Giấy phép chính thức (ABEI - Bộ TT&TT),1950 /QĐ-BTTTT,valid,https://giayphep.abei.gov.vn/
tvc.360game.vn,CÔNG TY TNHH TRUYỀN THÔNG MINH PHƯƠNG THỊNH,QUYẾT ĐỊNH PHÁT HÀNH TRÒ CHƠI ĐIỆN TỬ G1 TRÊN MẠNG,2017-02-16,Giấy phép chính thức (ABEI - Bộ TT&TT),157/QĐ-BTTTT,valid,https://giayphep.abei.gov.vn/
tvhay.com.vn,TỔNG CÔNG TY TRUYỀN THÔNG (VNPT),GIẤY PHÉP CUNG CẤP DỊCH VỤ MẠNG XÃ HỘI,2017-05-04,Giấy phép chính thức (ABEI - Bộ TT&TT),185/GP-BTTTT,valid,https://giayphep.abei.gov.vn/
tvhay.vn,TỔNG CÔNG TY TRUYỀN THÔNG (VNPT),GIẤY PHÉP CUNG CẤP DỊCH VỤ MẠNG XÃ HỘI,2017-05-04,Giấy phép chính thức (ABEI - Bộ TT&TT),185/GP-BTTTT,valid,https://giayphep.abei.gov.vn/
tvhdanang.gov.vn,TRUNG TÂM VĂN HÓA THÀNH PHỐ ĐÀ NẴNG,GIẤY PHÉP THIẾT LẬP TRANG THÔNG TIN ĐIỆN TỬ TỔNG HỢP,2013-08-16,Giấy phép chính thức (ABEI - Bộ TT&TT),112/GP-TTĐT,invalid,https://giayphep.abei.gov.vn/
tvtq.slg.vn,CÔNG TY CỔ PHẦN DỊCH VỤ TRỰC TUYẾN VĨNH XUÂN,QUYẾT ĐỊNH PHÁT HÀNH TRÒ CHƠI ĐIỆN TỬ G1 TRÊN MẠNG,2020-03-19,Giấy phép chính thức (ABEI - Bộ TT&TT),386/QĐ-BTTTT,valid,https://giayphep.abei.gov.vn/
tvu.edu.vn,TRƯỜNG ĐẠI HỌC TRÀ VINH,GIẤY PHÉP THIẾT LẬP TRANG THÔNG TIN ĐIỆN TỬ TỔNG HỢP,2013-04-05,Giấy phép chính thức (ABEI - Bộ TT&TT),35/GP-TTĐT,invalid,https://giayphep.abei.gov.vn/
twd.hhgame.vn,CÔNG TY CỔ PHẦN PHÁT TRIỂN CÔNG NGHỆ SỐ HỒNG HÀ,QUYẾT ĐỊNH PHÁT HÀNH TRÒ CHƠI ĐIỆN TỬ G1 TRÊN MẠNG,2023-04-26,Giấy phép chính thức (ABEI - Bộ TT&TT),719/QĐ-BTTTT,valid,https://giayphep.abei.gov.vn/
typhu.360play.vn,CÔNG TY CỔ PHẦN VNG,QUYẾT ĐỊNH PHÁT HÀNH TRÒ CHƠI ĐIỆN TỬ G1 TRÊN MẠNG,2017-03-30,Giấy phép chính thức (ABEI - Bộ TT&TT),453/QĐ-BTTTT,invalid,https://giayphep.abei.gov.vn/
typhuviet.vn,CÔNG TY CỔ PHẦN TRUYỀN THÔNG VÀ ĐẦU TƯ TỶ PHÚ VIỆT,GIẤY PHÉP CUNG CẤP DỊCH VỤ MẠNG XÃ HỘI,2020-04-07,Giấy phép chính thức (ABEI - Bộ TT&TT),148/GP-BTTTT,valid,https://giayphep.abei.gov.vn/
tytd.playfun.vn,CÔNG TY CỔ PHẦN PHÁT TRIỂN CÔNG NGHỆ SỐ HỒNG HÀ,QUYẾT ĐỊNH PHÁT HÀNH TRÒ CHƠI ĐIỆN TỬ G1 TRÊN MẠNG,2024-02-05,Giấy phép chính thức (ABEI - Bộ TT&TT),134/QĐ-BTTTT,valid,https://giayphep.abei.gov.vn/
tytdlk.gamota.vn,CÔNG TY CỔ PHẦN GAMOTA,QUYẾT ĐỊNH PHÁT HÀNH TRÒ CHƠI ĐIỆN TỬ G1 TRÊN MẠNG,2023-12-31,Giấy phép chính thức (ABEI - Bộ TT&TT),2586/QĐ-BTTTT,valid,https://giayphep.abei.gov.vn/
ub.com.vn,CÔNG TY CỔ PHẦN TẬP ĐOÀN UB,GIẤY PHÉP CUNG CẤP DỊCH VỤ MẠNG XÃ HỘI,2023-10-23,Giấy phép chính thức (ABEI - Bộ TT&TT),392/GP-BTTTT,invalid,https://giayphep.abei.gov.vn/
ubdkegvn.org.vn,ỦY BAN ĐOÀN KẾT CÔNG GIÁO VIỆT NAM,GIẤY PHÉP THIẾT LẬP TRANG THÔNG TIN ĐIỆN TỬ TỔNG HỢP,2017-05-31,Giấy phép chính thức (ABEI - Bộ TT&TT),183/GP-TTĐT,valid,https://giayphep.abei.gov.vn/
ubdt.gov.vn,TRUNG TÂM THÔNG TIN - ỦY BAN DÂN TỘC,GIẤY PHÉP THIẾT LẬP TRANG THÔNG TIN ĐIỆN TỬ TỔNG HỢP,2013-05-02,Giấy phép chính thức (ABEI - Bộ TT&TT),58/GP-TTĐT,invalid,https://giayphep.abei.gov.vn/
ubkttw.vn,TẠP CHÍ KIỂM TRA,GIẤY PHÉP THIẾT LẬP TRANG THÔNG TIN ĐIỆN TỬ TỔNG HỢP,2016-06-30,Giấy phép chính thức (ABEI - Bộ TT&TT),78a/GP-TTĐT,invalid,https://giayphep.abei.gov.vn/
ucg.com.vn,CÔNG TY TNHH UNICORN GAME,QUYẾT ĐỊNH PHÁT HÀNH TRÒ CHƠI ĐIỆN TỬ G1 TRÊN MẠNG,2022-05-27,Giấy phép chính thức (ABEI - Bộ TT&TT),972/QĐ-BTTTT,valid,https://giayphep.abei.gov.vn/
ucg.vn,CÔNG TY TNHH UNICORN GAME,QUYẾT ĐỊNH PHÁT HÀNH TRÒ CHƠI ĐIỆN TỬ G1 TRÊN MẠNG,2022-05-27,Giấy phép chính thức (ABEI - Bộ TT&TT),972/QĐ-BTTTT,valid,https://giayphep.abei.gov.vn/
uda.com.vn,"TRUNG TÂM THÔNG TIN, HỢP TÁC QUỐC TẾ VÀ TƯ VẤN PHÁT TRIỂN ĐÔ THỊ",GIẤY PHÉP THIẾT LẬP TRANG THÔNG TIN ĐIỆN TỬ TỔNG HỢP,2013-08-08,Giấy phép chính thức (ABEI - Bộ TT&TT),106/GP-TTĐT,invalid,https://giayphep.abei.gov.vn/
ufc.vtcgame.vn,CÔNG TY VTC CÔNG NGHỆ VÀ NỘI DUNG SỐ,QUYẾT ĐỊNH PHÁT HÀNH TRÒ CHƠI ĐIỆN TỬ G1 TRÊN MẠNG,2021-07-30,Giấy phép chính thức (ABEI - Bộ TT&TT),1121/QĐ-BTTTT,valid,https://giayphep.abei.gov.vn/
ugame.vn,CÔNG TY CỔ PHẦN CÔNG NGHỆ KỸ THUẬT VTECH,"GIẤY XÁC NHẬN THÔNG BÁO PHÁT HÀNH TRÒ CHƠI ĐIỆN TỬ G2,G3,G4",2019-12-12,Giấy phép chính thức (ABEI - Bộ TT&TT),239/GXN-PTTH&TTĐT,valid,https://giayphep.abei.gov.vn/
umbala.net.vn,CÔNG TY TNHH TRUYỀN THÔNG UMBALA,GIẤY PHÉP CUNG CẤP DỊCH VỤ MẠNG XÃ HỘI,2017-08-29,Giấy phép chính thức (ABEI - Bộ TT&TT),411/GP-BTTTT,valid,https://giayphep.abei.gov.vn/
umbala.tv,CÔNG TY TNHH TRUYỀN THÔNG UMBALA,GIẤY PHÉP CUNG CẤP DỊCH VỤ MẠNG XÃ HỘI,2017-08-29,Giấy phép chính thức (ABEI - Bộ TT&TT),411/GP-BTTTT,valid,https://giayphep.abei.gov.vn/
ustudy.com.vn,CÔNG TY TNHH THƯƠNG MẠI CÔNG NGHỆ THANH BÌNH,GIẤY PHÉP CUNG CẤP DỊCH VỤ MẠNG XÃ HỘI,2019-09-19,Giấy phép chính thức (ABEI - Bộ TT&TT),390/GP-BTTTT,valid,https://giayphep.abei.gov.vn/
utrend.vn,CÔNG TY TNHH UTREND,GIẤY PHÉP CUNG CẤP DỊCH VỤ MẠNG XÃ HỘI,2021-05-13,Giấy phép chính thức (ABEI - Bộ TT&TT),278/GP-BTTTT,valid,https://giayphep.abei.gov.vn/
uybangiamsattaichinhquocgia.gov.vn,ỦY BAN GIÁM SÁT TÀI CHÍNH QUỐC GIA,GIẤY PHÉP THIẾT LẬP TRANG THÔNG TIN ĐIỆN TỬ TỔNG HỢP,2019-12-27,Giấy phép chính thức (ABEI - Bộ TT&TT),244/GP-TTĐT,invalid,https://giayphep.abei.gov.vn/
vainglory.gamota.com,CÔNG TY CỔ PHẦN GAMOTA,QUYẾT ĐỊNH PHÁT HÀNH TRÒ CHƠI ĐIỆN TỬ G1 TRÊN MẠNG,2018-05-16,Giấy phép chính thức (ABEI - Bộ TT&TT),735/QĐ-BTTTT,valid,https://giayphep.abei.gov.vn/
vala.vn,CÔNG TY CỔ PHẦN BKAV,GIẤY PHÉP CUNG CẤP DỊCH VỤ MẠNG XÃ HỘI,2019-11-19,Giấy phép chính thức (ABEI - Bộ TT&TT),504/GP-BTTTT,valid,https://giayphep.abei.gov.vn/
valorant.vngames.com,CÔNG TY CỔ PHẦN VNG,QUYẾT ĐỊNH PHÁT HÀNH TRÒ CHƠI ĐIỆN TỬ G1 TRÊN MẠNG,2021-04-27,Giấy phép chính thức (ABEI - Bộ TT&TT),65/GXN-PTTH&TTĐT,invalid,https://giayphep.abei.gov.vn/
valorant.vnggames.com,CÔNG TY CỔ PHẦN TẬP ĐOÀN VNG,QUYẾT ĐỊNH PHÁT HÀNH TRÒ CHƠI ĐIỆN TỬ G1 TRÊN MẠNG,2026-03-02,Giấy phép chính thức (ABEI - Bộ TT&TT),106/QĐ-PTTH&TTĐT,valid,https://giayphep.abei.gov.vn/
valorant.zing.vn,CÔNG TY CỔ PHẦN TẬP ĐOÀN VNG,QUYẾT ĐỊNH PHÁT HÀNH TRÒ CHƠI ĐIỆN TỬ G1 TRÊN MẠNG,2026-03-02,Giấy phép chính thức (ABEI - Bộ TT&TT),106/QĐ-PTTH&TTĐT,valid,https://giayphep.abei.gov.vn/
vancolinhthu.gamota.com,CÔNG TY CỔ PHẦN GAMOTA,QUYẾT ĐỊNH PHÁT HÀNH TRÒ CHƠI ĐIỆN TỬ G1 TRÊN MẠNG,2021-08-09,Giấy phép chính thức (ABEI - Bộ TT&TT),1179/QĐ-BTTTT,valid,https://giayphep.abei.gov.vn/
vandinhtamquoc.sohagame.vn,CÔNG TY TNHH SOHA ,QUYẾT ĐỊNH PHÁT HÀNH TRÒ CHƠI ĐIỆN TỬ G1 TRÊN MẠNG,2026-02-10,Giấy phép chính thức (ABEI - Bộ TT&TT),67/QĐ-PTTH&TTĐT,valid,https://giayphep.abei.gov.vn/
vangioipk.vn,CÔNG TY TNHH SOHA,QUYẾT ĐỊNH PHÁT HÀNH TRÒ CHƠI ĐIỆN TỬ G1 TRÊN MẠNG,2024-01-03,Giấy phép chính thức (ABEI - Bộ TT&TT),06/QĐ-BTTTT,invalid,https://giayphep.abei.gov.vn/
vanhienplus.vn,TẠP CHÍ VĂN HIẾN VIỆT NAM,GIẤY PHÉP THIẾT LẬP TRANG THÔNG TIN ĐIỆN TỬ TỔNG HỢP,2017-12-13,Giấy phép chính thức (ABEI - Bộ TT&TT),371/GP-TTĐT,invalid,https://giayphep.abei.gov.vn/
vanhoadoanhnghiepvn.vn,TẠP CHÍ VĂN HÓA DOANH NGHIỆP VIỆT NAM,GIẤY PHÉP THIẾT LẬP TRANG THÔNG TIN ĐIỆN TỬ TỔNG HỢP,2022-10-07,Giấy phép chính thức (ABEI - Bộ TT&TT),131/GP-TTĐT,invalid,https://giayphep.abei.gov.vn/
vanhoasuckhoecongdong.vn,VIỆN PHÁT TRIỂN VĂN HÓA CHĂM SÓC SỨC KHỎE CỘNG ĐỒNG,GIẤY PHÉP THIẾT LẬP TRANG THÔNG TIN ĐIỆN TỬ TỔNG HỢP,2023-03-21,Giấy phép chính thức (ABEI - Bộ TT&TT),54/GP-TTĐT,valid,https://giayphep.abei.gov.vn/
vanhoavadoisong.vn,VIỆN NGHIÊN CỨU VĂN HÓA VÀ PHÁT TRIỂN,GIẤY PHÉP CUNG CẤP DỊCH VỤ MẠNG XÃ HỘI,2020-01-15,Giấy phép chính thức (ABEI - Bộ TT&TT),17/GP-BTTTT,valid,https://giayphep.abei.gov.vn/
vanlychinhdo.gosu.vn,CÔNG TY CỔ PHẦN TRỰC TUYẾN GOSU ,QUYẾT ĐỊNH PHÁT HÀNH TRÒ CHƠI ĐIỆN TỬ G1 TRÊN MẠNG,2020-05-28,Giấy phép chính thức (ABEI - Bộ TT&TT),894 /QĐ-BTTTT,valid,https://giayphep.abei.gov.vn/
vanmong.playfun.vn,CÔNG TY CỔ PHẦN FUNTAP,QUYẾT ĐỊNH PHÁT HÀNH TRÒ CHƠI ĐIỆN TỬ G1 TRÊN MẠNG,2020-05-22,Giấy phép chính thức (ABEI - Bộ TT&TT),867 /QĐ-BTTTT,valid,https://giayphep.abei.gov.vn/
vannghethainguyen.vn,BÁO VĂN NGHỆ THÁI NGUYÊN,GIẤY PHÉP THIẾT LẬP TRANG THÔNG TIN ĐIỆN TỬ TỔNG HỢP,2015-06-04,Giấy phép chính thức (ABEI - Bộ TT&TT),60/GP-TTĐT,invalid,https://giayphep.abei.gov.vn/
vanninh.khanhhoa.gov.vn,ỦY BAN NHÂN DÂN HUYỆN VẠN NINH,GIẤY PHÉP THIẾT LẬP TRANG THÔNG TIN ĐIỆN TỬ TỔNG HỢP,2013-07-23,Giấy phép chính thức (ABEI - Bộ TT&TT),100/GP-TTĐT,invalid,https://giayphep.abei.gov.vn/
vanphong@vnpt.vn,TỔNG CÔNG TY TRUYỀN THÔNG (VNPT) ,GIẤY PHÉP CUNG CẤP DỊCH VỤ MẠNG XÃ HỘI,2026-01-27,Giấy phép chính thức (ABEI - Bộ TT&TT),09/GP-BVHTTDL,valid,https://giayphep.abei.gov.vn/
vantaioto.vn,TẠP CHÍ VẬN TẢI Ô TÔ,GIẤY PHÉP THIẾT LẬP TRANG THÔNG TIN ĐIỆN TỬ TỔNG HỢP,2019-08-08,Giấy phép chính thức (ABEI - Bộ TT&TT),141/GP-TTĐT,invalid,https://giayphep.abei.gov.vn/
vanthangnamde.vn,CÔNG TY CỔ PHẦN TRỰC TUYẾN GOSU,QUYẾT ĐỊNH PHÁT HÀNH TRÒ CHƠI ĐIỆN TỬ G1 TRÊN MẠNG,2026-04-16,Giấy phép chính thức (ABEI - Bộ TT&TT),197/QĐ-PTTH&TTĐT,valid,https://giayphep.abei.gov.vn/
vanthecothan.vgplay.vn,CÔNG TY CỔ PHẦN VGP,QUYẾT ĐỊNH PHÁT HÀNH TRÒ CHƠI ĐIỆN TỬ G1 TRÊN MẠNG,2025-04-08,Giấy phép chính thức (ABEI - Bộ TT&TT),105/QĐ-PTTH&TTĐT,invalid,https://giayphep.abei.gov.vn/
vantientran.vn,CÔNG TY CỔ PHẦN TRỰC TUYẾN CMN VIỆT NAM,QUYẾT ĐỊNH PHÁT HÀNH TRÒ CHƠI ĐIỆN TỬ G1 TRÊN MẠNG,2022-09-29,Giấy phép chính thức (ABEI - Bộ TT&TT),1803/QĐ-BTTTT,valid,https://giayphep.abei.gov.vn/
vantuong.123game.vn,CÔNG TY CỔ PHẦN DỊCH VỤ MỘT THẾ GIỚI,QUYẾT ĐỊNH PHÁT HÀNH TRÒ CHƠI ĐIỆN TỬ G1 TRÊN MẠNG,2016-11-24,Giấy phép chính thức (ABEI - Bộ TT&TT),2079/QĐ-BTTTT,invalid,https://giayphep.abei.gov.vn/
vanvn.net,HỘI NHÀ VĂN VIỆT NAM,GIẤY PHÉP THIẾT LẬP TRANG THÔNG TIN ĐIỆN TỬ TỔNG HỢP,2017-01-10,Giấy phép chính thức (ABEI - Bộ TT&TT),16/GP-TTĐT,invalid,https://giayphep.abei.gov.vn/
vanyeuluc.vn,CÔNG TY CỔ PHẦN VISION GAME,QUYẾT ĐỊNH PHÁT HÀNH TRÒ CHƠI ĐIỆN TỬ G1 TRÊN MẠNG,2023-04-14,Giấy phép chính thức (ABEI - Bộ TT&TT),643/QĐ-BTTTT,valid,https://giayphep.abei.gov.vn/
vapt.vn,TẬP ĐOÀN BƯU CHÍNH VIỄN THÔNG VIỆT NAM,GIẤY PHÉP THIẾT LẬP TRANG THÔNG TIN ĐIỆN TỬ TỔNG HỢP,2019-04-09,Giấy phép chính thức (ABEI - Bộ TT&TT),62/GP-TTĐT,valid,https://giayphep.abei.gov.vn/
varsconnect.vn,CÔNG TY CỔ PHẦN CÔNG NGHỆ VARS VIỆT NAM,GIẤY PHÉP CUNG CẤP DỊCH VỤ MẠNG XÃ HỘI,2024-05-17,Giấy phép chính thức (ABEI - Bộ TT&TT),127/GP-BTTTT,valid,https://giayphep.abei.gov.vn/
vasep.com.vn,HIỆP HỘI CHẾ BIẾN VÀ XUẤT KHẨU THỦY SẢN VIỆT NAM,GIẤY PHÉP THIẾT LẬP TRANG THÔNG TIN ĐIỆN TỬ TỔNG HỢP,2013-10-01,Giấy phép chính thức (ABEI - Bộ TT&TT),138/GP-TTĐT,invalid,https://giayphep.abei.gov.vn/
vasi.gov.vn,TỔNG CỤC BIỂN VÀ HẢI ĐẢO VIỆT NAM,GIẤY PHÉP THIẾT LẬP TRANG THÔNG TIN ĐIỆN TỬ TỔNG HỢP,2019-11-15,Giấy phép chính thức (ABEI - Bộ TT&TT),223/GP-TTĐT,invalid,https://giayphep.abei.gov.vn/
vayham.hhgame.vn,CÔNG TY CỔ PHẦN PHÁT TRIỂN CÔNG NGHỆ SỐ HỒNG HÀ,QUYẾT ĐỊNH PHÁT HÀNH TRÒ CHƠI ĐIỆN TỬ G1 TRÊN MẠNG,2024-12-23,Giấy phép chính thức (ABEI - Bộ TT&TT),2251/QĐ-BTTTT,valid,https://giayphep.abei.gov.vn/
vbc.goodgame.vn,CÔNG TY TNHH DROID VIỆT NAM,QUYẾT ĐỊNH PHÁT HÀNH TRÒ CHƠI ĐIỆN TỬ G1 TRÊN MẠNG,2024-10-18,Giấy phép chính thức (ABEI - Bộ TT&TT),1786/QĐ-BTTTT,valid,https://giayphep.abei.gov.vn/
vbd.gamota.com,CÔNG TY CỔ PHẦN GAMOTA,QUYẾT ĐỊNH PHÁT HÀNH TRÒ CHƠI ĐIỆN TỬ G1 TRÊN MẠNG,2020-04-29,Giấy phép chính thức (ABEI - Bộ TT&TT),756/QĐ-BTTTT,valid,https://giayphep.abei.gov.vn/
vbd.hagogame.vn,CÔNG TY CỔ PHẦN JOMBOJOY TECHNOLOGY,QUYẾT ĐỊNH PHÁT HÀNH TRÒ CHƠI ĐIỆN TỬ G1 TRÊN MẠNG,2021-02-05,Giấy phép chính thức (ABEI - Bộ TT&TT),152/QĐ-BTTTT,valid,https://giayphep.abei.gov.vn/
vbhg.vtcgame.vn,CÔNG TY VTC CÔNG NGHỆ VÀ NỘI DUNG SỐ,"GIẤY XÁC NHẬN THÔNG BÁO PHÁT HÀNH TRÒ CHƠI ĐIỆN TỬ G2,G3,G4",2023-11-09,Giấy phép chính thức (ABEI - Bộ TT&TT),194/GXN-PTTH&TTĐT,valid,https://giayphep.abei.gov.vn/
vc.360game.vn,CÔNG TY CỔ PHẦN VNG,QUYẾT ĐỊNH PHÁT HÀNH TRÒ CHƠI ĐIỆN TỬ G1 TRÊN MẠNG,2016-12-26,Giấy phép chính thức (ABEI - Bộ TT&TT),2314/QĐ-BTTTT,invalid,https://giayphep.abei.gov.vn/
vca.org.vn,LIÊN MINH HỢP TÁC XÃ VIỆT NAM,GIẤY PHÉP THIẾT LẬP TRANG THÔNG TIN ĐIỆN TỬ TỔNG HỢP,2020-12-11,Giấy phép chính thức (ABEI - Bộ TT&TT),239/GP-TTĐT,invalid,https://giayphep.abei.gov.vn/
vcci.com.vn,PHÒNG THƯƠNG MẠI VÀ CÔNG NGHIỆP VIỆT NAM (VCCI).,GIẤY PHÉP THIẾT LẬP TRANG THÔNG TIN ĐIỆN TỬ TỔNG HỢP,2019-08-22,Giấy phép chính thức (ABEI - Bộ TT&TT),160/GP-TTĐT,invalid,https://giayphep.abei.gov.vn/
vccinews.vn,TẠP CHÍ VIETNAM BUSINESS FORUM,GIẤY PHÉP THIẾT LẬP TRANG THÔNG TIN ĐIỆN TỬ TỔNG HỢP,2017-08-04,Giấy phép chính thức (ABEI - Bộ TT&TT),258/GP-TTĐT,valid,https://giayphep.abei.gov.vn/
vchat.com.vn,CÔNG TY CỔ PHẦN TẬP ĐOÀN CÔNG NGHỆ VK,GIẤY PHÉP CUNG CẤP DỊCH VỤ MẠNG XÃ HỘI,2024-12-13,Giấy phép chính thức (ABEI - Bộ TT&TT),378/GP-BTTTT,valid,https://giayphep.abei.gov.vn/
vchixe.vn,CÔNG TY TNHH KHOA HỌC VÀ CÔNG NGHỆ ABOTA,GIẤY PHÉP CUNG CẤP DỊCH VỤ MẠNG XÃ HỘI,2021-01-25,Giấy phép chính thức (ABEI - Bộ TT&TT),54/GP-BTTTT,valid,https://giayphep.abei.gov.vn/
vcnet.vn,BÁO ĐIỆN TỬ ĐẢNG CỘNG SẢN VIỆT NAM,GIẤY PHÉP CUNG CẤP DỊCH VỤ MẠNG XÃ HỘI,2020-07-20,Giấy phép chính thức (ABEI - Bộ TT&TT),313/GP-BTTTT,valid,https://giayphep.abei.gov.vn/
vdb.gov.vn,NGÂN HÀNG PHÁT TRIỂN VIỆT NAM,GIẤY PHÉP THIẾT LẬP TRANG THÔNG TIN ĐIỆN TỬ TỔNG HỢP,2020-04-24,Giấy phép chính thức (ABEI - Bộ TT&TT),49/GP-TTĐT,invalid,https://giayphep.abei.gov.vn/
vdcpay.vn,CÔNG TY CỔ PHẦN GMETA,QUYẾT ĐỊNH PHÁT HÀNH TRÒ CHƠI ĐIỆN TỬ G1 TRÊN MẠNG,2024-12-03,Giấy phép chính thức (ABEI - Bộ TT&TT),2102/QĐ-BTTTT,valid,https://giayphep.abei.gov.vn/
vdiarybook.com,CÔNG TY CỔ PHẦN TẬP ĐOÀN GREEN TECH,GIẤY PHÉP CUNG CẤP DỊCH VỤ MẠNG XÃ HỘI,2024-12-20,Giấy phép chính thức (ABEI - Bộ TT&TT),382/GP-BTTTT,valid,https://giayphep.abei.gov.vn/
vdiarybook.vn,CÔNG TY CỔ PHẦN ĐẦU TƯ VZONE GLOBAL,GIẤY PHÉP CUNG CẤP DỊCH VỤ MẠNG XÃ HỘI,2021-08-30,Giấy phép chính thức (ABEI - Bộ TT&TT),556/GP-BTTTT,valid,https://giayphep.abei.gov.vn/
vdoc.com.vn,CÔNG TY TNHH TÀI LIỆU TRỰC TUYẾN VI NA,GIẤY PHÉP CUNG CẤP DỊCH VỤ MẠNG XÃ HỘI,2026-03-09,Giấy phép chính thức (ABEI - Bộ TT&TT),38/GP-BVHTTDL,valid,https://giayphep.abei.gov.vn/
vea.gov.vn,TỔNG CỤC MÔI TRƯỜNG,GIẤY PHÉP THIẾT LẬP TRANG THÔNG TIN ĐIỆN TỬ TỔNG HỢP,2015-10-26,Giấy phép chính thức (ABEI - Bộ TT&TT),153/GP-TTĐT,valid,https://giayphep.abei.gov.vn/
vecom.vn,HIỆP HỘI THƯƠNG MẠI ĐIỆN TỬ VIỆT NAM,GIẤY PHÉP THIẾT LẬP TRANG THÔNG TIN ĐIỆN TỬ TỔNG HỢP,2013-06-24,Giấy phép chính thức (ABEI - Bộ TT&TT),81/GP-TTĐT,invalid,https://giayphep.abei.gov.vn/
vedepcs.vn,CÔNG TY TNHH TRUYỀN THÔNG KINH TẾ - XÃ HỘI,GIẤY PHÉP CUNG CẤP DỊCH VỤ MẠNG XÃ HỘI,2022-01-25,Giấy phép chính thức (ABEI - Bộ TT&TT),57/GP-BTTTT,valid,https://giayphep.abei.gov.vn/
vedforum.org.vn,CÔNG TY CỔ PHẦN TRUYỀN THÔNG DAMORD,GIẤY PHÉP CUNG CẤP DỊCH VỤ MẠNG XÃ HỘI,2020-01-22,Giấy phép chính thức (ABEI - Bộ TT&TT),42/GP-BTTTT,valid,https://giayphep.abei.gov.vn/
vehixe.com,CÔNG TY TNHH KHOA HỌC VÀ CÔNG NGHỆ ABOTA,GIẤY PHÉP CUNG CẤP DỊCH VỤ MẠNG XÃ HỘI,2021-01-25,Giấy phép chính thức (ABEI - Bộ TT&TT),54/GP-BTTTT,valid,https://giayphep.abei.gov.vn/
velalive.net.vn,Công ty TNHH Velalive,QUYẾT ĐỊNH PHÁT HÀNH TRÒ CHƠI ĐIỆN TỬ G1 TRÊN MẠNG,2026-06-25,Giấy phép chính thức (ABEI - Bộ TT&TT),372/QĐ-PTTH&TTĐT,valid,https://giayphep.abei.gov.vn/
velalive.vn,Công ty TNHH Velalive,QUYẾT ĐỊNH PHÁT HÀNH TRÒ CHƠI ĐIỆN TỬ G1 TRÊN MẠNG,2026-06-25,Giấy phép chính thức (ABEI - Bộ TT&TT),372/QĐ-PTTH&TTĐT,valid,https://giayphep.abei.gov.vn/
vennguyenkyuc.vn,CÔNG TY TNHH DỊCH VỤ BÁCH GIA ,QUYẾT ĐỊNH PHÁT HÀNH TRÒ CHƠI ĐIỆN TỬ G1 TRÊN MẠNG,2026-01-06,Giấy phép chính thức (ABEI - Bộ TT&TT),3/QĐ-PTTH&TTĐT,valid,https://giayphep.abei.gov.vn/
veph.vn,CÔNG TY TNHH MTV NHÀ XUẤT BẢN GIÁO DỤC VIỆT NAM (NHÀ XUẤT BẢN GIÁO DỤC VIỆT NAM),GIẤY PHÉP THIẾT LẬP TRANG THÔNG TIN ĐIỆN TỬ TỔNG HỢP,2020-07-28,Giấy phép chính thức (ABEI - Bộ TT&TT),130/GP-TTĐT,valid,https://giayphep.abei.gov.vn/
veph.vom.vn,CÔNG TY TNHH MTV NHÀ XUẤT BẢN GIÁO DỤC VIỆT NAM (NHÀ XUẤT BẢN GIÁO DỤC VIỆT NAM),GIẤY PHÉP THIẾT LẬP TRANG THÔNG TIN ĐIỆN TỬ TỔNG HỢP,2020-07-28,Giấy phép chính thức (ABEI - Bộ TT&TT),130/GP-TTĐT,valid,https://giayphep.abei.gov.vn/
vethan.vn,CÔNG TY TNHH SOHA ,QUYẾT ĐỊNH PHÁT HÀNH TRÒ CHƠI ĐIỆN TỬ G1 TRÊN MẠNG,2020-03-09,Giấy phép chính thức (ABEI - Bộ TT&TT),308 /QĐ-BTTTT,valid,https://giayphep.abei.gov.vn/
vethanarena.vn,CÔNG TY CỔ PHẦN TRỰC TUYỂN CMN VIỆT NAM,QUYẾT ĐỊNH PHÁT HÀNH TRÒ CHƠI ĐIỆN TỬ G1 TRÊN MẠNG,2022-05-10,Giấy phép chính thức (ABEI - Bộ TT&TT),903/QĐ-BTTTT,invalid,https://giayphep.abei.gov.vn/
vf.org.vn,LIÊN ĐOÀN BÓNG ĐÁ VIỆT NAM,GIẤY PHÉP THIẾT LẬP TRANG THÔNG TIN ĐIỆN TỬ TỔNG HỢP,2021-08-27,Giấy phép chính thức (ABEI - Bộ TT&TT),146/GP-TTĐT,valid,https://giayphep.abei.gov.vn/
vfa.gov.vn,CỤC AN TOÀN THỰC PHẨM,GIẤY PHÉP THIẾT LẬP TRANG THÔNG TIN ĐIỆN TỬ TỔNG HỢP,2019-08-22,Giấy phép chính thức (ABEI - Bộ TT&TT),161/GP-TTĐT,valid,https://giayphep.abei.gov.vn/
vffi.vn,CÔNG TY CỔ PHẦN INVESTING VIỆT NAM,GIẤY PHÉP CUNG CẤP DỊCH VỤ MẠNG XÃ HỘI,2021-06-02,Giấy phép chính thức (ABEI - Bộ TT&TT),324/GP-BTTTT,valid,https://giayphep.abei.gov.vn/
vgame.vivas.vn,CÔNG TY TNHH CUNG CẤP GIẢI PHÁP DỊCH VỤ GIÁ TRỊ GIA TĂNG,"GIẤY XÁC NHẬN THÔNG BÁO PHÁT HÀNH TRÒ CHƠI ĐIỆN TỬ G2,G3,G4",2021-11-02,Giấy phép chính thức (ABEI - Bộ TT&TT),180/GXN-PTTH&TTĐT,valid,https://giayphep.abei.gov.vn/
vgg.vn,CÔNG TY CỔ PHẦN GIẢI TRÍ VGG,QUYẾT ĐỊNH PHÁT HÀNH TRÒ CHƠI ĐIỆN TỬ G1 TRÊN MẠNG,2017-09-06,Giấy phép chính thức (ABEI - Bộ TT&TT),1491/QĐ-BTTTT,valid,https://giayphep.abei.gov.vn/
vgm.vn,CÔNG TY CỔ PHẦN ASM VIỆT NAM,QUYẾT ĐỊNH PHÁT HÀNH TRÒ CHƠI ĐIỆN TỬ G1 TRÊN MẠNG,2018-12-10,Giấy phép chính thức (ABEI - Bộ TT&TT),2118/QĐ-BTTTT,valid,https://giayphep.abei.gov.vn/
vgp.vn,CÔNG TY CỔ PHẦN VGP,QUYẾT ĐỊNH PHÁT HÀNH TRÒ CHƠI ĐIỆN TỬ G1 TRÊN MẠNG,2022-12-13,Giấy phép chính thức (ABEI - Bộ TT&TT),2311/QĐ-BTTTT,valid,https://giayphep.abei.gov.vn/
vgpisc.vn,CÔNG TY CỔ PHẦN VGP,QUYẾT ĐỊNH PHÁT HÀNH TRÒ CHƠI ĐIỆN TỬ G1 TRÊN MẠNG,2023-03-27,Giấy phép chính thức (ABEI - Bộ TT&TT),456/QĐ-BTTTT,invalid,https://giayphep.abei.gov.vn/
vgpjsc.vn,CÔNG TY CỔ PHẦN VGP,QUYẾT ĐỊNH PHÁT HÀNH TRÒ CHƠI ĐIỆN TỬ G1 TRÊN MẠNG,2026-07-08,Giấy phép chính thức (ABEI - Bộ TT&TT),404/QĐ-PTTH&TTĐT,valid,https://giayphep.abei.gov.vn/
vgplay.vn,CÔNG TY CỔ PHẦN VGP,QUYẾT ĐỊNH PHÁT HÀNH TRÒ CHƠI ĐIỆN TỬ G1 TRÊN MẠNG,2025-09-25,Giấy phép chính thức (ABEI - Bộ TT&TT),412 /QĐ-PTTH&TTĐT,valid,https://giayphep.abei.gov.vn/
vgsgame.vn,CÔNG TY TNHH THƯƠNG MẠI DỊCH VỤ VGS,QUYẾT ĐỊNH PHÁT HÀNH TRÒ CHƠI ĐIỆN TỬ G1 TRÊN MẠNG,2022-12-05,Giấy phép chính thức (ABEI - Bộ TT&TT),2250/QĐ-BTTTT,valid,https://giayphep.abei.gov.vn/
vhandicap.com,CÔNG TY CỔ PHẦN VIỆT NAM GOLF,GIẤY PHÉP CUNG CẤP DỊCH VỤ MẠNG XÃ HỘI,2024-06-11,Giấy phép chính thức (ABEI - Bộ TT&TT),159/GP-BTTTT,invalid,https://giayphep.abei.gov.vn/
vhandicap.vn,CÔNG TY CỔ PHẦN VIỆT NAM GOLF,GIẤY PHÉP CUNG CẤP DỊCH VỤ MẠNG XÃ HỘI,2024-06-11,Giấy phép chính thức (ABEI - Bộ TT&TT),159/GP-BTTTT,invalid,https://giayphep.abei.gov.vn/
vhdn.vn,TRUNG TÂM VĂN HÓA DOANH NHÂN,GIẤY PHÉP THIẾT LẬP TRANG THÔNG TIN ĐIỆN TỬ TỔNG HỢP,2020-12-03,Giấy phép chính thức (ABEI - Bộ TT&TT),232/GP-TTĐT,valid,https://giayphep.abei.gov.vn/
vhhp.zoneplay.vn,CÔNG TY CỔ PHẦN GZONE MEDIA VIỆT NAM ,QUYẾT ĐỊNH PHÁT HÀNH TRÒ CHƠI ĐIỆN TỬ G1 TRÊN MẠNG,2026-05-05,Giấy phép chính thức (ABEI - Bộ TT&TT),223/QĐ-PTTH&TTĐT,valid,https://giayphep.abei.gov.vn/
vhtk2.3cgame.vn,CÔNG TY CỔ PHẦN CÔNG NGHỆ SỐ 3C,QUYẾT ĐỊNH PHÁT HÀNH TRÒ CHƠI ĐIỆN TỬ G1 TRÊN MẠNG,2025-07-10,Giấy phép chính thức (ABEI - Bộ TT&TT),313/QĐ-PTTH&TTĐT,valid,https://giayphep.abei.gov.vn/
vhtndng.vn,TRƯỜNG TRUNG HỌC VĂN HÓA NGHỆ THUẬT ĐÀ NẴNG,GIẤY PHÉP THIẾT LẬP TRANG THÔNG TIN ĐIỆN TỬ TỔNG HỢP,2013-03-05,Giấy phép chính thức (ABEI - Bộ TT&TT),22/GP-TTĐT,invalid,https://giayphep.abei.gov.vn/
vhttdlkv3.gov.vn,"CƠ QUAN ĐẠI DIỆN VĂN PHÒNG BỘ VĂN HÓA, THỂ THAO VÀ DU LỊCH",GIẤY PHÉP THIẾT LẬP TRANG THÔNG TIN ĐIỆN TỬ TỔNG HỢP,2017-12-27,Giấy phép chính thức (ABEI - Bộ TT&TT),377/GP-TTĐT,invalid,https://giayphep.abei.gov.vn/
vhttdlvinhphuc.vn,"SỞ VĂN HÓA, THỂ THAO VÀ DU LỊCH TỈNH VĨNH PHÚC",GIẤY PHÉP THIẾT LẬP TRANG THÔNG TIN ĐIỆN TỬ TỔNG HỢP,2013-01-31,Giấy phép chính thức (ABEI - Bộ TT&TT),13/GP-TTĐT,invalid,https://giayphep.abei.gov.vn/
vhtv.vn,TRUNG TÂM ĐIỆN ẢNH THỂ THAO VÀ DU LỊCH VIỆT NAM,GIẤY PHÉP THIẾT LẬP TRANG THÔNG TIN ĐIỆN TỬ TỔNG HỢP,2017-05-08,Giấy phép chính thức (ABEI - Bộ TT&TT),13/GPSĐBS-TTĐT,invalid,https://giayphep.abei.gov.vn/
via.gov.vn,CỤC CÔNG NGHIỆP,GIẤY PHÉP THIẾT LẬP TRANG THÔNG TIN ĐIỆN TỬ TỔNG HỢP,2021-08-27,Giấy phép chính thức (ABEI - Bộ TT&TT),149/GP-TTĐT,valid,https://giayphep.abei.gov.vn/
vibiendaovietnam.vn,BÁO QUÂN ĐỘI NHÂN DÂN,GIẤY PHÉP THIẾT LẬP TRANG THÔNG TIN ĐIỆN TỬ TỔNG HỢP,2020-06-24,Giấy phép chính thức (ABEI - Bộ TT&TT),96/GP-TTĐT,valid,https://giayphep.abei.gov.vn/
vicall.vn,CÔNG TY CỔ PHẦN VANO,GIẤY PHÉP CUNG CẤP DỊCH VỤ MẠNG XÃ HỘI,2019-12-10,Giấy phép chính thức (ABEI - Bộ TT&TT),543/GP-BTTTT,valid,https://giayphep.abei.gov.vn/
vicas.org.vn,VIỆN VĂN HÓA NGHỆ THUẬT QUỐC GIA VIỆT NAM,GIẤY PHÉP THIẾT LẬP TRANG THÔNG TIN ĐIỆN TỬ TỔNG HỢP,2022-07-06,Giấy phép chính thức (ABEI - Bộ TT&TT),84/GP-TTĐT,valid,https://giayphep.abei.gov.vn/
vicca.vn,"HIỆP HỘI CÁC CƠ SỞ TIỂU THỦ CÔNG NGHIỆP, THƯƠNG MẠI DỊCH VỤ VIỆT NAM",GIẤY PHÉP THIẾT LẬP TRANG THÔNG TIN ĐIỆN TỬ TỔNG HỢP,2016-04-28,Giấy phép chính thức (ABEI - Bộ TT&TT),40/GP-TTĐT,invalid,https://giayphep.abei.gov.vn/
viccom.net,CÔNG TY CỔ PHẦN VICTORY TECH,GIẤY PHÉP CUNG CẤP DỊCH VỤ MẠNG XÃ HỘI,2022-01-25,Giấy phép chính thức (ABEI - Bộ TT&TT),56/GP-BTTTT,valid,https://giayphep.abei.gov.vn/
viccom.net.vn,CÔNG TY CỔ PHẦN VICTORY TECH,GIẤY PHÉP CUNG CẤP DỊCH VỤ MẠNG XÃ HỘI,2022-01-25,Giấy phép chính thức (ABEI - Bộ TT&TT),56/GP-BTTTT,valid,https://giayphep.abei.gov.vn/
viclip.vn,CÔNG TY CỔ PHẦN BẠCH MINH,GIẤY PHÉP CUNG CẤP DỊCH VỤ MẠNG XÃ HỘI,2017-08-14,Giấy phép chính thức (ABEI - Bộ TT&TT),390/GP-BTTTT,valid,https://giayphep.abei.gov.vn/
vicocen.vn,TRUNG TÂM THÔNG TIN HỢP TÁC XÃ VIỆT NAM,GIẤY PHÉP THIẾT LẬP TRANG THÔNG TIN ĐIỆN TỬ TỔNG HỢP,2013-07-23,Giấy phép chính thức (ABEI - Bộ TT&TT),98/GP-TTĐT,invalid,https://giayphep.abei.gov.vn/
videohay.vn,TỔNG CÔNG TY VIỄN THÔNG VIETTEL,GIẤY PHÉP CUNG CẤP DỊCH VỤ MẠNG XÃ HỘI,2017-09-19,Giấy phép chính thức (ABEI - Bộ TT&TT),452/GP-BTTTT,valid,https://giayphep.abei.gov.vn/
vieclamlaixe.vn,CÔNG TY CỔ PHẦN TRÁI THỊ VÀNG,GIẤY PHÉP CUNG CẤP DỊCH VỤ MẠNG XÃ HỘI,2019-12-02,Giấy phép chính thức (ABEI - Bộ TT&TT),526/GP-BTTTT,valid,https://giayphep.abei.gov.vn/
vieclamnhamay.vn,CÔNG TY TNHH MTV SANTA,GIẤY PHÉP CUNG CẤP DỊCH VỤ MẠNG XÃ HỘI,2021-06-25,Giấy phép chính thức (ABEI - Bộ TT&TT),394/GP-BTTTT,valid,https://giayphep.abei.gov.vn/
vieclamvietnam.com.vn,CỤC VIỆC LÀM,GIẤY PHÉP THIẾT LẬP TRANG THÔNG TIN ĐIỆN TỬ TỔNG HỢP,2016-04-12,Giấy phép chính thức (ABEI - Bộ TT&TT),32/GP-TTĐT,valid,https://giayphep.abei.gov.vn/
vieclamvietnam.gov.vn,CỤC VIỆC LÀM,GIẤY PHÉP THIẾT LẬP TRANG THÔNG TIN ĐIỆN TỬ TỔNG HỢP,2016-04-12,Giấy phép chính thức (ABEI - Bộ TT&TT),32/GP-TTĐT,valid,https://giayphep.abei.gov.vn/
vieclamvietnam.vn,CỤC VIỆC LÀM,GIẤY PHÉP THIẾT LẬP TRANG THÔNG TIN ĐIỆN TỬ TỔNG HỢP,2016-04-12,Giấy phép chính thức (ABEI - Bộ TT&TT),32/GP-TTĐT,valid,https://giayphep.abei.gov.vn/
viemduonghohap.vn,CÔNG TY TNHH THƯƠNG MẠI VÀ TRUYỀN THÔNG PHƯƠNG NAM,GIẤY PHÉP CUNG CẤP DỊCH VỤ MẠNG XÃ HỘI,2019-09-27,Giấy phép chính thức (ABEI - Bộ TT&TT),410/GP-BTTTT,valid,https://giayphep.abei.gov.vn/
vienchinhmobile.vn,CÔNG TY TNHH SOHA,QUYẾT ĐỊNH PHÁT HÀNH TRÒ CHƠI ĐIỆN TỬ G1 TRÊN MẠNG,2021-10-13,Giấy phép chính thức (ABEI - Bộ TT&TT),1588/QĐ-BTTTT,invalid,https://giayphep.abei.gov.vn/
viendinhduong.vn,VIỆN DINH DƯỠNG,GIẤY PHÉP THIẾT LẬP TRANG THÔNG TIN ĐIỆN TỬ TỔNG HỢP,2023-06-05,Giấy phép chính thức (ABEI - Bộ TT&TT),89/GP-TTĐT,valid,https://giayphep.abei.gov.vn/
vienkhoahocthanhtra.gov.vn,VIỆN KHOA HỌC THANH TRA,GIẤY PHÉP THIẾT LẬP TRANG THÔNG TIN ĐIỆN TỬ TỔNG HỢP,2016-03-31,Giấy phép chính thức (ABEI - Bộ TT&TT),24/GP-TTĐT,invalid,https://giayphep.abei.gov.vn/
vienkiemsatlangson.gov.vn,VIỆN KIỂM SÁT NHÂN DÂN TỈNH LẠNG SƠN,GIẤY PHÉP THIẾT LẬP TRANG THÔNG TIN ĐIỆN TỬ TỔNG HỢP,2013-01-11,Giấy phép chính thức (ABEI - Bộ TT&TT),04/GP-TTĐT,invalid,https://giayphep.abei.gov.vn/
vienphapluat.vn,VIỆN NGHIÊN CỨU PHÁP LUẬT VÀ TRỢ GIÚP PHÁP LÝ,GIẤY PHÉP THIẾT LẬP TRANG THÔNG TIN ĐIỆN TỬ TỔNG HỢP,2021-10-15,Giấy phép chính thức (ABEI - Bộ TT&TT),177/GP-TTĐT,valid,https://giayphep.abei.gov.vn/
vienquanlykinhtemoitruong.vn,VIỆN QUẢN LÝ KINH TẾ VÀ MÔI TRƯỜNG,GIẤY PHÉP THIẾT LẬP TRANG THÔNG TIN ĐIỆN TỬ TỔNG HỢP,2020-05-13,Giấy phép chính thức (ABEI - Bộ TT&TT),64/GP-TTĐT,valid,https://giayphep.abei.gov.vn/
vienthiduakhenthuongvietnam.com,"VIỆN THI ĐUA, KHEN THƯỞNG VIỆT NAM",GIẤY PHÉP THIẾT LẬP TRANG THÔNG TIN ĐIỆN TỬ TỔNG HỢP,2021-02-05,Giấy phép chính thức (ABEI - Bộ TT&TT),27/GP-TTĐT,valid,https://giayphep.abei.gov.vn/
vienthiduakhenthuongvietnam.com.vn,"VIỆN THI ĐUA, KHEN THƯỞNG VIỆT NAM",GIẤY PHÉP THIẾT LẬP TRANG THÔNG TIN ĐIỆN TỬ TỔNG HỢP,2021-02-05,Giấy phép chính thức (ABEI - Bộ TT&TT),27/GP-TTĐT,valid,https://giayphep.abei.gov.vn/
vienthiduakhenthuongvietnam.vn,"VIỆN THI ĐUA, KHEN THƯỞNG VIỆT NAM",GIẤY PHÉP THIẾT LẬP TRANG THÔNG TIN ĐIỆN TỬ TỔNG HỢP,2021-02-05,Giấy phép chính thức (ABEI - Bộ TT&TT),27/GP-TTĐT,valid,https://giayphep.abei.gov.vn/
vieon.vn,CÔNG TY CỔ PHẦN VIEON,GIẤY PHÉP CUNG CẤP DỊCH VỤ MẠNG XÃ HỘI,2026-02-06,Giấy phép chính thức (ABEI - Bộ TT&TT),17/GP-BVHTTDL,valid,https://giayphep.abei.gov.vn/
vietbao.vn,TRUNG TÂM BÁO CHÍ VÀ HỢP TÁC TRUYỀN THÔNG QUỐC TẾ,GIẤY PHÉP THIẾT LẬP TRANG THÔNG TIN ĐIỆN TỬ TỔNG HỢP,2018-06-07,Giấy phép chính thức (ABEI - Bộ TT&TT),148/GP-TTĐT,valid,https://giayphep.abei.gov.vn/
vietbeauty.net.vn,CÔNG TY CỔ PHẦN TẬP ĐOÀN TRUYỀN THÔNG TRI ÂN,GIẤY PHÉP CUNG CẤP DỊCH VỤ MẠNG XÃ HỘI,2020-06-26,Giấy phép chính thức (ABEI - Bộ TT&TT),269/GP-BTTTT,valid,https://giayphep.abei.gov.vn/
vietbuildforum.vn,CÔNG TY TNHH ĐẦU TƯ PHÁT TRIỂN DỊCH VỤ GIA LỘC,GIẤY PHÉP CUNG CẤP DỊCH VỤ MẠNG XÃ HỘI,2020-10-07,Giấy phép chính thức (ABEI - Bộ TT&TT),448/GP-BTTTT,valid,https://giayphep.abei.gov.vn/
vietbuildplus.vn,CÔNG TY CỔ PHẦN VIETBUILD PLUS,GIẤY PHÉP CUNG CẤP DỊCH VỤ MẠNG XÃ HỘI,2020-01-20,Giấy phép chính thức (ABEI - Bộ TT&TT),30 /GP-BTTTT,valid,https://giayphep.abei.gov.vn/
vietcetera.com.vn,CÔNG TY TNHH VIETCETERA,GIẤY PHÉP CUNG CẤP DỊCH VỤ MẠNG XÃ HỘI,2021-01-29,Giấy phép chính thức (ABEI - Bộ TT&TT),69/GP-BTTTT,valid,https://giayphep.abei.gov.vn/
vietcetera.vn,CÔNG TY TNHH VIETCETERA,GIẤY PHÉP CUNG CẤP DỊCH VỤ MẠNG XÃ HỘI,2021-01-29,Giấy phép chính thức (ABEI - Bộ TT&TT),69/GP-BTTTT,valid,https://giayphep.abei.gov.vn/
vietdvm.com,CÔNG TY CỔ PHẦN ỨNG DỤNG VÀ TRUYỀN THÔNG X7PLUS,GIẤY PHÉP CUNG CẤP DỊCH VỤ MẠNG XÃ HỘI,2017-08-14,Giấy phép chính thức (ABEI - Bộ TT&TT),391/GP-BTTTT,valid,https://giayphep.abei.gov.vn/
vietdvm.vn,CÔNG TY CỔ PHẦN ỨNG DỤNG VÀ TRUYỀN THÔNG X7PLUS,GIẤY PHÉP CUNG CẤP DỊCH VỤ MẠNG XÃ HỘI,2017-08-14,Giấy phép chính thức (ABEI - Bộ TT&TT),391/GP-BTTTT,valid,https://giayphep.abei.gov.vn/
vietexplore.vn,CÔNG TY CỔ PHẦN TRUYỀN THÔNG TỰ HÀO VIỆT,GIẤY PHÉP CUNG CẤP DỊCH VỤ MẠNG XÃ HỘI,2024-01-04,Giấy phép chính thức (ABEI - Bộ TT&TT),05/GP-BTTTT,valid,https://giayphep.abei.gov.vn/
vietkiem3d.vn,CÔNG TY CỔ PHẦN TEPAYLINK,QUYẾT ĐỊNH PHÁT HÀNH TRÒ CHƠI ĐIỆN TỬ G1 TRÊN MẠNG,2025-02-26,Giấy phép chính thức (ABEI - Bộ TT&TT),56/QĐ-PTTH&TTĐT,valid,https://giayphep.abei.gov.vn/
vietmy.net.vn,TẠP CHÍ VIỆT - MỸ,GIẤY PHÉP THIẾT LẬP TRANG THÔNG TIN ĐIỆN TỬ TỔNG HỢP,2018-07-09,Giấy phép chính thức (ABEI - Bộ TT&TT),173/GP-TTĐT,invalid,https://giayphep.abei.gov.vn/
vietnam.vn,CỤC THÔNG TIN ĐỐI NGOẠI,GIẤY PHÉP THIẾT LẬP TRANG THÔNG TIN ĐIỆN TỬ TỔNG HỢP,2023-03-21,Giấy phép chính thức (ABEI - Bộ TT&TT),36/GP-TTĐT,invalid,https://giayphep.abei.gov.vn/
vietnamasean.vn,CỤC THÔNG TIN ĐỐI NGOẠI,GIẤY PHÉP THIẾT LẬP TRANG THÔNG TIN ĐIỆN TỬ TỔNG HỢP,2015-09-11,Giấy phép chính thức (ABEI - Bộ TT&TT),136/GP-TTĐT,invalid,https://giayphep.abei.gov.vn/
vietnambeauty.com.vn,CÔNG TY TNHH XÚC TIẾN ĐẦU TƯ VÀ TƯ VẤN BẤT ĐỘNG SẢN SÀI GÒN,GIẤY PHÉP CUNG CẤP DỊCH VỤ MẠNG XÃ HỘI,2020-09-18,Giấy phép chính thức (ABEI - Bộ TT&TT),400/GP-BTTTT,valid,https://giayphep.abei.gov.vn/
vietnambizforum.vn,CÔNG TY TNHH TƯ VẤN DỊCH VỤ MEDIA TIMES,GIẤY PHÉP CUNG CẤP DỊCH VỤ MẠNG XÃ HỘI,2020-07-14,Giấy phép chính thức (ABEI - Bộ TT&TT),293/GP-BTTTT,valid,https://giayphep.abei.gov.vn/
vietnambusinessinsider.vn,CÔNG TY TNHH TRUYỀN THÔNG QUẢNG CÁO NGƯỜI ĐỒNG HÀNH,GIẤY PHÉP CUNG CẤP DỊCH VỤ MẠNG XÃ HỘI,2019-11-05,Giấy phép chính thức (ABEI - Bộ TT&TT),477/GP-BTTTT,valid,https://giayphep.abei.gov.vn/
vietnamenergy.vn,TẠP CHÍ NĂNG LƯỢNG VIỆT NAM,GIẤY PHÉP THIẾT LẬP TRANG THÔNG TIN ĐIỆN TỬ TỔNG HỢP,2018-03-30,Giấy phép chính thức (ABEI - Bộ TT&TT),66/GP-TTĐT,valid,https://giayphep.abei.gov.vn/
vietnamexport.com,TRUNG TÂM PHÁT TRIỂN THƯƠNG MẠI ĐIỆN TỬ,GIẤY PHÉP THIẾT LẬP TRANG THÔNG TIN ĐIỆN TỬ TỔNG HỢP,2021-05-06,Giấy phép chính thức (ABEI - Bộ TT&TT),69/GP-TTĐT,invalid,https://giayphep.abei.gov.vn/
vietnamhoinhap.vn,TẠP CHÍ VIỆT NAM HỘI NHẬP,GIẤY PHÉP THIẾT LẬP TRANG THÔNG TIN ĐIỆN TỬ TỔNG HỢP,2017-05-17,Giấy phép chính thức (ABEI - Bộ TT&TT),153/GP-TTĐT,invalid,https://giayphep.abei.gov.vn/
vietnamlifes.vn,CÔNG TY CỔ PHẦN CÔNG NGHỆ CAO LTA QUỐC TẾ,GIẤY PHÉP CUNG CẤP DỊCH VỤ MẠNG XÃ HỘI,2019-10-02,Giấy phép chính thức (ABEI - Bộ TT&TT),417/GP-BTTTT,valid,https://giayphep.abei.gov.vn/
vietnamlink.vn,CÔNG TY TNHH TRUYỀN THÔNG VÀ DU LỊCH QUỐC TẾ ICC,GIẤY PHÉP CUNG CẤP DỊCH VỤ MẠNG XÃ HỘI,2023-04-17,Giấy phép chính thức (ABEI - Bộ TT&TT),126/GP-BTTTT,valid,https://giayphep.abei.gov.vn/
vietnampropertyforum.vn,CÔNG TY TNHH XÚC TIẾN ĐẦU TƯ VÀ TƯ VẤN  BẤT ĐỘNG SẢN SÀI GÒN,GIẤY PHÉP CUNG CẤP DỊCH VỤ MẠNG XÃ HỘI,2019-12-10,Giấy phép chính thức (ABEI - Bộ TT&TT),537/GP-BTTTT,valid,https://giayphep.abei.gov.vn/
vietnamsummercamp.vn,TẠP CHÍ QUÊ HƯƠNG,GIẤY PHÉP THIẾT LẬP TRANG THÔNG TIN ĐIỆN TỬ TỔNG HỢP,2016-02-23,Giấy phép chính thức (ABEI - Bộ TT&TT),14/GP-TTĐT,invalid,https://giayphep.abei.gov.vn/
vietnamtotravel.vn,CÔNG TY TNHH VIETNAM TO TRAVEL,GIẤY PHÉP CUNG CẤP DỊCH VỤ MẠNG XÃ HỘI,2021-03-26,Giấy phép chính thức (ABEI - Bộ TT&TT),180/GP-BTTTT,valid,https://giayphep.abei.gov.vn/
vietnamtourism.com,TRUNG TÂM THÔNG TIN DU LỊCH,GIẤY PHÉP THIẾT LẬP TRANG THÔNG TIN ĐIỆN TỬ TỔNG HỢP,2015-07-02,Giấy phép chính thức (ABEI - Bộ TT&TT),85/GP-TTĐT,invalid,https://giayphep.abei.gov.vn/
vietnamtourism.gov.vn,TRUNG TÂM THÔNG TIN DU LỊCH,GIẤY PHÉP THIẾT LẬP TRANG THÔNG TIN ĐIỆN TỬ TỔNG HỢP,2015-05-06,Giấy phép chính thức (ABEI - Bộ TT&TT),44/GP-TTĐT,invalid,https://giayphep.abei.gov.vn/
vietnamtraveller.com.vn,CÔNG TY TNHH TRUYỀN THÔNG KHANG TÍN,GIẤY PHÉP CUNG CẤP DỊCH VỤ MẠNG XÃ HỘI,2019-08-12,Giấy phép chính thức (ABEI - Bộ TT&TT),823/GP-BTTTT,valid,https://giayphep.abei.gov.vn/
vietnamtravellife.vn,CÔNG TY TNHH ĐẦU TƯ PHÁT TRIỂN DỊCH VỤ GIA LỘC,GIẤY PHÉP CUNG CẤP DỊCH VỤ MẠNG XÃ HỘI,2020-10-02,Giấy phép chính thức (ABEI - Bộ TT&TT),435/GP-BTTTT,valid,https://giayphep.abei.gov.vn/
vietplant.com.vn,CÔNG TY CỔ PHẦN GIẢI PHÁP THỜI TIẾT WEATHERPUS,GIẤY PHÉP CUNG CẤP DỊCH VỤ MẠNG XÃ HỘI,2023-12-31,Giấy phép chính thức (ABEI - Bộ TT&TT),486/GP-BTTTT,valid,https://giayphep.abei.gov.vn/
vietsmile.vn,CÔNG TY CỔ PHẦN ĐẦU TƯ PHÁT TRIỂN NỤ CƯỜI VIỆT,GIẤY PHÉP CUNG CẤP DỊCH VỤ MẠNG XÃ HỘI,2020-11-24,Giấy phép chính thức (ABEI - Bộ TT&TT),543/GP-BTTTT,valid,https://giayphep.abei.gov.vn/
viettel.vn,TỔNG CÔNG TY VIỄN THÔNG VIETTEL,GIẤY PHÉP CUNG CẤP DỊCH VỤ MẠNG XÃ HỘI,2021-06-25,Giấy phép chính thức (ABEI - Bộ TT&TT),393/GP-BTTTT,valid,https://giayphep.abei.gov.vn/
vifolac.vn,QUỸ HỖ TRỢ SÁNG TẠO VĂN HỌC NGHỆ THUẬT VIỆT NAM,GIẤY PHÉP THIẾT LẬP TRANG THÔNG TIN ĐIỆN TỬ TỔNG HỢP,2017-06-27,Giấy phép chính thức (ABEI - Bộ TT&TT),210/GP-TTĐT,invalid,https://giayphep.abei.gov.vn/
vigame.com.vn,TỔNG CÔNG TY TRUYỀN THÔNG (VNPT),"GIẤY XÁC NHẬN THÔNG BÁO PHÁT HÀNH TRÒ CHƠI ĐIỆN TỬ G2,G3,G4",2022-07-08,Giấy phép chính thức (ABEI - Bộ TT&TT),86/GXN-PTTH&TTĐT,valid,https://giayphep.abei.gov.vn/
vight.mocgame.vn,CÔNG TY CỔ PHẦN TRÒ CHƠI MỘC,QUYẾT ĐỊNH PHÁT HÀNH TRÒ CHƠI ĐIỆN TỬ G1 TRÊN MẠNG,2023-03-24,Giấy phép chính thức (ABEI - Bộ TT&TT),436/QĐ-BTTTT,invalid,https://giayphep.abei.gov.vn/
vihema.gov.vn,CỤC QUẢN LÝ MÔI TRƯỜNG Y TẾ,GIẤY PHÉP THIẾT LẬP TRANG THÔNG TIN ĐIỆN TỬ TỔNG HỢP,2017-07-27,Giấy phép chính thức (ABEI - Bộ TT&TT),250/GP-TTĐT,invalid,https://giayphep.abei.gov.vn/
vikingrise.gamota.com,CÔNG TY CỔ PHẦN GAMOTA,QUYẾT ĐỊNH PHÁT HÀNH TRÒ CHƠI ĐIỆN TỬ G1 TRÊN MẠNG,2024-04-23,Giấy phép chính thức (ABEI - Bộ TT&TT),594/QĐ-BTTTT,valid,https://giayphep.abei.gov.vn/
vilea.com.vn,HIỆP HỘI CHO THUÊ TÀI CHÍNH VIỆT NAM,GIẤY PHÉP THIẾT LẬP TRANG THÔNG TIN ĐIỆN TỬ TỔNG HỢP,2023-09-15,Giấy phép chính thức (ABEI - Bộ TT&TT),159/GP-TTĐT,valid,https://giayphep.abei.gov.vn/
vinabull.vn,CÔNG TY CỔ PHẦN SỰ KIỆN BẾN THÀNH,GIẤY PHÉP CUNG CẤP DỊCH VỤ MẠNG XÃ HỘI,2021-01-21,Giấy phép chính thức (ABEI - Bộ TT&TT),40/GP-BTTTT,valid,https://giayphep.abei.gov.vn/
vinacomin.vn,TẬP ĐOÀN CÔNG NGHIỆP THAN - KHOÁNG SẢN VIỆT NAM,GIẤY PHÉP THIẾT LẬP TRANG THÔNG TIN ĐIỆN TỬ TỔNG HỢP,2020-03-05,Giấy phép chính thức (ABEI - Bộ TT&TT),18 /GP-TTĐT,valid,https://giayphep.abei.gov.vn/
vinanet.com.vn,TRUNG TÂM THÔNG TIN CÔNG NGHIỆP VÀ THƯƠNG MẠI,GIẤY PHÉP THIẾT LẬP TRANG THÔNG TIN ĐIỆN TỬ TỔNG HỢP,2017-11-15,Giấy phép chính thức (ABEI - Bộ TT&TT),342/GPSĐBS-TTĐT,invalid,https://giayphep.abei.gov.vn/
vinanet.vn,TRUNG TÂM THÔNG TIN CÔNG NGHIỆP VÀ THƯƠNG MẠI,GIẤY PHÉP THIẾT LẬP TRANG THÔNG TIN ĐIỆN TỬ TỔNG HỢP,2017-11-15,Giấy phép chính thức (ABEI - Bộ TT&TT),342/GPSĐBS-TTĐT,invalid,https://giayphep.abei.gov.vn/
vinastudy.vn,CÔNG TY CỔ PHẦN GIÁO DỤC VINASTUDY VIỆT NAM,GIẤY PHÉP CUNG CẤP DỊCH VỤ MẠNG XÃ HỘI,2022-01-25,Giấy phép chính thức (ABEI - Bộ TT&TT),54/GP-BTTTT,valid,https://giayphep.abei.gov.vn/
vingegame.vn,CÔNG TY TNHH VMGE,QUYẾT ĐỊNH PHÁT HÀNH TRÒ CHƠI ĐIỆN TỬ G1 TRÊN MẠNG,2023-06-09,Giấy phép chính thức (ABEI - Bộ TT&TT),1013/QĐ-BTTTT,valid,https://giayphep.abei.gov.vn/
vinh.vn,CÔNG TY CỔ PHẦN TRUYỀN THÔNG VINH,GIẤY PHÉP THIẾT LẬP TRANG THÔNG TIN ĐIỆN TỬ TỔNG HỢP,2013-08-22,Giấy phép chính thức (ABEI - Bộ TT&TT),115/GP-TTĐT,invalid,https://giayphep.abei.gov.vn/
vinhhangkynguyen.vn,CÔNG TY CỔ PHẦN GIẢI PHÁP SỐ VISION NETWORK VIỆT NAM,QUYẾT ĐỊNH PHÁT HÀNH TRÒ CHƠI ĐIỆN TỬ G1 TRÊN MẠNG,2021-08-30,Giấy phép chính thức (ABEI - Bộ TT&TT),1329 /QĐ-BTTTT,valid,https://giayphep.abei.gov.vn/
vinhomes.vn,CÔNG TY CỔ PHẦN ĐẦU TƯ VÀ PHÁT TRIỂN ĐỊA ỐC THÀNH PHỐ HOÀNG GIA,GIẤY PHÉP CUNG CẤP DỊCH VỤ MẠNG XÃ HỘI,2020-04-29,Giấy phép chính thức (ABEI - Bộ TT&TT),182/GP-BTTTT,valid,https://giayphep.abei.gov.vn/
vinhphuc.gov.vn,SỞ THÔNG TIN VÀ TRUYỀN THÔNG TỈNH VĨNH PHÚC,GIẤY PHÉP THIẾT LẬP TRANG THÔNG TIN ĐIỆN TỬ TỔNG HỢP,2022-10-28,Giấy phép chính thức (ABEI - Bộ TT&TT),141/GP-TTĐT,valid,https://giayphep.abei.gov.vn/
vinhphucit.gov.vn,TRUNG TÂM THÔNG TIN XÚC TIẾN THƯƠNG MẠI TỈNH VĨNH PHÚC,GIẤY PHÉP THIẾT LẬP TRANG THÔNG TIN ĐIỆN TỬ TỔNG HỢP,2013-08-27,Giấy phép chính thức (ABEI - Bộ TT&TT),123/GP-TTĐT,invalid,https://giayphep.abei.gov.vn/
vinhphuctv.vn,ĐÀI PHÁT THANH VÀ TRUYỀN HÌNH VĨNH PHÚC,GIẤY PHÉP THIẾT LẬP TRANG THÔNG TIN ĐIỆN TỬ TỔNG HỢP,2017-12-07,Giấy phép chính thức (ABEI - Bộ TT&TT),366/GP-TTĐT,valid,https://giayphep.abei.gov.vn/
vinhyen.vinhphuc.gov.vn,ỦY BAN NHÂN DÂN THÀNH PHỐ VĨNH YÊN,GIẤY PHÉP THIẾT LẬP TRANG THÔNG TIN ĐIỆN TỬ TỔNG HỢP,2013-06-11,Giấy phép chính thức (ABEI - Bộ TT&TT),76/GP-TTĐT,invalid,https://giayphep.abei.gov.vn/
vinid.vn,CÔNG TY CỔ PHẦN ONEID,GIẤY PHÉP CUNG CẤP DỊCH VỤ MẠNG XÃ HỘI,2020-12-22,Giấy phép chính thức (ABEI - Bộ TT&TT),614/GP-BTTTT,invalid,https://giayphep.abei.gov.vn/
vinixcorp.vn,CÔNG TY TNHH DỊCH VỤ SỐ PHƯỢNG HOÀNG VIỆT,QUYẾT ĐỊNH PHÁT HÀNH TRÒ CHƠI ĐIỆN TỬ G1 TRÊN MẠNG,2017-01-19,Giấy phép chính thức (ABEI - Bộ TT&TT),64/QĐ-BTTTT,invalid,https://giayphep.abei.gov.vn/
vinpearl.com,CÔNG TY CỔ PHẦN VIN3S,GIẤY PHÉP CUNG CẤP DỊCH VỤ MẠNG XÃ HỘI,2021-05-11,Giấy phép chính thức (ABEI - Bộ TT&TT),253/GP-BTTTT,valid,https://giayphep.abei.gov.vn/
vinpearl.info.vn,CÔNG TY CỔ PHẦN VIN3S,GIẤY PHÉP CUNG CẤP DỊCH VỤ MẠNG XÃ HỘI,2021-05-11,Giấy phép chính thức (ABEI - Bộ TT&TT),253/GP-BTTTT,valid,https://giayphep.abei.gov.vn/
vioplay.vn,Công ty Cổ phần công nghệ Vioplay,QUYẾT ĐỊNH PHÁT HÀNH TRÒ CHƠI ĐIỆN TỬ G1 TRÊN MẠNG,2026-05-25,Giấy phép chính thức (ABEI - Bộ TT&TT),273/QĐ-PTTH&TTĐT,valid,https://giayphep.abei.gov.vn/
vipgame.vn,CÔNG TY CỔ PHẦN ASM VIỆT NAM,QUYẾT ĐỊNH PHÁT HÀNH TRÒ CHƠI ĐIỆN TỬ G1 TRÊN MẠNG,2018-12-10,Giấy phép chính thức (ABEI - Bộ TT&TT),2118/QĐ-BTTTT,valid,https://giayphep.abei.gov.vn/
vishipel.com.vn,CÔNG TY TNHH MTV THÔNG TIN ĐIỆN TỬ HÀNG HẢI VIỆT NAM,GIẤY PHÉP THIẾT LẬP TRANG THÔNG TIN ĐIỆN TỬ TỔNG HỢP,2013-07-16,Giấy phép chính thức (ABEI - Bộ TT&TT),95/GP-TTĐT,invalid,https://giayphep.abei.gov.vn/
visi.ac.vn,VIỆN NGHIÊN CỨU BIỂN VÀ HẢI ĐẢO,GIẤY PHÉP THIẾT LẬP TRANG THÔNG TIN ĐIỆN TỬ TỔNG HỢP,2018-12-27,Giấy phép chính thức (ABEI - Bộ TT&TT),321/GP-TTĐT,valid,https://giayphep.abei.gov.vn/
visiongame.vn,CÔNG TY CỔ PHẦN VISION GAME,QUYẾT ĐỊNH PHÁT HÀNH TRÒ CHƠI ĐIỆN TỬ G1 TRÊN MẠNG,2026-07-07,Giấy phép chính thức (ABEI - Bộ TT&TT),390/QĐ-PTTH&TTĐT,valid,https://giayphep.abei.gov.vn/
visioninveset.com.vn,CÔNG TY CỔ PHẦN ĐẦU TƯ CÔNG NGHỆ VISION INVEST,QUYẾT ĐỊNH PHÁT HÀNH TRÒ CHƠI ĐIỆN TỬ G1 TRÊN MẠNG,2025-01-17,Giấy phép chính thức (ABEI - Bộ TT&TT),63/QĐ-BTTTT,invalid,https://giayphep.abei.gov.vn/
visioninvest.com.vn,CÔNG TY CỔ PHẦN ĐẦU TƯ CÔNG NGHỆ VISION INVEST ,QUYẾT ĐỊNH PHÁT HÀNH TRÒ CHƠI ĐIỆN TỬ G1 TRÊN MẠNG,2025-05-22,Giấy phép chính thức (ABEI - Bộ TT&TT),193/QĐ-PTTH&TTĐT,valid,https://giayphep.abei.gov.vn/
visionnetwork.vn,CÔNG TY CỔ PHẦN GIẢI PHÁP SỐ VISION NETWORK VIỆT NAM ,QUYẾT ĐỊNH PHÁT HÀNH TRÒ CHƠI ĐIỆN TỬ G1 TRÊN MẠNG,2025-09-26,Giấy phép chính thức (ABEI - Bộ TT&TT),417/QĐ-PTTH&TTĐT,valid,https://giayphep.abei.gov.vn/
viva24h.com.vn,CÔNG TY CỔ PHẦN QUẢNG CÁO TRỰC TUYẾN 24H,GIẤY PHÉP CUNG CẤP DỊCH VỤ MẠNG XÃ HỘI,2022-01-25,Giấy phép chính thức (ABEI - Bộ TT&TT),51/GP-BTTTT,valid,https://giayphep.abei.gov.vn/
viva24h.vn,CÔNG TY CỔ PHẦN QUẢNG CÁO TRỰC TUYẾN 24H,GIẤY PHÉP CUNG CẤP DỊCH VỤ MẠNG XÃ HỘI,2022-01-25,Giấy phép chính thức (ABEI - Bộ TT&TT),51/GP-BTTTT,valid,https://giayphep.abei.gov.vn/
vivo.vn,CÔNG TY CỔ PHẦN PHÁT TRIỂN TRUYỀN THÔNG VIVO,GIẤY PHÉP CUNG CẤP DỊCH VỤ MẠNG XÃ HỘI,2017-08-29,Giấy phép chính thức (ABEI - Bộ TT&TT),410/GP-BTTTT,valid,https://giayphep.abei.gov.vn/
vivuvn.com.vn,CÔNG TY CỔ PHẦN CÔNG NGHỆ VIVUVN,GIẤY PHÉP CUNG CẤP DỊCH VỤ MẠNG XÃ HỘI,2023-03-20,Giấy phép chính thức (ABEI - Bộ TT&TT),84/GP-BTTTT,valid,https://giayphep.abei.gov.vn/
vjias.vn,TẠP CHÍ NGHIÊN CỨU ẤN ĐỘ VÀ CHÂU Á,GIẤY PHÉP THIẾT LẬP TRANG THÔNG TIN ĐIỆN TỬ TỔNG HỢP,2020-11-19,Giấy phép chính thức (ABEI - Bộ TT&TT),219/GP-TTĐT,valid,https://giayphep.abei.gov.vn/
vk.360game.vn,CÔNG TY CỔ PHẦN VNG,QUYẾT ĐỊNH PHÁT HÀNH TRÒ CHƠI ĐIỆN TỬ G1 TRÊN MẠNG,2018-03-05,Giấy phép chính thức (ABEI - Bộ TT&TT),286/QĐ-BTTTT,invalid,https://giayphep.abei.gov.vn/
vks.gov.vn,VIỆN KIỂM SÁT NHÂN DÂN TỐI CAO,GIẤY PHÉP THIẾT LẬP TRANG THÔNG TIN ĐIỆN TỬ TỔNG HỢP,2023-03-31,Giấy phép chính thức (ABEI - Bộ TT&TT),44/GP-TTĐT,valid,https://giayphep.abei.gov.vn/
vkscapcaohanoi.gov.vn,VIỆN KIỂM SÁT NHÂN DÂN CẤP CAO TẠI HÀ NỘI,GIẤY PHÉP THIẾT LẬP TRANG THÔNG TIN ĐIỆN TỬ TỔNG HỢP,2019-02-28,Giấy phép chính thức (ABEI - Bộ TT&TT),29/GP-TTĐT,valid,https://giayphep.abei.gov.vn/
vkscapcaohcm.gov.vn,VIỆN KIỂM SÁT NHÂN DÂN CẤP CAO - TẠI THÀNH PHỐ HỒ CHÍ MINH (VIỆN CẤP CAO 3),GIẤY PHÉP THIẾT LẬP TRANG THÔNG TIN ĐIỆN TỬ TỔNG HỢP,2017-11-24,Giấy phép chính thức (ABEI - Bộ TT&TT),350/GP-TTĐT,valid,https://giayphep.abei.gov.vn/
vkskh.gov.vn,VIỆN KIỂM SÁT NHÂN DÂN TỈNH KHÁNH HÒA,GIẤY PHÉP THIẾT LẬP TRANG THÔNG TIN ĐIỆN TỬ TỔNG HỢP,2017-05-24,Giấy phép chính thức (ABEI - Bộ TT&TT),171/GPSĐBS-TTĐT,invalid,https://giayphep.abei.gov.vn/
vksndtc.gov.vn,VIỆN KIỂM SÁT NHÂN DÂN TỐI CAO,GIẤY PHÉP THIẾT LẬP TRANG THÔNG TIN ĐIỆN TỬ TỔNG HỢP,2023-03-31,Giấy phép chính thức (ABEI - Bộ TT&TT),44/GP-TTĐT,valid,https://giayphep.abei.gov.vn/
vlavietnam.org,HỘI CHIẾU SÁNG VIỆT NAM,GIẤY PHÉP THIẾT LẬP TRANG THÔNG TIN ĐIỆN TỬ TỔNG HỢP,2021-03-11,Giấy phép chính thức (ABEI - Bộ TT&TT),37/GP-TTĐT,valid,https://giayphep.abei.gov.vn/
vlblth.goodgame.vn,CÔNG TY TNHH DROID VIỆT NAM,QUYẾT ĐỊNH PHÁT HÀNH TRÒ CHƠI ĐIỆN TỬ G1 TRÊN MẠNG,2024-10-18,Giấy phép chính thức (ABEI - Bộ TT&TT),1792/QĐ-BTTTT,valid,https://giayphep.abei.gov.vn/
vlcm.zing.vn,CÔNG TY CỔ PHẦN VNG,QUYẾT ĐỊNH PHÁT HÀNH TRÒ CHƠI ĐIỆN TỬ G1 TRÊN MẠNG,2025-04-04,Giấy phép chính thức (ABEI - Bộ TT&TT),103/QĐ-PTTH&TTĐT,valid,https://giayphep.abei.gov.vn/
vlcm2.360game.vn,CÔNG TY CỔ PHẦN VNG,QUYẾT ĐỊNH PHÁT HÀNH TRÒ CHƠI ĐIỆN TỬ G1 TRÊN MẠNG,2016-06-01,Giấy phép chính thức (ABEI - Bộ TT&TT),934/QĐ-BTTTT,invalid,https://giayphep.abei.gov.vn/
vldmt.mgol.vn,CÔNG TY TNHH PHẦN MỀM MGOL,QUYẾT ĐỊNH PHÁT HÀNH TRÒ CHƠI ĐIỆN TỬ G1 TRÊN MẠNG,2024-10-18,Giấy phép chính thức (ABEI - Bộ TT&TT),1791/QĐ-BTTTT,valid,https://giayphep.abei.gov.vn/
vlike.vn,CÔNG TY TNHH THƯƠNG MẠI VÀ DỊCH VỤ VLIKE,GIẤY PHÉP CUNG CẤP DỊCH VỤ MẠNG XÃ HỘI,2023-02-13,Giấy phép chính thức (ABEI - Bộ TT&TT),56/GP-BTTTT,valid,https://giayphep.abei.gov.vn/
vlkh.gamota.com,CÔNG TY CỔ PHẦN GAMOTA,QUYẾT ĐỊNH PHÁT HÀNH TRÒ CHƠI ĐIỆN TỬ G1 TRÊN MẠNG,2021-03-26,Giấy phép chính thức (ABEI - Bộ TT&TT),389/QĐ-BTTTT,invalid,https://giayphep.abei.gov.vn/
vlkv3d.1618play.vn,CÔNG TY TNHH 1618PLAY,QUYẾT ĐỊNH PHÁT HÀNH TRÒ CHƠI ĐIỆN TỬ G1 TRÊN MẠNG,2021-06-10,Giấy phép chính thức (ABEI - Bộ TT&TT),795/QĐ-BTTTT,valid,https://giayphep.abei.gov.vn/
vlr.vn,TẠP CHÍ VIỆT NAM LOGISTICS REVIEW,GIẤY PHÉP THIẾT LẬP TRANG THÔNG TIN ĐIỆN TỬ TỔNG HỢP,2015-12-29,Giấy phép chính thức (ABEI - Bộ TT&TT),179/GP-TTĐT,valid,https://giayphep.abei.gov.vn/
vltb.gamota.com,CÔNG TY CỔ PHẦN GAMOTA,QUYẾT ĐỊNH PHÁT HÀNH TRÒ CHƠI ĐIỆN TỬ G1 TRÊN MẠNG,2020-10-26,Giấy phép chính thức (ABEI - Bộ TT&TT),1804/QĐ-BTTTT,valid,https://giayphep.abei.gov.vn/
vlth.vgpjsc.vn,CÔNG TY CỔ PHẦN VGP,QUYẾT ĐỊNH PHÁT HÀNH TRÒ CHƠI ĐIỆN TỬ G1 TRÊN MẠNG,2018-07-26,Giấy phép chính thức (ABEI - Bộ TT&TT),1245/QĐ-BTTTT,invalid,https://giayphep.abei.gov.vn/
vlthientuyet.vn,Công ty Cổ phần Cmatict,QUYẾT ĐỊNH PHÁT HÀNH TRÒ CHƠI ĐIỆN TỬ G1 TRÊN MẠNG,2026-07-17,Giấy phép chính thức (ABEI - Bộ TT&TT),428/QĐ-PTTH&TTĐT,valid,https://giayphep.abei.gov.vn/
vltk.vgpjsc.vn,CÔNG TY CỔ PHẦN VGP,QUYẾT ĐỊNH PHÁT HÀNH TRÒ CHƠI ĐIỆN TỬ G1 TRÊN MẠNG,2017-12-04,Giấy phép chính thức (ABEI - Bộ TT&TT),2222/QĐ-BTTTT,invalid,https://giayphep.abei.gov.vn/
vltk20.vnggames.com,Công ty Cổ phần Tập đoàn VNG,QUYẾT ĐỊNH PHÁT HÀNH TRÒ CHƠI ĐIỆN TỬ G1 TRÊN MẠNG,2025-04-17,Giấy phép chính thức (ABEI - Bộ TT&TT),329/QĐ-PTTH&TTĐT,valid,https://giayphep.abei.gov.vn/
vltk3d.vn,CÔNG TY CỔ PHẦN TEPAYLINK ,QUYẾT ĐỊNH PHÁT HÀNH TRÒ CHƠI ĐIỆN TỬ G1 TRÊN MẠNG,2026-07-17,Giấy phép chính thức (ABEI - Bộ TT&TT),427/QĐ-PTTH&TTĐT,valid,https://giayphep.abei.gov.vn/
vltkevo.vnggames.com,CÔNG TY CỔ PHẦN TẬP ĐOÀN VNG ,QUYẾT ĐỊNH PHÁT HÀNH TRÒ CHƠI ĐIỆN TỬ G1 TRÊN MẠNG,2026-06-10,Giấy phép chính thức (ABEI - Bộ TT&TT),337/QĐ-PTTH&TTĐT,valid,https://giayphep.abei.gov.vn/
vltkh5.zagoo.vn,CÔNG TY TNHH ZIE,QUYẾT ĐỊNH PHÁT HÀNH TRÒ CHƠI ĐIỆN TỬ G1 TRÊN MẠNG,2025-02-18,Giấy phép chính thức (ABEI - Bộ TT&TT),39/QĐ-PTTH&TTĐT,invalid,https://giayphep.abei.gov.vn/
vltkh5.zalogames.me,CÔNG TY TNHH ZIE,QUYẾT ĐỊNH PHÁT HÀNH TRÒ CHƠI ĐIỆN TỬ G1 TRÊN MẠNG,2026-05-18,Giấy phép chính thức (ABEI - Bộ TT&TT),257/QĐ-PTTH&TTĐT,valid,https://giayphep.abei.gov.vn/
vltkh5.zing.vn,CÔNG TY CỔ PHẦN VNG,QUYẾT ĐỊNH PHÁT HÀNH TRÒ CHƠI ĐIỆN TỬ G1 TRÊN MẠNG,2018-09-24,Giấy phép chính thức (ABEI - Bộ TT&TT),345/QĐ-BTTTT,invalid,https://giayphep.abei.gov.vn/
vltkm.360game.vn,CÔNG TY CỔ PHẦN TẬP ĐOÀN VNG,QUYẾT ĐỊNH PHÁT HÀNH TRÒ CHƠI ĐIỆN TỬ G1 TRÊN MẠNG,2026-03-05,Giấy phép chính thức (ABEI - Bộ TT&TT),112/QĐ-PTTH&TTĐT,valid,https://giayphep.abei.gov.vn/
vltkm.vnggames.com,CÔNG TY CỔ PHẦN TẬP ĐOÀN VNG,QUYẾT ĐỊNH PHÁT HÀNH TRÒ CHƠI ĐIỆN TỬ G1 TRÊN MẠNG,2026-03-05,Giấy phép chính thức (ABEI - Bộ TT&TT),112/QĐ-PTTH&TTĐT,valid,https://giayphep.abei.gov.vn/
vltkm.zing.vn,CÔNG TY CỔ PHẦN TẬP ĐOÀN VNG,QUYẾT ĐỊNH PHÁT HÀNH TRÒ CHƠI ĐIỆN TỬ G1 TRÊN MẠNG,2026-03-05,Giấy phép chính thức (ABEI - Bộ TT&TT),112/QĐ-PTTH&TTĐT,valid,https://giayphep.abei.gov.vn/
vltkmax.vnggames.com,CÔNG TY CỔ PHẦN TẬP ĐOÀN VNG,QUYẾT ĐỊNH PHÁT HÀNH TRÒ CHƠI ĐIỆN TỬ G1 TRÊN MẠNG,2026-07-15,Giấy phép chính thức (ABEI - Bộ TT&TT),421/QĐ-PTTH&TTĐT,valid,https://giayphep.abei.gov.vn/
vltkmax.zing.vn,CÔNG TY CỔ PHẦN TẬP ĐOÀN VNG,QUYẾT ĐỊNH PHÁT HÀNH TRÒ CHƠI ĐIỆN TỬ G1 TRÊN MẠNG,2026-07-15,Giấy phép chính thức (ABEI - Bộ TT&TT),421/QĐ-PTTH&TTĐT,valid,https://giayphep.abei.gov.vn/
vltkw.zing.vn,CÔNG TY CỔ PHẦN VNG,QUYẾT ĐỊNH PHÁT HÀNH TRÒ CHƠI ĐIỆN TỬ G1 TRÊN MẠNG,2017-03-05,Giấy phép chính thức (ABEI - Bộ TT&TT),661/QĐ-BTTTT,invalid,https://giayphep.abei.gov.vn/
vltn.fingame.vn,CÔNG TY CỔ PHẦN GIẢI TRÍ VÀ CÔNG NGHỆ PERFIN,QUYẾT ĐỊNH PHÁT HÀNH TRÒ CHƠI ĐIỆN TỬ G1 TRÊN MẠNG,2025-09-26,Giấy phép chính thức (ABEI - Bộ TT&TT),418/QĐ-PTTH&TTĐT,invalid,https://giayphep.abei.gov.vn/
vltn.pgame.vn,CÔNG TY CỔ PHẦN GIẢI TRÍ VÀ CÔNG NGHỆ PERFIN,QUYẾT ĐỊNH PHÁT HÀNH TRÒ CHƠI ĐIỆN TỬ G1 TRÊN MẠNG,2026-03-31,Giấy phép chính thức (ABEI - Bộ TT&TT),161/QĐ-PTTH&TTĐT,valid,https://giayphep.abei.gov.vn/
vmah.zoneplay.vn,CÔNG TY CỔ PHẦN GZONE MEDIA VIỆT NAM ,QUYẾT ĐỊNH PHÁT HÀNH TRÒ CHƠI ĐIỆN TỬ G1 TRÊN MẠNG,2026-03-31,Giấy phép chính thức (ABEI - Bộ TT&TT),160/QĐ-PTTH&TTĐT,valid,https://giayphep.abei.gov.vn/
vmeegame.vn,CÔNG TY TNHH VMGE,QUYẾT ĐỊNH PHÁT HÀNH TRÒ CHƠI ĐIỆN TỬ G1 TRÊN MẠNG,2023-06-09,Giấy phép chính thức (ABEI - Bộ TT&TT),1014/QĐ-BTTTT,invalid,https://giayphep.abei.gov.vn/
vmge.vn,CÔNG TY TNHH VMGE ,QUYẾT ĐỊNH PHÁT HÀNH TRÒ CHƠI ĐIỆN TỬ G1 TRÊN MẠNG,2026-02-06,Giấy phép chính thức (ABEI - Bộ TT&TT),54/QĐ-PTTH&TTĐT,valid,https://giayphep.abei.gov.vn/
vmgegame.vn,CÔNG TY TNHH VMGE,QUYẾT ĐỊNH PHÁT HÀNH TRÒ CHƠI ĐIỆN TỬ G1 TRÊN MẠNG,2024-05-31,Giấy phép chính thức (ABEI - Bộ TT&TT),887/QĐ-BTTTT,valid,https://giayphep.abei.gov.vn/
vmkt.zoneplay.vn,CÔNG TY CỔ PHẦN GZONE MEDIA VIỆT NAM,QUYẾT ĐỊNH PHÁT HÀNH TRÒ CHƠI ĐIỆN TỬ G1 TRÊN MẠNG,2021-02-05,Giấy phép chính thức (ABEI - Bộ TT&TT),149 /QĐ-BTTTT,valid,https://giayphep.abei.gov.vn/
vn-z.vn,CÔNG TY TNHH CÔNG NGHỆ KHOÁNG SẢN MINH DŨNG,GIẤY PHÉP CUNG CẤP DỊCH VỤ MẠNG XÃ HỘI,2019-09-13,Giấy phép chính thức (ABEI - Bộ TT&TT),386/GP-BTTTT,valid,https://giayphep.abei.gov.vn/
vnb.com.vn,CÔNG TY CỔ PHẦN QUẢNG CÁO PHÁT HÀNH DOANH NHÂN,GIẤY PHÉP CUNG CẤP DỊCH VỤ MẠNG XÃ HỘI,2020-11-26,Giấy phép chính thức (ABEI - Bộ TT&TT),547/GP-BTTTT,valid,https://giayphep.abei.gov.vn/
vnba.org.vn,HIỆP HỘI NGÂN HÀNG VIỆT NAM,GIẤY PHÉP THIẾT LẬP TRANG THÔNG TIN ĐIỆN TỬ TỔNG HỢP,2021-03-09,Giấy phép chính thức (ABEI - Bộ TT&TT),34/GP-TTĐT,valid,https://giayphep.abei.gov.vn/
vnbrands.vn,CÔNG TY CỔ PHẦN THƯƠNG HIỆU VIỆT NAM,GIẤY PHÉP CUNG CẤP DỊCH VỤ MẠNG XÃ HỘI,2020-11-25,Giấy phép chính thức (ABEI - Bộ TT&TT),546/GP-BTTTT,valid,https://giayphep.abei.gov.vn/
vncdc.gov.vn,CỤC Y TẾ DỰ PHÒNG,GIẤY PHÉP THIẾT LẬP TRANG THÔNG TIN ĐIỆN TỬ TỔNG HỢP,2013-02-27,Giấy phép chính thức (ABEI - Bộ TT&TT),18/GP-TTĐT,invalid,https://giayphep.abei.gov.vn/
vnduca.com.vn,CÔNG TY CỔ PHẦN PHÁT TRIỂN ỨNG DỤNG DI ĐỘNG SÁNG TẠO HỮU ÍCH,GIẤY PHÉP CUNG CẤP DỊCH VỤ MẠNG XÃ HỘI,2021-07-13,Giấy phép chính thức (ABEI - Bộ TT&TT),435/GP-BTTTT,valid,https://giayphep.abei.gov.vn/
vneecc.gov.vn,VỤ TIẾT KIỆM NĂNG LƯỢNG VÀ PHÁT TRIỂN BỀN VỮNG,GIẤY PHÉP THIẾT LẬP TRANG THÔNG TIN ĐIỆN TỬ TỔNG HỢP,2019-08-13,Giấy phép chính thức (ABEI - Bộ TT&TT),148/GP-TTĐT,valid,https://giayphep.abei.gov.vn/
vnews.gov.vn,TRUNG TÂM TRUYỀN HÌNH THÔNG TẤN,GIẤY PHÉP THIẾT LẬP TRANG THÔNG TIN ĐIỆN TỬ TỔNG HỢP,2017-11-03,Giấy phép chính thức (ABEI - Bộ TT&TT),329/GP-TTĐT,valid,https://giayphep.abei.gov.vn/
vnf.info.vn,CÔNG TY CỔ PHẦN PHÁT TRIỂN TRUYỀN THÔNG NGÔI SAO MỚI,GIẤY PHÉP CUNG CẤP DỊCH VỤ MẠNG XÃ HỘI,2021-02-08,Giấy phép chính thức (ABEI - Bộ TT&TT),108/GP-BTTTT,valid,https://giayphep.abei.gov.vn/
vng.com,CÔNG TY CỔ PHẦN VNG,QUYẾT ĐỊNH PHÁT HÀNH TRÒ CHƠI ĐIỆN TỬ G1 TRÊN MẠNG,2016-12-30,Giấy phép chính thức (ABEI - Bộ TT&TT),2363/QĐ-BTTTT,invalid,https://giayphep.abei.gov.vn/
vng.com.vn,CÔNG TY CỔ PHẦN TẬP ĐOÀN VNG,QUYẾT ĐỊNH PHÁT HÀNH TRÒ CHƠI ĐIỆN TỬ G1 TRÊN MẠNG,2026-07-15,Giấy phép chính thức (ABEI - Bộ TT&TT),421/QĐ-PTTH&TTĐT,valid,https://giayphep.abei.gov.vn/
vnggames.com,CÔNG TY CỔ PHẦN TẬP ĐOÀN VNG,QUYẾT ĐỊNH PHÁT HÀNH TRÒ CHƠI ĐIỆN TỬ G1 TRÊN MẠNG,2026-01-15,Giấy phép chính thức (ABEI - Bộ TT&TT),16/QĐ-PTTH&TTĐT,valid,https://giayphep.abei.gov.vn/
vnggames.com.vn,Công ty TNHH VNGGames,QUYẾT ĐỊNH PHÁT HÀNH TRÒ CHƠI ĐIỆN TỬ G1 TRÊN MẠNG,2025-11-14,Giấy phép chính thức (ABEI - Bộ TT&TT),511/QĐ-PTTH&TTĐT,valid,https://giayphep.abei.gov.vn/
vnggames.net,CÔNG TY CỔ PHẦN VNG,QUYẾT ĐỊNH PHÁT HÀNH TRÒ CHƠI ĐIỆN TỬ G1 TRÊN MẠNG,2024-03-19,Giấy phép chính thức (ABEI - Bộ TT&TT),342/QĐ-BTTTT,invalid,https://giayphep.abei.gov.vn/
vnggames.vn,Công ty TNHH VNGGames ,QUYẾT ĐỊNH PHÁT HÀNH TRÒ CHƠI ĐIỆN TỬ G1 TRÊN MẠNG,2026-07-15,Giấy phép chính thức (ABEI - Bộ TT&TT),418/QĐ-PTTH&TTĐT,valid,https://giayphep.abei.gov.vn/
vngreen.vn,TẠP CHÍ KINH TẾ MÔI TRƯỜNG,GIẤY PHÉP CUNG CẤP DỊCH VỤ MẠNG XÃ HỘI,2021-03-10,Giấy phép chính thức (ABEI - Bộ TT&TT),151/GP-BTTTT,valid,https://giayphep.abei.gov.vn/
vnhot.com.vn,TRUNG TÂM ĐIỀU PHỐI QUỐC GIA VỀ GHÉP BỘ PHẬN CƠ THỂ NGƯỜI,GIẤY PHÉP THIẾT LẬP TRANG THÔNG TIN ĐIỆN TỬ TỔNG HỢP,2017-08-24,Giấy phép chính thức (ABEI - Bộ TT&TT),278/GP-TTĐT,valid,https://giayphep.abei.gov.vn/
vnhot.vn,TRUNG TÂM ĐIỀU PHỐI QUỐC GIA VỀ GHÉP BỘ PHẬN CƠ THỂ NGƯỜI,GIẤY PHÉP THIẾT LẬP TRANG THÔNG TIN ĐIỆN TỬ TỔNG HỢP,2017-08-24,Giấy phép chính thức (ABEI - Bộ TT&TT),278/GP-TTĐT,valid,https://giayphep.abei.gov.vn/
vnmh.com.vn,BẢO TÀNG LỊCH SỬ QUỐC GIA,GIẤY PHÉP THIẾT LẬP TRANG THÔNG TIN ĐIỆN TỬ TỔNG HỢP,2020-09-24,Giấy phép chính thức (ABEI - Bộ TT&TT),176/GP-TTĐT,valid,https://giayphep.abei.gov.vn/
vnmha.gov.vn,TỔNG CỤC KHÍ TƯỢNG THỦY VĂN,GIẤY PHÉP THIẾT LẬP TRANG THÔNG TIN ĐIỆN TỬ TỔNG HỢP,2020-03-24,Giấy phép chính thức (ABEI - Bộ TT&TT),24/GP-TTĐT,invalid,https://giayphep.abei.gov.vn/
vnnic.vn,TRUNG TÂM INTERNET VIỆT NAM,GIẤY PHÉP THIẾT LẬP TRANG THÔNG TIN ĐIỆN TỬ TỔNG HỢP,2020-04-24,Giấy phép chính thức (ABEI - Bộ TT&TT),51/GP-TTĐT,invalid,https://giayphep.abei.gov.vn/
vnnplus.vn,CÔNG TY CỔ PHẦN TRUYỀN THÔNG VNNPLUS,QUYẾT ĐỊNH PHÁT HÀNH TRÒ CHƠI ĐIỆN TỬ G1 TRÊN MẠNG,2016-02-22,Giấy phép chính thức (ABEI - Bộ TT&TT),245/QĐ-BTTTT,invalid,https://giayphep.abei.gov.vn/
vnpt.com.vn,TẬP ĐOÀN BƯU CHÍNH VIỄN THÔNG VIỆT NAM,GIẤY PHÉP THIẾT LẬP TRANG THÔNG TIN ĐIỆN TỬ TỔNG HỢP,2019-04-09,Giấy phép chính thức (ABEI - Bộ TT&TT),62/GP-TTĐT,valid,https://giayphep.abei.gov.vn/
vnpt.vn,TRUNG TÂM THÔNG TIN VÀ QUAN HỆ CÔNG CHÚNG,GIẤY PHÉP THIẾT LẬP TRANG THÔNG TIN ĐIỆN TỬ TỔNG HỢP,2013-01-16,Giấy phép chính thức (ABEI - Bộ TT&TT),06/GP-TTĐT,invalid,https://giayphep.abei.gov.vn/
vnr.net.vn,CÔNG TY CỔ PHẦN BKAV,GIẤY PHÉP CUNG CẤP DỊCH VỤ MẠNG XÃ HỘI,2022-10-17,Giấy phép chính thức (ABEI - Bộ TT&TT),499/GP-BTTTT,valid,https://giayphep.abei.gov.vn/
vnr500.com.vn,CÔNG TY CỔ PHẦN BÁO CÁO ĐÁNH GIÁ VIỆT NAM,GIẤY PHÉP CUNG CẤP DỊCH VỤ MẠNG XÃ HỘI,2019-10-16,Giấy phép chính thức (ABEI - Bộ TT&TT),447/GP-BTTTT,valid,https://giayphep.abei.gov.vn/
vnreport.vn,CÔNG TY TNHH TRUYỀN THÔNG ĐA PHƯƠNG TIỆN DIGIMOVE,GIẤY PHÉP CUNG CẤP DỊCH VỤ MẠNG XÃ HỘI,2021-06-02,Giấy phép chính thức (ABEI - Bộ TT&TT),330/GP-BTTTT,valid,https://giayphep.abei.gov.vn/
vnreview.vn,CÔNG TY CỔ PHẦN BKAV,GIẤY PHÉP CUNG CẤP DỊCH VỤ MẠNG XÃ HỘI,2022-10-17,Giấy phép chính thức (ABEI - Bộ TT&TT),499/GP-BTTTT,valid,https://giayphep.abei.gov.vn/
vnstelecom.vn,CÔNG TY CỔ PHẦN GIẢI PHÁP VÀ DỊCH VỤ VIỄN THÔNG VIỆT NAM,QUYẾT ĐỊNH PHÁT HÀNH TRÒ CHƠI ĐIỆN TỬ G1 TRÊN MẠNG,2016-03-30,Giấy phép chính thức (ABEI - Bộ TT&TT),452/QĐ-BTTTT,invalid,https://giayphep.abei.gov.vn/
vnta.gov.vn,CỤC VIỄN THÔNG,GIẤY PHÉP THIẾT LẬP TRANG THÔNG TIN ĐIỆN TỬ TỔNG HỢP,2015-12-01,Giấy phép chính thức (ABEI - Bộ TT&TT),167/GP-TTĐT,valid,https://giayphep.abei.gov.vn/
vntactic.vn,CÔNG TY CỔ PHẦN VIỆT NAM TACTIC,QUYẾT ĐỊNH PHÁT HÀNH TRÒ CHƠI ĐIỆN TỬ G1 TRÊN MẠNG,2020-01-21,Giấy phép chính thức (ABEI - Bộ TT&TT),116/QĐ-BTTTT,valid,https://giayphep.abei.gov.vn/
vntime.vn,TRUNG TÂM DOANH NGHIỆP HỘI NHẬP VÀ PHÁT TRIỂN,GIẤY PHÉP THIẾT LẬP TRANG THÔNG TIN ĐIỆN TỬ TỔNG HỢP,2016-04-06,Giấy phép chính thức (ABEI - Bộ TT&TT),28/GP-TTĐT,valid,https://giayphep.abei.gov.vn/
vnu.vn,TRUNG ƯƠNG HỘI LIÊN HIỆP PHỤ NỮ VIỆT NAM,GIẤY PHÉP THIẾT LẬP TRANG THÔNG TIN ĐIỆN TỬ TỔNG HỢP,2017-05-29,Giấy phép chính thức (ABEI - Bộ TT&TT),179/GP-TTĐT,invalid,https://giayphep.abei.gov.vn/
vnvim.vn,VIỆN BÁO CHÍ VÀ TRUYỀN THÔNG XÃ HỘI,GIẤY PHÉP THIẾT LẬP TRANG THÔNG TIN ĐIỆN TỬ TỔNG HỢP,2018-11-16,Giấy phép chính thức (ABEI - Bộ TT&TT),293/GP-TTĐT,invalid,https://giayphep.abei.gov.vn/
vnvm.vn,VIỆN BÁO CHÍ VÀ TRUYỀN THÔNG XÃ HỘI,GIẤY PHÉP THIẾT LẬP TRANG THÔNG TIN ĐIỆN TỬ TỔNG HỢP,2024-01-12,Giấy phép chính thức (ABEI - Bộ TT&TT),06/GP-TTĐT,valid,https://giayphep.abei.gov.vn/
vobth.gosu.vn,CÔNG TY CỔ PHẦN TRỰC TUYẾN GOSU,QUYẾT ĐỊNH PHÁT HÀNH TRÒ CHƠI ĐIỆN TỬ G1 TRÊN MẠNG,2019-03-25,Giấy phép chính thức (ABEI - Bộ TT&TT),359/QĐ-BTTTT,invalid,https://giayphep.abei.gov.vn/
vocuctamquoc.vn,CÔNG TY CỔ PHẦN FUNTAP,QUYẾT ĐỊNH PHÁT HÀNH TRÒ CHƠI ĐIỆN TỬ G1 TRÊN MẠNG,2018-09-11,Giấy phép chính thức (ABEI - Bộ TT&TT),1483/QĐ-BTTTT,valid,https://giayphep.abei.gov.vn/
vocuctiendo.cmn.vn,CÔNG TY CỔ PHẦN TRỰC TUYẾN CMN VIỆT NAM,QUYẾT ĐỊNH PHÁT HÀNH TRÒ CHƠI ĐIỆN TỬ G1 TRÊN MẠNG,2023-11-22,Giấy phép chính thức (ABEI - Bộ TT&TT),2309/QĐ-BTTTT,valid,https://giayphep.abei.gov.vn/
vodanhkiem.playfun.vn,CÔNG TY CỔ PHẦN FUNTAP,QUYẾT ĐỊNH PHÁT HÀNH TRÒ CHƠI ĐIỆN TỬ G1 TRÊN MẠNG,2020-06-26,Giấy phép chính thức (ABEI - Bộ TT&TT),1070 /QĐ-BTTTT,valid,https://giayphep.abei.gov.vn/
vodichtamquoc.vn,CÔNG TY CỔ PHẦN VCCORP,QUYẾT ĐỊNH PHÁT HÀNH TRÒ CHƠI ĐIỆN TỬ G1 TRÊN MẠNG,2018-03-20,Giấy phép chính thức (ABEI - Bộ TT&TT),389/QĐ-BTTTT,invalid,https://giayphep.abei.gov.vn/
vodichtutiengioi.vn,CÔNG TY CỔ PHẦN VTC DỊCH VỤ DI ĐỘNG,QUYẾT ĐỊNH PHÁT HÀNH TRÒ CHƠI ĐIỆN TỬ G1 TRÊN MẠNG,2026-04-15,Giấy phép chính thức (ABEI - Bộ TT&TT),194/QĐ-PTTH&TTĐT,valid,https://giayphep.abei.gov.vn/
voh.com.vn,ĐÀI TIẾNG NÓI NHÂN DÂN THÀNH PHỐ HỒ CHÍ MINH,GIẤY PHÉP THIẾT LẬP TRANG THÔNG TIN ĐIỆN TỬ TỔNG HỢP,2020-07-08,Giấy phép chính thức (ABEI - Bộ TT&TT),114/GP-TTĐT,valid,https://giayphep.abei.gov.vn/
vohiep.fungames.vn,CÔNG TY TNHH TRUYỀN THÔNG FUNFINITY STUDIO,QUYẾT ĐỊNH PHÁT HÀNH TRÒ CHƠI ĐIỆN TỬ G1 TRÊN MẠNG,2026-02-10,Giấy phép chính thức (ABEI - Bộ TT&TT),68/QĐ-PTTH&TTĐT,valid,https://giayphep.abei.gov.vn/
vohonchien.vn,CÔNG TY CỔ PHẦN VTC DỊCH VỤ DI ĐỘNG,QUYẾT ĐỊNH PHÁT HÀNH TRÒ CHƠI ĐIỆN TỬ G1 TRÊN MẠNG,2019-12-16,Giấy phép chính thức (ABEI - Bộ TT&TT),2195/QĐ-BTTTT,invalid,https://giayphep.abei.gov.vn/
vohondailuc.vnggames.co,CÔNG TY CỔ PHẦN TẬP ĐOÀN VNG,QUYẾT ĐỊNH PHÁT HÀNH TRÒ CHƠI ĐIỆN TỬ G1 TRÊN MẠNG,2024-05-10,Giấy phép chính thức (ABEI - Bộ TT&TT),758 /QĐ-BTTTT,invalid,https://giayphep.abei.gov.vn/
vohondailuc.vnggames.com,CÔNG TY CỔ PHẦN VNG,QUYẾT ĐỊNH PHÁT HÀNH TRÒ CHƠI ĐIỆN TỬ G1 TRÊN MẠNG,2025-05-28,Giấy phép chính thức (ABEI - Bộ TT&TT),201/QĐ-PTTH&TTĐT,invalid,https://giayphep.abei.gov.vn/
voicebox.vn,CÔNG TY CỔ PHẦN DỊCH VỤ VÀ TRUYỀN THÔNG CÔNG NGHỆ CAO HTSG,GIẤY PHÉP CUNG CẤP DỊCH VỤ MẠNG XÃ HỘI,2020-01-20,Giấy phép chính thức (ABEI - Bộ TT&TT),33/GP-BTTTT,valid,https://giayphep.abei.gov.vn/
volam.com.vn,CÔNG TY CỔ PHẦN VNG,QUYẾT ĐỊNH PHÁT HÀNH TRÒ CHƠI ĐIỆN TỬ G1 TRÊN MẠNG,2025-04-08,Giấy phép chính thức (ABEI - Bộ TT&TT),104/QĐ-PTTH&TTĐT,valid,https://giayphep.abei.gov.vn/
volam.sohagame.vn,CÔNG TY CỔ PHẦN VCCORP,QUYẾT ĐỊNH PHÁT HÀNH TRÒ CHƠI ĐIỆN TỬ G1 TRÊN MẠNG,2018-04-05,Giấy phép chính thức (ABEI - Bộ TT&TT),487/QĐ-BTTTT,invalid,https://giayphep.abei.gov.vn/
volam2.vngames.com,CÔNG TY CỔ PHẦN VNG,QUYẾT ĐỊNH PHÁT HÀNH TRÒ CHƠI ĐIỆN TỬ G1 TRÊN MẠNG,2025-04-04,Giấy phép chính thức (ABEI - Bộ TT&TT),101/QĐ-PTTH&TTĐT,valid,https://giayphep.abei.gov.vn/
volam2.vnggames.com,CÔNG TY CỔ PHẦN VNG,QUYẾT ĐỊNH PHÁT HÀNH TRÒ CHƠI ĐIỆN TỬ G1 TRÊN MẠNG,2025-04-04,Giấy phép chính thức (ABEI - Bộ TT&TT),101/QĐ-PTTH&TTĐT,valid,https://giayphep.abei.gov.vn/
volamdaihiekhach.sohaga,CÔNG TY TNHH SOHA ,QUYẾT ĐỊNH PHÁT HÀNH TRÒ CHƠI ĐIỆN TỬ G1 TRÊN MẠNG,2025-10-16,Giấy phép chính thức (ABEI - Bộ TT&TT),459/QĐ-PTTH&TTĐT,invalid,https://giayphep.abei.gov.vn/
volamhacdao.sohagame.vn,CÔNG TY TNHH SOHA,QUYẾT ĐỊNH PHÁT HÀNH TRÒ CHƠI ĐIỆN TỬ G1 TRÊN MẠNG,2026-01-20,Giấy phép chính thức (ABEI - Bộ TT&TT),19/QĐ-PTTH&TTĐT,valid,https://giayphep.abei.gov.vn/
volamm.vnggames.com,CÔNG TY CỔ PHẦN TẬP ĐOÀN VNG,QUYẾT ĐỊNH PHÁT HÀNH TRÒ CHƠI ĐIỆN TỬ G1 TRÊN MẠNG,2026-01-23,Giấy phép chính thức (ABEI - Bộ TT&TT),27 /QĐ-PTTH&TTĐT,valid,https://giayphep.abei.gov.vn/
volamm.zing.vn,CÔNG TY CỔ PHẦN TẬP ĐOÀN VNG,QUYẾT ĐỊNH PHÁT HÀNH TRÒ CHƠI ĐIỆN TỬ G1 TRÊN MẠNG,2026-01-23,Giấy phép chính thức (ABEI - Bộ TT&TT),27 /QĐ-PTTH&TTĐT,valid,https://giayphep.abei.gov.vn/
volammienphi.vnggames.com,CÔNG TY CỔ PHẦN VNG,QUYẾT ĐỊNH PHÁT HÀNH TRÒ CHƠI ĐIỆN TỬ G1 TRÊN MẠNG,2025-05-30,Giấy phép chính thức (ABEI - Bộ TT&TT),219/QĐ-PTTH&TTĐT,valid,https://giayphep.abei.gov.vn/
volamminhchu.vn,CÔNG TY CỔ PHẦN VTC DỊCH VỤ DI ĐỘNG,QUYẾT ĐỊNH PHÁT HÀNH TRÒ CHƠI ĐIỆN TỬ G1 TRÊN MẠNG,2017-01-13,Giấy phép chính thức (ABEI - Bộ TT&TT),48/QĐ-BTTTT,invalid,https://giayphep.abei.gov.vn/
volamnh.vnggames.com,CÔNG TY CỔ PHẦN VNG,QUYẾT ĐỊNH PHÁT HÀNH TRÒ CHƠI ĐIỆN TỬ G1 TRÊN MẠNG,2022-11-16,Giấy phép chính thức (ABEI - Bộ TT&TT),2099/QĐ-BTTTT,invalid,https://giayphep.abei.gov.vn/
volamtk.vn,CÔNG TY CỔ PHẦN VTC DỊCH VỤ DI ĐỘNG,QUYẾT ĐỊNH PHÁT HÀNH TRÒ CHƠI ĐIỆN TỬ G1 TRÊN MẠNG,2016-12-14,Giấy phép chính thức (ABEI - Bộ TT&TT),2225/QĐ-BTTTT,invalid,https://giayphep.abei.gov.vn/
volo.vplay.vn,CÔNG TY CỔ PHẦN TRUYỀN HÌNH TƯƠNG TÁC VIỆT NAM,"GIẤY XÁC NHẬN THÔNG BÁO PHÁT HÀNH TRÒ CHƠI ĐIỆN TỬ G2,G3,G4",2023-01-17,Giấy phép chính thức (ABEI - Bộ TT&TT),07/GXN-PTTH&TTĐT,invalid,https://giayphep.abei.gov.vn/
vosongtaydu.vn,CÔNG TY CỔ PHẦN JOYMI ENTERTAINMENT,"GIẤY XÁC NHẬN THÔNG BÁO PHÁT HÀNH TRÒ CHƠI ĐIỆN TỬ G2,G3,G4",2017-03-10,Giấy phép chính thức (ABEI - Bộ TT&TT),84/GXN-PTTH&TTĐT,valid,https://giayphep.abei.gov.vn/
vothan.gaba.vn,CÔNG TY CỔ PHẦN TRÒ CHƠI VEGA,QUYẾT ĐỊNH PHÁT HÀNH TRÒ CHƠI ĐIỆN TỬ G1 TRÊN MẠNG,2018-06-08,Giấy phép chính thức (ABEI - Bộ TT&TT),887/QĐ-BTTTT,invalid,https://giayphep.abei.gov.vn/
vothan3q.playfun.vn,CÔNG TY CỔ PHẦN FUNTAP,QUYẾT ĐỊNH PHÁT HÀNH TRÒ CHƠI ĐIỆN TỬ G1 TRÊN MẠNG,2020-05-21,Giấy phép chính thức (ABEI - Bộ TT&TT),860/QĐ-BTTTT,invalid,https://giayphep.abei.gov.vn/
vothanh.vn,CÔNG TY CỔ PHẦN VCCORP,QUYẾT ĐỊNH PHÁT HÀNH TRÒ CHƠI ĐIỆN TỬ G1 TRÊN MẠNG,2017-10-12,Giấy phép chính thức (ABEI - Bộ TT&TT),1730/QĐ-BTTTT,invalid,https://giayphep.abei.gov.vn/
vothankytich.vn,CÔNG TY CỔ PHẦN VISION GAME,QUYẾT ĐỊNH PHÁT HÀNH TRÒ CHƠI ĐIỆN TỬ G1 TRÊN MẠNG,2024-01-06,Giấy phép chính thức (ABEI - Bộ TT&TT),16/QĐ-BTTTT,valid,https://giayphep.abei.gov.vn/
vothanttl.123game.vn,CÔNG TY CỔ PHẦN DỊCH VỤ MỘT THẾ GIỚI,QUYẾT ĐỊNH PHÁT HÀNH TRÒ CHƠI ĐIỆN TỬ G1 TRÊN MẠNG,2016-12-30,Giấy phép chính thức (ABEI - Bộ TT&TT),2354/QĐ-BTTTT,invalid,https://giayphep.abei.gov.vn/
vothanvosong.vn,CÔNG TY CỔ PHẦN VCCORP,QUYẾT ĐỊNH PHÁT HÀNH TRÒ CHƠI ĐIỆN TỬ G1 TRÊN MẠNG,2018-07-20,Giấy phép chính thức (ABEI - Bộ TT&TT),1222/QĐ-BTTTT,invalid,https://giayphep.abei.gov.vn/
vov4.vn,HỆ PHÁT THANH DÂN TỘC,GIẤY PHÉP THIẾT LẬP TRANG THÔNG TIN ĐIỆN TỬ TỔNG HỢP,2015-02-26,Giấy phép chính thức (ABEI - Bộ TT&TT),13/GP-TTĐT,invalid,https://giayphep.abei.gov.vn/
vovfm89.vn,KÊNH SỨC KHỎE VÀ AN TOÀN THỰC PHẨM (VOV SỨC KHỎE FM 89),GIẤY PHÉP THIẾT LẬP TRANG THÔNG TIN ĐIỆN TỬ TỔNG HỢP,2017-04-14,Giấy phép chính thức (ABEI - Bộ TT&TT),103/GP-TTĐT,valid,https://giayphep.abei.gov.vn/
vovgiaothong.vn,KÊNH VOV GIAO THÔNG QUỐC GIA,GIẤY PHÉP THIẾT LẬP TRANG THÔNG TIN ĐIỆN TỬ TỔNG HỢP,2018-01-05,Giấy phép chính thức (ABEI - Bộ TT&TT),03/GP-TTĐT,valid,https://giayphep.abei.gov.vn/
vovlife.vn,TRUNG TÂM QUẢNG CÁO VÀ DỊCH VỤ TRUYỀN THÔNG (VOV AMS),GIẤY PHÉP THIẾT LẬP TRANG THÔNG TIN ĐIỆN TỬ TỔNG HỢP,2019-08-08,Giấy phép chính thức (ABEI - Bộ TT&TT),142/GP-TTĐT,valid,https://giayphep.abei.gov.vn/
vovlive.vn,TRUNG TÂM QUẢNG CÁO VÀ DỊCH VỤ TRUYỀN THÔNG (VOV AMS),GIẤY PHÉP THIẾT LẬP TRANG THÔNG TIN ĐIỆN TỬ TỔNG HỢP,2019-08-15,Giấy phép chính thức (ABEI - Bộ TT&TT),156/GP-TTĐT,valid,https://giayphep.abei.gov.vn/
vovthethao.vn,KÊNH VOV GIAO THÔNG QUỐC GIA,GIẤY PHÉP CUNG CẤP DỊCH VỤ MẠNG XÃ HỘI,2014-10-23,Giấy phép chính thức (ABEI - Bộ TT&TT),312/GP-BTTTT,invalid,https://giayphep.abei.gov.vn/
vovtv.vn,KÊNH TRUYỀN HÌNH ĐÀI TIẾNG NÓI VIỆT NAM (VOVTV),GIẤY PHÉP THIẾT LẬP TRANG THÔNG TIN ĐIỆN TỬ TỔNG HỢP,2021-05-12,Giấy phép chính thức (ABEI - Bộ TT&TT),76/GP-TTĐT,valid,https://giayphep.abei.gov.vn/
vpba.org.vn,HỘI DOANH NHÂN TƯ NHÂN VIỆT NAM,GIẤY PHÉP THIẾT LẬP TRANG THÔNG TIN ĐIỆN TỬ TỔNG HỢP,2020-08-25,Giấy phép chính thức (ABEI - Bộ TT&TT),147/GP-TTĐT,valid,https://giayphep.abei.gov.vn/
vplay.vn,CÔNG TY CỔ PHẦN TRUYỀN HÌNH TƯƠNG TÁC VIỆT NAM,QUYẾT ĐỊNH PHÁT HÀNH TRÒ CHƠI ĐIỆN TỬ G1 TRÊN MẠNG,2026-01-08,Giấy phép chính thức (ABEI - Bộ TT&TT),7/QĐ-PTTH&TTĐT,valid,https://giayphep.abei.gov.vn/
vpoki.vn,CÔNG TY CỔ PHẦN TRUYỀN THÔNG VÀ CÔNG NGHỆ NEWSTAR,GIẤY PHÉP CUNG CẤP DỊCH VỤ MẠNG XÃ HỘI,2017-03-23,Giấy phép chính thức (ABEI - Bộ TT&TT),121/GP-BTTTT,valid,https://giayphep.abei.gov.vn/
vpub.namdinh.gov.vn,VĂN PHÒNG ỦY BAN NHÂN DÂN TỈNH NAM ĐỊNH,GIẤY PHÉP THIẾT LẬP TRANG THÔNG TIN ĐIỆN TỬ TỔNG HỢP,2013-05-30,Giấy phép chính thức (ABEI - Bộ TT&TT),70/GP-TTĐT,invalid,https://giayphep.abei.gov.vn/
vqas.zoneplay.vn,CÔNG TY TNHH GZONE MEDIA VIỆT NAM,QUYẾT ĐỊNH PHÁT HÀNH TRÒ CHƠI ĐIỆN TỬ G1 TRÊN MẠNG,2021-11-26,Giấy phép chính thức (ABEI - Bộ TT&TT),1885/QĐ-BTTTT,valid,https://giayphep.abei.gov.vn/
vqmm.vn,CÔNG TY CỔ PHẦN ABT VIỆT NAM,"GIẤY XÁC NHẬN THÔNG BÁO PHÁT HÀNH TRÒ CHƠI ĐIỆN TỬ G2,G3,G4",2018-03-05,Giấy phép chính thức (ABEI - Bộ TT&TT),47/GXN-PTTH&TTĐT,valid,https://giayphep.abei.gov.vn/
vra.com.vn,HIỆP HỘI CAO SU VIỆT NAM,GIẤY PHÉP THIẾT LẬP TRANG THÔNG TIN ĐIỆN TỬ TỔNG HỢP,2016-11-17,Giấy phép chính thức (ABEI - Bộ TT&TT),212/GP-TTĐT,valid,https://giayphep.abei.gov.vn/
vs6.vnggames.com,CÔNG TY CỔ PHẦN VNG,QUYẾT ĐỊNH PHÁT HÀNH TRÒ CHƠI ĐIỆN TỬ G1 TRÊN MẠNG,2022-02-09,Giấy phép chính thức (ABEI - Bộ TT&TT),179/QĐ-BTTTT,invalid,https://giayphep.abei.gov.vn/
vsed.vn,TẠP CHÍ NGHIÊN CỨU KINH TẾ,GIẤY PHÉP THIẾT LẬP TRANG THÔNG TIN ĐIỆN TỬ TỔNG HỢP,2021-04-02,Giấy phép chính thức (ABEI - Bộ TT&TT),56/GP-TTĐT,valid,https://giayphep.abei.gov.vn/
vsgame.vn,CÔNG TY CỔ PHẦN VISION GAME,QUYẾT ĐỊNH PHÁT HÀNH TRÒ CHƠI ĐIỆN TỬ G1 TRÊN MẠNG,2024-10-18,Giấy phép chính thức (ABEI - Bộ TT&TT),1783/QĐ-BTTTT,invalid,https://giayphep.abei.gov.vn/
vsgh.zing.vn,CÔNG TY TNHH GIẢI TRÍ LONG ĐỈNH,QUYẾT ĐỊNH PHÁT HÀNH TRÒ CHƠI ĐIỆN TỬ G1 TRÊN MẠNG,2020-06-11,Giấy phép chính thức (ABEI - Bộ TT&TT),982 /QĐ-BTTTT,valid,https://giayphep.abei.gov.vn/
vsk.fgstudio.vn,CÔNG TY CỔ PHẦN TẬP ĐOÀN GIẢI TRÍ ĐẠI DƯƠNG,QUYẾT ĐỊNH PHÁT HÀNH TRÒ CHƠI ĐIỆN TỬ G1 TRÊN MẠNG,2025-01-24,Giấy phép chính thức (ABEI - Bộ TT&TT),110/QĐ-BTTTT,valid,https://giayphep.abei.gov.vn/
vss.gov.vn,BẢO HIỂM XÃ HỘI VIỆT NAM,GIẤY PHÉP THIẾT LẬP TRANG THÔNG TIN ĐIỆN TỬ TỔNG HỢP,2019-06-12,Giấy phép chính thức (ABEI - Bộ TT&TT),100/GP-TTĐT,valid,https://giayphep.abei.gov.vn/
vst.mof.gov.vn,KHO BẠC NHÀ NƯỚC,GIẤY PHÉP THIẾT LẬP TRANG THÔNG TIN ĐIỆN TỬ TỔNG HỢP,2016-02-29,Giấy phép chính thức (ABEI - Bộ TT&TT),15/GP-TTĐT,invalid,https://giayphep.abei.gov.vn/
vtc.gov.vn,ĐÀI TRUYỀN HÌNH KỸ THUẬT SỐ VTC,GIẤY PHÉP THIẾT LẬP TRANG THÔNG TIN ĐIỆN TỬ TỔNG HỢP,2017-10-18,Giấy phép chính thức (ABEI - Bộ TT&TT),314/GP-TTĐT,invalid,https://giayphep.abei.gov.vn/
vtcesports.vn,CÔNG TY CỔ PHẦN VTC DỊCH VỤ DI ĐỘNG,GIẤY PHÉP CUNG CẤP DỊCH VỤ MẠNG XÃ HỘI,2023-06-13,Giấy phép chính thức (ABEI - Bộ TT&TT),209/GP-BTTTT,invalid,https://giayphep.abei.gov.vn/
vtcfun.vn,CÔNG TY VTC CÔNG NGHỆ VÀ NỘI DUNG SỐ,QUYẾT ĐỊNH PHÁT HÀNH TRÒ CHƠI ĐIỆN TỬ G1 TRÊN MẠNG,2022-12-13,Giấy phép chính thức (ABEI - Bộ TT&TT),2306/QĐ-BTTTT,valid,https://giayphep.abei.gov.vn/
vtcmobile.vn,CÔNG TY CỔ PHẦN VTC DỊCH VỤ DI ĐỘNG,QUYẾT ĐỊNH PHÁT HÀNH TRÒ CHƠI ĐIỆN TỬ G1 TRÊN MẠNG,2026-07-08,Giấy phép chính thức (ABEI - Bộ TT&TT),410/QĐ-PTTH&TTĐT,valid,https://giayphep.abei.gov.vn/
vtcnow.com.vn,ĐÀI TRUYỀN HÌNH KỸ THUẬT SỐ VTC,GIẤY PHÉP THIẾT LẬP TRANG THÔNG TIN ĐIỆN TỬ TỔNG HỢP,2023-05-10,Giấy phép chính thức (ABEI - Bộ TT&TT),62/GP-TTĐT,valid,https://giayphep.abei.gov.vn/
vtcnow.vn,ĐÀI TRUYỀN HÌNH KỸ THUẬT SỐ VTC,GIẤY PHÉP THIẾT LẬP TRANG THÔNG TIN ĐIỆN TỬ TỔNG HỢP,2023-05-10,Giấy phép chính thức (ABEI - Bộ TT&TT),62/GP-TTĐT,valid,https://giayphep.abei.gov.vn/
vtco.esgame.vn,CÔNG TY CỔ PHẦN ĐẦU TƯ VÀ CÔNG NGHỆ MCORP,"GIẤY XÁC NHẬN THÔNG BÁO PHÁT HÀNH TRÒ CHƠI ĐIỆN TỬ G2,G3,G4",2023-01-17,Giấy phép chính thức (ABEI - Bộ TT&TT),08/GXN-PTTH&TTĐT,valid,https://giayphep.abei.gov.vn/
vtconline.vn,CÔNG TY CỔ PHẦN VTC TRUYỀN THÔNG TRỰC TUYẾN,QUYẾT ĐỊNH PHÁT HÀNH TRÒ CHƠI ĐIỆN TỬ G1 TRÊN MẠNG,2026-05-06,Giấy phép chính thức (ABEI - Bộ TT&TT),235 /QĐ-PTTH&TTĐT,valid,https://giayphep.abei.gov.vn/
vtechno.com.vn,CÔNG TY CỔ PHẦN CÔNG NGHỆ KỸ THUẬT VTECH,QUYẾT ĐỊNH PHÁT HÀNH TRÒ CHƠI ĐIỆN TỬ G1 TRÊN MẠNG,2024-01-02,Giấy phép chính thức (ABEI - Bộ TT&TT),01/QĐ-BTTTT,valid,https://giayphep.abei.gov.vn/
vteo.esgame.vn,CÔNG TY CỔ PHẦN ĐẦU TƯ & CÔNG NGHỆ MCORP,QUYẾT ĐỊNH PHÁT HÀNH TRÒ CHƠI ĐIỆN TỬ G1 TRÊN MẠNG,2021-04-08,Giấy phép chính thức (ABEI - Bộ TT&TT),467/QĐ-BTTTT,invalid,https://giayphep.abei.gov.vn/
vthethao.vn,CÔNG TY CỔ PHẦN CENTECH INTERACTIVE,GIẤY PHÉP CUNG CẤP DỊCH VỤ MẠNG XÃ HỘI,2017-03-31,Giấy phép chính thức (ABEI - Bộ TT&TT),128/GP-BTTTT,valid,https://giayphep.abei.gov.vn/
vtic.vn,TRUNG TÂM THÔNG TIN CÔNG NGHIỆP VÀ THƯƠNG MẠI,GIẤY PHÉP THIẾT LẬP TRANG THÔNG TIN ĐIỆN TỬ TỔNG HỢP,2019-07-16,Giấy phép chính thức (ABEI - Bộ TT&TT),121/GP-TTĐT,invalid,https://giayphep.abei.gov.vn/
vtmonline.vn,BÁO GIÁO DỤC THÀNH PHỐ HỒ CHÍ MINH,GIẤY PHÉP THIẾT LẬP TRANG THÔNG TIN ĐIỆN TỬ TỔNG HỢP,2016-06-29,Giấy phép chính thức (ABEI - Bộ TT&TT),68/GP-TTĐT,valid,https://giayphep.abei.gov.vn/
vtpk.360game.vn,CÔNG TY TNHH TRUYỀN THÔNG MINH PHƯƠNG THỊNH,QUYẾT ĐỊNH PHÁT HÀNH TRÒ CHƠI ĐIỆN TỬ G1 TRÊN MẠNG,2017-12-04,Giấy phép chính thức (ABEI - Bộ TT&TT),2223/QĐ-BTTTT,valid,https://giayphep.abei.gov.vn/
vttb.vn,CÔNG TY TNHH TRỰC TUYẾN THIÊN HÀ,QUYẾT ĐỊNH PHÁT HÀNH TRÒ CHƠI ĐIỆN TỬ G1 TRÊN MẠNG,2020-03-05,Giấy phép chính thức (ABEI - Bộ TT&TT),293/QĐ-BTTTT,valid,https://giayphep.abei.gov.vn/
vtv4.vn,BAN TRUYỀN HÌNH ĐỐI NGOẠI (VTV4),GIẤY PHÉP THIẾT LẬP TRANG THÔNG TIN ĐIỆN TỬ TỔNG HỢP,2015-06-15,Giấy phép chính thức (ABEI - Bộ TT&TT),71/GP-TTĐT,invalid,https://giayphep.abei.gov.vn/
vtv5.net.vn,BAN TRUYỀN HÌNH TIẾNG DÂN TỘC,GIẤY PHÉP THIẾT LẬP TRANG THÔNG TIN ĐIỆN TỬ TỔNG HỢP,2015-10-12,Giấy phép chính thức (ABEI - Bộ TT&TT),148/GP-TTĐT,valid,https://giayphep.abei.gov.vn/
vtvcab.vn,CÔNG TY CỔ PHẦN TỔNG CÔNG TY TRUYỀN HÌNH CÁP VIỆT NAM,GIẤY PHÉP THIẾT LẬP TRANG THÔNG TIN ĐIỆN TỬ TỔNG HỢP,2019-04-19,Giấy phép chính thức (ABEI - Bộ TT&TT),73/GP-TTĐT,invalid,https://giayphep.abei.gov.vn/
vtvgiaitri.vn,TRUNG TÂM SẢN XUẤT PHIM TRUYỀN HÌNH,GIẤY PHÉP THIẾT LẬP TRANG THÔNG TIN ĐIỆN TỬ TỔNG HỢP,2018-09-27,Giấy phép chính thức (ABEI - Bộ TT&TT),249/GP-TTĐT,valid,https://giayphep.abei.gov.vn/
vtvgo.vn,TRUNG TÂM SẢN XUẤT VÀ PHÁT TRIỂN NỘI DUNG SỐ,GIẤY PHÉP THIẾT LẬP TRANG THÔNG TIN ĐIỆN TỬ TỔNG HỢP,2021-07-28,Giấy phép chính thức (ABEI - Bộ TT&TT),130/GP-TTĐT,valid,https://giayphep.abei.gov.vn/
vtvlive.vn,CÔNG TY CỔ PHẦN TRUYỀN HÌNH TƯƠNG TÁC VIỆT NAM,QUYẾT ĐỊNH PHÁT HÀNH TRÒ CHƠI ĐIỆN TỬ G1 TRÊN MẠNG,2026-07-17,Giấy phép chính thức (ABEI - Bộ TT&TT),426/QĐ-PTTH&TTĐT,valid,https://giayphep.abei.gov.vn/
vtvtravel.vn,CÔNG TY CỔ PHẦN ĐẦU TƯ VÀ PHÁT TRIỂN CÔNG NGHỆ TRUYỀN THÔNG NAM VIỆT,GIẤY PHÉP CUNG CẤP DỊCH VỤ MẠNG XÃ HỘI,2021-04-02,Giấy phép chính thức (ABEI - Bộ TT&TT),195/GP-BTTTT,valid,https://giayphep.abei.gov.vn/
vua.gaba.vn,CÔNG TY CỔ PHẦN TRÒ CHƠI VEGA,QUYẾT ĐỊNH PHÁT HÀNH TRÒ CHƠI ĐIỆN TỬ G1 TRÊN MẠNG,2016-06-30,Giấy phép chính thức (ABEI - Bộ TT&TT),1132/QĐ-BTTTT,valid,https://giayphep.abei.gov.vn/
vuabanca.esgame.vn,CÔNG TY CỔ PHẦN ĐẦU TƯ VÀ CÔNG NGHỆ MCORP,QUYẾT ĐỊNH PHÁT HÀNH TRÒ CHƠI ĐIỆN TỬ G1 TRÊN MẠNG,2022-08-22,Giấy phép chính thức (ABEI - Bộ TT&TT),1576/QĐ-BTTTT,valid,https://giayphep.abei.gov.vn/
vuabanca.vn,CÔNG TY CỔ PHẦN 9PLAY ,QUYẾT ĐỊNH PHÁT HÀNH TRÒ CHƠI ĐIỆN TỬ G1 TRÊN MẠNG,2025-06-30,Giấy phép chính thức (ABEI - Bộ TT&TT),301/QĐ-PTTH&TTĐT,valid,https://giayphep.abei.gov.vn/
vuabienca.vn,CÔNG TY TNHH MỘT THÀNH VIÊN MEDIA BOX,QUYẾT ĐỊNH PHÁT HÀNH TRÒ CHƠI ĐIỆN TỬ G1 TRÊN MẠNG,2018-12-06,Giấy phép chính thức (ABEI - Bộ TT&TT),2109/QĐ-BTTTT,valid,https://giayphep.abei.gov.vn/
vuakiemhiep.vn,CÔNG TY CỔ PHẦN FUNTAP,QUYẾT ĐỊNH PHÁT HÀNH TRÒ CHƠI ĐIỆN TỬ G1 TRÊN MẠNG,2019-01-08,Giấy phép chính thức (ABEI - Bộ TT&TT),29/QĐ-BTTTT,valid,https://giayphep.abei.gov.vn/
vuaphapthuat.mobi,CÔNG TY TNHH 1618PLAY,QUYẾT ĐỊNH PHÁT HÀNH TRÒ CHƠI ĐIỆN TỬ G1 TRÊN MẠNG,2017-03-30,Giấy phép chính thức (ABEI - Bộ TT&TT),449/QĐ-BTTTT,valid,https://giayphep.abei.gov.vn/
vuaphapthuat.vn,CÔNG TY CỔ PHẦN TRỰC TUYẾN DUO,QUYẾT ĐỊNH PHÁT HÀNH TRÒ CHƠI ĐIỆN TỬ G1 TRÊN MẠNG,2021-05-31,Giấy phép chính thức (ABEI - Bộ TT&TT),743 /QĐ-BTTTT,valid,https://giayphep.abei.gov.vn/
vuasanca.vn,CÔNG TY TNHH DỊCH VỤ TRỰC TUYẾN HOÀNG LINH,QUYẾT ĐỊNH PHÁT HÀNH TRÒ CHƠI ĐIỆN TỬ G1 TRÊN MẠNG,2019-11-25,Giấy phép chính thức (ABEI - Bộ TT&TT),2002/QĐ-BTTTT,invalid,https://giayphep.abei.gov.vn/
vuasanrong.vn,CÔNG TY CỔ PHẦN TRÒ CHƠI TRỰC TUYẾN BẢO NINH,"GIẤY XÁC NHẬN THÔNG BÁO PHÁT HÀNH TRÒ CHƠI ĐIỆN TỬ G2,G3,G4",2019-08-08,Giấy phép chính thức (ABEI - Bộ TT&TT),143/GXN-PTTH&TTĐT,valid,https://giayphep.abei.gov.vn/
vuatamquoc.playfun.vn,CÔNG TY CỔ PHẦN FUNTAP,QUYẾT ĐỊNH PHÁT HÀNH TRÒ CHƠI ĐIỆN TỬ G1 TRÊN MẠNG,2022-05-26,Giấy phép chính thức (ABEI - Bộ TT&TT),959/QĐ-BTTTT,invalid,https://giayphep.abei.gov.vn/
vuatamquoc.vn,CÔNG TY CỔ PHẦN FUNTAP,QUYẾT ĐỊNH PHÁT HÀNH TRÒ CHƠI ĐIỆN TỬ G1 TRÊN MẠNG,2018-04-19,Giấy phép chính thức (ABEI - Bộ TT&TT),563/QĐ-BTTTT,invalid,https://giayphep.abei.gov.vn/
vuathienha.vn,CÔNG TY TNHH SOHA,QUYẾT ĐỊNH PHÁT HÀNH TRÒ CHƠI ĐIỆN TỬ G1 TRÊN MẠNG,2018-05-18,Giấy phép chính thức (ABEI - Bộ TT&TT),762/QĐ-BTTTT,valid,https://giayphep.abei.gov.vn/
vuathuychien.vn,CÔNG TY CỔ PHẦN FUNTAP,QUYẾT ĐỊNH PHÁT HÀNH TRÒ CHƠI ĐIỆN TỬ G1 TRÊN MẠNG,2018-06-08,Giấy phép chính thức (ABEI - Bộ TT&TT),888/QĐ-BTTTT,valid,https://giayphep.abei.gov.vn/
vuatrieuhoi.vn,CÔNG TY CỔ PHẦN FUNTAP,QUYẾT ĐỊNH PHÁT HÀNH TRÒ CHƠI ĐIỆN TỬ G1 TRÊN MẠNG,2018-02-08,Giấy phép chính thức (ABEI - Bộ TT&TT),201/QĐ-BTTTT,valid,https://giayphep.abei.gov.vn/
vuaxathu.thienthuonghoa.com,CÔNG TY CỔ PHẦN GIẢI TRÍ THIÊN THƯỢNG HỎA,QUYẾT ĐỊNH PHÁT HÀNH TRÒ CHƠI ĐIỆN TỬ G1 TRÊN MẠNG,2020-08-03,Giấy phép chính thức (ABEI - Bộ TT&TT),1322/QĐ-BTTTT,valid,https://giayphep.abei.gov.vn/
vuf.vn,"TRUNG TÂM THÔNG TIN, HỢP TÁC QUỐC TẾ VÀ TƯ VẤN PHÁT TRIỂN ĐÔ THỊ",GIẤY PHÉP THIẾT LẬP TRANG THÔNG TIN ĐIỆN TỬ TỔNG HỢP,2017-03-09,Giấy phép chính thức (ABEI - Bộ TT&TT),81/GP-TTĐT,valid,https://giayphep.abei.gov.vn/
vuilife.com,CÔNG TY TNHH PHÁT TRIỂN HƯNG TRUYỀN,GIẤY PHÉP CUNG CẤP DỊCH VỤ MẠNG XÃ HỘI,2023-12-25,Giấy phép chính thức (ABEI - Bộ TT&TT),474/GP-BTTTT,valid,https://giayphep.abei.gov.vn/
vuilife.vn,CÔNG TY TNHH PHÁT TRIỂN HƯNG TRUYỀN,GIẤY PHÉP CUNG CẤP DỊCH VỤ MẠNG XÃ HỘI,2023-12-25,Giấy phép chính thức (ABEI - Bộ TT&TT),474/GP-BTTTT,valid,https://giayphep.abei.gov.vn/
vukiemchivuong.vgplay.vn,CÔNG TY CỔ PHẦN VGP,QUYẾT ĐỊNH PHÁT HÀNH TRÒ CHƠI ĐIỆN TỬ G1 TRÊN MẠNG,2024-12-03,Giấy phép chính thức (ABEI - Bộ TT&TT),2114/QĐ-BTTTT,valid,https://giayphep.abei.gov.vn/
vunedsætrenmay.playfun.vn,CÔNG TY CỔ PHẦN FUNTAP,QUYẾT ĐỊNH PHÁT HÀNH TRÒ CHƠI ĐIỆN TỬ G1 TRÊN MẠNG,2022-07-04,Giấy phép chính thức (ABEI - Bộ TT&TT),1325/QĐ-BTTTT,valid,https://giayphep.abei.gov.vn/
vungdatanhhung.oeg.vn,CÔNG TY CỔ PHẦN TẬP ĐOÀN GIẢI TRÍ ĐẠI DƯƠNG,QUYẾT ĐỊNH PHÁT HÀNH TRÒ CHƠI ĐIỆN TỬ G1 TRÊN MẠNG,2026-03-31,Giấy phép chính thức (ABEI - Bộ TT&TT),164/QĐ-PTTH&TTĐT,valid,https://giayphep.abei.gov.vn/
vungdatsinhton.playfun.vn,CÔNG TY CỔ PHẦN FUNTAP,QUYẾT ĐỊNH PHÁT HÀNH TRÒ CHƠI ĐIỆN TỬ G1 TRÊN MẠNG,2020-07-31,Giấy phép chính thức (ABEI - Bộ TT&TT),1305/QĐ-BTTTT,invalid,https://giayphep.abei.gov.vn/
vuonggiachienquoc.adnxgames.vn,CÔNG TY CỔ PHẦN ADNX,QUYẾT ĐỊNH PHÁT HÀNH TRÒ CHƠI ĐIỆN TỬ G1 TRÊN MẠNG,2026-05-15,Giấy phép chính thức (ABEI - Bộ TT&TT),250/QĐ-PTTH&TTĐT,valid,https://giayphep.abei.gov.vn/
vuonglaogia.zagoo.vn,CÔNG TY TNHH GIẢI TRÍ LONG ĐỈNH,QUYẾT ĐỊNH PHÁT HÀNH TRÒ CHƠI ĐIỆN TỬ G1 TRÊN MẠNG,2022-05-09,Giấy phép chính thức (ABEI - Bộ TT&TT),861/QĐ-BTTTT,valid,https://giayphep.abei.gov.vn/
vuongquocchien.com,CÔNG TY TNHH DỊCH VỤ PHẦN MỀM THIÊN BÌNH,QUYẾT ĐỊNH PHÁT HÀNH TRÒ CHƠI ĐIỆN TỬ G1 TRÊN MẠNG,2019-07-05,Giấy phép chính thức (ABEI - Bộ TT&TT),1027/QĐ-BTTTT,valid,https://giayphep.abei.gov.vn/
vuongquockien.gamota.com,CÔNG TY CỔ PHẦN GAMOTA,QUYẾT ĐỊNH PHÁT HÀNH TRÒ CHƠI ĐIỆN TỬ G1 TRÊN MẠNG,2022-09-30,Giấy phép chính thức (ABEI - Bộ TT&TT),1831/QĐ-BTTTT,valid,https://giayphep.abei.gov.vn/
vuongquoctroiday.vn,CÔNG TY CỔ PHẦN DỊCH VỤ S.PAY VIỆT NAM,QUYẾT ĐỊNH PHÁT HÀNH TRÒ CHƠI ĐIỆN TỬ G1 TRÊN MẠNG,2019-09-19,Giấy phép chính thức (ABEI - Bộ TT&TT),1524/QĐ-BTTTT,valid,https://giayphep.abei.gov.vn/
vuongquyen.esgame.vn,CÔNG TY CỔ PHẦN ĐẦU TƯ & CÔNG NGHỆ MCORP,QUYẾT ĐỊNH PHÁT HÀNH TRÒ CHƠI ĐIỆN TỬ G1 TRÊN MẠNG,2020-08-11,Giấy phép chính thức (ABEI - Bộ TT&TT),1370/QĐ-BTTTT,valid,https://giayphep.abei.gov.vn/
vuongthan.vn,CÔNG TY TNHH SOHA ,QUYẾT ĐỊNH PHÁT HÀNH TRÒ CHƠI ĐIỆN TỬ G1 TRÊN MẠNG,2021-01-22,Giấy phép chính thức (ABEI - Bộ TT&TT),83 /QĐ-BTTTT,valid,https://giayphep.abei.gov.vn/
vuottroihonmoingay.com,CÔNG TY CỔ PHẦN TƯ VẤN TRUYỀN THÔNG MVV SNP,GIẤY PHÉP CUNG CẤP DỊCH VỤ MẠNG XÃ HỘI,2020-09-15,Giấy phép chính thức (ABEI - Bộ TT&TT),392/GP-BTTTT,valid,https://giayphep.abei.gov.vn/
vuottroihonmoingay.com.vn,CÔNG TY CỔ PHẦN TƯ VẤN TRUYỀN THÔNG MVV SNP,GIẤY PHÉP CUNG CẤP DỊCH VỤ MẠNG XÃ HỘI,2020-09-15,Giấy phép chính thức (ABEI - Bộ TT&TT),392/GP-BTTTT,valid,https://giayphep.abei.gov.vn/
vuottroihonmoingay.vn,CÔNG TY CỔ PHẦN TƯ VẤN TRUYỀN THÔNG MVV SNP,GIẤY PHÉP CUNG CẤP DỊCH VỤ MẠNG XÃ HỘI,2020-09-15,Giấy phép chính thức (ABEI - Bộ TT&TT),392/GP-BTTTT,valid,https://giayphep.abei.gov.vn/
vuottuongthep.vn,CÔNG TY CỔ PHẦN GIẢI TRÍ TRỰC TUYẾN KAN,QUYẾT ĐỊNH PHÁT HÀNH TRÒ CHƠI ĐIỆN TỬ G1 TRÊN MẠNG,2026-02-03,Giấy phép chính thức (ABEI - Bộ TT&TT),44/QĐ-PTTH&TTĐT,valid,https://giayphep.abei.gov.vn/
vusta.vn,LIÊN HIỆP CÁC HỘI KHOA HỌC VÀ KỸ THUẬT VIỆT NAM,GIẤY PHÉP THIẾT LẬP TRANG THÔNG TIN ĐIỆN TỬ TỔNG HỢP,2022-03-09,Giấy phép chính thức (ABEI - Bộ TT&TT),18/GP-TTĐT,valid,https://giayphep.abei.gov.vn/
vutruanhhung.vn,CÔNG TY CỔ PHẦN FUNTAP,QUYẾT ĐỊNH PHÁT HÀNH TRÒ CHƠI ĐIỆN TỬ G1 TRÊN MẠNG,2019-09-19,Giấy phép chính thức (ABEI - Bộ TT&TT),1525/QĐ-BTTTT,valid,https://giayphep.abei.gov.vn/
vutrudaichien.com,CÔNG TY TNHH SKYMOBI ,QUYẾT ĐỊNH PHÁT HÀNH TRÒ CHƠI ĐIỆN TỬ G1 TRÊN MẠNG,2026-02-04,Giấy phép chính thức (ABEI - Bộ TT&TT),47/QĐ-PTTH&TTĐT,valid,https://giayphep.abei.gov.vn/
vutruphongthan.ggame.vn,CÔNG TY TNHH TRỰC TUYẾN THIÊN HÀ,QUYẾT ĐỊNH PHÁT HÀNH TRÒ CHƠI ĐIỆN TỬ G1 TRÊN MẠNG,2022-11-08,Giấy phép chính thức (ABEI - Bộ TT&TT),2051/QĐ-BTTTT,valid,https://giayphep.abei.gov.vn/
vwu.vn,TRUNG ƯƠNG HỘI LIÊN HIỆP PHỤ NỮ VIỆT NAM,GIẤY PHÉP THIẾT LẬP TRANG THÔNG TIN ĐIỆN TỬ TỔNG HỢP,2022-05-06,Giấy phép chính thức (ABEI - Bộ TT&TT),53/GP-TTĐT,valid,https://giayphep.abei.gov.vn/
vxspace.vn,CÔNG TY TNHH CÔNG NGHỆ VXSPACE,GIẤY PHÉP CUNG CẤP DỊCH VỤ MẠNG XÃ HỘI,2024-12-04,Giấy phép chính thức (ABEI - Bộ TT&TT),366/GP-BTTTT,valid,https://giayphep.abei.gov.vn/
w4k.slg.vn,CÔNG TY CỔ PHẦN DỊCH VỤ TRỰC TUYẾN VĨNH XUÂN,QUYẾT ĐỊNH PHÁT HÀNH TRÒ CHƠI ĐIỆN TỬ G1 TRÊN MẠNG,2017-09-07,Giấy phép chính thức (ABEI - Bộ TT&TT),1514/QĐ-BTTTT,valid,https://giayphep.abei.gov.vn/
wanodaichien.vn,CÔNG TY TNHH VMGE,QUYẾT ĐỊNH PHÁT HÀNH TRÒ CHƠI ĐIỆN TỬ G1 TRÊN MẠNG,2023-06-09,Giấy phép chính thức (ABEI - Bộ TT&TT),1014/QĐ-BTTTT,invalid,https://giayphep.abei.gov.vn/
waodate.com,CÔNG TY TNHH MTV NGUYỄN ĐÌNH NGHĨA,GIẤY PHÉP CUNG CẤP DỊCH VỤ MẠNG XÃ HỘI,2020-05-04,Giấy phép chính thức (ABEI - Bộ TT&TT),187/GP-BTTTT,valid,https://giayphep.abei.gov.vn/
waodate.vn,CÔNG TY TNHH MTV NGUYỄN ĐÌNH NGHĨA,GIẤY PHÉP CUNG CẤP DỊCH VỤ MẠNG XÃ HỘI,2020-05-04,Giấy phép chính thức (ABEI - Bộ TT&TT),187/GP-BTTTT,valid,https://giayphep.abei.gov.vn/
war3arena.vn,CÔNG TY CỔ PHẦN VTC DỊCH VỤ DI ĐỘNG,QUYẾT ĐỊNH PHÁT HÀNH TRÒ CHƠI ĐIỆN TỬ G1 TRÊN MẠNG,2025-01-24,Giấy phép chính thức (ABEI - Bộ TT&TT),14/QĐ-PTTH&TTĐT,invalid,https://giayphep.abei.gov.vn/
wara.lussom.vn,CÔNG TY TNHH LUSSOM,QUYẾT ĐỊNH PHÁT HÀNH TRÒ CHƠI ĐIỆN TỬ G1 TRÊN MẠNG,2020-06-11,Giấy phép chính thức (ABEI - Bộ TT&TT),981/QĐ-BTTTT,valid,https://giayphep.abei.gov.vn/
wareternal.gamota.com,CÔNG TY CỔ PHẦN GAMOTA,QUYẾT ĐỊNH PHÁT HÀNH TRÒ CHƠI ĐIỆN TỬ G1 TRÊN MẠNG,2020-11-06,Giấy phép chính thức (ABEI - Bộ TT&TT),1903/QĐ-BTTTT,valid,https://giayphep.abei.gov.vn/
we25.vn,CÔNG TY VTC CÔNG NGHỆ VÀ NỘI DUNG SỐ,GIẤY PHÉP CUNG CẤP DỊCH VỤ MẠNG XÃ HỘI,2017-02-14,Giấy phép chính thức (ABEI - Bộ TT&TT),61/GP-BTTTT,invalid,https://giayphep.abei.gov.vn/
weallnet.vn,CÔNG TY TNHH NK KHÔI,GIẤY PHÉP CUNG CẤP DỊCH VỤ MẠNG XÃ HỘI,2020-07-27,Giấy phép chính thức (ABEI - Bộ TT&TT),325/GP-BTTTT,valid,https://giayphep.abei.gov.vn/
webcongdong.vn,CÔNG TY TNHH MTV WEB CỘNG ĐỒNG VIỆT NAM,GIẤY PHÉP CUNG CẤP DỊCH VỤ MẠNG XÃ HỘI,2023-07-28,Giấy phép chính thức (ABEI - Bộ TT&TT),263/GP-BTTTT,valid,https://giayphep.abei.gov.vn/
webketoan.net.vn,CÔNG TY CỔ PHẦN NGUỒN LỰC CỘNG ĐỒNG,GIẤY PHÉP CUNG CẤP DỊCH VỤ MẠNG XÃ HỘI,2021-02-08,Giấy phép chính thức (ABEI - Bộ TT&TT),107/GP-BTTTT,valid,https://giayphep.abei.gov.vn/
webkheotay.vn,CÔNG TY TNHH GIẢI TRÍ VÀ TRUYỀN THÔNG ARIS,GIẤY PHÉP CUNG CẤP DỊCH VỤ MẠNG XÃ HỘI,2017-05-31,Giấy phép chính thức (ABEI - Bộ TT&TT),253/GP-BTTTT,valid,https://giayphep.abei.gov.vn/
webthethao.com.vn,CÔNG TY CỔ PHẦN NỘI DUNG THỂ THAO VIỆT,GIẤY PHÉP CUNG CẤP DỊCH VỤ MẠNG XÃ HỘI,2024-06-20,Giấy phép chính thức (ABEI - Bộ TT&TT),162/GP-BTTTT,invalid,https://giayphep.abei.gov.vn/
webthethao.vn,CÔNG TY CỔ PHẦN NỘI DUNG THỂ THAO VIỆT,GIẤY PHÉP CUNG CẤP DỊCH VỤ MẠNG XÃ HỘI,2024-06-20,Giấy phép chính thức (ABEI - Bộ TT&TT),162/GP-BTTTT,invalid,https://giayphep.abei.gov.vn/
webtretho.com,CÔNG TY CỔ PHẦN THE PARENT,GIẤY PHÉP CUNG CẤP DỊCH VỤ MẠNG XÃ HỘI,2025-12-25,Giấy phép chính thức (ABEI - Bộ TT&TT),191/GP-BVHTTDL,valid,https://giayphep.abei.gov.vn/
webtretho.vn,CÔNG TY CỔ PHẦN THE PARENT,GIẤY PHÉP CUNG CẤP DỊCH VỤ MẠNG XÃ HỘI,2025-12-25,Giấy phép chính thức (ABEI - Bộ TT&TT),191/GP-BVHTTDL,valid,https://giayphep.abei.gov.vn/
webtuvensinh.edu.vn,CÔNG TY CỔ PHẦN TRUYỀN THÔNG BTS VIỆT NAM,GIẤY PHÉP CUNG CẤP DỊCH VỤ MẠNG XÃ HỘI,2019-05-21,Giấy phép chính thức (ABEI - Bộ TT&TT),196/GP-BTTTT,valid,https://giayphep.abei.gov.vn/
weeboo.vn,CÔNG TY CỔ PHẦN CÔNG NGHỆ TECHLAB,GIẤY PHÉP CUNG CẤP DỊCH VỤ MẠNG XÃ HỘI,2021-01-11,Giấy phép chính thức (ABEI - Bộ TT&TT),19/GP-BTTTT,valid,https://giayphep.abei.gov.vn/
welearning.com.vn,CÔNG TY CỔ PHẦN CÔNG NGHỆ KHANG PHÚC,GIẤY PHÉP CUNG CẤP DỊCH VỤ MẠNG XÃ HỘI,2021-05-07,Giấy phép chính thức (ABEI - Bộ TT&TT),252/GP-BTTTT,valid,https://giayphep.abei.gov.vn/
welearning.edu.vn,CÔNG TY CỔ PHẦN CÔNG NGHỆ KHANG PHÚC,GIẤY PHÉP CUNG CẤP DỊCH VỤ MẠNG XÃ HỘI,2021-05-07,Giấy phép chính thức (ABEI - Bộ TT&TT),252/GP-BTTTT,valid,https://giayphep.abei.gov.vn/
wewiin.com,CÔNG TY CỔ PHẦN CÔNG NGHỆ GIÁO DỤC THIÊN HÀ XANH,GIẤY PHÉP CUNG CẤP DỊCH VỤ MẠNG XÃ HỘI,2020-11-26,Giấy phép chính thức (ABEI - Bộ TT&TT),549/GP-BTTTT,valid,https://giayphep.abei.gov.vn/
wewiin.vn,CÔNG TY CỔ PHẦN CÔNG NGHỆ GIÁO DỤC THIÊN HÀ XANH,GIẤY PHÉP CUNG CẤP DỊCH VỤ MẠNG XÃ HỘI,2020-11-26,Giấy phép chính thức (ABEI - Bộ TT&TT),549/GP-BTTTT,valid,https://giayphep.abei.gov.vn/
whatcar.vn,CÔNG TY CỔ PHẦN WHATCAR,GIẤY PHÉP CUNG CẤP DỊCH VỤ MẠNG XÃ HỘI,2021-07-05,Giấy phép chính thức (ABEI - Bộ TT&TT),419/GP-BTTTT,valid,https://giayphep.abei.gov.vn/
widdy.vn,CÔNG TY CỔ PHẦN WIDDY,GIẤY PHÉP CUNG CẤP DỊCH VỤ MẠNG XÃ HỘI,2022-11-16,Giấy phép chính thức (ABEI - Bộ TT&TT),547/GP-BTTTT,valid,https://giayphep.abei.gov.vn/
wifigame.vn,CÔNG TY TNHH CÔNG NGHỆ GIẢI TRÍ ALIEN,GIẤY PHÉP CUNG CẤP DỊCH VỤ MẠNG XÃ HỘI,2023-07-27,Giấy phép chính thức (ABEI - Bộ TT&TT),257/GP-BTTTT,valid,https://giayphep.abei.gov.vn/
wlin.vn,CÔNG TY CỔ PHẦN WLIN GLOBAL HOLDINGS,GIẤY PHÉP CUNG CẤP DỊCH VỤ MẠNG XÃ HỘI,2023-08-01,Giấy phép chính thức (ABEI - Bộ TT&TT),264/GP-BTTTT,valid,https://giayphep.abei.gov.vn/
wnies.edu.vn,VIỆN KHOA HỌC GIÁO DỤC VIỆT NAM,GIẤY PHÉP THIẾT LẬP TRANG THÔNG TIN ĐIỆN TỬ TỔNG HỢP,2017-08-04,Giấy phép chính thức (ABEI - Bộ TT&TT),257/GP-TTĐT,invalid,https://giayphep.abei.gov.vn/
wod.playfun.vn,CÔNG TY CỔ PHẦN FUNTAP,QUYẾT ĐỊNH PHÁT HÀNH TRÒ CHƠI ĐIỆN TỬ G1 TRÊN MẠNG,2020-09-03,Giấy phép chính thức (ABEI - Bộ TT&TT),1502 QĐ-BTTTTT,valid,https://giayphep.abei.gov.vn/
worldofwater.gamota.com,CÔNG TY CỔ PHẦN GAMOTA,QUYẾT ĐỊNH PHÁT HÀNH TRÒ CHƠI ĐIỆN TỬ G1 TRÊN MẠNG,2024-04-23,Giấy phép chính thức (ABEI - Bộ TT&TT),599/QĐ-BTTTT,valid,https://giayphep.abei.gov.vn/
worldz.gamota.com,CÔNG TY CỔ PHẦN GAMOTA,QUYẾT ĐỊNH PHÁT HÀNH TRÒ CHƠI ĐIỆN TỬ G1 TRÊN MẠNG,2024-08-02,Giấy phép chính thức (ABEI - Bộ TT&TT),1303/QĐ-BTTTT,invalid,https://giayphep.abei.gov.vn/
wormstudio.vn,CÔNG TY TNHH WORM STUDIO ,QUYẾT ĐỊNH PHÁT HÀNH TRÒ CHƠI ĐIỆN TỬ G1 TRÊN MẠNG,2026-07-17,Giấy phép chính thức (ABEI - Bộ TT&TT),424/QĐ-PTTH&TTĐT,valid,https://giayphep.abei.gov.vn/
wow.zoneplay.vn,CÔNG TY CỔ PHẦN GZONE MEDIA VIỆT NAM,QUYẾT ĐỊNH PHÁT HÀNH TRÒ CHƠI ĐIỆN TỬ G1 TRÊN MẠNG,2021-01-26,Giấy phép chính thức (ABEI - Bộ TT&TT),1884 /QĐ-BTTTT,valid,https://giayphep.abei.gov.vn/
wows.splay.vn,CÔNG TY CỔ PHẦN VTC DỊCH VỤ DI ĐỘNG - ,QUYẾT ĐỊNH PHÁT HÀNH TRÒ CHƠI ĐIỆN TỬ G1 TRÊN MẠNG,2026-02-13,Giấy phép chính thức (ABEI - Bộ TT&TT),92/QĐ-PTTH&TTĐT,valid,https://giayphep.abei.gov.vn/
wr.higamer.vn,CÔNG TY CỔ PHẦN HIGAMER,QUYẾT ĐỊNH PHÁT HÀNH TRÒ CHƠI ĐIỆN TỬ G1 TRÊN MẠNG,2022-09-30,Giấy phép chính thức (ABEI - Bộ TT&TT),1827/QĐ-BTTTT,valid,https://giayphep.abei.gov.vn/
ww.issi.gov.vn,VIỆN CHIẾN LƯỢC VÀ KHOA HỌC THANH TRA,GIẤY PHÉP THIẾT LẬP TRANG THÔNG TIN ĐIỆN TỬ TỔNG HỢP,2019-08-13,Giấy phép chính thức (ABEI - Bộ TT&TT),149/GP-TTĐT,invalid,https://giayphep.abei.gov.vn/
wwgcorp.com.vn,CÔNG TY TNHH 2 THÀNH VIÊN WWG CORP,QUYẾT ĐỊNH PHÁT HÀNH TRÒ CHƠI ĐIỆN TỬ G1 TRÊN MẠNG,2021-06-09,Giấy phép chính thức (ABEI - Bộ TT&TT),791/QĐ-BTTTT,invalid,https://giayphep.abei.gov.vn/
wwwbovagau.vn,CÔNG TY CỔ PHẦN CÔNG NGHỆ TÀI CHÍNH ENCAPITAL,GIẤY PHÉP CUNG CẤP DỊCH VỤ MẠNG XÃ HỘI,2021-07-05,Giấy phép chính thức (ABEI - Bộ TT&TT),417/GP-BTTTT,valid,https://giayphep.abei.gov.vn/
wwwdienmayxanh.com,CÔNG TY CỔ PHẦN THẾ GIỚI DI ĐỘNG,GIẤY PHÉP CUNG CẤP DỊCH VỤ MẠNG XÃ HỘI,2021-01-11,Giấy phép chính thức (ABEI - Bộ TT&TT),21/GP-BTTTT,valid,https://giayphep.abei.gov.vn/
wwwdienmayxanh.vn,CÔNG TY CỔ PHẦN THẾ GIỚI DI ĐỘNG,GIẤY PHÉP CUNG CẤP DỊCH VỤ MẠNG XÃ HỘI,2021-01-11,Giấy phép chính thức (ABEI - Bộ TT&TT),21/GP-BTTTT,valid,https://giayphep.abei.gov.vn/
wwwqptd.com.vn,BÁO QUỐC PHÒNG THỦ ĐÔ,GIẤY PHÉP THIẾT LẬP TRANG THÔNG TIN ĐIỆN TỬ TỔNG HỢP,2015-04-22,Giấy phép chính thức (ABEI - Bộ TT&TT),34/GP-TTĐT,invalid,https://giayphep.abei.gov.vn/
xaitien.vn,CÔNG TY TNHH DỊCH VỤ TRUYỀN THÔNG BÌNH MINH,GIẤY PHÉP CUNG CẤP DỊCH VỤ MẠNG XÃ HỘI,2020-11-23,Giấy phép chính thức (ABEI - Bộ TT&TT),540/GP-BTTTT,valid,https://giayphep.abei.gov.vn/
xarena.vn,CÔNG TY TNHH X ARENA,GIẤY PHÉP CUNG CẤP DỊCH VỤ MẠNG XÃ HỘI,2026-04-29,Giấy phép chính thức (ABEI - Bộ TT&TT),51/GP-BVHTTDL,valid,https://giayphep.abei.gov.vn/
xaydungtoday.vn,NHÀ XUẤT BẢN XÂY DỰNG,GIẤY PHÉP THIẾT LẬP TRANG THÔNG TIN ĐIỆN TỬ TỔNG HỢP,2021-02-05,Giấy phép chính thức (ABEI - Bộ TT&TT),24/GP-TTĐT,valid,https://giayphep.abei.gov.vn/
xaydungvadoidsong.com.vn,TRUNG TÂM TRUYỀN THÔNG BÁO XÂY DỰNG,GIẤY PHÉP THIẾT LẬP TRANG THÔNG TIN ĐIỆN TỬ TỔNG HỢP,2020-06-10,Giấy phép chính thức (ABEI - Bộ TT&TT),83/GP-TTĐT,valid,https://giayphep.abei.gov.vn/
xcity.vn,CÔNG TY CỔ PHẦN VTC DỊCH VỤ DI ĐỘNG,QUYẾT ĐỊNH PHÁT HÀNH TRÒ CHƠI ĐIỆN TỬ G1 TRÊN MẠNG,2022-10-07,Giấy phép chính thức (ABEI - Bộ TT&TT),1875/QĐ-BTTTT,invalid,https://giayphep.abei.gov.vn/
xdogstth.com,CÔNG TY CỔ PHẦN GIẢI TRÍ THIÊN THƯỢNG HỎA,QUYẾT ĐỊNH PHÁT HÀNH TRÒ CHƠI ĐIỆN TỬ G1 TRÊN MẠNG,2023-09-29,Giấy phép chính thức (ABEI - Bộ TT&TT),1882/QĐ-BTTTT,valid,https://giayphep.abei.gov.vn/
xdtt.gamota.com,CÔNG TY CỔ PHẦN GAMOTA,QUYẾT ĐỊNH PHÁT HÀNH TRÒ CHƠI ĐIỆN TỬ G1 TRÊN MẠNG,2020-11-06,Giấy phép chính thức (ABEI - Bộ TT&TT),1902/QĐ-BTTTT,valid,https://giayphep.abei.gov.vn/
xemlien.vn,CÔNG TY CỔ PHẦN CÔNG NGHỆ TRUYỀN THÔNG XMEDIA,GIẤY PHÉP CUNG CẤP DỊCH VỤ MẠNG XÃ HỘI,2021-03-18,Giấy phép chính thức (ABEI - Bộ TT&TT),163/GP-BTTTT,valid,https://giayphep.abei.gov.vn/
xephinh.zingplay.com,CÔNG TY CỔ PHẦN TẬP ĐOÀN VNG,QUYẾT ĐỊNH PHÁT HÀNH TRÒ CHƠI ĐIỆN TỬ G1 TRÊN MẠNG,2020-01-15,Giấy phép chính thức (ABEI - Bộ TT&TT),60 /QĐ-BTTTT,valid,https://giayphep.abei.gov.vn/
xethitruong.vn,CÔNG TY CỔ PHẦN TRUYỀN THÔNG AUTO MARKET  VIỆT NAM,GIẤY PHÉP CUNG CẤP DỊCH VỤ MẠNG XÃ HỘI,2019-09-20,Giấy phép chính thức (ABEI - Bộ TT&TT),391/GP-BTTTT,valid,https://giayphep.abei.gov.vn/
xevathitruong.com.vn,CÔNG TY TNHH THƯƠNG MẠI DỊCH VỤ QUẢNG CÁO ĐẠI TÍN NGHĨA,GIẤY PHÉP CUNG CẤP DỊCH VỤ MẠNG XÃ HỘI,2019-09-09,Giấy phép chính thức (ABEI - Bộ TT&TT),371/GP-BTTTT,valid,https://giayphep.abei.gov.vn/
xgaming.com.vn,CÔNG TY TRUYỀN THÔNG VIETTEL,QUYẾT ĐỊNH PHÁT HÀNH TRÒ CHƠI ĐIỆN TỬ G1 TRÊN MẠNG,2022-01-19,Giấy phép chính thức (ABEI - Bộ TT&TT),53/QĐ-BTTTT,invalid,https://giayphep.abei.gov.vn/
xgaming.vn,CÔNG TY TRUYỀN THÔNG VIETTEL,GIẤY PHÉP CUNG CẤP DỊCH VỤ MẠNG XÃ HỘI,2020-07-20,Giấy phép chính thức (ABEI - Bộ TT&TT),311/GP-BTTTT,valid,https://giayphep.abei.gov.vn/
xhero.hhgame.vn,CÔNG TY CỔ PHẦN PHÁT TRIỂN CÔNG NGHỆ SỐ HỒNG HÀ,QUYẾT ĐỊNH PHÁT HÀNH TRÒ CHƠI ĐIỆN TỬ G1 TRÊN MẠNG,2023-04-14,Giấy phép chính thức (ABEI - Bộ TT&TT),641/QĐ-BTTTT,valid,https://giayphep.abei.gov.vn/
xichbich3d.yn,CÔNG TY CỔ PHẦN FUNTAP,QUYẾT ĐỊNH PHÁT HÀNH TRÒ CHƠI ĐIỆN TỬ G1 TRÊN MẠNG,2017-05-22,Giấy phép chính thức (ABEI - Bộ TT&TT),754/QĐ-BTTTT,valid,https://giayphep.abei.gov.vn/
xintel.vn,CÔNG TY TNHH PI GAMING,GIẤY PHÉP CUNG CẤP DỊCH VỤ MẠNG XÃ HỘI,2024-10-29,Giấy phép chính thức (ABEI - Bộ TT&TT),317/GP-BTTTT,valid,https://giayphep.abei.gov.vn/
xsktmiennam.vn,HỘI ĐỒNG XỔ SỐ KIẾN THIẾT KHU VỰC MIỀN NAM,GIẤY PHÉP THIẾT LẬP TRANG THÔNG TIN ĐIỆN TỬ TỔNG HỢP,2017-08-22,Giấy phép chính thức (ABEI - Bộ TT&TT),273/GP-TTĐT,valid,https://giayphep.abei.gov.vn/
xstation.vn,CÔNG TY TNHH X ARENA,QUYẾT ĐỊNH PHÁT HÀNH TRÒ CHƠI ĐIỆN TỬ G1 TRÊN MẠNG,2026-06-10,Giấy phép chính thức (ABEI - Bộ TT&TT),334/QĐ-PTTH&TTĐT,valid,https://giayphep.abei.gov.vn/
xtamquoc.kul.vn,CÔNG TY CỔ PHẦN TRỰC TUYẾN CMN VIỆT NAM,QUYẾT ĐỊNH PHÁT HÀNH TRÒ CHƠI ĐIỆN TỬ G1 TRÊN MẠNG,2016-06-02,Giấy phép chính thức (ABEI - Bộ TT&TT),938/QĐ-BTTTT,valid,https://giayphep.abei.gov.vn/
xtaydu.cmn.vn,CÔNG TY CỔ PHẦN TRỰC TUYẾN CMN VIỆT NAM,QUYẾT ĐỊNH PHÁT HÀNH TRÒ CHƠI ĐIỆN TỬ G1 TRÊN MẠNG,2025-10-16,Giấy phép chính thức (ABEI - Bộ TT&TT),453/QĐ-PTTH&TTĐT,valid,https://giayphep.abei.gov.vn/
xtel.vn,CÔNG TY CỔ PHẦN CÔNG NGHỆ VÀ TRUYỀN THÔNG XTEL,"GIẤY XÁC NHẬN THÔNG BÁO PHÁT HÀNH TRÒ CHƠI ĐIỆN TỬ G2,G3,G4",2024-10-30,Giấy phép chính thức (ABEI - Bộ TT&TT),268/GXN-PTTH&TTĐT,valid,https://giayphep.abei.gov.vn/
xtv.vn,CÔNG TY CỔ PHẦN XTV,QUYẾT ĐỊNH PHÁT HÀNH TRÒ CHƠI ĐIỆN TỬ G1 TRÊN MẠNG,2020-07-14,Giấy phép chính thức (ABEI - Bộ TT&TT),1181/QĐ-BTTTT,invalid,https://giayphep.abei.gov.vn/
xuanthu.gamota.com,CÔNG TY CỔ PHẦN GAMOTA,QUYẾT ĐỊNH PHÁT HÀNH TRÒ CHƠI ĐIỆN TỬ G1 TRÊN MẠNG,2020-08-18,Giấy phép chính thức (ABEI - Bộ TT&TT),1408/QĐ-BTTTT,valid,https://giayphep.abei.gov.vn/
xuatkich.vtcgame.vn,CÔNG TY VTC CÔNG NGHỆ VÀ NỘI DUNG SỐ,QUYẾT ĐỊNH PHÁT HÀNH TRÒ CHƠI ĐIỆN TỬ G1 TRÊN MẠNG,2017-07-19,Giấy phép chính thức (ABEI - Bộ TT&TT),1192/QĐ-BTTTT,invalid,https://giayphep.abei.gov.vn/
xungde.somo.vn,CÔNG TY TNHH DỊCH VỤ SỐ PHƯỢNG HOÀNG VIỆT,QUYẾT ĐỊNH PHÁT HÀNH TRÒ CHƠI ĐIỆN TỬ G1 TRÊN MẠNG,2017-01-19,Giấy phép chính thức (ABEI - Bộ TT&TT),63/QĐ-BTTTT,invalid,https://giayphep.abei.gov.vn/
xwukong.sohagame.vn,CÔNG TY TNHH SOHA,QUYẾT ĐỊNH PHÁT HÀNH TRÒ CHƠI ĐIỆN TỬ G1 TRÊN MẠNG,2025-01-21,Giấy phép chính thức (ABEI - Bộ TT&TT),84/QĐ-BTTTT,valid,https://giayphep.abei.gov.vn/
y1g.vn,CÔNG TY CỔ PHẦN 1GAME,"GIẤY XÁC NHẬN THÔNG BÁO PHÁT HÀNH TRÒ CHƠI ĐIỆN TỬ G2,G3,G4",2024-08-28,Giấy phép chính thức (ABEI - Bộ TT&TT),205/GXN-PTTH&TTĐT,valid,https://giayphep.abei.gov.vn/
yamasia.vn,CÔNG TY TNHH YAMLIVE,GIẤY PHÉP CUNG CẤP DỊCH VỤ MẠNG XÃ HỘI,2020-07-30,Giấy phép chính thức (ABEI - Bộ TT&TT),332/GP-BTTTT,valid,https://giayphep.abei.gov.vn/
yamlive.vn,CÔNG TY TNHH YAMLIVE,GIẤY PHÉP CUNG CẤP DỊCH VỤ MẠNG XÃ HỘI,2020-07-30,Giấy phép chính thức (ABEI - Bộ TT&TT),332/GP-BTTTT,valid,https://giayphep.abei.gov.vn/
ybrandgame.com,CÔNG TY CỔ PHẦN PHÁT TRIỂN THƯƠNG HIỆU YEAH1,"GIẤY XÁC NHẬN THÔNG BÁO PHÁT HÀNH TRÒ CHƠI ĐIỆN TỬ G2,G3,G4",2021-07-30,Giấy phép chính thức (ABEI - Bộ TT&TT),133/GXN-PTTH&TTĐT,valid,https://giayphep.abei.gov.vn/
yduochocngaynay.vn,VIỆN NGHIÊN CỨU Y DƯỢC HỌC THĂNG LONG,GIẤY PHÉP THIẾT LẬP TRANG THÔNG TIN ĐIỆN TỬ TỔNG HỢP,2023-12-13,Giấy phép chính thức (ABEI - Bộ TT&TT),216/GP-TTĐT,invalid,https://giayphep.abei.gov.vn/
yduocngaynay.vn,VIỆN NGHIÊN CỨU Y DƯỢC HỌC THĂNG LONG,GIẤY PHÉP THIẾT LẬP TRANG THÔNG TIN ĐIỆN TỬ TỔNG HỢP,2018-12-18,Giấy phép chính thức (ABEI - Bộ TT&TT),312/GP-TTĐT,invalid,https://giayphep.abei.gov.vn/
yduocsuckhoe.vn,CÔNG TY CỔ PHẦN THƯƠNG MẠI VÀ ĐẦU TƯ Y TẾ  QUỐC TẾ,GIẤY PHÉP CUNG CẤP DỊCH VỤ MẠNG XÃ HỘI,2019-02-16,Giấy phép chính thức (ABEI - Bộ TT&TT),551/GP-BTTTT,valid,https://giayphep.abei.gov.vn/
yenbaitv.org.vn,ĐÀI PHÁT THANH VÀ TRUYỀN HÌNH YÊN BÁI,GIẤY PHÉP THIẾT LẬP TRANG THÔNG TIN ĐIỆN TỬ TỔNG HỢP,2020-07-08,Giấy phép chính thức (ABEI - Bộ TT&TT),111/GP-TTĐT,valid,https://giayphep.abei.gov.vn/
yeulinhgiai.vgplay.vn,CÔNG TY CỔ PHẦN VGP,QUYẾT ĐỊNH PHÁT HÀNH TRÒ CHƠI ĐIỆN TỬ G1 TRÊN MẠNG,2021-06-23,Giấy phép chính thức (ABEI - Bộ TT&TT),892/QĐ-BTTTT,invalid,https://giayphep.abei.gov.vn/
yeulinhky.ggames.vn,CÔNG TY TNHH TRỰC TUYẾN THIÊN HÀ,QUYẾT ĐỊNH PHÁT HÀNH TRÒ CHƠI ĐIỆN TỬ G1 TRÊN MẠNG,2022-07-20,Giấy phép chính thức (ABEI - Bộ TT&TT),1409/QĐ-BTTTT,valid,https://giayphep.abei.gov.vn/
ygame.vn,CÔNG TY CỔ PHẦN GIẢI TRÍ YGAME,QUYẾT ĐỊNH PHÁT HÀNH TRÒ CHƠI ĐIỆN TỬ G1 TRÊN MẠNG,2019-10-11,Giấy phép chính thức (ABEI - Bộ TT&TT),1687 /QĐ-BTTTT,valid,https://giayphep.abei.gov.vn/
yhocduphong.com,HỘI Y HỌC DỰ PHÒNG VIỆT NAM,GIẤY PHÉP THIẾT LẬP TRANG THÔNG TIN ĐIỆN TỬ TỔNG HỢP,2016-06-15,Giấy phép chính thức (ABEI - Bộ TT&TT),62/GP-TTĐT,valid,https://giayphep.abei.gov.vn/
yhocthuchanh.vn,TẠP CHÍ Y HỌC THỰC HÀNH,GIẤY PHÉP THIẾT LẬP TRANG THÔNG TIN ĐIỆN TỬ TỔNG HỢP,2013-08-27,Giấy phép chính thức (ABEI - Bộ TT&TT),122/GP-TTĐT,invalid,https://giayphep.abei.gov.vn/
yhqs.vn,TẠP CHÍ Y HỌC QUÂN SỰ,GIẤY PHÉP THIẾT LẬP TRANG THÔNG TIN ĐIỆN TỬ TỔNG HỢP,2013-12-23,Giấy phép chính thức (ABEI - Bộ TT&TT),146/GP-TTĐT,invalid,https://giayphep.abei.gov.vn/
yhth.vn,TẠP CHÍ Y HỌC THỰC HÀNH,GIẤY PHÉP THIẾT LẬP TRANG THÔNG TIN ĐIỆN TỬ TỔNG HỢP,2013-08-27,Giấy phép chính thức (ABEI - Bộ TT&TT),122/GP-TTĐT,invalid,https://giayphep.abei.gov.vn/
yogame.vn,CÔNG TY CỔ PHẦN VIỄN THÔNG TUỔI TRẺ,"GIẤY XÁC NHẬN THÔNG BÁO PHÁT HÀNH TRÒ CHƠI ĐIỆN TỬ G2,G3,G4",2018-08-08,Giấy phép chính thức (ABEI - Bộ TT&TT),208/GXN-PTTH&TTĐT,valid,https://giayphep.abei.gov.vn/
yolo.vpla.vn,CÔNG TY CỔ PHẦN TRUYỀN HÌNH TƯƠNG TÁC VIỆT NAM,"GIẤY XÁC NHẬN THÔNG BÁO PHÁT HÀNH TRÒ CHƠI ĐIỆN TỬ G2,G3,G4",2023-11-10,Giấy phép chính thức (ABEI - Bộ TT&TT),200/GXN-PTTH&TTĐT,valid,https://giayphep.abei.gov.vn/
yongheroes.100d.mobi,CÔNG TY CỔ PHẦN GIẢI TRÍ 100 ĐỘ,QUYẾT ĐỊNH PHÁT HÀNH TRÒ CHƠI ĐIỆN TỬ G1 TRÊN MẠNG,2019-12-20,Giấy phép chính thức (ABEI - Bộ TT&TT),2229/QĐ-BTTTT,invalid,https://giayphep.abei.gov.vn/
yoot.vn,CÔNG TY CỔ PHẦN CÔNG NGHỆ CAO VÀ ĐÀO TẠO YOOT,GIẤY PHÉP CUNG CẤP DỊCH VỤ MẠNG XÃ HỘI,2019-11-12,Giấy phép chính thức (ABEI - Bộ TT&TT),492/GP-BTTTT,valid,https://giayphep.abei.gov.vn/
youclip.vn,CÔNG TY TNHH CÔNG NGHỆ ALADIN,GIẤY PHÉP CUNG CẤP DỊCH VỤ MẠNG XÃ HỘI,2019-07-05,Giấy phép chính thức (ABEI - Bộ TT&TT),272/GP-BTTTT,valid,https://giayphep.abei.gov.vn/
youfinance.vn,CÔNG TY CỔ PHẦN YOUTRADE,GIẤY PHÉP CUNG CẤP DỊCH VỤ MẠNG XÃ HỘI,2020-05-14,Giấy phép chính thức (ABEI - Bộ TT&TT),204/GP-BTTTT,valid,https://giayphep.abei.gov.vn/
yougame.vn,CÔNG TY TNHH CÔNG NGHỆ ALADIN,"GIẤY XÁC NHẬN THÔNG BÁO PHÁT HÀNH TRÒ CHƠI ĐIỆN TỬ G2,G3,G4",2021-01-11,Giấy phép chính thức (ABEI - Bộ TT&TT),10/GXN-PTTH&TTĐT,valid,https://giayphep.abei.gov.vn/
ythien.gosu.vn,CÔNG TY CỔ PHẦN TRỰC TUYẾN GOSU,QUYẾT ĐỊNH PHÁT HÀNH TRÒ CHƠI ĐIỆN TỬ G1 TRÊN MẠNG,2020-08-11,Giấy phép chính thức (ABEI - Bộ TT&TT),1372 /QĐ-BTTTT,valid,https://giayphep.abei.gov.vn/
ythiendolong.vn,CÔNG TY CỔ PHẦN TRỰC TUYỂN CMN VIỆT NAM,QUYẾT ĐỊNH PHÁT HÀNH TRÒ CHƠI ĐIỆN TỬ G1 TRÊN MẠNG,2022-03-15,Giấy phép chính thức (ABEI - Bộ TT&TT),440/QĐ-BTTTT,valid,https://giayphep.abei.gov.vn/
ytvd.mgol.vn,CÔNG TY TNHH PHẦN MỀM MGOL,QUYẾT ĐỊNH PHÁT HÀNH TRÒ CHƠI ĐIỆN TỬ G1 TRÊN MẠNG,2025-01-17,Giấy phép chính thức (ABEI - Bộ TT&TT),68/QĐ-BTTTT,valid,https://giayphep.abei.gov.vn/
yugi.360game.vn,CÔNG TY TNHH NỘI DUNG SỐ NGUYÊN BẢO,QUYẾT ĐỊNH PHÁT HÀNH TRÒ CHƠI ĐIỆN TỬ G1 TRÊN MẠNG,2017-12-14,Giấy phép chính thức (ABEI - Bộ TT&TT),2326/QĐ-BTTTT,invalid,https://giayphep.abei.gov.vn/
yugih5.com,CÔNG TY TNHH TRUYỀN THÔNG MINH PHƯƠNG THỊNH,QUYẾT ĐỊNH PHÁT HÀNH TRÒ CHƠI ĐIỆN TỬ G1 TRÊN MẠNG,2021-05-07,Giấy phép chính thức (ABEI - Bộ TT&TT),625 /QĐ-BTTTT,valid,https://giayphep.abei.gov.vn/
yulgang.vsgame.vn,CÔNG TY CỔ PHẦN VISION GAME ,QUYẾT ĐỊNH PHÁT HÀNH TRÒ CHƠI ĐIỆN TỬ G1 TRÊN MẠNG,2025-02-18,Giấy phép chính thức (ABEI - Bộ TT&TT),36/QĐ-PTTH&TTĐT,valid,https://giayphep.abei.gov.vn/
yxmysvn.mocgames.com,CÔNG TY CỔ PHẦN TRÒ CHƠI MỘC ,QUYẾT ĐỊNH PHÁT HÀNH TRÒ CHƠI ĐIỆN TỬ G1 TRÊN MẠNG,2025-09-10,Giấy phép chính thức (ABEI - Bộ TT&TT),383/QĐ-PTTH&TTĐT,valid,https://giayphep.abei.gov.vn/
yymys.mocgame.vn,CÔNG TY CỔ PHẦN TRÒ CHƠI MỘC ,QUYẾT ĐỊNH PHÁT HÀNH TRÒ CHƠI ĐIỆN TỬ G1 TRÊN MẠNG,2025-09-10,Giấy phép chính thức (ABEI - Bộ TT&TT),383/QĐ-PTTH&TTĐT,valid,https://giayphep.abei.gov.vn/
zapp.com.vn,CÔNG TY TNHH DIGITAL POWER MEDIA,GIẤY PHÉP CUNG CẤP DỊCH VỤ MẠNG XÃ HỘI,2019-04-22,Giấy phép chính thức (ABEI - Bộ TT&TT),146/GP-BTTTT,valid,https://giayphep.abei.gov.vn/
zazu.vn,CÔNG TY CỔ PHẦN KẾT NỐI DOTMARK,GIẤY PHÉP CUNG CẤP DỊCH VỤ MẠNG XÃ HỘI,2017-09-18,Giấy phép chính thức (ABEI - Bộ TT&TT),449/GP-BTTTT,valid,https://giayphep.abei.gov.vn/
zca.zagoo.vn,CÔNG TY TNHH ZIE,QUYẾT ĐỊNH PHÁT HÀNH TRÒ CHƠI ĐIỆN TỬ G1 TRÊN MẠNG,2025-06-18,Giấy phép chính thức (ABEI - Bộ TT&TT),253/QĐ-PTTH&TTĐT,invalid,https://giayphep.abei.gov.vn/
zca.zalogames.me,CÔNG TY TNHH ZIE,QUYẾT ĐỊNH PHÁT HÀNH TRÒ CHƠI ĐIỆN TỬ G1 TRÊN MẠNG,2026-05-18,Giấy phép chính thức (ABEI - Bộ TT&TT),256/QĐ-PTTH&TTĐT,valid,https://giayphep.abei.gov.vn/
zcast.vn,CÔNG TY CỔ PHẦN XFM,GIẤY PHÉP CUNG CẤP DỊCH VỤ MẠNG XÃ HỘI,2022-07-07,Giấy phép chính thức (ABEI - Bộ TT&TT),343/GP-BTTTT,invalid,https://giayphep.abei.gov.vn/
zenless.gamota.com,CÔNG TY CỔ PHẦN GAMOTA,QUYẾT ĐỊNH PHÁT HÀNH TRÒ CHƠI ĐIỆN TỬ G1 TRÊN MẠNG,2024-04-26,Giấy phép chính thức (ABEI - Bộ TT&TT),674/QĐ-BTTTT,valid,https://giayphep.abei.gov.vn/
ziatochuventhosai.playfun.vn,CÔNG TY CỔ PHẦN FUNTAP,QUYẾT ĐỊNH PHÁT HÀNH TRÒ CHƠI ĐIỆN TỬ G1 TRÊN MẠNG,2022-01-21,Giấy phép chính thức (ABEI - Bộ TT&TT),87/QĐ-BTTTT,valid,https://giayphep.abei.gov.vn/
zie.com.vn,CÔNG TY TNHH ZIE,QUYẾT ĐỊNH PHÁT HÀNH TRÒ CHƠI ĐIỆN TỬ G1 TRÊN MẠNG,2026-07-08,Giấy phép chính thức (ABEI - Bộ TT&TT),408/QĐ-PTTH&TTĐT,valid,https://giayphep.abei.gov.vn/
zilack.vn,CÔNG TY CỔ PHẦN TRUYỀN THÔNG VÀ GIẢI TRÍ ZILACK,GIẤY PHÉP CUNG CẤP DỊCH VỤ MẠNG XÃ HỘI,2019-12-09,Giấy phép chính thức (ABEI - Bộ TT&TT),533/GP-BTTTT,valid,https://giayphep.abei.gov.vn/
zinder.app,CÔNG TY TNHH ZIE,GIẤY PHÉP CUNG CẤP DỊCH VỤ MẠNG XÃ HỘI,2024-06-26,Giấy phép chính thức (ABEI - Bộ TT&TT),166/GP-BTTTT,valid,https://giayphep.abei.gov.vn/
zinder.vn,CÔNG TY TNHH ZIE,GIẤY PHÉP CUNG CẤP DỊCH VỤ MẠNG XÃ HỘI,2024-06-26,Giấy phép chính thức (ABEI - Bộ TT&TT),166/GP-BTTTT,valid,https://giayphep.abei.gov.vn/
zing.vn,CÔNG TY CỔ PHẦN TẬP ĐOÀN VNG,QUYẾT ĐỊNH PHÁT HÀNH TRÒ CHƠI ĐIỆN TỬ G1 TRÊN MẠNG,2026-01-15,Giấy phép chính thức (ABEI - Bộ TT&TT),16/QĐ-PTTH&TTĐT,valid,https://giayphep.abei.gov.vn/
zingplav.com,CÔNG TY TNHH ZINGPLAY VIỆT NAM,QUYẾT ĐỊNH PHÁT HÀNH TRÒ CHƠI ĐIỆN TỬ G1 TRÊN MẠNG,2022-07-04,Giấy phép chính thức (ABEI - Bộ TT&TT),1328/QĐ-BTTTT,valid,https://giayphep.abei.gov.vn/
zingplay.com,Công ty TNHH ZingPlay Việt Nam,QUYẾT ĐỊNH PHÁT HÀNH TRÒ CHƠI ĐIỆN TỬ G1 TRÊN MẠNG,2026-05-27,Giấy phép chính thức (ABEI - Bộ TT&TT),281/QĐ-PTTH&TTĐT,valid,https://giayphep.abei.gov.vn/
zingspeedm.vn,CÔNG TY CỔ PHẦN VNG,QUYẾT ĐỊNH PHÁT HÀNH TRÒ CHƠI ĐIỆN TỬ G1 TRÊN MẠNG,2018-12-11,Giấy phép chính thức (ABEI - Bộ TT&TT),2125/QĐ-BTTTT,invalid,https://giayphep.abei.gov.vn/
zingspeedm.vnggames.com,CÔNG TY CỔ PHẦN TẬP ĐOÀN VNG,QUYẾT ĐỊNH PHÁT HÀNH TRÒ CHƠI ĐIỆN TỬ G1 TRÊN MẠNG,2026-02-12,Giấy phép chính thức (ABEI - Bộ TT&TT),79/QĐ-PTTH&TTĐT,valid,https://giayphep.abei.gov.vn/
zombiesboom.mgol.vn,CÔNG TY TNHH PHẦN MỀM MGOL,QUYẾT ĐỊNH PHÁT HÀNH TRÒ CHƠI ĐIỆN TỬ G1 TRÊN MẠNG,2024-04-26,Giấy phép chính thức (ABEI - Bộ TT&TT),669/QĐ-BTTTT,valid,https://giayphep.abei.gov.vn/
zone360.vn,CÔNG TY CỔ PHẦN GIÁO DỤC VÀ ĐÀO TẠO A0,GIẤY PHÉP CUNG CẤP DỊCH VỤ MẠNG XÃ HỘI,2020-09-23,Giấy phép chính thức (ABEI - Bộ TT&TT),406/GP-BTTTT,valid,https://giayphep.abei.gov.vn/
zoneplay.vn,CÔNG TY CỔ PHẦN GZONE MEDIA VIỆT NAM ,QUYẾT ĐỊNH PHÁT HÀNH TRÒ CHƠI ĐIỆN TỬ G1 TRÊN MẠNG,2026-05-05,Giấy phép chính thức (ABEI - Bộ TT&TT),223/QĐ-PTTH&TTĐT,valid,https://giayphep.abei.gov.vn/
zoom.vn,CÔNG TY CỔ PHẦN GIẢI PHÁP CÔNG NGHỆ ZOOM VIỆT NAM,QUYẾT ĐỊNH PHÁT HÀNH TRÒ CHƠI ĐIỆN TỬ G1 TRÊN MẠNG,2021-05-26,Giấy phép chính thức (ABEI - Bộ TT&TT),715/QĐ-BTTTT,invalid,https://giayphep.abei.gov.vn/
zooxem.com,CÔNG TY TNHH ARTGO MEDIA,GIẤY PHÉP CUNG CẤP DỊCH VỤ MẠNG XÃ HỘI,2022-12-30,Giấy phép chính thức (ABEI - Bộ TT&TT),609/GP-BTTTT,valid,https://giayphep.abei.gov.vn/
zooxem.vn,CÔNG TY TNHH ARTGO MEDIA,GIẤY PHÉP CUNG CẤP DỊCH VỤ MẠNG XÃ HỘI,2022-12-30,Giấy phép chính thức (ABEI - Bộ TT&TT),609/GP-BTTTT,valid,https://giayphep.abei.gov.vn/
zstudio.io,CÔNG TY TNHH GIẢI TRÍ LONG ĐỈNH,"GIẤY XÁC NHẬN THÔNG BÁO PHÁT HÀNH TRÒ CHƠI ĐIỆN TỬ G2,G3,G4",2020-11-04,Giấy phép chính thức (ABEI - Bộ TT&TT),206/GXN-PTTH&TTĐT,valid,https://giayphep.abei.gov.vn/
đienandothi.vn,"TRUNG TÂM THÔNG TIN, HỢP TÁC QUỐC TẾ VÀ TƯ VẤN PHÁT TRIỂN ĐÔ THỊ",GIẤY PHÉP THIẾT LẬP TRANG THÔNG TIN ĐIỆN TỬ TỔNG HỢP,2017-03-09,Giấy phép chính thức (ABEI - Bộ TT&TT),81/GP-TTĐT,valid,https://giayphep.abei.gov.vn/
