domain,owner,certified_date,cert_level,detail_url
1001gr.com,1001GROUP,02/08/2022,Chứng nhận cơ bản,https://tinnhiemmang.vn/danh-ba-tin-nhiem/1001grcom-1658831594
1022.cantho.gov.vn,Văn phòng Ủy ban nhân dân thành phố Cần Thơ,16/11/2021,Chứng nhận cơ bản,https://tinnhiemmang.vn/danh-ba-tin-nhiem/1022canthogovvn-1636961801
1022.tayninh.gov.vn,Ủy ban nhân dân tỉnh Tây Ninh,24/11/2021,Chứng nhận cơ bản,https://tinnhiemmang.vn/danh-ba-tin-nhiem/1022tayninhgovvn-1637640972
1022.tphcm.gov.vn,Sở Thông tin và Truyền thông thành phố Hồ Chí Minh,09/10/2023,Chứng nhận cơ bản,https://tinnhiemmang.vn/danh-ba-tin-nhiem/1022tphcmgovvn-1696833300
1022.vn,"Trung tâm Thông tin và giám sát, điều hành thông minh Đà Nẵng",28/12/2023,Chứng nhận cơ bản,https://tinnhiemmang.vn/danh-ba-tin-nhiem/1022vn-1703733299
115hanoi.lcssoft.com.vn,"Trung tâm Công nghệ phòng, chống dịch Covid-19 Quốc gia",06/09/2021,Chứng nhận nâng cao,https://tinnhiemmang.vn/danh-ba-tin-nhiem/115hanoilcssoftcomvn-1630944381
19-8hospital.vn,Bệnh viện 198,01/11/2023,Chứng nhận cơ bản,https://tinnhiemmang.vn/danh-ba-tin-nhiem/19-8hospitalvn-1698822882
198hospital.vn,Bệnh viện 198,01/11/2023,Chứng nhận cơ bản,https://tinnhiemmang.vn/danh-ba-tin-nhiem/198hospitalvn-1698822884
24hstore.vn,Hộ kinh doanh 24hStore,19/05/2022,Chứng nhận cơ bản,https://tinnhiemmang.vn/danh-ba-tin-nhiem/24hstorevn-1652926664
a.vjst.vn,Tạp chí Khoa học và Công nghệ Việt Nam,22/12/2023,Chứng nhận cơ bản,https://tinnhiemmang.vn/danh-ba-tin-nhiem/avjstvn-1703239631
acquycaocap.vn,Công Ty TNHH Ắc Quy Cao Cấp,13/03/2023,Chứng nhận cơ bản,https://tinnhiemmang.vn/danh-ba-tin-nhiem/acquycaocapvn-1645374574
actiup.net,Công Ty Cổ Phần Techhaus Vietnam,30/08/2022,Chứng nhận cơ bản,https://tinnhiemmang.vn/danh-ba-tin-nhiem/actiupnet-1661143928
adelacruises.com,Công Ty TNHH Du Lịch Và Dịch Vụ Insight Hạ Long,07/09/2022,Chứng nhận cơ bản,https://tinnhiemmang.vn/danh-ba-tin-nhiem/adelacruisescom-1661757818
admintruong.haiphong.edu.vn,Sở Giáo dục và Đào tạo Hải Phòng,05/07/2024,Chứng nhận cơ bản,https://tinnhiemmang.vn/danh-ba-tin-nhiem/admintruonghaiphongeduvn-1720151682
aedigi.com,Công ty TNHH Công Nghệ AEDIGI,04/04/2022,Chứng nhận cơ bản,https://tinnhiemmang.vn/danh-ba-tin-nhiem/aedigicom-1649038819
aichallenge.hochiminhcity.gov.vn,Sở Thông tin và Truyền thông thành phố Hồ Chí Minh,09/10/2023,Chứng nhận cơ bản,https://tinnhiemmang.vn/danh-ba-tin-nhiem/aichallengehochiminhcitygovvn-1696833284
aiic.vn,Công ty cổ phần đầu tư và định cư  Ally,29/11/2021,Chứng nhận cơ bản,https://tinnhiemmang.vn/danh-ba-tin-nhiem/aiicvn-1637225932
alipas.com.vn,Công ty Cổ phần Dược phẩm ECO,09/02/2023,Chứng nhận cơ bản,https://tinnhiemmang.vn/danh-ba-tin-nhiem/alipascomvn-1672914140
alphalife.asia,CÔNG TY TNHH ALPHA LIFE,16/07/2022,Chứng nhận cơ bản,https://tinnhiemmang.vn/danh-ba-tin-nhiem/alphalifeasia-1624092836
aluphuongnam.com,Công Ty TNHH Dịch Vụ Xây Dựng Thương Mại Phương Nam,06/06/2022,Chứng nhận cơ bản,https://tinnhiemmang.vn/danh-ba-tin-nhiem/aluphuongnamcom-1650690373
amaassn.org,Nhà thuốc Việt Pháp 1,15/01/2024,Chứng nhận cơ bản,https://tinnhiemmang.vn/danh-ba-tin-nhiem/amaassnorg-1641526166
amis.misa.vn,Công ty Cổ phần MISA,18/01/2023,Chứng nhận cơ bản,https://tinnhiemmang.vn/danh-ba-tin-nhiem/amismisavn-1671070948
anbinh.vinhlong.gov.vn,UBND xã An Bình tỉnh Vĩnh Long,14/07/2021,Chứng nhận cơ bản,https://tinnhiemmang.vn/danh-ba-tin-nhiem/anbinhvinhlonggovvn-1625918065
angelagold.com.vn,Công ty Cổ phần Dược phẩm ECO,09/02/2023,Chứng nhận cơ bản,https://tinnhiemmang.vn/danh-ba-tin-nhiem/angelagoldcomvn-1672914206
angiang.baohiemxahoi.gov.vn,Bảo hiểm xã hội tỉnh An Giang,28/07/2021,Chứng nhận cơ bản,https://tinnhiemmang.vn/danh-ba-tin-nhiem/angiangbaohiemxahoigovvn-1627465024
angiang.edu.vn,Sở Giáo dục và Đào tạo tỉnh An Giang,01/11/2021,Chứng nhận cơ bản,https://tinnhiemmang.vn/danh-ba-tin-nhiem/angiangeduvn-1635739720
angiang.gdt.gov.vn,Cục Thuế tỉnh An Giang,10/08/2023,Chứng nhận cơ bản,https://tinnhiemmang.vn/danh-ba-tin-nhiem/angianggdtgovvn-1691655166
angiang.gov.vn,Ủy ban nhân dân tỉnh An Giang,09/09/2021,Chứng nhận cơ bản,https://tinnhiemmang.vn/danh-ba-tin-nhiem/angianggovvn-1631175194
angiang.toaan.gov.vn,Tòa án nhân dân tỉnh An Giang,07/04/2023,Chứng nhận cơ bản,https://tinnhiemmang.vn/danh-ba-tin-nhiem/angiangtoaangovvn-1679656892
anhlinhmkt.com,Anhlinhmkt,22/06/2022,Chứng nhận cơ bản,https://tinnhiemmang.vn/danh-ba-tin-nhiem/anhlinhmktcom-1655736075
anhoa.kimson.ninhbinh.gov.vn,"Uỷ ban nhân dân xã Ân Hoà, huyện Kim Sơn, tỉnh Ninh Bình",27/06/2024,Chứng nhận cơ bản,https://tinnhiemmang.vn/danh-ba-tin-nhiem/anhoakimsonninhbinhgovvn-1719453151
ankhe.danang.gov.vn,"UBND phường An Khê, Đà Nẵng",25/11/2021,Chứng nhận cơ bản,https://tinnhiemmang.vn/danh-ba-tin-nhiem/ankhedananggovvn-1637766720
ankhe.gialai.gov.vn,"Ủy ban nhân dân thị xã An Khê, tỉnh Gia Lai",10/05/2021,Chứng nhận cơ bản,https://tinnhiemmang.vn/danh-ba-tin-nhiem/ankhegialaigovvn-1620631570
anlao.haiphong.gov.vn,"UBND huyện An Lão, Hải Phòng",08/05/2024,Chứng nhận cơ bản,https://tinnhiemmang.vn/danh-ba-tin-nhiem/anlaohaiphonggovvn-1715044037
anle.toaan.gov.vn,Tòa án nhân dân tối cao,07/04/2023,Chứng nhận cơ bản,https://tinnhiemmang.vn/danh-ba-tin-nhiem/anletoaangovvn-1679565525
anninhthudo.vn,Công an Thành phố Hà Nội,01/11/2023,Chứng nhận cơ bản,https://tinnhiemmang.vn/danh-ba-tin-nhiem/anninhthudovn-1698808835
anphi.toaan.gov.vn,Tòa án nhân dân tối cao,07/04/2023,Chứng nhận cơ bản,https://tinnhiemmang.vn/danh-ba-tin-nhiem/anphitoaangovvn-1680839271
anphu.angiang.gov.vn,"UBND Huyện An Phú, tỉnh An Giang",06/10/2021,Chứng nhận cơ bản,https://tinnhiemmang.vn/danh-ba-tin-nhiem/anphuangianggovvn-1633505738
anthi.hungyen.gov.vn,"Ủy Ban Nhân Dân Huyện Ân Thi, Tỉnh Hưng Yên",15/07/2021,Chứng nhận cơ bản,https://tinnhiemmang.vn/danh-ba-tin-nhiem/anthihungyengovvn-1626332405
antoanthucpham.danang.gov.vn,Ban Quản lý An toàn thực phẩm thành phố Đà Nẵng,28/07/2022,Chứng nhận cơ bản,https://tinnhiemmang.vn/danh-ba-tin-nhiem/antoanthucphamdananggovvn-1658994985
antoanthucphamhd.vn,"Tạp chí Công Thương, Bộ Công thương",17/01/2022,Chứng nhận cơ bản,https://tinnhiemmang.vn/danh-ba-tin-nhiem/antoanthucphamhdvn-1642155951
antoanthucphamlamdong.gov.vn,Chi cục An toàn vệ sinh thực phẩm tỉnh Lâm Đồng,16/04/2024,Chứng nhận cơ bản,https://tinnhiemmang.vn/danh-ba-tin-nhiem/antoanthucphamlamdonggovvn-1713229163
antv.gov.vn,Truyền hình Công an nhân dân,01/11/2023,Chứng nhận cơ bản,https://tinnhiemmang.vn/danh-ba-tin-nhiem/antvgovvn-1698822452
aothuntees.com,Công Ty TNHH Đầu Tư Yến Phát,05/04/2022,Chứng nhận cơ bản,https://tinnhiemmang.vn/danh-ba-tin-nhiem/aothunteescom-1648975964
apfoodsvn.com,Công ty TNHH Kỹ Thuật Phúc Thịnh-AP FOODS,22/06/2022,Chứng nhận cơ bản,https://tinnhiemmang.vn/danh-ba-tin-nhiem/apfoodsvncom-1653631075
api.cic.gov.vn,Trung tâm Thông tin Tín dụng Quốc gia Việt Nam,14/07/2021,Chứng nhận cơ bản,https://tinnhiemmang.vn/danh-ba-tin-nhiem/apicicgovvn-1626167011
api.tphcm.gov.vn,Sở Thông tin và Truyền thông thành phố Hồ Chí Minh,09/10/2023,Chứng nhận cơ bản,https://tinnhiemmang.vn/danh-ba-tin-nhiem/apitphcmgovvn-1696833275
api.web2m.com,Công ty TNHH Thương Mại Và Dịch Vụ FUTE,26/07/2022,Chứng nhận cơ bản,https://tinnhiemmang.vn/danh-ba-tin-nhiem/apiweb2mcom-1658547772
aricadecor.com,Công Ty Cổ Phần Đầu Tư Và Xây Dựng Arica Việt Nam,04/04/2022,Chứng nhận cơ bản,https://tinnhiemmang.vn/danh-ba-tin-nhiem/aricadecorcom-1649056270
ascoseco.vn,Công Ty TNHH Thương Mại Dịch Vụ Đầu Tư AS,08/12/2022,Chứng nhận cơ bản,https://tinnhiemmang.vn/danh-ba-tin-nhiem/ascosecovn-1668050633
ascosecomart.vn,Công Ty TNHH Thương Mại Dịch Vụ Đầu Tư AS,08/12/2022,Chứng nhận cơ bản,https://tinnhiemmang.vn/danh-ba-tin-nhiem/ascosecomartvn-1668050635
atfm.vn,Trung tâm Quản lý luồng không lưu,11/08/2021,Chứng nhận cơ bản,https://tinnhiemmang.vn/danh-ba-tin-nhiem/atfmvn-1628682747
atgt.dongthap.gov.vn,Ban An toàn Giao thông tỉnh Đồng Tháp,22/11/2021,Chứng nhận cơ bản,https://tinnhiemmang.vn/danh-ba-tin-nhiem/atgtdongthapgovvn-1637570233
ats.vietnamtourism.gov.vn,Trung tâm Thông tin du lịch,12/08/2024,Chứng nhận cơ bản,https://tinnhiemmang.vn/danh-ba-tin-nhiem/atsvietnamtourismgovvn-1723449370
attech.com.vn,Công ty TNHH Kỹ thuật Quản lý bay,11/08/2021,Chứng nhận cơ bản,https://tinnhiemmang.vn/danh-ba-tin-nhiem/attechcomvn-1628682830
attp.thanhhoa.gov.vn,Chi cục An toàn vệ sinh thực phẩm Thanh Hóa,01/08/2023,Chứng nhận cơ bản,https://tinnhiemmang.vn/danh-ba-tin-nhiem/attpthanhhoagovvn-1690783619
attt.hanoi.gov.vn,Sở Thông tin và Truyền thông Hà Nội,12/06/2021,Chứng nhận cơ bản,https://tinnhiemmang.vn/danh-ba-tin-nhiem/attthanoigovvn-1623407415
attt.thanhhoa.gov.vn,Sở Thông tin và Truyền thông Thanh Hóa,01/06/2021,Chứng nhận cơ bản,https://tinnhiemmang.vn/danh-ba-tin-nhiem/atttthanhhoagovvn
atvstp.gialai.gov.vn,Chi cục An toàn vệ sinh thực phẩm tỉnh Gia Lai,24/01/2024,Chứng nhận cơ bản,https://tinnhiemmang.vn/danh-ba-tin-nhiem/atvstpgialaigovvn-1706064469
avakids.com,Công ty cổ phần Thế Giới Di Động,09/02/2022,Chứng nhận cơ bản,https://tinnhiemmang.vn/danh-ba-tin-nhiem/avakidscom-1642947881
ayunpa.gialai.gov.vn,"Ủy ban nhân dân thị xã Ayun Pa, tỉnh Gia Lai",12/05/2021,Chứng nhận cơ bản,https://tinnhiemmang.vn/danh-ba-tin-nhiem/ayunpagialaigovvn-1620803904
aztest.vn,Công ty cổ phần phát triển nguồn mở Việt Nam,21/09/2021,Chứng nhận cơ bản,https://tinnhiemmang.vn/danh-ba-tin-nhiem/aztestvn-1627533251
b.vjst.vn,Tạp chí Khoa học và Công nghệ Việt Nam,22/12/2023,Chứng nhận cơ bản,https://tinnhiemmang.vn/danh-ba-tin-nhiem/bvjstvn-1703239775
baccan.gdt.gov.vn,Cục Thuế tỉnh  Bắc Kạn,10/08/2023,Chứng nhận cơ bản,https://tinnhiemmang.vn/danh-ba-tin-nhiem/baccangdtgovvn-1691655105
bacgiang.baohiemxahoi.gov.vn,Bảo Hiểm Xã Hội tỉnh Bắc Giang,28/07/2021,Chứng nhận cơ bản,https://tinnhiemmang.vn/danh-ba-tin-nhiem/bacgiangbaohiemxahoigovvn-1627458156
bacgiang.gdt.gov.vn,Cục Thuế tỉnh Bắc Giang,10/08/2023,Chứng nhận cơ bản,https://tinnhiemmang.vn/danh-ba-tin-nhiem/bacgianggdtgovvn-1691655523
bacgiang.toaan.gov.vn,Tòa án nhân dân tỉnh Bắc Giang,07/04/2023,Chứng nhận cơ bản,https://tinnhiemmang.vn/danh-ba-tin-nhiem/bacgiangtoaangovvn-1679658978
bacha.laocai.gov.vn,"UBND Huyện Bắc Hà, tỉnh Lào Cai",25/11/2021,Chứng nhận cơ bản,https://tinnhiemmang.vn/danh-ba-tin-nhiem/bachalaocaigovvn-1637810568
bachhoaxanh.com,Công ty cổ phần Thương mại Bách Hóa Xanh,28/09/2021,Chứng nhận cơ bản,https://tinnhiemmang.vn/danh-ba-tin-nhiem/bachhoaxanhcom-1632835470
backan.baohiemxahoi.gov.vn,Bảo hiểm xã hội tỉnh Bắc Kạn,19/07/2021,Chứng nhận cơ bản,https://tinnhiemmang.vn/danh-ba-tin-nhiem/backanbaohiemxahoigovvn-1626665879
backan.edu.vn,Sở Giáo dục và Đào tạo Bắc Kạn,30/08/2022,Chứng nhận cơ bản,https://tinnhiemmang.vn/danh-ba-tin-nhiem/backaneduvn-1630035261
backan.toaan.gov.vn,Tòa án nhân dân tỉnh Bắc Kạn,07/04/2023,Chứng nhận cơ bản,https://tinnhiemmang.vn/danh-ba-tin-nhiem/backantoaangovvn-1679887194
baclieu.baohiemxahoi.gov.vn,Bảo Hiểm Xã Hội tỉnh Bạc Liêu,28/07/2021,Chứng nhận cơ bản,https://tinnhiemmang.vn/danh-ba-tin-nhiem/baclieubaohiemxahoigovvn-1627464042
baclieu.gdt.gov.vn,Cục Thuế tỉnh Bạc Liêu,10/08/2023,Chứng nhận cơ bản,https://tinnhiemmang.vn/danh-ba-tin-nhiem/baclieugdtgovvn-1691655476
baclieu.toaan.gov.vn,Tòa án nhân dân tỉnh Bạc Liêu,07/04/2023,Chứng nhận cơ bản,https://tinnhiemmang.vn/danh-ba-tin-nhiem/baclieutoaangovvn-1679887318
bacninh.baohiemxahoi.gov.vn,Bảo Hiểm Xã Hội tỉnh Bắc Ninh,28/07/2021,Chứng nhận cơ bản,https://tinnhiemmang.vn/danh-ba-tin-nhiem/bacninhbaohiemxahoigovvn-1627458765
bacninh.gdt.gov.vn,Cục Thuế tỉnh Bắc Ninh,10/08/2023,Chứng nhận cơ bản,https://tinnhiemmang.vn/danh-ba-tin-nhiem/bacninhgdtgovvn-1691655590
bacninh.gov.vn,Sở Thông tin và Truyền thông tỉnh Bắc Ninh,27/10/2021,Chứng nhận cơ bản,https://tinnhiemmang.vn/danh-ba-tin-nhiem/bacninhgovvn-1635300684
bacninh.toaan.gov.vn,Tòa án nhân dân tỉnh Bắc Ninh,07/04/2023,Chứng nhận cơ bản,https://tinnhiemmang.vn/danh-ba-tin-nhiem/bacninhtoaangovvn-1679887472
bacyen.sonla.gov.vn,UBND Huyện Bắc Yên  UBND tỉnh Sơn La,17/06/2021,Chứng nhận cơ bản,https://tinnhiemmang.vn/danh-ba-tin-nhiem/bacyensonlagovvn-1623911141
badinh.hanoi.gov.vn,"Quận Ba Đình, Thành phố Hà Nội",15/06/2021,Chứng nhận cơ bản,https://tinnhiemmang.vn/danh-ba-tin-nhiem/badinhhanoigovvn-1623512833
balico.com.vn,Cty TNHH Thương mại dịch vụ phát triển Bảo Linh,17/11/2021,Chứng nhận cơ bản,https://tinnhiemmang.vn/danh-ba-tin-nhiem/balicocomvn-1636961020
bandantoc.camau.gov.vn,Ban dân tộc tỉnh Cà Mau,30/05/2023,Chứng nhận cơ bản,https://tinnhiemmang.vn/danh-ba-tin-nhiem/bandantoccamaugovvnwpsportal-1684983550
bandantoc.caobang.gov.vn,Ban Dân tộc tỉnh Cao Bằng,29/06/2023,Chứng nhận cơ bản,https://tinnhiemmang.vn/danh-ba-tin-nhiem/bandantoccaobanggovvn-1688024888
bandantoc.hochiminhcity.gov.vn,Ban Dân tộc Thành phố Hồ Chí Minh,01/07/2024,Chứng nhận cơ bản,https://tinnhiemmang.vn/danh-ba-tin-nhiem/bandantochochiminhcitygovvn-1719802395
bandantoc.phutho.gov.vn,Ban Dân tộc tỉnh Phú Thọ,03/10/2023,Chứng nhận cơ bản,https://tinnhiemmang.vn/danh-ba-tin-nhiem/bandantocphuthogovvn-1696235200
bando.tphcm.gov.vn,Sở Thông tin và Truyền thông thành phố Hồ Chí Minh,09/10/2023,Chứng nhận cơ bản,https://tinnhiemmang.vn/danh-ba-tin-nhiem/bandotphcmgovvn-1696833276
bandodautu.quangngai.gov.vn,Sở Kế hoạch đầu tư tỉnh Quảng Ngãi,11/07/2023,Chứng nhận cơ bản,https://tinnhiemmang.vn/danh-ba-tin-nhiem/bandodautuquangngaigovvn-1688611452
bangkeovanphat.vn,Công ty TNHH Đầu tư và Xuất nhập khẩu Vạn Phát,18/04/2022,Chứng nhận cơ bản,https://tinnhiemmang.vn/danh-ba-tin-nhiem/bangkeovanphatvn-1650093891
banhbonglantanphat.com,Bông Lan Trứng Muối Tấn Phát,20/05/2022,Chứng nhận cơ bản,https://tinnhiemmang.vn/danh-ba-tin-nhiem/banhbonglantanphatcom-1652948527
banke.customs.gov.vn,Tổng cục Hải quan,11/08/2023,Chứng nhận cơ bản,https://tinnhiemmang.vn/danh-ba-tin-nhiem/bankecustomsgovvn-1691726549
banqldactnnptnt.camau.gov.vn,Ban Quản lý dự án công trình Nông nghiệp và Phát triển nông thôn tỉnh Cà Mau,29/05/2023,Chứng nhận cơ bản,https://tinnhiemmang.vn/danh-ba-tin-nhiem/banqldactnnptntcamaugovvn-1684984476
banqlkcn.hungyen.gov.vn,Ban quản lý các khu công nghiệp tỉnh Hưng Yên,15/07/2021,Chứng nhận cơ bản,https://tinnhiemmang.vn/danh-ba-tin-nhiem/banqlkcnhungyengovvn-1626332519
banqlkdh.hungyen.gov.vn,Ban quản lý khu đại học Phố Hiến tỉnh Hưng Yên,15/07/2021,Chứng nhận cơ bản,https://tinnhiemmang.vn/danh-ba-tin-nhiem/banqlkdhhungyengovvn-1626344313
banqlkkt.camau.gov.vn,Ban Quản lý Khu kinh tế tỉnh Cà Mau,30/05/2023,Chứng nhận cơ bản,https://tinnhiemmang.vn/danh-ba-tin-nhiem/banqlkktcamaugovvn-1684981739
bantuyengiao.cantho.gov.vn,Ban tuyên giáo thành ủy Cần Thơ,16/11/2021,Chứng nhận cơ bản,https://tinnhiemmang.vn/danh-ba-tin-nhiem/bantuyengiaocanthogovvn-1636949178
baoangiang.com.vn,Báo An Giang,19/08/2021,Chứng nhận cơ bản,https://tinnhiemmang.vn/danh-ba-tin-nhiem/baoangiangcomvn-1629343469
baobinhdinh.vn,Báo Bình Định,20/08/2021,Chứng nhận cơ bản,https://tinnhiemmang.vn/danh-ba-tin-nhiem/baobinhdinhvn-1629430667
baocantho.com.vn,Báo Cần Thơ,17/08/2021,Chứng nhận cơ bản,https://tinnhiemmang.vn/danh-ba-tin-nhiem/baocanthocomvn-1629165687
baocao.moj.gov.vn,Cục Công nghệ Thông tin - Bộ Tư pháp,03/07/2024,Chứng nhận cơ bản,https://tinnhiemmang.vn/danh-ba-tin-nhiem/baocaomojgovvn-1719998192
baocao.vinhlong.gov.vn,Văn phòng UBND tỉnh Vĩnh Long,09/11/2023,Chứng nhận cơ bản,https://tinnhiemmang.vn/danh-ba-tin-nhiem/baocaovinhlonggovvn-1699515002
baochinhphu.vn,Báo điện tử Chính phủ,10/05/2024,Chứng nhận cơ bản,https://tinnhiemmang.vn/danh-ba-tin-nhiem/baochinhphuvn-1625730112
baodanang.vn,Báo Đà Nẵng,10/05/2024,Chứng nhận cơ bản,https://tinnhiemmang.vn/danh-ba-tin-nhiem/baodanangvn-1625212410
baogiaothong.vn,Báo điện tử Giao thông,10/05/2024,Chứng nhận cơ bản,https://tinnhiemmang.vn/danh-ba-tin-nhiem/baogiaothongvn-1625717542
baohaiphong.vn,Báo Hải Phòng,24/05/2024,Chứng nhận cơ bản,https://tinnhiemmang.vn/danh-ba-tin-nhiem/baohaiphongvn-1716538430
baohanam.com.vn,Báo Hà Nam,17/08/2021,Chứng nhận cơ bản,https://tinnhiemmang.vn/danh-ba-tin-nhiem/baohanamcomvn-1629165034
baohaugiang.com.vn,Báo Hậu Giang,10/05/2024,Chứng nhận cơ bản,https://tinnhiemmang.vn/danh-ba-tin-nhiem/baohaugiangcomvn-1657870528
baohiemxahoi.gov.vn,Bảo hiểm Xã hội Việt Nam,21/07/2021,Chứng nhận cơ bản,https://tinnhiemmang.vn/danh-ba-tin-nhiem/baohiemxahoigovvn-1626855040
baoholaodongtot.com,Công Ty TNHH TM DV Sài Gòn Hoàng Gia,07/12/2022,Chứng nhận cơ bản,https://tinnhiemmang.vn/danh-ba-tin-nhiem/baoholaodongtotcom-1669861338
baolac.caobang.gov.vn,"UBND huyện Bảo Lạc, tỉnh Cao Bằng",29/06/2023,Chứng nhận cơ bản,https://tinnhiemmang.vn/danh-ba-tin-nhiem/baolaccaobanggovvn-1688026370
baolam.caobang.gov.vn,"UBND huyện Bảo Lâm, tỉnh Cao Bằng",29/06/2023,Chứng nhận cơ bản,https://tinnhiemmang.vn/danh-ba-tin-nhiem/baolamcaobanggovvn-1688026164
baolam.lamdong.gov.vn,UBND huyện Bảo Lâm,16/05/2023,Chứng nhận cơ bản,https://tinnhiemmang.vn/danh-ba-tin-nhiem/baolamlamdonggovvn-1683855097
baolangson.vn,Báo Lạng Sơn Điện Tử,30/08/2021,Chứng nhận cơ bản,https://tinnhiemmang.vn/danh-ba-tin-nhiem/baolangsonvn-1630313330
baolaocai.vn,Báo Lào Cai,10/05/2024,Chứng nhận cơ bản,https://tinnhiemmang.vn/danh-ba-tin-nhiem/baolaocaivn-1715324440
baoloc.lamdong.gov.vn,UBND thành phố Bảo Lộc,10/05/2023,Chứng nhận cơ bản,https://tinnhiemmang.vn/danh-ba-tin-nhiem/baoloclamdonggovvn-1682474730
baophapluat.vn,Báo điện tử Pháp luật Việt Nam,10/05/2024,Chứng nhận cơ bản,https://tinnhiemmang.vn/danh-ba-tin-nhiem/baophapluatvn-1625727122
baophunuthudo.vn,Báo phụ nữ Thủ đô,10/05/2023,Chứng nhận cơ bản,https://tinnhiemmang.vn/danh-ba-tin-nhiem/baophunuthudovn-1683533212
baophutho.vn,Báo Phú Thọ,10/05/2024,Chứng nhận cơ bản,https://tinnhiemmang.vn/danh-ba-tin-nhiem/baophuthovn-1715219870
baoquangngai.vn,Báo Quảng Ngãi,12/07/2023,Chứng nhận cơ bản,https://tinnhiemmang.vn/danh-ba-tin-nhiem/baoquangngaivn-1689134485
baoquangninh.com.vn,Trung tâm Truyền thông tỉnh Quảng Ninh,16/11/2021,Chứng nhận cơ bản,https://tinnhiemmang.vn/danh-ba-tin-nhiem/baoquangninhcomvn-1637036894
baoquangtri.vn,Báo Quảng Trị,10/05/2024,Chứng nhận cơ bản,https://tinnhiemmang.vn/danh-ba-tin-nhiem/baoquangtrivn-1715301229
baoquocte.vn,Báo Thế giới và Việt Nam,10/05/2024,Chứng nhận cơ bản,https://tinnhiemmang.vn/danh-ba-tin-nhiem/baoquoctevn-1625729689
baotainguyenmoitruong.vn,Báo Tài nguyên và Môi trường,10/05/2024,Chứng nhận cơ bản,https://tinnhiemmang.vn/danh-ba-tin-nhiem/baotainguyenmoitruongvn-1654768133
baotang.thanhhoa.gov.vn,Bảo tàng tỉnh Thanh Hóa,01/08/2023,Chứng nhận cơ bản,https://tinnhiemmang.vn/danh-ba-tin-nhiem/baotangthanhhoagovvn-1690783584
baotangdanang.vn,Bảo tàng Đà Nẵng,29/10/2024,Chứng nhận cơ bản,https://tinnhiemmang.vn/danh-ba-tin-nhiem/baotangdanangvn-1729566355
baotangtpcantho.cantho.gov.vn,Bảo tàng Thành  phố Cần Thơ,16/11/2021,Chứng nhận cơ bản,https://tinnhiemmang.vn/danh-ba-tin-nhiem/baotangtpcanthocanthogovvn-1636958810
baothang.laocai.gov.vn,UBND huyện Bảo Thắng tỉnh Lào Cai,19/07/2021,Chứng nhận cơ bản,https://tinnhiemmang.vn/danh-ba-tin-nhiem/baothanglaocaigovvn-1626685328
baothanhhoa.vn,Báo Thanh Hóa,23/08/2021,Chứng nhận cơ bản,https://tinnhiemmang.vn/danh-ba-tin-nhiem/baothanhhoavn-1629713205
baothuathienhue.vn,Báo Thừa Thiên Huế,09/09/2022,Chứng nhận cơ bản,https://tinnhiemmang.vn/danh-ba-tin-nhiem/baothuathienhuevn-1630902182
baotonpuluong.vn,Ban Quản lý Khu Bảo tồn thiên nhiên Pù Luông tỉnh Thanh Hóa,17/10/2024,Chứng nhận cơ bản,https://tinnhiemmang.vn/danh-ba-tin-nhiem/baotonpuluongvn-1729132963
baotramblog.com,Bảo Trâm Blog,31/12/2021,Chứng nhận cơ bản,https://tinnhiemmang.vn/danh-ba-tin-nhiem/baotramblogcom-1637141261
baoyen.laocai.gov.vn,UBND huyện Bảo Yên tỉnh Lào Cai,19/07/2021,Chứng nhận cơ bản,https://tinnhiemmang.vn/danh-ba-tin-nhiem/baoyenlaocaigovvn-1626685424
baria-vungtau.dcs.vn,Ban Tuyên giáo Tỉnh ủy Bà Rịa - Vũng Tàu,26/07/2021,Chứng nhận cơ bản,https://tinnhiemmang.vn/danh-ba-tin-nhiem/baria-vungtaudcsvn-1627274508
bariavungtau.toaan.gov.vn,Tòa án nhân dân tỉnh Bà Rịa - Vũng Tàu,05/08/2021,Chứng nhận cơ bản,https://tinnhiemmang.vn/danh-ba-tin-nhiem/bariavungtautoaangovvn-1628128325
batdongsanbaria.com,Công Ty TNHH Địa Ốc Tuyết Mai,26/07/2022,Chứng nhận cơ bản,https://tinnhiemmang.vn/danh-ba-tin-nhiem/batdongsanbariacom-1655886618
batgt.quangninh.gov.vn,Ban An toàn Giao thông tỉnh Quảng Ninh,18/11/2021,Chứng nhận cơ bản,https://tinnhiemmang.vn/danh-ba-tin-nhiem/batgtquangninhgovvn-1637166210
bathuoc.thanhhoa.gov.vn,UBND huyện Bá Thước tỉnh Thanh Hóa,01/08/2023,Chứng nhận cơ bản,https://tinnhiemmang.vn/danh-ba-tin-nhiem/bathuocthanhhoagovvn-1690781391
bato.quangngai.gov.vn,"Huyện Ba Tơ, Tỉnh Quảng Ngãi",10/05/2021,Chứng nhận cơ bản,https://tinnhiemmang.vn/danh-ba-tin-nhiem/batoquangngaigovvn-1620635336
batxat.laocai.gov.vn,"UBND Huyện Bát Xát, tỉnh Lào Cai",25/11/2021,Chứng nhận cơ bản,https://tinnhiemmang.vn/danh-ba-tin-nhiem/batxatlaocaigovvn-1637810439
bavi.hanoi.gov.vn,"Huyện Ba Vì, Thành phố Hà Nội",15/06/2021,Chứng nhận cơ bản,https://tinnhiemmang.vn/danh-ba-tin-nhiem/bavihanoigovvn-1623515496
bcb.khanhson.khanhhoa.gov.vn,"UBND xã Ba Cụm Bắc, tỉnh Khánh Hòa",09/08/2023,Chứng nhận cơ bản,https://tinnhiemmang.vn/danh-ba-tin-nhiem/bcbkhanhsonkhanhhoagovvn-1691561264
bcbkhcn.most.gov.vn,Bộ Khoa học và Công nghệ,07/04/2023,Chứng nhận cơ bản,https://tinnhiemmang.vn/danh-ba-tin-nhiem/bcbkhcnmostgovvn-1678869615
bchqs.dongthap.gov.vn,Bộ Chỉ huy Quân sự Tỉnh Đồng Tháp,22/11/2021,Chứng nhận cơ bản,https://tinnhiemmang.vn/danh-ba-tin-nhiem/bchqsdongthapgovvn-1637565926
bchqs.quangninh.gov.vn,Bộ CHQS tỉnh Quảng Ninh,18/11/2021,Chứng nhận cơ bản,https://tinnhiemmang.vn/danh-ba-tin-nhiem/bchqsquangninhgovvn-1637165649
bcn.khanhson.khanhhoa.gov.vn,"UBND xã Ba Cụm Nam, tỉnh Khánh Hòa",09/08/2023,Chứng nhận cơ bản,https://tinnhiemmang.vn/danh-ba-tin-nhiem/bcnkhanhsonkhanhhoagovvn-1691561313
bctcnn.vst.mof.gov.vn,Kho bạc Nhà nước,31/08/2023,Chứng nhận cơ bản,https://tinnhiemmang.vn/danh-ba-tin-nhiem/bctcnnvstmofgovvn-1693447544
bdsdaknong.com.vn,Bất Động Sản Đăk Nông,19/12/2021,Chứng nhận cơ bản,https://tinnhiemmang.vn/danh-ba-tin-nhiem/bdsdaknongcomvn-1637139734
bdt.dongnai.gov.vn,Ban Dân tộc tỉnh Đồng Nai,26/09/2023,Chứng nhận cơ bản,https://tinnhiemmang.vn/danh-ba-tin-nhiem/bdtdongnaigovvn-1695720200
bdt.quangninh.gov.vn,Ban Dân tộc  tỉnh Quảng Ninh,18/11/2021,Chứng nhận cơ bản,https://tinnhiemmang.vn/danh-ba-tin-nhiem/bdtquangninhgovvn-1637166106
benennp.com.vn,Ban quản lý Vườn quốc gia Bến En tỉnh Thanh Hóa,17/10/2024,Chứng nhận cơ bản,https://tinnhiemmang.vn/danh-ba-tin-nhiem/benennpcomvn-1729132920
benhvien09.gov.vn,Bệnh viện 09,20/06/2024,Chứng nhận cơ bản,https://tinnhiemmang.vn/danh-ba-tin-nhiem/benhvien09govvn-1718854757
benhvien19-8.vn,Bệnh viện 198,01/11/2023,Chứng nhận cơ bản,https://tinnhiemmang.vn/danh-ba-tin-nhiem/benhvien19-8vn-1698822880
benhvien198.net,Bệnh viện 198,01/11/2023,Chứng nhận cơ bản,https://tinnhiemmang.vn/danh-ba-tin-nhiem/benhvien198net-1698822881
benhvien199.vn,Bệnh viện 199,01/11/2023,Chứng nhận cơ bản,https://tinnhiemmang.vn/danh-ba-tin-nhiem/benhvien199vn-1698822941
benhvien304.com.vn,Bệnh viện 30/4,20/03/2024,Chứng nhận cơ bản,https://tinnhiemmang.vn/danh-ba-tin-nhiem/benhvien304comvn-1710903059
benhvien331.vn,"Bệnh viện 331, tỉnh Gia Lai",24/01/2024,Chứng nhận cơ bản,https://tinnhiemmang.vn/danh-ba-tin-nhiem/benhvien331vn-1706064012
benhviencamranh.khanhhoa.gov.vn,"Bệnh viện Đa khoa khu vực Cam Ranh, tỉnh Khánh Hòa",09/08/2023,Chứng nhận cơ bản,https://tinnhiemmang.vn/danh-ba-tin-nhiem/benhviencamranhkhanhhoagovvn-1691552012
benhviendakhoabavi.com,"Bệnh viện đa khoa huyện Ba Vì, Hà Nội",20/06/2024,Chứng nhận cơ bản,https://tinnhiemmang.vn/danh-ba-tin-nhiem/benhviendakhoabavicom-1718855143
benhviendakhoadanphuong.vn,"Bệnh viện đa khoa huyện Đan Phượng, Hà Nội",20/06/2024,Chứng nhận cơ bản,https://tinnhiemmang.vn/danh-ba-tin-nhiem/benhviendakhoadanphuongvn-1718855312
benhviendakhoahoaiduc.vn,"Bệnh viện đa khoa huyện Hoài Đức, Hà Nội",20/06/2024,Chứng nhận cơ bản,https://tinnhiemmang.vn/danh-ba-tin-nhiem/benhviendakhoahoaiducvn-1718855364
benhviendakhoalangchanh.vn,Bệnh viện đa khoa Lang Chánh,11/07/2023,Chứng nhận cơ bản,https://tinnhiemmang.vn/danh-ba-tin-nhiem/benhviendakhoalangchanhvn-1688699770
benhviendakhoasontay.vn,Bệnh viện đa khoa Sơn Tây,20/06/2024,Chứng nhận cơ bản,https://tinnhiemmang.vn/danh-ba-tin-nhiem/benhviendakhoasontayvn-1718856993
benhviendakhoathachthanh.com.vn,Bệnh viện Đa khoa huyện Thạch Thành tỉnh Thanh Hóa,17/10/2024,Chứng nhận cơ bản,https://tinnhiemmang.vn/danh-ba-tin-nhiem/benhviendakhoathachthanhcomvn-1729133565
benhviendakhoathixaphutho.vn,BVĐK Thị xã Phú Thọ,03/10/2023,Chứng nhận cơ bản,https://tinnhiemmang.vn/danh-ba-tin-nhiem/benhviendakhoathixaphuthovn-1696235576
benhviendakhoatinhphutho.vn,BVĐK Tỉnh Phú Thọ,03/10/2023,Chứng nhận cơ bản,https://tinnhiemmang.vn/danh-ba-tin-nhiem/benhviendakhoatinhphuthovn-1696235704
benhviendakhoavandinh.vn,Bệnh viện Đa khoa Vân Đình,20/06/2024,Chứng nhận cơ bản,https://tinnhiemmang.vn/danh-ba-tin-nhiem/benhviendakhoavandinhvn-1718857060
benhviendakhoayendinh.vn,"Bệnh viện đa khoa huyện Yên Định, tỉnh Thanh Hóa",01/08/2023,Chứng nhận cơ bản,https://tinnhiemmang.vn/danh-ba-tin-nhiem/benhviendakhoayendinhvn-1690784027
benhviendalieu.khanhhoa.gov.vn,Bệnh viện Da Liễu tỉnh Khánh Hòa,09/08/2023,Chứng nhận cơ bản,https://tinnhiemmang.vn/danh-ba-tin-nhiem/benhviendalieukhanhhoagovvn-1691553185
benhviendalieuhanoi.com,Bệnh viện Da Liễu Hà Nội,11/11/2024,Chứng nhận cơ bản,https://tinnhiemmang.vn/danh-ba-tin-nhiem/benhviendalieuhanoicom-1730973833
benhviendalieuthanhhoa.com,Bệnh viện Da Liễu Thanh Hóa,01/08/2023,Chứng nhận cơ bản,https://tinnhiemmang.vn/danh-ba-tin-nhiem/benhviendalieuthanhhoacom-1690783795
benhviendkkvngoclac.vn,Bệnh viện Đa khoa khu vực Ngọc Lặc tỉnh Thanh Hóa,29/05/2024,Chứng nhận cơ bản,https://tinnhiemmang.vn/danh-ba-tin-nhiem/benhviendkkvngoclacvn-1716891135
benhviendongda.vn,Bệnh viện đa khoa Đống Đa,20/06/2024,Chứng nhận cơ bản,https://tinnhiemmang.vn/danh-ba-tin-nhiem/benhviendongdavn-1718854942
benhvienducgiang.com,Bệnh viện đa khoa Đức Giang,20/06/2024,Chứng nhận cơ bản,https://tinnhiemmang.vn/danh-ba-tin-nhiem/benhvienducgiangcom-1718854993
benhvienfavina.vn,Công Ty CP Hệ Thống Bệnh Viện Gia Đình Việt Nam – Favina Hospital,29/12/2021,Chứng nhận cơ bản,https://tinnhiemmang.vn/danh-ba-tin-nhiem/benhvienfavinavn-1639541605
benhvienhadong.com,Bệnh viện Đa khoa Hà Đông,20/06/2024,Chứng nhận cơ bản,https://tinnhiemmang.vn/danh-ba-tin-nhiem/benhvienhadongcom-1718855070
benhvienhadong.vn,Bệnh viện Đa khoa Hà Đông,20/06/2024,Chứng nhận cơ bản,https://tinnhiemmang.vn/danh-ba-tin-nhiem/benhvienhadongvn-1718876774
benhvienhatrung.vn,"Bệnh viện Đa khoa huyện Hà Trung, tỉnh Thanh Hóa",01/08/2023,Chứng nhận cơ bản,https://tinnhiemmang.vn/danh-ba-tin-nhiem/benhvienhatrungvn-1690783914
benhvienkhanhhoa.org.vn,Bệnh viện Đa khoa tỉnh Khánh Hòa,09/08/2023,Chứng nhận cơ bản,https://tinnhiemmang.vn/danh-ba-tin-nhiem/benhvienkhanhhoaorgvn-1691552254
benhvienmatdanang.vn,Bệnh viện Mắt Thành phố Đà Nẵng,15/08/2022,Chứng nhận cơ bản,https://tinnhiemmang.vn/danh-ba-tin-nhiem/benhvienmatdanangvn-1658883687
benhvienmathanoi.gov.vn,Bệnh viện Mắt Hà Nội,11/06/2024,Chứng nhận cơ bản,https://tinnhiemmang.vn/danh-ba-tin-nhiem/benhvienmathanoigovvn-1718005954
benhvienmyduc.com,Bệnh viện đa khoa huyện Mỹ Đức,20/06/2024,Chứng nhận cơ bản,https://tinnhiemmang.vn/danh-ba-tin-nhiem/benhvienmyduccom-1718855420
benhvienninhhoa.khanhhoa.gov.vn,Bệnh viện đa khoa khu vực Ninh Hòa  tỉnh Khánh Hòa,14/07/2022,Chứng nhận cơ bản,https://tinnhiemmang.vn/danh-ba-tin-nhiem/benhvienninhhoakhanhhoagovvn-1626059840
benhviennoitietthanhhoa.com,Bệnh viện Nội Tiết Thanh Hóa,01/08/2023,Chứng nhận cơ bản,https://tinnhiemmang.vn/danh-ba-tin-nhiem/benhviennoitietthanhhoacom-1690783748
benhvienphcnthanhhoa.vn,Bệnh viện Phục hồi chức năng Thanh Hóa,01/08/2023,Chứng nhận cơ bản,https://tinnhiemmang.vn/danh-ba-tin-nhiem/benhvienphcnthanhhoavn-1690783838
benhvienphoitinhphutho.com.vn,Bệnh viện Phổi tỉnh Phú Thọ,03/10/2023,Chứng nhận cơ bản,https://tinnhiemmang.vn/danh-ba-tin-nhiem/benhvienphoitinhphuthocomvn-1696235423
benhvienphusanhanoi.com,"Sở Y tế Hà Nội, Bệnh viện Phụ Sản Hà Nội",20/06/2024,Chứng nhận cơ bản,https://tinnhiemmang.vn/danh-ba-tin-nhiem/benhvienphusanhanoicom-1718866203
benhvienphusanhanoi.vn,"Sở Y tế Hà Nội, Bệnh viện Phụ Sản Hà Nội",20/06/2024,Chứng nhận cơ bản,https://tinnhiemmang.vn/danh-ba-tin-nhiem/benhvienphusanhanoivn-1718866201
benhvienphusanthanhhoa.vn,Bệnh viện Phụ Sản Thanh hóa,19/12/2023,Chứng nhận cơ bản,https://tinnhiemmang.vn/danh-ba-tin-nhiem/benhvienphusanthanhhoavn-1702448980
benhvienquan11.vn,Bệnh viện Quận 11,29/07/2022,Chứng nhận cơ bản,https://tinnhiemmang.vn/danh-ba-tin-nhiem/benhvienquan11vn-1658193571
benhvienranghammatdn.vn,Bệnh Viện Răng - Hàm - Mặt Thành Phố Đà Nẵng,26/07/2022,Chứng nhận cơ bản,https://tinnhiemmang.vn/danh-ba-tin-nhiem/benhvienranghammatdnvn-1658804844
benhviensontra.com.vn,Trung tâm y tế quận Sơn Trà,19/07/2022,Chứng nhận cơ bản,https://tinnhiemmang.vn/danh-ba-tin-nhiem/benhviensontracomvn-1656984885
benhviensuoikhoang.com,Bệnh viện Suối khoáng Mỹ Lâm,04/08/2021,Chứng nhận cơ bản,https://tinnhiemmang.vn/danh-ba-tin-nhiem/benhviensuoikhoangcom-1627435758
benhvientamthan.quangngai.gov.vn,Bệnh viện tâm thần tỉnh Quảng Ngãi,11/07/2023,Chứng nhận cơ bản,https://tinnhiemmang.vn/danh-ba-tin-nhiem/benhvientamthanquangngaigovvn-1688615701
benhvientamthankhanhhoa.gov.vn,Bệnh viện Chuyên khoa Tâm thần Khánh Hoà,09/08/2023,Chứng nhận cơ bản,https://tinnhiemmang.vn/danh-ba-tin-nhiem/benhvientamthankhanhhoagovvn-1691575116
benhvientamthanphutho.com.vn,BV Tâm Thần Phú Thọ,03/10/2023,Chứng nhận cơ bản,https://tinnhiemmang.vn/danh-ba-tin-nhiem/benhvientamthanphuthocomvn-1696235645
benhvientamthanthanhhoa.org.vn,Bệnh viện Tâm thần tỉnh Thanh Hoá,17/10/2024,Chứng nhận cơ bản,https://tinnhiemmang.vn/danh-ba-tin-nhiem/benhvientamthanthanhhoaorgvn-1729133182
benhvienthachthat.vn,Bệnh viện đa khoa huyện Thạch Thất,20/06/2024,Chứng nhận cơ bản,https://tinnhiemmang.vn/danh-ba-tin-nhiem/benhvienthachthatvn-1718855615
benhvienthanhoai.vn,Bệnh viện đa khoa huyện Thanh Oai,20/06/2024,Chứng nhận cơ bản,https://tinnhiemmang.vn/danh-ba-tin-nhiem/benhvienthanhoaivn-1718855667
benhvienthoxuan.vn,"Bệnh viện Đa khoa huyện Thọ Xuân, Thanh Hóa",02/10/2024,Chứng nhận cơ bản,https://tinnhiemmang.vn/danh-ba-tin-nhiem/benhvienthoxuanvn-1727681881
benhvientimhanoi.vn,Bệnh viện tim Hà Nội,11/11/2024,Chứng nhận cơ bản,https://tinnhiemmang.vn/danh-ba-tin-nhiem/benhvientimhanoivn-1730973366
benhvientrieuson.vn,Bệnh viện đa khoa huyện Triệu Sơn,13/10/2023,Chứng nhận cơ bản,https://tinnhiemmang.vn/danh-ba-tin-nhiem/benhvientrieusonvn-1695796982
benhvienungbuouhanoi.vn,Bệnh viện Ung bướu Hà Nội,20/06/2024,Chứng nhận cơ bản,https://tinnhiemmang.vn/danh-ba-tin-nhiem/benhvienungbuouhanoivn-1718858158
benhvienungbuoukhanhhoa.vn,Bệnh viện Ung bướu tỉnh Khánh Hòa,09/08/2023,Chứng nhận cơ bản,https://tinnhiemmang.vn/danh-ba-tin-nhiem/benhvienungbuoukhanhhoavn-1691553284
benhvienungbuouthanhhoa.vn,Bệnh viện Ung bướu tỉnh Thanh Hóa,17/10/2024,Chứng nhận cơ bản,https://tinnhiemmang.vn/danh-ba-tin-nhiem/benhvienungbuouthanhhoavn-1729133224
benhvienyduoccotruyenphutho.com,Bệnh viện Y dược cổ truyền và phục hồi chức năng tỉnh Phú Thọ,08/08/2024,Chứng nhận cơ bản,https://tinnhiemmang.vn/danh-ba-tin-nhiem/benhvienyduoccotruyenphuthocom-1723002095
benhvienyhctbca.vn,Bệnh viện Y học Cổ truyền - Bộ Công An,05/02/2024,Chứng nhận cơ bản,https://tinnhiemmang.vn/danh-ba-tin-nhiem/benhvienyhctbcavn-1706860403
benhvienyhctkontum.vn,Bệnh viện Y dược cổ truyền - Phục hồi chức năng tỉnh Kon Tum,26/06/2024,Chứng nhận cơ bản,https://tinnhiemmang.vn/danh-ba-tin-nhiem/benhvienyhctkontumvn-1717408454
bentre.baohiemxahoi.gov.vn,Bảo Hiểm Xã Hội tỉnh Bến Tre,28/07/2021,Chứng nhận cơ bản,https://tinnhiemmang.vn/danh-ba-tin-nhiem/bentrebaohiemxahoigovvn-1627464428
bentre.gdt.gov.vn,Cục Thuế tỉnh Bến Tre,10/08/2023,Chứng nhận cơ bản,https://tinnhiemmang.vn/danh-ba-tin-nhiem/bentregdtgovvn-1691655640
bentre.toaan.gov.vn,Tòa án nhân dân tỉnh Bến Tre,07/04/2023,Chứng nhận cơ bản,https://tinnhiemmang.vn/danh-ba-tin-nhiem/bentretoaangovvn-1679887661
benxehoabinh.com.vn,Bến xe khách trung tâm Hòa Bình,09/11/2023,Chứng nhận cơ bản,https://tinnhiemmang.vn/danh-ba-tin-nhiem/benxehoabinhcomvn-1699433158
bepxanh.com,Bếp xanh Family,11/10/2022,Chứng nhận cơ bản,https://tinnhiemmang.vn/danh-ba-tin-nhiem/bepxanhcom-1664789889
bichdao.tpninhbinh.ninhbinh.gov.vn,"Uỷ ban nhân dân phường Bích Đào, thành phố Ninh Bình, tỉnh Ninh Bình",27/06/2024,Chứng nhận cơ bản,https://tinnhiemmang.vn/danh-ba-tin-nhiem/bichdaotpninhbinhninhbinhgovvn-1719472917
bidoupnuiba.gov.vn,Vườn quốc gia Bidoup-Núi Bà,08/04/2024,Chứng nhận cơ bản,https://tinnhiemmang.vn/danh-ba-tin-nhiem/bidoupnuibagovvn-1712310443
bienhoa.dongnai.gov.vn,"UBND thành phố Biên Hòa , tỉnh Đồng Nai",26/09/2023,Chứng nhận cơ bản,https://tinnhiemmang.vn/danh-ba-tin-nhiem/bienhoadongnaigovvn-1695698290
bimson.thanhhoa.gov.vn,"UBND thị xã Bỉm Sơn, tỉnh Thanh Hoá",19/10/2021,Chứng nhận cơ bản,https://tinnhiemmang.vn/danh-ba-tin-nhiem/bimsonthanhhoagovvn-1634572093
binhchanh.hochiminhcity.gov.vn,Ủy ban nhân dân huyện Bình Chánh thành phố Hồ Chí Minh,09/10/2023,Chứng nhận cơ bản,https://tinnhiemmang.vn/danh-ba-tin-nhiem/binhchanhhochiminhcitygovvn-1696833811
binhdinh.baohiemxahoi.gov.vn,Bảo Hiểm Xã Hội tỉnh Bình Định,28/07/2021,Chứng nhận cơ bản,https://tinnhiemmang.vn/danh-ba-tin-nhiem/binhdinhbaohiemxahoigovvn-1627466866
binhdinh.dcs.vn,Tỉnh ủy Bình Định,07/06/2023,Chứng nhận cơ bản,https://tinnhiemmang.vn/danh-ba-tin-nhiem/binhdinhdcsvn-1681456969
binhdinh.gdt.gov.vn,Cục Thuế tỉnh Bình Định,10/08/2023,Chứng nhận cơ bản,https://tinnhiemmang.vn/danh-ba-tin-nhiem/binhdinhgdtgovvn-1691655431
binhdinh.toaan.gov.vn,Tòa án nhân dân tỉnh Bình Định,07/04/2023,Chứng nhận cơ bản,https://tinnhiemmang.vn/danh-ba-tin-nhiem/binhdinhtoaangovvn-1679887831
binhdinhhospital.com.vn,Bệnh viện đa khoa tỉnh Bình Định,07/06/2023,Chứng nhận cơ bản,https://tinnhiemmang.vn/danh-ba-tin-nhiem/binhdinhhospitalcomvn-1686110636
binhduong.baohiemxahoi.gov.vn,Bảo Hiểm Xã Hội tỉnh Bình Dương,28/07/2021,Chứng nhận cơ bản,https://tinnhiemmang.vn/danh-ba-tin-nhiem/binhduongbaohiemxahoigovvn-1627465677
binhduong.edu.vn,Sở Giáo dục và Đào tạo tỉnh Bình Dương,27/06/2023,Chứng nhận cơ bản,https://tinnhiemmang.vn/danh-ba-tin-nhiem/binhduongeduvn-1685606500
binhduong.gdt.gov.vn,Cục Thuế tỉnh Bình Dương,10/08/2023,Chứng nhận cơ bản,https://tinnhiemmang.vn/danh-ba-tin-nhiem/binhduonggdtgovvn-1691655254
binhduong.toaan.gov.vn,Tòa án nhân dân tỉnh Bình Dương,07/04/2023,Chứng nhận cơ bản,https://tinnhiemmang.vn/danh-ba-tin-nhiem/binhduongtoaangovvn-1679887898
binhminh.kimson.ninhbinh.gov.vn,Uỷ ban nhân dân thị trấn Bình Minh,19/06/2024,Chứng nhận cơ bản,https://tinnhiemmang.vn/danh-ba-tin-nhiem/binhminhkimsonninhbinhgovvn-1718765631
binhphuoc.baohiemxahoi.gov.vn,Bảo Hiểm Xã Hội tỉnh Bình Phước,28/07/2021,Chứng nhận cơ bản,https://tinnhiemmang.vn/danh-ba-tin-nhiem/binhphuocbaohiemxahoigovvn-1627465778
binhphuoc.gdt.gov.vn,Cục Thuế tỉnh Bình Phước,10/08/2023,Chứng nhận cơ bản,https://tinnhiemmang.vn/danh-ba-tin-nhiem/binhphuocgdtgovvn-1691655303
binhphuoc.toaan.gov.vn,Tòa án nhân dân tỉnh Bình Phước,07/04/2023,Chứng nhận cơ bản,https://tinnhiemmang.vn/danh-ba-tin-nhiem/binhphuoctoaangovvn-1679887959
binhphuoc.vinhlong.gov.vn,UBND xã Bình Phước tỉnh Vĩnh Long,14/07/2021,Chứng nhận cơ bản,https://tinnhiemmang.vn/danh-ba-tin-nhiem/binhphuocvinhlonggovvn-1625918457
binhson.quangngai.gov.vn,"Huyện Bình Sơn, Tỉnh Quảng Ngãi",10/05/2021,Chứng nhận cơ bản,https://tinnhiemmang.vn/danh-ba-tin-nhiem/binhsonquangngaigovvn-1620635344
binhtan.hochiminhcity.gov.vn,Ủy ban nhân dân quận Bình Tân thành phố Hồ Chí Minh,09/10/2023,Chứng nhận cơ bản,https://tinnhiemmang.vn/danh-ba-tin-nhiem/binhtanhochiminhcitygovvn-1696834387
binhthuan.baohiemxahoi.gov.vn,Bảo Hiểm Xã Hội tỉnh Bình Thuận,28/07/2021,Chứng nhận cơ bản,https://tinnhiemmang.vn/danh-ba-tin-nhiem/binhthuanbaohiemxahoigovvn-1627466427
binhthuan.gdt.gov.vn,Cục Thuế tỉnh Bình Thuận,10/08/2023,Chứng nhận cơ bản,https://tinnhiemmang.vn/danh-ba-tin-nhiem/binhthuangdtgovvn-1691655355
binhthuan.toaan.gov.vn,Tòa án nhân dân tỉnh Bình Thuận,07/04/2023,Chứng nhận cơ bản,https://tinnhiemmang.vn/danh-ba-tin-nhiem/binhthuantoaangovvn-1679888167
bkhost.vn,Công Ty Cổ Phần Giải Pháp Mạng Trực Tuyến Việt Nam,03/03/2023,Chứng nhận cơ bản,https://tinnhiemmang.vn/danh-ba-tin-nhiem/bkhostvn-1644995878
bkns.vn,Công ty cổ phần giải pháp mạng Bạch Kim,18/01/2022,Chứng nhận cơ bản,https://tinnhiemmang.vn/danh-ba-tin-nhiem/bknsvn-1638172543
blockchain.vn,Hiệp Hội Blockchain Việt Nam,01/02/2023,Chứng nhận cơ bản,https://tinnhiemmang.vn/danh-ba-tin-nhiem/blockchainvn-1673576429
blog.hub-js.com,Công ty cổ phần tích hợp công nghệ Hub-js,30/06/2022,Chứng nhận cơ bản,https://tinnhiemmang.vn/danh-ba-tin-nhiem/bloghub-jscom-1656585591
bocongan.gov.vn,Bộ Công An,01/11/2023,Chứng nhận cơ bản,https://tinnhiemmang.vn/danh-ba-tin-nhiem/bocongangovvn-1698811211
bod.com.vn,Công ty TNHH MTV Thiết kế nội thất B.O.D,23/11/2022,Chứng nhận cơ bản,https://tinnhiemmang.vn/danh-ba-tin-nhiem/bodcomvn-1669005986
bode.longbien.hanoi.gov.vn,"UBND Phường Bồ Đề, quận Long Biên, Hà Nội",11/12/2023,Chứng nhận cơ bản,https://tinnhiemmang.vn/danh-ba-tin-nhiem/bodelongbienhanoigovvn-1702272691
bois.com.vn,Công Ty TNHH Tư Vấn Thiết Kế Kiến Trúc Và Nội Thất Bois,24/08/2022,Chứng nhận cơ bản,https://tinnhiemmang.vn/danh-ba-tin-nhiem/boiscomvn-1659079592
bongdasky.com,Công Ty Cổ Phần Moli Group,21/07/2022,Chứng nhận cơ bản,https://tinnhiemmang.vn/danh-ba-tin-nhiem/bongdaskycom-1657853366
boninoxdaithanh.vn,Tân Á Đại Thành,30/03/2022,Chứng nhận cơ bản,https://tinnhiemmang.vn/danh-ba-tin-nhiem/boninoxdaithanhvn-1648633183
bpmc.mofa.gov.vn,Bộ Ngoại giao Việt Nam,14/07/2022,Chứng nhận cơ bản,https://tinnhiemmang.vn/danh-ba-tin-nhiem/bpmcmofagovvn-1625558476
bqlbdcr.khanhhoa.gov.vn,Ban Quản lý Khu du lịch Bán đảo Cam Ranh tỉnh Khánh Hòa,14/07/2022,Chứng nhận cơ bản,https://tinnhiemmang.vn/danh-ba-tin-nhiem/bqlbdcrkhanhhoagovvn-1626075002
bqlctgt.khanhhoa.gov.vn,Ban Quản lý dự án đầu tư xây dựng các công trình Giao thông tỉnh Khánh Hòa,25/07/2022,Chứng nhận cơ bản,https://tinnhiemmang.vn/danh-ba-tin-nhiem/bqlctgtkhanhhoagovvn-1658720918
bqlctgtqng.vn,Ban Quản lý dự án đầu tư xây dựng các công trình giao thông tỉnh Quảng Ngãi,12/07/2023,Chứng nhận cơ bản,https://tinnhiemmang.vn/danh-ba-tin-nhiem/bqlctgtqngvn-1688614300
bqlda.dongnai.gov.vn,Ban Quản lý dự án đầu tư xây dựng tỉnh Đồng Nai,26/09/2023,Chứng nhận cơ bản,https://tinnhiemmang.vn/danh-ba-tin-nhiem/bqldadongnaigovvn-1695720918
bqldactgt.camau.gov.vn,Ban Quản lý dự án xây dựng công trình giao thông tỉnh Cà Mau,30/05/2023,Chứng nhận cơ bản,https://tinnhiemmang.vn/danh-ba-tin-nhiem/bqldactgtcamaugovvn-1684983132
bqldactxd.camau.gov.vn,Ban Quản lý dự án Công trình xây dựng tỉnh Cà Mau,30/05/2023,Chứng nhận cơ bản,https://tinnhiemmang.vn/danh-ba-tin-nhiem/bqldactxdcamaugovvn-1684983282
bqldadd.hanoi.gov.vn,Ban Quản lý dự án đầu tư xây dựng công trình dân dụng thành phố Hà Nội,18/05/2023,Chứng nhận cơ bản,https://tinnhiemmang.vn/danh-ba-tin-nhiem/bqldaddhanoigovvn-1684376994
bqldaddcn.hanoi.gov.vn,BQLDA đầu tư xây dựng công trình dân dụng và công nghiệp Thành phố Hà Nội,12/06/2021,Chứng nhận cơ bản,https://tinnhiemmang.vn/danh-ba-tin-nhiem/bqldaddcnhanoigovvn-1623405557
bqldadtxdcctgt.quangninh.gov.vn,Ban Quản lý dự án đầu tư xây dựng các công trình giao thông tỉnh Quảng Ninh,16/11/2021,Chứng nhận cơ bản,https://tinnhiemmang.vn/danh-ba-tin-nhiem/bqldadtxdcctgtquangninhgovvn-1637037942
bqldagt.lamdong.gov.vn,Ban Quản lý dự án Giao thông tỉnh Lâm Đồng,21/03/2024,Chứng nhận cơ bản,https://tinnhiemmang.vn/danh-ba-tin-nhiem/bqldagtlamdonggovvn-1710831914
bqldann.khanhhoa.gov.vn,Ban QLDA đầu tư xây dựng các công trình Nông nghiệp và Phát triển nông thôn tỉnh Khánh Hòa,14/07/2022,Chứng nhận cơ bản,https://tinnhiemmang.vn/danh-ba-tin-nhiem/bqldannkhanhhoagovvn-1626074788
bqldavhxh.hanoi.gov.vn,BQLDA Đầu tư xây dựng công trình cấp thoát nước và môi trường Hà Nội,12/06/2021,Chứng nhận cơ bản,https://tinnhiemmang.vn/danh-ba-tin-nhiem/bqldavhxhhanoigovvn-1623403662
bqlddcn.hochiminhcity.gov.vn,Ban Quản lý dự án đầu tư xây dựng các công trình dân dụng và công nghiệp TP Hồ CHí Minh,11/08/2022,Chứng nhận cơ bản,https://tinnhiemmang.vn/danh-ba-tin-nhiem/bqlddcnhochiminhcitygovvn-1657697276
bqldtxdcctddvcn.quangninh.gov.vn,Ban Quản lý dự án đầu tư xây dựng các công trình dân dụng và công nghiệp tỉnh Quảng Ninh,16/11/2021,Chứng nhận cơ bản,https://tinnhiemmang.vn/danh-ba-tin-nhiem/bqldtxdcctddvcnquangninhgovvn-1637038739
bqlkcn.sonla.gov.vn,Ban Quản lý các khu công nghiệp tỉnh Sơn La,17/06/2021,Chứng nhận cơ bản,https://tinnhiemmang.vn/danh-ba-tin-nhiem/bqlkcnsonlagovvn-1623899862
bqlkdtgt.dongthap.gov.vn,"Ban Quản lý Khu Di tích Gò Tháp, tỉnh Đồng Tháp",22/11/2021,Chứng nhận cơ bản,https://tinnhiemmang.vn/danh-ba-tin-nhiem/bqlkdtgtdongthapgovvn-1637570840
bqlkkt.angiang.gov.vn,Ban Quản lý Khu kinh tế tỉnh An Giang,15/10/2021,Chứng nhận cơ bản,https://tinnhiemmang.vn/danh-ba-tin-nhiem/bqlkktangianggovvn-1634289289
bqlkkt.dongthap.gov.vn,Ban Quản lý Khu Kinh tế tỉnh Đồng Tháp,22/11/2021,Chứng nhận cơ bản,https://tinnhiemmang.vn/danh-ba-tin-nhiem/bqlkktdongthapgovvn-1637557681
bqlkkt.gialai.gov.vn,Ban Quản lý Khu kinh tế tỉnh Gia Lai,24/05/2023,Chứng nhận cơ bản,https://tinnhiemmang.vn/danh-ba-tin-nhiem/bqlkktgialaigovvn-1684748131
bqlkkt.laocai.gov.vn,Ban Quản Lý Khu kinh tế tỉnh Lào Cai,19/07/2021,Chứng nhận cơ bản,https://tinnhiemmang.vn/danh-ba-tin-nhiem/bqlkktlaocaigovvn-1626685604
bqllang.gov.vn,Ban Quản lý Lăng Chủ tịch Hồ Chí Minh,29/06/2021,Chứng nhận cơ bản,https://tinnhiemmang.vn/danh-ba-tin-nhiem/bqllanggovvn-1624937517
brt.vn,Đài phát thanh và Truyền hình tỉnh Bà Rịa - Vũng Tàu,27/10/2023,Chứng nhận cơ bản,https://tinnhiemmang.vn/danh-ba-tin-nhiem/brtvn-1690794742
brvt.baohiemxahoi.gov.vn,Bảo Hiểm Xã Hội tỉnh Bà Rịa – Vũng Tàu,28/07/2021,Chứng nhận cơ bản,https://tinnhiemmang.vn/danh-ba-tin-nhiem/brvtbaohiemxahoigovvn-1627465426
brvt.gdt.gov.vn,Cục Thuế tỉnh Bà Rịa Vũng Tàu,10/08/2023,Chứng nhận cơ bản,https://tinnhiemmang.vn/danh-ba-tin-nhiem/brvtgdtgovvn-1691655214
btdkt.gialai.gov.vn,Ban Thi đua - Khen thưởng tỉnh Gia Lai,24/01/2024,Chứng nhận cơ bản,https://tinnhiemmang.vn/danh-ba-tin-nhiem/btdktgialaigovvn-1706063489
btg.dongthap.gov.vn,Ban Tuyên giáo Tỉnh ủy tỉnh Đồng Tháp,22/11/2021,Chứng nhận cơ bản,https://tinnhiemmang.vn/danh-ba-tin-nhiem/btgdongthapgovvn-1637558148
btnn.moj.gov.vn,Bộ Tư pháp,14/07/2022,Chứng nhận cơ bản,https://tinnhiemmang.vn/danh-ba-tin-nhiem/btnnmojgovvn-1625733104
bttp.moj.gov.vn,Bộ Tư pháp,14/07/2022,Chứng nhận cơ bản,https://tinnhiemmang.vn/danh-ba-tin-nhiem/bttpmojgovvn-1625733042
bugbounty.vn,Trung tâm Giám sát an toàn không gian mạng quốc gia (NCSC),12/04/2021,Chứng nhận nâng cao,https://tinnhiemmang.vn/danh-ba-tin-nhiem/bugbountyvn-1617291880
bumas.misa.vn,Công ty Cổ phần MISA,18/01/2023,Chứng nhận cơ bản,https://tinnhiemmang.vn/danh-ba-tin-nhiem/bumasmisavn-1674026532
bvbs150798.com,Bệnh viện ĐKKV Bồng Sơn tỉnh Bình Định,07/06/2023,Chứng nhận cơ bản,https://tinnhiemmang.vn/danh-ba-tin-nhiem/bvbs150798com-1686123100
bvcamthuy.ytethanhhoa.gov.vn,Bệnh viện Đa khoa huyện Cẩm Thủy tỉnh Thanh Hóa,10/04/2024,Chứng nhận cơ bản,https://tinnhiemmang.vn/danh-ba-tin-nhiem/bvcamthuyytethanhhoagovvn-1712737538
bvckmat.vinhlong.gov.vn,Bệnh viện chuyên khoa Mắt tỉnh Vĩnh Long,19/03/2024,Chứng nhận cơ bản,https://tinnhiemmang.vn/danh-ba-tin-nhiem/bvckmatvinhlonggovvn-1710814981
bvdk.quangngai.gov.vn,Bệnh viện Đa khoa tỉnh Quảng Ngãi,10/05/2021,Chứng nhận cơ bản,https://tinnhiemmang.vn/danh-ba-tin-nhiem/bvdkquangngaigovvn-1620635361
bvdkdt.dongthap.gov.vn,Bệnh viện Đa khoa Đồng Tháp,22/11/2021,Chứng nhận cơ bản,https://tinnhiemmang.vn/danh-ba-tin-nhiem/bvdkdtdongthapgovvn-1637569363
bvdkhoanghoa.vn,"Bệnh viện Đa khoa huyện Hoằng Hóa, tỉnh Thanh Hóa",17/01/2024,Chứng nhận cơ bản,https://tinnhiemmang.vn/danh-ba-tin-nhiem/bvdkhoanghoavn-1705463014
bvdkkvnhkt.org.vn,Bệnh viện Đa khoa khu vực Ngọc Hồi,17/07/2024,Chứng nhận cơ bản,https://tinnhiemmang.vn/danh-ba-tin-nhiem/bvdkkvnhktorgvn-1721199311
bvdkmelinh.vn,Bệnh viện Đa khoa huyện Mê Linh,27/11/2024,Chứng nhận cơ bản,https://tinnhiemmang.vn/danh-ba-tin-nhiem/bvdkmelinhvn-1732695421
bvdkquanson.com.vn,"Bệnh viện đa khoa huyện Quan Sơn, tỉnh Thanh Hóa",25/11/2024,Chứng nhận cơ bản,https://tinnhiemmang.vn/danh-ba-tin-nhiem/bvdkquansoncomvn-1732249868
bvdksamson.vn,Bệnh viện Đa khoa Thành phố Sầm Sơn,17/10/2024,Chứng nhận cơ bản,https://tinnhiemmang.vn/danh-ba-tin-nhiem/bvdksamsonvn-1729133270
bvdksocson.vn,Bệnh Viện Đa Khoa Sóc Sơn,20/06/2024,Chứng nhận cơ bản,https://tinnhiemmang.vn/danh-ba-tin-nhiem/bvdksocsonvn-1718856829
bvdktinh.vinhlong.gov.vn,Bệnh viện Đa khoa Vĩnh Long,15/08/2024,Chứng nhận cơ bản,https://tinnhiemmang.vn/danh-ba-tin-nhiem/bvdktinhvinhlonggovvn-1723689323
bvdktinhthanhhoa.com.vn,Bệnh viện Đa khoa tỉnh Thanh Hóa,01/08/2023,Chứng nhận cơ bản,https://tinnhiemmang.vn/danh-ba-tin-nhiem/bvdktinhthanhhoacomvn-1690783658
bvdkvinhloc.gov.vn,"Bệnh viện đa khoa huyện Vĩnh Lộc, tỉnh Thanh Hóa",25/11/2024,Chứng nhận cơ bản,https://tinnhiemmang.vn/danh-ba-tin-nhiem/bvdkvinhlocgovvn-1732249908
bvdongson.ytethanhhoa.gov.vn,Bệnh viện đa khoa huyện Đông Sơn tỉnh Thanh Hóa,13/08/2024,Chứng nhận cơ bản,https://tinnhiemmang.vn/danh-ba-tin-nhiem/bvdongsonytethanhhoagovvn-1723519073
bvdongythanhhoa.com.vn,Bệnh viện viện Y dược cổ truyền Thanh Hóa,01/08/2023,Chứng nhận cơ bản,https://tinnhiemmang.vn/danh-ba-tin-nhiem/bvdongythanhhoacomvn-1690783875
bvhoaphu.vinhlong.gov.vn,Bệnh viện Đa khoa khu vực Hòa Phú tỉnh Vĩnh Long,15/08/2024,Chứng nhận cơ bản,https://tinnhiemmang.vn/danh-ba-tin-nhiem/bvhoaphuvinhlonggovvn-1723689425
bvhttdl.gov.vn,"Bộ Văn hoá, Thể thao và Du lịch",28/06/2023,Chứng nhận cơ bản,https://tinnhiemmang.vn/danh-ba-tin-nhiem/bvhttdlgovvn-1687925558
bvkvnghison.vn,Bệnh viện Đa khoa khu vực Nghi Sơn tỉnh Thanh Hóa,17/10/2024,Chứng nhận cơ bản,https://tinnhiemmang.vn/danh-ba-tin-nhiem/bvkvnghisonvn-1729133480
bvlaovabenhphoi.quangngai.gov.vn,Bệnh viện lao và bệnh phổi tỉnh Quảng Ngãi,10/05/2021,Chứng nhận cơ bản,https://tinnhiemmang.vn/danh-ba-tin-nhiem/bvlaovabenhphoiquangngaigovvn-1620635645
bvmatbinhdinh.vn,Bệnh viện Mắt Bình Định,10/08/2023,Chứng nhận cơ bản,https://tinnhiemmang.vn/danh-ba-tin-nhiem/bvmatbinhdinhvn-1691576631
bvnamlienchieu.com,Bệnh viện đa khoa Nam Liên Chiểu,17/07/2024,Chứng nhận cơ bản,https://tinnhiemmang.vn/danh-ba-tin-nhiem/bvnamlienchieucom-1657269063
bvnhietdoikh.vn,Bệnh viện Bệnh Nhiệt Đới Khánh Hòa,05/07/2023,Chứng nhận cơ bản,https://tinnhiemmang.vn/danh-ba-tin-nhiem/bvnhietdoikhvn-1688539736
bvnhilamdong.vn,Bệnh viện Nhi tỉnh Lâm Đồng,27/07/2023,Chứng nhận cơ bản,https://tinnhiemmang.vn/danh-ba-tin-nhiem/bvnhilamdongvn-1690184956
bvnhithanhhoa.com,Bệnh viện Nhi Thanh Hóa,01/08/2023,Chứng nhận cơ bản,https://tinnhiemmang.vn/danh-ba-tin-nhiem/bvnhithanhhoacom-1690783690
bvnhuxuan.ytethanhhoa.gov.vn,Bệnh viện đa khoa huyện Như Xuân,26/09/2024,Chứng nhận cơ bản,https://tinnhiemmang.vn/danh-ba-tin-nhiem/bvnhuxuanytethanhhoagovvn-1727317048
bvnongcong.ytethanhhoa.gov.vn,"Bệnh viện Đa khoa huyện Nông Cống, tỉnh Thanh Hóa",25/11/2024,Chứng nhận cơ bản,https://tinnhiemmang.vn/danh-ba-tin-nhiem/bvnongcongytethanhhoagovvn-1732249832
bvntd.gov.vn,"Cục Cạnh tranh và Bảo vệ người tiêu dùng, Bộ Công thương",17/01/2022,Chứng nhận cơ bản,https://tinnhiemmang.vn/danh-ba-tin-nhiem/bvntdgovvn-1642155269
bvp.vinhlong.gov.vn,Bệnh viện Phổi Vĩnh Long,15/08/2024,Chứng nhận cơ bản,https://tinnhiemmang.vn/danh-ba-tin-nhiem/bvpvinhlonggovvn-1723689224
bvqdy.vinhlong.gov.vn,Bệnh viện Đa khoa khu vực kết hợp Quân Dân Y tỉnh Vĩnh Long,15/08/2024,Chứng nhận cơ bản,https://tinnhiemmang.vn/danh-ba-tin-nhiem/bvqdyvinhlonggovvn-1723689364
bvquanhoa.ytethanhhoa.gov.vn,Bệnh viện đa khoa huyện Quan Hóa,26/07/2024,Chứng nhận cơ bản,https://tinnhiemmang.vn/danh-ba-tin-nhiem/bvquanhoaytethanhhoagovvn-1688564048
bvtamthan.vinhlong.gov.vn,Bệnh viện Tâm Thần Vĩnh Long,15/08/2024,Chứng nhận cơ bản,https://tinnhiemmang.vn/danh-ba-tin-nhiem/bvtamthanvinhlonggovvn-1723689192
bvtamthankontum.vn,Bệnh viện Tâm Thần tỉnh Kon Tum,25/06/2024,Chứng nhận cơ bản,https://tinnhiemmang.vn/danh-ba-tin-nhiem/bvtamthankontumvn-1715669739
bvthieuhoa.ytethanhhoa.gov.vn,Bệnh viện đa khoa Thiệu Hóa,15/12/2023,Chứng nhận cơ bản,https://tinnhiemmang.vn/danh-ba-tin-nhiem/bvthieuhoaytethanhhoagovvn-1702606467
bvydct.vinhlong.gov.vn,Bệnh viện Y dược cổ truyền tỉnh Vĩnh Long,15/08/2024,Chứng nhận cơ bản,https://tinnhiemmang.vn/danh-ba-tin-nhiem/bvydctvinhlonggovvn-1723689288
bvyersinnhatrang.vn,"Bệnh viện Đa khoa Yersin Nha Trang, tỉnh Khánh Hòa",09/08/2023,Chứng nhận cơ bản,https://tinnhiemmang.vn/danh-ba-tin-nhiem/bvyersinnhatrangvn-1691552061
bvyhct-phcn.khanhhoa.gov.vn,Bệnh viện Y học cổ truyền và Phục hồi chức năng Khánh Hòa,14/07/2022,Chứng nhận cơ bản,https://tinnhiemmang.vn/danh-ba-tin-nhiem/bvyhct-phcnkhanhhoagovvn-1626060253
c12phandinhphung.chauduc-brvt.edu.vn,"Trường TH-THCS Phan Đình Phùng Huyện Châu Đức, tỉnh Bà Rịa – Vũng Tàu",20/12/2023,Chứng nhận cơ bản,https://tinnhiemmang.vn/danh-ba-tin-nhiem/c12phandinhphungchauduc-brvteduvn-1703057760
c1binhba.chauduc-brvt.edu.vn,"Trường Tiểu học Bình Ba Huyện Châu Đức, tỉnh Bà Rịa – Vũng Tàu",20/12/2023,Chứng nhận cơ bản,https://tinnhiemmang.vn/danh-ba-tin-nhiem/c1binhbachauduc-brvteduvn-1703056119
c1binhgia.chauduc-brvt.edu.vn,"Trường Tiểu học Bình Giã Huyện Châu Đức, tỉnh Bà Rịa – Vũng Tàu",20/12/2023,Chứng nhận cơ bản,https://tinnhiemmang.vn/danh-ba-tin-nhiem/c1binhgiachauduc-brvteduvn-1703056155
c1chuvanan.chauduc-brvt.edu.vn,"Trường Tiểu học Chu Văn An Huyện Châu Đức, tỉnh Bà Rịa – Vũng Tàu",20/12/2023,Chứng nhận cơ bản,https://tinnhiemmang.vn/danh-ba-tin-nhiem/c1chuvananchauduc-brvteduvn-1703056196
c1dinhtienhoang.chauduc-brvt.edu.vn,"Trường Tiểu học Đinh Tiên Hoàng Huyện Châu Đức, tỉnh Bà Rịa – Vũng Tàu",20/12/2023,Chứng nhận cơ bản,https://tinnhiemmang.vn/danh-ba-tin-nhiem/c1dinhtienhoangchauduc-brvteduvn-1703056233
c1kimdong.chauduc-brvt.edu.vn,"Trường Tiểu học Kim Đồng Huyện Châu Đức, tỉnh Bà Rịa – Vũng Tàu",20/12/2023,Chứng nhận cơ bản,https://tinnhiemmang.vn/danh-ba-tin-nhiem/c1kimdongchauduc-brvteduvn-1703055994
c1kimlong.chauduc-brvt.edu.vn,"Trường Tiểu học Kim Long Huyện Châu Đức, tỉnh Bà Rịa – Vũng Tàu",20/12/2023,Chứng nhận cơ bản,https://tinnhiemmang.vn/danh-ba-tin-nhiem/c1kimlongchauduc-brvteduvn-1703056275
c1lehongphong.chauduc-brvt.edu.vn,"Trường Tiểu học Lê Hồng Phong Huyện Châu Đức, tỉnh Bà Rịa – Vũng Tàu",20/12/2023,Chứng nhận cơ bản,https://tinnhiemmang.vn/danh-ba-tin-nhiem/c1lehongphongchauduc-brvteduvn-1703056321
c1lequydon.chauduc-brvt.edu.vn,"Trường Tiểu học Lê Quý Đôn Huyện Châu Đức, tỉnh Bà Rịa – Vũng Tàu",20/12/2023,Chứng nhận cơ bản,https://tinnhiemmang.vn/danh-ba-tin-nhiem/c1lequydonchauduc-brvteduvn-1703056361
c1levantam.chauduc-brvt.edu.vn,"Trường Tiểu học Lê Văn Tám Huyện Châu Đức, tỉnh Bà Rịa – Vũng Tàu",20/12/2023,Chứng nhận cơ bản,https://tinnhiemmang.vn/danh-ba-tin-nhiem/c1levantamchauduc-brvteduvn-1703056031
c1ngaigiao.chauduc-brvt.edu.vn,"Trường Tiểu học Ngãi Giao Huyện Châu Đức, tỉnh Bà Rịa – Vũng Tàu",20/12/2023,Chứng nhận cơ bản,https://tinnhiemmang.vn/danh-ba-tin-nhiem/c1ngaigiaochauduc-brvteduvn-1703056573
c1nghiathanh.chauduc-brvt.edu.vn,"Trường Tiểu học Nghĩa Thành Huyện Châu Đức, tỉnh Bà Rịa – Vũng Tàu",20/12/2023,Chứng nhận cơ bản,https://tinnhiemmang.vn/danh-ba-tin-nhiem/c1nghiathanhchauduc-brvteduvn-1703056625
c1nguyendinhchieu.chauduc-brvt.edu.vn,"Trường Tiểu học Nguyễn Đình Chiểu Huyện Châu Đức, tỉnh Bà Rịa – Vũng Tàu",20/12/2023,Chứng nhận cơ bản,https://tinnhiemmang.vn/danh-ba-tin-nhiem/c1nguyendinhchieuchauduc-brvteduvn-1703056670
c1nguyenthiminhkhai.chauduc-brvt.edu.vn,"Trường Tiểu học Nguyễn Thị Minh Khai Huyện Châu Đức, tỉnh Bà Rịa – Vũng Tàu",20/12/2023,Chứng nhận cơ bản,https://tinnhiemmang.vn/danh-ba-tin-nhiem/c1nguyenthiminhkhaichauduc-brvteduvn-1703056716
c1nhiep-nt.khanhhoa.edu.vn,"Trường TH Ngọc Hiệp, tỉnh Khánh Hòa",09/08/2023,Chứng nhận cơ bản,https://tinnhiemmang.vn/danh-ba-tin-nhiem/c1nhiep-ntkhanhhoaeduvn-1691562464
c1phai1-nt.khanhhoa.edu.vn,"Trường TH Phước Hải 1, tỉnh Khánh Hòa",09/08/2023,Chứng nhận cơ bản,https://tinnhiemmang.vn/danh-ba-tin-nhiem/c1phai1-ntkhanhhoaeduvn-1691561982
c1phai3-nt.khanhhoa.edu.vn,"Trường TH Phước Hải 3, tỉnh Khánh Hòa",09/08/2023,Chứng nhận cơ bản,https://tinnhiemmang.vn/danh-ba-tin-nhiem/c1phai3-ntkhanhhoaeduvn-1691562408
c1phanchutrinh.chauduc-brvt.edu.vn,"Trường Tiểu học Phan Chu Trinh Huyện Châu Đức, tỉnh Bà Rịa – Vũng Tàu",20/12/2023,Chứng nhận cơ bản,https://tinnhiemmang.vn/danh-ba-tin-nhiem/c1phanchutrinhchauduc-brvteduvn-1703056757
c1phoa2-nt.khanhhoa.edu.vn,"Trường TH Phước Hòa 2, tỉnh Khánh Hòa",09/08/2023,Chứng nhận cơ bản,https://tinnhiemmang.vn/danh-ba-tin-nhiem/c1phoa2-ntkhanhhoaeduvn-1691562251
c1psai-nt.khanhhoa.edu.vn,"Trường TH Phương Sài, tỉnh Khánh Hòa",09/08/2023,Chứng nhận cơ bản,https://tinnhiemmang.vn/danh-ba-tin-nhiem/c1psai-ntkhanhhoaeduvn-1691561835
c1pson-nt.khanhhoa.edu.vn,"Trường TH Phương Sơn, tỉnh Khánh Hòa",09/08/2023,Chứng nhận cơ bản,https://tinnhiemmang.vn/danh-ba-tin-nhiem/c1pson-ntkhanhhoaeduvn-1691562208
c1pthinh-nt.khanhhoa.edu.vn,Trường Tiểu học Phước Thịnh tỉnh Khánh Hòa,11/04/2024,Chứng nhận cơ bản,https://tinnhiemmang.vn/danh-ba-tin-nhiem/c1pthinh-ntkhanhhoaeduvn-1712740139
c1ptien-nt.khanhhoa.edu.vn,"Trường TH Phước Tiến, tỉnh Khánh Hòa",09/08/2023,Chứng nhận cơ bản,https://tinnhiemmang.vn/danh-ba-tin-nhiem/c1ptien-ntkhanhhoaeduvn-1691562361
c1quangthanh.chauduc-brvt.edu.vn,"Trường Tiểu học Quảng Thành Huyện Châu Đức, tỉnh Bà Rịa – Vũng Tàu",20/12/2023,Chứng nhận cơ bản,https://tinnhiemmang.vn/danh-ba-tin-nhiem/c1quangthanhchauduc-brvteduvn-1703056529
c1songcau.chauduc-brvt.edu.vn,"Trường Tiểu học Sông Cầu Huyện Châu Đức, tỉnh Bà Rịa – Vũng Tàu",20/12/2023,Chứng nhận cơ bản,https://tinnhiemmang.vn/danh-ba-tin-nhiem/c1songcauchauduc-brvteduvn-1703056799
c1suoinghe.chauduc-brvt.edu.vn,"Trường Tiểu học Suối Nghệ Huyện Châu Đức, tỉnh Bà Rịa – Vũng Tàu",20/12/2023,Chứng nhận cơ bản,https://tinnhiemmang.vn/danh-ba-tin-nhiem/c1suoinghechauduc-brvteduvn-1703056840
c1tranphu.chauduc-brvt.edu.vn,"Trường Tiểu học Trần Phú Huyện Châu Đức, tỉnh Bà Rịa – Vũng Tàu",20/12/2023,Chứng nhận cơ bản,https://tinnhiemmang.vn/danh-ba-tin-nhiem/c1tranphuchauduc-brvteduvn-1703056887
c1tranquangdieu.chauduc-brvt.edu.vn,"Trường Tiểu học Trần Quang Diệu Huyện Châu Đức, tỉnh Bà Rịa – Vũng Tàu",20/12/2023,Chứng nhận cơ bản,https://tinnhiemmang.vn/danh-ba-tin-nhiem/c1tranquangdieuchauduc-brvteduvn-1703056962
c1tranquoctuan.chauduc-brvt.edu.vn,"Trường Tiểu học Trần Quốc Tuấn Huyện Châu Đức, tỉnh Bà Rịa – Vũng Tàu",20/12/2023,Chứng nhận cơ bản,https://tinnhiemmang.vn/danh-ba-tin-nhiem/c1tranquoctuanchauduc-brvteduvn-1703056071
c1vinhthanh-nt.khanhhoa.edu.vn,Trường tiểu học Vĩnh Thạnh tỉnh Khánh Hòa,10/04/2024,Chứng nhận cơ bản,https://tinnhiemmang.vn/danh-ba-tin-nhiem/c1vinhthanh-ntkhanhhoaeduvn-1712715660
c1vnguyen3-nt.khanhhoa.edu.vn,Trường tiểu học Vĩnh Nguyên 3 tỉnh Khánh Hòa,11/04/2024,Chứng nhận cơ bản,https://tinnhiemmang.vn/danh-ba-tin-nhiem/c1vnguyen3-ntkhanhhoaeduvn-1712740239
c1vphuoc1-nt.khanhhoa.edu.vn,Trường Tiểu học Vĩnh Phước 1 tỉnh Khánh Hòa,11/04/2024,Chứng nhận cơ bản,https://tinnhiemmang.vn/danh-ba-tin-nhiem/c1vphuoc1-ntkhanhhoaeduvn-1712740199
c1vphuoc2-nt.khanhhoa.edu.vn,Trường Tiểu học Vĩnh Phước 2 tỉnh Khánh Hòa,11/04/2024,Chứng nhận cơ bản,https://tinnhiemmang.vn/danh-ba-tin-nhiem/c1vphuoc2-ntkhanhhoaeduvn-1712740390
c1vphuong1-nt.khanhhoa.edu.vn,Trường Tiểu học Vĩnh Phương 1 tỉnh Khánh Hòa,11/04/2024,Chứng nhận cơ bản,https://tinnhiemmang.vn/danh-ba-tin-nhiem/c1vphuong1-ntkhanhhoaeduvn-1712740058
c1vphuong2-nt.khanhhoa.edu.vn,Trường tiểu học Vĩnh Phương 2 tỉnh Khánh Hòa,10/04/2024,Chứng nhận cơ bản,https://tinnhiemmang.vn/danh-ba-tin-nhiem/c1vphuong2-ntkhanhhoaeduvn-1712716378
c1vthang-nt.khanhhoa.edu.vn,Trường Tiểu học Vạn Thắng - Nha Trang,07/10/2024,Chứng nhận cơ bản,https://tinnhiemmang.vn/danh-ba-tin-nhiem/c1vthang-ntkhanhhoaeduvn-1728267604
c1vtrung-nt.khanhhoa.edu.vn,"Trường TH Vĩnh Trung, tỉnh Khánh Hòa",09/08/2023,Chứng nhận cơ bản,https://tinnhiemmang.vn/danh-ba-tin-nhiem/c1vtrung-ntkhanhhoaeduvn-1691562024
c1vtruong-nt.khanhhoa.edu.vn,Trường Tiểu học Vĩnh Trường tỉnh Khánh Hòa,10/04/2024,Chứng nhận cơ bản,https://tinnhiemmang.vn/danh-ba-tin-nhiem/c1vtruong-ntkhanhhoaeduvn-1712716418
c2caobaquat.chauduc-brvt.edu.vn,"Trường THCS Cao Bá Quát Huyện Châu Đức, tỉnh Bà Rịa – Vũng Tàu",20/12/2023,Chứng nhận cơ bản,https://tinnhiemmang.vn/danh-ba-tin-nhiem/c2caobaquatchauduc-brvteduvn-1703057007
c2cbquat-nt.khanhhoa.edu.vn,Trường THCS Cao Bá Quát tỉnh Khánh Hòa,10/04/2024,Chứng nhận cơ bản,https://tinnhiemmang.vn/danh-ba-tin-nhiem/c2cbquat-ntkhanhhoaeduvn-1712715615
c2chauduc.chauduc-brvt.edu.vn,"Trường THCS Châu Đức Huyện Châu Đức, tỉnh Bà Rịa – Vũng Tàu",20/12/2023,Chứng nhận cơ bản,https://tinnhiemmang.vn/danh-ba-tin-nhiem/c2chauducchauduc-brvteduvn-1703057101
c2cthang-nt.khanhhoa.edu.vn,"Trường THCS Cao Thắng, tỉnh Khánh Hòa",09/08/2023,Chứng nhận cơ bản,https://tinnhiemmang.vn/danh-ba-tin-nhiem/c2cthang-ntkhanhhoaeduvn-1691561731
c2hahuytap.chauduc-brvt.edu.vn,"Trường THCS Hà Huy Tập Huyện Châu Đức, tỉnh Bà Rịa – Vũng Tàu",20/12/2023,Chứng nhận cơ bản,https://tinnhiemmang.vn/danh-ba-tin-nhiem/c2hahuytapchauduc-brvteduvn-1703057137
c2kimlong.chauduc-brvt.edu.vn,"Trường THCS Kim Long Huyện Châu Đức, tỉnh Bà Rịa – Vũng Tàu",20/12/2023,Chứng nhận cơ bản,https://tinnhiemmang.vn/danh-ba-tin-nhiem/c2kimlongchauduc-brvteduvn-1703057178
c2leloi.chauduc-brvt.edu.vn,"Trường THCS Lê Lợi Huyện Châu Đức, tỉnh Bà Rịa – Vũng Tàu",20/12/2023,Chứng nhận cơ bản,https://tinnhiemmang.vn/danh-ba-tin-nhiem/c2leloichauduc-brvteduvn-1703057215
c2ltkiet-nt.khanhhoa.edu.vn,Trường THCS Lý Thường Kiệt tỉnh Khánh Hòa,10/04/2024,Chứng nhận cơ bản,https://tinnhiemmang.vn/danh-ba-tin-nhiem/c2ltkiet-ntkhanhhoaeduvn-1712715746
c2ltliem-nt.khanhhoa.edu.vn,"Trường THCS Lê Thanh Liêm, tỉnh Khánh Hòa",09/08/2023,Chứng nhận cơ bản,https://tinnhiemmang.vn/danh-ba-tin-nhiem/c2ltliem-ntkhanhhoaeduvn-1691562063
c2ltto-nt.khanhhoa.edu.vn,"Trường THCS Lý Thái Tổ, tỉnh Khánh Hòa",09/08/2023,Chứng nhận cơ bản,https://tinnhiemmang.vn/danh-ba-tin-nhiem/c2ltto-ntkhanhhoaeduvn-1691561892
c2lythuongkiet.chauduc-brvt.edu.vn,"Trường THCS Lý Thường Kiệt Huyện Châu Đức, tỉnh Bà Rịa – Vũng Tàu",20/12/2023,Chứng nhận cơ bản,https://tinnhiemmang.vn/danh-ba-tin-nhiem/c2lythuongkietchauduc-brvteduvn-1703057254
c2mxthuong-nt.khanhhoa.edu.vn,Trường THCS Mai Xuân Thưởng tỉnh Khánh Hòa,10/04/2024,Chứng nhận cơ bản,https://tinnhiemmang.vn/danh-ba-tin-nhiem/c2mxthuong-ntkhanhhoaeduvn-1712715895
c2nguyencongtru.chauduc-brvt.edu.vn,"Trường THCS Nguyễn Công Trứ Huyện Châu Đức, tỉnh Bà Rịa – Vũng Tàu",20/12/2023,Chứng nhận cơ bản,https://tinnhiemmang.vn/danh-ba-tin-nhiem/c2nguyencongtruchauduc-brvteduvn-1703057290
c2nguyenhue.chauduc-brvt.edu.vn,"Trường THCS Nguyễn Huệ Huyện Châu Đức, tỉnh Bà Rịa – Vũng Tàu",20/12/2023,Chứng nhận cơ bản,https://tinnhiemmang.vn/danh-ba-tin-nhiem/c2nguyenhuechauduc-brvteduvn-1703057329
c2nguyentrungtruc.chauduc-brvt.edu.vn,"Trường THCS Nguyễn Trung Trực Huyện Châu Đức, tỉnh Bà Rịa – Vũng Tàu",20/12/2023,Chứng nhận cơ bản,https://tinnhiemmang.vn/danh-ba-tin-nhiem/c2nguyentrungtrucchauduc-brvteduvn-1703057369
c2nguyentruongto.chauduc-brvt.edu.vn,"Trường THCS Nguyễn Trường Tộ Huyện Châu Đức, tỉnh Bà Rịa – Vũng Tàu",20/12/2023,Chứng nhận cơ bản,https://tinnhiemmang.vn/danh-ba-tin-nhiem/c2nguyentruongtochauduc-brvteduvn-1703057409
c2phanboichau.chauduc-brvt.edu.vn,"Trường THCS Phan Bội Châu Huyện Châu Đức, tỉnh Bà Rịa – Vũng Tàu",20/12/2023,Chứng nhận cơ bản,https://tinnhiemmang.vn/danh-ba-tin-nhiem/c2phanboichauchauduc-brvteduvn-1703057461
c2quangthanh.chauduc-brvt.edu.vn,"Trường THCS Quảng Thành Huyện Châu Đức, tỉnh Bà Rịa – Vũng Tàu",20/12/2023,Chứng nhận cơ bản,https://tinnhiemmang.vn/danh-ba-tin-nhiem/c2quangthanhchauduc-brvteduvn-1703057503
c2quangtrung.chauduc-brvt.edu.vn,"Trường THCS Quang Trung Huyện Châu Đức, tỉnh Bà Rịa – Vũng Tàu",20/12/2023,Chứng nhận cơ bản,https://tinnhiemmang.vn/danh-ba-tin-nhiem/c2quangtrungchauduc-brvteduvn-1703057557
c2thdao-nt.khanhhoa.edu.vn,"Trường THCS Trần Hưng Đạo, tỉnh Khánh Hòa",09/08/2023,Chứng nhận cơ bản,https://tinnhiemmang.vn/danh-ba-tin-nhiem/c2thdao-ntkhanhhoaeduvn-1691562117
c2tqtoan-nt.khanhhoa.edu.vn,Trường THCS Trần Quốc Toản tỉnh Khánh Hòa,11/04/2024,Chứng nhận cơ bản,https://tinnhiemmang.vn/danh-ba-tin-nhiem/c2tqtoan-ntkhanhhoaeduvn-1712802733
c2tranhungdao.chauduc-brvt.edu.vn,"Trường THCS Trần Hưng Đạo Huyện Châu Đức, tỉnh Bà Rịa – Vũng Tàu",20/12/2023,Chứng nhận cơ bản,https://tinnhiemmang.vn/danh-ba-tin-nhiem/c2tranhungdaochauduc-brvteduvn-1703057602
c2votruongtoan.chauduc-brvt.edu.vn,"Trường THCS Võ Trường Toản Huyện Châu Đức, tỉnh Bà Rịa – Vũng Tàu",20/12/2023,Chứng nhận cơ bản,https://tinnhiemmang.vn/danh-ba-tin-nhiem/c2votruongtoanchauduc-brvteduvn-1703057651
c2vtsau-nt.khanhhoa.edu.vn,Trường THCS Võ Thị Sáu tỉnh Khánh Hòa,10/04/2024,Chứng nhận cơ bản,https://tinnhiemmang.vn/danh-ba-tin-nhiem/c2vtsau-ntkhanhhoaeduvn-1712715568
c2xabang.chauduc-brvt.edu.vn,"Trường THCS Xà Bang Huyện Châu Đức, tỉnh Bà Rịa – Vũng Tàu",20/12/2023,Chứng nhận cơ bản,https://tinnhiemmang.vn/danh-ba-tin-nhiem/c2xabangchauduc-brvteduvn-1703057707
c63.mic.gov.vn,Bộ Thông tin và Truyền thông,27/09/2022,Chứng nhận nâng cao,https://tinnhiemmang.vn/danh-ba-tin-nhiem/c63micgovvn-1664270862
cadn.com.vn,Công an thành phố Đà Nẵng,01/11/2023,Chứng nhận cơ bản,https://tinnhiemmang.vn/danh-ba-tin-nhiem/cadncomvn-1698808527
caicachhanhchinh.dongnai.gov.vn,Sở Nội vụ tỉnh Đồng Nai,07/10/2023,Chứng nhận cơ bản,https://tinnhiemmang.vn/danh-ba-tin-nhiem/caicachhanhchinhdongnaigovvn-1696564768
caicachhanhchinh.gov.vn,Trung tâm Thông tin - Bộ Nội vụ,29/06/2021,Chứng nhận cơ bản,https://tinnhiemmang.vn/danh-ba-tin-nhiem/caicachhanhchinhgovvn-1624933953
cainhum.vinhlong.gov.vn,UBND Thị trấn Cái nhum tỉnh Vĩnh Long,14/07/2021,Chứng nhận cơ bản,https://tinnhiemmang.vn/danh-ba-tin-nhiem/cainhumvinhlonggovvn-1625918385
cainuoc.camau.gov.vn,Ủy ban nhân dân huyện Cái Nước,30/05/2023,Chứng nhận cơ bản,https://tinnhiemmang.vn/danh-ba-tin-nhiem/cainuoccamaugovvn-1684980178
caivon.vinhlong.gov.vn,UBND phường Cái Vồn tỉnh Vĩnh Long,14/07/2021,Chứng nhận cơ bản,https://tinnhiemmang.vn/danh-ba-tin-nhiem/caivonvinhlonggovvn-1625917802
camau.baohiemxahoi.gov.vn,Bảo Hiểm Xã Hội tỉnh Cà Mau,28/07/2021,Chứng nhận cơ bản,https://tinnhiemmang.vn/danh-ba-tin-nhiem/camaubaohiemxahoigovvn-1627463841
camau.edu.vn,Sở Giáo dục và Đào tạo tỉnh Cà Mau,12/12/2023,Chứng nhận cơ bản,https://tinnhiemmang.vn/danh-ba-tin-nhiem/camaueduvn-1686035603
camau.gdt.gov.vn,Cục Thuế tỉnh Cà Mau,10/08/2023,Chứng nhận cơ bản,https://tinnhiemmang.vn/danh-ba-tin-nhiem/camaugdtgovvn-1691655730
camau.gov.vn,Ủy ban nhân dân tỉnh Cà Mau,24/05/2023,Chứng nhận cơ bản,https://tinnhiemmang.vn/danh-ba-tin-nhiem/camaugovvn-1684810853
camau.toaan.gov.vn,Tòa án nhân dân tỉnh Cà Mau,07/04/2023,Chứng nhận cơ bản,https://tinnhiemmang.vn/danh-ba-tin-nhiem/camautoaangovvn-1679888383
camkhe.phutho.gov.vn,UBND huyện Cẩm Khê tỉnh Phú Thọ,03/10/2023,Chứng nhận cơ bản,https://tinnhiemmang.vn/danh-ba-tin-nhiem/camkhephuthogovvn-1696236918
camlam.khanhhoa.gov.vn,UBND huyện Cam Lâm tỉnh Khánh Hòa,14/07/2022,Chứng nhận cơ bản,https://tinnhiemmang.vn/danh-ba-tin-nhiem/camlamkhanhhoagovvn-1626062591
camle.danang.gov.vn,"UBND quận Cẩm Lệ, Đà Nẵng",25/11/2021,Chứng nhận cơ bản,https://tinnhiemmang.vn/danh-ba-tin-nhiem/camledananggovvn-1637746794
cammy.dongnai.gov.vn,UBND huyện Cẩm Mỹ tỉnh Đồng Nai,07/10/2023,Chứng nhận cơ bản,https://tinnhiemmang.vn/danh-ba-tin-nhiem/cammydongnaigovvn-1696564566
camranh.khanhhoa.gov.vn,Ủy ban nhân dân thành phố Cam Ranh  tỉnh Khánh Hòa,14/07/2022,Chứng nhận cơ bản,https://tinnhiemmang.vn/danh-ba-tin-nhiem/camranhkhanhhoagovvn-1626060344
camthuy.thanhhoa.gov.vn,UBND huyện Cẩm Thủy tỉnh Thanh Hóa,01/08/2023,Chứng nhận cơ bản,https://tinnhiemmang.vn/danh-ba-tin-nhiem/camthuythanhhoagovvn-1690781498
canbotre.danang.gov.vn,Câu lạc bộ Cán bộ trẻ thành phố Đà Nẵng,02/05/2024,Chứng nhận cơ bản,https://tinnhiemmang.vn/danh-ba-tin-nhiem/canbotredananggovvn-1714535264
cand.com.vn,Báo Công An Nhân Dân,16/08/2023,Chứng nhận cơ bản,https://tinnhiemmang.vn/danh-ba-tin-nhiem/candcomvn-1692157070
candientu.vn,Công Ty CP SX TM DV Trường Thịnh Tiến,26/09/2022,Chứng nhận cơ bản,https://tinnhiemmang.vn/danh-ba-tin-nhiem/candientuvn-1663947462
cangio.hochiminhcity.gov.vn,Ủy ban nhân dân huyện Cần Giờ thành phố Hồ Chí Minh,09/10/2023,Chứng nhận cơ bản,https://tinnhiemmang.vn/danh-ba-tin-nhiem/cangiohochiminhcitygovvn-1696833854
cangsaky.com.vn,Sở Giao thông vận tải tỉnh Quảng Ngãi,12/07/2023,Chứng nhận cơ bản,https://tinnhiemmang.vn/danh-ba-tin-nhiem/cangsakycomvn-1688610553
canhan.gdt.gov.vn,Tổng cục Thuế,10/08/2023,Chứng nhận cơ bản,https://tinnhiemmang.vn/danh-ba-tin-nhiem/canhangdtgovvn-1691655002
canhantmdt.gdt.gov.vn,Tổng cục Thuế,02/01/2025,Chứng nhận cơ bản,https://tinnhiemmang.vn/danh-ba-tin-nhiem/canhantmdtgdtgovvn-1735615850
canhsatbien.vn,Cổng Thông tin điện tử Cảnh sát biển,08/10/2021,Chứng nhận cơ bản,https://tinnhiemmang.vn/danh-ba-tin-nhiem/canhsatbienvn-1633688897
canhsatpccc.gov.vn,Cục Cảnh sát phòng cháy chữa cháy và cứu nạn cứu hộ,13/08/2024,Chứng nhận cơ bản,https://tinnhiemmang.vn/danh-ba-tin-nhiem/canhsatpcccgovvn-1723454845
canhsatquanlyhanhchinh.gov.vn,Cục Cảnh sát quản lý hành chính về trật tự xã hội,01/11/2023,Chứng nhận cơ bản,https://tinnhiemmang.vn/danh-ba-tin-nhiem/canhsatquanlyhanhchinhgovvn-1698811385
canloc.hatinh.gov.vn,Uỷ ban nhân dân huyện Can Lộc,08/04/2024,Chứng nhận cơ bản,https://tinnhiemmang.vn/danh-ba-tin-nhiem/canlochatinhgovvn-1712481924
cantho.baohiemxahoi.gov.vn,Bảo Hiểm Xã Hội thành phố Cần Thơ,28/07/2021,Chứng nhận cơ bản,https://tinnhiemmang.vn/danh-ba-tin-nhiem/canthobaohiemxahoigovvn-1627464608
cantho.gdt.gov.vn,Cục Thuế Thành phố Cần Thơ,10/08/2023,Chứng nhận cơ bản,https://tinnhiemmang.vn/danh-ba-tin-nhiem/canthogdtgovvn-1691655774
cantho.gov.vn,"Trường Chính trị thành phố Cần Thơ, tỉnh Cần Thơ",16/11/2021,Chứng nhận cơ bản,https://tinnhiemmang.vn/danh-ba-tin-nhiem/canthogovvn-1636974088
cantho.toaan.gov.vn,Tòa án nhân dân thành phố Cần Thơ,07/04/2023,Chứng nhận cơ bản,https://tinnhiemmang.vn/danh-ba-tin-nhiem/canthotoaangovvn-1679890423
canthotv.vn,Đài Phát thanh và Truyền hình thành phố Cần Thơ,13/06/2024,Chứng nhận cơ bản,https://tinnhiemmang.vn/danh-ba-tin-nhiem/canthotvvn-1649239069
caobang.baohiemxahoi.gov.vn,Bảo hiểm xã hội tỉnh Cao Bằng,19/07/2021,Chứng nhận cơ bản,https://tinnhiemmang.vn/danh-ba-tin-nhiem/caobangbaohiemxahoigovvn-1626665826
caobang.gdt.gov.vn,Cục Thuế tỉnh Cao Bằng,10/08/2023,Chứng nhận cơ bản,https://tinnhiemmang.vn/danh-ba-tin-nhiem/caobanggdtgovvn-1691655688
caobang.gov.vn,Trung tâm Công nghệ thông tin và Truyền thông Cao Bằng,30/06/2021,Chứng nhận cơ bản,https://tinnhiemmang.vn/danh-ba-tin-nhiem/caobanggovvn-1623229003
caobang.toaan.gov.vn,Tòa án nhân dân tỉnh Cao Bằng,07/04/2023,Chứng nhận cơ bản,https://tinnhiemmang.vn/danh-ba-tin-nhiem/caobangtoaangovvn-1679890488
caobangitc.vn,Sở Thông tin và Truyền thông Cao Bằng,25/12/2023,Chứng nhận cơ bản,https://tinnhiemmang.vn/danh-ba-tin-nhiem/caobangitcvn-1703476683
caodangcongdong.camau.gov.vn,Trường Cao đẳng Cộng đồng Cà Mau,30/05/2023,Chứng nhận cơ bản,https://tinnhiemmang.vn/danh-ba-tin-nhiem/caodangcongdongcamaugovvn-1684984307
caodangcsnd2.bocongan.gov.vn,Cao đẳng Cảnh sát nhân dân II,13/12/2023,Chứng nhận cơ bản,https://tinnhiemmang.vn/danh-ba-tin-nhiem/caodangcsnd2bocongangovvn-1702437568
caodangcsnd2.edu.vn,Cao đẳng Cảnh Sát Nhân Dân 2,01/11/2023,Chứng nhận cơ bản,https://tinnhiemmang.vn/danh-ba-tin-nhiem/caodangcsnd2eduvn-1698822781
caodangyte.camau.gov.vn,Trường Cao đẳng y tế Cà Mau,30/05/2023,Chứng nhận cơ bản,https://tinnhiemmang.vn/danh-ba-tin-nhiem/caodangytecamaugovvn-1684982527
caolanh.dongthap.gov.vn,"Ủy ban nhân dân Huyện Cao Lãnh, tỉnh Đồng Tháp",22/11/2021,Chứng nhận cơ bản,https://tinnhiemmang.vn/danh-ba-tin-nhiem/caolanhdongthapgovvn-1637573600
caosubinhphuoc.com.vn,Cao su Bình Phước,27/12/2023,Chứng nhận cơ bản,https://tinnhiemmang.vn/danh-ba-tin-nhiem/caosubinhphuoccomvn-1703650384
capcaodanang.toaan.gov.vn,Tòa án nhân dân cấp cao tại Đà Nẵng,07/04/2023,Chứng nhận cơ bản,https://tinnhiemmang.vn/danh-ba-tin-nhiem/capcaodanangtoaangovvn-1679656500
capcaohanoi.toaan.gov.vn,Tòa án nhân dân cấp cao tại Hà Nội,07/04/2023,Chứng nhận cơ bản,https://tinnhiemmang.vn/danh-ba-tin-nhiem/capcaohanoitoaangovvn-1679656355
capcaohcm.toaan.gov.vn,Tòa án nhân dân cấp cao tại thành phố Hồ Chí Minh,07/04/2023,Chứng nhận cơ bản,https://tinnhiemmang.vn/danh-ba-tin-nhiem/capcaohcmtoaangovvn-1679656695
capellacruise.com,Công Ty Cổ Phần Đầu Tư Việt Star Cruise,03/03/2023,Chứng nhận cơ bản,https://tinnhiemmang.vn/danh-ba-tin-nhiem/capellacruisecom-1645171081
capsaobanan.toaan.gov.vn,Tòa án nhân dân tối cao,07/04/2023,Chứng nhận cơ bản,https://tinnhiemmang.vn/danh-ba-tin-nhiem/capsaobanantoaangovvn-1680839290
cas.vinhlong.gov.vn,Sở Thông tin và Truyền thông Vĩnh Long,07/01/2022,Chứng nhận cơ bản,https://tinnhiemmang.vn/danh-ba-tin-nhiem/casvinhlonggovvn-1641459872
casso.vn,Công ty TNHH Casso,19/07/2022,Chứng nhận cơ bản,https://tinnhiemmang.vn/danh-ba-tin-nhiem/cassovn-1657511153
cat-event.com.vn,Công Ty TNHH Đại Cát Bình Minh,13/06/2022,Chứng nhận cơ bản,https://tinnhiemmang.vn/danh-ba-tin-nhiem/cat-eventcomvn-1654828522
catphatinh.gov.vn,Công an tỉnh Hà Tĩnh,01/11/2023,Chứng nhận cơ bản,https://tinnhiemmang.vn/danh-ba-tin-nhiem/catphatinhgovvn-1698808937
cattien.lamdong.dcs.vn,"Đảng bộ huyện Cát Tiên, tỉnh Lâm Đồng",18/05/2023,Chứng nhận cơ bản,https://tinnhiemmang.vn/danh-ba-tin-nhiem/cattienlamdongdcsvn-1684377138
cattien.lamdong.gov.vn,UBND huyện Cát Tiên tỉnh Lâm Đồng,31/10/2023,Chứng nhận cơ bản,https://tinnhiemmang.vn/danh-ba-tin-nhiem/cattienlamdonggovvn-1698679188
caugiay.hanoi.gov.vn,"Quận Cầu Giấy, Thành phố Hà Nội",15/06/2021,Chứng nhận cơ bản,https://tinnhiemmang.vn/danh-ba-tin-nhiem/caugiayhanoigovvn-1623514223
cbccvc.danang.gov.vn,Sở Nội vụ thành phố Đà Nẵng,26/01/2024,Chứng nhận cơ bản,https://tinnhiemmang.vn/danh-ba-tin-nhiem/cbccvcdananggovvn-1706171543
cbccvc.quangngai.gov.vn,Sở Nội vụ tỉnh Quảng Ngãi,10/05/2021,Chứng nhận cơ bản,https://tinnhiemmang.vn/danh-ba-tin-nhiem/cbccvcquangngaigovvn-1620635329
ccatvstp.vinhlong.gov.vn,Chi cục An toàn vệ sinh thực phẩm tỉnh Vĩnh Long,15/08/2024,Chứng nhận cơ bản,https://tinnhiemmang.vn/danh-ba-tin-nhiem/ccatvstpvinhlonggovvn-1723689143
cchc.dongthap.gov.vn,Cải cách hành chính tỉnh Đồng Tháp,22/11/2021,Chứng nhận cơ bản,https://tinnhiemmang.vn/danh-ba-tin-nhiem/cchcdongthapgovvn-1637567344
cchc.khanhhoa.gov.vn,Sở Nội vụ tỉnh Khánh Hòa,09/08/2023,Chứng nhận cơ bản,https://tinnhiemmang.vn/danh-ba-tin-nhiem/cchckhanhhoagovvn-1691550550
cchc.laichau.gov.vn,Sở Nội vụ tỉnh Lai Châu,01/03/2024,Chứng nhận cơ bản,https://tinnhiemmang.vn/danh-ba-tin-nhiem/cchclaichaugovvn-1709265754
cchc.lamdong.gov.vn,Sở Nội vụ tỉnh Lâm Đồng,15/03/2024,Chứng nhận cơ bản,https://tinnhiemmang.vn/danh-ba-tin-nhiem/cchclamdonggovvn-1710468458
cchc.thanhhoa.gov.vn,Sở Nội vụ tỉnh Thanh Hóa,01/08/2023,Chứng nhận cơ bản,https://tinnhiemmang.vn/danh-ba-tin-nhiem/cchcthanhhoagovvn-1690782727
cchc.tpcaolanh.dongthap.gov.vn,Trung tâm Tin học Thành phố Cao Lãnh,13/10/2023,Chứng nhận cơ bản,https://tinnhiemmang.vn/danh-ba-tin-nhiem/cchctpcaolanhdongthapgovvn-1697100015
cchc.vinhlong.gov.vn,Sở Nội vụ tỉnh Vĩnh Long,09/10/2023,Chứng nhận cơ bản,https://tinnhiemmang.vn/danh-ba-tin-nhiem/cchcvinhlonggovvn-1696566650
cchccongan.quangngai.gov.vn,Công an tỉnh Quảng Ngãi,01/11/2023,Chứng nhận cơ bản,https://tinnhiemmang.vn/danh-ba-tin-nhiem/cchcconganquangngaigovvn-1698810227
ccn.moj.gov.vn,Bộ Tư pháp,14/07/2022,Chứng nhận cơ bản,https://tinnhiemmang.vn/danh-ba-tin-nhiem/ccnmojgovvn-1625733077
ccttbvtv.gialai.gov.vn,Chi cục Trồng trọt và Bảo vệ thực vật tỉnh Gia Lai,08/01/2024,Chứng nhận cơ bản,https://tinnhiemmang.vn/danh-ba-tin-nhiem/ccttbvtvgialaigovvn-1704440647
cdannd1.bocongan.gov.vn,Cao đẳng An ninh nhân dân I,01/11/2023,Chứng nhận cơ bản,https://tinnhiemmang.vn/danh-ba-tin-nhiem/cdannd1bocongangovvn-1698822650
cdbk.edu.vn,Trường Cao đẳng Bắc Kạn,10/04/2024,Chứng nhận cơ bản,https://tinnhiemmang.vn/danh-ba-tin-nhiem/cdbkeduvn-1712635050
cddl.edu.vn,Trường Cao đẳng Đà Lạt,08/10/2024,Chứng nhận cơ bản,https://tinnhiemmang.vn/danh-ba-tin-nhiem/cddleduvn-1726647629
cdhue.edu.vn,Trường Cao đẳng Huế,06/12/2024,Chứng nhận cơ bản,https://tinnhiemmang.vn/danh-ba-tin-nhiem/cdhueeduvn-1733304682
cdktcnnt.edu.vn,"Trường Cao đẳng Kỹ thuật và Công nghệ Nha Trang, tỉnh Khánh Hòa",09/08/2023,Chứng nhận cơ bản,https://tinnhiemmang.vn/danh-ba-tin-nhiem/cdktcnnteduvn-1691562673
cds.ninhbinh.gov.vn,Ban chỉ đạo Chuyển đổi số tỉnh Ninh Bình,29/11/2024,Chứng nhận cơ bản,https://tinnhiemmang.vn/danh-ba-tin-nhiem/cdsninhbinhgovvn-1732760795
cdvc.laocai.gov.vn,Công đoàn viên chức tỉnh Lào Cai,25/11/2021,Chứng nhận cơ bản,https://tinnhiemmang.vn/danh-ba-tin-nhiem/cdvclaocaigovvn-1637810758
chamcong.bacninh.gov.vn,Sở Thông tin và Truyền thông tỉnh Bắc Ninh,05/11/2021,Chứng nhận cơ bản,https://tinnhiemmang.vn/danh-ba-tin-nhiem/chamcongbacninhgovvn-1636097761
chamdiemcchc.quangngai.gov.vn,Sở Nội vụ tỉnh Quảng Ngãi,11/07/2023,Chứng nhận cơ bản,https://tinnhiemmang.vn/danh-ba-tin-nhiem/chamdiemcchcquangngaigovvn-1688609874
chamsocdidong.com,Công Ty TNHH MTV Đào Tạo Kỹ Thuật Và Thương Mại Hai Bốn Giờ,20/05/2022,Chứng nhận cơ bản,https://tinnhiemmang.vn/danh-ba-tin-nhiem/chamsocdidongcom-1653010916
channuoithuy.com.vn,Công ty CP TM DV SX Thái Bình Dương,14/11/2022,Chứng nhận cơ bản,https://tinnhiemmang.vn/danh-ba-tin-nhiem/channuoithuycomvn-1667984866
chatbinh.kimson.ninhbinh.gov.vn,Uỷ ban nhân dân xã Chất Bình,21/06/2024,Chứng nhận cơ bản,https://tinnhiemmang.vn/danh-ba-tin-nhiem/chatbinhkimsonninhbinhgovvn-1718931117
chaudoc.angiang.gov.vn,UBND TP. Châu Đốc - Tỉnh An Giang,15/10/2021,Chứng nhận cơ bản,https://tinnhiemmang.vn/danh-ba-tin-nhiem/chaudocangianggovvn-1634291829
chauduc-brvt.edu.vn,Phòng Giáo dục và Đào tạo huyện Châu Đức tỉnh Bà Rịa - Vũng Tàu,26/07/2021,Chứng nhận cơ bản,https://tinnhiemmang.vn/danh-ba-tin-nhiem/chauduc-brvteduvn-1627287202
chauphu.angiang.gov.vn,UBND Huyện Châu Phú - Tỉnh An Giang,15/10/2021,Chứng nhận cơ bản,https://tinnhiemmang.vn/danh-ba-tin-nhiem/chauphuangianggovvn-1634291156
chauthanh.angiang.gov.vn,UBND Huyện Châu Thành - Tỉnh An Giang,15/10/2021,Chứng nhận cơ bản,https://tinnhiemmang.vn/danh-ba-tin-nhiem/chauthanhangianggovvn-1634291949
chauthanh.dongthap.gov.vn,"Ủy ban nhân dân Huyện Châu Thành, tỉnh Đồng Tháp",22/11/2021,Chứng nhận cơ bản,https://tinnhiemmang.vn/danh-ba-tin-nhiem/chauthanhdongthapgovvn-1637571995
cheapea.vn,Công Ty TNHH Thương Mại Dịch Vụ Cheapea,20/09/2022,Chứng nhận cơ bản,https://tinnhiemmang.vn/danh-ba-tin-nhiem/cheapeavn-1663198800
check.bacninh.gov.vn,Sở Khoa Học Và Công Nghệ Bắc Ninh,30/11/2021,Chứng nhận cơ bản,https://tinnhiemmang.vn/danh-ba-tin-nhiem/checkbacninhgovvn-1638239908
check.cantho.gov.vn,"Sở Khoa học và công nghệ thành phố Cần Thơ, tỉnh Cần Thơ",16/11/2021,Chứng nhận cơ bản,https://tinnhiemmang.vn/danh-ba-tin-nhiem/checkcanthogovvn-1636973793
checkinangiang.vn,Trung tâm Xúc tiến thương mại và Đầu tư  tỉnh An Giang,28/03/2024,Chứng nhận cơ bản,https://tinnhiemmang.vn/danh-ba-tin-nhiem/checkinangiangvn-1711590537
chicucatvstp.tayninh.gov.vn,Chi cục an toàn vệ sinh thực phẩm Tây Ninh,24/11/2021,Chứng nhận cơ bản,https://tinnhiemmang.vn/danh-ba-tin-nhiem/chicucatvstptayninhgovvn-1637641144
chicucdansothanhhoa.vn,Chi cục Dân số tỉnh Thanh Hóa,17/10/2024,Chứng nhận cơ bản,https://tinnhiemmang.vn/danh-ba-tin-nhiem/chicucdansothanhhoavn-1729133358
chicucthuysannghean.gov.vn,Chi cục Thủy sản Nghệ An,08/09/2023,Chứng nhận cơ bản,https://tinnhiemmang.vn/danh-ba-tin-nhiem/chicucthuysanngheangovvn-1694057945
chiengdong.tuangiao.gov.vn,Ủy ban nhân dân xã Chiềng Đông,23/11/2023,Chứng nhận cơ bản,https://tinnhiemmang.vn/danh-ba-tin-nhiem/chiengdongtuangiaogovvn-1700638895
chiengsinh.tuangiao.gov.vn,"Xã Chiềng Sinh - Huyện Tuần Giáo, tỉnh Điện Biên",15/10/2024,Chứng nhận cơ bản,https://tinnhiemmang.vn/danh-ba-tin-nhiem/chiengsinhtuangiaogovvn-1728897499
chinhquyenso.tuyenquang.gov.vn,Sở thông tin và truyền thông Tuyên Quang,25/12/2023,Chứng nhận cơ bản,https://tinnhiemmang.vn/danh-ba-tin-nhiem/chinhquyensotuyenquanggovvn-1703494526
chogia.vn,CÔNG TY CỔ PHẦN XCORP,24/08/2021,Chứng nhận cơ bản,https://tinnhiemmang.vn/danh-ba-tin-nhiem/cho-gia-1628870232
chomoi.angiang.gov.vn,"UBND Huyện Chợ Mới, tỉnh An Giang",06/10/2021,Chứng nhận cơ bản,https://tinnhiemmang.vn/danh-ba-tin-nhiem/chomoiangianggovvn-1633505914
chongluadao.vn,Chống lừa đảo,16/09/2021,Chứng nhận nâng cao,https://tinnhiemmang.vn/danh-ba-tin-nhiem/chongluadaovn-1631796822
chongtham.info.vn,Công ty TNHH TM và Dịch Vụ USS Việt Nam,18/01/2022,Chứng nhận cơ bản,https://tinnhiemmang.vn/danh-ba-tin-nhiem/chongthaminfovn-1641725183
chosim24h.com,Công ty TNHH DV Viễn Thông 24h,24/11/2021,Chứng nhận cơ bản,https://tinnhiemmang.vn/danh-ba-tin-nhiem/chosim24hcom-1637230134
chotroi.vn,CÔNG TY CỔ PHẦN XCORP,29/07/2022,Chứng nhận cơ bản,https://tinnhiemmang.vn/danh-ba-tin-nhiem/chotroivn-1659068453
chukyso.caobang.gov.vn,Sở Thông tin và Truyền thông Cao Bằng,25/12/2023,Chứng nhận cơ bản,https://tinnhiemmang.vn/danh-ba-tin-nhiem/chukysocaobanggovvn-1703476685
chungkhoanlagi.vn,Siêu thị chứng khoán Nududo,06/05/2022,Chứng nhận cơ bản,https://tinnhiemmang.vn/danh-ba-tin-nhiem/chungkhoanlagivn-1651807586
chuongduong.hanoi.gov.vn,"UBND Phường Chương Dương, quận Hoàn Kiếm, Hà Nội",11/12/2023,Chứng nhận cơ bản,https://tinnhiemmang.vn/danh-ba-tin-nhiem/chuongduonghanoigovvn-1702279637
chuongmy.hanoi.gov.vn,"Huyện  Chương Mỹ , Thành phố Hà Nội",15/06/2021,Chứng nhận cơ bản,https://tinnhiemmang.vn/danh-ba-tin-nhiem/chuongmyhanoigovvn-1623518942
chupah.gialai.gov.vn,"Ủy ban nhân dân huyện Chư Păh, tỉnh Gia Lai",10/01/2024,Chứng nhận cơ bản,https://tinnhiemmang.vn/danh-ba-tin-nhiem/chupahgialaigovvn-1704856988
chuprong.gialai.gov.vn,"Ủy ban nhân dân huyện Chư Prông, tỉnh Gia Lai",10/05/2021,Chứng nhận cơ bản,https://tinnhiemmang.vn/danh-ba-tin-nhiem/chupronggialaigovvn-1620631571
chupuh.gialai.gov.vn,Uỷ ban nhân dân huyện Chư Pưh,10/05/2021,Chứng nhận cơ bản,https://tinnhiemmang.vn/danh-ba-tin-nhiem/chupuhgialaigovvn-1620631574
chuse.gialai.gov.vn,"Ủy ban nhân dân huyện Chư Sê, tỉnh Gia Lai",10/05/2021,Chứng nhận cơ bản,https://tinnhiemmang.vn/danh-ba-tin-nhiem/chusegialaigovvn-1620631573
chuthapdo.dongthap.gov.vn,Hội Chữ Thập đỏ tỉnh Đồng Tháp,22/11/2021,Chứng nhận cơ bản,https://tinnhiemmang.vn/danh-ba-tin-nhiem/chuthapdodongthapgovvn-1637567435
chuthapdo.laocai.gov.vn,Hội chữ thập đỏ Lào Cai,25/11/2021,Chứng nhận cơ bản,https://tinnhiemmang.vn/danh-ba-tin-nhiem/chuthapdolaocaigovvn-1637811610
chuthapdo.quangngai.gov.vn,Hội chữ thập đỏ tỉnh Quảng Ngãi,11/07/2023,Chứng nhận cơ bản,https://tinnhiemmang.vn/danh-ba-tin-nhiem/chuthapdoquangngaigovvn-1688615522
chuthapdo.tayninh.gov.vn,Hội chữ thập đỏ tỉnh Tây Ninh,24/11/2021,Chứng nhận cơ bản,https://tinnhiemmang.vn/danh-ba-tin-nhiem/chuthapdotayninhgovvn-1637641368
chuyendoiso.danang.gov.vn,Sở Thông tin và Truyền thông thành phố Đà Nẵng,19/07/2022,Chứng nhận cơ bản,https://tinnhiemmang.vn/danh-ba-tin-nhiem/chuyendoisodananggovvn-1658215860
chuyendoiso.dienbien.gov.vn,"Trang Thông tin điện tử Chuyển đổi số tỉnh, tỉnh Điện Biên",20/07/2022,Chứng nhận cơ bản,https://tinnhiemmang.vn/danh-ba-tin-nhiem/chuyendoisodienbiengovvn-1658312376
chuyendoiso.dongnai.gov.vn,Sở Thông tin và Truyền thông tỉnh Đồng Nai,26/04/2024,Chứng nhận cơ bản,https://tinnhiemmang.vn/danh-ba-tin-nhiem/chuyendoisodongnaigovvn-1714097116
chuyendoiso.hochiminhcity.gov.vn,Trung tâm Công nghệ thông tin và Truyền thông Thành phố Hồ Chí Minh,01/02/2024,Chứng nhận cơ bản,https://tinnhiemmang.vn/danh-ba-tin-nhiem/chuyendoisohochiminhcitygovvn-1706673728
chuyendoiso.laocai.gov.vn,Sở Thông tin và Truyền thông tỉnh Lào Cai,22/10/2023,Chứng nhận cơ bản,https://tinnhiemmang.vn/danh-ba-tin-nhiem/chuyendoisolaocaigovvn-1697764431
chuyendoiso.thanhhoa.gov.vn,Sở Thông tin và Truyền thông Thanh Hóa,01/06/2021,Chứng nhận cơ bản,https://tinnhiemmang.vn/danh-ba-tin-nhiem/chuyendoisothanhhoagovvn
chuyennhaphuchung.com,Công ty vệ sinh công nghiệp Phúc Hưng,24/11/2022,Chứng nhận cơ bản,https://tinnhiemmang.vn/danh-ba-tin-nhiem/chuyennhaphuchungcom-1637208251
cic.gov.vn,Trung tâm Thông tin Tín dụng Quốc gia Việt Nam,14/07/2021,Chứng nhận cơ bản,https://tinnhiemmang.vn/danh-ba-tin-nhiem/cicgovvn-1626250593
cic.vast.vn,Trung tâm Tin học và Tính toán - Viện Hàn lâm KHCNVN,09/01/2023,Chứng nhận cơ bản,https://tinnhiemmang.vn/danh-ba-tin-nhiem/cicvastvn-1672997919
cilaf.vn,Công ty Luật TNHH Cilaf & Partners,06/12/2022,Chứng nhận cơ bản,https://tinnhiemmang.vn/danh-ba-tin-nhiem/cilafvn-1669695241
ciscosaigon.com,Công Ty TNHH Nhập Khẩu Và Phân Phối Uni System,13/03/2023,Chứng nhận cơ bản,https://tinnhiemmang.vn/danh-ba-tin-nhiem/ciscosaigoncom-1646659155
citad.vn,Trường Đại học Hàng hải Việt Nam,11/08/2021,Chứng nhận cơ bản,https://tinnhiemmang.vn/danh-ba-tin-nhiem/citadvn-1628681064
citagency.net,Công Ty TNHH Giải Pháp Công Nghệ CIT Agency,24/08/2022,Chứng nhận cơ bản,https://tinnhiemmang.vn/danh-ba-tin-nhiem/citagencynet-1660899389
clean24h.vn,Công Ty Cổ Phần  TM  DV Clean 24H,22/06/2022,Chứng nhận cơ bản,https://tinnhiemmang.vn/danh-ba-tin-nhiem/clean24hvn-1655202796
cleveracademy.vn,Công Ty Cổ Phần Học Thuật Thông Minh,05/10/2022,Chứng nhận cơ bản,https://tinnhiemmang.vn/danh-ba-tin-nhiem/cleveracademyvn-1632324083
cleverjunior.vn,Công Ty Cổ Phần Học Thuật Thông Minh,05/10/2022,Chứng nhận cơ bản,https://tinnhiemmang.vn/danh-ba-tin-nhiem/cleverjuniorvn-1632324092
clickweb.vn,Công Ty TNHH Thương Mại Dịch Vụ Clickweb,04/10/2022,Chứng nhận cơ bản,https://tinnhiemmang.vn/danh-ba-tin-nhiem/clickwebvn-1663319126
cloud.quangngai.dcs.vn,Tỉnh ủy Quảng Ngãi,10/05/2021,Chứng nhận cơ bản,https://tinnhiemmang.vn/danh-ba-tin-nhiem/cloudquangngaidcsvn-1620635323
cloudcore.vn,Công Ty Cổ Phần Cloudcore,25/03/2022,Chứng nhận cơ bản,https://tinnhiemmang.vn/danh-ba-tin-nhiem/cloudcorevn-1648193988
cms.kiemsat.vn,Tạp chí Kiểm sát,07/09/2021,Chứng nhận cơ bản,https://tinnhiemmang.vn/danh-ba-tin-nhiem/cmskiemsatvn-1631002148
cnhq.tqc.gov.vn,Trung tâm Đo lường Chất lượng Viễn thông,07/03/2024,Chứng nhận cơ bản,https://tinnhiemmang.vn/danh-ba-tin-nhiem/cnhqtqcgovvn-1709715662
cntt.moj.gov.vn,Cục Công nghệ Thông tin - Bộ Tư pháp,14/07/2022,Chứng nhận cơ bản,https://tinnhiemmang.vn/danh-ba-tin-nhiem/cnttmojgovvn-1625734123
codx.vn,Công ty TNHH Hợp Tác Chuyển Đổi Số CoDX,29/09/2022,Chứng nhận cơ bản,https://tinnhiemmang.vn/danh-ba-tin-nhiem/codxvn-1660103006
conco.quangtri.gov.vn,Huyện đảo Cồn Cỏ,17/01/2024,Chứng nhận cơ bản,https://tinnhiemmang.vn/danh-ba-tin-nhiem/concoquangtrigovvn-1705460145
congan.angiang.gov.vn,Công an tỉnh An Giang,15/10/2021,Chứng nhận cơ bản,https://tinnhiemmang.vn/danh-ba-tin-nhiem/conganangianggovvn-1634290939
congan.bacninh.gov.vn,Công an tỉnh Bắc Ninh,07/04/2023,Chứng nhận cơ bản,https://tinnhiemmang.vn/danh-ba-tin-nhiem/conganbacninhgovvn-1680836497
congan.cantho.gov.vn,Công an Thành phố Cần Thơ,01/11/2023,Chứng nhận cơ bản,https://tinnhiemmang.vn/danh-ba-tin-nhiem/congancanthogovvn-1698808463
congan.caobang.gov.vn,Công An tỉnh Cao Bằng,29/06/2023,Chứng nhận cơ bản,https://tinnhiemmang.vn/danh-ba-tin-nhiem/congancaobanggovvn-1688025742
congan.com.vn,Công an Thành phố Hồ Chí Minh,06/03/2024,Chứng nhận cơ bản,https://tinnhiemmang.vn/danh-ba-tin-nhiem/congancomvn-1698809182
congan.daklak.gov.vn,Công an tỉnh Đắk Lắk,01/11/2023,Chứng nhận cơ bản,https://tinnhiemmang.vn/danh-ba-tin-nhiem/congandaklakgovvn-1698808574
congan.danang.gov.vn,Công an thành phố Đà Nẵng,01/11/2023,Chứng nhận cơ bản,https://tinnhiemmang.vn/danh-ba-tin-nhiem/congandananggovvn-1698808525
congan.dongnai.gov.vn,Công an tỉnh Đồng Nai,26/09/2023,Chứng nhận cơ bản,https://tinnhiemmang.vn/danh-ba-tin-nhiem/congandongnaigovvn-1695720788
congan.dongthap.gov.vn,Công An Tỉnh Đồng Tháp,22/11/2021,Chứng nhận cơ bản,https://tinnhiemmang.vn/danh-ba-tin-nhiem/congandongthapgovvn-1637557899
congan.gialai.gov.vn,Công an tỉnh Gia Lai,01/11/2023,Chứng nhận cơ bản,https://tinnhiemmang.vn/danh-ba-tin-nhiem/congangialaigovvn-1698808627
congan.haiphong.gov.vn,Công an thành phố Hải Phòng,01/11/2023,Chứng nhận cơ bản,https://tinnhiemmang.vn/danh-ba-tin-nhiem/conganhaiphonggovvn-1698809052
congan.hanoi.gov.vn,Công an Thành phố Hà Nội,14/06/2021,Chứng nhận cơ bản,https://tinnhiemmang.vn/danh-ba-tin-nhiem/conganhanoigovvn-1623510106
congan.hatinh.gov.vn,Công an tỉnh Hà Tĩnh,01/11/2023,Chứng nhận cơ bản,https://tinnhiemmang.vn/danh-ba-tin-nhiem/conganhatinhgovvn-1698808933
congan.hochiminhcity.gov.vn,Công an Thành phố Hồ Chí Minh,09/01/2024,Chứng nhận cơ bản,https://tinnhiemmang.vn/danh-ba-tin-nhiem/conganhochiminhcitygovvn-1704700337
congan.hungyen.gov.vn,Công an tỉnh Hưng Yên,01/11/2023,Chứng nhận cơ bản,https://tinnhiemmang.vn/danh-ba-tin-nhiem/conganhungyengovvn-1698809092
congan.khanhhoa.gov.vn,Công an tỉnh Khánh Hòa,01/11/2023,Chứng nhận cơ bản,https://tinnhiemmang.vn/danh-ba-tin-nhiem/congankhanhhoagovvn-1698809309
congan.laichau.gov.vn,Công an tỉnh Lai Châu,08/01/2024,Chứng nhận cơ bản,https://tinnhiemmang.vn/danh-ba-tin-nhiem/conganlaichaugovvn-1704421101
congan.lamdong.gov.vn,Công an tỉnh Lâm Đồng,15/01/2024,Chứng nhận cơ bản,https://tinnhiemmang.vn/danh-ba-tin-nhiem/conganlamdonggovvn-1641988808
congan.langson.gov.vn,Công an tỉnh Lạng Sơn,20/03/2024,Chứng nhận cơ bản,https://tinnhiemmang.vn/danh-ba-tin-nhiem/conganlangsongovvn-1710902378
congan.laocai.gov.vn,Công an tỉnh Lào Cai,25/11/2021,Chứng nhận cơ bản,https://tinnhiemmang.vn/danh-ba-tin-nhiem/conganlaocaigovvn-1637807406
congan.nghean.gov.vn,Công an tỉnh Nghệ An,20/03/2024,Chứng nhận cơ bản,https://tinnhiemmang.vn/danh-ba-tin-nhiem/conganngheangovvn-1710902563
congan.ninhbinh.gov.vn,Công an tỉnh Ninh Bình,01/11/2023,Chứng nhận cơ bản,https://tinnhiemmang.vn/danh-ba-tin-nhiem/conganninhbinhgovvn-1698809402
congan.phutho.gov.vn,Công an tỉnh Phú Thọ,18/06/2024,Chứng nhận cơ bản,https://tinnhiemmang.vn/danh-ba-tin-nhiem/conganphuthogovvn-1718617091
congan.quangngai.gov.vn,Công an tỉnh Quảng Ngãi,28/05/2021,Chứng nhận cơ bản,https://tinnhiemmang.vn/danh-ba-tin-nhiem/conganquangngaigovvn
congan.quangninh.gov.vn,Công an tỉnh Quảng Ninh,01/11/2023,Chứng nhận cơ bản,https://tinnhiemmang.vn/danh-ba-tin-nhiem/conganquangninhgovvn-1698810626
congan.quangtri.gov.vn,Công an tỉnh Quảng Trị,13/12/2023,Chứng nhận cơ bản,https://tinnhiemmang.vn/danh-ba-tin-nhiem/conganquangtrigovvn-1702437308
congan.sonla.gov.vn,Công an tỉnh Sơn La,20/03/2024,Chứng nhận cơ bản,https://tinnhiemmang.vn/danh-ba-tin-nhiem/congansonlagovvn-1710902634
congan.tayninh.gov.vn,Công an tỉnh Tây Ninh,02/01/2024,Chứng nhận cơ bản,https://tinnhiemmang.vn/danh-ba-tin-nhiem/congantayninhgovvn-1704162330
congan.thainguyen.gov.vn,Công an tỉnh Thái Nguyên,01/11/2023,Chứng nhận cơ bản,https://tinnhiemmang.vn/danh-ba-tin-nhiem/conganthainguyengovvn-1698810726
congan.tuyenquang.gov.vn,Công an tỉnh Tuyên Quang,01/04/2024,Chứng nhận cơ bản,https://tinnhiemmang.vn/danh-ba-tin-nhiem/congantuyenquanggovvn-1711682992
congan.vinhlong.gov.vn,Công an tỉnh Vĩnh Long,18/07/2022,Chứng nhận cơ bản,https://tinnhiemmang.vn/danh-ba-tin-nhiem/conganvinhlonggovvn-1658117998
conganbackan.vn,Công an tỉnh Bắc Kạn,20/03/2024,Chứng nhận cơ bản,https://tinnhiemmang.vn/danh-ba-tin-nhiem/conganbackanvn-1710902213
congandonghy.thainguyen.gov.vn,Công an tỉnh Thái Nguyên,01/11/2023,Chứng nhận cơ bản,https://tinnhiemmang.vn/danh-ba-tin-nhiem/congandonghythainguyengovvn-1698810727
conganhuulung.langson.gov.vn,Công an huyện Hữu Lũng,03/06/2024,Chứng nhận cơ bản,https://tinnhiemmang.vn/danh-ba-tin-nhiem/conganhuulunglangsongovvn-1717161906
conganquangninh.bocongan.gov.vn,Công an tỉnh Quảng Ninh,10/01/2024,Chứng nhận cơ bản,https://tinnhiemmang.vn/danh-ba-tin-nhiem/conganquangninhbocongangovvn-1704811142
conganquangninh.gov.vn,Công an tỉnh Quảng Ninh,01/11/2023,Chứng nhận cơ bản,https://tinnhiemmang.vn/danh-ba-tin-nhiem/conganquangninhgovvn-1698810624
conganquangninh.vn,Công an tỉnh Quảng Ninh,01/11/2023,Chứng nhận cơ bản,https://tinnhiemmang.vn/danh-ba-tin-nhiem/conganquangninhvn-1698810625
conganthanhhoa.gov.vn,Công An Thanh Hóa,29/11/2022,Chứng nhận cơ bản,https://tinnhiemmang.vn/danh-ba-tin-nhiem/conganthanhhoagovvn-1669694201
conganthanhhoa.vn,Công An Thanh Hóa,01/11/2023,Chứng nhận cơ bản,https://tinnhiemmang.vn/danh-ba-tin-nhiem/conganthanhhoavn-1698810847
congantp.thainguyen.gov.vn,Công an thành phố Thái Nguyên,02/10/2024,Chứng nhận cơ bản,https://tinnhiemmang.vn/danh-ba-tin-nhiem/congantpthainguyengovvn-1727678277
congbao.bacninh.gov.vn,Văn phòng UBND tỉnh Bắc Ninh,07/06/2023,Chứng nhận cơ bản,https://tinnhiemmang.vn/danh-ba-tin-nhiem/congbaobacninhgovvn-1686111426
congbao.caobang.gov.vn,Văn phòng UBND tỉnh Cao Bằng,25/12/2023,Chứng nhận cơ bản,https://tinnhiemmang.vn/danh-ba-tin-nhiem/congbaocaobanggovvn-1703476739
congbao.danang.gov.vn,Văn phòng UBND thành phố Đà Nẵng,26/06/2024,Chứng nhận cơ bản,https://tinnhiemmang.vn/danh-ba-tin-nhiem/congbaodananggovvn-1719239772
congbao.gialai.gov.vn,Văn phòng Ủy ban nhân dân tỉnh Gia Lai,24/01/2024,Chứng nhận cơ bản,https://tinnhiemmang.vn/danh-ba-tin-nhiem/congbaogialaigovvn-1706063264
congbao.hungyen.gov.vn,Văn phòng UBND tỉnh Hưng Yên,15/07/2021,Chứng nhận cơ bản,https://tinnhiemmang.vn/danh-ba-tin-nhiem/congbaohungyengovvn-1626332690
congbao.laocai.gov.vn,UBND tỉnh Lào Cai,25/11/2021,Chứng nhận cơ bản,https://tinnhiemmang.vn/danh-ba-tin-nhiem/congbaolaocaigovvn-1637812277
congbao.quangngai.gov.vn,UBND tỉnh Quảng Ngãi,10/05/2021,Chứng nhận cơ bản,https://tinnhiemmang.vn/danh-ba-tin-nhiem/congbaoquangngaigovvn-1620635330
congbao.quangtri.gov.vn,UBND tỉnh Quảng Trị,19/08/2024,Chứng nhận cơ bản,https://tinnhiemmang.vn/danh-ba-tin-nhiem/congbaoquangtrigovvn-1724051187
congbao.sonla.gov.vn,Trung tâm Thông tin  Văn phòng UBND tỉnh Sơn La,18/06/2021,Chứng nhận cơ bản,https://tinnhiemmang.vn/danh-ba-tin-nhiem/congbaosonlagovvn-1623988215
congbao.thanhhoa.gov.vn,UBND tỉnh Thanh Hóa,01/08/2023,Chứng nhận cơ bản,https://tinnhiemmang.vn/danh-ba-tin-nhiem/congbaothanhhoagovvn-1690783242
congbao.vinhlong.gov.vn,Văn phòng UBND tỉnh Vĩnh Long,25/05/2023,Chứng nhận cơ bản,https://tinnhiemmang.vn/danh-ba-tin-nhiem/congbaovinhlonggovvn-1684915914
congbaokhanhhoa.gov.vn,Trung tâm Công báo Khánh Hòa,03/07/2024,Chứng nhận cơ bản,https://tinnhiemmang.vn/danh-ba-tin-nhiem/congbaokhanhhoagovvn-1719975516
congbobanan.toaan.gov.vn,Tòa án nhân dân tối cao,07/04/2023,Chứng nhận cơ bản,https://tinnhiemmang.vn/danh-ba-tin-nhiem/congbobanantoaangovvn-1680839298
congchuc.cantho.gov.vn,UBND Thành phố Cần Thơ,16/11/2021,Chứng nhận cơ bản,https://tinnhiemmang.vn/danh-ba-tin-nhiem/congchuccanthogovvn-1636962598
congchung.sonla.gov.vn,Sở Tư pháp Sơn La,17/06/2021,Chứng nhận cơ bản,https://tinnhiemmang.vn/danh-ba-tin-nhiem/congchungsonlagovvn-1623916762
congchung1.danang.gov.vn,Phòng Công chứng số 1 thành phố Đà Nẵng,13/12/2023,Chứng nhận cơ bản,https://tinnhiemmang.vn/danh-ba-tin-nhiem/congchung1dananggovvn-1702428727
congdan.hochiminhcity.gov.vn,Sở Thông tin và Truyền thông thành phố Hồ Chí Minh,09/10/2023,Chứng nhận cơ bản,https://tinnhiemmang.vn/danh-ba-tin-nhiem/congdanhochiminhcitygovvn-1696833294
congdan.tphcm.gov.vn,Sở Thông tin và Truyền thông thành phố Hồ Chí Minh,09/10/2023,Chứng nhận cơ bản,https://tinnhiemmang.vn/danh-ba-tin-nhiem/congdantphcmgovvn-1696833277
congdoan.quangngai.gov.vn,Liên đoàn lao động tỉnh Quảng Ngãi,10/05/2021,Chứng nhận cơ bản,https://tinnhiemmang.vn/danh-ba-tin-nhiem/congdoanquangngaigovvn-1620635355
congdoandienbien.org.vn,Liên đoàn lao động tỉnh Điện Biên,22/11/2024,Chứng nhận cơ bản,https://tinnhiemmang.vn/danh-ba-tin-nhiem/congdoandienbienorgvn-1732247773
congdoanhanoi.org.vn,Liên đoàn Lao động thành phố Hà Nội,10/05/2023,Chứng nhận cơ bản,https://tinnhiemmang.vn/danh-ba-tin-nhiem/congdoanhanoiorgvn-1683532980
congdoantphochiminh.org.vn,Liên đoàn Lao động Thành phố Hồ Chí Minh,17/07/2024,Chứng nhận cơ bản,https://tinnhiemmang.vn/danh-ba-tin-nhiem/congdoantphochiminhorgvn-1646892793
congdulieu.vn,"Trung tâm Thông tin và giám sát, điều hành thông minh Đà Nẵng",28/12/2023,Chứng nhận cơ bản,https://tinnhiemmang.vn/danh-ba-tin-nhiem/congdulieuvn-1703733304
congnghiep247.com,Công ty Cổ Phần Công Nghiệp Hoàng Kim,26/07/2022,Chứng nhận cơ bản,https://tinnhiemmang.vn/danh-ba-tin-nhiem/congnghiep247com-1658803514
congnghiepcongnghecao.com.vn,"Vụ Khoa học và Công nghệ, Bộ Công Thương",17/01/2022,Chứng nhận cơ bản,https://tinnhiemmang.vn/danh-ba-tin-nhiem/congnghiepcongnghecaocomvn-1642155730
congnghiephoangkim.com.vn,Công ty Cổ Phần Công Nghiệp Hoàng Kim,26/07/2022,Chứng nhận cơ bản,https://tinnhiemmang.vn/danh-ba-tin-nhiem/congnghiephoangkimcomvn-1658565508
congnghiepsinhhocvietnam.com.vn,"Vụ Khoa học và Công nghệ, Bộ Công Thương",17/01/2022,Chứng nhận cơ bản,https://tinnhiemmang.vn/danh-ba-tin-nhiem/congnghiepsinhhocvietnamcomvn-1642155765
congtacxahoiquangninh.vn,Trung tâm Công tác xã hội tỉnh Quảng Ninh,18/06/2024,Chứng nhận cơ bản,https://tinnhiemmang.vn/danh-ba-tin-nhiem/congtacxahoiquangninhvn-1717724347
congthuong.hochiminhcity.gov.vn,Sở Công Thương Thành phố Hồ Chí Minh,31/05/2024,Chứng nhận cơ bản,https://tinnhiemmang.vn/danh-ba-tin-nhiem/congthuonghochiminhcitygovvn-1717137965
congthuong.ninhbinh.gov.vn,Sở Công Thương tỉnh Ninh Bình,28/03/2024,Chứng nhận cơ bản,https://tinnhiemmang.vn/danh-ba-tin-nhiem/congthuongninhbinhgovvn-1711588177
congthuong.vn,Báo Công Thương,16/08/2023,Chứng nhận cơ bản,https://tinnhiemmang.vn/danh-ba-tin-nhiem/congthuongvn-1692157232
congtysonha.vn,Nhà sản xuất Sơn Hà,08/12/2021,Chứng nhận cơ bản,https://tinnhiemmang.vn/danh-ba-tin-nhiem/congtysonhavn-1638960293
congtytoanmy.vn,Nhà sản xuất Toàn Mỹ Miền Nam,08/12/2021,Chứng nhận cơ bản,https://tinnhiemmang.vn/danh-ba-tin-nhiem/congtytoanmyvn-1638960122
consosukien.vn,Tạp chí Con số và Sự kiện,28/10/2024,Chứng nhận cơ bản,https://tinnhiemmang.vn/danh-ba-tin-nhiem/consosukienvn-1729588212
conthoi.kimson.ninhbinh.gov.vn,"Uỷ ban nhân dân xã Cồn Thoi, huyện Kim Sơn, tỉnh Ninh Bình",27/06/2024,Chứng nhận cơ bản,https://tinnhiemmang.vn/danh-ba-tin-nhiem/conthoikimsonninhbinhgovvn-1719453365
coolmate.me,Công Ty TNHH Fastech Asia,03/03/2022,Chứng nhận cơ bản,https://tinnhiemmang.vn/danh-ba-tin-nhiem/coolmateme-1646213826
coronattp.com,Công Ty TNHH Thiên Tân Phát,29/08/2022,Chứng nhận cơ bản,https://tinnhiemmang.vn/danh-ba-tin-nhiem/coronattpcom-1661676349
covid19.hochiminhcity.gov.vn,Sở Thông tin và Truyền thông thành phố Hồ Chí Minh,09/10/2023,Chứng nhận cơ bản,https://tinnhiemmang.vn/danh-ba-tin-nhiem/covid19hochiminhcitygovvn-1696833286
covid19.mic.gov.vn,"Trung tâm Công nghệ phòng, chống dịch Covid-19 Quốc gia",17/08/2021,Chứng nhận nâng cao,https://tinnhiemmang.vn/danh-ba-tin-nhiem/covid19micgovvn-1629202420
covid19.ncsc.gov.vn,"Trung tâm Công nghệ phòng, chống dịch Covid-19 Quốc gia",17/08/2021,Chứng nhận nâng cao,https://tinnhiemmang.vn/danh-ba-tin-nhiem/covid19ncscgovvn-1629202462
cs1-tnxp.hochiminhcity.gov.vn,Cơ sở cai nghiện ma túy số 1,26/06/2024,Chứng nhận cơ bản,https://tinnhiemmang.vn/danh-ba-tin-nhiem/cs1-tnxphochiminhcitygovvn-1719302131
cs2-tnxp.hochiminhcity.gov.vn,Cơ sở cai nghiện ma túy số 2,26/06/2024,Chứng nhận cơ bản,https://tinnhiemmang.vn/danh-ba-tin-nhiem/cs2-tnxphochiminhcitygovvn-1719285800
cs3-tnxp.hochiminhcity.gov.vn,Cơ sở cai nghiện ma túy số 3,26/06/2024,Chứng nhận cơ bản,https://tinnhiemmang.vn/danh-ba-tin-nhiem/cs3-tnxphochiminhcitygovvn-1719286537
cscnmt.khanhhoa.gov.vn,Cơ sở cai nghiện ma túy tỉnh Khánh Hòa,09/08/2023,Chứng nhận cơ bản,https://tinnhiemmang.vn/danh-ba-tin-nhiem/cscnmtkhanhhoagovvn-1691550948
csdl.moet.gov.vn,Bộ Giáo dục và Đào tạo,06/07/2023,Chứng nhận cơ bản,https://tinnhiemmang.vn/danh-ba-tin-nhiem/csdlmoetgovvn-1688637907
csdl.vietnamtourism.gov.vn,Trung tâm Thông tin du lịch,07/06/2024,Chứng nhận cơ bản,https://tinnhiemmang.vn/danh-ba-tin-nhiem/csdlvietnamtourismgovvn-1717729196
csdlbcvt.quangngai.gov.vn,Sở Thông tin và Truyền thông Quảng Ngãi,13/12/2024,Chứng nhận cơ bản,https://tinnhiemmang.vn/danh-ba-tin-nhiem/csdlbcvtquangngaigovvn-1688609237
csdlcongthuong.quangngai.gov.vn,Sở Công Thương tỉnh Quảng Ngãi,11/07/2023,Chứng nhận cơ bản,https://tinnhiemmang.vn/danh-ba-tin-nhiem/csdlcongthuongquangngaigovvn-1688611884
csdldn.bacninh.gov.vn,Sở Kế hoạch và Đầu tư tỉnh Bắc Ninh,07/06/2023,Chứng nhận cơ bản,https://tinnhiemmang.vn/danh-ba-tin-nhiem/csdldnbacninhgovvn-1686111505
csdldpi.danang.gov.vn,Sở Kế hoạch và Đầu tư Đà Nẵng,12/07/2024,Chứng nhận cơ bản,https://tinnhiemmang.vn/danh-ba-tin-nhiem/csdldpidananggovvn-1720669588
csdlgia.quangngai.gov.vn,Sở Tài chính tỉnh Quảng Ngãi,11/07/2023,Chứng nhận cơ bản,https://tinnhiemmang.vn/danh-ba-tin-nhiem/csdlgiaquangngaigovvn-1688610340
csdlgtvt.danang.gov.vn,Sở Giao thông vận tải thành phố Đà Nẵng,04/01/2024,Chứng nhận cơ bản,https://tinnhiemmang.vn/danh-ba-tin-nhiem/csdlgtvtdananggovvn-1704185562
csdlkttt-lmhtx.danang.gov.vn,Liên minh Hợp tác xã thành phố Đà Nẵng,17/07/2022,Chứng nhận cơ bản,https://tinnhiemmang.vn/danh-ba-tin-nhiem/csdlkttt-lmhtxdananggovvn-1657878089
csdlpctt.quangngai.gov.vn,Sở Thông tin và Truyền thông Quảng Ngãi,13/12/2024,Chứng nhận cơ bản,https://tinnhiemmang.vn/danh-ba-tin-nhiem/csdlpcttquangngaigovvn-1710902186
csdlquanhuyen.danang.gov.vn,"UBND các quận, huyện thành phố Đà Nẵng",17/07/2022,Chứng nhận cơ bản,https://tinnhiemmang.vn/danh-ba-tin-nhiem/csdlquanhuyendananggovvn-1657878503
csdlsxd.danang.gov.vn,Sở Xây dựng thành phố Đà Nẵng,05/09/2024,Chứng nhận cơ bản,https://tinnhiemmang.vn/danh-ba-tin-nhiem/csdlsxddananggovvn-1725509168
csdlthanhnien.quangngai.gov.vn,Sở Nội vụ tỉnh Quảng Ngãi,11/07/2023,Chứng nhận cơ bản,https://tinnhiemmang.vn/danh-ba-tin-nhiem/csdlthanhnienquangngaigovvn-1688609884
csgt-congan.hochiminhcity.gov.vn,Công an Thành phố Hồ Chí Minh,09/01/2024,Chứng nhận cơ bản,https://tinnhiemmang.vn/danh-ba-tin-nhiem/csgt-conganhochiminhcitygovvn-1704700339
csgt.vn,Cục Cảnh sát Giao thông,01/11/2023,Chứng nhận cơ bản,https://tinnhiemmang.vn/danh-ba-tin-nhiem/csgtvn-1698811492
ctasolution.vn,Công Ty TNHH Cta Solution,05/08/2022,Chứng nhận cơ bản,https://tinnhiemmang.vn/danh-ba-tin-nhiem/ctasolutionvn-1659667020
ctk.dongthap.gov.vn,Cục Thống kê tỉnh Đồng Tháp,22/11/2021,Chứng nhận cơ bản,https://tinnhiemmang.vn/danh-ba-tin-nhiem/ctkdongthapgovvn-1637566097
ctkyenbai.gso.gov.vn,Cục Thống kê tỉnh Yên Bái,01/08/2024,Chứng nhận cơ bản,https://tinnhiemmang.vn/danh-ba-tin-nhiem/ctkyenbaigsogovvn-1722396005
ctpn.moj.gov.vn,Cục Công tác phía Nam - Bộ Tư pháp,14/07/2022,Chứng nhận cơ bản,https://tinnhiemmang.vn/danh-ba-tin-nhiem/ctpnmojgovvn-1625733258
cuacuon.com,Công Ty TNHH Thương Mại Kỹ Thuật Nhôm Hưng Phú Thành,11/05/2022,Chứng nhận cơ bản,https://tinnhiemmang.vn/danh-ba-tin-nhiem/cuacuoncom-1652260256
cuakhauso.langson.gov.vn,Ủy ban nhân dân tỉnh Lạng Sơn,21/10/2021,Chứng nhận cơ bản,https://tinnhiemmang.vn/danh-ba-tin-nhiem/cuakhausolangsongovvn-1634808258
cuanam.hanoi.gov.vn,"UBND Phường cửa Nam, quận Hoàn Kiếm, Hà Nội",11/12/2023,Chứng nhận cơ bản,https://tinnhiemmang.vn/danh-ba-tin-nhiem/cuanamhanoigovvn-1702279761
cuchaiquan.laocai.gov.vn,Cục hải quan tỉnh Lào Cai,25/11/2021,Chứng nhận cơ bản,https://tinnhiemmang.vn/danh-ba-tin-nhiem/cuchaiquanlaocaigovvn-1637808746
cucthongke.quangtri.gov.vn,Cục Thống kê tỉnh Quảng Trị,27/09/2024,Chứng nhận cơ bản,https://tinnhiemmang.vn/danh-ba-tin-nhiem/cucthongkequangtrigovvn-1727336504
cucthongke.tayninh.gov.vn,Cục thống kê tỉnh Tây Ninh,24/11/2021,Chứng nhận cơ bản,https://tinnhiemmang.vn/danh-ba-tin-nhiem/cucthongketayninhgovvn-1637641482
cucthongkedaklak.gso.gov.vn,Cục Thống kê tỉnh Đắk Lắk,16/10/2024,Chứng nhận cơ bản,https://tinnhiemmang.vn/danh-ba-tin-nhiem/cucthongkedaklakgsogovvn-1729041827
cucthongkedaknong.gso.gov.vn,Cục Thống kê Đắk Nông,03/07/2024,Chứng nhận cơ bản,https://tinnhiemmang.vn/danh-ba-tin-nhiem/cucthongkedaknonggsogovvn-1719888802
cucthongkehanam.gso.gov.vn,Cục Thống kê tỉnh Hà Nam,11/10/2024,Chứng nhận cơ bản,https://tinnhiemmang.vn/danh-ba-tin-nhiem/cucthongkehanamgsogovvn-1728548560
cucthongkehanoi.gso.gov.vn,Cục Thống kê thành phố Hà Nội,22/07/2024,Chứng nhận cơ bản,https://tinnhiemmang.vn/danh-ba-tin-nhiem/cucthongkehanoigsogovvn-1721613505
cucthongkehatinh.gso.gov.vn,Cục Thống kê tỉnh Hà Tĩnh,11/07/2024,Chứng nhận cơ bản,https://tinnhiemmang.vn/danh-ba-tin-nhiem/cucthongkehatinhgsogovvn-1720413219
cucthongkelaichau.gso.gov.vn,Cục Thống kê tỉnh Lai Châu,03/07/2024,Chứng nhận cơ bản,https://tinnhiemmang.vn/danh-ba-tin-nhiem/cucthongkelaichaugsogovvn-1719889701
cucthongkephuyen.gso.gov.vn,Cục Thống kê tỉnh Phú Yên,03/07/2024,Chứng nhận cơ bản,https://tinnhiemmang.vn/danh-ba-tin-nhiem/cucthongkephuyengsogovvn-1719889474
cucthongkequangninh.gso.gov.vn,Cục Thống kê tỉnh Quảng Ninh,27/09/2024,Chứng nhận cơ bản,https://tinnhiemmang.vn/danh-ba-tin-nhiem/cucthongkequangninhgsogovvn-1727324337
cucthongkethainguyen.gso.gov.vn,Cục Thống kê Thái Nguyên,11/10/2024,Chứng nhận cơ bản,https://tinnhiemmang.vn/danh-ba-tin-nhiem/cucthongkethainguyengsogovvn-1728546697
cucthongketiengiang.gso.gov.vn,Cục Thống kê tỉnh Tiền Giang,30/09/2024,Chứng nhận cơ bản,https://tinnhiemmang.vn/danh-ba-tin-nhiem/cucthongketiengianggsogovvn-1727402754
cucthongkevinhphuc.gso.gov.vn,Cục Thống kê tỉnh Vĩnh Phúc,03/07/2024,Chứng nhận cơ bản,https://tinnhiemmang.vn/danh-ba-tin-nhiem/cucthongkevinhphucgsogovvn-1719892107
cufo.camau.gov.vn,Liên hiệp các tổ chức hữu nghị tỉnh Cà Mau,30/05/2023,Chứng nhận cơ bản,https://tinnhiemmang.vn/danh-ba-tin-nhiem/cufocamaugovvn-1684983899
cukcuk.vn,Công ty Cổ phần MISA,18/01/2023,Chứng nhận cơ bản,https://tinnhiemmang.vn/danh-ba-tin-nhiem/cukcukvn-1671070983
cukhoi.longbien.hanoi.gov.vn,"UBND Phường Cự Khối, quận Long Biên, Hà Nội",11/12/2023,Chứng nhận cơ bản,https://tinnhiemmang.vn/danh-ba-tin-nhiem/cukhoilongbienhanoigovvn-1702272758
culaochamtour.com,Công ty TNHH Du lịch sự kiện - Truyền thông Miền Trung,19/11/2021,Chứng nhận cơ bản,https://tinnhiemmang.vn/danh-ba-tin-nhiem/culaochamtourcom-1637219615
cumgar.daklak.gov.vn,"UBND huyện Cư Mgar, tỉnh Đắk Lắk",31/10/2024,Chứng nhận cơ bản,https://tinnhiemmang.vn/danh-ba-tin-nhiem/cumgardaklakgovvn-1730345375
customs.gov.vn,Tổng cục Hải quan,11/08/2023,Chứng nhận cơ bản,https://tinnhiemmang.vn/danh-ba-tin-nhiem/customsgovvn-1691726544
cuuchienbinh.dongthap.gov.vn,Hội Cựu Chiến binh tỉnh Đồng Tháp,22/11/2021,Chứng nhận cơ bản,https://tinnhiemmang.vn/danh-ba-tin-nhiem/cuuchienbinhdongthapgovvn-1637567530
cuuchienbinh.lamdong.gov.vn,Hội Cựu Chiến binh tỉnh Lâm Đồng,27/11/2023,Chứng nhận cơ bản,https://tinnhiemmang.vn/danh-ba-tin-nhiem/cuuchienbinhlamdonggovvn-1701052546
cyberlances.wordpress.com,Cyber Space,06/09/2022,Chứng nhận cơ bản,https://tinnhiemmang.vn/danh-ba-tin-nhiem/cyberlanceswordpresscom-1627187807
cyberspace.thinkific.com,Cyber Space,06/09/2022,Chứng nhận cơ bản,https://tinnhiemmang.vn/danh-ba-tin-nhiem/cyberspacethinkificcom-1627187839
cyk.edu.vn,Trường Cao đẳng Y tế Khánh Hòa,09/08/2023,Chứng nhận cơ bản,https://tinnhiemmang.vn/danh-ba-tin-nhiem/cykeduvn-1691562732
d.vjst.vn,Tạp chí Khoa học và Công nghệ Việt Nam,22/12/2023,Chứng nhận cơ bản,https://tinnhiemmang.vn/danh-ba-tin-nhiem/dvjstvn-1703239802
dadon.lamha.lamdong.gov.vn,CỔNG THÔNG TIN ĐIỆN TỬ XÃ ĐẠ ĐỜN,06/12/2024,Chứng nhận cơ bản,https://tinnhiemmang.vn/danh-ba-tin-nhiem/dadonlamhalamdonggovvn-1733109067
dahuoai.lamdong.gov.vn,UBND huyện Đạ Huoai tỉnh Lâm Đồng,18/05/2023,Chứng nhận cơ bản,https://tinnhiemmang.vn/danh-ba-tin-nhiem/dahuoailamdonggovvn-1684288055
daibieunhandan.dienbien.gov.vn,Trang thông tin điện tử Đoàn đại biểu quốc hội và Hội đồng nhân dân tỉnh Điện Biên,02/12/2022,Chứng nhận cơ bản,https://tinnhiemmang.vn/danh-ba-tin-nhiem/daibieunhandandienbiengovvn-1669863559
daihochalong.edu.vn,"Trường Đại học Hạ Long, tỉnh Quảng Ninh",18/11/2021,Chứng nhận cơ bản,https://tinnhiemmang.vn/danh-ba-tin-nhiem/daihochalongeduvn-1637165755
daihocpccc.edu.vn,Đại học Phòng cháy Chữa cháy,13/12/2023,Chứng nhận cơ bản,https://tinnhiemmang.vn/danh-ba-tin-nhiem/daihocpccceduvn-1702437528
daithanh-group.vn,Tân Á Đại Thành,08/12/2021,Chứng nhận cơ bản,https://tinnhiemmang.vn/danh-ba-tin-nhiem/daithanh-groupvn-1638960459
dakdoa.gialai.gov.vn,"Ủy ban nhân dân huyện Đak Đoa, tỉnh Gia Lai",10/05/2021,Chứng nhận cơ bản,https://tinnhiemmang.vn/danh-ba-tin-nhiem/dakdoagialaigovvn-1620631576
daklak.baohiemxahoi.gov.vn,Bảo Hiểm Xã Hội tỉnh Đắk Lắk,28/07/2021,Chứng nhận cơ bản,https://tinnhiemmang.vn/danh-ba-tin-nhiem/daklakbaohiemxahoigovvn-1627466173
daklak.gdt.gov.vn,Cục Thuế tỉnh Đắc Lắc,10/08/2023,Chứng nhận cơ bản,https://tinnhiemmang.vn/danh-ba-tin-nhiem/daklakgdtgovvn-1691658711
daklak.gov.vn,Văn phòng UBND tỉnh Đắk Lắk,21/06/2021,Chứng nhận cơ bản,https://tinnhiemmang.vn/danh-ba-tin-nhiem/daklakgovvn-1624243365
daklak.toaan.gov.vn,Tòa án nhân dân tỉnh Đắk Lắk,07/04/2023,Chứng nhận cơ bản,https://tinnhiemmang.vn/danh-ba-tin-nhiem/daklaktoaangovvn-1679890543
daknong.baohiemxahoi.gov.vn,Bảo hiểm xã hội tỉnh Đăk Nông,28/07/2021,Chứng nhận cơ bản,https://tinnhiemmang.vn/danh-ba-tin-nhiem/daknongbaohiemxahoigovvn-1624417938
daknong.edu.vn,Sở Giáo dục và Đào tạo tỉnh Đăk Nông,28/04/2023,Chứng nhận cơ bản,https://tinnhiemmang.vn/danh-ba-tin-nhiem/daknongeduvn-1682530777
daknong.gdt.gov.vn,Cục Thuế tỉnh Đắk Nông,10/08/2023,Chứng nhận cơ bản,https://tinnhiemmang.vn/danh-ba-tin-nhiem/daknonggdtgovvn-1691658774
daknong.toaan.gov.vn,Tòa án nhân dân tỉnh Đắk Nông,07/04/2023,Chứng nhận cơ bản,https://tinnhiemmang.vn/danh-ba-tin-nhiem/daknongtoaangovvn-1679901899
dakpo.gialai.gov.vn,"UBND huyện Đak Pơ, tỉnh Gia Lai",10/01/2024,Chứng nhận cơ bản,https://tinnhiemmang.vn/danh-ba-tin-nhiem/dakpogialaigovvn-1704856809
dalat-info.gov.vn,"Trung tâm Xúc tiến Đầu tư, Thương mại và Du lịch tỉnh Lâm Đồng",24/05/2023,Chứng nhận cơ bản,https://tinnhiemmang.vn/danh-ba-tin-nhiem/dalat-infogovvn-1684810215
dalat-info.vn,Công ty TNHH du lịch Hoa Đà Lạt,18/10/2022,Chứng nhận cơ bản,https://tinnhiemmang.vn/danh-ba-tin-nhiem/dalat-infovn-1665040499
dalat.lamdong.gov.vn,UBND thành phố Đà Lạt,30/10/2023,Chứng nhận cơ bản,https://tinnhiemmang.vn/danh-ba-tin-nhiem/dalatlamdonggovvn-1698402090
dalat.vn,UBND thành phố Đà Lạt,10/11/2023,Chứng nhận cơ bản,https://tinnhiemmang.vn/danh-ba-tin-nhiem/dalatvn-1699237809
dalattech.vn,Trung tâm Ứng dụng khoa học và công nghệ tỉnh Lâm Đồng,26/07/2024,Chứng nhận cơ bản,https://tinnhiemmang.vn/danh-ba-tin-nhiem/dalattechvn-1717040297
dalattuyenlam.lamdong.gov.vn,Ban Quản lý Khu du lịch quốc gia Hồ Tuyền Lâm,02/06/2023,Chứng nhận cơ bản,https://tinnhiemmang.vn/danh-ba-tin-nhiem/dalattuyenlamlamdonggovvn-1685431146
daln.gov.vn,Ban quản lý các dự án Lâm nghiệp– Bộ NN  PTNT,11/08/2021,Chứng nhận cơ bản,https://tinnhiemmang.vn/danh-ba-tin-nhiem/dalngovvn-1628679717
damdoi.camau.gov.vn,Ủy ban Nhân dân huyện Đầm Dơi,30/05/2023,Chứng nhận cơ bản,https://tinnhiemmang.vn/danh-ba-tin-nhiem/damdoicamaugovvn-1684979636
damha.quangninh.gov.vn,"Ủy ban nhân dân huyện Đầm Hà, tỉnh Quảng Ninh",18/11/2021,Chứng nhận cơ bản,https://tinnhiemmang.vn/danh-ba-tin-nhiem/damhaquangninhgovvn-1637167005
damrong.lamdong.gov.vn,UBND huyện Đam Rông,16/05/2023,Chứng nhận cơ bản,https://tinnhiemmang.vn/danh-ba-tin-nhiem/damronglamdonggovvn-1684116108
danang.baohiemxahoi.gov.vn,Bảo Hiểm Xã Hội thành phố Đà Nẵng,28/07/2021,Chứng nhận cơ bản,https://tinnhiemmang.vn/danh-ba-tin-nhiem/danangbaohiemxahoigovvn-1627463735
danang.dms.gov.vn,Cục Quản lý thị trường thành phố Đà Nẵng,05/12/2023,Chứng nhận cơ bản,https://tinnhiemmang.vn/danh-ba-tin-nhiem/danangdmsgovvn-1701740192
danang.edu.vn,Sở Giáo dục và Đào tạo Đà Nẵng,05/01/2024,Chứng nhận cơ bản,https://tinnhiemmang.vn/danh-ba-tin-nhiem/danangeduvn-1704168311
danang.gdt.gov.vn,Cục Thuế Thành phố Đà Nẵng,10/08/2023,Chứng nhận cơ bản,https://tinnhiemmang.vn/danh-ba-tin-nhiem/dananggdtgovvn-1691658676
danang.gov.vn,Văn phòng UBND thành phố Đà Nẵng,24/11/2021,Chứng nhận cơ bản,https://tinnhiemmang.vn/danh-ba-tin-nhiem/dananggovvn-1637728063
danang.toaan.gov.vn,Tòa án nhân dân thành phố Đà Nẵng,07/04/2023,Chứng nhận cơ bản,https://tinnhiemmang.vn/danh-ba-tin-nhiem/danangtoaangovvn-1679901829
danang.vnpt.vn,Viễn thông Đà Nẵng - Tập đoàn Bưu chính Viễn thông Việt Nam,22/12/2021,Chứng nhận cơ bản,https://tinnhiemmang.vn/danh-ba-tin-nhiem/danangvnptvn-1638867295
danangtv.vn,Đài Phát thanh - Truyền hình Đà Nẵng,13/06/2024,Chứng nhận cơ bản,https://tinnhiemmang.vn/danh-ba-tin-nhiem/danangtvvn-1701766761
danchuphapluat.vn,Tạp chí Dân chủ và Pháp luật - Bộ Tư pháp,02/01/2025,Chứng nhận cơ bản,https://tinnhiemmang.vn/danh-ba-tin-nhiem/danchuphapluatvn-1735790292
dangbodanang.vn,Văn phòng Thành uỷ Đà Nẵng,24/11/2021,Chứng nhận cơ bản,https://tinnhiemmang.vn/danh-ba-tin-nhiem/dangbodanangvn-1637727850
dangcongsan.vn,Báo điện tử Đảng cộng sản,10/05/2024,Chứng nhận cơ bản,https://tinnhiemmang.vn/danh-ba-tin-nhiem/dangcongsanvn-1625727905
dangkiemquangngai.com.vn,Trung tâm đăng kiểm xe cơ giới Quảng Ngãi,31/07/2023,Chứng nhận cơ bản,https://tinnhiemmang.vn/danh-ba-tin-nhiem/dangkiemquangngaicomvn-1690535687
dangnhap.thanhhoa.gov.vn,Sở Thông tin và Truyền thông Thanh Hóa,01/06/2021,Chứng nhận cơ bản,https://tinnhiemmang.vn/danh-ba-tin-nhiem/dangnhapthanhhoagovvn
dangnhapdientu.moj.gov.vn,Bộ Tư pháp,14/07/2022,Chứng nhận cơ bản,https://tinnhiemmang.vn/danh-ba-tin-nhiem/dangnhapdientumojgovvn-1625748864
danhgia.cantho.gov.vn,Sở Thông tin và Truyền thông Cần Thơ,17/11/2021,Chứng nhận cơ bản,https://tinnhiemmang.vn/danh-ba-tin-nhiem/danhgiacanthogovvn-1637057136
danhgiacntt.danang.gov.vn,Sở Thông tin và Truyền thông Đà Nẵng,28/12/2023,Chứng nhận cơ bản,https://tinnhiemmang.vn/danh-ba-tin-nhiem/danhgiacnttdananggovvn-1703733440
danhgiahailong.hochiminhcity.gov.vn,Sở Thông tin và Truyền thông thành phố Hồ Chí Minh,09/10/2023,Chứng nhận cơ bản,https://tinnhiemmang.vn/danh-ba-tin-nhiem/danhgiahailonghochiminhcitygovvn-1696833287
danphuong.hanoi.gov.vn,Huyện Đan Phượng Thành phố Hà Nội,15/06/2021,Chứng nhận cơ bản,https://tinnhiemmang.vn/danh-ba-tin-nhiem/danphuonghanoigovvn-1623519048
danso.laocai.gov.vn,Chi cục Dân số - Kế hoạch hóa gia đình tỉnh Lào Cai,03/07/2024,Chứng nhận cơ bản,https://tinnhiemmang.vn/danh-ba-tin-nhiem/dansolaocaigovvn-1719975526
dansohanoi.gov.vn,Chi cục Dân số Hà Nội,20/06/2024,Chứng nhận cơ bản,https://tinnhiemmang.vn/danh-ba-tin-nhiem/dansohanoigovvn-1718866066
dantri.com.vn,Báo điện tử Dân trí,10/05/2024,Chứng nhận cơ bản,https://tinnhiemmang.vn/danh-ba-tin-nhiem/dantricomvn-1625566273
danviet.vn,Báo điện tử Dân Việt,05/03/2024,Chứng nhận nâng cao,https://tinnhiemmang.vn/danh-ba-tin-nhiem/danvietvn-1625729286
daotaovieclam.edu.vn,Công ty cổ phần tư vấn và đào tạo Amanda,22/07/2022,Chứng nhận cơ bản,https://tinnhiemmang.vn/danh-ba-tin-nhiem/daotaovieclameduvn-1657099298
daphuongtien.moj.gov.vn,Bộ Tư pháp,14/07/2022,Chứng nhận cơ bản,https://tinnhiemmang.vn/danh-ba-tin-nhiem/daphuongtienmojgovvn-1625748096
darlingbinhduong.com,Công Ty TNHH Thương Mại Công Nghệ VSC,26/07/2022,Chứng nhận cơ bản,https://tinnhiemmang.vn/danh-ba-tin-nhiem/darlingbinhduongcom-1656134131
daron.donduong.lamdong.gov.vn,UBND Xã Đạ Ròn - Huyện Đơn Dương,11/04/2024,Chứng nhận cơ bản,https://tinnhiemmang.vn/danh-ba-tin-nhiem/darondonduonglamdonggovvn-1712739491
data.hochiminhcity.gov.vn,Sở Thông tin và Truyền thông thành phố Hồ Chí Minh,09/10/2023,Chứng nhận cơ bản,https://tinnhiemmang.vn/danh-ba-tin-nhiem/datahochiminhcitygovvn-1696833288
datacloudvn.com,Datacloudvn,04/11/2022,Chứng nhận cơ bản,https://tinnhiemmang.vn/danh-ba-tin-nhiem/datacloudvncom-1667180584
datacollection.gso.gov.vn,Cục Thu thập dữ liệu và Ứng dụng công nghệ thông tin thống kê,02/07/2024,Chứng nhận cơ bản,https://tinnhiemmang.vn/danh-ba-tin-nhiem/datacollectiongsogovvn-1719887165
dateh.lamdong.dcs.vn,Huyện ủy Đạ Tẻh tỉnh Lâm Đồng,02/06/2023,Chứng nhận cơ bản,https://tinnhiemmang.vn/danh-ba-tin-nhiem/datehlamdongdcsvn-1685522040
dateh.lamdong.gov.vn,UBND huyện Đạ Tẻh tỉnh Lâm Đồng,16/05/2023,Chứng nhận cơ bản,https://tinnhiemmang.vn/danh-ba-tin-nhiem/datehlamdonggovvn-1683882067
datviettour.com.vn,Công ty Cổ phần Đầu tư Thương mại Dịch vụ Du lịch Đất Việt,19/09/2022,Chứng nhận cơ bản,https://tinnhiemmang.vn/danh-ba-tin-nhiem/datviettourcomvn-1663310129
daugia.danang.gov.vn,Trung tâm dịch vụ đấu giá tài sản thành phố Đà Nẵng,25/11/2021,Chứng nhận cơ bản,https://tinnhiemmang.vn/danh-ba-tin-nhiem/daugiadananggovvn-1637805950
daugia.quangngai.gov.vn,Sở Tư pháp tỉnh Quảng Ngãi,11/07/2023,Chứng nhận cơ bản,https://tinnhiemmang.vn/danh-ba-tin-nhiem/daugiaquangngaigovvn-1688610784
daugiathuanphat.vn,Công ty đấu giá hợp danh Thuận Phát,15/12/2022,Chứng nhận cơ bản,https://tinnhiemmang.vn/danh-ba-tin-nhiem/daugiathuanphatvn-1667204230
dauthau.asia,Công ty cổ phần Hệ sinh thái Đấu Thầu,21/09/2021,Chứng nhận cơ bản,https://tinnhiemmang.vn/danh-ba-tin-nhiem/dauthauasia-1627533135
dauthau.net,Công ty cổ phần Hệ sinh thái Đấu Thầu,21/09/2021,Chứng nhận cơ bản,https://tinnhiemmang.vn/danh-ba-tin-nhiem/dauthaunet-1627533169
dautu.danang.gov.vn,Sở Kế hoạch và Đầu tư Đà Nẵng,12/07/2024,Chứng nhận cơ bản,https://tinnhiemmang.vn/danh-ba-tin-nhiem/dautudananggovvn-1720669571
dav.gov.vn,Cục Quản lý Dược - Bộ Y tế,14/07/2022,Chứng nhận cơ bản,https://tinnhiemmang.vn/danh-ba-tin-nhiem/davgovvn-1626077583
db.vista.gov.vn,Cục thông tin khoa học và công nghệ quốc gia,31/10/2024,Chứng nhận cơ bản,https://tinnhiemmang.vn/danh-ba-tin-nhiem/dbvistagovvn-1730344646
dbc.danang.gov.vn,Trung tâm Công nghệ Sinh học Đà Nẵng,25/11/2021,Chứng nhận cơ bản,https://tinnhiemmang.vn/danh-ba-tin-nhiem/dbcdananggovvn-1637805814
dbnd.danang.gov.vn,Văn phòng Đoàn ĐBQH và HĐND thành phố Đà Nẵng,22/02/2024,Chứng nhận cơ bản,https://tinnhiemmang.vn/danh-ba-tin-nhiem/dbnddananggovvn-1708566063
dbnd.gialai.gov.vn,Đoàn đại biểu Quốc hội và Hội đồng nhân dân tỉnh Gia Lai,10/05/2021,Chứng nhận cơ bản,https://tinnhiemmang.vn/danh-ba-tin-nhiem/dbndgialaigovvn-1620631268
dbnd.lamdong.gov.vn,Văn phòng Đoàn ĐBQH và HĐND tỉnh Lâm Đồng,14/03/2024,Chứng nhận cơ bản,https://tinnhiemmang.vn/danh-ba-tin-nhiem/dbndlamdonggovvn-1710297333
dbnd.quangngai.gov.vn,Đại biểu nhân dân tỉnh Quảng Ngãi,10/05/2021,Chứng nhận cơ bản,https://tinnhiemmang.vn/danh-ba-tin-nhiem/dbndquangngaigovvn-1620635325
dbndhanoi.gov.vn,Đoàn đại biểu Quốc hội và Hội đồng nhân dân thành phố Hà Nội,11/12/2023,Chứng nhận cơ bản,https://tinnhiemmang.vn/danh-ba-tin-nhiem/dbndhanoigovvn-1702271245
dbndnghean.vn,Đoàn Đại biểu Quốc hội và Hội đồng nhân dân tỉnh Nghệ An,08/09/2023,Chứng nhận cơ bản,https://tinnhiemmang.vn/danh-ba-tin-nhiem/dbndngheanvn-1693797035
dbndthanhhoa.gov.vn,Văn phòng Đoàn ĐBQH và HĐND tỉnh Thanh Hóa,30/06/2023,Chứng nhận cơ bản,https://tinnhiemmang.vn/danh-ba-tin-nhiem/dbndthanhhoagovvn-1687945649
dcrd.gov.vn,Cục Kinh tế hợp tác và Phát triển nông thôn - Bộ Nông nghiệp và Phát triển nông thôn,11/08/2021,Chứng nhận cơ bản,https://tinnhiemmang.vn/danh-ba-tin-nhiem/dcrdgovvn-1628678309
ddes.mic.gov.vn,Bộ Thông tin và Truyền thông,20/06/2024,Chứng nhận cơ bản,https://tinnhiemmang.vn/danh-ba-tin-nhiem/ddesmicgovvn-1718852285
developers.tphcm.gov.vn,Sở Thông tin và Truyền thông thành phố Hồ Chí Minh,09/10/2023,Chứng nhận cơ bản,https://tinnhiemmang.vn/danh-ba-tin-nhiem/developerstphcmgovvn-1696833271
devup.vn,Công Ty TNHH Công Nghệ Vietdevelopers,21/12/2022,Chứng nhận cơ bản,https://tinnhiemmang.vn/danh-ba-tin-nhiem/devupvn-1671160845
df.irlab.vn,Trung tâm Ứng cứu khẩn cấp không gian mạng Việt Nam,25/07/2023,Chứng nhận nâng cao,https://tinnhiemmang.vn/danh-ba-tin-nhiem/dfirlabvn-1690265184
dfa.hanoi.gov.vn,Sở Ngoại vụ Hà Nội,12/06/2021,Chứng nhận cơ bản,https://tinnhiemmang.vn/danh-ba-tin-nhiem/dfahanoigovvn-1623407783
dgts.moj.gov.vn,Bộ Tư pháp,14/07/2022,Chứng nhận cơ bản,https://tinnhiemmang.vn/danh-ba-tin-nhiem/dgtsmojgovvn-1625746777
dhannd.bocongan.gov.vn,Trường Đại học An ninh nhân dân,11/10/2024,Chứng nhận cơ bản,https://tinnhiemmang.vn/danh-ba-tin-nhiem/dhanndbocongangovvn-1728614605
dhcsnd.edu.vn,Đại học Cảnh sát nhân dân,13/12/2023,Chứng nhận cơ bản,https://tinnhiemmang.vn/danh-ba-tin-nhiem/dhcsndeduvn-1702437465
dhdlogistics.com,Công ty cổ phần quốc tế DHD,25/11/2022,Chứng nhận cơ bản,https://tinnhiemmang.vn/danh-ba-tin-nhiem/dhdlogisticscom-1669344032
dhs.dongthap.gov.vn,Hội Du học sinh tỉnh Đồng Tháp,22/11/2021,Chứng nhận cơ bản,https://tinnhiemmang.vn/danh-ba-tin-nhiem/dhsdongthapgovvn-1637568029
dhtn.ttxvn.org.vn,Thông tấn xã Việt Nam,30/05/2024,Chứng nhận cơ bản,https://tinnhiemmang.vn/danh-ba-tin-nhiem/dhtnttxvnorgvn-1716956445
diachiamthuc.vn,Địa Chỉ Ẩm Thực,20/06/2022,Chứng nhận cơ bản,https://tinnhiemmang.vn/danh-ba-tin-nhiem/diachiamthucvn-1655208250
diadiem.danang.gov.vn,Văn phòng UBND thành phố Đà Nẵng,24/11/2021,Chứng nhận cơ bản,https://tinnhiemmang.vn/danh-ba-tin-nhiem/diadiemdananggovvn-1637728066
dichthuatcongchung24h.com,Công ty TNHH dịch thuật công chứng 24H,10/11/2022,Chứng nhận cơ bản,https://tinnhiemmang.vn/danh-ba-tin-nhiem/dichthuatcongchung24hcom-1663760106
dichvuchuyenphatnhanhquoctegiare.com,Việt Tín Express,19/09/2022,Chứng nhận cơ bản,https://tinnhiemmang.vn/danh-ba-tin-nhiem/dichvuchuyenphatnhanhquoctegiarecom-1663321313
dichvucong.angiang.gov.vn,Trung tâm Công nghệ thông tin và Truyền thông - Sở Thông tin và Truyền thông tỉnh An Giang,02/01/2025,Chứng nhận cơ bản,https://tinnhiemmang.vn/danh-ba-tin-nhiem/dichvucongangianggovvn-1735629003
dichvucong.bacninh.gov.vn,Ủy Ban Nhân dân tỉnh Bắc Ninh,29/10/2021,Chứng nhận cơ bản,https://tinnhiemmang.vn/danh-ba-tin-nhiem/dichvucongbacninhgovvn-1635475420
dichvucong.baohiemxahoi.gov.vn,Bảo hiểm Xã hội Việt Nam,14/07/2021,Chứng nhận cơ bản,https://tinnhiemmang.vn/danh-ba-tin-nhiem/dichvucongbaohiemxahoigovvn-1626170542
dichvucong.bocongan.gov.vn,Văn phòng Bộ Công an,01/11/2023,Chứng nhận cơ bản,https://tinnhiemmang.vn/danh-ba-tin-nhiem/dichvucongbocongangovvn-1698811213
dichvucong.camau.gov.vn,Trung tâm Giải quyết thủ tục tục hành chính tỉnh Cà Mau,21/11/2023,Chứng nhận cơ bản,https://tinnhiemmang.vn/danh-ba-tin-nhiem/dichvucongcamaugovvn-1700467713
dichvucong.cantho.gov.vn,Sở Thông tin và Truyền thông Cần Thơ,17/11/2021,Chứng nhận cơ bản,https://tinnhiemmang.vn/danh-ba-tin-nhiem/dichvucongcanthogovvn-1637057134
dichvucong.caobang.gov.vn,UBND tỉnh Cao Bằng,24/07/2023,Chứng nhận cơ bản,https://tinnhiemmang.vn/danh-ba-tin-nhiem/dichvucongcaobanggovvn-1690176912
dichvucong.daklak.gov.vn,Ủy ban Nhân dân tỉnh Đắk Lắk,21/06/2021,Chứng nhận cơ bản,https://tinnhiemmang.vn/danh-ba-tin-nhiem/dichvucongdaklakgovvn-1624271479
dichvucong.danang.gov.vn,Sở Thông tin và Truyền thông thành phố Đà Nẵng,04/01/2024,Chứng nhận cơ bản,https://tinnhiemmang.vn/danh-ba-tin-nhiem/dichvucongdananggovvn-1704272793
dichvucong.dienbien.gov.vn,Sở Thông tin và Truyền thông tỉnh Điện Biên,21/11/2023,Chứng nhận cơ bản,https://tinnhiemmang.vn/danh-ba-tin-nhiem/dichvucongdienbiengovvn-1700532066
dichvucong.dongnai.gov.vn,UBND tỉnh Đồng Nai,26/09/2023,Chứng nhận cơ bản,https://tinnhiemmang.vn/danh-ba-tin-nhiem/dichvucongdongnaigovvn-1695719629
dichvucong.gialai.gov.vn,Sở Thông tin và Truyền thông tỉnh Gia Lai,10/01/2024,Chứng nhận cơ bản,https://tinnhiemmang.vn/danh-ba-tin-nhiem/dichvuconggialaigovvn-1704856552
dichvucong.gov.vn,Dịch vụ công Quốc Gia,18/02/2022,Chứng nhận cơ bản,https://tinnhiemmang.vn/danh-ba-tin-nhiem/dichvuconggovvn-1645150950
dichvucong.haiphong.gov.vn,Sở Thông tin và Truyền thông Hải Phòng,25/07/2024,Chứng nhận cơ bản,https://tinnhiemmang.vn/danh-ba-tin-nhiem/dichvuconghaiphonggovvn-1721790295
dichvucong.hanoi.gov.vn,Sở Thông tin và Truyền thông Hà Nội,26/04/2025,Chứng nhận cơ bản,https://tinnhiemmang.vn/danh-ba-tin-nhiem/dichvuconghanoigovvn-1745641632
dichvucong.hatinh.gov.vn,UBND tỉnh Hà Tĩnh,26/04/2025,Chứng nhận cơ bản,https://tinnhiemmang.vn/danh-ba-tin-nhiem/dichvuconghatinhgovvn-1744680171
dichvucong.hochiminhcity.gov.vn,Ủy ban nhân dân thành phố Hồ Chí Minh,09/10/2023,Chứng nhận cơ bản,https://tinnhiemmang.vn/danh-ba-tin-nhiem/dichvuconghochiminhcitygovvn-1696834544
dichvucong.hungyen.gov.vn,Văn phòng UBND tỉnh Hưng Yên,15/07/2021,Chứng nhận cơ bản,https://tinnhiemmang.vn/danh-ba-tin-nhiem/dichvuconghungyengovvn-1626332957
dichvucong.laichau.gov.vn,Ủy ban nhân dân tỉnh Lai Châu,23/06/2021,Chứng nhận cơ bản,https://tinnhiemmang.vn/danh-ba-tin-nhiem/dichvuconglaichaugovvn-1624434525
dichvucong.lamdong.gov.vn,Dịch vụ công tỉnh Lâm Đồng,18/02/2022,Chứng nhận cơ bản,https://tinnhiemmang.vn/danh-ba-tin-nhiem/dichvuconglamdonggovvn-1645100343
dichvucong.langson.gov.vn,Cổng Thông tin điện tử tỉnh Lạng Sơn,08/06/2021,Chứng nhận cơ bản,https://tinnhiemmang.vn/danh-ba-tin-nhiem/wwwdichvuconglangsongovvn-1623135972
dichvucong.laocai.gov.vn,UBND tỉnh Lào Cai,25/11/2021,Chứng nhận cơ bản,https://tinnhiemmang.vn/danh-ba-tin-nhiem/dichvuconglaocaigovvn-1637812463
dichvucong.mard.gov.vn,Bộ Nông nghiệp và Phát triển nông thôn,11/08/2021,Chứng nhận cơ bản,https://tinnhiemmang.vn/danh-ba-tin-nhiem/dichvucongmardgovvn-1628677817
dichvucong.moet.gov.vn,Bộ Giáo dục và Đào tạo,06/07/2023,Chứng nhận cơ bản,https://tinnhiemmang.vn/danh-ba-tin-nhiem/dichvucongmoetgovvn-1688637912
dichvucong.mof.gov.vn,Bộ Tài chính,29/06/2023,Chứng nhận cơ bản,https://tinnhiemmang.vn/danh-ba-tin-nhiem/dichvucongmofgovvn-1688010127
dichvucong.mofa.gov.vn,Bộ Ngoại giao Việt Nam,14/07/2022,Chứng nhận cơ bản,https://tinnhiemmang.vn/danh-ba-tin-nhiem/dichvucongmofagovvn-1625126408
dichvucong.moh.gov.vn,Bộ Y tế,14/07/2022,Chứng nhận cơ bản,https://tinnhiemmang.vn/danh-ba-tin-nhiem/dichvucongmohgovvn-1626078882
dichvucong.moit.gov.vn,"Cục Thương mại điện tử và Kinh tế số, Bộ Công thương",17/01/2022,Chứng nhận cơ bản,https://tinnhiemmang.vn/danh-ba-tin-nhiem/dichvucongmoitgovvn-1642155090
dichvucong.moj.gov.vn,Bộ Tư pháp,14/07/2022,Chứng nhận cơ bản,https://tinnhiemmang.vn/danh-ba-tin-nhiem/dichvucongmojgovvn-1625742896
dichvucong.most.gov.vn,Bộ Khoa học và Công nghệ,07/04/2023,Chứng nhận cơ bản,https://tinnhiemmang.vn/danh-ba-tin-nhiem/dichvucongmostgovvn-1678869593
dichvucong.nafosted.gov.vn,Quỹ Phát triển khoa học và công nghệ Quốc gia,16/08/2021,Chứng nhận cơ bản,https://tinnhiemmang.vn/danh-ba-tin-nhiem/dichvucongnafostedgovvn-1629083412
dichvucong.nghean.gov.vn,Ủy ban Nhân dân tỉnh Nghệ An,14/07/2022,Chứng nhận cơ bản,https://tinnhiemmang.vn/danh-ba-tin-nhiem/dichvucongngheangovvn-1625543146
dichvucong.ninhbinh.gov.vn,UBND tỉnh Ninh Bình,23/10/2024,Chứng nhận cơ bản,https://tinnhiemmang.vn/danh-ba-tin-nhiem/dichvucongninhbinhgovvn-1729500410
dichvucong.quangninh.gov.vn,Sở Thông tin và Truyền thông Quảng Ninh,26/04/2025,Chứng nhận cơ bản,https://tinnhiemmang.vn/danh-ba-tin-nhiem/dichvucongquangninhgovvn-1745642034
dichvucong.quangtri.gov.vn,Trung tâm Phục vụ hành chính công tỉnh Quảng Trị,02/01/2025,Chứng nhận cơ bản,https://tinnhiemmang.vn/danh-ba-tin-nhiem/dichvucongquangtrigovvn-1735010528
dichvucong.sonla.gov.vn,Sở Thông tin và Truyền thông tỉnh Sơn La,18/06/2021,Chứng nhận cơ bản,https://tinnhiemmang.vn/danh-ba-tin-nhiem/dichvucongsonlagovvn-1623988705
dichvucong.ssc.gov.vn,Ủy ban Chứng khoán Nhà nước,24/08/2023,Chứng nhận cơ bản,https://tinnhiemmang.vn/danh-ba-tin-nhiem/dichvucongsscgovvn-1692859753
dichvucong.thainguyen.gov.vn,UBND tỉnh Thái Nguyên,12/08/2021,Chứng nhận cơ bản,https://tinnhiemmang.vn/danh-ba-tin-nhiem/dichvucongthainguyengovvn-1628741463
dichvucong.thanhhoa.gov.vn,Sở Thông tin và Truyền thông Thanh Hóa,12/05/2021,Chứng nhận cơ bản,https://tinnhiemmang.vn/danh-ba-tin-nhiem/dichvucongthanhhoagovvn-1620701849
dichvucong.thuathienhue.gov.vn,UBND tỉnh Thừa Thiên Huế,19/07/2021,Chứng nhận cơ bản,https://tinnhiemmang.vn/danh-ba-tin-nhiem/dichvucongthuathienhuegovvn-1626679541
dichvucong.tuyenquang.gov.vn,Sở thông tin và truyền thông Tuyên Quang,25/12/2023,Chứng nhận cơ bản,https://tinnhiemmang.vn/danh-ba-tin-nhiem/dichvucongtuyenquanggovvn-1703494508
dichvucong.vinhlong.gov.vn,UBND tỉnh Vĩnh Long,14/07/2021,Chứng nhận cơ bản,https://tinnhiemmang.vn/danh-ba-tin-nhiem/dichvucongvinhlonggovvn-1625918254
dichvuctxh.hanoi.gov.vn,Trung tâm cung cấp dịch vụ công tác xã hội Hà Nội,14/06/2021,Chứng nhận cơ bản,https://tinnhiemmang.vn/danh-ba-tin-nhiem/dichvuctxhhanoigovvn-1623509708
dichvuketoan.vnn.vn,Công Ty TNHH Tư Vấn Quản Lý Nhất Việt,08/12/2022,Chứng nhận cơ bản,https://tinnhiemmang.vn/danh-ba-tin-nhiem/dichvuketoanvnnvn-1670488849
dichvutantam.com,Công Ty CP Lắp Đặt-Sửa Chữa-Bảo Hành Tận Tâm,06/12/2021,Chứng nhận cơ bản,https://tinnhiemmang.vn/danh-ba-tin-nhiem/dichvutantamcom-1638770514
didongmy.com,Di Động Mỹ,06/07/2022,Chứng nhận cơ bản,https://tinnhiemmang.vn/danh-ba-tin-nhiem/didongmycom-1657087577
didongviet.vn,Di Động Việt,02/12/2021,Chứng nhận cơ bản,https://tinnhiemmang.vn/danh-ba-tin-nhiem/didongvietvn-1637207046
diemthi.bacninh.gov.vn,Sở Giáo dục và Đào tạo Bắc Ninh,26/01/2022,Chứng nhận cơ bản,https://tinnhiemmang.vn/danh-ba-tin-nhiem/diemthibacninhgovvn-1643098459
dienbien.baohiemxahoi.gov.vn,Bảo hiểm xã hội tỉnh Điện Biên,19/07/2021,Chứng nhận cơ bản,https://tinnhiemmang.vn/danh-ba-tin-nhiem/dienbienbaohiemxahoigovvn-1626666043
dienbien.edu.vn,Sở Giáo dục và Đào tạo tỉnh Điện Biên,25/10/2021,Chứng nhận cơ bản,https://tinnhiemmang.vn/danh-ba-tin-nhiem/dienbieneduvn-1635064719
dienbien.gdt.gov.vn,Cục Thuế tỉnh Điện Biên,10/08/2023,Chứng nhận cơ bản,https://tinnhiemmang.vn/danh-ba-tin-nhiem/dienbiengdtgovvn-1691658640
dienbien.gov.vn,Sở Thông tin và Truyền thông tỉnh Điện Biên,01/11/2023,Chứng nhận cơ bản,https://tinnhiemmang.vn/danh-ba-tin-nhiem/dienbiengovvn-1698825223
dienbien.toaan.gov.vn,Tòa án nhân dân tỉnh Điện Biên,07/04/2023,Chứng nhận cơ bản,https://tinnhiemmang.vn/danh-ba-tin-nhiem/dienbientoaangovvn-1679901773
dienbiencflit.edu.vn,Trung tâm Ngoại ngữ - Tin học tỉnh Điện Biên,22/11/2024,Chứng nhận cơ bản,https://tinnhiemmang.vn/danh-ba-tin-nhiem/dienbiencfliteduvn-1732247056
dienbiendong.dienbien.gov.vn,"Trang Thông tin điện tử huyện Điện Biên Đông, tỉnh Điện Biên",20/07/2022,Chứng nhận cơ bản,https://tinnhiemmang.vn/danh-ba-tin-nhiem/dienbiendongdienbiengovvn-1658311709
dienchan.com,Công Ty TNHH Quốc Tế Việt Y Đạo,13/01/2022,Chứng nhận cơ bản,https://tinnhiemmang.vn/danh-ba-tin-nhiem/dienchancom-1640828146
diencity.com,Công ty TNHH Thương Mại Kỹ Thuật Hữu Duy,05/08/2022,Chứng nhận cơ bản,https://tinnhiemmang.vn/danh-ba-tin-nhiem/diencitycom-1659667114
diendanchuyendoiso.gov.vn,Cục Cảnh sát quản lý hành chính về trật tự xã hội,01/11/2023,Chứng nhận cơ bản,https://tinnhiemmang.vn/danh-ba-tin-nhiem/diendanchuyendoisogovvn-1698811389
dienkhanh.khanhhoa.gov.vn,UBND huyện Diên Khánh tỉnh Khánh Hòa,14/07/2022,Chứng nhận cơ bản,https://tinnhiemmang.vn/danh-ba-tin-nhiem/dienkhanhkhanhhoagovvn-1626062299
dienlanhhk.com,Công ty TNHH dịch vụ kỹ thuật cơ điện lạnh HK,12/10/2022,Chứng nhận cơ bản,https://tinnhiemmang.vn/danh-ba-tin-nhiem/dienlanhhkcom-1665119027
dienlanhthinhphat.com.vn,Điện lạnh TH Thịnh Phát,30/12/2021,Chứng nhận cơ bản,https://tinnhiemmang.vn/danh-ba-tin-nhiem/dienlanhthinhphatcomvn-1633321786
dienlanhvincool.vn,Công Ty TNHH Thương Mại - Dịch vụ Vincool,27/12/2022,Chứng nhận cơ bản,https://tinnhiemmang.vn/danh-ba-tin-nhiem/dienlanhvincoolvn-1639148655
dienmayxanh.com,Công ty cổ phần Thế Giới Di Động,28/09/2021,Chứng nhận cơ bản,https://tinnhiemmang.vn/danh-ba-tin-nhiem/dienmayxanhcom-1632835471
dientungaynay.vn,Tạp chí Điện tử,16/03/2022,Chứng nhận cơ bản,https://tinnhiemmang.vn/danh-ba-tin-nhiem/dientungaynayvn-1644465149
dientuphat.com,Điện Tử Phát,30/06/2022,Chứng nhận cơ bản,https://tinnhiemmang.vn/danh-ba-tin-nhiem/dientuphatcom-1656550714
dientuungdung.vn,Hội Vô tuyến - Điện tử Việt Nam,15/01/2025,Chứng nhận cơ bản,https://tinnhiemmang.vn/danh-ba-tin-nhiem/dientuungdungvn-1736924350
dieuhanh.danang.gov.vn,Văn phòng UBND thành phố Đà Nẵng,26/06/2024,Chứng nhận cơ bản,https://tinnhiemmang.vn/danh-ba-tin-nhiem/dieuhanhdananggovvn-1719239780
dieuhanhvp.danang.gov.vn,Văn phòng UBND thành phố Đà Nẵng,24/11/2021,Chứng nhận cơ bản,https://tinnhiemmang.vn/danh-ba-tin-nhiem/dieuhanhvpdananggovvn-1637728069
dieukhacquangcanh.com,Công Ty TNHH Điêu Khắc Quang Cảnh,07/10/2022,Chứng nhận cơ bản,https://tinnhiemmang.vn/danh-ba-tin-nhiem/dieukhacquangcanhcom-1663660410
digitrends.com.vn,Công Ty Cổ Phần Truyền Thông 1Z Networks,05/05/2022,Chứng nhận cơ bản,https://tinnhiemmang.vn/danh-ba-tin-nhiem/digitrendscomvn-1651716263
dilinh.lamdong.dcs.vn,Huyện ủy Di Linh tỉnh Lâm Đồng,02/06/2023,Chứng nhận cơ bản,https://tinnhiemmang.vn/danh-ba-tin-nhiem/dilinhlamdongdcsvn-1685678610
dilinh.lamdong.gov.vn,UBND huyện Di Linh,16/05/2023,Chứng nhận cơ bản,https://tinnhiemmang.vn/danh-ba-tin-nhiem/dilinhlamdonggovvn-1683791079
dinau.thachthat.hanoi.gov.vn,UBND xã Dị Nậu huyện Thạch Thất Hà Nội,10/05/2023,Chứng nhận cơ bản,https://tinnhiemmang.vn/danh-ba-tin-nhiem/dinauthachthathanoigovvn-1683615684
dinhhoa.kimson.ninhbinh.gov.vn,"Uỷ ban nhân dân xã Định Hoá, huyện Kim Sơn, tỉnh Ninh Bình",27/06/2024,Chứng nhận cơ bản,https://tinnhiemmang.vn/danh-ba-tin-nhiem/dinhhoakimsonninhbinhgovvn-1719455141
dinhlac.dilinh.lamdong.gov.vn,UBND xã Đinh Lạc huyện Di Linh tỉnh Lâm Đồng,06/09/2024,Chứng nhận cơ bản,https://tinnhiemmang.vn/danh-ba-tin-nhiem/dinhlacdilinhlamdonggovvn-1725583774
dinhquan.dongnai.gov.vn,UBND huyện Định Quán tỉnh Đồng Nai,26/09/2023,Chứng nhận cơ bản,https://tinnhiemmang.vn/danh-ba-tin-nhiem/dinhquandongnaigovvn-1695720743
disanvanhoath.vn,"Sở Văn hóa, Thể thao và Du lịch tỉnh Thanh Hóa",26/09/2024,Chứng nhận cơ bản,https://tinnhiemmang.vn/danh-ba-tin-nhiem/disanvanhoathvn-1727317474
dised.danang.gov.vn,Viện Nghiên cứu phát triển kinh tế - xã hội Đà Nẵng,08/12/2023,Chứng nhận cơ bản,https://tinnhiemmang.vn/danh-ba-tin-nhiem/diseddananggovvn-1701917088
ditichkhanhhoa.org.vn,Trung tâm Bảo tồn di tích tỉnh Khánh Hòa,14/07/2022,Chứng nhận cơ bản,https://tinnhiemmang.vn/danh-ba-tin-nhiem/ditichkhanhhoaorgvn-1626148364
dklx.cdhue.edu.vn,Trường Cao đẳng Huế,06/12/2024,Chứng nhận cơ bản,https://tinnhiemmang.vn/danh-ba-tin-nhiem/dklxcdhueeduvn-1733470626
dkqg.moj.gov.vn,Bộ Tư pháp,14/07/2022,Chứng nhận cơ bản,https://tinnhiemmang.vn/danh-ba-tin-nhiem/dkqgmojgovvn-1625748258
dktructuyen.moj.gov.vn,Bộ Tư pháp,14/07/2022,Chứng nhận cơ bản,https://tinnhiemmang.vn/danh-ba-tin-nhiem/dktructuyenmojgovvn-1625748312
dmdc-dangnhap.moj.gov.vn,Bộ Tư pháp,14/07/2022,Chứng nhận cơ bản,https://tinnhiemmang.vn/danh-ba-tin-nhiem/dmdc-dangnhapmojgovvn-1625748377
dmdc.moj.gov.vn,Bộ Tư pháp,14/07/2022,Chứng nhận cơ bản,https://tinnhiemmang.vn/danh-ba-tin-nhiem/dmdcmojgovvn-1625735788
dms.gov.vn,"Tổng Cục quản lý thị trường, Bộ Công thương",17/01/2022,Chứng nhận cơ bản,https://tinnhiemmang.vn/danh-ba-tin-nhiem/dmsgovvn-1642154742
dnhq.haiquanonline.com.vn,Tổng cục Hải quan,11/08/2023,Chứng nhận cơ bản,https://tinnhiemmang.vn/danh-ba-tin-nhiem/dnhqhaiquanonlinecomvn-1691726563
doanhnghiep.danang.gov.vn,Sở Kế hoạch và Đầu tư thành phố Đà Nẵng,17/07/2022,Chứng nhận cơ bản,https://tinnhiemmang.vn/danh-ba-tin-nhiem/doanhnghiepdananggovvn-1657877895
doanhnghiep.hochiminhcity.gov.vn,Sở Kế hoạch và Đầu tư Thành phố Hồ Chí Minh,09/10/2023,Chứng nhận cơ bản,https://tinnhiemmang.vn/danh-ba-tin-nhiem/doanhnghiephochiminhcitygovvn-1696832939
doanhnghiep.quangngai.gov.vn,Văn phòng UBND tỉnh Quảng Ngãi,11/07/2023,Chứng nhận cơ bản,https://tinnhiemmang.vn/danh-ba-tin-nhiem/doanhnghiepquangngaigovvn-1688608857
doanhung.phutho.gov.vn,UBND huyện Đoan Hùng tỉnh Phú Thọ,03/10/2023,Chứng nhận cơ bản,https://tinnhiemmang.vn/danh-ba-tin-nhiem/doanhungphuthogovvn-1696238073
doankhoi.dongthap.gov.vn,Đoàn khối các cơ quan Tỉnh Đồng Tháp,22/11/2021,Chứng nhận cơ bản,https://tinnhiemmang.vn/danh-ba-tin-nhiem/doankhoidongthapgovvn-1637568117
doc.moha.gov.vn,Trung tâm Thông tin - Bộ Nội vụ,29/06/2021,Chứng nhận cơ bản,https://tinnhiemmang.vn/danh-ba-tin-nhiem/docmohagovvn-1624933970
dofa.tuyenquang.gov.vn,Sở Ngoại vụ tỉnh Tuyên Quang,25/12/2023,Chứng nhận cơ bản,https://tinnhiemmang.vn/danh-ba-tin-nhiem/dofatuyenquanggovvn-1703418324
doh.hochiminhcity.gov.vn,Sở Y tế thành phố Hồ Chí Minh,09/10/2023,Chứng nhận cơ bản,https://tinnhiemmang.vn/danh-ba-tin-nhiem/dohhochiminhcitygovvn-1696833585
doithoai.danang.gov.vn,Văn phòng UBND thành phố Đà Nẵng,24/11/2021,Chứng nhận cơ bản,https://tinnhiemmang.vn/danh-ba-tin-nhiem/doithoaidananggovvn-1637728065
doithoai.laocai.gov.vn,UBND tỉnh Lào Cai,25/11/2021,Chứng nhận cơ bản,https://tinnhiemmang.vn/danh-ba-tin-nhiem/doithoailaocaigovvn-1637812178
doithoaidn.hochiminhcity.gov.vn,Trung tâm Xúc tiến thương mại và đầu tư thành phố Hồ Chí Minh,09/10/2023,Chứng nhận cơ bản,https://tinnhiemmang.vn/danh-ba-tin-nhiem/doithoaidnhochiminhcitygovvn-1696833682
dokiem.tqc.gov.vn,Trung tâm Đo lường Chất lượng Viễn thông,07/03/2024,Chứng nhận cơ bản,https://tinnhiemmang.vn/danh-ba-tin-nhiem/dokiemtqcgovvn-1709715654
doluongthunghiem.quangngai.gov.vn,Sở Thông tin và Truyền thông Quảng Ngãi,13/12/2024,Chứng nhận cơ bản,https://tinnhiemmang.vn/danh-ba-tin-nhiem/doluongthunghiemquangngaigovvn-1734078158
donduong.lamdong.dcs.vn,Huyện Ủy Đơn Dương tỉnh Lâm Đồng,30/05/2023,Chứng nhận cơ bản,https://tinnhiemmang.vn/danh-ba-tin-nhiem/donduonglamdongdcsvn-1684829155
donganh.hanoi.gov.vn,"UBND huyện Đông Anh, Hà Nội",20/06/2024,Chứng nhận cơ bản,https://tinnhiemmang.vn/danh-ba-tin-nhiem/donganhhanoigovvn-1718867259
dongda.hanoi.gov.vn,Quận Đống Đa  Thành phố Hà Nội,15/06/2021,Chứng nhận cơ bản,https://tinnhiemmang.vn/danh-ba-tin-nhiem/dongdahanoigovvn-1623514734
donghuong.kimson.ninhbinh.gov.vn,"Uỷ ban nhân dân xã Đồng Hướng, huyện Kim Sơn, tỉnh Ninh Bình",27/06/2024,Chứng nhận cơ bản,https://tinnhiemmang.vn/danh-ba-tin-nhiem/donghuongkimsonninhbinhgovvn-1719455262
dongnai.baohiemxahoi.gov.vn,Bảo Hiểm Xã Hội tỉnh Đồng Nai,28/07/2021,Chứng nhận cơ bản,https://tinnhiemmang.vn/danh-ba-tin-nhiem/dongnaibaohiemxahoigovvn-1627465497
dongnai.gdt.gov.vn,Cục Thuế tỉnh Đồng Nai,10/08/2023,Chứng nhận cơ bản,https://tinnhiemmang.vn/danh-ba-tin-nhiem/dongnaigdtgovvn-1691658816
dongnai.gov.vn,UBND tỉnh Đồng Nai,26/09/2023,Chứng nhận cơ bản,https://tinnhiemmang.vn/danh-ba-tin-nhiem/dongnaigovvn-1695719625
dongnai.toaan.gov.vn,Tòa án nhân dân tỉnh Đồng Nai,07/04/2023,Chứng nhận cơ bản,https://tinnhiemmang.vn/danh-ba-tin-nhiem/dongnaitoaangovvn-1679901714
dongnaithuongcattien.lamdong.gov.vn,"UBND Xã Đồng Nai Thượng, Huyện Cát Tiên, Tỉnh Lâm Đồng",09/11/2023,Chứng nhận cơ bản,https://tinnhiemmang.vn/danh-ba-tin-nhiem/dongnaithuongcattienlamdonggovvn-1699429864
dongson.thanhhoa.gov.vn,UBND huyện Đông Sơn tỉnh Thanh Hóa,01/08/2023,Chứng nhận cơ bản,https://tinnhiemmang.vn/danh-ba-tin-nhiem/dongsonthanhhoagovvn-1690781595
dongthanh.tpninhbinh.ninhbinh.gov.vn,"Uỷ ban nhân dân phường Đông Thành, thành phố Ninh Bình, tỉnh Ninh Bình",27/06/2024,Chứng nhận cơ bản,https://tinnhiemmang.vn/danh-ba-tin-nhiem/dongthanhtpninhbinhninhbinhgovvn-1719473043
dongthap.baohiemxahoi.gov.vn,Bảo Hiểm Xã Hội tỉnh Đồng Tháp,28/07/2021,Chứng nhận cơ bản,https://tinnhiemmang.vn/danh-ba-tin-nhiem/dongthapbaohiemxahoigovvn-1627464099
dongthap.dms.gov.vn,Cục Quản lý thị trường tỉnh Đồng Tháp,16/05/2023,Chứng nhận cơ bản,https://tinnhiemmang.vn/danh-ba-tin-nhiem/dongthapdmsgovvn-1682043943
dongthap.gdt.gov.vn,Cục Thuế tỉnh Đồng Tháp,10/08/2023,Chứng nhận cơ bản,https://tinnhiemmang.vn/danh-ba-tin-nhiem/dongthapgdtgovvn-1691658872
dongthap.gov.vn,Văn phòng UBND tỉnh Đồng Tháp,22/11/2021,Chứng nhận cơ bản,https://tinnhiemmang.vn/danh-ba-tin-nhiem/dongthapgovvn-1637555192
dongthap.toaan.gov.vn,Tòa án nhân dân tỉnh Đồng Tháp,07/04/2023,Chứng nhận cơ bản,https://tinnhiemmang.vn/danh-ba-tin-nhiem/dongthaptoaangovvn-1679901654
dongtrieu.edu.vn,"Phòng giáo dục và Đào tạo thị xã Đông Triều, tỉnh Quảng Ninh",18/11/2021,Chứng nhận cơ bản,https://tinnhiemmang.vn/danh-ba-tin-nhiem/dongtrieueduvn-1637164752
dongtrieu.quangninh.gov.vn,"UBND thị xã Đông Triều, tỉnh Quảng Ninh",09/11/2023,Chứng nhận cơ bản,https://tinnhiemmang.vn/danh-ba-tin-nhiem/dongtrieuquangninhgovvn-1699414879
dongxuan.hanoi.gov.vn,"UBND Phường Đồng Xuân, quận Hoàn Kiếm, Hà Nội",11/12/2023,Chứng nhận cơ bản,https://tinnhiemmang.vn/danh-ba-tin-nhiem/dongxuanhanoigovvn-1702279468
doson.haiphong.gov.vn,Ủy ban nhân dân quận Đồ Sơn,29/11/2024,Chứng nhận cơ bản,https://tinnhiemmang.vn/danh-ba-tin-nhiem/dosonhaiphonggovvn-1732585182
dost.danang.gov.vn,Sở Khoa học và Công nghệ Đà Nẵng,25/11/2021,Chứng nhận cơ bản,https://tinnhiemmang.vn/danh-ba-tin-nhiem/dostdananggovvn-1637742537
dost.hanoi.gov.vn,Sở Khoa học và Công nghệ thành phố Hà Nội,10/05/2023,Chứng nhận cơ bản,https://tinnhiemmang.vn/danh-ba-tin-nhiem/dosthanoigovvn-1683516684
dost.hochiminhcity.gov.vn,Sở Khoa học và Công nghệ Thành phố Hồ Chí Minh,09/10/2023,Chứng nhận cơ bản,https://tinnhiemmang.vn/danh-ba-tin-nhiem/dosthochiminhcitygovvn-1696832994
doxe.danang.gov.vn,Trung tâm Điều hành đèn tín hiệu giao thông và vận tải công cộng - Sở Giao thông vận tải thành phố thành phố Đà Nẵng,05/01/2024,Chứng nhận cơ bản,https://tinnhiemmang.vn/danh-ba-tin-nhiem/doxedananggovvn-1704374339
dpi.ninhbinh.gov.vn,Sở Kế hoạch và Đầu tư tỉnh Ninh Bình,19/07/2021,Chứng nhận cơ bản,https://tinnhiemmang.vn/danh-ba-tin-nhiem/dpininhbinhgovvn-1626420830
dran.donduong.lamdong.gov.vn,UBND Thị Trấn DRan - Huyện Đơn Dương,27/08/2024,Chứng nhận cơ bản,https://tinnhiemmang.vn/danh-ba-tin-nhiem/drandonduonglamdonggovvn-1724659486
drbeauty.com.vn,Công Ty CP Hệ Thống Bệnh Viện Gia Đình Việt Nam – Favina Hospital,29/12/2021,Chứng nhận cơ bản,https://tinnhiemmang.vn/danh-ba-tin-nhiem/drbeautycomvn-1639541620
drgau.com,Dr.Gấu,25/07/2022,Chứng nhận cơ bản,https://tinnhiemmang.vn/danh-ba-tin-nhiem/drgaucom-1657300392
drvitamin.vn,Công Ty CP Hệ Thống Bệnh Viện Gia Đình Việt Nam – Favina Hospital,29/12/2021,Chứng nhận cơ bản,https://tinnhiemmang.vn/danh-ba-tin-nhiem/drvitaminvn-1639541616
drvn.gov.vn,Tổng cục Đường bộ Việt Nam,11/08/2021,Chứng nhận cơ bản,https://tinnhiemmang.vn/danh-ba-tin-nhiem/drvngovvn-1628680461
dso.vn,CÔNG TY TNHH ALPHA LIFE,16/07/2022,Chứng nhận cơ bản,https://tinnhiemmang.vn/danh-ba-tin-nhiem/dsovn-1624092814
dstrogiupphaply.moj.gov.vn,Cục Công nghệ Thông tin - Bộ Tư pháp,15/07/2021,Chứng nhận cơ bản,https://tinnhiemmang.vn/danh-ba-tin-nhiem/dstrogiupphaplymojgovvn-1626340654
dtbd.moha.gov.vn,Trung tâm Thông tin - Bộ Nội vụ,29/06/2021,Chứng nhận cơ bản,https://tinnhiemmang.vn/danh-ba-tin-nhiem/dtbdmohagovvn-1624933965
dtcblehongphong.hanoi.gov.vn,Trường Đào tạo cán bộ Lê Hồng Phong,12/06/2021,Chứng nhận cơ bản,https://tinnhiemmang.vn/danh-ba-tin-nhiem/dtcblehongphonghanoigovvn-1623405701
dtdiem.khanhhoa.edu.vn,"Trường THPT Đoàn Thị Điểm, tỉnh Khánh Hòa",09/08/2023,Chứng nhận cơ bản,https://tinnhiemmang.vn/danh-ba-tin-nhiem/dtdiemkhanhhoaeduvn-1691553920
dti.angiang.gov.vn,Sở Thông tin và Truyền thông tỉnh An Giang,09/11/2023,Chứng nhận cơ bản,https://tinnhiemmang.vn/danh-ba-tin-nhiem/dtiangianggovvn-1699412246
dti.gov.vn,Cục Tin học hoá,28/06/2021,Chứng nhận cơ bản,https://tinnhiemmang.vn/danh-ba-tin-nhiem/dtigovvn-1624850680
dti.quangngai.gov.vn,Sở Thông tin và Truyền thông Quảng Ngãi,13/12/2024,Chứng nhận cơ bản,https://tinnhiemmang.vn/danh-ba-tin-nhiem/dtiquangngaigovvn-1688609268
dti.vksndtc.gov.vn,Viện kiểm sát nhân dân tối cao,14/08/2024,Chứng nhận cơ bản,https://tinnhiemmang.vn/danh-ba-tin-nhiem/dtivksndtcgovvn-1723613350
dtnttinh.khanhhoa.edu.vn,Trường PT Dân tộc Nội trú Tỉnh Khánh Hòa,09/08/2023,Chứng nhận cơ bản,https://tinnhiemmang.vn/danh-ba-tin-nhiem/dtnttinhkhanhhoaeduvn-1691554540
du-lich-da-lat.com,Công ty TNHH du lịch Hoa Đà Lạt,18/10/2022,Chứng nhận cơ bản,https://tinnhiemmang.vn/danh-ba-tin-nhiem/du-lich-da-latcom-1665040685
dubchquansutinh.quangninh.dcs.vn,Bộ CHQS tỉnh Quảng Ninh,18/11/2021,Chứng nhận cơ bản,https://tinnhiemmang.vn/danh-ba-tin-nhiem/dubchquansutinhquangninhdcsvn-1637165648
ducco.gialai.gov.vn,UBND huyện Đức cơ tỉnh Gia Lai,08/01/2024,Chứng nhận cơ bản,https://tinnhiemmang.vn/danh-ba-tin-nhiem/duccogialaigovvn-1704443079
ducgiang.longbien.hanoi.gov.vn,"UBND Phường Đức Giang, quận Long Biên, Hà Nội",11/12/2023,Chứng nhận cơ bản,https://tinnhiemmang.vn/danh-ba-tin-nhiem/ducgianglongbienhanoigovvn-1702272826
ducpho.quangngai.gov.vn,"Thị xã Đức Phổ, Tỉnh Quảng Ngãi",10/05/2021,Chứng nhận cơ bản,https://tinnhiemmang.vn/danh-ba-tin-nhiem/ducphoquangngaigovvn-1620635340
ducphocattien.lamdong.gov.vn,"UBND Xã Đức Phổ, Huyện Cát Tiên, Tỉnh Lâm Đồng",07/11/2023,Chứng nhận cơ bản,https://tinnhiemmang.vn/danh-ba-tin-nhiem/ducphocattienlamdonggovvn-1699320934
ducthinhphat.com,Công ty Cổ phần Đầu tư Thương mại và Phát triển Công nghệ Đức Thịnh Phát,19/04/2022,Chứng nhận cơ bản,https://tinnhiemmang.vn/danh-ba-tin-nhiem/ducthinhphatcom-1650041491
ductrong.lamdong.gov.vn,UBND Huyện Đức Trọng tỉnh Lâm Đồng,16/10/2023,Chứng nhận cơ bản,https://tinnhiemmang.vn/danh-ba-tin-nhiem/ductronglamdonggovvn-1697167216
dufo.dongthap.gov.vn,Liên hiệp các Tổ chức Hữu nghị tỉnh Đồng Tháp,22/11/2021,Chứng nhận cơ bản,https://tinnhiemmang.vn/danh-ba-tin-nhiem/dufodongthapgovvn-1637568219
duk.quangninh.gov.vn,Đảng ủy Khối các cơ quan tỉnh Quảng Ninh,16/11/2021,Chứng nhận cơ bản,https://tinnhiemmang.vn/danh-ba-tin-nhiem/dukquangninhgovvn-1637037230
dukcaccoquan.hanoi.gov.vn,Đảng ủy khối các cơ quan thành phố Hà Nội,12/06/2021,Chứng nhận cơ bản,https://tinnhiemmang.vn/danh-ba-tin-nhiem/httpsdukcaccoquanhanoigovvn-1623401805
dukccq.danang.gov.vn,Đảng ủy Khối các cơ quan thành phố Đà Nẵng,24/11/2021,Chứng nhận cơ bản,https://tinnhiemmang.vn/danh-ba-tin-nhiem/dukccqdananggovvn-1637728408
dukccqdn.gialai.org.vn,Đảng ủy Khối các Cơ quan và Doanh nghiệp tỉnh Gia Lai,10/01/2024,Chứng nhận cơ bản,https://tinnhiemmang.vn/danh-ba-tin-nhiem/dukccqdngialaiorgvn-1704856314
dukdanchinhdang.hochiminhcity.gov.vn,Đảng bộ Khối Dân - Chính - Đảng Thành phố Hồ Chí Minh,09/10/2023,Chứng nhận cơ bản,https://tinnhiemmang.vn/danh-ba-tin-nhiem/dukdanchinhdanghochiminhcitygovvn-1696832556
dukdhcd.hanoi.gov.vn,"Đảng ủy khối các trường đại học, cao đẳng Hà Nội",12/06/2021,Chứng nhận cơ bản,https://tinnhiemmang.vn/danh-ba-tin-nhiem/dukdhcdhanoigovvn-1623404095
dukdoanhnghiep.hanoi.gov.vn,Đảng ủy Khối Doanh nghiệp Hà Nội,10/05/2023,Chứng nhận cơ bản,https://tinnhiemmang.vn/danh-ba-tin-nhiem/dukdoanhnghiephanoigovvn-1683517684
dulich.khanhhoa.gov.vn,Sở Du lịch tỉnh Khánh Hòa,14/07/2022,Chứng nhận cơ bản,https://tinnhiemmang.vn/danh-ba-tin-nhiem/dulichkhanhhoagovvn-1626057492
dulich.laichau.gov.vn,"Sở Văn hóa, Thể thao và Du lịch tỉnh Lai Châu",01/03/2024,Chứng nhận cơ bản,https://tinnhiemmang.vn/danh-ba-tin-nhiem/dulichlaichaugovvn-1709265965
dulichcaolanh.dongthap.gov.vn,Trung tâm Tin học Thành phố Cao Lãnh,11/10/2023,Chứng nhận cơ bản,https://tinnhiemmang.vn/danh-ba-tin-nhiem/dulichcaolanhdongthapgovvn-1696985724
dulichdalat.pro,Công ty TNHH du lịch Hoa Đà Lạt,18/10/2022,Chứng nhận cơ bản,https://tinnhiemmang.vn/danh-ba-tin-nhiem/dulichdalatpro-1665040301
dulichdoson.vn,"Phòng Du lịch, Văn hoá và Thông tin Quận Đồ Sơn",30/06/2023,Chứng nhận cơ bản,https://tinnhiemmang.vn/danh-ba-tin-nhiem/dulichdosonvn-1688093731
dulichhaiphong.gov.vn,Sở Du lịch Hải Phòng,17/05/2024,Chứng nhận cơ bản,https://tinnhiemmang.vn/danh-ba-tin-nhiem/dulichhaiphonggovvn-1715845169
dulichpleiku.gialai.gov.vn,"Nhà hát ca múa nhạc tổng hợp Đam San, tỉnh Gia Lai",24/01/2024,Chứng nhận cơ bản,https://tinnhiemmang.vn/danh-ba-tin-nhiem/dulichpleikugialaigovvn-1706063951
dulichvietdu.com,Công Ty TNHH Du Lịch Việt Du,29/11/2022,Chứng nhận cơ bản,https://tinnhiemmang.vn/danh-ba-tin-nhiem/dulichvietducom-1669608551
dulichvn.org.vn,Trung tâm Thông tin du lịch,12/08/2024,Chứng nhận cơ bản,https://tinnhiemmang.vn/danh-ba-tin-nhiem/dulichvnorgvn-1723449370
dunganh.vn,Cửa hàng Dung Anh,03/03/2023,Chứng nhận cơ bản,https://tinnhiemmang.vn/danh-ba-tin-nhiem/dunganhvn-1645114771
dungcutiecbuffet.com,Công ty TNHH Thiết bị Sao Nam,26/09/2022,Chứng nhận cơ bản,https://tinnhiemmang.vn/danh-ba-tin-nhiem/dungcutiecbuffetcom-1664162438
dungquat.quangngai.gov.vn,Ban Quản lý KKT Dung Quất và các KCN Quảng Ngãi,23/02/2023,Chứng nhận cơ bản,https://tinnhiemmang.vn/danh-ba-tin-nhiem/dungquatquangngaigovvn-1677050475
duoctinphong.com,Công ty cổ phần Dược phẩm Tín Phong,30/08/2022,Chứng nhận cơ bản,https://tinnhiemmang.vn/danh-ba-tin-nhiem/duoctinphongcom-1661757851
duongdaynong.tphcm.gov.vn,Sở Thông tin và Truyền thông thành phố Hồ Chí Minh,09/10/2023,Chứng nhận cơ bản,https://tinnhiemmang.vn/danh-ba-tin-nhiem/duongdaynongtphcmgovvn-1696833272
duongkinh.haiphong.gov.vn,"Ủy ban nhân dân quận Dương Kinh, thành phố Hải Phòng",06/05/2024,Chứng nhận cơ bản,https://tinnhiemmang.vn/danh-ba-tin-nhiem/duongkinhhaiphonggovvn-1714957534
duthaoonline.quochoi.vn,Thư viện Quốc hội - Văn phòng Quốc hội,14/07/2021,Chứng nhận cơ bản,https://tinnhiemmang.vn/danh-ba-tin-nhiem/duthaoonlinequochoivn-1626250338
duthuyendanang.com,Công ty TNHH Du lịch sự kiện - Truyền thông Miền Trung,19/11/2021,Chứng nhận cơ bản,https://tinnhiemmang.vn/danh-ba-tin-nhiem/duthuyendanangcom-1637219626
dvc.bacninh.gov.vn,Ủy Ban Nhân dân tỉnh Bắc Ninh,28/10/2021,Chứng nhận cơ bản,https://tinnhiemmang.vn/danh-ba-tin-nhiem/dvcbacninhgovvn-1635387403
dvc.vr.gov.vn,Cục Đăng kiểm Việt Nam,19/08/2024,Chứng nhận cơ bản,https://tinnhiemmang.vn/danh-ba-tin-nhiem/dvcvrgovvn-1723880981
dvc.vst.mof.gov.vn,Kho bạc Nhà nước,31/08/2023,Chứng nhận cơ bản,https://tinnhiemmang.vn/danh-ba-tin-nhiem/dvcvstmofgovvn-1693447542
dvcnb.vista.gov.vn,Cục thông tin khoa học và công nghệ quốc gia,31/10/2024,Chứng nhận cơ bản,https://tinnhiemmang.vn/danh-ba-tin-nhiem/dvcnbvistagovvn-1730344663
dvctt.mof.gov.vn,Bộ Tài chính,29/06/2023,Chứng nhận cơ bản,https://tinnhiemmang.vn/danh-ba-tin-nhiem/dvcttmofgovvn-1688010137
dx.danang.gov.vn,Sở Thông tin và Truyền thông Đà Nẵng,25/11/2021,Chứng nhận cơ bản,https://tinnhiemmang.vn/danh-ba-tin-nhiem/dxdananggovvn-1637806027
dx.gov.vn,Uỷ ban Quốc gia về chuyển đổi số,26/09/2022,Chứng nhận nâng cao,https://tinnhiemmang.vn/danh-ba-tin-nhiem/dxgovvn-1664161848
dx.mic.gov.vn,Cục Tin học hoá,02/04/2021,Chứng nhận nâng cao,https://tinnhiemmang.vn/danh-ba-tin-nhiem/dxmicgovvn-1617347888
dx.moj.gov.vn,Cục Công nghệ Thông tin - Bộ Tư pháp,03/07/2024,Chứng nhận cơ bản,https://tinnhiemmang.vn/danh-ba-tin-nhiem/dxmojgovvn-1719998193
e-ict.gov.vn,Cục Công nghệ Thông tin - Bộ Giáo dục và Đào tạo,06/07/2023,Chứng nhận cơ bản,https://tinnhiemmang.vn/danh-ba-tin-nhiem/e-ictgovvn-1688638115
e-services.mps.gov.vn,Bộ Công An,01/11/2023,Chứng nhận cơ bản,https://tinnhiemmang.vn/danh-ba-tin-nhiem/e-servicesmpsgovvn-1698811215
e-services.nafosted.gov.vn,Quỹ Phát triển khoa học và công nghệ Quốc gia,19/07/2021,Chứng nhận cơ bản,https://tinnhiemmang.vn/danh-ba-tin-nhiem/e-servicesnafostedgovvn-1626685086
eahleo.daklak.gov.vn,"Huyện Ea HLeo, tỉnh Đắk Lắk",08/08/2024,Chứng nhận cơ bản,https://tinnhiemmang.vn/danh-ba-tin-nhiem/eahleodaklakgovvn-1723019431
ecabinet.quangngai.dcs.vn,Tỉnh ủy Quảng Ngãi,10/05/2021,Chứng nhận cơ bản,https://tinnhiemmang.vn/danh-ba-tin-nhiem/ecabinetquangngaidcsvn-1620635322
ecdn.vn,Sàn Thương mại điện tử Đồng Nai - Sở Công thương tỉnh Đồng Nai,21/02/2024,Chứng nhận cơ bản,https://tinnhiemmang.vn/danh-ba-tin-nhiem/ecdnvn-1708500300
ecogreen.com.vn,Công ty Cổ phần Dược phẩm ECO,09/02/2023,Chứng nhận cơ bản,https://tinnhiemmang.vn/danh-ba-tin-nhiem/ecogreencomvn-1675921376
ecopharma.com.vn,Công ty Cổ phần Dược phẩm ECO,09/02/2023,Chứng nhận cơ bản,https://tinnhiemmang.vn/danh-ba-tin-nhiem/ecopharmacomvn-1675921386
edu.hochiminhcity.gov.vn,Sở Giáo dục và Đào tạo Thành phố Hồ Chí Minh,09/10/2023,Chứng nhận cơ bản,https://tinnhiemmang.vn/danh-ba-tin-nhiem/eduhochiminhcitygovvn-1696832869
egov-kd.danang.gov.vn,Sở Thông tin và Truyền thông thành phố Đà Nẵng,17/07/2022,Chứng nhận cơ bản,https://tinnhiemmang.vn/danh-ba-tin-nhiem/egov-kddananggovvn-1657878305
egov.danang.gov.vn,Văn phòng UBND thành phố Đà Nẵng,24/11/2021,Chứng nhận cơ bản,https://tinnhiemmang.vn/danh-ba-tin-nhiem/egovdananggovvn-1637728062
ehealth.gov.vn,Cục Công nghệ thông tin - Bộ Y tế,14/07/2022,Chứng nhận cơ bản,https://tinnhiemmang.vn/danh-ba-tin-nhiem/ehealthgovvn-1626077192
eitsc.edu.vn,Cục Công nghệ Thông tin - Bộ Giáo dục và Đào tạo,06/07/2023,Chứng nhận cơ bản,https://tinnhiemmang.vn/danh-ba-tin-nhiem/eitsceduvn-1688638278
elearning.vss.gov.vn,Bảo hiểm Xã hội Việt Nam,16/07/2021,Chứng nhận cơ bản,https://tinnhiemmang.vn/danh-ba-tin-nhiem/elearningvssgovvn-1626405240
emis.misa.vn,Công ty Cổ phần MISA,18/01/2023,Chứng nhận cơ bản,https://tinnhiemmang.vn/danh-ba-tin-nhiem/emismisavn-1671071061
emoh.moh.gov.vn,Bộ Y tế,14/07/2022,Chứng nhận cơ bản,https://tinnhiemmang.vn/danh-ba-tin-nhiem/emohmohgovvn-1626078874
eng.hochiminhcity.gov.vn,Ủy ban nhân dân thành phố Hồ Chí Minh,09/10/2023,Chứng nhận cơ bản,https://tinnhiemmang.vn/danh-ba-tin-nhiem/enghochiminhcitygovvn-1696834543
eng.tayninh.gov.vn,Ủy ban nhân dân tỉnh Tây Ninh,24/11/2021,Chứng nhận cơ bản,https://tinnhiemmang.vn/danh-ba-tin-nhiem/engtayninhgovvn-1637641700
english.haiquanonline.com.vn,Tổng cục Hải quan,11/08/2023,Chứng nhận cơ bản,https://tinnhiemmang.vn/danh-ba-tin-nhiem/englishhaiquanonlinecomvn-1691726564
english.vinhlong.gov.vn,Văn phòng UBND tỉnh Vĩnh Long,25/05/2023,Chứng nhận cơ bản,https://tinnhiemmang.vn/danh-ba-tin-nhiem/englishvinhlonggovvn-1684915827
eoffice.moet.gov.vn,Bộ Giáo dục và Đào tạo,06/07/2023,Chứng nhận cơ bản,https://tinnhiemmang.vn/danh-ba-tin-nhiem/eofficemoetgovvn-1688637918
eoffice.vss.gov.vn,Bảo hiểm Xã hội Việt Nam,29/07/2024,Chứng nhận cơ bản,https://tinnhiemmang.vn/danh-ba-tin-nhiem/eofficevssgovvn-1627444900
epayment.customs.gov.vn,Tổng cục Hải quan,11/08/2023,Chứng nhận cơ bản,https://tinnhiemmang.vn/danh-ba-tin-nhiem/epaymentcustomsgovvn-1691726555
eqtc.com.vn,Công Ty TNHH Thương Mại Dịch Vụ Điện Lạnh Q.T.C,25/05/2022,Chứng nhận cơ bản,https://tinnhiemmang.vn/danh-ba-tin-nhiem/eqtccomvn-1651822180
eqtc.vn,Công Ty TNHH Thương Mại Dịch Vụ Điện Lạnh Q.T.C,25/05/2022,Chứng nhận cơ bản,https://tinnhiemmang.vn/danh-ba-tin-nhiem/eqtcvn-1653466632
eqvn.net,Công ty CP Phát triển Công nghệ và truyền thông EQ,02/12/2021,Chứng nhận cơ bản,https://tinnhiemmang.vn/danh-ba-tin-nhiem/eqvnnet-1637735668
esign.misa.vn,Công ty Cổ phần MISA,18/01/2023,Chứng nhận cơ bản,https://tinnhiemmang.vn/danh-ba-tin-nhiem/esignmisavn-1674026559
etaxvn.gdt.gov.vn,Tổng cục Thuế,10/08/2023,Chứng nhận cơ bản,https://tinnhiemmang.vn/danh-ba-tin-nhiem/etaxvngdtgovvn-1691655004
etime.danviet.vn,Báo điện tử Dân Việt,29/03/2023,Chứng nhận cơ bản,https://tinnhiemmang.vn/danh-ba-tin-nhiem/etimedanvietvn-1626259516
evidifi.vn,Công ty TNHH MTV Quản lý và khai thác đường ô tô cao tốc Hà Nội – Hải Phòng,13/01/2023,Chứng nhận cơ bản,https://tinnhiemmang.vn/danh-ba-tin-nhiem/evidifivn-1671792157
evt.vn,Công Ty TNHH Trang Sức Em và Tôi,13/12/2021,Chứng nhận cơ bản,https://tinnhiemmang.vn/danh-ba-tin-nhiem/evtvn-1639362028
ezseo.vn,Công Ty TNHH MTV Ezseo,08/07/2022,Chứng nhận cơ bản,https://tinnhiemmang.vn/danh-ba-tin-nhiem/ezseovn-1652814343
fado.vn,Công Ty Cổ Phần Fado Global,18/05/2022,Chứng nhận cơ bản,https://tinnhiemmang.vn/danh-ba-tin-nhiem/fadovn-1652697786
faq.baohiemxahoi.gov.vn,Bảo hiểm Xã hội Việt Nam,29/09/2021,Chứng nhận cơ bản,https://tinnhiemmang.vn/danh-ba-tin-nhiem/faqbaohiemxahoigovvn-1632906214
faz.com.vn,Công ty Cổ phần Dược phẩm ECO,09/02/2023,Chứng nhận cơ bản,https://tinnhiemmang.vn/danh-ba-tin-nhiem/fazcomvn-1672914405
festivalhoa.lamdong.gov.vn,Festivalhoa Đà Lạt,30/10/2024,Chứng nhận cơ bản,https://tinnhiemmang.vn/danh-ba-tin-nhiem/festivalhoalamdonggovvn-1730190285
firstsound.vn,Công ty cổ phần âm thanh Firstsound,30/12/2021,Chứng nhận cơ bản,https://tinnhiemmang.vn/danh-ba-tin-nhiem/firstsoundvn-1640849114
fivedigital.vn,Công ty TNHH Five Digital,23/11/2022,Chứng nhận cơ bản,https://tinnhiemmang.vn/danh-ba-tin-nhiem/fivedigitalvn-1669167786
fpdf.dienbien.gov.vn,Quỹ Bảo vệ và Phát triển rừng tỉnh Điện,11/02/2025,Chứng nhận cơ bản,https://tinnhiemmang.vn/danh-ba-tin-nhiem/fpdfdienbiengovvn-1739239847
fumandoor.vn,Công ty TNHH Cửa Phú Mỹ Hưng,06/02/2023,Chứng nhận cơ bản,https://tinnhiemmang.vn/danh-ba-tin-nhiem/fumandoorvn-1675219446
gaditi.com,Công Ty TNHH Công Nghệ GADITI,03/06/2022,Chứng nhận cơ bản,https://tinnhiemmang.vn/danh-ba-tin-nhiem/gaditicom-1653557597
gaophuongnam.vn,Công Ty Cổ Phần Lương Thực Phương Nam,16/05/2022,Chứng nhận cơ bản,https://tinnhiemmang.vn/danh-ba-tin-nhiem/gaophuongnamvn-1652693460
gaovinhhien.vn,Công Ty Cổ Phần Vinh Hiển Farm,09/09/2022,Chứng nhận cơ bản,https://tinnhiemmang.vn/danh-ba-tin-nhiem/gaovinhhienvn-1662690669
gashoangson.com,Gas Hoàng Sơn,14/06/2022,Chứng nhận cơ bản,https://tinnhiemmang.vn/danh-ba-tin-nhiem/gashoangsoncom-1655173847
gass.edu.vn,Học viện Khoa học xã hội,12/08/2021,Chứng nhận cơ bản,https://tinnhiemmang.vn/danh-ba-tin-nhiem/gasseduvn-1628740835
gdbhyt.baohiemxahoi.gov.vn,Bảo hiểm Xã hội Việt Nam,16/07/2021,Chứng nhận cơ bản,https://tinnhiemmang.vn/danh-ba-tin-nhiem/gdbhytbaohiemxahoigovvn-1626405259
gdktthhnbdnhagiao.haiphong.edu.vn,Trung tâm giáo dục kỹ thuật tổng hợp hướng nghiệp và bồi dưỡng nhà giáo,08/07/2024,Chứng nhận cơ bản,https://tinnhiemmang.vn/danh-ba-tin-nhiem/gdktthhnbdnhagiaohaiphongeduvn-1715159179
gdnn-gdtxdakto.edu.vn,Trung tâm GDNN - GDTX huyện Đăk Tô,15/10/2024,Chứng nhận cơ bản,https://tinnhiemmang.vn/danh-ba-tin-nhiem/gdnn-gdtxdaktoeduvn-1728872475
gdnn-gdtxhaian.haiphong.edu.vn,Trung tâm GDNN-GDTX quận Hải An,05/07/2024,Chứng nhận cơ bản,https://tinnhiemmang.vn/danh-ba-tin-nhiem/gdnn-gdtxhaianhaiphongeduvn-1719879255
gdnn-gdtxhongbang.haiphong.edu.vn,Trung tâm GDNN-GDTX quận Hồng Bàng,05/07/2024,Chứng nhận cơ bản,https://tinnhiemmang.vn/danh-ba-tin-nhiem/gdnn-gdtxhongbanghaiphongeduvn-1715155224
gdnn-gdtxlechan.haiphong.edu.vn,Trung tâm GDNN-GDTX Quận Lê Chân,05/07/2024,Chứng nhận cơ bản,https://tinnhiemmang.vn/danh-ba-tin-nhiem/gdnn-gdtxlechanhaiphongeduvn-1720169355
gdnn-gdtxngoquyen.haiphong.edu.vn,"Trung tâm GDNN - GDTX Quận Ngô Quyền, Thành Phố Hải Phòng",08/07/2024,Chứng nhận cơ bản,https://tinnhiemmang.vn/danh-ba-tin-nhiem/gdnn-gdtxngoquyenhaiphongeduvn-1715157924
gdnn-gdtxthuynguyen.haiphong.edu.vn,Trung tâm GDNN - GDTX huyện Thủy Nguyên,09/07/2024,Chứng nhận cơ bản,https://tinnhiemmang.vn/danh-ba-tin-nhiem/gdnn-gdtxthuynguyenhaiphongeduvn-1720504584
gdnn-gdtxtienlang.haiphong.edu.vn,Trung tâm GDNN - GDTX huyện Tiên Lãng,08/07/2024,Chứng nhận cơ bản,https://tinnhiemmang.vn/danh-ba-tin-nhiem/gdnn-gdtxtienlanghaiphongeduvn-1715156854
gdnn.bacninh.gov.vn,Sở Lao Động - Thương Binh Và Xã Hội Bắc Ninh,30/11/2021,Chứng nhận cơ bản,https://tinnhiemmang.vn/danh-ba-tin-nhiem/gdnnbacninhgovvn-1638240253
gdnn.tphcm.gov.vn,Sở Lao động - Thương binh và Xã hội Thành phố Hồ Chí Minh,28/06/2023,Chứng nhận cơ bản,https://tinnhiemmang.vn/danh-ba-tin-nhiem/gdnntphcmgovvn-1687833322
gdsr.gov.vn,Tổng cục Dự trữ Nhà nước - Bộ Tài chính,21/07/2023,Chứng nhận cơ bản,https://tinnhiemmang.vn/danh-ba-tin-nhiem/gdsrgovvn-1689926139
gdt.gov.vn,Tổng cục Thuế,10/08/2023,Chứng nhận cơ bản,https://tinnhiemmang.vn/danh-ba-tin-nhiem/gdtgovvn-1691655000
gdtx-tnxp.hochiminhcity.gov.vn,Trung tâm Giáo dục thường xuyên Thanh niên xung phong,26/07/2024,Chứng nhận cơ bản,https://tinnhiemmang.vn/danh-ba-tin-nhiem/gdtx-tnxphochiminhcitygovvn-1721892296
gdtxcranh.khanhhoa.edu.vn,"Trung tâm GDTX Nha Trang, tỉnh Khánh Hòa",09/08/2023,Chứng nhận cơ bản,https://tinnhiemmang.vn/danh-ba-tin-nhiem/gdtxcranhkhanhhoaeduvn-1691555049
gdtxnhoa.khanhhoa.edu.vn,"Trung tâm GDTX-HN Ninh Hòa, tỉnh Khánh Hòa",09/08/2023,Chứng nhận cơ bản,https://tinnhiemmang.vn/danh-ba-tin-nhiem/gdtxnhoakhanhhoaeduvn-1691555161
gdtxntrang.khanhhoa.edu.vn,"Trung tâm GDTX Nha Trang, tỉnh Khánh Hòa",09/08/2023,Chứng nhận cơ bản,https://tinnhiemmang.vn/danh-ba-tin-nhiem/gdtxntrangkhanhhoaeduvn-1691555104
gdtxthanhnienxungphong.hcm.edu.vn,Trung tâm Giáo dục thường xuyên Thanh niên xung phong,26/07/2024,Chứng nhận cơ bản,https://tinnhiemmang.vn/danh-ba-tin-nhiem/gdtxthanhnienxungphonghcmeduvn-1721892337
gdtxtinh.khanhhoa.edu.vn,Trung tâm GDTX tỉnh Khánh Hòa,09/08/2023,Chứng nhận cơ bản,https://tinnhiemmang.vn/danh-ba-tin-nhiem/gdtxtinhkhanhhoaeduvn-1691555217
gdyk.vinhlong.gov.vn,Trung tâm Giám định Y khoa tỉnh Vĩnh Long,19/03/2024,Chứng nhận cơ bản,https://tinnhiemmang.vn/danh-ba-tin-nhiem/gdykvinhlonggovvn-1710815064
gento.vn,GENTO Leather,02/06/2022,Chứng nhận cơ bản,https://tinnhiemmang.vn/danh-ba-tin-nhiem/gentovn-1654058760
giaanproperty.vn,Công ty TNHH Công Nghệ Bất Động Sản Gia An,31/10/2022,Chứng nhận cơ bản,https://tinnhiemmang.vn/danh-ba-tin-nhiem/giaanpropertyvn-1634973233
giabinh.bacninh.gov.vn,"Huyện Gia Bình, tỉnh Bắc Ninh",25/01/2022,Chứng nhận cơ bản,https://tinnhiemmang.vn/danh-ba-tin-nhiem/giabinhbacninhgovvn-1643011989
giahiep.dilinh.lamdong.gov.vn,UBND xã Gia Hiệp - tỉnh Lâm Đồng,16/09/2024,Chứng nhận cơ bản,https://tinnhiemmang.vn/danh-ba-tin-nhiem/giahiepdilinhlamdonggovvn-1711531023
giaithuong.gov.vn,Viện Tiêu chuẩn Chất lượng Việt Nam - Bộ Khoa học và Công nghệ,04/03/2024,Chứng nhận cơ bản,https://tinnhiemmang.vn/danh-ba-tin-nhiem/giaithuonggovvn-1709538277
giaithuong.org.vn,Viện Tiêu chuẩn Chất lượng Việt Nam - Bộ Khoa học và Công nghệ,04/03/2024,Chứng nhận cơ bản,https://tinnhiemmang.vn/danh-ba-tin-nhiem/giaithuongorgvn-1709538685
gialai.baohiemxahoi.gov.vn,Bảo Hiểm Xã Hội tỉnh Gia Lai,28/07/2021,Chứng nhận cơ bản,https://tinnhiemmang.vn/danh-ba-tin-nhiem/gialaibaohiemxahoigovvn-1627466249
gialai.edu.vn,Sở Giáo dục và Đào tạo tỉnh Gia Lai,24/01/2024,Chứng nhận cơ bản,https://tinnhiemmang.vn/danh-ba-tin-nhiem/gialaieduvn-1706063543
gialai.gdt.gov.vn,Cục Thuế tỉnh Gia Lai,10/08/2023,Chứng nhận cơ bản,https://tinnhiemmang.vn/danh-ba-tin-nhiem/gialaigdtgovvn-1691655823
gialai.gov.vn,Ủy ban nhân dân tỉnh Gia Lai,12/05/2021,Chứng nhận cơ bản,https://tinnhiemmang.vn/danh-ba-tin-nhiem/gialaigovvn-1620803884
gialai.toaan.gov.vn,Tòa án nhân dân tỉnh Gia Lai,07/04/2023,Chứng nhận cơ bản,https://tinnhiemmang.vn/danh-ba-tin-nhiem/gialaitoaangovvn-1679901594
gialam.hanoi.gov.vn,"Huyện Gia Lâm, Thành phố Hà Nội",15/06/2021,Chứng nhận cơ bản,https://tinnhiemmang.vn/danh-ba-tin-nhiem/gialamhanoigovvn-1623518729
giamcanhieuqua.vn,Hộ kinh doanh Ngọc Hân Beauty,05/07/2022,Chứng nhận cơ bản,https://tinnhiemmang.vn/danh-ba-tin-nhiem/giamcanhieuquavn-1656927377
giangbien.longbien.hanoi.gov.vn,"UBND Phường Giang Biên, quận Long Biên, Hà Nội",11/12/2023,Chứng nhận cơ bản,https://tinnhiemmang.vn/danh-ba-tin-nhiem/giangbienlongbienhanoigovvn-1702272946
giaoducthoidai.vn,Báo Giáo dục và Thời đại,29/03/2023,Chứng nhận cơ bản,https://tinnhiemmang.vn/danh-ba-tin-nhiem/giaoducthoidaivn-1630313748
giaoducthudo.giaoducthoidai.vn,Báo Giáo dục và Thời đại,29/03/2023,Chứng nhận cơ bản,https://tinnhiemmang.vn/danh-ba-tin-nhiem/giaoducthudogiaoducthoidaivn-1630313766
giathuecanho.com,Công ty TNHH Giathuecanho.com,08/08/2022,Chứng nhận cơ bản,https://tinnhiemmang.vn/danh-ba-tin-nhiem/giathuecanhocom-1659601746
giathuy.longbien.hanoi.gov.vn,"UBND Phường Gia Thụy, quận Long Biên, Hà Nội",11/12/2023,Chứng nhận cơ bản,https://tinnhiemmang.vn/danh-ba-tin-nhiem/giathuylongbienhanoigovvn-1702272883
giavan.giavien.ninhbinh.gov.vn,"Uỷ ban nhân dân xã Gia Vân, huyện Gia Viễn, tỉnh Ninh Bình",26/06/2024,Chứng nhận cơ bản,https://tinnhiemmang.vn/danh-ba-tin-nhiem/giavangiavienninhbinhgovvn-1719281860
giaviencattien.lamdong.gov.vn,"UBND Xã Gia Viễn, Huyện Cát Tiên, Tỉnh Lâm Đồng",15/11/2023,Chứng nhận cơ bản,https://tinnhiemmang.vn/danh-ba-tin-nhiem/giaviencattienlamdonggovvn-1699936168
gis.cantho.gov.vn,UBND Thành phố Cần Thơ,17/11/2021,Chứng nhận cơ bản,https://tinnhiemmang.vn/danh-ba-tin-nhiem/giscanthogovvn-1637057565
gisportal.danang.gov.vn,Sở Tài nguyên và Môi trường Đà Nẵng,25/11/2021,Chứng nhận cơ bản,https://tinnhiemmang.vn/danh-ba-tin-nhiem/gisportaldananggovvn-1637806104
giupbanhocnghe.com,Công ty TNHH Tin học và Ngoại ngữ THL,18/11/2021,Chứng nhận cơ bản,https://tinnhiemmang.vn/danh-ba-tin-nhiem/giupbanhocnghecom-1637191848
gladimax.com,Công Ty TNHH Thời Trang Quốc Tế Gladimax,10/08/2022,Chứng nhận cơ bản,https://tinnhiemmang.vn/danh-ba-tin-nhiem/gladimaxcom-1658732680
gmp.com.vn,Công ty cổ phần GMPC Việt Nam,16/11/2022,Chứng nhận cơ bản,https://tinnhiemmang.vn/danh-ba-tin-nhiem/gmpcomvn-1667542615
gntt.ninhbinh.gov.vn,Sở Thông tin và Truyền thông tỉnh Ninh Bình,22/07/2024,Chứng nhận cơ bản,https://tinnhiemmang.vn/danh-ba-tin-nhiem/gnttninhbinhgovvn-1721619917
gnvb.binhthuan.dcs.vn,Văn phòng Tỉnh ủy Bình Thuận,02/01/2024,Chứng nhận cơ bản,https://tinnhiemmang.vn/danh-ba-tin-nhiem/gnvbbinhthuandcsvn-1703815203
gnvb.travinh.dcs.vn,Tỉnh ủy Trà Vinh,12/01/2022,Chứng nhận cơ bản,https://tinnhiemmang.vn/danh-ba-tin-nhiem/gnvbtravinhdcsvn-1641979321
gobranding.com.vn,Công ty Cổ phần Global Online Branding,28/10/2022,Chứng nhận cơ bản,https://tinnhiemmang.vn/danh-ba-tin-nhiem/gobrandingcomvn-1666955845
godau.tayninh.gov.vn,Uỷ ban nhân dân huyện Gò Dầu tỉnh Tây Ninh,24/11/2021,Chứng nhận cơ bản,https://tinnhiemmang.vn/danh-ba-tin-nhiem/godautayninhgovvn-1637640374
goglobal.moit.gov.vn,"Vụ Thị trường châu Âu – châu Mỹ, Bộ Công thương",17/01/2022,Chứng nhận cơ bản,https://tinnhiemmang.vn/danh-ba-tin-nhiem/goglobalmoitgovvn-1642154128
golfcity.com.vn,Golf Group,14/12/2021,Chứng nhận cơ bản,https://tinnhiemmang.vn/danh-ba-tin-nhiem/golfcitycomvn-1639454210
golfgroup.com.vn,Golf Group,14/12/2021,Chứng nhận cơ bản,https://tinnhiemmang.vn/danh-ba-tin-nhiem/golfgroupcomvn-1635908947
gomsugt.com,Công ty TNHH phát triển thương mại G&T Việt Nam,28/11/2022,Chứng nhận cơ bản,https://tinnhiemmang.vn/danh-ba-tin-nhiem/gomsugtcom-1669620342
gopy.danang.gov.vn,"Trung tâm Thông tin và giám sát, điều hành thông minh Đà Nẵng",28/12/2023,Chứng nhận cơ bản,https://tinnhiemmang.vn/danh-ba-tin-nhiem/gopydananggovvn-1703733310
govap.hochiminhcity.gov.vn,Ủy ban Nhân dân Quận Gò Vấp - TP Hồ Chí Minh,16/06/2023,Chứng nhận cơ bản,https://tinnhiemmang.vn/danh-ba-tin-nhiem/govaphochiminhcitygovvn-1686806527
gplx.gov.vn,Tổng cục Đường bộ Việt Nam,11/08/2021,Chứng nhận cơ bản,https://tinnhiemmang.vn/danh-ba-tin-nhiem/gplxgovvn-1628680360
gps.customs.gov.vn,Tổng cục Hải quan,11/08/2023,Chứng nhận cơ bản,https://tinnhiemmang.vn/danh-ba-tin-nhiem/gpscustomsgovvn-1691726557
gskygo.com,Vina Aspire,03/11/2021,Chứng nhận cơ bản,https://tinnhiemmang.vn/danh-ba-tin-nhiem/gskygocom-1635474520
gtvt.sonla.gov.vn,Sở Giao thông Vận tải Sơn La,17/06/2021,Chứng nhận cơ bản,https://tinnhiemmang.vn/danh-ba-tin-nhiem/gtvtsonlagovvn-1623901659
gtvttw1.edu.vn,Trường Cao đẳng Giao thông vận tải Trung ương I,11/08/2021,Chứng nhận cơ bản,https://tinnhiemmang.vn/danh-ba-tin-nhiem/gtvttw1eduvn-1628681406
gungre.dilinh.lamdong.gov.vn,Ủy ban nhân dân xã Gung Ré,23/08/2024,Chứng nhận cơ bản,https://tinnhiemmang.vn/danh-ba-tin-nhiem/gungredilinhlamdonggovvn-1724297684
hadong.hanoi.gov.vn,"Quận Hà Đông, Thành phố Hà Nội",15/06/2021,Chứng nhận cơ bản,https://tinnhiemmang.vn/danh-ba-tin-nhiem/hadonghanoigovvn-1623515131
hagiang.baohiemxahoi.gov.vn,Bảo hiểm xã hội tỉnh Hà Giang,19/07/2021,Chứng nhận cơ bản,https://tinnhiemmang.vn/danh-ba-tin-nhiem/hagiangbaohiemxahoigovvn-1626665772
hagiang.gdt.gov.vn,Cục Thuế tỉnh Hà Giang,10/08/2023,Chứng nhận cơ bản,https://tinnhiemmang.vn/danh-ba-tin-nhiem/hagianggdtgovvn-1691655950
hagiang.toaan.gov.vn,Tòa án nhân dân tỉnh Hà Giang,07/04/2023,Chứng nhận cơ bản,https://tinnhiemmang.vn/danh-ba-tin-nhiem/hagiangtoaangovvn-1679901531
hagintea.com,Công ty TNHH Hagintea,10/06/2022,Chứng nhận cơ bản,https://tinnhiemmang.vn/danh-ba-tin-nhiem/haginteacom-1654829906
hahoa.phutho.gov.vn,UBND huyện Hạ Hòa tỉnh Phú Thọ,03/10/2023,Chứng nhận cơ bản,https://tinnhiemmang.vn/danh-ba-tin-nhiem/hahoaphuthogovvn-1696237903
haian.haiphong.gov.vn,Uỷ ban nhân dân quận Hải An,21/05/2024,Chứng nhận cơ bản,https://tinnhiemmang.vn/danh-ba-tin-nhiem/haianhaiphonggovvn-1714730787
haibatrung.hanoi.gov.vn,UBND quận Hai Bà Trưng thành phố Hà Nội,10/05/2023,Chứng nhận cơ bản,https://tinnhiemmang.vn/danh-ba-tin-nhiem/haibatrunghanoigovvn-1683537510
haichau.danang.gov.vn,"UBND quận Hải Châu, Đà Nẵng",25/11/2021,Chứng nhận cơ bản,https://tinnhiemmang.vn/danh-ba-tin-nhiem/haichaudananggovvn-1637746914
haiduong.baohiemxahoi.gov.vn,Bảo hiểm xã hội Tỉnh Hải Dương,28/07/2021,Chứng nhận cơ bản,https://tinnhiemmang.vn/danh-ba-tin-nhiem/haiduongbaohiemxahoigovvn-1627458940
haiduong.edu.vn,Sở Giáo dục và Đào tạo tỉnh Hải Dương,31/01/2024,Chứng nhận cơ bản,https://tinnhiemmang.vn/danh-ba-tin-nhiem/haiduongeduvn-1706684600
haiduong.gdt.gov.vn,Cục Thuế tỉnh Hải Dương,07/10/2024,Chứng nhận cơ bản,https://tinnhiemmang.vn/danh-ba-tin-nhiem/haiduonggdtgovvn-1728268230
haiduong.toaan.gov.vn,Tòa án nhân dân tỉnh Hải Dương,07/04/2023,Chứng nhận cơ bản,https://tinnhiemmang.vn/danh-ba-tin-nhiem/haiduongtoaangovvn-1679901470
hailocvn.com,Công ty TNHH Đầu Tư Thương Mại  Xuất Nhập Khẩu Hải Lộc,02/12/2021,Chứng nhận cơ bản,https://tinnhiemmang.vn/danh-ba-tin-nhiem/hailocvncom-1637744872
haiphong.baohiemxahoi.gov.vn,Bảo Hiểm Xã Hội Thành Phố Hải Phòng,28/07/2021,Chứng nhận cơ bản,https://tinnhiemmang.vn/danh-ba-tin-nhiem/haiphongbaohiemxahoigovvn-1627459370
haiphong.edu.vn,Sở Giáo dục và Đào tạo Hải Phòng,23/11/2023,Chứng nhận cơ bản,https://tinnhiemmang.vn/danh-ba-tin-nhiem/haiphongeduvn-1700661523
haiphong.gdt.gov.vn,Cục Thuế Thành phố Hải Phòng,10/08/2023,Chứng nhận cơ bản,https://tinnhiemmang.vn/danh-ba-tin-nhiem/haiphonggdtgovvn-1691656273
haiphong.gov.vn,Ủy ban nhân dân thành phố Hải Phòng,08/02/2023,Chứng nhận cơ bản,https://tinnhiemmang.vn/danh-ba-tin-nhiem/haiphonggovvn-1675822580
haiphong.toaan.gov.vn,Tòa án nhân dân thành phố Hải Phòng,07/04/2023,Chứng nhận cơ bản,https://tinnhiemmang.vn/danh-ba-tin-nhiem/haiphongtoaangovvn-1679901391
haiphongnews.gov.vn,Sở Ngoại vụ thành phố Hải Phòng,02/05/2024,Chứng nhận cơ bản,https://tinnhiemmang.vn/danh-ba-tin-nhiem/haiphongnewsgovvn-1714098003
haiquanonline.com.vn,Tổng cục Hải quan,11/08/2023,Chứng nhận cơ bản,https://tinnhiemmang.vn/danh-ba-tin-nhiem/haiquanonlinecomvn-1691726561
halang.caobang.gov.vn,"UBND huyện Hạ Lang, tỉnh Cao Bằng",29/06/2023,Chứng nhận cơ bản,https://tinnhiemmang.vn/danh-ba-tin-nhiem/halangcaobanggovvn-1688026417
halink.vn,Công Ty TNHH Thương Mại Dịch Vụ Halink,22/06/2022,Chứng nhận cơ bản,https://tinnhiemmang.vn/danh-ba-tin-nhiem/halinkvn-1653729406
haliti.com.vn,Công ty TNHH Haliti Việt Nam,15/11/2021,Chứng nhận cơ bản,https://tinnhiemmang.vn/danh-ba-tin-nhiem/haliticomvn-1635248426
halongcity.gov.vn,UBND tỉnh Quảng Ninh,03/07/2023,Chứng nhận cơ bản,https://tinnhiemmang.vn/danh-ba-tin-nhiem/halongcitygovvn-1688131079
halongtourism.info,Trung tâm Thông tin Xúc tiến du lịch Quảng Ninh,16/11/2021,Chứng nhận cơ bản,https://tinnhiemmang.vn/danh-ba-tin-nhiem/halongtourisminfo-1637037600
hanam.baohiemxahoi.gov.vn,Bảo Hiểm Xã Hội tỉnh Hà Nam,28/07/2021,Chứng nhận cơ bản,https://tinnhiemmang.vn/danh-ba-tin-nhiem/hanambaohiemxahoigovvn-1627459789
hanam.gdt.gov.vn,Cục Thuế tỉnh Hà Nam,10/08/2023,Chứng nhận cơ bản,https://tinnhiemmang.vn/danh-ba-tin-nhiem/hanamgdtgovvn-1691655867
hanam.toaan.gov.vn,Tòa án nhân dân tỉnh Hà Nam,07/04/2023,Chứng nhận cơ bản,https://tinnhiemmang.vn/danh-ba-tin-nhiem/hanamtoaangovvn-1679901316
hancapquang.net,Công Ty TNHH Công Nghệ Viễn Thông AZ,10/08/2022,Chứng nhận cơ bản,https://tinnhiemmang.vn/danh-ba-tin-nhiem/hancapquangnet-1659317587
hangchinhhieu.vn,Công ty TNHH công nghệ Hoàng Mai,04/07/2022,Chứng nhận cơ bản,https://tinnhiemmang.vn/danh-ba-tin-nhiem/hangchinhhieuvn-1656081636
hanggiadung.org,Hộ kinh doanh Hàng gia dụng,19/12/2022,Chứng nhận cơ bản,https://tinnhiemmang.vn/danh-ba-tin-nhiem/hanggiadungorg-1668391234
hanhdongvimoitruong.laocai.gov.vn,UBND tỉnh Lào Cai,25/11/2021,Chứng nhận cơ bản,https://tinnhiemmang.vn/danh-ba-tin-nhiem/hanhdongvimoitruonglaocaigovvn-1637812278
hanhtrinhso.danang.gov.vn,"Trung tâm Thông tin và giám sát, điều hành thông minh Đà Nẵng",02/01/2024,Chứng nhận cơ bản,https://tinnhiemmang.vn/danh-ba-tin-nhiem/hanhtrinhsodananggovvn-1703814505
hanoi.baohiemxahoi.gov.vn,Bảo hiểm xã hội thành phố Hà Nội,19/07/2021,Chứng nhận cơ bản,https://tinnhiemmang.vn/danh-ba-tin-nhiem/hanoibaohiemxahoigovvn-1626665681
hanoi.edu.vn,Sở Giáo dục và Đào tạo thành phố Hà Nội,11/12/2023,Chứng nhận cơ bản,https://tinnhiemmang.vn/danh-ba-tin-nhiem/hanoieduvn-1702271055
hanoi.gdt.gov.vn,Cục Thuế Thành phố Hà Nội,10/08/2023,Chứng nhận cơ bản,https://tinnhiemmang.vn/danh-ba-tin-nhiem/hanoigdtgovvn-1691655907
hanoi.gov.vn,Bệnh viện đa khoa Đông Anh,20/06/2024,Chứng nhận cơ bản,https://tinnhiemmang.vn/danh-ba-tin-nhiem/hanoigovvn-1718854863
hanoi.toaan.gov.vn,Tòa án nhân dân thành phố Hà Nội,07/04/2023,Chứng nhận cơ bản,https://tinnhiemmang.vn/danh-ba-tin-nhiem/hanoitoaangovvn-1679901195
hanoibylocals.com,Công ty TNHH Du lịch&Dịch vụ Onevivu,29/08/2022,Chứng nhận cơ bản,https://tinnhiemmang.vn/danh-ba-tin-nhiem/hanoibylocalscom-1661757466
hanoimoi.vn,Báo điện tử Hà Nội mới,10/05/2024,Chứng nhận cơ bản,https://tinnhiemmang.vn/danh-ba-tin-nhiem/hanoimoivn-1705157464
hapi.hanoi.gov.vn,Sở Kế hoạch và Đầu tư thành phố Hà Nội,11/12/2023,Chứng nhận cơ bản,https://tinnhiemmang.vn/danh-ba-tin-nhiem/hapihanoigovvn-1702270903
happysvietnam.com,Công Ty TNHH Thương Mại Công Nghệ VSC,26/07/2022,Chứng nhận cơ bản,https://tinnhiemmang.vn/danh-ba-tin-nhiem/happysvietnamcom-1656134137
haquang.caobang.gov.vn,"UBND huyện Hà Quảng, tỉnh Cao Bằng",29/06/2023,Chứng nhận cơ bản,https://tinnhiemmang.vn/danh-ba-tin-nhiem/haquangcaobanggovvn-1688026223
hatinh.baohiemxahoi.gov.vn,Bảo Hiểm Xã Hội tỉnh Hà Tĩnh,28/07/2021,Chứng nhận cơ bản,https://tinnhiemmang.vn/danh-ba-tin-nhiem/hatinhbaohiemxahoigovvn-1627462966
hatinh.gdt.gov.vn,Cục Thuế tỉnh Hà Tĩnh,10/08/2023,Chứng nhận cơ bản,https://tinnhiemmang.vn/danh-ba-tin-nhiem/hatinhgdtgovvn-1691656001
hatinh.gov.vn,UBND Tỉnh Hà Tĩnh,11/03/2024,Chứng nhận cơ bản,https://tinnhiemmang.vn/danh-ba-tin-nhiem/hatinhgovvn-1709783653
hatinh.toaan.gov.vn,Tòa án nhân dân tỉnh Hà Tĩnh,07/04/2023,Chứng nhận cơ bản,https://tinnhiemmang.vn/danh-ba-tin-nhiem/hatinhtoaangovvn-1679901021
hatrung.thanhhoa.gov.vn,UBND huyện Hà Trung tỉnh Thanh Hóa,01/08/2023,Chứng nhận cơ bản,https://tinnhiemmang.vn/danh-ba-tin-nhiem/hatrungthanhhoagovvn-1690781648
haugiang.baohiemxahoi.gov.vn,Bảo Hiểm Xã Hội tỉnh Hậu Giang,28/07/2021,Chứng nhận cơ bản,https://tinnhiemmang.vn/danh-ba-tin-nhiem/haugiangbaohiemxahoigovvn-1627464479
haugiang.edu.vn,Sở Giáo dục và Đào tạo tỉnh Hậu Giang,18/07/2022,Chứng nhận cơ bản,https://tinnhiemmang.vn/danh-ba-tin-nhiem/haugiangeduvn-1657872235
haugiang.gdt.gov.vn,Cục Thuế tỉnh Hậu Giang,10/08/2023,Chứng nhận cơ bản,https://tinnhiemmang.vn/danh-ba-tin-nhiem/haugianggdtgovvn-1691656342
haugiang.toaan.gov.vn,Tòa án nhân dân tỉnh Hậu Giang,07/04/2023,Chứng nhận cơ bản,https://tinnhiemmang.vn/danh-ba-tin-nhiem/haugiangtoaangovvn-1679900911
hauloc.thanhhoa.gov.vn,"UBND Huyện Hậu Lộc, tỉnh Thanh Hóa",01/08/2023,Chứng nhận cơ bản,https://tinnhiemmang.vn/danh-ba-tin-nhiem/haulocthanhhoagovvn-1690782485
hcc.bacninh.gov.vn,Trung Tâm Hành Chính Công Tỉnh Bắc Ninh,30/11/2021,Chứng nhận cơ bản,https://tinnhiemmang.vn/danh-ba-tin-nhiem/hccbacninhgovvn-1638240768
hcc.laocai.gov.vn,Trung tâm Phục vụ hành chính công tỉnh Lào Cai,25/11/2021,Chứng nhận cơ bản,https://tinnhiemmang.vn/danh-ba-tin-nhiem/hcclaocaigovvn-1637812030
hcc.thanhhoa.gov.vn,Trung tâm phục vụ hành chính công tỉnh Thanh Hóa,26/07/2021,Chứng nhận cơ bản,https://tinnhiemmang.vn/danh-ba-tin-nhiem/hccthanhhoagovvn
hcmegov.hochiminhcity.gov.vn,Sở Thông tin và Truyền thông thành phố Hồ Chí Minh,09/10/2023,Chứng nhận cơ bản,https://tinnhiemmang.vn/danh-ba-tin-nhiem/hcmegovhochiminhcitygovvn-1696833290
hcmm.gov.vn,Ban Quản lý Lăng Chủ tịch Hồ Chí Minh,29/06/2021,Chứng nhận cơ bản,https://tinnhiemmang.vn/danh-ba-tin-nhiem/hcmmgovvn-1624937527
hcmpass.hochiminhcity.gov.vn,Sở Thông tin và Truyền thông thành phố Hồ Chí Minh,09/10/2023,Chứng nhận cơ bản,https://tinnhiemmang.vn/danh-ba-tin-nhiem/hcmpasshochiminhcitygovvn-1696833295
hcmtax.gov.vn,Cục Thuế Thành phố Hồ Chí Minh,30/09/2023,Chứng nhận cơ bản,https://tinnhiemmang.vn/danh-ba-tin-nhiem/hcmtaxgovvn-1695959299
hcom.vn,Công ty CP Đầu Tư HCOM,12/05/2022,Chứng nhận cơ bản,https://tinnhiemmang.vn/danh-ba-tin-nhiem/hcomvn-1652339569
hctd.gialai.org.vn,Hội Chữ thập đỏ tỉnh Gia Lai,24/01/2024,Chứng nhận cơ bản,https://tinnhiemmang.vn/danh-ba-tin-nhiem/hctdgialaiorgvn-1706063693
hdnd.danang.gov.vn,Văn phòng Đoàn ĐBQH và HĐND tỉnh Thanh Hóa,15/12/2023,Chứng nhận cơ bản,https://tinnhiemmang.vn/danh-ba-tin-nhiem/hdnddananggovvn-1702601620
hdnd.dongthap.gov.vn,Hội đồng nhân dân Tỉnh Đồng Tháp,22/11/2021,Chứng nhận cơ bản,https://tinnhiemmang.vn/danh-ba-tin-nhiem/hdnddongthapgovvn-1637565225
hdnd.hochiminhcity.gov.vn,Hội đồng nhân dân thành phố Hồ Chí Minh,09/10/2023,Chứng nhận cơ bản,https://tinnhiemmang.vn/danh-ba-tin-nhiem/hdndhochiminhcitygovvn-1696832592
hdnd.hungyen.gov.vn,Văn phòng HĐND tỉnh Hưng Yên,15/07/2021,Chứng nhận cơ bản,https://tinnhiemmang.vn/danh-ba-tin-nhiem/hdndhungyengovvn-1626333029
hdnd.laocai.gov.vn,Hội đồng nhân dân tỉnh Lào Cai,19/07/2021,Chứng nhận cơ bản,https://tinnhiemmang.vn/danh-ba-tin-nhiem/hdndlaocaigovvn-1626685703
hdnd.ninhbinh.gov.vn,Văn phòng Đoàn ĐBQH và HĐND tỉnh Ninh Bình,16/07/2021,Chứng nhận cơ bản,https://tinnhiemmang.vn/danh-ba-tin-nhiem/hdndninhbinhgovvn-1626409153
hdnd.tayninh.gov.vn,Đoàn đại biểu quốc hội - hội đồng nhân dân tỉnh Tây Ninh,24/11/2021,Chứng nhận cơ bản,https://tinnhiemmang.vn/danh-ba-tin-nhiem/hdndtayninhgovvn-1637638450
hdnd.vinhlong.gov.vn,Văn phòng HĐND tỉnh Vĩnh Long,11/10/2021,Chứng nhận cơ bản,https://tinnhiemmang.vn/danh-ba-tin-nhiem/hdndvinhlonggovvnportalwphdndhdndpageindexcpx-1625050558
hdndthanhhoa.gov.vn,Hội đồng nhân dân tỉnh Thanh Hóa,15/07/2022,Chứng nhận cơ bản,https://tinnhiemmang.vn/danh-ba-tin-nhiem/hdndthanhhoagovvn-1620701809
hdnv.moj.gov.vn,Bộ Tư pháp,14/07/2022,Chứng nhận cơ bản,https://tinnhiemmang.vn/danh-ba-tin-nhiem/hdnvmojgovvn-1625748477
hdpl.moj.gov.vn,Bộ Tư pháp,14/07/2022,Chứng nhận cơ bản,https://tinnhiemmang.vn/danh-ba-tin-nhiem/hdplmojgovvn-1625748557
hdradio.vn,Công ty TNHH Công nghệ HDRADIO Việt Nam,14/03/2022,Chứng nhận cơ bản,https://tinnhiemmang.vn/danh-ba-tin-nhiem/hdradiovn-1644747507
hdtdkt.dongnai.gov.vn,Ban Thi đua - Khen thưởng - Sở Nội vụ tỉnh Đồng Nai,26/09/2023,Chứng nhận cơ bản,https://tinnhiemmang.vn/danh-ba-tin-nhiem/hdtdktdongnaigovvn-1695721172
hdtdkt.dongthap.gov.vn,Hội đồng Thi đua – Khen thưởng tỉnh Đồng Tháp,22/11/2021,Chứng nhận cơ bản,https://tinnhiemmang.vn/danh-ba-tin-nhiem/hdtdktdongthapgovvn-1637568361
hdtdkt.hochiminhcity.gov.vn,Hội đồng thi đua khen thưởng thành phố Hồ Chí Minh,09/10/2023,Chứng nhận cơ bản,https://tinnhiemmang.vn/danh-ba-tin-nhiem/hdtdkthochiminhcitygovvn-1696832652
hdtdkt.laocai.gov.vn,Ban Thi đua - Khen thưởng tỉnh Lào Cai,21/07/2021,Chứng nhận cơ bản,https://tinnhiemmang.vn/danh-ba-tin-nhiem/hdtdktlaocaigovvn-1626780052
healthyvietnam.vn,Quỹ  vắc-xin phòng chống COVID-19,07/06/2021,Chứng nhận nâng cao,https://tinnhiemmang.vn/danh-ba-tin-nhiem/healthyvietnamvn
heckler.com.vn,Heckler Việt Nam,30/05/2022,Chứng nhận cơ bản,https://tinnhiemmang.vn/danh-ba-tin-nhiem/hecklercomvn-1653883386
helioz.vn,Công Ty TNHH Thương Mại Dịch Vụ Và Xuất Nhập Khẩu TNB,24/06/2022,Chứng nhận cơ bản,https://tinnhiemmang.vn/danh-ba-tin-nhiem/heliozvn-1656061950
helloykhoa.com,Công ty Cổ phần Dược phẩm ECO,09/02/2023,Chứng nhận cơ bản,https://tinnhiemmang.vn/danh-ba-tin-nhiem/helloykhoacom-1666152169
hemis.moet.gov.vn,Bộ Giáo dục và Đào tạo,06/07/2023,Chứng nhận cơ bản,https://tinnhiemmang.vn/danh-ba-tin-nhiem/hemismoetgovvn-1688637923
hepza.hochiminhcity.gov.vn,Ban quản lý Các khu chế xuất và công nghiệp TP Hồ Chí Minh,09/10/2023,Chứng nhận cơ bản,https://tinnhiemmang.vn/danh-ba-tin-nhiem/hepzahochiminhcitygovvn-1696832223
hesinhthaidauthau.vn,Công ty cổ phần Hệ sinh thái Đấu Thầu,21/09/2022,Chứng nhận cơ bản,https://tinnhiemmang.vn/danh-ba-tin-nhiem/hesinhthaidauthauvn-1663665227
hewel.com.vn,Công ty Cổ phần Dược phẩm ECO,09/02/2023,Chứng nhận cơ bản,https://tinnhiemmang.vn/danh-ba-tin-nhiem/hewelcomvn-1672914348
heyoto.vn,Công Ty TNHH HYPERLINK Việt Nam,09/01/2023,Chứng nhận cơ bản,https://tinnhiemmang.vn/danh-ba-tin-nhiem/heyotovn-1673258576
heza.gov.vn,Ban Quản lý Khu kinh tế Hải Phòng,16/05/2024,Chứng nhận cơ bản,https://tinnhiemmang.vn/danh-ba-tin-nhiem/hezagovvn-1715747216
hgd.baohiemxahoi.gov.vn,Bảo hiểm Xã hội Việt Nam,17/07/2024,Chứng nhận cơ bản,https://tinnhiemmang.vn/danh-ba-tin-nhiem/hgdbaohiemxahoigovvn-1626405235
hhtap.khanhhoa.edu.vn,"Trường THPT Hà Huy Tập, tỉnh Khánh Hòa",09/08/2023,Chứng nhận cơ bản,https://tinnhiemmang.vn/danh-ba-tin-nhiem/hhtapkhanhhoaeduvn-1691554160
hhtham.khanhhoa.edu.vn,"Trường THPT Hoàng Hoa Thám, tỉnh Khánh Hòa",09/08/2023,Chứng nhận cơ bản,https://tinnhiemmang.vn/danh-ba-tin-nhiem/hhthamkhanhhoaeduvn-1691553973
hieuphung.vinhlong.gov.vn,UBND xã Hiếu Phụng tỉnh Vĩnh Long,15/07/2022,Chứng nhận cơ bản,https://tinnhiemmang.vn/danh-ba-tin-nhiem/hieuphungvinhlonggovvn-1626267632
hieuthanh.vinhlong.gov.vn,UBND xã Hiếu Thành tỉnh Vĩnh Long,25/05/2023,Chứng nhận cơ bản,https://tinnhiemmang.vn/danh-ba-tin-nhiem/hieuthanhvinhlonggovvn-1684921850
hiza.hanoi.gov.vn,Ban Quản lý các Khu công nghiệp và Chế xuất Hà Nội,12/06/2021,Chứng nhận cơ bản,https://tinnhiemmang.vn/danh-ba-tin-nhiem/hizahanoigovvn-1623403023
hkg.tayninh.gov.vn,Ủy ban nhân dân tỉnh Tây Ninh,24/11/2021,Chứng nhận cơ bản,https://tinnhiemmang.vn/danh-ba-tin-nhiem/hkgtayninhgovvn-1637641815
hkh.dongthap.gov.vn,Hội Khuyến học tỉnh Đồng Tháp,22/11/2021,Chứng nhận cơ bản,https://tinnhiemmang.vn/danh-ba-tin-nhiem/hkhdongthapgovvn-1637566175
hlhpn.bacninh.gov.vn,Hội liên hiệp phụ nữ tỉnh Bắc Ninh,30/11/2021,Chứng nhận cơ bản,https://tinnhiemmang.vn/danh-ba-tin-nhiem/hlhpnbacninhgovvn-1638178237
hlhpn.dongthap.gov.vn,Hội Liên hiệp Phụ nữ Tỉnh Đồng Tháp,22/11/2021,Chứng nhận cơ bản,https://tinnhiemmang.vn/danh-ba-tin-nhiem/hlhpndongthapgovvn-1637566262
hlhpn.gialai.org.vn,Hội liên hiệp phụ nữ tỉnh Gia Lai,11/01/2024,Chứng nhận cơ bản,https://tinnhiemmang.vn/danh-ba-tin-nhiem/hlhpngialaiorgvn-1704876742
hlhpn.lamdong.gov.vn,Hội liên hiệp phụ nữ tỉnh Lâm Đồng,27/11/2023,Chứng nhận cơ bản,https://tinnhiemmang.vn/danh-ba-tin-nhiem/hlhpnlamdonggovvn-1701048808
hnd.lamdong.gov.vn,Hội Nông Dân tỉnh Lâm Đồng,27/11/2023,Chứng nhận cơ bản,https://tinnhiemmang.vn/danh-ba-tin-nhiem/hndlamdonggovvn-1701052801
hndtinh.dongthap.gov.vn,Hội Nông dân tỉnh Đồng Tháp,22/11/2021,Chứng nhận cơ bản,https://tinnhiemmang.vn/danh-ba-tin-nhiem/hndtinhdongthapgovvn-1637566356
hoaan.caobang.gov.vn,"UBND huyện Hòa An, tỉnh Cao Bằng",29/06/2023,Chứng nhận cơ bản,https://tinnhiemmang.vn/danh-ba-tin-nhiem/hoaancaobanggovvn-1688026452
hoabac.dilinh.lamdong.gov.vn,"UBND xã Hòa Bắc, tỉnh Lâm Đồng",09/10/2024,Chứng nhận cơ bản,https://tinnhiemmang.vn/danh-ba-tin-nhiem/hoabacdilinhlamdonggovvn-1728374792
hoabinh.baohiemxahoi.gov.vn,Bảo hiểm xã hội tỉnh Hòa Bình,19/07/2021,Chứng nhận cơ bản,https://tinnhiemmang.vn/danh-ba-tin-nhiem/hoabinhbaohiemxahoigovvn-1626666393
hoabinh.edu.vn,Sở Giáo dục và Đào tạo tỉnh Hòa Bình,09/11/2023,Chứng nhận cơ bản,https://tinnhiemmang.vn/danh-ba-tin-nhiem/hoabinheduvn-1699433114
hoabinh.gdt.gov.vn,Cục Thuế tỉnh Hòa Bình,10/08/2023,Chứng nhận cơ bản,https://tinnhiemmang.vn/danh-ba-tin-nhiem/hoabinhgdtgovvn-1691656058
hoabinh.toaan.gov.vn,Tòa án nhân dân tỉnh Hòa Bình,07/04/2023,Chứng nhận cơ bản,https://tinnhiemmang.vn/danh-ba-tin-nhiem/hoabinhtoaangovvn-1679900838
hoabinh.vinhlong.gov.vn,UBND xã Hòa Bình tỉnh Vĩnh Long,15/07/2022,Chứng nhận cơ bản,https://tinnhiemmang.vn/danh-ba-tin-nhiem/hoabinhvinhlonggovvn-1626268072
hoachatthinghiem.org,Công ty TNHH Thương Mại Dịch Vụ Khoa Học SBC VIETNAM,05/07/2022,Chứng nhận cơ bản,https://tinnhiemmang.vn/danh-ba-tin-nhiem/hoachatthinghiemorg-1656907745
hoadondientu.gdt.gov.vn,Tổng cục Thuế,10/08/2023,Chứng nhận cơ bản,https://tinnhiemmang.vn/danh-ba-tin-nhiem/hoadondientugdtgovvn-1691655007
hoahiep.vinhlong.gov.vn,UBND xã Hòa Hiệp tỉnh Vĩnh Long,15/07/2022,Chứng nhận cơ bản,https://tinnhiemmang.vn/danh-ba-tin-nhiem/hoahiepvinhlonggovvn-1626267840
hoaiduc.hanoi.gov.vn,"UBND huyện Hoài Đức, Hà Nội",27/11/2024,Chứng nhận cơ bản,https://tinnhiemmang.vn/danh-ba-tin-nhiem/hoaiduchanoigovvn-1732682747
hoalu.ninhbinh.gov.vn,"Uỷ ban nhân dân huyện Hoa Lư, tỉnh Ninh Bình",27/06/2024,Chứng nhận cơ bản,https://tinnhiemmang.vn/danh-ba-tin-nhiem/hoaluninhbinhgovvn-1719455436
hoanghoa.thanhhoa.gov.vn,UBND tỉnh Thanh Hóa,15/07/2022,Chứng nhận cơ bản,https://tinnhiemmang.vn/danh-ba-tin-nhiem/hoanghoathanhhoagovvn-1620702107
hoangmai.hanoi.gov.vn,"Ủy ban nhân dân quận Hoàng Mai, Thành phố Hà Nội.",15/06/2021,Chứng nhận cơ bản,https://tinnhiemmang.vn/danh-ba-tin-nhiem/hoangmaihanoigovvn-1623513149
hoangsa.danang.gov.vn,"UBND huyện Hoàng Sa, Đà Nẵng",25/11/2021,Chứng nhận cơ bản,https://tinnhiemmang.vn/danh-ba-tin-nhiem/hoangsadananggovvn-1637743200
hoangvugroup.net,Công ty TNHH Đầu tư và công nghệ Hoàng Vũ,15/01/2024,Chứng nhận cơ bản,https://tinnhiemmang.vn/danh-ba-tin-nhiem/hoangvugroupnet-1672718767
hoankiem.hanoi.gov.vn,"UBND quận Hoàn Kiếm, Hà Nội",11/12/2023,Chứng nhận cơ bản,https://tinnhiemmang.vn/danh-ba-tin-nhiem/hoankiemhanoigovvn-1702279143
hoanmydecor.vn,Công Ty CP Nội Thất Hoàn Mỹ Decor,30/08/2022,Chứng nhận cơ bản,https://tinnhiemmang.vn/danh-ba-tin-nhiem/hoanmydecorvn-1661411618
hoasenvang.com.vn,Công Ty TNHH Thiết Bị Đo Lường Hoa Sen Vàng,19/01/2022,Chứng nhận cơ bản,https://tinnhiemmang.vn/danh-ba-tin-nhiem/hoasenvangcomvn-1642580756
hoathuanwatch.com,Hoathuanwatch,25/05/2022,Chứng nhận cơ bản,https://tinnhiemmang.vn/danh-ba-tin-nhiem/hoathuanwatchcom-1652681965
hoatien.danang.gov.vn,UBND xã Hòa Tiến,05/12/2023,Chứng nhận cơ bản,https://tinnhiemmang.vn/danh-ba-tin-nhiem/hoatiendananggovvn-1701657389
hoatrung.dilinh.lamdong.gov.vn,"UBND xã Hòa Trung, huyện Di Linh, tỉnh Lâm Đồng",16/09/2024,Chứng nhận cơ bản,https://tinnhiemmang.vn/danh-ba-tin-nhiem/hoatrungdilinhlamdonggovvn-1712624562
hoavang.danang.gov.vn,"UBND huyện Hòa Vang, TP Đà Nẵng",05/12/2022,Chứng nhận cơ bản,https://tinnhiemmang.vn/danh-ba-tin-nhiem/hoavangdananggovvn-1669966686
hoaxuan.danang.gov.vn,Ủy ban nhân dân phường Hòa Xuân,30/05/2024,Chứng nhận cơ bản,https://tinnhiemmang.vn/danh-ba-tin-nhiem/hoaxuandananggovvn-1716891311
hochiminhcity.gov.vn,Ủy ban nhân dân thành phố Hồ Chí Minh,09/10/2023,Chứng nhận cơ bản,https://tinnhiemmang.vn/danh-ba-tin-nhiem/hochiminhcitygovvn-1696834542
hochiminhcity.toaan.gov.vn,Tòa án nhân dân thành phố Hồ Chí Minh,07/04/2023,Chứng nhận cơ bản,https://tinnhiemmang.vn/danh-ba-tin-nhiem/hochiminhcitytoaangovvn-1679900775
hocmon.hochiminhcity.gov.vn,Ủy ban nhân dân Huyện Hóc Môn,12/04/2024,Chứng nhận cơ bản,https://tinnhiemmang.vn/danh-ba-tin-nhiem/hocmonhochiminhcitygovvn-1712740973
hocvienthammyroyal.edu.vn,Học Viện Thẩm Mỹ Royal,15/01/2024,Chứng nhận cơ bản,https://tinnhiemmang.vn/danh-ba-tin-nhiem/hocvienthammyroyaleduvn-1672728736
hoidap.danang.gov.vn,Văn phòng UBND thành phố Đà Nẵng,26/06/2024,Chứng nhận cơ bản,https://tinnhiemmang.vn/danh-ba-tin-nhiem/hoidapdananggovvn-1719239795
hoidap.vinhlong.gov.vn,Văn phòng UBND tỉnh Vĩnh Long,09/10/2023,Chứng nhận cơ bản,https://tinnhiemmang.vn/danh-ba-tin-nhiem/hoidapvinhlonggovvn-1696566546
hoikhuyenhoc.laocai.gov.vn,Hội khuyến học tỉnh Lào Cai,25/11/2021,Chứng nhận cơ bản,https://tinnhiemmang.vn/danh-ba-tin-nhiem/hoikhuyenhoclaocaigovvn-1637811040
hoikhuyenhoc.quangngai.gov.vn,Hội khuyến học tỉnh Quảng Ngãi,12/07/2023,Chứng nhận cơ bản,https://tinnhiemmang.vn/danh-ba-tin-nhiem/hoikhuyenhocquangngaigovvn-1689134319
hoilhpn.org.vn,Hội Liên hiệp phụ nữ Việt Nam,19/06/2024,Chứng nhận cơ bản,https://tinnhiemmang.vn/danh-ba-tin-nhiem/hoilhpnorgvn-1710692966
hoiluatgia.laichau.gov.vn,Hội Luật gia tỉnh Lai Châu,01/03/2024,Chứng nhận cơ bản,https://tinnhiemmang.vn/danh-ba-tin-nhiem/hoiluatgialaichaugovvn-1709266608
hoinghitruyenhinh.tphcm.gov.vn,Sở Thông tin và Truyền thông thành phố Hồ Chí Minh,09/10/2023,Chứng nhận cơ bản,https://tinnhiemmang.vn/danh-ba-tin-nhiem/hoinghitruyenhinhtphcmgovvn-1696833299
hoinhabao.camau.gov.vn,Hội Nhà báo Việt Nam Tỉnh Cà Mau,30/05/2023,Chứng nhận cơ bản,https://tinnhiemmang.vn/danh-ba-tin-nhiem/hoinhabaocamaugovvn-1684982114
hoininh.kimson.ninhbinh.gov.vn,"Uỷ ban nhân dân xã Hồi Ninh, huyện Kim Sơn, tỉnh Ninh Bình",27/06/2024,Chứng nhận cơ bản,https://tinnhiemmang.vn/danh-ba-tin-nhiem/hoininhkimsonninhbinhgovvn-1719454868
hoinongdan.hochiminhcity.gov.vn,Hội nông dân Việt Nam thành phố Hồ Chí Minh,09/10/2023,Chứng nhận cơ bản,https://tinnhiemmang.vn/danh-ba-tin-nhiem/hoinongdanhochiminhcitygovvn-1696832792
hoinongdan.laichau.gov.vn,Hội nông dân tỉnh Lai Châu,01/03/2024,Chứng nhận cơ bản,https://tinnhiemmang.vn/danh-ba-tin-nhiem/hoinongdanlaichaugovvn-1709266479
hoinongdan.tayninh.gov.vn,Hội nông dân tỉnh Tây Ninh,24/11/2021,Chứng nhận cơ bản,https://tinnhiemmang.vn/danh-ba-tin-nhiem/hoinongdantayninhgovvn-1637642171
hoiphunu.camau.gov.vn,Hội Liên hiệp Phụ nữ tỉnh Cà Mau,30/05/2023,Chứng nhận cơ bản,https://tinnhiemmang.vn/danh-ba-tin-nhiem/hoiphunucamaugovvn-1684983456
hoiphunu.tayninh.gov.vn,Hội liên hiệp phụ nữ tỉnh Tây Ninh,24/11/2021,Chứng nhận cơ bản,https://tinnhiemmang.vn/danh-ba-tin-nhiem/hoiphunutayninhgovvn-1637642290
hoitinhoc.dongthap.gov.vn,Hội Tin học tỉnh Đồng Tháp,22/11/2021,Chứng nhận cơ bản,https://tinnhiemmang.vn/danh-ba-tin-nhiem/hoitinhocdongthapgovvn-1637568489
homeq.vn,Công ty TNHH Nhà Thông Minh HomeQ,14/11/2022,Chứng nhận cơ bản,https://tinnhiemmang.vn/danh-ba-tin-nhiem/homeqvn-1634196095
hongngu.dongthap.gov.vn,"Ủy ban nhân dân Huyện Hồng Ngự, tỉnh Đồng Tháp",22/11/2021,Chứng nhận cơ bản,https://tinnhiemmang.vn/danh-ba-tin-nhiem/hongngudongthapgovvn-1637573849
hopbao.danang.gov.vn,Văn phòng UBND thành phố Đà Nẵng,27/06/2024,Chứng nhận cơ bản,https://tinnhiemmang.vn/danh-ba-tin-nhiem/hopbaodananggovvn-1719476782
hopkhonggiay.vinhlong.gov.vn,Văn phòng UBND tỉnh Vĩnh Long,09/11/2023,Chứng nhận cơ bản,https://tinnhiemmang.vn/danh-ba-tin-nhiem/hopkhonggiayvinhlonggovvn-1699515006
hoptacquocte.moj.gov.vn,Bộ Tư pháp,14/07/2022,Chứng nhận cơ bản,https://tinnhiemmang.vn/danh-ba-tin-nhiem/hoptacquoctemojgovvn-1625733954
hostify.vn,Công Ty Cổ Phần GMO-Z.com RUNSYSTEM,12/10/2022,Chứng nhận cơ bản,https://tinnhiemmang.vn/danh-ba-tin-nhiem/hostifyvn-1663575302
hostingviet.vn,Công ty Cổ phần Công nghệ số Thiên Quang,18/10/2022,Chứng nhận cơ bản,https://tinnhiemmang.vn/danh-ba-tin-nhiem/hostingvietvn-1660925198
hotelgiatot.com,HotelGiaTot,05/04/2022,Chứng nhận cơ bản,https://tinnhiemmang.vn/danh-ba-tin-nhiem/hotelgiatotcom-1649151013
hotich158-dangnhap.moj.gov.vn,Bộ Tư pháp,14/07/2022,Chứng nhận cơ bản,https://tinnhiemmang.vn/danh-ba-tin-nhiem/hotich158-dangnhapmojgovvn-1625748665
hotich158.moj.gov.vn,Bộ Tư pháp,14/07/2022,Chứng nhận cơ bản,https://tinnhiemmang.vn/danh-ba-tin-nhiem/hotich158mojgovvn-1625735797
hotichdientu.moj.gov.vn,Bộ Tư pháp,14/07/2022,Chứng nhận cơ bản,https://tinnhiemmang.vn/danh-ba-tin-nhiem/hotichdientumojgovvn-1625735288
hotichnguoidung.moj.gov.vn,Bộ Tư pháp,14/07/2022,Chứng nhận cơ bản,https://tinnhiemmang.vn/danh-ba-tin-nhiem/hotichnguoidungmojgovvn-1625735308
hotichtructuyen.moj.gov.vn,Bộ Tư pháp,14/07/2022,Chứng nhận cơ bản,https://tinnhiemmang.vn/danh-ba-tin-nhiem/hotichtructuyenmojgovvn-1625735333
hqa.com.vn,Công ty TNHH Thẩm định giá Hoàng Quân,16/05/2022,Chứng nhận cơ bản,https://tinnhiemmang.vn/danh-ba-tin-nhiem/hqacomvn-1652673882
hscv.vinhlong.gov.vn,Văn phòng UBND tỉnh Vĩnh Long,09/11/2023,Chứng nhận cơ bản,https://tinnhiemmang.vn/danh-ba-tin-nhiem/hscvvinhlonggovvn-1699514945
hscv1.vinhlong.gov.vn,Văn phòng UBND tỉnh Vĩnh Long,09/11/2023,Chứng nhận cơ bản,https://tinnhiemmang.vn/danh-ba-tin-nhiem/hscv1vinhlonggovvn-1699514947
hscv2.vinhlong.gov.vn,Văn phòng UBND tỉnh Vĩnh Long,09/11/2023,Chứng nhận cơ bản,https://tinnhiemmang.vn/danh-ba-tin-nhiem/hscv2vinhlonggovvn-1699514948
hscv3.vinhlong.gov.vn,Văn phòng UBND tỉnh Vĩnh Long,09/11/2023,Chứng nhận cơ bản,https://tinnhiemmang.vn/danh-ba-tin-nhiem/hscv3vinhlonggovvn-1699514949
hscv4.vinhlong.gov.vn,Văn phòng UBND tỉnh Vĩnh Long,09/11/2023,Chứng nhận cơ bản,https://tinnhiemmang.vn/danh-ba-tin-nhiem/hscv4vinhlonggovvn-1699514951
hscv6.vinhlong.gov.vn,Văn phòng UBND tỉnh Vĩnh Long,09/11/2023,Chứng nhận cơ bản,https://tinnhiemmang.vn/danh-ba-tin-nhiem/hscv6vinhlonggovvn-1699514953
hscv7.vinhlong.gov.vn,Văn phòng UBND tỉnh Vĩnh Long,09/11/2023,Chứng nhận cơ bản,https://tinnhiemmang.vn/danh-ba-tin-nhiem/hscv7vinhlonggovvn-1699514988
hscv8.vinhlong.gov.vn,Văn phòng UBND tỉnh Vĩnh Long,09/11/2023,Chứng nhận cơ bản,https://tinnhiemmang.vn/danh-ba-tin-nhiem/hscv8vinhlonggovvn-1699514989
hslt.vinhlong.gov.vn,Trung tâm Lưu trữ lịch sử tỉnh Vĩnh Long,10/11/2023,Chứng nhận cơ bản,https://tinnhiemmang.vn/danh-ba-tin-nhiem/hsltvinhlonggovvn-1699588324
htkhang.khanhhoa.edu.vn,"Trường THPT Huỳnh Thúc Kháng, tỉnh Khánh Hòa",09/08/2023,Chứng nhận cơ bản,https://tinnhiemmang.vn/danh-ba-tin-nhiem/htkhangkhanhhoaeduvn-1691554909
htpldn.moj.gov.vn,Bộ Tư pháp,14/07/2022,Chứng nhận cơ bản,https://tinnhiemmang.vn/danh-ba-tin-nhiem/htpldnmojgovvn-1625746959
htttthads.moj.gov.vn,Bộ Tư pháp,14/07/2022,Chứng nhận cơ bản,https://tinnhiemmang.vn/danh-ba-tin-nhiem/htttthadsmojgovvn-1625742155
hub-js.com,Công ty cổ phần tích hợp công nghệ Hub-js,30/06/2022,Chứng nhận cơ bản,https://tinnhiemmang.vn/danh-ba-tin-nhiem/hub-jscom-1656312315
huecit.vn,Trung tâm Công nghệ thông tin tỉnh Thừa Thiên Huế,28/01/2022,Chứng nhận cơ bản,https://tinnhiemmang.vn/danh-ba-tin-nhiem/huecitvn-1643102194
huedita.vn,Hội Công nghệ thông tin và Điện tử viễn thông tỉnh Thừa Thiên Huế,28/01/2022,Chứng nhận cơ bản,https://tinnhiemmang.vn/danh-ba-tin-nhiem/hueditavn-1643109382
hueworldheritage.org.vn,Trung tâm Bảo tồn Di tích Cố đô Huế,09/01/2024,Chứng nhận cơ bản,https://tinnhiemmang.vn/danh-ba-tin-nhiem/hueworldheritageorgvn-1704796473
hufati.com,Cửa Hàng Vi Tính HUFATI,09/02/2022,Chứng nhận cơ bản,https://tinnhiemmang.vn/danh-ba-tin-nhiem/hufaticom-1642562780
hungphugiagroup.vn,Công ty xây dựng thương mại dịch vụ Hưng Phú Gia,06/12/2021,Chứng nhận cơ bản,https://tinnhiemmang.vn/danh-ba-tin-nhiem/hungphugiagroupvn-1638761450
hungtien.kimson.ninhbinh.gov.vn,"UBND xã Hùng Tiến, huyện Kim Sơn, tỉnh Ninh Bình",18/09/2024,Chứng nhận cơ bản,https://tinnhiemmang.vn/danh-ba-tin-nhiem/hungtienkimsonninhbinhgovvn-1726563782
hungyen.baohiemxahoi.gov.vn,Bảo Hiểm Xã Hội tỉnh Hưng Yên,28/07/2021,Chứng nhận cơ bản,https://tinnhiemmang.vn/danh-ba-tin-nhiem/hungyenbaohiemxahoigovvn-1627459473
hungyen.gdt.gov.vn,Cục thuế tỉnh Hưng Yên,10/08/2023,Chứng nhận cơ bản,https://tinnhiemmang.vn/danh-ba-tin-nhiem/hungyengdtgovvn-1691656181
hungyen.gov.vn,Văn phòng UBND tỉnh Hưng Yên,15/07/2021,Chứng nhận cơ bản,https://tinnhiemmang.vn/danh-ba-tin-nhiem/hungyengovvn-1626336909
hungyen.toaan.gov.vn,Tòa án nhân dân tỉnh Hưng Yên,07/04/2023,Chứng nhận cơ bản,https://tinnhiemmang.vn/danh-ba-tin-nhiem/hungyentoaangovvn-1679900720
hungyentv.vn,Đài Phát thanh và Truyền hình Hưng Yên,24/08/2021,Chứng nhận cơ bản,https://tinnhiemmang.vn/danh-ba-tin-nhiem/hungyentvvn-1629774994
huongdanvien.vn,Trung tâm Thông tin du lịch,24/06/2024,Chứng nhận cơ bản,https://tinnhiemmang.vn/danh-ba-tin-nhiem/huongdanvienvn-1717729182
huongkhe.hatinh.gov.vn,Ủy ban nhân dân huyện Hương Khê,21/05/2024,Chứng nhận cơ bản,https://tinnhiemmang.vn/danh-ba-tin-nhiem/huongkhehatinhgovvn-1712568832
huthamcau365.com,Công ty TNHH TMDV Môi trường Sài Gòn Xanh,21/03/2022,Chứng nhận cơ bản,https://tinnhiemmang.vn/danh-ba-tin-nhiem/huthamcau365com-1647854339
huydungmobile.com,HUY DŨNG MOBILE,06/01/2023,Chứng nhận cơ bản,https://tinnhiemmang.vn/danh-ba-tin-nhiem/huydungmobilecom-1670994145
huyendienbien.dienbien.gov.vn,Cổng Thông tin điện tử huyện Điện Biên,20/07/2022,Chứng nhận cơ bản,https://tinnhiemmang.vn/danh-ba-tin-nhiem/huyendienbiendienbiengovvn-1658311881
huyendienbien.edu.vn,Phòng Giáo dục và Đào tạo huyện Điện Biên,10/11/2023,Chứng nhận cơ bản,https://tinnhiemmang.vn/danh-ba-tin-nhiem/huyendienbieneduvn-1699575222
huyennampo.dienbien.gov.vn,"Trang Thông tin điện tử huyện Nậm Pồ, tỉnh Điện Biên",21/07/2022,Chứng nhận cơ bản,https://tinnhiemmang.vn/danh-ba-tin-nhiem/huyennampodienbiengovvn-1658371689
hvannd.edu.vn,Học viện An ninh nhân dân,01/11/2023,Chứng nhận cơ bản,https://tinnhiemmang.vn/danh-ba-tin-nhiem/hvanndeduvn-1698822503
hvcsnd.edu.vn,Học viện Cảnh sát nhân dân,11/01/2024,Chứng nhận cơ bản,https://tinnhiemmang.vn/danh-ba-tin-nhiem/hvcsndeduvn-1704421299
hvctcand.bocongan.gov.vn,Học viện Chính trị Công an nhân dân,13/12/2023,Chứng nhận cơ bản,https://tinnhiemmang.vn/danh-ba-tin-nhiem/hvctcandbocongangovvn-1702437368
hvhnt.camau.gov.vn,Hội Văn Học Nghệ Thuật tỉnh Cà Mau,30/05/2023,Chứng nhận cơ bản,https://tinnhiemmang.vn/danh-ba-tin-nhiem/hvhntcamaugovvn-1684983578
hvta.toaan.gov.vn,Tòa án nhân dân tối cao,07/04/2023,Chứng nhận cơ bản,https://tinnhiemmang.vn/danh-ba-tin-nhiem/hvtatoaangovvn-1680840074
hwc.com.vn,Trung tâm Chuyển giao công nghệ Việt  – Đức - Bộ Khoa học và Công nghệ,04/03/2024,Chứng nhận cơ bản,https://tinnhiemmang.vn/danh-ba-tin-nhiem/hwccomvn-1709539040
i.hochiminhcity.gov.vn,Sở Thông tin và Truyền thông thành phố Hồ Chí Minh,09/10/2023,Chứng nhận cơ bản,https://tinnhiemmang.vn/danh-ba-tin-nhiem/ihochiminhcitygovvn-1696833291
iagrai.gialai.gov.vn,"UBND huyện Ia Grai, tỉnh Gia Lai",10/01/2024,Chứng nhận cơ bản,https://tinnhiemmang.vn/danh-ba-tin-nhiem/iagraigialaigovvn-1704856849
iapa.gialai.gov.vn,"UBND huyện Ia Pa, tỉnh Gia Lai",15/01/2024,Chứng nhận cơ bản,https://tinnhiemmang.vn/danh-ba-tin-nhiem/iapagialaigovvn-1704940386
ibaohiem.net,Bảo hiểm trực tuyến IBAOHIEM,21/07/2022,Chứng nhận cơ bản,https://tinnhiemmang.vn/danh-ba-tin-nhiem/ibaohiemnet-1658304133
ibaohiem.vn,Bảo hiểm trực tuyến IBAOHIEM,21/07/2022,Chứng nhận cơ bản,https://tinnhiemmang.vn/danh-ba-tin-nhiem/ibaohiemvn-1658304152
ibaoviet.vn,Bảo hiểm trực tuyến IBAOHIEM,21/07/2022,Chứng nhận cơ bản,https://tinnhiemmang.vn/danh-ba-tin-nhiem/ibaovietvn-1658304165
ict.dienbien.gov.vn,Trung tâm Công nghệ thông tin và Truyền thông tỉnh Điện Biên,20/07/2022,Chứng nhận cơ bản,https://tinnhiemmang.vn/danh-ba-tin-nhiem/ictdienbiengovvn-1658312094
ict.gialai.gov.vn,Trung tâm Công nghệ thông tin và Truyền thông tỉnh Gia lai,10/05/2021,Chứng nhận cơ bản,https://tinnhiemmang.vn/danh-ba-tin-nhiem/ictgialaigovvn-1620631567
ict.ninhbinh.gov.vn,Trung tâm Công nghệ thông tin và truyền thông tỉnh Ninh Bình,14/06/2024,Chứng nhận cơ bản,https://tinnhiemmang.vn/danh-ba-tin-nhiem/ictninhbinhgovvn-1718326866
ict.thanhhoa.gov.vn,Trung tâm Công nghệ thông tin và Truyền thông tỉnh Thanh Hóa,03/07/2023,Chứng nhận cơ bản,https://tinnhiemmang.vn/danh-ba-tin-nhiem/ictthanhhoagovvn-1688367847
icti-hcm.gov.vn,Trung tâm Công nghệ thông tin và Truyền thông Thành phố Hồ Chí Minh,01/02/2024,Chứng nhận cơ bản,https://tinnhiemmang.vn/danh-ba-tin-nhiem/icti-hcmgovvn-1706673729
ictindex.bacninh.gov.vn,Sở Thông tin và Truyền thông tỉnh Bắc Ninh,05/11/2021,Chứng nhận cơ bản,https://tinnhiemmang.vn/danh-ba-tin-nhiem/ictindexbacninhgovvn-1636097723
ictvietnam.vn,Tạp chí Thông tin và Truyền thông,10/04/2024,Chứng nhận cơ bản,https://tinnhiemmang.vn/danh-ba-tin-nhiem/ictvietnamvn
idea.gov.vn,"Cục Thương mại điện tử và Kinh tế số, Bộ Công thương",17/01/2022,Chứng nhận cơ bản,https://tinnhiemmang.vn/danh-ba-tin-nhiem/ideagovvn-1642155043
ifkgroup.net,Công Ty TNHH Giáo Dục Và Dịch Thuật IFK,01/11/2021,Chứng nhận cơ bản,https://tinnhiemmang.vn/danh-ba-tin-nhiem/ifkgroupnet-1635737597
ilp.edu.vn,Công ty TNHH Giáo Dục Chuyên sâu ILP,14/11/2022,Chứng nhận cơ bản,https://tinnhiemmang.vn/danh-ba-tin-nhiem/ilpeduvn-1666687428
imana.vn,Công Ty TNHH Sen Việt Water,16/03/2022,Chứng nhận cơ bản,https://tinnhiemmang.vn/danh-ba-tin-nhiem/imanavn-1646983665
imeeting.danang.gov.vn,Văn phòng UBND thành phố Đà Nẵng,27/06/2024,Chứng nhận cơ bản,https://tinnhiemmang.vn/danh-ba-tin-nhiem/imeetingdananggovvn-1719476789
immigration.gov.vn,Cục Quản lý xuất nhập cảnh,01/11/2023,Chứng nhận cơ bản,https://tinnhiemmang.vn/danh-ba-tin-nhiem/immigrationgovvn-1698811118
inas.gov.vn,Viện Nghiên cứu Đông Bắc Á,12/08/2021,Chứng nhận cơ bản,https://tinnhiemmang.vn/danh-ba-tin-nhiem/inasgovvn-1628738781
inavn.vn,Công Ty Cổ Phần Đầu Tư Và Thẩm Định Quốc Tế Đông Dương,16/05/2022,Chứng nhận cơ bản,https://tinnhiemmang.vn/danh-ba-tin-nhiem/inavnvn-1652676269
inrenhat.com,Công ty TNHH in ấn quảng cáo Hòa Hiệp,10/10/2022,Chứng nhận cơ bản,https://tinnhiemmang.vn/danh-ba-tin-nhiem/inrenhatcom-1665402005
intemchonghanggia.com,Công Ty TNHH In Ấn Kỹ Thuật Mới Tân Hoa Mai,08/11/2022,Chứng nhận cơ bản,https://tinnhiemmang.vn/danh-ba-tin-nhiem/intemchonghanggiacom-1667882941
investdanang.gov.vn,Ban Xúc tiến và hỗ trợ đầu tư Đà Nẵng,09/08/2022,Chứng nhận cơ bản,https://tinnhiemmang.vn/danh-ba-tin-nhiem/investdananggovvn-1660035155
ioc.cantho.gov.vn,Sở Thông tin và Truyền thông Cần Thơ,17/11/2021,Chứng nhận cơ bản,https://tinnhiemmang.vn/danh-ba-tin-nhiem/ioccanthogovvn-1637057139
ioc.moj.gov.vn,Cục Công nghệ Thông tin - Bộ Tư pháp,03/07/2024,Chứng nhận cơ bản,https://tinnhiemmang.vn/danh-ba-tin-nhiem/iocmojgovvn-1719998195
ioffice.dost-dongnai.gov.vn,Sở Khoa học và Công nghệ tỉnh Đồng Nai,29/07/2024,Chứng nhận cơ bản,https://tinnhiemmang.vn/danh-ba-tin-nhiem/iofficedost-dongnaigovvn-1721968529
ione.net,Báo điện tử VnExpress,10/09/2021,Chứng nhận cơ bản,https://tinnhiemmang.vn/danh-ba-tin-nhiem/ionenet-1631251363
ipc.danang.gov.vn,Ban Xúc tiến và hỗ trợ đầu tư Đà Nẵng,09/08/2022,Chứng nhận cơ bản,https://tinnhiemmang.vn/danh-ba-tin-nhiem/ipcdananggovvn-1660035165
ipc.quangngai.gov.vn,Trung tâm xúc tiến đầu tư tỉnh Quảng Ngãi,11/07/2023,Chứng nhận cơ bản,https://tinnhiemmang.vn/danh-ba-tin-nhiem/ipcquangngaigovvn-1688611748
ipplatform.gov.vn,Viện Khoa học sở hữu trí tuệ - Bộ Khoa  học và Công nghệ,04/03/2024,Chứng nhận cơ bản,https://tinnhiemmang.vn/danh-ba-tin-nhiem/ipplatformgovvn-1709537890
ipvietnam.gov.vn,Cục Sở hữu trí tuệ - Bộ KHCN,25/10/2024,Chứng nhận cơ bản,https://tinnhiemmang.vn/danh-ba-tin-nhiem/ipvietnamgovvn-1729738185
irlab.vn,Trung tâm Ứng cứu khẩn cấp không gian mạng Việt Nam,25/07/2023,Chứng nhận nâng cao,https://tinnhiemmang.vn/danh-ba-tin-nhiem/irlabvn-1690265211
irrd.gov.vn,Viện Nghiên cứu và Phát triển Vùng,06/07/2023,Chứng nhận cơ bản,https://tinnhiemmang.vn/danh-ba-tin-nhiem/irrdgovvn-1688541779
isimdata.vn,Công ty TNHH ICAR Việt Nam,06/11/2024,Chứng nhận cơ bản,https://tinnhiemmang.vn/danh-ba-tin-nhiem/isimdatavn-1730457144
ismq.vn,Trung tâm Thông tin – Truyền thông  Tiêu chuẩn Đo lường Chất lượng - Bộ Khoa học và Công nghệ,04/03/2024,Chứng nhận cơ bản,https://tinnhiemmang.vn/danh-ba-tin-nhiem/ismqvn-1709538819
itpc.danang.gov.vn,Trung tâm Khuyến công và Xúc tiến thương mại thành phố Đà Nẵng,12/12/2023,Chứng nhận cơ bản,https://tinnhiemmang.vn/danh-ba-tin-nhiem/itpcdananggovvn-1702265754
itrre.gov.vn,Viện Công nghệ xạ hiếm,04/03/2024,Chứng nhận cơ bản,https://tinnhiemmang.vn/danh-ba-tin-nhiem/itrregovvn-1709539191
japanworkifk.net,Công Ty TNHH Giáo Dục Và Dịch Thuật IFK,01/11/2021,Chứng nhận cơ bản,https://tinnhiemmang.vn/danh-ba-tin-nhiem/japanworkifknet-1634552348
jex.com.vn,Công ty Cổ phần Dược phẩm ECO,09/02/2023,Chứng nhận cơ bản,https://tinnhiemmang.vn/danh-ba-tin-nhiem/jexcomvn-1672914087
juniper.vn,Công Ty TNHH Nhập Khẩu Và Phân Phối Uni System,13/03/2023,Chứng nhận cơ bản,https://tinnhiemmang.vn/danh-ba-tin-nhiem/junipervn-1646659174
kado.donduong.lamdong.gov.vn,UBND Xã Ka Đô - Huyện Đơn Dương,11/04/2024,Chứng nhận cơ bản,https://tinnhiemmang.vn/danh-ba-tin-nhiem/kadodonduonglamdonggovvn-1712739854
kaike.vn,Công Ty Cổ Phần GMO-Z.com RUNSYSTEM,20/12/2022,Chứng nhận cơ bản,https://tinnhiemmang.vn/danh-ba-tin-nhiem/kaikevn-1669091845
kasawa.com.vn,Công Ty Cổ Phần Công Nghệ Kasawa,23/05/2022,Chứng nhận cơ bản,https://tinnhiemmang.vn/danh-ba-tin-nhiem/kasawacomvn-1653288983
kayotec.net,Công Ty TNHH Công Nghệ GADITI,03/06/2022,Chứng nhận cơ bản,https://tinnhiemmang.vn/danh-ba-tin-nhiem/kayotecnet-1653557631
kbang.gialai.gov.vn,"Ủy ban nhân dân huyện Kbang, tỉnh Gia Lai",10/05/2021,Chứng nhận cơ bản,https://tinnhiemmang.vn/danh-ba-tin-nhiem/kbanggialaigovvn-1620631691
kbnn.cantho.gov.vn,Kho bạc nhà nước Cần Thơ,16/11/2021,Chứng nhận cơ bản,https://tinnhiemmang.vn/danh-ba-tin-nhiem/kbnncanthogovvn-1636959532
kdesign.vn,Công ty Cổ phần Thiết kế - Xây dựng và Đào tạo Kiến Thiết Việt,18/01/2023,Chứng nhận cơ bản,https://tinnhiemmang.vn/danh-ba-tin-nhiem/kdesignvn-1672992075
kdpm.khanhhoa.gov.vn,Ban QLDA Phát triển tỉnh Khánh Hòa,09/08/2023,Chứng nhận cơ bản,https://tinnhiemmang.vn/danh-ba-tin-nhiem/kdpmkhanhhoagovvn-1691562535
kdpm.vn,Ban QLDA Phát triển tỉnh Khánh Hòa,09/08/2023,Chứng nhận cơ bản,https://tinnhiemmang.vn/danh-ba-tin-nhiem/kdpmvn-1691562533
kdytqt.khanhhoa.gov.vn,Trung tâm Kiểm dịch y tế quốc tế tỉnh Khánh Hoà,09/08/2023,Chứng nhận cơ bản,https://tinnhiemmang.vn/danh-ba-tin-nhiem/kdytqtkhanhhoagovvn-1691574822
kemducphat.com,ĐỨC PHÁT ICE CREAM,05/04/2023,Chứng nhận cơ bản,https://tinnhiemmang.vn/danh-ba-tin-nhiem/kemducphatcom-1632123217
ketnoi.caobang.gov.vn,UBND tỉnh Cao Bằng,19/07/2021,Chứng nhận cơ bản,https://tinnhiemmang.vn/danh-ba-tin-nhiem/ketnoicaobanggovvn-1626686792
ketoannhatviet.vn,Công Ty TNHH Tư Vấn Quản Lý Nhất Việt,10/12/2021,Chứng nhận cơ bản,https://tinnhiemmang.vn/danh-ba-tin-nhiem/ketoannhatvietvn-1633168626
ketoansongkim.vn,Công ty TNHH Dịch vụ doanh nghiệp Song Kim,14/10/2022,Chứng nhận cơ bản,https://tinnhiemmang.vn/danh-ba-tin-nhiem/ketoansongkimvn-1663212387
khaibaohoso.vnsw.gov.vn,Tổng cục Hải quan,11/08/2023,Chứng nhận cơ bản,https://tinnhiemmang.vn/danh-ba-tin-nhiem/khaibaohosovnswgovvn-1691726560
khaisinhdientu.moj.gov.vn,Bộ Tư pháp,14/07/2022,Chứng nhận cơ bản,https://tinnhiemmang.vn/danh-ba-tin-nhiem/khaisinhdientumojgovvn-1625735318
khamphahue.com.vn,Trung tâm Công nghệ thông tin tỉnh Thừa Thiên Huế,28/01/2022,Chứng nhận cơ bản,https://tinnhiemmang.vn/danh-ba-tin-nhiem/khamphahuecomvn-1643332083
khamthankinh.vn,Khám thần kinh tại Hải Phòng,29/09/2022,Chứng nhận cơ bản,https://tinnhiemmang.vn/danh-ba-tin-nhiem/khamthankinhvn-1664198579
khangphatco.com,Công ty TNHH phát triển thương mại và dịch vụ Khang Phát,15/01/2024,Chứng nhận cơ bản,https://tinnhiemmang.vn/danh-ba-tin-nhiem/khangphatcocom-1671693121
khangthinh.com.vn,Công ty TNHH sản xuất và thương mại Khang Thịnh,30/11/2022,Chứng nhận cơ bản,https://tinnhiemmang.vn/danh-ba-tin-nhiem/khangthinhcomvn-1663151990
khanhcu.yenkhanh.ninhbinh.gov.vn,"Uỷ ban nhân dân xã Khánh Cư, huyện Yên Khánh, tỉnh Ninh Bình",26/06/2024,Chứng nhận cơ bản,https://tinnhiemmang.vn/danh-ba-tin-nhiem/khanhcuyenkhanhninhbinhgovvn-1719283353
khanhhoa.baohiemxahoi.gov.vn,Bảo Hiểm Xã Hội tỉnh Khánh Hòa,28/07/2021,Chứng nhận cơ bản,https://tinnhiemmang.vn/danh-ba-tin-nhiem/khanhhoabaohiemxahoigovvn-1627466681
khanhhoa.edu.vn,Sở Giáo dục và Đào tạo tỉnh Khánh Hòa,09/08/2023,Chứng nhận cơ bản,https://tinnhiemmang.vn/danh-ba-tin-nhiem/khanhhoaeduvn-1691553389
khanhhoa.gdt.gov.vn,Cục Thuế tỉnh Khánh Hòa,10/08/2023,Chứng nhận cơ bản,https://tinnhiemmang.vn/danh-ba-tin-nhiem/khanhhoagdtgovvn-1691656389
khanhhoa.gov.vn,Sở Thông tin và Truyền thông tỉnh Khánh Hòa,14/07/2022,Chứng nhận cơ bản,https://tinnhiemmang.vn/danh-ba-tin-nhiem/khanhhoagovvn-1626147985
khanhhoa.toaan.gov.vn,Tòa án nhân dân tỉnh Khánh Hòa,07/04/2023,Chứng nhận cơ bản,https://tinnhiemmang.vn/danh-ba-tin-nhiem/khanhhoatoaangovvn-1679900649
khanhhoa.yenkhanh.ninhbinh.gov.vn,UBND xã Khánh Hòa tỉnh Ninh Bình,19/07/2021,Chứng nhận cơ bản,https://tinnhiemmang.vn/danh-ba-tin-nhiem/khanhhoayenkhanhninhbinhgovvn-1626423699
khanhnhac.yenkhanh.ninhbinh.gov.vn,"Uỷ ban nhân dân xã Khánh Nhạc, huyện Yên Khánh, tỉnh Ninh Bình",27/06/2024,Chứng nhận cơ bản,https://tinnhiemmang.vn/danh-ba-tin-nhiem/khanhnhacyenkhanhninhbinhgovvn-1719457367
khanhson.khanhhoa.gov.vn,UBND huyện Khánh Sơn  tỉnh Khánh Hòa,14/07/2022,Chứng nhận cơ bản,https://tinnhiemmang.vn/danh-ba-tin-nhiem/khanhsonkhanhhoagovvn-1626060424
khanhthien.yenkhanh.ninhbinh.gov.vn,"Ủy ban nhân dân xã Khánh Thiện, tỉnh Ninh Bình",19/07/2021,Chứng nhận cơ bản,https://tinnhiemmang.vn/danh-ba-tin-nhiem/khanhthienyenkhanhninhbinhgovvn-1626429919
khanhthinh.yenmo.ninhbinh.gov.vn,"Uỷ ban nhân dân xã Khánh Thịnh, huyện Yên Mô, tỉnh Ninh Bình",27/06/2024,Chứng nhận cơ bản,https://tinnhiemmang.vn/danh-ba-tin-nhiem/khanhthinhyenmoninhbinhgovvn-1719457123
khanhthuy.yenkhanh.ninhbinh.gov.vn,"Uỷ ban nhân dân xã Khánh Thuỷ, huyện Yên Khánh, tỉnh Ninh Bình",27/06/2024,Chứng nhận cơ bản,https://tinnhiemmang.vn/danh-ba-tin-nhiem/khanhthuyyenkhanhninhbinhgovvn-1719457488
khanhvinh.khanhhoa.gov.vn,UBND huyện Khánh Vĩnh tỉnh Khánh Hòa,14/07/2022,Chứng nhận cơ bản,https://tinnhiemmang.vn/danh-ba-tin-nhiem/khanhvinhkhanhhoagovvn-1626064329
khaothi.tcdbt.edu.vn,Trường Cao đẳng Bình Thuận,02/01/2024,Chứng nhận cơ bản,https://tinnhiemmang.vn/danh-ba-tin-nhiem/khaothitcdbteduvn-1703815426
khcn.mard.gov.vn,Vụ Khoa học công nghệ và môi trường - Bộ NN  PTNT,22/09/2022,Chứng nhận cơ bản,https://tinnhiemmang.vn/danh-ba-tin-nhiem/khcnmardgovvn-1663829854
khcncongthuong.vn,"Vụ Khoa học và Công nghệ, Bộ Công Thương",17/01/2022,Chứng nhận cơ bản,https://tinnhiemmang.vn/danh-ba-tin-nhiem/khcncongthuongvn-1642155717
khiemthinhhp.haiphong.edu.vn,Trường Khiếm Thính Hải Phòng,08/07/2024,Chứng nhận cơ bản,https://tinnhiemmang.vn/danh-ba-tin-nhiem/khiemthinhhphaiphongeduvn-1720426891
khoahockythuat.ninhbinh.gov.vn,Liên hiệp các hội Khoa học và Kỹ thuật tỉnh Ninh Bình,27/06/2024,Chứng nhận cơ bản,https://tinnhiemmang.vn/danh-ba-tin-nhiem/khoahockythuatninhbinhgovvn-1719457954
khoaichau.hungyen.gov.vn,UBND huyện Khoái Châu - Tỉnh Hưng Yên,15/07/2021,Chứng nhận cơ bản,https://tinnhiemmang.vn/danh-ba-tin-nhiem/khoaichauhungyengovvn-1626333100
khobac.caobang.gov.vn,Kho Bạc nhà nước tỉnh Cao Bằng,29/06/2023,Chứng nhận cơ bản,https://tinnhiemmang.vn/danh-ba-tin-nhiem/khobaccaobanggovvn-1688026699
khobac.danang.gov.vn,Kho bạc Nhà nước Đà Nẵng,07/12/2023,Chứng nhận cơ bản,https://tinnhiemmang.vn/danh-ba-tin-nhiem/khobacdananggovvn-1701851956
khobac.dongthap.gov.vn,Kho bạc Tỉnh Đồng Tháp,22/11/2021,Chứng nhận cơ bản,https://tinnhiemmang.vn/danh-ba-tin-nhiem/khobacdongthapgovvn-1637566653
khobac.hanoi.gov.vn,Kho bạc Nhà nước thành phố Hà Nội,12/06/2021,Chứng nhận cơ bản,https://tinnhiemmang.vn/danh-ba-tin-nhiem/httpskhobachanoigovvn-1623402400
khobac.quangngai.gov.vn,Kho bạc Nhà nước tỉnh Quảng Ngãi,10/05/2021,Chứng nhận cơ bản,https://tinnhiemmang.vn/danh-ba-tin-nhiem/khobacquangngaigovvn-1620635347
khoinghiep.daklak.gov.vn,Sở Kế hoạch và Đầu tư tỉnh Đắk Lắk,02/10/2024,Chứng nhận cơ bản,https://tinnhiemmang.vn/danh-ba-tin-nhiem/khoinghiepdaklakgovvn-1727680762
khoinghiep.lamdong.gov.vn,Sở Khoa học và Công nghệ tỉnh Lâm Đồng,11/03/2024,Chứng nhận cơ bản,https://tinnhiemmang.vn/danh-ba-tin-nhiem/khoinghieplamdonggovvn-1710122537
khosim24h.com,Công Ty TNHH Viễn Thông 24h,19/11/2021,Chứng nhận cơ bản,https://tinnhiemmang.vn/danh-ba-tin-nhiem/khosim24hcom-1637205761
khpl.moj.gov.vn,Viện Khoa học Pháp lý - Bộ Tư Pháp,14/07/2022,Chứng nhận cơ bản,https://tinnhiemmang.vn/danh-ba-tin-nhiem/khplmojgovvn-1625734349
khudulichhohoabinh.vn,"Sở Văn hóa, Thể thao và Du lịch tỉnh Hòa Bình",09/11/2023,Chứng nhận cơ bản,https://tinnhiemmang.vn/danh-ba-tin-nhiem/khudulichhohoabinhvn-1699433625
khuqldb4.gov.vn,Khu quản lý đường bộ IV,13/09/2023,Chứng nhận cơ bản,https://tinnhiemmang.vn/danh-ba-tin-nhiem/khuqldb4govvn-1694560462
khuyencongquangninh.net.vn,"Trung tâm Xúc tiến và Phát triển công thương Quảng Ninh, Sở Công Thương",18/11/2021,Chứng nhận cơ bản,https://tinnhiemmang.vn/danh-ba-tin-nhiem/khuyencongquangninhnetvn-1637165342
khuyencongthanhhoa.gov.vn,Trung tâm Khuyến công và Tiết kiệm năng lượng Thanh Hóa,21/05/2024,Chứng nhận cơ bản,https://tinnhiemmang.vn/danh-ba-tin-nhiem/khuyencongthanhhoagovvn-1713792984
khuyencongvatuvancongnghiepdongnai.gov.vn,Trung tâm Khuyến công  Tư vấn phát triển công nghiệp tỉnh Đồng Nai,26/09/2023,Chứng nhận cơ bản,https://tinnhiemmang.vn/danh-ba-tin-nhiem/khuyencongvatuvancongnghiepdongnaigovvn-1695719973
khuyenhoc.danang.gov.vn,Hội Khuyến học thành phố Đà Nẵng,18/07/2024,Chứng nhận cơ bản,https://tinnhiemmang.vn/danh-ba-tin-nhiem/khuyenhocdananggovvn-1721182851
khuyennong.lamdong.gov.vn,Trung tâm Khuyến nông tỉnh Lâm Đồng,01/08/2023,Chứng nhận cơ bản,https://tinnhiemmang.vn/danh-ba-tin-nhiem/khuyennonglamdonggovvn-1690767662
khuyennong.ninhbinh.gov.vn,"Trung tâm Khuyến nông, khuyến lâm, khuyến ngư Ninh Bình",29/08/2024,Chứng nhận cơ bản,https://tinnhiemmang.vn/danh-ba-tin-nhiem/khuyennongninhbinhgovvn-1724814830
khuyennonghanoi.gov.vn,Trung tâm Khuyến nông Hà Nội,05/08/2024,Chứng nhận cơ bản,https://tinnhiemmang.vn/danh-ba-tin-nhiem/khuyennonghanoigovvn-1722237889
khuyennongnghean.com.vn,Trung tâm khuyến nông Nghệ An,09/11/2023,Chứng nhận cơ bản,https://tinnhiemmang.vn/danh-ba-tin-nhiem/khuyennongngheancomvn-1696904960
kiemdinh.tqc.gov.vn,Trung tâm Đo lường Chất lượng Viễn thông,07/03/2024,Chứng nhận cơ bản,https://tinnhiemmang.vn/danh-ba-tin-nhiem/kiemdinhtqcgovvn-1709715642
kiemnghiemdanang.vn,Trung tâm Kiểm nghiệm thành phố Đà Nẵng,08/09/2022,Chứng nhận cơ bản,https://tinnhiemmang.vn/danh-ba-tin-nhiem/kiemnghiemdanangvn-1662627025
kiemnghiemhanoi.gov.vn,"Trung tâm Kiểm nghiệm thuốc, mỹ phẩm, thực phẩm Hà Nội",20/06/2024,Chứng nhận cơ bản,https://tinnhiemmang.vn/danh-ba-tin-nhiem/kiemnghiemhanoigovvn-1718866384
kiemnghiemkhanhhoa.gov.vn,Trung tâm Kiểm nghiệm tỉnh Khánh Hòa,14/07/2022,Chứng nhận cơ bản,https://tinnhiemmang.vn/danh-ba-tin-nhiem/kiemnghiemkhanhhoagovvn-1626058832
kiemnghiemthanhhoa.vn,Trung tâm Kiểm nghiệm Thanh Hóa,25/11/2024,Chứng nhận cơ bản,https://tinnhiemmang.vn/danh-ba-tin-nhiem/kiemnghiemthanhhoavn-1732249794
kiemsat.vn,Tạp chí Kiểm sát,07/09/2021,Chứng nhận cơ bản,https://tinnhiemmang.vn/danh-ba-tin-nhiem/kiemsatvn-1631002158
kiemsatcaobang.vn,Viện kiểm sát nhân dân tỉnh Cao Bằng,17/02/2025,Chứng nhận cơ bản,https://tinnhiemmang.vn/danh-ba-tin-nhiem/kiemsatcaobangvn-1738907496
kienan.haiphong.gov.vn,"UBND quận Kiến An, thành phố Hải Phòng",07/11/2022,Chứng nhận cơ bản,https://tinnhiemmang.vn/danh-ba-tin-nhiem/kienanhaiphonggovvn-1667534816
kiengiang.baohiemxahoi.gov.vn,Bảo Hiểm Xã Hội tỉnh Kiên Giang,28/07/2021,Chứng nhận cơ bản,https://tinnhiemmang.vn/danh-ba-tin-nhiem/kiengiangbaohiemxahoigovvn-1627464831
kiengiang.dcs.vn,Tỉnh ủy Kiên Giang,06/12/2022,Chứng nhận cơ bản,https://tinnhiemmang.vn/danh-ba-tin-nhiem/kiengiangdcsvn-1670231586
kiengiang.gdt.gov.vn,Cục Thuế tỉnh Kiên Giang,10/08/2023,Chứng nhận cơ bản,https://tinnhiemmang.vn/danh-ba-tin-nhiem/kiengianggdtgovvn-1691656437
kiengiang.toaan.gov.vn,Tòa án nhân dân tỉnh Kiên Giang,07/04/2023,Chứng nhận cơ bản,https://tinnhiemmang.vn/danh-ba-tin-nhiem/kiengiangtoaangovvn-1679900594
kienthietviet.com,Công ty Cổ phần Thiết kế - Xây dựng và Đào tạo Kiến Thiết Việt,18/01/2023,Chứng nhận cơ bản,https://tinnhiemmang.vn/danh-ba-tin-nhiem/kienthietvietcom-1672992066
kienthuc.net.vn,Báo điện tử Tri thức cuộc sống,10/05/2024,Chứng nhận cơ bản,https://tinnhiemmang.vn/danh-ba-tin-nhiem/kienthucnetvn-1625717198
kimboi.hoabinh.edu.vn,Phòng giáo dục và đào tạo huyện Kim Bôi tỉnh Hòa Bình,09/11/2023,Chứng nhận cơ bản,https://tinnhiemmang.vn/danh-ba-tin-nhiem/kimboihoabinheduvn-1699437792
kimchinh.kimson.ninhbinh.gov.vn,"Uỷ ban nhân dân xã Kim Chính, huyện Kim Sơn, tỉnh Ninh Bình",27/06/2024,Chứng nhận cơ bản,https://tinnhiemmang.vn/danh-ba-tin-nhiem/kimchinhkimsonninhbinhgovvn-1719453497
kimdinh.kimson.ninhbinh.gov.vn,"Uỷ ban nhân dân xã Kim Định, huyện Kim Sơn, tỉnh Ninh Bình",29/11/2024,Chứng nhận cơ bản,https://tinnhiemmang.vn/danh-ba-tin-nhiem/kimdinhkimsonninhbinhgovvn-1732669303
kimdong.kimson.ninhbinh.gov.vn,"Uỷ ban nhân dân xã Kim Đông, huyện Kim Sơn, tỉnh Ninh Bình",27/06/2024,Chứng nhận cơ bản,https://tinnhiemmang.vn/danh-ba-tin-nhiem/kimdongkimsonninhbinhgovvn-1719453664
kimloaithudo.com,Công ty Cổ phần Kim loại Thủ Đô,01/08/2022,Chứng nhận cơ bản,https://tinnhiemmang.vn/danh-ba-tin-nhiem/kimloaithudocom-1658714837
kimmy.kimson.ninhbinh.gov.vn,"Uỷ ban nhân dân xã Kim Mỹ, huyện Kim Sơn, tỉnh Ninh Bình",27/06/2024,Chứng nhận cơ bản,https://tinnhiemmang.vn/danh-ba-tin-nhiem/kimmykimsonninhbinhgovvn-1719453792
kimson.ninhbinh.gov.vn,"Uỷ ban nhân dân huyện Kim Sơn, tỉnh Ninh Bình",19/07/2021,Chứng nhận cơ bản,https://tinnhiemmang.vn/danh-ba-tin-nhiem/kimsonninhbinhgovvn-1626430311
kimtan.kimson.ninhbinh.gov.vn,"Uỷ ban nhân dân xã Kim Tân, huyện Kim Sơn, tỉnh Ninh Bình",29/11/2024,Chứng nhận cơ bản,https://tinnhiemmang.vn/danh-ba-tin-nhiem/kimtankimsonninhbinhgovvn-1732668752
kimystore.vn,Hộ kinh doanh giày dép KimyShoes,08/08/2022,Chứng nhận cơ bản,https://tinnhiemmang.vn/danh-ba-tin-nhiem/kimystorevn-1659635062
kinhtedothi.vn,Báo Kinh tế và Đô thị,10/05/2024,Chứng nhận cơ bản,https://tinnhiemmang.vn/danh-ba-tin-nhiem/kinhtedothivn-1659148183
kituaz.com,Công Ty Cổ Phần Truyền Thông 1Z Networks,14/07/2022,Chứng nhận cơ bản,https://tinnhiemmang.vn/danh-ba-tin-nhiem/kituazcom-1657766302
kln-bacton.angiang.gov.vn,Ban quản lý Khu lưu niệm Chủ tịch Tôn Đức Thắng,29/11/2024,Chứng nhận cơ bản,https://tinnhiemmang.vn/danh-ba-tin-nhiem/kln-bactonangianggovvn-1732757419
kntc.vinhlong.gov.vn,Văn phòng UBND tỉnh Vĩnh Long,09/11/2023,Chứng nhận cơ bản,https://tinnhiemmang.vn/danh-ba-tin-nhiem/kntcvinhlonggovvn-1699515010
kongchro.gialai.gov.vn,"UBND huyện Kông Chro, tỉnh Gia Lai",10/01/2024,Chứng nhận cơ bản,https://tinnhiemmang.vn/danh-ba-tin-nhiem/kongchrogialaigovvn-1704856891
kontum.baohiemxahoi.gov.vn,Bảo Hiểm Xã Hội tỉnh Kon Tum,28/07/2021,Chứng nhận cơ bản,https://tinnhiemmang.vn/danh-ba-tin-nhiem/kontumbaohiemxahoigovvn-1627466506
kontum.gdt.gov.vn,Cục Thuế tỉnh Kontum,10/08/2023,Chứng nhận cơ bản,https://tinnhiemmang.vn/danh-ba-tin-nhiem/kontumgdtgovvn-1691656484
kontum.toaan.gov.vn,Tòa án nhân dân tỉnh Kon Tum,07/04/2023,Chứng nhận cơ bản,https://tinnhiemmang.vn/danh-ba-tin-nhiem/kontumtoaangovvn-1679900515
kosmen.vn,Công Ty Cổ Phần Kosmen,07/06/2022,Chứng nhận cơ bản,https://tinnhiemmang.vn/danh-ba-tin-nhiem/kosmenvn-1654244303
krongana.daklak.gov.vn,"Huyện Krông Ana, tỉnh Đắk Lắk",16/08/2023,Chứng nhận cơ bản,https://tinnhiemmang.vn/danh-ba-tin-nhiem/kronganadaklakgovvn-1692150067
ksbtkhanhhoa.vn,Trung tâm kiểm soát bệnh tật Tỉnh Khánh Hòa,09/08/2023,Chứng nhận cơ bản,https://tinnhiemmang.vn/danh-ba-tin-nhiem/ksbtkhanhhoavn-1691575158
kson.khanhhoa.edu.vn,"Trường THPT Khánh Sơn, tỉnh Khánh Hòa",09/08/2023,Chứng nhận cơ bản,https://tinnhiemmang.vn/danh-ba-tin-nhiem/ksonkhanhhoaeduvn-1691553450
ktv.org.vn,Đài Phát thanh và Truyền hình Khánh Hoà,15/01/2024,Chứng nhận cơ bản,https://tinnhiemmang.vn/danh-ba-tin-nhiem/ktvorgvn-1691562779
ktvb.moj.gov.vn,Bộ Tư pháp,14/07/2022,Chứng nhận cơ bản,https://tinnhiemmang.vn/danh-ba-tin-nhiem/ktvbmojgovvn-1625733113
kyma.vn,Công Ty Cổ Phần Công Nghệ Kyma,10/05/2022,Chứng nhận cơ bản,https://tinnhiemmang.vn/danh-ba-tin-nhiem/kymavn-1651830980
kythuat.tphcm.gov.vn,Sở Thông tin và Truyền thông thành phố Hồ Chí Minh,09/10/2023,Chứng nhận cơ bản,https://tinnhiemmang.vn/danh-ba-tin-nhiem/kythuattphcmgovvn-1696833274
kythuatcongnghehb.edu.vn,Trường Cao đăng Kỹ thuật Công nghệ Hòa Bình,09/11/2023,Chứng nhận cơ bản,https://tinnhiemmang.vn/danh-ba-tin-nhiem/kythuatcongnghehbeduvn-1699434069
lacduong.lamdong.dcs.vn,Huyện ủy Lạc Dương tỉnh Lâm Đồng,30/05/2023,Chứng nhận cơ bản,https://tinnhiemmang.vn/danh-ba-tin-nhiem/lacduonglamdongdcsvn-1684741528
lacduong.lamdong.gov.vn,"Phòng Văn hóa và Thông tin Huyện Lạc Dương, tỉnh Lâm Đồng",26/10/2023,Chứng nhận cơ bản,https://tinnhiemmang.vn/danh-ba-tin-nhiem/lacduonglamdonggovvn-1698290207
laclam.donduong.lamdong.gov.vn,UBND Xã Lạc Lâm - Huyện Đơn Dương,11/04/2024,Chứng nhận cơ bản,https://tinnhiemmang.vn/danh-ba-tin-nhiem/laclamdonduonglamdonggovvn-1712739617
lacxuan.donduong.lamdong.gov.vn,UBND Xã Lạc Xuân - Huyện Đơn Dương,11/04/2024,Chứng nhận cơ bản,https://tinnhiemmang.vn/danh-ba-tin-nhiem/lacxuandonduonglamdonggovvn-1712739916
laichau.baohiemxahoi.gov.vn,Bảo hiểm xã hội tỉnh Lai Châu,19/07/2021,Chứng nhận cơ bản,https://tinnhiemmang.vn/danh-ba-tin-nhiem/laichaubaohiemxahoigovvn-1626666098
laichau.gdt.gov.vn,Cục Thuế tỉnh Lai Châu,10/08/2023,Chứng nhận cơ bản,https://tinnhiemmang.vn/danh-ba-tin-nhiem/laichaugdtgovvn-1691656524
laichau.gov.vn,Ủy ban nhân dân tỉnh Lai Châu,01/03/2024,Chứng nhận cơ bản,https://tinnhiemmang.vn/danh-ba-tin-nhiem/laichaugovvn-1709265073
laichau.toaan.gov.vn,Tòa án nhân dân tỉnh Lai Châu,07/04/2023,Chứng nhận cơ bản,https://tinnhiemmang.vn/danh-ba-tin-nhiem/laichautoaangovvn-1679900247
laivung.dongthap.gov.vn,"Ủy ban nhân dân Huyện Lai Vung, tỉnh Đồng Tháp",22/11/2021,Chứng nhận cơ bản,https://tinnhiemmang.vn/danh-ba-tin-nhiem/laivungdongthapgovvn-1637573720
lamdong.baohiemxahoi.gov.vn,Bảo Hiểm Xã Hội tỉnh Lâm Đồng,28/07/2021,Chứng nhận cơ bản,https://tinnhiemmang.vn/danh-ba-tin-nhiem/lamdongbaohiemxahoigovvn-1627465977
lamdong.dcs.vn,Đảng bộ tỉnh Lâm Đồng,15/05/2023,Chứng nhận cơ bản,https://tinnhiemmang.vn/danh-ba-tin-nhiem/lamdongdcsvn-1684123384
lamdong.edu.vn,Sở Giáo dục và Đào tạo tỉnh Lâm Đồng,10/05/2023,Chứng nhận cơ bản,https://tinnhiemmang.vn/danh-ba-tin-nhiem/lamdongeduvn-1683601402
lamdong.gdt.gov.vn,Cục Thuế tỉnh Lâm Đồng,10/08/2023,Chứng nhận cơ bản,https://tinnhiemmang.vn/danh-ba-tin-nhiem/lamdonggdtgovvn-1691656658
lamdong.gov.vn,Sở Thông tin và Truyền thông Lâm Đồng,27/10/2021,Chứng nhận cơ bản,https://tinnhiemmang.vn/danh-ba-tin-nhiem/lamdonggovvn-1635305684
lamdongfpdf.gov.vn,Quỹ Bảo vệ và phát triển rừng tỉnh Lâm Đồng,27/07/2023,Chứng nhận cơ bản,https://tinnhiemmang.vn/danh-ba-tin-nhiem/lamdongfpdfgovvn-1690359915
lamdongtv.vn,Đài Phát thanh và Truyền hình Lâm Đồng,13/06/2024,Chứng nhận cơ bản,https://tinnhiemmang.vn/danh-ba-tin-nhiem/lamdongtvvn-1683034319
lamha.lamdong.dcs.vn,"Huyện ủy Lâm Hà, Tỉnh Lâm Đồng",02/06/2023,Chứng nhận cơ bản,https://tinnhiemmang.vn/danh-ba-tin-nhiem/lamhalamdongdcsvn-1684717706
lamha.lamdong.gov.vn,UBND huyện Lâm Hà tỉnh Lâm Đồng,16/05/2023,Chứng nhận cơ bản,https://tinnhiemmang.vn/danh-ba-tin-nhiem/lamhalamdonggovvn-1683865259
lamthao.phutho.gov.vn,UBND huyện Lâm Thao tỉnh Phú Thọ,03/10/2023,Chứng nhận cơ bản,https://tinnhiemmang.vn/danh-ba-tin-nhiem/lamthaophuthogovvn-1696236881
langchanh.thanhhoa.gov.vn,UBND huyện Lang Chánh tỉnh Thanh Hóa,01/08/2023,Chứng nhận cơ bản,https://tinnhiemmang.vn/danh-ba-tin-nhiem/langchanhthanhhoagovvn-1690781733
langso.dx.gov.vn,Vụ Kinh tế số và Xã hội số,10/11/2023,Chứng nhận nâng cao,https://tinnhiemmang.vn/danh-ba-tin-nhiem/langsodxgovvn-1699602537
langson.baohiemxahoi.gov.vn,Bảo hiểm xã hội tỉnh Lạng Sơn,19/07/2021,Chứng nhận cơ bản,https://tinnhiemmang.vn/danh-ba-tin-nhiem/langsonbaohiemxahoigovvn-1626666488
langson.gdt.gov.vn,Cục Thuế tỉnh Lạng Sơn,10/08/2023,Chứng nhận cơ bản,https://tinnhiemmang.vn/danh-ba-tin-nhiem/langsongdtgovvn-1691656699
langson.gov.vn,Cổng Thông tin điện tử tỉnh Lạng Sơn,08/06/2021,Chứng nhận cơ bản,https://tinnhiemmang.vn/danh-ba-tin-nhiem/langsongovvn-1623136329
langson.toaan.gov.vn,Tòa án nhân dân tỉnh Lạng Sơn,07/04/2023,Chứng nhận cơ bản,https://tinnhiemmang.vn/danh-ba-tin-nhiem/langsontoaangovvn-1679900019
lanhsuvietnam.gov.vn,Cục Lãnh sự  Bộ Ngoại giao Việt Nam,14/07/2022,Chứng nhận cơ bản,https://tinnhiemmang.vn/danh-ba-tin-nhiem/lanhsuvietnamgovvn-1625126568
laocai.baohiemxahoi.gov.vn,Bảo hiểm xã hội tỉnh Lào Cai,21/07/2021,Chứng nhận cơ bản,https://tinnhiemmang.vn/danh-ba-tin-nhiem/laocaibaohiemxahoigovvn-1626854782
laocai.gdt.gov.vn,Cục Thuế tỉnh Lào Cai,10/08/2023,Chứng nhận cơ bản,https://tinnhiemmang.vn/danh-ba-tin-nhiem/laocaigdtgovvn-1691656622
laocai.gov.vn,UBND tỉnh Lào Cai,19/07/2021,Chứng nhận cơ bản,https://tinnhiemmang.vn/danh-ba-tin-nhiem/laocaigovvn-1626684292
laocai.toaan.gov.vn,Tòa án nhân dân tỉnh Lào Cai,07/04/2023,Chứng nhận cơ bản,https://tinnhiemmang.vn/danh-ba-tin-nhiem/laocaitoaangovvn-1679899848
laocaitourism.vn,VNPT Lào Cai,17/08/2022,Chứng nhận cơ bản,https://tinnhiemmang.vn/danh-ba-tin-nhiem/laocaitourismvn-1659082803
laodong.vn,Báo điện tử Người Lao động,10/05/2024,Chứng nhận cơ bản,https://tinnhiemmang.vn/danh-ba-tin-nhiem/laodongvn-1625728718
lapvo.dongthap.gov.vn,"Ủy ban nhân dân Huyện Lấp Vò, tỉnh Đồng Tháp",22/11/2021,Chứng nhận cơ bản,https://tinnhiemmang.vn/danh-ba-tin-nhiem/lapvodongthapgovvn-1637572644
lavn.com.vn,Công ty Luật TNHH Tư vấn pháp lý LAVN,19/12/2022,Chứng nhận cơ bản,https://tinnhiemmang.vn/danh-ba-tin-nhiem/lavncomvn-1671073059
lcdif.laocai.gov.vn,Quỹ đầu tư phát triển tỉnh Lào Cai,25/11/2021,Chứng nhận cơ bản,https://tinnhiemmang.vn/danh-ba-tin-nhiem/lcdiflaocaigovvn-1637807648
lcdung.top,Blog lập trình lcdung.top,10/02/2022,Chứng nhận cơ bản,https://tinnhiemmang.vn/danh-ba-tin-nhiem/lcdungtop-1643783908
ldesign.vn,Công Ty TNHH Truyền Thông L Design,04/05/2022,Chứng nhận cơ bản,https://tinnhiemmang.vn/danh-ba-tin-nhiem/ldesignvn-1646024661
ldld.angiang.gov.vn,Liên Đoàn Lao Động tỉnh An Giang,06/10/2021,Chứng nhận cơ bản,https://tinnhiemmang.vn/danh-ba-tin-nhiem/ldldangianggovvn-1633514592
ldld.bacninh.gov.vn,Liên Đoàn Lao Động Tỉnh Bắc Ninh,30/11/2021,Chứng nhận cơ bản,https://tinnhiemmang.vn/danh-ba-tin-nhiem/ldldbacninhgovvn-1638178647
ldld.dongthap.gov.vn,Liên đoàn lao động Tỉnh Đồng Tháp,22/11/2021,Chứng nhận cơ bản,https://tinnhiemmang.vn/danh-ba-tin-nhiem/ldlddongthapgovvn-1637566736
ldld.gialai.org.vn,Liên đoàn Lao động tỉnh Gia Lai,10/01/2024,Chứng nhận cơ bản,https://tinnhiemmang.vn/danh-ba-tin-nhiem/ldldgialaiorgvn-1704856402
ldld.lamdong.gov.vn,Liên Đoàn Lao Động tỉnh Lâm Đồng,27/11/2023,Chứng nhận cơ bản,https://tinnhiemmang.vn/danh-ba-tin-nhiem/ldldlamdonggovvn-1701053136
ldm.asia,Công Ty TNHH Truyền Thông L Design,04/05/2022,Chứng nhận cơ bản,https://tinnhiemmang.vn/danh-ba-tin-nhiem/ldmasia-1651649567
ldtbxh.danang.gov.vn,Sở Lao động - Thương binh và Xã hội Đà Nẵng,24/11/2021,Chứng nhận cơ bản,https://tinnhiemmang.vn/danh-ba-tin-nhiem/ldtbxhdananggovvn-1637729708
lechan.haiphong.gov.vn,Ủy ban nhân dân Quận Lê Chân,02/05/2024,Chứng nhận cơ bản,https://tinnhiemmang.vn/danh-ba-tin-nhiem/lechanhaiphonggovvn-1714116767
ledso1.com,Công ty Cổ phần Công Nghệ Led DQ Việt Nam,02/12/2021,Chứng nhận cơ bản,https://tinnhiemmang.vn/danh-ba-tin-nhiem/ledso1com-1637743152
legiaict.com,Công ty TNHH Công Nghệ  Truyền Thông Lê Gia,06/12/2021,Chứng nhận cơ bản,https://tinnhiemmang.vn/danh-ba-tin-nhiem/legiaictcom-1635433361
lekima.misa.vn,Công ty Cổ phần MISA,18/01/2023,Chứng nhận cơ bản,https://tinnhiemmang.vn/danh-ba-tin-nhiem/lekimamisavn-1674026535
lgsp.quangngai.gov.vn,Sở Thông tin và Truyền thông Quảng Ngãi,13/12/2024,Chứng nhận cơ bản,https://tinnhiemmang.vn/danh-ba-tin-nhiem/lgspquangngaigovvn-1734078101
lgsp.sonla.gov.vn,Sở Thông tin và Truyền thông tỉnh Sơn La,17/06/2021,Chứng nhận cơ bản,https://tinnhiemmang.vn/danh-ba-tin-nhiem/lgspsonlagovvn-1623916453
lhchkhkt.dongthap.gov.vn,Liên hiệp các hội Khoa học và Kỹ thuật tỉnh Đồng Tháp,22/11/2021,Chứng nhận cơ bản,https://tinnhiemmang.vn/danh-ba-tin-nhiem/lhchkhktdongthapgovvn-1637566821
lhh.danang.gov.vn,Liên hiệp các Hội Khoa học và Kỹ thuật thành phố Đà Nẵng,01/07/2024,Chứng nhận cơ bản,https://tinnhiemmang.vn/danh-ba-tin-nhiem/lhhdananggovvn-1719806262
lhphong.khanhhoa.edu.vn,"Trung tâm GDTX-HN Cam Ranh, tỉnh Khánh Hòa",09/08/2023,Chứng nhận cơ bản,https://tinnhiemmang.vn/danh-ba-tin-nhiem/lhphongkhanhhoaeduvn-1691555003
lideehaus.com,CÔNG TY TNHH LIDEE HAUS,10/10/2022,Chứng nhận cơ bản,https://tinnhiemmang.vn/danh-ba-tin-nhiem/lideehauscom-1665391959
lienchieu.danang.gov.vn,"UBND quận Liên Chiểu, Đà Nẵng",25/11/2021,Chứng nhận cơ bản,https://tinnhiemmang.vn/danh-ba-tin-nhiem/lienchieudananggovvn-1637746708
lienhiephoi.quangngai.gov.vn,Liên hiệp các hội khoa học và kỹ thuật tỉnh Quảng Ngãi,10/05/2021,Chứng nhận cơ bản,https://tinnhiemmang.vn/danh-ba-tin-nhiem/lienhiephoiquangngaigovvn-1620635354
lienhiephoi.tayninh.gov.vn,Liên hiệp các hội khoa học và kỹ thuật tỉnh Tây Ninh,24/11/2021,Chứng nhận cơ bản,https://tinnhiemmang.vn/danh-ba-tin-nhiem/lienhiephoitayninhgovvn-1637643709
lienhiephoikhkt.camau.gov.vn,Liên hiệp các hội Khoa học và Kỹ thuật tỉnh Cà Mau,29/05/2023,Chứng nhận cơ bản,https://tinnhiemmang.vn/danh-ba-tin-nhiem/lienhiephoikhktcamaugovvn-1684984747
lienketdaotao.tcdbt.edu.vn,Trường Cao đẳng Bình Thuận,02/01/2024,Chứng nhận cơ bản,https://tinnhiemmang.vn/danh-ba-tin-nhiem/lienketdaotaotcdbteduvn-1703815430
lienminhhoptacxa.laocai.gov.vn,Liên minh hợp tác xã tỉnh Lào Cai,25/11/2021,Chứng nhận cơ bản,https://tinnhiemmang.vn/danh-ba-tin-nhiem/lienminhhoptacxalaocaigovvn-1637811959
lienminhhtx.tayninh.gov.vn,Liên minh hợp tác xã tỉnh Tây Ninh,24/11/2021,Chứng nhận cơ bản,https://tinnhiemmang.vn/danh-ba-tin-nhiem/lienminhhtxtayninhgovvn-1637643994
linhkiendtdd.vn,Hộ kinh doanh cửa hàng điện thoại di động Tín Thành,19/05/2022,Chứng nhận cơ bản,https://tinnhiemmang.vn/danh-ba-tin-nhiem/linhkiendtddvn-1652938632
linhkienphukien.vn,Công ty cổ phần đầu tư sản xuất và thương mại (STG) Song Toàn,15/01/2024,Chứng nhận cơ bản,https://tinnhiemmang.vn/danh-ba-tin-nhiem/linhkienphukienvn-1673509158
liza.lamdong.gov.vn,Ban Quản Lý Khu Công Nghiệp tỉnh Lâm Đồng,09/06/2023,Chứng nhận cơ bản,https://tinnhiemmang.vn/danh-ba-tin-nhiem/lizalamdonggovvn-1686209681
llquan.khanhhoa.edu.vn,"Trường THPT Lạc Long Quân, tỉnh Khánh Hòa",09/08/2023,Chứng nhận cơ bản,https://tinnhiemmang.vn/danh-ba-tin-nhiem/llquankhanhhoaeduvn-1691553492
lmhtx.caobang.gov.vn,Liên minh Hợp tác xã tỉnh Cao Bằng,27/05/2024,Chứng nhận cơ bản,https://tinnhiemmang.vn/danh-ba-tin-nhiem/lmhtxcaobanggovvn-1716540412
lmhtx.danang.gov.vn,Liên minh Hợp tác xã thành phố Đà Nẵng,02/01/2024,Chứng nhận cơ bản,https://tinnhiemmang.vn/danh-ba-tin-nhiem/lmhtxdananggovvn-1703835385
lmhtx.dongthap.gov.vn,Liên minh hợp tác xã tỉnh Đồng Tháp,22/11/2021,Chứng nhận cơ bản,https://tinnhiemmang.vn/danh-ba-tin-nhiem/lmhtxdongthapgovvn-1637566914
login.cantho.gov.vn,Sở Thông tin và Truyền thông Cần Thơ,17/11/2021,Chứng nhận cơ bản,https://tinnhiemmang.vn/danh-ba-tin-nhiem/logincanthogovvn-1637057140
login.laocai.gov.vn,Sở Thông tin và Truyền thông tỉnh Lào Cai,19/07/2021,Chứng nhận cơ bản,https://tinnhiemmang.vn/danh-ba-tin-nhiem/loginlaocaigovvn-1626685122
loginqltgpl.moj.gov.vn,Bộ Tư pháp,14/07/2022,Chứng nhận cơ bản,https://tinnhiemmang.vn/danh-ba-tin-nhiem/loginqltgplmojgovvn-1625743012
logistics.gov.vn,"Trung tâm Thông tin Công nghiệp và Thương mại, Bộ Công thương",17/01/2022,Chứng nhận cơ bản,https://tinnhiemmang.vn/danh-ba-tin-nhiem/logisticsgovvn-1642155502
logoxamat.tayninh.gov.vn,Vườn quốc gia lò gò xa mát tỉnh Tây Ninh,24/11/2021,Chứng nhận cơ bản,https://tinnhiemmang.vn/danh-ba-tin-nhiem/logoxamattayninhgovvn-1637644111
loivongco.com,Lời Vọng Cổ,07/03/2022,Chứng nhận cơ bản,https://tinnhiemmang.vn/danh-ba-tin-nhiem/loivongcocom-1646366964
longan.baohiemxahoi.gov.vn,Bảo Hiểm Xã Hội tỉnh Long An,28/07/2021,Chứng nhận cơ bản,https://tinnhiemmang.vn/danh-ba-tin-nhiem/longanbaohiemxahoigovvn-1627465164
longan.gdt.gov.vn,Cục Thuế Tỉnh Long An,10/08/2023,Chứng nhận cơ bản,https://tinnhiemmang.vn/danh-ba-tin-nhiem/longangdtgovvn-1691656577
longan.toaan.gov.vn,Tòa án nhân dân tỉnh Long An,07/04/2023,Chứng nhận cơ bản,https://tinnhiemmang.vn/danh-ba-tin-nhiem/longantoaangovvn-1679899750
longbien.hanoi.gov.vn,"UBND Quận Long Biên, Hà Nội",11/12/2023,Chứng nhận cơ bản,https://tinnhiemmang.vn/danh-ba-tin-nhiem/longbienhanoigovvn-1702272553
longbien.longbien.hanoi.gov.vn,"UBND Phường Long Biên, quận Long Biên, Hà Nội",11/12/2023,Chứng nhận cơ bản,https://tinnhiemmang.vn/danh-ba-tin-nhiem/longbienlongbienhanoigovvn-1702273005
longho.vinhlong.gov.vn,UBND huyện Long Hồ tỉnh Vĩnh Long,25/05/2023,Chứng nhận cơ bản,https://tinnhiemmang.vn/danh-ba-tin-nhiem/longhovinhlonggovvn-1684915138
longkhanh.dongnai.gov.vn,UBND thành phố Long Khánh tỉnh Đồng Nai,26/09/2023,Chứng nhận cơ bản,https://tinnhiemmang.vn/danh-ba-tin-nhiem/longkhanhdongnaigovvn-1695720679
longthanh.dongnai.gov.vn,UBND huyện Long Thành tỉnh Đồng Nai,07/10/2023,Chứng nhận cơ bản,https://tinnhiemmang.vn/danh-ba-tin-nhiem/longthanhdongnaigovvn-1696564625
longxuyen.angiang.gov.vn,UBND TP. Long Xuyên - Tỉnh An Giang,15/10/2021,Chứng nhận cơ bản,https://tinnhiemmang.vn/danh-ba-tin-nhiem/longxuyenangianggovvn-1634291292
lotusmilk.com.vn,Công ty TNHH Lotus Tây Nguyên,25/08/2022,Chứng nhận cơ bản,https://tinnhiemmang.vn/danh-ba-tin-nhiem/lotusmilkcomvn-1661151418
lotusscale.com,Công Ty TNHH Thiết Bị Đo Lường Hoa Sen Vàng,16/02/2023,Chứng nhận cơ bản,https://tinnhiemmang.vn/danh-ba-tin-nhiem/lotusscalecom-1676536344
lovemama.vn,Ga chống thấm Cotton LoveMama,03/08/2022,Chứng nhận cơ bản,https://tinnhiemmang.vn/danh-ba-tin-nhiem/lovemamavn-1659501736
lqdon.khanhhoa.edu.vn,"Trường THPT Lê Quý Đôn, tỉnh Khánh Hòa",09/08/2023,Chứng nhận cơ bản,https://tinnhiemmang.vn/danh-ba-tin-nhiem/lqdonkhanhhoaeduvn-1691554430
lsvn.vn,Tạp chí Luật sư Việt Nam,30/08/2021,Chứng nhận cơ bản,https://tinnhiemmang.vn/danh-ba-tin-nhiem/lsvnvn-1630313992
ltls.danang.gov.vn,Trung tâm Lưu trữ lịch sử thành phố Đà Nẵng,14/11/2023,Chứng nhận cơ bản,https://tinnhiemmang.vn/danh-ba-tin-nhiem/ltlsdananggovvn-1699930927
ltton.khanhhoa.edu.vn,"Trường THPT Lê Thánh Tôn, tỉnh Khánh Hòa",09/08/2023,Chứng nhận cơ bản,https://tinnhiemmang.vn/danh-ba-tin-nhiem/lttonkhanhhoaeduvn-1691554586
lttrong.khanhhoa.edu.vn,"Trường THPT Lý Tự Trọng, tỉnh Khánh Hòa",09/08/2023,Chứng nhận cơ bản,https://tinnhiemmang.vn/danh-ba-tin-nhiem/lttrongkhanhhoaeduvn-1691554388
luatgialong.vn,Công Ty TNHH Dịch Vụ Tư Vấn Luật Gia Long,26/05/2022,Chứng nhận cơ bản,https://tinnhiemmang.vn/danh-ba-tin-nhiem/luatgialongvn-1650703410
lucsithanh.vinhlong.gov.vn,UBND xã Lục Sĩ Thành tỉnh Vĩnh Long,15/07/2021,Chứng nhận cơ bản,https://tinnhiemmang.vn/danh-ba-tin-nhiem/lucsithanhvinhlonggovvn-1626268158
luongtai.bacninh.gov.vn,Huyện Lương Tài - tỉnh Bắc Ninh,25/01/2022,Chứng nhận cơ bản,https://tinnhiemmang.vn/danh-ba-tin-nhiem/luongtaibacninhgovvn-1643012228
luuanhmedia.com,Lưu Anh Media,03/06/2022,Chứng nhận cơ bản,https://tinnhiemmang.vn/danh-ba-tin-nhiem/luuanhmediacom-1654243770
luutru.gov.vn,Trung tâm Thông tin - Bộ Nội vụ,29/06/2021,Chứng nhận cơ bản,https://tinnhiemmang.vn/danh-ba-tin-nhiem/luutrugovvn-1624933985
luutrudientu.quangngai.gov.vn,Sở Thông tin và Truyền thông Quảng Ngãi,13/12/2024,Chứng nhận cơ bản,https://tinnhiemmang.vn/danh-ba-tin-nhiem/luutrudientuquangngaigovvn-1734078133
luutruhanoi.hanoi.gov.vn,Trung tâm Lưu trữ lịch sử Thành phố - Sở Nội Vụ Hà Nội,11/11/2024,Chứng nhận cơ bản,https://tinnhiemmang.vn/danh-ba-tin-nhiem/luutruhanoihanoigovvn-1730972422
lyson.quangngai.gov.vn,UBND huyện Lý Sơn tỉnh Quảng Ngãi,10/05/2021,Chứng nhận cơ bản,https://tinnhiemmang.vn/danh-ba-tin-nhiem/lysonquangngaigovvn-1620635346
maihienmaixepdidong.net,Mái hiên mái xếp di động Đại Anh Kiệt,01/07/2022,Chứng nhận cơ bản,https://tinnhiemmang.vn/danh-ba-tin-nhiem/maihienmaixepdidongnet-1654054879
maihuong.gov.vn,Bệnh viện tâm thần Ban ngày Mai Hương,11/11/2024,Chứng nhận cơ bản,https://tinnhiemmang.vn/danh-ba-tin-nhiem/maihuonggovvn-1730973452
mail.bacninh.gov.vn,Sở Thông tin và Truyền thông tỉnh Bắc Ninh,05/11/2021,Chứng nhận cơ bản,https://tinnhiemmang.vn/danh-ba-tin-nhiem/mailbacninhgovvn-1636097721
mail.cantho.gov.vn,Trung tâm CNTT và Truyền thông Cần Thơ,16/11/2021,Chứng nhận cơ bản,https://tinnhiemmang.vn/danh-ba-tin-nhiem/mailcanthogovvn-1636960957
mail.caobang.gov.vn,Sở Thông tin và Truyền thông Cao Bằng,25/12/2023,Chứng nhận cơ bản,https://tinnhiemmang.vn/danh-ba-tin-nhiem/mailcaobanggovvn-1703476686
mail.danang.gov.vn,Sở Thông tin và Truyền thông thành phố Đà Nẵng,20/12/2023,Chứng nhận cơ bản,https://tinnhiemmang.vn/danh-ba-tin-nhiem/maildananggovvn-1703040230
mail.langson.gov.vn,Cổng Thông tin điện tử tỉnh Lạng Sơn,08/06/2021,Chứng nhận cơ bản,https://tinnhiemmang.vn/danh-ba-tin-nhiem/wwwmaillangsongovvn-1623135985
mail.laocai.gov.vn,Sở Thông tin và Truyền thông tỉnh Lào Cai,19/07/2021,Chứng nhận cơ bản,https://tinnhiemmang.vn/danh-ba-tin-nhiem/maillaocaigovvn-1626684768
mail.moh.gov.vn,Bộ Y tế,14/07/2022,Chứng nhận cơ bản,https://tinnhiemmang.vn/danh-ba-tin-nhiem/mailmohgovvn-1626078395
mail.moha.gov.vn,Trung tâm Thông tin - Bộ Nội vụ,29/06/2021,Chứng nhận cơ bản,https://tinnhiemmang.vn/danh-ba-tin-nhiem/mailmohagovvn-1624934004
mail.moj.gov.vn,Bộ Tư pháp,14/07/2022,Chứng nhận cơ bản,https://tinnhiemmang.vn/danh-ba-tin-nhiem/mailmojgovvn-1625747255
mail.most.gov.vn,Bộ Khoa học và Công nghệ,24/12/2024,Chứng nhận cơ bản,https://tinnhiemmang.vn/danh-ba-tin-nhiem/mailmostgovvn-1735011649
mail.nghean.gov.vn,Ủy ban Nhân dân tỉnh Nghệ An,23/08/2023,Chứng nhận cơ bản,https://tinnhiemmang.vn/danh-ba-tin-nhiem/mailngheangovvn-1692760287
mail.nhandan.vn,Báo Nhân Dân,11/09/2021,Chứng nhận cơ bản,https://tinnhiemmang.vn/danh-ba-tin-nhiem/mailnhandanvn-1631288216
mail.quangngai.gov.vn,UBND tỉnh Quảng Ngãi,10/05/2021,Chứng nhận cơ bản,https://tinnhiemmang.vn/danh-ba-tin-nhiem/mailquangngaigovvn-1620635321
mail.sbv.gov.vn,Ngân hàng Nhà nước Việt Nam,14/07/2021,Chứng nhận cơ bản,https://tinnhiemmang.vn/danh-ba-tin-nhiem/mailsbvgovvn-1626166820
mail.sonla.gov.vn,Sở Thông tin và Truyền thông tỉnh Sơn La,17/06/2021,Chứng nhận cơ bản,https://tinnhiemmang.vn/danh-ba-tin-nhiem/mailsonlagovvn-1623916389
mail.tayninh.gov.vn,Sở thông tin và truyền thông tỉnh Tây Ninh,24/11/2021,Chứng nhận cơ bản,https://tinnhiemmang.vn/danh-ba-tin-nhiem/mailtayninhgovvn-1637644181
mail.toaan.gov.vn,Tòa án nhân dân tối cao,07/04/2023,Chứng nhận cơ bản,https://tinnhiemmang.vn/danh-ba-tin-nhiem/mailtoaangovvn-1680839334
mail.vast.gov.vn,Viện Hàn lâm Khoa học và Công nghệ Việt Nam,21/10/2022,Chứng nhận cơ bản,https://tinnhiemmang.vn/danh-ba-tin-nhiem/mailvastgovvn-1666343826
mail.vietnam.travel,Trung tâm Thông tin du lịch,12/08/2024,Chứng nhận cơ bản,https://tinnhiemmang.vn/danh-ba-tin-nhiem/mailvietnamtravel-1723449017
mail.vietnamtourism.gov.vn,Trung tâm Thông tin du lịch,12/08/2024,Chứng nhận cơ bản,https://tinnhiemmang.vn/danh-ba-tin-nhiem/mailvietnamtourismgovvn-1723449088
mail.vinatom.gov.vn,Viện Năng lượng nguyên tử Việt Nam,04/03/2024,Chứng nhận cơ bản,https://tinnhiemmang.vn/danh-ba-tin-nhiem/mailvinatomgovvn-1709539100
mail.vista.gov.vn,Cục thông tin khoa học và công nghệ quốc gia,31/10/2024,Chứng nhận cơ bản,https://tinnhiemmang.vn/danh-ba-tin-nhiem/mailvistagovvn-1730344543
mail.vss.gov.vn,Bảo hiểm Xã hội Việt Nam,14/07/2021,Chứng nhận cơ bản,https://tinnhiemmang.vn/danh-ba-tin-nhiem/mailvssgovvn-1626170550
maiphuong.vn,Mai Phương Computer,13/03/2023,Chứng nhận cơ bản,https://tinnhiemmang.vn/danh-ba-tin-nhiem/maiphuongvn-1644549159
maison.sonla.gov.vn,UBND Huyện Mai Sơn  UBND tỉnh Sơn La,17/06/2021,Chứng nhận cơ bản,https://tinnhiemmang.vn/danh-ba-tin-nhiem/maisonsonlagovvn-1623911314
mamnonthitranvb.haiphong.edu.vn,Trường mầm non Thị trấn Vĩnh Bảo,08/07/2024,Chứng nhận cơ bản,https://tinnhiemmang.vn/danh-ba-tin-nhiem/mamnonthitranvbhaiphongeduvn-1714609189
mangyang.gialai.gov.vn,"UBND huyện Mang Yang, tỉnh Gia Lai",24/01/2024,Chứng nhận cơ bản,https://tinnhiemmang.vn/danh-ba-tin-nhiem/mangyanggialaigovvn-1706063595
manhinhledfullcolor.com,Công ty Cổ phần Công Nghệ Ledone Việt Nam,02/12/2021,Chứng nhận cơ bản,https://tinnhiemmang.vn/danh-ba-tin-nhiem/manhinhledfullcolorcom-1637743731
manxinh.asia,Công Ty TNHH Màn Xinh Á Châu,11/05/2022,Chứng nhận cơ bản,https://tinnhiemmang.vn/danh-ba-tin-nhiem/manxinhasia-1652260385
maps.tourism.com.vn,Trung tâm Thông tin du lịch,12/08/2024,Chứng nhận cơ bản,https://tinnhiemmang.vn/danh-ba-tin-nhiem/mapstourismcomvn-1723449370
mattran.danang.gov.vn,Mặt trận Tổ quốc Việt Nam thành phố Đà Nẵng,24/11/2021,Chứng nhận cơ bản,https://tinnhiemmang.vn/danh-ba-tin-nhiem/mattrandananggovvn-1637728243
mattrantoquoc.tayninh.gov.vn,Ủy Ban Mặt Trận Tổ Quốc Việt Nam tỉnh Tây Ninh,24/11/2021,Chứng nhận cơ bản,https://tinnhiemmang.vn/danh-ba-tin-nhiem/mattrantoquoctayninhgovvn-1637644257
maxweb.vn,Công Ty TNHH Giải Pháp Công Nghệ Và Truyền Thông MBS,21/09/2022,Chứng nhận cơ bản,https://tinnhiemmang.vn/danh-ba-tin-nhiem/maxwebvn-1663664699
mayphatdiencongnghiep.info,Công Ty TNHH TMDV Cơ Điện Việt Nhật,26/09/2022,Chứng nhận cơ bản,https://tinnhiemmang.vn/danh-ba-tin-nhiem/mayphatdiencongnghiepinfo-1664144992
maytinhtienfpos.com,Công Ty TNHH Thương Mại Dịch Vụ Công Nghệ Giải Pháp Nhanh,25/11/2022,Chứng nhận cơ bản,https://tinnhiemmang.vn/danh-ba-tin-nhiem/maytinhtienfposcom-1637144062
maytreladatthanh.com,Tre Lá Đạt Thành,01/10/2022,Chứng nhận cơ bản,https://tinnhiemmang.vn/danh-ba-tin-nhiem/maytreladatthanhcom-1664602747
mch.moh.gov.vn,Vụ Sức khỏe Bà mẹ -Trẻ em - Bộ Y tế,14/07/2022,Chứng nhận cơ bản,https://tinnhiemmang.vn/danh-ba-tin-nhiem/mchmohgovvn-1626078058
mcom.vn,Công ty TNHH Công Nghệ  Truyền Thông Lê Gia,06/12/2021,Chứng nhận cơ bản,https://tinnhiemmang.vn/danh-ba-tin-nhiem/mcomvn-1635433390
medinet.hochiminhcity.gov.vn,Sở Y tế thành phố Hồ Chí Minh,09/10/2023,Chứng nhận cơ bản,https://tinnhiemmang.vn/danh-ba-tin-nhiem/medinethochiminhcitygovvn-1696833581
meet.cantho.gov.vn,Sở Thông tin và Truyền thông Cần Thơ,17/11/2021,Chứng nhận cơ bản,https://tinnhiemmang.vn/danh-ba-tin-nhiem/meetcanthogovvn-1637057135
meeting1.moha.gov.vn,Trung tâm Thông tin - Bộ Nội vụ,29/06/2021,Chứng nhận cơ bản,https://tinnhiemmang.vn/danh-ba-tin-nhiem/meeting1mohagovvn-1624934005
mega.com.vn,MEGA Technology,29/08/2022,Chứng nhận cơ bản,https://tinnhiemmang.vn/danh-ba-tin-nhiem/megacomvn-1661140436
meinvoice.vn,Công ty Cổ phần MISA,18/01/2023,Chứng nhận cơ bản,https://tinnhiemmang.vn/danh-ba-tin-nhiem/meinvoicevn-1671070936
melinh.hanoi.gov.vn,"Huyện Mê Linh, Thành phố Hà Nội",15/06/2021,Chứng nhận cơ bản,https://tinnhiemmang.vn/danh-ba-tin-nhiem/melinhhanoigovvn-1623560557
mes.vn,Công Ty Cổ Phần Giải Pháp Cơ Điện MES,04/10/2022,Chứng nhận cơ bản,https://tinnhiemmang.vn/danh-ba-tin-nhiem/mesvn-1664433258
meta.vn,Công ty cổ phần Mạng trực tuyến META,09/05/2022,Chứng nhận cơ bản,https://tinnhiemmang.vn/danh-ba-tin-nhiem/metavn-1644230237
mgdlbanmai.haiphong.edu.vn,Trường Mầm non Ban Mai,12/07/2024,Chứng nhận cơ bản,https://tinnhiemmang.vn/danh-ba-tin-nhiem/mgdlbanmaihaiphongeduvn-1720747055
mgh.customs.gov.vn,Tổng cục Hải quan,18/08/2023,Chứng nhận cơ bản,https://tinnhiemmang.vn/danh-ba-tin-nhiem/mghcustomsgovvn-1692325828
mgkimdong4.haiphong.edu.vn,Trường Mẫu giáo Kim Đồng IV,09/08/2024,Chứng nhận cơ bản,https://tinnhiemmang.vn/danh-ba-tin-nhiem/mgkimdong4haiphongeduvn-1723104271
mgsaosang2.haiphong.edu.vn,Trường Mầm non Sao Sáng 2,05/07/2024,Chứng nhận cơ bản,https://tinnhiemmang.vn/danh-ba-tin-nhiem/mgsaosang2haiphongeduvn-1720146874
mgsaosang3.haiphong.edu.vn,Trường Mầm non Sao Sáng 3,08/07/2024,Chứng nhận cơ bản,https://tinnhiemmang.vn/danh-ba-tin-nhiem/mgsaosang3haiphongeduvn-1720431795
mgsaosang4.haiphong.edu.vn,Trường Mầm non Sao Sáng 4,05/07/2024,Chứng nhận cơ bản,https://tinnhiemmang.vn/danh-ba-tin-nhiem/mgsaosang4haiphongeduvn-1720147186
mgsaosang5.haiphong.edu.vn,Trường Mầm non Sao Sáng 5,09/07/2024,Chứng nhận cơ bản,https://tinnhiemmang.vn/danh-ba-tin-nhiem/mgsaosang5haiphongeduvnhomegdmn2-1720484680
mgsaosang6.haiphong.edu.vn,Mầm non Sao Sáng 6,08/07/2024,Chứng nhận cơ bản,https://tinnhiemmang.vn/danh-ba-tin-nhiem/mgsaosang6haiphongeduvn-1720409109
mgsaosang7.haiphong.edu.vn,Trường Mầm Non Sao Sáng 7,08/07/2024,Chứng nhận cơ bản,https://tinnhiemmang.vn/danh-ba-tin-nhiem/mgsaosang7haiphongeduvn-1720431801
mgsaosang8.haiphong.edu.vn,Trường Mầm non Sao Sáng 8,09/07/2024,Chứng nhận cơ bản,https://tinnhiemmang.vn/danh-ba-tin-nhiem/mgsaosang8haiphongeduvn-1720481019
mienthithucvk.mofa.gov.vn,Bộ Ngoại giao Việt Nam,14/07/2022,Chứng nhận cơ bản,https://tinnhiemmang.vn/danh-ba-tin-nhiem/mienthithucvkmofagovvn-1625540475
mikotech.vn,Công Ty TNHH Miko Tech,13/05/2022,Chứng nhận cơ bản,https://tinnhiemmang.vn/danh-ba-tin-nhiem/mikotechvn-1649751063
mimosa.misa.vn,Công ty Cổ phần MISA,18/01/2023,Chứng nhận cơ bản,https://tinnhiemmang.vn/danh-ba-tin-nhiem/mimosamisavn-1671071081
mindmaid.ai,Công ty Cổ phần Công nghệ và Truyền thông AIV Group,09/08/2023,Chứng nhận cơ bản,https://tinnhiemmang.vn/danh-ba-tin-nhiem/mindmaidai-1691547794
minhancomputer.com,Công Ty Cổ Phần Dịch Vụ Thương Mại  Minh An Group,29/09/2022,Chứng nhận cơ bản,https://tinnhiemmang.vn/danh-ba-tin-nhiem/minhancomputercom-1664174772
minhduy.vn,Cty TNHH MTV Thương mại và Dịch vụ Minh Duy Solutions,22/11/2021,Chứng nhận cơ bản,https://tinnhiemmang.vn/danh-ba-tin-nhiem/minhduyvn-1637154461
minhlong.quangngai.gov.vn,"Huyện Minh Long, Tỉnh Quảng Ngãi",10/05/2021,Chứng nhận cơ bản,https://tinnhiemmang.vn/danh-ba-tin-nhiem/minhlongquangngaigovvn-1620635338
mirats.vn,Công ty Quản lý bay miền Trung,11/08/2021,Chứng nhận cơ bản,https://tinnhiemmang.vn/danh-ba-tin-nhiem/miratsvn-1628682207
misa.vn,Công ty Cổ phần MISA,18/01/2023,Chứng nhận cơ bản,https://tinnhiemmang.vn/danh-ba-tin-nhiem/misavn-1671070836
mla.toaan.gov.vn,Tòa án nhân dân tối cao,07/04/2023,Chứng nhận cơ bản,https://tinnhiemmang.vn/danh-ba-tin-nhiem/mlatoaangovvn-1679565885
mn1-5.haiphong.edu.vn,Trường Mầm non tư thục 1/5,08/07/2024,Chứng nhận cơ bản,https://tinnhiemmang.vn/danh-ba-tin-nhiem/mn1-5haiphongeduvn-1714725030
mn20-10.haiphong.edu.vn,Trường Mầm non 20-10,08/07/2024,Chứng nhận cơ bản,https://tinnhiemmang.vn/danh-ba-tin-nhiem/mn20-10haiphongeduvn-1720431714
mn3-2.haiphong.edu.vn,Trường mầm non 3-2,12/07/2024,Chứng nhận cơ bản,https://tinnhiemmang.vn/danh-ba-tin-nhiem/mn3-2haiphongeduvn-1720681976
mn30-4kienan.haiphong.edu.vn,Trường mầm non tư thục 30/4,05/07/2024,Chứng nhận cơ bản,https://tinnhiemmang.vn/danh-ba-tin-nhiem/mn30-4kienanhaiphongeduvn-1714727864
mn8-3.haiphong.edu.vn,Trường Mầm non 8-3,09/07/2024,Chứng nhận cơ bản,https://tinnhiemmang.vn/danh-ba-tin-nhiem/mn8-3haiphongeduvn-1720509757
mnandong1.haiphong.edu.vn,Trường Mầm Non An Đồng 1,08/07/2024,Chứng nhận cơ bản,https://tinnhiemmang.vn/danh-ba-tin-nhiem/mnandong1haiphongeduvn-1720431766
mnandong2.haiphong.edu.vn,Trường Mầm non An Đồng II,08/07/2024,Chứng nhận cơ bản,https://tinnhiemmang.vn/danh-ba-tin-nhiem/mnandong2haiphongeduvn-1720431729
mnanduong.haiphong.edu.vn,Trường mầm non An Dương - An Dương - Hải Phòng,10/07/2024,Chứng nhận cơ bản,https://tinnhiemmang.vn/danh-ba-tin-nhiem/mnanduonghaiphongeduvn-1720572853
mnanhdung.haiphong.edu.vn,Trường mầm non Anh Dũng,08/07/2024,Chứng nhận cơ bản,https://tinnhiemmang.vn/danh-ba-tin-nhiem/mnanhdunghaiphongeduvn-1714640660
mnanhduong.chauduc-brvt.edu.vn,"Trường Mầm non Ánh Dương Huyện Châu Đức, tỉnh Bà Rịa – Vũng Tàu",20/12/2023,Chứng nhận cơ bản,https://tinnhiemmang.vn/danh-ba-tin-nhiem/mnanhduongchauduc-brvteduvn-1703054927
mnanhoavp.haiphong.edu.vn,Trường mầm non An Hòa,17/07/2024,Chứng nhận cơ bản,https://tinnhiemmang.vn/danh-ba-tin-nhiem/mnanhoavphaiphongeduvn-1721182947
mnantho.haiphong.edu.vn,Trường mầm non An Thọ,05/07/2024,Chứng nhận cơ bản,https://tinnhiemmang.vn/danh-ba-tin-nhiem/mnanthohaiphongeduvn-1714627953
mnantien.haiphong.edu.vn,Trường mầm non An Tiến,05/07/2024,Chứng nhận cơ bản,https://tinnhiemmang.vn/danh-ba-tin-nhiem/mnantienhaiphongeduvn-1714636228
mnbachdang.haiphong.edu.vn,Trường mầm non Bạch Đằng - Hồng Bàng - Hải Phòng,12/07/2024,Chứng nhận cơ bản,https://tinnhiemmang.vn/danh-ba-tin-nhiem/mnbachdanghaiphongeduvn-1720753208
mnbachdangtienlang.haiphong.edu.vn,Trường Mầm non Bạch Đằng - Tiên Lãng - HP,08/07/2024,Chứng nhận cơ bản,https://tinnhiemmang.vn/danh-ba-tin-nhiem/mnbachdangtienlanghaiphongeduvn-1715157319
mnbachung.haiphong.edu.vn,Trường Mầm Non Bắc Hưng,11/07/2024,Chứng nhận cơ bản,https://tinnhiemmang.vn/danh-ba-tin-nhiem/mnbachunghaiphongeduvn-1720663579
mnbacson.haiphong.edu.vn,Trường Mầm non Bắc Sơn,08/07/2024,Chứng nhận cơ bản,https://tinnhiemmang.vn/danh-ba-tin-nhiem/mnbacsonhaiphongeduvn-1715152742
mnbacsonad.haiphong.edu.vn,"Trường Mầm non Bắc Sơn, An Dương, Hải Phòng",18/07/2024,Chứng nhận cơ bản,https://tinnhiemmang.vn/danh-ba-tin-nhiem/mnbacsonadhaiphongeduvn-1721263889
mnbaochauds.haiphong.edu.vn,Trường Mầm non Bảo Châu,17/07/2024,Chứng nhận cơ bản,https://tinnhiemmang.vn/danh-ba-tin-nhiem/mnbaochaudshaiphongeduvn-1721177813
mnbinhminh.chauduc-brvt.edu.vn,"Trường Mầm non Bình Minh Huyện Châu Đức, tỉnh Bà Rịa – Vũng Tàu",20/12/2023,Chứng nhận cơ bản,https://tinnhiemmang.vn/danh-ba-tin-nhiem/mnbinhminhchauduc-brvteduvn-1703055029
mncatbi.haiphong.edu.vn,Trường mầm non Cát Bi,05/07/2024,Chứng nhận cơ bản,https://tinnhiemmang.vn/danh-ba-tin-nhiem/mncatbihaiphongeduvn-1715140476
mncoam.haiphong.edu.vn,Trường Mầm non Cổ Am,08/07/2024,Chứng nhận cơ bản,https://tinnhiemmang.vn/danh-ba-tin-nhiem/mncoamhaiphongeduvn-1720424016
mnconghien.haiphong.edu.vn,Trường mầm non Cộng Hiền,08/07/2024,Chứng nhận cơ bản,https://tinnhiemmang.vn/danh-ba-tin-nhiem/mnconghienhaiphongeduvn-1714617689
mndaithang.haiphong.edu.vn,"Trường Mầm non Đại Thắng, Tiên Lãng, Hải Phòng",16/07/2024,Chứng nhận cơ bản,https://tinnhiemmang.vn/danh-ba-tin-nhiem/mndaithanghaiphongeduvn-1721014678
mndanghai.haiphong.edu.vn,Trường mầm non Đằng Hải,05/07/2024,Chứng nhận cơ bản,https://tinnhiemmang.vn/danh-ba-tin-nhiem/mndanghaihaiphongeduvn-1715152891
mndanglam.haiphong.edu.vn,Trường mầm non Đằng Lâm,10/07/2024,Chứng nhận cơ bản,https://tinnhiemmang.vn/danh-ba-tin-nhiem/mndanglamhaiphongeduvn-1720520737
mndaphuc.haiphong.edu.vn,Trường Mầm Non Đa Phúc,12/07/2024,Chứng nhận cơ bản,https://tinnhiemmang.vn/danh-ba-tin-nhiem/mndaphuchaiphongeduvn-1720689838
mndoanlap.haiphong.edu.vn,Trường Mầm non Đoàn Lập,08/07/2024,Chứng nhận cơ bản,https://tinnhiemmang.vn/danh-ba-tin-nhiem/mndoanlaphaiphongeduvn-1720431920
mndonghai1.haiphong.edu.vn,Trường Mầm non Đông Hải 1,09/07/2024,Chứng nhận cơ bản,https://tinnhiemmang.vn/danh-ba-tin-nhiem/mndonghai1haiphongeduvn-1720513850
mndonghai2.haiphong.edu.vn,Trường Mầm non Đông Hải 2,10/07/2024,Chứng nhận cơ bản,https://tinnhiemmang.vn/danh-ba-tin-nhiem/mndonghai2haiphongeduvn-1720574627
mndonghung.haiphong.edu.vn,Trường mầm non Đông Hưng,08/07/2024,Chứng nhận cơ bản,https://tinnhiemmang.vn/danh-ba-tin-nhiem/mndonghunghaiphongeduvn-1715159752
mndongminh.haiphong.edu.vn,Trường Mầm Non Đồng Minh,17/07/2024,Chứng nhận cơ bản,https://tinnhiemmang.vn/danh-ba-tin-nhiem/mndongminhhaiphongeduvn-1721124930
mndongtam.haiphong.edu.vn,Trường Mầm non Đồng Tâm,09/07/2024,Chứng nhận cơ bản,https://tinnhiemmang.vn/danh-ba-tin-nhiem/mndongtamhaiphongeduvn-1720516372
mndungtien.haiphong.edu.vn,Trường Mầm Non Dũng Tiến,18/07/2024,Chứng nhận cơ bản,https://tinnhiemmang.vn/danh-ba-tin-nhiem/mndungtienhaiphongeduvn-1721228580
mngiangbien.haiphong.edu.vn,Trường mầm non Giang Biên,12/07/2024,Chứng nhận cơ bản,https://tinnhiemmang.vn/danh-ba-tin-nhiem/mngiangbienhaiphongeduvn-1720669384
mnhaiha.haiphong.edu.vn,Trường mầm non Hải Hà,15/08/2024,Chứng nhận cơ bản,https://tinnhiemmang.vn/danh-ba-tin-nhiem/mnhaihahaiphongeduvn-1723521169
mnhaithanh.haiphong.edu.vn,Trường mầm non Hải Thành,08/07/2024,Chứng nhận cơ bản,https://tinnhiemmang.vn/danh-ba-tin-nhiem/mnhaithanhhaiphongeduvn-1714646073
mnhaly.haiphong.edu.vn,Trường Mầm non Hạ Lý,05/07/2024,Chứng nhận cơ bản,https://tinnhiemmang.vn/danh-ba-tin-nhiem/mnhalyhaiphongeduvn-1719907870
mnhbang-nt.khanhhoa.edu.vn,Trường Mầm non Hồng Bàng tỉnh Khánh Hòa,10/04/2024,Chứng nhận cơ bản,https://tinnhiemmang.vn/danh-ba-tin-nhiem/mnhbang-ntkhanhhoaeduvn-1712716333
mnhoacuclc.haiphong.edu.vn,Trường MN Hoa Cúc,13/08/2024,Chứng nhận cơ bản,https://tinnhiemmang.vn/danh-ba-tin-nhiem/mnhoacuclchaiphongeduvn-1723516034
mnhoadao.chauduc-brvt.edu.vn,"Trường Mầm non Hoa Đào Huyện Châu Đức, tỉnh Bà Rịa – Vũng Tàu",20/12/2023,Chứng nhận cơ bản,https://tinnhiemmang.vn/danh-ba-tin-nhiem/mnhoadaochauduc-brvteduvn-1703055901
mnhoahong.chauduc-brvt.edu.vn,"Trường Mầm non Hoa Hồng Huyện Châu Đức, tỉnh Bà Rịa – Vũng Tàu",20/12/2023,Chứng nhận cơ bản,https://tinnhiemmang.vn/danh-ba-tin-nhiem/mnhoahongchauduc-brvteduvn-1703055079
mnhoalan.haiphong.edu.vn,Trường Mầm non Hoa Lan,17/07/2024,Chứng nhận cơ bản,https://tinnhiemmang.vn/danh-ba-tin-nhiem/mnhoalanhaiphongeduvn-1721179142
mnhoamai.chauduc-brvt.edu.vn,"Trường Mầm non Hoa Mai Huyện Châu Đức, tỉnh Bà Rịa – Vũng Tàu",20/12/2023,Chứng nhận cơ bản,https://tinnhiemmang.vn/danh-ba-tin-nhiem/mnhoamaichauduc-brvteduvn-1703055129
mnhoamailc.haiphong.edu.vn,Trường mầm non Hoa Mai - Lê Chân,24/07/2024,Chứng nhận cơ bản,https://tinnhiemmang.vn/danh-ba-tin-nhiem/mnhoamailchaiphongeduvn-1721789865
mnhoami.chauduc-brvt.edu.vn,"Trường Mầm non Họa Mi Huyện Châu Đức, tỉnh Bà Rịa – Vũng Tàu",20/12/2023,Chứng nhận cơ bản,https://tinnhiemmang.vn/danh-ba-tin-nhiem/mnhoamichauduc-brvteduvn-1703055940
mnhoami.haiphong.edu.vn,Trường mầm non Hoạ Mi - Lê Chân - Hải Phòng,17/07/2024,Chứng nhận cơ bản,https://tinnhiemmang.vn/danh-ba-tin-nhiem/mnhoamihaiphongeduvn-1721137668
mnhoanang.haiphong.edu.vn,Lớp Mầm non độc lập Hoa Nắng,15/08/2024,Chứng nhận cơ bản,https://tinnhiemmang.vn/danh-ba-tin-nhiem/mnhoananghaiphongeduvn-1723709054
mnhoangchau.haiphong.edu.vn,Trường mầm non Hoàng Châu- Huyện Cát Hải,09/07/2024,Chứng nhận cơ bản,https://tinnhiemmang.vn/danh-ba-tin-nhiem/mnhoangchauhaiphongeduvn-1720493658
mnhoangoanh.chauduc-brvt.edu.vn,"Trường Mầm non Hoàng Oanh Huyện Châu Đức, tỉnh Bà Rịa – Vũng Tàu",20/12/2023,Chứng nhận cơ bản,https://tinnhiemmang.vn/danh-ba-tin-nhiem/mnhoangoanhchauduc-brvteduvn-1703055283
mnhoangvanthu.haiphong.edu.vn,Trường Mầm non Hoàng Văn Thụ,05/07/2024,Chứng nhận cơ bản,https://tinnhiemmang.vn/danh-ba-tin-nhiem/mnhoangvanthuhaiphongeduvn-1720153595
mnhoaphuong.haiphong.edu.vn,Trường Mầm non Hoa Phượng,05/07/2024,Chứng nhận cơ bản,https://tinnhiemmang.vn/danh-ba-tin-nhiem/mnhoaphuonghaiphongeduvn-1714711325
mnhoasen.chauduc-brvt.edu.vn,"Trường Mầm non Hoa Sen Huyện Châu Đức, tỉnh Bà Rịa – Vũng Tàu",20/12/2023,Chứng nhận cơ bản,https://tinnhiemmang.vn/danh-ba-tin-nhiem/mnhoasenchauduc-brvteduvn-1703055182
mnhoasua.chauduc-brvt.edu.vn,"Trường Mầm non Hoa Sữa Huyện Châu Đức, tỉnh Bà Rịa – Vũng Tàu",20/12/2023,Chứng nhận cơ bản,https://tinnhiemmang.vn/danh-ba-tin-nhiem/mnhoasuachauduc-brvteduvn-1703055235
mnhoathuytien.haiphong.edu.vn,Trường mầm non Hoa Thuỷ Tiên,11/07/2024,Chứng nhận cơ bản,https://tinnhiemmang.vn/danh-ba-tin-nhiem/mnhoathuytienhaiphongeduvn-1720630148
mnhoatrangnguyentienlang.haiphong.edu.vn,Trường mầm non Hoa Trạng Nguyên,29/07/2024,Chứng nhận cơ bản,https://tinnhiemmang.vn/danh-ba-tin-nhiem/mnhoatrangnguyentienlanghaiphongeduvn-1721979713
mnhsen-nt.khanhhoa.edu.vn,Trường Mầm non Hương Sen tỉnh Khánh Hòa,10/04/2024,Chứng nhận cơ bản,https://tinnhiemmang.vn/danh-ba-tin-nhiem/mnhsen-ntkhanhhoaeduvn-1712716289
mnhungdao.haiphong.edu.vn,Trường mầm non Hưng Đạo,08/07/2024,Chứng nhận cơ bản,https://tinnhiemmang.vn/danh-ba-tin-nhiem/mnhungdaohaiphongeduvn-1714656078
mnhungnhan.haiphong.edu.vn,Trường mầm non Hưng Nhân,08/07/2024,Chứng nhận cơ bản,https://tinnhiemmang.vn/danh-ba-tin-nhiem/mnhungnhanhaiphongeduvn-1714395581
mnhungthang.haiphong.edu.vn,Trường MN Hùng Thắng,15/07/2024,Chứng nhận cơ bản,https://tinnhiemmang.vn/danh-ba-tin-nhiem/mnhungthanghaiphongeduvn-1720847422
mnhungtien.haiphong.edu.vn,Trường mầm non Hùng Tiến,17/07/2024,Chứng nhận cơ bản,https://tinnhiemmang.vn/danh-ba-tin-nhiem/mnhungtienhaiphongeduvn-1721141257
mnhungvuong.haiphong.edu.vn,Trường Mầm non Hùng Vương,10/07/2024,Chứng nhận cơ bản,https://tinnhiemmang.vn/danh-ba-tin-nhiem/mnhungvuonghaiphongeduvn-1720578285
mnhuongduong.chauduc-brvt.edu.vn,"Trường Mầm non Hướng Dương Huyện Châu Đức, tỉnh Bà Rịa – Vũng Tàu",20/12/2023,Chứng nhận cơ bản,https://tinnhiemmang.vn/danh-ba-tin-nhiem/mnhuongduongchauduc-brvteduvn-1703055349
mnhuongduong.haiphong.edu.vn,"Trường Mầm non Hướng Dương, Kiến An, Hải Phòng",08/07/2024,Chứng nhận cơ bản,https://tinnhiemmang.vn/danh-ba-tin-nhiem/mnhuongduonghaiphongeduvn-1720432252
mnhuunghiquocte.haiphong.edu.vn,Trường Mầm Non Hữu Nghị Quốc tế,24/07/2024,Chứng nhận cơ bản,https://tinnhiemmang.vn/danh-ba-tin-nhiem/mnhuunghiquoctehaiphongeduvn-1721785226
mnkenhduong.haiphong.edu.vn,Trường mầm non Kênh Dương,18/07/2024,Chứng nhận cơ bản,https://tinnhiemmang.vn/danh-ba-tin-nhiem/mnkenhduonghaiphongeduvn-1721203123
mnkienquoc.haiphong.edu.vn,Trường Mầm non Kiến Quốc,05/07/2024,Chứng nhận cơ bản,https://tinnhiemmang.vn/danh-ba-tin-nhiem/mnkienquochaiphongeduvn-1715177655
mnkimdong1.haiphong.edu.vn,Trường Mẫu giáo Kim Đồng I,08/07/2024,Chứng nhận cơ bản,https://tinnhiemmang.vn/danh-ba-tin-nhiem/mnkimdong1haiphongeduvn-1720105265
mnkimdong2.haiphong.edu.vn,Trường Mẫu giáo Kim Đồng II,11/07/2024,Chứng nhận cơ bản,https://tinnhiemmang.vn/danh-ba-tin-nhiem/mnkimdong2haiphongeduvn-1720666267
mnkimdong3.haiphong.edu.vn,Trường MN Kim Đồng III,11/07/2024,Chứng nhận cơ bản,https://tinnhiemmang.vn/danh-ba-tin-nhiem/mnkimdong3haiphongeduvn-1720579237
mnkitty.haiphong.edu.vn,Trường Mầm non Kitty Hải Phòng,09/08/2024,Chứng nhận cơ bản,https://tinnhiemmang.vn/danh-ba-tin-nhiem/mnkittyhaiphongeduvn-1723114856
mnlienam.haiphong.edu.vn,Trường Mầm non Liên Am,31/07/2024,Chứng nhận cơ bản,https://tinnhiemmang.vn/danh-ba-tin-nhiem/mnlienamhaiphongeduvn-1722331121
mnlttrong-nt.khanhhoa.edu.vn,"Trường MN Lý Tự Trọng, tỉnh Khánh Hòa",09/08/2023,Chứng nhận cơ bản,https://tinnhiemmang.vn/danh-ba-tin-nhiem/mnlttrong-ntkhanhhoaeduvn-1691575282
mnlyhoc.haiphong.edu.vn,Trường mầm non Lý Học,08/07/2024,Chứng nhận cơ bản,https://tinnhiemmang.vn/danh-ba-tin-nhiem/mnlyhochaiphongeduvn-1714463346
mnlythaito.haiphong.edu.vn,Trường Mầm non Lý Thái Tổ,24/07/2024,Chứng nhận cơ bản,https://tinnhiemmang.vn/danh-ba-tin-nhiem/mnlythaitohaiphongeduvn-1721784526
mnminakids.haiphong.edu.vn,Trường mầm non Minakids,19/07/2024,Chứng nhận cơ bản,https://tinnhiemmang.vn/danh-ba-tin-nhiem/mnminakidshaiphongeduvn-1721320947
mnminhduc.haiphong.edu.vn,Trường Mầm non Minh Đức,18/07/2024,Chứng nhận cơ bản,https://tinnhiemmang.vn/danh-ba-tin-nhiem/mnminhduchaiphongeduvn-1721209777
mnminhphuong.haiphong.edu.vn,Trường Mầm non Minh Phương,17/07/2024,Chứng nhận cơ bản,https://tinnhiemmang.vn/danh-ba-tin-nhiem/mnminhphuonghaiphongeduvn-1721146789
mnmisa.haiphong.edu.vn,Trường Mầm Non Misa,18/07/2024,Chứng nhận cơ bản,https://tinnhiemmang.vn/danh-ba-tin-nhiem/mnmisahaiphongeduvn-1721197187
mnmyduc.haiphong.edu.vn,Trường mầm non Mỹ Đức,08/07/2024,Chứng nhận cơ bản,https://tinnhiemmang.vn/danh-ba-tin-nhiem/mnmyduchaiphongeduvn-1714634092
mnnamhai.haiphong.edu.vn,Trường mầm non Nam Hải,05/07/2024,Chứng nhận cơ bản,https://tinnhiemmang.vn/danh-ba-tin-nhiem/mnnamhaihaiphongeduvn-1715152688
mnnamhung.haiphong.edu.vn,Trường mầm non Nam Hưng,08/07/2024,Chứng nhận cơ bản,https://tinnhiemmang.vn/danh-ba-tin-nhiem/mnnamhunghaiphongeduvn-1715159889
mnnangmai-vm.haiphong.edu.vn,Trường Mầm non Nắng Mai,08/07/2024,Chứng nhận cơ bản,https://tinnhiemmang.vn/danh-ba-tin-nhiem/mnnangmai-vmhaiphongeduvn-1720235055
mnngudoan.haiphong.edu.vn,Trường mầm non Ngũ Đoan,05/07/2024,Chứng nhận cơ bản,https://tinnhiemmang.vn/danh-ba-tin-nhiem/mnngudoanhaiphongeduvn-1715161218
mnnguyencongtru.haiphong.edu.vn,Trường mầm non Nguyễn Công Trứ,12/07/2024,Chứng nhận cơ bản,https://tinnhiemmang.vn/danh-ba-tin-nhiem/mnnguyencongtruhaiphongeduvn-1720716303
mnntnhiem-nt.khanhhoa.edu.vn,Trường Mầm non Ngô Thời Nhiệm tỉnh Khánh Hòa,10/04/2024,Chứng nhận cơ bản,https://tinnhiemmang.vn/danh-ba-tin-nhiem/mnntnhiem-ntkhanhhoaeduvn-1712716460
mnphale.haiphong.edu.vn,Trường Mầm non Phả Lễ,17/07/2024,Chứng nhận cơ bản,https://tinnhiemmang.vn/danh-ba-tin-nhiem/mnphalehaiphongeduvn-1721169513
mnphamdinhnguyen.haiphong.edu.vn,Trường mầm non Phạm Đình Nguyên,08/07/2024,Chứng nhận cơ bản,https://tinnhiemmang.vn/danh-ba-tin-nhiem/mnphamdinhnguyenhaiphongeduvn-1715157950
mnphuonghong.chauduc-brvt.edu.vn,"Trường Mầm non Phượng Hồng Huyện Châu Đức, tỉnh Bà Rịa – Vũng Tàu",20/12/2023,Chứng nhận cơ bản,https://tinnhiemmang.vn/danh-ba-tin-nhiem/mnphuonghongchauduc-brvteduvn-1703055456
mnplong-nt.khanhhoa.edu.vn,Trường Mầm non Phước Long tỉnh Khánh Hòa,11/04/2024,Chứng nhận cơ bản,https://tinnhiemmang.vn/danh-ba-tin-nhiem/mnplong-ntkhanhhoaeduvn-1712740439
mnpororo.haiphong.edu.vn,Trường mầm non Pororo,24/07/2024,Chứng nhận cơ bản,https://tinnhiemmang.vn/danh-ba-tin-nhiem/mnpororohaiphongeduvn-1721785702
mnpsai-nt.khanhhoa.edu.vn,Trường Mầm non Phương Sài tỉnh Khánh Hòa,10/04/2024,Chứng nhận cơ bản,https://tinnhiemmang.vn/danh-ba-tin-nhiem/mnpsai-ntkhanhhoaeduvn-1712716511
mnquangphuc.haiphong.edu.vn,Trường Mầm non Quang Phục,08/07/2024,Chứng nhận cơ bản,https://tinnhiemmang.vn/danh-ba-tin-nhiem/mnquangphuchaiphongeduvn-1715152318
mnquantoan.haiphong.edu.vn,Trường Mầm non Quán Toan,10/07/2024,Chứng nhận cơ bản,https://tinnhiemmang.vn/danh-ba-tin-nhiem/mnquantoanhaiphongeduvn-1720538100
mnquantru.haiphong.edu.vn,Trường Mầm non Quán Trữ,08/07/2024,Chứng nhận cơ bản,https://tinnhiemmang.vn/danh-ba-tin-nhiem/mnquantruhaiphongeduvn-1715152186
mnquoctuananlao.haiphong.edu.vn,Trường mầm non Quốc Tuấn,05/07/2024,Chứng nhận cơ bản,https://tinnhiemmang.vn/danh-ba-tin-nhiem/mnquoctuananlaohaiphongeduvn-1714635533
mnquyettien.haiphong.edu.vn,Trường Mầm non Quyết Tiến,08/07/2024,Chứng nhận cơ bản,https://tinnhiemmang.vn/danh-ba-tin-nhiem/mnquyettienhaiphongeduvn-1715153268
mnrangdong.chauduc-brvt.edu.vn,"Trường Mầm non Rạng Đông Huyện Châu Đức, tỉnh Bà Rịa – Vũng Tàu",20/12/2023,Chứng nhận cơ bản,https://tinnhiemmang.vn/danh-ba-tin-nhiem/mnrangdongchauduc-brvteduvn-1703055508
mnsaomai.chauduc-brvt.edu.vn,"Trường Mầm non Sao Mai Huyện Châu Đức, tỉnh Bà Rịa – Vũng Tàu",20/12/2023,Chứng nhận cơ bản,https://tinnhiemmang.vn/danh-ba-tin-nhiem/mnsaomaichauduc-brvteduvn-1703063400
mnsaomaich.haiphong.edu.vn,Trường mầm non Sao Mai - Cát Hải - Hải Phòng,10/07/2024,Chứng nhận cơ bản,https://tinnhiemmang.vn/danh-ba-tin-nhiem/mnsaomaichhaiphongeduvn-1720524735
mnsaosang.chauduc-brvt.edu.vn,"Trường Mầm non Sao Sáng Huyện Châu Đức, tỉnh Bà Rịa – Vũng Tàu",20/12/2023,Chứng nhận cơ bản,https://tinnhiemmang.vn/danh-ba-tin-nhiem/mnsaosangchauduc-brvteduvn-1703055595
mnsaosanganlao.haiphong.edu.vn,Trường mầm non Sao Sáng,08/07/2024,Chứng nhận cơ bản,https://tinnhiemmang.vn/danh-ba-tin-nhiem/mnsaosanganlaohaiphongeduvn-1714615615
mnsenhong.chauduc-brvt.edu.vn,"Trường Mầm non Sen Hồng Huyện Châu Đức, tỉnh Bà Rịa – Vũng Tàu",20/12/2023,Chứng nhận cơ bản,https://tinnhiemmang.vn/danh-ba-tin-nhiem/mnsenhongchauduc-brvteduvn-1703055398
mnsodau.haiphong.edu.vn,Trường Mầm non Sở Dầu,10/07/2024,Chứng nhận cơ bản,https://tinnhiemmang.vn/danh-ba-tin-nhiem/mnsodauhaiphongeduvn-1720520208
mnsonca.chauduc-brvt.edu.vn,"Trường Mầm non Sơn Ca Huyện Châu Đức, tỉnh Bà Rịa – Vũng Tàu",20/12/2023,Chứng nhận cơ bản,https://tinnhiemmang.vn/danh-ba-tin-nhiem/mnsoncachauduc-brvteduvn-1703055656
mnsoncach.haiphong.edu.vn,Trường mầm non Sơn Ca huyện Cát Hải,09/07/2024,Chứng nhận cơ bản,https://tinnhiemmang.vn/danh-ba-tin-nhiem/mnsoncachhaiphongeduvn-1720512836
mntamda.haiphong.edu.vn,Trường mầm non Tam Đa,08/07/2024,Chứng nhận cơ bản,https://tinnhiemmang.vn/danh-ba-tin-nhiem/mntamdahaiphongeduvn-1714636025
mntanhung.haiphong.edu.vn,Trường MN Tân Hưng,17/07/2024,Chứng nhận cơ bản,https://tinnhiemmang.vn/danh-ba-tin-nhiem/mntanhunghaiphongeduvn-1721127482
mntanlien.haiphong.edu.vn,Trường Mầm non Tân Liên,24/07/2024,Chứng nhận cơ bản,https://tinnhiemmang.vn/danh-ba-tin-nhiem/mntanlienhaiphongeduvn-1721785168
mntanthanh.haiphong.edu.vn,Trường Mầm non Tân Thành,08/07/2024,Chứng nhận cơ bản,https://tinnhiemmang.vn/danh-ba-tin-nhiem/mntanthanhhaiphongeduvn-1714805944
mntantien.haiphong.edu.vn,"Trường Mầm non Tân Tiến, An Dương, Hải Phòng",16/07/2024,Chứng nhận cơ bản,https://tinnhiemmang.vn/danh-ba-tin-nhiem/mntantienhaiphongeduvn-1721015809
mnthaison.haiphong.edu.vn,Trường mầm non Thái Sơn,08/07/2024,Chứng nhận cơ bản,https://tinnhiemmang.vn/danh-ba-tin-nhiem/mnthaisonhaiphongeduvn-1714640882
mnthangthuy.haiphong.edu.vn,Trường Mầm non Thắng Thuỷ,19/07/2024,Chứng nhận cơ bản,https://tinnhiemmang.vn/danh-ba-tin-nhiem/mnthangthuyhaiphongeduvn-1721295922
mnthanhluong.haiphong.edu.vn,Trường mầm non Thanh Lương,08/07/2024,Chứng nhận cơ bản,https://tinnhiemmang.vn/danh-ba-tin-nhiem/mnthanhluonghaiphongeduvn-1714490128
mnthanhto.haiphong.edu.vn,Trường Mầm non Thành Tô,05/07/2024,Chứng nhận cơ bản,https://tinnhiemmang.vn/danh-ba-tin-nhiem/mnthanhtohaiphongeduvn-1715152931
mnthienthan.haiphong.edu.vn,Trường Mầm Non Thiên Thần,25/07/2024,Chứng nhận cơ bản,https://tinnhiemmang.vn/danh-ba-tin-nhiem/mnthienthanhaiphongeduvn-1721812874
mnthuchanhkienan.haiphong.edu.vn,Trường Mầm non Thực Hành,05/07/2024,Chứng nhận cơ bản,https://tinnhiemmang.vn/danh-ba-tin-nhiem/mnthuchanhkienanhaiphongeduvn-1720153834
mnthuytrieu.haiphong.edu.vn,Trường Mầm non Thuỷ Triều,08/07/2024,Chứng nhận cơ bản,https://tinnhiemmang.vn/danh-ba-tin-nhiem/mnthuytrieuhaiphongeduvn-1720007276
mntiencuong.haiphong.edu.vn,Trường mầm non Tiên Cường,05/07/2024,Chứng nhận cơ bản,https://tinnhiemmang.vn/danh-ba-tin-nhiem/mntiencuonghaiphongeduvn-1720170057
mntienminh.haiphong.edu.vn,Trường mầm non Tiên Minh,08/07/2024,Chứng nhận cơ bản,https://tinnhiemmang.vn/danh-ba-tin-nhiem/mntienminhhaiphongeduvn-1715153056
mntienphong.haiphong.edu.vn,Trường mầm non Tiền Phong,18/07/2024,Chứng nhận cơ bản,https://tinnhiemmang.vn/danh-ba-tin-nhiem/mntienphonghaiphongeduvn-1721267947
mntienthanh.haiphong.edu.vn,Trường Mầm non Tiên Thanh,08/07/2024,Chứng nhận cơ bản,https://tinnhiemmang.vn/danh-ba-tin-nhiem/mntienthanhhaiphongeduvn-1715160087
mntlap1-nt.khanhhoa.edu.vn,Trường Mầm non Tân Lập 1 tỉnh Khánh Hòa,10/04/2024,Chứng nhận cơ bản,https://tinnhiemmang.vn/danh-ba-tin-nhiem/mntlap1-ntkhanhhoaeduvn-1712715849
mntoanthang.haiphong.edu.vn,Trường Mầm non Toàn Thắng,23/07/2024,Chứng nhận cơ bản,https://tinnhiemmang.vn/danh-ba-tin-nhiem/mntoanthanghaiphongeduvn-1721702730
mntraichuoi.haiphong.edu.vn,Trường Mầm non Trại Chuối,10/07/2024,Chứng nhận cơ bản,https://tinnhiemmang.vn/danh-ba-tin-nhiem/mntraichuoihaiphongeduvn-1720577864
mntranchau.haiphong.edu.vn,Trường mầm non Trân Châu,12/07/2024,Chứng nhận cơ bản,https://tinnhiemmang.vn/danh-ba-tin-nhiem/mntranchauhaiphongeduvn-1720753201
mntrangcat.haiphong.edu.vn,Trường mầm non Tràng Cát,09/07/2024,Chứng nhận cơ bản,https://tinnhiemmang.vn/danh-ba-tin-nhiem/mntrangcathaiphongeduvn-1720514192
mntranthanhngo.haiphong.edu.vn,Trường Mầm non Trần Thành Ngọ,18/07/2024,Chứng nhận cơ bản,https://tinnhiemmang.vn/danh-ba-tin-nhiem/mntranthanhngohaiphongeduvn-1721199462
mntrucxanh.chauduc-brvt.edu.vn,"Trường Mầm non Trúc Xanh Huyện Châu Đức, tỉnh Bà Rịa – Vũng Tàu",20/12/2023,Chứng nhận cơ bản,https://tinnhiemmang.vn/danh-ba-tin-nhiem/mntrucxanhchauduc-brvteduvn-1703055698
mntrunglap.haiphong.edu.vn,Trường mầm non Trung Lập,09/07/2024,Chứng nhận cơ bản,https://tinnhiemmang.vn/danh-ba-tin-nhiem/mntrunglaphaiphongeduvn-1720486569
mnttcathai.haiphong.edu.vn,Trường Mầm non thị trấn Cát Hải,12/07/2024,Chứng nhận cơ bản,https://tinnhiemmang.vn/danh-ba-tin-nhiem/mnttcathaihaiphongeduvn-1720686001
mntucuong.haiphong.edu.vn,Trường Mầm Non Tự Cường,08/07/2024,Chứng nhận cơ bản,https://tinnhiemmang.vn/danh-ba-tin-nhiem/mntucuonghaiphongeduvn-1715153627
mntuoingoc.chauduc-brvt.edu.vn,"Trường Mầm non Tuổi Ngọc Huyện Châu Đức, tỉnh Bà Rịa – Vũng Tàu",20/12/2023,Chứng nhận cơ bản,https://tinnhiemmang.vn/danh-ba-tin-nhiem/mntuoingocchauduc-brvteduvn-1703055751
mntuoitho.chauduc-brvt.edu.vn,"Trường Mầm non Tuổi Thơ Huyện Châu Đức, tỉnh Bà Rịa – Vũng Tàu",20/12/2023,Chứng nhận cơ bản,https://tinnhiemmang.vn/danh-ba-tin-nhiem/mntuoithochauduc-brvteduvn-1703055810
mnvanhkhuyen.chauduc-brvt.edu.vn,"Trường Mầm non Vành Khuyên Huyện Châu Đức, tỉnh Bà Rịa – Vũng Tàu",20/12/2023,Chứng nhận cơ bản,https://tinnhiemmang.vn/danh-ba-tin-nhiem/mnvanhkhuyenchauduc-brvteduvn-1703055853
mnvanhuong.haiphong.edu.vn,Trường Mầm non Vạn Hương,11/07/2024,Chứng nhận cơ bản,https://tinnhiemmang.vn/danh-ba-tin-nhiem/mnvanhuonghaiphongeduvn-1720663569
mnvanphong.haiphong.edu.vn,Trường mầm non Văn Phong,09/07/2024,Chứng nhận cơ bản,https://tinnhiemmang.vn/danh-ba-tin-nhiem/mnvanphonghaiphongeduvn-1720516366
mnviettien.haiphong.edu.vn,Trường mầm non Việt Tiến,08/07/2024,Chứng nhận cơ bản,https://tinnhiemmang.vn/danh-ba-tin-nhiem/mnviettienhaiphongeduvn-1720168836
mnvinhan.haiphong.edu.vn,Trường mầm non Vĩnh An,19/07/2024,Chứng nhận cơ bản,https://tinnhiemmang.vn/danh-ba-tin-nhiem/mnvinhanhaiphongeduvn-1721293370
mnvinhphong.haiphong.edu.vn,Trường mầm non Vĩnh Phong,17/07/2024,Chứng nhận cơ bản,https://tinnhiemmang.vn/danh-ba-tin-nhiem/mnvinhphonghaiphongeduvn-1721125038
mnvinhquangvb.haiphong.edu.vn,Trường Mầm non Vinh Quang VB,24/07/2024,Chứng nhận cơ bản,https://tinnhiemmang.vn/danh-ba-tin-nhiem/mnvinhquangvbhaiphongeduvn-1721789872
mnvinhtienvb.haiphong.edu.vn,Trường mầm non Vĩnh Tiến,16/07/2024,Chứng nhận cơ bản,https://tinnhiemmang.vn/danh-ba-tin-nhiem/mnvinhtienvbhaiphongeduvn-1721033779
mnvnguyen1-nt.khanhhoa.edu.vn,"Trường MN Vĩnh Nguyên 1, tỉnh Khánh Hòa",09/08/2023,Chứng nhận cơ bản,https://tinnhiemmang.vn/danh-ba-tin-nhiem/mnvnguyen1-ntkhanhhoaeduvn-1691561786
mnxdbachdang.haiphong.edu.vn,Trường mầm non Xây dựng Bạch Đằng,19/07/2024,Chứng nhận cơ bản,https://tinnhiemmang.vn/danh-ba-tin-nhiem/mnxdbachdanghaiphongeduvn-1721268247
mnxuandam.haiphong.edu.vn,Trường mầm non Xuân Đám,15/07/2024,Chứng nhận cơ bản,https://tinnhiemmang.vn/danh-ba-tin-nhiem/mnxuandamhaiphongeduvnhomegd2-1720776112
moc.gov.vn,Bộ Xây dựng,01/08/2024,Chứng nhận cơ bản,https://tinnhiemmang.vn/danh-ba-tin-nhiem/mocgovvn-1722411204
mocchau.sonla.gov.vn,UBND Huyện Mộc Châu  UBND tỉnh Sơn La,17/06/2021,Chứng nhận cơ bản,https://tinnhiemmang.vn/danh-ba-tin-nhiem/mocchausonlagovvn-1623911686
mocongty.net,Công ty TNHH Dịch Vụ Tư Vấn DNL,31/08/2021,Chứng nhận cơ bản,https://tinnhiemmang.vn/danh-ba-tin-nhiem/mocongtynet-1629972085
moduc.quangngai.gov.vn,"Huyện Mộ Đức, Tỉnh Quảng Ngãi",10/05/2021,Chứng nhận cơ bản,https://tinnhiemmang.vn/danh-ba-tin-nhiem/moducquangngaigovvn-1620635341
moet.gov.vn,Bộ Giáo dục và Đào tạo,06/07/2023,Chứng nhận cơ bản,https://tinnhiemmang.vn/danh-ba-tin-nhiem/moetgovvn-1688637899
mof.gov.vn,Bộ Tài chính,29/06/2023,Chứng nhận cơ bản,https://tinnhiemmang.vn/danh-ba-tin-nhiem/mofgovvn-1688010046
mofa.gov.vn,Bộ Ngoại giao Việt Nam,28/12/2021,Chứng nhận cơ bản,https://tinnhiemmang.vn/danh-ba-tin-nhiem/mofagovvn-1640677431
moh.gov.vn,Bộ Y tế,14/07/2022,Chứng nhận cơ bản,https://tinnhiemmang.vn/danh-ba-tin-nhiem/mohgovvn-1626078890
moha.gov.vn,Trung tâm Thông tin - Bộ Nội vụ,29/06/2021,Chứng nhận cơ bản,https://tinnhiemmang.vn/danh-ba-tin-nhiem/mohagovvn-1624933918
moit.gov.vn,Bộ Công Thương,17/01/2022,Chứng nhận cơ bản,https://tinnhiemmang.vn/danh-ba-tin-nhiem/moitgovvn-1642153929
moitruongdulich.vn,Trung tâm Thông tin du lịch,12/08/2024,Chứng nhận cơ bản,https://tinnhiemmang.vn/danh-ba-tin-nhiem/moitruongdulichvn-1723449370
moitruonghnp.com.vn,Công ty TNHH Nước và Công nghệ Môi trường Hoàng Nguyên Phát,16/11/2022,Chứng nhận cơ bản,https://tinnhiemmang.vn/danh-ba-tin-nhiem/moitruonghnpcomvn-1668357471
moitruonghopnhat.com,Công ty Cổ phần Xây dựng và Công nghệ Môi Trường Hợp Nhất,19/10/2022,Chứng nhận cơ bản,https://tinnhiemmang.vn/danh-ba-tin-nhiem/moitruonghopnhatcom-1665739324
moj.gov.vn,Bộ Tư pháp,14/07/2022,Chứng nhận cơ bản,https://tinnhiemmang.vn/danh-ba-tin-nhiem/mojgovvn-1625730975
molisa.gov.vn,Bộ Lao động  Thương binh và Xã hội,08/12/2022,Chứng nhận cơ bản,https://tinnhiemmang.vn/danh-ba-tin-nhiem/molisagovvn-1624937765
molistar.com,Công Ty Cổ Phần Moli Group,21/07/2022,Chứng nhận cơ bản,https://tinnhiemmang.vn/danh-ba-tin-nhiem/molistarcom-1657853386
mongcai.gov.vn,"UBND thành phố Móng Cái, tỉnh Quảng Ninh",16/11/2021,Chứng nhận cơ bản,https://tinnhiemmang.vn/danh-ba-tin-nhiem/mongcaigovvn-1637038216
most.gov.vn,Bộ Khoa học và Công nghệ,07/04/2023,Chứng nhận cơ bản,https://tinnhiemmang.vn/danh-ba-tin-nhiem/mostgovvn-1678868799
motcua.most.gov.vn,Bộ Khoa học và Công nghệ,07/04/2023,Chứng nhận cơ bản,https://tinnhiemmang.vn/danh-ba-tin-nhiem/motcuamostgovvn-1678869601
motcua.sonla.gov.vn,Sở Thông tin và Truyền thông tỉnh Sơn La,18/06/2021,Chứng nhận cơ bản,https://tinnhiemmang.vn/danh-ba-tin-nhiem/motcuasonlagovvn-1623988701
motcua.tayninh.gov.vn,Sở thông tin và truyền thông tỉnh Tây Ninh,24/11/2021,Chứng nhận cơ bản,https://tinnhiemmang.vn/danh-ba-tin-nhiem/motcuatayninhgovvn-1637644303
motcua.thanhphohaiphong.gov.vn,Sở Thông tin và Truyền thông Hải Phòng,25/07/2024,Chứng nhận cơ bản,https://tinnhiemmang.vn/danh-ba-tin-nhiem/motcuathanhphohaiphonggovvn-1721790363
motcua.tphcm.gov.vn,Sở Thông tin và Truyền thông thành phố Hồ Chí Minh,09/10/2023,Chứng nhận cơ bản,https://tinnhiemmang.vn/danh-ba-tin-nhiem/motcuatphcmgovvn-1696833279
motcua.vinhlong.gov.vn,Văn phòng UBND tỉnh Vĩnh Long,09/11/2023,Chứng nhận cơ bản,https://tinnhiemmang.vn/danh-ba-tin-nhiem/motcuavinhlonggovvn-1699514944
motogo.vn,MOTOGO Việt Nam,27/02/2023,Chứng nhận cơ bản,https://tinnhiemmang.vn/danh-ba-tin-nhiem/motogovn-1645598716
motortrip.vn,MotorTrip Việt Nam,27/02/2023,Chứng nhận cơ bản,https://tinnhiemmang.vn/danh-ba-tin-nhiem/motortripvn-1645598701
mpi.gov.vn,Bộ Kế hoạch và Đầu tư,12/09/2023,Chứng nhận cơ bản,https://tinnhiemmang.vn/danh-ba-tin-nhiem/mpigovvn-1694511196
mps.gov.vn,Bộ Công An,01/11/2023,Chứng nhận cơ bản,https://tinnhiemmang.vn/danh-ba-tin-nhiem/mpsgovvn-1698811212
mrb.hanoi.gov.vn,Ban Quản lý đường sắt đô thị thành phố Hà Nội,12/06/2021,Chứng nhận cơ bản,https://tinnhiemmang.vn/danh-ba-tin-nhiem/mrbhanoigovvn-1623403208
mst.gov.vn,Bộ Khoa học và Công nghệ,18/05/2026,Chứng nhận cơ bản,https://tinnhiemmang.vn/danh-ba-tin-nhiem/mstgovvn-1779090452
mt.gov.vn,Bộ Giao thông vận tải,11/08/2021,Chứng nhận cơ bản,https://tinnhiemmang.vn/danh-ba-tin-nhiem/mtgovvn-1628678674
mttq.bacninh.gov.vn,Ủy Ban Mặt Trận Tổ Quốc Bắc Ninh,30/11/2021,Chứng nhận cơ bản,https://tinnhiemmang.vn/danh-ba-tin-nhiem/mttqbacninhgovvn-1638178751
mttqhanoi.org.vn,Ủy ban Mặt trận tổ quốc Việt Nam thành phố Hà Nội,10/05/2023,Chứng nhận cơ bản,https://tinnhiemmang.vn/danh-ba-tin-nhiem/mttqhanoiorgvn-1683533304
muaban-batdongsan.com.vn,Công ty TNHH Mua Bán Bất Động Sản Việt Nam,26/04/2022,Chứng nhận cơ bản,https://tinnhiemmang.vn/danh-ba-tin-nhiem/muaban-batdongsancomvn-1650942189
muasim.com.vn,Công Ty TNHH Đầu Tư Thương Mại Và Viễn Thông Quang Minh,14/03/2022,Chứng nhận cơ bản,https://tinnhiemmang.vn/danh-ba-tin-nhiem/muasimcomvn-1647246417
mucnuoc.dedieu.gov.vn,"Vụ Quản lý đê điều - Tổng cục Phòng, chống thiên tai - Bộ NN  PTNT",11/08/2021,Chứng nhận cơ bản,https://tinnhiemmang.vn/danh-ba-tin-nhiem/mucnuocdedieugovvn-1628678751
muinevietnam.vn,Trung tâm Thông tin xúc tiến du lịch Bình Thuận,02/01/2024,Chứng nhận cơ bản,https://tinnhiemmang.vn/danh-ba-tin-nhiem/muinevietnamvn-1703815285
munchung.tuangiao.gov.vn,Ủy Ban Nhân Dân Xã Mùn Chung,29/11/2023,Chứng nhận cơ bản,https://tinnhiemmang.vn/danh-ba-tin-nhiem/munchungtuangiaogovvn-1701226175
muongang.dienbien.gov.vn,UBND Huyện Mường Ảng - Tỉnh Điện Biên,25/10/2021,Chứng nhận cơ bản,https://tinnhiemmang.vn/danh-ba-tin-nhiem/muongangdienbiengovvn-1635065454
muongcha.dienbien.gov.vn,UBND huyện Mường Chà,19/09/2024,Chứng nhận cơ bản,https://tinnhiemmang.vn/danh-ba-tin-nhiem/muongchadienbiengovvn-1726711293
muongkhong.tuangiao.gov.vn,Ủy ban nhân dân xã Mường Khong,23/11/2023,Chứng nhận cơ bản,https://tinnhiemmang.vn/danh-ba-tin-nhiem/muongkhongtuangiaogovvn-1700641632
muongkhuong.laocai.gov.vn,UBND huyện Mường Khương tỉnh Lào Cai,19/07/2021,Chứng nhận cơ bản,https://tinnhiemmang.vn/danh-ba-tin-nhiem/muongkhuonglaocaigovvn-1626685907
muongla.sonla.gov.vn,UBND Huyện Mường La Tỉnh Sơn La,17/06/2021,Chứng nhận cơ bản,https://tinnhiemmang.vn/danh-ba-tin-nhiem/muonglasonlagovvn-1623912735
muonglat.thanhhoa.gov.vn,UBND huyện Mường Lát tỉnh Thanh Hóa,01/08/2023,Chứng nhận cơ bản,https://tinnhiemmang.vn/danh-ba-tin-nhiem/muonglatthanhhoagovvn-1690781812
muonglay.dienbien.gov.vn,UBND thị xã Mường Lay tỉnh Điện Biên,06/06/2024,Chứng nhận cơ bản,https://tinnhiemmang.vn/danh-ba-tin-nhiem/muonglaydienbiengovvn-1717579929
muongmun.tuangiao.gov.vn,Ủy ban nhân dân xã Mường Mùn,09/11/2023,Chứng nhận cơ bản,https://tinnhiemmang.vn/danh-ba-tin-nhiem/muongmuntuangiaogovvn-1699415684
muongnhe.dienbien.gov.vn,"Trang Thông tin điện tử huyện Mường Nhé, tỉnh Điện Biên",20/07/2022,Chứng nhận cơ bản,https://tinnhiemmang.vn/danh-ba-tin-nhiem/muongnhedienbiengovvn-1658312173
muongthin.tuangiao.gov.vn,UBND xã Mường thín,06/11/2023,Chứng nhận cơ bản,https://tinnhiemmang.vn/danh-ba-tin-nhiem/muongthintuangiaogovvn-1698995116
mvtek.vn,Công ty CP Công nghệ Mai Vũ,29/09/2022,Chứng nhận cơ bản,https://tinnhiemmang.vn/danh-ba-tin-nhiem/mvtekvn-1664420464
mwg.vn,Công ty cổ phần Đầu tư Thế Giới Di Động,14/06/2022,Chứng nhận cơ bản,https://tinnhiemmang.vn/danh-ba-tin-nhiem/mwgvn-1655183515
my.tino.org,CÔNG TY CỔ PHẦN TẬP ĐOÀN TINO,08/09/2021,Chứng nhận cơ bản,https://tinnhiemmang.vn/danh-ba-tin-nhiem/mytinoorg-1625756563
myaloha.vn,CT CP Thương mại điện tử Aloha,16/04/2021,Chứng nhận cơ bản,https://tinnhiemmang.vn/danh-ba-tin-nhiem/httpsmyalohavn-1617867111
myankhang.com,Mỹ An Khang - Bàn Thờ Ông Địa,06/12/2021,Chứng nhận cơ bản,https://tinnhiemmang.vn/danh-ba-tin-nhiem/myankhangcom-1638676689
mybinhdinh.vn,Trung tâm Thông tin Xúc tiến   Du lịch - Sở Du lịch tỉnh Bình Định,07/06/2023,Chứng nhận cơ bản,https://tinnhiemmang.vn/danh-ba-tin-nhiem/mybinhdinhvn-1686110550
myportal.danang.gov.vn,UBND thành phố Đà Nẵng,19/07/2022,Chứng nhận cơ bản,https://tinnhiemmang.vn/danh-ba-tin-nhiem/myportaldananggovvn-1658215758
mythuan.vinhlong.gov.vn,UBND xã Mỹ Thuận tỉnh Vĩnh Long,11/10/2021,Chứng nhận cơ bản,https://tinnhiemmang.vn/danh-ba-tin-nhiem/mythuanvinhlonggovvn-1626268280
nafosted.gov.vn,Quỹ Phát triển khoa học và công nghệ Quốc gia,19/07/2021,Chứng nhận cơ bản,https://tinnhiemmang.vn/danh-ba-tin-nhiem/nafostedgovvn-1626684476
nambinh.tpninhbinh.ninhbinh.gov.vn,"Uỷ ban nhân dân phường Nam Bình, thành phố Ninh Bình, tỉnh Ninh Bình",30/10/2024,Chứng nhận cơ bản,https://tinnhiemmang.vn/danh-ba-tin-nhiem/nambinhtpninhbinhninhbinhgovvn-1730185664
namcan.camau.gov.vn,Ủy ban nhân dân huyện Năm Căn,30/05/2023,Chứng nhận cơ bản,https://tinnhiemmang.vn/danh-ba-tin-nhiem/namcancamaugovvn-1684980614
namdinh.baohiemxahoi.gov.vn,Bảo Hiểm Xã Hội tỉnh Nam Định,28/07/2021,Chứng nhận cơ bản,https://tinnhiemmang.vn/danh-ba-tin-nhiem/namdinhbaohiemxahoigovvn-1627461436
namdinh.edu.vn,Sở Giáo dục và đào tạo tỉnh Nam Định,25/10/2021,Chứng nhận cơ bản,https://tinnhiemmang.vn/danh-ba-tin-nhiem/namdinheduvn-1635008840
namdinh.gdt.gov.vn,Cục Thuế tỉnh Nam Định,10/08/2023,Chứng nhận cơ bản,https://tinnhiemmang.vn/danh-ba-tin-nhiem/namdinhgdtgovvn-1691656743
namdinh.org.vn,Văn phòng tỉnh ủy Nam Định,23/01/2024,Chứng nhận cơ bản,https://tinnhiemmang.vn/danh-ba-tin-nhiem/namdinhorgvn-1705907897
namdinh.toaan.gov.vn,Tòa án nhân dân tỉnh Nam Định,18/06/2021,Chứng nhận cơ bản,https://tinnhiemmang.vn/danh-ba-tin-nhiem/namdinhtoaangovvn-1624010661
namninhcattien.lamdong.gov.vn,"UBND Xã Nam Ninh, Huyện Cát Tiên, Tỉnh Lâm Đồng",06/11/2023,Chứng nhận cơ bản,https://tinnhiemmang.vn/danh-ba-tin-nhiem/namninhcattienlamdonggovvn-1698998505
namsaigon.edu.vn,Trường Cao đẳng Bách khoa Nam Sài Gòn,27/06/2024,Chứng nhận cơ bản,https://tinnhiemmang.vn/danh-ba-tin-nhiem/namsaigoneduvn-1655783950
namthanh.tpninhbinh.ninhbinh.gov.vn,"Uỷ ban nhân dân phường Nam Thành, thành phố Ninh Bình, tỉnh Ninh Bình",30/10/2024,Chứng nhận cơ bản,https://tinnhiemmang.vn/danh-ba-tin-nhiem/namthanhtpninhbinhninhbinhgovvn-1730185823
namtuliem.hanoi.gov.vn,"Quận Nam Từ Liêm, Thành phố Hà Nội",15/06/2021,Chứng nhận cơ bản,https://tinnhiemmang.vn/danh-ba-tin-nhiem/namtuliemhanoigovvn-1623514389
nangluongvietnam.vn,Tạp chí Năng lượng Việt Nam,26/09/2023,Chứng nhận cơ bản,https://tinnhiemmang.vn/danh-ba-tin-nhiem/nangluongvietnamvn-1632209160
nasay.tuangiao.gov.vn,Ủy Ban Nhân Dân Xã Này Sáy,22/11/2023,Chứng nhận cơ bản,https://tinnhiemmang.vn/danh-ba-tin-nhiem/nasaytuangiaogovvn-1700623733
natong.tuangiao.gov.vn,Ủy Ban Nhân Dân Xã Nà Tòng,22/11/2023,Chứng nhận cơ bản,https://tinnhiemmang.vn/danh-ba-tin-nhiem/natongtuangiaogovvn-1700624750
nckh.tcdbt.edu.vn,Trường Cao đẳng Bình Thuận,02/01/2024,Chứng nhận cơ bản,https://tinnhiemmang.vn/danh-ba-tin-nhiem/nckhtcdbteduvn-1703815428
ncsc.gov.vn,Trung tâm Giám sát an toàn không gian mạng quốc gia (NCSC),03/12/2024,Chứng nhận nâng cao,https://tinnhiemmang.vn/danh-ba-tin-nhiem/ncscgovvn-1733198332
ncthanh.khanhhoa.edu.vn,"Trường THPT Nguyễn Chí Thanh, tỉnh Khánh Hòa",09/08/2023,Chứng nhận cơ bản,https://tinnhiemmang.vn/danh-ba-tin-nhiem/ncthanhkhanhhoaeduvn-1691554776
nde.com.vn,Trung tâm Đánh giá không phá hủy - Bộ Khoa học và Công nghệ,04/03/2024,Chứng nhận cơ bản,https://tinnhiemmang.vn/danh-ba-tin-nhiem/ndecomvn-1709539291
ndu.khanhhoa.edu.vn,"Trường THPT Nguyễn Du, tỉnh Khánh Hòa",09/08/2023,Chứng nhận cơ bản,https://tinnhiemmang.vn/danh-ba-tin-nhiem/ndukhanhhoaeduvn-1691554634
nentangso.vietnamtourism.gov.vn,Trung tâm Thông tin du lịch,12/08/2024,Chứng nhận cơ bản,https://tinnhiemmang.vn/danh-ba-tin-nhiem/nentangsovietnamtourismgovvn-1723449249
net1s.com,Công Ty TNHH Quản Trị Web Việt,28/10/2021,Chứng nhận cơ bản,https://tinnhiemmang.vn/danh-ba-tin-nhiem/net1scom-1634144832
ngaitu.vinhlong.gov.vn,UBND xã Ngãi Tứ tỉnh Vĩnh Long,15/07/2021,Chứng nhận cơ bản,https://tinnhiemmang.vn/danh-ba-tin-nhiem/ngaituvinhlonggovvn-1626267958
ngason.thanhhoa.gov.vn,UBND huyện Nga Sơn tỉnh Thanh Hóa,01/08/2023,Chứng nhận cơ bản,https://tinnhiemmang.vn/danh-ba-tin-nhiem/ngasonthanhhoagovvn-1690781894
nghean.baohiemxahoi.gov.vn,Bảo Hiểm Xã Hội tỉnh Nghệ An,28/07/2021,Chứng nhận cơ bản,https://tinnhiemmang.vn/danh-ba-tin-nhiem/ngheanbaohiemxahoigovvn-1627462871
nghean.gdt.gov.vn,Cục Thuế tỉnh Nghệ An,10/08/2023,Chứng nhận cơ bản,https://tinnhiemmang.vn/danh-ba-tin-nhiem/ngheangdtgovvn-1691656805
nghean.gov.vn,Ủy ban Nhân dân tỉnh Nghệ An,23/08/2023,Chứng nhận cơ bản,https://tinnhiemmang.vn/danh-ba-tin-nhiem/ngheangovvn-1692760273
nghean.toaan.gov.vn,Tòa án nhân dân tỉnh Nghệ An,07/04/2023,Chứng nhận cơ bản,https://tinnhiemmang.vn/danh-ba-tin-nhiem/ngheantoaangovvn-1679899554
nghiahanh.quangngai.gov.vn,"Huyện Nghĩa Hành, Tỉnh Quảng Ngãi",10/05/2021,Chứng nhận cơ bản,https://tinnhiemmang.vn/danh-ba-tin-nhiem/nghiahanhquangngaigovvn-1620635337
nghison.thanhhoa.gov.vn,Ban quản lý Khu kinh tế Nghi Sơn và các Khu công nghiệp tỉnh Thanh Hóa,01/08/2023,Chứng nhận cơ bản,https://tinnhiemmang.vn/danh-ba-tin-nhiem/nghisonthanhhoagovvn-1690782684
nghixuan.hatinh.gov.vn,"UBND huyện Nghi Xuân, tỉnh Hà Tĩnh",01/04/2024,Chứng nhận cơ bản,https://tinnhiemmang.vn/danh-ba-tin-nhiem/nghixuanhatinhgovvn-1711677706
ngoaivu.dongnai.gov.vn,Sở Ngoại vụ tỉnh Đồng Nai,26/09/2023,Chứng nhận cơ bản,https://tinnhiemmang.vn/danh-ba-tin-nhiem/ngoaivudongnaigovvn-1695719691
ngocanh.com,Công Ty CP Vật Tư Thương Mại Ngọc Anh,25/03/2022,Chứng nhận cơ bản,https://tinnhiemmang.vn/danh-ba-tin-nhiem/ngocanhcom-1647679071
ngocanhminh.com,Công Ty TNHH Thương Mại Và Dịch Vụ Ngọc Anh Minh,28/04/2022,Chứng nhận cơ bản,https://tinnhiemmang.vn/danh-ba-tin-nhiem/ngocanhminhcom-1650601877
ngochien.camau.gov.vn,Ủy ban nhân dân huyện Ngọc Hiển,30/05/2023,Chứng nhận cơ bản,https://tinnhiemmang.vn/danh-ba-tin-nhiem/ngochiencamaugovvn-1684980045
ngoclac.phunuthanhhoa.vn,"Hội Liên hiệp phụ nữ, huyện Ngọc Lặc tỉnh Thanh Hóa",29/05/2024,Chứng nhận cơ bản,https://tinnhiemmang.vn/danh-ba-tin-nhiem/ngoclacphunuthanhhoavn-1716891090
ngoclac.thanhhoa.gov.vn,UBND huyện Ngọc Lặc tỉnh Thanh Hóa,01/08/2023,Chứng nhận cơ bản,https://tinnhiemmang.vn/danh-ba-tin-nhiem/ngoclacthanhhoagovvn-1690781939
ngoclam.longbien.hanoi.gov.vn,"UBND Phường Ngọc Lâm, quận Long Biên, Hà Nội",11/12/2023,Chứng nhận cơ bản,https://tinnhiemmang.vn/danh-ba-tin-nhiem/ngoclamlongbienhanoigovvn-1702273075
ngocthuy.longbien.hanoi.gov.vn,"UBND Phường Ngọc Thụy, quận Long Biên, Hà Nội",11/12/2023,Chứng nhận cơ bản,https://tinnhiemmang.vn/danh-ba-tin-nhiem/ngocthuylongbienhanoigovvn-1702273129
ngoisao.net,Báo điện tử VnExpress,10/09/2021,Chứng nhận cơ bản,https://tinnhiemmang.vn/danh-ba-tin-nhiem/ngoisaonet-1631251355
ngtu.khanhhoa.edu.vn,"Trường THPT Ngô Gia Tự, tỉnh Khánh Hòa",09/08/2023,Chứng nhận cơ bản,https://tinnhiemmang.vn/danh-ba-tin-nhiem/ngtukhanhhoaeduvn-1691553703
nguhanhson.danang.gov.vn,"UBND quận Ngũ Hành Sơn, Đà Nẵng",25/11/2021,Chứng nhận cơ bản,https://tinnhiemmang.vn/danh-ba-tin-nhiem/nguhanhsondananggovvn-1637746993
nguoilamnghe.com.vn,Chuyên trang Người Làm Nghề,23/08/2022,Chứng nhận cơ bản,https://tinnhiemmang.vn/danh-ba-tin-nhiem/nguoilamnghecomvn-1661162120
nguonnhanluc.khanhhoa.gov.vn,Trung tâm Công nghệ thông tin và Dịch vụ hành chính công trực tuyến,14/07/2022,Chứng nhận cơ bản,https://tinnhiemmang.vn/danh-ba-tin-nhiem/nguonnhanluckhanhhoagovvn-1626148085
nguyenbinh.caobang.gov.vn,"UBND huyện Nguyên Bình, tỉnh Cao Bằng",29/06/2023,Chứng nhận cơ bản,https://tinnhiemmang.vn/danh-ba-tin-nhiem/nguyenbinhcaobanggovvn-1688026288
nguyenvancuqn.edu.vn,"Trường đào tạo cán bộ Nguyễn Văn Cừ, tỉnh Quảng Ninh",18/11/2021,Chứng nhận cơ bản,https://tinnhiemmang.vn/danh-ba-tin-nhiem/nguyenvancuqneduvn-1637165968
nhabe.hochiminhcity.gov.vn,Ủy ban nhân dân huyện Nhà Bè thành phố Hồ Chí Minh,09/10/2023,Chứng nhận cơ bản,https://tinnhiemmang.vn/danh-ba-tin-nhiem/nhabehochiminhcitygovvn-1696833889
nhakhoadaisy.vn,Công ty cổ phần đầu tư Dva Holdings,03/03/2023,Chứng nhận cơ bản,https://tinnhiemmang.vn/danh-ba-tin-nhiem/nhakhoadaisyvn-1645157215
nhakhoadana.com,Công Ty TNHH Nha Khoa Dana,30/08/2022,Chứng nhận cơ bản,https://tinnhiemmang.vn/danh-ba-tin-nhiem/nhakhoadanacom-1661824677
nhakhoaimplantdanang.com,Nha khoa Implant Quốc Tế Đà Nẵng,20/05/2022,Chứng nhận cơ bản,https://tinnhiemmang.vn/danh-ba-tin-nhiem/nhakhoaimplantdanangcom-1652421840
nhakhoakim.com,Nha Khoa Kim,24/03/2022,Chứng nhận cơ bản,https://tinnhiemmang.vn/danh-ba-tin-nhiem/nhakhoakimcom-1647617604
nhakhoathanhtam.com,Nha Khoa Thanh Tâm,08/12/2022,Chứng nhận cơ bản,https://tinnhiemmang.vn/danh-ba-tin-nhiem/nhakhoathanhtamcom-1670490953
nhakhoavietsmile.com,Nha khoa Việt Smile,14/09/2022,Chứng nhận cơ bản,https://tinnhiemmang.vn/danh-ba-tin-nhiem/nhakhoavietsmilecom-1662966712
nhandan.vn,Báo Nhân Dân,11/09/2021,Chứng nhận nâng cao,https://tinnhiemmang.vn/danh-ba-tin-nhiem/nhandanvn-1631270477
nhandienhangvietnam.vn,"Tạp chí Công Thương, Bộ Công thương",17/01/2022,Chứng nhận cơ bản,https://tinnhiemmang.vn/danh-ba-tin-nhiem/nhandienhangvietnamvn-1642155941
nhanluckhanhhoa.vn,Sở Khoa học và Công nghệ tỉnh Khánh Hòa,09/08/2023,Chứng nhận cơ bản,https://tinnhiemmang.vn/danh-ba-tin-nhiem/nhanluckhanhhoavn-1691551691
nhanviec.com,Công Ty Cổ Phần Yoday,30/12/2021,Chứng nhận cơ bản,https://tinnhiemmang.vn/danh-ba-tin-nhiem/nhanvieccom-1635397116
nhathuocankhang.com,Công ty cổ phần Bán lẻ An Khang,28/09/2021,Chứng nhận cơ bản,https://tinnhiemmang.vn/danh-ba-tin-nhiem/nhathuocankhangcom-1632835468
nhathuocminhtrang.com,Nhà Thuốc Minh Trang 1,30/08/2022,Chứng nhận cơ bản,https://tinnhiemmang.vn/danh-ba-tin-nhiem/nhathuocminhtrangcom-1661826489
nhathuocngocanh.com,Nhà thuốc Ngọc Anh,03/06/2022,Chứng nhận cơ bản,https://tinnhiemmang.vn/danh-ba-tin-nhiem/nhathuocngocanhcom-1654243615
nhathuocthanthien.com.vn,Nhà thuốc Thân thiện,12/01/2022,Chứng nhận cơ bản,https://tinnhiemmang.vn/danh-ba-tin-nhiem/nhathuocthanthiencomvn-1634947717
nhathuocvietphap.net,Nhà thuốc Việt Pháp 1,15/01/2024,Chứng nhận cơ bản,https://tinnhiemmang.vn/danh-ba-tin-nhiem/nhathuocvietphapnet-1637545160
nhatrang-travel.com,Sở Du lịch tỉnh Khánh Hòa,09/08/2023,Chứng nhận cơ bản,https://tinnhiemmang.vn/danh-ba-tin-nhiem/nhatrang-travelcom-1691551777
nhatrang-travel.com.vn,Sở Du lịch tỉnh Khánh Hòa,09/08/2023,Chứng nhận cơ bản,https://tinnhiemmang.vn/danh-ba-tin-nhiem/nhatrang-travelcomvn-1691551776
nhatrang.khanhhoa.gov.vn,UBND thành phố Nha Trang tỉnh Khánh Hòa,14/07/2022,Chứng nhận cơ bản,https://tinnhiemmang.vn/danh-ba-tin-nhiem/nhatrangkhanhhoagovvn-1626062402
nhcsxh.dongthap.gov.vn,Ngân hàng Chính sách xã hội tỉnh Đồng Tháp,22/11/2021,Chứng nhận cơ bản,https://tinnhiemmang.vn/danh-ba-tin-nhiem/nhcsxhdongthapgovvn-1637566998
nhiemvu.danang.gov.vn,Văn phòng UBND thành phố Đà Nẵng,27/06/2024,Chứng nhận cơ bản,https://tinnhiemmang.vn/danh-ba-tin-nhiem/nhiemvudananggovvn-1719476772
nhiemvu.moha.gov.vn,Trung tâm Thông tin - Bộ Nội vụ,29/06/2021,Chứng nhận cơ bản,https://tinnhiemmang.vn/danh-ba-tin-nhiem/nhiemvumohagovvn-1624934015
nhipsonghanoi.hanoimoi.vn,Báo điện tử Hà Nội mới,10/05/2024,Chứng nhận cơ bản,https://tinnhiemmang.vn/danh-ba-tin-nhiem/nhipsonghanoihanoimoivn-1705157506
nhnn.dongthap.gov.vn,Ngân hàng Nhà nước chi nhánh tỉnh Đồng Tháp,22/11/2021,Chứng nhận cơ bản,https://tinnhiemmang.vn/danh-ba-tin-nhiem/nhnndongthapgovvn-1637568730
nhnn.laocai.gov.vn,Ngân hàng nhà nước tỉnh Lào Cai,25/11/2021,Chứng nhận cơ bản,https://tinnhiemmang.vn/danh-ba-tin-nhiem/nhnnlaocaigovvn-1637811881
nhonphu.vinhlong.gov.vn,UBND xã Nhơn Phú tỉnh Vĩnh Long,14/07/2021,Chứng nhận cơ bản,https://tinnhiemmang.vn/danh-ba-tin-nhiem/nhonphuvinhlonggovvn-1625918464
nhontrach.dongnai.gov.vn,UBND huyện Nhơn Trạch tỉnh Đồng Nai,07/10/2023,Chứng nhận cơ bản,https://tinnhiemmang.vn/danh-ba-tin-nhiem/nhontrachdongnaigovvn-1696564343
nhoquan.ninhbinh.gov.vn,Ủy ban nhân dân huyện Nho Quan,01/11/2023,Chứng nhận cơ bản,https://tinnhiemmang.vn/danh-ba-tin-nhiem/nhoquanninhbinhgovvn-1698822700
nhue.khanhhoa.edu.vn,"Trường THPT Nguyễn Huệ, tỉnh Khánh Hòa",09/08/2023,Chứng nhận cơ bản,https://tinnhiemmang.vn/danh-ba-tin-nhiem/nhuekhanhhoaeduvn-1691553874
nhuhoa.kimson.ninhbinh.gov.vn,"Uỷ ban nhân dân xã Như Hoà, huyện Kim Sơn, tỉnh Ninh Bình",27/06/2024,Chứng nhận cơ bản,https://tinnhiemmang.vn/danh-ba-tin-nhiem/nhuhoakimsonninhbinhgovvn-1719454201
nhuthanh.thanhhoa.gov.vn,UBND huyện Như Thanh tỉnh Thanh Hóa,01/08/2023,Chứng nhận cơ bản,https://tinnhiemmang.vn/danh-ba-tin-nhiem/nhuthanhthanhhoagovvn-1690782007
nhuxuan.thanhhoa.gov.vn,"UBND Huyện Như Xuân, tỉnh Thanh Hóa",01/08/2023,Chứng nhận cơ bản,https://tinnhiemmang.vn/danh-ba-tin-nhiem/nhuxuanthanhhoagovvn-1690782536
nifc.gov.vn,Viện Kiểm nghiệm an toàn vệ sinh thực phẩm quốc gia,24/04/2024,Chứng nhận cơ bản,https://tinnhiemmang.vn/danh-ba-tin-nhiem/nifcgovvn-1713874485
ninhan.hoalu.ninhbinh.gov.vn,"Uỷ ban nhân dân xã Ninh An, huyện Hoa Lư, tỉnh Ninh Bình",27/06/2024,Chứng nhận cơ bản,https://tinnhiemmang.vn/danh-ba-tin-nhiem/ninhanhoaluninhbinhgovvn-1719456326
ninhbinh.baohiemxahoi.gov.vn,Bảo Hiểm Xã Hội tỉnh Ninh Bình,28/07/2021,Chứng nhận cơ bản,https://tinnhiemmang.vn/danh-ba-tin-nhiem/ninhbinhbaohiemxahoigovvn-1627462461
ninhbinh.gdt.gov.vn,Cục Thuế tỉnh Ninh Bình,10/08/2023,Chứng nhận cơ bản,https://tinnhiemmang.vn/danh-ba-tin-nhiem/ninhbinhgdtgovvn-1691657728
ninhbinh.toaan.gov.vn,Tòa án nhân dân tỉnh Ninh Bình,07/04/2023,Chứng nhận cơ bản,https://tinnhiemmang.vn/danh-ba-tin-nhiem/ninhbinhtoaangovvn-1679899451
ninhgiang.hoalu.ninhbinh.gov.vn,"Uỷ ban nhân dân xã Ninh Giang, huyện Hoa Lư, tỉnh Ninh Bình",26/06/2024,Chứng nhận cơ bản,https://tinnhiemmang.vn/danh-ba-tin-nhiem/ninhgianghoaluninhbinhgovvn-1719283576
ninhhai.hoalu.ninhbinh.gov.vn,"Uỷ ban nhân dân xã Ninh Hải, huyện Hoa Lư, tỉnh Ninh Bình",27/06/2024,Chứng nhận cơ bản,https://tinnhiemmang.vn/danh-ba-tin-nhiem/ninhhaihoaluninhbinhgovvn-1719456558
ninhhoa.hoalu.ninhbinh.gov.vn,"Uỷ ban nhân dân xã Ninh Hoà, huyện Hoa Lư, tỉnh Ninh Bình",26/06/2024,Chứng nhận cơ bản,https://tinnhiemmang.vn/danh-ba-tin-nhiem/ninhhoahoaluninhbinhgovvn-1719284220
ninhhoa.khanhhoa.gov.vn,Ủy ban nhân dân thị xã Ninh Hòa tỉnh Khánh Hòa,14/07/2022,Chứng nhận cơ bản,https://tinnhiemmang.vn/danh-ba-tin-nhiem/ninhhoakhanhhoagovvn-1626162210
ninhkhang.hoalu.ninhbinh.gov.vn,"Uỷ ban nhân dân xã Ninh Khang, huyện Hoa Lư, tỉnh Ninh Bình",27/06/2024,Chứng nhận cơ bản,https://tinnhiemmang.vn/danh-ba-tin-nhiem/ninhkhanghoaluninhbinhgovvn-1719455552
ninhkhanh.tpninhbinh.ninhbinh.gov.vn,"Uỷ ban nhân dân phường Ninh Khánh, thành phố Ninh Bình, tỉnh Ninh Bình",30/10/2024,Chứng nhận cơ bản,https://tinnhiemmang.vn/danh-ba-tin-nhiem/ninhkhanhtpninhbinhninhbinhgovvn-1730185950
ninhmy.hoalu.ninhbinh.gov.vn,"Uỷ ban nhân dân xã Ninh Mỹ, huyện Hoa Lư, tỉnh Ninh Bình",27/06/2024,Chứng nhận cơ bản,https://tinnhiemmang.vn/danh-ba-tin-nhiem/ninhmyhoaluninhbinhgovvn-1719455689
ninhphong.tpninhbinh.ninhbinh.gov.vn,"Uỷ ban nhân dân phường Ninh Phong, thành phố Ninh Bình, tỉnh Ninh Bình",30/10/2024,Chứng nhận cơ bản,https://tinnhiemmang.vn/danh-ba-tin-nhiem/ninhphongtpninhbinhninhbinhgovvn-1730186096
ninhphuc.tpninhbinh.ninhbinh.gov.vn,"Ủy ban nhân dân xã Ninh Phúc, thành phố Ninh Bình",30/10/2024,Chứng nhận cơ bản,https://tinnhiemmang.vn/danh-ba-tin-nhiem/ninhphuctpninhbinhninhbinhgovvn-1730254597
ninhson.tpninhbinh.ninhbinh.gov.vn,"Uỷ ban nhân dân phường Ninh Sơn, thành phố Ninh Bình, tỉnh Ninh Bình",30/10/2024,Chứng nhận cơ bản,https://tinnhiemmang.vn/danh-ba-tin-nhiem/ninhsontpninhbinhninhbinhgovvn-1730186204
ninhthang.hoalu.ninhbinh.gov.vn,"Uỷ ban nhân dân xã Ninh Thắng, huyện Hoa Lư, tỉnh Ninh Bình",27/06/2024,Chứng nhận cơ bản,https://tinnhiemmang.vn/danh-ba-tin-nhiem/ninhthanghoaluninhbinhgovvn-1719455799
ninhthuan.baohiemxahoi.gov.vn,Bảo Hiểm Xã Hội tỉnh Ninh Thuận,28/07/2021,Chứng nhận cơ bản,https://tinnhiemmang.vn/danh-ba-tin-nhiem/ninhthuanbaohiemxahoigovvn-1627466591
ninhthuan.dcs.vn,Đảng ủy Công an Tỉnh Ninh Thuận,04/07/2024,Chứng nhận cơ bản,https://tinnhiemmang.vn/danh-ba-tin-nhiem/ninhthuandcsvn-1720077628
ninhthuan.gdt.gov.vn,Cục Thuế tỉnh Ninh Thuận,10/08/2023,Chứng nhận cơ bản,https://tinnhiemmang.vn/danh-ba-tin-nhiem/ninhthuangdtgovvn-1691657777
ninhthuan.toaan.gov.vn,Tòa án nhân dân tỉnh Ninh Thuận,07/04/2023,Chứng nhận cơ bản,https://tinnhiemmang.vn/danh-ba-tin-nhiem/ninhthuantoaangovvn-1679890284
ninhthuantv.vn,Đài Phát Thanh Và Truyền Hình tỉnh Ninh Thuận,29/06/2023,Chứng nhận cơ bản,https://tinnhiemmang.vn/danh-ba-tin-nhiem/ninhthuantvvn-1688011224
ninhtien.ninhbinh.gov.vn,"UBND xã Ninh Tiến, tỉnh Ninh Bình",19/07/2021,Chứng nhận cơ bản,https://tinnhiemmang.vn/danh-ba-tin-nhiem/ninhtienninhbinhgovvn-1626430164
ninhtien.tpninhbinh.ninhbinh.gov.vn,"UBND xã Ninh Tiến, thành phố Ninh Bình, tỉnh Ninh Bình",30/10/2024,Chứng nhận cơ bản,https://tinnhiemmang.vn/danh-ba-tin-nhiem/ninhtientpninhbinhninhbinhgovvn-1730251578
ninhvan.hoalu.ninhbinh.gov.vn,"Uỷ ban nhân dân xã Ninh Vân, huyện Hoa Lư, tỉnh Ninh Bình",27/06/2024,Chứng nhận cơ bản,https://tinnhiemmang.vn/danh-ba-tin-nhiem/ninhvanhoaluninhbinhgovvn-1719456441
ninhxuan.hoalu.ninhbinh.gov.vn,"Uỷ ban nhân dân xã Ninh Xuân, huyện Hoa Lư, tỉnh Ninh Bình",27/06/2024,Chứng nhận cơ bản,https://tinnhiemmang.vn/danh-ba-tin-nhiem/ninhxuanhoaluninhbinhgovvn-1719456194
niperfume.com,HKD Nước Hoa Niperfume,03/05/2024,Chứng nhận cơ bản,https://tinnhiemmang.vn/danh-ba-tin-nhiem/niperfumecom-1650721668
niptech.vn,Viện Nghiên cứu sáng chế và Khai thác  công nghệ - Bộ Khoa  học và Công nghệ,04/03/2024,Chứng nhận cơ bản,https://tinnhiemmang.vn/danh-ba-tin-nhiem/niptechvn-1709537826
nnhome.com.vn,Công Ty TNHH Xây Dựng Nhanh Nhanh,19/09/2022,Chứng nhận cơ bản,https://tinnhiemmang.vn/danh-ba-tin-nhiem/nnhomecomvn-1663553354
noithatduongdai.vn,Nội Thất Đương Đại,02/03/2022,Chứng nhận cơ bản,https://tinnhiemmang.vn/danh-ba-tin-nhiem/noithatduongdaivn-1641910556
noithatmanhhe.vn,Công Ty Cổ Phần Nội Thất Mạnh Hệ,09/12/2022,Chứng nhận cơ bản,https://tinnhiemmang.vn/danh-ba-tin-nhiem/noithatmanhhevn-1670379726
noivu.danang.gov.vn,Sở Nội vụ Đà Nẵng,24/11/2021,Chứng nhận cơ bản,https://tinnhiemmang.vn/danh-ba-tin-nhiem/noivudananggovvn-1637729485
nongcong.thanhhoa.gov.vn,"UBND huyện Nông Cống, tỉnh Thanh Hoá",14/09/2023,Chứng nhận cơ bản,https://tinnhiemmang.vn/danh-ba-tin-nhiem/nongcongthanhhoagovvn-1694679478
nongsan.khanhhoa.gov.vn,Trung tâm Khuyến nông tỉnh Khánh Hòa,09/08/2023,Chứng nhận cơ bản,https://tinnhiemmang.vn/danh-ba-tin-nhiem/nongsankhanhhoagovvn-1691550625
nongsanantoanthanhhoa.vn,UBND tỉnh Thanh Hóa,01/08/2023,Chứng nhận cơ bản,https://tinnhiemmang.vn/danh-ba-tin-nhiem/nongsanantoanthanhhoavn-1690783245
nongsandalatlamdong.vn,"Chi cục Chất lượng, Chế biến và Phát triển thị trường tỉnh Lâm Đồng",05/09/2023,Chứng nhận cơ bản,https://tinnhiemmang.vn/danh-ba-tin-nhiem/nongsandalatlamdongvn-1693188872
nongthon.vietnamtourism.gov.vn,Trung tâm Thông tin du lịch,12/08/2024,Chứng nhận cơ bản,https://tinnhiemmang.vn/danh-ba-tin-nhiem/nongthonvietnamtourismgovvn-1723449370
nongthonmoi.daklak.gov.vn,Văn phòng Điều phối Chương trình MTQG xây dựng NTM Đắk Lắk,24/09/2024,Chứng nhận cơ bản,https://tinnhiemmang.vn/danh-ba-tin-nhiem/nongthonmoidaklakgovvn-1726825458
nongthonmoi.dongthap.gov.vn,Nông thôn mới tỉnh Đồng Tháp,22/11/2021,Chứng nhận cơ bản,https://tinnhiemmang.vn/danh-ba-tin-nhiem/nongthonmoidongthapgovvn-1637568850
nongthonmoi.laichau.gov.vn,Văn phòng điều phối nông thôn mới tỉnh Lai Châu,01/03/2024,Chứng nhận cơ bản,https://tinnhiemmang.vn/danh-ba-tin-nhiem/nongthonmoilaichaugovvn-1709265318
nopdonkhoikien.toaan.gov.vn,Tòa án nhân dân tối cao,07/04/2023,Chứng nhận cơ bản,https://tinnhiemmang.vn/danh-ba-tin-nhiem/nopdonkhoikientoaangovvn-1680839278
nppvanphongpham.com,Công Ty TNHH TM DV Xuất Nhập Khẩu Chế Nhật Thành,26/09/2022,Chứng nhận cơ bản,https://tinnhiemmang.vn/danh-ba-tin-nhiem/nppvanphongphamcom-1663821098
nri.gov.vn,Viện nghiên cứu hạt nhân,04/03/2024,Chứng nhận cơ bản,https://tinnhiemmang.vn/danh-ba-tin-nhiem/nrigovvn-1709539147
nsw.varans.vn,"Cục An toàn bức xạ và hạt nhân, Bộ  Khoa học và Công nghệ",25/11/2024,Chứng nhận cơ bản,https://tinnhiemmang.vn/danh-ba-tin-nhiem/nswvaransvn-1729744145
ntbaovu.haiphong.edu.vn,Nhóm trẻ lớp MGĐL Bảo Vũ,29/07/2024,Chứng nhận cơ bản,https://tinnhiemmang.vn/danh-ba-tin-nhiem/ntbaovuhaiphongeduvn-1721979416
nthoc.khanhhoa.edu.vn,"Trường THPT Nguyễn Thái Học, tỉnh Khánh Hòa",09/08/2023,Chứng nhận cơ bản,https://tinnhiemmang.vn/danh-ba-tin-nhiem/nthockhanhhoaeduvn-1691554102
ntrai.khanhhoa.edu.vn,"Trường THPT Nguyễn Trãi, tỉnh Khánh Hòa",09/08/2023,Chứng nhận cơ bản,https://tinnhiemmang.vn/danh-ba-tin-nhiem/ntraikhanhhoaeduvn-1691554735
nududo.com,Siêu thị chứng khoán Nududo,28/12/2021,Chứng nhận cơ bản,https://tinnhiemmang.vn/danh-ba-tin-nhiem/nududocom-1638948834
nukeviet.vn,Công ty cổ phần phát triển nguồn mở Việt Nam,21/09/2021,Chứng nhận cơ bản,https://tinnhiemmang.vn/danh-ba-tin-nhiem/nukevietvn-1627533264
nunest.vn,CÔNG TY TNHH NU NEST,20/12/2022,Chứng nhận cơ bản,https://tinnhiemmang.vn/danh-ba-tin-nhiem/nunestvn-1671519862
nuocnongthonbinhthuan.vn,Trung tâm nước sạch và Vệ sinh môi trường nông thôn tỉnh Bình Thuận,02/01/2024,Chứng nhận cơ bản,https://tinnhiemmang.vn/danh-ba-tin-nhiem/nuocnongthonbinhthuanvn-1703814793
nuoidaytrekhiemthihp.haiphong.edu.vn,Trường Nuôi Dạy Trẻ Em Khiếm Thị Hải Phòng,08/07/2024,Chứng nhận cơ bản,https://tinnhiemmang.vn/danh-ba-tin-nhiem/nuoidaytrekhiemthihphaiphongeduvn-1720247976
nutrihome.vn,Công ty Cổ phần Dinh Dưỡng Nutrihome - Chi nhánh TP Hồ Chí Minh,30/11/2022,Chứng nhận cơ bản,https://tinnhiemmang.vn/danh-ba-tin-nhiem/nutrihomevn-1666503633
nvtroi.khanhhoa.edu.vn,"Trường THPT Nguyễn Văn Trỗi, tỉnh Khánh Hòa",09/08/2023,Chứng nhận cơ bản,https://tinnhiemmang.vn/danh-ba-tin-nhiem/nvtroikhanhhoaeduvn-1691575242
nxbtuphap.moj.gov.vn,Nhà xuất bản Tư pháp,03/07/2024,Chứng nhận cơ bản,https://tinnhiemmang.vn/danh-ba-tin-nhiem/nxbtuphapmojgovvn-1719998255
ocop.dongthap.gov.vn,OCCP Đồng Tháp,22/11/2021,Chứng nhận cơ bản,https://tinnhiemmang.vn/danh-ba-tin-nhiem/ocopdongthapgovvn-1637570543
oct.vn,Công ty Cp vật liệu xây dựng thương mại Phương Đông,05/01/2022,Chứng nhận cơ bản,https://tinnhiemmang.vn/danh-ba-tin-nhiem/octvn-1641285037
office.quangngai.gov.vn,Sở Thông tin và Truyền thông Quảng Ngãi,11/02/2025,Chứng nhận cơ bản,https://tinnhiemmang.vn/danh-ba-tin-nhiem/officequangngaigovvn-1738569820
office.vast.gov.vn,Viện Hàn lâm Khoa học và Công nghệ Việt Nam,21/10/2022,Chứng nhận cơ bản,https://tinnhiemmang.vn/danh-ba-tin-nhiem/officevastgovvn-1666343739
onevivu.vn,Công ty TNHH Du lịch&Dịch vụ Onevivu,03/03/2023,Chứng nhận cơ bản,https://tinnhiemmang.vn/danh-ba-tin-nhiem/onevivuvn-1644749786
openaccount.vps.com.vn,Công ty chứng khoán VPS,06/06/2024,Chứng nhận cơ bản,https://tinnhiemmang.vn/danh-ba-tin-nhiem/httpsopenaccountvpscomvn-1619694453
opendata.hochiminhcity.gov.vn,Sở Thông tin và Truyền thông thành phố Hồ Chí Minh,09/10/2023,Chứng nhận cơ bản,https://tinnhiemmang.vn/danh-ba-tin-nhiem/opendatahochiminhcitygovvn-1696833292
opendata.quangngai.gov.vn,Sở Thông tin và Truyền thông Quảng Ngãi,13/12/2024,Chứng nhận cơ bản,https://tinnhiemmang.vn/danh-ba-tin-nhiem/opendataquangngaigovvn-1688609284
orangepi.vn,Orange Pi Việt Nam,30/06/2022,Chứng nhận cơ bản,https://tinnhiemmang.vn/danh-ba-tin-nhiem/orangepivn-1656312144
otcshop.vn,Công ty cổ phần PharmaOTC,30/11/2023,Chứng nhận cơ bản,https://tinnhiemmang.vn/danh-ba-tin-nhiem/otcshopvn-1668937472
otiv.com.vn,Công ty Cổ phần Dược phẩm ECO,09/02/2023,Chứng nhận cơ bản,https://tinnhiemmang.vn/danh-ba-tin-nhiem/otivcomvn-1672914269
oto360.net,Công ty TNHH Công Nghệ  Truyền Thông Lê Gia,06/12/2021,Chứng nhận cơ bản,https://tinnhiemmang.vn/danh-ba-tin-nhiem/oto360net-1635433376
pakn.vinhlong.gov.vn,Văn phòng UBND tỉnh Vĩnh Long,09/10/2023,Chứng nhận cơ bản,https://tinnhiemmang.vn/danh-ba-tin-nhiem/paknvinhlonggovvn-1696566544
pay.hochiminhcity.gov.vn,Sở Thông tin và Truyền thông thành phố Hồ Chí Minh,09/10/2023,Chứng nhận cơ bản,https://tinnhiemmang.vn/danh-ba-tin-nhiem/payhochiminhcitygovvn-1696833296
pay.tphcm.gov.vn,Sở Thông tin và Truyền thông thành phố Hồ Chí Minh,09/10/2023,Chứng nhận cơ bản,https://tinnhiemmang.vn/danh-ba-tin-nhiem/paytphcmgovvn-1696833280
payment.tphcm.gov.vn,Sở Thông tin và Truyền thông thành phố Hồ Chí Minh,09/10/2023,Chứng nhận cơ bản,https://tinnhiemmang.vn/danh-ba-tin-nhiem/paymenttphcmgovvn-1696833281
payoo.vn,Công Ty Cổ Phần Dịch Vụ Trực Tuyến Cộng Đồng Việt,20/12/2022,Chứng nhận cơ bản,https://tinnhiemmang.vn/danh-ba-tin-nhiem/payoovn-1669949411
pbchau.khanhhoa.edu.vn,"Trường THPT Phan Bội Châu, tỉnh Khánh Hòa",09/08/2023,Chứng nhận cơ bản,https://tinnhiemmang.vn/danh-ba-tin-nhiem/pbchaukhanhhoaeduvn-1691553570
pbgdpl.gialai.gov.vn,Sở Tư pháp tỉnh Gia Lai,25/08/2021,Chứng nhận cơ bản,https://tinnhiemmang.vn/danh-ba-tin-nhiem/pbgdplgialaigovvn-1629863307
pbgdpl.gov.vn,Cục Công nghệ Thông tin - Bộ Tư pháp,02/11/2021,Chứng nhận cơ bản,https://tinnhiemmang.vn/danh-ba-tin-nhiem/pbgdplgovvn-1635846360
pbgdpl.hanoi.gov.vn,Sở Tư pháp Hà Nội,15/06/2021,Chứng nhận cơ bản,https://tinnhiemmang.vn/danh-ba-tin-nhiem/pbgdplhanoigovvn-1623753312
pbgdpl.laichau.gov.vn,Sở Tư pháp tỉnh Lai Châu,01/03/2024,Chứng nhận cơ bản,https://tinnhiemmang.vn/danh-ba-tin-nhiem/pbgdpllaichaugovvn-1709265903
pbgdpl.laocai.gov.vn,Phổ biến giáo dục Pháp Luật tỉnh Lào Cai,25/11/2021,Chứng nhận cơ bản,https://tinnhiemmang.vn/danh-ba-tin-nhiem/pbgdpllaocaigovvn-1637812096
pbgdpl.moj.gov.vn,Bộ Tư pháp,14/07/2022,Chứng nhận cơ bản,https://tinnhiemmang.vn/danh-ba-tin-nhiem/pbgdplmojgovvn-1625732357
pbgdpl.quangngai.gov.vn,Sở Tư pháp tỉnh Quảng Ngãi,11/07/2023,Chứng nhận cơ bản,https://tinnhiemmang.vn/danh-ba-tin-nhiem/pbgdplquangngaigovvn-1688610766
pbgdpl.quangninh.gov.vn,Sở Tư pháp Quảng Ninh,16/11/2021,Chứng nhận cơ bản,https://tinnhiemmang.vn/danh-ba-tin-nhiem/pbgdplquangninhgovvn-1637038591
pbgdpl.tayninh.gov.vn,Sở tư pháp tỉnh Tây Ninh,24/11/2021,Chứng nhận cơ bản,https://tinnhiemmang.vn/danh-ba-tin-nhiem/pbgdpltayninhgovvn-1637644343
pbgdpl.thanhhoa.gov.vn,UBND tỉnh Thanh Hóa,01/08/2023,Chứng nhận cơ bản,https://tinnhiemmang.vn/danh-ba-tin-nhiem/pbgdplthanhhoagovvn-1690783244
pbgdpl.vinhlong.gov.vn,UBND tỉnh Vĩnh Long,25/05/2023,Chứng nhận cơ bản,https://tinnhiemmang.vn/danh-ba-tin-nhiem/pbgdplvinhlonggovvn-1684915983
pbpl.danang.gov.vn,"Hội đồng Phối hợp phổ biến, giáo dục pháp luật thành phố Đà Nẵng",15/12/2023,Chứng nhận cơ bản,https://tinnhiemmang.vn/danh-ba-tin-nhiem/pbpldananggovvn-1702607132
pbpl.lamdong.gov.vn,"Trang Thông tin về Phổ biến, giáo dục pháp luật tỉnh Lâm Đồng",25/11/2024,Chứng nhận cơ bản,https://tinnhiemmang.vn/danh-ba-tin-nhiem/pbpllamdonggovvn-1731893838
pclb.danang.gov.vn,Ban chỉ huy phòng chống thiên tai tìm kiếm cứu nạn Đà Nẵng,24/11/2021,Chứng nhận cơ bản,https://tinnhiemmang.vn/danh-ba-tin-nhiem/pclbdananggovvn-1637728883
pctt.thanhhoa.gov.vn,Chi cục Thủy lợi tỉnh Thanh Hóa,01/08/2023,Chứng nhận cơ bản,https://tinnhiemmang.vn/danh-ba-tin-nhiem/pcttthanhhoagovvn-1690783408
pendecor.vn,Công ty TNHH Nội thất Pendecor,18/10/2022,Chứng nhận cơ bản,https://tinnhiemmang.vn/danh-ba-tin-nhiem/pendecorvn-1666076378
petshopvinh.vn,Pet Shop Vinh,12/04/2022,Chứng nhận cơ bản,https://tinnhiemmang.vn/danh-ba-tin-nhiem/petshopvinhvn-1649745976
pgdanduong.haiphong.edu.vn,Phòng Giáo dục và Đào Tạo huyện An Dương,05/07/2024,Chứng nhận cơ bản,https://tinnhiemmang.vn/danh-ba-tin-nhiem/pgdanduonghaiphongeduvn-1715142464
pgdanlao.haiphong.edu.vn,Phòng Giáo dục và Đào tạo huyện An Lão,05/07/2024,Chứng nhận cơ bản,https://tinnhiemmang.vn/danh-ba-tin-nhiem/pgdanlaohaiphongeduvn-1714710321
pgdannhon.edu.vn,"Phòng Giáo dục và Đào tạo thị xã An Nhơn, tỉnh Bình Định",10/08/2023,Chứng nhận cơ bản,https://tinnhiemmang.vn/danh-ba-tin-nhiem/pgdannhoneduvn-1691573218
pgdbactuliem.edu.vn,"Phòng Giáo dục và Đào tạo quận Bắc Từ Liêm, Hà Nội",11/12/2023,Chứng nhận cơ bản,https://tinnhiemmang.vn/danh-ba-tin-nhiem/pgdbactuliemeduvn-1702278281
pgdcathai.haiphong.edu.vn,Phòng Giáo dục và Đào tạo Cát Hải,05/07/2024,Chứng nhận cơ bản,https://tinnhiemmang.vn/danh-ba-tin-nhiem/pgdcathaihaiphongeduvn-1719886457
pgddoson.haiphong.edu.vn,Phòng Giáo dục và Đào tạo quận Đồ Sơn,10/07/2024,Chứng nhận cơ bản,https://tinnhiemmang.vn/danh-ba-tin-nhiem/pgddosonhaiphongeduvn-1720517169
pgdduongkinh.haiphong.edu.vn,Phòng Giáo dục và Đào tạo quận Dương Kinh,05/07/2024,Chứng nhận cơ bản,https://tinnhiemmang.vn/danh-ba-tin-nhiem/pgdduongkinhhaiphongeduvn-1714634395
pgdhaian.haiphong.edu.vn,Phòng GDĐT quận Hải An,05/07/2024,Chứng nhận cơ bản,https://tinnhiemmang.vn/danh-ba-tin-nhiem/pgdhaianhaiphongeduvn-1720147148
pgdkienan.haiphong.edu.vn,Phòng Giáo dục và Đào tạo quận Kiến An,05/07/2024,Chứng nhận cơ bản,https://tinnhiemmang.vn/danh-ba-tin-nhiem/pgdkienanhaiphongeduvn-1714721667
pgdkienluong.gov.vn,Phòng Giáo dục & Đào tạo huyện Kiên Lương,02/10/2024,Chứng nhận cơ bản,https://tinnhiemmang.vn/danh-ba-tin-nhiem/pgdkienluonggovvn-1727775198
pgdlechan.haiphong.edu.vn,Phòng GDĐT Quận Lê Chân,05/07/2024,Chứng nhận cơ bản,https://tinnhiemmang.vn/danh-ba-tin-nhiem/pgdlechanhaiphongeduvn-1715143397
pgdngoquyen.haiphong.edu.vn,Phòng Giáo dục và Đào tạo Quận Ngô Quyền,05/07/2024,Chứng nhận cơ bản,https://tinnhiemmang.vn/danh-ba-tin-nhiem/pgdngoquyenhaiphongeduvn-1720147167
pgdtienlang.haiphong.edu.vn,Phòng Giáo dục và Đào tạo huyện Tiên Lãng,08/07/2024,Chứng nhận cơ bản,https://tinnhiemmang.vn/danh-ba-tin-nhiem/pgdtienlanghaiphongeduvn-1720402073
pgdtpdienbienphu.edu.vn,Phòng Giáo dục và Đào tạo thành phố Điện Biên Phủ,21/11/2024,Chứng nhận cơ bản,https://tinnhiemmang.vn/danh-ba-tin-nhiem/pgdtpdienbienphueduvn-1732089943
phananh.dienbien.gov.vn,Sở Thông tin và Truyền thông tỉnh Điện Biên,21/11/2023,Chứng nhận cơ bản,https://tinnhiemmang.vn/danh-ba-tin-nhiem/phananhdienbiengovvn-1700532064
phananh.moha.gov.vn,Trung tâm Thông tin - Bộ Nội vụ,29/06/2021,Chứng nhận cơ bản,https://tinnhiemmang.vn/danh-ba-tin-nhiem/phananhmohagovvn-1624933977
phanboichau.edu.vn,Trường THPT Phan Bội Châu tỉnh Bình Định,07/06/2023,Chứng nhận cơ bản,https://tinnhiemmang.vn/danh-ba-tin-nhiem/phanboichaueduvn-1686124616
phanhoi.thanhhoa.gov.vn,UBND tỉnh Thanh Hóa,01/08/2023,Chứng nhận cơ bản,https://tinnhiemmang.vn/danh-ba-tin-nhiem/phanhoithanhhoagovvn-1690783243
phanmemcotuong.net,Công ty TNHH Tín Thiện Hiệp,17/06/2022,Chứng nhận cơ bản,https://tinnhiemmang.vn/danh-ba-tin-nhiem/phanmemcotuongnet-1655212957
phantichdulieu.quangngai.gov.vn,Sở Thông tin và Truyền thông Quảng Ngãi,13/12/2024,Chứng nhận cơ bản,https://tinnhiemmang.vn/danh-ba-tin-nhiem/phantichdulieuquangngaigovvn-1734078116
phapdien.moj.gov.vn,Bộ Tư pháp,14/07/2022,Chứng nhận cơ bản,https://tinnhiemmang.vn/danh-ba-tin-nhiem/phapdienmojgovvn-1625732254
phapluat.suckhoedoisong.vn,Báo Sức khỏe và Đời sống,29/03/2023,Chứng nhận cơ bản,https://tinnhiemmang.vn/danh-ba-tin-nhiem/phapluatsuckhoedoisongvn-1629790671
phapluatkhanhhoa.vn,Sở Tư pháp tỉnh Khánh Hòa,09/08/2023,Chứng nhận cơ bản,https://tinnhiemmang.vn/danh-ba-tin-nhiem/phapluatkhanhhoavn-1691553338
pharma360.vn,Pharma360,06/06/2022,Chứng nhận cơ bản,https://tinnhiemmang.vn/danh-ba-tin-nhiem/pharma360vn-1654512081
phimcachnhietsaigon.com,Công Ty TNHH Thương Mại Dịch Vụ Và Xuất Nhập Khẩu TNB,07/04/2022,Chứng nhận cơ bản,https://tinnhiemmang.vn/danh-ba-tin-nhiem/phimcachnhietsaigoncom-1649312870
phmt.danang.gov.vn,Văn phòng UBND thành phố Đà Nẵng,24/11/2021,Chứng nhận cơ bản,https://tinnhiemmang.vn/danh-ba-tin-nhiem/phmtdananggovvn-1637728067
phobiengiaoducphapluat.ninhbinh.gov.vn,Sở Tư pháp tỉnh Ninh Bình,19/07/2021,Chứng nhận cơ bản,https://tinnhiemmang.vn/danh-ba-tin-nhiem/phobiengiaoducphapluatninhbinhgovvn-1626420375
phogiadecor.vn,Công Ty Nội Thất Cao Cấp Phố Gia,24/05/2022,Chứng nhận cơ bản,https://tinnhiemmang.vn/danh-ba-tin-nhiem/phogiadecorvn-1653290578
phongchonglutbaotphcm.gov.vn,Chi Cục Thủy Lợi Thành Phố Hồ Chí Minh,18/04/2023,Chứng nhận cơ bản,https://tinnhiemmang.vn/danh-ba-tin-nhiem/phongchonglutbaotphcmgovvn-1681091931
phongchongthientai.mard.gov.vn,"Cục Quản lý đê điều và Phòng, chống thiên tai",21/08/2023,Chứng nhận cơ bản,https://tinnhiemmang.vn/danh-ba-tin-nhiem/phongchongthientaimardgovvn-1692583928
phongchongthientainb.vn,Chi cục Thủy lợi tỉnh Ninh Bình,19/07/2021,Chứng nhận cơ bản,https://tinnhiemmang.vn/danh-ba-tin-nhiem/phongchongthientainbvn-1626418917
phongkiemdinh.tqc.gov.vn,Trung tâm Đo lường Chất lượng Viễn thông,07/03/2024,Chứng nhận cơ bản,https://tinnhiemmang.vn/danh-ba-tin-nhiem/phongkiemdinhtqcgovvn-1709715708
phongnhaexplorer.com,Công Ty TNHH Du Lịch Thám Hiểm Phong Nha,22/11/2022,Chứng nhận cơ bản,https://tinnhiemmang.vn/danh-ba-tin-nhiem/phongnhaexplorercom-1630474866
phucdong.longbien.hanoi.gov.vn,"UBND Phường Phúc Đồng, quận Long Biên, Hà Nội",11/12/2023,Chứng nhận cơ bản,https://tinnhiemmang.vn/danh-ba-tin-nhiem/phucdonglongbienhanoigovvn-1702273205
phucloi.longbien.hanoi.gov.vn,"UBND Phường Phúc Lợi, quận Long Biên, Hà Nội",11/12/2023,Chứng nhận cơ bản,https://tinnhiemmang.vn/danh-ba-tin-nhiem/phucloilongbienhanoigovvn-1702273278
phucthanh.tpninhbinh.ninhbinh.gov.vn,"Uỷ ban nhân dân phường Phúc Thành, thành phố Ninh Bình, tỉnh Ninh Bình",30/10/2024,Chứng nhận cơ bản,https://tinnhiemmang.vn/danh-ba-tin-nhiem/phucthanhtpninhbinhninhbinhgovvn-1730186319
phuctho.hanoi.gov.vn,Ủy ban nhân dân huyện Phúc Thọ Hà Nội,10/05/2023,Chứng nhận cơ bản,https://tinnhiemmang.vn/danh-ba-tin-nhiem/phucthohanoigovvn-1683630558
phucuongkg.com,Công Ty Cổ Phần Đầu Tư Phú Cường Kiên Giang,28/07/2022,Chứng nhận cơ bản,https://tinnhiemmang.vn/danh-ba-tin-nhiem/phucuongkgcom-1658980993
phukiencongtrinh.com,Công Ty TNHH TM DV Sài Gòn Hoàng Gia,07/12/2022,Chứng nhận cơ bản,https://tinnhiemmang.vn/danh-ba-tin-nhiem/phukiencongtrinhcom-1670401868
phukiensongtoan.com,Công ty cổ phần đầu tư sản xuất và thương mại (STG) Song Toàn,25/10/2022,Chứng nhận cơ bản,https://tinnhiemmang.vn/danh-ba-tin-nhiem/phukiensongtoancom-1666661294
phungxa.thachthat.hanoi.gov.vn,UBND xã Phùng Xá huyện Thạch Thất Hà Nội,10/05/2023,Chứng nhận cơ bản,https://tinnhiemmang.vn/danh-ba-tin-nhiem/phungxathachthathanoigovvn-1683615763
phuninh.phutho.gov.vn,"UBND huyện Phù Ninh, tỉnh Phú Thọ",16/09/2024,Chứng nhận cơ bản,https://tinnhiemmang.vn/danh-ba-tin-nhiem/phuninhphuthogovvn-1726271875
phunu.hochiminhcity.gov.vn,Hội Liên hiệp phụ nữ Việt Nam TP Hồ Chí Minh,09/10/2023,Chứng nhận cơ bản,https://tinnhiemmang.vn/danh-ba-tin-nhiem/phunuhochiminhcitygovvn-1696832713
phunuthudo.com.vn,Hội Liên hiệp Phụ nữ thành phố Hà Nội,10/05/2023,Chứng nhận cơ bản,https://tinnhiemmang.vn/danh-ba-tin-nhiem/phunuthudocomvn-1683533120
phuoccat2cattien.lamdong.gov.vn,"UBND Xã Phước Cát 2, Huyện Cát Tiên, Tỉnh Lâm Đồng",07/11/2023,Chứng nhận cơ bản,https://tinnhiemmang.vn/danh-ba-tin-nhiem/phuoccat2cattienlamdonggovvn-1699321898
phuoccatcattien.lamdong.gov.vn,"UBND Thị Trấn Phước Cát, Huyện Cát Tiên, Tỉnh Lâm Đồng",07/11/2023,Chứng nhận cơ bản,https://tinnhiemmang.vn/danh-ba-tin-nhiem/phuoccatcattienlamdonggovvn-1699319460
phuochau.vinhlong.gov.vn,UBND xã Phước Hậu tỉnh Vĩnh Long,14/07/2021,Chứng nhận cơ bản,https://tinnhiemmang.vn/danh-ba-tin-nhiem/phuochauvinhlonggovvn-1625917966
phuocninh.danang.gov.vn,"UBND phường Phước Ninh, thành phố Đà Nẵng",03/08/2022,Chứng nhận cơ bản,https://tinnhiemmang.vn/danh-ba-tin-nhiem/phuocninhdananggovvn-1659494036
phuong12.dalat.lamdong.gov.vn,"UBND Phường 12, TP Đà Lạt, Lâm Đồng",30/08/2024,Chứng nhận cơ bản,https://tinnhiemmang.vn/danh-ba-tin-nhiem/phuong12dalatlamdonggovvn-1724916872
phuong2.dalat.lamdong.gov.vn,"UBND Phường 2, TP Đà Lạt, Lâm Đồng",29/08/2024,Chứng nhận cơ bản,https://tinnhiemmang.vn/danh-ba-tin-nhiem/phuong2dalatlamdonggovvn-1724903904
phuong3.dalat.lamdong.gov.vn,"UBND Phường 3, TP Đà Lạt, Lâm Đồng",29/08/2024,Chứng nhận cơ bản,https://tinnhiemmang.vn/danh-ba-tin-nhiem/phuong3dalatlamdonggovvn-1724903991
phuong4.dalat.lamdong.gov.vn,"UBND Phường 4, TP Đà Lạt, Lâm Đồng",29/08/2024,Chứng nhận cơ bản,https://tinnhiemmang.vn/danh-ba-tin-nhiem/phuong4dalatlamdonggovvn-1724904064
phuong5.dalat.lamdong.gov.vn,"UBND Phường 5, TP Đà Lạt, Lâm Đồng",29/08/2024,Chứng nhận cơ bản,https://tinnhiemmang.vn/danh-ba-tin-nhiem/phuong5dalatlamdonggovvn-1724904131
phuongnampanel.com,Công Ty TNHH Cách Âm Cách Nhiệt Phương Nam,17/03/2022,Chứng nhận cơ bản,https://tinnhiemmang.vn/danh-ba-tin-nhiem/phuongnampanelcom-1646465843
phuongtanphuoc.gov.vn,"UBND phường Tân Phước, thị xã Phú Mỹ, tỉnh Bà Rịa-Vũng Tàu",17/06/2024,Chứng nhận cơ bản,https://tinnhiemmang.vn/danh-ba-tin-nhiem/phuongtanphuocgovvn-1718354314
phuquoi.vinhlong.gov.vn,UBND xã Phú Quới tỉnh Vĩnh Long,14/07/2021,Chứng nhận cơ bản,https://tinnhiemmang.vn/danh-ba-tin-nhiem/phuquoivinhlonggovvn-1625918014
phuquytravel.com.vn,UBND huyện Phú Quý tỉnh Bình Thuận,02/01/2024,Chứng nhận cơ bản,https://tinnhiemmang.vn/danh-ba-tin-nhiem/phuquytravelcomvn-1703814673
phusannhidanang.org.vn,Bệnh viện Phụ sản - Nhi Đà Nẵng,08/08/2022,Chứng nhận cơ bản,https://tinnhiemmang.vn/danh-ba-tin-nhiem/phusannhidanangorgvn-1659420507
phutan.angiang.gov.vn,UBND Huyện Phú Tân - Tỉnh An Giang,15/10/2021,Chứng nhận cơ bản,https://tinnhiemmang.vn/danh-ba-tin-nhiem/phutanangianggovvn-1634291421
phutan.camau.gov.vn,Ủy ban nhân dân huyện Phú Tân,30/05/2023,Chứng nhận cơ bản,https://tinnhiemmang.vn/danh-ba-tin-nhiem/phutancamaugovvn-1684980301
phuthien.gialai.gov.vn,"UBND huyện Phú Thiện, tỉnh Gia Lai",11/01/2024,Chứng nhận cơ bản,https://tinnhiemmang.vn/danh-ba-tin-nhiem/phuthiengialaigovvn-1704879131
phutho.baohiemxahoi.gov.vn,Bảo Hiểm Xã Hội tỉnh Phú Thọ,28/07/2021,Chứng nhận cơ bản,https://tinnhiemmang.vn/danh-ba-tin-nhiem/phuthobaohiemxahoigovvn-1627458232
phutho.gdt.gov.vn,Cục Thuế tỉnh Phú Thọ,10/08/2023,Chứng nhận cơ bản,https://tinnhiemmang.vn/danh-ba-tin-nhiem/phuthogdtgovvn-1691657810
phutho.gov.vn,Sở Thông tin và Truyền thông tỉnh Phú Thọ,28/09/2021,Chứng nhận cơ bản,https://tinnhiemmang.vn/danh-ba-tin-nhiem/phuthogovvn-1632818099
phutho.toaan.gov.vn,Tòa án nhân dân tỉnh Phú Thọ,07/04/2023,Chứng nhận cơ bản,https://tinnhiemmang.vn/danh-ba-tin-nhiem/phuthotoaangovvn-1679890221
phuxuyen.hanoi.gov.vn,"Huyện Phú Xuyên , Thành phố Hà Nội",15/06/2021,Chứng nhận cơ bản,https://tinnhiemmang.vn/danh-ba-tin-nhiem/phuxuyenhanoigovvn-1623517941
phuyen.baohiemxahoi.gov.vn,Bảo Hiểm Xã Hội tỉnh Phú Yên,28/07/2021,Chứng nhận cơ bản,https://tinnhiemmang.vn/danh-ba-tin-nhiem/phuyenbaohiemxahoigovvn-1627466778
phuyen.gdt.gov.vn,Cục Thuế tỉnh Phú Yên,10/08/2023,Chứng nhận cơ bản,https://tinnhiemmang.vn/danh-ba-tin-nhiem/phuyengdtgovvn-1691657849
phuyen.sonla.gov.vn,UBND Huyện Phù Yên  UBND tỉnh Sơn La,17/06/2021,Chứng nhận cơ bản,https://tinnhiemmang.vn/danh-ba-tin-nhiem/phuyensonlagovvn-1623912920
phuyen.toaan.gov.vn,Tòa án nhân dân tỉnh Phú Yên,07/04/2023,Chứng nhận cơ bản,https://tinnhiemmang.vn/danh-ba-tin-nhiem/phuyentoaangovvn-1679890164
pleiku.gialai.gov.vn,"Ủy ban nhân dân thành phố Pleiku, tỉnh Gia Lai",10/05/2021,Chứng nhận cơ bản,https://tinnhiemmang.vn/danh-ba-tin-nhiem/pleikugialaigovvn-1620631569
plo.vn,Báo điện tử Pháp luật TP HCM,05/03/2024,Chứng nhận nâng cao,https://tinnhiemmang.vn/danh-ba-tin-nhiem/plovn-1625727762
ppaflic.edu.vn,Học viện Cảnh sát nhân dân,11/01/2024,Chứng nhận cơ bản,https://tinnhiemmang.vn/danh-ba-tin-nhiem/ppafliceduvn-1704942010
ppd.gov.vn,Cục Bảo vệ thực vật - Bộ NN  PTNT,11/08/2021,Chứng nhận cơ bản,https://tinnhiemmang.vn/danh-ba-tin-nhiem/ppdgovvn-1628678237
ppp.hochiminhcity.gov.vn,Sở Kế hoạch và Đầu tư Thành phố Hồ Chí Minh,09/10/2023,Chứng nhận cơ bản,https://tinnhiemmang.vn/danh-ba-tin-nhiem/ppphochiminhcitygovvn-1696832935
pro.donduong.lamdong.gov.vn,UBND Xã Pró - Huyện Đơn Dương,11/04/2024,Chứng nhận cơ bản,https://tinnhiemmang.vn/danh-ba-tin-nhiem/prodonduonglamdonggovvn-1712740035
proxyno1.com,Công Ty TNHH Proxy No.1 Việt Nam,22/07/2022,Chứng nhận cơ bản,https://tinnhiemmang.vn/danh-ba-tin-nhiem/proxyno1com-1658291694
pstm.most.gov.vn,Bộ Khoa học và Công nghệ,07/04/2023,Chứng nhận cơ bản,https://tinnhiemmang.vn/danh-ba-tin-nhiem/pstmmostgovvn-1678868839
ptanhxtanh.haiphong.edu.vn,Trường Trung học phổ thông Anhxtanh,09/07/2024,Chứng nhận cơ bản,https://tinnhiemmang.vn/danh-ba-tin-nhiem/ptanhxtanhhaiphongeduvn-1720493109
pup.edu.vn,Đại học Cảnh sát nhân dân,13/12/2023,Chứng nhận cơ bản,https://tinnhiemmang.vn/danh-ba-tin-nhiem/pupeduvn-1702437466
pus.customs.gov.vn,Tổng cục Hải quan,11/08/2023,Chứng nhận cơ bản,https://tinnhiemmang.vn/danh-ba-tin-nhiem/puscustomsgovvn-1691726546
pus1.customs.gov.vn,Tổng cục Hải quan,11/08/2023,Chứng nhận cơ bản,https://tinnhiemmang.vn/danh-ba-tin-nhiem/pus1customsgovvn-1691726547
putinofood.vn,Công ty TNHH XNK Phạm Gia Food,19/11/2022,Chứng nhận cơ bản,https://tinnhiemmang.vn/danh-ba-tin-nhiem/putinofoodvn-1668826200
puxi.tuangiao.gov.vn,Ủy Ban Nhân Dân Xã Pú Xi,22/11/2023,Chứng nhận cơ bản,https://tinnhiemmang.vn/danh-ba-tin-nhiem/puxituangiaogovvn-1700623019
pvdong.khanhhoa.edu.vn,"Trường THPT Phạm Văn Đồng, tỉnh Khánh Hòa",09/08/2023,Chứng nhận cơ bản,https://tinnhiemmang.vn/danh-ba-tin-nhiem/pvdongkhanhhoaeduvn-1691554473
qbvmt.laocai.gov.vn,Quỹ bảo vệ môi trường tỉnh Lào Cai,25/11/2021,Chứng nhận cơ bản,https://tinnhiemmang.vn/danh-ba-tin-nhiem/qbvmtlaocaigovvn-1637808077
qbvptr.gialai.gov.vn,Quỹ Bảo vệ và Phát triển rừng tỉnh Gia Lai,10/01/2024,Chứng nhận cơ bản,https://tinnhiemmang.vn/danh-ba-tin-nhiem/qbvptrgialaigovvn-1704856661
qdnd.vn,Báo Quân đội nhân dân,09/08/2023,Chứng nhận nâng cao,https://tinnhiemmang.vn/danh-ba-tin-nhiem/qdndvn-1648804251
qdtpt.bacninh.gov.vn,Quỹ Đầu Tư Phát Triển Tỉnh Bắc Ninh,30/11/2021,Chứng nhận cơ bản,https://tinnhiemmang.vn/danh-ba-tin-nhiem/qdtptbacninhgovvn-1638178935
qdtpt.dongthap.gov.vn,Quỹ Đầu tư Phát triển tỉnh Đồng Tháp,22/11/2021,Chứng nhận cơ bản,https://tinnhiemmang.vn/danh-ba-tin-nhiem/qdtptdongthapgovvn-1637567080
qdtpt.khanhhoa.gov.vn,Quỹ Đầu tư phát triển Khánh Hòa,14/07/2022,Chứng nhận cơ bản,https://tinnhiemmang.vn/danh-ba-tin-nhiem/qdtptkhanhhoagovvn-1626162277
qhkt.hochiminhcity.gov.vn,Sở Quy hoạch - Kiến trúc Thành phố Hồ Chí Minh,09/10/2023,Chứng nhận cơ bản,https://tinnhiemmang.vn/danh-ba-tin-nhiem/qhkthochiminhcitygovvn-1696833090
qik.com.vn,Công ty Cổ phần Dược phẩm ECO,09/02/2023,Chứng nhận cơ bản,https://tinnhiemmang.vn/danh-ba-tin-nhiem/qikcomvn-1672914310
ql-quyhoach-q7.hochiminhcity.gov.vn,Ủy ban nhân dân Quận 7 - Thành phố Hồ Chí Minh,09/10/2023,Chứng nhận cơ bản,https://tinnhiemmang.vn/danh-ba-tin-nhiem/ql-quyhoach-q7hochiminhcitygovvn-1696834288
qlcb.misa.vn,Công ty Cổ phần MISA,18/01/2023,Chứng nhận cơ bản,https://tinnhiemmang.vn/danh-ba-tin-nhiem/qlcbmisavn-1671071040
qlcb.most.gov.vn,Bộ Khoa học và Công nghệ,07/04/2023,Chứng nhận cơ bản,https://tinnhiemmang.vn/danh-ba-tin-nhiem/qlcbmostgovvn-1678869565
qlcb.toaan.gov.vn,Tòa án nhân dân tối cao,07/04/2023,Chứng nhận cơ bản,https://tinnhiemmang.vn/danh-ba-tin-nhiem/qlcbtoaangovvn-1680839307
qlcongchung.moj.gov.vn,Bộ Tư pháp,14/07/2022,Chứng nhận cơ bản,https://tinnhiemmang.vn/danh-ba-tin-nhiem/qlcongchungmojgovvn-1625746652
qldailythue.gdt.gov.vn,Tổng cục Thuế,10/08/2023,Chứng nhận cơ bản,https://tinnhiemmang.vn/danh-ba-tin-nhiem/qldailythuegdtgovvn-1691655035
qlduk.quangninh.gov.vn,Đảng ủy Khối các cơ quan tỉnh Quảng Ninh,16/11/2021,Chứng nhận cơ bản,https://tinnhiemmang.vn/danh-ba-tin-nhiem/qldukquangninhgovvn-1637037232
qlhc-congan.hochiminhcity.gov.vn,Công an Thành phố Hồ Chí Minh,25/07/2024,Chứng nhận cơ bản,https://tinnhiemmang.vn/danh-ba-tin-nhiem/qlhc-conganhochiminhcitygovvn-1721879277
qlkpasxh.quangngai.gov.vn,Sở Tài chính tỉnh Quảng Ngãi,11/07/2023,Chứng nhận cơ bản,https://tinnhiemmang.vn/danh-ba-tin-nhiem/qlkpasxhquangngaigovvn-1688610345
qlnqnn.vst.mof.gov.vn,Kho bạc Nhà nước,31/08/2023,Chứng nhận cơ bản,https://tinnhiemmang.vn/danh-ba-tin-nhiem/qlnqnnvstmofgovvn-1693447543
qlta.toaan.gov.vn,Tòa án nhân dân tối cao,07/04/2023,Chứng nhận cơ bản,https://tinnhiemmang.vn/danh-ba-tin-nhiem/qltatoaangovvn-1680839252
qltdkt.danang.gov.vn,Ban Thi đua - Khen thưởng thành phố Đà Nẵng,27/12/2023,Chứng nhận cơ bản,https://tinnhiemmang.vn/danh-ba-tin-nhiem/qltdktdananggovvn-1703648949
qltllt.bacninh.gov.vn,Sở Nội Vụ tỉnh Bắc Ninh,30/11/2021,Chứng nhận cơ bản,https://tinnhiemmang.vn/danh-ba-tin-nhiem/qltlltbacninhgovvn-1638241337
qlts.misa.vn,Công ty Cổ phần MISA,18/01/2023,Chứng nhận cơ bản,https://tinnhiemmang.vn/danh-ba-tin-nhiem/qltsmisavn-1671071018
qlts.toaan.gov.vn,Tòa án nhân dân tối cao,07/04/2023,Chứng nhận cơ bản,https://tinnhiemmang.vn/danh-ba-tin-nhiem/qltstoaangovvn-1680839314
qlvb.bacninh.gov.vn,Sở Thông tin và Truyền thông tỉnh Bắc Ninh,28/10/2021,Chứng nhận cơ bản,https://tinnhiemmang.vn/danh-ba-tin-nhiem/qlvbbacninhgovvn-1635386980
qlvb.hungyen.gov.vn,Sở Thông tin và Truyền thông tỉnh Hưng Yên,15/07/2021,Chứng nhận cơ bản,https://tinnhiemmang.vn/danh-ba-tin-nhiem/qlvbhungyengovvn-1626337018
qlvb.moj.gov.vn,Bộ Tư pháp,14/07/2022,Chứng nhận cơ bản,https://tinnhiemmang.vn/danh-ba-tin-nhiem/qlvbmojgovvn-1625747198
qlvbdhvpubnd.gialai.gov.vn,Văn phòng Ủy ban nhân dân tỉnh Gia Lai,24/01/2024,Chứng nhận cơ bản,https://tinnhiemmang.vn/danh-ba-tin-nhiem/qlvbdhvpubndgialaigovvn-1706063266
qlvbthads.moj.gov.vn,Bộ Tư pháp,14/07/2022,Chứng nhận cơ bản,https://tinnhiemmang.vn/danh-ba-tin-nhiem/qlvbthadsmojgovvn-1625747128
qn.check.net.vn,Sở Nông nghiệp và PTNT tỉnh Quảng Ninh,16/11/2021,Chứng nhận cơ bản,https://tinnhiemmang.vn/danh-ba-tin-nhiem/qnchecknetvn-1637036186
qnitrade.gov.vn,"Trung tâm Xúc tiến và Phát triển công thương Quảng Ninh, Sở Công Thương",15/08/2024,Chứng nhận cơ bản,https://tinnhiemmang.vn/danh-ba-tin-nhiem/qnitradegovvn-1723541660
qppl.thanhhoa.gov.vn,UBND tỉnh Thanh Hóa,01/08/2023,Chứng nhận cơ bản,https://tinnhiemmang.vn/danh-ba-tin-nhiem/qpplthanhhoagovvn-1690783236
qppl.vinhlong.gov.vn,Văn phòng UBND tỉnh Vĩnh Long,25/05/2023,Chứng nhận cơ bản,https://tinnhiemmang.vn/danh-ba-tin-nhiem/qpplvinhlonggovvn-1684915772
qtc.gov.vn,Trung tâm Đào tạo nghiệp vụ Tiêu  chuẩn Đo lường Chất lượng - Bộ Khoa học và Công nghệ,04/03/2024,Chứng nhận cơ bản,https://tinnhiemmang.vn/danh-ba-tin-nhiem/qtcgovvn-1709538389
qtht.moj.gov.vn,Bộ Tư pháp,14/07/2022,Chứng nhận cơ bản,https://tinnhiemmang.vn/danh-ba-tin-nhiem/qthtmojgovvn-1625733984
qtud-ttdvkh-portal.gsafe.vn,Công Ty Cổ Phần Thiết Bị Công Nghiệp GEIC,06/02/2026,Chứng nhận cơ bản,https://tinnhiemmang.vn/danh-ba-tin-nhiem/qtud-ttdvkh-portalgsafevn-1773742882
qtv.com.vn,Trung tâm Truyền thông tỉnh Quảng Ninh,16/11/2021,Chứng nhận cơ bản,https://tinnhiemmang.vn/danh-ba-tin-nhiem/qtvcomvn-1637036896
qtv.vn,Trung tâm Truyền thông tỉnh Quảng Ninh,16/11/2021,Chứng nhận cơ bản,https://tinnhiemmang.vn/danh-ba-tin-nhiem/qtvvn-1637036897
quacert.gov.vn,Trung tâm chứng nhận phù hợp - Bộ Khoa học và Công nghệ,04/03/2024,Chứng nhận cơ bản,https://tinnhiemmang.vn/danh-ba-tin-nhiem/quacertgovvn-1709538328
quaicang.tuangiao.gov.vn,Ủy ban nhân dân xã Quài Cang,23/11/2023,Chứng nhận cơ bản,https://tinnhiemmang.vn/danh-ba-tin-nhiem/quaicangtuangiaogovvn-1700638514
quainua.tuangiao.gov.vn,"UBND xã Quài Nưa, huyện Tuần Giáo, tỉnh Điện Biên",09/11/2023,Chứng nhận cơ bản,https://tinnhiemmang.vn/danh-ba-tin-nhiem/quainuatuangiaogovvn-1699409423
quaito.tuangiao.gov.vn,Ủy ban nhân dân xã Quài Tở,23/11/2023,Chứng nhận cơ bản,https://tinnhiemmang.vn/danh-ba-tin-nhiem/quaitotuangiaogovvn-1700639233
quan1.hochiminhcity.gov.vn,Ủy ban nhân dân quận 1,06/12/2024,Chứng nhận cơ bản,https://tinnhiemmang.vn/danh-ba-tin-nhiem/quan1hochiminhcitygovvn-1733391916
quan11-tructuyen.tphcm.gov.vn,Ủy ban nhân dân quận 11 thành phố Hồ Chí Minh,09/10/2023,Chứng nhận cơ bản,https://tinnhiemmang.vn/danh-ba-tin-nhiem/quan11-tructuyentphcmgovvn-1696833942
quan11.hochiminhcity.gov.vn,Ủy ban nhân dân quận 11 thành phố Hồ Chí Minh,11/04/2024,Chứng nhận cơ bản,https://tinnhiemmang.vn/danh-ba-tin-nhiem/quan11hochiminhcitygovvn-1712803815
quan3.hochiminhcity.gov.vn,Ủy ban nhân dân quận 3 thành phố Hồ Chí Minh,09/10/2023,Chứng nhận cơ bản,https://tinnhiemmang.vn/danh-ba-tin-nhiem/quan3hochiminhcitygovvn-1696834072
quan7.hochiminhcity.gov.vn,Ủy ban nhân dân Quận 7 - Thành phố Hồ Chí Minh,06/07/2023,Chứng nhận cơ bản,https://tinnhiemmang.vn/danh-ba-tin-nhiem/quan7hochiminhcitygovvn-1688443559
quangbinh.baohiemxahoi.gov.vn,Bảo Hiểm Xã Hội Tỉnh Quảng Bình,28/07/2021,Chứng nhận cơ bản,https://tinnhiemmang.vn/danh-ba-tin-nhiem/quangbinhbaohiemxahoigovvn-1627463061
quangbinh.gdt.gov.vn,Cục Thuế tỉnh Quảng Bình,10/08/2023,Chứng nhận cơ bản,https://tinnhiemmang.vn/danh-ba-tin-nhiem/quangbinhgdtgovvn-1691657888
quangbinh.toaan.gov.vn,Tòa án nhân dân tỉnh Quảng Bình,07/04/2023,Chứng nhận cơ bản,https://tinnhiemmang.vn/danh-ba-tin-nhiem/quangbinhtoaangovvn-1679890101
quanglap.donduong.lamdong.gov.vn,UBND Xã Quảng Lập - Huyện Đơn Dương,11/04/2024,Chứng nhận cơ bản,https://tinnhiemmang.vn/danh-ba-tin-nhiem/quanglapdonduonglamdonggovvn-1712739785
quangnam.baohiemxahoi.gov.vn,Bảo Hiểm Xã Hội tỉnh Quảng Nam,28/07/2021,Chứng nhận cơ bản,https://tinnhiemmang.vn/danh-ba-tin-nhiem/quangnambaohiemxahoigovvn-1627467022
quangnam.gdt.gov.vn,Cục Thuế tỉnh Quảng Nam,10/08/2023,Chứng nhận cơ bản,https://tinnhiemmang.vn/danh-ba-tin-nhiem/quangnamgdtgovvn-1691657922
quangnam.toaan.gov.vn,Tòa án nhân dân tỉnh Quảng Nam,07/04/2023,Chứng nhận cơ bản,https://tinnhiemmang.vn/danh-ba-tin-nhiem/quangnamtoaangovvn-1679890040
quangngai.baohiemxahoi.gov.vn,Bảo Hiểm Xã Hội tỉnh Quảng Ngãi,28/07/2021,Chứng nhận cơ bản,https://tinnhiemmang.vn/danh-ba-tin-nhiem/quangngaibaohiemxahoigovvn-1627466946
quangngai.gdt.gov.vn,Cục Thuế tỉnh Quảng Ngãi,10/08/2023,Chứng nhận cơ bản,https://tinnhiemmang.vn/danh-ba-tin-nhiem/quangngaigdtgovvn-1691657963
quangngai.gov.vn,UBND tỉnh Quảng Ngãi,10/05/2021,Chứng nhận cơ bản,https://tinnhiemmang.vn/danh-ba-tin-nhiem/quangngaigovvn-1620635324
quangngai.toaan.gov.vn,Tòa án nhân dân tỉnh Quảng Ngãi,07/04/2023,Chứng nhận cơ bản,https://tinnhiemmang.vn/danh-ba-tin-nhiem/quangngaitoaangovvn-1679889987
quangngaicattien.lamdong.gov.vn,"UBND Xã Quảng Ngãi, Huyện Cát Tiên, Tỉnh Lâm Đồng",07/11/2023,Chứng nhận cơ bản,https://tinnhiemmang.vn/danh-ba-tin-nhiem/quangngaicattienlamdonggovvn-1699319620
quangngaitrade.gov.vn,Sở Công Thương tỉnh Quảng Ngãi,11/07/2023,Chứng nhận cơ bản,https://tinnhiemmang.vn/danh-ba-tin-nhiem/quangngaitradegovvn-1688611891
quangngaitv.vn,Đài Phát thanh và Truyền hình tỉnh Quảng Ngãi,05/10/2023,Chứng nhận cơ bản,https://tinnhiemmang.vn/danh-ba-tin-nhiem/quangngaitvvn-1696395497
quangninh.baohiemxahoi.gov.vn,Bảo Hiểm Xã Hội Tỉnh Quảng Ninh,28/07/2021,Chứng nhận cơ bản,https://tinnhiemmang.vn/danh-ba-tin-nhiem/quangninhbaohiemxahoigovvn-1627445428
quangninh.gdt.gov.vn,Cục Thuế tỉnh Quảng Ninh,10/08/2023,Chứng nhận cơ bản,https://tinnhiemmang.vn/danh-ba-tin-nhiem/quangninhgdtgovvn-1691658006
quangninh.gov.vn,UBND tỉnh Quảng Ninh,16/11/2021,Chứng nhận cơ bản,https://tinnhiemmang.vn/danh-ba-tin-nhiem/quangninhgovvn-1637033043
quangninh.toaan.gov.vn,Tòa án nhân dân tỉnh Quảng Ninh,07/04/2023,Chứng nhận cơ bản,https://tinnhiemmang.vn/danh-ba-tin-nhiem/quangninhtoaangovvn-1679889905
quangninhcdc.vn,Trung tâm Kiểm soát bệnh tật tỉnh Quảng Ninh,05/06/2024,Chứng nhận cơ bản,https://tinnhiemmang.vn/danh-ba-tin-nhiem/quangninhcdcvn-1716797263
quangninhnews.vn,Trung tâm Truyền thông tỉnh Quảng Ninh,16/11/2021,Chứng nhận cơ bản,https://tinnhiemmang.vn/danh-ba-tin-nhiem/quangninhnewsvn-1637036900
quangninhtv.com.vn,Trung tâm Truyền thông tỉnh Quảng Ninh,16/11/2021,Chứng nhận cơ bản,https://tinnhiemmang.vn/danh-ba-tin-nhiem/quangninhtvcomvn-1637036898
quangninhtv.vn,Trung tâm Truyền thông tỉnh Quảng Ninh,16/11/2021,Chứng nhận cơ bản,https://tinnhiemmang.vn/danh-ba-tin-nhiem/quangninhtvvn-1637036899
quangtri.baohiemxahoi.gov.vn,Bảo Hiểm Xã Hội tỉnh Quảng Trị,28/07/2021,Chứng nhận cơ bản,https://tinnhiemmang.vn/danh-ba-tin-nhiem/quangtribaohiemxahoigovvn-1627463131
quangtri.gdt.gov.vn,Cục Thuế tỉnh Quảng Trị,10/08/2023,Chứng nhận cơ bản,https://tinnhiemmang.vn/danh-ba-tin-nhiem/quangtrigdtgovvn-1691658045
quangtri.gov.vn,UBND tỉnh Quảng Trị,14/03/2024,Chứng nhận cơ bản,https://tinnhiemmang.vn/danh-ba-tin-nhiem/quangtrigovvn-1710379100
quangtri.toaan.gov.vn,Tòa án nhân dân tỉnh Quảng Trị,07/04/2023,Chứng nhận cơ bản,https://tinnhiemmang.vn/danh-ba-tin-nhiem/quangtritoaangovvn-1679889770
quanlydisan.quangngai.gov.vn,Sở Thông tin và Truyền thông Quảng Ngãi,13/12/2024,Chứng nhận cơ bản,https://tinnhiemmang.vn/danh-ba-tin-nhiem/quanlydisanquangngaigovvn-1734078138
quanlyhotich.moj.gov.vn,Bộ Tư pháp,14/07/2022,Chứng nhận cơ bản,https://tinnhiemmang.vn/danh-ba-tin-nhiem/quanlyhotichmojgovvn-1625735296
quanlyluhanh.vn,Trung tâm Thông tin du lịch,24/06/2024,Chứng nhận cơ bản,https://tinnhiemmang.vn/danh-ba-tin-nhiem/quanlyluhanhvn-1717729190
quanlythuoc.vss.gov.vn,Bảo hiểm Xã hội Việt Nam,19/04/2024,Chứng nhận cơ bản,https://tinnhiemmang.vn/danh-ba-tin-nhiem/quanlythuocvssgovvn-1713339973
quanson.thanhhoa.gov.vn,"UBND huyện Quan Sơn, tỉnh Thanh Hóa",01/08/2023,Chứng nhận cơ bản,https://tinnhiemmang.vn/danh-ba-tin-nhiem/quansonthanhhoagovvn-1690782125
quansu.haiphong.gov.vn,Bộ Chỉ huy quân sự thành phố Hải Phòng,21/05/2024,Chứng nhận cơ bản,https://tinnhiemmang.vn/danh-ba-tin-nhiem/quansuhaiphonggovvn-1714739617
quatest1.com.vn,Trung tâm Kỹ thuật Tiêu chuẩn Đo  lường Chất lượng 1 - Bộ Khoa học và Công nghệ,04/03/2024,Chứng nhận cơ bản,https://tinnhiemmang.vn/danh-ba-tin-nhiem/quatest1comvn-1709538933
quatest2.gov.vn,Trung tâm Kỹ thuật Tiêu chuẩn Đo  lường Chất lượng 2 - Bộ Khoa học và Công nghệ,04/03/2024,Chứng nhận cơ bản,https://tinnhiemmang.vn/danh-ba-tin-nhiem/quatest2govvn-1709538476
quatest3.com.vn,Trung tâm Kỹ thuật Tiêu chuẩn Đo  lường Chất lượng 3 - Bộ Khoa học và Công nghệ,04/03/2024,Chứng nhận cơ bản,https://tinnhiemmang.vn/danh-ba-tin-nhiem/quatest3comvn-1709538993
quevo.bacninh.gov.vn,"Cổng Thông Tin Điện Tử Huyện Quế Võ, tỉnh Bắc Ninh",30/11/2021,Chứng nhận cơ bản,https://tinnhiemmang.vn/danh-ba-tin-nhiem/quevobacninhgovvn-1638179122
quochocquynhon.edu.vn,Trường Quốc Học Quy Nhơn tỉnh Bình Định,07/06/2023,Chứng nhận cơ bản,https://tinnhiemmang.vn/danh-ba-tin-nhiem/quochocquynhoneduvn-1686123502
quochoi.vn,Quốc hội nước Cộng hòa xã hội chủ nghĩa Việt Nam,14/07/2021,Chứng nhận cơ bản,https://tinnhiemmang.vn/danh-ba-tin-nhiem/quochoivn-1626167488
quocoai.hanoi.gov.vn,"UBND huyện Quốc Oai, Hà Nội",12/12/2023,Chứng nhận cơ bản,https://tinnhiemmang.vn/danh-ba-tin-nhiem/quocoaihanoigovvn-1702292469
quoian.vinhlong.gov.vn,UBND xã Quới An tỉnh Vĩnh Long,15/07/2021,Chứng nhận cơ bản,https://tinnhiemmang.vn/danh-ba-tin-nhiem/quoianvinhlonggovvn-1626267614
quoithien.vinhlong.gov.vn,UBND xã Quới Thiện tỉnh Vĩnh Long,15/07/2021,Chứng nhận cơ bản,https://tinnhiemmang.vn/danh-ba-tin-nhiem/quoithienvinhlonggovvn-1626267623
quydautuphattrien.hanoi.gov.vn,Quỹ đầu tư phát triển thành phố Hà Nội,09/10/2024,Chứng nhận cơ bản,https://tinnhiemmang.vn/danh-ba-tin-nhiem/quydautuphattrienhanoigovvn-1728375990
quydtpt.camau.gov.vn,Quỹ Đầu tư phát triển tỉnh Cà Mau,30/05/2023,Chứng nhận cơ bản,https://tinnhiemmang.vn/danh-ba-tin-nhiem/quydtptcamaugovvn-1684982892
quyhoach-q7.hochiminhcity.gov.vn,Ủy ban nhân dân Quận 7 - Thành phố Hồ Chí Minh,09/10/2023,Chứng nhận cơ bản,https://tinnhiemmang.vn/danh-ba-tin-nhiem/quyhoach-q7hochiminhcitygovvn-1696834289
quyhoach-quan8.hochiminhcity.gov.vn,Ủy ban nhân dân quận 8 thành phố Hồ Chí Minh,09/10/2023,Chứng nhận cơ bản,https://tinnhiemmang.vn/danh-ba-tin-nhiem/quyhoach-quan8hochiminhcitygovvn-1696834348
quyhoach.thanhpho.quangngai.gov.vn,"Thành phố Quảng Ngãi, Tỉnh Quảng Ngãi",25/10/2024,Chứng nhận cơ bản,https://tinnhiemmang.vn/danh-ba-tin-nhiem/quyhoachthanhphoquangngaigovvn-1729762550
quynhnhai.sonla.gov.vn,UBND Huyện Quỳnh Nhai Tỉnh Sơn La,17/06/2021,Chứng nhận cơ bản,https://tinnhiemmang.vn/danh-ba-tin-nhiem/quynhnhaisonlagovvn-1623913200
quynhon-school.fpt.edu.vn,Trường Trung học phổ thông FPT Quy Nhơn tỉnh Bình Định,07/06/2023,Chứng nhận cơ bản,https://tinnhiemmang.vn/danh-ba-tin-nhiem/quynhon-schoolfpteduvn-1686123656
quynhon.edu.vn,Trường THPT Quy Nhơn  tỉnh Bình Định,07/06/2023,Chứng nhận cơ bản,https://tinnhiemmang.vn/danh-ba-tin-nhiem/quynhoneduvn-1686127463
quynhonhomes.vn,Công ty TNHH Quy Nhơn Homes,11/11/2022,Chứng nhận cơ bản,https://tinnhiemmang.vn/danh-ba-tin-nhiem/quynhonhomesvn-1667982599
rangdong.tuangiao.gov.vn,Uỷ ban nhân dân xã Rạng Đông,09/11/2023,Chứng nhận cơ bản,https://tinnhiemmang.vn/danh-ba-tin-nhiem/rangdongtuangiaogovvn-1699410530
red.moj.gov.vn,Bộ Tư pháp,14/07/2022,Chứng nhận cơ bản,https://tinnhiemmang.vn/danh-ba-tin-nhiem/redmojgovvn-1625742227
remphongthuy.vn,Công Ty Cổ Phần Hệ Thống Rèm Phong Thuỷ Việt Nam - Rèm 69,18/04/2022,Chứng nhận cơ bản,https://tinnhiemmang.vn/danh-ba-tin-nhiem/remphongthuyvn-1649816582
reshare.vn,Công Ty Cổ Phần REshare,04/11/2022,Chứng nhận cơ bản,https://tinnhiemmang.vn/danh-ba-tin-nhiem/resharevn-1664545478
reviewaz.vn,Công Ty Cổ Phần Truyền Thông 1Z Networks,05/05/2022,Chứng nhận cơ bản,https://tinnhiemmang.vn/danh-ba-tin-nhiem/reviewazvn-1651716253
rfd.gov.vn,Cục Tần số vô tuyến điện,16/08/2021,Chứng nhận cơ bản,https://tinnhiemmang.vn/danh-ba-tin-nhiem/rfdgovvn-1625198445
richstar.com.vn,Công ty TNHH Công Nghệ Bất Động Sản Gia An,21/12/2022,Chứng nhận cơ bản,https://tinnhiemmang.vn/danh-ba-tin-nhiem/richstarcomvn-1671609604
rid.vista.gov.vn,Cục thông tin khoa học và công nghệ quốc gia,31/10/2024,Chứng nhận cơ bản,https://tinnhiemmang.vn/danh-ba-tin-nhiem/ridvistagovvn-1730344681
ritana.com.vn,Công ty Cổ phần Dược phẩm ECO,09/02/2023,Chứng nhận cơ bản,https://tinnhiemmang.vn/danh-ba-tin-nhiem/ritanacomvn-1672914241
robotchungkhoan.vn,Siêu thị chứng khoán Nududo,28/12/2021,Chứng nhận cơ bản,https://tinnhiemmang.vn/danh-ba-tin-nhiem/robotchungkhoanvn-1640690875
rongvietoto.vn,Công Ty TNHH Rồng Việt,10/10/2022,Chứng nhận cơ bản,https://tinnhiemmang.vn/danh-ba-tin-nhiem/rongvietotovn-1665115349
rumedia.vn,Công ty TNHH Giải pháp Doanh nghiệp RU Media,15/07/2022,Chứng nhận cơ bản,https://tinnhiemmang.vn/danh-ba-tin-nhiem/httpsrumediavn-1623397031
runsystem.net,Công Ty Cổ Phần GMO-Z.com RUNSYSTEM,22/11/2022,Chứng nhận cơ bản,https://tinnhiemmang.vn/danh-ba-tin-nhiem/runsystemnet-1667878089
saco.asia,Công Ty Cổ Phần Saco Inc,14/12/2022,Chứng nhận cơ bản,https://tinnhiemmang.vn/danh-ba-tin-nhiem/sacoasia-1669359092
sadec.dongthap.gov.vn,"Ủy ban nhân dân Thành phố Sa Đéc, tỉnh Đồng Tháp",22/11/2021,Chứng nhận cơ bản,https://tinnhiemmang.vn/danh-ba-tin-nhiem/sadecdongthapgovvn-1637571907
saidong.longbien.hanoi.gov.vn,"UBND Phường Sài Đồng, quận Long Biên, Hà Nội",11/12/2023,Chứng nhận cơ bản,https://tinnhiemmang.vn/danh-ba-tin-nhiem/saidonglongbienhanoigovvn-1702273336
saigonhd.com,Công ty TNHH TM DV Độ Nét Cao SAIGON HD,20/06/2022,Chứng nhận cơ bản,https://tinnhiemmang.vn/danh-ba-tin-nhiem/saigonhdcom-1655371454
salagov.misa.vn,Công ty Cổ phần MISA,18/01/2023,Chứng nhận cơ bản,https://tinnhiemmang.vn/danh-ba-tin-nhiem/salagovmisavn-1674026590
samngoclinhvietnam.com.vn,Công ty TNHH Sâm ViNa,26/09/2022,Chứng nhận cơ bản,https://tinnhiemmang.vn/danh-ba-tin-nhiem/samngoclinhvietnamcomvn-1663926642
samson.thanhhoa.gov.vn,UBND tỉnh Thanh Hóa,12/05/2021,Chứng nhận cơ bản,https://tinnhiemmang.vn/danh-ba-tin-nhiem/samsonthanhhoagovvn-1620702072
sanakybinhduong.vn,Công Ty TNHH Thương Mại Công Nghệ VSC,26/07/2022,Chứng nhận cơ bản,https://tinnhiemmang.vn/danh-ba-tin-nhiem/sanakybinhduongvn-1656134118
sanhangre.net,Hộ kinh doanh Vũ Đăng Khôi,18/04/2022,Chứng nhận cơ bản,https://tinnhiemmang.vn/danh-ba-tin-nhiem/sanhangrenet-1650247371
sanphamvungmien.vn,"Trung tâm Thông tin Công nghiệp và Thương mại, Bộ Công thương",17/01/2022,Chứng nhận cơ bản,https://tinnhiemmang.vn/danh-ba-tin-nhiem/sanphamvungmienvn-1642155506
saomaiaudio.com,Công ty cổ phần âm thanh Sao Mai,04/01/2022,Chứng nhận cơ bản,https://tinnhiemmang.vn/danh-ba-tin-nhiem/saomaiaudiocom-1641261955
saothaiduong.com.vn,Công ty cổ phần Sao Thái Dương,07/06/2022,Chứng nhận cơ bản,https://tinnhiemmang.vn/danh-ba-tin-nhiem/saothaiduongcomvn-1653636534
sapa.laocai.gov.vn,UBND thị xã Sa Pa tỉnh Lào Cai,19/07/2021,Chứng nhận cơ bản,https://tinnhiemmang.vn/danh-ba-tin-nhiem/sapalaocaigovvn-1626686032
sapo.vn,Công ty cổ phần Công nghệ Sapo,05/04/2022,Chứng nhận cơ bản,https://tinnhiemmang.vn/danh-ba-tin-nhiem/sapovn-1646215304
sathach.cdhue.edu.vn,Trường Cao đẳng Huế,06/12/2024,Chứng nhận cơ bản,https://tinnhiemmang.vn/danh-ba-tin-nhiem/sathachcdhueeduvn-1733470513
sbv.gov.vn,Ngân hàng Nhà nước Việt Nam,14/07/2021,Chứng nhận cơ bản,https://tinnhiemmang.vn/danh-ba-tin-nhiem/sbvgovvn-1626166872
sbv.hanoi.gov.vn,Ngân hàng nhà nước  chi nhánh TP Hà Nội,12/06/2021,Chứng nhận cơ bản,https://tinnhiemmang.vn/danh-ba-tin-nhiem/httpssbvhanoigovvn-1623402201
scandihome.vn,Công ty TNHH Scandi Home,10/11/2022,Chứng nhận cơ bản,https://tinnhiemmang.vn/danh-ba-tin-nhiem/scandihomevn-1667962289
sct.bacninh.gov.vn,Sở Công Thương Tỉnh Bắc Ninh,30/11/2021,Chứng nhận cơ bản,https://tinnhiemmang.vn/danh-ba-tin-nhiem/sctbacninhgovvn-1638179265
sct.dongnai.gov.vn,Sở Công Thương tỉnh Đồng Nai,07/09/2023,Chứng nhận cơ bản,https://tinnhiemmang.vn/danh-ba-tin-nhiem/sctdongnaigovvn-1693929757
sct.dongthap.gov.vn,Sở Công Thương tỉnh Đồng Tháp,22/11/2021,Chứng nhận cơ bản,https://tinnhiemmang.vn/danh-ba-tin-nhiem/sctdongthapgovvn-1637555965
sct.gialai.gov.vn,Sở Công Thương tỉnh Gia Lai,10/05/2021,Chứng nhận cơ bản,https://tinnhiemmang.vn/danh-ba-tin-nhiem/sctgialaigovvn-1620631357
sct.khanhhoa.gov.vn,Sở Công Thương tỉnh Khánh Hòa,14/07/2022,Chứng nhận cơ bản,https://tinnhiemmang.vn/danh-ba-tin-nhiem/sctkhanhhoagovvn-1626147872
sct.lamdong.gov.vn,Sở Công Thương tỉnh Lâm Đồng,10/05/2023,Chứng nhận cơ bản,https://tinnhiemmang.vn/danh-ba-tin-nhiem/sctlamdonggovvn-1682504713
sct.laocai.gov.vn,Sở công thương tỉnh Lào Cai,25/11/2021,Chứng nhận cơ bản,https://tinnhiemmang.vn/danh-ba-tin-nhiem/sctlaocaigovvn-1637809294
sct.quangngai.gov.vn,Sở Công Thương tỉnh Quảng Ngãi,11/07/2023,Chứng nhận cơ bản,https://tinnhiemmang.vn/danh-ba-tin-nhiem/sctquangngaigovvn-1688611877
sct.quangninh.gov.vn,Sở Công Thương Quảng Ninh,18/11/2021,Chứng nhận cơ bản,https://tinnhiemmang.vn/danh-ba-tin-nhiem/sctquangninhgovvn-1637165168
sct.thanhhoa.gov.vn,UBND tỉnh Thanh Hóa,12/05/2021,Chứng nhận cơ bản,https://tinnhiemmang.vn/danh-ba-tin-nhiem/sctthanhhoagovvn-1620701944
sct.vinhlong.gov.vn,Sở Công thương tỉnh Vĩnh Long,01/07/2021,Chứng nhận cơ bản,https://tinnhiemmang.vn/danh-ba-tin-nhiem/sctvinhlonggovvnportalwpsctpageindexcpx-1625050324
sfesolution.vn,Công Ty TNHH Đầu Tư Thương Mại Và Phát Triển Công Nghệ SFE,14/09/2022,Chứng nhận cơ bản,https://tinnhiemmang.vn/danh-ba-tin-nhiem/sfesolutionvn-1661944531
sgddt.khanhhoa.gov.vn,Sở Giáo dục và Đào tạo tỉnh Khánh Hòa,14/07/2022,Chứng nhận cơ bản,https://tinnhiemmang.vn/danh-ba-tin-nhiem/sgddtkhanhhoagovvn-1626058181
sgdvdt.quangninh.gov.vn,Sở Giáo dục và Đào tạo Quảng Ninh,16/11/2021,Chứng nhận cơ bản,https://tinnhiemmang.vn/danh-ba-tin-nhiem/sgdvdtquangninhgovvn-1637038829
sggp.org.vn,Báo Sài Gòn Giải Phóng,10/05/2024,Chứng nhận cơ bản,https://tinnhiemmang.vn/danh-ba-tin-nhiem/sggporgvn-1632717179
sgtvt.dongthap.gov.vn,Sở Giao thông vận tải tỉnh Đồng Tháp,22/11/2021,Chứng nhận cơ bản,https://tinnhiemmang.vn/danh-ba-tin-nhiem/sgtvtdongthapgovvn-1637556136
sgtvt.gialai.gov.vn,Sở Giao thông vận tải tỉnh Gia Lai,10/05/2021,Chứng nhận cơ bản,https://tinnhiemmang.vn/danh-ba-tin-nhiem/sgtvtgialaigovvn-1620631359
sgtvt.khanhhoa.gov.vn,Sở Giao thông vận tải tỉnh Khánh Hòa,14/07/2022,Chứng nhận cơ bản,https://tinnhiemmang.vn/danh-ba-tin-nhiem/sgtvtkhanhhoagovvn-1626056865
sgtvt.lamdong.gov.vn,Sở Giao thông vận tải tỉnh Lâm Đồng,02/06/2023,Chứng nhận cơ bản,https://tinnhiemmang.vn/danh-ba-tin-nhiem/sgtvtlamdonggovvn-1685334697
sgtvt.thanhhoa.gov.vn,Sở Giao thông vận tải Thanh Hóa,12/05/2021,Chứng nhận cơ bản,https://tinnhiemmang.vn/danh-ba-tin-nhiem/sgtvtthanhhoagovvn-1620701895
sheis.vn,Công Ty CP Hệ Thống Bệnh Viện Gia Đình Việt Nam – Favina Hospital,27/12/2022,Chứng nhận cơ bản,https://tinnhiemmang.vn/danh-ba-tin-nhiem/sheisvn-1672119149
shmcranes.vn,Công Ty Cổ Phần Công Nghiệp SHM,03/02/2023,Chứng nhận cơ bản,https://tinnhiemmang.vn/danh-ba-tin-nhiem/shmcranesvn-1675389513
shopdx.vn,Công ty TNHH Hợp Tác Chuyển Đổi Số CoDX,29/09/2022,Chứng nhận cơ bản,https://tinnhiemmang.vn/danh-ba-tin-nhiem/shopdxvn-1664445878
shophoanhy.com,Shop Hoan Hỷ,09/12/2022,Chứng nhận cơ bản,https://tinnhiemmang.vn/danh-ba-tin-nhiem/shophoanhycom-1669797136
shtp.hochiminhcity.gov.vn,Ban Quản lý Khu Công nghệ cao Thành phố Hồ CHí Minh,24/12/2025,Chứng nhận cơ bản,https://tinnhiemmang.vn/danh-ba-tin-nhiem/shtphochiminhcitygovvn-1760948521
sidoltrip.com,AGIDES,27/01/2022,Chứng nhận cơ bản,https://tinnhiemmang.vn/danh-ba-tin-nhiem/sidoltripcom-1635692656
sieuthimang.vn,Công Ty TNHH Nhập Khẩu Và Phân Phối Uni System,13/03/2023,Chứng nhận cơ bản,https://tinnhiemmang.vn/danh-ba-tin-nhiem/sieuthimangvn-1646659143
sieuthisimthe.com,Siêu Thị Sim Thẻ,23/12/2021,Chứng nhận cơ bản,https://tinnhiemmang.vn/danh-ba-tin-nhiem/sieuthisimthecom-1637154862
simacai.laocai.gov.vn,UBND huyện Si Ma Cai tỉnh Lào Cai,19/07/2021,Chứng nhận cơ bản,https://tinnhiemmang.vn/danh-ba-tin-nhiem/simacailaocaigovvn-1626686112
sis.vn,Công ty Cổ phần S.I.S Việt Nam,10/08/2021,Chứng nhận cơ bản,https://tinnhiemmang.vn/danh-ba-tin-nhiem/sisvn-1628051007
sisap.vn,Công ty Cổ phần MISA,18/01/2023,Chứng nhận cơ bản,https://tinnhiemmang.vn/danh-ba-tin-nhiem/sisapvn-1674026617
siscom.vn,Công ty cổ phần thương mại kỹ thuật SISCOM,06/12/2022,Chứng nhận cơ bản,https://tinnhiemmang.vn/danh-ba-tin-nhiem/siscomvn-1670253582
skh.quangngai.gov.vn,Sở Khoa học và Công nghệ tỉnh Quảng Ngãi,12/07/2023,Chứng nhận cơ bản,https://tinnhiemmang.vn/danh-ba-tin-nhiem/skhquangngaigovvn-1689134117
skhcn.bacninh.gov.vn,Sở Khoa Học Và Công Nghệ Bắc Ninh,30/11/2021,Chứng nhận cơ bản,https://tinnhiemmang.vn/danh-ba-tin-nhiem/skhcnbacninhgovvn-1638237153
skhcn.dienbien.gov.vn,Sở Khoa học và Công nghệ tỉnh Diện Biên,16/09/2024,Chứng nhận cơ bản,https://tinnhiemmang.vn/danh-ba-tin-nhiem/skhcndienbiengovvn-1719821923
skhcn.dongnai.gov.vn,Sở Khoa học và Công nghệ tỉnh Đồng Nai,18/10/2023,Chứng nhận cơ bản,https://tinnhiemmang.vn/danh-ba-tin-nhiem/skhcndongnaigovvn-1697620532
skhcn.dongthap.gov.vn,Sở Khoa học và Công nghệ tỉnh Đồng Tháp,22/11/2021,Chứng nhận cơ bản,https://tinnhiemmang.vn/danh-ba-tin-nhiem/skhcndongthapgovvn-1637556511
skhcn.gialai.gov.vn,Sở Khoa học và Công nghệ tỉnh Gia Lai,10/05/2021,Chứng nhận cơ bản,https://tinnhiemmang.vn/danh-ba-tin-nhiem/skhcngialaigovvn-1620631361
skhcn.khanhhoa.gov.vn,Sở Khoa học và Công nghệ tỉnh Khánh Hòa,09/08/2023,Chứng nhận cơ bản,https://tinnhiemmang.vn/danh-ba-tin-nhiem/skhcnkhanhhoagovvn-1691551563
skhcn.lamdong.gov.vn,Sở Khoa học và Công nghệ tỉnh Lâm Đồng,27/10/2023,Chứng nhận cơ bản,https://tinnhiemmang.vn/danh-ba-tin-nhiem/skhcnlamdonggovvn-1698372012
skhcn.laocai.gov.vn,Sở Khoa học và Công nghệ Lào Cai,19/07/2021,Chứng nhận cơ bản,https://tinnhiemmang.vn/danh-ba-tin-nhiem/skhcnlaocaigovvn-1626686330
skhcn.thanhhoa.gov.vn,"Sở Khoa học và Công nghệ, tỉnh Thanh Hóa",17/01/2024,Chứng nhận cơ bản,https://tinnhiemmang.vn/danh-ba-tin-nhiem/skhcnthanhhoagovvn-1705456043
skhcn.vinhlong.gov.vn,Sở Khoa học và Công nghệ tỉnh Vĩnh Long,01/07/2021,Chứng nhận cơ bản,https://tinnhiemmang.vn/danh-ba-tin-nhiem/skhcnvinhlonggovvnportalwpskhcnwpspageindexcpx-1625050434
skhdt.dienbien.gov.vn,Sở Kế hoạch và Đầu tư tỉnh Điện Biên,21/11/2024,Chứng nhận cơ bản,https://tinnhiemmang.vn/danh-ba-tin-nhiem/skhdtdienbiengovvn-1732090078
skhdt.dongnai.gov.vn,Sở Kế hoạch và Đầu tư tỉnh Đồng Nai,26/09/2023,Chứng nhận cơ bản,https://tinnhiemmang.vn/danh-ba-tin-nhiem/skhdtdongnaigovvn-1695720308
skhdt.dongthap.gov.vn,Sở Kế hoạch và Đầu tư tỉnh Đồng Tháp,22/11/2021,Chứng nhận cơ bản,https://tinnhiemmang.vn/danh-ba-tin-nhiem/skhdtdongthapgovvn-1637555538
skhdt.gialai.gov.vn,Sở Kế hoạch và Đầu tư tỉnh Gia Lai,10/05/2021,Chứng nhận cơ bản,https://tinnhiemmang.vn/danh-ba-tin-nhiem/skhdtgialaigovvn-1620631360
skhdt.laocai.gov.vn,Sở kế hoạch đầu tư tỉnh Lào Cai,25/11/2021,Chứng nhận cơ bản,https://tinnhiemmang.vn/danh-ba-tin-nhiem/skhdtlaocaigovvn-1637808663
skhvcn.quangninh.gov.vn,Sở Khoa học và Công nghệ Quảng Ninh,18/11/2021,Chứng nhận cơ bản,https://tinnhiemmang.vn/danh-ba-tin-nhiem/skhvcnquangninhgovvn-1637166415
sldtbvxh.quangninh.gov.vn,Sở Lao động - Thương binh và Xã hội Quảng Ninh,18/11/2021,Chứng nhận cơ bản,https://tinnhiemmang.vn/danh-ba-tin-nhiem/sldtbvxhquangninhgovvn-1637166491
sldtbxh.dongthap.gov.vn,Sở Lao động - Thương binh xã hội tỉnh Đồng Tháp,22/11/2021,Chứng nhận cơ bản,https://tinnhiemmang.vn/danh-ba-tin-nhiem/sldtbxhdongthapgovvn-1637556644
sldtbxh.gialai.gov.vn,Sở Lao động – Thương binh và Xã hội tỉnh Gia Lai,10/05/2021,Chứng nhận cơ bản,https://tinnhiemmang.vn/danh-ba-tin-nhiem/sldtbxhgialaigovvn-1620631353
sldtbxh.hochiminhcity.gov.vn,Sở Lao động - Thương binh và Xã hội Thành phố Hồ Chí Minh,28/06/2023,Chứng nhận cơ bản,https://tinnhiemmang.vn/danh-ba-tin-nhiem/sldtbxhhochiminhcitygovvn-1687833268
sldtbxh.khanhhoa.gov.vn,Sở Lao động - Thương binh và Xã hội tỉnh Khánh Hòa,09/08/2023,Chứng nhận cơ bản,https://tinnhiemmang.vn/danh-ba-tin-nhiem/sldtbxhkhanhhoagovvn-1691550693
sldtbxh.lamdong.gov.vn,Sở Lao động - Thương binh và Xã hội tỉnh Lâm Đồng,10/05/2023,Chứng nhận cơ bản,https://tinnhiemmang.vn/danh-ba-tin-nhiem/sldtbxhlamdonggovvn-1682501601
sldtbxh.laocai.gov.vn,Sở Lao động - Thương binh và Xã hội tỉnh Lào Cai,19/07/2021,Chứng nhận cơ bản,https://tinnhiemmang.vn/danh-ba-tin-nhiem/sldtbxhlaocaigovvn-1626686626
sldtbxh.ninhbinh.gov.vn,Sở Lao động - Thương binh và Xã hội tỉnh Ninh Bình,26/09/2024,Chứng nhận cơ bản,https://tinnhiemmang.vn/danh-ba-tin-nhiem/sldtbxhninhbinhgovvn-1727227028
slvvietnam.com,Công Ty TNHH Tư Vấn Thiết Kế Và TTNT SLV Việt Nam,09/02/2023,Chứng nhận cơ bản,https://tinnhiemmang.vn/danh-ba-tin-nhiem/slvvietnamcom-1675227904
smartbaby.com.vn,Công Ty Cổ Phần Smart Baby Việt Nam,19/09/2022,Chứng nhận cơ bản,https://tinnhiemmang.vn/danh-ba-tin-nhiem/smartbabycomvn-1663259993
smartone.vps.com.vn,Công ty chứng khoán VPS,06/06/2024,Chứng nhận cơ bản,https://tinnhiemmang.vn/danh-ba-tin-nhiem/httpssmartonevpscomvn-1619694408
smartpro.vps.com.vn,Công ty chứng khoán VPS,06/06/2024,Chứng nhận cơ bản,https://tinnhiemmang.vn/danh-ba-tin-nhiem/httpssmartprovpscomvn-1619694410
sneakerdaily.vn,Sneaker Daily,21/03/2022,Chứng nhận cơ bản,https://tinnhiemmang.vn/danh-ba-tin-nhiem/sneakerdailyvn-1647438797
sngv.dienbien.gov.vn,Sở Ngoại vụ tỉnh Điện Biên,05/12/2023,Chứng nhận cơ bản,https://tinnhiemmang.vn/danh-ba-tin-nhiem/sngvdienbiengovvn-1701685004
sngv.dongthap.gov.vn,Sở Ngoại vụ tỉnh Đồng Tháp,22/11/2021,Chứng nhận cơ bản,https://tinnhiemmang.vn/danh-ba-tin-nhiem/sngvdongthapgovvn-1637556772
sngv.khanhhoa.gov.vn,Sở Ngoại vụ tỉnh Khánh Hòa,14/07/2022,Chứng nhận cơ bản,https://tinnhiemmang.vn/danh-ba-tin-nhiem/sngvkhanhhoagovvn-1626058356
sngv.laocai.gov.vn,Sở Ngoại vụ tỉnh Lào Cai,19/07/2021,Chứng nhận cơ bản,https://tinnhiemmang.vn/danh-ba-tin-nhiem/sngvlaocaigovvn-1626687002
sngv.quangngai.gov.vn,Sở Ngoại vụ tỉnh Quảng Ngãi,11/07/2023,Chứng nhận cơ bản,https://tinnhiemmang.vn/danh-ba-tin-nhiem/sngvquangngaigovvn-1688612372
snn.quangngai.gov.vn,Sở Nông nghiệp và PTNT tỉnh Quảng Ngãi,11/07/2023,Chứng nhận cơ bản,https://tinnhiemmang.vn/danh-ba-tin-nhiem/snnquangngaigovvn-1688613346
snnptnt.dienbien.gov.vn,Sở Nông nghiệp và Phát triển nông thôn tỉnh Điện Biên,12/09/2024,Chứng nhận cơ bản,https://tinnhiemmang.vn/danh-ba-tin-nhiem/snnptntdienbiengovvn-1726100841
snnptnt.laocai.gov.vn,Sở Nông nghiệp và Phát triển nông thôn tỉnh Lào Cai,19/07/2021,Chứng nhận cơ bản,https://tinnhiemmang.vn/danh-ba-tin-nhiem/snnptntlaocaigovvn-1626686760
snnvptnt.quangninh.gov.vn,Sở Nông nghiệp và PTNT tỉnh Quảng Ninh,16/11/2021,Chứng nhận cơ bản,https://tinnhiemmang.vn/danh-ba-tin-nhiem/snnvptntquangninhgovvn-1637033567
snv.bacninh.gov.vn,Sở Nội Vụ tỉnh Bắc Ninh,30/11/2021,Chứng nhận cơ bản,https://tinnhiemmang.vn/danh-ba-tin-nhiem/snvbacninhgovvn-1638237808
snv.dienbien.gov.vn,Sở Nội vụ tỉnh Điện Biên,29/11/2022,Chứng nhận cơ bản,https://tinnhiemmang.vn/danh-ba-tin-nhiem/snvdienbiengovvn-1669625141
snv.dongnai.gov.vn,Sở Nội vụ tỉnh Đồng Nai,26/09/2023,Chứng nhận cơ bản,https://tinnhiemmang.vn/danh-ba-tin-nhiem/snvdongnaigovvn-1695721012
snv.dongthap.gov.vn,Sở Nội vụ tỉnh Đồng Tháp,22/11/2021,Chứng nhận cơ bản,https://tinnhiemmang.vn/danh-ba-tin-nhiem/snvdongthapgovvn-1637555337
snv.gialai.gov.vn,Sở Nội vụ tỉnh Gia Lai,10/05/2021,Chứng nhận cơ bản,https://tinnhiemmang.vn/danh-ba-tin-nhiem/snvgialaigovvn-1620631350
snv.khanhhoa.gov.vn,Sở Nội vụ tỉnh Khánh Hòa,09/08/2023,Chứng nhận cơ bản,https://tinnhiemmang.vn/danh-ba-tin-nhiem/snvkhanhhoagovvn-1691550548
snv.lamdong.gov.vn,Sở Nội vụ tỉnh Lâm Đồng,21/08/2023,Chứng nhận cơ bản,https://tinnhiemmang.vn/danh-ba-tin-nhiem/snvlamdonggovvn-1692354255
snv.laocai.gov.vn,Sở Nội vụ tỉnh Lào Cai,19/07/2021,Chứng nhận cơ bản,https://tinnhiemmang.vn/danh-ba-tin-nhiem/snvlaocaigovvn-1626686852
snv.quangngai.gov.vn,Sở Nội vụ tỉnh Quảng Ngãi,11/07/2023,Chứng nhận cơ bản,https://tinnhiemmang.vn/danh-ba-tin-nhiem/snvquangngaigovvn-1688609867
snv.thanhhoa.gov.vn,UBND tỉnh Thanh Hóa,12/05/2021,Chứng nhận cơ bản,https://tinnhiemmang.vn/danh-ba-tin-nhiem/snvthanhhoagovvn-1620701960
snv.vinhlong.gov.vn,Sở Nội vụ tỉnh Vĩnh Long,01/07/2021,Chứng nhận cơ bản,https://tinnhiemmang.vn/danh-ba-tin-nhiem/snvvinhlonggovvnportalwpsnvpageindexcpx-1625050406
socongthuong.camau.gov.vn,Sở Công thương tỉnh Cà Mau,30/05/2023,Chứng nhận cơ bản,https://tinnhiemmang.vn/danh-ba-tin-nhiem/socongthuongcamaugovvnwpsportal-1684979333
socongthuong.caobang.gov.vn,Sở Công thương tỉnh Cao Bằng,29/06/2023,Chứng nhận cơ bản,https://tinnhiemmang.vn/danh-ba-tin-nhiem/socongthuongcaobanggovvn-1688024227
socongthuong.daklak.gov.vn,Sở Công Thương tỉnh Đắk Lắk,21/06/2021,Chứng nhận cơ bản,https://tinnhiemmang.vn/danh-ba-tin-nhiem/socongthuongdaklakgovvn-1624258997
socongthuong.danang.gov.vn,Sở Công Thương Đà Nẵng,24/11/2021,Chứng nhận cơ bản,https://tinnhiemmang.vn/danh-ba-tin-nhiem/socongthuongdananggovvn-1637730673
socongthuong.hatinh.gov.vn,Sở Công Thương tỉnh Hà Tĩnh,22/04/2024,Chứng nhận cơ bản,https://tinnhiemmang.vn/danh-ba-tin-nhiem/socongthuonghatinhgovvn-1713751132
socongthuong.phutho.gov.vn,Sở Công Thương tỉnh Phú Thọ,03/10/2023,Chứng nhận cơ bản,https://tinnhiemmang.vn/danh-ba-tin-nhiem/socongthuongphuthogovvn-1696235376
socongthuong.sonla.gov.vn,Sở Công Thương tỉnh Sơn La,17/06/2021,Chứng nhận cơ bản,https://tinnhiemmang.vn/danh-ba-tin-nhiem/socongthuongsonlagovvn-1623900445
socongthuong.tayninh.gov.vn,Sở công thương tỉnh Tây Ninh,24/11/2021,Chứng nhận cơ bản,https://tinnhiemmang.vn/danh-ba-tin-nhiem/socongthuongtayninhgovvn-1637639607
socongthuongbp.gov.vn,Sở Công thương tỉnh Bình Phước,14/07/2022,Chứng nhận cơ bản,https://tinnhiemmang.vn/danh-ba-tin-nhiem/socongthuongbpgovvn-1626058601
socson.hanoi.gov.vn,Huyện Sóc Sơn  Thành phố Hà Nội,15/06/2021,Chứng nhận cơ bản,https://tinnhiemmang.vn/danh-ba-tin-nhiem/socsonhanoigovvn-1623518075
soctrang.baohiemxahoi.gov.vn,Bảo Hiểm Xã Hội tỉnh Sóc Trăng,28/07/2021,Chứng nhận cơ bản,https://tinnhiemmang.vn/danh-ba-tin-nhiem/soctrangbaohiemxahoigovvn-1627464187
soctrang.gdt.gov.vn,Cục Thuế tỉnh Sóc Trăng,10/08/2023,Chứng nhận cơ bản,https://tinnhiemmang.vn/danh-ba-tin-nhiem/soctranggdtgovvn-1691658090
soctrang.toaan.gov.vn,Tòa án nhân dân tỉnh Sóc Trăng,07/04/2023,Chứng nhận cơ bản,https://tinnhiemmang.vn/danh-ba-tin-nhiem/soctrangtoaangovvn-1679889711
sodulich.danang.gov.vn,Sở Du lịch Đà Nẵng,25/11/2021,Chứng nhận cơ bản,https://tinnhiemmang.vn/danh-ba-tin-nhiem/sodulichdananggovvn-1637742815
sodulich.hanoi.gov.vn,Sở Du lịch Thành phố Hà Nội,14/06/2021,Chứng nhận cơ bản,https://tinnhiemmang.vn/danh-ba-tin-nhiem/sodulichhanoigovvn-1623510835
sodulich.ninhbinh.gov.vn,"Sở Du Lịch, tỉnh Ninh Bình",27/06/2024,Chứng nhận cơ bản,https://tinnhiemmang.vn/danh-ba-tin-nhiem/sodulichninhbinhgovvn-1719457691
sogd.hanoi.gov.vn,Sở Giáo dục và Đào tạo thành phố Hà Nội,11/12/2023,Chứng nhận cơ bản,https://tinnhiemmang.vn/danh-ba-tin-nhiem/sogdhanoigovvn-1702271057
sogiaoduc.caobang.gov.vn,Sở Giáo dục và Đào tạo tỉnh Cao Bằng,29/06/2023,Chứng nhận cơ bản,https://tinnhiemmang.vn/danh-ba-tin-nhiem/sogiaoduccaobanggovvn-1688024938
sogiaoduc.sonla.gov.vn,Sở Giáo dục và Đào tạo tỉnh Sơn La,17/06/2021,Chứng nhận cơ bản,https://tinnhiemmang.vn/danh-ba-tin-nhiem/sogiaoducsonlagovvn-1623900928
sogiaothong.ninhbinh.gov.vn,Sở Giao thông vận tải tỉnh Ninh Bình,27/06/2024,Chứng nhận cơ bản,https://tinnhiemmang.vn/danh-ba-tin-nhiem/sogiaothongninhbinhgovvn-1719458108
sogtvt.hanoi.gov.vn,Sở Giao thông vận tải Hà Nội,14/06/2021,Chứng nhận cơ bản,https://tinnhiemmang.vn/danh-ba-tin-nhiem/sogtvthanoigovvn-1623637382
sogtvt.tayninh.gov.vn,Sở giao thông vận tải tỉnh Tây Ninh,24/11/2021,Chứng nhận cơ bản,https://tinnhiemmang.vn/danh-ba-tin-nhiem/sogtvttayninhgovvn-1637637502
sohoa.tuyenquang.gov.vn,Sở thông tin và truyền thông Tuyên Quang,25/12/2023,Chứng nhận cơ bản,https://tinnhiemmang.vn/danh-ba-tin-nhiem/sohoatuyenquanggovvn-1703494527
sohofolding.vn,Công Ty Cổ Phần Soho,25/05/2022,Chứng nhận cơ bản,https://tinnhiemmang.vn/danh-ba-tin-nhiem/sohofoldingvn-1653388358
sokehoach.tuyenquang.gov.vn,Sở Kế hoạch và Đầu tư tỉnh Tuyên Quang,25/12/2023,Chứng nhận cơ bản,https://tinnhiemmang.vn/danh-ba-tin-nhiem/sokehoachtuyenquanggovvn-1703418354
sokehoachvadautu.hanoi.gov.vn,Sở Kế hoạch và Đầu tư thành phố Hà Nội,11/12/2023,Chứng nhận cơ bản,https://tinnhiemmang.vn/danh-ba-tin-nhiem/sokehoachvadautuhanoigovvn-1702270905
sokehoachvadautu.sonla.gov.vn,Sở Kế hoạch và Đầu Tư Sơn La,17/06/2021,Chứng nhận cơ bản,https://tinnhiemmang.vn/danh-ba-tin-nhiem/sokehoachvadautusonlagovvn-1623901260
sokhcn.camau.gov.vn,Sở Khoa học và Công nghệ tỉnh Cà Mau,30/05/2023,Chứng nhận cơ bản,https://tinnhiemmang.vn/danh-ba-tin-nhiem/sokhcncamaugovvnwpsportal-1684979463
sokhcn.caobang.gov.vn,Sở Khoa học và Công nghệ tỉnh Cao Bằng,29/06/2023,Chứng nhận cơ bản,https://tinnhiemmang.vn/danh-ba-tin-nhiem/sokhcncaobanggovvn-1688024497
sokhcn.tayninh.gov.vn,Sở khoa học công nghệ tỉnh Tây Ninh,24/11/2021,Chứng nhận cơ bản,https://tinnhiemmang.vn/danh-ba-tin-nhiem/sokhcntayninhgovvn-1637637276
sokhdt.camau.gov.vn,Sở Kế hoạch và Đầu tư tỉnh Cà Mau,30/05/2023,Chứng nhận cơ bản,https://tinnhiemmang.vn/danh-ba-tin-nhiem/sokhdtcamaugovvnwpsportal-1684978647
sokhdt.tayninh.gov.vn,Sở kế hoạch và đầu tư tỉnh Tây Ninh,24/11/2021,Chứng nhận cơ bản,https://tinnhiemmang.vn/danh-ba-tin-nhiem/sokhdttayninhgovvn-1637639874
solaodong.dienbien.gov.vn,Sở Lao động - Thương binh và Xã hội tỉnh Điện Biên,08/05/2024,Chứng nhận cơ bản,https://tinnhiemmang.vn/danh-ba-tin-nhiem/solaodongdienbiengovvn-1715140435
solaodong.hanoi.gov.vn,Sở Lao động  Thương binh  Xã hội Hà Nội,14/06/2021,Chứng nhận cơ bản,https://tinnhiemmang.vn/danh-ba-tin-nhiem/solaodonghanoigovvn-1623509486
soldtbxh.tayninh.gov.vn,Sở lao động - thương binh và xã hội tỉnh Tây Ninh,24/11/2021,Chứng nhận cơ bản,https://tinnhiemmang.vn/danh-ba-tin-nhiem/soldtbxhtayninhgovvn-1637639283
sondien.dilinh.lamdong.gov.vn,UBND xã Sơn Điền - huyện Di Linh,16/09/2024,Chứng nhận cơ bản,https://tinnhiemmang.vn/danh-ba-tin-nhiem/sondiendilinhlamdonggovvn-1712821901
sonduong.tuyenquang.gov.vn,UBND Huyện Sơn Dương tỉnh Tuyên Quang,25/12/2023,Chứng nhận cơ bản,https://tinnhiemmang.vn/danh-ba-tin-nhiem/sonduongtuyenquanggovvn-1703418385
songma.sonla.gov.vn,UBND Huyện Sông Mã  UBND tỉnh Sơn La,17/06/2021,Chứng nhận cơ bản,https://tinnhiemmang.vn/danh-ba-tin-nhiem/songmasonlagovvn-1623913474
songoaivu.caobang.gov.vn,Sở Ngoại vụ tỉnh Cao Bằng,29/06/2023,Chứng nhận cơ bản,https://tinnhiemmang.vn/danh-ba-tin-nhiem/songoaivucaobanggovvn-1688024628
songoaivu.hatinh.gov.vn,Sở Ngoại vụ tỉnh Hà Tĩnh,29/03/2024,Chứng nhận cơ bản,https://tinnhiemmang.vn/danh-ba-tin-nhiem/songoaivuhatinhgovvn-1711615954
songoaivu.laichau.gov.vn,Sở Ngoại vụ tỉnh Lai Châu,01/03/2024,Chứng nhận cơ bản,https://tinnhiemmang.vn/danh-ba-tin-nhiem/songoaivulaichaugovvn-1709265636
songoaivu.sonla.gov.vn,Sở Ngoại vụ tỉnh Sơn La,17/06/2021,Chứng nhận cơ bản,https://tinnhiemmang.vn/danh-ba-tin-nhiem/songoaivusonlagovvn-1623902297
songoaivu.tayninh.gov.vn,Sở ngoại vụ tỉnh Tây Ninh,24/11/2021,Chứng nhận cơ bản,https://tinnhiemmang.vn/danh-ba-tin-nhiem/songoaivutayninhgovvn-1637638270
songoaivu.thanhhoa.gov.vn,UBND tỉnh Thanh Hóa,12/05/2021,Chứng nhận cơ bản,https://tinnhiemmang.vn/danh-ba-tin-nhiem/songoaivuthanhhoagovvn-1620701905
songphu.vinhlong.gov.vn,UBND xã Song Phú tỉnh Vĩnh Long,15/07/2021,Chứng nhận cơ bản,https://tinnhiemmang.vn/danh-ba-tin-nhiem/songphuvinhlonggovvn-1626267921
songtoanbrass.com,Công ty cổ phần đầu tư sản xuất và thương mại (STG) Song Toàn,15/01/2024,Chứng nhận cơ bản,https://tinnhiemmang.vn/danh-ba-tin-nhiem/songtoanbrasscom-1673509167
sonha-sg.com.vn,Nhà sản xuất Sơn Hà,08/12/2021,Chứng nhận cơ bản,https://tinnhiemmang.vn/danh-ba-tin-nhiem/sonha-sgcomvn-1638960282
sonha.quangngai.gov.vn,"Huyện Sơn Hà, Tỉnh Quảng Ngãi",10/05/2021,Chứng nhận cơ bản,https://tinnhiemmang.vn/danh-ba-tin-nhiem/sonhaquangngaigovvn-1620635335
sonla.baohiemxahoi.gov.vn,Bảo hiểm xã hội tỉnh Sơn La,21/07/2021,Chứng nhận cơ bản,https://tinnhiemmang.vn/danh-ba-tin-nhiem/sonlabaohiemxahoigovvn-1626854949
sonla.gdt.gov.vn,Cục Thuế tỉnh Sơn La,10/08/2023,Chứng nhận cơ bản,https://tinnhiemmang.vn/danh-ba-tin-nhiem/sonlagdtgovvn-1691658128
sonla.gov.vn,UBND tỉnh Sơn La,17/06/2021,Chứng nhận cơ bản,https://tinnhiemmang.vn/danh-ba-tin-nhiem/sonlagovvn-1623899737
sonla.toaan.gov.vn,Tòa án nhân dân tỉnh Sơn La,07/04/2023,Chứng nhận cơ bản,https://tinnhiemmang.vn/danh-ba-tin-nhiem/sonlatoaangovvn-1679889652
sonmy.quangngai.gov.vn,"Sở Văn hóa, Thể thao và Du lịch tỉnh Quảng Ngãi",10/05/2021,Chứng nhận cơ bản,https://tinnhiemmang.vn/danh-ba-tin-nhiem/sonmyquangngaigovvn-1620635359
sonnptnt.hanoi.gov.vn,Sở nông nghiệp phát triển nông thôn Thành phố Hà Nội,14/06/2021,Chứng nhận cơ bản,https://tinnhiemmang.vn/danh-ba-tin-nhiem/sonnptnthanoigovvn-1623511023
sonnptnt.laichau.gov.vn,Sở Nông nghiệp và Phát triển nông thôn tỉnh Lai Châu,01/03/2024,Chứng nhận cơ bản,https://tinnhiemmang.vn/danh-ba-tin-nhiem/sonnptntlaichaugovvn-1709265217
sonoivu.caobang.gov.vn,Sở Nội vụ tỉnh Cao Bằng,29/06/2023,Chứng nhận cơ bản,https://tinnhiemmang.vn/danh-ba-tin-nhiem/sonoivucaobanggovvn-1688024673
sonoivu.hanoi.gov.vn,Sở Nội vụ Thành phố Hà Nội,14/06/2021,Chứng nhận cơ bản,https://tinnhiemmang.vn/danh-ba-tin-nhiem/sonoivuhanoigovvn-1623509960
sonoivu.hatinh.gov.vn,Sở Nội vụ tỉnh Hà Tĩnh,11/02/2025,Chứng nhận cơ bản,https://tinnhiemmang.vn/danh-ba-tin-nhiem/sonoivuhatinhgovvn-1738653229
sonoivu.hochiminhcity.gov.vn,Sở Nội vụ Thành phố Hồ Chí Minh,09/10/2023,Chứng nhận cơ bản,https://tinnhiemmang.vn/danh-ba-tin-nhiem/sonoivuhochiminhcitygovvn-1696833041
sonoivu.ninhbinh.gov.vn,Sở Nội vụ tỉnh Ninh Bình,19/07/2021,Chứng nhận cơ bản,https://tinnhiemmang.vn/danh-ba-tin-nhiem/sonoivuninhbinhgovvn-1626420650
sonoivu.phutho.gov.vn,Sở Nội vụ tỉnh Phú Thọ,03/10/2023,Chứng nhận cơ bản,https://tinnhiemmang.vn/danh-ba-tin-nhiem/sonoivuphuthogovvn-1696236122
sonoivu.sonla.gov.vn,Sở Nội vụ tỉnh Sơn La,17/06/2021,Chứng nhận cơ bản,https://tinnhiemmang.vn/danh-ba-tin-nhiem/sonoivusonlagovvn-1623902454
sonoivu.tayninh.gov.vn,Sở nội vụ tỉnh Tây Ninh,24/11/2021,Chứng nhận cơ bản,https://tinnhiemmang.vn/danh-ba-tin-nhiem/sonoivutayninhgovvn-1637638086
sonongnghiep.ninhbinh.gov.vn,Sở Nông nghiệp và phát triển nông thôn tỉnh Ninh Bình,29/08/2024,Chứng nhận cơ bản,https://tinnhiemmang.vn/danh-ba-tin-nhiem/sonongnghiepninhbinhgovvn-1724814439
sonongnghiep.tayninh.gov.vn,Sở nông nghiệp và phát triển nông thôn tỉnh Tây Ninh,24/11/2021,Chứng nhận cơ bản,https://tinnhiemmang.vn/danh-ba-tin-nhiem/sonongnghieptayninhgovvn-1637644906
sontay.hanoi.gov.vn,"Ủy ban nhân dân Thị xã Sơn Tây, Thành Phố Hà Nội",15/06/2021,Chứng nhận cơ bản,https://tinnhiemmang.vn/danh-ba-tin-nhiem/sontayhanoigovvn-1623513279
sontay.quangngai.gov.vn,"Huyện Sơn Tây, tỉnh Quảng Ngãi",14/09/2023,Chứng nhận cơ bản,https://tinnhiemmang.vn/danh-ba-tin-nhiem/sontayquangngaigovvn-1694589642
sontinh.quangngai.gov.vn,"Huyện Sơn Tịnh, Tỉnh Quảng Ngãi",12/05/2021,Chứng nhận cơ bản,https://tinnhiemmang.vn/danh-ba-tin-nhiem/sontinhquangngaigovvn-1620803894
sontra.danang.gov.vn,"UBND quận Sơn Trà, Đà Nẵng",25/11/2021,Chứng nhận cơ bản,https://tinnhiemmang.vn/danh-ba-tin-nhiem/sontradananggovvn-1637747141
sonv.hungyen.gov.vn,Sở Nội vụ - Tỉnh Hưng Yên,15/07/2021,Chứng nhận cơ bản,https://tinnhiemmang.vn/danh-ba-tin-nhiem/sonvhungyengovvn-1626334058
sonv.laichau.gov.vn,Sở Nội vụ tỉnh Lai Châu,01/03/2024,Chứng nhận cơ bản,https://tinnhiemmang.vn/danh-ba-tin-nhiem/sonvlaichaugovvn-1709265753
sopcop.sonla.gov.vn,UBND Huyện Sốp Cộp  UBND tỉnh Sơn La,17/06/2021,Chứng nhận cơ bản,https://tinnhiemmang.vn/danh-ba-tin-nhiem/sopcopsonlagovvn-1623913740
sotaichinh.camau.gov.vn,Sở Tài chính tỉnh Cà Mau,30/05/2023,Chứng nhận cơ bản,https://tinnhiemmang.vn/danh-ba-tin-nhiem/sotaichinhcamaugovvnwpsportal-1684978834
sotaichinh.caobang.gov.vn,Sở Tài chính tỉnh Cao Bằng,29/06/2023,Chứng nhận cơ bản,https://tinnhiemmang.vn/danh-ba-tin-nhiem/sotaichinhcaobanggovvn-1688025469
sotaichinh.hungyen.gov.vn,Sở Tài chính tỉnh Hưng Yên,15/07/2021,Chứng nhận cơ bản,https://tinnhiemmang.vn/danh-ba-tin-nhiem/sotaichinhhungyengovvn-1626335413
sotaichinh.laichau.gov.vn,Sở Tài chính tỉnh Lai Châu,01/03/2024,Chứng nhận cơ bản,https://tinnhiemmang.vn/danh-ba-tin-nhiem/sotaichinhlaichaugovvn-1709265689
sotaichinh.ninhbinh.gov.vn,Sở Tài chính tỉnh Ninh Bình,19/07/2021,Chứng nhận cơ bản,https://tinnhiemmang.vn/danh-ba-tin-nhiem/sotaichinhninhbinhgovvn-1626419780
sotaichinh.sonla.gov.vn,Sở Tài chính Tỉnh Sơn La,17/06/2021,Chứng nhận cơ bản,https://tinnhiemmang.vn/danh-ba-tin-nhiem/sotaichinhsonlagovvn-1623903397
sotaichinh.tayninh.gov.vn,Sở tài chính tỉnh Tây Ninh,24/11/2021,Chứng nhận cơ bản,https://tinnhiemmang.vn/danh-ba-tin-nhiem/sotaichinhtayninhgovvn-1637639139
sotandan.danang.gov.vn,Ban chỉ huy phòng chống thiên tai tìm kiếm cứu nạn Đà Nẵng,03/05/2024,Chứng nhận cơ bản,https://tinnhiemmang.vn/danh-ba-tin-nhiem/sotandandananggovvn-1714697979
sotnmt.camau.gov.vn,Sở Tài nguyên và Môi trường tỉnh Cà Mau,30/05/2023,Chứng nhận cơ bản,https://tinnhiemmang.vn/danh-ba-tin-nhiem/sotnmtcamaugovvnwpsportal-1684979180
sotnmt.hanoi.gov.vn,Sở Tài nguyên và Môi trường Hà Nội,31/10/2023,Chứng nhận cơ bản,https://tinnhiemmang.vn/danh-ba-tin-nhiem/sotnmthanoigovvn-1698737987
sotnmt.ninhbinh.gov.vn,Sở Tài nguyên và Môi trường tỉnh Ninh Bình,27/06/2024,Chứng nhận cơ bản,https://tinnhiemmang.vn/danh-ba-tin-nhiem/sotnmtninhbinhgovvn-1719458221
sotp.laichau.gov.vn,Sở Tư pháp tỉnh Lai Châu,01/03/2024,Chứng nhận cơ bản,https://tinnhiemmang.vn/danh-ba-tin-nhiem/sotplaichaugovvn-1709265901
sotttt.tayninh.gov.vn,Sở thông tin và truyền thông tỉnh Tây Ninh,24/11/2021,Chứng nhận cơ bản,https://tinnhiemmang.vn/danh-ba-tin-nhiem/sotttttayninhgovvn-1637637193
sotuphap.angiang.gov.vn,Sở Tư pháp tỉnh An Giang,06/10/2021,Chứng nhận cơ bản,https://tinnhiemmang.vn/danh-ba-tin-nhiem/sotuphapangianggovvn-1633503956
sotuphap.camau.gov.vn,Sở Tư pháp tỉnh Cà Mau,30/05/2023,Chứng nhận cơ bản,https://tinnhiemmang.vn/danh-ba-tin-nhiem/sotuphapcamaugovvnwpsportal-1684979787
sotuphap.caobang.gov.vn,Sở Tư pháp tỉnh Cao Bằng,29/06/2023,Chứng nhận cơ bản,https://tinnhiemmang.vn/danh-ba-tin-nhiem/sotuphapcaobanggovvn-1688024769
sotuphap.danang.gov.vn,Sở Tư pháp Đà Nẵng,24/11/2021,Chứng nhận cơ bản,https://tinnhiemmang.vn/danh-ba-tin-nhiem/sotuphapdananggovvn-1637730928
sotuphap.hochiminhcity.gov.vn,Sở Tư pháp thành phố Hồ Chí Minh,09/10/2023,Chứng nhận cơ bản,https://tinnhiemmang.vn/danh-ba-tin-nhiem/sotuphaphochiminhcitygovvn-1696833480
sotuphap.hungyen.gov.vn,Sở tư pháp - Tỉnh Hưng Yên,15/07/2021,Chứng nhận cơ bản,https://tinnhiemmang.vn/danh-ba-tin-nhiem/sotuphaphungyengovvn-1626335609
sotuphap.ninhbinh.gov.vn,Sở Tư pháp tỉnh Ninh Bình,19/07/2021,Chứng nhận cơ bản,https://tinnhiemmang.vn/danh-ba-tin-nhiem/sotuphapninhbinhgovvn-1626420074
sotuphap.phutho.gov.vn,Sở Tư pháp tỉnh Phú Thọ,03/10/2023,Chứng nhận cơ bản,https://tinnhiemmang.vn/danh-ba-tin-nhiem/sotuphapphuthogovvn-1696235963
sotuphap.sonla.gov.vn,Sở Tư pháp Sơn La,17/06/2021,Chứng nhận cơ bản,https://tinnhiemmang.vn/danh-ba-tin-nhiem/sotuphapsonlagovvn-1623904449
sotuphap.tayninh.gov.vn,Sở tư pháp tỉnh Tây Ninh,24/11/2021,Chứng nhận cơ bản,https://tinnhiemmang.vn/danh-ba-tin-nhiem/sotuphaptayninhgovvn-1637637589
sovhtt.caobang.gov.vn,Sở Văn hóa thể thao và Du lịch tỉnh Cao Bằng,29/06/2023,Chứng nhận cơ bản,https://tinnhiemmang.vn/danh-ba-tin-nhiem/sovhttcaobanggovvn-1688025560
sovhttdl.camau.gov.vn,Sở Văn hóa Thể thao và Du lịch tỉnh Cà Mau,30/05/2023,Chứng nhận cơ bản,https://tinnhiemmang.vn/danh-ba-tin-nhiem/sovhttdlcamaugovvnwpsportal-1684984245
sovhttdl.hungyen.gov.vn,"Sở Văn hóa, Thể Thao và Du Lịch Hưng Yên",15/07/2021,Chứng nhận cơ bản,https://tinnhiemmang.vn/danh-ba-tin-nhiem/sovhttdlhungyengovvn-1626336025
sovhttdl.quangngai.gov.vn,"Sở Văn hóa, Thể thao và Du lịch tỉnh Quảng Ngãi",11/07/2023,Chứng nhận cơ bản,https://tinnhiemmang.vn/danh-ba-tin-nhiem/sovhttdlquangngaigovvn-1688612093
sovhttdl.tayninh.gov.vn,Sở văn hoá thể thao và du lịch tỉnh Tây Ninh,24/11/2021,Chứng nhận cơ bản,https://tinnhiemmang.vn/danh-ba-tin-nhiem/sovhttdltayninhgovvn-1637639529
soxaydung.camau.gov.vn,Sở Xây dựng tỉnh Cà Mau,30/05/2023,Chứng nhận cơ bản,https://tinnhiemmang.vn/danh-ba-tin-nhiem/soxaydungcamaugovvnwpsportal-1684979054
soxaydung.caobang.gov.vn,Sở Xây dựng tỉnh Cao Bằng,29/06/2023,Chứng nhận cơ bản,https://tinnhiemmang.vn/danh-ba-tin-nhiem/soxaydungcaobanggovvn-1688024819
soxaydung.haiphong.gov.vn,Sở Xây dựng Hải Phòng,12/10/2023,Chứng nhận cơ bản,https://tinnhiemmang.vn/danh-ba-tin-nhiem/soxaydunghaiphonggovvn-1697021307
soxaydung.hanoi.gov.vn,Sở Xây dựng thành phố Hà Nội,10/05/2023,Chứng nhận cơ bản,https://tinnhiemmang.vn/danh-ba-tin-nhiem/soxaydunghanoigovvn-1683516962
soxaydung.hatinh.gov.vn,Sở Xây dựng tỉnh Hà Tĩnh,03/04/2024,Chứng nhận cơ bản,https://tinnhiemmang.vn/danh-ba-tin-nhiem/soxaydunghatinhgovvn-1712110601
soxaydung.hochiminhcity.gov.vn,Sở Xây dựng thành phố Hồ Chí Minh,09/10/2023,Chứng nhận cơ bản,https://tinnhiemmang.vn/danh-ba-tin-nhiem/soxaydunghochiminhcitygovvn-1696833527
soxaydung.hungyen.gov.vn,Sở xây dựng - Tỉnh Hưng Yên,15/07/2021,Chứng nhận cơ bản,https://tinnhiemmang.vn/danh-ba-tin-nhiem/soxaydunghungyengovvn-1626336075
soxaydung.ninhbinh.gov.vn,Sở Xây dựng Ninh Bình,19/07/2021,Chứng nhận cơ bản,https://tinnhiemmang.vn/danh-ba-tin-nhiem/soxaydungninhbinhgovvn-1626419313
soxaydung.phutho.gov.vn,Sở Xây dựng tỉnh Phú Thọ,03/10/2023,Chứng nhận cơ bản,https://tinnhiemmang.vn/danh-ba-tin-nhiem/soxaydungphuthogovvn-1696235256
soxaydung.sonla.gov.vn,Sở Xây dựng Sơn La,17/06/2021,Chứng nhận cơ bản,https://tinnhiemmang.vn/danh-ba-tin-nhiem/soxaydungsonlagovvn-1623905029
soxaydung.tayninh.gov.vn,Sở xây dựng tỉnh Tây Ninh,24/11/2021,Chứng nhận cơ bản,https://tinnhiemmang.vn/danh-ba-tin-nhiem/soxaydungtayninhgovvn-1637637357
soxd.haiphong.gov.vn,Sở Xây dựng Hải Phòng,12/10/2023,Chứng nhận cơ bản,https://tinnhiemmang.vn/danh-ba-tin-nhiem/soxdhaiphonggovvn-1697021227
soyte.angiang.gov.vn,Sở Y tế tỉnh An Giang,15/10/2021,Chứng nhận cơ bản,https://tinnhiemmang.vn/danh-ba-tin-nhiem/soyteangianggovvn-1634290355
soyte.camau.gov.vn,Sở Y tế tỉnh Cà Mau,30/05/2023,Chứng nhận cơ bản,https://tinnhiemmang.vn/danh-ba-tin-nhiem/soytecamaugovvnwpsportal-1684983356
soyte.caobang.gov.vn,Sở Y tế tỉnh Cao Bằng,29/06/2023,Chứng nhận cơ bản,https://tinnhiemmang.vn/danh-ba-tin-nhiem/soytecaobanggovvn-1688025601
soyte.danang.gov.vn,Sở Y tế Đà Nẵng,25/11/2021,Chứng nhận cơ bản,https://tinnhiemmang.vn/danh-ba-tin-nhiem/soytedananggovvn-1637742283
soyte.hanoi.gov.vn,Sở y tế Thành phố Hà Nội,20/06/2024,Chứng nhận cơ bản,https://tinnhiemmang.vn/danh-ba-tin-nhiem/soytehanoigovvn-1718866251
soyte.hatinh.gov.vn,Sở Y tế tỉnh Hà Tĩnh,31/05/2024,Chứng nhận cơ bản,https://tinnhiemmang.vn/danh-ba-tin-nhiem/soytehatinhgovvn-1717128413
soyte.hochiminhcity.gov.vn,Sở Y tế thành phố Hồ Chí Minh,09/10/2023,Chứng nhận cơ bản,https://tinnhiemmang.vn/danh-ba-tin-nhiem/soytehochiminhcitygovvn-1696833584
soyte.hungyen.gov.vn,Sở Y tế - Tỉnh Hưng Yên,15/07/2021,Chứng nhận cơ bản,https://tinnhiemmang.vn/danh-ba-tin-nhiem/soytehungyengovvn-1626336170
soyte.laichau.gov.vn,Sở Y tế tỉnh Lai Châu,01/03/2024,Chứng nhận cơ bản,https://tinnhiemmang.vn/danh-ba-tin-nhiem/soytelaichaugovvn-1709266083
soyte.phutho.gov.vn,Sở Y tế tỉnh Phú Thọ,03/10/2023,Chứng nhận cơ bản,https://tinnhiemmang.vn/danh-ba-tin-nhiem/soytephuthogovvn-1696235883
soyte.sonla.gov.vn,Sở Y tế tỉnh Sơn La,17/06/2021,Chứng nhận cơ bản,https://tinnhiemmang.vn/danh-ba-tin-nhiem/soytesonlagovvn-1623905235
soyte.vinhlong.gov.vn,Sở Y tế tỉnh Vĩnh Long,01/07/2021,Chứng nhận cơ bản,https://tinnhiemmang.vn/danh-ba-tin-nhiem/soytevinhlonggovvnportalwpsytpageindexcpx-1625050696
soytequangninh.gov.vn,Sở Y tế tỉnh Quảng Ninh,27/06/2024,Chứng nhận cơ bản,https://tinnhiemmang.vn/danh-ba-tin-nhiem/soytequangninhgovvn-1719457724
sromost.gov.vn,"Cục Công tác phía Nam, Bộ Khoa học và Công nghệ",12/10/2023,Chứng nhận cơ bản,https://tinnhiemmang.vn/danh-ba-tin-nhiem/sromostgovvn-1697016172
ssc.gov.vn,Ủy ban Chứng khoán Nhà nước,24/08/2023,Chứng nhận cơ bản,https://tinnhiemmang.vn/danh-ba-tin-nhiem/sscgovvn-1692859719
sso.baohiemxahoi.gov.vn,Bảo hiểm Xã hội Việt Nam,16/07/2021,Chứng nhận cơ bản,https://tinnhiemmang.vn/danh-ba-tin-nhiem/ssobaohiemxahoigovvn-1626405246
startup.gialai.gov.vn,Sở Khoa học và Công nghệ tỉnh Gia Lai,08/01/2024,Chứng nhận cơ bản,https://tinnhiemmang.vn/danh-ba-tin-nhiem/startupgialaigovvn-1704441395
stateprotocol.mofa.gov.vn,Cục Lễ tân Nhà nước Bộ Ngoại giao,14/07/2022,Chứng nhận cơ bản,https://tinnhiemmang.vn/danh-ba-tin-nhiem/stateprotocolmofagovvn-1625126665
stc.bacninh.gov.vn,Sở Tài chính Bắc Ninh,25/01/2022,Chứng nhận cơ bản,https://tinnhiemmang.vn/danh-ba-tin-nhiem/stcbacninhgovvn-1643012383
stc.dongnai.gov.vn,Sở Tài chính tỉnh Đồng Nai,26/09/2023,Chứng nhận cơ bản,https://tinnhiemmang.vn/danh-ba-tin-nhiem/stcdongnaigovvn-1695720159
stc.dongthap.gov.vn,Sở Tài chính tỉnh Đồng Tháp,22/11/2021,Chứng nhận cơ bản,https://tinnhiemmang.vn/danh-ba-tin-nhiem/stcdongthapgovvn-1637555434
stc.gialai.gov.vn,Sở Tài chính tỉnh Gia Lai,10/05/2021,Chứng nhận cơ bản,https://tinnhiemmang.vn/danh-ba-tin-nhiem/stcgialaigovvn-1620631356
stc.khanhhoa.gov.vn,Sở Tài chính tỉnh Khánh Hòa,14/07/2022,Chứng nhận cơ bản,https://tinnhiemmang.vn/danh-ba-tin-nhiem/stckhanhhoagovvn-1626058269
stc.lamdong.gov.vn,Sở Tài Chính tỉnh Lâm Đồng,02/06/2023,Chứng nhận cơ bản,https://tinnhiemmang.vn/danh-ba-tin-nhiem/stclamdonggovvn-1685430592
stc.laocai.gov.vn,Sở Tài chính tỉnh Lào Cai,19/07/2021,Chứng nhận cơ bản,https://tinnhiemmang.vn/danh-ba-tin-nhiem/stclaocaigovvn-1626687081
stc.quangngai.gov.vn,Sở Tài chính tỉnh Quảng Ngãi,11/07/2023,Chứng nhận cơ bản,https://tinnhiemmang.vn/danh-ba-tin-nhiem/stcquangngaigovvn-1688610333
stc.vinhlong.gov.vn,Sở Tài chính tỉnh Vĩnh Long,01/07/2021,Chứng nhận cơ bản,https://tinnhiemmang.vn/danh-ba-tin-nhiem/stcvinhlonggovvnportalwpstcpageindexcpx-1625050498
stgrealestate.vn,Công Ty Cổ Phần Kinh Doanh Bất Động Sản STG,13/04/2022,Chứng nhận cơ bản,https://tinnhiemmang.vn/danh-ba-tin-nhiem/stgrealestatevn-1648100637
sti.vista.gov.vn,Cục Thông tin khoa học và công nghệ  quốc gia - Bộ Khoa học và Công nghệ,04/03/2024,Chứng nhận cơ bản,https://tinnhiemmang.vn/danh-ba-tin-nhiem/stivistagovvn-1709539436
stnmt.dienbien.gov.vn,Sở Tài nguyên và Môi trường tỉnh Điện Biên,17/07/2023,Chứng nhận cơ bản,https://tinnhiemmang.vn/danh-ba-tin-nhiem/stnmtdienbiengovvn-1689558951
stnmt.dongnai.gov.vn,Sở Tài nguyên và Môi trường tỉnh Đồng Nai,30/09/2023,Chứng nhận cơ bản,https://tinnhiemmang.vn/danh-ba-tin-nhiem/stnmtdongnaigovvn-1695980657
stnmt.lamdong.gov.vn,Sở Tài nguyên và Môi trường tỉnh Lâm Đồng,10/05/2023,Chứng nhận cơ bản,https://tinnhiemmang.vn/danh-ba-tin-nhiem/stnmtlamdonggovvn-1682481772
stnmt.laocai.gov.vn,Sở Tài nguyên và Môi trường tỉnh Lào Cai,19/07/2021,Chứng nhận cơ bản,https://tinnhiemmang.vn/danh-ba-tin-nhiem/stnmtlaocaigovvn-1626687190
stnmt.thanhhoa.gov.vn,Sở Tài nguyên và Môi trường Thanh Hóa,15/07/2022,Chứng nhận cơ bản,https://tinnhiemmang.vn/danh-ba-tin-nhiem/stnmtthanhhoagovvn-1620701937
stnmt.vinhlong.gov.vn,Sở Tài nguyên và MT tỉnh Vĩnh Long,01/07/2021,Chứng nhận cơ bản,https://tinnhiemmang.vn/danh-ba-tin-nhiem/stnmtvinhlonggovvnportalwpstnmtwpspageindexcpx-1625050430
stp.bacninh.gov.vn,Sở Tư Pháp Tỉnh Bắc Ninh,30/11/2021,Chứng nhận cơ bản,https://tinnhiemmang.vn/danh-ba-tin-nhiem/stpbacninhgovvn-1638238124
stp.dienbien.gov.vn,Sở Tư pháp tỉnh Điện Biên,06/06/2024,Chứng nhận cơ bản,https://tinnhiemmang.vn/danh-ba-tin-nhiem/stpdienbiengovvn-1717579860
stp.dongnai.gov.vn,Sở Tư pháp tỉnh Đồng Nai,19/07/2024,Chứng nhận cơ bản,https://tinnhiemmang.vn/danh-ba-tin-nhiem/stpdongnaigovvnpageshomeaspx-1721286935
stp.dongthap.gov.vn,Sở Tư pháp tỉnh Đồng Tháp,22/11/2021,Chứng nhận cơ bản,https://tinnhiemmang.vn/danh-ba-tin-nhiem/stpdongthapgovvn-1637557204
stp.gialai.gov.vn,Sở Tư pháp tỉnh Gia Lai,10/05/2021,Chứng nhận cơ bản,https://tinnhiemmang.vn/danh-ba-tin-nhiem/stpgialaigovvn-1620631354
stp.khanhhoa.gov.vn,Sở Tư pháp tỉnh Khánh Hòa,09/08/2023,Chứng nhận cơ bản,https://tinnhiemmang.vn/danh-ba-tin-nhiem/stpkhanhhoagovvn-1691553337
stp.lamdong.gov.vn,Sở Tư pháp tỉnh Lâm Đồng,25/11/2024,Chứng nhận cơ bản,https://tinnhiemmang.vn/danh-ba-tin-nhiem/stplamdonggovvn-1731893316
stp.laocai.gov.vn,Sở tư pháp tỉnh Lào Cai,25/11/2021,Chứng nhận cơ bản,https://tinnhiemmang.vn/danh-ba-tin-nhiem/stplaocaigovvn-1637813997
stp.quangngai.gov.vn,Sở Tư pháp tỉnh Quảng Ngãi,11/07/2023,Chứng nhận cơ bản,https://tinnhiemmang.vn/danh-ba-tin-nhiem/stpquangngaigovvn-1688610757
stp.quangninh.gov.vn,Sở Tư pháp Quảng Ninh,16/11/2021,Chứng nhận cơ bản,https://tinnhiemmang.vn/danh-ba-tin-nhiem/stpquangninhgovvn-1637038588
stp.thanhhoa.gov.vn,Sở Tư Pháp Thanh Hóa,12/05/2021,Chứng nhận cơ bản,https://tinnhiemmang.vn/danh-ba-tin-nhiem/stpthanhhoagovvn-1620702028
stp.vinhlong.gov.vn,Sở Tư pháp tỉnh Vĩnh Long,01/07/2021,Chứng nhận cơ bản,https://tinnhiemmang.vn/danh-ba-tin-nhiem/stpvinhlonggovvnportalwpstppageindexcpx-1625050604
stttt.dienbien.gov.vn,Sở Thông tin và Truyền thông tỉnh Điện Biên,20/12/2021,Chứng nhận cơ bản,https://tinnhiemmang.vn/danh-ba-tin-nhiem/sttttdienbiengovvn-1634091452
stttt.dongthap.gov.vn,Sở Thông tin và Truyền thông tỉnh Đồng Tháp,22/11/2021,Chứng nhận cơ bản,https://tinnhiemmang.vn/danh-ba-tin-nhiem/sttttdongthapgovvn-1637555628
stttt.gialai.gov.vn,Sở Thông tin và Truyền thông tỉnh Gia Lai,10/05/2021,Chứng nhận cơ bản,https://tinnhiemmang.vn/danh-ba-tin-nhiem/sttttgialaigovvn-1620631324
stttt.khanhhoa.gov.vn,Sở Thông tin và Truyền thông tỉnh Khánh Hòa,14/07/2022,Chứng nhận cơ bản,https://tinnhiemmang.vn/danh-ba-tin-nhiem/sttttkhanhhoagovvn-1626058471
stttt.laichau.gov.vn,Sở Thông tin và Truyền thông tỉnh Lai Châu,17/06/2021,Chứng nhận cơ bản,https://tinnhiemmang.vn/danh-ba-tin-nhiem/sttttlaichaugovvn-1623918036
stttt.thanhhoa.gov.vn,Sở Thông tin và Truyền thông Thanh Hóa,01/06/2021,Chứng nhận cơ bản,https://tinnhiemmang.vn/danh-ba-tin-nhiem/sttttthanhhoagovvn
stttt.vinhlong.gov.vn,Sở Thông tin và Truyền thông Vĩnh Long,01/07/2021,Chứng nhận cơ bản,https://tinnhiemmang.vn/danh-ba-tin-nhiem/sttttvinhlonggovvnportalwpsttttpageindexcpx-1625049909
sttvtt.quangninh.gov.vn,Sở Thông tin và Truyền thông tỉnh Quảng Ninh,16/11/2021,Chứng nhận cơ bản,https://tinnhiemmang.vn/danh-ba-tin-nhiem/sttvttquangninhgovvn-1637033184
suatuoi.com,Công ty TNHH Thực Phẩm Châu Đại Dương,20/09/2022,Chứng nhận cơ bản,https://tinnhiemmang.vn/danh-ba-tin-nhiem/suatuoicom-1631417628
suckhoedoisong.vn,Báo Sức khỏe và Đời sống,20/03/2023,Chứng nhận cơ bản,https://tinnhiemmang.vn/danh-ba-tin-nhiem/suckhoedoisongvn-1629790536
suckhoemoitruong.com.vn,Tạp chí Sức khỏe và Môi trường,17/04/2024,Chứng nhận cơ bản,https://tinnhiemmang.vn/danh-ba-tin-nhiem/suckhoemoitruongcomvn-1712640498
suckhoesenvang.vn,Công ty TNHH Thắng Sinh Technology,02/12/2022,Chứng nhận cơ bản,https://tinnhiemmang.vn/danh-ba-tin-nhiem/suckhoesenvangvn-1637158841
sunvalue.vn,Công Ty Cổ Phần Đầu Tư Và Thẩm Định Quốc Tế Đông Dương,16/05/2022,Chứng nhận cơ bản,https://tinnhiemmang.vn/danh-ba-tin-nhiem/sunvaluevn-1652676267
support.uneti.edu.vn,Trường Đại học Kinh tế - Kỹ thuật Công nghiệp,25/11/2024,Chứng nhận cơ bản,https://tinnhiemmang.vn/danh-ba-tin-nhiem/supportunetieduvn-1732266850
suzukikhangthinh.vn,Công ty TNHH sản xuất và thương mại Khang Thịnh,30/11/2022,Chứng nhận cơ bản,https://tinnhiemmang.vn/danh-ba-tin-nhiem/suzukikhangthinhvn-1663152009
svhtt.hochiminhcity.gov.vn,Sở Văn hóa và Thể thao Thành phố Hồ Chí Minh,21/05/2024,Chứng nhận cơ bản,https://tinnhiemmang.vn/danh-ba-tin-nhiem/svhtthochiminhcitygovvn-1716279183
svhtt.khanhhoa.gov.vn,Sở Văn hóa và Thể thao tỉnh Khánh Hòa,14/07/2022,Chứng nhận cơ bản,https://tinnhiemmang.vn/danh-ba-tin-nhiem/svhttkhanhhoagovvn-1626148273
svhttdl.bacninh.gov.vn,Sở Văn Hóa Thể Thao  Du Lịch Bắc Ninh,30/11/2021,Chứng nhận cơ bản,https://tinnhiemmang.vn/danh-ba-tin-nhiem/svhttdlbacninhgovvn-1638238484
svhttdl.dienbien.gov.vn,"Sở Văn hóa, Thể thao và Du lịch tỉnh Điện Biên",15/07/2024,Chứng nhận cơ bản,https://tinnhiemmang.vn/danh-ba-tin-nhiem/svhttdldienbiengovvn-1720768260
svhttdl.dongnai.gov.vn,"Sở Văn hóa, Thể thao và Du lịch tỉnh Đồng Nai",26/09/2023,Chứng nhận cơ bản,https://tinnhiemmang.vn/danh-ba-tin-nhiem/svhttdldongnaigovvn-1695720875
svhttdl.dongthap.gov.vn,"Sở Văn hóa, Thể thao và Du lịch tỉnh Đồng Tháp",22/11/2021,Chứng nhận cơ bản,https://tinnhiemmang.vn/danh-ba-tin-nhiem/svhttdldongthapgovvn-1637555829
svhttdl.gialai.gov.vn,"Sở Văn hóa, Thể thao và Du lịch tỉnh Gia Lai",10/05/2021,Chứng nhận cơ bản,https://tinnhiemmang.vn/danh-ba-tin-nhiem/svhttdlgialaigovvn-1620631352
svhttdl.laichau.gov.vn,"Sở Văn hóa, Thể thao và Du lịch tỉnh Lai Châu",01/03/2024,Chứng nhận cơ bản,https://tinnhiemmang.vn/danh-ba-tin-nhiem/svhttdllaichaugovvn-1709265964
svhttdl.lamdong.gov.vn,"Sở Văn hoá, Thể thao và Du lịch tỉnh Lâm Đồng",10/05/2023,Chứng nhận cơ bản,https://tinnhiemmang.vn/danh-ba-tin-nhiem/svhttdllamdonggovvn-1682502160
svhttdl.laocai.gov.vn,Sở văn hóa thể thao và du lịch tỉnh Lào Cai,25/11/2021,Chứng nhận cơ bản,https://tinnhiemmang.vn/danh-ba-tin-nhiem/svhttdllaocaigovvn-1637813901
svhttdl.thanhhoa.gov.vn,"Sở Văn hóa, Thể thao và Du lịch Thanh Hóa",01/08/2023,Chứng nhận cơ bản,https://tinnhiemmang.vn/danh-ba-tin-nhiem/svhttdlthanhhoagovvn-1690783545
svhttdl.vinhlong.gov.vn,Sở Văn hóa – Thể thao và DL tỉnh Vĩnh Long,01/07/2021,Chứng nhận cơ bản,https://tinnhiemmang.vn/danh-ba-tin-nhiem/svhttdlvinhlonggovvnportalwpsvhttdlwpspageindexcpx-1625050742
svhvtt.quangninh.gov.vn,Sở Văn hóa và Thể thao Quảng Ninh,16/11/2021,Chứng nhận cơ bản,https://tinnhiemmang.vn/danh-ba-tin-nhiem/svhvttquangninhgovvn-1637038055
sxd.bacninh.gov.vn,Sở Xây Dựng Tỉnh Bắc Ninh,30/11/2021,Chứng nhận cơ bản,https://tinnhiemmang.vn/danh-ba-tin-nhiem/sxdbacninhgovvn-1638238674
sxd.danang.gov.vn,Sở Xây dựng Đà Nẵng,24/11/2021,Chứng nhận cơ bản,https://tinnhiemmang.vn/danh-ba-tin-nhiem/sxddananggovvn-1637730438
sxd.dienbien.gov.vn,Sở Xây dựng tỉnh Điện Biên,21/11/2023,Chứng nhận cơ bản,https://tinnhiemmang.vn/danh-ba-tin-nhiem/sxddienbiengovvn-1700532192
sxd.dongnai.gov.vn,Sở Xây dựng tỉnh Đồng Nai,26/09/2023,Chứng nhận cơ bản,https://tinnhiemmang.vn/danh-ba-tin-nhiem/sxddongnaigovvn-1695720472
sxd.dongthap.gov.vn,Sở Xây dựng tỉnh Đồng Tháp,30/01/2024,Chứng nhận cơ bản,https://tinnhiemmang.vn/danh-ba-tin-nhiem/sxddongthapgovvn-1706522276
sxd.gialai.gov.vn,Sở Xây dựng tỉnh Gia Lai,10/01/2024,Chứng nhận cơ bản,https://tinnhiemmang.vn/danh-ba-tin-nhiem/sxdgialaigovvn-1704856755
sxd.khanhhoa.gov.vn,Sở Xây dựng tỉnh Khánh Hòa,14/07/2022,Chứng nhận cơ bản,https://tinnhiemmang.vn/danh-ba-tin-nhiem/sxdkhanhhoagovvn-1626056483
sxd.laichau.gov.vn,Sở Xây dựng tỉnh Lai Châu,01/03/2024,Chứng nhận cơ bản,https://tinnhiemmang.vn/danh-ba-tin-nhiem/sxdlaichaugovvn-1709266028
sxd.lamdong.gov.vn,Sở Xây dựng Tỉnh Lâm Đồng,10/05/2023,Chứng nhận cơ bản,https://tinnhiemmang.vn/danh-ba-tin-nhiem/sxdlamdonggovvn-1683270941
sxd.quangngai.gov.vn,Sở Xây dựng tỉnh Quảng Ngãi,11/07/2023,Chứng nhận cơ bản,https://tinnhiemmang.vn/danh-ba-tin-nhiem/sxdquangngaigovvn-1688611167
sxd.thanhhoa.gov.vn,Sở Xây dựng tỉnh Thanh Hoá,13/08/2024,Chứng nhận cơ bản,https://tinnhiemmang.vn/danh-ba-tin-nhiem/sxdthanhhoagovvn-1723518912
sxd.vinhlong.gov.vn,Sở Xây dựng tỉnh Vĩnh Long,01/07/2021,Chứng nhận cơ bản,https://tinnhiemmang.vn/danh-ba-tin-nhiem/sxdvinhlonggovvnportalwpsxdpageindexcpx-1625050672
syt.bacninh.gov.vn,Sở Y Tế Tỉnh Bắc Ninh,30/11/2021,Chứng nhận cơ bản,https://tinnhiemmang.vn/danh-ba-tin-nhiem/sytbacninhgovvn-1638239158
syt.dongnai.gov.vn,Sở Y tế tỉnh Đồng Nai,26/09/2023,Chứng nhận cơ bản,https://tinnhiemmang.vn/danh-ba-tin-nhiem/sytdongnaigovvn-1695720622
syt.dongthap.gov.vn,Sở Y tế tỉnh Đồng Tháp,22/11/2021,Chứng nhận cơ bản,https://tinnhiemmang.vn/danh-ba-tin-nhiem/sytdongthapgovvn-1637555722
syt.gialai.gov.vn,Sở Y tế tỉnh Gia Lai,15/07/2022,Chứng nhận cơ bản,https://tinnhiemmang.vn/danh-ba-tin-nhiem/sytgialaigovvn-1620631355
syt.khanhhoa.gov.vn,Sở Y tế tỉnh Khánh Hòa,14/07/2022,Chứng nhận cơ bản,https://tinnhiemmang.vn/danh-ba-tin-nhiem/sytkhanhhoagovvn-1626058706
syt.lamdong.gov.vn,Sở Y tế tỉnh Lâm Đồng,10/05/2023,Chứng nhận cơ bản,https://tinnhiemmang.vn/danh-ba-tin-nhiem/sytlamdonggovvn-1683168994
syt.laocai.gov.vn,Sở Y tế tỉnh Lào Cai,19/07/2021,Chứng nhận cơ bản,https://tinnhiemmang.vn/danh-ba-tin-nhiem/sytlaocaigovvn-1626687371
syt.quangngai.gov.vn,Sở Y tế tỉnh Quảng Ngãi,11/07/2023,Chứng nhận cơ bản,https://tinnhiemmang.vn/danh-ba-tin-nhiem/sytquangngaigovvn-1688611297
syt.quangninh.gov.vn,Sở Y tế Quảng Ninh,18/11/2021,Chứng nhận cơ bản,https://tinnhiemmang.vn/danh-ba-tin-nhiem/sytquangninhgovvn-1637166915
syt.thanhhoa.gov.vn,Sở y tế tỉnh Thanh Hóa,15/07/2022,Chứng nhận cơ bản,https://tinnhiemmang.vn/danh-ba-tin-nhiem/sytthanhhoagovvn-1620701889
t63.mic.gov.vn,Bộ Thông tin và Truyền thông,26/09/2022,Chứng nhận nâng cao,https://tinnhiemmang.vn/danh-ba-tin-nhiem/t63micgovvn-1664178474
tackexinh.com,Tắc Kè Xinh,17/11/2022,Chứng nhận cơ bản,https://tinnhiemmang.vn/danh-ba-tin-nhiem/tackexinhcom-1663645953
taekwondo.dongthap.gov.vn,Hội TaeWondo tỉnh Đồng Tháp,22/11/2021,Chứng nhận cơ bản,https://tinnhiemmang.vn/danh-ba-tin-nhiem/taekwondodongthapgovvn-1637569056
taichinh.danang.gov.vn,Sở Tài chính thành phố Đà Nẵng,24/11/2021,Chứng nhận cơ bản,https://tinnhiemmang.vn/danh-ba-tin-nhiem/taichinhdananggovvn-1637729815
tailieubqlkt.laocai.gov.vn,Ban Quản Lý Khu kinh tế tỉnh Lào Cai,22/10/2023,Chứng nhận cơ bản,https://tinnhiemmang.vn/danh-ba-tin-nhiem/tailieubqlktlaocaigovvn-1697764361
taisancong.vn,Thời báo Tài chính Việt Nam,16/08/2023,Chứng nhận cơ bản,https://tinnhiemmang.vn/danh-ba-tin-nhiem/taisancongvn-1692158902
tama.tuangiao.gov.vn,Ủy ban nhân dân xã Ta Ma,09/11/2023,Chứng nhận cơ bản,https://tinnhiemmang.vn/danh-ba-tin-nhiem/tamatuangiaogovvn-1699416161
tamanhhospital.vn,Công ty Cổ phần bệnh viện Đa khoa Tâm Anh TP. Hồ Chí Minh,10/10/2022,Chứng nhận cơ bản,https://tinnhiemmang.vn/danh-ba-tin-nhiem/tamanhhospitalvn-1663728132
tambinh.vinhlong.gov.vn,UBND huyện Tam Bình tỉnh Vĩnh Long,25/05/2023,Chứng nhận cơ bản,https://tinnhiemmang.vn/danh-ba-tin-nhiem/tambinhvinhlonggovvn-1684915209
tamdiep.ninhbinh.gov.vn,UBND Thành phố Tam Điệp - Tỉnh Ninh Bình,19/07/2021,Chứng nhận cơ bản,https://tinnhiemmang.vn/danh-ba-tin-nhiem/tamdiepninhbinhgovvn-1626430242
tamnong.dongthap.gov.vn,"Ủy ban nhân dân Huyện Tam Nông, tỉnh Đồng Tháp",22/11/2021,Chứng nhận cơ bản,https://tinnhiemmang.vn/danh-ba-tin-nhiem/tamnongdongthapgovvn-1637573336
tamnong.phutho.gov.vn,UBND huyện Tam Nông tỉnh Phú Thọ,03/10/2023,Chứng nhận cơ bản,https://tinnhiemmang.vn/danh-ba-tin-nhiem/tamnongphuthogovvn-1696237954
tamnongkhanhhoa.vn,Trung tâm Thông tin và Ứng dụng khoa học công nghệ Khánh Hòa,09/08/2023,Chứng nhận cơ bản,https://tinnhiemmang.vn/danh-ba-tin-nhiem/tamnongkhanhhoavn-1691551612
tanbien.tayninh.gov.vn,Uỷ ban nhân dân huyện Tân Biên tỉnh Tây Ninh,24/11/2021,Chứng nhận cơ bản,https://tinnhiemmang.vn/danh-ba-tin-nhiem/tanbientayninhgovvn-1637640208
tanbinh.hochiminhcity.gov.vn,Ủy ban nhân dân quận Tân Bình thành phố Hồ Chí Minh,09/10/2023,Chứng nhận cơ bản,https://tinnhiemmang.vn/danh-ba-tin-nhiem/tanbinhhochiminhcitygovvn-1696834489
tanchau.angiang.gov.vn,UBND Thị xã Tân Châu - Tỉnh An Giang,15/10/2021,Chứng nhận cơ bản,https://tinnhiemmang.vn/danh-ba-tin-nhiem/tanchauangianggovvn-1634291636
tanchau.tayninh.gov.vn,Uỷ ban nhân dân huyện Tân Châu tỉnh Tây Ninh,24/11/2021,Chứng nhận cơ bản,https://tinnhiemmang.vn/danh-ba-tin-nhiem/tanchautayninhgovvn-1637640117
tangbathohoainhon.edu.vn,Trường THPT Tăng Bạt Hổ tỉnh Bình Định,07/06/2023,Chứng nhận cơ bản,https://tinnhiemmang.vn/danh-ba-tin-nhiem/tangbathohoainhoneduvn-1686124527
tanhanh.vinhlong.gov.vn,UBND xã Tân Hạnh tỉnh Vĩnh Long,14/07/2021,Chứng nhận cơ bản,https://tinnhiemmang.vn/danh-ba-tin-nhiem/tanhanhvinhlonggovvn-1625917976
tanhoa.vinhlong.gov.vn,UBND Phường Tân Hòa,14/07/2021,Chứng nhận cơ bản,https://tinnhiemmang.vn/danh-ba-tin-nhiem/tanhoavinhlonggovvn-1625917677
tanhoamai.com.vn,Công Ty TNHH In Ấn Kỹ Thuật Mới Tân Hoa Mai,08/11/2022,Chứng nhận cơ bản,https://tinnhiemmang.vn/danh-ba-tin-nhiem/tanhoamaicomvn-1667882955
tanhong.dongthap.gov.vn,"Ủy ban nhân dân Huyện Tân Hồng, tỉnh Đồng Tháp",22/11/2021,Chứng nhận cơ bản,https://tinnhiemmang.vn/danh-ba-tin-nhiem/tanhongdongthapgovvn-1637573444
tankhanhdong.sadec.dongthap.gov.vn,"UBND xã Tân Khánh Đông, thành phố Sa Đéc, tỉnh Đồng Tháp",30/01/2024,Chứng nhận cơ bản,https://tinnhiemmang.vn/danh-ba-tin-nhiem/tankhanhdongsadecdongthapgovvn-1706522197
tanlonghoi.vinhlong.gov.vn,UBND xã Tân Long Hội tỉnh Vĩnh Long,14/07/2021,Chứng nhận cơ bản,https://tinnhiemmang.vn/danh-ba-tin-nhiem/tanlonghoivinhlonggovvn-1625918503
tanluoc.vinhlong.gov.vn,UBND xã Tân Lược tỉnh Vĩnh Long,15/07/2021,Chứng nhận cơ bản,https://tinnhiemmang.vn/danh-ba-tin-nhiem/tanluocvinhlonggovvn-1626268221
tanngai.vinhlong.gov.vn,UBND Phường Tân Ngãi tỉnh Vĩnh Long,14/07/2021,Chứng nhận cơ bản,https://tinnhiemmang.vn/danh-ba-tin-nhiem/tanngaivinhlonggovvn-1625917696
tannghia.dilinh.lamdong.gov.vn,"UBND xã Tân Nghĩa, huyện Di Linh, tỉnh Lâm Đồng",24/09/2024,Chứng nhận cơ bản,https://tinnhiemmang.vn/danh-ba-tin-nhiem/tannghiadilinhlamdonggovvn-1727165820
tanphu.dongnai.gov.vn,UBND huyện Tân Phú tỉnh Đồng Nai,07/10/2023,Chứng nhận cơ bản,https://tinnhiemmang.vn/danh-ba-tin-nhiem/tanphudongnaigovvn-1696564499
tanphu.vinhlong.gov.vn,UBND xã Tân Phú tỉnh Vĩnh Long,15/07/2021,Chứng nhận cơ bản,https://tinnhiemmang.vn/danh-ba-tin-nhiem/tanphuvinhlonggovvn-1626267912
tanquoi.vinhlong.gov.vn,UBND xã Tân Quới tỉnh Vĩnh Long,15/07/2021,Chứng nhận cơ bản,https://tinnhiemmang.vn/danh-ba-tin-nhiem/tanquoivinhlonggovvn-1626268229
tanquytay.sadec.dongthap.gov.vn,"UBND xã Tân Quy Tây, thành phố Sa Đéc, tỉnh Đồng Tháp",30/01/2024,Chứng nhận cơ bản,https://tinnhiemmang.vn/danh-ba-tin-nhiem/tanquytaysadecdongthapgovvn-1706522123
tanson.phutho.gov.vn,UBND huyện Tân Sơn tỉnh Phú Thọ,03/10/2023,Chứng nhận cơ bản,https://tinnhiemmang.vn/danh-ba-tin-nhiem/tansonphuthogovvn-1696236412
tanthanh.kimson.ninhbinh.gov.vn,"Uỷ ban nhân dân xã Tân Thành, huyện Kim Sơn, tỉnh Ninh Bình",26/06/2024,Chứng nhận cơ bản,https://tinnhiemmang.vn/danh-ba-tin-nhiem/tanthanhkimsonninhbinhgovvn-1719305002
tanthanh.tpninhbinh.ninhbinh.gov.vn,"Uỷ ban nhân dân phường Tân Thành, thành phố Ninh Bình, tỉnh Ninh Bình",27/06/2024,Chứng nhận cơ bản,https://tinnhiemmang.vn/danh-ba-tin-nhiem/tanthanhtpninhbinhninhbinhgovvn-1719472585
tanthuong.dilinh.lamdong.gov.vn,"UBND Xã Tân Thượng, huyện Di Linh, tỉnh Lâm Đồng",16/09/2024,Chứng nhận cơ bản,https://tinnhiemmang.vn/danh-ba-tin-nhiem/tanthuongdilinhlamdonggovvn-1712894043
tanung.dalat.lamdong.gov.vn,UBND Xã Tà Nung,23/08/2024,Chứng nhận cơ bản,https://tinnhiemmang.vn/danh-ba-tin-nhiem/tanungdalatlamdonggovvn-1724316783
tanuyen.laichau.gov.vn,"Ủy ban nhân dân huyện Tân Uyên, tỉnh Lai Châu",01/03/2024,Chứng nhận cơ bản,https://tinnhiemmang.vn/danh-ba-tin-nhiem/tanuyenlaichaugovvn-1709266387
tapchibaohiemxahoi.gov.vn,Bảo hiểm Xã hội Việt Nam,19/04/2024,Chứng nhận cơ bản,https://tinnhiemmang.vn/danh-ba-tin-nhiem/tapchibaohiemxahoigovvn-1713339979
tapchichungkhoan.ssc.gov.vn,Ủy ban Chứng khoán Nhà nước,24/08/2023,Chứng nhận cơ bản,https://tinnhiemmang.vn/danh-ba-tin-nhiem/tapchichungkhoansscgovvn-1692859773
tapchicongthuong.vn,"Tạp chí Công Thương, Bộ Công thương",17/01/2022,Chứng nhận cơ bản,https://tinnhiemmang.vn/danh-ba-tin-nhiem/tapchicongthuongvn-1642155931
tapchitaichinh.vn,Tạp chí Tài chính,29/03/2023,Chứng nhận cơ bản,https://tinnhiemmang.vn/danh-ba-tin-nhiem/tapchitaichinhvn-1629892580
taquangbuuprize.nafosted.gov.vn,Quỹ Phát triển khoa học và công nghệ Quốc gia,19/07/2021,Chứng nhận cơ bản,https://tinnhiemmang.vn/danh-ba-tin-nhiem/taquangbuuprizenafostedgovvn-1626685073
tatacosmetic.vn,Công ty TNHH sản xuất mỹ phẩm Thanh Trang,29/12/2022,Chứng nhận cơ bản,https://tinnhiemmang.vn/danh-ba-tin-nhiem/tatacosmeticvn-1670555839
tayho.hanoi.gov.vn,"UBND Quận Tây Hồ, Thành phố Hà Nội",15/06/2021,Chứng nhận cơ bản,https://tinnhiemmang.vn/danh-ba-tin-nhiem/tayhohanoigovvn-1623514563
tayho360.vn,"UBND Quận Tây Hồ, Thành phố Hà Nội",20/06/2024,Chứng nhận cơ bản,https://tinnhiemmang.vn/danh-ba-tin-nhiem/tayho360vn-1718870809
tayninh.baohiemxahoi.gov.vn,Bảo Hiểm Xã Hội tỉnh Tây Ninh,28/07/2021,Chứng nhận cơ bản,https://tinnhiemmang.vn/danh-ba-tin-nhiem/tayninhbaohiemxahoigovvn-1627465607
tayninh.gdt.gov.vn,Cục Thuế tỉnh Tây Ninh,10/08/2023,Chứng nhận cơ bản,https://tinnhiemmang.vn/danh-ba-tin-nhiem/tayninhgdtgovvn-1691658485
tayninh.gov.vn,Ủy ban nhân dân tỉnh Tây Ninh,24/11/2021,Chứng nhận cơ bản,https://tinnhiemmang.vn/danh-ba-tin-nhiem/tayninhgovvn-1637637084
tayninh.toaan.gov.vn,Tòa án nhân dân tỉnh Tây Ninh,07/04/2023,Chứng nhận cơ bản,https://tinnhiemmang.vn/danh-ba-tin-nhiem/tayninhtoaangovvn-1679889592
tbt.gov.vn,Văn phòng Thông báo và Hỏi đáp quốc  gia về Tiêu chuẩn Đo lường Chất lượng - Bộ Khoa học và Công nghệ,04/03/2024,Chứng nhận cơ bản,https://tinnhiemmang.vn/danh-ba-tin-nhiem/tbtgovvn-1709538624
tbtrong.khanhhoa.edu.vn,"Trường THPT Trần Bình Trọng, tỉnh Khánh Hòa",09/08/2023,Chứng nhận cơ bản,https://tinnhiemmang.vn/danh-ba-tin-nhiem/tbtrongkhanhhoaeduvn-1691553807
tcdbt.edu.vn,Trường Cao đẳng Bình Thuận,02/01/2024,Chứng nhận cơ bản,https://tinnhiemmang.vn/danh-ba-tin-nhiem/tcdbteduvn-1703815424
tcktkhanhhoa.edu.vn,Trường Trung cấp Kinh tế Khánh Hòa,09/08/2023,Chứng nhận cơ bản,https://tinnhiemmang.vn/danh-ba-tin-nhiem/tcktkhanhhoaeduvn-1691551511
tcndienkhanh.edu.vn,"Trường Trung Cấp nghề Diên Khánh, tỉnh Khánh Hòa",09/08/2023,Chứng nhận cơ bản,https://tinnhiemmang.vn/danh-ba-tin-nhiem/tcndienkhanheduvn-1691551341
tcnkhanhson.edu.vn,"Trường Trung cấp nghề Dân tộc nội trú Khánh Sơn, tỉnh Khánh Hòa",09/08/2023,Chứng nhận cơ bản,https://tinnhiemmang.vn/danh-ba-tin-nhiem/tcnkhanhsoneduvn-1691551443
tcnkhanhvinh.edu.vn,"Trường Trung cấp nghề Dân tộc nội trú Khánh Vĩnh, tỉnh Khánh Hòa",09/08/2023,Chứng nhận cơ bản,https://tinnhiemmang.vn/danh-ba-tin-nhiem/tcnkhanhvinheduvn-1691551389
tcnvn.edu.vn,"Trường Trung cấp Nghề Vạn Ninh, tỉnh Khánh Hòa",09/08/2023,Chứng nhận cơ bản,https://tinnhiemmang.vn/danh-ba-tin-nhiem/tcnvneduvn-1691551072
tcvan.khanhhoa.edu.vn,"Trường THPT Trần Cao Vân, tỉnh Khánh Hòa",09/08/2023,Chứng nhận cơ bản,https://tinnhiemmang.vn/danh-ba-tin-nhiem/tcvankhanhhoaeduvn-1691554862
tcvn.gov.vn,Tổng cục Tiêu chuẩn Đo lường Chất  lượng - Bộ Khoa học và Công nghệ,04/03/2024,Chứng nhận cơ bản,https://tinnhiemmang.vn/danh-ba-tin-nhiem/tcvngovvn-1709538218
tdkt.danang.gov.vn,Hội Đồng Thi đua Khen thưởng thành phố Đà Nẵng,24/11/2021,Chứng nhận cơ bản,https://tinnhiemmang.vn/danh-ba-tin-nhiem/tdktdananggovvn-1637728999
tdkt.lamdong.gov.vn,Ban Thi đua - Khen thưởng tỉnh Lâm Đồng,10/05/2023,Chứng nhận cơ bản,https://tinnhiemmang.vn/danh-ba-tin-nhiem/tdktlamdonggovvn-1683251451
tdkt.toaan.gov.vn,Tòa án nhân dân tối cao,07/04/2023,Chứng nhận cơ bản,https://tinnhiemmang.vn/danh-ba-tin-nhiem/tdkttoaangovvn-1679565870
tdthang.khanhhoa.edu.vn,"Trường THPT Tôn Đức Thắng, tỉnh Khánh Hòa",09/08/2023,Chứng nhận cơ bản,https://tinnhiemmang.vn/danh-ba-tin-nhiem/tdthangkhanhhoaeduvn-1691554821
tdtu.edu.vn,Trường Đại học Tôn Đức Thắng,29/09/2021,Chứng nhận cơ bản,https://tinnhiemmang.vn/danh-ba-tin-nhiem/tdtueduvn-1632889651
tech.gov.vn,Bộ Thông tin và Truyền thông,26/09/2022,Chứng nhận nâng cao,https://tinnhiemmang.vn/danh-ba-tin-nhiem/techgovvn-1664161889
tecostore.vn,Công ty cổ phần thương mại điện tử TECOTEC,31/08/2022,Chứng nhận cơ bản,https://tinnhiemmang.vn/danh-ba-tin-nhiem/tecostorevn-1661924602
temchonghanggia4t.com,Công Ty TNHH In Ấn Kỹ Thuật Mới Tân Hoa Mai,08/11/2022,Chứng nhận cơ bản,https://tinnhiemmang.vn/danh-ba-tin-nhiem/temchonghanggia4tcom-1667882963
tenhphong.tuangiao.gov.vn,UBND xã Tênh Phông,06/11/2023,Chứng nhận cơ bản,https://tinnhiemmang.vn/danh-ba-tin-nhiem/tenhphongtuangiaogovvn-1699073888
tenten.vn,Công Ty Cổ Phần GMO-Z.com RUNSYSTEM,22/11/2022,Chứng nhận cơ bản,https://tinnhiemmang.vn/danh-ba-tin-nhiem/tentenvn-1667878059
tgpl.moj.gov.vn,Bộ Tư pháp,14/07/2022,Chứng nhận cơ bản,https://tinnhiemmang.vn/danh-ba-tin-nhiem/tgplmojgovvn-1625746974
th-thcs-thpthanghai1.haiphong.edu.vn,Trường TH-THCS-THPT Hàng Hải I,08/07/2024,Chứng nhận cơ bản,https://tinnhiemmang.vn/danh-ba-tin-nhiem/th-thcs-thpthanghai1haiphongeduvn-1714617266
th-thcschienthang.haiphong.edu.vn,Trường THTHCS Chiến Thắng,08/07/2024,Chứng nhận cơ bản,https://tinnhiemmang.vn/danh-ba-tin-nhiem/th-thcschienthanghaiphongeduvn-1714638066
th-thcsgialuanch.haiphong.edu.vn,Trường THTHCS Gia Luận,09/07/2024,Chứng nhận cơ bản,https://tinnhiemmang.vn/danh-ba-tin-nhiem/th-thcsgialuanchhaiphongeduvn-1720449577
th-thcshienhao.haiphong.edu.vn,Trường Tiểu học và THCS Hiền Hào,12/07/2024,Chứng nhận cơ bản,https://tinnhiemmang.vn/danh-ba-tin-nhiem/th-thcshienhaohaiphongeduvn-1720676741
th-thcshoangchau.haiphong.edu.vn,Trường TH-THCS Hoàng Châu,15/07/2024,Chứng nhận cơ bản,https://tinnhiemmang.vn/danh-ba-tin-nhiem/th-thcshoangchauhaiphongeduvn-1720751199
th-thcshungnhan.haiphong.edu.vn,Trường THTHCS Hưng Nhân,08/07/2024,Chứng nhận cơ bản,https://tinnhiemmang.vn/danh-ba-tin-nhiem/th-thcshungnhanhaiphongeduvn-1714612974
th-thcsnghialo.haiphong.edu.vn,Trường THTHCS Nghĩa Lộ,09/07/2024,Chứng nhận cơ bản,https://tinnhiemmang.vn/danh-ba-tin-nhiem/th-thcsnghialohaiphongeduvn-1720447570
th-thcsphulong.haiphong.edu.vn,Trường TH và THCS Phù Long,11/07/2024,Chứng nhận cơ bản,https://tinnhiemmang.vn/danh-ba-tin-nhiem/th-thcsphulonghaiphongeduvn-1720583194
th-thcsvanphong.haiphong.edu.vn,Trường TH và THCS Văn Phong,10/07/2024,Chứng nhận cơ bản,https://tinnhiemmang.vn/danh-ba-tin-nhiem/th-thcsvanphonghaiphongeduvn-1720563016
th-thcsvietanh.haiphong.edu.vn,Trường Tiểu học và Trung học cơ sở Việt-Anh,12/07/2024,Chứng nhận cơ bản,https://tinnhiemmang.vn/danh-ba-tin-nhiem/th-thcsvietanhhaiphongeduvn-1720720958
th-thcsxuandam.haiphong.edu.vn,Trường THTHCS Xuân Đám,08/07/2024,Chứng nhận cơ bản,https://tinnhiemmang.vn/danh-ba-tin-nhiem/th-thcsxuandamhaiphongeduvn-1720432257
thachan.caobang.gov.vn,"UBND huyện Thạch An, tỉnh Cao Bằng",29/06/2023,Chứng nhận cơ bản,https://tinnhiemmang.vn/danh-ba-tin-nhiem/thachancaobanggovvn-1688026331
thachban.longbien.hanoi.gov.vn,"UBND Phường Thạch Bàn, quận Long Biên, Hà Nội",11/12/2023,Chứng nhận cơ bản,https://tinnhiemmang.vn/danh-ba-tin-nhiem/thachbanlongbienhanoigovvn-1702273385
thachthat.hanoi.gov.vn,Huyện Thạch Thất Thành phố Hà Nội,15/06/2021,Chứng nhận cơ bản,https://tinnhiemmang.vn/danh-ba-tin-nhiem/thachthathanoigovvn-1623518205
thads.moj.gov.vn,Tổng cục Thi hành án dân sự,14/07/2022,Chứng nhận cơ bản,https://tinnhiemmang.vn/danh-ba-tin-nhiem/thadsmojgovvn-1625731842
thaibinh.baohiemxahoi.gov.vn,Bảo Hiểm Xã Hội tỉnh Thái Bình,28/07/2021,Chứng nhận cơ bản,https://tinnhiemmang.vn/danh-ba-tin-nhiem/thaibinhbaohiemxahoigovvn-1627459591
thaibinh.gdt.gov.vn,Cục Thuế tỉnh Thái Bình,10/08/2023,Chứng nhận cơ bản,https://tinnhiemmang.vn/danh-ba-tin-nhiem/thaibinhgdtgovvn-1691658254
thaibinh.toaan.gov.vn,Tòa án nhân dân tỉnh Thái Bình,07/04/2023,Chứng nhận cơ bản,https://tinnhiemmang.vn/danh-ba-tin-nhiem/thaibinhtoaangovvn-1679889522
thainguyen.baohiemxahoi.gov.vn,Bảo hiểm xã hội tỉnh Thái Nguyên,19/07/2021,Chứng nhận cơ bản,https://tinnhiemmang.vn/danh-ba-tin-nhiem/thainguyenbaohiemxahoigovvn-1626666443
thainguyen.gdt.gov.vn,Cục Thuế tỉnh Thái Nguyên,10/08/2023,Chứng nhận cơ bản,https://tinnhiemmang.vn/danh-ba-tin-nhiem/thainguyengdtgovvn-1691658293
thainguyen.toaan.gov.vn,Tòa án nhân dân tỉnh Thái Nguyên,07/04/2023,Chứng nhận cơ bản,https://tinnhiemmang.vn/danh-ba-tin-nhiem/thainguyentoaangovvn-1679889456
thaisonangiang.com.vn,Công ty TNHH MTV Thái Sơn An Giang,04/08/2022,Chứng nhận cơ bản,https://tinnhiemmang.vn/danh-ba-tin-nhiem/thaisonangiangcomvn-1659498655
thamlenhangkenh.vn,Công ty Cổ Phần Thảm len Hàng Kênh,13/04/2022,Chứng nhận cơ bản,https://tinnhiemmang.vn/danh-ba-tin-nhiem/thamlenhangkenhvn-1649817752
thangmaykoshiva.com,Công Ty TNHH Thang Máy Kỹ Thuật Điện Koshiva,27/04/2022,Chứng nhận cơ bản,https://tinnhiemmang.vn/danh-ba-tin-nhiem/thangmaykoshivacom-1650868924
thanhba.phutho.gov.vn,UBND huyện Thanh Ba tỉnh Phú Thọ,03/10/2023,Chứng nhận cơ bản,https://tinnhiemmang.vn/danh-ba-tin-nhiem/thanhbaphuthogovvn-1696236341
thanhbinh.danang.gov.vn,Ủy ban nhân dân phường Thanh Bình,07/12/2023,Chứng nhận cơ bản,https://tinnhiemmang.vn/danh-ba-tin-nhiem/thanhbinhdananggovvn-1701772829
thanhbinh.dongthap.gov.vn,"Ủy ban nhân dân Huyện Thanh Bình, tỉnh Đồng Tháp",22/11/2021,Chứng nhận cơ bản,https://tinnhiemmang.vn/danh-ba-tin-nhiem/thanhbinhdongthapgovvn-1637572210
thanhbinh.tpninhbinh.ninhbinh.gov.vn,"Uỷ ban nhân dân phường Thanh Bình, thành phố Ninh Bình, tỉnh Ninh Bình",30/10/2024,Chứng nhận cơ bản,https://tinnhiemmang.vn/danh-ba-tin-nhiem/thanhbinhtpninhbinhninhbinhgovvn-1730186552
thanhduc.vinhlong.gov.vn,UBND xã Thanh Đức tỉnh Vĩnh Long,14/07/2021,Chứng nhận cơ bản,https://tinnhiemmang.vn/danh-ba-tin-nhiem/thanhducvinhlonggovvn-1625918052
thanhdung.haiphong.edu.vn,Trường Tiểu học Anh Dũng,08/07/2024,Chứng nhận cơ bản,https://tinnhiemmang.vn/danh-ba-tin-nhiem/thanhdunghaiphongeduvn-1714641448
thanhhoa.baohiemxahoi.gov.vn,Bảo Hiểm Xã Hội tỉnh Thanh Hóa,28/07/2021,Chứng nhận cơ bản,https://tinnhiemmang.vn/danh-ba-tin-nhiem/thanhhoabaohiemxahoigovvn-1627462811
thanhhoa.dcs.vn,Tỉnh ủy Thanh Hóa,12/05/2021,Chứng nhận cơ bản,https://tinnhiemmang.vn/danh-ba-tin-nhiem/thanhhoadcsvn-1620701796
thanhhoa.edu.vn,UBND tỉnh Thanh Hóa,27/06/2023,Chứng nhận cơ bản,https://tinnhiemmang.vn/danh-ba-tin-nhiem/thanhhoaeduvn-1620701953
thanhhoa.gdt.gov.vn,Cục Thuế tỉnh Thanh Hóa,10/08/2023,Chứng nhận cơ bản,https://tinnhiemmang.vn/danh-ba-tin-nhiem/thanhhoagdtgovvn-1691658221
thanhhoa.gov.vn,UBND tỉnh Thanh Hóa,12/05/2021,Chứng nhận cơ bản,https://tinnhiemmang.vn/danh-ba-tin-nhiem/thanhhoagovvn-1620808761
thanhhoa.toaan.gov.vn,Tòa án nhân dân tỉnh Thanh Hóa,07/04/2023,Chứng nhận cơ bản,https://tinnhiemmang.vn/danh-ba-tin-nhiem/thanhhoatoaangovvn-1679889393
thanhhoafdfund.gov.vn,"Ban quản lý Quỹ Bảo vệ, phát triển rừng và Phòng, chống thiên tai tỉnh Thanh Hóa",09/09/2024,Chứng nhận cơ bản,https://tinnhiemmang.vn/danh-ba-tin-nhiem/thanhhoafdfundgovvn-1722940870
thanhkhe.danang.gov.vn,"UBND quận Thanh Khê, Đà Nẵng",25/11/2021,Chứng nhận cơ bản,https://tinnhiemmang.vn/danh-ba-tin-nhiem/thanhkhedananggovvn-1637747061
thanhlac.nhoquan.ninhbinh.gov.vn,"Ủy ban nhân dân xã Thanh Lạc, tỉnh Ninh Bình",19/07/2021,Chứng nhận cơ bản,https://tinnhiemmang.vn/danh-ba-tin-nhiem/thanhlacnhoquanninhbinhgovvn-1626430090
thanhmy.donduong.lamdong.gov.vn,UBND Thị trấn Thạnh Mỹ - Huyện Đơn Dương,27/08/2024,Chứng nhận cơ bản,https://tinnhiemmang.vn/danh-ba-tin-nhiem/thanhmydonduonglamdonggovvn-1724659405
thanhnhaho.vn,"Trung tâm Bảo tồn di sản Thành Nhà Hồ, tỉnh Thanh Hóa",25/11/2024,Chứng nhận cơ bản,https://tinnhiemmang.vn/danh-ba-tin-nhiem/thanhnhahovn-1732249658
thanhnien.hochiminhcity.gov.vn,Hội Liên hiệp thanh niên Việt Nam TP Hồ Chí Minh,09/10/2023,Chứng nhận cơ bản,https://tinnhiemmang.vn/danh-ba-tin-nhiem/thanhnienhochiminhcitygovvn-1696832746
thanhnien.vn,Báo điện tử Thanh niên,10/05/2024,Chứng nhận cơ bản,https://tinnhiemmang.vn/danh-ba-tin-nhiem/thanhnienvn-1625711824
thanhoai.hanoi.gov.vn,"Huyện Thanh Oai, Thành phố Hà Nội",15/06/2021,Chứng nhận cơ bản,https://tinnhiemmang.vn/danh-ba-tin-nhiem/thanhoaihanoigovvn-1623560809
thanhpho.tayninh.gov.vn,Ủy ban nhân dân thành phố Tây Ninh,01/02/2023,Chứng nhận cơ bản,https://tinnhiemmang.vn/danh-ba-tin-nhiem/thanhphotayninhgovvn-1675220077
thanhphohaiphong.gov.vn,UBND Thành phố Hải Phòng,11/05/2023,Chứng nhận cơ bản,https://tinnhiemmang.vn/danh-ba-tin-nhiem/thanhphohaiphonggovvn-1683790295
thanhphuoc.vinhlong.gov.vn,UBND phường Thành Phước tỉnh Vĩnh Long,14/07/2021,Chứng nhận cơ bản,https://tinnhiemmang.vn/danh-ba-tin-nhiem/thanhphuocvinhlonggovvn-1625917812
thanhson.khanhson.khanhhoa.gov.vn,"UBND xã Thành Sơn, tỉnh Khánh Hòa",09/08/2023,Chứng nhận cơ bản,https://tinnhiemmang.vn/danh-ba-tin-nhiem/thanhsonkhanhsonkhanhhoagovvn-1691561023
thanhson.phutho.gov.vn,UBND huyện Thanh Sơn tỉnh Phú Thọ,03/10/2023,Chứng nhận cơ bản,https://tinnhiemmang.vn/danh-ba-tin-nhiem/thanhsonphuthogovvn-1696236495
thanhthuy.phutho.gov.vn,UBND Huyện Thanh Thủy tỉnh Phú Thọ,03/10/2023,Chứng nhận cơ bản,https://tinnhiemmang.vn/danh-ba-tin-nhiem/thanhthuyphuthogovvn-1696238016
thanhtoan.hochiminhcity.gov.vn,Sở Thông tin và Truyền thông thành phố Hồ Chí Minh,09/10/2023,Chứng nhận cơ bản,https://tinnhiemmang.vn/danh-ba-tin-nhiem/thanhtoanhochiminhcitygovvn-1696833297
thanhtoan.tphcm.gov.vn,Sở Thông tin và Truyền thông thành phố Hồ Chí Minh,09/10/2023,Chứng nhận cơ bản,https://tinnhiemmang.vn/danh-ba-tin-nhiem/thanhtoantphcmgovvn-1696833283
thanhtra.angiang.gov.vn,Thanh tra tỉnh An Giang,06/10/2021,Chứng nhận cơ bản,https://tinnhiemmang.vn/danh-ba-tin-nhiem/thanhtraangianggovvn-1633504145
thanhtra.caobang.gov.vn,Thanh tra tỉnh Cao Bằng,29/06/2023,Chứng nhận cơ bản,https://tinnhiemmang.vn/danh-ba-tin-nhiem/thanhtracaobanggovvn-1688026062
thanhtra.danang.gov.vn,Thanh tra Thành phố Đà Nẵng,25/11/2021,Chứng nhận cơ bản,https://tinnhiemmang.vn/danh-ba-tin-nhiem/thanhtradananggovvn-1637743087
thanhtra.dongnai.gov.vn,Thanh tra tỉnh Đồng Nai,26/09/2023,Chứng nhận cơ bản,https://tinnhiemmang.vn/danh-ba-tin-nhiem/thanhtradongnaigovvn-1695720356
thanhtra.haiphong.gov.vn,Thanh tra thành phố Hải Phòng,02/05/2024,Chứng nhận cơ bản,https://tinnhiemmang.vn/danh-ba-tin-nhiem/thanhtrahaiphonggovvn-1714233786
thanhtra.hanoi.gov.vn,Thanh tra Thành phố Hà Nội,18/04/2023,Chứng nhận cơ bản,https://tinnhiemmang.vn/danh-ba-tin-nhiem/thanhtrahanoigovvn-1681807166
thanhtra.hungyen.gov.vn,Thanh tra tỉnh Hưng Yên,15/07/2021,Chứng nhận cơ bản,https://tinnhiemmang.vn/danh-ba-tin-nhiem/thanhtrahungyengovvn-1626336261
thanhtra.khanhhoa.gov.vn,Thanh tra tỉnh Khánh Hòa,14/07/2022,Chứng nhận cơ bản,https://tinnhiemmang.vn/danh-ba-tin-nhiem/thanhtrakhanhhoagovvn-1626058039
thanhtra.laichau.gov.vn,Thanh tra tỉnh Lai Châu,01/03/2024,Chứng nhận cơ bản,https://tinnhiemmang.vn/danh-ba-tin-nhiem/thanhtralaichaugovvn-1709265431
thanhtra.lamdong.gov.vn,Thanh tra tỉnh Lâm Đồng,11/05/2023,Chứng nhận cơ bản,https://tinnhiemmang.vn/danh-ba-tin-nhiem/thanhtralamdonggovvn-1683778352
thanhtra.laocai.gov.vn,Thanh tra tỉnh Lào Cai,19/07/2021,Chứng nhận cơ bản,https://tinnhiemmang.vn/danh-ba-tin-nhiem/thanhtralaocaigovvn-1626687455
thanhtra.moj.gov.vn,Cục Công nghệ Thông tin - Bộ Tư pháp,03/07/2024,Chứng nhận cơ bản,https://tinnhiemmang.vn/danh-ba-tin-nhiem/thanhtramojgovvn-1719998190
thanhtra.ninhbinh.gov.vn,Thanh tra tỉnh Ninh Bình,27/06/2024,Chứng nhận cơ bản,https://tinnhiemmang.vn/danh-ba-tin-nhiem/thanhtraninhbinhgovvn-1719458636
thanhtra.sonla.gov.vn,Thanh tra tỉnh Sơn La,17/06/2021,Chứng nhận cơ bản,https://tinnhiemmang.vn/danh-ba-tin-nhiem/thanhtrasonlagovvn-1623900245
thanhtra.thanhhoa.gov.vn,UBND tỉnh Thanh Hóa,12/05/2021,Chứng nhận cơ bản,https://tinnhiemmang.vn/danh-ba-tin-nhiem/thanhtrathanhhoagovvn-1620701981
thanhtrangcosmetic.com,Công ty TNHH sản xuất mỹ phẩm Thanh Trang,29/12/2022,Chứng nhận cơ bản,https://tinnhiemmang.vn/danh-ba-tin-nhiem/thanhtrangcosmeticcom-1670555850
thanhtratinh.camau.gov.vn,Thanh tra tỉnh Cà Mau,30/05/2023,Chứng nhận cơ bản,https://tinnhiemmang.vn/danh-ba-tin-nhiem/thanhtratinhcamaugovvnwpsportal-1684983450
thanhtri.hanoi.gov.vn,UBND huyện Thanh Trì Hà Nội,10/05/2023,Chứng nhận cơ bản,https://tinnhiemmang.vn/danh-ba-tin-nhiem/thanhtrihanoigovvn-1683708672
thanhuyhanoi.vn,Thành Ủy Hà Nội,12/06/2021,Chứng nhận cơ bản,https://tinnhiemmang.vn/danh-ba-tin-nhiem/httpsthanhuyhanoivn-1623397385
thanhxuan.hanoi.gov.vn,"Quận Thanh Xuân, Thành phố Hà Nội",15/06/2021,Chứng nhận cơ bản,https://tinnhiemmang.vn/danh-ba-tin-nhiem/thanhxuanhanoigovvn-1623515328
thannong.net,Thần Nông Blog,29/11/2022,Chứng nhận cơ bản,https://tinnhiemmang.vn/danh-ba-tin-nhiem/thannongnet-1669520056
thantien.haiphong.edu.vn,Trường Tiểuhọc An Tiến,05/07/2024,Chứng nhận cơ bản,https://tinnhiemmang.vn/danh-ba-tin-nhiem/thantienhaiphongeduvn-1714637845
thapmuoi.dongthap.gov.vn,"Ủy ban nhân dân Huyện Tháp Mười, tỉnh Đồng Tháp",22/11/2021,Chứng nhận cơ bản,https://tinnhiemmang.vn/danh-ba-tin-nhiem/thapmuoidongthapgovvn-1637573038
thbachdang.haiphong.edu.vn,Trường Tiểu học Bạch Đằng,05/07/2024,Chứng nhận cơ bản,https://tinnhiemmang.vn/danh-ba-tin-nhiem/thbachdanghaiphongeduvn-1715152278
thbachung.haiphong.edu.vn,Trường Tiểu học Bắc Hưng,08/07/2024,Chứng nhận cơ bản,https://tinnhiemmang.vn/danh-ba-tin-nhiem/thbachunghaiphongeduvn-1715152797
thcaominh.haiphong.edu.vn,Trường Tiểu học Cao Minh,17/07/2024,Chứng nhận cơ bản,https://tinnhiemmang.vn/danh-ba-tin-nhiem/thcaominhhaiphongeduvn-1721123499
thcaptien.haiphong.edu.vn,Trường Tiểu học Cấp Tiến,08/07/2024,Chứng nhận cơ bản,https://tinnhiemmang.vn/danh-ba-tin-nhiem/thcaptienhaiphongeduvn-1715156118
thcatbi.haiphong.edu.vn,Trường Tiểu học Cát Bi,03/07/2024,Chứng nhận cơ bản,https://tinnhiemmang.vn/danh-ba-tin-nhiem/thcatbihaiphongeduvn-1714792162
thchuvananch.haiphong.edu.vn,Trường Tiểu học Chu Văn An Cát Hải - Hải Phòng,10/07/2024,Chứng nhận cơ bản,https://tinnhiemmang.vn/danh-ba-tin-nhiem/thchuvananchhaiphongeduvn-1720516998
thcs-thainguyen-khanhhoa.edu.vn,Trường THCS Thái Nguyên tỉnh Khánh Hòa,10/04/2024,Chứng nhận cơ bản,https://tinnhiemmang.vn/danh-ba-tin-nhiem/thcs-thainguyen-khanhhoaeduvn-1712716237
thcsanhdung.haiphong.edu.vn,Trường THCS Anh Dũng,08/07/2024,Chứng nhận cơ bản,https://tinnhiemmang.vn/danh-ba-tin-nhiem/thcsanhdunghaiphongeduvn-1714637671
thcsanhoavb.haiphong.edu.vn,Trường THCS An Hòa,15/07/2024,Chứng nhận cơ bản,https://tinnhiemmang.vn/danh-ba-tin-nhiem/thcsanhoavbhaiphongeduvn-1720851970
thcsanson.haiphong.edu.vn,Trường THCS Phan Chu Trinh,23/07/2024,Chứng nhận cơ bản,https://tinnhiemmang.vn/danh-ba-tin-nhiem/thcsansonhaiphongeduvn-1721704737
thcsantien.haiphong.edu.vn,Trường THCS An Tiến,05/07/2024,Chứng nhận cơ bản,https://tinnhiemmang.vn/danh-ba-tin-nhiem/thcsantienhaiphongeduvn-1720146976
thcsbacha.haiphong.edu.vn,Trường THCS Bắc Hà,08/07/2024,Chứng nhận cơ bản,https://tinnhiemmang.vn/danh-ba-tin-nhiem/thcsbachahaiphongeduvn-1720432111
thcscaonhan.haiphong.edu.vn,Trường THCS Cao Nhân,15/07/2024,Chứng nhận cơ bản,https://tinnhiemmang.vn/danh-ba-tin-nhiem/thcscaonhanhaiphongeduvn-1720751333
thcschuvanan.haiphong.edu.vn,Trường THCS Chu Văn An,11/07/2024,Chứng nhận cơ bản,https://tinnhiemmang.vn/danh-ba-tin-nhiem/thcschuvananhaiphongeduvn-1720580707
thcsdaithang.haiphong.edu.vn,Trường THCS Đại Thắng,08/07/2024,Chứng nhận cơ bản,https://tinnhiemmang.vn/danh-ba-tin-nhiem/thcsdaithanghaiphongeduvn-1720432040
thcsdanang.haiphong.edu.vn,"THCS Đà Nẵng, Ngô Quyền, Hải Phòng",05/07/2024,Chứng nhận cơ bản,https://tinnhiemmang.vn/danh-ba-tin-nhiem/thcsdananghaiphongeduvn-1720146919
thcsdanghai.haiphong.edu.vn,Trường THCS Đằng Hải,05/07/2024,Chứng nhận cơ bản,https://tinnhiemmang.vn/danh-ba-tin-nhiem/thcsdanghaihaiphongeduvn-1720147137
thcsdanglam.haiphong.edu.vn,Trường THCS Đằng Lâm,05/07/2024,Chứng nhận cơ bản,https://tinnhiemmang.vn/danh-ba-tin-nhiem/thcsdanglamhaiphongeduvn-1715155749
thcsdoanlap.haiphong.edu.vn,Trường THCS Đoàn Lập,08/07/2024,Chứng nhận cơ bản,https://tinnhiemmang.vn/danh-ba-tin-nhiem/thcsdoanlaphaiphongeduvn-1720431987
thcsdonghai.haiphong.edu.vn,Trường THCS Đông Hải,10/07/2024,Chứng nhận cơ bản,https://tinnhiemmang.vn/danh-ba-tin-nhiem/thcsdonghaihaiphongeduvn-1720533673
thcsdonghoa.haiphong.edu.vn,Trường THCS Đồng Hoà,08/07/2024,Chứng nhận cơ bản,https://tinnhiemmang.vn/danh-ba-tin-nhiem/thcsdonghoahaiphongeduvn-1715156210
thcsdongminh.haiphong.edu.vn,Trường THCS Đồng Minh,24/07/2024,Chứng nhận cơ bản,https://tinnhiemmang.vn/danh-ba-tin-nhiem/thcsdongminhhaiphongeduvn-1721710003
thcsdongtayhung.haiphong.edu.vn,Trường THCS Đông Tây Hưng,12/07/2024,Chứng nhận cơ bản,https://tinnhiemmang.vn/danh-ba-tin-nhiem/thcsdongtayhunghaiphongeduvn-1720707641
thcsduhangkenh.haiphong.edu.vn,Trường THCS Dư Hàng Kênh,12/07/2024,Chứng nhận cơ bản,https://tinnhiemmang.vn/danh-ba-tin-nhiem/thcsduhangkenhhaiphongeduvn-1720670101
thcsdungtien.haiphong.edu.vn,Trường THCS Dũng Tiến,08/07/2024,Chứng nhận cơ bản,https://tinnhiemmang.vn/danh-ba-tin-nhiem/thcsdungtienhaiphongeduvn-1714564137
thcshiephoa-hungtien.haiphong.edu.vn,Trường THCS Hiệp Hoà Hùng Tiến,17/07/2024,Chứng nhận cơ bản,https://tinnhiemmang.vn/danh-ba-tin-nhiem/thcshiephoa-hungtienhaiphongeduvn-1721123923
thcshoabinhtranduong.haiphong.edu.vn,Trường THCS Hòa Bình- Trấn Dương,18/07/2024,Chứng nhận cơ bản,https://tinnhiemmang.vn/danh-ba-tin-nhiem/thcshoabinhtranduonghaiphongeduvn-1721189230
thcshoangdieu.haiphong.edu.vn,Trường THCS Hoàng Diệu,09/07/2024,Chứng nhận cơ bản,https://tinnhiemmang.vn/danh-ba-tin-nhiem/thcshoangdieuhaiphongeduvn-1720515306
thcshoanghia.haiphong.edu.vn,Trường THCS Hòa Nghĩa,15/07/2024,Chứng nhận cơ bản,https://tinnhiemmang.vn/danh-ba-tin-nhiem/thcshoanghiahaiphongeduvn-1720840220
thcshongbang.haiphong.edu.vn,Trường THCS Hồng Bàng quận Hồng Bàng,11/07/2024,Chứng nhận cơ bản,https://tinnhiemmang.vn/danh-ba-tin-nhiem/thcshongbanghaiphongeduvn-1720582672
thcshungthang.haiphong.edu.vn,Trường THCS Hùng Thắng,11/07/2024,Chứng nhận cơ bản,https://tinnhiemmang.vn/danh-ba-tin-nhiem/thcshungthanghaiphongeduvn-1720576641
thcskhoinghia.haiphong.edu.vn,Trường THCS Khởi Nghĩa,08/07/2024,Chứng nhận cơ bản,https://tinnhiemmang.vn/danh-ba-tin-nhiem/thcskhoinghiahaiphongeduvn-1715156771
thcskienthiet.haiphong.edu.vn,Trường THCS Kiến Thiết,11/07/2024,Chứng nhận cơ bản,https://tinnhiemmang.vn/danh-ba-tin-nhiem/thcskienthiethaiphongeduvn-1720657811
thcskyson.haiphong.edu.vn,Trường THCS Kỳ Sơn,08/07/2024,Chứng nhận cơ bản,https://tinnhiemmang.vn/danh-ba-tin-nhiem/thcskysonhaiphongeduvn-1719889977
thcslacvien.haiphong.edu.vn,Trường THCS Lạc Viên,11/07/2024,Chứng nhận cơ bản,https://tinnhiemmang.vn/danh-ba-tin-nhiem/thcslacvienhaiphongeduvn-1720582038
thcslaple.haiphong.edu.vn,Trường THCS Lập Lễ,25/07/2024,Chứng nhận cơ bản,https://tinnhiemmang.vn/danh-ba-tin-nhiem/thcslaplehaiphongeduvn-1721831961
thcslechan.haiphong.edu.vn,Trường THCS Lê Chân,09/07/2024,Chứng nhận cơ bản,https://tinnhiemmang.vn/danh-ba-tin-nhiem/thcslechanhaiphongeduvn-1720447274
thcsleloi.haiphong.edu.vn,"Trường THCS Lê Lợi, Quận Hải An, thành phố Hải Phòng",08/07/2024,Chứng nhận cơ bản,https://tinnhiemmang.vn/danh-ba-tin-nhiem/thcsleloihaiphongeduvn-1720170549
thcsluongkhanhthienanlao.haiphong.edu.vn,Trường THCS Lương Khánh Thiện,05/07/2024,Chứng nhận cơ bản,https://tinnhiemmang.vn/danh-ba-tin-nhiem/thcsluongkhanhthienanlaohaiphongeduvn-1714637337
thcslytutrong.haiphong.edu.vn,Trường THCS Lý Tự Trọng,09/07/2024,Chứng nhận cơ bản,https://tinnhiemmang.vn/danh-ba-tin-nhiem/thcslytutronghaiphongeduvn-1720513105
thcsmyduc.haiphong.edu.vn,Trường THCS Mỹ Đức,08/07/2024,Chứng nhận cơ bản,https://tinnhiemmang.vn/danh-ba-tin-nhiem/thcsmyduchaiphongeduvn-1714657591
thcsnamha.haiphong.edu.vn,Trường THCS Nam Hà,08/07/2024,Chứng nhận cơ bản,https://tinnhiemmang.vn/danh-ba-tin-nhiem/thcsnamhahaiphongeduvn-1720432204
thcsnamhai.haiphong.edu.vn,Trường THCS Nam Hải,05/07/2024,Chứng nhận cơ bản,https://tinnhiemmang.vn/danh-ba-tin-nhiem/thcsnamhaihaiphongeduvn-1715137289
thcsngochai.haiphong.edu.vn,Trường THCS Ngọc Hải,25/07/2024,Chứng nhận cơ bản,https://tinnhiemmang.vn/danh-ba-tin-nhiem/thcsngochaihaiphongeduvn-1721824113
thcsngoquyen.haiphong.edu.vn,Trường THCS Ngô Quyền,09/07/2024,Chứng nhận cơ bản,https://tinnhiemmang.vn/danh-ba-tin-nhiem/thcsngoquyenhaiphongeduvn-1720497068
thcsngudoan.haiphong.edu.vn,Trường THCS Ngũ Đoan,08/07/2024,Chứng nhận cơ bản,https://tinnhiemmang.vn/danh-ba-tin-nhiem/thcsngudoanhaiphongeduvn-1720363715
thcsnguyenbangoc.haiphong.edu.vn,Trường THCS Nguyễn Bá Ngọc,09/07/2024,Chứng nhận cơ bản,https://tinnhiemmang.vn/danh-ba-tin-nhiem/thcsnguyenbangochaiphongeduvn-1720516378
thcsnguyenbinhkhiem.haiphong.edu.vn,THCS Nguyễn Bỉnh Khiêm,17/07/2024,Chứng nhận cơ bản,https://tinnhiemmang.vn/danh-ba-tin-nhiem/thcsnguyenbinhkhiemhaiphongeduvn-1721128919
thcsnguyenchuyenmy.haiphong.edu.vn,Trường THCS Nguyễn Chuyên Mỹ,05/07/2024,Chứng nhận cơ bản,https://tinnhiemmang.vn/danh-ba-tin-nhiem/thcsnguyenchuyenmyhaiphongeduvn-1714651150
thcsnguyentrai.haiphong.edu.vn,THCS Nguyễn Trãi quận Hồng Bàng,05/07/2024,Chứng nhận cơ bản,https://tinnhiemmang.vn/danh-ba-tin-nhiem/thcsnguyentraihaiphongeduvn-1715150145
thcsnhanhoa-tamdavb.haiphong.edu.vn,Trường THCS Nhân Hòa Tam Đa,10/07/2024,Chứng nhận cơ bản,https://tinnhiemmang.vn/danh-ba-tin-nhiem/thcsnhanhoa-tamdavbhaiphongeduvnhomegd2-1720537985
thcsquanghung.haiphong.edu.vn,Trường THCS Quang Hưng,05/07/2024,Chứng nhận cơ bản,https://tinnhiemmang.vn/danh-ba-tin-nhiem/thcsquanghunghaiphongeduvn-1714640238
thcsquangphuc.haiphong.edu.vn,Trường Trung học cơ sở Quang Phục,12/07/2024,Chứng nhận cơ bản,https://tinnhiemmang.vn/danh-ba-tin-nhiem/thcsquangphuchaiphongeduvn-1720677776
thcsquyettien.haiphong.edu.vn,Trường THCS Quyết Tiến,21/08/2024,Chứng nhận cơ bản,https://tinnhiemmang.vn/danh-ba-tin-nhiem/thcsquyettienhaiphongeduvn-1724204599
thcstamcuongvb.haiphong.edu.vn,"Trường THCS Tam Cường, Hải Phòng",17/07/2024,Chứng nhận cơ bản,https://tinnhiemmang.vn/danh-ba-tin-nhiem/thcstamcuongvbhaiphongeduvn-1721123030
thcstanhung-thitran.haiphong.edu.vn,Trường THCS Tân Hưng - Thị Trấn,05/07/2024,Chứng nhận cơ bản,https://tinnhiemmang.vn/danh-ba-tin-nhiem/thcstanhung-thitranhaiphongeduvn-1714629110
thcstanthanh.haiphong.edu.vn,Trường TH và THCS Tân Thành,08/07/2024,Chứng nhận cơ bản,https://tinnhiemmang.vn/danh-ba-tin-nhiem/thcstanthanhhaiphongeduvn-1714638442
thcstantien.haiphong.edu.vn,Trường THCS Tân Tiến,19/07/2024,Chứng nhận cơ bản,https://tinnhiemmang.vn/danh-ba-tin-nhiem/thcstantienhaiphongeduvn-1721320686
thcstanvien.haiphong.edu.vn,Trường THCS Tân Viên,05/07/2024,Chứng nhận cơ bản,https://tinnhiemmang.vn/danh-ba-tin-nhiem/thcstanvienhaiphongeduvn-1714713428
thcsthangthuy-vinhlong.haiphong.edu.vn,Trường THCS Thắng Thủy-Vĩnh Long,08/07/2024,Chứng nhận cơ bản,https://tinnhiemmang.vn/danh-ba-tin-nhiem/thcsthangthuy-vinhlonghaiphongeduvn-1720431897
thcsthitrantienlang.haiphong.edu.vn,Trường THCS Thị trấn Tiên Lãng,08/07/2024,Chứng nhận cơ bản,https://tinnhiemmang.vn/danh-ba-tin-nhiem/thcsthitrantienlanghaiphongeduvn-1715159804
thcstiencuong.haiphong.edu.vn,Trường THCS Tiên Cường,11/07/2024,Chứng nhận cơ bản,https://tinnhiemmang.vn/danh-ba-tin-nhiem/thcstiencuonghaiphongeduvn-1720661877
thcstienminh.haiphong.edu.vn,Trường THCS Tiên Minh,12/07/2024,Chứng nhận cơ bản,https://tinnhiemmang.vn/danh-ba-tin-nhiem/thcstienminhhaiphongeduvn-1720668042
thcstienphong-vinhphong.haiphong.edu.vn,Trường THCS Tiền Phong - Vĩnh Phong,09/07/2024,Chứng nhận cơ bản,https://tinnhiemmang.vn/danh-ba-tin-nhiem/thcstienphong-vinhphonghaiphongeduvn-1720509773
thcstienthang-toanthang.haiphong.edu.vn,Trường THCS Tiên Thắng- Toàn Thắng,12/07/2024,Chứng nhận cơ bản,https://tinnhiemmang.vn/danh-ba-tin-nhiem/thcstienthang-toanthanghaiphongeduvn-1720688715
thcstienthanh.haiphong.edu.vn,Trường THCS Tiên Thanh,19/07/2024,Chứng nhận cơ bản,https://tinnhiemmang.vn/danh-ba-tin-nhiem/thcstienthanhhaiphongeduvn-1721291826
thcstohieu.haiphong.edu.vn,Trường THCS Tô Hiệu,12/07/2024,Chứng nhận cơ bản,https://tinnhiemmang.vn/danh-ba-tin-nhiem/thcstohieuhaiphongeduvn-1720695603
thcstranhungdao.haiphong.edu.vn,Trường THCS Trần Hưng Đạo,08/07/2024,Chứng nhận cơ bản,https://tinnhiemmang.vn/danh-ba-tin-nhiem/thcstranhungdaohaiphongeduvn-1714709548
thcstranphu.haiphong.edu.vn,Trường THCS Trần Phú,08/07/2024,Chứng nhận cơ bản,https://tinnhiemmang.vn/danh-ba-tin-nhiem/thcstranphuhaiphongeduvn-1714708296
thcstranphulechan.haiphong.edu.vn,Trường THCS Trần Phú - quận Lê Chân,09/07/2024,Chứng nhận cơ bản,https://tinnhiemmang.vn/danh-ba-tin-nhiem/thcstranphulechanhaiphongeduvn-1720495423
thcstranvanon.haiphong.edu.vn,Trường THCS Trần Văn Ơn,11/07/2024,Chứng nhận cơ bản,https://tinnhiemmang.vn/danh-ba-tin-nhiem/thcstranvanonhaiphongeduvn-1720580611
thcstruongcongdinh.haiphong.edu.vn,Trường THCS Trương Công Định,09/07/2024,Chứng nhận cơ bản,https://tinnhiemmang.vn/danh-ba-tin-nhiem/thcstruongcongdinhhaiphongeduvn-1720489916
thcstruongson.haiphong.edu.vn,Trường THCS Trường Sơn - huyện An Lão - TP Hải Phòng,05/07/2024,Chứng nhận cơ bản,https://tinnhiemmang.vn/danh-ba-tin-nhiem/thcstruongsonhaiphongeduvn-1714637051
thcsttcatba.haiphong.edu.vn,Trường THCS thị trấn Cát Bà,15/07/2024,Chứng nhận cơ bản,https://tinnhiemmang.vn/danh-ba-tin-nhiem/thcsttcatbahaiphongeduvn-1720753572
thcsttcathai.haiphong.edu.vn,Trường THCS thị trấn Cát Hải,10/07/2024,Chứng nhận cơ bản,https://tinnhiemmang.vn/danh-ba-tin-nhiem/thcsttcathaihaiphongeduvn-1720576578
thcstuson.haiphong.edu.vn,"Trường THCS Tú Sơn, Kiến Thụy, Hải Phòng",08/07/2024,Chứng nhận cơ bản,https://tinnhiemmang.vn/danh-ba-tin-nhiem/thcstusonhaiphongeduvn-1715157479
thcsvanson.haiphong.edu.vn,Trường THCS Vạn Sơn,11/07/2024,Chứng nhận cơ bản,https://tinnhiemmang.vn/danh-ba-tin-nhiem/thcsvansonhaiphongeduvn-1720662488
thcsviettientrunglap.haiphong.edu.vn,THCS Việt Tiến Trung Lập,09/07/2024,Chứng nhận cơ bản,https://tinnhiemmang.vn/danh-ba-tin-nhiem/thcsviettientrunglaphaiphongeduvn-1720489887
thcsvinhniem.haiphong.edu.vn,Trường THCS Vĩnh Niệm,09/07/2024,Chứng nhận cơ bản,https://tinnhiemmang.vn/danh-ba-tin-nhiem/thcsvinhniemhaiphongeduvn-1720490726
thcsvinhquangtienglang.haiphong.edu.vn,Trường THCS Vinh Quang,08/07/2024,Chứng nhận cơ bản,https://tinnhiemmang.vn/danh-ba-tin-nhiem/thcsvinhquangtienglanghaiphongeduvn-1715155649
thcsvothisau.haiphong.edu.vn,Trường THCS Võ Thị Sáu,10/07/2024,Chứng nhận cơ bản,https://tinnhiemmang.vn/danh-ba-tin-nhiem/thcsvothisauhaiphongeduvn-1720515196
thdanggiang.haiphong.edu.vn,Trường Tiểu học Đằng Giang,05/07/2024,Chứng nhận cơ bản,https://tinnhiemmang.vn/danh-ba-tin-nhiem/thdanggianghaiphongeduvn-1720147194
thdanghai.haiphong.edu.vn,Trường Tiểu học Đằng Hải,08/07/2024,Chứng nhận cơ bản,https://tinnhiemmang.vn/danh-ba-tin-nhiem/thdanghaihaiphongeduvn-1720431979
thdanglam.haiphong.edu.vn,Trường Tiểu học Đằng Lâm,03/07/2024,Chứng nhận cơ bản,https://tinnhiemmang.vn/danh-ba-tin-nhiem/thdanglamhaiphongeduvn-1720000589
thdao.khanhhoa.edu.vn,"Trường THPT Trần Hưng Đạo, tỉnh Khánh Hòa",09/08/2023,Chứng nhận cơ bản,https://tinnhiemmang.vn/danh-ba-tin-nhiem/thdaokhanhhoaeduvn-1691553763
thdaphuc.haiphong.edu.vn,Trường Tiểu học Đa Phúc,20/08/2024,Chứng nhận cơ bản,https://tinnhiemmang.vn/danh-ba-tin-nhiem/thdaphuchaiphongeduvn-1724122865
thdinhtienhoang.haiphong.edu.vn,Trường Tiểu học Đinh Tiên Hoàng,15/07/2024,Chứng nhận cơ bản,https://tinnhiemmang.vn/danh-ba-tin-nhiem/thdinhtienhoanghaiphongeduvn-1721031445
thdoanducthai.haiphong.edu.vn,Trường tiểu học Đoàn Đức Thái,08/07/2024,Chứng nhận cơ bản,https://tinnhiemmang.vn/danh-ba-tin-nhiem/thdoanducthaihaiphongeduvn-1714663061
thdonghai1.haiphong.edu.vn,Trường tiểu học Đông Hải 1,05/07/2024,Chứng nhận cơ bản,https://tinnhiemmang.vn/danh-ba-tin-nhiem/thdonghai1haiphongeduvn-1720147174
thdonghai2.haiphong.edu.vn,Trường THTHCS Đông Hải 2,08/07/2024,Chứng nhận cơ bản,https://tinnhiemmang.vn/danh-ba-tin-nhiem/thdonghai2haiphongeduvn-1715136276
thdonghoa.haiphong.edu.vn,Tiểu học Đồng Hòa,08/07/2024,Chứng nhận cơ bản,https://tinnhiemmang.vn/danh-ba-tin-nhiem/thdonghoahaiphongeduvn-1720432101
thdongminh.haiphong.edu.vn,Trường Tiểu học Đồng Minh,08/07/2024,Chứng nhận cơ bản,https://tinnhiemmang.vn/danh-ba-tin-nhiem/thdongminhhaiphongeduvn-1714613185
thduhang.haiphong.edu.vn,Trường Tiểu học Dư Hàng,23/07/2024,Chứng nhận cơ bản,https://tinnhiemmang.vn/danh-ba-tin-nhiem/thduhanghaiphongeduvn-1721701954
thedulich.vn,Trung tâm Thông tin du lịch,12/08/2024,Chứng nhận cơ bản,https://tinnhiemmang.vn/danh-ba-tin-nhiem/thedulichvn-1723449370
thegioibantin.com,Vina Aspire,04/08/2021,Chứng nhận cơ bản,https://tinnhiemmang.vn/danh-ba-tin-nhiem/the-gioi-ban-tin-1625371282
thegioididong.com,Công ty cổ phần Thế Giới Di Động,28/09/2021,Chứng nhận cơ bản,https://tinnhiemmang.vn/danh-ba-tin-nhiem/thegioididongcom-1632835473
thegioidungcubuffet.com,Công ty TNHH Thiết bị Sao Nam,26/09/2022,Chứng nhận cơ bản,https://tinnhiemmang.vn/danh-ba-tin-nhiem/thegioidungcubuffetcom-1664162445
thegioigaycu.com,Golf Group,14/12/2021,Chứng nhận cơ bản,https://tinnhiemmang.vn/danh-ba-tin-nhiem/thegioigaycucom-1639454320
thegioimanhinh.vn,Công ty CP Đầu Tư HCOM,12/05/2022,Chứng nhận cơ bản,https://tinnhiemmang.vn/danh-ba-tin-nhiem/thegioimanhinhvn-1652339577
thepbaotin.com,Công Ty TNHH Thép Bảo Tín,17/05/2022,Chứng nhận cơ bản,https://tinnhiemmang.vn/danh-ba-tin-nhiem/thepbaotincom-1652753940
thethaovanhoa.vn,Báo điện tử Thể thao văn hóa,10/05/2024,Chứng nhận cơ bản,https://tinnhiemmang.vn/danh-ba-tin-nhiem/thethaovanhoavn-1669090673
theuvitinhanhxuyen.com,Thêu vi tính Anh Xuyến,02/11/2021,Chứng nhận cơ bản,https://tinnhiemmang.vn/danh-ba-tin-nhiem/theuvitinhanhxuyencom-1633674626
thgiangbien.haiphong.edu.vn,Trường Tiểu học Giang Biên,09/07/2024,Chứng nhận cơ bản,https://tinnhiemmang.vn/danh-ba-tin-nhiem/thgiangbienhaiphongeduvn-1720449898
thhiephoa.haiphong.edu.vn,Trường tiểu học Hiệp Hòa,08/07/2024,Chứng nhận cơ bản,https://tinnhiemmang.vn/danh-ba-tin-nhiem/thhiephoahaiphongeduvn-1715158502
thhoabinh.haiphong.edu.vn,Trường TH Hòa Bình,08/07/2024,Chứng nhận cơ bản,https://tinnhiemmang.vn/danh-ba-tin-nhiem/thhoabinhhaiphongeduvn-1715155765
thhp.vn,Đài Phát thanh và Truyền hình Hải Phòng,13/06/2024,Chứng nhận cơ bản,https://tinnhiemmang.vn/danh-ba-tin-nhiem/thhpvn-1714348699
thhungdao.haiphong.edu.vn,Trường Tiểu học Hưng Đạo,19/07/2024,Chứng nhận cơ bản,https://tinnhiemmang.vn/danh-ba-tin-nhiem/thhungdaohaiphongeduvn-1721359332
thhungitien.haiphong.edu.vn,Trường Tiểu học Hùng Tiến Vĩnh Bảo Hải Phòng,08/07/2024,Chứng nhận cơ bản,https://tinnhiemmang.vn/danh-ba-tin-nhiem/thhungitienhaiphongeduvnhomegd2-1714479536
thhungthang.haiphong.edu.vn,Trường tiểu học Hùng Thắng,08/07/2024,Chứng nhận cơ bản,https://tinnhiemmang.vn/danh-ba-tin-nhiem/thhungthanghaiphongeduvn-1714788175
thhungvuong.haiphong.edu.vn,Trường Tiểu học Hùng Vương,05/07/2024,Chứng nhận cơ bản,https://tinnhiemmang.vn/danh-ba-tin-nhiem/thhungvuonghaiphongeduvn-1719903962
thiduakhenthuong.hanoi.gov.vn,Ban thi đua  khen thưởng thành phố Hà Nội,12/06/2021,Chứng nhận cơ bản,https://tinnhiemmang.vn/danh-ba-tin-nhiem/thiduakhenthuonghanoigovvn-1623402712
thiduakhenthuong.moj.gov.vn,Bộ Tư pháp,14/07/2022,Chứng nhận cơ bản,https://tinnhiemmang.vn/danh-ba-tin-nhiem/thiduakhenthuongmojgovvn-1625733058
thiduakhenthuong.quangngai.gov.vn,Sở Nội vụ tỉnh Quảng Ngãi,11/07/2023,Chứng nhận cơ bản,https://tinnhiemmang.vn/danh-ba-tin-nhiem/thiduakhenthuongquangngaigovvn-1688609881
thietbiachau.com,Công Ty TNHH Công Nghệ Thiết Bị Á Châu,13/01/2022,Chứng nhận cơ bản,https://tinnhiemmang.vn/danh-ba-tin-nhiem/thietbiachaucom-1641145523
thietbidientranle.com,Công ty TNHH Kỹ Thuật Điện Trần Lê,15/01/2024,Chứng nhận cơ bản,https://tinnhiemmang.vn/danh-ba-tin-nhiem/thietbidientranlecom-1673237165
thietbidungcubuffet.com,Công ty TNHH TM DV Thiết Bị Khách Sạn,23/09/2022,Chứng nhận cơ bản,https://tinnhiemmang.vn/danh-ba-tin-nhiem/thietbidungcubuffetcom-1663085450
thietbikhachsan.vn,Công ty TNHH TM DV Thiết Bị Khách Sạn,23/09/2022,Chứng nhận cơ bản,https://tinnhiemmang.vn/danh-ba-tin-nhiem/thietbikhachsanvn-1663085424
thietbikhachsansacona.com.vn,Công ty TNHH Thiết bị Sao Nam,26/09/2022,Chứng nhận cơ bản,https://tinnhiemmang.vn/danh-ba-tin-nhiem/thietbikhachsansaconacomvn-1663657791
thietbinganhnuoc.com,Công ty TNHH TM DV Môi Trường Song Phụng,26/09/2022,Chứng nhận cơ bản,https://tinnhiemmang.vn/danh-ba-tin-nhiem/thietbinganhnuoccom-1663914560
thietbipanasonic.com,Công ty TNHH MTV Võ Hải Dương,04/07/2022,Chứng nhận cơ bản,https://tinnhiemmang.vn/danh-ba-tin-nhiem/thietbipanasoniccom-1656694968
thietbipcccbinhduong.com,Công ty Cổ phần Thương mại và Dịch vụ Thành Phố Mới,21/04/2022,Chứng nhận cơ bản,https://tinnhiemmang.vn/danh-ba-tin-nhiem/thietbipcccbinhduongcom-1649207049
thietbisaonam.com,Công ty TNHH Thiết bị Sao Nam,26/09/2022,Chứng nhận cơ bản,https://tinnhiemmang.vn/danh-ba-tin-nhiem/thietbisaonamcom-1663657773
thietbithuysan.com.vn,Công Ty TNHH Công Nghệ Thiết Bị Á Châu,13/01/2022,Chứng nhận cơ bản,https://tinnhiemmang.vn/danh-ba-tin-nhiem/thietbithuysancomvn-1642066609
thietbiyteminhhiep.com,Thiết Bị Y Tế Minh Hiệp,20/04/2022,Chứng nhận cơ bản,https://tinnhiemmang.vn/danh-ba-tin-nhiem/thietbiyteminhhiepcom-1649906377
thieuhoa.thanhhoa.gov.vn,"UBND huyện Thiệu Hóa, tỉnh Thanh Hóa",28/07/2022,Chứng nhận cơ bản,https://tinnhiemmang.vn/danh-ba-tin-nhiem/thieuhoathanhhoagovvn-1658994484
thinhphatict.com,Công ty TNHH Thương mại và Đầu tư xây dựng Thịnh Phát,26/11/2021,Chứng nhận cơ bản,https://tinnhiemmang.vn/danh-ba-tin-nhiem/thinhphatictcom-1637374248
thitimhieuphapluat.daklak.gov.vn,Sở Tư pháp tỉnh Đắk Lắk,21/06/2021,Chứng nhận cơ bản,https://tinnhiemmang.vn/danh-ba-tin-nhiem/thitimhieuphapluatdaklakgovvn-1624262913
thitimhieuphapluat.moj.gov.vn,Bộ Tư pháp,14/07/2022,Chứng nhận cơ bản,https://tinnhiemmang.vn/danh-ba-tin-nhiem/thitimhieuphapluatmojgovvn-1625746997
thitran.tuangiao.gov.vn,"Thị trấn Tuần Giáo, huyện Tuần Giáo, tỉnh Điện Biên",07/11/2023,Chứng nhận cơ bản,https://tinnhiemmang.vn/danh-ba-tin-nhiem/thitrantuangiaogovvn-1699260070
thitrancattien.lamdong.gov.vn,"UBND Thị Trấn Cát Tiên, Huyện Cát Tiên, Tỉnh Lâm Đồng",07/11/2023,Chứng nhận cơ bản,https://tinnhiemmang.vn/danh-ba-tin-nhiem/thitrancattienlamdonggovvn-1699320246
thitrandilinh.dilinh.lamdong.gov.vn,UBND thị trấn Di Linh,16/09/2024,Chứng nhận cơ bản,https://tinnhiemmang.vn/danh-ba-tin-nhiem/thitrandilinhdilinhlamdonggovvn-1712541918
thitrandinhvan.lamha.lamdong.gov.vn,"UBND Thị Trấn Đinh Văn, huyện Lâm Hà, tỉnh Lâm Đồng",17/07/2024,Chứng nhận cơ bản,https://tinnhiemmang.vn/danh-ba-tin-nhiem/thitrandinhvanlamhalamdonggovvn-1721118878
thitranme.giavien.ninhbinh.gov.vn,"Uỷ ban nhân dân thị trấn Me, huyện Gia Viễn, tỉnh Ninh Bình",27/06/2024,Chứng nhận cơ bản,https://tinnhiemmang.vn/danh-ba-tin-nhiem/thitranmegiavienninhbinhgovvn-1719473152
thitranphatdiem.kimson.ninhbinh.gov.vn,"Uỷ ban nhân dân thị trấn Phát Diệm, huyện Kim Sơn, tỉnh Ninh Bình",26/06/2024,Chứng nhận cơ bản,https://tinnhiemmang.vn/danh-ba-tin-nhiem/thitranphatdiemkimsonninhbinhgovvn-1719217699
thitranthienton.hoalu.ninhbinh.gov.vn,"Uỷ ban nhân dân Thị trấn Thiên Tôn, huyện Hoa Lư, tỉnh Ninh Bình",27/06/2024,Chứng nhận cơ bản,https://tinnhiemmang.vn/danh-ba-tin-nhiem/thitranthientonhoaluninhbinhgovvn-1719455948
thitranthinhvuong.giavien.ninhbinh.gov.vn,"Uỷ ban nhân dân thị trấn Thịnh Vượng, huyện Gia Viễn, tỉnh Ninh Bình",11/02/2025,Chứng nhận cơ bản,https://tinnhiemmang.vn/danh-ba-tin-nhiem/thitranthinhvuonggiavienninhbinhgovvn-1739243305
thitruongvietnam.vn,Bản tin Thị trường Việt Nam,19/11/2021,Chứng nhận cơ bản,https://tinnhiemmang.vn/danh-ba-tin-nhiem/thitruongvietnamvn-1637224479
thlehongphongngoquyen.haiphong.edu.vn,Trường Tiểu học Lê Hồng Phong,05/07/2024,Chứng nhận cơ bản,https://tinnhiemmang.vn/danh-ba-tin-nhiem/thlehongphongngoquyenhaiphongeduvn-1719935398
thlevantam.haiphong.edu.vn,Trường Tiểu học Lê Văn Tám,18/07/2024,Chứng nhận cơ bản,https://tinnhiemmang.vn/danh-ba-tin-nhiem/thlevantamhaiphongeduvn-1721200878
thlienam.haiphong.edu.vn,Trường Tiểu học Liên Am - Lý Học,09/07/2024,Chứng nhận cơ bản,https://tinnhiemmang.vn/danh-ba-tin-nhiem/thlienamhaiphongeduvn-1720451065
thlienhao.haiphong.edu.vn,Trường Tiểu học Kiến Thiết,09/07/2024,Chứng nhận cơ bản,https://tinnhiemmang.vn/danh-ba-tin-nhiem/thlienhaohaiphongeduvn-1720492473
thlienkhe.haiphong.edu.vn,Trường Tiểu học Liên Khê,08/07/2024,Chứng nhận cơ bản,https://tinnhiemmang.vn/danh-ba-tin-nhiem/thlienkhehaiphongeduvn-1715165090
thminhduc.haiphong.edu.vn,Trường Tiểu học Minh Đức,08/07/2024,Chứng nhận cơ bản,https://tinnhiemmang.vn/danh-ba-tin-nhiem/thminhduchaiphongeduvn-1720431721
thminhductienlang.haiphong.edu.vn,"Trường Tiểu học Minh Đức, Tiên Lãng, Hải Phòng",15/07/2024,Chứng nhận cơ bản,https://tinnhiemmang.vn/danh-ba-tin-nhiem/thminhductienlanghaiphongeduvn-1720778565
thminhtan.haiphong.edu.vn,Trường Tiểu học Minh Tân,18/07/2024,Chứng nhận cơ bản,https://tinnhiemmang.vn/danh-ba-tin-nhiem/thminhtanhaiphongeduvn-1721234143
thngochai.haiphong.edu.vn,Trường Tiểu học Ngọc Hải,18/07/2024,Chứng nhận cơ bản,https://tinnhiemmang.vn/danh-ba-tin-nhiem/thngochaihaiphongeduvn-1721194183
thngogiatu.haiphong.edu.vn,Trường Tiểu học Ngô Gia Tự,08/07/2024,Chứng nhận cơ bản,https://tinnhiemmang.vn/danh-ba-tin-nhiem/thngogiatuhaiphongeduvn-1720432229
thngulao.haiphong.edu.vn,Trường Tiểu học Ngũ Lão,08/07/2024,Chứng nhận cơ bản,https://tinnhiemmang.vn/danh-ba-tin-nhiem/thngulaohaiphongeduvn-1720431708
thnguyencongtru.haiphong.edu.vn,Trường Tiểu học Nguyễn Công Trứ,09/07/2024,Chứng nhận cơ bản,https://tinnhiemmang.vn/danh-ba-tin-nhiem/thnguyencongtruhaiphongeduvn-1720493810
thnguyenduccanh.haiphong.edu.vn,Trường Tiểu học Nguyễn Đức Cảnh,05/07/2024,Chứng nhận cơ bản,https://tinnhiemmang.vn/danh-ba-tin-nhiem/thnguyenduccanhhaiphongeduvn-1714720983
thnguyenhue.haiphong.edu.vn,Trường Tiểu học Nguyễn Huệ,10/07/2024,Chứng nhận cơ bản,https://tinnhiemmang.vn/danh-ba-tin-nhiem/thnguyenhuehaiphongeduvn-1720519079
thnguyenkhuyen.haiphong.edu.vn,Trường Tiểu học Nguyễn Khuyến,08/07/2024,Chứng nhận cơ bản,https://tinnhiemmang.vn/danh-ba-tin-nhiem/thnguyenkhuyenhaiphongeduvn-1719978159
thnguyenthiminhkhai.haiphong.edu.vn,Trường Tiểu học Nguyễn Thị Minh Khai,05/07/2024,Chứng nhận cơ bản,https://tinnhiemmang.vn/danh-ba-tin-nhiem/thnguyenthiminhkhaihaiphongeduvn-1720147155
thnguyenthuonghien.haiphong.edu.vn,Trường Tiểu học Nguyễn Thượng Hiền,05/07/2024,Chứng nhận cơ bản,https://tinnhiemmang.vn/danh-ba-tin-nhiem/thnguyenthuonghienhaiphongeduvn-1719899423
thnguyentrai.haiphong.edu.vn,Trường Tiểu học Nguyễn Trãi - Hồng Bàng - Hải Phòng,08/07/2024,Chứng nhận cơ bản,https://tinnhiemmang.vn/danh-ba-tin-nhiem/thnguyentraihaiphongeduvn-1720066288
thnguyentraingoquyen.haiphong.edu.vn,Trường Tiểu học Nguyễn Trãi,08/07/2024,Chứng nhận cơ bản,https://tinnhiemmang.vn/danh-ba-tin-nhiem/thnguyentraingoquyenhaiphongeduvn-1720431774
thnguyenvanto.haiphong.edu.vn,Trường Tiểu học Nguyễn Văn Tố,05/07/2024,Chứng nhận cơ bản,https://tinnhiemmang.vn/danh-ba-tin-nhiem/thnguyenvantohaiphongeduvnhomegd6-1719892493
thnguyenvantroi.haiphong.edu.vn,Trường Tiểu học Nguyễn Văn Trỗi,09/07/2024,Chứng nhận cơ bản,https://tinnhiemmang.vn/danh-ba-tin-nhiem/thnguyenvantroihaiphongeduvn-1720447973
thnhanhoa.haiphong.edu.vn,Trường Tiểu học Nhân Hoà,08/07/2024,Chứng nhận cơ bản,https://tinnhiemmang.vn/danh-ba-tin-nhiem/thnhanhoahaiphongeduvn-1714612827
thoaison.angiang.gov.vn,UBND Huyện Thoại Sơn - Tỉnh An Giang,15/10/2021,Chứng nhận cơ bản,https://tinnhiemmang.vn/danh-ba-tin-nhiem/thoaisonangianggovvn-1634291732
thoibaotaichinhvietnam.vn,Thời báo Tài chính Việt Nam,08/09/2021,Chứng nhận cơ bản,https://tinnhiemmang.vn/danh-ba-tin-nhiem/thoibaotaichinhvietnamvn-1631035363
thoibinh.camau.gov.vn,Ủy ban nhân dân huyện Thới Bình,30/05/2023,Chứng nhận cơ bản,https://tinnhiemmang.vn/danh-ba-tin-nhiem/thoibinhcamaugovvn-1684980436
thoinet.vn,Trung tâm Phát triển Giáo dục và Truyền thông,22/10/2023,Chứng nhận cơ bản,https://tinnhiemmang.vn/danh-ba-tin-nhiem/thoinetvn-1631563209
thongke.dongnai.gov.vn,Cục Thống Kê tỉnh Đồng Nai,05/01/2024,Chứng nhận cơ bản,https://tinnhiemmang.vn/danh-ba-tin-nhiem/thongkedongnaigovvn-1704354542
thongke.moha.gov.vn,Trung tâm Thông tin - Bộ Nội vụ,29/06/2021,Chứng nhận cơ bản,https://tinnhiemmang.vn/danh-ba-tin-nhiem/thongkemohagovvn-1624934014
thongke.moj.gov.vn,Bộ Tư pháp,14/07/2022,Chứng nhận cơ bản,https://tinnhiemmang.vn/danh-ba-tin-nhiem/thongkemojgovvn-1625746024
thongke.tourism.vn,Trung tâm Thông tin du lịch,24/06/2024,Chứng nhận cơ bản,https://tinnhiemmang.vn/danh-ba-tin-nhiem/thongketourismvn-1717729205
thongkecantho.gso.gov.vn,Cục Thống kê TP. Cần Thơ,30/09/2024,Chứng nhận cơ bản,https://tinnhiemmang.vn/danh-ba-tin-nhiem/thongkecanthogsogovvn-1727661660
thongkecaobang.gso.gov.vn,Cục Thống kê tỉnh Cao Bằng,13/09/2023,Chứng nhận cơ bản,https://tinnhiemmang.vn/danh-ba-tin-nhiem/thongkecaobanggsogovvn-1694404145
thongkehaiphong.gov.vn,Cục Thống kê thành phố Hải Phòng,15/06/2023,Chứng nhận cơ bản,https://tinnhiemmang.vn/danh-ba-tin-nhiem/thongkehaiphonggovvn-1686621420
thongnhat.dongnai.gov.vn,Ủy ban nhân dân huyện Thống Nhất,04/07/2024,Chứng nhận cơ bản,https://tinnhiemmang.vn/danh-ba-tin-nhiem/thongnhatdongnaigovvn-1720087928
thongtin.hanhchinhcong.khanhhoa.gov.vn,Trung tâm Công nghệ thông tin và Dịch vụ hành chính công trực tuyến tỉnh Khánh Hòa,14/07/2022,Chứng nhận cơ bản,https://tinnhiemmang.vn/danh-ba-tin-nhiem/thongtinhanhchinhcongkhanhhoagovvn-1626058593
thongtindoanhnghiep.vinhlong.gov.vn,Văn phòng UBND tỉnh Vĩnh Long,25/05/2023,Chứng nhận cơ bản,https://tinnhiemmang.vn/danh-ba-tin-nhiem/thongtindoanhnghiepvinhlonggovvn-1684916046
thongtindoingoai.caobang.gov.vn,UBND tỉnh Cao Bằng,29/06/2023,Chứng nhận cơ bản,https://tinnhiemmang.vn/danh-ba-tin-nhiem/thongtindoingoaicaobanggovvn-1688026771
thongtindoingoai.laichau.gov.vn,Ủy ban nhân dân tỉnh Lai Châu,23/06/2021,Chứng nhận cơ bản,https://tinnhiemmang.vn/danh-ba-tin-nhiem/thongtindoingoailaichaugovvn-1624434540
thongtinquyhoach.hochiminhcity.gov.vn,Sở Quy hoạch - Kiến trúc Thành phố Hồ Chí Minh,09/10/2023,Chứng nhận cơ bản,https://tinnhiemmang.vn/danh-ba-tin-nhiem/thongtinquyhoachhochiminhcitygovvn-1696833094
thoxuan.thanhhoa.gov.vn,"UBND huyện Thọ Xuân, tỉnh Thanh Hoá",19/10/2021,Chứng nhận cơ bản,https://tinnhiemmang.vn/danh-ba-tin-nhiem/thoxuanthanhhoagovvn-1634572212
thphucle.haiphong.edu.vn,Trường Tiểu học Phục Lễ,22/07/2024,Chứng nhận cơ bản,https://tinnhiemmang.vn/danh-ba-tin-nhiem/thphuclehaiphongeduvn-1721464679
thptanhai.haiphong.edu.vn,Trường THPT An Hải,19/07/2024,Chứng nhận cơ bản,https://tinnhiemmang.vn/danh-ba-tin-nhiem/thptanhaihaiphongeduvn-1721359440
thptanlao.haiphong.edu.vn,Trường THPT An Lão,05/07/2024,Chứng nhận cơ bản,https://tinnhiemmang.vn/danh-ba-tin-nhiem/thptanlaohaiphongeduvn-1715156717
thptbachdang.haiphong.edu.vn,Trường THPT Bạch Đằng,05/07/2024,Chứng nhận cơ bản,https://tinnhiemmang.vn/danh-ba-tin-nhiem/thptbachdanghaiphongeduvn-1715141990
thptcathai.haiphong.edu.vn,Trường THPT Cát Hải,09/07/2024,Chứng nhận cơ bản,https://tinnhiemmang.vn/danh-ba-tin-nhiem/thptcathaihaiphongeduvn-1720490302
thptconghien.haiphong.edu.vn,Trường THPT Cộng Hiền,19/08/2024,Chứng nhận cơ bản,https://tinnhiemmang.vn/danh-ba-tin-nhiem/thptconghienhaiphongeduvn-1724038481
thpthanghai.haiphong.edu.vn,THPT Hàng Hải,11/07/2024,Chứng nhận cơ bản,https://tinnhiemmang.vn/danh-ba-tin-nhiem/thpthanghaihaiphongeduvn-1720605330
thpthongbang.haiphong.edu.vn,Trường THPT Hồng Bàng,09/07/2024,Chứng nhận cơ bản,https://tinnhiemmang.vn/danh-ba-tin-nhiem/thpthongbanghaiphongeduvn-1720476323
thpthungthang.haiphong.edu.vn,Trường THPT Hùng Thắng,18/07/2024,Chứng nhận cơ bản,https://tinnhiemmang.vn/danh-ba-tin-nhiem/thpthungthanghaiphongeduvn-1721231499
thptkienthuy.haiphong.edu.vn,Trường THPT Kiến Thụy.,08/07/2024,Chứng nhận cơ bản,https://tinnhiemmang.vn/danh-ba-tin-nhiem/thptkienthuyhaiphongeduvn-1720361735
thptlechan.haiphong.edu.vn,"Trường THPT Lê Chân, Hải Phòng",08/07/2024,Chứng nhận cơ bản,https://tinnhiemmang.vn/danh-ba-tin-nhiem/thptlechanhaiphongeduvn-1714561510
thptlehongphong.haiphong.edu.vn,"Trường THPT Lê Hồng Phong, Hải Phòng",09/07/2024,Chứng nhận cơ bản,https://tinnhiemmang.vn/danh-ba-tin-nhiem/thptlehongphonghaiphongeduvn-1720489122
thptleichmoc.haiphong.edu.vn,Trường THPT Lê Ích Mộc,08/07/2024,Chứng nhận cơ bản,https://tinnhiemmang.vn/danh-ba-tin-nhiem/thptleichmochaiphongeduvn-1715147386
thptlequydon.haiphong.edu.vn,Trường THPT Lê Quý Đôn,05/07/2024,Chứng nhận cơ bản,https://tinnhiemmang.vn/danh-ba-tin-nhiem/thptlequydonhaiphongeduvn-1719880750
thptluongkhanhthien.haiphong.edu.vn,THPT Lương Khánh Thiện,08/07/2024,Chứng nhận cơ bản,https://tinnhiemmang.vn/danh-ba-tin-nhiem/thptluongkhanhthienhaiphongeduvn-1720432236
thptluongthevinh.haiphong.edu.vn,Trường THPT Lương Thế Vinh,08/07/2024,Chứng nhận cơ bản,https://tinnhiemmang.vn/danh-ba-tin-nhiem/thptluongthevinhhaiphongeduvn-1714707262
thptlythuongkiet.haiphong.edu.vn,Trường THPT Lý Thường Kiệt,09/07/2024,Chứng nhận cơ bản,https://tinnhiemmang.vn/danh-ba-tin-nhiem/thptlythuongkiethaiphongeduvn-1720452603
thptnamtrieu.haiphong.edu.vn,Trường THPT Nam Triệu,05/07/2024,Chứng nhận cơ bản,https://tinnhiemmang.vn/danh-ba-tin-nhiem/thptnamtrieuhaiphongeduvn-1715154470
thptngoquyen.haiphong.edu.vn,"Trường THPT Ngô Quyền, Hải Phòng",05/07/2024,Chứng nhận cơ bản,https://tinnhiemmang.vn/danh-ba-tin-nhiem/thptngoquyenhaiphongeduvn-1715153002
thptnguyendieubinhdinh.edu.vn,Trường THPT Nguyễn Diêu tỉnh Bình Định,07/06/2023,Chứng nhận cơ bản,https://tinnhiemmang.vn/danh-ba-tin-nhiem/thptnguyendieubinhdinheduvn-1686124435
thptnguyenduccanh.haiphong.edu.vn,Trường THPT Nguyễn Đức Cảnh,11/07/2024,Chứng nhận cơ bản,https://tinnhiemmang.vn/danh-ba-tin-nhiem/thptnguyenduccanhhaiphongeduvn-1720579384
thptnguyenkhuyen.haiphong.edu.vn,Trường THPT Nguyễn Khuyến,09/07/2024,Chứng nhận cơ bản,https://tinnhiemmang.vn/danh-ba-tin-nhiem/thptnguyenkhuyenhaiphongeduvn-1720494822
thptnguyentrai.haiphong.edu.vn,"Trường THPT Nguyễn Trãi, Hải Phòng",05/07/2024,Chứng nhận cơ bản,https://tinnhiemmang.vn/danh-ba-tin-nhiem/thptnguyentraihaiphongeduvn-1714703315
thptphamngulao.haiphong.edu.vn,Trường THPT Phạm Ngũ Lão,05/07/2024,Chứng nhận cơ bản,https://tinnhiemmang.vn/danh-ba-tin-nhiem/thptphamngulaohaiphongeduvn-1719893513
thptphandangluu.haiphong.edu.vn,Trường THPT Phan Đăng Lưu,05/07/2024,Chứng nhận cơ bản,https://tinnhiemmang.vn/danh-ba-tin-nhiem/thptphandangluuhaiphongeduvn-1720147055
thptphucat2binhdinh.edu.vn,"Trường THPT Số 2 Phù Cát, tỉnh Bình Định",10/08/2023,Chứng nhận cơ bản,https://tinnhiemmang.vn/danh-ba-tin-nhiem/thptphucat2binhdinheduvn-1691577121
thptquangthanh.haiphong.edu.vn,Trường THPT Quảng Thanh,09/07/2024,Chứng nhận cơ bản,https://tinnhiemmang.vn/danh-ba-tin-nhiem/thptquangthanhhaiphongeduvn-1720511948
thptquangtrung.haiphong.edu.vn,Trường THPT Quang Trung,15/07/2024,Chứng nhận cơ bản,https://tinnhiemmang.vn/danh-ba-tin-nhiem/thptquangtrunghaiphongeduvn-1720846912
thpttanan.haiphong.edu.vn,"Trường THPT Tân An, An Dương, Hải Phòng",05/07/2024,Chứng nhận cơ bản,https://tinnhiemmang.vn/danh-ba-tin-nhiem/thpttananhaiphongeduvn-1715153953
thpttantrao.haiphong.edu.vn,Trường THPT Tân Trào,05/07/2024,Chứng nhận cơ bản,https://tinnhiemmang.vn/danh-ba-tin-nhiem/thpttantraohaiphongeduvn-1715141397
thptthaiphien.haiphong.edu.vn,Trường THPT Thái Phiên,09/07/2024,Chứng nhận cơ bản,https://tinnhiemmang.vn/danh-ba-tin-nhiem/thptthaiphienhaiphongeduvn-1720489918
thptthuyson.haiphong.edu.vn,Trường THPT Thủy Sơn,09/07/2024,Chứng nhận cơ bản,https://tinnhiemmang.vn/danh-ba-tin-nhiem/thptthuysonhaiphongeduvn-1720491295
thpttranhungdao.haiphong.edu.vn,Trường THPT Trần Hưng Đạo,05/07/2024,Chứng nhận cơ bản,https://tinnhiemmang.vn/danh-ba-tin-nhiem/thpttranhungdaohaiphongeduvn-1719882730
thpttrannguyenhan.haiphong.edu.vn,Trường THPT Trần Nguyên Hãn,05/07/2024,Chứng nhận cơ bản,https://tinnhiemmang.vn/danh-ba-tin-nhiem/thpttrannguyenhanhaiphongeduvn-1720147225
thpttrantatvan.haiphong.edu.vn,Trường THPT Trần Tất Văn,05/07/2024,Chứng nhận cơ bản,https://tinnhiemmang.vn/danh-ba-tin-nhiem/thpttrantatvanhaiphongeduvn-1715150968
thptvinhbao.haiphong.edu.vn,Trường THPT Vĩnh Bảo,05/07/2024,Chứng nhận cơ bản,https://tinnhiemmang.vn/danh-ba-tin-nhiem/thptvinhbaohaiphongeduvn-1719836996
thquanghung.haiphong.edu.vn,Trường Tiểu học Quang Hưng,05/07/2024,Chứng nhận cơ bản,https://tinnhiemmang.vn/danh-ba-tin-nhiem/thquanghunghaiphongeduvn-1714637191
thquangphuc.haiphong.edu.vn,Trường Tiểu học Quang Phục,10/07/2024,Chứng nhận cơ bản,https://tinnhiemmang.vn/danh-ba-tin-nhiem/thquangphuchaiphongeduvn-1720533500
thquangtrungngoquyen.haiphong.edu.vn,"Trường Tiểu học Quang Trung, Phường Vạn Mỹ, Quận Ngô Quyền, Hải Phòng",05/07/2024,Chứng nhận cơ bản,https://tinnhiemmang.vn/danh-ba-tin-nhiem/thquangtrungngoquyenhaiphongeduvn-1720153899
thquantoan.haiphong.edu.vn,Trường Tiểu học Quán Toan,08/07/2024,Chứng nhận cơ bản,https://tinnhiemmang.vn/danh-ba-tin-nhiem/thquantoanhaiphongeduvn-1720150496
thquoctuan.haiphong.edu.vn,Trường Tiểu học Quốc Tuấn,15/08/2024,Chứng nhận cơ bản,https://tinnhiemmang.vn/danh-ba-tin-nhiem/thquoctuanhaiphongeduvn-1723553643
thquyettien.haiphong.edu.vn,Trường Tiểu học Quyết Tiến,08/07/2024,Chứng nhận cơ bản,https://tinnhiemmang.vn/danh-ba-tin-nhiem/thquyettienhaiphongeduvn-1715160915
thtamcuong.haiphong.edu.vn,Trường Tiểu học Tam Cường,18/07/2024,Chứng nhận cơ bản,https://tinnhiemmang.vn/danh-ba-tin-nhiem/thtamcuonghaiphongeduvn-1721266987
thtanhung.haiphong.edu.vn,Trường Tiểu học Tân Hưng,18/07/2024,Chứng nhận cơ bản,https://tinnhiemmang.vn/danh-ba-tin-nhiem/thtanhunghaiphongeduvn-1721186382
thtanlien.haiphong.edu.vn,Trường Tiểu học Tân Liên,10/07/2024,Chứng nhận cơ bản,https://tinnhiemmang.vn/danh-ba-tin-nhiem/thtanlienhaiphongeduvn-1720518022
thtantraolechan.haiphong.edu.vn,Trường Tiểu học Tân Trào,11/07/2024,Chứng nhận cơ bản,https://tinnhiemmang.vn/danh-ba-tin-nhiem/thtantraolechanhaiphongeduvn-1720603310
thtayhung.haiphong.edu.vn,Trường Tiểu học Tây Hưng,15/07/2024,Chứng nhận cơ bản,https://tinnhiemmang.vn/danh-ba-tin-nhiem/thtayhunghaiphongeduvn-1720800136
ththaiphien.haiphong.edu.vn,Trường Tiểu học Thái Phiên,05/07/2024,Chứng nhận cơ bản,https://tinnhiemmang.vn/danh-ba-tin-nhiem/ththaiphienhaiphongeduvn-1719908342
ththanhluong.haiphong.edu.vn,Trường Tiểu học Thanh Lương,08/07/2024,Chứng nhận cơ bản,https://tinnhiemmang.vn/danh-ba-tin-nhiem/ththanhluonghaiphongeduvn-1715157368
ththanhto.haiphong.edu.vn,Trường Tiểu học Thành Tô,05/07/2024,Chứng nhận cơ bản,https://tinnhiemmang.vn/danh-ba-tin-nhiem/ththanhtohaiphongeduvnhomegd2-1715219213
ththitrantienlang.haiphong.edu.vn,Trường Tiểu học Thị trấn Tiên Lãng,08/07/2024,Chứng nhận cơ bản,https://tinnhiemmang.vn/danh-ba-tin-nhiem/ththitrantienlanghaiphongeduvn-1715153703
ththitranvinhbao.haiphong.edu.vn,Trường Tiểu học Thị Trấn Vĩnh Bảo,10/07/2024,Chứng nhận cơ bản,https://tinnhiemmang.vn/danh-ba-tin-nhiem/ththitranvinhbaohaiphongeduvn-1720538566
thtienminh.haiphong.edu.vn,Trường Tiểu học Tiên Minh,08/07/2024,Chứng nhận cơ bản,https://tinnhiemmang.vn/danh-ba-tin-nhiem/thtienminhhaiphongeduvn-1715157813
thtienthanh.haiphong.edu.vn,Tiểu học Tiên Thanh,15/07/2024,Chứng nhận cơ bản,https://tinnhiemmang.vn/danh-ba-tin-nhiem/thtienthanhhaiphongeduvn-1720769434
thtrangcat.haiphong.edu.vn,Trường Tiểu học Tràng Cát,08/07/2024,Chứng nhận cơ bản,https://tinnhiemmang.vn/danh-ba-tin-nhiem/thtrangcathaiphongeduvn-1720432074
thtranhungdao.haiphong.edu.vn,Trường TH Trần Hưng Đạo,11/07/2024,Chứng nhận cơ bản,https://tinnhiemmang.vn/danh-ba-tin-nhiem/thtranhungdaohaiphongeduvn-1720577102
thtranquoctoanngoquyen.haiphong.edu.vn,Trường Tiểu học Trần Quốc Toản,11/07/2024,Chứng nhận cơ bản,https://tinnhiemmang.vn/danh-ba-tin-nhiem/thtranquoctoanngoquyenhaiphongeduvn-1720576286
thtranvanon.haiphong.edu.vn,Trường Tiểu học Trần Văn Ơn - Hồng Bàng - Hải Phòng,10/07/2024,Chứng nhận cơ bản,https://tinnhiemmang.vn/danh-ba-tin-nhiem/thtranvanonhaiphongeduvn-1720527353
thtruongson.haiphong.edu.vn,Trường Tiểu học Trường Sơn,05/07/2024,Chứng nhận cơ bản,https://tinnhiemmang.vn/danh-ba-tin-nhiem/thtruongsonhaiphongeduvn-1714640207
thtruongthonc.haiphong.edu.vn,Trường Tiểu học Trường Thọ,08/07/2024,Chứng nhận cơ bản,https://tinnhiemmang.vn/danh-ba-tin-nhiem/thtruongthonchaiphongeduvn-1714636831
thtucuong.haiphong.edu.vn,Trường Tiểu học Tự Cường,08/07/2024,Chứng nhận cơ bản,https://tinnhiemmang.vn/danh-ba-tin-nhiem/thtucuonghaiphongeduvn-1715158348
thuanchau.sonla.gov.vn,UBND Huyện Thuận Châu  UBND tỉnh Sơn La,17/06/2021,Chứng nhận cơ bản,https://tinnhiemmang.vn/danh-ba-tin-nhiem/thuanchausonlagovvn-1623914176
thuanthanh.bacninh.gov.vn,Huyện Thuận Thành – Tỉnh Bắc Ninh,30/11/2021,Chứng nhận cơ bản,https://tinnhiemmang.vn/danh-ba-tin-nhiem/thuanthanhbacninhgovvn-1638239281
thuathienhue.baohiemxahoi.gov.vn,Bảo Hiểm Xã Hội tỉnh Thừa Thiên Huế,28/07/2021,Chứng nhận cơ bản,https://tinnhiemmang.vn/danh-ba-tin-nhiem/thuathienhuebaohiemxahoigovvn-1627463508
thuathienhue.edu.vn,Sở Giáo dục Đào tạo tỉnh Thừa Thiên Huế,19/07/2021,Chứng nhận cơ bản,https://tinnhiemmang.vn/danh-ba-tin-nhiem/thuathienhueeduvn-1626681532
thuathienhue.gdt.gov.vn,Cục Thuế tỉnh Thừa Thiên Huế,10/08/2023,Chứng nhận cơ bản,https://tinnhiemmang.vn/danh-ba-tin-nhiem/thuathienhuegdtgovvn-1691658332
thuathienhue.toaan.gov.vn,Tòa án nhân dân tỉnh Thừa Thiên Huế,07/04/2023,Chứng nhận cơ bản,https://tinnhiemmang.vn/danh-ba-tin-nhiem/thuathienhuetoaangovvn-1679889328
thuedientu.gdt.gov.vn,Tổng cục Thuế,10/08/2023,Chứng nhận cơ bản,https://tinnhiemmang.vn/danh-ba-tin-nhiem/thuedientugdtgovvn-1691655006
thuehiephung.com,Công Ty TNHH Đại Lý Thuế Hiệp Hưng,09/09/2021,Chứng nhận cơ bản,https://tinnhiemmang.vn/danh-ba-tin-nhiem/thuehiephungcom-1623313553
thuetauhalong.com,Công ty TNHH Du lịch&Dịch vụ Onevivu,30/05/2022,Chứng nhận cơ bản,https://tinnhiemmang.vn/danh-ba-tin-nhiem/thuetauhalongcom-1653904434
thumoihop.tphcm.gov.vn,Văn phòng UBND thành phố Hồ Chí Minh,09/10/2023,Chứng nhận cơ bản,https://tinnhiemmang.vn/danh-ba-tin-nhiem/thumoihoptphcmgovvn-1696834610
thuonghieuquangninh.gov.vn,Sở Công Thương Quảng Ninh,18/11/2021,Chứng nhận cơ bản,https://tinnhiemmang.vn/danh-ba-tin-nhiem/thuonghieuquangninhgovvn-1637165175
thuongkiem.kimson.ninhbinh.gov.vn,Uỷ ban nhân dân xã Thượng Kiệm,06/12/2024,Chứng nhận cơ bản,https://tinnhiemmang.vn/danh-ba-tin-nhiem/thuongkiemkimsonninhbinhgovvn-1733298508
thuongmaidientu.gdt.gov.vn,Tổng cục Thuế,10/08/2023,Chứng nhận cơ bản,https://tinnhiemmang.vn/danh-ba-tin-nhiem/thuongmaidientugdtgovvn-1691655008
thuongmaigialai.vn,Sở Công Thương tỉnh Gia Lai,24/01/2024,Chứng nhận cơ bản,https://tinnhiemmang.vn/danh-ba-tin-nhiem/thuongmaigialaivn-1706063793
thuongthanh.longbien.hanoi.gov.vn,"UBND Phường Thượng Thanh, quận Long Biên, Hà Nội",11/12/2023,Chứng nhận cơ bản,https://tinnhiemmang.vn/danh-ba-tin-nhiem/thuongthanhlongbienhanoigovvn-1702273438
thuongtin.hanoi.gov.vn,Huyện Thường Tín Thành phố Hà Nội,15/06/2021,Chứng nhận cơ bản,https://tinnhiemmang.vn/danh-ba-tin-nhiem/thuongtinhanoigovvn-1623518419
thuongtruong.com.vn,Tạp chí Thương Trường,29/03/2023,Chứng nhận cơ bản,https://tinnhiemmang.vn/danh-ba-tin-nhiem/thuongtruongcomvn-1628856788
thuongxuan.thanhhoa.gov.vn,"UBND huyện Thường Xuân, tỉnh Thanh Hóa",11/07/2023,Chứng nhận cơ bản,https://tinnhiemmang.vn/danh-ba-tin-nhiem/thuongxuanthanhhoagovvn-1688721912
thuphihatang.tphcm.gov.vn,Cảng vụ đường thủy nội địa Thành phố Hồ Chí Minh,11/07/2023,Chứng nhận cơ bản,https://tinnhiemmang.vn/danh-ba-tin-nhiem/thuphihatangtphcmgovvn-1689044232
thutuchanhchinh.hochiminhcity.gov.vn,Ủy ban nhân dân thành phố Hồ Chí Minh,09/10/2023,Chứng nhận cơ bản,https://tinnhiemmang.vn/danh-ba-tin-nhiem/thutuchanhchinhhochiminhcitygovvn-1696834545
thuvien.danang.gov.vn,Thư viện KHTH Đà Nẵng,22/12/2023,Chứng nhận cơ bản,https://tinnhiemmang.vn/danh-ba-tin-nhiem/thuviendananggovvn-1703057809
thuvien.quochoi.vn,Thư viện Quốc hội - Văn phòng Quốc hội,14/07/2021,Chứng nhận cơ bản,https://tinnhiemmang.vn/danh-ba-tin-nhiem/thuvienquochoivn-1626167644
thuvien.tayninh.gov.vn,Thư viện tỉnh Tây Ninh,24/11/2021,Chứng nhận cơ bản,https://tinnhiemmang.vn/danh-ba-tin-nhiem/thuvientayninhgovvn-1637644628
thuvienbinhthuan.com.vn,Thư viện tỉnh Bình Thuận,02/01/2024,Chứng nhận cơ bản,https://tinnhiemmang.vn/danh-ba-tin-nhiem/thuvienbinhthuancomvn-1703815243
thuvienbrvt.com.vn,Thư viện tỉnh Bà Rịa - Vũng Tàu - Sở Văn hóa và Thể thao,16/11/2021,Chứng nhận cơ bản,https://tinnhiemmang.vn/danh-ba-tin-nhiem/thuvienbrvtcomvn-1636984593
thuvienninhthuan.vn,Thư viện tỉnh Ninh Thuận,29/06/2023,Chứng nhận cơ bản,https://tinnhiemmang.vn/danh-ba-tin-nhiem/thuvienninhthuanvn-1688010093
thuvienso.moj.gov.vn,Cục Công nghệ Thông tin - Bộ Tư pháp,03/07/2024,Chứng nhận cơ bản,https://tinnhiemmang.vn/danh-ba-tin-nhiem/thuviensomojgovvn-1719998189
thuvienthanhkhe.danang.gov.vn,Trung tâm Văn hoá - Thể thao quận Thanh Khê,11/12/2023,Chứng nhận cơ bản,https://tinnhiemmang.vn/danh-ba-tin-nhiem/thuvienthanhkhedananggovvn-1702028491
thuvientinhthanhhoa.vn,Thư viện tỉnh Thanh Hóa,26/09/2024,Chứng nhận cơ bản,https://tinnhiemmang.vn/danh-ba-tin-nhiem/thuvientinhthanhhoavn-1727317554
thvanson.haiphong.edu.vn,Trường Tiểu học Vạn Sơn,19/07/2024,Chứng nhận cơ bản,https://tinnhiemmang.vn/danh-ba-tin-nhiem/thvansonhaiphongeduvn-1721274442
thviethaich.haiphong.edu.vn,Trường tiểu học Việt Hải,15/07/2024,Chứng nhận cơ bản,https://tinnhiemmang.vn/danh-ba-tin-nhiem/thviethaichhaiphongeduvn-1720833566
thviettien.haiphong.edu.vn,Trường Tiểu học Việt Tiến,09/07/2024,Chứng nhận cơ bản,https://tinnhiemmang.vn/danh-ba-tin-nhiem/thviettienhaiphongeduvn-1720496266
thvinhlong-thangthuy.haiphong.edu.vn,Trường Tiểu học Vĩnh Long- Thắng Thuỷ,17/07/2024,Chứng nhận cơ bản,https://tinnhiemmang.vn/danh-ba-tin-nhiem/thvinhlong-thangthuyhaiphongeduvn-1721182920
thvinhniem.haiphong.edu.vn,Trường Tiểu học Vĩnh Niệm,09/07/2024,Chứng nhận cơ bản,https://tinnhiemmang.vn/danh-ba-tin-nhiem/thvinhniemhaiphongeduvn-1720503507
thvinhphong-tienphong.haiphong.edu.vn,Trường Tiểu học Vĩnh Phong - Tiền Phong,08/07/2024,Chứng nhận cơ bản,https://tinnhiemmang.vn/danh-ba-tin-nhiem/thvinhphong-tienphonghaiphongeduvn-1720432314
thvinhquangtienlang.haiphong.edu.vn,Trường Tiểu học Vinh Quang Tiên Lãng,09/07/2024,Chứng nhận cơ bản,https://tinnhiemmang.vn/danh-ba-tin-nhiem/thvinhquangtienlanghaiphongeduvn-1720497347
thvinhtien-coam.haiphong.edu.vn,Trường Tiểu học Vĩnh Tiến - Cổ Am,10/07/2024,Chứng nhận cơ bản,https://tinnhiemmang.vn/danh-ba-tin-nhiem/thvinhtien-coamhaiphongeduvn-1720518523
thvothisau.haiphong.edu.vn,Trường tiểu học Võ Thị Sáu,09/07/2024,Chứng nhận cơ bản,https://tinnhiemmang.vn/danh-ba-tin-nhiem/thvothisauhaiphongeduvn-1720496710
tiendu.bacninh.gov.vn,"Huyện Tiên Du, tỉnh Bắc Ninh",25/01/2022,Chứng nhận cơ bản,https://tinnhiemmang.vn/danh-ba-tin-nhiem/tiendubacninhgovvn-1643012569
tienganhtinhoct07.edu.vn,Đại học Kỹ thuật - Hậu cần Công an nhân dân,20/03/2024,Chứng nhận cơ bản,https://tinnhiemmang.vn/danh-ba-tin-nhiem/tienganhtinhoct07eduvn-1710902986
tiengiang.baohiemxahoi.gov.vn,Bảo hiểm xã hội tỉnh Tiền Giang,30/06/2021,Chứng nhận cơ bản,https://tinnhiemmang.vn/danh-ba-tin-nhiem/tiengiangbaohiemxahoigovvn-1624325150
tiengiang.gdt.gov.vn,Cục Thuế tỉnh Tiền Giang,10/08/2023,Chứng nhận cơ bản,https://tinnhiemmang.vn/danh-ba-tin-nhiem/tiengianggdtgovvn-1691658370
tiengiang.toaan.gov.vn,Tòa án nhân dân tỉnh Tiền Giang,07/04/2023,Chứng nhận cơ bản,https://tinnhiemmang.vn/danh-ba-tin-nhiem/tiengiangtoaangovvn-1679889261
tienhoangcattien.lamdong.gov.vn,"UBND Xã Tiên Hoàng, Huyện Cát Tiên, Tỉnh Lâm Đồng",07/11/2023,Chứng nhận cơ bản,https://tinnhiemmang.vn/danh-ba-tin-nhiem/tienhoangcattienlamdonggovvn-1699320376
tienlang.haiphong.gov.vn,"Ủy ban nhân dân huyện Tiên Lãng, thành phố Hải Phòng",04/05/2024,Chứng nhận cơ bản,https://tinnhiemmang.vn/danh-ba-tin-nhiem/tienlanghaiphonggovvn-1714788258
tienlu.hungyen.gov.vn,"UBND huyện Tiên Lữ, tỉnh Hưng Yên",15/07/2021,Chứng nhận cơ bản,https://tinnhiemmang.vn/danh-ba-tin-nhiem/tienluhungyengovvn-1626336350
tienphong.vn,Báo điện tử Tiền phong,10/05/2024,Chứng nhận cơ bản,https://tinnhiemmang.vn/danh-ba-tin-nhiem/tienphongvn-1625715470
tienyen.quangninh.gov.vn,"UBND huyện Tiên Yên, tỉnh Quảng Ninh",16/11/2021,Chứng nhận cơ bản,https://tinnhiemmang.vn/danh-ba-tin-nhiem/tienyenquangninhgovvn-1637037134
tieuchuan.vsqi.gov.vn,Viện Tiêu chuẩn Chất lượng Việt Nam - Bộ Khoa học và Công nghệ,04/03/2024,Chứng nhận cơ bản,https://tinnhiemmang.vn/danh-ba-tin-nhiem/tieuchuanvsqigovvn-1709538682
tinhbien.angiang.gov.vn,UBND Huyện Tịnh Biên - Tỉnh An Giang,15/10/2021,Chứng nhận cơ bản,https://tinnhiemmang.vn/danh-ba-tin-nhiem/tinhbienangianggovvn-1634292047
tinhdoan.laichau.gov.vn,Tỉnh đoàn Lai Châu,01/03/2024,Chứng nhận cơ bản,https://tinnhiemmang.vn/danh-ba-tin-nhiem/tinhdoanlaichaugovvn-1709266518
tinhdoan.lamdong.gov.vn,Tỉnh Đoàn Lâm Đồng,30/10/2023,Chứng nhận cơ bản,https://tinnhiemmang.vn/danh-ba-tin-nhiem/tinhdoanlamdonggovvn-1698639580
tinhdoan.quangngai.gov.vn,Tỉnh đoàn Quảng Ngãi,10/05/2021,Chứng nhận cơ bản,https://tinnhiemmang.vn/danh-ba-tin-nhiem/tinhdoanquangngaigovvn-1620635356
tinhdoan.tayninh.gov.vn,Tỉnh đoàn Tây Ninh,24/11/2021,Chứng nhận cơ bản,https://tinnhiemmang.vn/danh-ba-tin-nhiem/tinhdoantayninhgovvn-1637644688
tinhuybinhduong.vn,Văn phòng Tỉnh ủy Bình Dương,19/03/2024,Chứng nhận cơ bản,https://tinnhiemmang.vn/danh-ba-tin-nhiem/tinhuybinhduongvn-1710814739
tinhuygialai.org.vn,Tỉnh ủy Gia Lai,15/07/2022,Chứng nhận cơ bản,https://tinnhiemmang.vn/danh-ba-tin-nhiem/tinhuygialaiorgvn-1657855778
tinhuykhanhhoa.vn,Tỉnh ủy Khánh Hòa,16/07/2021,Chứng nhận cơ bản,https://tinnhiemmang.vn/danh-ba-tin-nhiem/httptinhuykhanhhoavn-1623946305
tinhuynamdinh.vn,Văn phòng tỉnh ủy Nam Định,23/01/2024,Chứng nhận cơ bản,https://tinnhiemmang.vn/danh-ba-tin-nhiem/tinhuynamdinhvn-1705907896
tinnhiemmang.vn,Trung tâm An ninh mạng Quốc gia (NCA),01/05/2025,Chứng nhận nâng cao,https://tinnhiemmang.vn/danh-ba-tin-nhiem/tinnhiemmangvn-1617812364
tino.org,CÔNG TY CỔ PHẦN TẬP ĐOÀN TINO,08/09/2021,Chứng nhận cơ bản,https://tinnhiemmang.vn/danh-ba-tin-nhiem/tinoorg-1625756534
tinohost.com,CÔNG TY CỔ PHẦN TẬP ĐOÀN TINO,08/09/2021,Chứng nhận cơ bản,https://tinnhiemmang.vn/danh-ba-tin-nhiem/tinohostcom-1625756555
tintuc.vinhlong.gov.vn,Văn phòng UBND tỉnh Vĩnh Long,25/05/2023,Chứng nhận cơ bản,https://tinnhiemmang.vn/danh-ba-tin-nhiem/tintucvinhlonggovvn-1684915653
tipcgialai.vn,Sở Công Thương tỉnh Gia Lai,24/01/2024,Chứng nhận cơ bản,https://tinnhiemmang.vn/danh-ba-tin-nhiem/tipcgialaivn-1706063794
titc.vn,Trung tâm Thông tin du lịch,24/06/2024,Chứng nhận cơ bản,https://tinnhiemmang.vn/danh-ba-tin-nhiem/titcvn-1717729216
tk.toaan.gov.vn,Tòa án nhân dân tối cao,07/04/2023,Chứng nhận cơ bản,https://tinnhiemmang.vn/danh-ba-tin-nhiem/tktoaangovvn-1680839284
tksic.vn,Công Ty Cổ Phần TKSIC,19/12/2022,Chứng nhận cơ bản,https://tinnhiemmang.vn/danh-ba-tin-nhiem/tksicvn-1635248382
tlpl.moj.gov.vn,Cục Công nghệ Thông tin - Bộ Tư pháp,03/07/2024,Chứng nhận cơ bản,https://tinnhiemmang.vn/danh-ba-tin-nhiem/tlplmojgovvn-1719998191
tltvietnam.vn,Công Ty TNHH Thương Mại Và Dịch Vụ Công Nghệ TLT,16/09/2022,Chứng nhận cơ bản,https://tinnhiemmang.vn/danh-ba-tin-nhiem/tltvietnamvn-1661398275
tmdt.mic.gov.vn,Bộ Thông tin và Truyền thông,29/11/2021,Chứng nhận nâng cao,https://tinnhiemmang.vn/danh-ba-tin-nhiem/tmdtmicgovvn-1638151681
tnbautostore.com,Công Ty TNHH Thương Mại Dịch Vụ Và Xuất Nhập Khẩu TNB,07/04/2022,Chứng nhận cơ bản,https://tinnhiemmang.vn/danh-ba-tin-nhiem/tnbautostorecom-1649312891
tnbvn.com,Công Ty TNHH Thương Mại Dịch Vụ Và Xuất Nhập Khẩu TNB,07/04/2022,Chứng nhận cơ bản,https://tinnhiemmang.vn/danh-ba-tin-nhiem/tnbvncom-1649312825
tnmt.danang.gov.vn,Sở Tài nguyên và Môi trường Đà Nẵng,25/12/2023,Chứng nhận cơ bản,https://tinnhiemmang.vn/danh-ba-tin-nhiem/tnmtdananggovvn-1703305396
tnmt.thuathienhue.gov.vn,Sở Tài nguyên và Môi trường tỉnh Thừa Thiên Huế,30/07/2021,Chứng nhận cơ bản,https://tinnhiemmang.vn/danh-ba-tin-nhiem/tnmtthuathienhuegovvn-1627619891
tnmtgialai.gov.vn,Sở Tài nguyên và Môi trường tỉnh Gia Lai,24/01/2024,Chứng nhận cơ bản,https://tinnhiemmang.vn/danh-ba-tin-nhiem/tnmtgialaigovvn-1706063846
tnxp.hochiminhcity.gov.vn,Lực lượng Thanh niên xung phong Thành phố Hồ Chí Minh,15/03/2024,Chứng nhận cơ bản,https://tinnhiemmang.vn/danh-ba-tin-nhiem/tnxphochiminhcitygovvn-1710401860
toaan.gov.vn,Tòa án nhân dân tối cao,07/04/2023,Chứng nhận cơ bản,https://tinnhiemmang.vn/danh-ba-tin-nhiem/toaangovvn-1679565347
toatinh.tuangiao.gov.vn,Ủy Ban Nhân Dân Xã Tỏa Tình,23/11/2023,Chứng nhận cơ bản,https://tinnhiemmang.vn/danh-ba-tin-nhiem/toatinhtuangiaogovvn-1700641918
top5quangngai.com,Công ty TNHH truyền thông Tomaz,17/08/2022,Chứng nhận cơ bản,https://tinnhiemmang.vn/danh-ba-tin-nhiem/top5quangngaicom-1646789258
topaz.vn,TopAZ Reviews,19/11/2021,Chứng nhận cơ bản,https://tinnhiemmang.vn/danh-ba-tin-nhiem/topazvn-1637151462
topwine.com.vn,Công Ty TNHH TMDV Blue Ocean,19/10/2022,Chứng nhận cơ bản,https://tinnhiemmang.vn/danh-ba-tin-nhiem/topwinecomvn-1665918124
topzone.vn,Công ty cổ phần Thế Giới Di Động,04/11/2021,Chứng nhận cơ bản,https://tinnhiemmang.vn/danh-ba-tin-nhiem/topzonevn-1635823490
toquoc.vn,Báo điện tử Tổ Quốc,28/06/2023,Chứng nhận cơ bản,https://tinnhiemmang.vn/danh-ba-tin-nhiem/toquocvn-1687925563
tourism.hanoi.gov.vn,Sở Du lịch Thành phố Hà Nội,14/06/2021,Chứng nhận cơ bản,https://tinnhiemmang.vn/danh-ba-tin-nhiem/tourismhanoigovvn-1623510847
tpcaolanh.dongthap.gov.vn,"Ủy ban nhân dân Thành phố Cao Lãnh, tỉnh Đồng Tháp",22/11/2021,Chứng nhận cơ bản,https://tinnhiemmang.vn/danh-ba-tin-nhiem/tpcaolanhdongthapgovvn-1637571674
tpcm.camau.gov.vn,Ủy ban nhân dân thành phố Cà Mau,02/06/2023,Chứng nhận cơ bản,https://tinnhiemmang.vn/danh-ba-tin-nhiem/tpcmcamaugovvn-1685606088
tpdienbienphu.dienbien.gov.vn,Ủy ban nhân dân thành phố Điện Biên Phủ,08/05/2024,Chứng nhận cơ bản,https://tinnhiemmang.vn/danh-ba-tin-nhiem/tpdienbienphudienbiengovvn-1715135130
tphcm.baohiemxahoi.gov.vn,Bảo Hiểm Xã Hội TP Hồ Chí Minh,28/07/2021,Chứng nhận cơ bản,https://tinnhiemmang.vn/danh-ba-tin-nhiem/tphcmbaohiemxahoigovvn-1627465294
tphcm.customs.gov.vn,Cục Hải quan TP Hồ Chí Minh,11/08/2023,Chứng nhận cơ bản,https://tinnhiemmang.vn/danh-ba-tin-nhiem/tphcmcustomsgovvn-1691728040
tphcm.gdt.gov.vn,Cục Thuế Thành phố Hồ Chí Minh,10/08/2023,Chứng nhận cơ bản,https://tinnhiemmang.vn/danh-ba-tin-nhiem/tphcmgdtgovvn-1691658171
tphongngu.dongthap.gov.vn,"Ủy ban nhân dân Thành phố Hồng Ngự, tỉnh Đồng Tháp",22/11/2021,Chứng nhận cơ bản,https://tinnhiemmang.vn/danh-ba-tin-nhiem/tphongngudongthapgovvn-1637572116
tpos.vn,Công ty Cổ phần Công nghệ Trường Minh Thịnh,07/05/2022,Chứng nhận cơ bản,https://tinnhiemmang.vn/danh-ba-tin-nhiem/tposvn-1646969247
tptdm.edu.vn,Phòng Giáo dục và Đào tạo thành phố Thủ Dầu Một,20/07/2022,Chứng nhận cơ bản,https://tinnhiemmang.vn/danh-ba-tin-nhiem/tptdmeduvn-1657534128
tpthanhhoa.thanhhoa.gov.vn,UBND Thành phố Thanh Hoá,19/10/2021,Chứng nhận cơ bản,https://tinnhiemmang.vn/danh-ba-tin-nhiem/tpthanhhoathanhhoagovvn-1634571946
tpthuduc.hochiminhcity.gov.vn,UBND thành phố Thủ Đức,26/07/2024,Chứng nhận cơ bản,https://tinnhiemmang.vn/danh-ba-tin-nhiem/tpthuduchochiminhcitygovvn-1721881470
tqc.gov.vn,Trung tâm Đo lường Chất lượng Viễn thông,07/03/2024,Chứng nhận cơ bản,https://tinnhiemmang.vn/danh-ba-tin-nhiem/tqcgovvn-1709715627
tqcap.khanhhoa.edu.vn,"Trường THPT Trần Quý Cáp, tỉnh Khánh Hòa",09/08/2023,Chứng nhận cơ bản,https://tinnhiemmang.vn/danh-ba-tin-nhiem/tqcapkhanhhoaeduvn-1691554686
trabong.quangngai.gov.vn,"Huyện Trà Bồng, Tỉnh Quảng Ngãi",10/05/2021,Chứng nhận cơ bản,https://tinnhiemmang.vn/danh-ba-tin-nhiem/trabongquangngaigovvn-1620635334
tracon.vinhlong.gov.vn,UBND xã Trà Côn tỉnh Vĩnh Long,15/07/2021,Chứng nhận cơ bản,https://tinnhiemmang.vn/danh-ba-tin-nhiem/traconvinhlonggovvn-1626268091
tracuudiem.danang.gov.vn,Sở Giáo dục và Đào tạo thành phố Đà Nẵng,10/01/2024,Chứng nhận cơ bản,https://tinnhiemmang.vn/danh-ba-tin-nhiem/tracuudiemdananggovvn-1704788838
tracuuhoadon.gdt.gov.vn,Tổng cục Thuế,10/08/2023,Chứng nhận cơ bản,https://tinnhiemmang.vn/danh-ba-tin-nhiem/tracuuhoadongdtgovvn-1691655003
tracuunnt.gdt.gov.vn,Tổng cục Thuế,10/08/2023,Chứng nhận cơ bản,https://tinnhiemmang.vn/danh-ba-tin-nhiem/tracuunntgdtgovvn-1691655001
tracuuvuan.toaan.gov.vn,Tòa án nhân dân tối cao,07/04/2023,Chứng nhận cơ bản,https://tinnhiemmang.vn/danh-ba-tin-nhiem/tracuuvuantoaangovvn-1679902058
tracuuxevipham.bacninh.gov.vn,Sở Thông tin và Truyền thông tỉnh Bắc Ninh,05/11/2021,Chứng nhận cơ bản,https://tinnhiemmang.vn/danh-ba-tin-nhiem/tracuuxeviphambacninhgovvn-1636097751
trade.danang.gov.vn,Sở Công Thương Đà Nẵng,24/11/2021,Chứng nhận cơ bản,https://tinnhiemmang.vn/danh-ba-tin-nhiem/tradedananggovvn-1637730787
tramhanh.dalat.lamdong.gov.vn,UBND Xã Trạm Hành,18/09/2024,Chứng nhận cơ bản,https://tinnhiemmang.vn/danh-ba-tin-nhiem/tramhanhdalatlamdonggovvn-1726451354
trangbang.tayninh.gov.vn,Uỷ ban nhân dân thị xã Trảng Bàng tỉnh Tây Ninh,24/11/2021,Chứng nhận cơ bản,https://tinnhiemmang.vn/danh-ba-tin-nhiem/trangbangtayninhgovvn-1637640875
trangbom.dongnai.gov.vn,"UBND huyện Trảng Bom, tỉnh Đồng Nai",05/02/2024,Chứng nhận cơ bản,https://tinnhiemmang.vn/danh-ba-tin-nhiem/trangbomdongnaigovvn-1706860265
trangsucvn.com,Công Ty TNHH Trang Sức Em và Tôi,13/12/2021,Chứng nhận cơ bản,https://tinnhiemmang.vn/danh-ba-tin-nhiem/trangsucvncom-1638793236
trangtraiviet.vn,Báo điện tử Dân Việt,29/03/2023,Chứng nhận cơ bản,https://tinnhiemmang.vn/danh-ba-tin-nhiem/trangtraivietvn-1626259481
trangvangdulichvietnam.vn,Trung tâm Thông tin du lịch,12/08/2024,Chứng nhận cơ bản,https://tinnhiemmang.vn/danh-ba-tin-nhiem/trangvangdulichvietnamvn-1723449370
translationifk.com,Công Ty TNHH Giáo Dục Và Dịch Thuật IFK,01/11/2021,Chứng nhận cơ bản,https://tinnhiemmang.vn/danh-ba-tin-nhiem/translationifkcom-1634552325
tranvanthoi.camau.gov.vn,Ủy ban Nhân dân huyện Trần Văn Thời,30/05/2023,Chứng nhận cơ bản,https://tinnhiemmang.vn/danh-ba-tin-nhiem/tranvanthoicamaugovvn-1684979792
traon.vinhlong.gov.vn,UBND huyện Trà Ôn tỉnh Vĩnh Long,25/05/2023,Chứng nhận cơ bản,https://tinnhiemmang.vn/danh-ba-tin-nhiem/traonvinhlonggovvn-1684915383
travellink.vn,Công Ty Cổ Phần Công Nghệ Và Truyền Thông Vnlink,30/06/2024,Chứng nhận cơ bản,https://tinnhiemmang.vn/danh-ba-tin-nhiem/travellinkvn-1720173906
travinh.baohiemxahoi.gov.vn,Bảo Hiểm Xã Hội tỉnh Trà Vinh,28/07/2021,Chứng nhận cơ bản,https://tinnhiemmang.vn/danh-ba-tin-nhiem/travinhbaohiemxahoigovvn-1627464321
travinh.dcs.vn,Tỉnh ủy Trà Vinh,12/01/2022,Chứng nhận cơ bản,https://tinnhiemmang.vn/danh-ba-tin-nhiem/travinhdcsvn-1641979333
travinh.gdt.gov.vn,Cục Thuế tỉnh Trà Vinh,10/08/2023,Chứng nhận cơ bản,https://tinnhiemmang.vn/danh-ba-tin-nhiem/travinhgdtgovvn-1691658418
travinh.toaan.gov.vn,Tòa án nhân dân tỉnh Trà Vinh,07/04/2023,Chứng nhận cơ bản,https://tinnhiemmang.vn/danh-ba-tin-nhiem/travinhtoaangovvn-1679889102
treladatthanh.com,Tre Lá Đạt Thành,01/10/2022,Chứng nhận cơ bản,https://tinnhiemmang.vn/danh-ba-tin-nhiem/treladatthanhcom-1664247162
triet.vn,Công ty TNHH Giáo Dục Chuyên sâu ILP,14/11/2022,Chứng nhận cơ bản,https://tinnhiemmang.vn/danh-ba-tin-nhiem/trietvn-1668410993
trieuson.thanhhoa.gov.vn,"UBND huyện Triệu Sơn, tỉnh Thanh Hóa",17/01/2024,Chứng nhận cơ bản,https://tinnhiemmang.vn/danh-ba-tin-nhiem/trieusonthanhhoagovvn-1705455889
triton.angiang.gov.vn,"UBND Huyện Tri Tôn, tỉnh An Giang",06/10/2021,Chứng nhận cơ bản,https://tinnhiemmang.vn/danh-ba-tin-nhiem/tritonangianggovvn-1633505051
trogiupphaply.danang.gov.vn,Trung tâm Trợ giúp pháp lý nhà nước thành phố Đà Nẵng,27/12/2023,Chứng nhận cơ bản,https://tinnhiemmang.vn/danh-ba-tin-nhiem/trogiupphaplydananggovvn-1703597755
trolyluat247.vn,Công ty Cổ phần Zoli,27/02/2025,Chứng nhận cơ bản,https://tinnhiemmang.vn/danh-ba-tin-nhiem/trolyluat247vn-1740641270
trongoixaynha.com,Công Ty TNHH Xây Dựng Nhanh Nhanh,19/09/2022,Chứng nhận cơ bản,https://tinnhiemmang.vn/danh-ba-tin-nhiem/trongoixaynhacom-1663123891
trt.com.vn,Đài Phát thanh và Truyền hình tỉnh Thừa Thiên Huế,05/01/2022,Chứng nhận cơ bản,https://tinnhiemmang.vn/danh-ba-tin-nhiem/trtcomvn-1640923599
trungcapnghemiennui.edu.vn,Trường Trung cấp nghề Miền núi Thanh Hóa,17/10/2024,Chứng nhận cơ bản,https://tinnhiemmang.vn/danh-ba-tin-nhiem/trungcapnghemiennuieduvn-1729133141
trunghiep.vinhlong.gov.vn,UBND xã Trung Hiệp tỉnh Vĩnh Long,15/07/2021,Chứng nhận cơ bản,https://tinnhiemmang.vn/danh-ba-tin-nhiem/trunghiepvinhlonggovvn-1626267574
trungkhanh.caobang.gov.vn,"UBND huyện Trùng Khánh, tỉnh Cao Bằng",29/06/2023,Chứng nhận cơ bản,https://tinnhiemmang.vn/danh-ba-tin-nhiem/trungkhanhcaobanggovvn-1688026535
trungngai.vinhlong.gov.vn,UBND xã Trung Ngãi tỉnh Vĩnh Long,15/07/2021,Chứng nhận cơ bản,https://tinnhiemmang.vn/danh-ba-tin-nhiem/trungngaivinhlonggovvn-1626267540
trungtamcapcuu.danang.gov.vn,Trung tâm Cấp cứu thành phố Đà Nẵng,19/07/2022,Chứng nhận cơ bản,https://tinnhiemmang.vn/danh-ba-tin-nhiem/trungtamcapcuudananggovvn-1658198438
trungtamdalieudongy.com,Công ty cổ phần Nhất Nam Y Viện,22/12/2022,Chứng nhận cơ bản,https://tinnhiemmang.vn/danh-ba-tin-nhiem/trungtamdalieudongycom-1671675563
trungtamhoanggia.com,Công Ty TNHH Đào Tạo Và Dạy Nghề Hoàng Gia,21/06/2022,Chứng nhận cơ bản,https://tinnhiemmang.vn/danh-ba-tin-nhiem/trungtamhoanggiacom-1652673120
trungtamnuocbrvt.com.vn,Trung tâm Nước sạch và Vệ sinh môi trường nông thôn tỉnh Bà Rịa - Vũng Tàu,19/07/2021,Chứng nhận cơ bản,https://tinnhiemmang.vn/danh-ba-tin-nhiem/trungtamnuocbrvtcomvn-1626679758
trungtamnuocsach.vinhlong.gov.vn,Trung tâm Nước sạch và Vệ sinh Môi trường Nông thôn tỉnh Vĩnh Long,15/08/2024,Chứng nhận cơ bản,https://tinnhiemmang.vn/danh-ba-tin-nhiem/trungtamnuocsachvinhlonggovvn-1723689821
trungtamnuocthanhhoa.com.vn,Trung tâm Nước sinh hoạt và Vệ sinh môi trường nông thôn tỉnh Thanh Hóa,17/10/2024,Chứng nhận cơ bản,https://tinnhiemmang.vn/danh-ba-tin-nhiem/trungtamnuocthanhhoacomvn-1729133000
trungtamphantichchungnhanhanoi.gov.vn,Trung tâm phân tích và chứng nhận chất lượng sản phẩm nông nghiệp Hà Nội,16/07/2024,Chứng nhận cơ bản,https://tinnhiemmang.vn/danh-ba-tin-nhiem/trungtamphantichchungnhanhanoigovvn-1721014693
trungtamptht.bqlkkt.angiang.gov.vn,Trung tâm Đầu tư - Phát triển hạ tầng và Hỗ trợ doanh nghiệp Khu kinh tế tỉnh An Giang,02/10/2024,Chứng nhận cơ bản,https://tinnhiemmang.vn/danh-ba-tin-nhiem/trungtampthtbqlkktangianggovvn-1727771490
trungtamthuoc.com,Trung Tâm Thuốc Central Pharmacy,16/05/2022,Chứng nhận cơ bản,https://tinnhiemmang.vn/danh-ba-tin-nhiem/trungtamthuoccom-1652251354
trungtamytebadinh.com,Trung tâm Y tế quận Ba Đình,20/06/2024,Chứng nhận cơ bản,https://tinnhiemmang.vn/danh-ba-tin-nhiem/trungtamytebadinhcom-1718866656
trungtamytebaolam.vn,Trung tâm y tế huyện Bảo Lâm,26/09/2023,Chứng nhận cơ bản,https://tinnhiemmang.vn/danh-ba-tin-nhiem/trungtamytebaolamvn-1695713052
trungtamytebaoloc.vn,Trung tâm Y tế thành phố Bảo Lộc,15/06/2023,Chứng nhận cơ bản,https://tinnhiemmang.vn/danh-ba-tin-nhiem/trungtamytebaolocvn-1686790656
trungtamytecamle.danang.gov.vn,Trung Tâm Y Tế Quận Cẩm Lệ,23/06/2023,Chứng nhận cơ bản,https://tinnhiemmang.vn/danh-ba-tin-nhiem/trungtamytecamledananggovvn-1687314335
trungtamytecamranh.khanhhoa.gov.vn,Trung tâm y tế thành phố Cam Ranh  tỉnh Khánh Hòa,14/07/2022,Chứng nhận cơ bản,https://tinnhiemmang.vn/danh-ba-tin-nhiem/trungtamytecamranhkhanhhoagovvn-1626059909
trungtamytedakglei.vn,Trung tâm Y tế Huyện Đắk Glei,16/07/2024,Chứng nhận cơ bản,https://tinnhiemmang.vn/danh-ba-tin-nhiem/trungtamytedakgleivn-1721032906
trungtamytedienkhanh.khanhhoa.gov.vn,Trung tâm Y tế huyện Diên Khánh  tỉnh Khánh Hòa,14/07/2022,Chứng nhận cơ bản,https://tinnhiemmang.vn/danh-ba-tin-nhiem/trungtamytedienkhanhkhanhhoagovvn-1626060002
trungtamytedilinh.vn,Trung tâm Y tế huyện Di Linh,15/06/2023,Chứng nhận cơ bản,https://tinnhiemmang.vn/danh-ba-tin-nhiem/trungtamytedilinhvn-1686536500
trungtamytehoaiduc.com.vn,Trung tâm Y tế huyện Hoài Đức,20/06/2024,Chứng nhận cơ bản,https://tinnhiemmang.vn/danh-ba-tin-nhiem/trungtamytehoaiduccomvn-1718866501
trungtamytehoavang.com.vn,Trung tâm Y tế huyện Hòa Vang,04/08/2022,Chứng nhận cơ bản,https://tinnhiemmang.vn/danh-ba-tin-nhiem/trungtamytehoavangcomvn-1659494625
trungtamytehuyenbavi.vn,Trung tâm Y tế huyện Ba Vì,20/06/2024,Chứng nhận cơ bản,https://tinnhiemmang.vn/danh-ba-tin-nhiem/trungtamytehuyenbavivn-1718866447
trungtamytehuyendakto.vn,Trung tâm Y tế huyện Đăk Tô,05/08/2024,Chứng nhận cơ bản,https://tinnhiemmang.vn/danh-ba-tin-nhiem/trungtamytehuyendaktovn-1722848673
trungtamytekhanhson.khanhhoa.gov.vn,Trung tâm Y tế huyện Khánh Sơn  tỉnh Khánh Hòa,14/07/2022,Chứng nhận cơ bản,https://tinnhiemmang.vn/danh-ba-tin-nhiem/trungtamytekhanhsonkhanhhoagovvn-1626060160
trungtamytekhanhvinh.khanhhoa.gov.vn,Trung tâm y tế Khánh Vĩnh tỉnh Khánh Hòa,14/07/2022,Chứng nhận cơ bản,https://tinnhiemmang.vn/danh-ba-tin-nhiem/trungtamytekhanhvinhkhanhhoagovvn-1626148187
trungtamytenghison.vn,Trung tâm Y tế thị xã Nghi Sơn,26/09/2024,Chứng nhận cơ bản,https://tinnhiemmang.vn/danh-ba-tin-nhiem/trungtamytenghisonvn-1727317273
trungtamytephuxuyen.vn,Trung tâm Y tế huyện Phú Xuyên,20/06/2024,Chứng nhận cơ bản,https://tinnhiemmang.vn/danh-ba-tin-nhiem/trungtamytephuxuyenvn-1718866562
trungtamytequanhaibatrung.com,Trung tâm Y tế quận Hai Bà Trưng,20/06/2024,Chứng nhận cơ bản,https://tinnhiemmang.vn/danh-ba-tin-nhiem/trungtamytequanhaibatrungcom-1718866809
trungtamytethanhkhe.com,Trung tâm y tế quận Thanh Khê,05/12/2022,Chứng nhận cơ bản,https://tinnhiemmang.vn/danh-ba-tin-nhiem/trungtamytethanhkhecom-1663203346
trungtamytethanhthuy.vn,"TTYT Huyện Thanh Thủy, tỉnh Phú Thọ",03/10/2023,Chứng nhận cơ bản,https://tinnhiemmang.vn/danh-ba-tin-nhiem/trungtamytethanhthuyvn-1696235488
trungtamytethanhxuan.com,Trung tâm Y tế quận Thanh Xuân,20/06/2024,Chứng nhận cơ bản,https://tinnhiemmang.vn/danh-ba-tin-nhiem/trungtamytethanhxuancom-1718867007
trungtamytetumorong.vn,Trung tâm Y tế huyện Tu Mơ Rông,03/06/2024,Chứng nhận cơ bản,https://tinnhiemmang.vn/danh-ba-tin-nhiem/trungtamytetumorongvn-1715656760
trungtamytevanninh.com.vn,"Trung tâm y tế huyện Vạn Ninh, tỉnh Khánh Hòa",09/08/2023,Chứng nhận cơ bản,https://tinnhiemmang.vn/danh-ba-tin-nhiem/trungtamytevanninhcomvn-1691552150
trungtamytevanyen.vn,Trung tâm Y tế huyện Văn Yên,26/06/2023,Chứng nhận cơ bản,https://tinnhiemmang.vn/danh-ba-tin-nhiem/trungtamytevanyenvn-1687514269
trungthanh.vinhlong.gov.vn,UBND xã Trung Thành tỉnh Vĩnh Long,15/07/2021,Chứng nhận cơ bản,https://tinnhiemmang.vn/danh-ba-tin-nhiem/trungthanhvinhlonggovvn-1626267446
truong.csdl.moet.gov.vn,Bộ Giáo dục và Đào tạo,16/08/2023,Chứng nhận cơ bản,https://tinnhiemmang.vn/danh-ba-tin-nhiem/truongcsdlmoetgovvn-1692159182
truongchinhtri.angiang.gov.vn,Trường Chính trị Tôn Đức Thăng An Giang,06/10/2021,Chứng nhận cơ bản,https://tinnhiemmang.vn/danh-ba-tin-nhiem/truongchinhtriangianggovvn-1633514322
truongchinhtri.camau.gov.vn,Trường Chính trị tỉnh Cà Mau,30/05/2023,Chứng nhận cơ bản,https://tinnhiemmang.vn/danh-ba-tin-nhiem/truongchinhtricamaugovvn-1684982709
truongchinhtri.dongthap.gov.vn,Trường Chính trị tỉnh Đồng Tháp,22/11/2021,Chứng nhận cơ bản,https://tinnhiemmang.vn/danh-ba-tin-nhiem/truongchinhtridongthapgovvn-1637558015
truongchinhtri.edu.vn,Trường Chính trị tỉnh Bình Phước,27/12/2023,Chứng nhận cơ bản,https://tinnhiemmang.vn/danh-ba-tin-nhiem/truongchinhtrieduvn-1703650239
truongchinhtri.quangngai.gov.vn,Trường Chính Trị tỉnh Quảng Ngãi,10/05/2021,Chứng nhận cơ bản,https://tinnhiemmang.vn/danh-ba-tin-nhiem/truongchinhtriquangngaigovvn-1620635353
truongchinhtri.tayninh.gov.vn,Trường chính trị tỉnh Tây Ninh,24/11/2021,Chứng nhận cơ bản,https://tinnhiemmang.vn/danh-ba-tin-nhiem/truongchinhtritayninhgovvn-1637644756
truonghao.com,Công ty TNHH THDIGI,29/11/2021,Chứng nhận cơ bản,https://tinnhiemmang.vn/danh-ba-tin-nhiem/truonghaocom-1638158266
truongthinh.info,Công Ty TNHH Phát Triển Công Nghệ Trường Thịnh Group,08/11/2022,Chứng nhận cơ bản,https://tinnhiemmang.vn/danh-ba-tin-nhiem/truongthinhinfo-1661681192
truongthptmytho.edu.vn,Trường THPT Mỹ Thọ tỉnh Bình Định,07/06/2023,Chứng nhận cơ bản,https://tinnhiemmang.vn/danh-ba-tin-nhiem/truongthptmythoeduvn-1686124189
truongyen.hoalu.ninhbinh.gov.vn,"Uỷ ban nhân dân xã Trường Yên, huyện Hoa Lư, tỉnh Ninh Bình",27/06/2024,Chứng nhận cơ bản,https://tinnhiemmang.vn/danh-ba-tin-nhiem/truongyenhoaluninhbinhgovvn-1719456061
truyenhinhthanhhoa.vn,Đài Phát thanh và Truyền hình Thanh Hóa,11/07/2023,Chứng nhận cơ bản,https://tinnhiemmang.vn/danh-ba-tin-nhiem/truyenhinhthanhhoavn-1688716436
truyenthongthapmuoi.dongthap.gov.vn,"Đài Truyền thanh huyện Tháp Mười, tỉnh Đồng Tháp",22/11/2021,Chứng nhận cơ bản,https://tinnhiemmang.vn/danh-ba-tin-nhiem/truyenthongthapmuoidongthapgovvn-1637570395
truyxuatnguongoc.bacninh.gov.vn,Sở Khoa Học Và Công Nghệ Bắc Ninh,30/11/2021,Chứng nhận cơ bản,https://tinnhiemmang.vn/danh-ba-tin-nhiem/truyxuatnguongocbacninhgovvn-1638241579
truyxuatnguongoc.gialai.gov.vn,Chi cục Tiêu chuẩn Đo lường Chất lượng – Sở Khoa học và Công nghệ tỉnh Gia Lai,24/01/2024,Chứng nhận cơ bản,https://tinnhiemmang.vn/danh-ba-tin-nhiem/truyxuatnguongocgialaigovvn-1706063732
tt.dongthap.gov.vn,Thanh tra Tỉnh Đồng Tháp,22/11/2021,Chứng nhận cơ bản,https://tinnhiemmang.vn/danh-ba-tin-nhiem/ttdongthapgovvn-1637557355
ttbtxh.khanhhoa.gov.vn,Trung tâm Bảo trợ xã hội tỉnh Khánh Hòa,09/08/2023,Chứng nhận cơ bản,https://tinnhiemmang.vn/danh-ba-tin-nhiem/ttbtxhkhanhhoagovvn-1691550750
ttbtxhctxh.khanhhoa.gov.vn,Trung tâm Bảo trợ xã hội và Công tác xã hội tỉnh Khánh Hoà,14/06/2024,Chứng nhận cơ bản,https://tinnhiemmang.vn/danh-ba-tin-nhiem/ttbtxhctxhkhanhhoagovvn-1718329468
ttbtxhninhhoa.khanhhoa.gov.vn,"Trung tâm Bảo trợ xã hội và Công tác xã hội thị xã Ninh Hòa, tỉnh Khánh Hòa",09/08/2023,Chứng nhận cơ bản,https://tinnhiemmang.vn/danh-ba-tin-nhiem/ttbtxhninhhoakhanhhoagovvn-1691550826
ttbvtv.lamdong.gov.vn,Chi cục Trồng trọt và Bảo vệ thực vật tỉnh Lâm Đồng,07/09/2023,Chứng nhận cơ bản,https://tinnhiemmang.vn/danh-ba-tin-nhiem/ttbvtvlamdonggovvn-1693961992
ttcc115.khanhhoa.gov.vn,Trung tâm Cấp cứu 115 tỉnh Khánh Hòa,09/08/2023,Chứng nhận cơ bản,https://tinnhiemmang.vn/danh-ba-tin-nhiem/ttcc115khanhhoagovvn-1691552344
ttctxh.laocai.gov.vn,Trung tâm công tác xã hội tỉnh Lào Cai,25/11/2021,Chứng nhận cơ bản,https://tinnhiemmang.vn/danh-ba-tin-nhiem/ttctxhlaocaigovvn-1637810850
ttdgts.laocai.gov.vn,Trung tâm dịch vụ bán đấu giá tài sản tỉnh Lào Cai,25/11/2021,Chứng nhận cơ bản,https://tinnhiemmang.vn/danh-ba-tin-nhiem/ttdgtslaocaigovvn-1637811786
ttdn.ninhbinh.gov.vn,Sở Thông tin và Truyền thông tỉnh Ninh Bình,22/07/2024,Chứng nhận cơ bản,https://tinnhiemmang.vn/danh-ba-tin-nhiem/ttdnninhbinhgovvn-1721619916
ttdvvl.thanhhoa.gov.vn,Trung tâm Dịch vụ việc làm Thanh Hóa,17/10/2024,Chứng nhận cơ bản,https://tinnhiemmang.vn/danh-ba-tin-nhiem/ttdvvlthanhhoagovvn-1729133035
ttgdnngdtx-camthuy.edu.vn,Trung tâm GDNN-GDTX huyện Cẩm Thủy tỉnh Thanh Hóa,10/04/2024,Chứng nhận cơ bản,https://tinnhiemmang.vn/danh-ba-tin-nhiem/ttgdnngdtx-camthuyeduvn-1712737497
ttgdtxhaiphong.haiphong.edu.vn,Trung tâm Giáo dục thường xuyên Hải Phòng,10/07/2024,Chứng nhận cơ bản,https://tinnhiemmang.vn/danh-ba-tin-nhiem/ttgdtxhaiphonghaiphongeduvn-1720536314
tthanhchinhcong.angiang.gov.vn,Trung tâm phục vụ hành chính công tỉnh An Giang,06/10/2021,Chứng nhận cơ bản,https://tinnhiemmang.vn/danh-ba-tin-nhiem/tthanhchinhcongangianggovvn-1633514471
tthc.vinhlong.gov.vn,Văn phòng UBND tỉnh Vĩnh Long,25/05/2023,Chứng nhận cơ bản,https://tinnhiemmang.vn/danh-ba-tin-nhiem/tthcvinhlonggovvn-1684915705
tthcc.dongthap.gov.vn,Trung tâm Kiểm soát TTHC và Phục vụ HCC tỉnh Đồng Tháp,22/11/2021,Chứng nhận cơ bản,https://tinnhiemmang.vn/danh-ba-tin-nhiem/tthccdongthapgovvn-1637565618
tthltdtt.vinhlong.gov.vn,Sở Văn hóa – Thể thao và DL tỉnh Vĩnh Long,09/10/2023,Chứng nhận cơ bản,https://tinnhiemmang.vn/danh-ba-tin-nhiem/tthltdttvinhlonggovvn-1696566755
tthlvdtvdvtdttdanang.vn,Trung tâm Huấn luyện và Đào tạo VĐV TDTT Đà Nẵng,20/12/2023,Chứng nhận cơ bản,https://tinnhiemmang.vn/danh-ba-tin-nhiem/tthlvdtvdvtdttdanangvn-1702866422
ttkn.vinhlong.gov.vn,Trung tâm Kiểm nghiệm tỉnh Vĩnh Long,19/03/2024,Chứng nhận cơ bản,https://tinnhiemmang.vn/danh-ba-tin-nhiem/ttknvinhlonggovvn-1710815029
ttltls.vinhlong.gov.vn,Sở Nội vụ tỉnh Vĩnh Long,09/10/2023,Chứng nhận cơ bản,https://tinnhiemmang.vn/danh-ba-tin-nhiem/ttltlsvinhlonggovvn-1696566815
ttnnth.tcdbt.edu.vn,Trường Cao đẳng Bình Thuận,02/01/2024,Chứng nhận cơ bản,https://tinnhiemmang.vn/danh-ba-tin-nhiem/ttnnthtcdbteduvn-1703815427
ttqh-q12.hochiminhcity.gov.vn,Ủy ban nhân dân quận 12 thành phố Hồ Chí Minh,09/10/2023,Chứng nhận cơ bản,https://tinnhiemmang.vn/danh-ba-tin-nhiem/ttqh-q12hochiminhcitygovvn-1696834022
ttr.dienbien.gov.vn,Cổng Thông tin điện tử Thanh tra tỉnh Điện Biên,20/07/2022,Chứng nhận cơ bản,https://tinnhiemmang.vn/danh-ba-tin-nhiem/ttrdienbiengovvn-1658312240
ttra.quangngai.gov.vn,Thanh tra tỉnh Quảng Ngãi,10/05/2021,Chứng nhận cơ bản,https://tinnhiemmang.vn/danh-ba-tin-nhiem/ttraquangngaigovvn-1620635352
ttra.vinhlong.gov.vn,Thanh tra tỉnh Vĩnh Long,01/07/2021,Chứng nhận cơ bản,https://tinnhiemmang.vn/danh-ba-tin-nhiem/ttravinhlonggovvnportalwpttrapageindexcpx-1625050771
ttsvpubtp.danang.gov.vn,Văn phòng UBND thành phố Đà Nẵng,26/06/2024,Chứng nhận cơ bản,https://tinnhiemmang.vn/danh-ba-tin-nhiem/ttsvpubtpdananggovvn-1719239787
ttt.bacninh.gov.vn,Thanh Tra Tỉnh Bắc Ninh,30/11/2021,Chứng nhận cơ bản,https://tinnhiemmang.vn/danh-ba-tin-nhiem/tttbacninhgovvn-1638239516
ttt.gialai.gov.vn,Thanh tra tỉnh Gia Lai,10/05/2021,Chứng nhận cơ bản,https://tinnhiemmang.vn/danh-ba-tin-nhiem/tttgialaigovvn-1620631363
tttp.toaan.gov.vn,Tòa án nhân dân tối cao,07/04/2023,Chứng nhận cơ bản,https://tinnhiemmang.vn/danh-ba-tin-nhiem/tttptoaangovvn-1679565891
tttt.ninhbinh.gov.vn,Sở Thông tin và Truyền thông tỉnh Ninh Bình,27/06/2024,Chứng nhận cơ bản,https://tinnhiemmang.vn/danh-ba-tin-nhiem/ttttninhbinhgovvn-1719458501
ttttglobal.com,Công Ty TNHH TTTT Global,07/12/2022,Chứng nhận cơ bản,https://tinnhiemmang.vn/danh-ba-tin-nhiem/ttttglobalcom-1670390379
ttttlease.com,Công Ty TNHH TTTT Global,15/01/2024,Chứng nhận cơ bản,https://tinnhiemmang.vn/danh-ba-tin-nhiem/ttttleasecom-1673327650
ttvhda.danang.gov.vn,Trung tâm Văn hóa- Điện ảnh thành phố Đà Nẵng,24/05/2024,Chứng nhận cơ bản,https://tinnhiemmang.vn/danh-ba-tin-nhiem/ttvhdadananggovvn-1716431423
ttvhnt.dongthap.gov.vn,Trung tâm Văn hóa nghệ thuật tỉnh Đồng Tháp,22/11/2021,Chứng nhận cơ bản,https://tinnhiemmang.vn/danh-ba-tin-nhiem/ttvhntdongthapgovvn-1637570684
ttvhttth.tuangiao.gov.vn,Trung tâm Văn hóa - Truyền thanh - Truyền hình,01/11/2023,Chứng nhận cơ bản,https://tinnhiemmang.vn/danh-ba-tin-nhiem/ttvhttthtuangiaogovvn-1698806008
ttyt-mangthit.vinhlong.gov.vn,Trung tâm Y tế huyện Mang Thít tỉnh Vĩnh Long,15/08/2024,Chứng nhận cơ bản,https://tinnhiemmang.vn/danh-ba-tin-nhiem/ttyt-mangthitvinhlonggovvn-1723689522
ttytayunpa.gialai.gov.vn,Trung tâm Y tế thị xã Ayun Pa,26/01/2024,Chứng nhận cơ bản,https://tinnhiemmang.vn/danh-ba-tin-nhiem/ttytayunpagialaigovvn-1706172774
ttytbinhminh.vinhlong.gov.vn,Trung tâm Y tế thị xã Bình Minh tỉnh Vĩnh Long,15/08/2024,Chứng nhận cơ bản,https://tinnhiemmang.vn/danh-ba-tin-nhiem/ttytbinhminhvinhlonggovvn-1723689575
ttytbinhtan.vinhlong.gov.vn,Trung tâm Y tế huyện Bình Tân tỉnh Vĩnh Long,15/08/2024,Chứng nhận cơ bản,https://tinnhiemmang.vn/danh-ba-tin-nhiem/ttytbinhtanvinhlonggovvn-1723689606
ttytdakdoa.gialai.gov.vn,"Trung tâm Y tế huyện Đăk Đoa, tỉnh Gia Lai",24/01/2024,Chứng nhận cơ bản,https://tinnhiemmang.vn/danh-ba-tin-nhiem/ttytdakdoagialaigovvn-1706064227
ttytephucat.com,Trung tâm Y tế huyện Phù Cát,15/06/2023,Chứng nhận cơ bản,https://tinnhiemmang.vn/danh-ba-tin-nhiem/ttytephucatcom-1681782488
ttythaichau.danang.vn,Trung tâm Y tế quận Hải Châu,15/08/2022,Chứng nhận cơ bản,https://tinnhiemmang.vn/danh-ba-tin-nhiem/ttythaichaudanangvn-1660548775
ttythoainhon.com.vn,Trung tâm Y tế huyện Hoài Nhơn tỉnh Bình Định,07/06/2023,Chứng nhận cơ bản,https://tinnhiemmang.vn/danh-ba-tin-nhiem/ttythoainhoncomvn-1686123266
ttythuyeniahdrai.vn,Trung tâm y tế huyện Lahdrai,31/07/2024,Chứng nhận cơ bản,https://tinnhiemmang.vn/danh-ba-tin-nhiem/ttythuyeniahdraivn-1722241509
ttytkbang.gialai.gov.vn,Trung tâm Y tế huyện Kbang,18/01/2024,Chứng nhận cơ bản,https://tinnhiemmang.vn/danh-ba-tin-nhiem/ttytkbanggialaigovvn-1705538345
ttytkrongpa.gialai.gov.vn,"Trung tâm Y tế huyện Krông Pa, tỉnh Gia Lai",24/01/2024,Chứng nhận cơ bản,https://tinnhiemmang.vn/danh-ba-tin-nhiem/ttytkrongpagialaigovvn-1706064183
ttytlienchieu.org.vn,"Trung tâm y tế quận Liên Chiểu, Đà nẵng",15/06/2023,Chứng nhận cơ bản,https://tinnhiemmang.vn/danh-ba-tin-nhiem/ttytlienchieuorgvn-1659687813
ttytnguhanhson.danang.vn,Trung tâm y tế quận Ngũ Hành Sơn,29/07/2022,Chứng nhận cơ bản,https://tinnhiemmang.vn/danh-ba-tin-nhiem/ttytnguhanhsondanangvn-1656989183
ttytnguyenvanthu.vinhlong.gov.vn,Trung tâm Y tế Nguyễn Văn Thủ tỉnh Vĩnh Long,15/08/2024,Chứng nhận cơ bản,https://tinnhiemmang.vn/danh-ba-tin-nhiem/ttytnguyenvanthuvinhlonggovvn-1723689757
ttytphumy.com,"Trung tâm Y tế huyện Phù Mỹ, tỉnh Bình ĐỊnh",10/08/2023,Chứng nhận cơ bản,https://tinnhiemmang.vn/danh-ba-tin-nhiem/ttytphumycom-1691576499
ttytphuthien.gialai.gov.vn,"Trung tâm Y tế huyện Phú Thiện, tỉnh Gia Lai",24/01/2024,Chứng nhận cơ bản,https://tinnhiemmang.vn/danh-ba-tin-nhiem/ttytphuthiengialaigovvn-1706064142
ttytpleiku.gialai.gov.vn,"Trung tâm Y tế thành phố Pleiku, tỉnh Gia Lai",24/01/2024,Chứng nhận cơ bản,https://tinnhiemmang.vn/danh-ba-tin-nhiem/ttytpleikugialaigovvn-1706064096
ttyttambinh.vinhlong.gov.vn,Trung tâm Y tế huyện Tam Bình tỉnh Vĩnh Long,15/08/2024,Chứng nhận cơ bản,https://tinnhiemmang.vn/danh-ba-tin-nhiem/ttyttambinhvinhlonggovvn-1723689549
ttyttayson.com,"Trung tâm Y tế huyện Tây Sơn, tỉnh Bình Định",10/08/2023,Chứng nhận cơ bản,https://tinnhiemmang.vn/danh-ba-tin-nhiem/ttyttaysoncom-1691576711
ttyttraon.vinhlong.gov.vn,Trung tâm Y tế huyện Trà Ôn tỉnh Vĩnh Long,15/08/2024,Chứng nhận cơ bản,https://tinnhiemmang.vn/danh-ba-tin-nhiem/ttyttraonvinhlonggovvn-1723689790
tuachua.dienbien.gov.vn,"Trang Thông tin điện tử huyện Tủa Chùa, tỉnh Điện Biên",20/07/2022,Chứng nhận cơ bản,https://tinnhiemmang.vn/danh-ba-tin-nhiem/tuachuadienbiengovvn-1658312003
tuangiao.gov.vn,UBND Huyện Tuần Giáo,31/10/2023,Chứng nhận cơ bản,https://tinnhiemmang.vn/danh-ba-tin-nhiem/tuangiaogovvn-1698653018
tuannguyenmobile.com,Tuấn Nguyễn Mobile,16/01/2023,Chứng nhận cơ bản,https://tinnhiemmang.vn/danh-ba-tin-nhiem/tuannguyenmobilecom-1673518643
tunghia.quangngai.gov.vn,"Huyện Tư Nghĩa, Tỉnh Quảng Ngãi",10/05/2021,Chứng nhận cơ bản,https://tinnhiemmang.vn/danh-ba-tin-nhiem/tunghiaquangngaigovvn-1620635339
tuoitre.vn,Báo điện tử Tuổi trẻ,10/05/2024,Chứng nhận cơ bản,https://tinnhiemmang.vn/danh-ba-tin-nhiem/tuoitrevn-1625712019
tuoitrebtp.moj.gov.vn,Bộ Tư pháp,14/07/2022,Chứng nhận cơ bản,https://tinnhiemmang.vn/danh-ba-tin-nhiem/tuoitrebtpmojgovvn-1625733090
tuphaptuyenquang.gov.vn,Sở Tư pháp tỉnh Tuyên Quang,25/12/2023,Chứng nhận cơ bản,https://tinnhiemmang.vn/danh-ba-tin-nhiem/tuphaptuyenquanggovvn-1703418290
tuson.bacninh.gov.vn,"Thành phố Từ Sơn, Bắc Ninh",25/01/2022,Chứng nhận cơ bản,https://tinnhiemmang.vn/danh-ba-tin-nhiem/tusonbacninhgovvn-1643013055
tutra.donduong.lamdong.gov.vn,UBND Xã Tu Tra - Huyện Đơn Dương,11/04/2024,Chứng nhận cơ bản,https://tinnhiemmang.vn/danh-ba-tin-nhiem/tutradonduonglamdonggovvn-1712739695
tuyengiaocaobang.vn,Ban Tuyên giáo Tỉnh ủy Cao Bằng,24/07/2023,Chứng nhận cơ bản,https://tinnhiemmang.vn/danh-ba-tin-nhiem/tuyengiaocaobangvn-1690177167
tuyenquang.baohiemxahoi.gov.vn,Bảo hiểm xã hội tỉnh Tuyên Quang,19/07/2021,Chứng nhận cơ bản,https://tinnhiemmang.vn/danh-ba-tin-nhiem/tuyenquangbaohiemxahoigovvn-1626665990
tuyenquang.gdt.gov.vn,Cục Thuế tỉnh Tuyên Quang,10/08/2023,Chứng nhận cơ bản,https://tinnhiemmang.vn/danh-ba-tin-nhiem/tuyenquanggdtgovvn-1691658453
tuyenquang.gov.vn,Sở thông tin và truyền thông Tuyên Quang,25/12/2023,Chứng nhận cơ bản,https://tinnhiemmang.vn/danh-ba-tin-nhiem/tuyenquanggovvn-1703418260
tuyenquang.toaan.gov.vn,Tòa án nhân dân tỉnh Tuyên Quang,07/04/2023,Chứng nhận cơ bản,https://tinnhiemmang.vn/danh-ba-tin-nhiem/tuyenquangtoaangovvn-1679888795
tuyensinh.tcdbt.edu.vn,Trường Cao đẳng Bình Thuận,02/01/2024,Chứng nhận cơ bản,https://tinnhiemmang.vn/danh-ba-tin-nhiem/tuyensinhtcdbteduvn-1703815425
tuyentruyen.lamdong.gov.vn,Cổng thông tin điện tử tỉnh Lâm Đồng,07/11/2024,Chứng nhận cơ bản,https://tinnhiemmang.vn/danh-ba-tin-nhiem/tuyentruyenlamdonggovvn-1730879935
tuyentruyenphapluat.tphcm.gov.vn,Sở Tư pháp thành phố Hồ Chí Minh,09/10/2023,Chứng nhận cơ bản,https://tinnhiemmang.vn/danh-ba-tin-nhiem/tuyentruyenphapluattphcmgovvn-1696833478
tv.danviet.vn,Báo điện tử Dân Việt,29/03/2023,Chứng nhận cơ bản,https://tinnhiemmang.vn/danh-ba-tin-nhiem/tvdanvietvn-1626259480
tvon.khanhhoa.edu.vn,"Trường THPT Tô Văn Ơn, tỉnh Khánh Hòa",09/08/2023,Chứng nhận cơ bản,https://tinnhiemmang.vn/danh-ba-tin-nhiem/tvonkhanhhoaeduvn-1691554957
ubmattran.caobang.gov.vn,Ủy Ban Mặt Trận Tổ Quốc Việt Nam tỉnh Cao Bằng,29/06/2023,Chứng nhận cơ bản,https://tinnhiemmang.vn/danh-ba-tin-nhiem/ubmattrancaobanggovvn-1688026628
ubmttq.baoloc.lamdong.gov.vn,Ủy ban mặt trận tổ quốc Thành Phố Bảo Lộc,11/07/2024,Chứng nhận cơ bản,https://tinnhiemmang.vn/danh-ba-tin-nhiem/ubmttqbaoloclamdonggovvn-1720425712
ubmttq.gialai.org.vn,Ủy ban Mặt trận Tổ quốc Việt Nam tỉnh Gia Lai,24/01/2024,Chứng nhận cơ bản,https://tinnhiemmang.vn/danh-ba-tin-nhiem/ubmttqgialaiorgvn-1706063393
ubmttq.hochiminhcity.gov.vn,Ủy ban mặt trận tổ quốc Việt Nam thành phố Hồ Chí Minh,09/10/2023,Chứng nhận cơ bản,https://tinnhiemmang.vn/danh-ba-tin-nhiem/ubmttqhochiminhcitygovvn-1696833757
ubmttq.quangngai.org.vn,Uỷ ban Mặt trận Tổ quốc Việt Nam tỉnh Quảng Ngãi,10/05/2021,Chứng nhận cơ bản,https://tinnhiemmang.vn/danh-ba-tin-nhiem/ubmttqquangngaiorgvn-1620635326
uhl.edu.vn,"Trường Đại học Hạ Long, tỉnh Quảng Ninh",18/11/2021,Chứng nhận cơ bản,https://tinnhiemmang.vn/danh-ba-tin-nhiem/uhleduvn-1637165756
uminh.camau.gov.vn,Ủy ban nhân dân huyện U Minh,30/05/2023,Chứng nhận cơ bản,https://tinnhiemmang.vn/danh-ba-tin-nhiem/uminhcamaugovvn-1684979921
uneti.edu.vn,Trường Đại học Kinh tế - Kỹ thuật Công nghiệp,05/11/2024,Chứng nhận cơ bản,https://tinnhiemmang.vn/danh-ba-tin-nhiem/unetieduvn-1730796188
unghoa.hanoi.gov.vn,UBND huyện Ứng Hòa thành phố Hà Nội,15/06/2021,Chứng nhận cơ bản,https://tinnhiemmang.vn/danh-ba-tin-nhiem/unghoahanoigovvn-1623518544
univn.vn,Công Ty Cổ Phần Uni Creation Việt Nam,11/01/2022,Chứng nhận cơ bản,https://tinnhiemmang.vn/danh-ba-tin-nhiem/univnvn-1641811295
uongbi.gov.vn,"Ủy ban nhân dân thành phố Uông Bí, tỉnh Quảng Ninh",08/02/2023,Chứng nhận cơ bản,https://tinnhiemmang.vn/danh-ba-tin-nhiem/uongbigovvn-1675831172
uongbi.quangninh.gov.vn,"Ủy ban nhân dân thành phố Uông Bí, tỉnh Quảng Ninh",16/11/2021,Chứng nhận cơ bản,https://tinnhiemmang.vn/danh-ba-tin-nhiem/uongbiquangninhgovvn-1637033417
ut.edu.vn,Trường Đại học Giao thông vận tải Thành phố Hồ Chí Minh,11/08/2021,Chứng nhận cơ bản,https://tinnhiemmang.vn/danh-ba-tin-nhiem/uteduvn-1628681183
utt.edu.vn,Trường Đại học Công nghệ Giao thông vận tải,11/08/2021,Chứng nhận cơ bản,https://tinnhiemmang.vn/danh-ba-tin-nhiem/utteduvn-1628680904
vaa.edu.vn,Học Viện Hàng Không Việt Nam,11/08/2021,Chứng nhận cơ bản,https://tinnhiemmang.vn/danh-ba-tin-nhiem/vaaeduvn-1628681332
vanban.laocai.gov.vn,"UBND Huyện Văn Bàn, tỉnh Lào Cai",25/11/2021,Chứng nhận cơ bản,https://tinnhiemmang.vn/danh-ba-tin-nhiem/vanbanlaocaigovvn-1637810334
vanban.quangngai.gov.vn,UBND tỉnh Quảng Ngãi,28/05/2021,Chứng nhận cơ bản,https://tinnhiemmang.vn/danh-ba-tin-nhiem/vanbanquangngaigovvn
vandon.quangninh.gov.vn,"UBND huyện Vân Đồn, tỉnh Quảng Ninh",16/11/2021,Chứng nhận cơ bản,https://tinnhiemmang.vn/danh-ba-tin-nhiem/vandonquangninhgovvn-1637038463
vandoneza.vn,"Ban quản lý khu kinh tế Vân Đồn, tỉnh Quảng Ninh",16/11/2021,Chứng nhận cơ bản,https://tinnhiemmang.vn/danh-ba-tin-nhiem/vandonezavn-1637039230
vangiang.hungyen.gov.vn,UBND huyện Văn Giang - tỉnh Hưng Yên,15/07/2021,Chứng nhận cơ bản,https://tinnhiemmang.vn/danh-ba-tin-nhiem/vangianghungyengovvn-1626336701
vangiang.tpninhbinh.ninhbinh.gov.vn,"Uỷ ban nhân dân phường Vân Giang, thành phố Ninh Bình, tỉnh Ninh Bình",27/06/2024,Chứng nhận cơ bản,https://tinnhiemmang.vn/danh-ba-tin-nhiem/vangiangtpninhbinhninhbinhgovvn-1719472803
vanhai.kimson.ninhbinh.gov.vn,"Uỷ ban nhân dân xã Văn Hải, huyện Kim Sơn, tỉnh Ninh Bình",27/06/2024,Chứng nhận cơ bản,https://tinnhiemmang.vn/danh-ba-tin-nhiem/vanhaikimsonninhbinhgovvn-1719455010
vanho.sonla.gov.vn,UBND Huyện Vân Hồ  Tỉnh Sơn La,17/06/2021,Chứng nhận cơ bản,https://tinnhiemmang.vn/danh-ba-tin-nhiem/vanhosonlagovvn-1623915272
vanhoaoceo.angiang.gov.vn,Ban Quản lý Di tích Văn hoá Óc Eo tỉnh An Giang,06/10/2021,Chứng nhận cơ bản,https://tinnhiemmang.vn/danh-ba-tin-nhiem/vanhoaoceoangianggovvn-1633514007
vanphong.khanhhoa.gov.vn,Ban Quản Lý Khu Kinh Tế Vân Phong -  tỉnh Khánh Hòa,14/07/2022,Chứng nhận cơ bản,https://tinnhiemmang.vn/danh-ba-tin-nhiem/vanphongkhanhhoagovvn-1626056230
vanphongcedc.net,Trung tâm Phát triển Giáo dục và Truyền thông,17/10/2022,Chứng nhận cơ bản,https://tinnhiemmang.vn/danh-ba-tin-nhiem/vanphongcedcnet-1665995920
vanthuluutrudn.dongnai.gov.vn,Chi cục Văn thư - Lưu trữ - Sở Nội vụ tỉnh Đồng Nai,26/09/2023,Chứng nhận cơ bản,https://tinnhiemmang.vn/danh-ba-tin-nhiem/vanthuluutrudndongnaigovvn-1695721102
vanvoiminhhoa.vn,Công ty TNHH MTV Võ Hải Dương,15/01/2024,Chứng nhận cơ bản,https://tinnhiemmang.vn/danh-ba-tin-nhiem/vanvoiminhhoavn-1672712953
varans.vn,"Cục An toàn bức xạ và hạt nhân, Bộ  Khoa học và Công nghệ",04/03/2024,Chứng nhận cơ bản,https://tinnhiemmang.vn/danh-ba-tin-nhiem/varansvn-1709538052
vass.gov.vn,Viện Hàn lâm Khoa học Xã hội Việt Nam,12/08/2021,Chứng nhận cơ bản,https://tinnhiemmang.vn/danh-ba-tin-nhiem/vassgovvn-1628734997
vast.gov.vn,Viện Hàn lâm Khoa học và Công nghệ Việt Nam,14/07/2021,Chứng nhận cơ bản,https://tinnhiemmang.vn/danh-ba-tin-nhiem/vastgovvn-1626168004
vatm.vn,Tổng Công ty Quản lý bay Việt Nam,11/08/2021,Chứng nhận cơ bản,https://tinnhiemmang.vn/danh-ba-tin-nhiem/vatmvn-1628682119
vattu365.com,Công ty TNHH MTV Võ Hải Dương,04/07/2022,Chứng nhận cơ bản,https://tinnhiemmang.vn/danh-ba-tin-nhiem/vattu365com-1656694970
vava.quangngai.gov.vn,Hội nạn nhân chất độc Dacam/điôxin Quảng Ngãi,12/07/2023,Chứng nhận cơ bản,https://tinnhiemmang.vn/danh-ba-tin-nhiem/vavaquangngaigovvn-1689134385
vbdh.toaan.gov.vn,Tòa án nhân dân tối cao,07/04/2023,Chứng nhận cơ bản,https://tinnhiemmang.vn/danh-ba-tin-nhiem/vbdhtoaangovvn-1680839328
vbdh.vass.gov.vn,Viện Hàn lâm Khoa học Xã hội Việt Nam,12/08/2021,Chứng nhận cơ bản,https://tinnhiemmang.vn/danh-ba-tin-nhiem/vbdhvassgovvn-1628735314
vbpl.vn,Cục Công nghệ Thông tin - Bộ Tư pháp,02/11/2021,Chứng nhận cơ bản,https://tinnhiemmang.vn/danh-ba-tin-nhiem/vbplvn-1635823546
vbpq.toaan.gov.vn,Tòa án nhân dân tối cao,07/04/2023,Chứng nhận cơ bản,https://tinnhiemmang.vn/danh-ba-tin-nhiem/vbpqtoaangovvn-1679565358
vesinhnha247.com,Công Ty TNHH Việt Clean,03/08/2022,Chứng nhận cơ bản,https://tinnhiemmang.vn/danh-ba-tin-nhiem/vesinhnha247com-1659321938
vesinhphuchung.com,Công ty vệ sinh công nghiệp Phúc Hưng,24/11/2022,Chứng nhận cơ bản,https://tinnhiemmang.vn/danh-ba-tin-nhiem/vesinhphuchungcom-1637208239
vesoonline.com,Công Ty TNHH Dịch Vụ Vesoonline,06/01/2023,Chứng nhận cơ bản,https://tinnhiemmang.vn/danh-ba-tin-nhiem/vesoonlinecom-1672976978
vesoonline.vn,Công Ty TNHH Dịch Vụ Vesoonline,06/01/2023,Chứng nhận cơ bản,https://tinnhiemmang.vn/danh-ba-tin-nhiem/vesoonlinevn-1672976790
vfa.gov.vn,"Cục An toàn thực phẩm, Bộ Y Tế",14/07/2022,Chứng nhận cơ bản,https://tinnhiemmang.vn/danh-ba-tin-nhiem/vfagovvn-1626077425
vhds.baothanhhoa.vn,Báo Thanh Hóa,23/08/2021,Chứng nhận cơ bản,https://tinnhiemmang.vn/danh-ba-tin-nhiem/vhdsbaothanhhoavn-1629713215
vhntbacgiang.edu.vn,"Trường trung cấp văn hóa, thể thao và du lịch Bắc Giang",18/07/2022,Chứng nhận cơ bản,https://tinnhiemmang.vn/danh-ba-tin-nhiem/vhntbacgiangeduvn-1626007647
vhtt.ninhbinh.gov.vn,Sở Văn hóa và Thể thao tỉnh Ninh Bình,19/07/2021,Chứng nhận cơ bản,https://tinnhiemmang.vn/danh-ba-tin-nhiem/vhttninhbinhgovvn-1626419573
vhttdl.sonla.gov.vn,"Sở Văn hóa, Thể thao và Du lịch tỉnh Sơn La",17/06/2021,Chứng nhận cơ bản,https://tinnhiemmang.vn/danh-ba-tin-nhiem/vhttdlsonlagovvn-1623904894
videos.haiquanonline.com.vn,Tổng cục Hải quan,11/08/2023,Chứng nhận cơ bản,https://tinnhiemmang.vn/danh-ba-tin-nhiem/videoshaiquanonlinecomvn-1691726565
vieclamgialai.vn,Trung tâm Dịch vụ việc làm Gia Lai,24/01/2024,Chứng nhận cơ bản,https://tinnhiemmang.vn/danh-ba-tin-nhiem/vieclamgialaivn-1706063447
viendidong.com,Công Ty TNHH Công Nghệ và Đầu Tư Viện Di Động,13/10/2022,Chứng nhận cơ bản,https://tinnhiemmang.vn/danh-ba-tin-nhiem/viendidongcom-1664244830
vienkiemsathaiphong.gov.vn,Viện kiểm sát nhân dân thành phố Hải Phòng,21/11/2023,Chứng nhận cơ bản,https://tinnhiemmang.vn/danh-ba-tin-nhiem/vienkiemsathaiphonggovvn-1700471826
vienktxh.hanoi.gov.vn,Viện nghiên cứu phát triển Kinh tế Xã hội Hà Nội,12/06/2021,Chứng nhận cơ bản,https://tinnhiemmang.vn/danh-ba-tin-nhiem/vienktxhhanoigovvn-1623407066
vienthammydiva.vn,Công ty cổ phần tập đoàn DVA,03/03/2023,Chứng nhận cơ bản,https://tinnhiemmang.vn/danh-ba-tin-nhiem/vienthammydivavn-1646192677
vienthongaz.com,Công Ty TNHH Công Nghệ Viễn Thông AZ,10/08/2022,Chứng nhận cơ bản,https://tinnhiemmang.vn/danh-ba-tin-nhiem/vienthongazcom-1660109125
vienthonglaocai.vn,VNPT Lào Cai,24/12/2021,Chứng nhận cơ bản,https://tinnhiemmang.vn/danh-ba-tin-nhiem/vienthonglaocaivn-1640163463
viethung.longbien.hanoi.gov.vn,"UBND Phường Việt Hưng, quận Long Biên, Hà Nội",27/12/2023,Chứng nhận cơ bản,https://tinnhiemmang.vn/danh-ba-tin-nhiem/viethunglongbienhanoigovvn-1703670688
vietmassage-tools.com,Công Ty TNHH Việt Massage Bùi Quốc Châu,13/01/2022,Chứng nhận cơ bản,https://tinnhiemmang.vn/danh-ba-tin-nhiem/vietmassage-toolscom-1640828178
vietmoz.com,Công ty TNHH Truyền Thông VietMoz,22/06/2022,Chứng nhận cơ bản,https://tinnhiemmang.vn/danh-ba-tin-nhiem/vietmozcom-1655884184
vietmoz.edu.vn,Công ty TNHH Truyền Thông VietMoz,22/06/2022,Chứng nhận cơ bản,https://tinnhiemmang.vn/danh-ba-tin-nhiem/vietmozeduvn-1655884173
vietnam.travel,Trung tâm Thông tin du lịch,24/06/2024,Chứng nhận cơ bản,https://tinnhiemmang.vn/danh-ba-tin-nhiem/vietnamtravel-1717729146
vietnamcuba.vn,"Bệnh viện Hữu nghị Việt Nam Cu Ba, Hà Nội",20/06/2024,Chứng nhận cơ bản,https://tinnhiemmang.vn/danh-ba-tin-nhiem/vietnamcubavn-1718857189
vietnamenergy.vn,Tạp chí Năng lượng Việt Nam,27/08/2021,Chứng nhận cơ bản,https://tinnhiemmang.vn/danh-ba-tin-nhiem/vietnamenergyvn-1630039001
vietnamkhoemanh.vn,Quỹ  vắc-xin phòng chống COVID-19,05/06/2021,Chứng nhận nâng cao,https://tinnhiemmang.vn/danh-ba-tin-nhiem/vietnamkhoemanhvn
vietnammoving.com,Công ty TNHH Vietnam Moving,13/03/2023,Chứng nhận cơ bản,https://tinnhiemmang.vn/danh-ba-tin-nhiem/vietnammovingcom-1643342521
vietnamnet.vn,Báo điện tử Vietnamnet,13/03/2023,Chứng nhận cơ bản,https://tinnhiemmang.vn/danh-ba-tin-nhiem/vietnamnetvn-1625566692
vietnamplus.vn,Báo điện tử Vietnamplus,10/05/2024,Chứng nhận cơ bản,https://tinnhiemmang.vn/danh-ba-tin-nhiem/vietnamplusvn-1625726967
vietnamscience.vjst.vn,Tạp chí Khoa học và Công nghệ Việt Nam,22/12/2023,Chứng nhận cơ bản,https://tinnhiemmang.vn/danh-ba-tin-nhiem/vietnamsciencevjstvn-1703239787
vietnamtourism.gov.vn,Trung tâm Thông tin du lịch,07/06/2024,Chứng nhận cơ bản,https://tinnhiemmang.vn/danh-ba-tin-nhiem/vietnamtourismgovvn-1717729091
vietnamtradeportal.gov.vn,Tổng cục Hải quan,11/08/2023,Chứng nhận cơ bản,https://tinnhiemmang.vn/danh-ba-tin-nhiem/vietnamtradeportalgovvn-1691726552
vietnamworks.com,Công ty Cổ phần Navigos Group Việt Nam,07/06/2024,Chứng nhận cơ bản,https://tinnhiemmang.vn/danh-ba-tin-nhiem/vietnamworkscom-1717663406
vietnix.vn,Công ty Cổ phần giải pháp và Công nghệ Vietnix,12/09/2023,Chứng nhận cơ bản,https://tinnhiemmang.vn/danh-ba-tin-nhiem/vietnixvn-1656566445
vietq.vn,Trung tâm Thông tin – Truyền thông  Tiêu chuẩn Đo lường Chất lượng - Bộ Khoa học và Công nghệ,04/03/2024,Chứng nhận cơ bản,https://tinnhiemmang.vn/danh-ba-tin-nhiem/vietqvn-1709538820
vietqr.io,Công ty TNHH Casso,19/07/2022,Chứng nhận cơ bản,https://tinnhiemmang.vn/danh-ba-tin-nhiem/vietqrio-1657511215
viettri.phutho.gov.vn,"UBND thành phố Việt Trì, tỉnh Phú Thọ",03/10/2023,Chứng nhận cơ bản,https://tinnhiemmang.vn/danh-ba-tin-nhiem/viettriphuthogovvn-1696236191
viettuans.vn,Công Ty TNHH Công Nghệ Việt Tuấn,16/11/2022,Chứng nhận cơ bản,https://tinnhiemmang.vn/danh-ba-tin-nhiem/viettuansvn-1668591834
vifuco.com.vn,Công ty Vĩnh Phú,24/02/2022,Chứng nhận cơ bản,https://tinnhiemmang.vn/danh-ba-tin-nhiem/vifucocomvn-1645109558
vina-aspire.com,Vina Aspire,04/08/2021,Chứng nhận cơ bản,https://tinnhiemmang.vn/danh-ba-tin-nhiem/vina-aspirecom-1625371366
vinades.vn,Công ty cổ phần phát triển nguồn mở Việt Nam,21/09/2021,Chứng nhận cơ bản,https://tinnhiemmang.vn/danh-ba-tin-nhiem/vinadesvn-1627533241
vinalab.org.vn,Hội các Phòng thử nghiệm Việt Nam - Vinalab,25/05/2022,Chứng nhận cơ bản,https://tinnhiemmang.vn/danh-ba-tin-nhiem/vinalaborgvn-1652172473
vinamarine.gov.vn,Cục Hàng hải Việt Nam,11/08/2021,Chứng nhận cơ bản,https://tinnhiemmang.vn/danh-ba-tin-nhiem/vinamarinegovvn-1628680690
vinatom.gov.vn,Viện Năng lượng nguyên tử Việt Nam,04/03/2024,Chứng nhận cơ bản,https://tinnhiemmang.vn/danh-ba-tin-nhiem/vinatomgovvn-1709539097
vinh.nghean.gov.vn,UBND thành phố Vinh,08/09/2023,Chứng nhận cơ bản,https://tinnhiemmang.vn/danh-ba-tin-nhiem/vinhngheangovvn-1694069799
vinhcuu.dongnai.gov.vn,"Ủy ban nhân dân huyện Vĩnh Cửu, tỉnh Đồng Nai",26/09/2023,Chứng nhận cơ bản,https://tinnhiemmang.vn/danh-ba-tin-nhiem/vinhcuudongnaigovvn-1695720250
vinhloc.thanhhoa.gov.vn,"UBND huyện Vĩnh Lộc, tỉnh Thanh Hóa",01/08/2023,Chứng nhận cơ bản,https://tinnhiemmang.vn/danh-ba-tin-nhiem/vinhlocthanhhoagovvn-1690782434
vinhlong.baohiemxahoi.gov.vn,Bảo Hiểm Xã Hội tỉnh Vĩnh Long,28/07/2021,Chứng nhận cơ bản,https://tinnhiemmang.vn/danh-ba-tin-nhiem/vinhlongbaohiemxahoigovvn-1627464186
vinhlong.gdt.gov.vn,Cục Thuế tỉnh Vĩnh Long,10/08/2023,Chứng nhận cơ bản,https://tinnhiemmang.vn/danh-ba-tin-nhiem/vinhlonggdtgovvn-1691658524
vinhlong.gov.vn,Văn phòng UBND tỉnh Vĩnh Long,25/05/2023,Chứng nhận cơ bản,https://tinnhiemmang.vn/danh-ba-tin-nhiem/vinhlonggovvn-1684914198
vinhlong.toaan.gov.vn,Tòa án nhân dân tỉnh Vĩnh Long,07/04/2023,Chứng nhận cơ bản,https://tinnhiemmang.vn/danh-ba-tin-nhiem/vinhlongtoaangovvn-1679888738
vinhnhatrang.net,"Ban quản lý Vịnh Nha Trang, tỉnh Khánh Hòa",09/08/2023,Chứng nhận cơ bản,https://tinnhiemmang.vn/danh-ba-tin-nhiem/vinhnhatrangnet-1691561412
vinhphuc.baohiemxahoi.gov.vn,Bảo Hiểm Xã Hội tỉnh Vĩnh Phúc,28/07/2021,Chứng nhận cơ bản,https://tinnhiemmang.vn/danh-ba-tin-nhiem/vinhphucbaohiemxahoigovvn-1627458332
vinhphuc.dcs.vn,Tỉnh ủy Vĩnh Phúc,21/06/2023,Chứng nhận cơ bản,https://tinnhiemmang.vn/danh-ba-tin-nhiem/vinhphucdcsvn-1687313645
vinhphuc.edu.vn,Sở Giáo dục và Đào tạo tỉnh Vĩnh Phúc,14/06/2023,Chứng nhận cơ bản,https://tinnhiemmang.vn/danh-ba-tin-nhiem/vinhphuceduvn-1686625779
vinhphuc.gdt.gov.vn,Cục Thuế tỉnh Vĩnh Phúc,20/06/2023,Chứng nhận cơ bản,https://tinnhiemmang.vn/danh-ba-tin-nhiem/vinhphucgdtgovvn-1687230395
vinhphuc.toaan.gov.vn,Tòa án nhân dân tỉnh Vĩnh Phúc,07/04/2023,Chứng nhận cơ bản,https://tinnhiemmang.vn/danh-ba-tin-nhiem/vinhphuctoaangovvn-1679888672
vinhphuctv.vn,Đài Phát thanh và Truyền hình Vĩnh Phúc,13/06/2024,Chứng nhận cơ bản,https://tinnhiemmang.vn/danh-ba-tin-nhiem/vinhphuctvvn-1686625273
vinhxuan.vinhlong.gov.vn,UBND xã Vĩnh Xuân tỉnh Vĩnh Long,15/07/2021,Chứng nhận cơ bản,https://tinnhiemmang.vn/danh-ba-tin-nhiem/vinhxuanvinhlonggovvn-1626268119
visa.mofa.gov.vn,Bộ Ngoại giao Việt Nam,14/07/2022,Chứng nhận cơ bản,https://tinnhiemmang.vn/danh-ba-tin-nhiem/visamofagovvn-1625126439
visafe.vn,Trung tâm Giám sát an toàn không gian mạng quốc gia (NCSC),18/10/2021,Chứng nhận nâng cao,https://tinnhiemmang.vn/danh-ba-tin-nhiem/visafevn-1634549604
vishipel.com.vn,Công ty TNHH MTV Thông tin điện tử hàng hải Việt Nam,11/08/2021,Chứng nhận cơ bản,https://tinnhiemmang.vn/danh-ba-tin-nhiem/vishipelcomvn-1628682050
vista.gov.vn,Cục Thông tin khoa học và công nghệ  quốc gia - Bộ Khoa học và Công nghệ,04/03/2024,Chứng nhận cơ bản,https://tinnhiemmang.vn/danh-ba-tin-nhiem/vistagovvn-1709539435
visti.gov.vn,"Học viện Khoa học, Công nghệ và Đổi  mới sáng tạo - Bộ Khoa học và Công  nghệ",04/03/2024,Chứng nhận cơ bản,https://tinnhiemmang.vn/danh-ba-tin-nhiem/vistigovvn-1709539335
vivimoon.vn,Vivimoon,03/08/2022,Chứng nhận cơ bản,https://tinnhiemmang.vn/danh-ba-tin-nhiem/vivimoonvn-1659150052
vivita.vn,Công Ty Cổ phần Sức Sống Việt Nam,06/02/2023,Chứng nhận cơ bản,https://tinnhiemmang.vn/danh-ba-tin-nhiem/vivitavn-1672460822
vivuhalong.com,Công ty TNHH Du lịch&Dịch vụ Onevivu,03/03/2023,Chứng nhận cơ bản,https://tinnhiemmang.vn/danh-ba-tin-nhiem/vivuhalongcom-1644749749
vivutoday.com,VIVUTODAY,01/08/2022,Chứng nhận cơ bản,https://tinnhiemmang.vn/danh-ba-tin-nhiem/vivutodaycom-1658125073
vjst.vn,Tạp chí Khoa học và Công nghệ Việt Nam,12/12/2023,Chứng nhận cơ bản,https://tinnhiemmang.vn/danh-ba-tin-nhiem/vjstvn-1702353885
vkist.gov.vn,Viện Khoa học và Công nghệ Việt Nam  - Hàn Quốc,04/03/2024,Chứng nhận cơ bản,https://tinnhiemmang.vn/danh-ba-tin-nhiem/vkistgovvn-1709537952
vks.angiang.gov.vn,Viện Kiểm sát nhân dân tỉnh An Giang,09/11/2023,Chứng nhận cơ bản,https://tinnhiemmang.vn/danh-ba-tin-nhiem/vksangianggovvn-1699412145
vks.lamdong.gov.vn,Viện kiểm sát nhân dân tỉnh Lâm Đồng,09/01/2024,Chứng nhận cơ bản,https://tinnhiemmang.vn/danh-ba-tin-nhiem/vkslamdonggovvn-1704686656
vks.vinhlong.gov.vn,Sở Thông tin và Truyền thông Vĩnh Long,01/07/2021,Chứng nhận cơ bản,https://tinnhiemmang.vn/danh-ba-tin-nhiem/vksvinhlonggovvnportalwpvkswpspageindexcpx-1625050518
vksdongnai.gov.vn,Viện kiểm sát nhân dân tỉnh Đồng Nai,07/10/2023,Chứng nhận cơ bản,https://tinnhiemmang.vn/danh-ba-tin-nhiem/vksdongnaigovvn-1696564681
vksnd.dongthap.gov.vn,Viện Kiểm sát nhân dân tỉnh Đồng Tháp,22/11/2021,Chứng nhận cơ bản,https://tinnhiemmang.vn/danh-ba-tin-nhiem/vksnddongthapgovvn-1637569137
vksnd.laocai.gov.vn,Viện kiểm sát tỉnh Lào Cai,25/11/2021,Chứng nhận cơ bản,https://tinnhiemmang.vn/danh-ba-tin-nhiem/vksndlaocaigovvn-1637807511
vms-south.vn,Tổng công ty Bảo đảm an toàn hàng hải miền Nam,11/08/2021,Chứng nhận cơ bản,https://tinnhiemmang.vn/danh-ba-tin-nhiem/vms-southvn-1628681951
vn-cop.vn,Trung tâm Ứng cứu khẩn cấp không gian mạng Việt Nam,25/07/2023,Chứng nhận cơ bản,https://tinnhiemmang.vn/danh-ba-tin-nhiem/vn-copvn-1690265177
vnaic.vn,Trung tâm Thông báo tin tức hàng không,11/08/2021,Chứng nhận cơ bản,https://tinnhiemmang.vn/danh-ba-tin-nhiem/vnaicvn-1628682329
vnanet.vn,Thông tấn xã Việt Nam,12/06/2024,Chứng nhận cơ bản,https://tinnhiemmang.vn/danh-ba-tin-nhiem/vnanetvn-1718091084
vnbusiness.vn,Tạp chí kinh doanh,29/03/2023,Chứng nhận cơ bản,https://tinnhiemmang.vn/danh-ba-tin-nhiem/vnbusinessvn
vncdc.gov.vn,"Cục Y tế dự phòng, Bộ Y tế",14/07/2022,Chứng nhận cơ bản,https://tinnhiemmang.vn/danh-ba-tin-nhiem/vncdcgovvn-1626077521
vncert.vn,Trung tâm Ứng cứu khẩn cấp không gian mạng Việt Nam,25/07/2023,Chứng nhận nâng cao,https://tinnhiemmang.vn/danh-ba-tin-nhiem/vncertvn-1690265170
vnconsulate-battambang.mofa.gov.vn,Tổng Lãnh sự quán Cộng hoà Xã hội Chủ nghĩa Việt Nam tại Battambang  Vương quốc Campuchia​,14/07/2022,Chứng nhận cơ bản,https://tinnhiemmang.vn/danh-ba-tin-nhiem/vnconsulatebattambangmofagovvn-1625128403
vnconsulate-ekaterinburg.mofa.gov.vn,Lãnh sự quán nước Cộng hòa xã hội chủ nghĩa Việt Nam tại Ekaterinburg,05/07/2021,Chứng nhận cơ bản,https://tinnhiemmang.vn/danh-ba-tin-nhiem/vnconsulate-ekaterinburgmofagovvn-1625467709
vnconsulate-guangzhou.mofa.gov.vn,Tổng Lãnh sự quán nước CHXHCN Việt Nam tại Quảng Châu - Trung Quốc,14/07/2022,Chứng nhận cơ bản,https://tinnhiemmang.vn/danh-ba-tin-nhiem/vnconsulate-guangzhoumofagovvn-1625192774
vnconsulate-hongkong.mofa.gov.vn,Tổng Lãnh sự quán nước Cộng hòa xã hội chủ nghĩa Việt Nam tại Hồng Công - Trung Quốc,14/07/2022,Chứng nhận cơ bản,https://tinnhiemmang.vn/danh-ba-tin-nhiem/vnconsulate-hongkongmofagovvn-1625192902
vnconsulate-houstontexas.mofa.gov.vn,Tổng Lãnh sự quán nước Cộng hòa xã hội chủ nghĩa Việt Nam tại Houston,14/07/2022,Chứng nhận cơ bản,https://tinnhiemmang.vn/danh-ba-tin-nhiem/vnconsulate-houstontexasmofagovvn-1625475866
vnconsulate-khonkaen.mofa.gov.vn,Tổng Lãnh sự quán Việt Nam tại Khonkaen – Thái Lan,05/07/2021,Chứng nhận cơ bản,https://tinnhiemmang.vn/danh-ba-tin-nhiem/vnconsulate-khonkaenmofagovvn-1625209646
vnconsulate-kunming.mofa.gov.vn,Tổng Lãnh sự quán nước Cộng hòa xã hội chủ nghĩa Việt Nam tại Côn Minh Trung Quốc,14/07/2022,Chứng nhận cơ bản,https://tinnhiemmang.vn/danh-ba-tin-nhiem/vnconsulate-kunmingmofagovvn-1625192975
vnconsulate-luangprabang.mofa.gov.vn,Tổng Lãnh sự quán Việt Nam tại Luông-Pha-Băng,14/07/2022,Chứng nhận cơ bản,https://tinnhiemmang.vn/danh-ba-tin-nhiem/vnconsulate-luangprabangmofagovvn-1625196596
vnconsulate-mumbai.mofa.gov.vn,"Tổng Lãnh sự quán nước Cộng hòa Xã hội chủ nghĩa Việt Nam tại Mumbai, nước Cộng hòa Ấn Độ",14/07/2022,Chứng nhận cơ bản,https://tinnhiemmang.vn/danh-ba-tin-nhiem/vnconsulate-mumbaimofagovvn-1625194261
vnconsulate-nanning.mofa.gov.vn,Tổng Lãnh sự quán nước Cộng hòa xã hội chủ nghĩa Việt Nam tại Nam Ninh,14/07/2022,Chứng nhận cơ bản,https://tinnhiemmang.vn/danh-ba-tin-nhiem/vnconsulate-nanningmofagovvn-1625193081
vnconsulate-osaka.mofa.gov.vn,Tổng Lãnh sự quán nước Cộng hòa xã hội chủ nghĩa Việt Nam tại Osaka,14/07/2022,Chứng nhận cơ bản,https://tinnhiemmang.vn/danh-ba-tin-nhiem/vnconsulate-osakamofagovvn-1625196422
vnconsulate-pakse.mofa.gov.vn,Tổng lãnh sự quán nước Cộng hòa xã hội chủ nghĩa Việt Nam tại Pakse,14/07/2022,Chứng nhận cơ bản,https://tinnhiemmang.vn/danh-ba-tin-nhiem/vnconsulate-paksemofagovvn-1625196692
vnconsulate-perth.mofa.gov.vn,Tổng lãnh sự quán nước Cộng hòa xã hội chủ nghĩa Việt Nam tại Pớt  Úc,14/07/2022,Chứng nhận cơ bản,https://tinnhiemmang.vn/danh-ba-tin-nhiem/vnconsulateperthmofagovvn-1625127733
vnconsulate-sanfrancisco.mofa.gov.vn,Tổng lãnh sự quán Việt Nam tại San Francisco,14/07/2022,Chứng nhận cơ bản,https://tinnhiemmang.vn/danh-ba-tin-nhiem/vnconsulate-sanfranciscomofagovvn-1625475810
vnconsulate-savanakhet.mofa.gov.vn,Tổng Lãnh sự quán Việt Nam tại Savanakhet,14/07/2022,Chứng nhận cơ bản,https://tinnhiemmang.vn/danh-ba-tin-nhiem/vnconsulate-savanakhetmofagovvn-1625196839
vnconsulate-shanghai.mofa.gov.vn,"Tổng Lãnh sự quán nước Cộng hòa xã hội chủ nghĩa Việt Nam tại Thượng Hải, Trung Quốc",14/07/2022,Chứng nhận cơ bản,https://tinnhiemmang.vn/danh-ba-tin-nhiem/vnconsulate-shanghaimofagovvn-1625193145
vnconsulate-shihanoukville.mofa.gov.vn,Tổng Lãnh sự quán Cộng hòa Xã hội Chủ nghĩa Việt Nam tại Sihanoukville  Vương quốc Campuchia,01/07/2021,Chứng nhận cơ bản,https://tinnhiemmang.vn/danh-ba-tin-nhiem/vnconsulateshihanoukvillemofagovvn-1625128740
vnconsulate-vancouver.mofa.gov.vn,"Tổng Lãnh sự quán Việt Nam tại Van-Cu-Vơ, Ca-na-đa",14/07/2022,Chứng nhận cơ bản,https://tinnhiemmang.vn/danh-ba-tin-nhiem/vnconsulate-vancouvermofagovvn-1625474541
vnconsulate-vladivostok.mofa.gov.vn,Tổng lãnh sự quán nước Cộng hòa xã hội chủ nghĩa Việt Nam tại Vladivostok - Nga,05/07/2021,Chứng nhận cơ bản,https://tinnhiemmang.vn/danh-ba-tin-nhiem/vnconsulate-vladivostokmofagovvn-1625469821
vndts.vn,Công Ty TNHH Giải Pháp Công Nghệ Số VN,30/08/2022,Chứng nhận cơ bản,https://tinnhiemmang.vn/danh-ba-tin-nhiem/vndtsvn-1659070924
vndx.gov.vn,"Cục Chuyển đổi số quốc gia, Bộ Thông tin và Truyền thông",01/07/2023,Chứng nhận nâng cao,https://tinnhiemmang.vn/danh-ba-tin-nhiem/vndxgovvn-1688200872
vnembassy-abudhabi.mofa.gov.vn,Đại sứ quán nước Cộng hòa xã hội chủ nghĩa Việt Nam tại Ả-rập Thống nhất,14/07/2022,Chứng nhận cơ bản,https://tinnhiemmang.vn/danh-ba-tin-nhiem/vnembassy-abudhabimofagovvn-1625211148
vnembassy-abuja.mofa.gov.vn,Đại sứ quán CHXHCN Việt Nam tại Cộng hòa liên bang Ni-giê-ri-a,14/07/2022,Chứng nhận cơ bản,https://tinnhiemmang.vn/danh-ba-tin-nhiem/vnembassy-abujamofagovvn-1625210529
vnembassy-algiers.mofa.gov.vn,Đại sứ quán nước CHXHCN Việt Nam tại nước Cộng hoà An-giê-ri Dân chủ và Nhân dân,05/07/2021,Chứng nhận cơ bản,https://tinnhiemmang.vn/danh-ba-tin-nhiem/vnembassy-algiersmofagovvn-1625209798
vnembassy-astana.mofa.gov.vn,Đại sứ quán nước Cộng hòa xã hội chủ nghĩa Việt Nam tại Kazakhstan,05/07/2021,Chứng nhận cơ bản,https://tinnhiemmang.vn/danh-ba-tin-nhiem/vnembassy-astanamofagovvn-1625198907
vnembassy-athens.mofa.gov.vn,Đại sứ quán nước Cộng hòa xã hội chủ nghĩa Việt Nam tại Hy Lạp,14/07/2022,Chứng nhận cơ bản,https://tinnhiemmang.vn/danh-ba-tin-nhiem/vnembassy-athensmofagovvn-1625471194
vnembassy-bangkok.mofa.gov.vn,Đại sứ quán nước Cộng hòa xã hội chủ nghĩa Việt Nam tại Thái Lan,05/07/2021,Chứng nhận cơ bản,https://tinnhiemmang.vn/danh-ba-tin-nhiem/vnembassy-bangkokmofagovvn-1625198813
vnembassy-berlin.mofa.gov.vn,Đại sứ quán nước Cộng hòa xã hội chủ nghĩa Việt Nam tại Đức,05/07/2021,Chứng nhận cơ bản,https://tinnhiemmang.vn/danh-ba-tin-nhiem/vnembassy-berlinmofagovvn-1625454613
vnembassy-bern.mofa.gov.vn,Đại sứ quán nước Cộng hòa xã hội chủ nghĩa Việt Nam tại Thụy Sĩ,14/07/2022,Chứng nhận cơ bản,https://tinnhiemmang.vn/danh-ba-tin-nhiem/vnembassy-bernmofagovvn-1625470487
vnembassy-brasilia.mofa.gov.vn,Đại sứ quán nước Cộng hòa xã hội chủ nghĩa Việt Nam tại Brazil​,14/07/2022,Chứng nhận cơ bản,https://tinnhiemmang.vn/danh-ba-tin-nhiem/vnembassy-brasiliamofagovvn-1625474403
vnembassy-bratislava.mofa.gov.vn,Đại sứ quán nước Cộng hòa xã hội chủ nghĩa Việt Nam tại Slovakia,14/07/2022,Chứng nhận cơ bản,https://tinnhiemmang.vn/danh-ba-tin-nhiem/vnembassy-bratislavamofagovvn-1625471362
vnembassy-bruxelles.mofa.gov.vn,Đại sứ quán nước Cộng hòa xã hội chủ nghĩa Việt Nam tại Vương quốc Bỉ và Đại Công quốc Lúc-xăm-bua,05/07/2021,Chứng nhận cơ bản,https://tinnhiemmang.vn/danh-ba-tin-nhiem/vnembassy-bruxellesmofagovvn-1625211789
vnembassy-bucharest.mofa.gov.vn,Đại sứ quán nước Cộng hòa xã hội chủ nghĩa Việt Nam tại Ru-ma-ni,05/07/2021,Chứng nhận cơ bản,https://tinnhiemmang.vn/danh-ba-tin-nhiem/vnembassy-bucharestmofagovvn-1625467484
vnembassy-budapest.mofa.gov.vn,Đại sứ quán nước Cộng hòa xã hội chủ nghĩa Việt Nam tại Hungary,05/07/2021,Chứng nhận cơ bản,https://tinnhiemmang.vn/danh-ba-tin-nhiem/vnembassy-budapestmofagovvn-1625454751
vnembassy-buenosaires.mofa.gov.vn,Đại sứ quán nước Cộng hòa xã hội chủ nghĩa Việt Nam tại Úc Ác–hen-ti-na,14/07/2022,Chứng nhận cơ bản,https://tinnhiemmang.vn/danh-ba-tin-nhiem/vnembassy-buenosairesmofagovvn-1625471988
vnembassy-cairo.mofa.gov.vn,Đại sứ quán Việt Nam tại Cộng hòa A-rập Ai Cập,05/07/2021,Chứng nhận cơ bản,https://tinnhiemmang.vn/danh-ba-tin-nhiem/vnembassy-cairomofagovvn-1625210701
vnembassy-canberra.mofa.gov.vn,Đại sứ quán nước Cộng hòa xã hội chủ nghĩa Việt Nam tại Úc,14/07/2022,Chứng nhận cơ bản,https://tinnhiemmang.vn/danh-ba-tin-nhiem/vnembassycanberramofagovvn-1625127585
vnembassy-caracas.mofa.gov.vn,Đại sứ quán nước Cộng hòa xã hội chủ nghĩa Việt Nam tại Venezuela,14/07/2022,Chứng nhận cơ bản,https://tinnhiemmang.vn/danh-ba-tin-nhiem/vnembassy-caracasmofagovvn-1625475917
vnembassy-colombo.mofa.gov.vn,Đại sứ quán Việt Nam tại Xri Lan Ca kiêm nhiệm Man-đi-vơ,05/07/2021,Chứng nhận cơ bản,https://tinnhiemmang.vn/danh-ba-tin-nhiem/vnembassy-colombomofagovvn-1625209750
vnembassy-copenhagen.mofa.gov.vn,Đại sứ quán nước Cộng hòa xã hội chủ nghĩa Việt Nam tại Vương quốc Đan Mạch,05/07/2021,Chứng nhận cơ bản,https://tinnhiemmang.vn/danh-ba-tin-nhiem/vnembassy-copenhagenmofagovvn-1625212208
vnembassy-daressalaam.mofa.gov.vn,Đại sứ quán nước Cộng hòa Xã hội Chủ nghĩa Việt Nam tại nước Cộng hòa Thống nhất Tanzania,14/07/2022,Chứng nhận cơ bản,https://tinnhiemmang.vn/danh-ba-tin-nhiem/vnembassy-daressalaammofagovvn-1625210488
vnembassy-darussalam.mofa.gov.vn,Đại sứ quán nước Cộng hòa xã hội chủ nghĩa Việt Nam tại Brunei,14/07/2022,Chứng nhận cơ bản,https://tinnhiemmang.vn/danh-ba-tin-nhiem/vnembassydarussalammofagovvn-1625128090
vnembassy-dasman.mofa.gov.vn,Đại sứ quán CHXHCN Việt Nam tại Nhà nước Cô-oét,14/07/2022,Chứng nhận cơ bản,https://tinnhiemmang.vn/danh-ba-tin-nhiem/vnembassy-dasmanmofagovvn-1625211272
vnembassy-dhaka.mofa.gov.vn,Đại sứ quán nước Cộng hòa xã hội chủ nghĩa Việt Nam tại Bangladesh,14/07/2022,Chứng nhận cơ bản,https://tinnhiemmang.vn/danh-ba-tin-nhiem/vnembassydhakamofagovvn-1625128030
vnembassy-doha.mofa.gov.vn,Đại sứ quán CHXHCN Việt Nam tại Nhà nước Ca-ta,05/07/2021,Chứng nhận cơ bản,https://tinnhiemmang.vn/danh-ba-tin-nhiem/vnembassy-dohamofagovvn-1625211310
vnembassy-helsinki.mofa.gov.vn,Đại sứ quán nước Cộng hòa xã hội chủ nghĩa Việt Nam tại Phần Lan​,05/07/2021,Chứng nhận cơ bản,https://tinnhiemmang.vn/danh-ba-tin-nhiem/vnembassy-helsinkimofagovvn-1625212287
vnembassy-islamabad.mofa.gov.vn,Đại sứ quán nước Cộng hòa xã hội chủ nghĩa Việt Nam tại Pkistan,14/07/2022,Chứng nhận cơ bản,https://tinnhiemmang.vn/danh-ba-tin-nhiem/vnembassy-islamabadmofagovvn-1625198076
vnembassy-jakarta.mofa.gov.vn,Đại sứ quán nước Cộng hòa xã hội chủ nghĩa Việt Nam tại Indonesia,14/07/2022,Chứng nhận cơ bản,https://tinnhiemmang.vn/danh-ba-tin-nhiem/vnembassy-jakartamofagovvn-1625194329
vnembassy-kiev.mofa.gov.vn,Đại sứ quán nước Cộng hòa xã hội chủ nghĩa Việt Nam tại U-crai-na,14/07/2022,Chứng nhận cơ bản,https://tinnhiemmang.vn/danh-ba-tin-nhiem/vnembassy-kievmofagovvn-1625471149
vnembassy-kualalumpur.mofa.gov.vn,Đại sứ quán nước Cộng hòa xã hội chủ nghĩa Việt Nam tại Malaysia,14/07/2022,Chứng nhận cơ bản,https://tinnhiemmang.vn/danh-ba-tin-nhiem/vnembassy-kualalumpurmofagovvn-1625197454
vnembassy-lahabana.mofa.gov.vn,Đại sứ quán nước Cộng hòa xã hội chủ nghĩa Việt Nam tại Cu-Ba,14/07/2022,Chứng nhận cơ bản,https://tinnhiemmang.vn/danh-ba-tin-nhiem/vnembassy-lahabanamofagovvn-1625475467
vnembassy-london.mofa.gov.vn,Đại sứ quán nước Cộng hòa xã hội chủ nghĩa Việt Nam tại Anh,05/07/2021,Chứng nhận cơ bản,https://tinnhiemmang.vn/danh-ba-tin-nhiem/vnembassy-londonmofagovvn-1625212247
vnembassy-luanda.mofa.gov.vn,Đại sứ quán nước Cộng hòa Xã hội chủ nghĩa Việt Nam tại Angola,05/07/2021,Chứng nhận cơ bản,https://tinnhiemmang.vn/danh-ba-tin-nhiem/vnembassy-luandamofagovvn-1625209887
vnembassy-madrid.mofa.gov.vn,Đại sứ quán nước Cộng hòa xã hội chủ nghĩa Việt Nam tại Tây Ban Nha,05/07/2021,Chứng nhận cơ bản,https://tinnhiemmang.vn/danh-ba-tin-nhiem/vnembassy-madridmofagovvn-1625469905
vnembassy-manila.mofa.gov.vn,Đại sứ quán Việt N​am tại Phi-líp-pin,14/07/2022,Chứng nhận cơ bản,https://tinnhiemmang.vn/danh-ba-tin-nhiem/vnembassy-manilamofagovvn-1625198443
vnembassy-maputo.mofa.gov.vn,Đại sứ quán nước Cộng hòa xã hội chủ nghĩa Việt Nam tại Mozambique,14/07/2022,Chứng nhận cơ bản,https://tinnhiemmang.vn/danh-ba-tin-nhiem/vnembassy-maputomofagovvn-1625210587
vnembassy-mexico.mofa.gov.vn,​Đại sứ quán nước Cộng hòa xã hội chủ nghĩa Việt Nam tại Mexico,14/07/2022,Chứng nhận cơ bản,https://tinnhiemmang.vn/danh-ba-tin-nhiem/vnembassy-mexicomofagovvn-1625475601
vnembassy-minsk.mofa.gov.vn,Đại sứ quán nước Cộng hòa xã hội chủ nghĩa Việt Nam tại Belarus,14/07/2022,Chứng nhận cơ bản,https://tinnhiemmang.vn/danh-ba-tin-nhiem/vnembassy-minskmofagovvn-1625211728
vnembassy-moscow.mofa.gov.vn,Đại sứ quán Cộng hòa xã hội chủ nghĩa Việt Nam tại Matxcova - Liên bang Nga,05/07/2021,Chứng nhận cơ bản,https://tinnhiemmang.vn/danh-ba-tin-nhiem/vnembassy-moscowmofagovvn-1625467594
vnembassy-newdelhi.mofa.gov.vn,Đại sứ quán nước Cộng hòa xã hội chủ nghĩa Việt Nam tại Ấn Độ,14/07/2022,Chứng nhận cơ bản,https://tinnhiemmang.vn/danh-ba-tin-nhiem/vnembassy-newdelhimofagovvn-1625194185
vnembassy-ontario.mofa.gov.vn,Đại sứ quán nước Cộng hòa xã hội chủ nghĩa Việt Nam tại Canada,14/07/2022,Chứng nhận cơ bản,https://tinnhiemmang.vn/danh-ba-tin-nhiem/vnembassy-ontariomofagovvn-1625474463
vnembassy-oslo.mofa.gov.vn,Đại sứ quán nước Cộng hòa xã hội chủ nghĩa Việt Nam tại Na-uy,05/07/2021,Chứng nhận cơ bản,https://tinnhiemmang.vn/danh-ba-tin-nhiem/vnembassy-oslomofagovvn-1625467549
vnembassy-panama.mofa.gov.vn,Đại sứ quán nước Cộng hòa xã hội chủ nghĩa Việt Nam tại Panama,14/07/2022,Chứng nhận cơ bản,https://tinnhiemmang.vn/danh-ba-tin-nhiem/vnembassy-panamamofagovvn-1625475686
vnembassy-paris.mofa.gov.vn,Đại sứ quán nước Cộng hòa xã hội chủ nghĩa Việt Nam tại Pháp,05/07/2021,Chứng nhận cơ bản,https://tinnhiemmang.vn/danh-ba-tin-nhiem/vnembassy-parismofagovvn-1625212328
vnembassy-phnompenh.mofa.gov.vn,Đại sứ quán nước Cộng hòa xã hội chủ nghĩa Việt Nam tại Cambodia,01/07/2021,Chứng nhận cơ bản,https://tinnhiemmang.vn/danh-ba-tin-nhiem/vnembassyphnompenhmofagovvn-1625128294
vnembassy-praha.mofa.gov.vn,Đại sứ quán nước Cộng hòa xã hội chủ nghĩa Việt Nam tại Séc,05/07/2021,Chứng nhận cơ bản,https://tinnhiemmang.vn/danh-ba-tin-nhiem/vnembassy-prahamofagovvn-1625212150
vnembassy-pretoria.mofa.gov.vn,Đại sứ quán nước Cộng hòa xã hội chủ nghĩa Việt Nam tại Nam Phi,14/07/2022,Chứng nhận cơ bản,https://tinnhiemmang.vn/danh-ba-tin-nhiem/vnembassy-pretoriamofagovvn-1625210442
vnembassy-pyongyang.mofa.gov.vn,Đại sứ quán nước Cộng hòa xã hội chủ nghĩa Việt Nam tại Pyongyang - Triều Tiên,14/07/2022,Chứng nhận cơ bản,https://tinnhiemmang.vn/danh-ba-tin-nhiem/vnembassy-pyongyangmofagovvn-1625198637
vnembassy-rabat.mofa.gov.vn,Đại sứ quán nước Cộng hòa Xã hội Chủ nghĩa Việt Nam tại Vương quốc Ma rốc,05/07/2021,Chứng nhận cơ bản,https://tinnhiemmang.vn/danh-ba-tin-nhiem/vnembassy-rabatmofagovvn-1625210037
vnembassy-riyadh.mofa.gov.vn,Đại sứ quán nước Cộng hòa xã hội chủ nghĩa Việt Nam tại Ả Rập Xê - Út,14/07/2022,Chứng nhận cơ bản,https://tinnhiemmang.vn/danh-ba-tin-nhiem/vnembassy-riyadhmofagovvn-1625556242
vnembassy-roma.mofa.gov.vn,Đại sứ quán nước Cộng hòa xã hội chủ nghĩa Việt Nam tại Ý,05/07/2021,Chứng nhận cơ bản,https://tinnhiemmang.vn/danh-ba-tin-nhiem/vnembassy-romamofagovvn-1625454946
vnembassy-santiago.mofa.gov.vn,Đại sứ quán nước Cộng hòa xã hội chủ nghĩa Việt Nam tại ChiLe,14/07/2022,Chứng nhận cơ bản,https://tinnhiemmang.vn/danh-ba-tin-nhiem/vnembassy-santiagomofagovvn-1625474701
vnembassy-seoul.mofa.gov.vn,Đại sứ quán nước Cộng hòa xã hội chủ nghĩa Việt Nam tại Hàn Quốc,14/07/2022,Chứng nhận cơ bản,https://tinnhiemmang.vn/danh-ba-tin-nhiem/vnembassy-seoulmofagovvn-1625193414
vnembassy-singapore.mofa.gov.vn,Đại sứ quán nước Cộng hòa xã hội chủ nghĩa Việt Nam tại Sigapore,14/07/2022,Chứng nhận cơ bản,https://tinnhiemmang.vn/danh-ba-tin-nhiem/vnembassy-singaporemofagovvn-1625198737
vnembassy-sofia.mofa.gov.vn,Đại sứ quán nước Cộng hòa xã hội chủ nghĩa Việt Nam tại Bulgaria,05/07/2021,Chứng nhận cơ bản,https://tinnhiemmang.vn/danh-ba-tin-nhiem/vnembassy-sofiamofagovvn-1625211830
vnembassy-stockholm.mofa.gov.vn,Đại sứ quán nước Cộng hòa xã hội chủ nghĩa Việt Nam tại Thụy Điển,05/07/2021,Chứng nhận cơ bản,https://tinnhiemmang.vn/danh-ba-tin-nhiem/vnembassy-stockholmmofagovvn-1625469943
vnembassy-tehran.mofa.gov.vn,Đại sứ quán nước Cộng hòa xã hội chủ nghĩa Việt Nam tại I-ran,14/07/2022,Chứng nhận cơ bản,https://tinnhiemmang.vn/danh-ba-tin-nhiem/vnembassy-tehranmofagovvn-1625211210
vnembassy-telaviv.mofa.gov.vn,Đại sứ quán nước Cộng hòa xã hội chủ nghĩa Việt Nam tại Ix-ra-en,14/07/2022,Chứng nhận cơ bản,https://tinnhiemmang.vn/danh-ba-tin-nhiem/vnembassy-telavivmofagovvn-1625211551
vnembassy-thehague.mofa.gov.vn,Đại sứ quán nước Cộng hòa xã hội chủ nghĩa Việt Nam tại Hà Lan​,14/07/2022,Chứng nhận cơ bản,https://tinnhiemmang.vn/danh-ba-tin-nhiem/vnembassy-thehaguemofagovvn-1625470585
vnembassy-tokyo.mofa.gov.vn,Đại sứ quán nước Cộng hòa xã hội chủ nghĩa Việt Nam tại Nhật Bản,14/07/2022,Chứng nhận cơ bản,https://tinnhiemmang.vn/danh-ba-tin-nhiem/vnembassy-tokyomofagovvn-1625195936
vnembassy-ulaanbaatar.mofa.gov.vn,Đại sứ quán nước Cộng hòa xã hội chủ nghĩa Việt Nam tại Mông Cổ,14/07/2022,Chứng nhận cơ bản,https://tinnhiemmang.vn/danh-ba-tin-nhiem/vnembassy-ulaanbaatarmofagovvn-1625197508
vnembassy-vienna.mofa.gov.vn,Đại sứ quán nước Cộng hòa xã hội chủ nghĩa Việt Nam tại Cộng hòa Áo,05/07/2021,Chứng nhận cơ bản,https://tinnhiemmang.vn/danh-ba-tin-nhiem/vnembassy-viennamofagovvn-1625211669
vnembassy-vientiane.mofa.gov.vn,Đại sứ quán nước CHXHCN Việt Nam tại nước CHDCND Lào,14/07/2022,Chứng nhận cơ bản,https://tinnhiemmang.vn/danh-ba-tin-nhiem/vnembassy-vientianemofagovvn-1625196528
vnembassy-warsaw.mofa.gov.vn,Đại sứ quán nước Cộng hòa xã hội chủ nghĩa Việt Nam tại Ba Lan,05/07/2021,Chứng nhận cơ bản,https://tinnhiemmang.vn/danh-ba-tin-nhiem/vnembassy-warsawmofagovvn-1625467414
vnembassy-washington.mofa.gov.vn,Đại sứ quán Cộng hòa xã hội chủ nghĩa Việt Nam tại Hợp chủng quốc Hoa Kỳ,14/07/2022,Chứng nhận cơ bản,https://tinnhiemmang.vn/danh-ba-tin-nhiem/vnembassy-washingtonmofagovvn-1625475739
vnembassy-wellington.mofa.gov.vn,Đại sứ quán nước Cộng hòa xã hội chủ nghĩa Việt Nam tại Niu Di-lân,14/07/2022,Chứng nhận cơ bản,https://tinnhiemmang.vn/danh-ba-tin-nhiem/vnembassy-wellingtonmofagovvn-1625197724
vnembassy-yangon.mofa.gov.vn,Đại sứ quán nước CHXHCN VIệt Nam tại Cộng hòa Liên bang Myanmar,14/07/2022,Chứng nhận cơ bản,https://tinnhiemmang.vn/danh-ba-tin-nhiem/vnembassy-yangonmofagovvn-1625197619
vnexpress.net,Báo điện tử VnExpress,10/09/2021,Chứng nhận nâng cao,https://tinnhiemmang.vn/danh-ba-tin-nhiem/vnexpressnet-1631251352
vngiap.khanhhoa.edu.vn,"Trường THPT Võ Nguyên Giáp, tỉnh Khánh Hòa",09/08/2023,Chứng nhận cơ bản,https://tinnhiemmang.vn/danh-ba-tin-nhiem/vngiapkhanhhoaeduvn-1691554030
vnics.org.vn,Viện Nghiên cứu Trung Quốc,12/08/2021,Chứng nhận cơ bản,https://tinnhiemmang.vn/danh-ba-tin-nhiem/vnicsorgvn-1628738685
vnmc.gov.vn,Văn phòng Thường trực Ủy ban sông Mê Công Việt Nam,08/05/2024,Chứng nhận cơ bản,https://tinnhiemmang.vn/danh-ba-tin-nhiem/vnmcgovvn-1715137053
vnmission-asean.mofa.gov.vn,Phái đoàn thường trực Việt Nam tại Asean,28/12/2021,Chứng nhận cơ bản,https://tinnhiemmang.vn/danh-ba-tin-nhiem/vnmission-aseanmofagovvn-1640677587
vnmission-newyork.mofa.gov.vn,Phái đoàn thường trực nước Cộng hòa xã hội chủ nghĩa Việt Nam tại New York - Hoa Kỳ,14/07/2022,Chứng nhận cơ bản,https://tinnhiemmang.vn/danh-ba-tin-nhiem/vnmission-newyorkmofagovvn-1625471463
vnmission-unesco.mofa.gov.vn,Phái đoàn thường trực Việt Nam bên cạnh UNESCO tại Pháp,14/07/2022,Chứng nhận cơ bản,https://tinnhiemmang.vn/danh-ba-tin-nhiem/vnmission-unescomofagovvn-1625471407
vnnic.vn,Trung tâm Internet Việt Nam-VNNIC,08/06/2021,Chứng nhận cơ bản,https://tinnhiemmang.vn/danh-ba-tin-nhiem/vnnicvn
vnpc.gs1.gov.vn,Trung tâm Mã số Mã vạch Quốc gia - Bộ Khoa học và Công nghệ,04/03/2024,Chứng nhận cơ bản,https://tinnhiemmang.vn/danh-ba-tin-nhiem/vnpcgs1govvn-1709538568
vnpi.vn,Viện Năng suất Việt Nam - Bộ Khoa học và Công nghệ,04/03/2024,Chứng nhận cơ bản,https://tinnhiemmang.vn/danh-ba-tin-nhiem/vnpivn-1709538751
vnptdanang.vn,Viễn thông Đà Nẵng - Tập đoàn Bưu chính Viễn thông Việt Nam,22/12/2021,Chứng nhận cơ bản,https://tinnhiemmang.vn/danh-ba-tin-nhiem/vnptdanangvn-1638867404
vnskills.edu.vn,Công ty TNHH Vnskills,10/10/2022,Chứng nhận cơ bản,https://tinnhiemmang.vn/danh-ba-tin-nhiem/vnskillseduvn-1654074595
vnsw.gov.vn,Tổng cục Hải quan,11/08/2023,Chứng nhận cơ bản,https://tinnhiemmang.vn/danh-ba-tin-nhiem/vnswgovvn-1691726558
vnvc.vn,Công ty cổ phần vacxin Việt Nam,15/12/2022,Chứng nhận cơ bản,https://tinnhiemmang.vn/danh-ba-tin-nhiem/vnvcvn-1666145319
vongbingocanh.com,Công Ty CP Vật Tư Thương Mại Ngọc Anh,25/03/2022,Chứng nhận cơ bản,https://tinnhiemmang.vn/danh-ba-tin-nhiem/vongbingocanhcom-1648184919
vov.gov.vn,Đài Tiếng nói Việt Nam,01/03/2024,Chứng nhận cơ bản,https://tinnhiemmang.vn/danh-ba-tin-nhiem/vovgovvn-1709195862
vov.vn,Báo điện tử VOV,13/07/2021,Chứng nhận nâng cao,https://tinnhiemmang.vn/danh-ba-tin-nhiem/vovvn-1625717697
vpcqcsdt.bocongan.gov.vn,Văn phòng Cơ quan Cảnh sát điều tra - Bộ Công An,01/11/2023,Chứng nhận cơ bản,https://tinnhiemmang.vn/danh-ba-tin-nhiem/vpcqcsdtbocongangovvn-1698811333
vpddbqh-hdnd.angiang.gov.vn,Văn phòng ĐBQH và HĐND tỉnh An Giang,06/10/2021,Chứng nhận cơ bản,https://tinnhiemmang.vn/danh-ba-tin-nhiem/vpddbqh-hdndangianggovvn-1633511728
vpdt-vanban.tphcm.gov.vn,Sở Thông tin và Truyền thông thành phố Hồ Chí Minh,09/10/2023,Chứng nhận cơ bản,https://tinnhiemmang.vn/danh-ba-tin-nhiem/vpdt-vanbantphcmgovvn-1696833301
vplace.vn,Hội trường Vplace,19/07/2022,Chứng nhận cơ bản,https://tinnhiemmang.vn/danh-ba-tin-nhiem/vplacevn-1657341737
vpub.hochiminhcity.gov.vn,Văn phòng UBND thành phố Hồ Chí Minh,09/10/2023,Chứng nhận cơ bản,https://tinnhiemmang.vn/danh-ba-tin-nhiem/vpubhochiminhcitygovvn-1696834609
vpubnd.bacninh.gov.vn,Văn Phòng Ủy Ban Nhân Dân Tỉnh Bắc Ninh,30/11/2021,Chứng nhận cơ bản,https://tinnhiemmang.vn/danh-ba-tin-nhiem/vpubndbacninhgovvn-1638239676
vpubnd.caobang.gov.vn,Văn phòng UBND tỉnh Cao Bằng,29/06/2023,Chứng nhận cơ bản,https://tinnhiemmang.vn/danh-ba-tin-nhiem/vpubndcaobanggovvn-1688025695
vpubnd.dienbien.gov.vn,Văn phòng UBND tỉnh Điện Biên,05/12/2023,Chứng nhận cơ bản,https://tinnhiemmang.vn/danh-ba-tin-nhiem/vpubnddienbiengovvn-1701685249
vpubnd.gialai.gov.vn,Văn phòng Ủy ban nhân dân tỉnh Gia Lai,10/05/2021,Chứng nhận cơ bản,https://tinnhiemmang.vn/danh-ba-tin-nhiem/vpubndgialaigovvn-1620631267
vpubnd.hungyen.gov.vn,Văn phòng UBND tỉnh Hưng Yên,15/07/2021,Chứng nhận cơ bản,https://tinnhiemmang.vn/danh-ba-tin-nhiem/vpubndhungyengovvn-1626336749
vpubnd.laichau.gov.vn,Ủy ban nhân dân tỉnh Lai Châu,01/03/2024,Chứng nhận cơ bản,https://tinnhiemmang.vn/danh-ba-tin-nhiem/vpubndlaichaugovvn-1709265077
vpubnd.lamdong.gov.vn,Văn phòng UBND tỉnh Lâm Đồng,10/05/2023,Chứng nhận cơ bản,https://tinnhiemmang.vn/danh-ba-tin-nhiem/vpubndlamdonggovvn-1683701859
vpubnd.laocai.gov.vn,UBND tỉnh Lào Cai,25/11/2021,Chứng nhận cơ bản,https://tinnhiemmang.vn/danh-ba-tin-nhiem/vpubndlaocaigovvn-1637806844
vpubnd.quangngai.gov.vn,Văn phòng Ủy ban nhân dân tỉnh Quảng Ngãi,29/11/2024,Chứng nhận cơ bản,https://tinnhiemmang.vn/danh-ba-tin-nhiem/vpubndquangngaigovvn-1732582370
vpubnd.tayninh.gov.vn,Ủy ban nhân dân tỉnh Tây Ninh,24/11/2021,Chứng nhận cơ bản,https://tinnhiemmang.vn/danh-ba-tin-nhiem/vpubndtayninhgovvn-1637725752
vpubnd.thanhhoa.gov.vn,Văn phòng UBND tỉnh Thanh Hóa,17/01/2024,Chứng nhận cơ bản,https://tinnhiemmang.vn/danh-ba-tin-nhiem/vpubndthanhhoagovvn-1705456094
vpubnd.vinhlong.gov.vn,Văn phòng UBND tỉnh Vĩnh Long,25/05/2023,Chứng nhận cơ bản,https://tinnhiemmang.vn/danh-ba-tin-nhiem/vpubndvinhlonggovvn-1684915591
vqghl.laocai.gov.vn,Vườn quốc gia Hoàng Liên tỉnh Lào Cai,20/07/2021,Chứng nhận cơ bản,https://tinnhiemmang.vn/danh-ba-tin-nhiem/vqghllaocaigovvn-1626687555
vqgtc.dongthap.gov.vn,"Vườn Quốc gia Tràm Chim, tỉnh Đồng Tháp",22/11/2021,Chứng nhận cơ bản,https://tinnhiemmang.vn/danh-ba-tin-nhiem/vqgtcdongthapgovvn-1637567164
vsm.vn,Công ty TNHH Digital Marketing VSM,22/07/2022,Chứng nhận cơ bản,https://tinnhiemmang.vn/danh-ba-tin-nhiem/vsmvn-1656568229
vss.gov.vn,Bảo hiểm Xã hội Việt Nam,14/07/2021,Chứng nhận cơ bản,https://tinnhiemmang.vn/danh-ba-tin-nhiem/vssgovvn-1626170535
vst.mof.gov.vn,Kho bạc Nhà nước,31/08/2023,Chứng nhận cơ bản,https://tinnhiemmang.vn/danh-ba-tin-nhiem/vstmofgovvn-1693447539
vtcnews.vn,Báo điện tử VTC,06/03/2024,Chứng nhận nâng cao,https://tinnhiemmang.vn/danh-ba-tin-nhiem/vtcnewsvn-1709643551
vtlt.danang.gov.vn,Sở Nội vụ thành phố Đà Nẵng,17/07/2022,Chứng nhận cơ bản,https://tinnhiemmang.vn/danh-ba-tin-nhiem/vtltdananggovvn-1657878007
vtv.gov.vn,Đài Truyền hình Việt Nam,02/07/2021,Chứng nhận cơ bản,https://tinnhiemmang.vn/danh-ba-tin-nhiem/vtvgovvn-1625220080
vtv.vn,Báo điện tử VTV,10/05/2024,Chứng nhận cơ bản,https://tinnhiemmang.vn/danh-ba-tin-nhiem/vtvvn-1625728856
vuagym.com,Hộ kinh doanh Vựa Gym,23/06/2022,Chứng nhận cơ bản,https://tinnhiemmang.vn/danh-ba-tin-nhiem/vuagymcom-1653307817
vudigital.co,CÔNG TY TNHH VŨ DIGITAL,14/12/2021,Chứng nhận cơ bản,https://tinnhiemmang.vn/danh-ba-tin-nhiem/vudigitalco-1639194245
vuonqgmcm.camau.gov.vn,Vườn quốc gia Mũi Cà Mau,30/05/2023,Chứng nhận cơ bản,https://tinnhiemmang.vn/danh-ba-tin-nhiem/vuonqgmcmcamaugovvn-1684984075
vuonqgumh.camau.gov.vn,Vườn Quốc gia U Minh Hạ tỉnh Cà Mau,30/05/2023,Chứng nhận cơ bản,https://tinnhiemmang.vn/danh-ba-tin-nhiem/vuonqgumhcamaugovvn-1684983775
vuonquocgiaxuanson.com.vn,Vườn Quốc gia Xuân Sơn tỉnh Phú Thọ,03/10/2023,Chứng nhận cơ bản,https://tinnhiemmang.vn/danh-ba-tin-nhiem/vuonquocgiaxuansoncomvn-1696236067
vusta.gov.vn,Liên Hiệp Các Hội Khoa học  Kỹ thuật Bình Thuận,02/01/2024,Chứng nhận cơ bản,https://tinnhiemmang.vn/danh-ba-tin-nhiem/vustagovvn-1703815918
vwu.vn,Hội Liên hiệp phụ nữ Việt Nam,19/06/2024,Chứng nhận cơ bản,https://tinnhiemmang.vn/danh-ba-tin-nhiem/vwuvn-1710692973
web2m.com,Công ty TNHH Thương Mại Và Dịch Vụ FUTE,26/07/2022,Chứng nhận cơ bản,https://tinnhiemmang.vn/danh-ba-tin-nhiem/web2mcom-1658547762
webgis.dedieu.gov.vn,Cục Quản lý đê điều và Phòng chống thiên tai,07/08/2023,Chứng nhận cơ bản,https://tinnhiemmang.vn/danh-ba-tin-nhiem/webgisdedieugovvn-1691044207
wininvoice.vn,Công ty TNHH Win Tech Solution,29/11/2022,Chứng nhận cơ bản,https://tinnhiemmang.vn/danh-ba-tin-nhiem/wininvoicevn-1669374485
winlab.vn,Công Ty TNHH Sản Xuất Xnk Mỹ Phẩm Winlab - Ba Xuyên,06/06/2022,Chứng nhận cơ bản,https://tinnhiemmang.vn/danh-ba-tin-nhiem/winlabvn-1653359006
wit-ecogreen.com.vn,Công ty Cổ phần Dược phẩm ECO,09/02/2023,Chứng nhận cơ bản,https://tinnhiemmang.vn/danh-ba-tin-nhiem/wit-ecogreencomvn-1672914291
wiza.vn,Công Ty TNHH Thương Mại Dịch Vụ Halink,22/06/2022,Chứng nhận cơ bản,https://tinnhiemmang.vn/danh-ba-tin-nhiem/wizavn-1653729436
www.mic.gov.vn,Bộ Thông tin và Truyền thông,07/06/2021,Chứng nhận nâng cao,https://tinnhiemmang.vn/danh-ba-tin-nhiem/wwwmicgovvn
www.quangngai.dcs.vn,Tỉnh ủy Quảng Ngãi,10/05/2021,Chứng nhận cơ bản,https://tinnhiemmang.vn/danh-ba-tin-nhiem/wwwquangngaidcsvn-1620635310
www.sotaichinh.hanoi.gov.vn,Sở Tài chính Thành phố Hà Nội,15/06/2021,Chứng nhận cơ bản,https://tinnhiemmang.vn/danh-ba-tin-nhiem/wwwsotaichinhhanoigovvn-1623511220
www.vps.com.vn,Công ty chứng khoán VPS,06/06/2024,Chứng nhận cơ bản,https://tinnhiemmang.vn/danh-ba-tin-nhiem/httpswwwvpscomvn-1619694439
xadaqua.com,XADAQUA - XÀI ĐÃ QUÁ,13/03/2023,Chứng nhận cơ bản,https://tinnhiemmang.vn/danh-ba-tin-nhiem/xadaquacom-1644995678
xatanthuandong.tpcaolanh.dongthap.gov.vn,"UBND xã Tân Thuận Đông, thành phố Cao Lãnh, tỉnh Đồng Tháp",30/01/2024,Chứng nhận cơ bản,https://tinnhiemmang.vn/danh-ba-tin-nhiem/xatanthuandongtpcaolanhdongthapgovvn-1706522042
xayentu.ninhbinh.gov.vn,UBND xã Yên Từ tỉnh Ninh Bình,19/07/2021,Chứng nhận cơ bản,https://tinnhiemmang.vn/danh-ba-tin-nhiem/xayentuninhbinhgovvn-1626422571
xlvphc.moj.gov.vn,Bộ Tư pháp,14/07/2022,Chứng nhận cơ bản,https://tinnhiemmang.vn/danh-ba-tin-nhiem/xlvphcmojgovvn-1625733964
xnc-congan.hochiminhcity.gov.vn,Công an Thành phố Hồ Chí Minh,25/07/2024,Chứng nhận cơ bản,https://tinnhiemmang.vn/danh-ba-tin-nhiem/xnc-conganhochiminhcitygovvn-1721879275
xosohoabinh.vn,Công ty TNHH MTV Xổ số kiến thiết Hòa Bình,09/11/2023,Chứng nhận cơ bản,https://tinnhiemmang.vn/danh-ba-tin-nhiem/xosohoabinhvn-1699433194
xphc.quangngai.gov.vn,Sở Tư pháp tỉnh Quảng Ngãi,11/07/2023,Chứng nhận cơ bản,https://tinnhiemmang.vn/danh-ba-tin-nhiem/xphcquangngaigovvn-1688610778
xuanchinh.kimson.ninhbinh.gov.vn,"Uỷ ban nhân dân xã Xuân Chính, huyện Kim Sơn, tỉnh Ninh Bình",26/06/2024,Chứng nhận cơ bản,https://tinnhiemmang.vn/danh-ba-tin-nhiem/xuanchinhkimsonninhbinhgovvn-1719362164
xuanloc.dongnai.gov.vn,"UBND Huyện Xuân Lộc, tỉnh Đồng Nai",15/01/2024,Chứng nhận cơ bản,https://tinnhiemmang.vn/danh-ba-tin-nhiem/xuanlocdongnaigovvn-1705302881
xuantho.dalat.lamdong.gov.vn,"UBND Xã Xuân Thọ, TP Đà Lạt, Lâm Đồng",29/08/2024,Chứng nhận cơ bản,https://tinnhiemmang.vn/danh-ba-tin-nhiem/xuanthodalatlamdonggovvn-1724915956
xuantruong.dalat.lamdong.gov.vn,"UBND Xã Xuân Trường, TP Đà Lạt, Lâm Đồng",29/08/2024,Chứng nhận cơ bản,https://tinnhiemmang.vn/danh-ba-tin-nhiem/xuantruongdalatlamdonggovvn-1724916039
xuatnhapcanh.gov.vn,Cục Quản lý xuất nhập cảnh,22/12/2023,Chứng nhận cơ bản,https://tinnhiemmang.vn/danh-ba-tin-nhiem/xuatnhapcanhgovvn-1703155380
xuongmaysi.com,Xưởng May Sỉ,16/05/2022,Chứng nhận cơ bản,https://tinnhiemmang.vn/danh-ba-tin-nhiem/xuongmaysicom-1651812189
xuyenvietmedia.com,Công ty TNHH Thương Mại Dịch Vụ Xuyên Việt Media,22/09/2022,Chứng nhận cơ bản,https://tinnhiemmang.vn/danh-ba-tin-nhiem/xuyenvietmediacom-1663301778
ydct.moh.gov.vn,"Cục Quản lý Y, Dược cổ truyền - Bộ Y tế",14/07/2022,Chứng nhận cơ bản,https://tinnhiemmang.vn/danh-ba-tin-nhiem/ydctmohgovvn-1626077708
yenbai.baohiemxahoi.gov.vn,Bảo hiểm xã hội tỉnh Yên Bái,19/07/2021,Chứng nhận cơ bản,https://tinnhiemmang.vn/danh-ba-tin-nhiem/yenbaibaohiemxahoigovvn-1626666341
yenbai.gdt.gov.vn,Cục Thuế tỉnh Yên Bái,10/08/2023,Chứng nhận cơ bản,https://tinnhiemmang.vn/danh-ba-tin-nhiem/yenbaigdtgovvn-1691658600
yenbai.toaan.gov.vn,Tòa án nhân dân tỉnh Yên Bái,07/04/2023,Chứng nhận cơ bản,https://tinnhiemmang.vn/danh-ba-tin-nhiem/yenbaitoaangovvn-1679888479
yenchau.sonla.gov.vn,UBND huyện Yên Châu  UBND tỉnh Sơn La,17/06/2021,Chứng nhận cơ bản,https://tinnhiemmang.vn/danh-ba-tin-nhiem/yenchausonlagovvn-1623915579
yendinh.thanhhoa.gov.vn,UBND tỉnh Thanh Hóa,12/05/2021,Chứng nhận cơ bản,https://tinnhiemmang.vn/danh-ba-tin-nhiem/yendinhthanhhoagovvn-1620702099
yendong.yenmo.ninhbinh.gov.vn,UBND xã Yên Đồng tỉnh Ninh Bình,19/07/2021,Chứng nhận cơ bản,https://tinnhiemmang.vn/danh-ba-tin-nhiem/yendongyenmoninhbinhgovvn-1626423815
yenhoa.ninhbinh.gov.vn,UBND xã Yên Hòa tỉnh Ninh Bình,19/07/2021,Chứng nhận cơ bản,https://tinnhiemmang.vn/danh-ba-tin-nhiem/yenhoaninhbinhgovvn-1626421898
yenhung.yenmo.ninhbinh.gov.vn,UBND xã Yên Hưng tỉnh Ninh Bình,19/07/2021,Chứng nhận cơ bản,https://tinnhiemmang.vn/danh-ba-tin-nhiem/yenhungyenmoninhbinhgovvn-1626422332
yenkhanh.ninhbinh.gov.vn,UBND huyện Yên Khánh tỉnh Ninh Bình,19/07/2021,Chứng nhận cơ bản,https://tinnhiemmang.vn/danh-ba-tin-nhiem/yenkhanhninhbinhgovvn-1626423900
yenlam.ninhbinh.gov.vn,UBND xã Yên Lâm tỉnh Ninh Bình,19/07/2021,Chứng nhận cơ bản,https://tinnhiemmang.vn/danh-ba-tin-nhiem/yenlamninhbinhgovvn-1626422448
yenloc.kimson.ninhbinh.gov.vn,"Uỷ ban nhân dân xã Yên Lộc, huyện Kim Sơn, tỉnh Ninh Bình",26/06/2024,Chứng nhận cơ bản,https://tinnhiemmang.vn/danh-ba-tin-nhiem/yenlockimsonninhbinhgovvn-1719281314
yenmac.yenmo.ninhbinh.gov.vn,"Uỷ ban nhân dân xã Yên Mạc, huyện Yên Mô, tỉnh Ninh Bình",27/06/2024,Chứng nhận cơ bản,https://tinnhiemmang.vn/danh-ba-tin-nhiem/yenmacyenmoninhbinhgovvn-1719456857
yenmo.ninhbinh.gov.vn,"Uỷ ban nhân dân huyện Yên Mô, tỉnh Ninh Bình",27/06/2024,Chứng nhận cơ bản,https://tinnhiemmang.vn/danh-ba-tin-nhiem/yenmoninhbinhgovvn-1719456718
yenmy.hungyen.gov.vn,UBND huyện Yên Mỹ - tỉnh Hưng Yên,15/07/2021,Chứng nhận cơ bản,https://tinnhiemmang.vn/danh-ba-tin-nhiem/yenmyhungyengovvn-1626336821
yenthanh.yenmo.ninhbinh.gov.vn,UBND xã Yên Thành tỉnh Ninh Bình,19/07/2021,Chứng nhận cơ bản,https://tinnhiemmang.vn/danh-ba-tin-nhiem/yenthanhyenmoninhbinhgovvn-1626423591
yenthinh.yenmo.ninhbinh.gov.vn,"Uỷ ban nhân dân thị trấn Yên Thịnh, huyện Yên Mô, tỉnh Ninh Bình",27/06/2024,Chứng nhận cơ bản,https://tinnhiemmang.vn/danh-ba-tin-nhiem/yenthinhyenmoninhbinhgovvn-1719457004
ykhoablog.com,Y Khoa Blog,27/06/2023,Chứng nhận cơ bản,https://tinnhiemmang.vn/danh-ba-tin-nhiem/ykhoablogcom-1653906799
yktvub.danang.gov.vn,Văn phòng UBND thành phố Đà Nẵng,26/06/2024,Chứng nhận cơ bản,https://tinnhiemmang.vn/danh-ba-tin-nhiem/yktvubdananggovvn-1719239760
youre.vn,YOURE Organization,03/10/2022,Chứng nhận cơ bản,https://tinnhiemmang.vn/danh-ba-tin-nhiem/yourevn-1632797036
ytebimson.ytethanhhoa.gov.vn,"Trung tâm y tế Thị xã Bỉm Sơn, tỉnh Thanh Hóa",25/11/2024,Chứng nhận cơ bản,https://tinnhiemmang.vn/danh-ba-tin-nhiem/ytebimsonytethanhhoagovvn-1732249956
ytecamlam.syt.khanhhoa.gov.vn,Trung tâm Y tế Cam lâm,15/01/2024,Chứng nhận cơ bản,https://tinnhiemmang.vn/danh-ba-tin-nhiem/ytecamlamsytkhanhhoagovvn-1705282981
ytecamthuy.ytethanhhoa.gov.vn,"Trung tâm y tế huyện Cẩm Thủy, tỉnh Thanh Hóa",17/01/2024,Chứng nhận cơ bản,https://tinnhiemmang.vn/danh-ba-tin-nhiem/ytecamthuyytethanhhoagovvn-1705457238
ytehauloc.ytethanhhoa.gov.vn,"Trung tâm y tế huyện Hậu Lộc, tỉnh Thanh Hóa",25/11/2024,Chứng nhận cơ bản,https://tinnhiemmang.vn/danh-ba-tin-nhiem/ytehaulocytethanhhoagovvn-1732250025
ytehoanghoa.gov.vn,"Trung tâm Y tế huyện Hoằng Hóa, tỉnh Thanh Hóa",17/01/2024,Chứng nhận cơ bản,https://tinnhiemmang.vn/danh-ba-tin-nhiem/ytehoanghoagovvn-1705462971
ytengason.ytethanhhoa.gov.vn,Trung tâm y tế huyện Nga Sơn tỉnh Thanh Hóa,03/07/2024,Chứng nhận cơ bản,https://tinnhiemmang.vn/danh-ba-tin-nhiem/ytengasonytethanhhoagovvn-1719993364
ytengoclac.ytethanhhoa.gov.vn,Trung tâm Y tế huyện Ngọc Lặc,29/05/2024,Chứng nhận cơ bản,https://tinnhiemmang.vn/danh-ba-tin-nhiem/ytengoclacytethanhhoagovvn-1716891039
ytenhuthanh.ytethanhhoa.gov.vn,Trung tâm y tế huyện Như Thanh,24/06/2024,Chứng nhận cơ bản,https://tinnhiemmang.vn/danh-ba-tin-nhiem/ytenhuthanhytethanhhoagovvn-1718960403
ytenongcong.ytethanhhoa.gov.vn,Trung tâm y tế huyện Nông Cống tỉnh Thanh Hóa,17/10/2024,Chứng nhận cơ bản,https://tinnhiemmang.vn/danh-ba-tin-nhiem/ytenongcongytethanhhoagovvn-1729133407
ytequanhoa.ytethanhhoa.gov.vn,Trung tâm y tế huyện Quan Hóa,26/09/2024,Chứng nhận cơ bản,https://tinnhiemmang.vn/danh-ba-tin-nhiem/ytequanhoaytethanhhoagovvn-1727317384
yteyendinh.ytethanhhoa.gov.vn,"Trung tâm y tế huyện Yên Định, tỉnh Thanh Hóa",25/11/2024,Chứng nhận cơ bản,https://tinnhiemmang.vn/danh-ba-tin-nhiem/yteyendinhytethanhhoagovvn-1732250057
ytnh.com.vn,"Trung tâm Y tế thị xã Ninh Hòa, tỉnh Khánh Hòa",09/08/2023,Chứng nhận cơ bản,https://tinnhiemmang.vn/danh-ba-tin-nhiem/ytnhcomvn-1691551962
z.com,Công Ty Cổ Phần GMO-Z.com RUNSYSTEM,22/11/2022,Chứng nhận cơ bản,https://tinnhiemmang.vn/danh-ba-tin-nhiem/zcom-1669089178
znotkcn.com,Trung tâm Triển khai công nghệ - Bộ Khoa học và Công nghệ,04/03/2024,Chứng nhận cơ bản,https://tinnhiemmang.vn/danh-ba-tin-nhiem/znotkcncom-1709539239
zozo.vn,Công Ty TNHH Phần Mềm Zozo,21/01/2022,Chứng nhận cơ bản,https://tinnhiemmang.vn/danh-ba-tin-nhiem/zozovn-1642498177
adminpbgdpl.quangngai.gov.vn,Sở Tư pháp tỉnh Quảng Ngãi,11/07/2023,Chứng nhận cơ bản,https://tinnhiemmang.vn/danh-ba-tin-nhiem/adminpbgdplquangngaigovvn-1688610772
ais.gov.vn,Trung tâm Giám sát an toàn không gian mạng quốc gia (NCSC),16/02/2023,Chứng nhận nâng cao,https://tinnhiemmang.vn/danh-ba-tin-nhiem/aisgovvn-1676517530
aita.gov.vn,Cục Tin học hoá,28/06/2021,Chứng nhận cơ bản,https://tinnhiemmang.vn/danh-ba-tin-nhiem/aitagovvn-1624850677
aithuong.bathuoc.thanhhoa.gov.vn,"UBND Xã Ái Thượng, Huyện Bá Thước, tỉnh Thanh Hóa",21/08/2024,Chứng nhận cơ bản,https://tinnhiemmang.vn/danh-ba-tin-nhiem/aithuongbathuocthanhhoagovvn-1724148663
aluoi.thuathienhue.gov.vn,UBND huyện A Lưới – Tỉnh Thừa Thiên Huế.,15/07/2021,Chứng nhận cơ bản,https://tinnhiemmang.vn/danh-ba-tin-nhiem/aluoithuathienhuegovvn-1626320813
anbinh.thoaison.angiang.gov.vn,UBND Xã An Bình tỉnh An Giang,09/11/2023,Chứng nhận cơ bản,https://tinnhiemmang.vn/danh-ba-tin-nhiem/anbinhthoaisonangianggovvn-1699411271
anchau.chauthanh.angiang.gov.vn,UBND Thị trấn An Châu tỉnh An Giang,09/11/2023,Chứng nhận cơ bản,https://tinnhiemmang.vn/danh-ba-tin-nhiem/anchauchauthanhangianggovvn-1699361855
ancu.tinhbien.angiang.gov.vn,UBND Xã An Cư tỉnh An Giang,09/11/2023,Chứng nhận cơ bản,https://tinnhiemmang.vn/danh-ba-tin-nhiem/ancutinhbienangianggovvn-1699373428
ancuu.thuathienhue.gov.vn,"UBND phường An Cựu, thành phố Huế, tỉnh Thừa Thiên Huế",19/07/2021,Chứng nhận cơ bản,https://tinnhiemmang.vn/danh-ba-tin-nhiem/ancuuthuathienhuegovvn-1626519574
andong.thuathienhue.gov.vn,"UBND phường An Đông, thành phố Huế, tỉnh Thừa Thiên Huế",19/07/2021,Chứng nhận cơ bản,https://tinnhiemmang.vn/danh-ba-tin-nhiem/andongthuathienhuegovvn-1626519665
angiang.customs.gov.vn,Cục Hải quan tỉnh An Giang,11/08/2023,Chứng nhận cơ bản,https://tinnhiemmang.vn/danh-ba-tin-nhiem/angiangcustomsgovvn-1691727602
ango.thuathienhue.gov.vn,"UBND xã A Ngo, huyện A Lưới, tỉnh Thừa Thiên Huế",19/07/2021,Chứng nhận cơ bản,https://tinnhiemmang.vn/danh-ba-tin-nhiem/angothuathienhuegovvn-1626519820
anhaibac.danang.gov.vn,"UBND phường An Hải Bắc, quận Sơn Trà, Thành phố Đà Nẵng",08/12/2023,Chứng nhận cơ bản,https://tinnhiemmang.vn/danh-ba-tin-nhiem/anhaibacdananggovvn-1701929012
anhaidong.danang.gov.vn,"UBND phường An Hải Đông, quận Sơn Trà, TP Đà Nẵng",05/12/2022,Chứng nhận cơ bản,https://tinnhiemmang.vn/danh-ba-tin-nhiem/anhaidongdananggovvn-1670036121
anhaitay.danang.gov.vn,"UBND phường An Hải Tây, Đà Nẵng",25/11/2021,Chứng nhận cơ bản,https://tinnhiemmang.vn/danh-ba-tin-nhiem/anhaitaydananggovvn-1637767555
anhao.tinhbien.angiang.gov.vn,UBND Xã An Hảo tỉnh An Giang,09/11/2023,Chứng nhận cơ bản,https://tinnhiemmang.vn/danh-ba-tin-nhiem/anhaotinhbienangianggovvn-1699372947
anhoa.chauthanh.angiang.gov.vn,UBND Xã An Hòa tỉnh An Giang,09/11/2023,Chứng nhận cơ bản,https://tinnhiemmang.vn/danh-ba-tin-nhiem/anhoachauthanhangianggovvn-1699361994
anhoa.thuathienhue.gov.vn,"UBND phường An Hòa, thành phố Huế, tỉnh Thừa Thiên Huế",19/07/2021,Chứng nhận cơ bản,https://tinnhiemmang.vn/danh-ba-tin-nhiem/anhoathuathienhuegovvn-1626519959
anlac.halang.caobang.gov.vn,"UBND xã An Lạc, huyện Hạ Lang, Cao Bằng",25/12/2023,Chứng nhận cơ bản,https://tinnhiemmang.vn/danh-ba-tin-nhiem/anlachalangcaobanggovvn-1703475050
anmy.myduc.hanoi.gov.vn,"UBND xã An Mỹ, Hà Nội",20/06/2024,Chứng nhận cơ bản,https://tinnhiemmang.vn/danh-ba-tin-nhiem/anmymyduchanoigovvn-1718871485
annhon.dateh.lamdong.gov.vn,UBND xã An Nhơn,28/11/2023,Chứng nhận cơ bản,https://tinnhiemmang.vn/danh-ba-tin-nhiem/annhondatehlamdonggovvn-1701073513
annong.tinhbien.angiang.gov.vn,UBND Xã An Nông tỉnh An Giang,09/11/2023,Chứng nhận cơ bản,https://tinnhiemmang.vn/danh-ba-tin-nhiem/annongtinhbienangianggovvn-1699373332
annong.trieuson.thanhhoa.gov.vn,"UBND Xã An Nông, tỉnh Thanh Hóa",17/01/2024,Chứng nhận cơ bản,https://tinnhiemmang.vn/danh-ba-tin-nhiem/annongtrieusonthanhhoagovvn-1705458956
anphu.anphu.angiang.gov.vn,Thị trấn An Phú tỉnh An Giang,09/11/2023,Chứng nhận cơ bản,https://tinnhiemmang.vn/danh-ba-tin-nhiem/anphuanphuangianggovvn-1699347914
anphu.myduc.hanoi.gov.vn,"UBND xã An Phú, Hà Nội",20/06/2024,Chứng nhận cơ bản,https://tinnhiemmang.vn/danh-ba-tin-nhiem/anphumyduchanoigovvn-1718872668
anphu.tinhbien.angiang.gov.vn,UBND Phường An Phú tỉnh An Giang,09/11/2023,Chứng nhận cơ bản,https://tinnhiemmang.vn/danh-ba-tin-nhiem/anphutinhbienangianggovvn-1699373103
anphuoc.vinhlong.gov.vn,UBND xã An Phước tỉnh Vĩnh Long,14/07/2021,Chứng nhận cơ bản,https://tinnhiemmang.vn/danh-ba-tin-nhiem/anphuocvinhlonggovvn-1625918407
antay.thuathienhue.gov.vn,"UBND phường An Tây, thành phố Huế, tỉnh Thừa Thiên Huế",19/07/2021,Chứng nhận cơ bản,https://tinnhiemmang.vn/danh-ba-tin-nhiem/antaythuathienhuegovvn-1626520224
anthanhtrung.chomoi.angiang.gov.vn,UBND Xã An Thạnh Trung tỉnh An Giang,09/11/2023,Chứng nhận cơ bản,https://tinnhiemmang.vn/danh-ba-tin-nhiem/anthanhtrungchomoiangianggovvn-1699409890
antien.myduc.hanoi.gov.vn,"UBND xã An Tiến, Hà Nội",20/06/2024,Chứng nhận cơ bản,https://tinnhiemmang.vn/danh-ba-tin-nhiem/antienmyduchanoigovvn-1718872410
antoangiaothong.cantho.gov.vn,Ban An Toàn Giao Thông TP Cần Thơ,16/11/2021,Chứng nhận cơ bản,https://tinnhiemmang.vn/danh-ba-tin-nhiem/antoangiaothongcanthogovvn-1636948512
antuc.triton.angiang.gov.vn,UBND Xã An Tức tỉnh An Giang,09/11/2023,Chứng nhận cơ bản,https://tinnhiemmang.vn/danh-ba-tin-nhiem/antuctritonangianggovvn-1699410672
aroang.thuathienhue.gov.vn,"UBND xã A Roàng, huyện A Lưới, tỉnh Thừa Thiên Huế",19/07/2021,Chứng nhận cơ bản,https://tinnhiemmang.vn/danh-ba-tin-nhiem/aroangthuathienhuegovvn-1626520322
atpic.angiang.gov.vn,Trung tâm Xúc tiến Thương mại và Đầu tư An Giang,15/10/2021,Chứng nhận cơ bản,https://tinnhiemmang.vn/danh-ba-tin-nhiem/atpicangianggovvn-1634290628
babe.gov.vn,UBND huyện Ba Bể tỉnh Bắc Kạn,14/07/2022,Chứng nhận cơ bản,https://tinnhiemmang.vn/danh-ba-tin-nhiem/babegovvn-1625476806
bachdang.haibatrung.hanoi.gov.vn,UBND phường Bạch Đằng quận Hai Bà Trưng Hà Nội,10/05/2023,Chứng nhận cơ bản,https://tinnhiemmang.vn/danh-ba-tin-nhiem/bachdanghaibatrunghanoigovvn-1683601946
bachdang.hoaan.caobang.gov.vn,"UBND xã Bạch Đằng, huyện Hòa An, Cao Bằng",25/12/2023,Chứng nhận cơ bản,https://tinnhiemmang.vn/danh-ba-tin-nhiem/bachdanghoaancaobanggovvn-1703476205
bachkhoa.haibatrung.hanoi.gov.vn,UBND phường Bách khoa quận Hai Bà Trưng Hà Nội,10/05/2023,Chứng nhận cơ bản,https://tinnhiemmang.vn/danh-ba-tin-nhiem/bachkhoahaibatrunghanoigovvn-1683601222
bachmai.haibatrung.hanoi.gov.vn,UBND phường Bạch Mai quận Hai Bà Trưng Hà Nội,10/05/2023,Chứng nhận cơ bản,https://tinnhiemmang.vn/danh-ba-tin-nhiem/bachmaihaibatrunghanoigovvn-1683601867
bachong.donganh.hanoi.gov.vn,"UBND xã Bắc Hồng, Hà Nội",20/06/2024,Chứng nhận cơ bản,https://tinnhiemmang.vn/danh-ba-tin-nhiem/bachongdonganhhanoigovvn-1718867783
bachthong.gov.vn,UBND huyện Bạch Thông tỉnh Bắc Kạn,14/07/2022,Chứng nhận cơ bản,https://tinnhiemmang.vn/danh-ba-tin-nhiem/bachthonggovvn-1625477648
bachuc.triton.angiang.gov.vn,UBND Thị trấn Ba Chúc tỉnh An Giang,09/11/2023,Chứng nhận cơ bản,https://tinnhiemmang.vn/danh-ba-tin-nhiem/bachuctritonangianggovvn-1699410264
backan.gov.vn,UBND tỉnh Bắc Kạn,03/08/2021,Chứng nhận cơ bản,https://tinnhiemmang.vn/danh-ba-tin-nhiem/backangovvn-1627953180
backancity.gov.vn,UBND thành phố Bắc Kạn tỉnh Bắc Kạn,14/07/2022,Chứng nhận cơ bản,https://tinnhiemmang.vn/danh-ba-tin-nhiem/backancitygovvn-1625477435
bacluong.thoxuan.thanhhoa.gov.vn,UBND xã Bắc Lương tỉnh Thanh Hóa,10/04/2024,Chứng nhận cơ bản,https://tinnhiemmang.vn/danh-ba-tin-nhiem/bacluongthoxuanthanhhoagovvn-1712734189
bacninh.customs.gov.vn,Cục Hải quan tỉnh Bắc Ninh,11/08/2023,Chứng nhận cơ bản,https://tinnhiemmang.vn/danh-ba-tin-nhiem/bacninhcustomsgovvn-1691725017
bacsituvan.thuathienhue.gov.vn,Sở Thông tin và Truyền thông tỉnh Thừa Thiên Huế,20/07/2021,Chứng nhận cơ bản,https://tinnhiemmang.vn/danh-ba-tin-nhiem/bacsituvanthuathienhuegovvn-1626776296
bacson.bimson.thanhhoa.gov.vn,UBND phường Bắc Sơn thị xã Bỉm Sơn tỉnh Thanh Hóa,29/05/2024,Chứng nhận cơ bản,https://tinnhiemmang.vn/danh-ba-tin-nhiem/bacsonbimsonthanhhoagovvn-1716892426
bacson.kienan.haiphong.gov.vn,"UBND phường Bắc Sơn, quận Kiến An, thành phố Hải Phòng",23/02/2024,Chứng nhận cơ bản,https://tinnhiemmang.vn/danh-ba-tin-nhiem/bacsonkienanhaiphonggovvn-1708587960
bacson.samson.thanhhoa.gov.vn,UBND phường Bắc Sơn tỉnh Thanh Hóa,10/04/2024,Chứng nhận cơ bản,https://tinnhiemmang.vn/danh-ba-tin-nhiem/bacsonsamsonthanhhoagovvn-1712732059
bactuliem.hanoi.gov.vn,"Quận ủy HĐND  UBND quận Bắc Từ Liêm, Thành phố Hà Nội",15/06/2021,Chứng nhận cơ bản,https://tinnhiemmang.vn/danh-ba-tin-nhiem/bactuliemhanoigovvn-1623513614
badinh.bimson.thanhhoa.gov.vn,UBND phường Ba Đình tỉnh Thanh Hóa,29/05/2024,Chứng nhận cơ bản,https://tinnhiemmang.vn/danh-ba-tin-nhiem/badinhbimsonthanhhoagovvn-1716892557
badinh.ngason.thanhhoa.gov.vn,UBND xã Ba Đình tỉnh Thanh Hóa,29/05/2024,Chứng nhận cơ bản,https://tinnhiemmang.vn/danh-ba-tin-nhiem/badinhngasonthanhhoagovvn-1716965536
badt.thuathienhue.gov.vn,Ban Dân tộc tỉnh Thừa Thiên Huế,15/07/2021,Chứng nhận cơ bản,https://tinnhiemmang.vn/danh-ba-tin-nhiem/badtthuathienhuegovvn-1626320866
baitranh.nhuxuan.thanhhoa.gov.vn,UBND xã Bãi Trành tỉnh Thanh Hóa,29/05/2024,Chứng nhận cơ bản,https://tinnhiemmang.vn/danh-ba-tin-nhiem/baitranhnhuxuanthanhhoagovvn-1716966287
bancong.bathuoc.thanhhoa.gov.vn,"UBND Xã Ban Công, Huyện Bá Thước, tỉnh Thanh Hóa",21/08/2024,Chứng nhận cơ bản,https://tinnhiemmang.vn/danh-ba-tin-nhiem/bancongbathuocthanhhoagovvn-1724148332
bandantoc.angiang.gov.vn,Ban Dân tộc tỉnh An Giang,06/10/2021,Chứng nhận cơ bản,https://tinnhiemmang.vn/danh-ba-tin-nhiem/bandantocangianggovvn-1633514206
bandantoc.backan.gov.vn,Ban Dân tộc tỉnh Bắc Kạn,14/07/2022,Chứng nhận cơ bản,https://tinnhiemmang.vn/danh-ba-tin-nhiem/bandantocbackangovvn-1625476425
bandantoc.hanoi.gov.vn,Ban Dân tộc thành phố Hà Nội,11/12/2023,Chứng nhận cơ bản,https://tinnhiemmang.vn/danh-ba-tin-nhiem/bandantochanoigovvn-1702271411
bandantoc.khanhhoa.gov.vn,Ban Dân Tộc Tỉnh Khánh Hòa,14/07/2022,Chứng nhận cơ bản,https://tinnhiemmang.vn/danh-ba-tin-nhiem/bandantockhanhhoagovvn-1626056038
bandantoc.lamdong.gov.vn,Ban Dân tộc tỉnh Lâm Đồng,10/05/2023,Chứng nhận cơ bản,https://tinnhiemmang.vn/danh-ba-tin-nhiem/bandantoclamdonggovvn-1682561880
bandantoc.laocai.gov.vn,Ban Dân tộc tỉnh Lào Cai,19/07/2021,Chứng nhận cơ bản,https://tinnhiemmang.vn/danh-ba-tin-nhiem/bandantoclaocaigovvn-1626685529
bandantoc.quangngai.gov.vn,Ban Dân tộc tỉnh Quảng Ngãi,11/07/2023,Chứng nhận cơ bản,https://tinnhiemmang.vn/danh-ba-tin-nhiem/bandantocquangngaigovvn-1688614395
bandantoc.sonla.gov.vn,Ban Dân tộc tỉnh Sơn La,17/06/2021,Chứng nhận cơ bản,https://tinnhiemmang.vn/danh-ba-tin-nhiem/bandantocsonlagovvn-1623900107
bandocovid.bacninh.gov.vn,Sở Thông tin và Truyền thông tỉnh Bắc Ninh,05/11/2021,Chứng nhận cơ bản,https://tinnhiemmang.vn/danh-ba-tin-nhiem/bandocovidbacninhgovvn-1636097765
banglang.chodon.backan.gov.vn,Uỷ ban nhân dân xã Bằng Lãng tỉnh Bắc Kạn,10/04/2024,Chứng nhận cơ bản,https://tinnhiemmang.vn/danh-ba-tin-nhiem/banglangchodonbackangovvn-1712711938
banglang.chodon.gov.vn,"Uỷ ban nhân dân xã Bằng Lãng, tỉnh Bắc Kạn",15/07/2022,Chứng nhận cơ bản,https://tinnhiemmang.vn/danh-ba-tin-nhiem/banglangchodongovvn-1650423907
banglung.chodon.gov.vn,"Uỷ ban nhân dân thị trấn Bằng Lũng, tỉnh Bắc Kạn",15/07/2022,Chứng nhận cơ bản,https://tinnhiemmang.vn/danh-ba-tin-nhiem/banglungchodongovvn-1650422742
bangoi.camranh.khanhhoa.gov.vn,"UBND phường Ba Ngòi, tỉnh Khánh Hòa",09/08/2023,Chứng nhận cơ bản,https://tinnhiemmang.vn/danh-ba-tin-nhiem/bangoicamranhkhanhhoagovvn-1691555763
bangphuc.chodon.backan.gov.vn,Ủy ban nhân dân xã Bằng Phúc tỉnh Bắc Kạn,10/04/2024,Chứng nhận cơ bản,https://tinnhiemmang.vn/danh-ba-tin-nhiem/bangphucchodonbackangovvn-1712712882
bangphuc.chodon.gov.vn,"Ủy ban nhân dân xã Bằng Phúc, tỉnh Bắc Kạn",24/05/2022,Chứng nhận cơ bản,https://tinnhiemmang.vn/danh-ba-tin-nhiem/bangphucchodongovvn-1650424857
banhtrach.babe.gov.vn,"UBND xã Bành Trạch, huyện Ba Bể, tỉnh Bắc Kạn",10/04/2024,Chứng nhận cơ bản,https://tinnhiemmang.vn/danh-ba-tin-nhiem/banhtrachbabegovvn-1712637072
bannoichinh.bacninh.gov.vn,Ban Nội Chính Tỉnh Ủy Bắc Ninh,30/11/2021,Chứng nhận cơ bản,https://tinnhiemmang.vn/danh-ba-tin-nhiem/bannoichinhbacninhgovvn-1638239785
banthi.chodon.backan.gov.vn,Uỷ ban nhân dân xã Bản Thi tỉnh Bắc Kạn,10/04/2024,Chứng nhận cơ bản,https://tinnhiemmang.vn/danh-ba-tin-nhiem/banthichodonbackangovvn-1712712984
banthi.chodon.gov.vn,"Uỷ ban nhân dân xã Bản Thi, tỉnh Bắc Kạn",24/05/2022,Chứng nhận cơ bản,https://tinnhiemmang.vn/danh-ba-tin-nhiem/banthichodongovvn-1650425057
bantongiao.cantho.gov.vn,Ban Tôn giáo Thành Phố Cần Thơ,16/11/2021,Chứng nhận cơ bản,https://tinnhiemmang.vn/danh-ba-tin-nhiem/bantongiaocanthogovvn-1636949000
bantongiao.danang.gov.vn,"Ban Tôn giáo, Sở Nội vụ thành phố Đà Nẵng",17/07/2022,Chứng nhận cơ bản,https://tinnhiemmang.vn/danh-ba-tin-nhiem/bantongiaodananggovvn-1657878191
bantongiao.dongnai.gov.vn,Ban Tôn giáo - Sở Nội vụ tỉnh Đồng Nai,26/09/2023,Chứng nhận cơ bản,https://tinnhiemmang.vn/danh-ba-tin-nhiem/bantongiaodongnaigovvn-1695721058
baotangtinh.gialai.gov.vn,Bảo tàng tỉnh Gia Lai,24/01/2024,Chứng nhận cơ bản,https://tinnhiemmang.vn/danh-ba-tin-nhiem/baotangtinhgialaigovvn-1706063902
baotoan.baolac.caobang.gov.vn,"UBND xã Bảo Toàn, huyện Bảo Lạc, Cao Bằng",25/12/2023,Chứng nhận cơ bản,https://tinnhiemmang.vn/danh-ba-tin-nhiem/baotoanbaolaccaobanggovvn-1703475453
baotroxahoiquangninh.vn,Trung tâm Bảo trợ xã hội Quảng Ninh,18/11/2021,Chứng nhận cơ bản,https://tinnhiemmang.vn/danh-ba-tin-nhiem/baotroxahoiquangninhvn-1637166598
baovinhphuc.com.vn,Báo Vĩnh Phúc,22/06/2023,Chứng nhận cơ bản,https://tinnhiemmang.vn/danh-ba-tin-nhiem/baovinhphuccomvn-1687316273
bariavungtau.customs.gov.vn,Cục Hải quan tỉnh Bà Rịa - Vũng Tàu,11/08/2023,Chứng nhận cơ bản,https://tinnhiemmang.vn/danh-ba-tin-nhiem/bariavungtaucustomsgovvn-1691728089
batdkt.thuathienhue.gov.vn,Sở Nội vụ tỉnh Thừa Thiên Huế,15/07/2021,Chứng nhận cơ bản,https://tinnhiemmang.vn/danh-ba-tin-nhiem/batdktthuathienhuegovvn-1626320938
batdongsan.thuathienhue.gov.vn,Trung tâm phát triển quỹ đất - Sở Tài nguyên  môi trường tỉnh Thừa Thiên Huế,19/07/2021,Chứng nhận cơ bản,https://tinnhiemmang.vn/danh-ba-tin-nhiem/batdongsanthuathienhuegovvn-1626681683
batgt.quangngai.gov.vn,Ban An toàn giao thông tỉnh Quảng Ngãi,10/05/2021,Chứng nhận cơ bản,https://tinnhiemmang.vn/danh-ba-tin-nhiem/batgtquangngaigovvn-1620635357
batmot.thuongxuan.thanhhoa.gov.vn,Ủy ban nhân dân xã Bát Mọt,06/03/2024,Chứng nhận cơ bản,https://tinnhiemmang.vn/danh-ba-tin-nhiem/batmotthuongxuanthanhhoagovvn-1709626232
battrang.gialam.hanoi.gov.vn,"UBND xã Bát Tràng, Gia Lâm, Hà Nội",11/11/2024,Chứng nhận cơ bản,https://tinnhiemmang.vn/danh-ba-tin-nhiem/battranggialamhanoigovvn-1731049821
bcd138.quangngai.gov.vn,Công an tỉnh Quảng Ngãi,01/11/2023,Chứng nhận cơ bản,https://tinnhiemmang.vn/danh-ba-tin-nhiem/bcd138quangngaigovvn-1698810228
bddif.gov.vn,Quỹ Đầu tư phát triển Bình Định,06/03/2024,Chứng nhận cơ bản,https://tinnhiemmang.vn/danh-ba-tin-nhiem/bddifgovvn-1709609023
bdsvinh.com.vn,Công Ty TNHH Bất Động Sản KKBS,10/11/2022,Chứng nhận cơ bản,https://tinnhiemmang.vn/danh-ba-tin-nhiem/bdsvinhcomvn-1668051073
bdt.dienbien.gov.vn,Ban dân tộc tỉnh Điện Biên,13/09/2024,Chứng nhận cơ bản,https://tinnhiemmang.vn/danh-ba-tin-nhiem/bdtdienbiengovvn-1726198950
bdt.gialai.gov.vn,Ban Dân tộc tỉnh Gia lai,10/05/2021,Chứng nhận cơ bản,https://tinnhiemmang.vn/danh-ba-tin-nhiem/bdtgialaigovvn-1620631568
bdt.laichau.gov.vn,Ban Dân tộc tỉnh Lai Châu,01/03/2024,Chứng nhận cơ bản,https://tinnhiemmang.vn/danh-ba-tin-nhiem/bdtlaichaugovvn-1709265388
bdt.thanhhoa.gov.vn,UBND tỉnh Thanh Hóa,12/05/2021,Chứng nhận cơ bản,https://tinnhiemmang.vn/danh-ba-tin-nhiem/bdtthanhhoagovvn-1620702007
bdt.vinhlong.gov.vn,Ban Dân tộc tĩnh Vĩnh Long,01/07/2021,Chứng nhận cơ bản,https://tinnhiemmang.vn/danh-ba-tin-nhiem/bdtvinhlonggovvnportalwpbdtpageindexcpx-1625050539
bdtxdtinh.thuathienhue.gov.vn,Ban Quản lý dự án đầu tư xây dựng công trình dân dụng và công nghiệp tỉnh Thừa Thiên Huế,15/07/2021,Chứng nhận cơ bản,https://tinnhiemmang.vn/danh-ba-tin-nhiem/bdtxdtinhthuathienhuegovvn-1626321056
benhviendakhoamuonglat.com.vn,"Bệnh viện Đa khoa huyện Mường Lát, tỉnh Thanh Hóa",01/08/2023,Chứng nhận cơ bản,https://tinnhiemmang.vn/danh-ba-tin-nhiem/benhviendakhoamuonglatcomvn-1690783973
benhviennamthanglong.vn,"Sở y tế Hà Nội, Bệnh viện Nam Thăng Long",20/06/2024,Chứng nhận cơ bản,https://tinnhiemmang.vn/danh-ba-tin-nhiem/benhviennamthanglongvn-1718866126
benhvientamthan.danang.gov.vn,Bệnh viện Tâm thần Đà Nẵng,11/08/2022,Chứng nhận cơ bản,https://tinnhiemmang.vn/danh-ba-tin-nhiem/benhvientamthandananggovvn-1660203755
benhvientinh.gialai.gov.vn,Bệnh viện Đa khoa Tỉnh Gia Lai,22/02/2024,Chứng nhận cơ bản,https://tinnhiemmang.vn/danh-ba-tin-nhiem/benhvientinhgialaigovvn-1708572005
bensung.nhuthanh.thanhhoa.gov.vn,"UBND Thị trấn Bến Sung, huyện Như Thanh, tỉnh Thanh Hóa",16/04/2024,Chứng nhận cơ bản,https://tinnhiemmang.vn/danh-ba-tin-nhiem/bensungnhuthanhthanhhoagovvn-1713197437
bevandan.quanghoa.caobang.gov.vn,"UBND xã Bế Văn Đàn, huyện Quảng Hòa, Cao Bằng",25/12/2023,Chứng nhận cơ bản,https://tinnhiemmang.vn/danh-ba-tin-nhiem/bevandanquanghoacaobanggovvn-1703216599
bi.thuathienhue.gov.vn,UBND tỉnh Thừa Thiên Huế,21/07/2021,Chứng nhận cơ bản,https://tinnhiemmang.vn/danh-ba-tin-nhiem/bithuathienhuegovvn-1626846495
bichhoa.thanhoai.hanoi.gov.vn,"UBND xã Bích Hòa, Thanh Oai, Hà Nội",11/12/2023,Chứng nhận cơ bản,https://tinnhiemmang.vn/danh-ba-tin-nhiem/bichhoathanhoaihanoigovvn-1702273651
binhan-dian.gov.vn,"UBND phường Bình An , thành phố Dĩ An,  tỉnh Bình Dương",15/10/2024,Chứng nhận cơ bản,https://tinnhiemmang.vn/danh-ba-tin-nhiem/binhan-diangovvn-1728877588
binhchanh.chauphu.angiang.gov.vn,UBND Xã Bình Chánh tỉnh An Giang,09/11/2023,Chứng nhận cơ bản,https://tinnhiemmang.vn/danh-ba-tin-nhiem/binhchanhchauphuangianggovvn-1699361678
binhdinh.customs.gov.vn,Cục Hải quan tỉnh Bình Định,11/08/2023,Chứng nhận cơ bản,https://tinnhiemmang.vn/danh-ba-tin-nhiem/binhdinhcustomsgovvn-1691727056
binhduc.longxuyen.angiang.gov.vn,UBND Phường Bình Đức tỉnh An Giang,09/11/2023,Chứng nhận cơ bản,https://tinnhiemmang.vn/danh-ba-tin-nhiem/binhduclongxuyenangianggovvn-1699362486
binhduong.customs.gov.vn,Cục Hải quan tỉnh Bình Dương,11/08/2023,Chứng nhận cơ bản,https://tinnhiemmang.vn/danh-ba-tin-nhiem/binhduongcustomsgovvn-1691728246
binhduong.hoaan.caobang.gov.vn,"UBND xã Bình Dương, huyện Hòa An, Cao Bằng",25/12/2023,Chứng nhận cơ bản,https://tinnhiemmang.vn/danh-ba-tin-nhiem/binhduonghoaancaobanggovvn-1703476488
binhhien.danang.gov.vn,"UBND phường Bình Hiên, quận Hải Châu, thành phố Đà Nẵng",08/12/2023,Chứng nhận cơ bản,https://tinnhiemmang.vn/danh-ba-tin-nhiem/binhhiendananggovvn-1701938905
binhhoa.chauthanh.angiang.gov.vn,UBND Xã Bình Hòa tỉnh An Giang,09/11/2023,Chứng nhận cơ bản,https://tinnhiemmang.vn/danh-ba-tin-nhiem/binhhoachauthanhangianggovvn-1699361952
binhhoaphuoc.vinhlong.gov.vn,UBND xã Bình Hòa Phước tỉnh Vĩnh Long,14/07/2021,Chứng nhận cơ bản,https://tinnhiemmang.vn/danh-ba-tin-nhiem/binhhoaphuocvinhlonggovvn-1625918074
binhkhanh.longxuyen.angiang.gov.vn,UBND Phường Bình Khánh tỉnh An Giang,09/11/2023,Chứng nhận cơ bản,https://tinnhiemmang.vn/danh-ba-tin-nhiem/binhkhanhlongxuyenangianggovvn-1699362535
binhloc.dienkhanh.khanhhoa.gov.vn,UBND xã Bình Lộc tỉnh Khánh Hòa,14/07/2022,Chứng nhận cơ bản,https://tinnhiemmang.vn/danh-ba-tin-nhiem/binhlocdienkhanhkhanhhoagovvn-1626148465
binhlong.chauphu.angiang.gov.vn,UBND Xã Bình Long tỉnh An Giang,09/11/2023,Chứng nhận cơ bản,https://tinnhiemmang.vn/danh-ba-tin-nhiem/binhlongchauphuangianggovvn-1699361546
binhluong.nhuxuan.thanhhoa.gov.vn,UBND xã Bình Lương tỉnh Thanh Hóa,29/05/2024,Chứng nhận cơ bản,https://tinnhiemmang.vn/danh-ba-tin-nhiem/binhluongnhuxuanthanhhoagovvn-1716965796
binhminh.thanhoai.hanoi.gov.vn,"UBND xã Bình Minh, Thanh Oai, Hà Nội",11/12/2023,Chứng nhận cơ bản,https://tinnhiemmang.vn/danh-ba-tin-nhiem/binhminhthanhoaihanoigovvn-1702273608
binhminh.thixanghison.thanhhoa.gov.vn,"UBND phường Bình Minh Thị xã Nghi Sơn, tỉnh Thanh Hóa",13/08/2024,Chứng nhận cơ bản,https://tinnhiemmang.vn/danh-ba-tin-nhiem/binhminhthixanghisonthanhhoagovvn-1723522363
binhmy.chauphu.angiang.gov.vn,UBND Xã Bình Mỹ tỉnh An Giang,09/11/2023,Chứng nhận cơ bản,https://tinnhiemmang.vn/danh-ba-tin-nhiem/binhmychauphuangianggovvn-1699361590
binhninh.vinhlong.gov.vn,UBND xã Bình Ninh tỉnh Vĩnh Long,15/07/2021,Chứng nhận cơ bản,https://tinnhiemmang.vn/danh-ba-tin-nhiem/binhninhvinhlonggovvn-1626267949
binhphu.chauphu.angiang.gov.vn,UBND Xã Bình Phú tỉnh An Giang,09/11/2023,Chứng nhận cơ bản,https://tinnhiemmang.vn/danh-ba-tin-nhiem/binhphuchauphuangianggovvn-1699361721
binhphu.thachthat.hanoi.gov.vn,UBND xã Bình Phú huyện Thạch Thạch Thất Hà Nội,11/05/2023,Chứng nhận cơ bản,https://tinnhiemmang.vn/danh-ba-tin-nhiem/binhphuthachthathanoigovvn-1683789550
binhphuoc.customs.gov.vn,Cục Hải quan tỉnh Bình Phước,11/08/2023,Chứng nhận cơ bản,https://tinnhiemmang.vn/danh-ba-tin-nhiem/binhphuoccustomsgovvn-1691728464
binhphuoc.dms.gov.vn,Cục quản lý thị trường Bình Phước,14/07/2022,Chứng nhận cơ bản,https://tinnhiemmang.vn/danh-ba-tin-nhiem/binhphuocdmsgovvn-1626075774
binhphuoc.edu.vn,Sở Giáo dục và Đào tạo Bình Phước,12/12/2023,Chứng nhận cơ bản,https://tinnhiemmang.vn/danh-ba-tin-nhiem/binhphuoceduvn-1702347793
binhphuocxuan.chomoi.angiang.gov.vn,UBND Xã Bình Phước Xuân tỉnh An Giang,09/11/2023,Chứng nhận cơ bản,https://tinnhiemmang.vn/danh-ba-tin-nhiem/binhphuocxuanchomoiangianggovvn-1699409847
binhson.trieuson.thanhhoa.gov.vn,"UBND Xã Bình Sơn, tỉnh Thanh Hóa",17/01/2024,Chứng nhận cơ bản,https://tinnhiemmang.vn/danh-ba-tin-nhiem/binhsontrieusonthanhhoagovvn-1705459050
binhtan.vinhlong.gov.vn,UBND huyện Bình Tân tỉnh Vĩnh Long,25/05/2023,Chứng nhận cơ bản,https://tinnhiemmang.vn/danh-ba-tin-nhiem/binhtanvinhlonggovvn-1684915529
binhthanh.chauthanh.angiang.gov.vn,UNBD Xã Bình Thạnh tỉnh An Giang,09/11/2023,Chứng nhận cơ bản,https://tinnhiemmang.vn/danh-ba-tin-nhiem/binhthanhchauthanhangianggovvn-1699362132
binhthanh.thoaison.angiang.gov.vn,UBND Xã Bình Thành tỉnh An Giang,09/11/2023,Chứng nhận cơ bản,https://tinnhiemmang.vn/danh-ba-tin-nhiem/binhthanhthoaisonangianggovvn-1699411431
binhthanh.thuathienhue.gov.vn,"UBND xã Bình Thành, thị xã Hương Trà, tỉnh Thừa Thiên Huế",19/07/2021,Chứng nhận cơ bản,https://tinnhiemmang.vn/danh-ba-tin-nhiem/binhthanhthuathienhuegovvn-1626520460
binhthanhdong.phutan.angiang.gov.vn,Xã Bình Thạnh Đông tỉnh An Giang,09/11/2023,Chứng nhận cơ bản,https://tinnhiemmang.vn/danh-ba-tin-nhiem/binhthanhdongphutanangianggovvn-1699348949
binhthuan.danang.gov.vn,UBND phường Bình Thuận,05/12/2023,Chứng nhận cơ bản,https://tinnhiemmang.vn/danh-ba-tin-nhiem/binhthuandananggovvn-1701749463
binhthuantv.vn,Đài Phát thanh - Truyền hình Bình Thuận,02/01/2024,Chứng nhận cơ bản,https://tinnhiemmang.vn/danh-ba-tin-nhiem/binhthuantvvn-1703814748
binhthuy.chauphu.angiang.gov.vn,UBND Xã Bình Thủy tỉnh An Giang,09/11/2023,Chứng nhận cơ bản,https://tinnhiemmang.vn/danh-ba-tin-nhiem/binhthuychauphuangianggovvn-1699361639
binhtien.thuathienhue.gov.vn,"UBND Xã Bình Tiến, Thị xã Hương Trà, tỉnh Thừa Thiên Huế",19/07/2021,Chứng nhận cơ bản,https://tinnhiemmang.vn/danh-ba-tin-nhiem/binhtienthuathienhuegovvn-1626520622
binhtrung.chodon.backan.gov.vn,Uỷ ban nhân dân xã Bình Trung tỉnh Bắc Kạn,10/04/2024,Chứng nhận cơ bản,https://tinnhiemmang.vn/danh-ba-tin-nhiem/binhtrungchodonbackangovvn-1712711893
binhtrung.chodon.gov.vn,"Uỷ ban nhân dân xã Bình Trung, tỉnh Bắc Kạn",15/07/2022,Chứng nhận cơ bản,https://tinnhiemmang.vn/danh-ba-tin-nhiem/binhtrungchodongovvn-1650423557
binhvan.chomoi.gov.vn,UBND huyện Chợ Mới tỉnh Bắc Kạn,10/04/2024,Chứng nhận cơ bản,https://tinnhiemmang.vn/danh-ba-tin-nhiem/binhvanchomoigovvn-1712635488
binhyen.thachthat.hanoi.gov.vn,UBND xã Bình Yên huyện Thạch Thất Hà Nội,10/05/2023,Chứng nhận cơ bản,https://tinnhiemmang.vn/danh-ba-tin-nhiem/binhyenthachthathanoigovvn-1683608411
bmm.thuathienhue.gov.vn,Sở Thông tin và Truyền thông tỉnh Thừa Thiên Huế,20/07/2021,Chứng nhận cơ bản,https://tinnhiemmang.vn/danh-ba-tin-nhiem/bmmthuathienhuegovvn-1626776263
bmsglobal.vn,Công ty TNHH BMS Global,10/05/2022,Chứng nhận cơ bản,https://tinnhiemmang.vn/danh-ba-tin-nhiem/bmsglobalvn-1651629642
botxuyen.myduc.hanoi.gov.vn,"UBND xã Bột Xuyên, Hà Nội",20/06/2024,Chứng nhận cơ bản,https://tinnhiemmang.vn/danh-ba-tin-nhiem/botxuyenmyduchanoigovvn-1718871427
bptv.vn,Đài Phát thanh truyền hình và Báo Bình Phước,27/12/2023,Chứng nhận cơ bản,https://tinnhiemmang.vn/danh-ba-tin-nhiem/bptvvn-1703649833
bqlattp.bacninh.gov.vn,Ban quản lý An toàn thực phẩm tỉnh Bắc Ninh,25/01/2022,Chứng nhận cơ bản,https://tinnhiemmang.vn/danh-ba-tin-nhiem/bqlattpbacninhgovvn-1643011612
bqlkcnbackan.gov.vn,Ban quản lý các khu công nghiệp tỉnh Bắc Kạn,30/09/2022,Chứng nhận cơ bản,https://tinnhiemmang.vn/danh-ba-tin-nhiem/bqlkcnbackangovvn-1664441536
bqlkktcn.thuathienhue.gov.vn,"Ban quản lý khi Kinh tế, Công nghiệp tỉnh Thừa Thiên Huế",15/07/2021,Chứng nhận cơ bản,https://tinnhiemmang.vn/danh-ba-tin-nhiem/bqlkktcnthuathienhuegovvn-1626321285
bqlkvptdt.thuathienhue.gov.vn,Ban Quản lý Khu vực phát triển đô thị tỉnh Thừa Thiên Huế,14/07/2021,Chứng nhận cơ bản,https://tinnhiemmang.vn/danh-ba-tin-nhiem/bqlkvptdtthuathienhuegovvn-1626247441
btc.danguykhoibinhthuan.vn,Đảng ủy Khối cơ quan và doanh  nghiệp tỉnh Bình Thuận,02/01/2024,Chứng nhận cơ bản,https://tinnhiemmang.vn/danh-ba-tin-nhiem/btcdanguykhoibinhthuanvn-1703814615
bthcm.thuathienhue.gov.vn,Bảo tàng Hồ Chí Minh Thừa Thiên Huế,19/07/2021,Chứng nhận cơ bản,https://tinnhiemmang.vn/danh-ba-tin-nhiem/bthcmthuathienhuegovvn-1626680382
bttv.org.vn,Đài Phát thanh - Truyền hình Bình Thuận,02/01/2024,Chứng nhận cơ bản,https://tinnhiemmang.vn/danh-ba-tin-nhiem/bttvorgvn-1703814749
butson.hoanghoa.thanhhoa.gov.vn,"UBND Thị trấn Bút Sơn, tỉnh Thanh Hóa",17/01/2024,Chứng nhận cơ bản,https://tinnhiemmang.vn/danh-ba-tin-nhiem/butsonhoanghoathanhhoagovvn-1705460928
bvaluoi.thuathienhue.gov.vn,Trung tâm Y tế huyện A Lưới - Thừa Thiên Huế,14/07/2021,Chứng nhận cơ bản,https://tinnhiemmang.vn/danh-ba-tin-nhiem/bvaluoithuathienhuegovvn-1626247586
bvbdien.thuathienhue.gov.vn,"Bệnh viện đa khoa Bình Điền, tỉnh Thừa Thiên Huế",14/07/2021,Chứng nhận cơ bản,https://tinnhiemmang.vn/danh-ba-tin-nhiem/bvbdienthuathienhuegovvn-1626248068
bvcmay.thuathienhue.gov.vn,Bệnh Viện Đa khoa Chân Mây,19/07/2021,Chứng nhận cơ bản,https://tinnhiemmang.vn/danh-ba-tin-nhiem/bvcmaythuathienhuegovvn-1626665851
bvgtvthue.thuathienhue.gov.vn,Bệnh viện Giao thông vận tải Huế,14/07/2021,Chứng nhận cơ bản,https://tinnhiemmang.vn/danh-ba-tin-nhiem/bvgtvthuethuathienhuegovvn-1626248220
bvhthuy.thuathienhue.gov.vn,Trung tâm Y tế Thị xã Hương Thủy - Thừa Thiên Huế,14/07/2021,Chứng nhận cơ bản,https://tinnhiemmang.vn/danh-ba-tin-nhiem/bvhthuythuathienhuegovvn-1626248290
bvhtra.thuathienhue.gov.vn,Trung tâm Y tế thị xã Hương Trà - Thừa Thiên Huế,14/07/2021,Chứng nhận cơ bản,https://tinnhiemmang.vn/danh-ba-tin-nhiem/bvhtrathuathienhuegovvn-1626248385
bvmat.thuathienhue.gov.vn,Bệnh viện Mắt Huế,14/07/2021,Chứng nhận cơ bản,https://tinnhiemmang.vn/danh-ba-tin-nhiem/bvmatthuathienhuegovvn-1626248450
bvndong.thuathienhue.gov.vn,Trung Tâm Y Tế huyện Nam Đông - Tỉnh Thừa Thiên Huế,14/07/2021,Chứng nhận cơ bản,https://tinnhiemmang.vn/danh-ba-tin-nhiem/bvndongthuathienhuegovvn-1626248791
bvpdien.thuathienhue.gov.vn,Trung tâm Y tế huyện Phong Điền - Tỉnh Thừa Thiên Huế,14/07/2021,Chứng nhận cơ bản,https://tinnhiemmang.vn/danh-ba-tin-nhiem/bvpdienthuathienhuegovvn-1626248976
bvpdlieu.thuathienhue.gov.vn,Bệnh viện Phong - Da liễu tỉnh Thừa Thiên Huế,14/07/2021,Chứng nhận cơ bản,https://tinnhiemmang.vn/danh-ba-tin-nhiem/bvpdlieuthuathienhuegovvn-1626249069
bvphcn.thuathienhue.gov.vn,Bệnh viện Phục hồi chức năng tỉnh Thừa Thiên Huế,14/07/2021,Chứng nhận cơ bản,https://tinnhiemmang.vn/danh-ba-tin-nhiem/bvphcnthuathienhuegovvn-1626249551
bvphoi.thuathienhue.gov.vn,Bệnh viện Phổi tỉnh Thừa Thiên Huế,14/07/2021,Chứng nhận cơ bản,https://tinnhiemmang.vn/danh-ba-tin-nhiem/bvphoithuathienhuegovvn-1626249692
bvphoigialai.vn,Bệnh viện Lao và Bệnh phổi tỉnh Gia Lai,24/01/2024,Chứng nhận cơ bản,https://tinnhiemmang.vn/danh-ba-tin-nhiem/bvphoigialaivn-1706064056
bvploc.thuathienhue.gov.vn,"Trung Tâm Y tế huyện Phú Lộc, Tỉnh Thừa Thiên Huế",14/07/2021,Chứng nhận cơ bản,https://tinnhiemmang.vn/danh-ba-tin-nhiem/bvplocthuathienhuegovvn-1626250349
bvpvang.thuathienhue.gov.vn,Trung tâm Y tế huyện Phú Vang- Tỉnh Thừa Thiên Huế,14/07/2021,Chứng nhận cơ bản,https://tinnhiemmang.vn/danh-ba-tin-nhiem/bvpvangthuathienhuegovvn-1626250455
bvqdien.thuathienhue.gov.vn,Trung Tâm Y Tế Huyện Quàng Điền - Tỉnh Thừa Thiên Huế,14/07/2021,Chứng nhận cơ bản,https://tinnhiemmang.vn/danh-ba-tin-nhiem/bvqdienthuathienhuegovvn-1626250578
bvrhm.thuathienhue.gov.vn,Bệnh viện Răng Hàm Mặt tỉnh Thừa Thiên Huế,14/07/2021,Chứng nhận cơ bản,https://tinnhiemmang.vn/danh-ba-tin-nhiem/bvrhmthuathienhuegovvn-1626250704
bvtamthanbinhdinh.com.vn,Bệnh viện Tâm thần Bình Định,07/06/2023,Chứng nhận cơ bản,https://tinnhiemmang.vn/danh-ba-tin-nhiem/bvtamthanbinhdinhcomvn-1686110734
bvtphue.thuathienhue.gov.vn,Trung tâm Y tế thành phố Huế,14/07/2021,Chứng nhận cơ bản,https://tinnhiemmang.vn/danh-ba-tin-nhiem/bvtphuethuathienhuegovvn-1626250785
bvtthan.thuathienhue.gov.vn,Bệnh viện Tâm Thần Tỉnh Thừa Thiên Huế,14/07/2021,Chứng nhận cơ bản,https://tinnhiemmang.vn/danh-ba-tin-nhiem/bvtthanthuathienhuegovvn-1626253406
bvyhct.thuathienhue.gov.vn,Bệnh viện Y học cổ truyền tỉnh Thừa Thiên Huế,14/07/2021,Chứng nhận cơ bản,https://tinnhiemmang.vn/danh-ba-tin-nhiem/bvyhctthuathienhuegovvn-1626253504
c2ldcua.edu.vn,"Trường THCS Lương Định Của, tỉnh Khánh Hòa",15/01/2024,Chứng nhận cơ bản,https://tinnhiemmang.vn/danh-ba-tin-nhiem/c2ldcuaeduvn-1705029717
cachlinh.quanghoa.caobang.gov.vn,"UBND xã Cách Linh, huyện Quảng Hòa, Cao Bằng",25/12/2023,Chứng nhận cơ bản,https://tinnhiemmang.vn/danh-ba-tin-nhiem/cachlinhquanghoacaobanggovvn-1703217826
caibo.quanghoa.caobang.gov.vn,"UBND xã Cai Bộ, huyện Quảng Hòa, Cao Bằng",25/12/2023,Chứng nhận cơ bản,https://tinnhiemmang.vn/danh-ba-tin-nhiem/caiboquanghoacaobanggovvn-1703217781
caidau.chauphu.angiang.gov.vn,UBND Thị trấn Cái Dầu tỉnh An Giang,09/11/2023,Chứng nhận cơ bản,https://tinnhiemmang.vn/danh-ba-tin-nhiem/caidauchauphuangianggovvn-1699361494
cainghienquangninh.com,Cơ sở Cai nghiện ma túy Quảng Ninh,18/11/2021,Chứng nhận cơ bản,https://tinnhiemmang.vn/danh-ba-tin-nhiem/cainghienquangninhcom-1637166789
caivien.haquang.caobang.gov.vn,"UBND xã Cải Viên, huyện Hà Quảng, Cao Bằng",25/12/2023,Chứng nhận cơ bản,https://tinnhiemmang.vn/danh-ba-tin-nhiem/caivienhaquangcaobanggovvn-1703419267
camanbac.camlam.khanhhoa.gov.vn,UBND xã Cam An Bắc tỉnh Khánh Hòa,14/07/2022,Chứng nhận cơ bản,https://tinnhiemmang.vn/danh-ba-tin-nhiem/camanbaccamlamkhanhhoagovvn-1626063921
camannam.camlam.khanhhoa.gov.vn,UBND xã Cam An Nam tỉnh Khánh Hòa,14/07/2022,Chứng nhận cơ bản,https://tinnhiemmang.vn/danh-ba-tin-nhiem/camannamcamlamkhanhhoagovvn-1626063150
camau.customs.gov.vn,Cục Hải quan tỉnh Cà Mau,11/08/2023,Chứng nhận cơ bản,https://tinnhiemmang.vn/danh-ba-tin-nhiem/camaucustomsgovvn-1691727119
cambinh.camranh.khanhhoa.gov.vn,"UBND xã Cam Bình, tỉnh Khánh Hòa",09/08/2023,Chứng nhận cơ bản,https://tinnhiemmang.vn/danh-ba-tin-nhiem/cambinhcamranhkhanhhoagovvn-1691555711
cambinh.camthuy.thanhhoa.gov.vn,"UBND xã Cẩm Bình, tỉnh Thanh Hóa",17/01/2024,Chứng nhận cơ bản,https://tinnhiemmang.vn/danh-ba-tin-nhiem/cambinhcamthuythanhhoagovvn-1705456391
camchau.camthuy.thanhhoa.gov.vn,"UBND xã Cẩm Châu, tỉnh Thanh Hóa",17/01/2024,Chứng nhận cơ bản,https://tinnhiemmang.vn/danh-ba-tin-nhiem/camchaucamthuythanhhoagovvn-1705457129
camduc.camlam.khanhhoa.gov.vn,UBND thị trấn Cam Đức tỉnh Khánh Hòa,14/07/2022,Chứng nhận cơ bản,https://tinnhiemmang.vn/danh-ba-tin-nhiem/camduccamlamkhanhhoagovvn-1626062694
camgiang.bachthong.gov.vn,UBND xã Cẩm Giàng tỉnh Bắc Kạn,10/04/2024,Chứng nhận cơ bản,https://tinnhiemmang.vn/danh-ba-tin-nhiem/camgiangbachthonggovvn-1712713592
camgiang.camthuy.thanhhoa.gov.vn,"UBND xã Cẩm Giang, tỉnh Thanh Hóa",17/01/2024,Chứng nhận cơ bản,https://tinnhiemmang.vn/danh-ba-tin-nhiem/camgiangcamthuythanhhoagovvn-1705456435
camhaidong.camlam.khanhhoa.gov.vn,UBND xã Cam Hải Đông tỉnh Khánh Hòa,14/07/2022,Chứng nhận cơ bản,https://tinnhiemmang.vn/danh-ba-tin-nhiem/camhaidongcamlamkhanhhoagovvn-1626062788
camhaitay.camlam.khanhhoa.gov.vn,UBND xã Cam Hải Tây tỉnh Khánh Hòa,14/07/2022,Chứng nhận cơ bản,https://tinnhiemmang.vn/danh-ba-tin-nhiem/camhaitaycamlamkhanhhoagovvn-1626063636
camhiepbac.camlam.khanhhoa.gov.vn,UBND xã Cam Hiệp Bắc tỉnh Khánh Hòa,14/07/2022,Chứng nhận cơ bản,https://tinnhiemmang.vn/danh-ba-tin-nhiem/camhiepbaccamlamkhanhhoagovvn-1626063812
camhiepnam.camlam.khanhhoa.gov.vn,UBND xã Cam Hiệp Nam tỉnh Khánh Hòa,14/07/2022,Chứng nhận cơ bản,https://tinnhiemmang.vn/danh-ba-tin-nhiem/camhiepnamcamlamkhanhhoagovvn-1626063048
camhoa.camlam.khanhhoa.gov.vn,"UBND xã Cam Hòa, Cam Lâm, Khánh Hòa",14/07/2022,Chứng nhận cơ bản,https://tinnhiemmang.vn/danh-ba-tin-nhiem/camhoacamlamkhanhhoagovvn-1626064042
camlap.camranh.khanhhoa.gov.vn,"UBND xã Cam Lập, tỉnh Khánh Hòa",09/08/2023,Chứng nhận cơ bản,https://tinnhiemmang.vn/danh-ba-tin-nhiem/camlapcamranhkhanhhoagovvn-1691555949
camlien.camthuy.thanhhoa.gov.vn,"UBND xã Cẩm Liên, tỉnh Thanh Hóa",17/01/2024,Chứng nhận cơ bản,https://tinnhiemmang.vn/danh-ba-tin-nhiem/camliencamthuythanhhoagovvn-1705456293
camlinh.camranh.khanhhoa.gov.vn,"UBND phường Cam Linh, tỉnh Khánh Hòa",09/08/2023,Chứng nhận cơ bản,https://tinnhiemmang.vn/danh-ba-tin-nhiem/camlinhcamranhkhanhhoagovvn-1691555852
camloc.camranh.khanhhoa.gov.vn,"UBND phường Cam Lộc, tỉnh Khánh Hòa",09/08/2023,Chứng nhận cơ bản,https://tinnhiemmang.vn/danh-ba-tin-nhiem/camloccamranhkhanhhoagovvn-1691556101
camloi.camranh.khanhhoa.gov.vn,"UBND phường Cam Lợi, tỉnh Khánh Hòa",09/08/2023,Chứng nhận cơ bản,https://tinnhiemmang.vn/danh-ba-tin-nhiem/camloicamranhkhanhhoagovvn-1691560918
camlong.camthuy.thanhhoa.gov.vn,"UBND xã Cẩm Long, tỉnh Thanh Hóa",17/01/2024,Chứng nhận cơ bản,https://tinnhiemmang.vn/danh-ba-tin-nhiem/camlongcamthuythanhhoagovvn-1705456811
camluong.camthuy.thanhhoa.gov.vn,"UBND xã Cẩm Lương, tỉnh Thanh Hóa",17/01/2024,Chứng nhận cơ bản,https://tinnhiemmang.vn/danh-ba-tin-nhiem/camluongcamthuythanhhoagovvn-1705456338
camnghia.camranh.khanhhoa.gov.vn,"UBND phường Cam Nghĩa, tỉnh Khánh Hòa",09/08/2023,Chứng nhận cơ bản,https://tinnhiemmang.vn/danh-ba-tin-nhiem/camnghiacamranhkhanhhoagovvn-1691556043
camngoc.camthuy.thanhhoa.gov.vn,"UBND xã Cẩm Ngọc, tỉnh Thanh Hóa",17/01/2024,Chứng nhận cơ bản,https://tinnhiemmang.vn/danh-ba-tin-nhiem/camngoccamthuythanhhoagovvn-1705456746
camphu.camranh.khanhhoa.gov.vn,"UBND phường Cam Phú, tỉnh Khánh Hòa",09/08/2023,Chứng nhận cơ bản,https://tinnhiemmang.vn/danh-ba-tin-nhiem/camphucamranhkhanhhoagovvn-1691560870
camphu.camthuy.thanhhoa.gov.vn,"UBND xã Cẩm Phú, tỉnh Thanh Hóa",17/01/2024,Chứng nhận cơ bản,https://tinnhiemmang.vn/danh-ba-tin-nhiem/camphucamthuythanhhoagovvn-1705456862
camphucbac.camranh.khanhhoa.gov.vn,"UBND phường Cam Phúc Bắc, tỉnh Khánh Hòa",09/08/2023,Chứng nhận cơ bản,https://tinnhiemmang.vn/danh-ba-tin-nhiem/camphucbaccamranhkhanhhoagovvn-1691560817
camphucnam.camranh.khanhhoa.gov.vn,"UBND phường Cam Phúc Nam, tỉnh Khánh Hòa",09/08/2023,Chứng nhận cơ bản,https://tinnhiemmang.vn/danh-ba-tin-nhiem/camphucnamcamranhkhanhhoagovvn-1691560713
camphuocdong.camranh.khanhhoa.gov.vn,"UBND xã Cam Phước Đông, tỉnh Khánh Hòa",09/08/2023,Chứng nhận cơ bản,https://tinnhiemmang.vn/danh-ba-tin-nhiem/camphuocdongcamranhkhanhhoagovvn-1691560766
camphuoctay.camlam.khanhhoa.gov.vn,UBND xã Cam Phước Tây tỉnh Khánh Hòa,14/07/2022,Chứng nhận cơ bản,https://tinnhiemmang.vn/danh-ba-tin-nhiem/camphuoctaycamlamkhanhhoagovvn-1626062881
camquy.camthuy.thanhhoa.gov.vn,"UBND xã Cẩm Quý, tỉnh Thanh Hóa",17/01/2024,Chứng nhận cơ bản,https://tinnhiemmang.vn/danh-ba-tin-nhiem/camquycamthuythanhhoagovvn-1705456676
camtam.camthuy.thanhhoa.gov.vn,"UBND xã Cẩm Tâm, tỉnh Thanh Hóa",17/01/2024,Chứng nhận cơ bản,https://tinnhiemmang.vn/danh-ba-tin-nhiem/camtamcamthuythanhhoagovvn-1705457067
camtan.camlam.khanhhoa.gov.vn,"Ủy ban nhân dân xã Cam Tân, huyện Cam Lâm, tỉnh Khánh Hòa",14/07/2022,Chứng nhận cơ bản,https://tinnhiemmang.vn/danh-ba-tin-nhiem/camtancamlamkhanhhoagovvn-1626063269
camtan.camthuy.thanhhoa.gov.vn,"UBND xã Cẩm Tân, tỉnh Thanh Hóa",17/01/2024,Chứng nhận cơ bản,https://tinnhiemmang.vn/danh-ba-tin-nhiem/camtancamthuythanhhoagovvn-1705456911
camthach.camthuy.thanhhoa.gov.vn,"UBND xã Cẩm Thạch, tỉnh Thanh Hóa",17/01/2024,Chứng nhận cơ bản,https://tinnhiemmang.vn/danh-ba-tin-nhiem/camthachcamthuythanhhoagovvn-1705456232
camthanh.camthuy.thanhhoa.gov.vn,"UBND xã Cẩm Thành, tỉnh Thanh Hóa",17/01/2024,Chứng nhận cơ bản,https://tinnhiemmang.vn/danh-ba-tin-nhiem/camthanhcamthuythanhhoagovvn-1705456154
camthanhbac.camlam.khanhhoa.gov.vn,UBND xã Cam Thành Bắc tỉnh Khánh Hòa,14/07/2022,Chứng nhận cơ bản,https://tinnhiemmang.vn/danh-ba-tin-nhiem/camthanhbaccamlamkhanhhoagovvn-1626063730
camthanhnam.camranh.khanhhoa.gov.vn,"UBND xã Cam Thành Nam, tỉnh Khánh Hòa",09/08/2023,Chứng nhận cơ bản,https://tinnhiemmang.vn/danh-ba-tin-nhiem/camthanhnamcamranhkhanhhoagovvn-1691555996
camthinhdong.camranh.khanhhoa.gov.vn,"UBND xã Cam Thịnh Đông, tỉnh Khánh Hòa",09/08/2023,Chứng nhận cơ bản,https://tinnhiemmang.vn/danh-ba-tin-nhiem/camthinhdongcamranhkhanhhoagovvn-1691555904
camthinhtay.camranh.khanhhoa.gov.vn,"UBND xã Cam Thịnh Tây, tỉnh Khánh Hòa",09/08/2023,Chứng nhận cơ bản,https://tinnhiemmang.vn/danh-ba-tin-nhiem/camthinhtaycamranhkhanhhoagovvn-1691560960
camthuan.camranh.khanhhoa.gov.vn,"UBND phường Cam Thuận, tỉnh Khánh Hòa",09/08/2023,Chứng nhận cơ bản,https://tinnhiemmang.vn/danh-ba-tin-nhiem/camthuancamranhkhanhhoagovvn-1691555808
camthuytv.vn,Đài phát thanh và Truyền hình huyện Cẩm Thủy tỉnh Thanh Hóa,10/04/2024,Chứng nhận cơ bản,https://tinnhiemmang.vn/danh-ba-tin-nhiem/camthuytvvn-1712737580
camtu.camthuy.thanhhoa.gov.vn,"UBND xã Cẩm Tú, tỉnh Thanh Hóa",17/01/2024,Chứng nhận cơ bản,https://tinnhiemmang.vn/danh-ba-tin-nhiem/camtucamthuythanhhoagovvn-1705456479
camvan.camthuy.thanhhoa.gov.vn,"UBND xã Cẩm Vân, tỉnh Thanh Hóa",17/01/2024,Chứng nhận cơ bản,https://tinnhiemmang.vn/danh-ba-tin-nhiem/camvancamthuythanhhoagovvn-1705456964
camyen.camthuy.thanhhoa.gov.vn,"UBND xã Cẩm Yên, tỉnh Thanh Hóa",17/01/2024,Chứng nhận cơ bản,https://tinnhiemmang.vn/danh-ba-tin-nhiem/camyencamthuythanhhoagovvn-1705457010
camyen.thachthat.hanoi.gov.vn,UBND xã Cẩm Yên huyện Thạch Thạch Thất Hà Nội,10/05/2023,Chứng nhận cơ bản,https://tinnhiemmang.vn/danh-ba-tin-nhiem/camyenthachthathanoigovvn-1683622212
canada.vn,Công ty Cổ phần Canada Plaza,19/02/2022,Chứng nhận cơ bản,https://tinnhiemmang.vn/danh-ba-tin-nhiem/canadavn-1642057294
candang.chauthanh.angiang.gov.vn,UBND Xã Cần Đăng tỉnh An Giang,09/11/2023,Chứng nhận cơ bản,https://tinnhiemmang.vn/danh-ba-tin-nhiem/candangchauthanhangianggovvn-1699362036
canhnau.thachthat.hanoi.gov.vn,UBND xã Canh Nậu huyện Thạch Thất Hà Nội,10/05/2023,Chứng nhận cơ bản,https://tinnhiemmang.vn/danh-ba-tin-nhiem/canhnauthachthathanoigovvn-1683608538
canhtan.thachan.caobang.gov.vn,"UBND xã Canh Tân, huyện Thạch An, Cao Bằng",25/12/2023,Chứng nhận cơ bản,https://tinnhiemmang.vn/danh-ba-tin-nhiem/canhtanthachancaobanggovvn-1703218631
canhuu-quocoai.thudo.gov.vn,"UBND xã Cấn Hữu, huyện Quốc Oai, Hà Nội",22/11/2024,Chứng nhận cơ bản,https://tinnhiemmang.vn/danh-ba-tin-nhiem/canhuu-quocoaithudogovvn-1732090920
cankhe.nhuthanh.thanhhoa.gov.vn,"UBND xã Cán Khê, huyện Như Thanh, tỉnh Thanh Hóa",12/06/2024,Chứng nhận cơ bản,https://tinnhiemmang.vn/danh-ba-tin-nhiem/cankhenhuthanhthanhhoagovvn-1718097599
cankiem.thachthat.hanoi.gov.vn,UBND xã Cần Kiệm huyện Thạch Thất Thành phố Hà Nội,10/05/2023,Chứng nhận cơ bản,https://tinnhiemmang.vn/danh-ba-tin-nhiem/cankiemthachthathanoigovvn-1683616099
cannong.haquang.caobang.gov.vn,"UBND xã Cần Nông, huyện Hà Quảng, Cao Bằng",25/12/2023,Chứng nhận cơ bản,https://tinnhiemmang.vn/danh-ba-tin-nhiem/cannonghaquangcaobanggovvn-1703418677
cantho.customs.gov.vn,Cục Hải quan TP Cần Thơ,11/08/2023,Chứng nhận cơ bản,https://tinnhiemmang.vn/danh-ba-tin-nhiem/canthocustomsgovvn-1691728389
canyen.haquang.caobang.gov.vn,"UBND xã Cần Yên, huyện Hà Quảng, Cao Bằng",25/12/2023,Chứng nhận cơ bản,https://tinnhiemmang.vn/danh-ba-tin-nhiem/canyenhaquangcaobanggovvn-1703418762
caobang.customs.gov.vn,Cục Hải quan tỉnh Cao Bằng,11/08/2023,Chứng nhận cơ bản,https://tinnhiemmang.vn/danh-ba-tin-nhiem/caobangcustomsgovvn-1691726706
caochuong.trungkhanh.caobang.gov.vn,"UBND xã Cao Chương, huyện Trùng Khánh, Cao Bằng",25/12/2023,Chứng nhận cơ bản,https://tinnhiemmang.vn/danh-ba-tin-nhiem/caochuongtrungkhanhcaobanggovvn-1703472293
caoduong.thanhoai.hanoi.gov.vn,"UBND xã Cao Dương, Thanh Oai, Hà Nội",11/12/2023,Chứng nhận cơ bản,https://tinnhiemmang.vn/danh-ba-tin-nhiem/caoduongthanhoaihanoigovvn-1702277832
caoky.chomoi.gov.vn,UBND huyện Chợ Mới tỉnh Bắc Kạn,10/04/2024,Chứng nhận cơ bản,https://tinnhiemmang.vn/danh-ba-tin-nhiem/caokychomoigovvn-1712635495
caongoc.ngoclac.thanhhoa.gov.vn,UBND xã Cao Ngọc tỉnh Thanh Hóa,29/05/2024,Chứng nhận cơ bản,https://tinnhiemmang.vn/danh-ba-tin-nhiem/caongocngoclacthanhhoagovvn-1716889759
caothang.trungkhanh.caobang.gov.vn,"UBND xã Cao Thăng, huyện Trùng Khánh, Cao Bằng",25/12/2023,Chứng nhận cơ bản,https://tinnhiemmang.vn/danh-ba-tin-nhiem/caothangtrungkhanhcaobanggovvn-1703473568
caothinh.ngoclac.thanhhoa.gov.vn,UBND xã Cao Thịnh tỉnh Thanh Hóa,29/05/2024,Chứng nhận cơ bản,https://tinnhiemmang.vn/danh-ba-tin-nhiem/caothinhngoclacthanhhoagovvn-1716890695
caothuong.babe.gov.vn,"UBND xã Cao Thượng, huyện Ba Bể, tỉnh Bắc Kạn",10/04/2024,Chứng nhận cơ bản,https://tinnhiemmang.vn/danh-ba-tin-nhiem/caothuongbabegovvn-1712637597
caovien.thanhoai.hanoi.gov.vn,"UBND xã Cao Viên, Thanh Oai, Hà Nội",11/12/2023,Chứng nhận cơ bản,https://tinnhiemmang.vn/danh-ba-tin-nhiem/caovienthanhoaihanoigovvn-1702273702
capcuu115.thuathienhue.gov.vn,Trung tâm cấp cứu 115 Tỉnh Thừa Thiên Huế,14/07/2021,Chứng nhận cơ bản,https://tinnhiemmang.vn/danh-ba-tin-nhiem/capcuu115thuathienhuegovvn-1626253643
capdan.camkhe.phutho.gov.vn,UBND Xã Cấp Dẫn tỉnh Phú Thọ,03/10/2023,Chứng nhận cơ bản,https://tinnhiemmang.vn/danh-ba-tin-nhiem/capdancamkhephuthogovvn-1696237418
captien.tienlang.haiphong.gov.vn,"Ủy ban nhân dân xã Cấp Tiến, huyện Tiên Lãng, thành phố Hải Phòng",08/05/2024,Chứng nhận cơ bản,https://tinnhiemmang.vn/danh-ba-tin-nhiem/captientienlanghaiphonggovvn-1715049060
cathanh.nguyenbinh.caobang.gov.vn,"UBND xã Ca Thành, huyện Nguyên Bình, Cao Bằng",25/12/2023,Chứng nhận cơ bản,https://tinnhiemmang.vn/danh-ba-tin-nhiem/cathanhnguyenbinhcaobanggovvn-1703420309
catlinh.dongda.hanoi.gov.vn,"Phường Cát Linh,  Quận Đống Đa,  Thành phố Hà Nội",15/06/2021,Chứng nhận cơ bản,https://tinnhiemmang.vn/danh-ba-tin-nhiem/catlinhdongdahanoigovvn-1623560906
cattan.nhuxuan.thanhhoa.gov.vn,UBND xã Cát Tân tỉnh Thanh Hóa,29/05/2024,Chứng nhận cơ bản,https://tinnhiemmang.vn/danh-ba-tin-nhiem/cattannhuxuanthanhhoagovvn-1716965841
catvan.nhuxuan.thanhhoa.gov.vn,UBND xã Cát Vân tỉnh Thanh Hóa,29/05/2024,Chứng nhận cơ bản,https://tinnhiemmang.vn/danh-ba-tin-nhiem/catvannhuxuanthanhhoagovvn-1716965919
cauba.khanhvinh.khanhhoa.gov.vn,UBND xã Cầu Bà tỉnh Khánh Hòa,14/07/2022,Chứng nhận cơ bản,https://tinnhiemmang.vn/danh-ba-tin-nhiem/caubakhanhvinhkhanhhoagovvn-1626072758
cauden.haibatrung.hanoi.gov.vn,UBND phường Cầu Dền quận Hai Bà Trưng Hà Nội,10/05/2023,Chứng nhận cơ bản,https://tinnhiemmang.vn/danh-ba-tin-nhiem/caudenhaibatrunghanoigovvn-1683602058
caudien.namtuliem.hanoi.gov.vn,"Phường Cầu Diễn, Quận Nam Từ Liêm, Thành phố Hà Nội",15/06/2021,Chứng nhận cơ bản,https://tinnhiemmang.vn/danh-ba-tin-nhiem/caudiennamtuliemhanoigovvn-1623570585
cauloc.hauloc.thanhhoa.gov.vn,"UBND xã Cầu Lộc, Huyện Hậu Lộc, tỉnh Thanh Hóa",21/08/2024,Chứng nhận cơ bản,https://tinnhiemmang.vn/danh-ba-tin-nhiem/caulochaulocthanhhoagovvn-1724210418
ccatvstp.thuathienhue.gov.vn,Chi cục An toàn vệ sinh thực phẩm tỉnh Thừa Thiên Huế,14/07/2021,Chứng nhận cơ bản,https://tinnhiemmang.vn/danh-ba-tin-nhiem/ccatvstpthuathienhuegovvn-1626253782
cccd.thuathienhue.gov.vn,Công an tỉnh Thừa Thiên Huế,20/07/2021,Chứng nhận cơ bản,https://tinnhiemmang.vn/danh-ba-tin-nhiem/cccdthuathienhuegovvn-1626774618
cccntyts.lamdong.gov.vn,"Chi cục Chăn nuôi, Thú y và Thủy sản Lâm Đồng",18/03/2024,Chứng nhận cơ bản,https://tinnhiemmang.vn/danh-ba-tin-nhiem/cccntytslamdonggovvn-1710727203
ccco.danang.gov.vn,Văn phòng Ban Chỉ đạo ứng phó biến đổi khí hậu Đà Nẵng,24/11/2021,Chứng nhận cơ bản,https://tinnhiemmang.vn/danh-ba-tin-nhiem/cccodananggovvn-1637728520
ccdso.thuathienhue.gov.vn,Chi cục DS-KHHGĐ tỉnh Thừa Thiên Huế,14/07/2021,Chứng nhận cơ bản,https://tinnhiemmang.vn/danh-ba-tin-nhiem/ccdsothuathienhuegovvn-1626253865
cdc.thuathienhue.gov.vn,Trung Tâm Kiểm soát bệnh tật tỉnh Thừa Thiên Huế,15/07/2021,Chứng nhận cơ bản,https://tinnhiemmang.vn/danh-ba-tin-nhiem/cdcthuathienhuegovvn-1626254217
cdckontum.vn,Trung tâm Kiểm soát bệnh tật tỉnh Kon Tum,24/05/2024,Chứng nhận cơ bản,https://tinnhiemmang.vn/danh-ba-tin-nhiem/cdckontumvn-1716430820
cdcsnd1.edu.vn,Cao đẳng Cảnh Sát Nhân Dân 1,01/11/2023,Chứng nhận cơ bản,https://tinnhiemmang.vn/danh-ba-tin-nhiem/cdcsnd1eduvn-1698822746
cedcnhatrang.net,Trung tâm Phát triển Giáo dục và Truyền thông,22/10/2023,Chứng nhận cơ bản,https://tinnhiemmang.vn/danh-ba-tin-nhiem/cedcnhatrangnet-1665995908
changson.thachthat.hanoi.gov.vn,UBND xã Chàng Sơn huyện Thạch Thất Thành  phố Hà Nội,10/05/2023,Chứng nhận cơ bản,https://tinnhiemmang.vn/danh-ba-tin-nhiem/changsonthachthathanoigovvn-1683621785
chanhan.vinhlong.gov.vn,UBND xã Chánh An tỉnh Vĩnh Long,14/07/2021,Chứng nhận cơ bản,https://tinnhiemmang.vn/danh-ba-tin-nhiem/chanhanvinhlonggovvn-1625918399
chaulang.triton.angiang.gov.vn,UBND Xã Châu Lăng tỉnh An Giang,09/11/2023,Chứng nhận cơ bản,https://tinnhiemmang.vn/danh-ba-tin-nhiem/chaulangtritonangianggovvn-1699410314
chauphong.tanchau.angiang.gov.vn,UBND Xã Châu Phong tỉnh An Giang,09/11/2023,Chứng nhận cơ bản,https://tinnhiemmang.vn/danh-ba-tin-nhiem/chauphongtanchauangianggovvn-1699360854
chauphua.chaudoc.angiang.gov.vn,UBND Phường Châu Phú A tỉnh An Giang,09/11/2023,Chứng nhận cơ bản,https://tinnhiemmang.vn/danh-ba-tin-nhiem/chauphuachaudocangianggovvn-1699373526
chauphub.chaudoc.angiang.gov.vn,UBND Phường Châu Phú B tỉnh An Giang,09/11/2023,Chứng nhận cơ bản,https://tinnhiemmang.vn/danh-ba-tin-nhiem/chauphubchaudocangianggovvn-1699373622
chiasefree.com,Chia Sẻ Miễn Phí,23/05/2022,Chứng nhận cơ bản,https://tinnhiemmang.vn/danh-ba-tin-nhiem/chiasefreecom-1652675618
chicucqlclnltsthanhhoa.gov.vn,"Chi cục Quản lý chất lượng Nông, lâm sản và Thủy sản tỉnh Thanh Hóa",17/10/2024,Chứng nhận cơ bản,https://tinnhiemmang.vn/danh-ba-tin-nhiem/chicucqlclnltsthanhhoagovvn-1729132863
chicucthuysanninhbinh.vn,Chi cục Thủy sản Ninh Bình,19/07/2021,Chứng nhận cơ bản,https://tinnhiemmang.vn/danh-ba-tin-nhiem/chicucthuysanninhbinhvn-1626419009
chilang.tinhbien.angiang.gov.vn,UBND Phường Chi Lăng tỉnh An Giang,09/11/2023,Chứng nhận cơ bản,https://tinnhiemmang.vn/danh-ba-tin-nhiem/chilangtinhbienangianggovvn-1699373191
chinhgian.danang.gov.vn,"UBND phường Chính Gián, Đà Nẵng",25/07/2022,Chứng nhận cơ bản,https://tinnhiemmang.vn/danh-ba-tin-nhiem/chinhgiandananggovvn-1658712968
chithao.quanghoa.caobang.gov.vn,"UBND xã Chí Thảo, huyện Quảng Hòa, Cao Bằng",25/12/2023,Chứng nhận cơ bản,https://tinnhiemmang.vn/danh-ba-tin-nhiem/chithaoquanghoacaobanggovvn-1703217869
chivien.trungkhanh.caobang.gov.vn,"UBND xã Chí Viễn, huyện Trùng Khánh, Cao Bằng",25/12/2023,Chứng nhận cơ bản,https://tinnhiemmang.vn/danh-ba-tin-nhiem/chivientrungkhanhcaobanggovvn-1703473606
chodon.gov.vn,"Uỷ ban nhân dân huyện Chợ Đồn, tỉnh Bắc Kạn",15/07/2022,Chứng nhận cơ bản,https://tinnhiemmang.vn/danh-ba-tin-nhiem/chodongovvn-1650422651
chomoi.chomoi.angiang.gov.vn,UBND Thị trấn Chợ Mới tỉnh An Giang,09/11/2023,Chứng nhận cơ bản,https://tinnhiemmang.vn/danh-ba-tin-nhiem/chomoichomoiangianggovvn-1699409251
chomoi.gov.vn,UBND huyện Chợ Mới tỉnh Bắc Kạn,10/04/2024,Chứng nhận cơ bản,https://tinnhiemmang.vn/danh-ba-tin-nhiem/chomoigovvn-1712635483
chongthurac.vn,Trung tâm Ứng cứu khẩn cấp không gian mạng Việt Nam,25/07/2023,Chứng nhận cơ bản,https://tinnhiemmang.vn/danh-ba-tin-nhiem/chongthuracvn-1690265176
chora.babe.gov.vn,Uỷ Ban Nhân Dân Thị Trấn Chợ Rã,06/12/2024,Chứng nhận cơ bản,https://tinnhiemmang.vn/danh-ba-tin-nhiem/chorababegovvn-1733128745
chovam.phutan.angiang.gov.vn,Thị Trấn Chợ Vàm tỉnh An Giang,09/11/2023,Chứng nhận cơ bản,https://tinnhiemmang.vn/danh-ba-tin-nhiem/chovamphutanangianggovvn-1699349214
chq.bacninh.gov.vn,Cục Hải quan tỉnh Bắc Ninh,25/01/2022,Chứng nhận cơ bản,https://tinnhiemmang.vn/danh-ba-tin-nhiem/chqbacninhgovvn-1643011726
chucson.chuongmy.hanoi.gov.vn,"UBND thị trấn Chúc Sơn, huyện Chương Mỹ, Hà Nội",20/06/2024,Chứng nhận cơ bản,https://tinnhiemmang.vn/danh-ba-tin-nhiem/chucsonchuongmyhanoigovvn-1718867197
chuhuong.babe.gov.vn,"UBND xã Chu Hương, huyện Ba Bể, tỉnh Bắc Kạn",10/04/2024,Chứng nhận cơ bản,https://tinnhiemmang.vn/danh-ba-tin-nhiem/chuhuongbabegovvn-1712636924
chuthapdo.bacninh.gov.vn,Hội Chữ Thập Đỏ Việt Nam Tỉnh Bắc Ninh,30/11/2021,Chứng nhận cơ bản,https://tinnhiemmang.vn/danh-ba-tin-nhiem/chuthapdobacninhgovvn-1638240024
chutrinh.ubndtp.caobang.gov.vn,"UBND xã Chu Trinh, Thành phố Cao Bằng",25/12/2023,Chứng nhận cơ bản,https://tinnhiemmang.vn/danh-ba-tin-nhiem/chutrinhubndtpcaobanggovvn-1703419799
clicksend.vn,Công Ty TNHH Công Nghệ Flick,18/10/2022,Chứng nhận cơ bản,https://tinnhiemmang.vn/danh-ba-tin-nhiem/clicksendvn-1665900485
cms.giaoducthudo.vn,Báo Giáo dục và Thời đại,29/03/2023,Chứng nhận cơ bản,https://tinnhiemmang.vn/danh-ba-tin-nhiem/cmsgiaoducthudovn-1630313759
coba.baolac.caobang.gov.vn,"UBND xã Cô Ba, huyện Bảo Lạc, Cao Bằng",25/12/2023,Chứng nhận cơ bản,https://tinnhiemmang.vn/danh-ba-tin-nhiem/cobabaolaccaobanggovvn-1703475204
cobi.gialam.hanoi.gov.vn,"UBND xã Cổ Bi, Gia Lâm, Hà Nội",11/11/2024,Chứng nhận cơ bản,https://tinnhiemmang.vn/danh-ba-tin-nhiem/cobigialamhanoigovvn-1731049570
cocpang.baolac.caobang.gov.vn,"UBND xã Cốc Pàng, huyện Bảo Lạc, Cao Bằng",25/12/2023,Chứng nhận cơ bản,https://tinnhiemmang.vn/danh-ba-tin-nhiem/cocpangbaolaccaobanggovvn-1703475243
codokhoinghiep.thuathienhue.gov.vn,Sở Khoa học và Công nghệ tỉnh Thừa Thiên Huế,15/07/2021,Chứng nhận cơ bản,https://tinnhiemmang.vn/danh-ba-tin-nhiem/codokhoinghiepthuathienhuegovvn-1626254282
codong.sontay.hanoi.gov.vn,"UBND xã Cổ Đông, thị xã Sơn Tây, Hà Nội",27/11/2024,Chứng nhận cơ bản,https://tinnhiemmang.vn/danh-ba-tin-nhiem/codongsontayhanoigovvn-1732682693
coloa.donganh.hanoi.gov.vn,"UBND xã Cổ Loa, Hà Nội",20/06/2024,Chứng nhận cơ bản,https://tinnhiemmang.vn/danh-ba-tin-nhiem/coloadonganhhanoigovvn-1718867314
congan.backan.gov.vn,Công an tỉnh Bắc Kạn,21/03/2024,Chứng nhận cơ bản,https://tinnhiemmang.vn/danh-ba-tin-nhiem/conganbackangovvn-1710923173
congan.halang.caobang.gov.vn,"UBND xã Cô Ngân, huyện Hạ Lang, Cao Bằng",25/12/2023,Chứng nhận cơ bản,https://tinnhiemmang.vn/danh-ba-tin-nhiem/conganhalangcaobanggovvn-1703474948
congan.thuathienhue.gov.vn,Công an tỉnh Thừa Thiên Huế,01/11/2023,Chứng nhận cơ bản,https://tinnhiemmang.vn/danh-ba-tin-nhiem/conganthuathienhuegovvn-1698810899
conganbacgiang.vn,Công an tỉnh Bắc Giang,05/02/2024,Chứng nhận cơ bản,https://tinnhiemmang.vn/danh-ba-tin-nhiem/conganbacgiangvn-1706860496
congandaitu.vn,Công an tỉnh Thái Nguyên,20/03/2024,Chứng nhận cơ bản,https://tinnhiemmang.vn/danh-ba-tin-nhiem/congandaituvn-1710902914
conganquangnam.vn,Công an tỉnh Quảng Nam,01/11/2023,Chứng nhận cơ bản,https://tinnhiemmang.vn/danh-ba-tin-nhiem/conganquangnamvn-1698810151
conganthachha.hatinh.gov.vn,Công an tỉnh Hà Tĩnh,20/03/2024,Chứng nhận cơ bản,https://tinnhiemmang.vn/danh-ba-tin-nhiem/conganthachhahatinhgovvn-1710902300
congbao.backan.gov.vn,Công Báo Tỉnh Bắc Kạn,03/08/2021,Chứng nhận cơ bản,https://tinnhiemmang.vn/danh-ba-tin-nhiem/congbaobackangovvn-1627953264
congchinh.nongcong.thanhhoa.gov.vn,"UBND xã Công Chính Huyện Nông Cống, Tỉnh Thanh Hóa",13/08/2024,Chứng nhận cơ bản,https://tinnhiemmang.vn/danh-ba-tin-nhiem/congchinhnongcongthanhhoagovvn-1723532159
congdoan.thuathienhue.gov.vn,Liên đoàn lao động tỉnh Thừa Thiên Huế,15/07/2021,Chứng nhận cơ bản,https://tinnhiemmang.vn/danh-ba-tin-nhiem/congdoanthuathienhuegovvn-1626254341
congdoanbrvt.org.vn,Liên đoàn Lao động tỉnh Bà Rịa - Vũng Tàu,02/10/2024,Chứng nhận cơ bản,https://tinnhiemmang.vn/danh-ba-tin-nhiem/congdoanbrvtorgvn-1725938436
conghoa-quocoai.thudo.gov.vn,"UBND xã Cộng Hoà, huyện Quốc Oai, Hà Nội",22/11/2024,Chứng nhận cơ bản,https://tinnhiemmang.vn/danh-ba-tin-nhiem/conghoa-quocoaithudogovvn-1732090822
congliem.nongcong.thanhhoa.gov.vn,"UBND xã Công Liêm Huyện Nông Cống, Tỉnh Thanh Hóa",13/08/2024,Chứng nhận cơ bản,https://tinnhiemmang.vn/danh-ba-tin-nhiem/congliemnongcongthanhhoagovvn-1723532128
congtacxahoi.thanhhoa.gov.vn,Trung tâm Cung cấp dịch vụ công tác xã hội Thanh Hóa,17/10/2024,Chứng nhận cơ bản,https://tinnhiemmang.vn/danh-ba-tin-nhiem/congtacxahoithanhhoagovvn-1729133068
congtacxahoi.thuathienhue.gov.vn,Trung tâm Công tác xã hội và Qũy Bảo trợ trẻ em tỉnh Thừa Thiên Huế,15/07/2021,Chứng nhận cơ bản,https://tinnhiemmang.vn/danh-ba-tin-nhiem/congtacxahoithuathienhuegovvn-1626254600
congthuong.thuathienhue.gov.vn,Sở Công Thương Thừa Thiên Huế,15/07/2021,Chứng nhận cơ bản,https://tinnhiemmang.vn/danh-ba-tin-nhiem/congthuongthuathienhuegovvn-1626321374
congthuongbackan.gov.vn,Sở Công Thương – UBND tỉnh Bắc Kạn,21/09/2021,Chứng nhận cơ bản,https://tinnhiemmang.vn/danh-ba-tin-nhiem/congthuongbackangovvn-1632219767
congvi.badinh.hanoi.gov.vn,"UBND phường Cống Vị, Ba Đình, Hà Nội",11/12/2023,Chứng nhận cơ bản,https://tinnhiemmang.vn/danh-ba-tin-nhiem/congvibadinhhanoigovvn-1702278362
conhue1.bactuliem.hanoi.gov.vn,"Phường Cổ Nhuế 1, Quận Bắc Từ Liêm, Thành phố Hà Nội",15/06/2021,Chứng nhận cơ bản,https://tinnhiemmang.vn/danh-ba-tin-nhiem/conhue1bactuliemhanoigovvn-1623643902
conhue2.bactuliem.hanoi.gov.vn,"UBND phường Cổ Nhuế 2 quận Bắc Từ Liêm, thành phố Hà Nội",10/05/2023,Chứng nhận cơ bản,https://tinnhiemmang.vn/danh-ba-tin-nhiem/conhue2bactuliemhanoigovvn-1683629427
cosobaotrotreemqn.vn,Cơ sở Bảo trợ Chăm sóc trẻ em có hoàn cảnh đặc biệt Quảng Ninh,18/11/2021,Chứng nhận cơ bản,https://tinnhiemmang.vn/danh-ba-tin-nhiem/cosobaotrotreemqnvn-1637166697
coto.triton.angiang.gov.vn,UBND Thị trấn Cô Tô tỉnh An Giang,09/11/2023,Chứng nhận cơ bản,https://tinnhiemmang.vn/danh-ba-tin-nhiem/cototritonangianggovvn-1699410538
covid.bacninh.gov.vn,Sở Thông tin và Truyền thông tỉnh Bắc Ninh,05/11/2021,Chứng nhận cơ bản,https://tinnhiemmang.vn/danh-ba-tin-nhiem/covidbacninhgovvn-1636097764
covid.cantho.gov.vn,"Sở Thông tin và Truyền thông, Sở Y tế thành phố Cần Thơ",16/11/2021,Chứng nhận cơ bản,https://tinnhiemmang.vn/danh-ba-tin-nhiem/covidcanthogovvn-1636960380
covid.dienbien.gov.vn,"Trang Thông tin điện tử tình hình diễn biến dịch, tỉnh Điện Biên",20/07/2022,Chứng nhận cơ bản,https://tinnhiemmang.vn/danh-ba-tin-nhiem/coviddienbiengovvn-1658312299
covid19.quangninh.gov.vn,UBND tỉnh Quảng Ninh,16/11/2021,Chứng nhận cơ bản,https://tinnhiemmang.vn/danh-ba-tin-nhiem/covid19quangninhgovvn-1637033053
covid19.thanhhoa.gov.vn,Sở Thông tin và Truyền thông Thanh Hóa,01/06/2021,Chứng nhận cơ bản,https://tinnhiemmang.vn/danh-ba-tin-nhiem/covid19thanhhoagovvn
cpxd.thuathienhue.gov.vn,Sở Xây dựng tỉnh Thừa Thiên Huế,15/07/2021,Chứng nhận cơ bản,https://tinnhiemmang.vn/danh-ba-tin-nhiem/cpxdthuathienhuegovvn-1626254685
cslt.thuathienhue.gov.vn,"Trung tâm Giám sát, điều hành đô thị thông minh tỉnh Thừa Thiên Huế",19/07/2021,Chứng nhận cơ bản,https://tinnhiemmang.vn/danh-ba-tin-nhiem/csltthuathienhuegovvn-1626681182
cspccc.bacninh.gov.vn,Cảnh sát PCCC tỉnh Bắc Ninh,30/11/2021,Chứng nhận cơ bản,https://tinnhiemmang.vn/danh-ba-tin-nhiem/cspcccbacninhgovvn-1638177994
ctict.cantho.gov.vn,Trung tâm Công nghệ Thông tin và Truyền thông Cần Thơ.,16/11/2021,Chứng nhận cơ bản,https://tinnhiemmang.vn/danh-ba-tin-nhiem/ctictcanthogovvn-1636960835
ctk.bacninh.gov.vn,Cục Thống kê tỉnh Bắc Ninh,23/10/2024,Chứng nhận cơ bản,https://tinnhiemmang.vn/danh-ba-tin-nhiem/ctkbacninhgovvn-1729646351
ctk.quangngai.gov.vn,Cục Thống kê tỉnh Quảng Ngãi,10/05/2021,Chứng nhận cơ bản,https://tinnhiemmang.vn/danh-ba-tin-nhiem/ctkquangngaigovvn-1620635349
cuadong.hanoi.gov.vn,"UBND Phường Cửa Đông, quận Hoàn Kiếm, Hà Nội",11/12/2023,Chứng nhận cơ bản,https://tinnhiemmang.vn/danh-ba-tin-nhiem/cuadonghanoigovvn-1702279268
cucthongke.danang.gov.vn,Cục Thống kê thành phố Đà Nẵng,21/05/2024,Chứng nhận cơ bản,https://tinnhiemmang.vn/danh-ba-tin-nhiem/cucthongkedananggovvn-1716254625
cucthongke.laocai.gov.vn,Cục thống kê tỉnh Lào Cai,25/11/2021,Chứng nhận cơ bản,https://tinnhiemmang.vn/danh-ba-tin-nhiem/cucthongkelaocaigovvn-1637809431
cucthongkelangson.gov.vn,Cục Thống kê tỉnh Lạng Sơn,11/10/2024,Chứng nhận cơ bản,https://tinnhiemmang.vn/danh-ba-tin-nhiem/cucthongkelangsongovvn-1728550476
cucthongkethuathienhue.gso.gov.vn,Cục Thống kê Tỉnh Thừa Thiên Huế,23/08/2024,Chứng nhận cơ bản,https://tinnhiemmang.vn/danh-ba-tin-nhiem/cucthongkethuathienhuegsogovvn-1724233573
cucthue.hungyen.gov.vn,Cục thuế tỉnh Hưng Yên,15/07/2021,Chứng nhận cơ bản,https://tinnhiemmang.vn/danh-ba-tin-nhiem/cucthuehungyengovvn-1626332727
cukhe.thanhoai.hanoi.gov.vn,"UBND xã Cự Khê, Thanh Oai, Hà Nội",11/12/2023,Chứng nhận cơ bản,https://tinnhiemmang.vn/danh-ba-tin-nhiem/cukhethanhoaihanoigovvn-1702273550
cuklong.krongnang.daklak.gov.vn,Ủy ban nhân dân xã Cư Klông tỉnh Đắk Lắk,22/07/2021,Chứng nhận cơ bản,https://tinnhiemmang.vn/danh-ba-tin-nhiem/cuklongkrongnangdaklakgovvn-1626879965
daiang.thanhtri.hanoi.gov.vn,"UBND Xã Đại Áng huyện Thanh Trì, Hà Nội",10/05/2023,Chứng nhận cơ bản,https://tinnhiemmang.vn/danh-ba-tin-nhiem/daiangthanhtrihanoigovvn-1683709378
daibieuquochoi.thuathienhue.gov.vn,Đoàn Đại biểu Quốc hội tỉnh Thừa Thiên Huế,23/10/2024,Chứng nhận cơ bản,https://tinnhiemmang.vn/danh-ba-tin-nhiem/daibieuquochoithuathienhuegovvn-1729651853
daicuong-unghoa.thudo.gov.vn,"UBND Xã Đại Cường, Hà Nội",17/12/2024,Chứng nhận cơ bản,https://tinnhiemmang.vn/danh-ba-tin-nhiem/daicuong-unghoathudogovvn-1734401777
daidong.thachthat.hanoi.gov.vn,UBND xã Đại Đồng huyện Thạch Thất thành phố Hà Nội,10/05/2023,Chứng nhận cơ bản,https://tinnhiemmang.vn/danh-ba-tin-nhiem/daidongthachthathanoigovvn-1683615924
daihocpccc.bocongan.gov.vn,Đại học Phòng cháy Chữa cháy,13/12/2023,Chứng nhận cơ bản,https://tinnhiemmang.vn/danh-ba-tin-nhiem/daihocpcccbocongangovvn-1702437526
daihung-unghoa.thudo.gov.vn,"UBND Xã Đại Hùng, Hà Nội",17/12/2024,Chứng nhận cơ bản,https://tinnhiemmang.vn/danh-ba-tin-nhiem/daihung-unghoathudogovvn-1734401738
daikim.hoangmai.hanoi.gov.vn,"UBND phường Đại Kim, quận Hoàng Mai, Hà Nội",11/12/2023,Chứng nhận cơ bản,https://tinnhiemmang.vn/danh-ba-tin-nhiem/daikimhoangmaihanoigovvn-1702271527
dailoc.hauloc.thanhhoa.gov.vn,"UBND xã Đại Lộc, Huyện Hậu Lộc, tỉnh Thanh Hóa",21/08/2024,Chứng nhận cơ bản,https://tinnhiemmang.vn/danh-ba-tin-nhiem/dailochaulocthanhhoagovvn-1724210310
dailuongtai.bacninh.gov.vn,Đài Phát Thanh Lương Tài – Tỉnh Bắc Ninh,30/11/2021,Chứng nhận cơ bản,https://tinnhiemmang.vn/danh-ba-tin-nhiem/dailuongtaibacninhgovvn-1638240185
daimach.donganh.hanoi.gov.vn,"UBND xã Đại Mạch, Hà Nội",20/06/2024,Chứng nhận cơ bản,https://tinnhiemmang.vn/danh-ba-tin-nhiem/daimachdonganhhanoigovvn-1718869545
daimo.namtuliem.hanoi.gov.vn,"Phường Đại Mỗ,  Quận Nam Từ Liêm, Thành phố Hà Nội",15/06/2021,Chứng nhận cơ bản,https://tinnhiemmang.vn/danh-ba-tin-nhiem/daimonamtuliemhanoigovvn-1623571472
daims.thuathienhue.gov.vn,UBND tỉnh Thừa Thiên Huế,19/07/2021,Chứng nhận cơ bản,https://tinnhiemmang.vn/danh-ba-tin-nhiem/daimsthuathienhuegovvn-1626682131
dainghia.myduc.hanoi.gov.vn,"UBND Thị trấn Đại Nghĩa, Hà Nội",20/06/2024,Chứng nhận cơ bản,https://tinnhiemmang.vn/danh-ba-tin-nhiem/dainghiamyduchanoigovvn-1718871932
daisao.chodon.backan.gov.vn,"Uỷ ban nhân dân xã Đại Sảo, tỉnh Bắc Kạn",10/04/2024,Chứng nhận cơ bản,https://tinnhiemmang.vn/danh-ba-tin-nhiem/daisaochodonbackangovvn-1712711697
daisao.chodon.gov.vn,"Uỷ ban nhân dân xã Đại Sảo, tỉnh Bắc Kạn",15/07/2022,Chứng nhận cơ bản,https://tinnhiemmang.vn/danh-ba-tin-nhiem/daisaochodongovvn-1650423284
daison.quanghoa.caobang.gov.vn,"UBND xã Đại Sơn, huyện Quảng Hòa, Cao Bằng",25/12/2023,Chứng nhận cơ bản,https://tinnhiemmang.vn/danh-ba-tin-nhiem/daisonquanghoacaobanggovvn-1703218003
daithanh-quocoai.thudo.gov.vn,"UBND xã Đại Thành, Hà Nội",22/11/2024,Chứng nhận cơ bản,https://tinnhiemmang.vn/danh-ba-tin-nhiem/daithanh-quocoaithudogovvn-1732084725
daitien.hoaan.caobang.gov.vn,"UBND xã Đại Tiến, huyện Hòa An, Cao Bằng",25/12/2023,Chứng nhận cơ bản,https://tinnhiemmang.vn/danh-ba-tin-nhiem/daitienhoaancaobanggovvn-1703476000
dakho.dateh.lamdong.gov.vn,"UBND xã Đạ Kho, huyện Đạ Tẻh",28/11/2023,Chứng nhận cơ bản,https://tinnhiemmang.vn/danh-ba-tin-nhiem/dakhodatehlamdonggovvn-1701073772
daklak.customs.gov.vn,Cục Hải quan tỉnh Đắk Lắk,11/08/2023,Chứng nhận cơ bản,https://tinnhiemmang.vn/danh-ba-tin-nhiem/daklakcustomsgovvn-1691726937
dalay.dateh.lamdong.gov.vn,"UBND xã Đạ Lây, huyện Đạ Tẻh",28/11/2023,Chứng nhận cơ bản,https://tinnhiemmang.vn/danh-ba-tin-nhiem/dalaydatehlamdonggovvn-1701073642
daloan.ductrong.lamdong.gov.vn,Uỷ ban nhân dân xã Đà Loan,14/03/2024,Chứng nhận cơ bản,https://tinnhiemmang.vn/danh-ba-tin-nhiem/daloanductronglamdonggovvn-1710388076
daloc.hauloc.thanhhoa.gov.vn,"UBND xã Đa Lộc, Huyện Hậu Lộc, tỉnh Thanh Hóa",21/08/2024,Chứng nhận cơ bản,https://tinnhiemmang.vn/danh-ba-tin-nhiem/dalochaulocthanhhoagovvn-1724210905
damthuy.trungkhanh.caobang.gov.vn,"UBND xã Đàm Thủy, huyện Trùng Khánh, Cao Bằng",25/12/2023,Chứng nhận cơ bản,https://tinnhiemmang.vn/danh-ba-tin-nhiem/damthuytrungkhanhcaobanggovvn-1703473815
danang.customs.gov.vn,Cục Hải quan TP Đà Nẵng,11/08/2023,Chứng nhận cơ bản,https://tinnhiemmang.vn/danh-ba-tin-nhiem/danangcustomsgovvn-1691728191
danchu.hoaan.caobang.gov.vn,"UBND xã Dân Chủ, huyện Hòa An, Cao Bằng",25/12/2023,Chứng nhận cơ bản,https://tinnhiemmang.vn/danh-ba-tin-nhiem/danchuhoaancaobanggovvn-1703476331
dangnhaplltp.moj.gov.vn,Bộ Tư pháp,14/07/2022,Chứng nhận cơ bản,https://tinnhiemmang.vn/danh-ba-tin-nhiem/dangnhaplltpmojgovvn-1625741015
danguykhoibinhthuan.vn,Đảng ủy Khối cơ quan và doanh  nghiệp tỉnh Bình Thuận,02/01/2024,Chứng nhận cơ bản,https://tinnhiemmang.vn/danh-ba-tin-nhiem/danguykhoibinhthuanvn-1703814610
danguykhoicqvadn.thuathienhue.gov.vn,Đảng bộ Khối cơ quan và doanh nghiệp tỉnh Thừa Thiên Huế,14/07/2021,Chứng nhận cơ bản,https://tinnhiemmang.vn/danh-ba-tin-nhiem/danguykhoicqvadnthuathienhuegovvn-1626247347
danhgiacchc.thuathienhue.gov.vn,Sở Nội vụ tỉnh Thừa Thiên Huế,19/07/2021,Chứng nhận cơ bản,https://tinnhiemmang.vn/danh-ba-tin-nhiem/danhgiacchcthuathienhuegovvn-1626518737
danhgiaclhd.thuathienhue.gov.vn,Sở Nội vụ tỉnh Thừa Thiên Huế,19/07/2021,Chứng nhận cơ bản,https://tinnhiemmang.vn/danh-ba-tin-nhiem/danhgiaclhdthuathienhuegovvn-1626519104
danhoa.thanhoai.hanoi.gov.vn,"UBND xã Dân Hòa, Thanh Oai, Hà Nội",11/12/2023,Chứng nhận cơ bản,https://tinnhiemmang.vn/danh-ba-tin-nhiem/danhoathanhoaihanoigovvn-1702274084
danluc.trieuson.thanhhoa.gov.vn,"UBND Xã Dân Lực, tỉnh Thanh Hóa",17/01/2024,Chứng nhận cơ bản,https://tinnhiemmang.vn/danh-ba-tin-nhiem/danluctrieusonthanhhoagovvn-1705459097
danly.trieuson.thanhhoa.gov.vn,"UBND Xã Dân Lý, tỉnh Thanh Hóa",17/01/2024,Chứng nhận cơ bản,https://tinnhiemmang.vn/danh-ba-tin-nhiem/danlytrieusonthanhhoagovvn-1705459147
danphuong.danphuong.hanoi.gov.vn,"UBND xã Đan Phượng huyện Đan Phượng, Hà Nội",10/05/2023,Chứng nhận cơ bản,https://tinnhiemmang.vn/danh-ba-tin-nhiem/danphuongdanphuonghanoigovvn-1683622617
danquyen.trieuson.thanhhoa.gov.vn,"UBND Xã Dân Quyền, tỉnh Thanh Hóa",17/01/2024,Chứng nhận cơ bản,https://tinnhiemmang.vn/danh-ba-tin-nhiem/danquyentrieusonthanhhoagovvn-1705459189
danvanbinhphuoc.vn,"Ban dân vận Tỉnh ủy, tỉnh Bình Phước",27/12/2023,Chứng nhận cơ bản,https://tinnhiemmang.vn/danh-ba-tin-nhiem/danvanbinhphuocvn-1703650091
daohuucanh.chauphu.angiang.gov.vn,UBND Xã Đào Hữu Cảnh tỉnh An Giang,09/11/2023,Chứng nhận cơ bản,https://tinnhiemmang.vn/danh-ba-tin-nhiem/daohuucanhchauphuangianggovvn-1699361802
dapal.dateh.lamdong.gov.vn,"UBND xã Đạ Pal, huyện Đạ Tẻh",28/11/2023,Chứng nhận cơ bản,https://tinnhiemmang.vn/danh-ba-tin-nhiem/dapaldatehlamdonggovvn-1701074133
dapda.binhdinh.vn,"UBND phường Đập Đá, tỉnh Bình Định",10/08/2023,Chứng nhận cơ bản,https://tinnhiemmang.vn/danh-ba-tin-nhiem/dapdabinhdinhvn-1691576251
daphuoc.anphu.angiang.gov.vn,Thị trấn Đa Phước tỉnh An Giang,09/11/2023,Chứng nhận cơ bản,https://tinnhiemmang.vn/danh-ba-tin-nhiem/daphuocanphuangianggovvn-1699348025
daquynductrong.lamdong.gov.vn,"UBND Xã Đa Quyn, Huyện Đức Trọng, Tỉnh Lâm Đồng",11/04/2024,Chứng nhận cơ bản,https://tinnhiemmang.vn/danh-ba-tin-nhiem/daquynductronglamdonggovvn-1712799338
darsal.damrong.lamdong.gov.vn,UBND xã Đạ Rsal,07/09/2023,Chứng nhận cơ bản,https://tinnhiemmang.vn/danh-ba-tin-nhiem/darsaldamronglamdonggovvn-1693305544
dathong.haquang.caobang.gov.vn,"UBND xã Đa Thông, huyện Hà Quảng, Cao Bằng",25/12/2023,Chứng nhận cơ bản,https://tinnhiemmang.vn/danh-ba-tin-nhiem/dathonghaquangcaobanggovvn-1703219287
daton.gialam.hanoi.gov.vn,"UBND xã Đa Tốn, Gia Lâm, Hà Nội",11/11/2024,Chứng nhận cơ bản,https://tinnhiemmang.vn/danh-ba-tin-nhiem/datongialamhanoigovvn-1731049461
dauhieuluadao.com,Google,24/03/2022,Chứng nhận nâng cao,https://tinnhiemmang.vn/danh-ba-tin-nhiem/dauhieuluadaocom-1648119195
dauthau.thuathienhue.gov.vn,Sở Kế hoạch và Đầu tư tỉnh Thừa Thiên Huế,14/07/2021,Chứng nhận cơ bản,https://tinnhiemmang.vn/danh-ba-tin-nhiem/dauthauthuathienhuegovvn-1626246736
dauthauthuoc.baohiemxahoi.gov.vn,Bảo hiểm Xã hội Việt Nam,17/07/2024,Chứng nhận cơ bản,https://tinnhiemmang.vn/danh-ba-tin-nhiem/dauthauthuocbaohiemxahoigovvn-1626405253
detaikhoahoc.thuathienhue.gov.vn,Sở Khoa học và Công nghệ tỉnh Thừa Thiên Huế,22/07/2021,Chứng nhận cơ bản,https://tinnhiemmang.vn/danh-ba-tin-nhiem/detaikhoahocthuathienhuegovvn-1626920797
detaisoyte.thuathienhue.gov.vn,Sở y tế Thừa Thiên Huế,15/07/2021,Chứng nhận cơ bản,https://tinnhiemmang.vn/danh-ba-tin-nhiem/detaisoytethuathienhuegovvn-1626254751
detham.ubndtp.caobang.gov.vn,"UBND phường Đề Thám, Thành phố Cao Bằng",25/12/2023,Chứng nhận cơ bản,https://tinnhiemmang.vn/danh-ba-tin-nhiem/dethamubndtpcaobanggovvn-1703419563
dhkthc.bocongan.gov.vn,Đại học Kỹ thuật - Hậu cần CAND,01/11/2023,Chứng nhận cơ bản,https://tinnhiemmang.vn/danh-ba-tin-nhiem/dhkthcbocongangovvn-1698822585
dhkthc.edu.vn,Đại học Kỹ thuật - Hậu cần CAND,01/11/2023,Chứng nhận cơ bản,https://tinnhiemmang.vn/danh-ba-tin-nhiem/dhkthceduvn-1698822582
dhpiza.danang.gov.vn,Ban quản lý Khu công nghệ cao và các Khu công nghiệp Đà Nẵng,25/11/2021,Chứng nhận cơ bản,https://tinnhiemmang.vn/danh-ba-tin-nhiem/dhpizadananggovvn-1637742970
dialinh.babe.gov.vn,"UBND xã Địa Linh, huyện Ba Bể, tỉnh Bắc Kạn",10/04/2024,Chứng nhận cơ bản,https://tinnhiemmang.vn/danh-ba-tin-nhiem/dialinhbabegovvn-1712637020
dichvucong-binhthanh.hochiminhcity.gov.vn,Ủy ban nhân dân quận Bình Thạnh thành phố Hồ Chí Minh,09/10/2023,Chứng nhận cơ bản,https://tinnhiemmang.vn/danh-ba-tin-nhiem/dichvucong-binhthanhhochiminhcitygovvn-1696834438
dichvucong.backan.gov.vn,UBND tỉnh Bắc Kạn,14/07/2022,Chứng nhận cơ bản,https://tinnhiemmang.vn/danh-ba-tin-nhiem/dichvucongbackangovvn-1625480574
dienan.dienkhanh.khanhhoa.gov.vn,UBND xã Diên An  tỉnh Khánh Hòa,14/07/2022,Chứng nhận cơ bản,https://tinnhiemmang.vn/danh-ba-tin-nhiem/dienandienkhanhkhanhhoagovvn-1626061103
dienbien.badinh.hanoi.gov.vn,"UBND phường Điện Biên, quận Ba Đình, Hà Nội",11/12/2023,Chứng nhận cơ bản,https://tinnhiemmang.vn/danh-ba-tin-nhiem/dienbienbadinhhanoigovvn-1702278546
dienbien.customs.gov.vn,Cục Hải quan tỉnh Điện Biên,11/08/2023,Chứng nhận cơ bản,https://tinnhiemmang.vn/danh-ba-tin-nhiem/dienbiencustomsgovvn-1691726755
dienbien.tpthanhhoa.thanhhoa.gov.vn,"UBND Phường Điện Biên, Thành phố Thanh Hóa, tỉnh Thanh Hóa",26/09/2024,Chứng nhận cơ bản,https://tinnhiemmang.vn/danh-ba-tin-nhiem/dienbientpthanhhoathanhhoagovvn-1727317812
diendien.dienkhanh.khanhhoa.gov.vn,"UBND xã Diên Điền - Diên Khánh, Khánh Hòa",14/07/2022,Chứng nhận cơ bản,https://tinnhiemmang.vn/danh-ba-tin-nhiem/diendiendienkhanhkhanhhoagovvn-1626060533
diendong.dienkhanh.khanhhoa.gov.vn,"UBND xã Diên Đồng - Diên Khánh, Khánh Hòa",14/07/2022,Chứng nhận cơ bản,https://tinnhiemmang.vn/danh-ba-tin-nhiem/diendongdienkhanhkhanhhoagovvn-1626060760
dienha.bathuoc.thanhhoa.gov.vn,"UBND Xã Điền Hạ, Huyện Bá Thước, tỉnh Thanh Hóa",21/08/2024,Chứng nhận cơ bản,https://tinnhiemmang.vn/danh-ba-tin-nhiem/dienhabathuocthanhhoagovvn-1724148538
dienhai.thuathienhue.gov.vn,"UBND xã Điền Hải, huyện Phong Điền, tỉnh Thừa Thiên Huế",19/07/2021,Chứng nhận cơ bản,https://tinnhiemmang.vn/danh-ba-tin-nhiem/dienhaithuathienhuegovvn-1626520911
dienhoa.dienkhanh.khanhhoa.gov.vn,UBND xã Diên Hòa  tỉnh Khánh Hòa,14/07/2022,Chứng nhận cơ bản,https://tinnhiemmang.vn/danh-ba-tin-nhiem/dienhoadienkhanhkhanhhoagovvn-1626061228
dienhoa.thuathienhue.gov.vn,"UBND Xã Điền Hòa, huyện Phong Điền, tỉnh Thừa Thiên Huế",19/07/2021,Chứng nhận cơ bản,https://tinnhiemmang.vn/danh-ba-tin-nhiem/dienhoathuathienhuegovvn-1626520997
dienhuong.thuathienhue.gov.vn,"UBND Xã Điền Hương, huyện Phong Điền, tỉnh Thừa Thiên Huế",19/07/2021,Chứng nhận cơ bản,https://tinnhiemmang.vn/danh-ba-tin-nhiem/dienhuongthuathienhuegovvn-1626521888
dienlac.dienkhanh.khanhhoa.gov.vn,UBND xã Diên Lạc tỉnh Khánh Hòa,14/07/2022,Chứng nhận cơ bản,https://tinnhiemmang.vn/danh-ba-tin-nhiem/dienlacdienkhanhkhanhhoagovvn-1626062220
dienlam.dienkhanh.khanhhoa.gov.vn,UBND xã Diên Lâm tỉnh Khánh Hòa,14/07/2022,Chứng nhận cơ bản,https://tinnhiemmang.vn/danh-ba-tin-nhiem/dienlamdienkhanhkhanhhoagovvn-1626148931
dienloc.thuathienhue.gov.vn,"UBND Xã Điền Lộc, huyện Phong Điền, tỉnh Thừa Thiên Huế",19/07/2021,Chứng nhận cơ bản,https://tinnhiemmang.vn/danh-ba-tin-nhiem/dienlocthuathienhuegovvn-1626521985
dienlu.bathuoc.thanhhoa.gov.vn,"UBND Xã Điền Lư, Huyện Bá Thước, tỉnh Thanh Hóa",21/08/2024,Chứng nhận cơ bản,https://tinnhiemmang.vn/danh-ba-tin-nhiem/dienlubathuocthanhhoagovvn-1724148498
dienmon.thuathienhue.gov.vn,"UBND Xã Điền Môn, huyện Phong Điền, tỉnh Thừa Thiên Huế",19/07/2021,Chứng nhận cơ bản,https://tinnhiemmang.vn/danh-ba-tin-nhiem/dienmonthuathienhuegovvn-1626522168
dienphu.dienkhanh.khanhhoa.gov.vn,UBND xã Diên Phước tỉnh Khánh Hòa,14/07/2022,Chứng nhận cơ bản,https://tinnhiemmang.vn/danh-ba-tin-nhiem/dienphudienkhanhkhanhhoagovvn-1626062099
dienphuoc.dienkhanh.khanhhoa.gov.vn,UBND xã Diên Phước tỉnh Khánh Hòa,14/07/2022,Chứng nhận cơ bản,https://tinnhiemmang.vn/danh-ba-tin-nhiem/dienphuocdienkhanhkhanhhoagovvn-1626061657
dienquang.bathuoc.thanhhoa.gov.vn,"UBND Xã Điền Quang, Huyện Bá Thước, tỉnh Thanh Hóa",21/08/2024,Chứng nhận cơ bản,https://tinnhiemmang.vn/danh-ba-tin-nhiem/dienquangbathuocthanhhoagovvn-1724148569
dienson.dienkhanh.khanhhoa.gov.vn,UBND xã Diên Sơn tỉnh Khánh Hòa,14/07/2022,Chứng nhận cơ bản,https://tinnhiemmang.vn/danh-ba-tin-nhiem/diensondienkhanhkhanhhoagovvn-1626061927
dientan.dienkhanh.khanhhoa.gov.vn,UBND xã Diên Tân tỉnh Khánh Hòa,14/07/2022,Chứng nhận cơ bản,https://tinnhiemmang.vn/danh-ba-tin-nhiem/dientandienkhanhkhanhhoagovvn-1626061770
dienthanh.dienkhanh.khanhhoa.gov.vn,UBND xã Diên Thạnh tỉnh Khánh Hòa,14/07/2022,Chứng nhận cơ bản,https://tinnhiemmang.vn/danh-ba-tin-nhiem/dienthanhdienkhanhkhanhhoagovvn-1626061848
dientho.dienkhanh.khanhhoa.gov.vn,"UBND xã Diên Thọ  - Diên Khánh, Khánh Hòa",14/07/2022,Chứng nhận cơ bản,https://tinnhiemmang.vn/danh-ba-tin-nhiem/dienthodienkhanhkhanhhoagovvn-1626060827
dienthuong.bathuoc.thanhhoa.gov.vn,"UBND Xã Điền Thượng, Huyện Bá Thước, tỉnh Thanh Hóa",21/08/2024,Chứng nhận cơ bản,https://tinnhiemmang.vn/danh-ba-tin-nhiem/dienthuongbathuocthanhhoagovvn-1724148600
dientoan.dienkhanh.khanhhoa.gov.vn,UBND xã Diên Toàn  tỉnh Khánh Hòa,14/07/2022,Chứng nhận cơ bản,https://tinnhiemmang.vn/danh-ba-tin-nhiem/dientoandienkhanhkhanhhoagovvn-1626060913
dientrung.bathuoc.thanhhoa.gov.vn,"UBND Xã Điền Trung, Huyện Bá Thước, tỉnh Thanh Hóa",21/08/2024,Chứng nhận cơ bản,https://tinnhiemmang.vn/danh-ba-tin-nhiem/dientrungbathuocthanhhoagovvn-1724149091
dienxuan.dienkhanh.khanhhoa.gov.vn,UBND xã Diên Xuân tỉnh Khánh Hòa,14/07/2022,Chứng nhận cơ bản,https://tinnhiemmang.vn/danh-ba-tin-nhiem/dienxuandienkhanhkhanhhoagovvn-1626061538
dieuluong.camkhe.phutho.gov.vn,UBND Xã Điêu Lương tỉnh Phú Thọ,03/10/2023,Chứng nhận cơ bản,https://tinnhiemmang.vn/danh-ba-tin-nhiem/dieuluongcamkhephuthogovvn-1696237809
dinhbinh.yendinh.thanhhoa.gov.vn,"UBND xã Định Bình, Huyện Yên Định, tỉnh Thanh Hóa",25/11/2024,Chứng nhận cơ bản,https://tinnhiemmang.vn/danh-ba-tin-nhiem/dinhbinhyendinhthanhhoagovvn-1732250126
dinhcong.hoangmai.hanoi.gov.vn,"UBND phường Định Công, quận Hoàng Mai, Hà Nội",11/12/2023,Chứng nhận cơ bản,https://tinnhiemmang.vn/danh-ba-tin-nhiem/dinhconghoangmaihanoigovvn-1702271590
dinhcong.yendinh.thanhhoa.gov.vn,"UBND xã Định Công, Huyện Yên Định, tỉnh Thanh Hóa",25/10/2024,Chứng nhận cơ bản,https://tinnhiemmang.vn/danh-ba-tin-nhiem/dinhcongyendinhthanhhoagovvn-1729824046
dinhhai.thixanghison.thanhhoa.gov.vn,"UBND xã Định Hải Thị xã Nghi Sơn, tỉnh Thanh Hóa",13/08/2024,Chứng nhận cơ bản,https://tinnhiemmang.vn/danh-ba-tin-nhiem/dinhhaithixanghisonthanhhoagovvn-1723521574
dinhhai.yendinh.thanhhoa.gov.vn,"UBND xã Định Hải, Huyện Yên Định, tỉnh Thanh Hóa",25/10/2024,Chứng nhận cơ bản,https://tinnhiemmang.vn/danh-ba-tin-nhiem/dinhhaiyendinhthanhhoagovvn-1729824114
dinhhoa.yendinh.thanhhoa.gov.vn,"UBND xã Định Hòa, Huyện Yên Định, tỉnh Thanh Hóa",25/11/2024,Chứng nhận cơ bản,https://tinnhiemmang.vn/danh-ba-tin-nhiem/dinhhoayendinhthanhhoagovvn-1732250093
dinhlien.yendinh.thanhhoa.gov.vn,"UBND xã Định Liên, Huyện Yên Định, tỉnh Thanh Hóa",25/10/2024,Chứng nhận cơ bản,https://tinnhiemmang.vn/danh-ba-tin-nhiem/dinhlienyendinhthanhhoagovvn-1729824010
dinhlong.yendinh.thanhhoa.gov.vn,"UBND xã Định Long, Huyện Yên Định, tỉnh Thanh Hóa",25/10/2024,Chứng nhận cơ bản,https://tinnhiemmang.vn/danh-ba-tin-nhiem/dinhlongyendinhthanhhoagovvn-1729823975
dinhmy.thoaison.angiang.gov.vn,UBND Xã Định Mỹ tỉnh An Giang,09/11/2023,Chứng nhận cơ bản,https://tinnhiemmang.vn/danh-ba-tin-nhiem/dinhmythoaisonangianggovvn-1699411482
dinhphong.trungkhanh.caobang.gov.vn,"UBND xã Đình Phong, huyện Trùng Khánh, Cao Bằng",25/12/2023,Chứng nhận cơ bản,https://tinnhiemmang.vn/danh-ba-tin-nhiem/dinhphongtrungkhanhcaobanggovvn-1703473857
dinhphung.baolac.caobang.gov.vn,"UBND xã Đình Phùng, huyện Bảo Lạc, Cao Bằng",25/12/2023,Chứng nhận cơ bản,https://tinnhiemmang.vn/danh-ba-tin-nhiem/dinhphungbaolaccaobanggovvn-1703475278
dinhtan.yendinh.thanhhoa.gov.vn,"UBND xã Định Tân, Huyện Yên Định, tỉnh Thanh Hóa",25/10/2024,Chứng nhận cơ bản,https://tinnhiemmang.vn/danh-ba-tin-nhiem/dinhtanyendinhthanhhoagovvn-1729824082
dinhthanh.thoaison.angiang.gov.vn,UBND Xã Định Thành tỉnh An Giang,09/11/2023,Chứng nhận cơ bản,https://tinnhiemmang.vn/danh-ba-tin-nhiem/dinhthanhthoaisonangianggovvn-1699412092
dinhthanh.yendinh.thanhhoa.gov.vn,"UBND xã Định Thành, Huyện Yên Định, tỉnh Thanh Hóa",25/11/2024,Chứng nhận cơ bản,https://tinnhiemmang.vn/danh-ba-tin-nhiem/dinhthanhyendinhthanhhoagovvn-1732250159
dinhxuyen.gialam.hanoi.gov.vn,"UBND xã Đình Xuyên, Gia Lâm, Hà Nội",11/11/2024,Chứng nhận cơ bản,https://tinnhiemmang.vn/danh-ba-tin-nhiem/dinhxuyengialamhanoigovvn-1731050463
diza.dongnai.gov.vn,Ban Quản lý các Khu công nghiệp Đồng Nai,26/09/2023,Chứng nhận cơ bản,https://tinnhiemmang.vn/danh-ba-tin-nhiem/dizadongnaigovvn-1695720520
dkkdcaphuyen.thuathienhue.gov.vn,Sở Kế hoạch và Đầu tư tỉnh Thừa Thiên Huế,14/07/2021,Chứng nhận cơ bản,https://tinnhiemmang.vn/danh-ba-tin-nhiem/dkkdcaphuyenthuathienhuegovvn-1626246727
dkkm.dongnai.gov.vn,Sở Công Thương tỉnh Đồng Nai,26/09/2023,Chứng nhận cơ bản,https://tinnhiemmang.vn/danh-ba-tin-nhiem/dkkmdongnaigovvn-1695719819
dlct.dongnai.gov.vn,Dữ liệu công thương - Sở Công thương tỉnh Đồng Nai,21/02/2024,Chứng nhận cơ bản,https://tinnhiemmang.vn/danh-ba-tin-nhiem/dlctdongnaigovvn-1708500550
doaiduong.trungkhanh.caobang.gov.vn,"UBND xã Đoài Dương, huyện Trùng Khánh, Cao Bằng",25/12/2023,Chứng nhận cơ bản,https://tinnhiemmang.vn/danh-ba-tin-nhiem/doaiduongtrungkhanhcaobanggovvn-1703473899
doancqvadn.thuathienhue.gov.vn,Đoàn TNCS HCM Khối cơ quan và doanh nghiệp tỉnh Thừa Thiên Huế,15/07/2021,Chứng nhận cơ bản,https://tinnhiemmang.vn/danh-ba-tin-nhiem/doancqvadnthuathienhuegovvn-1626255047
doandcd.cantho.gov.vn,Đoàn khối cơ quan Dân Chính Đảng TP Cần Thơ,16/11/2021,Chứng nhận cơ bản,https://tinnhiemmang.vn/danh-ba-tin-nhiem/doandcdcanthogovvn-1636959222
doanthanhnienbackan.vn,Tỉnh đoàn Bắc Kạn,03/05/2024,Chứng nhận cơ bản,https://tinnhiemmang.vn/danh-ba-tin-nhiem/doanthanhnienbackanvn-1714644170
doclap.quanghoa.caobang.gov.vn,"UBND xã Độc Lập, huyện Quảng Hòa, Cao Bằng",25/12/2023,Chứng nhận cơ bản,https://tinnhiemmang.vn/danh-ba-tin-nhiem/doclapquanghoacaobanggovvn-1703218091
doctin.myduc.hanoi.gov.vn,"UBND xã Đốc Tín, Hà Nội",20/06/2024,Chứng nhận cơ bản,https://tinnhiemmang.vn/danh-ba-tin-nhiem/doctinmyduchanoigovvn-1718872143
dodong.thanhoai.hanoi.gov.vn,"UBND xã Đỗ Động, Thanh Oai, Hà Nội",11/12/2023,Chứng nhận cơ bản,https://tinnhiemmang.vn/danh-ba-tin-nhiem/dodongthanhoaihanoigovvn-1702274036
doican.badinh.hanoi.gov.vn,"UBND phường Đội Cấn, quận Ba Đình, Hà Nội",11/12/2023,Chứng nhận cơ bản,https://tinnhiemmang.vn/danh-ba-tin-nhiem/doicanbadinhhanoigovvn-1702278594
dongba.thuathienhue.gov.vn,"UBND phường Đông Ba, tỉnh Thừa Thiên Huế",30/12/2021,Chứng nhận cơ bản,https://tinnhiemmang.vn/danh-ba-tin-nhiem/dongbathuathienhuegovvn-1640838001
dongbinh.vinhlong.gov.vn,UBND xã Đông Bình tỉnh Vĩnh Long,14/07/2021,Chứng nhận cơ bản,https://tinnhiemmang.vn/danh-ba-tin-nhiem/dongbinhvinhlonggovvn-1625917820
dongcuong.tpthanhhoa.thanhhoa.gov.vn,"UBND Phường Đông Cương, Thành phố Thanh Hóa, tỉnh Thanh Hóa",26/09/2024,Chứng nhận cơ bản,https://tinnhiemmang.vn/danh-ba-tin-nhiem/dongcuongtpthanhhoathanhhoagovvn-1727317975
dongdu.gialam.hanoi.gov.vn,"UBND xã Đông Dư, Gia Lâm, Hà Nội",11/11/2024,Chứng nhận cơ bản,https://tinnhiemmang.vn/danh-ba-tin-nhiem/dongdugialamhanoigovvn-1731049792
donghai.tpthanhhoa.thanhhoa.gov.vn,"UBND Phường Đông Hải, Thành phố Thanh Hóa, tỉnh Thanh Hóa",26/09/2024,Chứng nhận cơ bản,https://tinnhiemmang.vn/danh-ba-tin-nhiem/donghaitpthanhhoathanhhoagovvn-1727318129
donghoa.dongson.thanhhoa.gov.vn,UBND xã Đông Hoà tỉnh Thanh Hóa,29/05/2024,Chứng nhận cơ bản,https://tinnhiemmang.vn/danh-ba-tin-nhiem/donghoadongsonthanhhoagovvn-1716967213
donghoa.kienan.haiphong.gov.vn,"UBND phường Đồng Hòa, quận Kiến An, thành phố Hải Phòng",23/02/2024,Chứng nhận cơ bản,https://tinnhiemmang.vn/danh-ba-tin-nhiem/donghoakienanhaiphonggovvn-1708586882
donghoang.dongson.thanhhoa.gov.vn,UBND xã Đông Hoàng tỉnh Thanh Hóa,29/05/2024,Chứng nhận cơ bản,https://tinnhiemmang.vn/danh-ba-tin-nhiem/donghoangdongsonthanhhoagovvn-1716966866
donghoi.donganh.hanoi.gov.vn,"UBND xã Đông Hội, Hà Nội",20/06/2024,Chứng nhận cơ bản,https://tinnhiemmang.vn/danh-ba-tin-nhiem/donghoidonganhhanoigovvn-1718867379
donghuong.tpthanhhoa.thanhhoa.gov.vn,"UBND Phường Đông Hương, Thành phố Thanh Hóa, tỉnh Thanh Hóa",26/09/2024,Chứng nhận cơ bản,https://tinnhiemmang.vn/danh-ba-tin-nhiem/donghuongtpthanhhoathanhhoagovvn-1727318172
dongkhe.dongson.thanhhoa.gov.vn,UBND xã Đông Khê tỉnh Thanh Hóa,29/05/2024,Chứng nhận cơ bản,https://tinnhiemmang.vn/danh-ba-tin-nhiem/dongkhedongsonthanhhoagovvn-1716966535
dongkhe.thachan.caobang.gov.vn,"UBND Thị trấn Đông Khê, huyện Thạch An, Cao Bằng",25/12/2023,Chứng nhận cơ bản,https://tinnhiemmang.vn/danh-ba-tin-nhiem/dongkhethachancaobanggovvn-1703218680
donglac.chodon.backan.gov.vn,Uỷ ban nhân dân xã Đồng Lạc tỉnh Bắc Kạn,10/04/2024,Chứng nhận cơ bản,https://tinnhiemmang.vn/danh-ba-tin-nhiem/donglacchodonbackangovvn-1712712570
donglac.chodon.gov.vn,"Uỷ ban nhân dân xã Đồng Lạc, tỉnh Bắc Kạn",24/05/2022,Chứng nhận cơ bản,https://tinnhiemmang.vn/danh-ba-tin-nhiem/donglacchodongovvn-1650424505
donglo-unghoa.thudo.gov.vn,"UBND Xã Đông Lỗ, Hà Nội",17/12/2024,Chứng nhận cơ bản,https://tinnhiemmang.vn/danh-ba-tin-nhiem/donglo-unghoathudogovvn-1734401821
dongloan.halang.caobang.gov.vn,"UBND xã Đồng Loan, huyện Hạ Lang, Cao Bằng",25/12/2023,Chứng nhận cơ bản,https://tinnhiemmang.vn/danh-ba-tin-nhiem/dongloanhalangcaobanggovvn-1703475088
dongloc.hauloc.thanhhoa.gov.vn,"UBND xã Đồng Lộc, Huyện Hậu Lộc, tỉnh Thanh Hóa",21/08/2024,Chứng nhận cơ bản,https://tinnhiemmang.vn/danh-ba-tin-nhiem/donglochaulocthanhhoagovvn-1724210351
dongloi.trieuson.thanhhoa.gov.vn,"UBND Xã Đồng Lợi, tỉnh Thanh Hóa",17/01/2024,Chứng nhận cơ bản,https://tinnhiemmang.vn/danh-ba-tin-nhiem/dongloitrieusonthanhhoagovvn-1705459278
dongluong.langchanh.thanhhoa.gov.vn,UBND xã Đồng Lương tỉnh Thanh Hóa,10/04/2024,Chứng nhận cơ bản,https://tinnhiemmang.vn/danh-ba-tin-nhiem/dongluonglangchanhthanhhoagovvn-1712732769
dongmac.haibatrung.hanoi.gov.vn,UBND phường Đống Mác quận Hai Bà Trưng Hà Nội,10/05/2023,Chứng nhận cơ bản,https://tinnhiemmang.vn/danh-ba-tin-nhiem/dongmachaibatrunghanoigovvn-1683605053
dongminh.dongson.thanhhoa.gov.vn,UBND xã Đông Minh tỉnh Thanh Hóa,29/05/2024,Chứng nhận cơ bản,https://tinnhiemmang.vn/danh-ba-tin-nhiem/dongminhdongsonthanhhoagovvn-1716966748
dongmy.thanhtri.hanoi.gov.vn,"UBND Xã Đông Mỹ huyện Thanh Trì, Hà Nội",10/05/2023,Chứng nhận cơ bản,https://tinnhiemmang.vn/danh-ba-tin-nhiem/dongmythanhtrihanoigovvn-1683710041
dongnai.customs.gov.vn,Cục Hải quan tỉnh Đồng Nai,11/08/2023,Chứng nhận cơ bản,https://tinnhiemmang.vn/danh-ba-tin-nhiem/dongnaicustomsgovvn-1691728422
dongnam.dongson.thanhhoa.gov.vn,UBND xã Đông Nam tỉnh Thanh Hóa,29/05/2024,Chứng nhận cơ bản,https://tinnhiemmang.vn/danh-ba-tin-nhiem/dongnamdongsonthanhhoagovvn-1716966826
dongngac.bactuliem.hanoi.gov.vn,"UBND phường Đông Ngạc  quận Bắc Từ Liêm, thành phố Hà Nội",10/05/2023,Chứng nhận cơ bản,https://tinnhiemmang.vn/danh-ba-tin-nhiem/dongngacbactuliemhanoigovvn-1683630163
dongnhan.haibatrung.hanoi.gov.vn,UBND Phường Đồng Nhân quận Hai Bà Trưng Hà Nội,10/05/2023,Chứng nhận cơ bản,https://tinnhiemmang.vn/danh-ba-tin-nhiem/dongnhanhaibatrunghanoigovvn-1683605176
dongninh.dongson.thanhhoa.gov.vn,UBND xã Đông Ninh tỉnh Thanh Hóa,29/05/2024,Chứng nhận cơ bản,https://tinnhiemmang.vn/danh-ba-tin-nhiem/dongninhdongsonthanhhoagovvn-1716967414
dongphu.dongson.thanhhoa.gov.vn,UBND xã Đông Phú tỉnh Thanh Hóa,29/05/2024,Chứng nhận cơ bản,https://tinnhiemmang.vn/danh-ba-tin-nhiem/dongphudongsonthanhhoagovvn-1716967494
dongphu.vinhlong.gov.vn,UBND xã Đồng Phú tỉnh Vĩnh Long,14/07/2021,Chứng nhận cơ bản,https://tinnhiemmang.vn/danh-ba-tin-nhiem/dongphuvinhlonggovvn-1625918092
dongphuc.babe.gov.vn,"UBND xã Đồng Phúc, huyện Ba Bể, tỉnh Bắc Kạn",10/04/2024,Chứng nhận cơ bản,https://tinnhiemmang.vn/danh-ba-tin-nhiem/dongphucbabegovvn-1712637842
dongquang-quocoai.thudo.gov.vn,"UBND xã Đồng Quang, Hà Nội",22/11/2024,Chứng nhận cơ bản,https://tinnhiemmang.vn/danh-ba-tin-nhiem/dongquang-quocoaithudogovvn-1732084646
dongquang.dongson.thanhhoa.gov.vn,UBND xã Đông Quang tỉnh Thanh Hóa,29/05/2024,Chứng nhận cơ bản,https://tinnhiemmang.vn/danh-ba-tin-nhiem/dongquangdongsonthanhhoagovvn-1716967377
dongson.bimson.thanhhoa.gov.vn,UBND phường Đông Sơn tỉnh Thanh Hóa,29/05/2024,Chứng nhận cơ bản,https://tinnhiemmang.vn/danh-ba-tin-nhiem/dongsonbimsonthanhhoagovvn-1716892640
dongson.thuathienhue.gov.vn,"UBND Xã Đông Sơn, huyện A Lưới, tỉnh Thừa Thiên Huế",19/07/2021,Chứng nhận cơ bản,https://tinnhiemmang.vn/danh-ba-tin-nhiem/dongsonthuathienhuegovvn-1626523307
dongson.tpthanhhoa.thanhhoa.gov.vn,"UBND Phường Đông Sơn, Thành phố Thanh Hóa, tỉnh Thanh Hóa",26/09/2024,Chứng nhận cơ bản,https://tinnhiemmang.vn/danh-ba-tin-nhiem/dongsontpthanhhoathanhhoagovvn-1727318204
dongtam.chomoi.gov.vn,UBND huyện Chợ Mới tỉnh Bắc Kạn,10/04/2024,Chứng nhận cơ bản,https://tinnhiemmang.vn/danh-ba-tin-nhiem/dongtamchomoigovvn-1712635484
dongtam.haibatrung.hanoi.gov.vn,UBND phường Đồng Tâm quận Hai Bà Trưng Hà Nội,10/05/2023,Chứng nhận cơ bản,https://tinnhiemmang.vn/danh-ba-tin-nhiem/dongtamhaibatrunghanoigovvn-1683605298
dongtam.myduc.hanoi.gov.vn,"UBND Xã Đồng Tâm, Hà Nội",20/06/2024,Chứng nhận cơ bản,https://tinnhiemmang.vn/danh-ba-tin-nhiem/dongtammyduchanoigovvn-1718870885
dongtan-unghoa.thudo.gov.vn,"UBND Xã Đồng Tân, Hà Nội",17/12/2024,Chứng nhận cơ bản,https://tinnhiemmang.vn/danh-ba-tin-nhiem/dongtan-unghoathudogovvn-1734402287
dongthang.chodon.gov.vn,"Uỷ ban nhân dân xã Đồng Thắng, tỉnh Bắc Kạn",15/07/2022,Chứng nhận cơ bản,https://tinnhiemmang.vn/danh-ba-tin-nhiem/dongthangchodongovvn-1650423218
dongthang.trieuson.thanhhoa.gov.vn,"UBND Xã Đồng Thắng, tỉnh Thanh Hóa",17/01/2024,Chứng nhận cơ bản,https://tinnhiemmang.vn/danh-ba-tin-nhiem/dongthangtrieusonthanhhoagovvn-1705459321
dongthanh.dongson.thanhhoa.gov.vn,UBND xã Đông Thanh tỉnh Thanh hóa,29/05/2024,Chứng nhận cơ bản,https://tinnhiemmang.vn/danh-ba-tin-nhiem/dongthanhdongsonthanhhoagovvn-1716967298
dongthanh1.vinhlong.gov.vn,UBND xã Đông Thành tỉnh Vĩnh Long,14/07/2021,Chứng nhận cơ bản,https://tinnhiemmang.vn/danh-ba-tin-nhiem/dongthanh1vinhlonggovvn-1625917831
dongthanh2.vinhlong.gov.vn,UBND xã Đông Thạnh tỉnh Vĩnh Long,14/07/2021,Chứng nhận cơ bản,https://tinnhiemmang.vn/danh-ba-tin-nhiem/dongthanh2vinhlonggovvn-1625917857
dongthap.customs.gov.vn,Cục Hải quan tỉnh Đồng Tháp,11/08/2023,Chứng nhận cơ bản,https://tinnhiemmang.vn/danh-ba-tin-nhiem/dongthapcustomsgovvn-1691727895
dongthap.danphuong.hanoi.gov.vn,"UBND xã Đồng Tháp huyện Đan Phượng, Hà Nội",10/05/2023,Chứng nhận cơ bản,https://tinnhiemmang.vn/danh-ba-tin-nhiem/dongthapdanphuonghanoigovvn-1683622774
dongthapbssc.vn,Khởi Nghiệp tỉnh Đồng Tháp,22/11/2021,Chứng nhận cơ bản,https://tinnhiemmang.vn/danh-ba-tin-nhiem/dongthapbsscvn-1637570053
dongthinh.dongson.thanhhoa.gov.vn,UBND xã Đông Thịnh tỉnh Thanh Hóa,29/05/2024,Chứng nhận cơ bản,https://tinnhiemmang.vn/danh-ba-tin-nhiem/dongthinhdongsonthanhhoagovvn-1716966788
dongthinh.ngoclac.thanhhoa.gov.vn,UBND xã Đồng Thịnh tỉnh Thanh Hóa,29/05/2024,Chứng nhận cơ bản,https://tinnhiemmang.vn/danh-ba-tin-nhiem/dongthinhngoclacthanhhoagovvn-1716890888
dongtho.tpthanhhoa.thanhhoa.gov.vn,"UBND Phường Đông Thọ, Thành phố Thanh Hóa, tỉnh Thanh Hóa",26/09/2024,Chứng nhận cơ bản,https://tinnhiemmang.vn/danh-ba-tin-nhiem/dongthotpthanhhoathanhhoagovvn-1727317848
dongthuan.vinhlong.gov.vn,UBND phường Đông Thuận tỉnh Vĩnh Long,14/07/2021,Chứng nhận cơ bản,https://tinnhiemmang.vn/danh-ba-tin-nhiem/dongthuanvinhlonggovvn-1625917805
dongtien.dongson.thanhhoa.gov.vn,UBND xã Đông Tiến tỉnh Thanh Hóa,29/05/2024,Chứng nhận cơ bản,https://tinnhiemmang.vn/danh-ba-tin-nhiem/dongtiendongsonthanhhoagovvn-1716966496
dongtien.trieuson.thanhhoa.gov.vn,"UBND Xã Đồng Tiến, tỉnh Thanh Hóa",17/01/2024,Chứng nhận cơ bản,https://tinnhiemmang.vn/danh-ba-tin-nhiem/dongtientrieusonthanhhoagovvn-1705459367
dongvan.dongson.thanhhoa.gov.vn,UBND xã Đông Văn tỉnh Thanh Hóa,29/05/2024,Chứng nhận cơ bản,https://tinnhiemmang.vn/danh-ba-tin-nhiem/dongvandongsonthanhhoagovvn-1716967337
dongxuan-quocoai.thudo.gov.vn,"UBND xã Đông Xuân, huyện Quốc Oai, Hà Nội",22/11/2024,Chứng nhận cơ bản,https://tinnhiemmang.vn/danh-ba-tin-nhiem/dongxuan-quocoaithudogovvn-1732085072
dongxuyen.longxuyen.angiang.gov.vn,UBND Phường Đông Xuyên tỉnh An Giang,09/11/2023,Chứng nhận cơ bản,https://tinnhiemmang.vn/danh-ba-tin-nhiem/dongxuyenlongxuyenangianggovvn-1699362721
dongyen-quocoai.thudo.gov.vn,"UBND xã Đông Yên, huyện Quốc Oai, Hà Nội",22/11/2024,Chứng nhận cơ bản,https://tinnhiemmang.vn/danh-ba-tin-nhiem/dongyen-quocoaithudogovvn-1732084881
dongyen.dongson.thanhhoa.gov.vn,UBND xã Đông Yên,29/05/2024,Chứng nhận cơ bản,https://tinnhiemmang.vn/danh-ba-tin-nhiem/dongyendongsonthanhhoagovvn-1716967455
donphong.bachthong.gov.vn,UBND xã Đôn Phong tỉnh Bắc Kạn,10/04/2024,Chứng nhận cơ bản,https://tinnhiemmang.vn/danh-ba-tin-nhiem/donphongbachthonggovvn-1712714205
dotip.dongthap.gov.vn,Trung tâm XTTMDLĐT tỉnh Đồng Tháp,22/11/2021,Chứng nhận cơ bản,https://tinnhiemmang.vn/danh-ba-tin-nhiem/dotipdongthapgovvn-1637557517
dpi.danang.gov.vn,Sở Kế hoạch và Đầu tư Đà Nẵng,24/11/2021,Chứng nhận cơ bản,https://tinnhiemmang.vn/danh-ba-tin-nhiem/dpidananggovvn-1637729583
dpi.phutho.gov.vn,Sở Kế hoạch và Đầu tư tỉnh Phú Thọ,03/10/2023,Chứng nhận cơ bản,https://tinnhiemmang.vn/danh-ba-tin-nhiem/dpiphuthogovvn-1696235083
drg.moh.gov.vn,Bộ Y tế,14/07/2022,Chứng nhận cơ bản,https://tinnhiemmang.vn/danh-ba-tin-nhiem/drgmohgovvn-1626078863
dtntbinhdinh.edu.vn,"Trường PTDTNT THPT Bình Định, tỉnh Bình Định",10/08/2023,Chứng nhận cơ bản,https://tinnhiemmang.vn/danh-ba-tin-nhiem/dtntbinhdinheduvn-1691577327
duchanh.baolam.caobang.gov.vn,"UBND xã Đức Hạnh, huyện Bảo Lâm, Cao Bằng",25/12/2023,Chứng nhận cơ bản,https://tinnhiemmang.vn/danh-ba-tin-nhiem/duchanhbaolamcaobanggovvn-1703419906
duchong.trungkhanh.caobang.gov.vn,"UBND xã Đức Hồng, huyện Trùng Khánh, Cao Bằng",25/12/2023,Chứng nhận cơ bản,https://tinnhiemmang.vn/danh-ba-tin-nhiem/duchongtrungkhanhcaobanggovvn-1703473935
duclong.hoaan.caobang.gov.vn,"UBND xã Đức Long, huyện Hòa An, Cao Bằng",25/12/2023,Chứng nhận cơ bản,https://tinnhiemmang.vn/danh-ba-tin-nhiem/duclonghoaancaobanggovvn-1703476366
duclong.thachan.caobang.gov.vn,"UBND xã Đức Long, huyện Thạch An, Cao Bằng",25/12/2023,Chứng nhận cơ bản,https://tinnhiemmang.vn/danh-ba-tin-nhiem/duclongthachancaobanggovvn-1703218721
ducquang.halang.caobang.gov.vn,"UBND xã Đức Quang, huyện Hạ Lang, Cao Bằng",25/12/2023,Chứng nhận cơ bản,https://tinnhiemmang.vn/danh-ba-tin-nhiem/ducquanghalangcaobanggovvn-1703474745
ducthang.bactuliem.hanoi.gov.vn,"UBND phường Đức Thắng quận Bắc Từ Liêm, thành phố Hà Nội",10/05/2023,Chứng nhận cơ bản,https://tinnhiemmang.vn/danh-ba-tin-nhiem/ducthangbactuliemhanoigovvn-1683629937
ducthong.thachan.caobang.gov.vn,"UBND xã Đức Thông, huyện Thạch An, Cao Bằng",25/12/2023,Chứng nhận cơ bản,https://tinnhiemmang.vn/danh-ba-tin-nhiem/ducthongthachancaobanggovvn-1703218767
ductu.donganh.hanoi.gov.vn,"UBND xã Dục Tú, Hà Nội",20/06/2024,Chứng nhận cơ bản,https://tinnhiemmang.vn/danh-ba-tin-nhiem/ductudonganhhanoigovvn-1718868218
ducxuan.backancity.gov.vn,Uỷ ban nhân dân phường Đức Xuân tỉnh Bắc Kạn,10/04/2024,Chứng nhận cơ bản,https://tinnhiemmang.vn/danh-ba-tin-nhiem/ducxuanbackancitygovvn-1712714631
ducxuan.thachan.caobang.gov.vn,"UBND xã Đức Xuân, huyện Thạch An, Cao Bằng",25/12/2023,Chứng nhận cơ bản,https://tinnhiemmang.vn/danh-ba-tin-nhiem/ducxuanthachancaobanggovvn-1703218807
dudnkhanhhoa.vn,Đảng ủy Khối Doanh nghiệp tỉnh Khánh Hòa,27/06/2024,Chứng nhận cơ bản,https://tinnhiemmang.vn/danh-ba-tin-nhiem/dudnkhanhhoavn-1718250283
dukccq.vinhlong.gov.vn,Sở Thông tin và Truyền thông Vĩnh Long,01/07/2021,Chứng nhận cơ bản,https://tinnhiemmang.vn/danh-ba-tin-nhiem/dukccqvinhlonggovvn-1625054126
dulich.camxuyen.hatinh.gov.vn,UBND huyện Cẩm Xuyên,22/04/2024,Chứng nhận cơ bản,https://tinnhiemmang.vn/danh-ba-tin-nhiem/dulichcamxuyenhatinhgovvn-1713750677
dulichcampha.vn,"Phòng Văn hoá và Thông tin thành phố Cẩm Phả, tỉnh Quảng Ninh",18/11/2021,Chứng nhận cơ bản,https://tinnhiemmang.vn/danh-ba-tin-nhiem/dulichcamphavn-1637165457
dulichdongtrieu.vn,"Phòng Văn hóa và Thông tin thị xã Đông Triều, tỉnh Quảng Ninh",18/11/2021,Chứng nhận cơ bản,https://tinnhiemmang.vn/danh-ba-tin-nhiem/dulichdongtrieuvn-1637163684
dulichlamha.com.vn,"ủy ban nhân dân huyện Lâm Hà, Lâm Đồng",24/02/2025,Chứng nhận cơ bản,https://tinnhiemmang.vn/danh-ba-tin-nhiem/dulichlamhacomvn-1738741975
dulichnuisam.vn,Ban quản lý khu du lịch quốc gia Núi Sam tỉnh An Giang,09/11/2023,Chứng nhận cơ bản,https://tinnhiemmang.vn/danh-ba-tin-nhiem/dulichnuisamvn-1699412412
dulichphuloc.thuathienhue.gov.vn,"Ủy ban nhân dân huyện Phú Lộc, tỉnh Thừa Thiên Huế",15/07/2021,Chứng nhận cơ bản,https://tinnhiemmang.vn/danh-ba-tin-nhiem/dulichphulocthuathienhuegovvn-1626255096
dulichsamson.gov.vn,"Trung tâm Văn hóa, Thông tin, Thể thao và Du lịch Sầm Sơn tỉnh Thanh Hóa",10/04/2024,Chứng nhận cơ bản,https://tinnhiemmang.vn/danh-ba-tin-nhiem/dulichsamsongovvn-1712731173
dulieucungcaukhcn.thuathienhue.gov.vn,Sở Khoa học và Công nghệ tỉnh Thừa Thiên Huế,15/07/2021,Chứng nhận cơ bản,https://tinnhiemmang.vn/danh-ba-tin-nhiem/dulieucungcaukhcnthuathienhuegovvn-1626255137
duongbo.vn,Tổng cục Đường bộ Việt Nam,11/08/2021,Chứng nhận cơ bản,https://tinnhiemmang.vn/danh-ba-tin-nhiem/duongbovn-1628680561
duongha.gialam.hanoi.gov.vn,"UBND xã Dương Hà, Gia Lâm, Hà Nội",11/11/2024,Chứng nhận cơ bản,https://tinnhiemmang.vn/danh-ba-tin-nhiem/duonghagialamhanoigovvn-1731050781
duonghoa.thuathienhue.gov.vn,"UBND xã Dương Hòa, thị xã Hương Thủy, tỉnh Thừa Thiên Huế",19/07/2021,Chứng nhận cơ bản,https://tinnhiemmang.vn/danh-ba-tin-nhiem/duonghoathuathienhuegovvn-1626524222
duonglam.sontay.hanoi.gov.vn,"UBND xã Đường Lâm, thị xã Sơn Tây, Hà Nội",27/11/2024,Chứng nhận cơ bản,https://tinnhiemmang.vn/danh-ba-tin-nhiem/duonglamsontayhanoigovvn-1732682616
duongphong.bachthong.gov.vn,UBND xã Dương Phong tỉnh Bắc Kạn,10/04/2024,Chứng nhận cơ bản,https://tinnhiemmang.vn/danh-ba-tin-nhiem/duongphongbachthonggovvn-1712713880
duongquang.backancity.gov.vn,Ủy ban nhân dân xã Dương Quang tỉnh Bắc Kạn,10/04/2024,Chứng nhận cơ bản,https://tinnhiemmang.vn/danh-ba-tin-nhiem/duongquangbackancitygovvn-1712714674
duongquang.gialam.hanoi.gov.vn,"UBND xã Dương Quang, huyện Gia Lâm, Hà Nội",27/11/2024,Chứng nhận cơ bản,https://tinnhiemmang.vn/danh-ba-tin-nhiem/duongquanggialamhanoigovvn-1732682913
duongxa.gialam.hanoi.gov.vn,"UBND xã Dương Xá, Gia Lâm, Hà Nội",11/11/2024,Chứng nhận cơ bản,https://tinnhiemmang.vn/danh-ba-tin-nhiem/duongxagialamhanoigovvn-1731049531
duyenha.thanhtri.hanoi.gov.vn,"UBND Xã Duyên Hà huyện Thanh Trì, Hà Nội",10/05/2023,Chứng nhận cơ bản,https://tinnhiemmang.vn/danh-ba-tin-nhiem/duyenhathanhtrihanoigovvn-1683709042
duyettrung.ubndtp.caobang.gov.vn,"UBND phường Duyệt Trung, Thành phố Cao Bằng",25/12/2023,Chứng nhận cơ bản,https://tinnhiemmang.vn/danh-ba-tin-nhiem/duyettrungubndtpcaobanggovvn-1703419674
dvc-quan7.tphcm.gov.vn,Ủy ban nhân dân Quận 7 - Thành phố Hồ Chí Minh,09/10/2023,Chứng nhận cơ bản,https://tinnhiemmang.vn/danh-ba-tin-nhiem/dvc-quan7tphcmgovvn-1696834287
eform.thuathienhue.gov.vn,UBND tỉnh Thừa Thiên Huế,21/07/2021,Chứng nhận cơ bản,https://tinnhiemmang.vn/danh-ba-tin-nhiem/eformthuathienhuegovvn-1626846505
egov.thuathienhue.gov.vn,UBND tỉnh Thừa Thiên Huế,21/07/2021,Chứng nhận cơ bản,https://tinnhiemmang.vn/danh-ba-tin-nhiem/egovthuathienhuegovvn-1626846512
elearning.truonghaiquan.edu.vn,Trường Hải quan Việt Nam,11/08/2023,Chứng nhận cơ bản,https://tinnhiemmang.vn/danh-ba-tin-nhiem/elearningtruonghaiquaneduvn-1691728526
emeeting.thuathienhue.gov.vn,Sở Thông tin và Truyền thông tỉnh Thừa Thiên Huế,20/07/2021,Chứng nhận cơ bản,https://tinnhiemmang.vn/danh-ba-tin-nhiem/emeetingthuathienhuegovvn-1626776233
ems.thuathienhue.gov.vn,Sở Thông tin và Truyền thông tỉnh Thừa Thiên Huế,20/07/2021,Chứng nhận cơ bản,https://tinnhiemmang.vn/danh-ba-tin-nhiem/emsthuathienhuegovvn-1626776293
en-lideehaus.com,CÔNG TY TNHH LIDEE HAUS,10/10/2022,Chứng nhận cơ bản,https://tinnhiemmang.vn/danh-ba-tin-nhiem/en-lideehauscom-1665391963
ep.thuathienhue.gov.vn,Sở Thông tin và Truyền thông tỉnh Thừa Thiên Huế,20/07/2021,Chứng nhận cơ bản,https://tinnhiemmang.vn/danh-ba-tin-nhiem/epthuathienhuegovvn-1626776252
erp.5ky.vn,Công Ty TNHH Thẩm Mỹ Viện Auto Năm Kỹ,12/08/2022,Chứng nhận cơ bản,https://tinnhiemmang.vn/danh-ba-tin-nhiem/erp5kyvn-1658717796
esb.thuathienhue.gov.vn,Sở Thông tin và Truyền thông tỉnh Thừa Thiên Huế,19/07/2021,Chứng nhận cơ bản,https://tinnhiemmang.vn/danh-ba-tin-nhiem/esbthuathienhuegovvn-1626519320
fad.danang.gov.vn,Sở Ngoại vụ Đà Nẵng,24/11/2021,Chứng nhận cơ bản,https://tinnhiemmang.vn/danh-ba-tin-nhiem/faddananggovvn-1637730326
fahatech.com,Công Ty TNHH Fahatech,25/05/2022,Chứng nhận cơ bản,https://tinnhiemmang.vn/danh-ba-tin-nhiem/fahatechcom-1652067265
fosda.thuathienhue.gov.vn,Hội Chủ rừng Phát triển bền vững tỉnh Thừa Thiên Huế,15/07/2021,Chứng nhận cơ bản,https://tinnhiemmang.vn/danh-ba-tin-nhiem/fosdathuathienhuegovvn-1626315438
fta.moit.gov.vn,Vụ Chính chính sách thương mại Đa Biên – Bộ Công Thương,17/01/2022,Chứng nhận cơ bản,https://tinnhiemmang.vn/danh-ba-tin-nhiem/ftamoitgovvn-1642154578
gdpl.vn,Công ty TNHH Một thành viên Truyền hình Giáo dục và Pháp luật,03/12/2021,Chứng nhận cơ bản,https://tinnhiemmang.vn/danh-ba-tin-nhiem/gdplvn-1638504583
gdtxbinhdinh.edu.vn,Trung tâm Giáo dục thường xuyên tỉnh Bình Định,07/06/2023,Chứng nhận cơ bản,https://tinnhiemmang.vn/danh-ba-tin-nhiem/gdtxbinhdinheduvn-1686127222
giahoi.thuathienhue.gov.vn,"UBND phường Gia Hội, tỉnh Thừa Thiên Huế",30/12/2021,Chứng nhận cơ bản,https://tinnhiemmang.vn/danh-ba-tin-nhiem/giahoithuathienhuegovvn-1640837880
gialaikontum.customs.gov.vn,Cục Hải quan Gia Lai- Kon Tum,11/08/2023,Chứng nhận cơ bản,https://tinnhiemmang.vn/danh-ba-tin-nhiem/gialaikontumcustomsgovvn-1691727681
gianghai.thuathienhue.gov.vn,"UBND Xã Giang Hải, huyện Phú Lộc, tỉnh Thừa Thiên Huế",19/07/2021,Chứng nhận cơ bản,https://tinnhiemmang.vn/danh-ba-tin-nhiem/gianghaithuathienhuegovvn-1626524299
giangly.khanhvinh.khanhhoa.gov.vn,UBND xã Giang Ly tỉnh Khánh Hòa,14/07/2022,Chứng nhận cơ bản,https://tinnhiemmang.vn/danh-ba-tin-nhiem/gianglykhanhvinhkhanhhoagovvn-1626073156
giangvo.badinh.hanoi.gov.vn,"UBND phường Giảng Võ, quận Ba Đình, Hà Nội",11/12/2023,Chứng nhận cơ bản,https://tinnhiemmang.vn/danh-ba-tin-nhiem/giangvobadinhhanoigovvn-1702278633
giaoan.langchanh.thanhhoa.gov.vn,UBND xã Giao An tỉnh Thanh Hóa,10/04/2024,Chứng nhận cơ bản,https://tinnhiemmang.vn/danh-ba-tin-nhiem/giaoanlangchanhthanhhoagovvn-1712732924
giaothien.langchanh.thanhhoa.gov.vn,UBND xã Giao Thiện tỉnh Thanh Hóa,10/04/2024,Chứng nhận cơ bản,https://tinnhiemmang.vn/danh-ba-tin-nhiem/giaothienlangchanhthanhhoagovvn-1712732966
giapbat.hoangmai.hanoi.gov.vn,"UBND phường Giáp Bát, quận Hoàng Mai, Hà Nội",11/12/2023,Chứng nhận cơ bản,https://tinnhiemmang.vn/danh-ba-tin-nhiem/giapbathoangmaihanoigovvn-1702271694
giongbaclieu.vn,Trung tâm Giống nông nghiệp Bạc Liêu,10/10/2022,Chứng nhận cơ bản,https://tinnhiemmang.vn/danh-ba-tin-nhiem/giongbaclieuvn-1665047945
giongnongnghiepbinhthuan.vn,Trung tâm Giống Nông nghiệp Bình Thuận,02/01/2024,Chứng nhận cơ bản,https://tinnhiemmang.vn/danh-ba-tin-nhiem/giongnongnghiepbinhthuanvn-1703814984
gis21.thuathienhue.gov.vn,Sở Thông tin và Truyền thông tỉnh Thừa Thiên Huế,20/07/2021,Chứng nhận cơ bản,https://tinnhiemmang.vn/danh-ba-tin-nhiem/gis21thuathienhuegovvn-1626776153
gishue.thuathienhue.gov.vn,Sở Thông tin và Truyền thông tỉnh Thừa Thiên Huế,20/07/2021,Chứng nhận cơ bản,https://tinnhiemmang.vn/danh-ba-tin-nhiem/gishuethuathienhuegovvn-1626776216
gissonganh.thuathienhue.gov.vn,Sở Thông tin và Truyền thông tỉnh Thừa Thiên Huế,20/07/2021,Chứng nhận cơ bản,https://tinnhiemmang.vn/danh-ba-tin-nhiem/gissonganhthuathienhuegovvn-1626776195
goodpm.vn,Công ty cổ phần chăm sóc giấc ngủ Goodpm,13/10/2022,Chứng nhận cơ bản,https://tinnhiemmang.vn/danh-ba-tin-nhiem/goodpmvn-1665544557
gpmb.thuathienhue.gov.vn,Sở Tài nguyên  Môi trường Thừa Thiên Huế,19/07/2021,Chứng nhận cơ bản,https://tinnhiemmang.vn/danh-ba-tin-nhiem/gpmbthuathienhuegovvn-1626667107
gtvttw4.edu.vn,Trường Cao đẳng GTVT Trung ương IV,11/08/2021,Chứng nhận cơ bản,https://tinnhiemmang.vn/danh-ba-tin-nhiem/gtvttw4eduvn-1628681651
habac.hatrung.thanhhoa.gov.vn,UBND xã Hà Bắc tỉnh Thanh Hóa,29/05/2024,Chứng nhận cơ bản,https://tinnhiemmang.vn/danh-ba-tin-nhiem/habachatrungthanhhoagovvn-1716891227
habang.thachthat.hanoi.gov.vn,"UBND xã Hạ Bằng huyện Thạch Thất,Thành phố Hà Nội",11/05/2023,Chứng nhận cơ bản,https://tinnhiemmang.vn/danh-ba-tin-nhiem/habangthachthathanoigovvn-1683773283
habinh.hatrung.thanhhoa.gov.vn,UBND xã Hà Bình tỉnh Thanh Hóa,29/05/2024,Chứng nhận cơ bản,https://tinnhiemmang.vn/danh-ba-tin-nhiem/habinhhatrungthanhhoagovvn-1716891776
hachau.hatrung.thanhhoa.gov.vn,UBND xã Hà Châu tỉnh Thanh Hóa,29/05/2024,Chứng nhận cơ bản,https://tinnhiemmang.vn/danh-ba-tin-nhiem/hachauhatrungthanhhoagovvn-1716892086
hadinh.thanhxuan.hanoi.gov.vn,"Phường Hạ Đình, Quận Thanh Xuân, Thành phố Hà Nội",15/06/2021,Chứng nhận cơ bản,https://tinnhiemmang.vn/danh-ba-tin-nhiem/hadinhthanhxuanhanoigovvn-1623639804
hadong.hatrung.thanhhoa.gov.vn,UBND xã Hà Đông tỉnh Thanh Hóa,29/05/2024,Chứng nhận cơ bản,https://tinnhiemmang.vn/danh-ba-tin-nhiem/hadonghatrungthanhhoagovvn-1716891819
hagiang.customs.gov.vn,Cục Hải quan tỉnh Hà Giang,11/08/2023,Chứng nhận cơ bản,https://tinnhiemmang.vn/danh-ba-tin-nhiem/hagiangcustomsgovvn-1691727321
hagiang.hatrung.thanhhoa.gov.vn,UBND xã Hà Giang tỉnh Thanh Hóa,29/05/2024,Chứng nhận cơ bản,https://tinnhiemmang.vn/danh-ba-tin-nhiem/hagianghatrungthanhhoagovvn-1716891318
hahai.hatrung.thanhhoa.gov.vn,UBND xã Hà Hải tỉnh Thanh Hóa,29/05/2024,Chứng nhận cơ bản,https://tinnhiemmang.vn/danh-ba-tin-nhiem/hahaihatrungthanhhoagovvn-1716892253
hahieu.babe.gov.vn,"UBND xã Hà Hiệu, huyện Ba Bể",10/04/2024,Chứng nhận cơ bản,https://tinnhiemmang.vn/danh-ba-tin-nhiem/hahieubabegovvn-1712637447
hahoi.thuongtin.hanoi.gov.vn,"UBND xã Hà Hồi, Huyện Thường Tín, Hà Nội",20/06/2024,Chứng nhận cơ bản,https://tinnhiemmang.vn/danh-ba-tin-nhiem/hahoithuongtinhanoigovvn-1718869991
haian.thixanghison.thanhhoa.gov.vn,"UBND phường Hải An Thị xã Nghi Sơn, tỉnh Thanh Hóa",13/08/2024,Chứng nhận cơ bản,https://tinnhiemmang.vn/danh-ba-tin-nhiem/haianthixanghisonthanhhoagovvn-1723522286
haibinh.thixanghison.thanhhoa.gov.vn,"UBND phương Hải Bình Thị xã Nghi Sơn, tỉnh Thanh Hóa",13/08/2024,Chứng nhận cơ bản,https://tinnhiemmang.vn/danh-ba-tin-nhiem/haibinhthixanghisonthanhhoagovvn-1723522650
haiboi.donganh.hanoi.gov.vn,"UBND xã Hải Bối, Hà Nội",20/06/2024,Chứng nhận cơ bản,https://tinnhiemmang.vn/danh-ba-tin-nhiem/haiboidonganhhanoigovvn-1718869600
haichau.thixanghison.thanhhoa.gov.vn,"UBND phường Hải Châu Thị xã Nghi Sơn, tỉnh Thanh Hóa",13/08/2024,Chứng nhận cơ bản,https://tinnhiemmang.vn/danh-ba-tin-nhiem/haichauthixanghisonthanhhoagovvn-1723522216
haichau1.danang.gov.vn,"UBND phường Hải Châu 1, Đà Nẵng",17/07/2023,Chứng nhận cơ bản,https://tinnhiemmang.vn/danh-ba-tin-nhiem/haichau1dananggovvn-1689409285
haichau2.danang.gov.vn,"UBND phường Hải Châu 2, Đà Nẵng",25/11/2021,Chứng nhận cơ bản,https://tinnhiemmang.vn/danh-ba-tin-nhiem/haichau2dananggovvn-1637767689
haiduong.thuathienhue.gov.vn,"UBND xã Hải Dương, thị xã Hương Trà, tỉnh Thừa Thiên Huế",19/07/2021,Chứng nhận cơ bản,https://tinnhiemmang.vn/danh-ba-tin-nhiem/haiduongthuathienhuegovvn-1626524707
haiduongdost.gov.vn,Sở Khoa học và Công nghệ tỉnh Hải Dương,10/08/2021,Chứng nhận cơ bản,https://tinnhiemmang.vn/danh-ba-tin-nhiem/haiduongdostgovvn-1628586305
haihoa.thixanghison.thanhhoa.gov.vn,"UBND phường Hải Hòa Thị xã Nghi Sơn, tỉnh Thanh Hóa",13/08/2024,Chứng nhận cơ bản,https://tinnhiemmang.vn/danh-ba-tin-nhiem/haihoathixanghisonthanhhoagovvn-1723522404
hailinh.thixanghison.thanhhoa.gov.vn,"UBND phường Hải Lĩnh Thị xã Nghi Sơn, tỉnh Thanh Hóa",13/08/2024,Chứng nhận cơ bản,https://tinnhiemmang.vn/danh-ba-tin-nhiem/hailinhthixanghisonthanhhoagovvn-1723522616
hailoc.hauloc.thanhhoa.gov.vn,"UBND xã Hải Lộc, Huyện Hậu Lộc, tỉnh Thanh Hóa",21/08/2024,Chứng nhận cơ bản,https://tinnhiemmang.vn/danh-ba-tin-nhiem/hailochaulocthanhhoagovvn-1724210936
hailong.nhuthanh.thanhhoa.gov.vn,"UBND xã Hải Long, Như Thanh, Thanh Hóa",16/04/2024,Chứng nhận cơ bản,https://tinnhiemmang.vn/danh-ba-tin-nhiem/hailongnhuthanhthanhhoagovvn-1713173236
hainhan.thixanghison.thanhhoa.gov.vn,"UBND xã Hải Nhân Thị xã Nghi Sơn, tỉnh Thanh Hóa",13/08/2024,Chứng nhận cơ bản,https://tinnhiemmang.vn/danh-ba-tin-nhiem/hainhanthixanghisonthanhhoagovvn-1723521796
haininh.thixanghison.thanhhoa.gov.vn,"UBND phường Hải Ninh Thị xã Nghi Sơn, tỉnh Thanh Hóa",13/08/2024,Chứng nhận cơ bản,https://tinnhiemmang.vn/danh-ba-tin-nhiem/haininhthixanghisonthanhhoagovvn-1723522180
haiphong.customs.gov.vn,Cục Hải quan TP Hải Phòng,11/08/2023,Chứng nhận cơ bản,https://tinnhiemmang.vn/danh-ba-tin-nhiem/haiphongcustomsgovvn-1691727362
haithuong.thixanghison.thanhhoa.gov.vn,"UBND phường Hải Thượng Thị xã Nghi Sơn, tỉnh Thanh Hóa",13/08/2024,Chứng nhận cơ bản,https://tinnhiemmang.vn/danh-ba-tin-nhiem/haithuongthixanghisonthanhhoagovvn-1723522547
haiyen.thixanghison.thanhhoa.gov.vn,"UBND xã Hải Yến Thị xã Nghi Sơn, tỉnh Thanh Hóa",13/08/2024,Chứng nhận cơ bản,https://tinnhiemmang.vn/danh-ba-tin-nhiem/haiyenthixanghisonthanhhoagovvn-1723522800
halai.hatrung.thanhhoa.gov.vn,UBND xã Hà Lai tỉnh Thanh Hóa,29/05/2024,Chứng nhận cơ bản,https://tinnhiemmang.vn/danh-ba-tin-nhiem/halaihatrungthanhhoagovvn-1716892047
halinh.hatrung.thanhhoa.gov.vn,UBND xã Hà Lĩnh tỉnh Thanh Hóa,29/05/2024,Chứng nhận cơ bản,https://tinnhiemmang.vn/danh-ba-tin-nhiem/halinhhatrungthanhhoagovvn-1716891913
halong.hatrung.thanhhoa.gov.vn,UBND xã Hà Long tỉnh Thanh Hóa,29/05/2024,Chứng nhận cơ bản,https://tinnhiemmang.vn/danh-ba-tin-nhiem/halonghatrungthanhhoagovvn-1716891270
hamo.danphuong.hanoi.gov.vn,"UBND xã Hạ Mỗ huyện Đan Phượng, Hà Nội",10/05/2023,Chứng nhận cơ bản,https://tinnhiemmang.vn/danh-ba-tin-nhiem/hamodanphuonghanoigovvn-1683627775
hanamninh.customs.gov.vn,Cục Hải quan Hà Nam Ninh,11/08/2023,Chứng nhận cơ bản,https://tinnhiemmang.vn/danh-ba-tin-nhiem/hanamninhcustomsgovvn-1691726819
hanamtv.vn,Đài Phát thanh và Truyền hình Hà Nam,07/08/2024,Chứng nhận cơ bản,https://tinnhiemmang.vn/danh-ba-tin-nhiem/hanamtvvn-1722927577
hangbac.hanoi.gov.vn,"UBND Phường Hàng Bạc, quận Hoàn Kiếm, Hà Nội",12/12/2023,Chứng nhận cơ bản,https://tinnhiemmang.vn/danh-ba-tin-nhiem/hangbachanoigovvn-1710145705
hangbai.hanoi.gov.vn,"UBND Phường Hàng Bài, quận Hoàn Kiếm, Hà Nội",11/12/2023,Chứng nhận cơ bản,https://tinnhiemmang.vn/danh-ba-tin-nhiem/hangbaihanoigovvn-1702279410
hangbo.hanoi.gov.vn,"UBND Phường Hàng Bồ, quận Hoàn Kiếm, Hà Nội",11/12/2023,Chứng nhận cơ bản,https://tinnhiemmang.vn/danh-ba-tin-nhiem/hangbohanoigovvn-1702279860
hangbong.hanoi.gov.vn,"UBND Phường Hàng Bông, quận Hoàn Kiếm, Hà Nội",11/12/2023,Chứng nhận cơ bản,https://tinnhiemmang.vn/danh-ba-tin-nhiem/hangbonghanoigovvn-1702279369
hangbot.dongda.hanoi.gov.vn,"Phường Hàng Bột,  Quận Đống Đa , Thành phố Hà Nội",15/06/2021,Chứng nhận cơ bản,https://tinnhiemmang.vn/danh-ba-tin-nhiem/hangbotdongdahanoigovvn-1623561231
hangbuom.hanoi.gov.vn,"UBND Phường Hàng Buồm, quận Hoàn Kiếm, Hà Nội",11/12/2023,Chứng nhận cơ bản,https://tinnhiemmang.vn/danh-ba-tin-nhiem/hangbuomhanoigovvn-1702279227
hangdao.hanoi.gov.vn,"UBND Phường Hàng Đào, quận Hoàn Kiếm, Hà Nội",11/12/2023,Chứng nhận cơ bản,https://tinnhiemmang.vn/danh-ba-tin-nhiem/hangdaohanoigovvn-1702279520
hanggai.hanoi.gov.vn,"UBND Phường Hàng Gai, quận Hoàn Kiếm, Hà Nội",11/12/2023,Chứng nhận cơ bản,https://tinnhiemmang.vn/danh-ba-tin-nhiem/hanggaihanoigovvn-1702279320
hangma.hanoi.gov.vn,"UBND Phường Hàng Mã, quận Hoàn Kiếm, Hà Nội",11/12/2023,Chứng nhận cơ bản,https://tinnhiemmang.vn/danh-ba-tin-nhiem/hangmahanoigovvn-1702279816
hangoc.hatrung.thanhhoa.gov.vn,UBND xã Hà Ngọc tỉnh Thanh Hóa,29/05/2024,Chứng nhận cơ bản,https://tinnhiemmang.vn/danh-ba-tin-nhiem/hangochatrungthanhhoagovvn-1716891960
hangtrong.hanoi.gov.vn,"UBND Phường Hàng Trống, quận Hoàn Kiếm, Hà Nội",12/12/2023,Chứng nhận cơ bản,https://tinnhiemmang.vn/danh-ba-tin-nhiem/hangtronghanoigovvn-1710151181
hanhchinhcongtpbn.bacninh.gov.vn,"Trung tâm Hành chính công Thành phố Bắc Ninh, tỉnh Bắc Ninh",30/11/2021,Chứng nhận cơ bản,https://tinnhiemmang.vn/danh-ba-tin-nhiem/hanhchinhcongtpbnbacninhgovvn-1638240452
hanhphuc.quanghoa.caobang.gov.vn,"UBND xã Hạnh Phúc, huyện Quảng Hòa, Cao Bằng",25/12/2023,Chứng nhận cơ bản,https://tinnhiemmang.vn/danh-ba-tin-nhiem/hanhphucquanghoacaobanggovvn-1703218140
hanoi.customs.gov.vn,Cục Hải quan Thành phố Hà Nội,11/08/2023,Chứng nhận cơ bản,https://tinnhiemmang.vn/danh-ba-tin-nhiem/hanoicustomsgovvn-1691727851
hason.hatrung.thanhhoa.gov.vn,UBND xã Hà Sơn tỉnh Thanh Hóa,29/05/2024,Chứng nhận cơ bản,https://tinnhiemmang.vn/danh-ba-tin-nhiem/hasonhatrungthanhhoagovvn-1716891867
hatan.hatrung.thanhhoa.gov.vn,UBND xã Hà Tân tỉnh Thanh Hóa,29/05/2024,Chứng nhận cơ bản,https://tinnhiemmang.vn/danh-ba-tin-nhiem/hatanhatrungthanhhoagovvn-1716891362
hathai.hatrung.thanhhoa.gov.vn,UBND xã Hà Thái tỉnh Thanh Hóa,29/05/2024,Chứng nhận cơ bản,https://tinnhiemmang.vn/danh-ba-tin-nhiem/hathaihatrungthanhhoagovvn-1716892001
hatien.hatrung.thanhhoa.gov.vn,UBND xã Hà Tiến tỉnh Thanh Hóa,29/05/2024,Chứng nhận cơ bản,https://tinnhiemmang.vn/danh-ba-tin-nhiem/hatienhatrungthanhhoagovvn-1716891679
hatinh.customs.gov.vn,Cục Hải quan tỉnh Hà Tĩnh,11/08/2023,Chứng nhận cơ bản,https://tinnhiemmang.vn/danh-ba-tin-nhiem/hatinhcustomsgovvn-1691727169
hatrung.bathuoc.thanhhoa.gov.vn,"UBND Xã Hạ Trung, Huyện Bá Thước, tỉnh Thanh Hóa",21/08/2024,Chứng nhận cơ bản,https://tinnhiemmang.vn/danh-ba-tin-nhiem/hatrungbathuocthanhhoagovvn-1724148838
haugiangtivi.vn,Đài Phát thanh và Truyền hình tỉnh Hậu Giang,13/06/2024,Chứng nhận cơ bản,https://tinnhiemmang.vn/danh-ba-tin-nhiem/haugiangtivivn-1718195969
hauloc.vinhlong.gov.vn,UBND xã Hậu Lộc tỉnh Vĩnh Long,15/07/2021,Chứng nhận cơ bản,https://tinnhiemmang.vn/danh-ba-tin-nhiem/haulocvinhlonggovvn-1626267874
havinh.hatrung.thanhhoa.gov.vn,UBND xã Hà Vinh tỉnh Thanh Hóa,29/05/2024,Chứng nhận cơ bản,https://tinnhiemmang.vn/danh-ba-tin-nhiem/havinhhatrungthanhhoagovvn-1716892127
hdndbinhduong.vn,Hội đồng nhân dân tỉnh Bình Dương,19/03/2024,Chứng nhận cơ bản,https://tinnhiemmang.vn/danh-ba-tin-nhiem/hdndbinhduongvn-1710814655
hdndthuathienhue.gov.vn,Cổng thông tin điện tử HĐND tỉnh Thừa Thiên Huế,23/10/2024,Chứng nhận cơ bản,https://tinnhiemmang.vn/danh-ba-tin-nhiem/hdndthuathienhuegovvn-1729652794
hienchung.quanhoa.thanhhoa.gov.vn,UBND xã Hiền Chung tỉnh Thanh Hóa,03/07/2024,Chứng nhận cơ bản,https://tinnhiemmang.vn/danh-ba-tin-nhiem/hienchungquanhoathanhhoagovvn-1719992879
hienkiet.quanhoa.thanhhoa.gov.vn,UBND xã Hiền Kiệt tỉnh Thanh Hóa,03/07/2024,Chứng nhận cơ bản,https://tinnhiemmang.vn/danh-ba-tin-nhiem/hienkietquanhoathanhhoagovvn-1719992925
hiepthanhductrong.lamdong.gov.vn,"UBND Xã Hiệp Thạnh, Huyện Đức Trọng, Tỉnh Lâm Đồng",11/04/2024,Chứng nhận cơ bản,https://tinnhiemmang.vn/danh-ba-tin-nhiem/hiepthanhductronglamdonggovvn-1712799122
hiepxuong.phutan.angiang.gov.vn,Xã Hiệp Xương tỉnh An Giang,09/11/2023,Chứng nhận cơ bản,https://tinnhiemmang.vn/danh-ba-tin-nhiem/hiepxuongphutanangianggovvn-1699348679
hieunghia.vinhlong.gov.vn,UBND xã Hiếu Nghĩa tỉnh Vĩnh Long,25/05/2023,Chứng nhận cơ bản,https://tinnhiemmang.vn/danh-ba-tin-nhiem/hieunghiavinhlonggovvn-1684921696
hieunhon.vinhlong.gov.vn,UBND xã Hiếu Nhơn tỉnh Vĩnh Long,25/05/2023,Chứng nhận cơ bản,https://tinnhiemmang.vn/danh-ba-tin-nhiem/hieunhonvinhlonggovvn-1684921744
hieuthuan.vinhlong.gov.vn,UBND xã Hiếu Thuận tỉnh Vĩnh Long,15/07/2022,Chứng nhận cơ bản,https://tinnhiemmang.vn/danh-ba-tin-nhiem/hieuthuanvinhlonggovvn-1626267645
hnb.bacninh.gov.vn,Hội Nhà Báo Tỉnh Bắc Ninh,30/11/2021,Chứng nhận cơ bản,https://tinnhiemmang.vn/danh-ba-tin-nhiem/hnbbacninhgovvn-1638240918
hnd.bacninh.gov.vn,Hội Nông dân tỉnh Bắc Ninh,30/11/2021,Chứng nhận cơ bản,https://tinnhiemmang.vn/danh-ba-tin-nhiem/hndbacninhgovvn-1638178346
hoaan.chomoi.angiang.gov.vn,UBND Xã Hòa An tỉnh An Giang,09/11/2023,Chứng nhận cơ bản,https://tinnhiemmang.vn/danh-ba-tin-nhiem/hoaanchomoiangianggovvn-1699410098
hoaan.danang.gov.vn,"UBND phường Hòa An, Đà Nẵng",25/11/2021,Chứng nhận cơ bản,https://tinnhiemmang.vn/danh-ba-tin-nhiem/hoaandananggovvn-1637767298
hoabac.danang.gov.vn,"UBND xã Hòa bắc huyện Hòa Vang, thành phố Đà Nẵng",27/06/2024,Chứng nhận cơ bản,https://tinnhiemmang.vn/danh-ba-tin-nhiem/hoabacdananggovvn-1719389359
hoabinh.chomoi.angiang.gov.vn,UBND Xã Hòa Bình tỉnh An Giang,09/11/2023,Chứng nhận cơ bản,https://tinnhiemmang.vn/danh-ba-tin-nhiem/hoabinhchomoiangianggovvn-1699410144
hoabinhthanh.chauthanh.angiang.gov.vn,UBND Xã Hòa Bình Thạnh tỉnh An Giang,09/11/2023,Chứng nhận cơ bản,https://tinnhiemmang.vn/danh-ba-tin-nhiem/hoabinhthanhchauthanhangianggovvn-1699362397
hoachatsapa.vn,Công ty TNHH Thương Mại Dịch Vụ SAPA,19/09/2022,Chứng nhận cơ bản,https://tinnhiemmang.vn/danh-ba-tin-nhiem/hoachatsapavn-1663558642
hoachau.danang.gov.vn,UBND xã Hòa Châu,20/12/2022,Chứng nhận cơ bản,https://tinnhiemmang.vn/danh-ba-tin-nhiem/hoachaudananggovvn-1671524129
hoachung.ubndtp.caobang.gov.vn,"UBND phường Hòa Chung, Thành phố Cao Bằng",25/12/2023,Chứng nhận cơ bản,https://tinnhiemmang.vn/danh-ba-tin-nhiem/hoachungubndtpcaobanggovvn-1703419407
hoacuongbac.danang.gov.vn,UBND phường Hòa Cường Bắc,05/12/2023,Chứng nhận cơ bản,https://tinnhiemmang.vn/danh-ba-tin-nhiem/hoacuongbacdananggovvn-1701678799
hoacuongnam.danang.gov.vn,"UBND phường Hòa Cường Nam, tỉnh Đà Nẵng",26/11/2021,Chứng nhận cơ bản,https://tinnhiemmang.vn/danh-ba-tin-nhiem/hoacuongnamdananggovvn-1637767787
hoahai.danang.gov.vn,UBND phường Hòa Hải,18/12/2023,Chứng nhận cơ bản,https://tinnhiemmang.vn/danh-ba-tin-nhiem/hoahaidananggovvn-1702726414
hoahiepbac.danang.gov.vn,UBND phường Hòa Hiệp Bắc,11/07/2024,Chứng nhận cơ bản,https://tinnhiemmang.vn/danh-ba-tin-nhiem/hoahiepbacdananggovvn-1720162021
hoahiepnam.danang.gov.vn,"UBND phường Hòa Hiệp Nam, Đà Nẵng",25/11/2021,Chứng nhận cơ bản,https://tinnhiemmang.vn/danh-ba-tin-nhiem/hoahiepnamdananggovvn-1637747523
hoakhanhbac.danang.gov.vn,"UBND phường Hòa Khánh Bắc, Đà Nẵng",25/11/2021,Chứng nhận cơ bản,https://tinnhiemmang.vn/danh-ba-tin-nhiem/hoakhanhbacdananggovvn-1637747294
hoakhanhnam.danang.gov.vn,"UBND phường Hòa Khánh Nam, Đà Nẵng",25/11/2021,Chứng nhận cơ bản,https://tinnhiemmang.vn/danh-ba-tin-nhiem/hoakhanhnamdananggovvn-1637808258
hoakhe.danang.gov.vn,UBND phường Hòa Khê - Thanh Khê - Đà Nẵng,12/12/2023,Chứng nhận cơ bản,https://tinnhiemmang.vn/danh-ba-tin-nhiem/hoakhedananggovvn-1702266440
hoalac.phutan.angiang.gov.vn,Xã Hòa Lạc tỉnh An Giang,09/11/2023,Chứng nhận cơ bản,https://tinnhiemmang.vn/danh-ba-tin-nhiem/hoalacphutanangianggovvn-1699349259
hoalam-unghoa.thudo.gov.vn,"UBND Xã Hòa Lâm, Hà Nội",17/12/2024,Chứng nhận cơ bản,https://tinnhiemmang.vn/danh-ba-tin-nhiem/hoalam-unghoathudogovvn-1734401532
hoalien.danang.gov.vn,Uỷ ban nhân dân xã Hoà Liên,07/08/2023,Chứng nhận cơ bản,https://tinnhiemmang.vn/danh-ba-tin-nhiem/hoaliendananggovvn-1691210930
hoaloc.vinhlong.gov.vn,UBND xã Hòa Lộc tỉnh Vĩnh Long,25/05/2023,Chứng nhận cơ bản,https://tinnhiemmang.vn/danh-ba-tin-nhiem/hoalocvinhlonggovvn-1684920562
hoaminh.danang.gov.vn,"UBND phường Hòa Minh, Đà Nẵng",25/11/2021,Chứng nhận cơ bản,https://tinnhiemmang.vn/danh-ba-tin-nhiem/hoaminhdananggovvn-1637747216
hoamuc.chomoi.gov.vn,UBND huyện Chợ Mới tỉnh Bắc Kạn,10/04/2024,Chứng nhận cơ bản,https://tinnhiemmang.vn/danh-ba-tin-nhiem/hoamucchomoigovvn-1712635497
hoanam-unghoa.thudo.gov.vn,"UBND Xã Hòa Nam, Hà Nội",17/12/2024,Chứng nhận cơ bản,https://tinnhiemmang.vn/danh-ba-tin-nhiem/hoanam-unghoathudogovvn-1734401298
hoangcat.hoanghoa.thanhhoa.gov.vn,"UBND Xã Hoằng Cát, tỉnh Thanh Hóa",17/01/2024,Chứng nhận cơ bản,https://tinnhiemmang.vn/danh-ba-tin-nhiem/hoangcathoanghoathanhhoagovvn-1705463989
hoangchau.hoanghoa.thanhhoa.gov.vn,"UBND Xã Hoằng Châu, tỉnh Thanh Hóa",17/01/2024,Chứng nhận cơ bản,https://tinnhiemmang.vn/danh-ba-tin-nhiem/hoangchauhoanghoathanhhoagovvn-1705461050
hoangdao.hoanghoa.thanhhoa.gov.vn,"UBND Xã Hoằng Đạo, tỉnh Thanh Hóa",17/01/2024,Chứng nhận cơ bản,https://tinnhiemmang.vn/danh-ba-tin-nhiem/hoangdaohoanghoathanhhoagovvn-1705461102
hoangdat.hoanghoa.thanhhoa.gov.vn,"UBND Xã Hoằng Đạt, tỉnh Thanh Hóa",17/01/2024,Chứng nhận cơ bản,https://tinnhiemmang.vn/danh-ba-tin-nhiem/hoangdathoanghoathanhhoagovvn-1705461234
hoangdieu.chuongmy.hanoi.gov.vn,"UBND xã Hoàng Diệu, huyện Chương Mỹ, TP Hà Nội",07/10/2024,Chứng nhận cơ bản,https://tinnhiemmang.vn/danh-ba-tin-nhiem/hoangdieuchuongmyhanoigovvn-1728232186
hoangdong.hoanghoa.thanhhoa.gov.vn,"UBND Xã Hoằng Đông, tỉnh Thanh Hóa",17/01/2024,Chứng nhận cơ bản,https://tinnhiemmang.vn/danh-ba-tin-nhiem/hoangdonghoanghoathanhhoagovvn-1705461827
hoangdongf.hoanghoa.thanhhoa.gov.vn,"UBND Xã Hoằng Đồng, tỉnh Thanh Hóa",17/01/2024,Chứng nhận cơ bản,https://tinnhiemmang.vn/danh-ba-tin-nhiem/hoangdongfhoanghoathanhhoagovvn-1705461334
hoangduc.hoanghoa.thanhhoa.gov.vn,"UBND Xã Hoằng Đức, tỉnh Thanh Hóa",17/01/2024,Chứng nhận cơ bản,https://tinnhiemmang.vn/danh-ba-tin-nhiem/hoangduchoanghoathanhhoagovvn-1705461371
hoanggiang.hoanghoa.thanhhoa.gov.vn,"UBND Xã Hoằng Giang, tỉnh Thanh Hóa",17/01/2024,Chứng nhận cơ bản,https://tinnhiemmang.vn/danh-ba-tin-nhiem/hoanggianghoanghoathanhhoagovvn-1705461883
hoanggiang.nongcong.thanhhoa.gov.vn,"UBND xã Hoàng Giang Huyện Nông Cống, Tỉnh Thanh Hóa",13/08/2024,Chứng nhận cơ bản,https://tinnhiemmang.vn/danh-ba-tin-nhiem/hoanggiangnongcongthanhhoagovvn-1723524259
hoangha.hoanghoa.thanhhoa.gov.vn,"UBND Xã Hoằng Hà, tỉnh Thanh Hóa",17/01/2024,Chứng nhận cơ bản,https://tinnhiemmang.vn/danh-ba-tin-nhiem/hoanghahoanghoathanhhoagovvn-1705461423
hoanghai.hoanghoa.thanhhoa.gov.vn,"UBND Xã Hoằng Hải, tỉnh Thanh Hóa",17/01/2024,Chứng nhận cơ bản,https://tinnhiemmang.vn/danh-ba-tin-nhiem/hoanghaihoanghoathanhhoagovvn-1705462284
hoanghop.hoanghoa.thanhhoa.gov.vn,"UBND Xã Hoằng Hợp, tỉnh Thanh Hóa",17/01/2024,Chứng nhận cơ bản,https://tinnhiemmang.vn/danh-ba-tin-nhiem/hoanghophoanghoathanhhoagovvn-1705462316
hoangkim.hoanghoa.thanhhoa.gov.vn,"UBND Xã Hoằng Kim, tỉnh Thanh Hóa",17/01/2024,Chứng nhận cơ bản,https://tinnhiemmang.vn/danh-ba-tin-nhiem/hoangkimhoanghoathanhhoagovvn-1705462357
hoangliet.hoangmai.hanoi.gov.vn,"UBND phường Hoàng Liệt, quận Hoàng Mai, Hà Nội",11/12/2023,Chứng nhận cơ bản,https://tinnhiemmang.vn/danh-ba-tin-nhiem/hoangliethoangmaihanoigovvn-1702271760
hoangloc.hoanghoa.thanhhoa.gov.vn,UBND xã Hoằng Lộc tỉnh Thanh Hóa,13/08/2024,Chứng nhận cơ bản,https://tinnhiemmang.vn/danh-ba-tin-nhiem/hoanglochoanghoathanhhoagovvn-1723519037
hoangluu.hoanghoa.thanhhoa.gov.vn,"UBND Xã Hoằng Lưu, tỉnh Thanh Hóa",17/01/2024,Chứng nhận cơ bản,https://tinnhiemmang.vn/danh-ba-tin-nhiem/hoangluuhoanghoathanhhoagovvn-1705461458
hoangngoc.hoanghoa.thanhhoa.gov.vn,"UBND Xã Hoằng Ngọc, tỉnh Thanh Hóa",17/01/2024,Chứng nhận cơ bản,https://tinnhiemmang.vn/danh-ba-tin-nhiem/hoangngochoanghoathanhhoagovvn-1705462391
hoangphong.hoanghoa.thanhhoa.gov.vn,"UBND Xã Hoằng Phong, tỉnh Thanh Hóa",17/01/2024,Chứng nhận cơ bản,https://tinnhiemmang.vn/danh-ba-tin-nhiem/hoangphonghoanghoathanhhoagovvn-1705461506
hoangphu.hoanghoa.thanhhoa.gov.vn,"UBND xã Hoằng Phú, huyện Hoằng Hóa, tỉnh Thanh Hóa",25/10/2024,Chứng nhận cơ bản,https://tinnhiemmang.vn/danh-ba-tin-nhiem/hoangphuhoanghoathanhhoagovvn-1729823788
hoangphuj.hoanghoa.thanhhoa.gov.vn,"UBND Xã Hoằng Phụ, tỉnh Thanh Hóa",17/01/2024,Chứng nhận cơ bản,https://tinnhiemmang.vn/danh-ba-tin-nhiem/hoangphujhoanghoathanhhoagovvn-1705462457
hoangphuong.hoanghoa.thanhhoa.gov.vn,"UBND Xã Hoằng Phượng, tỉnh Thanh Hóa",17/01/2024,Chứng nhận cơ bản,https://tinnhiemmang.vn/danh-ba-tin-nhiem/hoangphuonghoanghoathanhhoagovvn-1705462492
hoangquang.tpthanhhoa.thanhhoa.gov.vn,"UBND Xã Hoằng Quang, Thành phố Thanh Hóa, tỉnh Thanh Hóa",26/09/2024,Chứng nhận cơ bản,https://tinnhiemmang.vn/danh-ba-tin-nhiem/hoangquangtpthanhhoathanhhoagovvn-1727318859
hoangquyf.hoanghoa.thanhhoa.gov.vn,"UBND Xã Hoằng Quỳ, tỉnh Thanh Hóa",17/01/2024,Chứng nhận cơ bản,https://tinnhiemmang.vn/danh-ba-tin-nhiem/hoangquyfhoanghoathanhhoagovvn-1705462598
hoangquys.hoanghoa.thanhhoa.gov.vn,"UBND Xã Hoằng Quý, tỉnh Thanh Hóa",17/01/2024,Chứng nhận cơ bản,https://tinnhiemmang.vn/danh-ba-tin-nhiem/hoangquyshoanghoathanhhoagovvn-1705462533
hoangson.hoanghoa.thanhhoa.gov.vn,"UBND Xã Hoằng Sơn, tỉnh Thanh Hóa",17/01/2024,Chứng nhận cơ bản,https://tinnhiemmang.vn/danh-ba-tin-nhiem/hoangsonhoanghoathanhhoagovvn-1705462653
hoangson.nongcong.thanhhoa.gov.vn,"UBND xã Hoàng Sơn Huyện Nông Cống, Tỉnh Thanh Hóa",13/08/2024,Chứng nhận cơ bản,https://tinnhiemmang.vn/danh-ba-tin-nhiem/hoangsonnongcongthanhhoagovvn-1723524325
hoangtan.hoanghoa.thanhhoa.gov.vn,"UBND Xã Hoằng Tân, tỉnh Thanh Hóa",17/01/2024,Chứng nhận cơ bản,https://tinnhiemmang.vn/danh-ba-tin-nhiem/hoangtanhoanghoathanhhoagovvn-1705461541
hoangthai.hoanghoa.thanhhoa.gov.vn,"UBND Xã Hoằng Thái, tỉnh Thanh Hóa",17/01/2024,Chứng nhận cơ bản,https://tinnhiemmang.vn/danh-ba-tin-nhiem/hoangthaihoanghoathanhhoagovvn-1705461575
hoangthang.hoanghoa.thanhhoa.gov.vn,"UBND Xã Hoằng Thắng, tỉnh Thanh Hóa",17/01/2024,Chứng nhận cơ bản,https://tinnhiemmang.vn/danh-ba-tin-nhiem/hoangthanghoanghoathanhhoagovvn-1705461606
hoangthanh.hoanghoa.thanhhoa.gov.vn,"UBND Xã Hoằng Thanh, tỉnh Thanh Hóa",17/01/2024,Chứng nhận cơ bản,https://tinnhiemmang.vn/danh-ba-tin-nhiem/hoangthanhhoanghoathanhhoagovvn-1705462698
hoangthanhf.hoanghoa.thanhhoa.gov.vn,"UBND Xã Hoằng Thành, tỉnh Thanh Hóa",17/01/2024,Chứng nhận cơ bản,https://tinnhiemmang.vn/danh-ba-tin-nhiem/hoangthanhfhoanghoathanhhoagovvn-1705461652
hoangthinh.hoanghoa.thanhhoa.gov.vn,"UBND Xã Hoằng Thịnh, tỉnh Thanh Hóa",17/01/2024,Chứng nhận cơ bản,https://tinnhiemmang.vn/danh-ba-tin-nhiem/hoangthinhhoanghoathanhhoagovvn-1705461692
hoangtien.hoanghoa.thanhhoa.gov.vn,"UBND Xã Hoằng Tiến, tỉnh Thanh Hóa",17/01/2024,Chứng nhận cơ bản,https://tinnhiemmang.vn/danh-ba-tin-nhiem/hoangtienhoanghoathanhhoagovvn-1705462742
hoangtrach.hoanghoa.thanhhoa.gov.vn,"UBND Xã Hoằng Trạch, tỉnh Thanh Hóa",17/01/2024,Chứng nhận cơ bản,https://tinnhiemmang.vn/danh-ba-tin-nhiem/hoangtrachhoanghoathanhhoagovvn-1705461733
hoangtri.babe.gov.vn,"UBND xã Hoàng Trĩ, huyện Ba Bể, tỉnh Bắc Kạn",10/04/2024,Chứng nhận cơ bản,https://tinnhiemmang.vn/danh-ba-tin-nhiem/hoangtribabegovvn-1712637795
hoangtrinh.hoanghoa.thanhhoa.gov.vn,"UBND Xã Hoằng Trinh, tỉnh Thanh Hóa",17/01/2024,Chứng nhận cơ bản,https://tinnhiemmang.vn/danh-ba-tin-nhiem/hoangtrinhhoanghoathanhhoagovvn-1705462791
hoangtrung.hoanghoa.thanhhoa.gov.vn,"UBND Xã Hoằng Trung, tỉnh Thanh Hóa",17/01/2024,Chứng nhận cơ bản,https://tinnhiemmang.vn/danh-ba-tin-nhiem/hoangtrunghoanghoathanhhoagovvn-1705462834
hoangtruong.hoanghoa.thanhhoa.gov.vn,"UBND Xã Hoằng Trường, tỉnh Thanh Hóa",17/01/2024,Chứng nhận cơ bản,https://tinnhiemmang.vn/danh-ba-tin-nhiem/hoangtruonghoanghoathanhhoagovvn-1705462880
hoangtung.hoaan.caobang.gov.vn,"UBND xã Hoàng Tung, huyện Hòa An, Cao Bằng",25/12/2023,Chứng nhận cơ bản,https://tinnhiemmang.vn/danh-ba-tin-nhiem/hoangtunghoaancaobanggovvn-1703476449
hoangxuan.hoanghoa.thanhhoa.gov.vn,"UBND Xã Hoằng Xuân, tỉnh Thanh Hóa",17/01/2024,Chứng nhận cơ bản,https://tinnhiemmang.vn/danh-ba-tin-nhiem/hoangxuanhoanghoathanhhoagovvn-1705462922
hoangxuyen.hoanghoa.thanhhoa.gov.vn,UBND xã Hoằng Xuyên tỉnh Thanh Hóa,29/05/2024,Chứng nhận cơ bản,https://tinnhiemmang.vn/danh-ba-tin-nhiem/hoangxuyenhoanghoathanhhoagovvn-1716966403
hoangyen.hoanghoa.thanhhoa.gov.vn,"UBND Xã Hoằng Yến, tỉnh Thanh Hóa",17/01/2024,Chứng nhận cơ bản,https://tinnhiemmang.vn/danh-ba-tin-nhiem/hoangyenhoanghoathanhhoagovvn-1705461767
hoaninh.vinhlong.gov.vn,UBND xã Hòa Ninh tỉnh Vĩnh Long,15/07/2022,Chứng nhận cơ bản,https://tinnhiemmang.vn/danh-ba-tin-nhiem/hoaninhvinhlonggovvn-1625918083
hoaphat.danang.gov.vn,"UBND phường Hòa Phát, Đà Nẵng",25/11/2021,Chứng nhận cơ bản,https://tinnhiemmang.vn/danh-ba-tin-nhiem/hoaphatdananggovvn-1637767015
hoaphong.danang.gov.vn,"UBND xã Hòa Phong, huyện Hòa Vang, TP Đà Nẵng",03/04/2024,Chứng nhận cơ bản,https://tinnhiemmang.vn/danh-ba-tin-nhiem/hoaphongdananggovvn-1712112175
hoaphu-unghoa.thudo.gov.vn,"UBND Xã Hòa Phú, Hà Nội",17/12/2024,Chứng nhận cơ bản,https://tinnhiemmang.vn/danh-ba-tin-nhiem/hoaphu-unghoathudogovvn-1734401346
hoaphu.vinhlong.gov.vn,UBND xã Hòa Phú tỉnh Vĩnh Long,14/07/2021,Chứng nhận cơ bản,https://tinnhiemmang.vn/danh-ba-tin-nhiem/hoaphuvinhlonggovvn-1625918003
hoaphuoc.danang.gov.vn,UBND xã Hoà Phước,28/10/2024,Chứng nhận cơ bản,https://tinnhiemmang.vn/danh-ba-tin-nhiem/hoaphuocdananggovvn-1730105447
hoaquy.nhuxuan.thanhhoa.gov.vn,UBND xã Hóa Quỳ tỉnh Thanh Hóa,29/05/2024,Chứng nhận cơ bản,https://tinnhiemmang.vn/danh-ba-tin-nhiem/hoaquynhuxuanthanhhoagovvn-1716966206
hoason-unghoa.thudo.gov.vn,"UBND Xã Hoa Sơn, Hà Nội",17/12/2024,Chứng nhận cơ bản,https://tinnhiemmang.vn/danh-ba-tin-nhiem/hoason-unghoathudogovvn-1734400994
hoason.danang.gov.vn,"UBND xã hòa sơn, huyện Hòa Vang, TP Đà Nẵng",14/12/2022,Chứng nhận cơ bản,https://tinnhiemmang.vn/danh-ba-tin-nhiem/hoasondananggovvn-1670940305
hoatgiang.hatrung.thanhhoa.gov.vn,UBND xã Hoạt Giang tỉnh Thanh Hóa,29/05/2024,Chứng nhận cơ bản,https://tinnhiemmang.vn/danh-ba-tin-nhiem/hoatgianghatrungthanhhoagovvn-1716892166
hoathach-quocoai.thudo.gov.vn,"UBND xã Hoà Thạch, huyện Quốc Oai, Hà Nội",22/11/2024,Chứng nhận cơ bản,https://tinnhiemmang.vn/danh-ba-tin-nhiem/hoathach-quocoaithudogovvn-1732084919
hoatham.nguyenbinh.caobang.gov.vn,"UBND xã Hoa Thám, huyện Nguyên Bình, Cao Bằng",25/12/2023,Chứng nhận cơ bản,https://tinnhiemmang.vn/danh-ba-tin-nhiem/hoathamnguyenbinhcaobanggovvn-1703420430
hoathanh.vinhlong.gov.vn,UBND xã Hòa Thạnh tỉnh Vĩnh Long,15/07/2021,Chứng nhận cơ bản,https://tinnhiemmang.vn/danh-ba-tin-nhiem/hoathanhvinhlonggovvn-1626267849
hoathotay.danang.gov.vn,UBND phường Hòa Thọ Tây,07/12/2023,Chứng nhận cơ bản,https://tinnhiemmang.vn/danh-ba-tin-nhiem/hoathotaydananggovvn-1701760847
hoathuandong.danang.gov.vn,"UBND phường Hòa Thuận Đông, Hải Châu, Đà Nẵng",23/10/2023,Chứng nhận cơ bản,https://tinnhiemmang.vn/danh-ba-tin-nhiem/hoathuandongdananggovvn-1698045711
hoathuantay.danang.gov.vn,"UBND phường Hòa Thuận Tây, quận Hải Châu, Thành phố Đà Nẵng",24/05/2023,Chứng nhận cơ bản,https://tinnhiemmang.vn/danh-ba-tin-nhiem/hoathuantaydananggovvn-1684896451
hoatinh.vinhlong.gov.vn,UBND xã Hòa Tịnh tỉnh Vĩnh Long,14/07/2021,Chứng nhận cơ bản,https://tinnhiemmang.vn/danh-ba-tin-nhiem/hoatinhvinhlonggovvn-1625918447
hoaxa-unghoa.thudo.gov.vn,"UBND Xã Hòa Xá, Hà Nội",17/12/2024,Chứng nhận cơ bản,https://tinnhiemmang.vn/danh-ba-tin-nhiem/hoaxa-unghoathudogovvn-1734401243
hoclaioto.net,Công ty TNHH Giáo Dục Nghề Nghiệp Sài Gòn,31/10/2022,Chứng nhận cơ bản,https://tinnhiemmang.vn/danh-ba-tin-nhiem/hoclaiotonet-1665800296
hoian.chomoi.angiang.gov.vn,UBND Thị trấn Hội An tỉnh An Giang,09/11/2023,Chứng nhận cơ bản,https://tinnhiemmang.vn/danh-ba-tin-nhiem/hoianchomoiangianggovvn-1699409964
hoichuthapdohaiduong.org.vn,Hội Chữ Thập đỏ tỉnh Hải Dương,07/10/2024,Chứng nhận cơ bản,https://tinnhiemmang.vn/danh-ba-tin-nhiem/hoichuthapdohaiduongorgvn-1728268642
hoidap.tayninh.gov.vn,Sở thông tin và truyền thông tỉnh Tây Ninh,24/11/2021,Chứng nhận cơ bản,https://tinnhiemmang.vn/danh-ba-tin-nhiem/hoidaptayninhgovvn-1637642057
hoilhpn.angiang.gov.vn,Hội liên hiệp phụ nữ tỉnh An Giang,09/11/2023,Chứng nhận cơ bản,https://tinnhiemmang.vn/danh-ba-tin-nhiem/hoilhpnangianggovvn-1699412357
hoinguoimu.thuathienhue.gov.vn,Hội người mù tỉnh Thừa Thiên Huế,15/07/2021,Chứng nhận cơ bản,https://tinnhiemmang.vn/danh-ba-tin-nhiem/hoinguoimuthuathienhuegovvn-1626315594
hoinongdan.dienbien.gov.vn,Trang Thông tin điện tử Hội Nông dân tỉnh Điện Biên,20/07/2022,Chứng nhận cơ bản,https://tinnhiemmang.vn/danh-ba-tin-nhiem/hoinongdandienbiengovvn-1658311770
hoinongdan.thuathienhue.gov.vn,Hội Nông dân tỉnh Thừa Thiên Huế,15/07/2021,Chứng nhận cơ bản,https://tinnhiemmang.vn/danh-ba-tin-nhiem/hoinongdanthuathienhuegovvn-1626315776
hoiphunu.dienbien.gov.vn,Trang Thông tin điện tử Hội phụ nữ tỉnh Điện Biên,20/07/2022,Chứng nhận cơ bản,https://tinnhiemmang.vn/danh-ba-tin-nhiem/hoiphunudienbiengovvn-1658311825
hoiphunu.thuathienhue.gov.vn,Hội liên hiệp Phụ nữ tỉnh Thừa Thiên Huế,15/07/2021,Chứng nhận cơ bản,https://tinnhiemmang.vn/danh-ba-tin-nhiem/hoiphunuthuathienhuegovvn-1626315846
hoivhnt.tayninh.gov.vn,Hội văn học nghệ thuật tỉnh Tây Ninh,24/11/2021,Chứng nhận cơ bản,https://tinnhiemmang.vn/danh-ba-tin-nhiem/hoivhnttayninhgovvn-1637642487
hongan.baolac.caobang.gov.vn,"UBND xã Hồng An, huyện Bảo Lạc, Cao Bằng",25/12/2023,Chứng nhận cơ bản,https://tinnhiemmang.vn/danh-ba-tin-nhiem/honganbaolaccaobanggovvn-1703475332
hongbac.thuathienhue.gov.vn,"UBND xã Hồng Bắc, huyện A Lưới, tỉnh Thừa Thiên Huế",19/07/2021,Chứng nhận cơ bản,https://tinnhiemmang.vn/danh-ba-tin-nhiem/hongbacthuathienhuegovvn-1626541724
hongduong.thanhoai.hanoi.gov.vn,"UBND xã Hồng Dương, Thanh Oai, Hà Nội",11/12/2023,Chứng nhận cơ bản,https://tinnhiemmang.vn/danh-ba-tin-nhiem/hongduongthanhoaihanoigovvn-1702278096
hongha.danphuong.hanoi.gov.vn,"UBND xã Hồng Hà huyện Đan Phượng, Hà Nội",10/05/2023,Chứng nhận cơ bản,https://tinnhiemmang.vn/danh-ba-tin-nhiem/honghadanphuonghanoigovvn-1683627381
hongha.thuathienhue.gov.vn,"UBND xã Hồng Hạ, huyện A Lưới, tỉnh Thừa Thiên Huế",19/07/2021,Chứng nhận cơ bản,https://tinnhiemmang.vn/danh-ba-tin-nhiem/honghathuathienhuegovvn-1626541804
hongkim.thuathienhue.gov.vn,"UBND xã Hồng Kim, huyện A Lưới, tỉnh Thừa Thiên Huế",19/07/2021,Chứng nhận cơ bản,https://tinnhiemmang.vn/danh-ba-tin-nhiem/hongkimthuathienhuegovvn-1626541935
hongnam.hoaan.caobang.gov.vn,"UBND xã Hồng Nam, huyện Hòa An, Cao Bằng",25/12/2023,Chứng nhận cơ bản,https://tinnhiemmang.vn/danh-ba-tin-nhiem/hongnamhoaancaobanggovvn-1703476289
hongquang.quanghoa.caobang.gov.vn,"UBND xã Hồng Quang, huyện Quảng Hòa, Cao Bằng",25/12/2023,Chứng nhận cơ bản,https://tinnhiemmang.vn/danh-ba-tin-nhiem/hongquangquanghoacaobanggovvn-1703218045
hongson.myduc.hanoi.gov.vn,"UBND xã Hồng Sơn, Hà Nội",20/06/2024,Chứng nhận cơ bản,https://tinnhiemmang.vn/danh-ba-tin-nhiem/hongsonmyduchanoigovvn-1718871639
hongsy.haquang.caobang.gov.vn,"UBND xã Hồng Sỹ, huyện Hà Quảng, Cao Bằng",25/12/2023,Chứng nhận cơ bản,https://tinnhiemmang.vn/danh-ba-tin-nhiem/hongsyhaquangcaobanggovvn-1703419308
hongthai.thuathienhue.gov.vn,"UBND Xã Hồng Thái, Huyện A Lưới, Tỉnh Thừa Thiên Huế",19/07/2021,Chứng nhận cơ bản,https://tinnhiemmang.vn/danh-ba-tin-nhiem/hongthaithuathienhuegovvn-1626542198
hongthuong.thuathienhue.gov.vn,"UBND Xã Hồng Thượng, huyện A Lưới, tỉnh Thừa Thiên Huế",19/07/2021,Chứng nhận cơ bản,https://tinnhiemmang.vn/danh-ba-tin-nhiem/hongthuongthuathienhuegovvn-1626542385
hongthuy.thuathienhue.gov.vn,"UBND xã Hồng Thủy, huyện A Lưới, tỉnh Thừa Thiên Huế",19/07/2021,Chứng nhận cơ bản,https://tinnhiemmang.vn/danh-ba-tin-nhiem/hongthuythuathienhuegovvn-1626542532
hongtri.baolac.caobang.gov.vn,"UBND xã Hồng Trị, huyện Bảo Lạc, Cao Bằng",25/12/2023,Chứng nhận cơ bản,https://tinnhiemmang.vn/danh-ba-tin-nhiem/hongtribaolaccaobanggovvn-1703475374
hongvan.thuathienhue.gov.vn,"UBND Xã Hồng Vân, huyện A Lưới, tỉnh Thừa Thiên Huế",19/07/2021,Chứng nhận cơ bản,https://tinnhiemmang.vn/danh-ba-tin-nhiem/hongvanthuathienhuegovvn-1626542582
hongviet.hoaan.caobang.gov.vn,"UBND xã Hồng Việt, huyện Hòa An, Cao Bằng",25/12/2023,Chứng nhận cơ bản,https://tinnhiemmang.vn/danh-ba-tin-nhiem/hongviethoaancaobanggovvn-1703476116
hop.thuathienhue.gov.vn,Sở Thông tin và Truyền thông tỉnh Thừa Thiên Huế,20/07/2021,Chứng nhận cơ bản,https://tinnhiemmang.vn/danh-ba-tin-nhiem/hopthuathienhuegovvn-1626776226
hopgiang.ubndtp.caobang.gov.vn,"UBND phường Hợp Giang, Thành phố Cao Bằng",25/12/2023,Chứng nhận cơ bản,https://tinnhiemmang.vn/danh-ba-tin-nhiem/hopgiangubndtpcaobanggovvn-1703419526
hoply.trieuson.thanhhoa.gov.vn,"UBND Xã Hợp Lý, tỉnh Thanh Hóa",17/01/2024,Chứng nhận cơ bản,https://tinnhiemmang.vn/danh-ba-tin-nhiem/hoplytrieusonthanhhoagovvn-1705459408
hopthang.trieuson.thanhhoa.gov.vn,"UBND Xã Hợp Thắng, tỉnh Thanh Hóa",17/01/2024,Chứng nhận cơ bản,https://tinnhiemmang.vn/danh-ba-tin-nhiem/hopthangtrieusonthanhhoagovvn-1705459503
hopthanh.myduc.hanoi.gov.vn,"UBND xã Hợp Thanh, Hà Nội",20/06/2024,Chứng nhận cơ bản,https://tinnhiemmang.vn/danh-ba-tin-nhiem/hopthanhmyduchanoigovvn-1718872606
hopthanh.trieuson.thanhhoa.gov.vn,"UBND Xã Hợp Thành, tỉnh Thanh Hóa",17/01/2024,Chứng nhận cơ bản,https://tinnhiemmang.vn/danh-ba-tin-nhiem/hopthanhtrieusonthanhhoagovvn-1705459456
hopthongminh.gialai.gov.vn,Văn phòng Ủy ban nhân dân tỉnh Gia Lai,24/01/2024,Chứng nhận cơ bản,https://tinnhiemmang.vn/danh-ba-tin-nhiem/hopthongminhgialaigovvn-1706063265
hoptien.myduc.hanoi.gov.vn,"UBND xã Hợp Tiến, Hà Nội",20/06/2024,Chứng nhận cơ bản,https://tinnhiemmang.vn/danh-ba-tin-nhiem/hoptienmyduchanoigovvn-1718872502
hoptien.trieuson.thanhhoa.gov.vn,"UBND Xã Hợp Tiến, tỉnh Thanh Hóa",17/01/2024,Chứng nhận cơ bản,https://tinnhiemmang.vn/danh-ba-tin-nhiem/hoptientrieusonthanhhoagovvn-1705459577
hscvtt.backan.gov.vn,UBND tỉnh Bắc Kạn,14/07/2022,Chứng nhận cơ bản,https://tinnhiemmang.vn/danh-ba-tin-nhiem/hscvttbackangovvn-1625480472
hssk.sbv.gov.vn,Ngân hàng Nhà nước Việt Nam,17/07/2024,Chứng nhận cơ bản,https://tinnhiemmang.vn/danh-ba-tin-nhiem/hssksbvgovvn-1626166840
hsskapi.sbv.gov.vn,Ngân hàng Nhà nước Việt Nam,28/09/2021,Chứng nhận cơ bản,https://tinnhiemmang.vn/danh-ba-tin-nhiem/hsskapisbvgovvn-1632828300
htdn.thuathienhue.gov.vn,Sở Kế hoạch và Đầu tư tỉnh Thừa Thiên Huế,14/07/2021,Chứng nhận cơ bản,https://tinnhiemmang.vn/danh-ba-tin-nhiem/htdnthuathienhuegovvn-1626246719
hue.customs.gov.vn,Cục Hải quan tỉnh Thừa Thiên Huế,11/08/2023,Chứng nhận cơ bản,https://tinnhiemmang.vn/danh-ba-tin-nhiem/huecustomsgovvn-1691727999
hueasean.thuathienhue.gov.vn,Sở Thông tin và Truyền thông tỉnh Thừa Thiên Huế,15/07/2021,Chứng nhận cơ bản,https://tinnhiemmang.vn/danh-ba-tin-nhiem/hueaseanthuathienhuegovvn-1626315963
huecity.gov.vn,UBND Thành phố Huế,30/07/2021,Chứng nhận cơ bản,https://tinnhiemmang.vn/danh-ba-tin-nhiem/huecitygovvn-1627619617
hueqc.thuathienhue.gov.vn,"Trung tâm Kiểm nghiệm thuốc, mỹ phẩm, thực phẩm Thừa Thiên Huế",15/07/2021,Chứng nhận cơ bản,https://tinnhiemmang.vn/danh-ba-tin-nhiem/hueqcthuathienhuegovvn-1626316167
hungdao.baolac.caobang.gov.vn,"UBND xã Hưng Đạo, huyện Bảo Lạc, Cao Bằng",25/12/2023,Chứng nhận cơ bản,https://tinnhiemmang.vn/danh-ba-tin-nhiem/hungdaobaolaccaobanggovvn-1703475527
hungdao.nguyenbinh.caobang.gov.vn,"UBND xã Hưng Đạo, huyện Nguyên Bình, Cao Bằng",25/12/2023,Chứng nhận cơ bản,https://tinnhiemmang.vn/danh-ba-tin-nhiem/hungdaonguyenbinhcaobanggovvn-1703427368
hungdao.ubndtp.caobang.gov.vn,"UBND xã Hưng Đạo, Thành phố Cao Bằng",25/12/2023,Chứng nhận cơ bản,https://tinnhiemmang.vn/danh-ba-tin-nhiem/hungdaoubndtpcaobanggovvn-1703419723
hungloc.hauloc.thanhhoa.gov.vn,"UBND xã Hưng Lộc, Huyện Hậu Lộc, tỉnh Thanh Hóa",21/08/2024,Chứng nhận cơ bản,https://tinnhiemmang.vn/danh-ba-tin-nhiem/hunglochaulocthanhhoagovvn-1724210869
hungthinh.baolac.caobang.gov.vn,"UBND xã Hưng Thịnh, huyện Bảo Lạc, Cao Bằng",25/12/2023,Chứng nhận cơ bản,https://tinnhiemmang.vn/danh-ba-tin-nhiem/hungthinhbaolaccaobanggovvn-1703475574
hungtien.myduc.hanoi.gov.vn,"UBND xã Hùng Tiến, Hà Nội",20/06/2024,Chứng nhận cơ bản,https://tinnhiemmang.vn/danh-ba-tin-nhiem/hungtienmyduchanoigovvn-1718872282
huongan.thuathienhue.gov.vn,"UBND phường Hương An, thành phố Huế, tỉnh Thừa Thiên Huế",19/07/2021,Chứng nhận cơ bản,https://tinnhiemmang.vn/danh-ba-tin-nhiem/huonganthuathienhuegovvn-1626542907
huongbinh.thuathienhue.gov.vn,"UBND xã Hương Bình, thị xã Hương Trà, tỉnh Thừa Thiên Huế",19/07/2021,Chứng nhận cơ bản,https://tinnhiemmang.vn/danh-ba-tin-nhiem/huongbinhthuathienhuegovvn-1626543064
huongchu.thuathienhue.gov.vn,"UBND phường Hương Chữ, thị xã Hương Trà, tỉnh Thừa Thiên Huế",19/07/2021,Chứng nhận cơ bản,https://tinnhiemmang.vn/danh-ba-tin-nhiem/huongchuthuathienhuegovvn-1626543237
huongho.thuathienhue.gov.vn,"UBND phường Hương Hồ, thành phố Huế, tỉnh Thừa Thiên Huế",19/07/2021,Chứng nhận cơ bản,https://tinnhiemmang.vn/danh-ba-tin-nhiem/huonghothuathienhuegovvn-1626543316
huonghuu.thuathienhue.gov.vn,"UBND xã Hương Hữu, huyện Nam Đông, tỉnh Thừa Thiên Huế",19/07/2021,Chứng nhận cơ bản,https://tinnhiemmang.vn/danh-ba-tin-nhiem/huonghuuthuathienhuegovvn-1626543490
huongloc.thuathienhue.gov.vn,"UBND xã Hương Lộc, huyện Nam Đông, tỉnh Thừa Thiên Huế",19/07/2021,Chứng nhận cơ bản,https://tinnhiemmang.vn/danh-ba-tin-nhiem/huonglocthuathienhuegovvn-1626543554
huonglong.thuathienhue.gov.vn,"UBND phường Hương Long, Thành phố Huế, tỉnh Thừa Thiên Huế",19/07/2021,Chứng nhận cơ bản,https://tinnhiemmang.vn/danh-ba-tin-nhiem/huonglongthuathienhuegovvn-1626543730
huonglung.camkhe.phutho.gov.vn,UBND Xã Hương Lung tỉnh Phú Thọ,03/10/2023,Chứng nhận cơ bản,https://tinnhiemmang.vn/danh-ba-tin-nhiem/huonglungcamkhephuthogovvn-1696237481
huongngai.thachthat.hanoi.gov.vn,UBND xã Hương Ngải  huyện Thạch Thất Thành phố Hà Nội,10/05/2023,Chứng nhận cơ bản,https://tinnhiemmang.vn/danh-ba-tin-nhiem/huongngaithachthathanoigovvn-1683622009
huongnguyen.thuathienhue.gov.vn,"UBND xã Hương Nguyên, huyện A Lưới, tỉnh Thừa Thiên Huế",19/07/2021,Chứng nhận cơ bản,https://tinnhiemmang.vn/danh-ba-tin-nhiem/huongnguyenthuathienhuegovvn-1626543655
huongphongtphue.thuathienhue.gov.vn,UBND xã Hương Phong - TP Huế,30/12/2021,Chứng nhận cơ bản,https://tinnhiemmang.vn/danh-ba-tin-nhiem/huongphongtphuethuathienhuegovvn-1640837688
huongphu.thuathienhue.gov.vn,"UBND xã Hương Phú, huyện Nam Đông, tỉnh Thừa Thiên Huế",19/07/2021,Chứng nhận cơ bản,https://tinnhiemmang.vn/danh-ba-tin-nhiem/huongphuthuathienhuegovvn-1626544084
huongso.thuathienhue.gov.vn,"UBND Phường Hương Sơ, Thành phố Huế, tỉnh Thừa Thiên Huế",19/07/2021,Chứng nhận cơ bản,https://tinnhiemmang.vn/danh-ba-tin-nhiem/huongsothuathienhuegovvn-1626547504
huongson.myduc.hanoi.gov.vn,"UBND xã Hương Sơn, Hà Nội",20/06/2024,Chứng nhận cơ bản,https://tinnhiemmang.vn/danh-ba-tin-nhiem/huongsonmyduchanoigovvn-1718872211
huongson.thuathienhue.gov.vn,"UBND xã Hương Sơn, huyện Nam Đông, tỉnh Thừa Thiên Huế",19/07/2021,Chứng nhận cơ bản,https://tinnhiemmang.vn/danh-ba-tin-nhiem/huongsonthuathienhuegovvn-1626544534
huongtho.thuathienhue.gov.vn,"UBND xã Hương Thọ, thị xã Hương Trà, tỉnh Thừa Thiên Huế",19/07/2021,Chứng nhận cơ bản,https://tinnhiemmang.vn/danh-ba-tin-nhiem/huongthothuathienhuegovvn-1626662856
huongthuy.thuathienhue.gov.vn,"UBND Thị xã Hương Thủy, tỉnh Thừa Thiên Huế",15/07/2021,Chứng nhận cơ bản,https://tinnhiemmang.vn/danh-ba-tin-nhiem/huongthuythuathienhuegovvn-1626321448
huongtoan.thuathienhue.gov.vn,"UBND phường Hương Toàn, thị xã Hương Trà, tỉnh Thừa Thiên Huế",19/07/2021,Chứng nhận cơ bản,https://tinnhiemmang.vn/danh-ba-tin-nhiem/huongtoanthuathienhuegovvn-1626544750
huongtra.thuathienhue.gov.vn,"UBND Thị xã Hương, tỉnh Thừa Thiên Huế",15/07/2021,Chứng nhận cơ bản,https://tinnhiemmang.vn/danh-ba-tin-nhiem/huongtrathuathienhuegovvn-1626321521
huongvan01.thuathienhue.gov.vn,"UBND phường Hương Văn, thị xã Hương Trà, tỉnh Thừa Thiên Huế",19/07/2021,Chứng nhận cơ bản,https://tinnhiemmang.vn/danh-ba-tin-nhiem/huongvan01thuathienhuegovvn-1626545728
huongvan02.thuathienhue.gov.vn,"UBND phường Hương Văn, thị xã Hương Trà, tỉnh Thừa Thiên Huế",22/07/2021,Chứng nhận cơ bản,https://tinnhiemmang.vn/danh-ba-tin-nhiem/huongvan02thuathienhuegovvn-1626920737
huongvinh.thuathienhue.gov.vn,"UBND Xã Hương Vinh, thị xã Hương Trà, tỉnh Thừa Thiên Huế",19/07/2021,Chứng nhận cơ bản,https://tinnhiemmang.vn/danh-ba-tin-nhiem/huongvinhthuathienhuegovvn-1626546144
huongxuan.thuathienhue.gov.vn,"UBND Phường Hương Xuân, Thị xã Hương Trà, Tỉnh Thừa Thiên Huế",19/07/2021,Chứng nhận cơ bản,https://tinnhiemmang.vn/danh-ba-tin-nhiem/huongxuanthuathienhuegovvn-1626546424
huongxuannd.thuathienhue.gov.vn,"UBND Xã Hương Xuân, huyện Nam Đông, tỉnh Thừa Thiên Huế",19/07/2021,Chứng nhận cơ bản,https://tinnhiemmang.vn/danh-ba-tin-nhiem/huongxuanndthuathienhuegovvn-1626546512
huubang.thachthat.hanoi.gov.vn,UBND xã Hữu Bằng huyện Thạch Thất Hà Nội,10/05/2023,Chứng nhận cơ bản,https://tinnhiemmang.vn/danh-ba-tin-nhiem/huubangthachthathanoigovvn-1683615848
huuhoa.thanhtri.hanoi.gov.vn,"UBND Xã Hữu Hòa huyện hanh Trì, Hà Nội",10/05/2023,Chứng nhận cơ bản,https://tinnhiemmang.vn/danh-ba-tin-nhiem/huuhoathanhtrihanoigovvn-1683708818
huuthanh.vinhlong.gov.vn,UBND xã Hựu Thành tỉnh Vĩnh Long,15/07/2021,Chứng nhận cơ bản,https://tinnhiemmang.vn/danh-ba-tin-nhiem/huuthanhvinhlonggovvn-1626268109
huyendamha.vn,"Trung tâm Truyền thông và Văn hóa huyện Đầm Hà, tỉnh Quảng Ninh",18/11/2021,Chứng nhận cơ bản,https://tinnhiemmang.vn/danh-ba-tin-nhiem/huyendamhavn-1637167085
huyentung.backancity.gov.vn,Ủy ban nhân dân phường Huyền Tụng tỉnh Bắc Kạn,10/04/2024,Chứng nhận cơ bản,https://tinnhiemmang.vn/danh-ba-tin-nhiem/huyentungbackancitygovvn-1712714767
huyenuybudang.binhphuoc.vn,Huyện ủy Bù Đăng tỉnh Bình Phước,27/12/2023,Chứng nhận cơ bản,https://tinnhiemmang.vn/danh-ba-tin-nhiem/huyenuybudangbinhphuocvn-1703650448
huyenuybudop.vn,Huyện ủy Bù Đốp tỉnh Bình Phước,27/12/2023,Chứng nhận cơ bản,https://tinnhiemmang.vn/danh-ba-tin-nhiem/huyenuybudopvn-1703650712
huygiap.baolac.caobang.gov.vn,"UBND xã Huy Giáp, huyện Bảo Lạc, Cao Bằng",25/12/2023,Chứng nhận cơ bản,https://tinnhiemmang.vn/danh-ba-tin-nhiem/huygiapbaolaccaobanggovvn-1703475491
hydo.vn,Công Ty TNHH Hydo,12/08/2022,Chứng nhận cơ bản,https://tinnhiemmang.vn/danh-ba-tin-nhiem/hydovn-1660188459
ict.backan.gov.vn,Sở Thông tin và Truyền thông Bắc Kạn,27/08/2021,Chứng nhận cơ bản,https://tinnhiemmang.vn/danh-ba-tin-nhiem/ictbackangovvn-1630035910
ict.hatinh.gov.vn,UBND Tỉnh Hà Tĩnh,11/03/2024,Chứng nhận cơ bản,https://tinnhiemmang.vn/danh-ba-tin-nhiem/icthatinhgovvn-1709783688
ictangiang.vn,Trung tâm Công nghệ thông tin và Truyền thông tỉnh An Giang,09/11/2023,Chứng nhận cơ bản,https://tinnhiemmang.vn/danh-ba-tin-nhiem/ictangiangvn-1699412494
ieltsmastery.edu.vn,Công ty TNHH Giáo Dục Chuyên sâu ILP,14/11/2022,Chứng nhận cơ bản,https://tinnhiemmang.vn/danh-ba-tin-nhiem/ieltsmasteryeduvn-1668410999
ioc.thuathienhue.gov.vn,"Trung tâm Giám sát, điều hành đô thị thông minh tỉnh Thừa Thiên Huế",19/07/2021,Chứng nhận cơ bản,https://tinnhiemmang.vn/danh-ba-tin-nhiem/iocthuathienhuegovvn-1626681072
ipc.sonla.gov.vn,Trung tâm Xúc tiến đầu tư tỉnh Sơn La,18/01/2022,Chứng nhận cơ bản,https://tinnhiemmang.vn/danh-ba-tin-nhiem/ipcsonlagovvn-1642499620
ipc1.gov.vn,Trung tâm Khuyến công và Tư vấn phát triển công nghiệp I - tỉnh Nam Định,25/10/2021,Chứng nhận cơ bản,https://tinnhiemmang.vn/danh-ba-tin-nhiem/ipc1govvn-1634974594
itpc.bacninh.gov.vn,"Trung Tâm Xúc Tiến Đầu Tư, Thương Mại Và Du Lịch Bắc Ninh",02/11/2021,Chứng nhận cơ bản,https://tinnhiemmang.vn/danh-ba-tin-nhiem/itpcbacninhgovvn-1635846688
iza.bacninh.gov.vn,Ban Quản Lý Các Khu Công Nghiệp Bắc Ninh,30/11/2021,Chứng nhận cơ bản,https://tinnhiemmang.vn/danh-ba-tin-nhiem/izabacninhgovvn-1638178523
izaninhbinh.gov.vn,Ban Quản lý các khu công nghiệp,27/06/2024,Chứng nhận cơ bản,https://tinnhiemmang.vn/danh-ba-tin-nhiem/izaninhbinhgovvn-1719457804
kadon.donduong.lamdong.gov.vn,UBND Xã Ka Đơn - Huyện Đơn Dương,11/04/2024,Chứng nhận cơ bản,https://tinnhiemmang.vn/danh-ba-tin-nhiem/kadondonduonglamdonggovvn-1712739972
kbnn.laocai.gov.vn,Kho bạc nhà nước tỉnh Lào Cai,25/11/2021,Chứng nhận cơ bản,https://tinnhiemmang.vn/danh-ba-tin-nhiem/kbnnlaocaigovvn-1637808857
kenhtvel.net,Công ty TNHH Một thành viên Truyền hình Giáo dục và Pháp luật,17/10/2022,Chứng nhận cơ bản,https://tinnhiemmang.vn/danh-ba-tin-nhiem/kenhtvelnet-1631563821
ketquatthc.dongnai.gov.vn,Kết Quả Thủ Tục Hành Chính tỉnh Đồng Nai,18/12/2023,Chứng nhận cơ bản,https://tinnhiemmang.vn/danh-ba-tin-nhiem/ketquatthcdongnaigovvn-1702872967
khamthanh.trungkhanh.caobang.gov.vn,"UBND xã Khâm Thành, huyện Trùng Khánh, Cao Bằng",25/12/2023,Chứng nhận cơ bản,https://tinnhiemmang.vn/danh-ba-tin-nhiem/khamthanhtrungkhanhcaobanggovvn-1703473979
khamthien.dongda.hanoi.gov.vn,"Phường Khâm Thiên, Quận Đống Đa, Thành phố Hà Nội",15/06/2021,Chứng nhận cơ bản,https://tinnhiemmang.vn/danh-ba-tin-nhiem/khamthiendongdahanoigovvn-1623561331
khangninh.babe.gov.vn,"UBND xã Khang Ninh, huyện Ba Bể, tỉnh Bắc Kạn",10/04/2024,Chứng nhận cơ bản,https://tinnhiemmang.vn/danh-ba-tin-nhiem/khangninhbabegovvn-1712637645
khangthinh.vn,Công ty TNHH sản xuất và thương mại Khang Thịnh,30/11/2022,Chứng nhận cơ bản,https://tinnhiemmang.vn/danh-ba-tin-nhiem/khangthinhvn-1669795278
khanhan.anphu.angiang.gov.vn,Xã Khánh An tỉnh An Giang,09/11/2023,Chứng nhận cơ bản,https://tinnhiemmang.vn/danh-ba-tin-nhiem/khanhananphuangianggovvn-1699348539
khanhbinh.anphu.angiang.gov.vn,Xã Khánh Bình tỉnh An Giang,09/11/2023,Chứng nhận cơ bản,https://tinnhiemmang.vn/danh-ba-tin-nhiem/khanhbinhanphuangianggovvn-1699348587
khanhbinh.khanhvinh.khanhhoa.gov.vn,UBND xã Khánh Bình tỉnh Khánh Hòa,14/07/2022,Chứng nhận cơ bản,https://tinnhiemmang.vn/danh-ba-tin-nhiem/khanhbinhkhanhvinhkhanhhoagovvn-1626074616
khanhdong.khanhvinh.khanhhoa.gov.vn,UBND xã Khánh Đông tỉnh Khánh Hòa,14/07/2022,Chứng nhận cơ bản,https://tinnhiemmang.vn/danh-ba-tin-nhiem/khanhdongkhanhvinhkhanhhoagovvn-1626074723
khanhhiep.khanhvinh.khanhhoa.gov.vn,UBND xã Khánh Hiệp tỉnh Khánh Hòa,14/07/2022,Chứng nhận cơ bản,https://tinnhiemmang.vn/danh-ba-tin-nhiem/khanhhiepkhanhvinhkhanhhoagovvn-1626074544
khanhhoa.chauphu.angiang.gov.vn,UBND Xã Khánh Hòa tỉnh An Giang,09/11/2023,Chứng nhận cơ bản,https://tinnhiemmang.vn/danh-ba-tin-nhiem/khanhhoachauphuangianggovvn-1699361266
khanhhoa.customs.gov.vn,Cục Hải quan tỉnh Khánh Hòa,11/08/2023,Chứng nhận cơ bản,https://tinnhiemmang.vn/danh-ba-tin-nhiem/khanhhoacustomsgovvn-1691726876
khanhnam.khanhvinh.khanhhoa.gov.vn,UBND xã Khánh Nam tỉnh Khánh Hòa,14/07/2022,Chứng nhận cơ bản,https://tinnhiemmang.vn/danh-ba-tin-nhiem/khanhnamkhanhvinhkhanhhoagovvn-1626073731
khanhphu.khanhvinh.khanhhoa.gov.vn,UBND xã Khánh Phú tỉnh Khánh Hòa,14/07/2022,Chứng nhận cơ bản,https://tinnhiemmang.vn/danh-ba-tin-nhiem/khanhphukhanhvinhkhanhhoagovvn-1626073505
khanhthanh.khanhvinh.khanhhoa.gov.vn,UBND xã Khánh Thành tỉnh Khánh Hòa,14/07/2022,Chứng nhận cơ bản,https://tinnhiemmang.vn/danh-ba-tin-nhiem/khanhthanhkhanhvinhkhanhhoagovvn-1626073439
khanhthuong.khanhvinh.khanhhoa.gov.vn,UBND xã Khánh Thượng tỉnh Khánh Hòa,14/07/2022,Chứng nhận cơ bản,https://tinnhiemmang.vn/danh-ba-tin-nhiem/khanhthuongkhanhvinhkhanhhoagovvn-1626072997
khanhxuan.baolac.caobang.gov.vn,"UBND xã Khánh Xuân, huyện Bảo Lạc, Cao Bằng",25/12/2023,Chứng nhận cơ bản,https://tinnhiemmang.vn/danh-ba-tin-nhiem/khanhxuanbaolaccaobanggovvn-1703475614
khcnbackan.gov.vn,Sở Khoa học và Công nghệ tỉnh Bắc Kạn,14/07/2022,Chứng nhận cơ bản,https://tinnhiemmang.vn/danh-ba-tin-nhiem/khcnbackangovvn-1625476595
khetre.thuathienhue.gov.vn,"UBND Thị trấn Khe Tre, huyện Nam Đông, tỉnh Thừa Thiên Huế",19/07/2021,Chứng nhận cơ bản,https://tinnhiemmang.vn/danh-ba-tin-nhiem/khetrethuathienhuegovvn-1626546592
khobac.vinhlong.gov.vn,Kho bạc nhà nước Vĩnh Long,09/10/2023,Chứng nhận cơ bản,https://tinnhiemmang.vn/danh-ba-tin-nhiem/khobacvinhlonggovvn-1696566617
khonggianmang.vn,Trung tâm Giám sát an toàn không gian mạng quốc gia (NCSC),01/04/2021,Chứng nhận nâng cao,https://tinnhiemmang.vn/danh-ba-tin-nhiem/khonggianmangvn
khucongnghiep.vinhlong.gov.vn,Ban quản lý các KCN tỉnh Vĩnh Long,01/07/2021,Chứng nhận cơ bản,https://tinnhiemmang.vn/danh-ba-tin-nhiem/khucongnghiepvinhlonggovvnportalwpbqlkcnpageindexcpx-1625050457
khuemy.danang.gov.vn,UBND phường Khuê Mỹ,08/12/2023,Chứng nhận cơ bản,https://tinnhiemmang.vn/danh-ba-tin-nhiem/khuemydananggovvn-1701998608
khuetrung.danang.gov.vn,"UBND phường Khê Trung, Đà Nẵng",25/11/2021,Chứng nhận cơ bản,https://tinnhiemmang.vn/danh-ba-tin-nhiem/khuetrungdananggovvn-1637766936
khuongdinh.thanhxuan.hanoi.gov.vn,"Phường Khương Đình, Quận Thanh Xuân, Thành phố Hà Nội",15/06/2021,Chứng nhận cơ bản,https://tinnhiemmang.vn/danh-ba-tin-nhiem/khuongdinhthanhxuanhanoigovvn-1623640382
khuongmai.thanhxuan.hanoi.gov.vn,"Phường Khương Mai, Quận Thanh Xuân, Thành phố Hà Nội",15/06/2021,Chứng nhận cơ bản,https://tinnhiemmang.vn/danh-ba-tin-nhiem/khuongmaithanhxuanhanoigovvn-1623640856
khuongthuong.dongda.hanoi.gov.vn,"Phường Khương Thượng,  Quận Đống Đa,  Thành phố Hà Nội",15/06/2021,Chứng nhận cơ bản,https://tinnhiemmang.vn/danh-ba-tin-nhiem/khuongthuongdongdahanoigovvn-1623561444
khuongtrung.thanhxuan.hanoi.gov.vn,"Phường Khương Trung, Quận Thanh Xuân, Thành phố Hà Nội",15/06/2021,Chứng nhận cơ bản,https://tinnhiemmang.vn/danh-ba-tin-nhiem/khuongtrungthanhxuanhanoigovvn-1623640620
khuyencongbinhthuan.com.vn,Trung tâm Khuyến công và Xúc tiến thương mại Bình Thuận,02/01/2024,Chứng nhận cơ bản,https://tinnhiemmang.vn/danh-ba-tin-nhiem/khuyencongbinhthuancomvn-1703814556
khuyennong.trieuson.thanhhoa.gov.vn,"UBND Xã Khuyến Nông, tỉnh Thanh Hóa",17/01/2024,Chứng nhận cơ bản,https://tinnhiemmang.vn/danh-ba-tin-nhiem/khuyennongtrieusonthanhhoagovvn-1705459626
kiemlambrvt.org.vn,Chi cục Kiểm lâm tỉnh Bà Rịa-Vũng Tàu,04/08/2021,Chứng nhận cơ bản,https://tinnhiemmang.vn/danh-ba-tin-nhiem/kiemlambrvtorgvn-1628071734
kiemtradulieugis.thuathienhue.gov.vn,Sở Thông tin và Truyền thông tỉnh Thừa Thiên Huế,20/07/2021,Chứng nhận cơ bản,https://tinnhiemmang.vn/danh-ba-tin-nhiem/kiemtradulieugisthuathienhuegovvn-1626776202
kienan.chomoi.angiang.gov.vn,UBND Xã Kiến An tỉnh An Giang,09/11/2023,Chứng nhận cơ bản,https://tinnhiemmang.vn/danh-ba-tin-nhiem/kienanchomoiangianggovvn-1699409343
kiengiang.customs.gov.vn,Cục Hải quan tỉnh Kiên Giang,11/08/2023,Chứng nhận cơ bản,https://tinnhiemmang.vn/danh-ba-tin-nhiem/kiengiangcustomsgovvn-1691727959
kienthanh.chomoi.angiang.gov.vn,UBND Xã Kiến Thành tỉnh An Giang,09/11/2023,Chứng nhận cơ bản,https://tinnhiemmang.vn/danh-ba-tin-nhiem/kienthanhchomoiangianggovvn-1699409574
kientho.ngoclac.thanhhoa.gov.vn,UBND xã Kiên Thọ tỉnh Thanh Hóa,29/05/2024,Chứng nhận cơ bản,https://tinnhiemmang.vn/danh-ba-tin-nhiem/kienthongoclacthanhhoagovvn-1716890067
kieuky.gialam.hanoi.gov.vn,"UBND  Xã Kiêu Kỵ, Huyện Gia Lâm, Thành Phố Hà Nội",11/11/2024,Chứng nhận cơ bản,https://tinnhiemmang.vn/danh-ba-tin-nhiem/kieukygialamhanoigovvn-1731049430
kiman.thanhoai.hanoi.gov.vn,"UBND xã Kim An, Thanh Oai, Hà Nội",11/12/2023,Chứng nhận cơ bản,https://tinnhiemmang.vn/danh-ba-tin-nhiem/kimanthanhoaihanoigovvn-1702277946
kimbai.thanhoai.hanoi.gov.vn,"UBND thị trấn Kim Bài, Thanh Oai, Hà Nội",11/12/2023,Chứng nhận cơ bản,https://tinnhiemmang.vn/danh-ba-tin-nhiem/kimbaithanhoaihanoigovvn-1702278207
kimcuc.baolac.caobang.gov.vn,"UBND xã Kim Cúc, huyện Bảo Lạc, Cao Bằng",25/12/2023,Chứng nhận cơ bản,https://tinnhiemmang.vn/danh-ba-tin-nhiem/kimcucbaolaccaobanggovvn-1703475652
kimdong.hungyen.gov.vn,UBND huyện Kim Động - tỉnh Hưng Yên,15/07/2021,Chứng nhận cơ bản,https://tinnhiemmang.vn/danh-ba-tin-nhiem/kimdonghungyengovvn-1626333159
kimdong.thachan.caobang.gov.vn,"UBND xã Kim Đồng, huyện Thạch An, Cao Bằng",25/12/2023,Chứng nhận cơ bản,https://tinnhiemmang.vn/danh-ba-tin-nhiem/kimdongthachancaobanggovvn-1703218853
kimduong-unghoa.thudo.gov.vn,"UBND Xã Kim Đường, Hà Nội",17/12/2024,Chứng nhận cơ bản,https://tinnhiemmang.vn/danh-ba-tin-nhiem/kimduong-unghoathudogovvn-1734401867
kimgiang.thanhxuan.hanoi.gov.vn,"Phường Kim Giang, Quận Thanh Xuân, Thành phố Hà Nội",15/06/2021,Chứng nhận cơ bản,https://tinnhiemmang.vn/danh-ba-tin-nhiem/kimgiangthanhxuanhanoigovvn-1623641591
kimlan.gialam.hanoi.gov.vn,"UBND xã Kim Lan, Gia Lâm, Hà Nội",11/11/2024,Chứng nhận cơ bản,https://tinnhiemmang.vn/danh-ba-tin-nhiem/kimlangialamhanoigovvn-1731049761
kimlien.dongda.hanoi.gov.vn,"Phường Kim Liên, Quận Đống Đa, Thành phố Hà Nội",15/06/2021,Chứng nhận cơ bản,https://tinnhiemmang.vn/danh-ba-tin-nhiem/kimliendongdahanoigovvn-1623561543
kimloan.halang.caobang.gov.vn,"UBND xã Kim Loan, huyện Hạ Lang, Cao Bằng",25/12/2023,Chứng nhận cơ bản,https://tinnhiemmang.vn/danh-ba-tin-nhiem/kimloanhalangcaobanggovvn-1703474824
kimlong.thuathienhue.gov.vn,"UBND Phường Kim Long, Thành phố Huế, Tỉnh Thừa Thiên Huế",19/07/2021,Chứng nhận cơ bản,https://tinnhiemmang.vn/danh-ba-tin-nhiem/kimlongthuathienhuegovvn-1626546654
kimma.badinh.hanoi.gov.vn,"UBND phường Kim Mã, quận Ba Đình, Hà Nội",11/12/2023,Chứng nhận cơ bản,https://tinnhiemmang.vn/danh-ba-tin-nhiem/kimmabadinhhanoigovvn-1702278675
kimno.donganh.hanoi.gov.vn,"UBND xã Kim Nỗ, Hà Nội",20/06/2024,Chứng nhận cơ bản,https://tinnhiemmang.vn/danh-ba-tin-nhiem/kimnodonganhhanoigovvn-1718867445
kimquan.thachthat.hanoi.gov.vn,UBND xã Kim Quan huyện Thạch Thất Hà Nội,10/05/2023,Chứng nhận cơ bản,https://tinnhiemmang.vn/danh-ba-tin-nhiem/kimquanthachthathanoigovvn-1683605654
kimson.sontay.hanoi.gov.vn,"UBND xã Kim Sơn, thị xã Sơn Tây, Hà Nội",27/11/2024,Chứng nhận cơ bản,https://tinnhiemmang.vn/danh-ba-tin-nhiem/kimsonsontayhanoigovvn-1732682469
kimtan.thachthanh.thanhhoa.gov.vn,UBND Thị trấn Kim Tân tỉnh Thanh Hóa,29/05/2024,Chứng nhận cơ bản,https://tinnhiemmang.vn/danh-ba-tin-nhiem/kimtanthachthanhthanhhoagovvn-1716967630
kimthu.thanhoai.hanoi.gov.vn,"UBND xã Kim Thư, Thanh Oai, Hà Nội",11/12/2023,Chứng nhận cơ bản,https://tinnhiemmang.vn/danh-ba-tin-nhiem/kimthuthanhoaihanoigovvn-1702277988
klth.org.vn,Chi cục kiểm lâm Thanh Hóa,25/11/2024,Chứng nhận cơ bản,https://tinnhiemmang.vn/danh-ba-tin-nhiem/klthorgvn-1732249761
kontum.edu.vn,Sở Giáo dục và Đào tạo tỉnh Kon Tum,12/12/2023,Chứng nhận cơ bản,https://tinnhiemmang.vn/danh-ba-tin-nhiem/kontumeduvn-1698369501
krongpa.gialai.gov.vn,"UBND huyện Krông Pa, tỉnh Gia Lai",10/01/2024,Chứng nhận cơ bản,https://tinnhiemmang.vn/danh-ba-tin-nhiem/krongpagialaigovvn-1704856930
ktdb.vn,Công Ty Cổ Phần Truyền Thông 1Z Networks,04/04/2022,Chứng nhận cơ bản,https://tinnhiemmang.vn/danh-ba-tin-nhiem/ktdbvn-1647961838
lacquoi.triton.angiang.gov.vn,UBND Xã Lạc Quới tỉnh An Giang,09/11/2023,Chứng nhận cơ bản,https://tinnhiemmang.vn/danh-ba-tin-nhiem/lacquoitritonangianggovvn-1699411130
laithanh.kimson.ninhbinh.gov.vn,"UBND xã Lai Thành, huyện Kim Sơn, tỉnh Ninh Bình",24/09/2024,Chứng nhận cơ bản,https://tinnhiemmang.vn/danh-ba-tin-nhiem/laithanhkimsonninhbinhgovvn-1727169151
laithuong.thachthat.hanoi.gov.vn,UBND xã Lại Thượng huyện Thạch Thất Thành phố Hà Nội,10/05/2023,Chứng nhận cơ bản,https://tinnhiemmang.vn/danh-ba-tin-nhiem/laithuongthachthathanoigovvn-1683616335
lamdot.thuathienhue.gov.vn,"UBND xã Lâm, Đớt, huyện A Lưới, tỉnh Thừa Thiên Huế",19/07/2021,Chứng nhận cơ bản,https://tinnhiemmang.vn/danh-ba-tin-nhiem/lamdotthuathienhuegovvn-1626546770
lamha.kienan.haiphong.gov.vn,"UBND phường Lãm Hà, quận Kiến An, thành phố Hải Phòng",23/02/2024,Chứng nhận cơ bản,https://tinnhiemmang.vn/danh-ba-tin-nhiem/lamhakienanhaiphonggovvn-1708587587
lamphu.langchanh.thanhhoa.gov.vn,UBND xã Lâm Phú tỉnh Thanh Hóa,10/04/2024,Chứng nhận cơ bản,https://tinnhiemmang.vn/danh-ba-tin-nhiem/lamphulangchanhthanhhoagovvn-1712733182
lamson.bimson.thanhhoa.gov.vn,UBND phường Lam Sơn tỉnh Thanh Hóa,29/05/2024,Chứng nhận cơ bản,https://tinnhiemmang.vn/danh-ba-tin-nhiem/lamsonbimsonthanhhoagovvn-1716892601
lamson.ngoclac.thanhhoa.gov.vn,UBND xã Lam Sơn tỉnh Thanh Hóa,29/05/2024,Chứng nhận cơ bản,https://tinnhiemmang.vn/danh-ba-tin-nhiem/lamsonngoclacthanhhoagovvn-1716890156
lamson.thoxuan.thanhhoa.gov.vn,UBND thị trấn Lam Sơn tỉnh Thanh Hóa,10/04/2024,Chứng nhận cơ bản,https://tinnhiemmang.vn/danh-ba-tin-nhiem/lamsonthoxuanthanhhoagovvn-1712733383
lamson.tpthanhhoa.thanhhoa.gov.vn,"UBND Phường Lam Sơn, Thành phố Thanh Hóa, tỉnh Thanh Hóa",26/09/2024,Chứng nhận cơ bản,https://tinnhiemmang.vn/danh-ba-tin-nhiem/lamsontpthanhhoathanhhoagovvn-1727318310
langco.thuathienhue.gov.vn,"UBND Thị trấn Lăng Cô, huyện Phú Lộc, tỉnh Thừa Thiên Huế",19/07/2021,Chứng nhận cơ bản,https://tinnhiemmang.vn/danh-ba-tin-nhiem/langcothuathienhuegovvn-1626546820
langha.dongda.hanoi.gov.vn,"Phường Láng Hạ,  Quận Đống Đa,  Thành phố Hà Nội",15/06/2021,Chứng nhận cơ bản,https://tinnhiemmang.vn/danh-ba-tin-nhiem/langhadongdahanoigovvn-1623561721
langhieu.trungkhanh.caobang.gov.vn,"UBND xã Lăng Hiếu, huyện Trùng Khánh, Cao Bằng",25/12/2023,Chứng nhận cơ bản,https://tinnhiemmang.vn/danh-ba-tin-nhiem/langhieutrungkhanhcaobanggovvn-1703474018
langson.customs.gov.vn,Cục Hải quan tỉnh Lạng Sơn,11/08/2023,Chứng nhận cơ bản,https://tinnhiemmang.vn/danh-ba-tin-nhiem/langsoncustomsgovvn-1691728326
langthuong.dongda.hanoi.gov.vn,"Phường Láng Thượng,  Quận Đống Đa,  Thành phố Hà Nội",15/06/2021,Chứng nhận cơ bản,https://tinnhiemmang.vn/danh-ba-tin-nhiem/langthuongdongdahanoigovvn-1623562348
laocai.customs.gov.vn,Cục Hải quan tỉnh Lào Cai,11/08/2023,Chứng nhận cơ bản,https://tinnhiemmang.vn/danh-ba-tin-nhiem/laocaicustomsgovvn-1691728286
lasonfa.vn,Lasonfa,15/11/2022,Chứng nhận cơ bản,https://tinnhiemmang.vn/danh-ba-tin-nhiem/lasonfavn-1668261911
ldldbacgiang.org.vn,Liên đoàn Lao động tỉnh Bắc Giang,14/07/2022,Chứng nhận cơ bản,https://tinnhiemmang.vn/danh-ba-tin-nhiem/ldldbacgiangorgvn-1625990235
ldxh.thuathienhue.gov.vn,Sở Lao động - Thương binh và Xã hội tỉnh Thừa Thiên Huế,20/07/2021,Chứng nhận cơ bản,https://tinnhiemmang.vn/danh-ba-tin-nhiem/ldxhthuathienhuegovvn-1626774754
lechanh.tanchau.angiang.gov.vn,UBND Xã Lê Chánh tỉnh An Giang,09/11/2023,Chứng nhận cơ bản,https://tinnhiemmang.vn/danh-ba-tin-nhiem/lechanhtanchauangianggovvn-1699360808
lechi.gialam.hanoi.gov.vn,"UBND xã Lệ Chi, Gia Lâm, Hà Nội",11/11/2024,Chứng nhận cơ bản,https://tinnhiemmang.vn/danh-ba-tin-nhiem/lechigialamhanoigovvn-1731049600
lechung.hoaan.caobang.gov.vn,"UBND xã Lê Chung, huyện Hòa An, Cao Bằng",25/12/2023,Chứng nhận cơ bản,https://tinnhiemmang.vn/danh-ba-tin-nhiem/lechunghoaancaobanggovvn-1703476247
ledaihanh.haibatrung.hanoi.gov.vn,UBND phường Lê Đại Hành quận Hai Bà Trưng Hà Nội,10/05/2023,Chứng nhận cơ bản,https://tinnhiemmang.vn/danh-ba-tin-nhiem/ledaihanhhaibatrunghanoigovvn-1683602547
lelai.thachan.caobang.gov.vn,"UBND xã Lê Lai, huyện Thạch An, Cao Bằng",25/12/2023,Chứng nhận cơ bản,https://tinnhiemmang.vn/danh-ba-tin-nhiem/lelaithachancaobanggovvn-1703218896
leloi.sontay.hanoi.gov.vn,"UBND phường Lê Lợi, Hà Nội",20/06/2024,Chứng nhận cơ bản,https://tinnhiemmang.vn/danh-ba-tin-nhiem/leloisontayhanoigovvn-1718872743
leloi.thachan.caobang.gov.vn,"UBND xã Lê Lợi, huyện Thạch An, Cao Bằng",25/12/2023,Chứng nhận cơ bản,https://tinnhiemmang.vn/danh-ba-tin-nhiem/leloithachancaobanggovvn-1703218942
lequydonbinhdinh.edu.vn,Trường THPT chuyên  Lê Quý Đôn tỉnh Bình Định,07/06/2023,Chứng nhận cơ bản,https://tinnhiemmang.vn/danh-ba-tin-nhiem/lequydonbinhdinheduvn-1686126783
lethanh.myduc.hanoi.gov.vn,"UBND xã Lê Thanh, Hà Nội",20/06/2024,Chứng nhận cơ bản,https://tinnhiemmang.vn/danh-ba-tin-nhiem/lethanhmyduchanoigovvn-1718871713
letri.triton.angiang.gov.vn,UBND Xã Lê Trì tỉnh An Giang,09/11/2023,Chứng nhận cơ bản,https://tinnhiemmang.vn/danh-ba-tin-nhiem/letritritonangianggovvn-1699410876
lienbat-unghoa.thudo.gov.vn,"UBND Xã Liên Bạt, Hà Nội",17/12/2024,Chứng nhận cơ bản,https://tinnhiemmang.vn/danh-ba-tin-nhiem/lienbat-unghoathudogovvn-1734401158
lienchau.thanhoai.hanoi.gov.vn,"UBND xã Liên Châu, Thanh Oai, Hà Nội",11/12/2023,Chứng nhận cơ bản,https://tinnhiemmang.vn/danh-ba-tin-nhiem/lienchauthanhoaihanoigovvn-1702278135
lienha.danphuong.hanoi.gov.vn,"UBND xã Liên Hà  huyện Đan Phượng, Hà Nội",10/05/2023,Chứng nhận cơ bản,https://tinnhiemmang.vn/danh-ba-tin-nhiem/lienhadanphuonghanoigovvn-1683627528
lienha.donganh.hanoi.gov.vn,"UBND xã Liên Hà, Hà Nội",20/06/2024,Chứng nhận cơ bản,https://tinnhiemmang.vn/danh-ba-tin-nhiem/lienhadonganhhanoigovvn-1718869660
lienhiep.ductrong.lamdong.gov.vn,UBND xã Liên Hiệp,13/03/2024,Chứng nhận cơ bản,https://tinnhiemmang.vn/danh-ba-tin-nhiem/lienhiepductronglamdonggovvn-1710295798
lienhiephuunghi.tayninh.gov.vn,Liên hiệp các tổ chức hữu nghị tỉnh Tây Ninh,24/11/2021,Chứng nhận cơ bản,https://tinnhiemmang.vn/danh-ba-tin-nhiem/lienhiephuunghitayninhgovvn-1637643913
lienhong.danphuong.hanoi.gov.vn,"UBND xã Liên Hồng huyện Đan Phượng, Hà Nội",10/05/2023,Chứng nhận cơ bản,https://tinnhiemmang.vn/danh-ba-tin-nhiem/lienhongdanphuonghanoigovvn-1683627452
lienmac.bactuliem.hanoi.gov.vn,"UBND phường Liên Mạc quận Bắc Từ Liêm, thành phố Hà Nội",10/05/2023,Chứng nhận cơ bản,https://tinnhiemmang.vn/danh-ba-tin-nhiem/lienmacbactuliemhanoigovvn-1683629856
lienminhhtx.bacninh.gov.vn,Liên Minh Hợp Tác Xã Tỉnh Bắc Ninh,30/11/2021,Chứng nhận cơ bản,https://tinnhiemmang.vn/danh-ba-tin-nhiem/lienminhhtxbacninhgovvn-1638241273
liennghiaductrong.lamdong.gov.vn,"UBND Thị Trấn Liên Nghĩa, Huyện Đức Trọng, Tỉnh Lâm Đồng",11/04/2024,Chứng nhận cơ bản,https://tinnhiemmang.vn/danh-ba-tin-nhiem/liennghiaductronglamdonggovvn-1712799424
lienninh.thanhtri.hanoi.gov.vn,"UBND Xã Liên Ninh huyện Thanh Trì, Hà Nội",10/05/2023,Chứng nhận cơ bản,https://tinnhiemmang.vn/danh-ba-tin-nhiem/lienninhthanhtrihanoigovvn-1683709147
lienquan.thachthat.hanoi.gov.vn,UBND Thị trấn Liên Quan huyện Thạch Thất Hà Nội,10/05/2023,Chứng nhận cơ bản,https://tinnhiemmang.vn/danh-ba-tin-nhiem/lienquanthachthathanoigovvn-1683608786
liensang.khanhvinh.khanhhoa.gov.vn,UBND xã Liên Sang tỉnh Khánh Hòa,14/07/2022,Chứng nhận cơ bản,https://tinnhiemmang.vn/danh-ba-tin-nhiem/liensangkhanhvinhkhanhhoagovvn-1626072841
lientrung.danphuong.hanoi.gov.vn,"UBND xã Liên Trung huyện Đan Phượng, Hà Nội",10/05/2023,Chứng nhận cơ bản,https://tinnhiemmang.vn/danh-ba-tin-nhiem/lientrungdanphuonghanoigovvn-1683627591
lieptuyet-quocoai.thudo.gov.vn,"UBND xã Liệp Tuyết, huyện Quốc Oai, Hà Nội",22/11/2024,Chứng nhận cơ bản,https://tinnhiemmang.vn/danh-ba-tin-nhiem/lieptuyet-quocoaithudogovvn-1732249008
lieugiai.badinh.hanoi.gov.vn,"UBND phường Liễu Giai, quận Ba Đình, Hà Nội",11/12/2023,Chứng nhận cơ bản,https://tinnhiemmang.vn/danh-ba-tin-nhiem/lieugiaibadinhhanoigovvn-1702278719
linhnam.hoangmai.hanoi.gov.vn,"UBND phường Lĩnh Nam, quận Hoàng Mai, Hà Nội",11/12/2023,Chứng nhận cơ bản,https://tinnhiemmang.vn/danh-ba-tin-nhiem/linhnamhoangmaihanoigovvn-1702272324
linhtoai.hatrung.thanhhoa.gov.vn,UBND xã Lĩnh Toại tỉnh Thanh Hóa,29/05/2024,Chứng nhận cơ bản,https://tinnhiemmang.vn/danh-ba-tin-nhiem/linhtoaihatrungthanhhoagovvn-1716892295
lltptructuyen.moj.gov.vn,Bộ Tư pháp,14/07/2022,Chứng nhận cơ bản,https://tinnhiemmang.vn/danh-ba-tin-nhiem/lltptructuyenmojgovvn-1625741978
loanmy.vinhlong.gov.vn,UBND xã Loan Mỹ tỉnh Vĩnh Long,15/07/2021,Chứng nhận cơ bản,https://tinnhiemmang.vn/danh-ba-tin-nhiem/loanmyvinhlonggovvn-1626267939
locan.thuathienhue.gov.vn,"UBND Xã Lộc An, huyện Phú Lộc, tỉnh Thừa Thiên Huế",19/07/2021,Chứng nhận cơ bản,https://tinnhiemmang.vn/danh-ba-tin-nhiem/locanthuathienhuegovvn-1626546922
locbao.baolam.lamdong.gov.vn,"UBND xã Lộc Bảo, Bảo Lâm, Lâm Đồng",18/06/2024,Chứng nhận cơ bản,https://tinnhiemmang.vn/danh-ba-tin-nhiem/locbaobaolamlamdonggovvn-1718682832
locbinh.thuathienhue.gov.vn,"UBND Xã Lộc Bình, huyện Phú Lộc, tỉnh Thừa Thiên Huế",19/07/2021,Chứng nhận cơ bản,https://tinnhiemmang.vn/danh-ba-tin-nhiem/locbinhthuathienhuegovvn-1626546958
locbon.thuathienhue.gov.vn,"UBND Xã Lộc Bổn, huyện Phú Lộc, tỉnh Thừa Thiên Huế",19/07/2021,Chứng nhận cơ bản,https://tinnhiemmang.vn/danh-ba-tin-nhiem/locbonthuathienhuegovvn-1626547138
locdien.thuathienhue.gov.vn,"UBND Xã Lộc Điền, Huyện Phú Lộc, Tỉnh Thừa Thiên Huế",19/07/2021,Chứng nhận cơ bản,https://tinnhiemmang.vn/danh-ba-tin-nhiem/locdienthuathienhuegovvn-1626547192
lochoa.thuathienhue.gov.vn,"UBND Xã Lộc Hòa, huyện Phú Lộc, tỉnh Thừa Thiên Huế",19/07/2021,Chứng nhận cơ bản,https://tinnhiemmang.vn/danh-ba-tin-nhiem/lochoathuathienhuegovvn-1626547296
lochoa.vinhlong.gov.vn,UBND xã Lộc Hòa tỉnh Vĩnh Long,14/07/2021,Chứng nhận cơ bản,https://tinnhiemmang.vn/danh-ba-tin-nhiem/lochoavinhlonggovvn-1625917985
locson.thuathienhue.gov.vn,"UBND Xã Lộc Sơn, huyện Phú Lộc, tỉnh Thừa Thiên Huế",19/07/2021,Chứng nhận cơ bản,https://tinnhiemmang.vn/danh-ba-tin-nhiem/locsonthuathienhuegovvn-1626547344
locthinh.ngoclac.thanhhoa.gov.vn,UBND xã Lộc Thịnh tỉnh Thanh Hóa,29/05/2024,Chứng nhận cơ bản,https://tinnhiemmang.vn/danh-ba-tin-nhiem/locthinhngoclacthanhhoagovvn-1716890448
loctho.nhatrang.khanhhoa.gov.vn,UBND phường Lộc Thọ tỉnh Khánh Hòa,14/07/2022,Chứng nhận cơ bản,https://tinnhiemmang.vn/danh-ba-tin-nhiem/locthonhatrangkhanhhoagovvn-1626062499
locthuy.thuathienhue.gov.vn,"UBND Xã Lộc Thủy, huyện Phú Lộc, tỉnh Thừa Thiên Huế",19/07/2021,Chứng nhận cơ bản,https://tinnhiemmang.vn/danh-ba-tin-nhiem/locthuythuathienhuegovvn-1626547538
loctien.thuathienhue.gov.vn,"UBND Xã Lộc Tiến, huyện Phú Lộc, tỉnh Thừa Thiên Huế",19/07/2021,Chứng nhận cơ bản,https://tinnhiemmang.vn/danh-ba-tin-nhiem/loctienthuathienhuegovvn-1626547691
loctri.thuathienhue.gov.vn,"UBND Xã Lộc Trì, huyện Phú Lộc , tỉnh Thừa Thiên Huế",19/07/2021,Chứng nhận cơ bản,https://tinnhiemmang.vn/danh-ba-tin-nhiem/loctrithuathienhuegovvn-1626547726
locvinh.thuathienhue.gov.vn,UBND xã Lộc Vĩnh tỉnh Thừa Thiên Huế,15/07/2021,Chứng nhận cơ bản,https://tinnhiemmang.vn/danh-ba-tin-nhiem/locvinhthuathienhuegovvn-1626314201
longan.customs.gov.vn,Cục Hải quan tỉnh Long An,11/08/2023,Chứng nhận cơ bản,https://tinnhiemmang.vn/danh-ba-tin-nhiem/longancustomsgovvn-1691727009
longan.tanchau.angiang.gov.vn,UBND Xã Long An tỉnh An Giang,09/11/2023,Chứng nhận cơ bản,https://tinnhiemmang.vn/danh-ba-tin-nhiem/longantanchauangianggovvn-1699360908
longan.vinhlong.gov.vn,UBND xã Long An tỉnh Vĩnh Long,14/07/2021,Chứng nhận cơ bản,https://tinnhiemmang.vn/danh-ba-tin-nhiem/longanvinhlonggovvn-1625917938
longbinh.anphu.angiang.gov.vn,Thị trấn Long Bình tỉnh An Giang,09/11/2023,Chứng nhận cơ bản,https://tinnhiemmang.vn/danh-ba-tin-nhiem/longbinhanphuangianggovvn-1699347968
longchau.tanchau.angiang.gov.vn,UBND Phường Long Châu tỉnh An Giang,09/11/2023,Chứng nhận cơ bản,https://tinnhiemmang.vn/danh-ba-tin-nhiem/longchautanchauangianggovvn-1699360714
longdiena.chomoi.angiang.gov.vn,UBND Xã Long Điền A tỉnh An Giang,09/11/2023,Chứng nhận cơ bản,https://tinnhiemmang.vn/danh-ba-tin-nhiem/longdienachomoiangianggovvn-1699409438
longdienb.chomoi.angiang.gov.vn,UBND Xã Long Điền B tỉnh An Giang,09/11/2023,Chứng nhận cơ bản,https://tinnhiemmang.vn/danh-ba-tin-nhiem/longdienbchomoiangianggovvn-1699409526
longgiang.chomoi.angiang.gov.vn,UBND Xã Long Giang tỉnh An Giang,09/11/2023,Chứng nhận cơ bản,https://tinnhiemmang.vn/danh-ba-tin-nhiem/longgiangchomoiangianggovvn-1699409757
longhoa.phutan.angiang.gov.vn,Xã Long Hòa tỉnh An Giang,09/11/2023,Chứng nhận cơ bản,https://tinnhiemmang.vn/danh-ba-tin-nhiem/longhoaphutanangianggovvn-1699348736
longhung.tanchau.angiang.gov.vn,UBND Phường Long Hưng tỉnh An Giang,09/11/2023,Chứng nhận cơ bản,https://tinnhiemmang.vn/danh-ba-tin-nhiem/longhungtanchauangianggovvn-1699360673
longkien.chomoi.angiang.gov.vn,UBND Xã Long Kiến tỉnh An Giang,09/11/2023,Chứng nhận cơ bản,https://tinnhiemmang.vn/danh-ba-tin-nhiem/longkienchomoiangianggovvn-1699409801
longmy.vinhlong.gov.vn,UBND xã Long Mỹ tỉnh Vĩnh Long,14/07/2021,Chứng nhận cơ bản,https://tinnhiemmang.vn/danh-ba-tin-nhiem/longmyvinhlonggovvn-1625918437
longphu.tanchau.angiang.gov.vn,UBND Phường Long Phú tỉnh An Giang,09/11/2023,Chứng nhận cơ bản,https://tinnhiemmang.vn/danh-ba-tin-nhiem/longphutanchauangianggovvn-1699360549
longphu.vinhlong.gov.vn,UBND xã Long Phú tỉnh Vĩnh Long,15/07/2021,Chứng nhận cơ bản,https://tinnhiemmang.vn/danh-ba-tin-nhiem/longphuvinhlonggovvn-1626267902
longphuoc.vinhlong.gov.vn,UBND xã Long Phước tỉnh Vĩnh Long,14/07/2021,Chứng nhận cơ bản,https://tinnhiemmang.vn/danh-ba-tin-nhiem/longphuocvinhlonggovvn-1625917957
longson.tanchau.angiang.gov.vn,Phường Long Sơn tỉnh An Giang,09/11/2023,Chứng nhận cơ bản,https://tinnhiemmang.vn/danh-ba-tin-nhiem/longsontanchauangianggovvn-1699360464
longthanh.tanchau.angiang.gov.vn,Phường Long Thạnh tỉnh An Giang,09/11/2023,Chứng nhận cơ bản,https://tinnhiemmang.vn/danh-ba-tin-nhiem/longthanhtanchauangianggovvn-1699360421
lsdi.thuathienhue.gov.vn,UBND tỉnh Thừa Thiên Huế,21/07/2021,Chứng nhận cơ bản,https://tinnhiemmang.vn/danh-ba-tin-nhiem/lsdithuathienhuegovvn-1626844284
luankhe.thuongxuan.thanhhoa.gov.vn,Ủy ban nhân dân xã Luận Khê,06/03/2024,Chứng nhận cơ bản,https://tinnhiemmang.vn/danh-ba-tin-nhiem/luankhethuongxuanthanhhoagovvn-1709625731
luanthanh.thuongxuan.thanhhoa.gov.vn,Ủy ban nhân dân xã Luận Thành,06/03/2024,Chứng nhận cơ bản,https://tinnhiemmang.vn/danh-ba-tin-nhiem/luanthanhthuongxuanthanhhoagovvn-1709625414
lucbinh.bachthong.gov.vn,UBND xã Lục Bình tỉnh Bắc Kạn,10/04/2024,Chứng nhận cơ bản,https://tinnhiemmang.vn/danh-ba-tin-nhiem/lucbinhbachthonggovvn-1712713417
lungcao.bathuoc.thanhhoa.gov.vn,"UBND Xã Lũng Cao, Huyện Bá Thước, tỉnh Thanh Hóa",21/08/2024,Chứng nhận cơ bản,https://tinnhiemmang.vn/danh-ba-tin-nhiem/lungcaobathuocthanhhoagovvn-1724148964
lungnam.haquang.caobang.gov.vn,"UBND xã Lũng Nặm, huyện Hà Quảng, Cao Bằng",25/12/2023,Chứng nhận cơ bản,https://tinnhiemmang.vn/danh-ba-tin-nhiem/lungnamhaquangcaobanggovvn-1703419227
luongantra.triton.angiang.gov.vn,UBND Xã Lương An Trà tỉnh An Giang,09/11/2023,Chứng nhận cơ bản,https://tinnhiemmang.vn/danh-ba-tin-nhiem/luongantratritonangianggovvn-1699410720
luongbang.chodon.backan.gov.vn,Uỷ ban nhân dân xã Lương Bằng tỉnh Bắc Kạn,10/04/2024,Chứng nhận cơ bản,https://tinnhiemmang.vn/danh-ba-tin-nhiem/luongbangchodonbackangovvn-1712712822
luongbang.chodon.gov.vn,"Uỷ ban nhân dân xã Lương Bằng, tỉnh Bắc Kạn",24/05/2022,Chứng nhận cơ bản,https://tinnhiemmang.vn/danh-ba-tin-nhiem/luongbangchodongovvn-1650424799
luongcan.haquang.caobang.gov.vn,"UBND xã Lương Can, huyện Hà Quảng, Cao Bằng",25/12/2023,Chứng nhận cơ bản,https://tinnhiemmang.vn/danh-ba-tin-nhiem/luongcanhaquangcaobanggovvn-1703418718
luongngoai.bathuoc.thanhhoa.gov.vn,"UBND Xã Lương Ngoại, Huyện Bá Thước, tỉnh Thanh Hóa",21/08/2024,Chứng nhận cơ bản,https://tinnhiemmang.vn/danh-ba-tin-nhiem/luongngoaibathuocthanhhoagovvn-1724148465
luongphi.triton.angiang.gov.vn,UBND Xã Lương Phi tỉnh An Giang,09/11/2023,Chứng nhận cơ bản,https://tinnhiemmang.vn/danh-ba-tin-nhiem/luongphitritonangianggovvn-1699410812
luongson.thuongxuan.thanhhoa.gov.vn,Ủy ban nhân dân xã Lương Sơn,06/03/2024,Chứng nhận cơ bản,https://tinnhiemmang.vn/danh-ba-tin-nhiem/luongsonthuongxuanthanhhoagovvn-1709690625
luongthong.haquang.caobang.gov.vn,"UBND xã Lương Thông, huyện Hà Quảng, Cao Bằng",25/12/2023,Chứng nhận cơ bản,https://tinnhiemmang.vn/danh-ba-tin-nhiem/luongthonghaquangcaobanggovvn-1703219245
luongtrung.bathuoc.thanhhoa.gov.vn,"UBND Xã Lương Trung, Huyện Bá Thước, tỉnh Thanh Hóa",21/08/2024,Chứng nhận cơ bản,https://tinnhiemmang.vn/danh-ba-tin-nhiem/luongtrungbathuocthanhhoagovvn-1724148371
luuhoang-unghoa.thudo.gov.vn,"UBND Xã Lưu Hoàng, Hà Nội",17/12/2024,Chứng nhận cơ bản,https://tinnhiemmang.vn/danh-ba-tin-nhiem/luuhoang-unghoathudogovvn-1734401630
luutru.thuathienhue.gov.vn,Công an tỉnh Thừa Thiên Huế,19/07/2021,Chứng nhận cơ bản,https://tinnhiemmang.vn/danh-ba-tin-nhiem/luutruthuathienhuegovvn-1626681312
lybon.baolam.caobang.gov.vn,"UBND xã Lý Bôn, huyện Bảo Lâm, Cao Bằng",25/12/2023,Chứng nhận cơ bản,https://tinnhiemmang.vn/danh-ba-tin-nhiem/lybonbaolamcaobanggovvn-1703419977
lyquoc.halang.caobang.gov.vn,"UBND xã Lý Quốc, huyện Hạ Lang, Cao Bằng",25/12/2023,Chứng nhận cơ bản,https://tinnhiemmang.vn/danh-ba-tin-nhiem/lyquochalangcaobanggovvn-1703475160
lythaito.hanoi.gov.vn,"UBND Phường Lý Thái Tổ, quận Hoàn Kiếm, Hà Nội",11/12/2023,Chứng nhận cơ bản,https://tinnhiemmang.vn/danh-ba-tin-nhiem/lythaitohanoigovvn-1702279568
maba.haquang.caobang.gov.vn,"UBND xã Mã Ba, huyện Hà Quảng, Cao Bằng",25/12/2023,Chứng nhận cơ bản,https://tinnhiemmang.vn/danh-ba-tin-nhiem/mabahaquangcaobanggovvn-1703419368
maidong.hoangmai.hanoi.gov.vn,"UBND phường Mai Động, quận Hoàng Mai, Hà Nội",11/12/2023,Chứng nhận cơ bản,https://tinnhiemmang.vn/danh-ba-tin-nhiem/maidonghoangmaihanoigovvn-1702272205
mail.backan.gov.vn,UBND tỉnh Bắc Kạn,14/07/2022,Chứng nhận cơ bản,https://tinnhiemmang.vn/danh-ba-tin-nhiem/mailbackangovvn-1625480468
mailam.donganh.hanoi.gov.vn,"UBND xã Mai Lâm, Hà Nội",20/06/2024,Chứng nhận cơ bản,https://tinnhiemmang.vn/danh-ba-tin-nhiem/mailamdonganhhanoigovvn-1718867875
mailam.thixanghison.thanhhoa.gov.vn,"UBND phường Mai Lâm Thị xã Nghi Sơn, tỉnh Thanh Hóa",13/08/2024,Chứng nhận cơ bản,https://tinnhiemmang.vn/danh-ba-tin-nhiem/mailamthixanghisonthanhhoagovvn-1723522513
mailap.chomoi.gov.vn,UBND huyện Chợ Mới tỉnh Bắc Kạn,10/04/2024,Chứng nhận cơ bản,https://tinnhiemmang.vn/danh-ba-tin-nhiem/mailapchomoigovvn-1712635553
mailong.nguyenbinh.caobang.gov.vn,"UBND xã Mai Long, huyện Nguyên Bình, Cao Bằng",25/12/2023,Chứng nhận cơ bản,https://tinnhiemmang.vn/danh-ba-tin-nhiem/mailongnguyenbinhcaobanggovvn-1703427404
mangthit.vinhlong.gov.vn,UBND huyện Mang Thít tỉnh Vĩnh Long,25/05/2023,Chứng nhận cơ bản,https://tinnhiemmang.vn/danh-ba-tin-nhiem/mangthitvinhlonggovvn-1684915449
mangyang.edu.vn,"Phòng Giáo dục và Đào tạo huyện Mang Yang, tỉnh Gia Lai",24/01/2024,Chứng nhận cơ bản,https://tinnhiemmang.vn/danh-ba-tin-nhiem/mangyangeduvn-1706063650
manthai.danang.gov.vn,UBND phường Mân Thái,07/12/2023,Chứng nhận cơ bản,https://tinnhiemmang.vn/danh-ba-tin-nhiem/manthaidananggovvn-1701881059
mard.gov.vn,Bộ Nông nghiệp và Phát triển nông thôn,11/08/2021,Chứng nhận cơ bản,https://tinnhiemmang.vn/danh-ba-tin-nhiem/mardgovvn-1628677795
mathadong.com,Bệnh viện Mắt Hà Đông,20/06/2024,Chứng nhận cơ bản,https://tinnhiemmang.vn/danh-ba-tin-nhiem/mathadongcom-1718857904
mattran.thuathienhue.gov.vn,Ủy ban Mặt trận tổ quốc Việt Nam tỉnh Thừa Thiên Huế,15/07/2021,Chứng nhận cơ bản,https://tinnhiemmang.vn/danh-ba-tin-nhiem/mattranthuathienhuegovvn-1626316305
mattranbinhphuoc.org.vn,Ủy ban Mặt trận Tổ quốc Việt Nam tỉnh Bình Phước,27/12/2023,Chứng nhận cơ bản,https://tinnhiemmang.vn/danh-ba-tin-nhiem/mattranbinhphuocorgvn-1703650291
maulam.nhuthanh.thanhhoa.gov.vn,"UBND xã Mậu Lâm, huyện Như Thanh, tỉnh Thanh Hóa",16/04/2024,Chứng nhận cơ bản,https://tinnhiemmang.vn/danh-ba-tin-nhiem/maulamnhuthanhthanhhoagovvn-1713197229
mayphatdienhoangphat.net,Công Ty TNHH Xuất Nhập Khẩu Máy Phát Điện Năng Lượng Hoàng Phát,11/11/2022,Chứng nhận cơ bản,https://tinnhiemmang.vn/danh-ba-tin-nhiem/mayphatdienhoangphatnet-1665712635
metri.namtuliem.hanoi.gov.vn,"Phường Mễ Trì, Quận Nam Từ Liêm, Thành phố Hà Nội",15/06/2021,Chứng nhận cơ bản,https://tinnhiemmang.vn/danh-ba-tin-nhiem/metrinamtuliemhanoigovvn-1623570976
metta.com.vn,Công Ty Cổ Phần Dịch Vụ Tiếp Thị Chia Sẻ Metta,17/05/2022,Chứng nhận cơ bản,https://tinnhiemmang.vn/danh-ba-tin-nhiem/mettacomvn-1649406649
mic.gov.vn,Bộ Thông tin và Truyền thông,01/10/2022,Chứng nhận nâng cao,https://tinnhiemmang.vn/danh-ba-tin-nhiem/micgovvn-1664601020
minhduc-unghoa.thudo.gov.vn,"UBND Xã Minh Đức, Hà Nội",17/12/2024,Chứng nhận cơ bản,https://tinnhiemmang.vn/danh-ba-tin-nhiem/minhduc-unghoathudogovvn-1734401996
minhkhai.bactuliem.hanoi.gov.vn,"UBND phường Minh Khai quận Bắc Từ Liêm, thành phố Hà Nội",10/05/2023,Chứng nhận cơ bản,https://tinnhiemmang.vn/danh-ba-tin-nhiem/minhkhaibactuliemhanoigovvn-1683629707
minhkhai.haibatrung.hanoi.gov.vn,UBND Phường Minh Khai quận Hai Bà Trưng Hà Nội,10/05/2023,Chứng nhận cơ bản,https://tinnhiemmang.vn/danh-ba-tin-nhiem/minhkhaihaibatrunghanoigovvn-1683602801
minhkhai.thachan.caobang.gov.vn,"UBND xã Minh Khai, huyện Thạch An, Cao Bằng",25/12/2023,Chứng nhận cơ bản,https://tinnhiemmang.vn/danh-ba-tin-nhiem/minhkhaithachancaobanggovvn-1703218983
minhkhoi.nongcong.thanhhoa.gov.vn,"UBND xã Minh Khôi Huyện Nông Cống, Tỉnh Thanh Hóa",13/08/2024,Chứng nhận cơ bản,https://tinnhiemmang.vn/danh-ba-tin-nhiem/minhkhoinongcongthanhhoagovvn-1723531432
minhlong.halang.caobang.gov.vn,"UBND xã Minh Long, huyện Hạ Lang, Cao Bằng",25/12/2023,Chứng nhận cơ bản,https://tinnhiemmang.vn/danh-ba-tin-nhiem/minhlonghalangcaobanggovvn-1703474704
minhnghia.nongcong.thanhhoa.gov.vn,"UBND xã Minh Nghĩa Huyện Nông Cống, Tỉnh Thanh Hóa",13/08/2024,Chứng nhận cơ bản,https://tinnhiemmang.vn/danh-ba-tin-nhiem/minhnghianongcongthanhhoagovvn-1723531402
minhson.ngoclac.thanhhoa.gov.vn,UBND xã Minh Sơn huyện Ngọc Lặc tỉnh Thanh Hóa,29/05/2024,Chứng nhận cơ bản,https://tinnhiemmang.vn/danh-ba-tin-nhiem/minhsonngoclacthanhhoagovvn-1716890280
minhson.trieuson.thanhhoa.gov.vn,"UBND Xã Minh Sơn, tỉnh Thanh Hóa",17/01/2024,Chứng nhận cơ bản,https://tinnhiemmang.vn/danh-ba-tin-nhiem/minhsontrieusonthanhhoagovvn-1705459689
minhtam.nguyenbinh.caobang.gov.vn,"UBND xã Minh Tâm, huyện Nguyên Bình, Cao Bằng",25/12/2023,Chứng nhận cơ bản,https://tinnhiemmang.vn/danh-ba-tin-nhiem/minhtamnguyenbinhcaobanggovvn-1703427445
minhtan.vinhloc.thanhhoa.gov.vn,UBND xã Minh Tân tỉnh Thanh Hóa,29/05/2024,Chứng nhận cơ bản,https://tinnhiemmang.vn/danh-ba-tin-nhiem/minhtanvinhlocthanhhoagovvn-1716948960
minhtien.ngoclac.thanhhoa.gov.vn,UBND xã Minh Tiến tỉnh Thanh Hóa,29/05/2024,Chứng nhận cơ bản,https://tinnhiemmang.vn/danh-ba-tin-nhiem/minhtienngoclacthanhhoagovvn-1716890110
mn2-9.vungtaubrvt.edu.vn,Trường Mầm non 2-9,05/07/2024,Chứng nhận cơ bản,https://tinnhiemmang.vn/danh-ba-tin-nhiem/mn2-9vungtaubrvteduvn-1714020294
mn30-4.vungtaubrvt.edu.vn,Trường Mầm non 30/4,05/07/2024,Chứng nhận cơ bản,https://tinnhiemmang.vn/danh-ba-tin-nhiem/mn30-4vungtaubrvteduvn-1714020480
mnanhduong.vungtaubrvt.edu.vn,Trường Mầm non Ánh Dương,05/07/2024,Chứng nhận cơ bản,https://tinnhiemmang.vn/danh-ba-tin-nhiem/mnanhduongvungtaubrvteduvn-1714031254
mnhoaanhdao.vungtaubrvt.edu.vn,Trường Mầm non Hoa Anh Đào,05/07/2024,Chứng nhận cơ bản,https://tinnhiemmang.vn/danh-ba-tin-nhiem/mnhoaanhdaovungtaubrvteduvn-1714018989
mnhoabien.vungtaubrvt.edu.vn,Trường Mầm non Hoa Biển,05/07/2024,Chứng nhận cơ bản,https://tinnhiemmang.vn/danh-ba-tin-nhiem/mnhoabienvungtaubrvteduvn-1714031690
mnhoami.vungtaubrvt.edu.vn,Trường Mầm non Họa Mi,05/07/2024,Chứng nhận cơ bản,https://tinnhiemmang.vn/danh-ba-tin-nhiem/mnhoamivungtaubrvteduvn-1714032751
mnhoaphuong.vungtaubrvt.edu.vn,Trường Mầm non Hoa Phượng,10/07/2024,Chứng nhận cơ bản,https://tinnhiemmang.vn/danh-ba-tin-nhiem/mnhoaphuongvungtaubrvteduvn-1720581340
mnlekima.vungtaubrvt.edu.vn,Trường Mầm non Lê Ki Ma,05/07/2024,Chứng nhận cơ bản,https://tinnhiemmang.vn/danh-ba-tin-nhiem/mnlekimavungtaubrvteduvn-1714033412
mnphuong10.vungtaubrvt.edu.vn,Trường Mầm non Phường 10,05/07/2024,Chứng nhận cơ bản,https://tinnhiemmang.vn/danh-ba-tin-nhiem/mnphuong10vungtaubrvteduvn-1714032960
mnphuong3.vungtaubrvt.edu.vn,Trường Mầm non Phường 3,12/07/2024,Chứng nhận cơ bản,https://tinnhiemmang.vn/danh-ba-tin-nhiem/mnphuong3vungtaubrvteduvn-1720668344
mnthitrantienlang.haiphong.edu,Trường Mầm non Thị trấn Tiên Lãng,19/08/2024,Chứng nhận cơ bản,https://tinnhiemmang.vn/danh-ba-tin-nhiem/mnthitrantienlanghaiphongedu-1724035745
mnthuyvan.vungtaubrvt.edu.vn,Trường Mầm non Thùy Vân,05/07/2024,Chứng nhận cơ bản,https://tinnhiemmang.vn/danh-ba-tin-nhiem/mnthuyvanvungtaubrvteduvn-1714033238
mntrucxanh.vungtaubrvt.edu.vn,Trường Mầm non Trúc Xanh,05/07/2024,Chứng nhận cơ bản,https://tinnhiemmang.vn/danh-ba-tin-nhiem/mntrucxanhvungtaubrvteduvn-1714031050
mongan.baolam.caobang.gov.vn,"UBND xã Mông Ân, huyện Bảo Lâm, Cao Bằng",25/12/2023,Chứng nhận cơ bản,https://tinnhiemmang.vn/danh-ba-tin-nhiem/monganbaolamcaobanggovvn-1703420012
motcua.backan.gov.vn,UBND tỉnh Bắc Kạn,14/07/2022,Chứng nhận cơ bản,https://tinnhiemmang.vn/danh-ba-tin-nhiem/motcuabackangovvn-1625480473
motcuadientu.backan.gov.vn,UBND tỉnh Bắc Kạn,14/07/2022,Chứng nhận cơ bản,https://tinnhiemmang.vn/danh-ba-tin-nhiem/motcuadientubackangovvn-1625480474
mpdermatology.vn,Công ty TNHH MP HCMC,06/06/2022,Chứng nhận cơ bản,https://tinnhiemmang.vn/danh-ba-tin-nhiem/mpdermatologyvn-1654227765
msmarty.vn,Công Ty Cổ Phần Dược Mỹ Phẩm 3M Pharma,03/11/2022,Chứng nhận cơ bản,https://tinnhiemmang.vn/danh-ba-tin-nhiem/msmartyvn-1667124082
muongchanh.muonglat.thanhhoa.gov.vn,"UBND Xã Mường Chanh, tỉnh Thanh Hóa",17/01/2024,Chứng nhận cơ bản,https://tinnhiemmang.vn/danh-ba-tin-nhiem/muongchanhmuonglatthanhhoagovvn-1705457340
muongly.muonglat.thanhhoa.gov.vn,"UBND Xã Mường Lý, tỉnh Thanh Hóa",17/01/2024,Chứng nhận cơ bản,https://tinnhiemmang.vn/danh-ba-tin-nhiem/muonglymuonglatthanhhoagovvn-1705457700
muongmin.quanson.thanhhoa.gov.vn,"UBND xã Mường Mìn, tỉnh Thanh Hóa",17/01/2024,Chứng nhận cơ bản,https://tinnhiemmang.vn/danh-ba-tin-nhiem/muongminquansonthanhhoagovvn-1705458387
muongte.laichau.gov.vn,"Ủy ban nhân dân huyện Mường Tè, tỉnh Lai Châu",01/03/2024,Chứng nhận cơ bản,https://tinnhiemmang.vn/danh-ba-tin-nhiem/muongtelaichaugovvn-1709266182
myan.chomoi.angiang.gov.vn,UBND Xã Mỹ An tỉnh An Giang,09/11/2023,Chứng nhận cơ bản,https://tinnhiemmang.vn/danh-ba-tin-nhiem/myanchomoiangianggovvn-1699409664
myan.danang.gov.vn,UBND phường Mỹ An,05/12/2023,Chứng nhận cơ bản,https://tinnhiemmang.vn/danh-ba-tin-nhiem/myandananggovvn-1701683720
myan.vinhlong.gov.vn,UBND xã Mỹ An tỉnh Vĩnh Long,14/07/2021,Chứng nhận cơ bản,https://tinnhiemmang.vn/danh-ba-tin-nhiem/myanvinhlonggovvn-1625918427
mybinh.longxuyen.angiang.gov.vn,UBND Phường Mỹ Bình tỉnh An Giang,09/11/2023,Chứng nhận cơ bản,https://tinnhiemmang.vn/danh-ba-tin-nhiem/mybinhlongxuyenangianggovvn-1699362578
mydinh1.namtuliem.hanoi.gov.vn,"Phường Mỹ Đình I,  Quận Nam Từ Liêm,  Thành phố Hà Nội",15/06/2021,Chứng nhận cơ bản,https://tinnhiemmang.vn/danh-ba-tin-nhiem/mydinh1namtuliemhanoigovvn-1623571073
myduc.chauphu.angiang.gov.vn,UBND Xã Mỹ Đức tỉnh An Giang,09/11/2023,Chứng nhận cơ bản,https://tinnhiemmang.vn/danh-ba-tin-nhiem/myducchauphuangianggovvn-1699361309
myduc.dateh.lamdong.gov.vn,"UBND xã Mỹ Đức, huyện Đạ Tẻh, tỉnh Lâm Đồng",28/11/2023,Chứng nhận cơ bản,https://tinnhiemmang.vn/danh-ba-tin-nhiem/myducdatehlamdonggovvn-1701074213
myhiep.chomoi.angiang.gov.vn,UBND Xã Mỹ Hiệp tỉnh An Giang,09/11/2023,Chứng nhận cơ bản,https://tinnhiemmang.vn/danh-ba-tin-nhiem/myhiepchomoiangianggovvn-1699409617
myhoa.longxuyen.angiang.gov.vn,UBND Phường Mỹ Hòa tỉnh An Giang,09/11/2023,Chứng nhận cơ bản,https://tinnhiemmang.vn/danh-ba-tin-nhiem/myhoalongxuyenangianggovvn-1699362765
myhoa.vinhlong.gov.vn,UBND xã Mỹ Hòa tĩnh Vĩnh Long,14/07/2021,Chứng nhận cơ bản,https://tinnhiemmang.vn/danh-ba-tin-nhiem/myhoavinhlonggovvn-1625917840
myhoahung.longxuyen.angiang.gov.vn,UBND xã Mỹ Hòa Hưng tỉnh An Giang,01/02/2024,Chứng nhận cơ bản,https://tinnhiemmang.vn/danh-ba-tin-nhiem/myhoahunglongxuyenangianggovvn-1706690021
myhoidong.chomoi.angiang.gov.vn,UBND Xã Mỹ Hội Đông tỉnh An Giang,09/11/2023,Chứng nhận cơ bản,https://tinnhiemmang.vn/danh-ba-tin-nhiem/myhoidongchomoiangianggovvn-1699409386
myhung.quanghoa.caobang.gov.vn,"UBND xã Mỹ Hưng, huyện Quảng Hòa, Cao Bằng",25/12/2023,Chứng nhận cơ bản,https://tinnhiemmang.vn/danh-ba-tin-nhiem/myhungquanghoacaobanggovvn-1703218184
myhung.thanhoai.hanoi.gov.vn,"UBND xã Mỹ Hưng, Thanh Oai, Hà Nội",11/12/2023,Chứng nhận cơ bản,https://tinnhiemmang.vn/danh-ba-tin-nhiem/myhungthanhoaihanoigovvn-1702273846
mykhanh.longxuyen.angiang.gov.vn,UBND Xã Mỹ Khánh tỉnh An Giang,09/11/2023,Chứng nhận cơ bản,https://tinnhiemmang.vn/danh-ba-tin-nhiem/mykhanhlongxuyenangianggovvn-1699372766
myloc.hauloc.thanhhoa.gov.vn,"UBND xã Mỹ Lộc, Huyện Hậu Lộc, tỉnh Thanh Hóa",21/08/2024,Chứng nhận cơ bản,https://tinnhiemmang.vn/danh-ba-tin-nhiem/mylochaulocthanhhoagovvn-1724210517
myloc.vinhlong.gov.vn,UBND xã Mỹ Lộc tỉnh Vĩnh Long,15/07/2021,Chứng nhận cơ bản,https://tinnhiemmang.vn/danh-ba-tin-nhiem/mylocvinhlonggovvn-1626267850
mylong.longxuyen.angiang.gov.vn,UBND Phường Mỹ Long tỉnh An Giang,09/11/2023,Chứng nhận cơ bản,https://tinnhiemmang.vn/danh-ba-tin-nhiem/mylonglongxuyenangianggovvn-1699362621
myluong.chomoi.angiang.gov.vn,UBND Thị trấn Mỹ Luông tỉnh An Giang,09/11/2023,Chứng nhận cơ bản,https://tinnhiemmang.vn/danh-ba-tin-nhiem/myluongchomoiangianggovvn-1699409298
myphu.chauphu.angiang.gov.vn,UBND Xã Mỹ Phú tỉnh An Giang,09/11/2023,Chứng nhận cơ bản,https://tinnhiemmang.vn/danh-ba-tin-nhiem/myphuchauphuangianggovvn-1699361352
myphudong.thoaison.angiang.gov.vn,UBND Xã Mỹ Phú Đông,09/11/2023,Chứng nhận cơ bản,https://tinnhiemmang.vn/danh-ba-tin-nhiem/myphudongthoaisonangianggovvn-1699411840
myphuoc.longxuyen.angiang.gov.vn,UBND Phường Mỹ Phước tỉnh An Giang,09/11/2023,Chứng nhận cơ bản,https://tinnhiemmang.vn/danh-ba-tin-nhiem/myphuoclongxuyenangianggovvn-1699362994
myphuoc.vinhlong.gov.vn,UBND xã Mỹ Phước tỉnh Vĩnh Long,14/07/2021,Chứng nhận cơ bản,https://tinnhiemmang.vn/danh-ba-tin-nhiem/myphuocvinhlonggovvn-1625918418
myphuong.babe.gov.vn,"UBND xã Mỹ Phương, huyện Ba Bể, tỉnh Bắc Kạn",10/04/2024,Chứng nhận cơ bản,https://tinnhiemmang.vn/danh-ba-tin-nhiem/myphuongbabegovvn-1712636812
myquy.longxuyen.angiang.gov.vn,UBND Phường Mỹ Quý tỉnh An Giang,09/11/2023,Chứng nhận cơ bản,https://tinnhiemmang.vn/danh-ba-tin-nhiem/myquylongxuyenangianggovvn-1699372630
mytan.ngoclac.thanhhoa.gov.vn,"UBND xã Mỹ Tân, tỉnh Thanh Hóa",29/05/2024,Chứng nhận cơ bản,https://tinnhiemmang.vn/danh-ba-tin-nhiem/mytanngoclacthanhhoagovvn-1716889696
mythanh.bachthong.gov.vn,UBND xã Mỹ Thanh tỉnh Bắc Kạn,10/04/2024,Chứng nhận cơ bản,https://tinnhiemmang.vn/danh-ba-tin-nhiem/mythanhbachthonggovvn-1712713722
mythanh.longxuyen.angiang.gov.vn,UBND Phường Mỹ Thạnh tỉnh An Giang,09/11/2023,Chứng nhận cơ bản,https://tinnhiemmang.vn/danh-ba-tin-nhiem/mythanhlongxuyenangianggovvn-1699372723
mythanh.myduc.hanoi.gov.vn,"UBND xã Mỹ Thành, Hà Nội",20/06/2024,Chứng nhận cơ bản,https://tinnhiemmang.vn/danh-ba-tin-nhiem/mythanhmyduchanoigovvn-1718871582
mythanhtrung.vinhlong.gov.vn,UBND xã Mỹ Thạnh Trung tỉnh Vĩnh Long,15/07/2021,Chứng nhận cơ bản,https://tinnhiemmang.vn/danh-ba-tin-nhiem/mythanhtrungvinhlonggovvn-1626267976
mythoi.longxuyen.angiang.gov.vn,UBND Phường Mỹ Thới tỉnh An Giang,09/11/2023,Chứng nhận cơ bản,https://tinnhiemmang.vn/danh-ba-tin-nhiem/mythoilongxuyenangianggovvn-1699372675
myxuyen.longxuyen.angiang.gov.vn,UBND Phường Mỹ Xuyên tỉnh An Giang,09/11/2023,Chứng nhận cơ bản,https://tinnhiemmang.vn/danh-ba-tin-nhiem/myxuyenlongxuyenangianggovvn-1699362671
naihiendong.danang.gov.vn,Ủy ban nhân dân phường Nại Hiên Đông,08/08/2022,Chứng nhận cơ bản,https://tinnhiemmang.vn/danh-ba-tin-nhiem/naihiendongdananggovvn-1659935313
namcao.baolam.caobang.gov.vn,"UBND xã Nam Cao, huyện Bảo Lâm, Cao Bằng",25/12/2023,Chứng nhận cơ bản,https://tinnhiemmang.vn/danh-ba-tin-nhiem/namcaobaolamcaobanggovvn-1703419836
namcuong.chodon.backan.gov.vn,Uỷ ban nhân dân xã Nam Cường tỉnh Bắc Kạn,10/04/2024,Chứng nhận cơ bản,https://tinnhiemmang.vn/danh-ba-tin-nhiem/namcuongchodonbackangovvn-1712712081
namcuong.chodon.gov.vn,"Uỷ ban nhân dân xã Nam Cường, tỉnh Bắc Kạn",24/05/2022,Chứng nhận cơ bản,https://tinnhiemmang.vn/danh-ba-tin-nhiem/namcuongchodongovvn-1650424253
namdinh.gso.gov.vn,Cục Thống kê tỉnh Nam Định,23/11/2023,Chứng nhận cơ bản,https://tinnhiemmang.vn/danh-ba-tin-nhiem/namdinhgsogovvn-1700639991
namdong.dongda.hanoi.gov.vn,"Phường Nam Đồng,  Quận Đống Đa,  Thành phố Hà Nội",15/06/2021,Chứng nhận cơ bản,https://tinnhiemmang.vn/danh-ba-tin-nhiem/namdongdongdahanoigovvn-1623562457
namdong.klth.org.vn,"Hạt Kiểm lâm huyện Quan Hóa, tỉnh Thanh Hóa",01/08/2023,Chứng nhận cơ bản,https://tinnhiemmang.vn/danh-ba-tin-nhiem/namdongklthorgvn-1690783334
namdong.quanhoa.thanhhoa.gov.vn,UBND xã Nam Động tỉnh Thanh Hóa,03/07/2024,Chứng nhận cơ bản,https://tinnhiemmang.vn/danh-ba-tin-nhiem/namdongquanhoathanhhoagovvn-1719992756
namdong.thuathienhue.gov.vn,UBND huyện Nam Đông - tỉnh Thừa Thiên Huế,15/07/2021,Chứng nhận cơ bản,https://tinnhiemmang.vn/danh-ba-tin-nhiem/namdongthuathienhuegovvn-1626321564
namduong.danang.gov.vn,UBND phường Nam Dương TP Đà Nẵng,08/12/2022,Chứng nhận cơ bản,https://tinnhiemmang.vn/danh-ba-tin-nhiem/namduongdananggovvn-1670489968
nameo.quanson.thanhhoa.gov.vn,"UBND xã Na Mèo, tỉnh Thanh Hóa",17/01/2024,Chứng nhận cơ bản,https://tinnhiemmang.vn/danh-ba-tin-nhiem/nameoquansonthanhhoagovvn-1705458482
namgiang.thoxuan.thanhhoa.gov.vn,UBND xã Nam Giang tỉnh Thanh Hóa,10/04/2024,Chứng nhận cơ bản,https://tinnhiemmang.vn/danh-ba-tin-nhiem/namgiangthoxuanthanhhoagovvn-1712734998
nammau.babe.gov.vn,"UBND xã Nam Mẫu, huyện Ba Bể, tỉnh Bắc Kạn",10/04/2024,Chứng nhận cơ bản,https://tinnhiemmang.vn/danh-ba-tin-nhiem/nammaubabegovvn-1712637709
namngan.tpthanhhoa.thanhhoa.gov.vn,"UBND Phường Nam Ngạn, Thành phố Thanh Hóa, tỉnh Thanh Hóa",26/09/2024,Chứng nhận cơ bản,https://tinnhiemmang.vn/danh-ba-tin-nhiem/namngantpthanhhoathanhhoagovvn-1727318343
namnhun.laichau.gov.vn,"Ủy ban nhân dân huyện Nậm Nhùn, tỉnh Lai Châu",01/03/2024,Chứng nhận cơ bản,https://tinnhiemmang.vn/danh-ba-tin-nhiem/namnhunlaichaugovvn-1709266221
namquang.baolam.caobang.gov.vn,"UBND xã Nam Quang, huyện Bảo Lâm, Cao Bằng",25/12/2023,Chứng nhận cơ bản,https://tinnhiemmang.vn/danh-ba-tin-nhiem/namquangbaolamcaobanggovvn-1703420121
namson.kienan.haiphong.gov.vn,"UBND phường Nam Sơn, quận Kiến An, thành phố Hải Phòng",23/02/2024,Chứng nhận cơ bản,https://tinnhiemmang.vn/danh-ba-tin-nhiem/namsonkienanhaiphonggovvn-1708586982
namtien.quanhoa.thanhhoa.gov.vn,UBND xã Nam Tiến tỉnh Thanh Hóa,03/07/2024,Chứng nhận cơ bản,https://tinnhiemmang.vn/danh-ba-tin-nhiem/namtienquanhoathanhhoagovvn-1719992664
namtuan.hoaan.caobang.gov.vn,"UBND xã Nam Tuấn, huyện Hòa An, Cao Bằng",25/12/2023,Chứng nhận cơ bản,https://tinnhiemmang.vn/danh-ba-tin-nhiem/namtuanhoaancaobanggovvn-1703475960
namxuan.quanhoa.thanhhoa.gov.vn,UBND xã Nam Xuân tỉnh Thanh Hóa,03/07/2024,Chứng nhận cơ bản,https://tinnhiemmang.vn/danh-ba-tin-nhiem/namxuanquanhoathanhhoagovvn-1719992621
nari.gov.vn,UBND huyện Na Rì tỉnh Bắc Kạn,14/07/2022,Chứng nhận cơ bản,https://tinnhiemmang.vn/danh-ba-tin-nhiem/narigovvn-1625561455
ncc.thuathienhue.gov.vn,Sở Lao động - Thương binh và Xã hội tỉnh Thừa Thiên Huế,20/07/2021,Chứng nhận cơ bản,https://tinnhiemmang.vn/danh-ba-tin-nhiem/nccthuathienhuegovvn-1626774693
ncsc.vn,Trung tâm Giám sát an toàn không gian mạng quốc gia (NCSC),03/12/2024,Chứng nhận nâng cao,https://tinnhiemmang.vn/danh-ba-tin-nhiem/ncscvn-1733198602
ngaan.ngason.thanhhoa.gov.vn,UBND xã Nga An tỉnh Thanh Hóa,29/05/2024,Chứng nhận cơ bản,https://tinnhiemmang.vn/danh-ba-tin-nhiem/ngaanngasonthanhhoagovvn-1716949246
ngabach.ngason.thanhhoa.gov.vn,UBND xã Nga Bạch tỉnh Thanh Hóa,29/05/2024,Chứng nhận cơ bản,https://tinnhiemmang.vn/danh-ba-tin-nhiem/ngabachngasonthanhhoagovvn-1716965149
ngadien.ngason.thanhhoa.gov.vn,UBND xã Nga Điền tỉnh Thanh Hóa,29/05/2024,Chứng nhận cơ bản,https://tinnhiemmang.vn/danh-ba-tin-nhiem/ngadienngasonthanhhoagovvn-1716953330
ngagiap.ngason.thanhhoa.gov.vn,UBND xã Nga Giáp tỉnh Thanh Hóa,29/05/2024,Chứng nhận cơ bản,https://tinnhiemmang.vn/danh-ba-tin-nhiem/ngagiapngasonthanhhoagovvn-1716949373
ngahai.ngason.thanhhoa.gov.vn,UBND xã Nga Hải tỉnh Thanh Hóa,29/05/2024,Chứng nhận cơ bản,https://tinnhiemmang.vn/danh-ba-tin-nhiem/ngahaingasonthanhhoagovvn-1716953291
ngalien.ngason.thanhhoa.gov.vn,UBND xã Nga Liên tỉnh Thanh Hóa,29/05/2024,Chứng nhận cơ bản,https://tinnhiemmang.vn/danh-ba-tin-nhiem/ngalienngasonthanhhoagovvn-1716965656
nganson.backan.gov.vn,UNBD huyện Ngân Sơn tỉnh Bắc Kạn,14/07/2022,Chứng nhận cơ bản,https://tinnhiemmang.vn/danh-ba-tin-nhiem/ngansonbackangovvn-1625477325
ngaphu.ngason.thanhhoa.gov.vn,UBND xã Nga Phú tỉnh Thanh Hóa,29/05/2024,Chứng nhận cơ bản,https://tinnhiemmang.vn/danh-ba-tin-nhiem/ngaphungasonthanhhoagovvn-1716949290
ngaphuong.ngason.thanhhoa.gov.vn,UBND xã Nga Phượng tỉnh Thanh Hóa,29/05/2024,Chứng nhận cơ bản,https://tinnhiemmang.vn/danh-ba-tin-nhiem/ngaphuongngasonthanhhoagovvn-1716949416
ngatan.ngason.thanhhoa.gov.vn,UBND xã Nga Tân tỉnh Thanh Hóa,29/05/2024,Chứng nhận cơ bản,https://tinnhiemmang.vn/danh-ba-tin-nhiem/ngatanngasonthanhhoagovvn-1716965383
ngathach.ngason.thanhhoa.gov.vn,UBND xã Nga Thạch tỉnh Thanh Hóa,29/05/2024,Chứng nhận cơ bản,https://tinnhiemmang.vn/danh-ba-tin-nhiem/ngathachngasonthanhhoagovvn-1716949332
ngathai.ngason.thanhhoa.gov.vn,UBND xã Nga Thái tỉnh Thanh Hóa,29/05/2024,Chứng nhận cơ bản,https://tinnhiemmang.vn/danh-ba-tin-nhiem/ngathaingasonthanhhoagovvn-1716949462
ngathang.ngason.thanhhoa.gov.vn,UBND xã Nga Thắng tỉnh Thanh Hóa,29/05/2024,Chứng nhận cơ bản,https://tinnhiemmang.vn/danh-ba-tin-nhiem/ngathangngasonthanhhoagovvn-1716965619
ngathanh.ngason.thanhhoa.gov.vn,UBND xã Nga Thanh tỉnh Thanh Hóa,29/05/2024,Chứng nhận cơ bản,https://tinnhiemmang.vn/danh-ba-tin-nhiem/ngathanhngasonthanhhoagovvn-1716965420
ngathanhf.ngason.thanhhoa.gov.vn,UBND xã Nga Thành tỉnh Thanh Hóa,29/05/2024,Chứng nhận cơ bản,https://tinnhiemmang.vn/danh-ba-tin-nhiem/ngathanhfngasonthanhhoagovvn-1716953423
ngathien.ngason.thanhhoa.gov.vn,UBND xã Nga Thiện tỉnh Thanh Hóa,29/05/2024,Chứng nhận cơ bản,https://tinnhiemmang.vn/danh-ba-tin-nhiem/ngathienngasonthanhhoagovvn-1716965296
ngathuy.ngason.thanhhoa.gov.vn,UBND xã Nga Thuỷ tỉnh Thanh Hóa,29/05/2024,Chứng nhận cơ bản,https://tinnhiemmang.vn/danh-ba-tin-nhiem/ngathuyngasonthanhhoagovvn-1716965457
ngatien.ngason.thanhhoa.gov.vn,UBND xã Nga Tiến tỉnh Thanh Hóa,29/05/2024,Chứng nhận cơ bản,https://tinnhiemmang.vn/danh-ba-tin-nhiem/ngatienngasonthanhhoagovvn-1716953208
ngatrung.ngason.thanhhoa.gov.vn,UBND xã Nga Trung tỉnh Thanh Hóa,29/05/2024,Chứng nhận cơ bản,https://tinnhiemmang.vn/danh-ba-tin-nhiem/ngatrungngasonthanhhoagovvn-1716955045
ngatruong.ngason.thanhhoa.gov.vn,UBND xã Nga Trường tỉnh Thanh Hóa,29/05/2024,Chứng nhận cơ bản,https://tinnhiemmang.vn/danh-ba-tin-nhiem/ngatruongngasonthanhhoagovvn-1716953463
ngatuso.dongda.hanoi.gov.vn,"Phường Ngã Tư Sở,  Quận Đống Đa, Thành phố Hà Nội",15/06/2021,Chứng nhận cơ bản,https://tinnhiemmang.vn/danh-ba-tin-nhiem/ngatusodongdahanoigovvn-1623562557
ngavan.ngason.thanhhoa.gov.vn,UBND xã Nga Văn tỉnh Thanh Hóa,29/05/2024,Chứng nhận cơ bản,https://tinnhiemmang.vn/danh-ba-tin-nhiem/ngavanngasonthanhhoagovvn-1716965574
ngavinh.ngason.thanhhoa.gov.vn,UBND xã Nga Vịnh tỉnh Thanh Hóa,29/05/2024,Chứng nhận cơ bản,https://tinnhiemmang.vn/danh-ba-tin-nhiem/ngavinhngasonthanhhoagovvn-1716965496
ngayen.ngason.thanhhoa.gov.vn,UBND xã Nga Yên tỉnh Thanh Hóa,29/05/2024,Chứng nhận cơ bản,https://tinnhiemmang.vn/danh-ba-tin-nhiem/ngayenngasonthanhhoagovvn-1716949205
nghean.customs.gov.vn,Cục Hải quan tỉnh Nghệ An,11/08/2023,Chứng nhận cơ bản,https://tinnhiemmang.vn/danh-ba-tin-nhiem/ngheancustomsgovvn-1691727519
nghenhangroup.vn,Tập đoàn Nghệ Nhân,22/09/2022,Chứng nhận cơ bản,https://tinnhiemmang.vn/danh-ba-tin-nhiem/nghenhangroupvn-1663665015
nghiahuong-quocoai.thudo.gov.vn,"UBND xã Nghĩa Hương, huyện Quốc Oai, Hà Nội",22/11/2024,Chứng nhận cơ bản,https://tinnhiemmang.vn/danh-ba-tin-nhiem/nghiahuong-quocoaithudogovvn-1732084842
nghiata.chodon.backan.gov.vn,Uỷ ban nhân dân xã Nghĩa Tá tỉnh Bắc Kạn,10/04/2024,Chứng nhận cơ bản,https://tinnhiemmang.vn/danh-ba-tin-nhiem/nghiatachodonbackangovvn-1712712028
nghiata.chodon.gov.vn,"Uỷ ban nhân dân xã Nghĩa Tá, tỉnh Bắc Kạn",24/05/2022,Chứng nhận cơ bản,https://tinnhiemmang.vn/danh-ba-tin-nhiem/nghiatachodongovvn-1650424177
nghison.thixanghison.thanhhoa.gov.vn,"UBND xã Nghi Sơn Thị xã Nghi Sơn, tỉnh Thanh Hóa",13/08/2024,Chứng nhận cơ bản,https://tinnhiemmang.vn/danh-ba-tin-nhiem/nghisonthixanghisonthanhhoagovvn-1723522926
ngkt.mofa.gov.vn,Bộ Ngoại giao Việt Nam,14/07/2022,Chứng nhận cơ bản,https://tinnhiemmang.vn/danh-ba-tin-nhiem/ngktmofagovvn-1625540459
ngoccon.trungkhanh.caobang.gov.vn,"UBND xã Ngọc Côn, huyện Trùng Khánh, Cao Bằng",25/12/2023,Chứng nhận cơ bản,https://tinnhiemmang.vn/danh-ba-tin-nhiem/ngoccontrungkhanhcaobanggovvn-1703474088
ngocdao.haquang.caobang.gov.vn,"UBND xã Ngọc Đào, huyện Hà Quảng, Cao Bằng",25/12/2023,Chứng nhận cơ bản,https://tinnhiemmang.vn/danh-ba-tin-nhiem/ngocdaohaquangcaobanggovvn-1703418969
ngocdong.haquang.caobang.gov.vn,"UBND xã Ngọc Động, huyện Hà Quảng, Cao Bằng",25/12/2023,Chứng nhận cơ bản,https://tinnhiemmang.vn/danh-ba-tin-nhiem/ngocdonghaquangcaobanggovvn-1703219468
ngocdong.quanghoa.caobang.gov.vn,"UBND xã Ngọc Động, huyện Quảng Hòa, Cao Bằng",25/12/2023,Chứng nhận cơ bản,https://tinnhiemmang.vn/danh-ba-tin-nhiem/ngocdongquanghoacaobanggovvn-1703218225
ngocha.badinh.hanoi.gov.vn,"UBND phường Ba Đình, quận Ba Đình, Hà Nội",11/12/2023,Chứng nhận cơ bản,https://tinnhiemmang.vn/danh-ba-tin-nhiem/ngochabadinhhanoigovvn-1702278806
ngochiep.nhatrang.khanhhoa.gov.vn,"UBND phường Ngọc Hiệp, tỉnh Khánh Hòa",09/08/2023,Chứng nhận cơ bản,https://tinnhiemmang.vn/danh-ba-tin-nhiem/ngochiepnhatrangkhanhhoagovvn-1691561554
ngochoi.thanhtri.hanoi.gov.vn,"UBND Xã Ngọc Hồi huyện Thanh Trì, Hà Nội",10/05/2023,Chứng nhận cơ bản,https://tinnhiemmang.vn/danh-ba-tin-nhiem/ngochoithanhtrihanoigovvn-1683710103
ngockhanh.badinh.hanoi.gov.vn,"UBND phường Ngọc Khánh, quận Ba Đình, Hà Nội",11/12/2023,Chứng nhận cơ bản,https://tinnhiemmang.vn/danh-ba-tin-nhiem/ngockhanhbadinhhanoigovvn-1702278760
ngockhe.trungkhanh.caobang.gov.vn,"UBND xã Ngọc Khê, huyện Trùng Khánh, Cao Bằng",25/12/2023,Chứng nhận cơ bản,https://tinnhiemmang.vn/danh-ba-tin-nhiem/ngockhetrungkhanhcaobanggovvn-1703474140
ngoclien.ngoclac.thanhhoa.gov.vn,UBND xã Ngọc Liên tỉnh Thanh Hóa,29/05/2024,Chứng nhận cơ bản,https://tinnhiemmang.vn/danh-ba-tin-nhiem/ngoclienngoclacthanhhoagovvn-1716890745
ngocliep-quocoai.thudo.gov.vn,"UBND xã Ngọc Liệp, huyện Quốc Oai, Hà Nội",22/11/2024,Chứng nhận cơ bản,https://tinnhiemmang.vn/danh-ba-tin-nhiem/ngocliep-quocoaithudogovvn-1732085017
ngoclinh.thixanghison.thanhhoa.gov.vn,"UBND xã Ngọc Lĩnh Thị xã Nghi Sơn, tỉnh Thanh Hóa",13/08/2024,Chứng nhận cơ bản,https://tinnhiemmang.vn/danh-ba-tin-nhiem/ngoclinhthixanghisonthanhhoagovvn-1723522247
ngocmy-quocoai.thudo.gov.vn,"UBND xã Ngọc Mỹ, huyện Quốc Oai, Hà Nội",22/11/2024,Chứng nhận cơ bản,https://tinnhiemmang.vn/danh-ba-tin-nhiem/ngocmy-quocoaithudogovvn-1732084797
ngocphai.chodon.backan.gov.vn,Ủy ban nhân dân xã Ngọc Phái tỉnh Bắc Kạn,10/04/2024,Chứng nhận cơ bản,https://tinnhiemmang.vn/danh-ba-tin-nhiem/ngocphaichodonbackangovvn-1712711982
ngocphai.chodon.gov.vn,"Ủy ban nhân dân xã Ngọc Phái, tỉnh Bắc Kạn",24/05/2022,Chứng nhận cơ bản,https://tinnhiemmang.vn/danh-ba-tin-nhiem/ngocphaichodongovvn-1650423977
ngocphung.thuongxuan.thanhhoa.gov.vn,Ủy ban nhân dân xã Ngọc Phụng,06/03/2024,Chứng nhận cơ bản,https://tinnhiemmang.vn/danh-ba-tin-nhiem/ngocphungthuongxuanthanhhoagovvn-1709625560
ngocson.kienan.haiphong.gov.vn,"UBND phường Ngọc Sơn, quận Kiến An, thành phố Hải Phòng",23/02/2024,Chứng nhận cơ bản,https://tinnhiemmang.vn/danh-ba-tin-nhiem/ngocsonkienanhaiphonggovvn-1708587666
ngocson.ngoclac.thanhhoa.gov.vn,UBND xã Ngọc Sơn tỉnh Thánh Hóa,29/05/2024,Chứng nhận cơ bản,https://tinnhiemmang.vn/danh-ba-tin-nhiem/ngocsonngoclacthanhhoagovvn-1716890387
ngoctrao.bimson.thanhhoa.gov.vn,UBND phường Ngọc Trạo tỉnh Thanh Hóa,29/05/2024,Chứng nhận cơ bản,https://tinnhiemmang.vn/danh-ba-tin-nhiem/ngoctraobimsonthanhhoagovvn-1716892466
ngoctrao.thachthanh.thanhhoa.gov.vn,UBND xã Ngọc Trạo tỉnh Thanh Hóa,29/05/2024,Chứng nhận cơ bản,https://tinnhiemmang.vn/danh-ba-tin-nhiem/ngoctraothachthanhthanhhoagovvn-1716969379
ngoctrao.tpthanhhoa.thanhhoa.gov.vn,"UBND Phường Ngọc Trạo, Thành phố Thanh Hóa, tỉnh Thanh Hóa",26/09/2024,Chứng nhận cơ bản,https://tinnhiemmang.vn/danh-ba-tin-nhiem/ngoctraotpthanhhoathanhhoagovvn-1727318378
ngoctrung.ngoclac.thanhhoa.gov.vn,UBND xã Ngọc Trung tỉnh Thanh Hóa,29/05/2024,Chứng nhận cơ bản,https://tinnhiemmang.vn/danh-ba-tin-nhiem/ngoctrungngoclacthanhhoagovvn-1716890327
ngocxuan.ubndtp.caobang.gov.vn,"UBND phường Ngọc Xuân, Thành phố Cao Bằng",25/12/2023,Chứng nhận cơ bản,https://tinnhiemmang.vn/danh-ba-tin-nhiem/ngocxuanubndtpcaobanggovvn-1703419639
ngoquyen.sontay.hanoi.gov.vn,"UBND phường Ngô Quyền, Hà Nội",20/06/2024,Chứng nhận cơ bản,https://tinnhiemmang.vn/danh-ba-tin-nhiem/ngoquyensontayhanoigovvn-1718872788
nguhiep.thanhtri.hanoi.gov.vn,"UBND Xã Ngũ Hiệp huyện Thanh Trì, Hà Nội",10/05/2023,Chứng nhận cơ bản,https://tinnhiemmang.vn/danh-ba-tin-nhiem/nguhiepthanhtrihanoigovvn-1683709480
ngulao.hoaan.caobang.gov.vn,"UBND xã Ngũ Lão, huyện Hòa An, Cao Bằng",25/12/2023,Chứng nhận cơ bản,https://tinnhiemmang.vn/danh-ba-tin-nhiem/ngulaohoaancaobanggovvn-1703476040
nguoidan.bacninh.gov.vn,Sở Thông tin và Truyền thông tỉnh Bắc Ninh,02/11/2021,Chứng nhận cơ bản,https://tinnhiemmang.vn/danh-ba-tin-nhiem/nguoidanbacninhgovvn-1635846697
nguyenbinh.thixanghison.thanhhoa.gov.vn,"UBND phường Nguyên Bình Thị xã Nghi Sơn, tỉnh Thanh Hóa",13/08/2024,Chứng nhận cơ bản,https://tinnhiemmang.vn/danh-ba-tin-nhiem/nguyenbinhthixanghisonthanhhoagovvn-1723522960
nguyendu.haibatrung.hanoi.gov.vn,UBND phường Nguyễn Du quận Hai Bà Trưng Hà Nội,10/05/2023,Chứng nhận cơ bản,https://tinnhiemmang.vn/danh-ba-tin-nhiem/nguyenduhaibatrunghanoigovvn-1683603283
nguyenhue.hoaan.caobang.gov.vn,"UBND xã Nguyễn Huệ, huyện Hòa An, Cao Bằng",25/12/2023,Chứng nhận cơ bản,https://tinnhiemmang.vn/danh-ba-tin-nhiem/nguyenhuehoaancaobanggovvn-1703476407
nguyenkhe.donganh.hanoi.gov.vn,"UBND xã Nguyên Khê, Hà Nội",20/06/2024,Chứng nhận cơ bản,https://tinnhiemmang.vn/danh-ba-tin-nhiem/nguyenkhedonganhhanoigovvn-1718867510
nguyenphuc.bachthong.gov.vn,UBND xã Nguyên Phúc tỉnh Bắc Kạn,10/04/2024,Chứng nhận cơ bản,https://tinnhiemmang.vn/danh-ba-tin-nhiem/nguyenphucbachthonggovvn-1712713657
nguyenthiminhkhai.backancity.gov.vn,Uỷ ban nhân dân phường Nguyễn Thị Minh Khai tỉnh Bắc Kạn,10/04/2024,Chứng nhận cơ bản,https://tinnhiemmang.vn/danh-ba-tin-nhiem/nguyenthiminhkhaibackancitygovvn-1712714336
nguyentrungtruc.badinh.hanoi.gov.vn,"UBND phường Nguyễn Trung Trực, quận Ba Đình, Hà Nội",11/12/2023,Chứng nhận cơ bản,https://tinnhiemmang.vn/danh-ba-tin-nhiem/nguyentrungtrucbadinhhanoigovvn-1702278861
nguyenvanthanh.vinhlong.gov.vn,UBND xã Nguyễn Văn Thảnh tỉnh Vĩnh Long,15/07/2021,Chứng nhận cơ bản,https://tinnhiemmang.vn/danh-ba-tin-nhiem/nguyenvanthanhvinhlonggovvn-1626268179
nguyetan.ngoclac.thanhhoa.gov.vn,UBND xã Nguyệt Ấn tỉnh Thanh Hóa,29/05/2024,Chứng nhận cơ bản,https://tinnhiemmang.vn/danh-ba-tin-nhiem/nguyetanngoclacthanhhoagovvn-1716890021
nhabang.tinhbien.angiang.gov.vn,UBND Phường Nhà Bàng tỉnh An Giang,09/11/2023,Chứng nhận cơ bản,https://tinnhiemmang.vn/danh-ba-tin-nhiem/nhabangtinhbienangianggovvn-1699373470
nhanchinh.thanhxuan.hanoi.gov.vn,"Phường Nhân Chính, Quận Thanh Xuân, Thành phố Hà Nội",15/06/2021,Chứng nhận cơ bản,https://tinnhiemmang.vn/danh-ba-tin-nhiem/nhanchinhthanhxuanhanoigovvn-1623641004
nhandantv.vn,Truyền hình Nhân Dân,11/09/2021,Chứng nhận cơ bản,https://tinnhiemmang.vn/danh-ba-tin-nhiem/nhandantvvn-1631270745
nhansu.thuathienhue.gov.vn,Sở Nội vụ tỉnh Thừa Thiên Huế,19/07/2021,Chứng nhận cơ bản,https://tinnhiemmang.vn/danh-ba-tin-nhiem/nhansuthuathienhuegovvn-1626674380
nhaplieuonline.vn,Công ty TNHH Thương mại và Công nghệ ED-X,14/07/2022,Chứng nhận cơ bản,https://tinnhiemmang.vn/danh-ba-tin-nhiem/nhaplieuonlinevn-1657269132
nhattan.tayho.hanoi.gov.vn,"UBND phường Nhật Tân, Hà Nội",20/06/2024,Chứng nhận cơ bản,https://tinnhiemmang.vn/danh-ba-tin-nhiem/nhattantayhohanoigovvn-1718870660
nhaxuatbancongthuong.com.vn,"Nhà Xuất bản Công Thương, Bộ Công thương",17/01/2022,Chứng nhận cơ bản,https://tinnhiemmang.vn/danh-ba-tin-nhiem/nhaxuatbancongthuongcomvn-1642156118
nhison.muonglat.thanhhoa.gov.vn,"UBND Xã Nhi Sơn, tỉnh Thanh Hóa",17/01/2024,Chứng nhận cơ bản,https://tinnhiemmang.vn/danh-ba-tin-nhiem/nhisonmuonglatthanhhoagovvn-1705457613
nhnn.hungyen.gov.vn,Ngân hàng nhà nước chi nhánh tỉnh Hưng Yên,15/07/2021,Chứng nhận cơ bản,https://tinnhiemmang.vn/danh-ba-tin-nhiem/nhnnhungyengovvn-1626333194
nhnn.laichau.gov.vn,Ngân hàng nhà nước Việt Nam Chi nhánh tỉnh Lai Châu,01/03/2024,Chứng nhận cơ bản,https://tinnhiemmang.vn/danh-ba-tin-nhiem/nhnnlaichaugovvn-1709266567
nhonan.binhdinh.vn,"UBND xã Nhơn An, tỉnh Bình Định",10/08/2023,Chứng nhận cơ bản,https://tinnhiemmang.vn/danh-ba-tin-nhiem/nhonanbinhdinhvn-1691573726
nhonbinh.vinhlong.gov.vn,UBND xã Nhơn Bình tỉnh Vĩnh Long,15/07/2021,Chứng nhận cơ bản,https://tinnhiemmang.vn/danh-ba-tin-nhiem/nhonbinhvinhlonggovvn-1626268062
nhonhanh.binhdinh.vn,"UBND xã Nhơn Hạnh, tỉnh Bình Định",10/08/2023,Chứng nhận cơ bản,https://tinnhiemmang.vn/danh-ba-tin-nhiem/nhonhanhbinhdinhvn-1691576056
nhonhau.binhdinh.vn,"UBND xã Nhơn Hậu, tỉnh Bình Định",10/08/2023,Chứng nhận cơ bản,https://tinnhiemmang.vn/danh-ba-tin-nhiem/nhonhaubinhdinhvn-1691575425
nhonhoi.anphu.angiang.gov.vn,Xã Nhơn Hội tỉnh An Giang,09/11/2023,Chứng nhận cơ bản,https://tinnhiemmang.vn/danh-ba-tin-nhiem/nhonhoianphuangianggovvn-1699348476
nhonhung.binhdinh.vn,"UBND phường Nhơn Hưng, tỉnh Bình Định",10/08/2023,Chứng nhận cơ bản,https://tinnhiemmang.vn/danh-ba-tin-nhiem/nhonhungbinhdinhvn-1691576340
nhonhung.tinhbien.angiang.gov.vn,UBND Phường Nhơn Hưng tỉnh An Giang,09/11/2023,Chứng nhận cơ bản,https://tinnhiemmang.vn/danh-ba-tin-nhiem/nhonhungtinhbienangianggovvn-1699372860
nhonkhanh.binhdinh.vn,"UBND xã Nhơn Khánh, tỉnh Bình Định",10/08/2023,Chứng nhận cơ bản,https://tinnhiemmang.vn/danh-ba-tin-nhiem/nhonkhanhbinhdinhvn-1691576183
nhonmy.chomoi.angiang.gov.vn,UBND Xã Nhơn Mỹ tỉnh An Giang,09/11/2023,Chứng nhận cơ bản,https://tinnhiemmang.vn/danh-ba-tin-nhiem/nhonmychomoiangianggovvn-1699409712
nhonphuc.binhdinh.vn,"UBND xã Nhơn Phúc, tỉnh Bình Định",10/08/2023,Chứng nhận cơ bản,https://tinnhiemmang.vn/danh-ba-tin-nhiem/nhonphucbinhdinhvn-1691576410
nhontho.binhdinh.vn,"UBND xã Nhơn Thọ, tỉnh Bình Định",10/08/2023,Chứng nhận cơ bản,https://tinnhiemmang.vn/danh-ba-tin-nhiem/nhonthobinhdinhvn-1691575636
nhontrachcfs.edu.vn,Nhơn Trạch CFS,30/08/2022,Chứng nhận cơ bản,https://tinnhiemmang.vn/danh-ba-tin-nhiem/nhontrachcfseduvn-1660919952
nhuco.chomoi.gov.vn,UBND huyện Chợ Mới tỉnh Bắc Kạn,10/04/2024,Chứng nhận cơ bản,https://tinnhiemmang.vn/danh-ba-tin-nhiem/nhucochomoigovvn-1712635486
ninhan.ninhhoa.khanhhoa.gov.vn,"UBND xã Ninh An, tỉnh Khánh Hòa",15/01/2024,Chứng nhận cơ bản,https://tinnhiemmang.vn/danh-ba-tin-nhiem/ninhanninhhoakhanhhoagovvn-1705030115
ninhbinh.ninhhoa.khanhhoa.gov.vn,"UBND xã Ninh Bình, tỉnh Khánh Hòa",15/01/2024,Chứng nhận cơ bản,https://tinnhiemmang.vn/danh-ba-tin-nhiem/ninhbinhninhhoakhanhhoagovvn-1705030167
ninhda.ninhhoa.khanhhoa.gov.vn,"UBND phường Ninh Đa, tỉnh Khánh Hòa",15/01/2024,Chứng nhận cơ bản,https://tinnhiemmang.vn/danh-ba-tin-nhiem/ninhdaninhhoakhanhhoagovvn-1705029807
ninhdiem.ninhhoa.khanhhoa.gov.vn,"UBND phường Ninh Diêm, tỉnh Khánh Hòa",15/01/2024,Chứng nhận cơ bản,https://tinnhiemmang.vn/danh-ba-tin-nhiem/ninhdiemninhhoakhanhhoagovvn-1705029767
ninhdong.ninhhoa.khanhhoa.gov.vn,"UBND xã Ninh Đông, tỉnh Khánh Hòa",15/01/2024,Chứng nhận cơ bản,https://tinnhiemmang.vn/danh-ba-tin-nhiem/ninhdongninhhoakhanhhoagovvn-1705030205
ninhgia.ductrong.lamdong.gov.vn,"UBND xã Ninh Gia, huyện Đức Trọng, tỉnh Lâm Đồng",14/03/2024,Chứng nhận cơ bản,https://tinnhiemmang.vn/danh-ba-tin-nhiem/ninhgiaductronglamdonggovvn-1710387965
ninhgiang.ninhhoa.khanhhoa.gov.vn,"UBND phường Ninh Giang, tỉnh Khánh Hòa",15/01/2024,Chứng nhận cơ bản,https://tinnhiemmang.vn/danh-ba-tin-nhiem/ninhgiangninhhoakhanhhoagovvn-1705029852
ninhha.ninhhoa.khanhhoa.gov.vn,"UBND phường Ninh Hà, tỉnh Khánh Hòa",15/01/2024,Chứng nhận cơ bản,https://tinnhiemmang.vn/danh-ba-tin-nhiem/ninhhaninhhoakhanhhoagovvn-1705029895
ninhhai.ninhhoa.khanhhoa.gov.vn,"UBND phường Ninh Hải, tỉnh Khánh Hòa",15/01/2024,Chứng nhận cơ bản,https://tinnhiemmang.vn/danh-ba-tin-nhiem/ninhhaininhhoakhanhhoagovvn-1705029944
ninhhai.thixanghison.thanhhoa.gov.vn,"UBND phường Ninh Hải Thị xã Nghi Sơn, tỉnh Thanh Hóa",13/08/2024,Chứng nhận cơ bản,https://tinnhiemmang.vn/danh-ba-tin-nhiem/ninhhaithixanghisonthanhhoagovvn-1723521612
ninhhiep.gialam.hanoi.gov.vn,"UBND xã Ninh Hiệp, Gia Lâm, Hà Nội",11/11/2024,Chứng nhận cơ bản,https://tinnhiemmang.vn/danh-ba-tin-nhiem/ninhhiepgialamhanoigovvn-1731050435
ninhhiep.ninhhoa.khanhhoa.gov.vn,"UBND phường Ninh Hiệp, tỉnh Khánh Hòa",15/01/2024,Chứng nhận cơ bản,https://tinnhiemmang.vn/danh-ba-tin-nhiem/ninhhiepninhhoakhanhhoagovvn-1705029984
ninhhung.ninhhoa.khanhhoa.gov.vn,"UBND xã Ninh Hưng, tỉnh Khánh Hòa",15/01/2024,Chứng nhận cơ bản,https://tinnhiemmang.vn/danh-ba-tin-nhiem/ninhhungninhhoakhanhhoagovvn-1705030256
ninhich.ninhhoa.khanhhoa.gov.vn,"UBND xã Ninh Ích, tỉnh Khánh Hòa",15/01/2024,Chứng nhận cơ bản,https://tinnhiemmang.vn/danh-ba-tin-nhiem/ninhichninhhoakhanhhoagovvn-1705030350
ninhkhang.vinhloc.thanhhoa.gov.vn,UBND xã Ninh Khang tỉnh Thanh Hóa,29/05/2024,Chứng nhận cơ bản,https://tinnhiemmang.vn/danh-ba-tin-nhiem/ninhkhangvinhlocthanhhoagovvn-1716892834
ninhloanductrong.lamdong.gov.vn,UBND xã Ninh Loan,13/03/2024,Chứng nhận cơ bản,https://tinnhiemmang.vn/danh-ba-tin-nhiem/ninhloanductronglamdonggovvn-1710295719
ninhloc.ninhhoa.khanhhoa.gov.vn,"UBND xã Ninh Lộc, tỉnh Khánh Hòa",15/01/2024,Chứng nhận cơ bản,https://tinnhiemmang.vn/danh-ba-tin-nhiem/ninhlocninhhoakhanhhoagovvn-1705030306
ninhphu.ninhhoa.khanhhoa.gov.vn,"UBND xã Ninh Phú, tỉnh Khánh Hòa",15/01/2024,Chứng nhận cơ bản,https://tinnhiemmang.vn/danh-ba-tin-nhiem/ninhphuninhhoakhanhhoagovvn-1705030408
ninhphung.ninhhoa.khanhhoa.gov.vn,"UBND xã Ninh Phụng, tỉnh Khánh Hòa",15/01/2024,Chứng nhận cơ bản,https://tinnhiemmang.vn/danh-ba-tin-nhiem/ninhphungninhhoakhanhhoagovvn-1705030451
ninhphuoc.ninhhoa.khanhhoa.gov.vn,"UBND xã Ninh Phước, tỉnh Khánh Hòa",15/01/2024,Chứng nhận cơ bản,https://tinnhiemmang.vn/danh-ba-tin-nhiem/ninhphuocninhhoakhanhhoagovvn-1705030497
ninhquang.ninhhoa.khanhhoa.gov.vn,"UBND xã Ninh Quang, tỉnh Khánh Hòa",15/01/2024,Chứng nhận cơ bản,https://tinnhiemmang.vn/danh-ba-tin-nhiem/ninhquangninhhoakhanhhoagovvn-1705030554
ninhsim.ninhhoa.khanhhoa.gov.vn,"UBND xã Ninh Sim, tỉnh Khánh Hòa",15/01/2024,Chứng nhận cơ bản,https://tinnhiemmang.vn/danh-ba-tin-nhiem/ninhsimninhhoakhanhhoagovvn-1705031063
ninhson.ninhhoa.khanhhoa.gov.vn,"UBND xã Ninh Sơn, tỉnh Khánh Hòa",15/01/2024,Chứng nhận cơ bản,https://tinnhiemmang.vn/danh-ba-tin-nhiem/ninhsonninhhoakhanhhoagovvn-1705031105
ninhtan.ninhhoa.khanhhoa.gov.vn,"UBND xã Ninh Tân, tỉnh Khánh Hòa",15/01/2024,Chứng nhận cơ bản,https://tinnhiemmang.vn/danh-ba-tin-nhiem/ninhtanninhhoakhanhhoagovvn-1705031146
ninhtay.ninhhoa.khanhhoa.gov.vn,"UBND xã Ninh Tây, tỉnh Khánh Hòa",15/01/2024,Chứng nhận cơ bản,https://tinnhiemmang.vn/danh-ba-tin-nhiem/ninhtayninhhoakhanhhoagovvn-1705031186
ninhthan.ninhhoa.khanhhoa.gov.vn,"UBND xã Ninh Thân, tỉnh Khánh Hòa",15/01/2024,Chứng nhận cơ bản,https://tinnhiemmang.vn/danh-ba-tin-nhiem/ninhthanninhhoakhanhhoagovvn-1705031228
ninhtho.ninhhoa.khanhhoa.gov.vn,"UBND xã Ninh Thọ, tỉnh Khánh Hòa",15/01/2024,Chứng nhận cơ bản,https://tinnhiemmang.vn/danh-ba-tin-nhiem/ninhthoninhhoakhanhhoagovvn-1705031277
ninhthuong.ninhhoa.khanhhoa.gov.vn,"UBND xã Ninh Thượng, tỉnh Khánh Hòa",15/01/2024,Chứng nhận cơ bản,https://tinnhiemmang.vn/danh-ba-tin-nhiem/ninhthuongninhhoakhanhhoagovvn-1705031322
ninhthuy.ninhhoa.khanhhoa.gov.vn,"UBND phường Ninh Thủy, tỉnh Khánh Hòa",15/01/2024,Chứng nhận cơ bản,https://tinnhiemmang.vn/danh-ba-tin-nhiem/ninhthuyninhhoakhanhhoagovvn-1705030026
ninhtrung.ninhhoa.khanhhoa.gov.vn,"UBND xã Ninh Trung, tỉnh Khánh Hòa",15/01/2024,Chứng nhận cơ bản,https://tinnhiemmang.vn/danh-ba-tin-nhiem/ninhtrungninhhoakhanhhoagovvn-1705031364
ninhvan.ninhhoa.khanhhoa.gov.vn,"UBND xã Ninh Vân, tỉnh Khánh Hòa",15/01/2024,Chứng nhận cơ bản,https://tinnhiemmang.vn/danh-ba-tin-nhiem/ninhvanninhhoakhanhhoagovvn-1705031453
ninhxuan.ninhhoa.khanhhoa.gov.vn,"UBND xã Ninh Xuân, tỉnh Khánh Hòa",15/01/2024,Chứng nhận cơ bản,https://tinnhiemmang.vn/danh-ba-tin-nhiem/ninhxuanninhhoakhanhhoagovvn-1705031408
noithon.haquang.caobang.gov.vn,"UBND xã Nội Thôn, huyện Hà Quảng, Cao Bằng",25/12/2023,Chứng nhận cơ bản,https://tinnhiemmang.vn/danh-ba-tin-nhiem/noithonhaquangcaobanggovvn-1703419187
nongha.chomoi.gov.vn,UBND huyện Chợ Mới tỉnh Bắc Kạn,10/04/2024,Chứng nhận cơ bản,https://tinnhiemmang.vn/danh-ba-tin-nhiem/nonghachomoigovvn-1712635493
nongnghiep.vinhlong.gov.vn,Sở Nông nghiệp và PTNT tỉnh Vĩnh Long,01/07/2021,Chứng nhận cơ bản,https://tinnhiemmang.vn/danh-ba-tin-nhiem/nongnghiepvinhlonggovvnportalwpsnnptntsnnpageindexcpx-1625050338
nongthonmoi.angiang.gov.vn,Nông thôn mới tỉnh An Giang,15/10/2021,Chứng nhận cơ bản,https://tinnhiemmang.vn/danh-ba-tin-nhiem/nongthonmoiangianggovvn-1634288001
nongthuong.backancity.gov.vn,Uỷ ban nhân dân xã Nông Thượng tỉnh Bắc Kạn,10/04/2024,Chứng nhận cơ bản,https://tinnhiemmang.vn/danh-ba-tin-nhiem/nongthuongbackancitygovvn-1712714810
nongtruong.trieuson.thanhhoa.gov.vn,"UBND Xã Nông Trường, tỉnh Thanh Hóa",17/01/2024,Chứng nhận cơ bản,https://tinnhiemmang.vn/danh-ba-tin-nhiem/nongtruongtrieusonthanhhoagovvn-1705459728
nscl.vn,"Vụ Khoa học và Công nghệ, Bộ Công Thương",17/01/2022,Chứng nhận cơ bản,https://tinnhiemmang.vn/danh-ba-tin-nhiem/nsclvn-1642155751
ntholha.ductrong.lamdong.gov.vn,UBND xã N'Thôl Hạ,13/03/2024,Chứng nhận cơ bản,https://tinnhiemmang.vn/danh-ba-tin-nhiem/ntholhaductronglamdonggovvn-1710232408
nuisam.chaudoc.angiang.gov.vn,UBND Phường Núi Sam tỉnh An Giang,09/11/2023,Chứng nhận cơ bản,https://tinnhiemmang.vn/danh-ba-tin-nhiem/nuisamchaudocangianggovvn-1699373572
nuisap.thoaison.angiang.gov.vn,UBND Thị trấn Núi Sập tỉnh An Giang,09/11/2023,Chứng nhận cơ bản,https://tinnhiemmang.vn/danh-ba-tin-nhiem/nuisapthoaisonangianggovvn-1699411727
nuito.triton.angiang.gov.vn,UBND Xã Núi Tô tỉnh An Giang,09/11/2023,Chứng nhận cơ bản,https://tinnhiemmang.vn/danh-ba-tin-nhiem/nuitotritonangianggovvn-1699410414
nuivoi.tinhbien.angiang.gov.vn,UBND Phường Núi Voi tỉnh An Giang,09/11/2023,Chứng nhận cơ bản,https://tinnhiemmang.vn/danh-ba-tin-nhiem/nuivoitinhbienangianggovvn-1699373241
nuochai.hoaan.caobang.gov.vn,"UBND Thị trấn Nước Hai, huyện Hòa An, Cao Bằng",25/12/2023,Chứng nhận cơ bản,https://tinnhiemmang.vn/danh-ba-tin-nhiem/nuochaihoaancaobanggovvn-1703475891
oceo.thoaison.angiang.gov.vn,UBND Thị trấn Óc Eo tỉnh An Giang,09/11/2023,Chứng nhận cơ bản,https://tinnhiemmang.vn/danh-ba-tin-nhiem/oceothoaisonangianggovvn-1699412043
ochodua.dongda.hanoi.gov.vn,"Phường Ô Chợ Dừa,  Quận Đống Đa,  Thành phố Hà Nội",15/06/2021,Chứng nhận cơ bản,https://tinnhiemmang.vn/danh-ba-tin-nhiem/ochoduadongdahanoigovvn-1623561005
ocop.angiang.gov.vn,Sở Thông tin và Truyền thông tỉnh An Giang,09/11/2023,Chứng nhận cơ bản,https://tinnhiemmang.vn/danh-ba-tin-nhiem/ocopangianggovvn-1699412255
ocop.gialai.gov.vn,Văn phòng Điều phối nông thôn mới tỉnh Gia Lai,24/01/2024,Chứng nhận cơ bản,https://tinnhiemmang.vn/danh-ba-tin-nhiem/ocopgialaigovvn-1706064508
office-sgtvt.tphcm.gov.vn,Sở Giao thông vận tải Thành phố Hồ Chí Minh,23/07/2024,Chứng nhận cơ bản,https://tinnhiemmang.vn/danh-ba-tin-nhiem/office-sgtvttphcmgovvn-1721639875
olam.triton.angiang.gov.vn,UBND Xã Ô Lâm tỉnh An Giang,09/11/2023,Chứng nhận cơ bản,https://tinnhiemmang.vn/danh-ba-tin-nhiem/olamtritonangianggovvn-1699410629
olongvi.chauphu.angiang.gov.vn,UBND Xã Ô Long Vĩ tỉnh An Giang,09/11/2023,Chứng nhận cơ bản,https://tinnhiemmang.vn/danh-ba-tin-nhiem/olongvichauphuangianggovvn-1699361400
pacmiau.baolam.caobang.gov.vn,"UBND thị trấn Pác Miầu, huyện Bảo Lâm, Cao Bằng",25/12/2023,Chứng nhận cơ bản,https://tinnhiemmang.vn/danh-ba-tin-nhiem/pacmiaubaolamcaobanggovvn-1703420086
pacnam.gov.vn,"UBND huyện Pác Nặm, tỉnh Bắc Kạn",21/09/2021,Chứng nhận cơ bản,https://tinnhiemmang.vn/danh-ba-tin-nhiem/pacnamgovvn-1632219510
pakn.most.gov.vn,Bộ Khoa học và Công nghệ,07/04/2023,Chứng nhận cơ bản,https://tinnhiemmang.vn/danh-ba-tin-nhiem/paknmostgovvn-1678869676
pbvskcb.thuathienhue.gov.vn,Phòng Bào vệ sức khỏe cán bộ Tỉnh Thừa Thiên Huế,15/07/2021,Chứng nhận cơ bản,https://tinnhiemmang.vn/danh-ba-tin-nhiem/pbvskcbthuathienhuegovvn-1626316520
pcccr.thuathienhue.gov.vn,Chi cục kiểm lâm tỉnh Thừa Thiên Huế,30/07/2021,Chứng nhận cơ bản,https://tinnhiemmang.vn/danh-ba-tin-nhiem/pcccrthuathienhuegovvn-1627619522
pctn.angiang.gov.vn,Sở Thông tin và Truyền thông tỉnh An Giang,15/10/2021,Chứng nhận cơ bản,https://tinnhiemmang.vn/danh-ba-tin-nhiem/pctnangianggovvn-1634291035
pgdngochoi.kontum.edu.vn,Phòng Giáo dục và Đào tạo huyện Ngọc Hồi,26/02/2024,Chứng nhận cơ bản,https://tinnhiemmang.vn/danh-ba-tin-nhiem/pgdngochoikontumeduvn-1708674345
phamdinhho.haibatrung.hanoi.gov.vn,UBND phường Phạm Đình Hổ quận Hai Bà Trưng Hà Nội,10/05/2023,Chứng nhận cơ bản,https://tinnhiemmang.vn/danh-ba-tin-nhiem/phamdinhhohaibatrunghanoigovvn-1683603679
phanchutrinh.hanoi.gov.vn,"UBND Phường Phan Chu Trinh, quận Hoàn Kiếm, Hà Nội",11/12/2023,Chứng nhận cơ bản,https://tinnhiemmang.vn/danh-ba-tin-nhiem/phanchutrinhhanoigovvn-1702279965
phanthanh.baolac.caobang.gov.vn,"UBND xã Phan Thanh, huyện Bảo Lạc, Cao Bằng",25/12/2023,Chứng nhận cơ bản,https://tinnhiemmang.vn/danh-ba-tin-nhiem/phanthanhbaolaccaobanggovvn-1703475690
phanthanh.nguyenbinh.caobang.gov.vn,"UBND xã Phan Thanh, huyện Nguyên Bình, Cao Bằng",25/12/2023,Chứng nhận cơ bản,https://tinnhiemmang.vn/danh-ba-tin-nhiem/phanthanhnguyenbinhcaobanggovvn-1703427493
phapy.thuathienhue.gov.vn,Trung tâm Pháp y tỉnh Thừa Thiên Huế,15/07/2021,Chứng nhận cơ bản,https://tinnhiemmang.vn/danh-ba-tin-nhiem/phapythuathienhuegovvn-1626316637
phapykhanhhoa.vn,Trung tâm Pháp Y tỉnh Khánh Hòa,09/08/2023,Chứng nhận cơ bản,https://tinnhiemmang.vn/danh-ba-tin-nhiem/phapykhanhhoavn-1691552297
phihai.quanghoa.caobang.gov.vn,"UBND xã Phi Hải, huyện Quảng Hòa, Cao Bằng",25/12/2023,Chứng nhận cơ bản,https://tinnhiemmang.vn/danh-ba-tin-nhiem/phihaiquanghoacaobanggovvn-1703218268
phohue.haibatrung.hanoi.gov.vn,UBND phường Phố Huế quận Hai Bà Trưng Hà Nội,10/05/2023,Chứng nhận cơ bản,https://tinnhiemmang.vn/danh-ba-tin-nhiem/phohuehaibatrunghanoigovvn-1683603945
phongan.thuathienhue.gov.vn,UBND xã Phong An tỉnh Thừa Thiên Huế,15/07/2021,Chứng nhận cơ bản,https://tinnhiemmang.vn/danh-ba-tin-nhiem/phonganthuathienhuegovvn-1626314284
phongbinh.thuathienhue.gov.vn,UBND xã Phong Bình tỉnh Thừa Thiên Huế,15/07/2021,Chứng nhận cơ bản,https://tinnhiemmang.vn/danh-ba-tin-nhiem/phongbinhthuathienhuegovvn-1626314366
phongchau.trungkhanh.caobang.gov.vn,"UBND xã Phong Châu, huyện Trùng Khánh, Cao Bằng",25/12/2023,Chứng nhận cơ bản,https://tinnhiemmang.vn/danh-ba-tin-nhiem/phongchautrungkhanhcaobanggovvn-1703474179
phongchongthientai.vinhlong.gov.vn,Chi cục Thủy lợi Vĩnh Long,15/08/2024,Chứng nhận cơ bản,https://tinnhiemmang.vn/danh-ba-tin-nhiem/phongchongthientaivinhlonggovvn-1723689851
phongchuong.thuathienhue.gov.vn,UBND xã Phong Chương tỉnh Thừa Thiên Huế,15/07/2021,Chứng nhận cơ bản,https://tinnhiemmang.vn/danh-ba-tin-nhiem/phongchuongthuathienhuegovvn-1626314454
phongdien.thuathienhue.gov.vn,"UBND huyện Phong Điền, tỉnh Thừa Thiên Huế",15/07/2021,Chứng nhận cơ bản,https://tinnhiemmang.vn/danh-ba-tin-nhiem/phongdienthuathienhuegovvn-1626321793
phonghai.thuathienhue.gov.vn,UBND xã Phong Hải tỉnh Thừa Thiên Huế,15/07/2021,Chứng nhận cơ bản,https://tinnhiemmang.vn/danh-ba-tin-nhiem/phonghaithuathienhuegovvn-1626312941
phonghien.thuathienhue.gov.vn,UBND xã Phong Hiền tỉnh Thừa Thiên Huế,15/07/2021,Chứng nhận cơ bản,https://tinnhiemmang.vn/danh-ba-tin-nhiem/phonghienthuathienhuegovvn-1626313091
phonghoa.thuathienhue.gov.vn,UBND xã Phong Hòa tỉnh Thừa Thiên Huế,15/07/2021,Chứng nhận cơ bản,https://tinnhiemmang.vn/danh-ba-tin-nhiem/phonghoathuathienhuegovvn-1626314545
phongmy.thuathienhue.gov.vn,UBND xã Phong Mỹ tỉnh Thừa Thiên Huế,15/07/2021,Chứng nhận cơ bản,https://tinnhiemmang.vn/danh-ba-tin-nhiem/phongmythuathienhuegovvn-1626314656
phongnam.trungkhanh.caobang.gov.vn,"UBND xã Phong Nặm, huyện Trùng Khánh, Cao Bằng",25/12/2023,Chứng nhận cơ bản,https://tinnhiemmang.vn/danh-ba-tin-nhiem/phongnamtrungkhanhcaobanggovvn-1703474240
phongson.thuathienhue.gov.vn,UBND xã Phong Sơn tỉnh Thừa Thiên Huế,15/07/2021,Chứng nhận cơ bản,https://tinnhiemmang.vn/danh-ba-tin-nhiem/phongsonthuathienhuegovvn-1626313486
phongtho.laichau.gov.vn,"Ủy ban nhân dân huyện Phong Thổ, tỉnh Lai Châu",01/03/2024,Chứng nhận cơ bản,https://tinnhiemmang.vn/danh-ba-tin-nhiem/phongtholaichaugovvn-1709266265
phongthu.thuathienhue.gov.vn,UBND xã Phong Thu tỉnh Thừa Thiên Huế,15/07/2021,Chứng nhận cơ bản,https://tinnhiemmang.vn/danh-ba-tin-nhiem/phongthuthuathienhuegovvn-1626314740
phongxuan.thuathienhue.gov.vn,UBND xã Phong Xuân tỉnh Thừa Thiên Huế,15/07/2021,Chứng nhận cơ bản,https://tinnhiemmang.vn/danh-ba-tin-nhiem/phongxuanthuathienhuegovvn-1626314850
phuan.phutan.angiang.gov.vn,Xã Phú An tỉnh An Giang,09/11/2023,Chứng nhận cơ bản,https://tinnhiemmang.vn/danh-ba-tin-nhiem/phuanphutanangianggovvn-1699349609
phuan.thuathienhue.gov.vn,UBND xã Phú An tỉnh Thừa Thiên Huế,15/07/2021,Chứng nhận cơ bản,https://tinnhiemmang.vn/danh-ba-tin-nhiem/phuanthuathienhuegovvn-1626314948
phubai.thuathienhue.gov.vn,UBND thị trấn Phú Bài tỉnh Thừa Thiên Huế,15/07/2021,Chứng nhận cơ bản,https://tinnhiemmang.vn/danh-ba-tin-nhiem/phubaithuathienhuegovvn-1626315193
phubinh.phutan.angiang.gov.vn,Xã Phú Bình tỉnh An Giang,09/11/2023,Chứng nhận cơ bản,https://tinnhiemmang.vn/danh-ba-tin-nhiem/phubinhphutanangianggovvn-1699348636
phubinh.thuathienhue.gov.vn,UBND xã Phú Bình tỉnh Thừa Thiên Huế,15/07/2021,Chứng nhận cơ bản,https://tinnhiemmang.vn/danh-ba-tin-nhiem/phubinhthuathienhuegovvn-1626315273
phucat-quocoai.thudo.gov.vn,"UBND xã Phú Cát, huyện Quốc Oai, Hà Nội",22/11/2024,Chứng nhận cơ bản,https://tinnhiemmang.vn/danh-ba-tin-nhiem/phucat-quocoaithudogovvn-1732249041
phucat.thuathienhue.gov.vn,UBND phường Phú Cát tỉnh Thừa Thiên Huế,15/07/2021,Chứng nhận cơ bản,https://tinnhiemmang.vn/danh-ba-tin-nhiem/phucatthuathienhuegovvn-1626315428
phucdien.bactuliem.hanoi.gov.vn,"UBND phường Phúc Diễn quận Bắc Từ Liêm, thành phố Hà Nội",10/05/2023,Chứng nhận cơ bản,https://tinnhiemmang.vn/danh-ba-tin-nhiem/phucdienbactuliemhanoigovvn-1683629579
phuclam.myduc.hanoi.gov.vn,"UBND xã Phúc Lâm, Hà Nội",20/06/2024,Chứng nhận cơ bản,https://tinnhiemmang.vn/danh-ba-tin-nhiem/phuclammyduchanoigovvn-1718871251
phucloc.babe.gov.vn,"UBND xã Phúc Lộc, huyện Ba Bể, tỉnh Bắc Kạn",10/04/2024,Chứng nhận cơ bản,https://tinnhiemmang.vn/danh-ba-tin-nhiem/phuclocbabegovvn-1712637505
phucsen.quanghoa.caobang.gov.vn,"UBND xã Phúc Sen, huyện Quảng Hòa, Cao Bằng",25/12/2023,Chứng nhận cơ bản,https://tinnhiemmang.vn/danh-ba-tin-nhiem/phucsenquanghoacaobanggovvn-1703218363
phuctan.hanoi.gov.vn,"UBND Phường Phúc Tân, quận Hoàn Kiếm, Hà Nội",11/12/2023,Chứng nhận cơ bản,https://tinnhiemmang.vn/danh-ba-tin-nhiem/phuctanhanoigovvn-1702279185
phucthinh.ngoclac.thanhhoa.gov.vn,UBND xã Phúc Thịnh tỉnh Thanh Hóa,29/05/2024,Chứng nhận cơ bản,https://tinnhiemmang.vn/danh-ba-tin-nhiem/phucthinhngoclacthanhhoagovvn-1716889973
phucu.hungyen.gov.vn,"UBND huyện Phù Cừ, tỉnh Hưng Yên",15/07/2021,Chứng nhận cơ bản,https://tinnhiemmang.vn/danh-ba-tin-nhiem/phucuhungyengovvn-1626333426
phucxa.badinh.hanoi.gov.vn,"UBND phường Phúc Xá, quận Ba Đình, Hà Nội",11/12/2023,Chứng nhận cơ bản,https://tinnhiemmang.vn/danh-ba-tin-nhiem/phucxabadinhhanoigovvn-1702278900
phuda.thuathienhue.gov.vn,UBND thị trấn Phú Đa tỉnh Thừa Thiên Huế,15/07/2021,Chứng nhận cơ bản,https://tinnhiemmang.vn/danh-ba-tin-nhiem/phudathuathienhuegovvn-1626315603
phudien.bactuliem.hanoi.gov.vn,"UBND phường Phú Diễn quận Bắc Từ Liêm, thành phố Hà Nội",10/05/2023,Chứng nhận cơ bản,https://tinnhiemmang.vn/danh-ba-tin-nhiem/phudienbactuliemhanoigovvn-1683629502
phudien.thuathienhue.gov.vn,UBND xã Phú Diên tỉnh Thừa Thiên Huế,15/07/2021,Chứng nhận cơ bản,https://tinnhiemmang.vn/danh-ba-tin-nhiem/phudienthuathienhuegovvn-1626315730
phudo.namtuliem.hanoi.gov.vn,"Phường Phú Đô,  Quận Nam Từ Liêm, Thành phố Hà Nội",15/06/2021,Chứng nhận cơ bản,https://tinnhiemmang.vn/danh-ba-tin-nhiem/phudonamtuliemhanoigovvn-1623571394
phudong.bavi.hanoi.gov.vn,"UBND Xã Phú Đông - Huyện Ba Vì, Hà Nội",11/11/2024,Chứng nhận cơ bản,https://tinnhiemmang.vn/danh-ba-tin-nhiem/phudongbavihanoigovvn-1731049172
phuduc.vinhlong.gov.vn,UBND xã Phú Đức tỉnh Vĩnh Long,14/07/2021,Chứng nhận cơ bản,https://tinnhiemmang.vn/danh-ba-tin-nhiem/phuducvinhlonggovvn-1625917947
phuduong.thuathienhue.gov.vn,UBND xã Phú Dương tỉnh Thừa Thiên Huế,15/07/2021,Chứng nhận cơ bản,https://tinnhiemmang.vn/danh-ba-tin-nhiem/phuduongthuathienhuegovvn-1626315812
phugia.thuathienhue.gov.vn,UBND xã Phú Gia tỉnh Thừa Thiên Huế,15/07/2021,Chứng nhận cơ bản,https://tinnhiemmang.vn/danh-ba-tin-nhiem/phugiathuathienhuegovvn-1626315886
phugiahome.com,Phú Gia Home,22/04/2022,Chứng nhận cơ bản,https://tinnhiemmang.vn/danh-ba-tin-nhiem/phugiahomecom-1650593178
phuhai.thuathienhue.gov.vn,UBND xã Phú Hải tỉnh Thừa Thiên Huế,15/07/2021,Chứng nhận cơ bản,https://tinnhiemmang.vn/danh-ba-tin-nhiem/phuhaithuathienhuegovvn-1626316108
phuhau.thuathienhue.gov.vn,UBND phường Phú Hậu tỉnh Thừa Thiên Huế,15/07/2021,Chứng nhận cơ bản,https://tinnhiemmang.vn/danh-ba-tin-nhiem/phuhauthuathienhuegovvn-1626316199
phuhiep.phutan.angiang.gov.vn,Xã Phú Hiệp tỉnh An Giang,09/11/2023,Chứng nhận cơ bản,https://tinnhiemmang.vn/danh-ba-tin-nhiem/phuhiepphutanangianggovvn-1699349322
phuho.thuathienhue.gov.vn,UBND xã Phú Hồ tỉnh Thừa Thiên Huế,15/07/2021,Chứng nhận cơ bản,https://tinnhiemmang.vn/danh-ba-tin-nhiem/phuhothuathienhuegovvn-1626316594
phuhoa.thoaison.angiang.gov.vn,UBND Thị trấn Phú Hòa tỉnh An Giang,09/11/2023,Chứng nhận cơ bản,https://tinnhiemmang.vn/danh-ba-tin-nhiem/phuhoathoaisonangianggovvn-1699411335
phuhoa.thuathienhue.gov.vn,UBND phường Phú Hòa tỉnh Thừa Thiên Huế,15/07/2021,Chứng nhận cơ bản,https://tinnhiemmang.vn/danh-ba-tin-nhiem/phuhoathuathienhuegovvn-1626257283
phuhoi.anphu.angiang.gov.vn,Xã Phú Hội tỉnh An Giang,09/11/2023,Chứng nhận cơ bản,https://tinnhiemmang.vn/danh-ba-tin-nhiem/phuhoianphuangianggovvn-1699348428
phuhoi.thuathienhue.gov.vn,UBND phường Phú Hội tỉnh Thừa Thiên Huế,15/07/2021,Chứng nhận cơ bản,https://tinnhiemmang.vn/danh-ba-tin-nhiem/phuhoithuathienhuegovvn-1626257423
phuhoiductrong.lamdong.gov.vn,"UBND Xã Phú Hội, Huyện Đức Trọng, Tỉnh Lâm Đồng",11/04/2024,Chứng nhận cơ bản,https://tinnhiemmang.vn/danh-ba-tin-nhiem/phuhoiductronglamdonggovvn-1712799263
phuhung.phutan.angiang.gov.vn,Xã Phú Hưng tỉnh An Giang,09/11/2023,Chứng nhận cơ bản,https://tinnhiemmang.vn/danh-ba-tin-nhiem/phuhungphutanangianggovvn-1699349102
phuhuu.anphu.angiang.gov.vn,Xã Phú Hữu tỉnh An Giang,09/11/2023,Chứng nhận cơ bản,https://tinnhiemmang.vn/danh-ba-tin-nhiem/phuhuuanphuangianggovvn-1699348330
phukhe.camkhe.phutho.gov.vn,UBND Xã Phú Khê tỉnh Phú Thọ,03/10/2023,Chứng nhận cơ bản,https://tinnhiemmang.vn/danh-ba-tin-nhiem/phukhecamkhephuthogovvn-1696237540
phukim.thachthat.hanoi.gov.vn,UBND xã Phú Kim  huyện Thạch Thất TP Hà Nội,10/05/2023,Chứng nhận cơ bản,https://tinnhiemmang.vn/danh-ba-tin-nhiem/phukimthachthathanoigovvn-1683621950
phulac.camkhe.phutho.gov.vn,UBND Xã Phú Lạc tỉnh Phú Thọ,03/10/2023,Chứng nhận cơ bản,https://tinnhiemmang.vn/danh-ba-tin-nhiem/phulaccamkhephuthogovvn-1696237646
phulam.phutan.angiang.gov.vn,Xã Phú Lâm tỉnh An Giang,09/11/2023,Chứng nhận cơ bản,https://tinnhiemmang.vn/danh-ba-tin-nhiem/phulamphutanangianggovvn-1699349163
phule.quanhoa.thanhhoa.gov.vn,UBND xã Phú Lệ tỉnh Thanh Hóa,03/07/2024,Chứng nhận cơ bản,https://tinnhiemmang.vn/danh-ba-tin-nhiem/phulequanhoathanhhoagovvn-1719993135
phulien.kienan.haiphong.gov.vn,"UBND phường Phù Liễn, quận Kiến An, thành phố Hải Phòng",23/02/2024,Chứng nhận cơ bản,https://tinnhiemmang.vn/danh-ba-tin-nhiem/phulienkienanhaiphonggovvn-1708587255
phuloc.tanchau.angiang.gov.vn,UBND Xã Phú Lộc tỉnh An Giang,09/11/2023,Chứng nhận cơ bản,https://tinnhiemmang.vn/danh-ba-tin-nhiem/phuloctanchauangianggovvn-1699361156
phuloc.thuathienhue.gov.vn,"Ủy ban nhân dân huyện Phú Lộc, tỉnh Thừa Thiên Huế",15/07/2021,Chứng nhận cơ bản,https://tinnhiemmang.vn/danh-ba-tin-nhiem/phulocthuathienhuegovvn-1626321836
phuloc.vinhlong.gov.vn,UBND xã Phú Lộc tỉnh Vĩnh Long,15/07/2021,Chứng nhận cơ bản,https://tinnhiemmang.vn/danh-ba-tin-nhiem/phulocvinhlonggovvn-1626267882
phulong.phutan.angiang.gov.vn,Xã Phú Long tỉnh An Giang,09/11/2023,Chứng nhận cơ bản,https://tinnhiemmang.vn/danh-ba-tin-nhiem/phulongphutanangianggovvn-1699349561
phuluong.thuathienhue.gov.vn,UBND xã Phú Lương tỉnh Thừa Thiên Huế,15/07/2021,Chứng nhận cơ bản,https://tinnhiemmang.vn/danh-ba-tin-nhiem/phuluongthuathienhuegovvn-1626316702
phuluu-unghoa.thudo.gov.vn,"UBND Xã Phù Lưu, Hà Nội",17/12/2024,Chứng nhận cơ bản,https://tinnhiemmang.vn/danh-ba-tin-nhiem/phuluu-unghoathudogovvn-1734401390
phuluute.myduc.hanoi.gov.vn,"UBND xã Phù Lưu Tế, Hà Nội",20/06/2024,Chứng nhận cơ bản,https://tinnhiemmang.vn/danh-ba-tin-nhiem/phuluutemyduchanoigovvn-1718871856
phumau.thuathienhue.gov.vn,UBND xã Phú Mậu tỉnh Thừa Thiên Huế,15/07/2021,Chứng nhận cơ bản,https://tinnhiemmang.vn/danh-ba-tin-nhiem/phumauthuathienhuegovvn-1626316799
phumy.phutan.angiang.gov.vn,Thị trấn Phú Mỹ tỉnh An Giang,09/11/2023,Chứng nhận cơ bản,https://tinnhiemmang.vn/danh-ba-tin-nhiem/phumyphutanangianggovvn-1699348854
phumy.thuathienhue.gov.vn,UBND xã Phú Mỹ tỉnh Thừa Thiên Huế,15/07/2021,Chứng nhận cơ bản,https://tinnhiemmang.vn/danh-ba-tin-nhiem/phumythuathienhuegovvn-1626317132
phungchikien.backancity.gov.vn,Uỷ ban nhân dân phường Phùng Chí Kiên tỉnh Bắc Kạn,10/04/2024,Chứng nhận cơ bản,https://tinnhiemmang.vn/danh-ba-tin-nhiem/phungchikienbackancitygovvn-1712714530
phunggiao.ngoclac.thanhhoa.gov.vn,UBND xã Phùng Giáo tỉnh Thanh Hóa,29/05/2024,Chứng nhận cơ bản,https://tinnhiemmang.vn/danh-ba-tin-nhiem/phunggiaongoclacthanhhoagovvn-1716889875
phunghiem.quanhoa.thanhhoa.gov.vn,UBND xã Phú Nghiêm tỉnh Thanh Hóa,03/07/2024,Chứng nhận cơ bản,https://tinnhiemmang.vn/danh-ba-tin-nhiem/phunghiemquanhoathanhhoagovvn-1719992575
phungminh.ngoclac.thanhhoa.gov.vn,UBND xã Phùng Minh tỉnh Thanh Hóa,29/05/2024,Chứng nhận cơ bản,https://tinnhiemmang.vn/danh-ba-tin-nhiem/phungminhngoclacthanhhoagovvn-1716889927
phungocland.com,Công ty Trách nhiệm hữu hạn Thương mại Dịch vụ Phú Ngọc Land,14/09/2022,Chứng nhận cơ bản,https://tinnhiemmang.vn/danh-ba-tin-nhiem/phungoclandcom-1658974427
phungxa.myduc.hanoi.gov.vn,"UBND xã Phùng Xá, Mỹ Đức, Hà Nội",27/11/2024,Chứng nhận cơ bản,https://tinnhiemmang.vn/danh-ba-tin-nhiem/phungxamyduchanoigovvn-1732682820
phunhuan.nhuthanh.thanhhoa.gov.vn,"UBND xã Phú Nhuận, huyện Như Thanh, Thanh Hóa",16/04/2024,Chứng nhận cơ bản,https://tinnhiemmang.vn/danh-ba-tin-nhiem/phunhuannhuthanhthanhhoagovvn-1713154588
phunhuan.thuathienhue.gov.vn,UBND phường Phú Nhuận tỉnh Thừa Thiên Huế,15/07/2021,Chứng nhận cơ bản,https://tinnhiemmang.vn/danh-ba-tin-nhiem/phunhuanthuathienhuegovvn-1626317256
phuocdong.nhatrang.khanhhoa.gov.vn,"UBND xã Phước Đồng, tỉnh Khánh Hòa",09/08/2023,Chứng nhận cơ bản,https://tinnhiemmang.vn/danh-ba-tin-nhiem/phuocdongnhatrangkhanhhoagovvn-1691561689
phuochai.nhatrang.khanhhoa.gov.vn,"UBND phường Phước Hải, tỉnh Khánh Hòa",09/08/2023,Chứng nhận cơ bản,https://tinnhiemmang.vn/danh-ba-tin-nhiem/phuochainhatrangkhanhhoagovvn-1691561641
phuochoa.nhatrang.khanhhoa.gov.vn,UBND phường Phước Hòa tỉnh Khánh Hòa,14/07/2022,Chứng nhận cơ bản,https://tinnhiemmang.vn/danh-ba-tin-nhiem/phuochoanhatrangkhanhhoagovvn-1626159800
phuochung.anphu.angiang.gov.vn,Xã Phước Hưng tỉnh An Giang,09/11/2023,Chứng nhận cơ bản,https://tinnhiemmang.vn/danh-ba-tin-nhiem/phuochunganphuangianggovvn-1699348382
phuoclong.nhatrang.khanhhoa.gov.vn,UBND phường Phước Long tỉnh Khánh Hòa,14/07/2022,Chứng nhận cơ bản,https://tinnhiemmang.vn/danh-ba-tin-nhiem/phuoclongnhatrangkhanhhoagovvn-1626159881
phuocmy.danang.gov.vn,UBND phường Phước Mỹ,27/11/2023,Chứng nhận cơ bản,https://tinnhiemmang.vn/danh-ba-tin-nhiem/phuocmydananggovvn-1698720659
phuoctan.nhatrang.khanhhoa.gov.vn,UBND phường Phước Tân tỉnh Khánh Hòa,14/07/2022,Chứng nhận cơ bản,https://tinnhiemmang.vn/danh-ba-tin-nhiem/phuoctannhatrangkhanhhoagovvn-1626159983
phuoctien.nhatrang.khanhhoa.gov.vn,UBND phường Phước Tiến tỉnh Khánh Hòa,14/07/2022,Chứng nhận cơ bản,https://tinnhiemmang.vn/danh-ba-tin-nhiem/phuoctiennhatrangkhanhhoagovvn-1626160060
phuocvinh.thuathienhue.gov.vn,UBND phường Phước Vĩnh tỉnh Thừa Thiên Huế,15/07/2021,Chứng nhận cơ bản,https://tinnhiemmang.vn/danh-ba-tin-nhiem/phuocvinhthuathienhuegovvn-1626317417
phuong1.baoloc.lamdong.gov.vn,"UBND Phường 1, TP Bảo Lộc, Lâm Đồng",01/07/2024,Chứng nhận cơ bản,https://tinnhiemmang.vn/danh-ba-tin-nhiem/phuong1baoloclamdonggovvn-1719801866
phuong2.baoloc.lamdong.gov.vn,"UBND Phường 2, TP Bảo Lộc, Lâm Đồng",01/07/2024,Chứng nhận cơ bản,https://tinnhiemmang.vn/danh-ba-tin-nhiem/phuong2baoloclamdonggovvn-1719802003
phuong2.vinhlong.gov.vn,UBND Phường 2 tỉnh Vĩnh Long,14/07/2021,Chứng nhận cơ bản,https://tinnhiemmang.vn/danh-ba-tin-nhiem/phuong2vinhlonggovvn-1625917627
phuong3.vinhlong.gov.vn,UBND Phường 3 tỉnh Vĩnh Long,14/07/2021,Chứng nhận cơ bản,https://tinnhiemmang.vn/danh-ba-tin-nhiem/phuong3vinhlonggovvn-1625917635
phuong4.vinhlong.gov.vn,UBND Phường 4 tỉnh Vĩnh Long,14/07/2021,Chứng nhận cơ bản,https://tinnhiemmang.vn/danh-ba-tin-nhiem/phuong4vinhlonggovvn-1625917649
phuong5.vinhlong.gov.vn,UBND Phường 5 tỉnh Vĩnh Long,14/07/2021,Chứng nhận cơ bản,https://tinnhiemmang.vn/danh-ba-tin-nhiem/phuong5vinhlonggovvn-1625917653
phuong8.vinhlong.gov.vn,UBND Phường 8 tỉnh Vĩnh Long,14/07/2021,Chứng nhận cơ bản,https://tinnhiemmang.vn/danh-ba-tin-nhiem/phuong8vinhlonggovvn-1625917662
phuong9.vinhlong.gov.vn,UBND Phường 9 tỉnh Vĩnh Long,14/07/2021,Chứng nhận cơ bản,https://tinnhiemmang.vn/danh-ba-tin-nhiem/phuong9vinhlonggovvn-1625917670
phuongblao.baoloc.lamdong.gov.vn,UBND Phường Blao,01/07/2024,Chứng nhận cơ bản,https://tinnhiemmang.vn/danh-ba-tin-nhiem/phuongblaobaoloclamdonggovvn-1719802384
phuongbuoi.tayho.hanoi.gov.vn,"UBND phường Bưởi, Hà Nội",20/06/2024,Chứng nhận cơ bản,https://tinnhiemmang.vn/danh-ba-tin-nhiem/phuongbuoitayhohanoigovvn-1718870257
phuongcanh.namtuliem.hanoi.gov.vn,"Phường Phương Canh,  quận Nam Từ Liêm, Thành phố Hà Nội",15/06/2021,Chứng nhận cơ bản,https://tinnhiemmang.vn/danh-ba-tin-nhiem/phuongcanhnamtuliemhanoigovvn-1623570774
phuongchanhlo.thanhpho.quangngai.gov.vn,"UBND Phường Chánh Lộ, Quảng Ngãi",02/01/2024,Chứng nhận cơ bản,https://tinnhiemmang.vn/danh-ba-tin-nhiem/phuongchanhlothanhphoquangngaigovvn-1703823999
phuongdinh.danphuong.hanoi.gov.vn,"UBND xã Phương Đình huyện Đan Phượng, Hà Nội",10/05/2023,Chứng nhận cơ bản,https://tinnhiemmang.vn/danh-ba-tin-nhiem/phuongdinhdanphuonghanoigovvn-1683625533
phuongduc.thuathienhue.gov.vn,UBND phường Đúc tỉnh Thừa Thiên Huế,15/07/2021,Chứng nhận cơ bản,https://tinnhiemmang.vn/danh-ba-tin-nhiem/phuongducthuathienhuegovvn-1626317496
phuonglehongphong.thanhpho.quangngai.gov.vn,"UBND Phường Lê Hồng Phong, Quảng Ngãi",02/01/2024,Chứng nhận cơ bản,https://tinnhiemmang.vn/danh-ba-tin-nhiem/phuonglehongphongthanhphoquangngaigovvn-1703824137
phuonglien.dongda.hanoi.gov.vn,"Phường Phương Liên,  Quận Đống Đa,  Thành phố Hà Nội",15/06/2021,Chứng nhận cơ bản,https://tinnhiemmang.vn/danh-ba-tin-nhiem/phuongliendongdahanoigovvn-1623562664
phuongliet.thanhxuan.hanoi.gov.vn,"Phường Phương Liệt, Quận Thanh Xuân, Thành phố Hà Nội",15/06/2021,Chứng nhận cơ bản,https://tinnhiemmang.vn/danh-ba-tin-nhiem/phuonglietthanhxuanhanoigovvn-1623641295
phuonglocphat.baoloc.lamdong.gov.vn,UBND Phường Lộc Phát,01/07/2024,Chứng nhận cơ bản,https://tinnhiemmang.vn/danh-ba-tin-nhiem/phuonglocphatbaoloclamdonggovvn-1719803502
phuonglocson.baoloc.lamdong.gov.vn,UBND Phường Lộc Sơn,01/07/2024,Chứng nhận cơ bản,https://tinnhiemmang.vn/danh-ba-tin-nhiem/phuonglocsonbaoloclamdonggovvn-1719803370
phuongloctien.baoloc.lamdong.gov.vn,UBND Phường Lộc Tiến,01/07/2024,Chứng nhận cơ bản,https://tinnhiemmang.vn/danh-ba-tin-nhiem/phuongloctienbaoloclamdonggovvn-1719803233
phuongmai.dongda.hanoi.gov.vn,"Phường Phương Mai, Quận Đống Đa, Thành phố Hà Nội",15/06/2021,Chứng nhận cơ bản,https://tinnhiemmang.vn/danh-ba-tin-nhiem/phuongmaidongdahanoigovvn-1623562824
phuongnghi.nhuthanh.thanhhoa.gov.vn,"UBND xã Phượng Nghi, huyện Như Thanh, tỉnh Thanh Hóa",12/06/2024,Chứng nhận cơ bản,https://tinnhiemmang.vn/danh-ba-tin-nhiem/phuongnghinhuthanhthanhhoagovvn-1718097512
phuongnghiachanh.thanhpho.quangngai.gov.vn,"UBND Phường Nghĩa Chánh, Quảng Ngãi",02/01/2024,Chứng nhận cơ bản,https://tinnhiemmang.vn/danh-ba-tin-nhiem/phuongnghiachanhthanhphoquangngaigovvn-1703824086
phuongnghialo.thanhpho.quangngai.gov.vn,"UBND Phường Nghĩa Lộ, Quảng Ngãi",02/01/2024,Chứng nhận cơ bản,https://tinnhiemmang.vn/danh-ba-tin-nhiem/phuongnghialothanhphoquangngaigovvn-1703824035
phuongnguyennghiem.thanhpho.quangngai.gov.vn,"UBND Phường Nguyễn Nghiêm, Quảng Ngãi",02/01/2024,Chứng nhận cơ bản,https://tinnhiemmang.vn/danh-ba-tin-nhiem/phuongnguyennghiemthanhphoquangngaigovvn-1703823931
phuongphohoa.ducpho.quangngai.gov.vn,"UBND Phường Phổ Hòa, Quảng Ngãi",02/01/2024,Chứng nhận cơ bản,https://tinnhiemmang.vn/danh-ba-tin-nhiem/phuongphohoaducphoquangngaigovvn-1703831221
phuongphominh.ducpho.quangngai.gov.vn,"UBND Phường Phổ Minh, Quảng Ngãi",02/01/2024,Chứng nhận cơ bản,https://tinnhiemmang.vn/danh-ba-tin-nhiem/phuongphominhducphoquangngaigovvn-1703831308
phuongphoninh.ducpho.quangngai.gov.vn,"UBND Phường Phổ Ninh, Quảng Ngãi",02/01/2024,Chứng nhận cơ bản,https://tinnhiemmang.vn/danh-ba-tin-nhiem/phuongphoninhducphoquangngaigovvn-1703831178
phuongphoquang.ducpho.quangngai.gov.vn,"UBND Phường Phổ Quang, Quảng Ngãi",02/01/2024,Chứng nhận cơ bản,https://tinnhiemmang.vn/danh-ba-tin-nhiem/phuongphoquangducphoquangngaigovvn-1703831448
phuongphothanh.ducpho.quangngai.gov.vn,"UBND Phường Phổ Thạnh, Quảng Ngãi",02/01/2024,Chứng nhận cơ bản,https://tinnhiemmang.vn/danh-ba-tin-nhiem/phuongphothanhducphoquangngaigovvn-1703831495
phuongphovan.ducpho.quangngai.gov.vn,"UBND Phường Phổ Văn, Quảng Ngãi",02/01/2024,Chứng nhận cơ bản,https://tinnhiemmang.vn/danh-ba-tin-nhiem/phuongphovanducphoquangngaigovvn-1703831136
phuongphovinh.ducpho.quangngai.gov.vn,"UBND Phường Phổ Vinh, Quảng Ngãi",02/01/2024,Chứng nhận cơ bản,https://tinnhiemmang.vn/danh-ba-tin-nhiem/phuongphovinhducphoquangngaigovvn-1703831268
phuongquangphu.thanhpho.quangngai.gov.vn,"UBND Phường Quảng Phú, Quảng Ngãi",02/01/2024,Chứng nhận cơ bản,https://tinnhiemmang.vn/danh-ba-tin-nhiem/phuongquangphuthanhphoquangngaigovvn-1703825472
phuongsai.nhatrang.khanhhoa.gov.vn,UBND phường Phương Sài tỉnh Khánh Hòa,14/07/2022,Chứng nhận cơ bản,https://tinnhiemmang.vn/danh-ba-tin-nhiem/phuongsainhatrangkhanhhoagovvn-1626160264
phuongson.nhatrang.khanhhoa.gov.vn,UBND phường Phương Sơn tỉnh Khánh Hòa,14/07/2022,Chứng nhận cơ bản,https://tinnhiemmang.vn/danh-ba-tin-nhiem/phuongsonnhatrangkhanhhoagovvn-1626160354
phuongtiendo.thuathienhue.gov.vn,Sở Khoa học và Công nghệ tỉnh Thừa Thiên Huế,19/07/2021,Chứng nhận cơ bản,https://tinnhiemmang.vn/danh-ba-tin-nhiem/phuongtiendothuathienhuegovvn-1626672431
phuongtranhungdao.thanhpho.quangngai.gov.vn,"UBND Phường Trần Hưng Đạo, Quảng Ngãi",02/01/2024,Chứng nhận cơ bản,https://tinnhiemmang.vn/danh-ba-tin-nhiem/phuongtranhungdaothanhphoquangngaigovvn-1703824189
phuongtranphu.thanhpho.quangngai.gov.vn,"UBND Phường Trần Phú, Quảng Ngãi",02/01/2024,Chứng nhận cơ bản,https://tinnhiemmang.vn/danh-ba-tin-nhiem/phuongtranphuthanhphoquangngaigovvn-1703825507
phuongtrung.thanhoai.hanoi.gov.vn,"UBND xã Phương Trung, Thanh Oai, Hà Nội",11/12/2023,Chứng nhận cơ bản,https://tinnhiemmang.vn/danh-ba-tin-nhiem/phuongtrungthanhoaihanoigovvn-1702277907
phuongtruongquangtrong.thanhpho.quangngai.gov.vn,"UBND Phường Trương Quang Trọng, Quảng Ngãi",02/01/2024,Chứng nhận cơ bản,https://tinnhiemmang.vn/danh-ba-tin-nhiem/phuongtruongquangtrongthanhphoquangngaigovvn-1703824249
phuongtu-unghoa.thudo.gov.vn,"UBND Xã Phương Tú, Hà Nội",17/12/2024,Chứng nhận cơ bản,https://tinnhiemmang.vn/danh-ba-tin-nhiem/phuongtu-unghoathudogovvn-1734402122
phuongvien.chodon.gov.vn,"Uỷ ban nhân dân xã Phương Viên, tỉnh Bắc Kạn",15/07/2022,Chứng nhận cơ bản,https://tinnhiemmang.vn/danh-ba-tin-nhiem/phuongvienchodongovvn-1650422858
phuson.bimson.thanhhoa.gov.vn,UBND phường Phú Sơn tỉnh Thanh Hóa,29/05/2024,Chứng nhận cơ bản,https://tinnhiemmang.vn/danh-ba-tin-nhiem/phusonbimsonthanhhoagovvn-1716892511
phuson.nhoquan.ninhbinh.gov.vn,"UBND xã Phú Sơn, tỉnh Ninh Bình",19/07/2021,Chứng nhận cơ bản,https://tinnhiemmang.vn/danh-ba-tin-nhiem/phusonnhoquanninhbinhgovvn-1626430029
phuson.quanhoa.thanhhoa.gov.vn,UBND xã Phú Sơn huyện Quan Hóa tỉnh Thanh Hóa,03/07/2024,Chứng nhận cơ bản,https://tinnhiemmang.vn/danh-ba-tin-nhiem/phusonquanhoathanhhoagovvn-1719993091
phuson.thuathienhue.gov.vn,UBND xã Phú Sơn tỉnh Thừa Thiên Huế,15/07/2021,Chứng nhận cơ bản,https://tinnhiemmang.vn/danh-ba-tin-nhiem/phusonthuathienhuegovvn-1626317571
phuson.tpthanhhoa.thanhhoa.gov.vn,"UBND Phường Phú Sơn, Thành phố Thanh Hóa, tỉnh Thanh Hóa",26/09/2024,Chứng nhận cơ bản,https://tinnhiemmang.vn/danh-ba-tin-nhiem/phusontpthanhhoathanhhoagovvn-1727318420
phuthanh.phutan.angiang.gov.vn,Xã Phú Thành tỉnh An Giang,09/11/2023,Chứng nhận cơ bản,https://tinnhiemmang.vn/danh-ba-tin-nhiem/phuthanhphutanangianggovvn-1699349465
phuthanh.quanhoa.thanhhoa.gov.vn,UBND xã Phú Thanh tỉnh Thanh Hóa,03/07/2024,Chứng nhận cơ bản,https://tinnhiemmang.vn/danh-ba-tin-nhiem/phuthanhquanhoathanhhoagovvn-1719993183
phuthanh.thuathienhue.gov.vn,UBND xã Phú Thanh tỉnh Thừa Thiên Huế,17/07/2024,Chứng nhận cơ bản,https://tinnhiemmang.vn/danh-ba-tin-nhiem/phuthanhthuathienhuegovvn-1626317651
phuthanh.vinhlong.gov.vn,UBND xã Phú Thành tỉnh Vĩnh Long,15/07/2021,Chứng nhận cơ bản,https://tinnhiemmang.vn/danh-ba-tin-nhiem/phuthanhvinhlonggovvn-1626268139
phuthanh1.phutan.angiang.gov.vn,Xã Phú Thạnh tỉnh An Giang,09/11/2023,Chứng nhận cơ bản,https://tinnhiemmang.vn/danh-ba-tin-nhiem/phuthanh1phutanangianggovvn-1699348902
phuthi.gialam.hanoi.gov.vn,"UBND xã Phú Thị, Gia Lâm, Hà Nội",11/11/2024,Chứng nhận cơ bản,https://tinnhiemmang.vn/danh-ba-tin-nhiem/phuthigialamhanoigovvn-1731049695
phuthinh.sontay.hanoi.gov.vn,"UBND phường  Phú Thịnh, Hà Nội",20/06/2024,Chứng nhận cơ bản,https://tinnhiemmang.vn/danh-ba-tin-nhiem/phuthinhsontayhanoigovvn-1718873272
phuthinh.vinhlong.gov.vn,UBND xã Phú Thịnh tỉnh Vĩnh Long,15/07/2021,Chứng nhận cơ bản,https://tinnhiemmang.vn/danh-ba-tin-nhiem/phuthinhvinhlonggovvn-1626267930
phutho.phutan.angiang.gov.vn,Xã Phú Thọ tỉnh An Giang,09/11/2023,Chứng nhận cơ bản,https://tinnhiemmang.vn/danh-ba-tin-nhiem/phuthophutanangianggovvn-1699349052
phuthong.bachthong.gov.vn,UBND thị trấn Phủ Thông tỉnh Bắc Kạn,10/04/2024,Chứng nhận cơ bản,https://tinnhiemmang.vn/danh-ba-tin-nhiem/phuthongbachthonggovvn-1712714253
phuthuan.phuvang.thuathienhue.gov.vn,UBND xã Phú Thuận Phú Vang tỉnh Thừa Thiên Huế,15/07/2021,Chứng nhận cơ bản,https://tinnhiemmang.vn/danh-ba-tin-nhiem/phuthuanphuvangthuathienhuegovvn-1626317721
phuthuan.thoaison.angiang.gov.vn,UBND Xã Phú Thuận tỉnh An Giang,09/11/2023,Chứng nhận cơ bản,https://tinnhiemmang.vn/danh-ba-tin-nhiem/phuthuanthoaisonangianggovvn-1699411890
phuthuong.tayho.hanoi.gov.vn,"UBND phường Phú Thượng, Hà Nội",20/06/2024,Chứng nhận cơ bản,https://tinnhiemmang.vn/danh-ba-tin-nhiem/phuthuongtayhohanoigovvn-1718870732
phuthuong.thuathienhue.gov.vn,UBND xã Phú Thượng tỉnh Thừa Thiên Huế,15/07/2021,Chứng nhận cơ bản,https://tinnhiemmang.vn/danh-ba-tin-nhiem/phuthuongthuathienhuegovvn-1626317928
phuvang.thuathienhue.gov.vn,"UBND huyện Phú Vang, tỉnh Thừa Thiên Huế",15/07/2021,Chứng nhận cơ bản,https://tinnhiemmang.vn/danh-ba-tin-nhiem/phuvangthuathienhuegovvn-1626321911
phuvinh.tanchau.angiang.gov.vn,UBND Xã Phú Vĩnh tỉnh An Giang,09/11/2023,Chứng nhận cơ bản,https://tinnhiemmang.vn/danh-ba-tin-nhiem/phuvinhtanchauangianggovvn-1699360758
phuvinh.thuathienhue.gov.vn,UBND xã Phú Vinh tỉnh Thừa Thiên Huế,15/07/2021,Chứng nhận cơ bản,https://tinnhiemmang.vn/danh-ba-tin-nhiem/phuvinhthuathienhuegovvn-1626318003
phuxuan.phutan.angiang.gov.vn,Xã Phú Xuân tỉnh An Giang,09/11/2023,Chứng nhận cơ bản,https://tinnhiemmang.vn/danh-ba-tin-nhiem/phuxuanphutanangianggovvn-1699349515
phuxuan.quanhoa.thanhhoa.gov.vn,"UBND xã Phú Xuân, huyện Quan Hóa, tỉnh Thanh Hóa",03/07/2024,Chứng nhận cơ bản,https://tinnhiemmang.vn/danh-ba-tin-nhiem/phuxuanquanhoathanhhoagovvn-1719993033
phuxuan.thoxuan.thanhhoa.gov.vn,UBND xã Phú Xuân tỉnh Thanh Hóa,10/04/2024,Chứng nhận cơ bản,https://tinnhiemmang.vn/danh-ba-tin-nhiem/phuxuanthoxuanthanhhoagovvn-1712737427
phuxuan.thuathienhue.gov.vn,UBND xã Phú Xuân tỉnh Thừa Thiên Huế,15/07/2021,Chứng nhận cơ bản,https://tinnhiemmang.vn/danh-ba-tin-nhiem/phuxuanthuathienhuegovvn-1626318075
portalgissonganh.thuathienhue.gov.vn,Sở Thông tin và Truyền thông tỉnh Thừa Thiên Huế,20/07/2021,Chứng nhận cơ bản,https://tinnhiemmang.vn/danh-ba-tin-nhiem/portalgissonganhthuathienhuegovvn-1626776209
ptdtntvancanhbinhdinh.edu.vn,"Trường PTDTNT THCSTHPT Vân Canh, tỉnh Bình Định",10/08/2023,Chứng nhận cơ bản,https://tinnhiemmang.vn/danh-ba-tin-nhiem/ptdtntvancanhbinhdinheduvn-1691576964
punhi.muonglat.thanhhoa.gov.vn,"UBND Xã Pù Nhi, tỉnh Thanh Hóa",17/01/2024,Chứng nhận cơ bản,https://tinnhiemmang.vn/danh-ba-tin-nhiem/punhimuonglatthanhhoagovvn-1705457564
pvhtt.nhatrang.khanhhoa.gov.vn,"Phòng Văn hóa và Thông tin thành phố Nha Trang, tỉnh Khánh Hòa",09/08/2023,Chứng nhận cơ bản,https://tinnhiemmang.vn/danh-ba-tin-nhiem/pvhttnhatrangkhanhhoagovvn-1691561365
qbtte.thanhhoa.gov.vn,Quỹ Bảo trợ trẻ em tỉnh Thanh Hóa,17/10/2024,Chứng nhận cơ bản,https://tinnhiemmang.vn/danh-ba-tin-nhiem/qbttethanhhoagovvn-1729133104
qc.thuathienhue.gov.vn,UBND tỉnh Thừa Thiên Huế,19/07/2021,Chứng nhận cơ bản,https://tinnhiemmang.vn/danh-ba-tin-nhiem/qcthuathienhuegovvn-1626680780
qlath.toaan.gov.vn,Tòa án nhân dân tối cao,07/04/2023,Chứng nhận cơ bản,https://tinnhiemmang.vn/danh-ba-tin-nhiem/qlathtoaangovvn-1680839321
qlhstnmt.thuathienhue.gov.vn,Sở Tài nguyên và Môi trường tỉnh Thừa Thiên Huế,19/07/2021,Chứng nhận cơ bản,https://tinnhiemmang.vn/danh-ba-tin-nhiem/qlhstnmtthuathienhuegovvn-1626673415
qllltp.moj.gov.vn,Bộ Tư pháp,14/07/2022,Chứng nhận cơ bản,https://tinnhiemmang.vn/danh-ba-tin-nhiem/qllltpmojgovvn-1625736895
qlte.thuathienhue.gov.vn,Sở Lao động - Thương binh và Xã hội tỉnh Thừa Thiên Huế,19/07/2021,Chứng nhận cơ bản,https://tinnhiemmang.vn/danh-ba-tin-nhiem/qltethuathienhuegovvn-1626673854
qltt.thuathienhue.gov.vn,Cục Quản Lý Thị Trường Tỉnh Thừa Thiên Huế,15/07/2021,Chứng nhận cơ bản,https://tinnhiemmang.vn/danh-ba-tin-nhiem/qlttthuathienhuegovvn-1626318426
qlttldxh.thuathienhue.gov.vn,Sở Lao động - Thương binh và Xã hội tỉnh Thừa Thiên Huế,20/07/2021,Chứng nhận cơ bản,https://tinnhiemmang.vn/danh-ba-tin-nhiem/qlttldxhthuathienhuegovvn-1626774819
qso.gov.vn,Cục Thống kê tỉnh Quảng Nam,26/06/2023,Chứng nhận cơ bản,https://tinnhiemmang.vn/danh-ba-tin-nhiem/qsogovvn-1687508752
qtmt.thuathienhue.gov.vn,UBND tỉnh Thừa Thiên Huế,21/07/2021,Chứng nhận cơ bản,https://tinnhiemmang.vn/danh-ba-tin-nhiem/qtmtthuathienhuegovvn-1626846482
quangan.tayho.hanoi.gov.vn,"UBND phường Quảng An, Hà Nội",20/06/2024,Chứng nhận cơ bản,https://tinnhiemmang.vn/danh-ba-tin-nhiem/quangantayhohanoigovvn-1718870595
quangan.thuathienhue.gov.vn,UBND xã Quảng An tỉnh Thừa Thiên Huế,15/07/2021,Chứng nhận cơ bản,https://tinnhiemmang.vn/danh-ba-tin-nhiem/quanganthuathienhuegovvn-1626318159
quangbach.chodon.backan.gov.vn,Uỷ ban nhân dân xã Quảng Bạch tỉnh Bắc Kạn,10/04/2024,Chứng nhận cơ bản,https://tinnhiemmang.vn/danh-ba-tin-nhiem/quangbachchodonbackangovvn-1712712932
quangbach.chodon.gov.vn,"Uỷ ban nhân dân xã Quảng Bạch, tỉnh Bắc Kạn",24/05/2022,Chứng nhận cơ bản,https://tinnhiemmang.vn/danh-ba-tin-nhiem/quangbachchodongovvn-1650424933
quangbinh.customs.gov.vn,Cục Hải quan tỉnh Quảng Bình,11/08/2023,Chứng nhận cơ bản,https://tinnhiemmang.vn/danh-ba-tin-nhiem/quangbinhcustomsgovvn-1691727638
quangbinh.quangxuong.thanhhoa.gov.vn,"UBND xã Quảng Bình Huyện Quảng Xương, Tỉnh Thanh Hóa",13/08/2024,Chứng nhận cơ bản,https://tinnhiemmang.vn/danh-ba-tin-nhiem/quangbinhquangxuongthanhhoagovvn-1723523077
quangcat.tpthanhhoa.thanhhoa.gov.vn,"UBND Phường Quảng Cát, Thành phố Thanh Hóa, tỉnh Thanh Hóa",26/09/2024,Chứng nhận cơ bản,https://tinnhiemmang.vn/danh-ba-tin-nhiem/quangcattpthanhhoathanhhoagovvn-1727318893
quangchau.samson.thanhhoa.gov.vn,UBND phường Quảng Châu tỉnh Thanh Hóa,10/04/2024,Chứng nhận cơ bản,https://tinnhiemmang.vn/danh-ba-tin-nhiem/quangchausamsonthanhhoagovvn-1712732274
quangchieu.muonglat.thanhhoa.gov.vn,"UBND Xã Quang Chiểu, tỉnh Thanh Hóa",17/01/2024,Chứng nhận cơ bản,https://tinnhiemmang.vn/danh-ba-tin-nhiem/quangchieumuonglatthanhhoagovvn-1705457403
quangchinh.quangxuong.thanhhoa.gov.vn,"UBND xã Quảng Chính Huyện Quảng Xương, Tỉnh Thanh Hóa",13/08/2024,Chứng nhận cơ bản,https://tinnhiemmang.vn/danh-ba-tin-nhiem/quangchinhquangxuongthanhhoagovvn-1723523224
quangchu.chomoi.gov.vn,UBND huyện Chợ Mới tỉnh Bắc Kạn,10/04/2024,Chứng nhận cơ bản,https://tinnhiemmang.vn/danh-ba-tin-nhiem/quangchuchomoigovvn-1712635485
quangcong.thuathienhue.gov.vn,UBND xã Quảng Công tỉnh Thừa Thiên Huế,15/07/2021,Chứng nhận cơ bản,https://tinnhiemmang.vn/danh-ba-tin-nhiem/quangcongthuathienhuegovvn-1626318335
quangcu.samson.thanhhoa.gov.vn,UBND phường Quảng Cư tỉnh Thanh Hóa,10/04/2024,Chứng nhận cơ bản,https://tinnhiemmang.vn/danh-ba-tin-nhiem/quangcusamsonthanhhoagovvn-1712732164
quangdai.samson.thanhhoa.gov.vn,UBND xã Quảng Đại tỉnh Thanh Hóa,10/04/2024,Chứng nhận cơ bản,https://tinnhiemmang.vn/danh-ba-tin-nhiem/quangdaisamsonthanhhoagovvn-1712732679
quangdien.thuathienhue.gov.vn,"UBND huyện Quảng Điền, tỉnh Thừa Thiên Huế",15/07/2021,Chứng nhận cơ bản,https://tinnhiemmang.vn/danh-ba-tin-nhiem/quangdienthuathienhuegovvn-1626321993
quangdinh.quangxuong.thanhhoa.gov.vn,"UBND xã Quảng Định Huyện Quảng Xương, Tỉnh Thanh Hóa",13/08/2024,Chứng nhận cơ bản,https://tinnhiemmang.vn/danh-ba-tin-nhiem/quangdinhquangxuongthanhhoagovvn-1723523263
quangdong.tpthanhhoa.thanhhoa.gov.vn,"UBND Phường Quảng Đông, Thành phố Thanh Hóa, tỉnh Thanh Hóa",26/09/2024,Chứng nhận cơ bản,https://tinnhiemmang.vn/danh-ba-tin-nhiem/quangdongtpthanhhoathanhhoagovvn-1727318922
quangduc.quangxuong.thanhhoa.gov.vn,"UBND xã Quảng Đức Huyện Quảng Xương, Tỉnh Thanh Hóa",13/08/2024,Chứng nhận cơ bản,https://tinnhiemmang.vn/danh-ba-tin-nhiem/quangducquangxuongthanhhoagovvn-1723523294
quanggiao.quangxuong.thanhhoa.gov.vn,"UBND xã Quảng Giao Huyện Quảng Xương, Tỉnh Thanh Hóa",13/08/2024,Chứng nhận cơ bản,https://tinnhiemmang.vn/danh-ba-tin-nhiem/quanggiaoquangxuongthanhhoagovvn-1723523336
quanghai.quangxuong.thanhhoa.gov.vn,"UBND xã Quảng Hải Huyện Quảng Xương, Tỉnh Thanh Hóa",13/08/2024,Chứng nhận cơ bản,https://tinnhiemmang.vn/danh-ba-tin-nhiem/quanghaiquangxuongthanhhoagovvn-1723523375
quanghan.trungkhanh.caobang.gov.vn,"UBND xã Quang Hán, huyện Trùng Khánh, Cao Bằng",25/12/2023,Chứng nhận cơ bản,https://tinnhiemmang.vn/danh-ba-tin-nhiem/quanghantrungkhanhcaobanggovvn-1703472338
quanghoa.caobang.gov.vn,"UBND huyện Quảng Hòa, tỉnh Cao Bằng",29/06/2023,Chứng nhận cơ bản,https://tinnhiemmang.vn/danh-ba-tin-nhiem/quanghoacaobanggovvn-1688026494
quanghoa.quangxuong.thanhhoa.gov.vn,"UBND xã Quảng Hòa Huyện Quảng Xương, Tỉnh Thanh Hóa",13/08/2024,Chứng nhận cơ bản,https://tinnhiemmang.vn/danh-ba-tin-nhiem/quanghoaquangxuongthanhhoagovvn-1723523417
quanghung.quanghoa.caobang.gov.vn,"UBND xã Quảng Hưng, huyện Quảng Hòa, Cao Bằng",25/12/2023,Chứng nhận cơ bản,https://tinnhiemmang.vn/danh-ba-tin-nhiem/quanghungquanghoacaobanggovvn-1703218455
quanghung.samson.thanhhoa.gov.vn,UBND xã Quảng Hùng tỉnh Thanh Hóa,10/04/2024,Chứng nhận cơ bản,https://tinnhiemmang.vn/danh-ba-tin-nhiem/quanghungsamsonthanhhoagovvn-1712732523
quanghung.tpthanhhoa.thanhhoa.gov.vn,"UBND Phường Quảng Hưng, Thành phố Thanh Hóa, tỉnh Thanh Hóa",26/09/2024,Chứng nhận cơ bản,https://tinnhiemmang.vn/danh-ba-tin-nhiem/quanghungtpthanhhoathanhhoagovvn-1727318468
quangkhe.babe.gov.vn,"UBND xã Quảng Khê, huyện Ba Bể, tỉnh Bắc Kạn",10/04/2024,Chứng nhận cơ bản,https://tinnhiemmang.vn/danh-ba-tin-nhiem/quangkhebabegovvn-1712637757
quangkhe.quangxuong.thanhhoa.gov.vn,"UBND xã Quảng Khê Huyện Quảng Xương, Tỉnh Thanh Hóa",13/08/2024,Chứng nhận cơ bản,https://tinnhiemmang.vn/danh-ba-tin-nhiem/quangkhequangxuongthanhhoagovvn-1723523483
quanglam.baolam.caobang.gov.vn,"UBND xã Quảng Lâm, huyện Bảo Lâm, Cao Bằng",25/12/2023,Chứng nhận cơ bản,https://tinnhiemmang.vn/danh-ba-tin-nhiem/quanglambaolamcaobanggovvn-1703420196
quangloc.hauloc.thanhhoa.gov.vn,"UBND xã Quang Lộc, Huyện Hậu Lộc, tỉnh Thanh Hóa",21/08/2024,Chứng nhận cơ bản,https://tinnhiemmang.vn/danh-ba-tin-nhiem/quanglochaulocthanhhoagovvn-1724210966
quangloi.thuathienhue.gov.vn,UBND xã Quảng Lợi tỉnh Thừa Thiên Huế,15/07/2021,Chứng nhận cơ bản,https://tinnhiemmang.vn/danh-ba-tin-nhiem/quangloithuathienhuegovvn-1626318401
quanglong.halang.caobang.gov.vn,"UBND xã Quang Long, huyện Hạ Lang, Cao Bằng",25/12/2023,Chứng nhận cơ bản,https://tinnhiemmang.vn/danh-ba-tin-nhiem/quanglonghalangcaobanggovvn-1703474910
quangminh.samson.thanhhoa.gov.vn,UBND xã Quảng Minh tỉnh Thanh Hóa,10/04/2024,Chứng nhận cơ bản,https://tinnhiemmang.vn/danh-ba-tin-nhiem/quangminhsamsonthanhhoagovvn-1712732474
quangnam.customs.gov.vn,Cục Hải quan tỉnh Quảng Nam,11/08/2023,Chứng nhận cơ bản,https://tinnhiemmang.vn/danh-ba-tin-nhiem/quangnamcustomsgovvn-1691727555
quangngai.customs.gov.vn,Cục Hải quan tỉnh Quảng Ngãi,11/08/2023,Chứng nhận cơ bản,https://tinnhiemmang.vn/danh-ba-tin-nhiem/quangngaicustomsgovvn-1691728155
quangngan.thuathienhue.gov.vn,UBND xã Quảng Ngạn tỉnh Thừa Thiên Huế,15/07/2021,Chứng nhận cơ bản,https://tinnhiemmang.vn/danh-ba-tin-nhiem/quangnganthuathienhuegovvn-1626318479
quangnham.thuathienhue.gov.vn,UBND xã Quảng Nhâm tỉnh Thừa Thiên Huế,15/07/2021,Chứng nhận cơ bản,https://tinnhiemmang.vn/danh-ba-tin-nhiem/quangnhamthuathienhuegovvn-1626318755
quangninh.customs.gov.vn,Cục Hải quan tỉnh Quảng Ninh,11/08/2023,Chứng nhận cơ bản,https://tinnhiemmang.vn/danh-ba-tin-nhiem/quangninhcustomsgovvn-1691727416
quangphu.thoxuan.thanhhoa.gov.vn,UBND xã Quảng Phú tỉnh Thanh Hóa,10/04/2024,Chứng nhận cơ bản,https://tinnhiemmang.vn/danh-ba-tin-nhiem/quangphuthoxuanthanhhoagovvn-1712737150
quangphu.thuathienhue.gov.vn,UBND xã Quảng Phú tỉnh Thừa Thiên Huế,15/07/2021,Chứng nhận cơ bản,https://tinnhiemmang.vn/danh-ba-tin-nhiem/quangphuthuathienhuegovvn-1626318958
quangphu.tpthanhhoa.thanhhoa.gov.vn,"UBND Phường Quảng Phú, Thành phố Thanh Hóa, tỉnh Thanh Hóa",26/09/2024,Chứng nhận cơ bản,https://tinnhiemmang.vn/danh-ba-tin-nhiem/quangphutpthanhhoathanhhoagovvn-1727318956
quangphuc.quangxuong.thanhhoa.gov.vn,"UBND xã Quảng Phúc Huyện Quảng Xương, Tỉnh Thanh Hóa",13/08/2024,Chứng nhận cơ bản,https://tinnhiemmang.vn/danh-ba-tin-nhiem/quangphucquangxuongthanhhoagovvn-1723523810
quangphucau-unghoa.thudo.gov.vn,"UBND Xã Quảng Phú Cầu, Hà Nội",17/12/2024,Chứng nhận cơ bản,https://tinnhiemmang.vn/danh-ba-tin-nhiem/quangphucau-unghoathudogovvn-1734401102
quangphuoc.thuathienhue.gov.vn,UBND xã Quảng Phước tỉnh Thừa Thiên Huế,15/07/2021,Chứng nhận cơ bản,https://tinnhiemmang.vn/danh-ba-tin-nhiem/quangphuocthuathienhuegovvn-1626319044
quangthai.quangxuong.thanhhoa.gov.vn,"UBND xã Quảng Thái Huyện Quảng Xương, Tỉnh Thanh Hóa",13/08/2024,Chứng nhận cơ bản,https://tinnhiemmang.vn/danh-ba-tin-nhiem/quangthaiquangxuongthanhhoagovvn-1723523851
quangthai.thuathienhue.gov.vn,UBND xã Quảng Thái tỉnh Thừa Thiên Huế,15/07/2021,Chứng nhận cơ bản,https://tinnhiemmang.vn/danh-ba-tin-nhiem/quangthaithuathienhuegovvn-1626319200
quangthang.tpthanhhoa.thanhhoa.gov.vn,"UBND Phường Quảng Thắng, Thành phố Thanh Hóa, tỉnh Thanh Hóa",26/09/2024,Chứng nhận cơ bản,https://tinnhiemmang.vn/danh-ba-tin-nhiem/quangthangtpthanhhoathanhhoagovvn-1727318554
quangthanh.nguyenbinh.caobang.gov.vn,"UBND xã Quang Thành, huyện Nguyên Bình, Cao Bằng",25/12/2023,Chứng nhận cơ bản,https://tinnhiemmang.vn/danh-ba-tin-nhiem/quangthanhnguyenbinhcaobanggovvn-1703427570
quangthanh.thuathienhue.gov.vn,UBND xã Quảng Thành tỉnh Thừa Thiên Huế,15/07/2021,Chứng nhận cơ bản,https://tinnhiemmang.vn/danh-ba-tin-nhiem/quangthanhthuathienhuegovvn-1626319291
quangthanh.tpthanhhoa.thanhhoa.gov.vn,"UBND Phường Quảng Thành, Thành phố Thanh Hóa, tỉnh Thanh Hóa",26/09/2024,Chứng nhận cơ bản,https://tinnhiemmang.vn/danh-ba-tin-nhiem/quangthanhtpthanhhoathanhhoagovvn-1727318506
quangthien.kimson.ninhbinh.gov.vn,"Uỷ ban nhân dân xã Quang Thiện, huyện Kim Sơn, tỉnh Ninh Bình",27/06/2024,Chứng nhận cơ bản,https://tinnhiemmang.vn/danh-ba-tin-nhiem/quangthienkimsonninhbinhgovvn-1719454598
quangthinh.tpthanhhoa.thanhhoa.gov.vn,"UBND Phường Quảng Thịnh, Thành phố Thanh Hóa, tỉnh Thanh Hóa",26/09/2024,Chứng nhận cơ bản,https://tinnhiemmang.vn/danh-ba-tin-nhiem/quangthinhtpthanhhoathanhhoagovvn-1727319039
quangtho.samson.thanhhoa.gov.vn,UBND phường Quảng Thọ tỉnh Thanh Hóa,10/04/2024,Chứng nhận cơ bản,https://tinnhiemmang.vn/danh-ba-tin-nhiem/quangthosamsonthanhhoagovvn-1712732331
quangtho.thuathienhue.gov.vn,UBND xã Quảng Thọ tỉnh Thừa Thiên Huế,15/07/2021,Chứng nhận cơ bản,https://tinnhiemmang.vn/danh-ba-tin-nhiem/quangthothuathienhuegovvn-1626319450
quangthuan.bachthong.gov.vn,UBND xã Quang Thuận tỉnh Bắc Kạn,10/04/2024,Chứng nhận cơ bản,https://tinnhiemmang.vn/danh-ba-tin-nhiem/quangthuanbachthonggovvn-1712714080
quangtien.samson.thanhhoa.gov.vn,UBND phường Quảng Tiến tỉnh Thanh Hóa,10/04/2024,Chứng nhận cơ bản,https://tinnhiemmang.vn/danh-ba-tin-nhiem/quangtiensamsonthanhhoagovvn-1712732206
quangtrach.quangxuong.thanhhoa.gov.vn,"UBND xã Quảng Trạch Huyện Quảng Xương, Tỉnh Thanh Hóa",13/08/2024,Chứng nhận cơ bản,https://tinnhiemmang.vn/danh-ba-tin-nhiem/quangtrachquangxuongthanhhoagovvn-1723523887
quangtri.customs.gov.vn,Cục Hải quan tỉnh Quảng Trị,11/08/2023,Chứng nhận cơ bản,https://tinnhiemmang.vn/danh-ba-tin-nhiem/quangtricustomsgovvn-1691727474
quangtri.dateh.lamdong.gov.vn,"UBND xã Quảng Trị, huyện Đạ Tẻh",28/11/2023,Chứng nhận cơ bản,https://tinnhiemmang.vn/danh-ba-tin-nhiem/quangtridatehlamdonggovvn-1701073906
quangtrong.thachan.caobang.gov.vn,"UBND xã Quang Trọng, huyện Thạch An, Cao Bằng",25/12/2023,Chứng nhận cơ bản,https://tinnhiemmang.vn/danh-ba-tin-nhiem/quangtrongthachancaobanggovvn-1703219030
quangtrung.bimson.thanhhoa.gov.vn,"UBND xã Quang Trung, thị xã Bỉm Sơn, tỉnh Thanh Hóa",29/05/2024,Chứng nhận cơ bản,https://tinnhiemmang.vn/danh-ba-tin-nhiem/quangtrungbimsonthanhhoagovvn-1716892689
quangtrung.dongda.hanoi.gov.vn,"Phường Quang Trung,  Quận Đống Đa,  Thành phố Hà Nội",15/06/2021,Chứng nhận cơ bản,https://tinnhiemmang.vn/danh-ba-tin-nhiem/quangtrungdongdahanoigovvn-1623563152
quangtrung.hoaan.caobang.gov.vn,"UBND xã Quang Trung, huyện Hòa An, Cao Bằng",25/12/2023,Chứng nhận cơ bản,https://tinnhiemmang.vn/danh-ba-tin-nhiem/quangtrunghoaancaobanggovvn-1703476154
quangtrung.ngoclac.thanhhoa.gov.vn,UBND xã Quang Trung tỉnh Thanh Hóa huyện Ngọc Lặc,29/05/2024,Chứng nhận cơ bản,https://tinnhiemmang.vn/danh-ba-tin-nhiem/quangtrungngoclacthanhhoagovvn-1716890796
quangtrung.quangxuong.thanhhoa.gov.vn,"UBND xã Quảng Trung Huyện Quảng Xương, Tỉnh Thanh Hóa",13/08/2024,Chứng nhận cơ bản,https://tinnhiemmang.vn/danh-ba-tin-nhiem/quangtrungquangxuongthanhhoagovvn-1723523920
quangtrung.sontay.hanoi.gov.vn,"UBND phường Quang Trung, Hà Nội",20/06/2024,Chứng nhận cơ bản,https://tinnhiemmang.vn/danh-ba-tin-nhiem/quangtrungsontayhanoigovvn-1718872836
quangtrung.trungkhanh.caobang.gov.vn,"UBND xã Quang Trung, huyện Trùng Khánh, Cao Bằng",25/12/2023,Chứng nhận cơ bản,https://tinnhiemmang.vn/danh-ba-tin-nhiem/quangtrungtrungkhanhcaobanggovvn-1703473658
quangtruong.quangxuong.thanhhoa.gov.vn,"UBND xã Quảng Trường Huyện Quảng Xương, Tỉnh Thanh Hóa",13/08/2024,Chứng nhận cơ bản,https://tinnhiemmang.vn/danh-ba-tin-nhiem/quangtruongquangxuongthanhhoagovvn-1723523954
quanguyen.quanghoa.caobang.gov.vn,"UBND Thị trấn Quảng Uyên, huyện Quảng Hòa, Cao Bằng",25/12/2023,Chứng nhận cơ bản,https://tinnhiemmang.vn/danh-ba-tin-nhiem/quanguyenquanghoacaobanggovvn-1703217680
quangvan.quangxuong.thanhhoa.gov.vn,"UBND xã Quảng Văn Huyện Quảng Xương, Tỉnh Thanh Hóa",13/08/2024,Chứng nhận cơ bản,https://tinnhiemmang.vn/danh-ba-tin-nhiem/quangvanquangxuongthanhhoagovvn-1723523985
quangvinh.samson.thanhhoa.gov.vn,UBND phường Quảng Vinh tỉnh Thanh Hóa,10/04/2024,Chứng nhận cơ bản,https://tinnhiemmang.vn/danh-ba-tin-nhiem/quangvinhsamsonthanhhoagovvn-1712732421
quangvinh.thuathienhue.gov.vn,UBND xã Quảng Vinh tỉnh Thừa Thiên Huế,15/07/2021,Chứng nhận cơ bản,https://tinnhiemmang.vn/danh-ba-tin-nhiem/quangvinhthuathienhuegovvn-1626319676
quangvinh.trungkhanh.caobang.gov.vn,"UBND xã Quang Vinh, huyện Trùng Khánh, Cao Bằng",25/12/2023,Chứng nhận cơ bản,https://tinnhiemmang.vn/danh-ba-tin-nhiem/quangvinhtrungkhanhcaobanggovvn-1703474054
quangxuong.thanhhoa.gov.vn,"UBND huyện Quảng Xương, tỉnh Thanh Hóa",05/09/2022,Chứng nhận cơ bản,https://tinnhiemmang.vn/danh-ba-tin-nhiem/quangxuongthanhhoagovvn-1662363367
quangyen.quangxuong.thanhhoa.gov.vn,"UBND xã Quảng Yên Huyện Quảng Xương, Tỉnh Thanh Hóa",13/08/2024,Chứng nhận cơ bản,https://tinnhiemmang.vn/danh-ba-tin-nhiem/quangyenquangxuongthanhhoagovvn-1723524020
quanha.bachthong.gov.vn,UBND xã Quân Hà tỉnh Bắc Kạn,10/04/2024,Chứng nhận cơ bản,https://tinnhiemmang.vn/danh-ba-tin-nhiem/quanhabachthonggovvn-1712713467
quanhoa.thanhhoa.gov.vn,"UBND huyện Quan Hóa, tỉnh Thanh Hóa",01/08/2023,Chứng nhận cơ bản,https://tinnhiemmang.vn/danh-ba-tin-nhiem/quanhoathanhhoagovvn-1690782058
quanthanh.badinh.hanoi.gov.vn,"UBND phường Quán Thánh, quận Ba Đình, Hà Nội",11/12/2023,Chứng nhận cơ bản,https://tinnhiemmang.vn/danh-ba-tin-nhiem/quanthanhbadinhhanoigovvn-1702278945
quantru.kienan.haiphong.gov.vn,"UBND phường Quán Trữ, quận Kiến An, thành phố Hải Phòng",23/02/2024,Chứng nhận cơ bản,https://tinnhiemmang.vn/danh-ba-tin-nhiem/quantrukienanhaiphonggovvn-1708587751
quatdong.thuongtin.hanoi.gov.vn,"UBND xã Quất Động, Huyện Thường Tín, Hà Nội",20/06/2024,Chứng nhận cơ bản,https://tinnhiemmang.vn/danh-ba-tin-nhiem/quatdongthuongtinhanoigovvn-1718870053
quocoai-quocoai.thudo.gov.vn,"UBND thị trấn Quốc Oai, Hà Nội",22/11/2024,Chứng nhận cơ bản,https://tinnhiemmang.vn/danh-ba-tin-nhiem/quocoai-quocoaithudogovvn-1732084491
quocoai.dateh.lamdong.gov.vn,UBND xã Quốc Oai,28/11/2023,Chứng nhận cơ bản,https://tinnhiemmang.vn/danh-ba-tin-nhiem/quocoaidatehlamdonggovvn-1701074296
quocoai.thudo.gov.vn,"UBND huyện Quốc Oai, Hà Nội",22/11/2024,Chứng nhận cơ bản,https://tinnhiemmang.vn/danh-ba-tin-nhiem/quocoaithudogovvn-1732084413
quocthai.anphu.angiang.gov.vn,Xã Quốc Thái tỉnh An Giang,09/11/2023,Chứng nhận cơ bản,https://tinnhiemmang.vn/danh-ba-tin-nhiem/quocthaianphuangianggovvn-1699348123
quoctoan.quanghoa.caobang.gov.vn,"UBND xã Quốc Toản, huyện Quảng Hòa, Cao Bằng",25/12/2023,Chứng nhận cơ bản,https://tinnhiemmang.vn/danh-ba-tin-nhiem/quoctoanquanghoacaobanggovvn-1703218492
quoctugiam.dongda.hanoi.gov.vn,"Phường Quốc Tử Giám,  Quận Đống Đa,  Thành phố Hà Nội",15/06/2021,Chứng nhận cơ bản,https://tinnhiemmang.vn/danh-ba-tin-nhiem/quoctugiamdongdahanoigovvn-1623563275
quybtte.thuathienhue.gov.vn,Quỹ Bảo trợ trẻ em tỉnh Thừa Thiên Huế,15/07/2021,Chứng nhận cơ bản,https://tinnhiemmang.vn/danh-ba-tin-nhiem/quybttethuathienhuegovvn-1626319631
quydisanhue.thuathienhue.gov.vn,Trung tâm Bảo tồn Di tích Cố đô Huế,09/01/2024,Chứng nhận cơ bản,https://tinnhiemmang.vn/danh-ba-tin-nhiem/quydisanhuethuathienhuegovvn-1704796036
quydisanhue.vn,Trung tâm Bảo tồn Di tích Cố đô Huế,09/01/2024,Chứng nhận cơ bản,https://tinnhiemmang.vn/danh-ba-tin-nhiem/quydisanhuevn-1704796026
quynhloi.haibatrung.hanoi.gov.vn,UBND Phường Quỳnh Lôi quận Hai Bà Trưng Hà Nội,10/05/2023,Chứng nhận cơ bản,https://tinnhiemmang.vn/danh-ba-tin-nhiem/quynhloihaibatrunghanoigovvn-1683605426
quynhmai.haibatrung.hanoi.gov.vn,"UBND phường Quỳnh Mai, quận Hai Bà Trưng Hà Nội",10/05/2023,Chứng nhận cơ bản,https://tinnhiemmang.vn/danh-ba-tin-nhiem/quynhmaihaibatrunghanoigovvn-1683604381
quyquan.haquang.caobang.gov.vn,"UBND xã Quý Quân, huyện Hà Quảng, Cao Bằng",25/12/2023,Chứng nhận cơ bản,https://tinnhiemmang.vn/danh-ba-tin-nhiem/quyquanhaquangcaobanggovvn-1703418842
quyvacxincovid19.gov.vn,Quỹ  vắc-xin phòng chống COVID-19,10/06/2021,Chứng nhận nâng cao,https://tinnhiemmang.vn/danh-ba-tin-nhiem/quyvacxincovid19govvn
quyvacxincovid19.vn,Quỹ  vắc-xin phòng chống COVID-19,09/06/2021,Chứng nhận nâng cao,https://tinnhiemmang.vn/danh-ba-tin-nhiem/quyvacxincovid19vn
saigontex.vn,Công Ty Cổ Phần Giải Pháp Đồng Phục Sài Gòn,09/08/2022,Chứng nhận cơ bản,https://tinnhiemmang.vn/danh-ba-tin-nhiem/saigontexvn-1659967651
saison-quocoai.thudo.gov.vn,"UBND xã Sài Sơn, Hà Nội",22/11/2024,Chứng nhận cơ bản,https://tinnhiemmang.vn/danh-ba-tin-nhiem/saison-quocoaithudogovvn-1732084530
sanphamchomoi.vn,"UBND Huyện Chợ Mới, tỉnh An Giang",09/11/2023,Chứng nhận cơ bản,https://tinnhiemmang.vn/danh-ba-tin-nhiem/sanphamchomoivn-1699412594
saovang.thoxuan.thanhhoa.gov.vn,UBND thị trấn Sao Vàng tỉnh Thanh Hóa,10/04/2024,Chứng nhận cơ bản,https://tinnhiemmang.vn/danh-ba-tin-nhiem/saovangthoxuanthanhhoagovvn-1712733332
sct.laichau.gov.vn,Sở Công Thương tỉnh Lai Châu,01/03/2024,Chứng nhận cơ bản,https://tinnhiemmang.vn/danh-ba-tin-nhiem/sctlaichaugovvn-1709265159
sdl.khanhhoa.gov.vn,Sở Du lịch tỉnh Khánh Hòa,14/07/2022,Chứng nhận cơ bản,https://tinnhiemmang.vn/danh-ba-tin-nhiem/sdlkhanhhoagovvn-1626057687
sdl.thuathienhue.gov.vn,Sở Du lịch Thừa Thiên Huế,15/07/2021,Chứng nhận cơ bản,https://tinnhiemmang.vn/danh-ba-tin-nhiem/sdlthuathienhuegovvn-1626322193
service.khonggianmang.vn,Trung tâm Giám sát an toàn không gian mạng quốc gia (NCSC),01/04/2021,Chứng nhận nâng cao,https://tinnhiemmang.vn/danh-ba-tin-nhiem/servicekhonggianmangvn
sgtvt.bacninh.gov.vn,Sở Giao Thông Vận Tải Bắc Ninh,30/11/2021,Chứng nhận cơ bản,https://tinnhiemmang.vn/danh-ba-tin-nhiem/sgtvtbacninhgovvn-1638180236
sgtvt.danang.gov.vn,Sở Giao thông vận tải Đà Nẵng,25/11/2021,Chứng nhận cơ bản,https://tinnhiemmang.vn/danh-ba-tin-nhiem/sgtvtdananggovvn-1637742629
sgtvt.dongnai.gov.vn,Sở Giao thông vận tải tỉnh Đồng Nai,26/09/2023,Chứng nhận cơ bản,https://tinnhiemmang.vn/danh-ba-tin-nhiem/sgtvtdongnaigovvn-1695720405
sgtvt.hochiminhcity.gov.vn,Sở Giao thông vận tải Thành phố Hồ Chí Minh,07/04/2023,Chứng nhận cơ bản,https://tinnhiemmang.vn/danh-ba-tin-nhiem/sgtvthochiminhcitygovvn-1677464203
sgtvt.laichau.gov.vn,Sở Giao thông vận tải tỉnh Lai Châu,01/03/2024,Chứng nhận cơ bản,https://tinnhiemmang.vn/danh-ba-tin-nhiem/sgtvtlaichaugovvn-1709265478
sgtvt.quangngai.gov.vn,Sở Giao thông vận tải tỉnh Quảng Ngãi,11/07/2023,Chứng nhận cơ bản,https://tinnhiemmang.vn/danh-ba-tin-nhiem/sgtvtquangngaigovvn-1688610544
sgtvt.thuathienhue.gov.vn,Sở Giao Thông Vận Tải Tỉnh Thừa Thiên Huế,15/07/2021,Chứng nhận cơ bản,https://tinnhiemmang.vn/danh-ba-tin-nhiem/sgtvtthuathienhuegovvn-1626322272
sgtvt.vinhlong.gov.vn,Sở Giao thông Vận tải tỉnh Vĩnh Long,01/07/2021,Chứng nhận cơ bản,https://tinnhiemmang.vn/danh-ba-tin-nhiem/sgtvtvinhlonggovvnportalwpsgtvtwpspageindexcpx-1625050176
sgtvtxd.laocai.gov.vn,Sở giao thông vận tải và xây dựng tỉnh Lào Cai,25/11/2021,Chứng nhận cơ bản,https://tinnhiemmang.vn/danh-ba-tin-nhiem/sgtvtxdlaocaigovvn-1637807118
sia.thuathienhue.gov.vn,UBND Thị trấn Sịa tỉnh Thừa Thiên Huế,15/07/2021,Chứng nhận cơ bản,https://tinnhiemmang.vn/danh-ba-tin-nhiem/siathuathienhuegovvn-1626319752
sinho.laichau.gov.vn,"Ủy ban nhân dân huyện Sìn Hồ, tỉnh Lai Châu",01/03/2024,Chứng nhận cơ bản,https://tinnhiemmang.vn/danh-ba-tin-nhiem/sinholaichaugovvn-1709266311
skhcn.thuathienhue.gov.vn,Sở Khoa học và Công nghệ tỉnh Thừa Thiên Huế,19/07/2021,Chứng nhận cơ bản,https://tinnhiemmang.vn/danh-ba-tin-nhiem/skhcnthuathienhuegovvn-1626432171
skhdt.bacninh.gov.vn,Sở Kế Hoạch Đầu Tư Tỉnh Bắc Ninh,30/11/2021,Chứng nhận cơ bản,https://tinnhiemmang.vn/danh-ba-tin-nhiem/skhdtbacninhgovvn-1638237466
skhdt.khanhhoa.gov.vn,Sở Kế hoạch và Đầu tư tỉnh Khánh Hòa,14/07/2022,Chứng nhận cơ bản,https://tinnhiemmang.vn/danh-ba-tin-nhiem/skhdtkhanhhoagovvn-1626057969
skhdt.quangngai.gov.vn,Sở Kế hoạch và Đầu tư tỉnh Quảng Ngãi,14/07/2021,Chứng nhận cơ bản,https://tinnhiemmang.vn/danh-ba-tin-nhiem/skhdtquangngaigovvn-1626247646
skhdt.thanhhoa.gov.vn,UBND tỉnh Thanh Hóa,12/05/2021,Chứng nhận cơ bản,https://tinnhiemmang.vn/danh-ba-tin-nhiem/skhdtthanhhoagovvn-1620701914
skhdt.thuathienhue.gov.vn,Sở Kế hoạch và Đầu tư tỉnh Thừa Thiên Huế,19/07/2021,Chứng nhận cơ bản,https://tinnhiemmang.vn/danh-ba-tin-nhiem/skhdtthuathienhuegovvn-1626432248
skhdt.vinhlong.gov.vn,Sở Kế hoạch và Đầu tư tỉnh Vĩnh Long,01/07/2021,Chứng nhận cơ bản,https://tinnhiemmang.vn/danh-ba-tin-nhiem/skhdtvinhlonggovvnportalwpskhdtpageindexcpx-1625050478
sld.quangngai.gov.vn,Sở Lao động - Thương binh và Xã hội tỉnh Quảng Ngãi,11/07/2023,Chứng nhận cơ bản,https://tinnhiemmang.vn/danh-ba-tin-nhiem/sldquangngaigovvn-1688612676
sldtbxh.bacninh.gov.vn,Sở Lao Động - Thương Binh Và Xã Hội Bắc Ninh,30/11/2021,Chứng nhận cơ bản,https://tinnhiemmang.vn/danh-ba-tin-nhiem/sldtbxhbacninhgovvn-1638237559
sldtbxh.dongnai.gov.vn,Sở Lao động - Thương binh và Xã hội tỉnh Đồng Nai,26/09/2023,Chứng nhận cơ bản,https://tinnhiemmang.vn/danh-ba-tin-nhiem/sldtbxhdongnaigovvn-1695720054
sldtbxh.laichau.gov.vn,Sở Lao động - Thương binh và Xã hội tỉnh Lai Châu,01/03/2024,Chứng nhận cơ bản,https://tinnhiemmang.vn/danh-ba-tin-nhiem/sldtbxhlaichaugovvn-1709265568
sldtbxh.thanhhoa.gov.vn,UBND tỉnh Thanh Hóa,12/05/2021,Chứng nhận cơ bản,https://tinnhiemmang.vn/danh-ba-tin-nhiem/sldtbxhthanhhoagovvn-1620701973
sldtbxh.thuathienhue.gov.vn,Sở Lao động - Thương binh và Xã hội tỉnh Thừa Thiên Huế,19/07/2021,Chứng nhận cơ bản,https://tinnhiemmang.vn/danh-ba-tin-nhiem/sldtbxhthuathienhuegovvn-1626432520
sldtbxh.vinhlong.gov.vn,Sở Lao động - TBXH tỉnh Vĩnh Long,01/07/2021,Chứng nhận cơ bản,https://tinnhiemmang.vn/danh-ba-tin-nhiem/sldtbxhvinhlonggovvnportalwpsldtbxhpageindexcpx-1625050370
smedx.vn,Cục Tin học hoá,10/06/2021,Chứng nhận cơ bản,https://tinnhiemmang.vn/danh-ba-tin-nhiem/smedxvn-1623309411
sngv.gialai.gov.vn,Sở Ngoại vụ tỉnh Gia Lai,10/05/2021,Chứng nhận cơ bản,https://tinnhiemmang.vn/danh-ba-tin-nhiem/sngvgialaigovvn-1620631348
sngv.thuathienhue.gov.vn,Sở Ngoại Vụ Tỉnh Thừa Thiên Huế,19/07/2021,Chứng nhận cơ bản,https://tinnhiemmang.vn/danh-ba-tin-nhiem/sngvthuathienhuegovvn-1626432633
snn.phutho.gov.vn,Sở Nông nghiệp và Phát triển nông thôn tỉnh Phú Thọ,03/10/2023,Chứng nhận cơ bản,https://tinnhiemmang.vn/danh-ba-tin-nhiem/snnphuthogovvn-1696236021
snnptnt.bacninh.gov.vn,Sở Nông Nghiệp Và Phát Triển Nông Thôn Bắc Ninh,30/11/2021,Chứng nhận cơ bản,https://tinnhiemmang.vn/danh-ba-tin-nhiem/snnptntbacninhgovvn-1638237709
snnptnt.danang.gov.vn,Sở Nông nghiệp và Phát triển Nông thôn Đà Nẵng,25/11/2021,Chứng nhận cơ bản,https://tinnhiemmang.vn/danh-ba-tin-nhiem/snnptntdananggovvn-1637742381
snnptnt.dongthap.gov.vn,Sở Nông Nghiệp và Phát triển nông thôn tỉnh Đồng Tháp,22/11/2021,Chứng nhận cơ bản,https://tinnhiemmang.vn/danh-ba-tin-nhiem/snnptntdongthapgovvn-1637556862
snnptnt.gialai.gov.vn,Sở Nông nghiệp và Phát triển nông thôn tỉnh Gia Lai,10/05/2021,Chứng nhận cơ bản,https://tinnhiemmang.vn/danh-ba-tin-nhiem/snnptntgialaigovvn-1620631351
snnptnt.thanhhoa.gov.vn,UBND tỉnh Thanh Hóa,15/07/2022,Chứng nhận cơ bản,https://tinnhiemmang.vn/danh-ba-tin-nhiem/snnptntthanhhoagovvn-1620701926
snnptnt.thuathienhue.gov.vn,Sở Nông nghiệp và PTNT Thừa Thiên Huế,19/07/2021,Chứng nhận cơ bản,https://tinnhiemmang.vn/danh-ba-tin-nhiem/snnptntthuathienhuegovvn-1626432700
snv.thuathienhue.gov.vn,Sở Nội vụ tỉnh Thừa Thiên Huế,19/07/2021,Chứng nhận cơ bản,https://tinnhiemmang.vn/danh-ba-tin-nhiem/snvthuathienhuegovvn-1626432765
socha.haquang.caobang.gov.vn,"UBND xã Sóc Hà, huyện Hà Quảng, Cao Bằng",25/12/2023,Chứng nhận cơ bản,https://tinnhiemmang.vn/danh-ba-tin-nhiem/sochahaquangcaobanggovvn-1703419138
socongthuong.angiang.gov.vn,Sở Công Thương Tỉnh An Giang,06/10/2021,Chứng nhận cơ bản,https://tinnhiemmang.vn/danh-ba-tin-nhiem/socongthuongangianggovvn-1633504470
sodulich.haiphong.gov.vn,Sở Du lịch thành phố Hải Phòng,22/05/2024,Chứng nhận cơ bản,https://tinnhiemmang.vn/danh-ba-tin-nhiem/sodulichhaiphonggovvn-1716344214
sogtvt.angiang.gov.vn,Sở Giao thông Vận tải tỉnh An Giang,06/10/2021,Chứng nhận cơ bản,https://tinnhiemmang.vn/danh-ba-tin-nhiem/sogtvtangianggovvn-1633504613
sogtvt.backan.gov.vn,Sở Giao thông vận tải tỉnh Bắc Kạn,29/07/2021,Chứng nhận cơ bản,https://tinnhiemmang.vn/danh-ba-tin-nhiem/sogtvtbackangovvnpagesdefaultaspx-1627528189
sogtvt.camau.gov.vn,Sở Giao thông vận tải tỉnh Cà Mau,30/05/2023,Chứng nhận cơ bản,https://tinnhiemmang.vn/danh-ba-tin-nhiem/sogtvtcamaugovvnwpsportal-1684983652
sogtvt.caobang.gov.vn,Sở Giao thông vận tải tỉnh Cao Bằng,29/06/2023,Chứng nhận cơ bản,https://tinnhiemmang.vn/danh-ba-tin-nhiem/sogtvtcaobanggovvn-1688024411
sogtvt.haiphong.gov.vn,Sở Giao thông vận tải Hải Phòng,02/05/2024,Chứng nhận cơ bản,https://tinnhiemmang.vn/danh-ba-tin-nhiem/sogtvthaiphonggovvn-1714611361
sogtvt.hungyen.gov.vn,Sở Giao thông vận tải - Tỉnh Hưng Yên,15/07/2021,Chứng nhận cơ bản,https://tinnhiemmang.vn/danh-ba-tin-nhiem/sogtvthungyengovvn-1626333465
sogtvt.phutho.gov.vn,Sở giao thông vận tải tỉnh Phú Thọ,03/10/2023,Chứng nhận cơ bản,https://tinnhiemmang.vn/danh-ba-tin-nhiem/sogtvtphuthogovvn-1696235149
sohoa.thuathienhue.gov.vn,Sở Thông tin và Truyền thông tỉnh Thừa Thiên Huế,19/07/2021,Chứng nhận cơ bản,https://tinnhiemmang.vn/danh-ba-tin-nhiem/sohoathuathienhuegovvn-1626674474
sokhcn.angiang.gov.vn,Sở Khoa học và Công nghệ tỉnh An Giang,15/10/2021,Chứng nhận cơ bản,https://tinnhiemmang.vn/danh-ba-tin-nhiem/sokhcnangianggovvn-1634289513
sokhdt.angiang.gov.vn,Sở Kế hoạch và Đầu tư tỉnh An Giang,06/10/2021,Chứng nhận cơ bản,https://tinnhiemmang.vn/danh-ba-tin-nhiem/sokhdtangianggovvn-1633503460
sokhdt.backan.gov.vn,Sở Kế hoạch và Đầu tư tỉnh Bắc Kạn,14/07/2022,Chứng nhận cơ bản,https://tinnhiemmang.vn/danh-ba-tin-nhiem/sokhdtbackangovvn-1625478384
sokhdt.caobang.gov.vn,Sở Kế hoạch và Đầu tư tỉnh Cao Bằng,29/06/2023,Chứng nhận cơ bản,https://tinnhiemmang.vn/danh-ba-tin-nhiem/sokhdtcaobanggovvn-1688025366
sokhdt.hungyen.gov.vn,"Sở Kế hoạch Đầu tư, tỉnh Hưng Yên",15/07/2021,Chứng nhận cơ bản,https://tinnhiemmang.vn/danh-ba-tin-nhiem/sokhdthungyengovvn-1626333529
sokhdt.laichau.gov.vn,Sở Kế hoạch và Đầu tư tỉnh Lai Châu,01/03/2024,Chứng nhận cơ bản,https://tinnhiemmang.vn/danh-ba-tin-nhiem/sokhdtlaichaugovvn-1709265522
sokhoahoc.sonla.gov.vn,Sở Khoa học và Công nghệ Sơn La,17/06/2021,Chứng nhận cơ bản,https://tinnhiemmang.vn/danh-ba-tin-nhiem/sokhoahocsonlagovvn-1623901911
soldtbxh.angiang.gov.vn,Sở Lao động Thương binh và Xã hội tỉnh An Giang,06/10/2021,Chứng nhận cơ bản,https://tinnhiemmang.vn/danh-ba-tin-nhiem/soldtbxhangianggovvn-1633503591
soldtbxh.backan.gov.vn,Sở Lao động - Thương binh và Xã hội tỉnh Bắc Kạn,14/07/2022,Chứng nhận cơ bản,https://tinnhiemmang.vn/danh-ba-tin-nhiem/soldtbxhbackangovvn-1625477938
soldtbxh.camau.gov.vn,Sở Lao động - Thương binh và Xã hội tỉnh Cà Mau,30/05/2023,Chứng nhận cơ bản,https://tinnhiemmang.vn/danh-ba-tin-nhiem/soldtbxhcamaugovvnwpsportal-1684983779
soldtbxh.caobang.gov.vn,Sở Lao động thương binh và xã hội Cao Bằng,29/06/2023,Chứng nhận cơ bản,https://tinnhiemmang.vn/danh-ba-tin-nhiem/soldtbxhcaobanggovvn-1688025423
soldtbxh.hungyen.gov.vn,"Sở Lao động, Thương binh và Xã hội, tỉnh Hưng Yên",15/07/2021,Chứng nhận cơ bản,https://tinnhiemmang.vn/danh-ba-tin-nhiem/soldtbxhhungyengovvn-1626333641
soldtbxh.phutho.gov.vn,Sở Lao động - Thương binh và Xã hội tỉnh Phú Thọ,03/10/2023,Chứng nhận cơ bản,https://tinnhiemmang.vn/danh-ba-tin-nhiem/soldtbxhphuthogovvn-1696235301
soldtbxh.sonla.gov.vn,Sở Lao động  Thương binh và Xã hội tỉnh Sơn La,17/06/2021,Chứng nhận cơ bản,https://tinnhiemmang.vn/danh-ba-tin-nhiem/soldtbxhsonlagovvn-1623902083
sonbinh.khanhson.khanhhoa.gov.vn,"UBND xã Sơn Bình, tỉnh Khánh Hòa",09/08/2023,Chứng nhận cơ bản,https://tinnhiemmang.vn/danh-ba-tin-nhiem/sonbinhkhanhsonkhanhhoagovvn-1691561114
sonda.bavi.hanoi.gov.vn,"UBND Xã Sơn Đà - Huyện Ba Vì, Hà Nội",11/11/2024,Chứng nhận cơ bản,https://tinnhiemmang.vn/danh-ba-tin-nhiem/sondabavihanoigovvn-1731049086
sondien.quanson.thanhhoa.gov.vn,"UBND xã Sơn Điện, tỉnh Thanh Hóa",17/01/2024,Chứng nhận cơ bản,https://tinnhiemmang.vn/danh-ba-tin-nhiem/sondienquansonthanhhoagovvn-1705458337
sondong.sontay.hanoi.gov.vn,"UBND xã Sơn Đông, thị xã Sơn Tây, Hà Nội",27/11/2024,Chứng nhận cơ bản,https://tinnhiemmang.vn/danh-ba-tin-nhiem/sondongsontayhanoigovvn-1732682653
songbang.ubndtp.caobang.gov.vn,"UBND phường Sông Bằng, Thành phố Cao Bằng",25/12/2023,Chứng nhận cơ bản,https://tinnhiemmang.vn/danh-ba-tin-nhiem/songbangubndtpcaobanggovvn-1703419487
songcau.backancity.gov.vn,Ủy ban nhân dân phường Sông Cầu tỉnh Bắc Kạn,10/04/2024,Chứng nhận cơ bản,https://tinnhiemmang.vn/danh-ba-tin-nhiem/songcaubackancitygovvn-1712714587
songcau.khanhvinh.khanhhoa.gov.vn,UBND xã Sông Cầu tỉnh Khánh Hòa,14/07/2022,Chứng nhận cơ bản,https://tinnhiemmang.vn/danh-ba-tin-nhiem/songcaukhanhvinhkhanhhoagovvn-1626073647
songhien.ubndtp.caobang.gov.vn,"UBND phường Sông Hiến, Thành phố Cao Bằng",25/12/2023,Chứng nhận cơ bản,https://tinnhiemmang.vn/danh-ba-tin-nhiem/songhienubndtpcaobanggovvn-1703419444
songlo.viettri.phutho.gov.vn,UBND xã Sông Lô tỉnh Phú Thọ,03/10/2023,Chứng nhận cơ bản,https://tinnhiemmang.vn/danh-ba-tin-nhiem/songloviettriphuthogovvn-1696236299
songoaivu.angiang.gov.vn,Sở Ngoại vụ tỉnh An Giang,13/12/2024,Chứng nhận cơ bản,https://tinnhiemmang.vn/danh-ba-tin-nhiem/songoaivuangianggovvn-1733889739
songphuong.danphuong.hanoi.gov.vn,"UBND xã Song Phượng huyện Đan Phượng, Hà Nội",10/05/2023,Chứng nhận cơ bản,https://tinnhiemmang.vn/danh-ba-tin-nhiem/songphuongdanphuonghanoigovvn-1683622696
sonha.quanson.thanhhoa.gov.vn,"UBND xã Sơn Hà, tỉnh Thanh Hóa",17/01/2024,Chứng nhận cơ bản,https://tinnhiemmang.vn/danh-ba-tin-nhiem/sonhaquansonthanhhoagovvn-1705458162
sonhiep.khanhson.khanhhoa.gov.vn,"UBND xã Sơn Hiệp, tỉnh Khánh Hòa",09/08/2023,Chứng nhận cơ bản,https://tinnhiemmang.vn/danh-ba-tin-nhiem/sonhiepkhanhsonkhanhhoagovvn-1691561167
sonlam.khanhson.khanhhoa.gov.vn,"UBND xã Sơn Lâm, tỉnh Khánh Hòa",09/08/2023,Chứng nhận cơ bản,https://tinnhiemmang.vn/danh-ba-tin-nhiem/sonlamkhanhsonkhanhhoagovvn-1691561070
sonlap.baolac.caobang.gov.vn,"UBND xã Sơn Lập, huyện Bảo Lạc, Cao Bằng",25/12/2023,Chứng nhận cơ bản,https://tinnhiemmang.vn/danh-ba-tin-nhiem/sonlapbaolaccaobanggovvn-1703475727
sonlo.baolac.caobang.gov.vn,"UBND xã Sơn Lộ, huyện Bảo Lạc, Cao Bằng",25/12/2023,Chứng nhận cơ bản,https://tinnhiemmang.vn/danh-ba-tin-nhiem/sonlobaolaccaobanggovvn-1703475767
sonloc.sontay.hanoi.gov.vn,"UBND phường Sơn Lộc, Hà Nội",20/06/2024,Chứng nhận cơ bản,https://tinnhiemmang.vn/danh-ba-tin-nhiem/sonlocsontayhanoigovvn-1718873331
sonnptnt.backan.gov.vn,Sở Nông nghiệp và Phát triển nông thôn tỉnh Bắc Kạn,14/07/2022,Chứng nhận cơ bản,https://tinnhiemmang.vn/danh-ba-tin-nhiem/sonnptntbackangovvn-1625476136
sonnptnt.camau.gov.vn,Sở Nông nghiệp và Phát triển nông thôn tỉnh Cà Mau,30/05/2023,Chứng nhận cơ bản,https://tinnhiemmang.vn/danh-ba-tin-nhiem/sonnptntcamaugovvnwpsportal-1684979678
sonnptnt.haiphong.gov.vn,Sở Nông nghiệp và Phát triển nông thôn Hải Phòng,02/05/2024,Chứng nhận cơ bản,https://tinnhiemmang.vn/danh-ba-tin-nhiem/sonnptnthaiphonggovvn-1714115978
sonnptnt.hungyen.gov.vn,"Sở Nông nghiệp, Phát triển nông thôn tỉnh Hưng Yên",15/07/2021,Chứng nhận cơ bản,https://tinnhiemmang.vn/danh-ba-tin-nhiem/sonnptnthungyengovvn-1626333708
sonoivu.angiang.gov.vn,Sở Nội vụ tỉnh An Giang,06/10/2021,Chứng nhận cơ bản,https://tinnhiemmang.vn/danh-ba-tin-nhiem/sonoivuangianggovvn-1633503761
sonoivu.backan.gov.vn,Sở Nội vụ tỉnh Bắc Kạn,23/02/2024,Chứng nhận cơ bản,https://tinnhiemmang.vn/danh-ba-tin-nhiem/sonoivubackangovvn-1708588624
sonongnghiep.angiang.gov.vn,Sở Nông Nghiệp-PTNT tỉnh An Giang,15/10/2021,Chứng nhận cơ bản,https://tinnhiemmang.vn/danh-ba-tin-nhiem/sonongnghiepangianggovvn-1634289683
sonongnghiep.dongnai.gov.vn,Sở Nông nghiệp và PTNT Đồng Nai,26/09/2023,Chứng nhận cơ bản,https://tinnhiemmang.vn/danh-ba-tin-nhiem/sonongnghiepdongnaigovvn-1695720571
sonongnghiep.sonla.gov.vn,Sở Nông nghiệp và Phát triển Nông thôn Tỉnh Sơn La,17/06/2021,Chứng nhận cơ bản,https://tinnhiemmang.vn/danh-ba-tin-nhiem/sonongnghiepsonlagovvn-1623903067
sontan.camlam.khanhhoa.gov.vn,UBND xã Sơn Tân tỉnh Khánh Hòa,14/07/2022,Chứng nhận cơ bản,https://tinnhiemmang.vn/danh-ba-tin-nhiem/sontancamlamkhanhhoagovvn-1626064132
sonthai.khanhvinh.khanhhoa.gov.vn,UBND xã Sơn Thái tỉnh Khánh Hòa,14/07/2022,Chứng nhận cơ bản,https://tinnhiemmang.vn/danh-ba-tin-nhiem/sonthaikhanhvinhkhanhhoagovvn-1626072922
sonthuy.quanson.thanhhoa.gov.vn,"UBND xã Sơn Thủy, tỉnh Thanh Hóa",17/01/2024,Chứng nhận cơ bản,https://tinnhiemmang.vn/danh-ba-tin-nhiem/sonthuyquansonthanhhoagovvn-1705458434
sonthuy.thuathienhue.gov.vn,UBND xã Sơn Thủy tỉnh Thừa Thiên Huế,15/07/2021,Chứng nhận cơ bản,https://tinnhiemmang.vn/danh-ba-tin-nhiem/sonthuythuathienhuegovvn-1626319816
sontrung.khanhson.khanhhoa.gov.vn,"UBND xã Sơn Trung, tỉnh Khánh Hòa",09/08/2023,Chứng nhận cơ bản,https://tinnhiemmang.vn/danh-ba-tin-nhiem/sontrungkhanhsonkhanhhoagovvn-1691561213
sop.thuathienhue.gov.vn,Sở Thông tin và Truyền thông tỉnh Thừa Thiên Huế,20/07/2021,Chứng nhận cơ bản,https://tinnhiemmang.vn/danh-ba-tin-nhiem/sopthuathienhuegovvn-1626776241
sotaichinh.angiang.gov.vn,Sở Tài chính tỉnh An Giang,15/10/2021,Chứng nhận cơ bản,https://tinnhiemmang.vn/danh-ba-tin-nhiem/sotaichinhangianggovvn-1634289812
sotaichinh.backan.gov.vn,Sở Tài Chính Bắc Kạn,27/08/2021,Chứng nhận cơ bản,https://tinnhiemmang.vn/danh-ba-tin-nhiem/sotaichinhbackangovvn-1630035372
sotainguyenmt.angiang.gov.vn,Sở Tài nguyên và Môi trường An Giang,24/12/2021,Chứng nhận cơ bản,https://tinnhiemmang.vn/danh-ba-tin-nhiem/sotainguyenmtangianggovvn-1640245564
sotnmt.caobang.gov.vn,Sở Tài nguyên và Môi trường tỉnh Cao Bằng,29/06/2023,Chứng nhận cơ bản,https://tinnhiemmang.vn/danh-ba-tin-nhiem/sotnmtcaobanggovvn-1688024724
sotnmt.hungyen.gov.vn,Sở Tài Nguyên và Môi Trường - Tỉnh Hưng Yên,15/07/2021,Chứng nhận cơ bản,https://tinnhiemmang.vn/danh-ba-tin-nhiem/sotnmthungyengovvn-1626335511
sotnmt.laichau.gov.vn,Sở Tài nguyên và Môi trường tỉnh Lai Châu,01/03/2024,Chứng nhận cơ bản,https://tinnhiemmang.vn/danh-ba-tin-nhiem/sotnmtlaichaugovvn-1709265827
sotnmt.sonla.gov.vn,Sở Tài nguyên và Môi trường Sơn La,17/06/2021,Chứng nhận cơ bản,https://tinnhiemmang.vn/danh-ba-tin-nhiem/sotnmtsonlagovvn-1623903203
sotnmt.tayninh.gov.vn,Sở tài nguyên và môi trường tỉnh Tây Ninh,24/11/2021,Chứng nhận cơ bản,https://tinnhiemmang.vn/danh-ba-tin-nhiem/sotnmttayninhgovvn-1637639409
sotttt.angiang.gov.vn,Sở Thông tin và Truyền thông tỉnh An Giang,06/10/2021,Chứng nhận cơ bản,https://tinnhiemmang.vn/danh-ba-tin-nhiem/sottttangianggovvn-1633504775
sotttt.camau.gov.vn,Sở Thông tin và Truyền thông Cà Mau,07/04/2023,Chứng nhận cơ bản,https://tinnhiemmang.vn/danh-ba-tin-nhiem/sottttcamaugovvn-1680139328
sotttt.caobang.gov.vn,Sở Thông tin và Truyền thông tỉnh Cao Bằng,29/06/2023,Chứng nhận cơ bản,https://tinnhiemmang.vn/danh-ba-tin-nhiem/sottttcaobanggovvn-1688025516
sotttt.hanoi.gov.vn,Sở Thông tin và Truyền thông Hà Nội,12/06/2021,Chứng nhận cơ bản,https://tinnhiemmang.vn/danh-ba-tin-nhiem/sotttthanoigovvn-1623407405
sotttt.hungyen.gov.vn,Sở Thông tin và Truyền thông tỉnh Hưng Yên,15/07/2021,Chứng nhận cơ bản,https://tinnhiemmang.vn/danh-ba-tin-nhiem/sotttthungyengovvn-1626335572
sotttt.sonla.gov.vn,Sở Thông tin và Truyền thông tỉnh Sơn La,17/06/2021,Chứng nhận cơ bản,https://tinnhiemmang.vn/danh-ba-tin-nhiem/sottttsonlagovvn-1623904623
sotuphap.backan.gov.vn,Sở Tư Pháp tỉnh Bắc Kạn,14/07/2022,Chứng nhận cơ bản,https://tinnhiemmang.vn/danh-ba-tin-nhiem/sotuphapbackangovvn-1625477048
sovhtt.haiphong.gov.vn,Sở Văn hoá và Thể thao Hải Phòng,21/05/2024,Chứng nhận cơ bản,https://tinnhiemmang.vn/danh-ba-tin-nhiem/sovhtthaiphonggovvn-1714722962
sovhttdl.angiang.gov.vn,"Sở Văn hoá, Thể thao  DL tỉnh An Giang",15/10/2021,Chứng nhận cơ bản,https://tinnhiemmang.vn/danh-ba-tin-nhiem/sovhttdlangianggovvn-1634290146
sovhttdl.backan.gov.vn,"Sở Văn hóa, Thể thao và Du lịch  – UBND tỉnh Bắc Kạn",18/07/2022,Chứng nhận cơ bản,https://tinnhiemmang.vn/danh-ba-tin-nhiem/sovhttdlbackangovvn-1658129131
soxaydung.angiang.gov.vn,Sở Xây dựng tỉnh An Giang,15/10/2021,Chứng nhận cơ bản,https://tinnhiemmang.vn/danh-ba-tin-nhiem/soxaydungangianggovvn-1634290259
soyte.backan.gov.vn,Sở Y tế tỉnh Bắc Kạn,27/09/2021,Chứng nhận cơ bản,https://tinnhiemmang.vn/danh-ba-tin-nhiem/soytebackangovvn-1632719475
sso.thuathienhue.gov.vn,UBND tỉnh Thừa Thiên Huế,19/07/2021,Chứng nhận cơ bản,https://tinnhiemmang.vn/danh-ba-tin-nhiem/ssothuathienhuegovvn-1626680228
ssohdnd.laocai.gov.vn,Hội đồng nhân dân tỉnh Lào Cai,19/07/2021,Chứng nhận cơ bản,https://tinnhiemmang.vn/danh-ba-tin-nhiem/ssohdndlaocaigovvn-1626685809
stc.thuathienhue.gov.vn,Sở Tài chính tỉnh Thừa Thiên Huế,19/07/2021,Chứng nhận cơ bản,https://tinnhiemmang.vn/danh-ba-tin-nhiem/stcthuathienhuegovvn-1626433195
stdt.danguykhoibinhthuan.vn,Đảng ủy Khối cơ quan và doanh  nghiệp tỉnh Bình Thuận,02/01/2024,Chứng nhận cơ bản,https://tinnhiemmang.vn/danh-ba-tin-nhiem/stdtdanguykhoibinhthuanvn-1703814614
stnmt.bacninh.gov.vn,Sở Tài Nguyên Và Môi Trường Tỉnh Bắc Ninh,30/11/2021,Chứng nhận cơ bản,https://tinnhiemmang.vn/danh-ba-tin-nhiem/stnmtbacninhgovvn-1638237921
stnmt.gialai.gov.vn,Sở Tài nguyên và Môi trường tỉnh Gia Lai,10/01/2024,Chứng nhận cơ bản,https://tinnhiemmang.vn/danh-ba-tin-nhiem/stnmtgialaigovvn-1704856714
stnmt.khanhhoa.gov.vn,Sở Tài nguyên và Môi trường tỉnh Khánh Hòa,14/07/2022,Chứng nhận cơ bản,https://tinnhiemmang.vn/danh-ba-tin-nhiem/stnmtkhanhhoagovvn-1626147748
stnmt.quangngai.gov.vn,Sở Tài nguyên và Môi trường tỉnh Quảng Ngãi,07/04/2023,Chứng nhận cơ bản,https://tinnhiemmang.vn/danh-ba-tin-nhiem/stnmtquangngaigovvn-1680246330
stnmt.thuathienhue.gov.vn,Sở Tài nguyên và Môi trường tỉnh Thừa Thiên Huế,19/07/2021,Chứng nhận cơ bản,https://tinnhiemmang.vn/danh-ba-tin-nhiem/stnmtthuathienhuegovvn-1626433765
stp.thuathienhue.gov.vn,Sở Tư Pháp tỉnh Thừa Thiên Huế,19/07/2021,Chứng nhận cơ bản,https://tinnhiemmang.vn/danh-ba-tin-nhiem/stpthuathienhuegovvn-1626433870
stttt.bacninh.gov.vn,Sở Thông tin và Truyền thông tỉnh Bắc Ninh,30/11/2021,Chứng nhận cơ bản,https://tinnhiemmang.vn/danh-ba-tin-nhiem/sttttbacninhgovvn-1638238280
stttt.dongnai.gov.vn,Sở Thông tin và Truyền thông tỉnh Đồng Nai,08/09/2023,Chứng nhận cơ bản,https://tinnhiemmang.vn/danh-ba-tin-nhiem/sttttdongnaigovvn-1694084534
stttt.laocai.gov.vn,Sở Thông tin và Truyền thông tỉnh Lào Cai,01/07/2021,Chứng nhận cơ bản,https://tinnhiemmang.vn/danh-ba-tin-nhiem/sttttlaocaigovvn-1622104468
stttt.phutho.gov.vn,Sở Thông tin và Truyền thông Phú Thọ,12/03/2024,Chứng nhận cơ bản,https://tinnhiemmang.vn/danh-ba-tin-nhiem/sttttphuthogovvn-1710148496
stttt.thuathienhue.gov.vn,Sở Thông tin và Truyền thông tỉnh Thừa Thiên Huế,22/07/2021,Chứng nhận cơ bản,https://tinnhiemmang.vn/danh-ba-tin-nhiem/sttttthuathienhuegovvn-1626920488
suckhoesinhsankhanhhoa.com.vn,Trung tâm Chăm sóc sức khỏe sinh sản tỉnh Khánh Hòa,09/08/2023,Chứng nhận cơ bản,https://tinnhiemmang.vn/danh-ba-tin-nhiem/suckhoesinhsankhanhhoacomvn-1691552100
suhochue.thuathienhue.gov.vn,Hội Khoa học lịch sử Huế,15/07/2021,Chứng nhận cơ bản,https://tinnhiemmang.vn/danh-ba-tin-nhiem/suhochuethuathienhuegovvn-1626318607
suoicat.camlam.khanhhoa.gov.vn,UBND xã Suối Cát tỉnh Khánh Hòa,14/07/2022,Chứng nhận cơ bản,https://tinnhiemmang.vn/danh-ba-tin-nhiem/suoicatcamlamkhanhhoagovvn-1626064218
suoihiep.dienkhanh.khanhhoa.gov.vn,"UBND xã Suối Hiệp - Diên Khánh, Khánh Hòa",14/07/2022,Chứng nhận cơ bản,https://tinnhiemmang.vn/danh-ba-tin-nhiem/suoihiepdienkhanhkhanhhoagovvn-1626060609
suoitan.camlam.khanhhoa.gov.vn,UBND xã Suối Tân tỉnh Khánh Hòa,14/07/2022,Chứng nhận cơ bản,https://tinnhiemmang.vn/danh-ba-tin-nhiem/suoitancamlamkhanhhoagovvn-1626063390
suoitien.dienkhanh.khanhhoa.gov.vn,UBND xã Suối Tiên  tỉnh Khánh Hòa,14/07/2022,Chứng nhận cơ bản,https://tinnhiemmang.vn/danh-ba-tin-nhiem/suoitiendienkhanhkhanhhoagovvn-1626061009
svhtt.thuathienhue.gov.vn,Sở Văn hóa và Thể thao tỉnh Thừa Thiên Huế,19/07/2021,Chứng nhận cơ bản,https://tinnhiemmang.vn/danh-ba-tin-nhiem/svhttthuathienhuegovvn-1626434072
sxd.thuathienhue.gov.vn,Sở Xây dựng Thừa Thiên Huế,19/07/2021,Chứng nhận cơ bản,https://tinnhiemmang.vn/danh-ba-tin-nhiem/sxdthuathienhuegovvn-1626434134
sxdthanhhoa.gov.vn,Sở Xây dựng tỉnh Thanh Hoá,14/09/2023,Chứng nhận cơ bản,https://tinnhiemmang.vn/danh-ba-tin-nhiem/sxdthanhhoagovvn-1694680132
sybinh.bachthong.gov.vn,UBND xã Sỹ Bình tỉnh Bắc Kạn,10/04/2024,Chứng nhận cơ bản,https://tinnhiemmang.vn/danh-ba-tin-nhiem/sybinhbachthonggovvn-1712713210
syt.thuathienhue.gov.vn,Sở y tế Thừa Thiên Huế,22/07/2021,Chứng nhận cơ bản,https://tinnhiemmang.vn/danh-ba-tin-nhiem/sytthuathienhuegovvn-1626920569
tadanh.triton.angiang.gov.vn,UBND Xã Tà Đảnh tỉnh An Giang,09/11/2023,Chứng nhận cơ bản,https://tinnhiemmang.vn/danh-ba-tin-nhiem/tadanhtritonangianggovvn-1699410365
talung.quanghoa.caobang.gov.vn,"UBND Thị trấn Tà Lùng, huyện Quảng Hòa, Cao Bằng",25/12/2023,Chứng nhận cơ bản,https://tinnhiemmang.vn/danh-ba-tin-nhiem/talungquanghoacaobanggovvn-1703217732
tamchung.muonglat.thanhhoa.gov.vn,"UBND Xã Tam Chung, tỉnh Thanh Hóa",17/01/2024,Chứng nhận cơ bản,https://tinnhiemmang.vn/danh-ba-tin-nhiem/tamchungmuonglatthanhhoagovvn-1705457513
tamduong.laichau.gov.vn,"Ủy ban nhân dân huyện Tam Đường, tỉnh Lai Châu",01/03/2024,Chứng nhận cơ bản,https://tinnhiemmang.vn/danh-ba-tin-nhiem/tamduonglaichaugovvn-1709266349
tamhiep.thanhtri.hanoi.gov.vn,"UBND Xã Tam Hiệp huyện Thanh Trì, Hà Nội",10/05/2023,Chứng nhận cơ bản,https://tinnhiemmang.vn/danh-ba-tin-nhiem/tamhiepthanhtrihanoigovvn-1683708894
tamhung.thanhoai.hanoi.gov.vn,"UBND xã Tam Hưng, Thanh Oai, Hà Nội",11/12/2023,Chứng nhận cơ bản,https://tinnhiemmang.vn/danh-ba-tin-nhiem/tamhungthanhoaihanoigovvn-1702273764
tamkim.nguyenbinh.caobang.gov.vn,"UBND xã Tam Kim, huyện Nguyên Bình, Cao Bằng",25/12/2023,Chứng nhận cơ bản,https://tinnhiemmang.vn/danh-ba-tin-nhiem/tamkimnguyenbinhcaobanggovvn-1703427606
tamlu.quanson.thanhhoa.gov.vn,"UBND xã Tam Lư, tỉnh Thanh Hóa",17/01/2024,Chứng nhận cơ bản,https://tinnhiemmang.vn/danh-ba-tin-nhiem/tamluquansonthanhhoagovvn-1705458212
tamson.camkhe.phutho.gov.vn,UBND Xã Tam Sơn tỉnh Phú Thọ,03/10/2023,Chứng nhận cơ bản,https://tinnhiemmang.vn/danh-ba-tin-nhiem/tamsoncamkhephuthogovvn-1696237251
tamthanh.quanson.thanhhoa.gov.vn,"UBND xã Tam Thanh, tỉnh Thanh Hóa",17/01/2024,Chứng nhận cơ bản,https://tinnhiemmang.vn/danh-ba-tin-nhiem/tamthanhquansonthanhhoagovvn-1705458272
tamthuan.danang.gov.vn,UBND phường Tam Thuận,12/12/2023,Chứng nhận cơ bản,https://tinnhiemmang.vn/danh-ba-tin-nhiem/tamthuandananggovvn-1702286112
tamvan.langchanh.thanhhoa.gov.vn,UBND xã Tam Văn tỉnh Thanh Hóa,10/04/2024,Chứng nhận cơ bản,https://tinnhiemmang.vn/danh-ba-tin-nhiem/tamvanlangchanhthanhhoagovvn-1712733237
tamxa.donganh.hanoi.gov.vn,"UBND xã Tàm Xá, Hà Nội",20/06/2024,Chứng nhận cơ bản,https://tinnhiemmang.vn/danh-ba-tin-nhiem/tamxadonganhhanoigovvn-1718867936
tanan.tanchau.angiang.gov.vn,UBND Xã Tân An tỉnh An Giang,09/11/2023,Chứng nhận cơ bản,https://tinnhiemmang.vn/danh-ba-tin-nhiem/tanantanchauangianggovvn-1699360991
tanang.ductrong.lamdong.gov.vn,Ủy ban nhân dân xã Tà Năng,14/03/2024,Chứng nhận cơ bản,https://tinnhiemmang.vn/danh-ba-tin-nhiem/tanangductronglamdonggovvn-1710300517
tananhoi.vinhlong.gov.vn,UBND xã Tân An Hội tỉnh Vĩnh Long,14/07/2021,Chứng nhận cơ bản,https://tinnhiemmang.vn/danh-ba-tin-nhiem/tananhoivinhlonggovvn-1625918482
tananluong.vinhlong.gov.vn,UBND xã Tân An Luông tỉnh Vĩnh Long,15/07/2021,Chứng nhận cơ bản,https://tinnhiemmang.vn/danh-ba-tin-nhiem/tananluongvinhlonggovvn-1626267584
tananthanh.vinhlong.gov.vn,UBND xã Tân An Thạnh tỉnh Vĩnh Long,15/07/2021,Chứng nhận cơ bản,https://tinnhiemmang.vn/danh-ba-tin-nhiem/tananthanhvinhlonggovvn-1626268193
tanbinh.nhuxuan.thanhhoa.gov.vn,UBND xã Tân Bình tỉnh Thanh Hóa,29/05/2024,Chứng nhận cơ bản,https://tinnhiemmang.vn/danh-ba-tin-nhiem/tanbinhnhuxuanthanhhoagovvn-1716965746
tanbinh.vinhlong.gov.vn,UBND xã Tân Bình tỉnh Vĩnh Long,15/07/2021,Chứng nhận cơ bản,https://tinnhiemmang.vn/danh-ba-tin-nhiem/tanbinhvinhlonggovvn-1626268202
tanchau.thieuhoa.thanhhoa.gov.vn,UBND xã Tân Châu tỉnh Thanh Hóa,29/05/2024,Chứng nhận cơ bản,https://tinnhiemmang.vn/danh-ba-tin-nhiem/tanchauthieuhoathanhhoagovvn-1716970099
tandan.thixanghison.thanhhoa.gov.vn,"UBND phường Tân Dân Thị xã Nghi Sơn, tỉnh Thanh Hóa",13/08/2024,Chứng nhận cơ bản,https://tinnhiemmang.vn/danh-ba-tin-nhiem/tandanthixanghisonthanhhoagovvn-1723522581
tangiang.ubndtp.caobang.gov.vn,"UBND phường Tân Giang, Thành phố Cao Bằng",25/12/2023,Chứng nhận cơ bản,https://tinnhiemmang.vn/danh-ba-tin-nhiem/tangiangubndtpcaobanggovvn-1703419601
tanhoa-quocoai.thudo.gov.vn,"UBND xã Tân Hoà, Hà Nội",22/11/2024,Chứng nhận cơ bản,https://tinnhiemmang.vn/danh-ba-tin-nhiem/tanhoa-quocoaithudogovvn-1732084684
tanhoa.phutan.angiang.gov.vn,Xã Tân Hòa tỉnh An Giang,09/11/2023,Chứng nhận cơ bản,https://tinnhiemmang.vn/danh-ba-tin-nhiem/tanhoaphutanangianggovvn-1699349006
tanhoi.danphuong.hanoi.gov.vn,"UBND xã Tân Hội huyện Đan Phượng, Hà Nội",10/05/2023,Chứng nhận cơ bản,https://tinnhiemmang.vn/danh-ba-tin-nhiem/tanhoidanphuonghanoigovvn-1683627716
tanhoi.vinhlong.gov.vn,UBND Phường Tân Hội tỉnh Vĩnh Long,14/07/2021,Chứng nhận cơ bản,https://tinnhiemmang.vn/danh-ba-tin-nhiem/tanhoivinhlonggovvn-1625917688
tanhoiductrong.lamdong.gov.vn,"UBND xã Tân Hội, huyện Đức Trọng, tỉnh Lâm Đồng",15/03/2024,Chứng nhận cơ bản,https://tinnhiemmang.vn/danh-ba-tin-nhiem/tanhoiductronglamdonggovvn-1710404531
tanhong.bavi.hanoi.gov.vn,"UBND  Xã Tản Hồng - Huyện Ba Vì, Hà Nội",11/11/2024,Chứng nhận cơ bản,https://tinnhiemmang.vn/danh-ba-tin-nhiem/tanhongbavihanoigovvn-1731049206
tanhung.vinhlong.gov.vn,UBND xã Tân Hưng tỉnh Vĩnh Long,15/07/2021,Chứng nhận cơ bản,https://tinnhiemmang.vn/danh-ba-tin-nhiem/tanhungvinhlonggovvn-1626268212
tankhang.nongcong.thanhhoa.gov.vn,"UBND xã Tân Khang Huyện Nông Cống, Tỉnh Thanh Hóa",13/08/2024,Chứng nhận cơ bản,https://tinnhiemmang.vn/danh-ba-tin-nhiem/tankhangnongcongthanhhoagovvn-1723524357
tanlap.chodon.backan.gov.vn,Uỷ ban nhân dân xã Tân Lập tỉnh Bắc Kạn,10/04/2024,Chứng nhận cơ bản,https://tinnhiemmang.vn/danh-ba-tin-nhiem/tanlapchodonbackangovvn-1712712620
tanlap.chodon.gov.vn,"Uỷ ban nhân dân xã Tân Lập, tỉnh Bắc Kạn",24/05/2022,Chứng nhận cơ bản,https://tinnhiemmang.vn/danh-ba-tin-nhiem/tanlapchodongovvn-1650424572
tanlap.danphuong.hanoi.gov.vn,"UBND xã Tân Lập huyện Đan Phượng, Hà Nội",10/05/2023,Chứng nhận cơ bản,https://tinnhiemmang.vn/danh-ba-tin-nhiem/tanlapdanphuonghanoigovvn-1683627658
tanlap.nhatrang.khanhhoa.gov.vn,UBND phường Tân Lập tỉnh Khánh Hòa,14/07/2022,Chứng nhận cơ bản,https://tinnhiemmang.vn/danh-ba-tin-nhiem/tanlapnhatrangkhanhhoagovvn-1626160469
tanlap.tinhbien.angiang.gov.vn,UBND Xã Tân Lập tỉnh An Giang,09/11/2023,Chứng nhận cơ bản,https://tinnhiemmang.vn/danh-ba-tin-nhiem/tanlaptinhbienangianggovvn-1699373377
tanloc.vinhlong.gov.vn,UBND xã Tân Lộc tỉnh Vĩnh Long,15/07/2021,Chứng nhận cơ bản,https://tinnhiemmang.vn/danh-ba-tin-nhiem/tanlocvinhlonggovvn-1626267892
tanloi.tinhbien.angiang.gov.vn,UBND Xã Tân Lợi tỉnh An Giang,09/11/2023,Chứng nhận cơ bản,https://tinnhiemmang.vn/danh-ba-tin-nhiem/tanloitinhbienangianggovvn-1699373017
tanlong.vinhlong.gov.vn,UBND xã Tân Long tỉnh Vĩnh Long,14/07/2021,Chứng nhận cơ bản,https://tinnhiemmang.vn/danh-ba-tin-nhiem/tanlongvinhlonggovvn-1625918492
tanmai.hoangmai.hanoi.gov.vn,"UBND phường Tân Mai, quận Hoàng Mai, Hà Nội",11/12/2023,Chứng nhận cơ bản,https://tinnhiemmang.vn/danh-ba-tin-nhiem/tanmaihoangmaihanoigovvn-1702271980
tanmy.chomoi.angiang.gov.vn,UBND Xã Tấn Mỹ tỉnh An Giang,09/11/2023,Chứng nhận cơ bản,https://tinnhiemmang.vn/danh-ba-tin-nhiem/tanmychomoiangianggovvn-1699409482
tanmy.vinhlong.gov.vn,UBND xã Tân Mỹ tỉnh Vĩnh Long,15/07/2021,Chứng nhận cơ bản,https://tinnhiemmang.vn/danh-ba-tin-nhiem/tanmyvinhlonggovvn-1626268100
tanphu-quocoai.thudo.gov.vn,"UBND xã Tân Phú, huyện Quốc Oai, Hà Nội",22/11/2024,Chứng nhận cơ bản,https://tinnhiemmang.vn/danh-ba-tin-nhiem/tanphu-quocoaithudogovvn-1732090878
tanphu.chauthanh.angiang.gov.vn,UBND Xã Tân Phú tỉnh An Giang,09/11/2023,Chứng nhận cơ bản,https://tinnhiemmang.vn/danh-ba-tin-nhiem/tanphuchauthanhangianggovvn-1699362220
tanphuc.langchanh.thanhhoa.gov.vn,UBND xã Tân Phúc tỉnh Thanh Hóa,10/04/2024,Chứng nhận cơ bản,https://tinnhiemmang.vn/danh-ba-tin-nhiem/tanphuclangchanhthanhhoagovvn-1712732817
tanquoitrung.vinhlong.gov.vn,UBND xã Tân Quới Trung tỉnh Vĩnh Long,15/07/2021,Chứng nhận cơ bản,https://tinnhiemmang.vn/danh-ba-tin-nhiem/tanquoitrungvinhlonggovvn-1626267594
tanson.chomoi.gov.vn,UBND huyện Chợ Mới tỉnh Bắc Kạn,10/04/2024,Chứng nhận cơ bản,https://tinnhiemmang.vn/danh-ba-tin-nhiem/tansonchomoigovvn-1712635496
tanthanh.tanchau.angiang.gov.vn,UBND Xã Tân Thạnh tỉnh An Giang,09/11/2023,Chứng nhận cơ bản,https://tinnhiemmang.vn/danh-ba-tin-nhiem/tanthanhtanchauangianggovvn-1699361064
tanthanh.thuongxuan.thanhhoa.gov.vn,Ủy ban nhân dân xã Tân Thành,06/03/2024,Chứng nhận cơ bản,https://tinnhiemmang.vn/danh-ba-tin-nhiem/tanthanhthuongxuanthanhhoagovvn-1709627078
tanthanh.vinhlong.gov.vn,UBND xã Tân Thành tỉnh Vĩnh Long,15/07/2021,Chứng nhận cơ bản,https://tinnhiemmang.vn/danh-ba-tin-nhiem/tanthanhvinhlonggovvn-1626268238
tantho.nongcong.thanhhoa.gov.vn,"UBND xã Tân Thọ Huyện Nông Cống, Tỉnh Thanh Hóa",13/08/2024,Chứng nhận cơ bản,https://tinnhiemmang.vn/danh-ba-tin-nhiem/tanthonongcongthanhhoagovvn-1723524427
tantrieu.thanhtri.hanoi.gov.vn,"UBND Xã Tân Triều huyện Thanh Trì, Hà Nội",10/05/2023,Chứng nhận cơ bản,https://tinnhiemmang.vn/danh-ba-tin-nhiem/tantrieuthanhtrihanoigovvn-1683709540
tantrung.phutan.angiang.gov.vn,Xã Tân Trung tỉnh An Giang,09/11/2023,Chứng nhận cơ bản,https://tinnhiemmang.vn/danh-ba-tin-nhiem/tantrungphutanangianggovvn-1699348792
tantu.bachthong.gov.vn,UBND xã Tân Tú tỉnh Bắc Kạn,10/04/2024,Chứng nhận cơ bản,https://tinnhiemmang.vn/danh-ba-tin-nhiem/tantubachthonggovvn-1712713542
tantuyen.triton.angiang.gov.vn,UBND Xã Tân Tuyến tỉnh An Giang,09/11/2023,Chứng nhận cơ bản,https://tinnhiemmang.vn/danh-ba-tin-nhiem/tantuyentritonangianggovvn-1699410587
tanuoc.thanhoai.hanoi.gov.vn,"UBND xã Tân Ước, Thanh Oai, Hà Nội",11/12/2023,Chứng nhận cơ bản,https://tinnhiemmang.vn/danh-ba-tin-nhiem/tanuocthanhoaihanoigovvn-1702278171
tanxa.thachthat.hanoi.gov.vn,UBND xã Tân Xã huyện Thạch Thất TP Hà Nội,10/05/2023,Chứng nhận cơ bản,https://tinnhiemmang.vn/danh-ba-tin-nhiem/tanxathachthathanoigovvn-1683616009
taogiare.vn,Hộ Kinh doanh Kênh Mobile,07/11/2022,Chứng nhận cơ bản,https://tinnhiemmang.vn/danh-ba-tin-nhiem/taogiarevn-1667189410
taoxuyen.tpthanhhoa.thanhhoa.gov.vn,"UBND Phường Tào Xuyên, Thành phố Thanh Hóa, tỉnh Thanh Hóa",26/09/2024,Chứng nhận cơ bản,https://tinnhiemmang.vn/danh-ba-tin-nhiem/taoxuyentpthanhhoathanhhoagovvn-1727318588
tapchiluatsu.vn,Tạp chí Luật sư Việt Nam,30/08/2022,Chứng nhận cơ bản,https://tinnhiemmang.vn/danh-ba-tin-nhiem/tapchiluatsuvn-1661843213
tathanhoai.thanhtri.hanoi.gov.vn,"UBND Xã Tả Thanh Oai huyện Thanh Trì, Hà Nội",10/05/2023,Chứng nhận cơ bản,https://tinnhiemmang.vn/danh-ba-tin-nhiem/tathanhoaithanhtrihanoigovvn-1683710169
tayho.thoxuan.thanhhoa.gov.vn,UBND xã Tây Hồ tỉnh Thanh Hóa,10/04/2024,Chứng nhận cơ bản,https://tinnhiemmang.vn/danh-ba-tin-nhiem/tayhothoxuanthanhhoagovvn-1712734234
tayloc.thuathienhue.gov.vn,UBND phường Tây Lộc tỉnh Thừa Thiên Huế,15/07/2021,Chứng nhận cơ bản,https://tinnhiemmang.vn/danh-ba-tin-nhiem/taylocthuathienhuegovvn-1626319885
taymo.namtuliem.hanoi.gov.vn,"Phường Tây Mỗ  Quận Nam Từ Liêm, Thành phố Hà Nội",15/06/2021,Chứng nhận cơ bản,https://tinnhiemmang.vn/danh-ba-tin-nhiem/taymonamtuliemhanoigovvn-1623639335
tayninh.customs.gov.vn,Cục Hải quan tỉnh Tây Ninh,11/08/2023,Chứng nhận cơ bản,https://tinnhiemmang.vn/danh-ba-tin-nhiem/tayninhcustomsgovvn-1691727217
tayphu.thoaison.angiang.gov.vn,UBND Xã Tây Phú tỉnh An Giang,09/11/2023,Chứng nhận cơ bản,https://tinnhiemmang.vn/danh-ba-tin-nhiem/tayphuthoaisonangianggovvn-1699411779
taytuu.bactuliem.hanoi.gov.vn,"UBND phường Tây Tựu quận Bắc Từ Liêm, thành phố Hà Nội",10/05/2023,Chứng nhận cơ bản,https://tinnhiemmang.vn/danh-ba-tin-nhiem/taytuubactuliemhanoigovvn-1683629781
tbt.tayninh.gov.vn,Văn phòng thông báo và hỏi đáp tbt tỉnh Tây Ninh,24/11/2021,Chứng nhận cơ bản,https://tinnhiemmang.vn/danh-ba-tin-nhiem/tbttayninhgovvn-1637644417
tcncamranh.edu.vn,"Trường Trung cấp Nghề Cam Ranh, tỉnh Khánh Hòa",09/08/2023,Chứng nhận cơ bản,https://tinnhiemmang.vn/danh-ba-tin-nhiem/tcncamranheduvn-1691551285
tcnn.vn,Trung tâm Thông tin - Bộ Nội vụ,29/06/2021,Chứng nhận cơ bản,https://tinnhiemmang.vn/danh-ba-tin-nhiem/tcnnvn-1624933994
tcnnh.edu.vn,"Trường Trung cấp nghề Ninh Hòa, tỉnh Khánh Hòa",09/08/2023,Chứng nhận cơ bản,https://tinnhiemmang.vn/danh-ba-tin-nhiem/tcnnheduvn-1691551012
tenong.nongcong.thanhhoa.gov.vn,"UBND xã Tế Nông Huyện Nông Cống, Tỉnh Thanh Hóa",13/08/2024,Chứng nhận cơ bản,https://tinnhiemmang.vn/danh-ba-tin-nhiem/tenongnongcongthanhhoagovvn-1723524809
tethang.nongcong.thanhhoa.gov.vn,"UBND xã Tế Thắng Huyện Nông Cống, Tỉnh Thanh Hóa",13/08/2024,Chứng nhận cơ bản,https://tinnhiemmang.vn/danh-ba-tin-nhiem/tethangnongcongthanhhoagovvn-1723524846
thacgian.danang.gov.vn,UBND phường Thạc Gián,07/12/2023,Chứng nhận cơ bản,https://tinnhiemmang.vn/danh-ba-tin-nhiem/thacgiandananggovvn-1701945244
thachbinh.thachthanh.thanhhoa.gov.vn,UBND xã Thạch Bình tỉnh Thanh Hóa,29/05/2024,Chứng nhận cơ bản,https://tinnhiemmang.vn/danh-ba-tin-nhiem/thachbinhthachthanhthanhhoagovvn-1716968297
thachcam.thachthanh.thanhhoa.gov.vn,UBND Thạch Cẩm tỉnh Thanh Hóa,29/05/2024,Chứng nhận cơ bản,https://tinnhiemmang.vn/danh-ba-tin-nhiem/thachcamthachthanhthanhhoagovvn-1716968209
thachdinh.thachthanh.thanhhoa.gov.vn,UBND xã Thạch Định tỉnh Thanh Hóa,29/05/2024,Chứng nhận cơ bản,https://tinnhiemmang.vn/danh-ba-tin-nhiem/thachdinhthachthanhthanhhoagovvn-1716968338
thachdong.thachthanh.thanhhoa.gov.vn,UBND xã Thạch Đồng tỉnh Thanh Hóa,29/05/2024,Chứng nhận cơ bản,https://tinnhiemmang.vn/danh-ba-tin-nhiem/thachdongthachthanhthanhhoagovvn-1716968377
thachhoa.thachthat.hanoi.gov.vn,UBND xã Thạch Hòa huyện Thạch Thất Thành phố Hà Nội,10/05/2023,Chứng nhận cơ bản,https://tinnhiemmang.vn/danh-ba-tin-nhiem/thachhoathachthathanoigovvn-1683616256
thachlam.baolam.caobang.gov.vn,"UBND xã Thạch Lâm, huyện Bảo Lâm, Cao Bằng",25/12/2023,Chứng nhận cơ bản,https://tinnhiemmang.vn/danh-ba-tin-nhiem/thachlambaolamcaobanggovvn-1703420234
thachlam.thachthanh.thanhhoa.gov.vn,UBND Thạch Lâm tỉnh Thanh Hóa,29/05/2024,Chứng nhận cơ bản,https://tinnhiemmang.vn/danh-ba-tin-nhiem/thachlamthachthanhthanhhoagovvn-1716967708
thachlap.ngoclac.thanhhoa.gov.vn,UBND xã Thạch Lập tỉnh Thanh Hóa,29/05/2024,Chứng nhận cơ bản,https://tinnhiemmang.vn/danh-ba-tin-nhiem/thachlapngoclacthanhhoagovvn-1716890844
thachlong.thachthanh.thanhhoa.gov.vn,UBND Thạch Long tỉnh Thanh Hóa,29/05/2024,Chứng nhận cơ bản,https://tinnhiemmang.vn/danh-ba-tin-nhiem/thachlongthachthanhthanhhoagovvn-1716968414
thachquang.thachthanh.thanhhoa.gov.vn,UBND xã Thạch Quảng tỉnh Thanh Hóa,29/05/2024,Chứng nhận cơ bản,https://tinnhiemmang.vn/danh-ba-tin-nhiem/thachquangthachthanhthanhhoagovvn-1716968072
thachson.thachthanh.thanhhoa.gov.vn,UBND xã Thạch Sơn tỉnh Thanh Hóa,29/05/2024,Chứng nhận cơ bản,https://tinnhiemmang.vn/danh-ba-tin-nhiem/thachsonthachthanhthanhhoagovvn-1716968255
thachthan-quocoai.thudo.gov.vn,"UBND xã Thạch Thán, huyện Quốc Oai, Hà Nội",22/11/2024,Chứng nhận cơ bản,https://tinnhiemmang.vn/danh-ba-tin-nhiem/thachthan-quocoaithudogovvn-1732084758
thachthang.danang.gov.vn,UBND phường Thạch Thang,07/12/2023,Chứng nhận cơ bản,https://tinnhiemmang.vn/danh-ba-tin-nhiem/thachthangdananggovvn-1701834907
thachthanh.thanhhoa.gov.vn,"UBND huyện Thạch Thành, tỉnh Thanh Hóa",01/08/2023,Chứng nhận cơ bản,https://tinnhiemmang.vn/danh-ba-tin-nhiem/thachthanhthanhhoagovvn-1690782372
thachtuong.thachthanh.thanhhoa.gov.vn,UBND xã Thạch Tượng tỉnh Thanh Hóa,29/05/2024,Chứng nhận cơ bản,https://tinnhiemmang.vn/danh-ba-tin-nhiem/thachtuongthachthanhthanhhoagovvn-1716968122
thachxa.thachthat.hanoi.gov.vn,UBND xã Thạch Xá huyện Thạch Thất Thành phố Hà Nội,10/05/2023,Chứng nhận cơ bản,https://tinnhiemmang.vn/danh-ba-tin-nhiem/thachxathachthathanoigovvn-1683621878
thaicuong.thachan.caobang.gov.vn,"UBND xã Thái Cường, huyện Thạch An, Cao Bằng",25/12/2023,Chứng nhận cơ bản,https://tinnhiemmang.vn/danh-ba-tin-nhiem/thaicuongthachancaobanggovvn-1703219069
thaihoa.trieuson.thanhhoa.gov.vn,"UBND Xã Thái Hòa, tỉnh Thanh Hóa",17/01/2024,Chứng nhận cơ bản,https://tinnhiemmang.vn/danh-ba-tin-nhiem/thaihoatrieusonthanhhoagovvn-1705459823
thaihoc.baolam.caobang.gov.vn,"UBND xã Thái Học, huyện Bảo Lâm, Cao Bằng",25/12/2023,Chứng nhận cơ bản,https://tinnhiemmang.vn/danh-ba-tin-nhiem/thaihocbaolamcaobanggovvn-1703420049
thaison.baolam.caobang.gov.vn,"UBND xã Thái Sơn, huyện Bảo Lâm, Cao Bằng",25/12/2023,Chứng nhận cơ bản,https://tinnhiemmang.vn/danh-ba-tin-nhiem/thaisonbaolamcaobanggovvn-1703420156
thangbinh.nongcong.thanhhoa.gov.vn,"UBND xã Thăng Bình Huyện Nông Cống, Tỉnh Thanh Hóa",13/08/2024,Chứng nhận cơ bản,https://tinnhiemmang.vn/danh-ba-tin-nhiem/thangbinhnongcongthanhhoagovvn-1723531643
thangloi.halang.caobang.gov.vn,"UBND xã Thắng Lợi, huyện Hạ Lang, Cao Bằng",25/12/2023,Chứng nhận cơ bản,https://tinnhiemmang.vn/danh-ba-tin-nhiem/thangloihalangcaobanggovvn-1703474669
thanglong.nongcong.thanhhoa.gov.vn,"UBND xã Thăng Long Huyện Nông Cống, Tỉnh Thanh Hóa",13/08/2024,Chứng nhận cơ bản,https://tinnhiemmang.vn/danh-ba-tin-nhiem/thanglongnongcongthanhhoagovvn-1723531577
thangtho.nongcong.thanhhoa.gov.vn,"UBND xã Thăng Thọ Huyện Nông Cống, Tỉnh Thanh Hóa",13/08/2024,Chứng nhận cơ bản,https://tinnhiemmang.vn/danh-ba-tin-nhiem/thangthonongcongthanhhoagovvn-1723531611
thanhan.thachthanh.thanhhoa.gov.vn,UBND xã Thành An tỉnh Thanh Hóa,29/05/2024,Chứng nhận cơ bản,https://tinnhiemmang.vn/danh-ba-tin-nhiem/thanhanthachthanhthanhhoagovvn-1716969183
thanhbinh.vinhlong.gov.vn,UBND xã Thanh Bình tỉnh Vĩnh Long,15/07/2021,Chứng nhận cơ bản,https://tinnhiemmang.vn/danh-ba-tin-nhiem/thanhbinhvinhlonggovvn-1626267604
thanhcao.thanhoai.hanoi.gov.vn,"UBND xã Thanh Cao, Thanh Oai, Hà Nội",11/12/2023,Chứng nhận cơ bản,https://tinnhiemmang.vn/danh-ba-tin-nhiem/thanhcaothanhoaihanoigovvn-1702277870
thanhcong.badinh.hanoi.gov.vn,"UBND phường Thành Công, quận Ba Đình, Hà Nội",11/12/2023,Chứng nhận cơ bản,https://tinnhiemmang.vn/danh-ba-tin-nhiem/thanhcongbadinhhanoigovvn-1702279031
thanhcong.nguyenbinh.caobang.gov.vn,"UBND xã Thành Công, huyện Nguyên Bình, Cao Bằng",25/12/2023,Chứng nhận cơ bản,https://tinnhiemmang.vn/danh-ba-tin-nhiem/thanhcongnguyenbinhcaobanggovvn-1703427908
thanhcong.thachthanh.thanhhoa.gov.vn,UBND xã Thành Công tỉnh Thanh Hóa,29/05/2024,Chứng nhận cơ bản,https://tinnhiemmang.vn/danh-ba-tin-nhiem/thanhcongthachthanhthanhhoagovvn-1716968627
thanhhoa.customs.gov.vn,Cục Hải quan tỉnh Thanh Hóa,11/08/2023,Chứng nhận cơ bản,https://tinnhiemmang.vn/danh-ba-tin-nhiem/thanhhoacustomsgovvn-1691727809
thanhhoa.nhuxuan.thanhhoa.gov.vn,UBND xã Thanh Hòa tỉnh Thanh Hóa,29/05/2024,Chứng nhận cơ bản,https://tinnhiemmang.vn/danh-ba-tin-nhiem/thanhhoanhuxuanthanhhoagovvn-1716966120
thanhhung.thachthanh.thanhhoa.gov.vn,UBND xã Thành Hưng tỉnh Thanh Hóa,29/05/2024,Chứng nhận cơ bản,https://tinnhiemmang.vn/danh-ba-tin-nhiem/thanhhungthachthanhthanhhoagovvn-1716969341
thanhkhetay.danang.gov.vn,UBND phường Thanh Khê Tây,08/12/2023,Chứng nhận cơ bản,https://tinnhiemmang.vn/danh-ba-tin-nhiem/thanhkhetaydananggovvn-1701948320
thanhky.nhuthanh.thanhhoa.gov.vn,"UBND xã Thanh Kỳ, huyện Như Thanh, tỉnh Thanh Hóa",16/04/2024,Chứng nhận cơ bản,https://tinnhiemmang.vn/danh-ba-tin-nhiem/thanhkynhuthanhthanhhoagovvn-1713197158
thanhlam.bathuoc.thanhhoa.gov.vn,"UBND Xã Thành Lâm, Huyện Bá Thước, tỉnh Thanh Hóa",21/08/2024,Chứng nhận cơ bản,https://tinnhiemmang.vn/danh-ba-tin-nhiem/thanhlambathuocthanhhoagovvn-1724148994
thanhlam.nhuxuan.thanhhoa.gov.vn,UBND xã Thanh Lâm tỉnh Thanh Hóa,29/05/2024,Chứng nhận cơ bản,https://tinnhiemmang.vn/danh-ba-tin-nhiem/thanhlamnhuxuanthanhhoagovvn-1716966167
thanhliet.thanhtri.hanoi.gov.vn,"UBND Xã Thanh Liệt huyện Thanh Trì, Hà Nội",10/05/2023,Chứng nhận cơ bản,https://tinnhiemmang.vn/danh-ba-tin-nhiem/thanhlietthanhtrihanoigovvn-1683709235
thanhloc.hauloc.thanhhoa.gov.vn,"UBND xã Thành Lộc, Huyện Hậu Lộc, tỉnh Thanh Hóa",21/08/2024,Chứng nhận cơ bản,https://tinnhiemmang.vn/danh-ba-tin-nhiem/thanhlochaulocthanhhoagovvn-1724210385
thanhloi.vinhlong.gov.vn,UBND xã Thành Lợi tỉnh Vĩnh Long,15/07/2021,Chứng nhận cơ bản,https://tinnhiemmang.vn/danh-ba-tin-nhiem/thanhloivinhlonggovvn-1626268256
thanhlong.haquang.caobang.gov.vn,"UBND xã Thanh Long, huyện Hà Quảng, Cao Bằng",25/12/2023,Chứng nhận cơ bản,https://tinnhiemmang.vn/danh-ba-tin-nhiem/thanhlonghaquangcaobanggovvn-1703418802
thanhlong.thachthanh.thanhhoa.gov.vn,UBND xã Thành Long tỉnh Thanh Hóa,29/05/2024,Chứng nhận cơ bản,https://tinnhiemmang.vn/danh-ba-tin-nhiem/thanhlongthachthanhthanhhoagovvn-1716969304
thanhlongxanhbinhthuan.vn,Trung tâm Khuyến nông Bình Thuận,02/01/2024,Chứng nhận cơ bản,https://tinnhiemmang.vn/danh-ba-tin-nhiem/thanhlongxanhbinhthuanvn-1703814834
thanhluong.haibatrung.hanoi.gov.vn,"UBND phường Thanh Lương, quận Hai Bà Trưng, Hà Nội",10/05/2023,Chứng nhận cơ bản,https://tinnhiemmang.vn/danh-ba-tin-nhiem/thanhluonghaibatrunghanoigovvn-1683604519
thanhmai.chomoi.gov.vn,UBND huyện Chợ Mới tỉnh Bắc Kạn,10/04/2024,Chứng nhận cơ bản,https://tinnhiemmang.vn/danh-ba-tin-nhiem/thanhmaichomoigovvn-1712635499
thanhmai.thanhoai.hanoi.gov.vn,"UBND xã Thanh Mai, Thanh Oai, Hà Nội",11/12/2023,Chứng nhận cơ bản,https://tinnhiemmang.vn/danh-ba-tin-nhiem/thanhmaithanhoaihanoigovvn-1702273983
thanhminh.thachthanh.thanhhoa.gov.vn,UBND xã Thành Minh tỉnh Thanh Hóa,29/05/2024,Chứng nhận cơ bản,https://tinnhiemmang.vn/danh-ba-tin-nhiem/thanhminhthachthanhthanhhoagovvn-1716968580
thanhmy.sontay.hanoi.gov.vn,"UBND xã Thanh Mỹ, thị xã Sơn Tây, Hà Nội",27/11/2024,Chứng nhận cơ bản,https://tinnhiemmang.vn/danh-ba-tin-nhiem/thanhmysontayhanoigovvn-1732682579
thanhmy.thachthanh.thanhhoa.gov.vn,UBND xã Thành Mỹ tỉnh Thanh Hóa,29/05/2024,Chứng nhận cơ bản,https://tinnhiemmang.vn/danh-ba-tin-nhiem/thanhmythachthanhthanhhoagovvn-1716968454
thanhmytay.chauphu.angiang.gov.vn,UBND Xã Thạnh Mỹ Tây tỉnh An Giang,09/11/2023,Chứng nhận cơ bản,https://tinnhiemmang.vn/danh-ba-tin-nhiem/thanhmytaychauphuangianggovvn-1699361759
thanhnhan.haibatrung.hanoi.gov.vn,UBND phường Thanh Nhàn quận Hai Bà Trưng Hà Nội,10/05/2023,Chứng nhận cơ bản,https://tinnhiemmang.vn/danh-ba-tin-nhiem/thanhnhanhaibatrunghanoigovvn-1683604646
thanhnhat.halang.caobang.gov.vn,"UBND thị trấn Thanh Nhật, huyện Hạ Lang, Cao Bằng",25/12/2023,Chứng nhận cơ bản,https://tinnhiemmang.vn/danh-ba-tin-nhiem/thanhnhathalangcaobanggovvn-1703474784
thanhnien.thuathienhue.gov.vn,Tỉnh Đoàn Thừa Thiên Huế,15/07/2021,Chứng nhận cơ bản,https://tinnhiemmang.vn/danh-ba-tin-nhiem/thanhnienthuathienhuegovvn-1626318664
thanhnienquangdien.thuathienhue.gov.vn,"Huyện Đoàn Quảng Điền, tỉnh Thừa Thiên Huế",15/07/2021,Chứng nhận cơ bản,https://tinnhiemmang.vn/danh-ba-tin-nhiem/thanhnienquangdienthuathienhuegovvn-1626318741
thanhpho.quangngai.gov.vn,"Thành phố Quảng Ngãi, Tỉnh Quảng Ngãi",10/05/2021,Chứng nhận cơ bản,https://tinnhiemmang.vn/danh-ba-tin-nhiem/thanhphoquangngaigovvn-1620635343
thanhpho.sonla.gov.vn,UBND Thành phố Sơn La,17/06/2021,Chứng nhận cơ bản,https://tinnhiemmang.vn/danh-ba-tin-nhiem/thanhphosonlagovvn-1623910792
thanhphong.nhuxuan.thanhhoa.gov.vn,UBND xã Thanh Phong tỉnh Thanh Hóa,29/05/2024,Chứng nhận cơ bản,https://tinnhiemmang.vn/danh-ba-tin-nhiem/thanhphongnhuxuanthanhhoagovvn-1716966081
thanhquan.nhuxuan.thanhhoa.gov.vn,UBND xã Thanh Quân tỉnh Thanh Hóa,29/05/2024,Chứng nhận cơ bản,https://tinnhiemmang.vn/danh-ba-tin-nhiem/thanhquannhuxuanthanhhoagovvn-1716966040
thanhquoi.vinhlong.gov.vn,UBND xã Thạnh Quới tỉnh Vĩnh Long,14/07/2021,Chứng nhận cơ bản,https://tinnhiemmang.vn/danh-ba-tin-nhiem/thanhquoivinhlonggovvn-1625918023
thanhson.bathuoc.thanhhoa.gov.vn,"UBND Xã Thành Sơn, Huyện Bá Thước, tỉnh Thanh Hóa",21/08/2024,Chứng nhận cơ bản,https://tinnhiemmang.vn/danh-ba-tin-nhiem/thanhsonbathuocthanhhoagovvn-1724149026
thanhson.nhuxuan.thanhhoa.gov.vn,UBND xã Thanh Sơn tỉnh Thanh Hóa,29/05/2024,Chứng nhận cơ bản,https://tinnhiemmang.vn/danh-ba-tin-nhiem/thanhsonnhuxuanthanhhoagovvn-1716966003
thanhson.quanhoa.thanhhoa.gov.vn,UBND xã Thành Sơn tỉnh Thanh Hóa,03/07/2024,Chứng nhận cơ bản,https://tinnhiemmang.vn/danh-ba-tin-nhiem/thanhsonquanhoathanhhoagovvn-1719993275
thanhtam.thachthanh.thanhhoa.gov.vn,UBND xã Thành Tâm tỉnh Thanh Hóa,29/05/2024,Chứng nhận cơ bản,https://tinnhiemmang.vn/danh-ba-tin-nhiem/thanhtamthachthanhthanhhoagovvn-1716968708
thanhtan.nhuthanh.thanhhoa.gov.vn,"UBND xã Thanh Tân, huyện Như Thanh, Thanh Hóa",16/04/2024,Chứng nhận cơ bản,https://tinnhiemmang.vn/danh-ba-tin-nhiem/thanhtannhuthanhthanhhoagovvn-1713173009
thanhtan.thachthanh.thanhhoa.gov.vn,UBND xã Thành Tân tỉnh Thanh Hóa,29/05/2024,Chứng nhận cơ bản,https://tinnhiemmang.vn/danh-ba-tin-nhiem/thanhtanthachthanhthanhhoagovvn-1716968665
thanhthieunhi.thuathienhue.gov.vn,Trung tâm hoạt động Thanh thiếu nhi tỉnh Thừa Thiên Huế,15/07/2021,Chứng nhận cơ bản,https://tinnhiemmang.vn/danh-ba-tin-nhiem/thanhthieunhithuathienhuegovvn-1626319793
thanhthinh.chomoi.gov.vn,UBND huyện Chợ Mới tỉnh Bắc Kạn,10/04/2024,Chứng nhận cơ bản,https://tinnhiemmang.vn/danh-ba-tin-nhiem/thanhthinhchomoigovvn-1712635492
thanhtho.thachthanh.thanhhoa.gov.vn,UBND xã Thành Thọ tỉnh Thanh Hóa,29/05/2024,Chứng nhận cơ bản,https://tinnhiemmang.vn/danh-ba-tin-nhiem/thanhthothachthanhthanhhoagovvn-1716969223
thanhthuy.thanhoai.hanoi.gov.vn,"UBND xã Thanh Thùy, Thanh Oai, Hà Nội",11/12/2023,Chứng nhận cơ bản,https://tinnhiemmang.vn/danh-ba-tin-nhiem/thanhthuythanhoaihanoigovvn-1702273894
thanhthuy.thixanghison.thanhhoa.gov.vn,"UBND xã Thanh Thủy Thị xã Nghi Sơn, tỉnh Thanh Hóa",13/08/2024,Chứng nhận cơ bản,https://tinnhiemmang.vn/danh-ba-tin-nhiem/thanhthuythixanghisonthanhhoagovvn-1723519671
thanhtien.thachthanh.thanhhoa.gov.vn,UBND xã Thành Tiến tỉnh Thanh Hóa,29/05/2024,Chứng nhận cơ bản,https://tinnhiemmang.vn/danh-ba-tin-nhiem/thanhtienthachthanhthanhhoagovvn-1716969265
thanhtra.thuathienhue.gov.vn,Thanh tra tỉnh Thừa Thiên Huế,19/07/2021,Chứng nhận cơ bản,https://tinnhiemmang.vn/danh-ba-tin-nhiem/thanhtrathuathienhuegovvn-1626434416
thanhtri.hoangmai.hanoi.gov.vn,"UBND phường Thanh Trì, quận Hoàng Mai, Hà Nội",11/12/2023,Chứng nhận cơ bản,https://tinnhiemmang.vn/danh-ba-tin-nhiem/thanhtrihoangmaihanoigovvn-1702272453
thanhtruc.thachthanh.thanhhoa.gov.vn,UBND xã Thành Trực tỉnh Thanh Hóa,29/05/2024,Chứng nhận cơ bản,https://tinnhiemmang.vn/danh-ba-tin-nhiem/thanhtructhachthanhthanhhoagovvn-1716969456
thanhtrung.vinhlong.gov.vn,UBND xã Thành Trung tỉnh Vĩnh Long,15/07/2021,Chứng nhận cơ bản,https://tinnhiemmang.vn/danh-ba-tin-nhiem/thanhtrungvinhlonggovvn-1626268266
thanhvan.chomoi.gov.vn,UBND huyện Chợ Mới tỉnh Bắc Kạn,10/04/2024,Chứng nhận cơ bản,https://tinnhiemmang.vn/danh-ba-tin-nhiem/thanhvanchomoigovvn-1712635500
thanhvan.thanhoai.hanoi.gov.vn,"UBND xã Thanh Văn, Thanh Oai, Hà Nội",11/12/2023,Chứng nhận cơ bản,https://tinnhiemmang.vn/danh-ba-tin-nhiem/thanhvanthanhoaihanoigovvn-1702273941
thanhvinh.thachthanh.thanhhoa.gov.vn,UBND xã Thành Vinh tỉnh Thanh Hóa,29/05/2024,Chứng nhận cơ bản,https://tinnhiemmang.vn/danh-ba-tin-nhiem/thanhvinhthachthanhthanhhoagovvn-1716968540
thanhxuan.nhuxuan.thanhhoa.gov.vn,UBND xã Thanh Xuân tỉnh Thanh Hóa,29/05/2024,Chứng nhận cơ bản,https://tinnhiemmang.vn/danh-ba-tin-nhiem/thanhxuannhuxuanthanhhoagovvn-1716965956
thanhxuanbac.thanhxuan.hanoi.gov.vn,Phường Thanh Xuân Bắc,10/05/2023,Chứng nhận cơ bản,https://tinnhiemmang.vn/danh-ba-tin-nhiem/thanhxuanbacthanhxuanhanoigovvn-1683629323
thanhxuannam.thanhxuan.hanoi.gov.vn,"Phường Thanh Xuân Nam, Quận Thanh Xuân, Thành phố Hà Nội",15/06/2021,Chứng nhận cơ bản,https://tinnhiemmang.vn/danh-ba-tin-nhiem/thanhxuannamthanhxuanhanoigovvn-1623639578
thanhxuantrung.thanhxuan.hanoi.gov.vn,"Phường Thanh Xuân Trung, Quận Thanh Xuân, Thành phố Hà Nội",15/06/2021,Chứng nhận cơ bản,https://tinnhiemmang.vn/danh-ba-tin-nhiem/thanhxuantrungthanhxuanhanoigovvn-1623639443
thanhyen.thachthanh.thanhhoa.gov.vn,UBND xã Thành Yên tỉnh Thanh Hóa,29/05/2024,Chứng nhận cơ bản,https://tinnhiemmang.vn/danh-ba-tin-nhiem/thanhyenthachthanhthanhhoagovvn-1716968499
thanuyen.laichau.gov.vn,"Ủy ban nhân dân huyện Than Uyên, tỉnh Lai Châu",01/03/2024,Chứng nhận cơ bản,https://tinnhiemmang.vn/danh-ba-tin-nhiem/thanuyenlaichaugovvn-1709266426
thbausen.vungtaubrvt.edu.vn,Trường Tiểu học Bàu Sen,10/10/2024,Chứng nhận cơ bản,https://tinnhiemmang.vn/danh-ba-tin-nhiem/thbausenvungtaubrvteduvn-1714037205
thbinhminh.vungtaubrvt.edu.vn,Trường Tiểu học Bình Minh,10/10/2024,Chứng nhận cơ bản,https://tinnhiemmang.vn/danh-ba-tin-nhiem/thbinhminhvungtaubrvteduvn-1714018735
thbuithixuan.vungtaubrvt.edu.vn,Trường Tiểu học Bùi Thị Xuân,10/10/2024,Chứng nhận cơ bản,https://tinnhiemmang.vn/danh-ba-tin-nhiem/thbuithixuanvungtaubrvteduvn-1714019720
thchilinh.vungtaubrvt.edu.vn,Trường Tiểu học Chí Linh,10/10/2024,Chứng nhận cơ bản,https://tinnhiemmang.vn/danh-ba-tin-nhiem/thchilinhvungtaubrvteduvn-1714020019
thcsbachdang.vungtaubrvt.edu.vn,Trường Trung học cơ sở Bạch Đằng,20/05/2024,Chứng nhận cơ bản,https://tinnhiemmang.vn/danh-ba-tin-nhiem/thcsbachdangvungtaubrvteduvn-1715160774
thcschauthanh.vungtaubrvt.edu.vn,Trường Trung học cơ sở Châu Thành,20/05/2024,Chứng nhận cơ bản,https://tinnhiemmang.vn/danh-ba-tin-nhiem/thcschauthanhvungtaubrvteduvn-1715419317
thcsduytan.vungtaubrvt.edu.vn,Trường Trung học cơ sở Duy Tân,20/05/2024,Chứng nhận cơ bản,https://tinnhiemmang.vn/danh-ba-tin-nhiem/thcsduytanvungtaubrvteduvn-1715420746
thcshuynhkhuongninh.vungtaubrvt.edu.vn,Trường Trung học cơ sở Huỳnh Khương Ninh,20/05/2024,Chứng nhận cơ bản,https://tinnhiemmang.vn/danh-ba-tin-nhiem/thcshuynhkhuongninhvungtaubrvteduvn-1715422706
thcsluongthevinh.vungtaubrvt.edu.vn,Trường Trung học cơ sở Lương Thế Vinh,20/05/2024,Chứng nhận cơ bản,https://tinnhiemmang.vn/danh-ba-tin-nhiem/thcsluongthevinhvungtaubrvteduvn-1715159408
thcsngosilien.vungtaubrvt.edu.vn,Trường Trung học cơ sở Ngô Sĩ Liên,20/05/2024,Chứng nhận cơ bản,https://tinnhiemmang.vn/danh-ba-tin-nhiem/thcsngosilienvungtaubrvteduvn-1715712062
thcsnguyenanninh.vungtaubrvt.edu.vn,Trường Trung học cơ sở Nguyễn An Ninh,20/05/2024,Chứng nhận cơ bản,https://tinnhiemmang.vn/danh-ba-tin-nhiem/thcsnguyenanninhvungtaubrvteduvn-1715422938
thcsnguyengiathieu.vungtaubrvt.edu.vn,Trường Trung học cơ sở Nguyễn Gia Thiều,20/05/2024,Chứng nhận cơ bản,https://tinnhiemmang.vn/danh-ba-tin-nhiem/thcsnguyengiathieuvungtaubrvteduvn-1715423797
thcsnguyenthaibinh.vungtaubrvt.edu.vn,Trường Trung học cơ sở Nguyễn Thái Bình,20/05/2024,Chứng nhận cơ bản,https://tinnhiemmang.vn/danh-ba-tin-nhiem/thcsnguyenthaibinhvungtaubrvteduvn-1715708349
thcsnguyenvanlinh.vungtaubrvt.edu.vn,Trường Trung học cơ sở Nguyễn Văn Linh,20/05/2024,Chứng nhận cơ bản,https://tinnhiemmang.vn/danh-ba-tin-nhiem/thcsnguyenvanlinhvungtaubrvteduvn-1715710962
thcsphuocthang.vungtaubrvt.edu.vn,Trường Trung học cơ sở Phước Thắng,20/05/2024,Chứng nhận cơ bản,https://tinnhiemmang.vn/danh-ba-tin-nhiem/thcsphuocthangvungtaubrvteduvn-1715713285
thcsthangnhat.vungtaubrvt.edu.vn,Trường Trung học cơ sở Thắng Nhất,20/05/2024,Chứng nhận cơ bản,https://tinnhiemmang.vn/danh-ba-tin-nhiem/thcsthangnhatvungtaubrvteduvn-1715715471
thcsthangnhi.vungtaubrvt.edu.vn,Trường Trung học cơ sở Thắng Nhì,20/05/2024,Chứng nhận cơ bản,https://tinnhiemmang.vn/danh-ba-tin-nhiem/thcsthangnhivungtaubrvteduvn-1715713508
thcstranphu.vungtaubrvt.edu.vn,Trường Trung học cơ sở Trần Phú,20/05/2024,Chứng nhận cơ bản,https://tinnhiemmang.vn/danh-ba-tin-nhiem/thcstranphuvungtaubrvteduvn-1715715672
thcsvotruongtoan.vungtaubrvt.edu.vn,Trường Trung học cơ sở Võ Trường Toản,20/05/2024,Chứng nhận cơ bản,https://tinnhiemmang.vn/danh-ba-tin-nhiem/thcsvotruongtoanvungtaubrvteduvn-1715718621
thcsvovankiet.vungtaubrvt.edu.vn,Trường Trung học cơ sở Võ Văn Kiệt,20/05/2024,Chứng nhận cơ bản,https://tinnhiemmang.vn/danh-ba-tin-nhiem/thcsvovankietvungtaubrvteduvn-1715718886
thcsvungtau.vungtaubrvt.edu.vn,Trường Trung học cơ sở Vũng Tàu,20/05/2024,Chứng nhận cơ bản,https://tinnhiemmang.vn/danh-ba-tin-nhiem/thcsvungtauvungtaubrvteduvn-1715159140
theduc.nguyenbinh.caobang.gov.vn,"UBND xã Thể Dục, huyện Nguyên Bình, Cao Bằng",25/12/2023,Chứng nhận cơ bản,https://tinnhiemmang.vn/danh-ba-tin-nhiem/theducnguyenbinhcaobanggovvn-1703427645
thhainam.vungtaubrvt.edu.vn,Trường Tiểu học Hải Nam,10/10/2024,Chứng nhận cơ bản,https://tinnhiemmang.vn/danh-ba-tin-nhiem/thhainamvungtaubrvteduvn-1714031765
thhalong.vungtaubrvt.edu.vn,Trường Tiểu học Hạ Long,10/10/2024,Chứng nhận cơ bản,https://tinnhiemmang.vn/danh-ba-tin-nhiem/thhalongvungtaubrvteduvn-1714022356
thienmy.vinhlong.gov.vn,UBND xã Thiện Mỹ tỉnh Vĩnh Long,15/07/2021,Chứng nhận cơ bản,https://tinnhiemmang.vn/danh-ba-tin-nhiem/thienmyvinhlonggovvn-1626268149
thienphu.quanhoa.thanhhoa.gov.vn,UBND xã Thiên Phủ tỉnh Thanh Hóa,03/07/2024,Chứng nhận cơ bản,https://tinnhiemmang.vn/danh-ba-tin-nhiem/thienphuquanhoathanhhoagovvn-1719992834
thietbiytegialinh.com,Công Ty TNHH In Ấn Kỹ Thuật Mới Tân Hoa Mai,08/11/2022,Chứng nhận cơ bản,https://tinnhiemmang.vn/danh-ba-tin-nhiem/thietbiytegialinhcom-1667882972
thietke.bathuoc.thanhhoa.gov.vn,"UBND Xã Thiết Kế, Huyện Bá Thước, tỉnh Thanh Hóa",21/08/2024,Chứng nhận cơ bản,https://tinnhiemmang.vn/danh-ba-tin-nhiem/thietkebathuocthanhhoagovvn-1724148763
thietong.bathuoc.thanhhoa.gov.vn,"UBND Xã Thiết Ống, Huyện Bá Thước, tỉnh Thanh Hóa",21/08/2024,Chứng nhận cơ bản,https://tinnhiemmang.vn/danh-ba-tin-nhiem/thietongbathuocthanhhoagovvn-1724149057
thieuchinh.thieuhoa.thanhhoa.gov.vn,UBND xã Thiệu Chính tỉnh Thanh Hóa,29/05/2024,Chứng nhận cơ bản,https://tinnhiemmang.vn/danh-ba-tin-nhiem/thieuchinhthieuhoathanhhoagovvn-1716970457
thieucong.thieuhoa.thanhhoa.gov.vn,UBND xã Thiệu Công tỉnh Thanh Hóa,29/05/2024,Chứng nhận cơ bản,https://tinnhiemmang.vn/danh-ba-tin-nhiem/thieucongthieuhoathanhhoagovvn-1716969790
thieuduong.tpthanhhoa.thanhhoa.gov.vn,"UBND Phường Thiệu Dương, Thành phố Thanh Hóa, tỉnh Thanh Hóa",26/09/2024,Chứng nhận cơ bản,https://tinnhiemmang.vn/danh-ba-tin-nhiem/thieuduongtpthanhhoathanhhoagovvn-1727319074
thieuduy.thieuhoa.thanhhoa.gov.vn,UBND xã Thiệu Duy tỉnh Thanh Hóa,29/05/2024,Chứng nhận cơ bản,https://tinnhiemmang.vn/danh-ba-tin-nhiem/thieuduythieuhoathanhhoagovvn-1716969905
thieugiang.thieuhoa.thanhhoa.gov.vn,UBND xã Thiệu Giang tỉnh Thanh Hóa,29/05/2024,Chứng nhận cơ bản,https://tinnhiemmang.vn/danh-ba-tin-nhiem/thieugiangthieuhoathanhhoagovvn-1716969950
thieugiao.thieuhoa.thanhhoa.gov.vn,UBND xã Thiệu Giao tỉnh Thanh Hóa,29/05/2024,Chứng nhận cơ bản,https://tinnhiemmang.vn/danh-ba-tin-nhiem/thieugiaothieuhoathanhhoagovvn-1716970176
thieuhoa.thieuhoa.thanhhoa.gov.vn,UBND xã Thiệu Hoà tỉnh Thanh Hóa,29/05/2024,Chứng nhận cơ bản,https://tinnhiemmang.vn/danh-ba-tin-nhiem/thieuhoathieuhoathanhhoagovvn-1716970496
thieuhop.thieuhoa.thanhhoa.gov.vn,UBND xã Thiệu Hợp tỉnh Thanh Hóa,29/05/2024,Chứng nhận cơ bản,https://tinnhiemmang.vn/danh-ba-tin-nhiem/thieuhopthieuhoathanhhoagovvn-1716970535
thieulong.thieuhoa.thanhhoa.gov.vn,UBND xã Thiệu Long tỉnh Thanh Hóa,29/05/2024,Chứng nhận cơ bản,https://tinnhiemmang.vn/danh-ba-tin-nhiem/thieulongthieuhoathanhhoagovvn-1716969865
thieuly.thieuhoa.thanhhoa.gov.vn,UBND xã Thiệu Lý tỉnh Thanh Hóa,29/05/2024,Chứng nhận cơ bản,https://tinnhiemmang.vn/danh-ba-tin-nhiem/thieulythieuhoathanhhoagovvn-1716970333
thieungoc.thieuhoa.thanhhoa.gov.vn,UBND xã Thiệu Ngọc tỉnh Thanh Hóa,29/05/2024,Chứng nhận cơ bản,https://tinnhiemmang.vn/danh-ba-tin-nhiem/thieungocthieuhoathanhhoagovvn-1716969619
thieunguyen.thieuhoa.thanhhoa.gov.vn,UBND xã Thiệu Nguyên tỉnh Thanh Hóa,29/05/2024,Chứng nhận cơ bản,https://tinnhiemmang.vn/danh-ba-tin-nhiem/thieunguyenthieuhoathanhhoagovvn-1716970138
thieuphuc.thieuhoa.thanhhoa.gov.vn,UBND xã Thiệu Phúc tỉnh Thanh Hóa,29/05/2024,Chứng nhận cơ bản,https://tinnhiemmang.vn/danh-ba-tin-nhiem/thieuphucthieuhoathanhhoagovvn-1716969828
thieuquang.thieuhoa.thanhhoa.gov.vn,UBND xã Thiệu Quang tỉnh Thanh Hóa,29/05/2024,Chứng nhận cơ bản,https://tinnhiemmang.vn/danh-ba-tin-nhiem/thieuquangthieuhoathanhhoagovvn-1716969987
thieuthanh.thieuhoa.thanhhoa.gov.vn,UBND xã Thiệu Thành tỉnh Thanh Hóa,29/05/2024,Chứng nhận cơ bản,https://tinnhiemmang.vn/danh-ba-tin-nhiem/thieuthanhthieuhoathanhhoagovvn-1716969744
thieuthinh.thieuhoa.thanhhoa.gov.vn,UBND xã Thiệu Thịnh tỉnh Thanh Hóa,29/05/2024,Chứng nhận cơ bản,https://tinnhiemmang.vn/danh-ba-tin-nhiem/thieuthinhthieuhoathanhhoagovvn-1716970060
thieutien.thieuhoa.thanhhoa.gov.vn,UBND xã Thiệu Tiến tỉnh Thanh Hóa,29/05/2024,Chứng nhận cơ bản,https://tinnhiemmang.vn/danh-ba-tin-nhiem/thieutienthieuhoathanhhoagovvn-1716969706
thieutoan.thieuhoa.thanhhoa.gov.vn,UBND xã Thiệu Toán tỉnh Thanh Hóa,29/05/2024,Chứng nhận cơ bản,https://tinnhiemmang.vn/danh-ba-tin-nhiem/thieutoanthieuhoathanhhoagovvn-1716970416
thieutrung.thieuhoa.thanhhoa.gov.vn,UBND xã Thiệu Trung tỉnh Thanh Hóa,29/05/2024,Chứng nhận cơ bản,https://tinnhiemmang.vn/danh-ba-tin-nhiem/thieutrungthieuhoathanhhoagovvn-1716970251
thieuvan.thieuhoa.thanhhoa.gov.vn,UBND xã Thiệu Vận tỉnh Thanh Hóa,29/05/2024,Chứng nhận cơ bản,https://tinnhiemmang.vn/danh-ba-tin-nhiem/thieuvanthieuhoathanhhoagovvn-1716970297
thieuvien.thieuhoa.thanhhoa.gov.vn,UBND xã Thiệu Viên tỉnh Thanh Hóa,29/05/2024,Chứng nhận cơ bản,https://tinnhiemmang.vn/danh-ba-tin-nhiem/thieuvienthieuhoathanhhoagovvn-1716970376
thieuvu.thieuhoa.thanhhoa.gov.vn,UBND xã Thiệu Vũ tỉnh Thanh Hóa,29/05/2024,Chứng nhận cơ bản,https://tinnhiemmang.vn/danh-ba-tin-nhiem/thieuvuthieuhoathanhhoagovvn-1716969661
thihoa.halang.caobang.gov.vn,"UBND xã Thị Hoa, huyện Hạ Lang, Cao Bằng",25/12/2023,Chứng nhận cơ bản,https://tinnhiemmang.vn/danh-ba-tin-nhiem/thihoahalangcaobanggovvn-1703474863
thinhliet.hoangmai.hanoi.gov.vn,"UBND phường Thịnh Liệt, quận Hoàng Mai, Hà Nội",11/12/2023,Chứng nhận cơ bản,https://tinnhiemmang.vn/danh-ba-tin-nhiem/thinhliethoangmaihanoigovvn-1702271904
thinhquang.dongda.hanoi.gov.vn,"Phường Thịnh Quang,  Quận Đống Đa,  Thành phố Hà Nội",15/06/2021,Chứng nhận cơ bản,https://tinnhiemmang.vn/danh-ba-tin-nhiem/thinhquangdongdahanoigovvn-1623563418
thinhvuong.nguyenbinh.caobang.gov.vn,"UBND xã Thịnh Vượng, huyện Nguyên Bình, Cao Bằng",25/12/2023,Chứng nhận cơ bản,https://tinnhiemmang.vn/danh-ba-tin-nhiem/thinhvuongnguyenbinhcaobanggovvn-1703427693
thionline.danguykhoibinhthuan.vn,Đảng ủy Khối cơ quan và doanh  nghiệp tỉnh Bình Thuận,02/01/2024,Chứng nhận cơ bản,https://tinnhiemmang.vn/danh-ba-tin-nhiem/thionlinedanguykhoibinhthuanvn-1703814613
thitran.baolac.caobang.gov.vn,"UBND thị trấn Bảo Lạc, huyện Bảo Lạc, Cao Bằng",25/12/2023,Chứng nhận cơ bản,https://tinnhiemmang.vn/danh-ba-tin-nhiem/thitranbaolaccaobanggovvn-1703475415
thitran.donganh.hanoi.gov.vn,"UBND Thị trấn Đông Anh, Hà Nội",20/06/2024,Chứng nhận cơ bản,https://tinnhiemmang.vn/danh-ba-tin-nhiem/thitrandonganhhanoigovvn-1718869483
thitran.dongson.thanhhoa.gov.vn,UBND thị trấn Rừng Thông tỉnh Thanh Hóa,29/05/2024,Chứng nhận cơ bản,https://tinnhiemmang.vn/danh-ba-tin-nhiem/thitrandongsonthanhhoagovvn-1716966453
thitran.hatrung.thanhhoa.gov.vn,UBND thị trấn Hà Trung tỉnh Thanh Hóa,29/05/2024,Chứng nhận cơ bản,https://tinnhiemmang.vn/danh-ba-tin-nhiem/thitranhatrungthanhhoagovvn-1716891185
thitran.khanhvinh.khanhhoa.gov.vn,UBND thị trấn Khánh Vĩnh tỉnh Khánh Hòa,14/07/2022,Chứng nhận cơ bản,https://tinnhiemmang.vn/danh-ba-tin-nhiem/thitrankhanhvinhkhanhhoagovvn-1626064502
thitran.langchanh.thanhhoa.gov.vn,UBND thị trấn Lang Chánh tỉnh Thanh Hóa,10/04/2024,Chứng nhận cơ bản,https://tinnhiemmang.vn/danh-ba-tin-nhiem/thitranlangchanhthanhhoagovvn-1712732729
thitran.muonglat.thanhhoa.gov.vn,"UBND thị trấn Mường Lát, tỉnh Thanh Hóa",17/01/2024,Chứng nhận cơ bản,https://tinnhiemmang.vn/danh-ba-tin-nhiem/thitranmuonglatthanhhoagovvn-1705457451
thitran.ngason.thanhhoa.gov.vn,UBND thị trấn Nga Sơn tỉnh Thanh Hóa,29/05/2024,Chứng nhận cơ bản,https://tinnhiemmang.vn/danh-ba-tin-nhiem/thitranngasonthanhhoagovvn-1716965335
thitran.ngoclac.thanhhoa.gov.vn,UBND thị trấn Ngọc Lặc tỉnh Thanh Hóa,29/05/2024,Chứng nhận cơ bản,https://tinnhiemmang.vn/danh-ba-tin-nhiem/thitranngoclacthanhhoagovvn-1716890991
thitran.nongcong.thanhhoa.gov.vn,"UBND thị trấn Nông Cống Huyện Nông Cống, Tỉnh Thanh Hóa",13/08/2024,Chứng nhận cơ bản,https://tinnhiemmang.vn/danh-ba-tin-nhiem/thitrannongcongthanhhoagovvn-1723532196
thitran.quanhoa.thanhhoa.gov.vn,UBND thị trấn Hồi Xuân tỉnh Thanh Hóa,03/07/2024,Chứng nhận cơ bản,https://tinnhiemmang.vn/danh-ba-tin-nhiem/thitranquanhoathanhhoagovvn-1719992966
thitran.quanson.thanhhoa.gov.vn,"UBND thị trấn Sơn Lư, tỉnh Thanh Hóa",17/01/2024,Chứng nhận cơ bản,https://tinnhiemmang.vn/danh-ba-tin-nhiem/thitranquansonthanhhoagovvn-1705458097
thitran.thieuhoa.thanhhoa.gov.vn,UBND thị trấn Thiệu Hoá tỉnh Thanh Hóa,29/05/2024,Chứng nhận cơ bản,https://tinnhiemmang.vn/danh-ba-tin-nhiem/thitranthieuhoathanhhoagovvn-1716970215
thitran.thuongxuan.thanhhoa.gov.vn,Ủy ban nhân dân Thị trấn Thường Xuân,02/05/2024,Chứng nhận cơ bản,https://tinnhiemmang.vn/danh-ba-tin-nhiem/thitranthuongxuanthanhhoagovvn-1714105937
thitran.trieuson.thanhhoa.gov.vn,"UBND Thị trấn Triệu Sơn, tỉnh Thanh Hóa",17/01/2024,Chứng nhận cơ bản,https://tinnhiemmang.vn/danh-ba-tin-nhiem/thitrantrieusonthanhhoagovvn-1705458655
thitran.trungkhanh.caobang.gov.vn,"UBND Thị trấn Trùng Khánh, huyện Trùng Khánh, Cao Bằng",25/12/2023,Chứng nhận cơ bản,https://tinnhiemmang.vn/danh-ba-tin-nhiem/thitrantrungkhanhcaobanggovvn-1703473698
thitran.vinhloc.thanhhoa.gov.vn,UBND thị trấn Vĩnh Lộc tỉnh Thanh Hóa,29/05/2024,Chứng nhận cơ bản,https://tinnhiemmang.vn/danh-ba-tin-nhiem/thitranvinhlocthanhhoagovvn-1716892737
thitranaluoi.thuathienhue.gov.vn,UBND Thị trấn A Lưới tỉnh Thừa Thiên Huế,15/07/2021,Chứng nhận cơ bản,https://tinnhiemmang.vn/danh-ba-tin-nhiem/thitranaluoithuathienhuegovvn-1626319983
thitranbato.bato.quangngai.gov.vn,"UBND Thị trấn Ba Tơ, Quảng Ngãi",02/01/2024,Chứng nhận cơ bản,https://tinnhiemmang.vn/danh-ba-tin-nhiem/thitranbatobatoquangngaigovvn-1703834412
thitrancanhnang.bathuoc.thanhhoa.gov.vn,"UBND Thị trấn Cành Nàng, Huyện Bá Thước, tỉnh Thanh Hóa",21/08/2024,Chứng nhận cơ bản,https://tinnhiemmang.vn/danh-ba-tin-nhiem/thitrancanhnangbathuocthanhhoagovvn-1724148731
thitrandateh.dateh.lamdong.gov.vn,UBND thị trấn Đạ Tẻh,28/11/2023,Chứng nhận cơ bản,https://tinnhiemmang.vn/danh-ba-tin-nhiem/thitrandatehdatehlamdonggovvn-1701073369
thitrandienkhanh.dienkhanh.khanhhoa.gov.vn,UBND thị trấn Diên Khánh tỉnh Khánh Hòa,14/07/2022,Chứng nhận cơ bản,https://tinnhiemmang.vn/danh-ba-tin-nhiem/thitrandienkhanhdienkhanhkhanhhoagovvn-1626061393
thitrandilang.sonha.quangngai.gov.vn,"UBND Thị trấn Di Lăng, Quảng Ngãi",02/01/2024,Chứng nhận cơ bản,https://tinnhiemmang.vn/danh-ba-tin-nhiem/thitrandilangsonhaquangngaigovvn-1703840418
thitranlaha.quangngai.gov.vn,Ủy ban Nhân dân Thị trấn La Hà,03/11/2023,Chứng nhận cơ bản,https://tinnhiemmang.vn/danh-ba-tin-nhiem/thitranlahaquangngaigovvn-1698977670
thitranlaha.tunghia.quangngai.gov.vn,"UBND Thị trấn La Hà, Quảng Ngãi",02/01/2024,Chứng nhận cơ bản,https://tinnhiemmang.vn/danh-ba-tin-nhiem/thitranlahatunghiaquangngaigovvn-1703837256
thitranlongho.vinhlong.gov.vn,UBND Thị trấn Long Hồ tỉnh Vĩnh Long,14/07/2021,Chứng nhận cơ bản,https://tinnhiemmang.vn/danh-ba-tin-nhiem/thitranlonghovinhlonggovvn-1625917925
thitranmoduc.moduc.quangngai.gov.vn,"UBND Thị trấn Mộ Đức, Quảng Ngãi",02/01/2024,Chứng nhận cơ bản,https://tinnhiemmang.vn/danh-ba-tin-nhiem/thitranmoducmoducquangngaigovvn-1703835758
thitrannua.trieuson.thanhhoa.gov.vn,"UBND Thị trấn Nưa, tỉnh Thanh Hóa",17/01/2024,Chứng nhận cơ bản,https://tinnhiemmang.vn/danh-ba-tin-nhiem/thitrannuatrieusonthanhhoagovvn-1705459781
thitranphongson.camthuy.thanhhoa.gov.vn,"UBND Thị trấn Phong Sơn, tỉnh Thanh Hóa",17/01/2024,Chứng nhận cơ bản,https://tinnhiemmang.vn/danh-ba-tin-nhiem/thitranphongsoncamthuythanhhoagovvn-1705457183
thitranphung.danphuong.hanoi.gov.vn,"UBND thị trấn Phùng Đan Phượng, Hà Nội",10/05/2023,Chứng nhận cơ bản,https://tinnhiemmang.vn/danh-ba-tin-nhiem/thitranphungdanphuonghanoigovvn-1683622525
thitransongve.tunghia.quangngai.gov.vn,"UBND Thị trấn Sông Vệ, Quảng Ngãi",02/01/2024,Chứng nhận cơ bản,https://tinnhiemmang.vn/danh-ba-tin-nhiem/thitransongvetunghiaquangngaigovvn-1703837322
thitrantambinh.vinhlong.gov.vn,UBND Thị trấn Tam Bình tỉnh Vĩnh Long,15/07/2021,Chứng nhận cơ bản,https://tinnhiemmang.vn/danh-ba-tin-nhiem/thitrantambinhvinhlonggovvn-1626267782
thitrantanphong.quangxuong.thanhhoa.gov.vn,"UBND Thị trấn Tân Phong Huyện Quảng Xương, Tỉnh Thanh Hóa",13/08/2024,Chứng nhận cơ bản,https://tinnhiemmang.vn/danh-ba-tin-nhiem/thitrantanphongquangxuongthanhhoagovvn-1723523001
thitrantraon.vinhlong.gov.vn,UBND Thị trấn Trà Ôn tỉnh Vĩnh Long,15/07/2021,Chứng nhận cơ bản,https://tinnhiemmang.vn/danh-ba-tin-nhiem/thitrantraonvinhlonggovvn-1626268049
thitrantraxuan.trabong.quangngai.gov.vn,Uỷ ban nhân dân thị trấn Trà Xuân,07/11/2024,Chứng nhận cơ bản,https://tinnhiemmang.vn/danh-ba-tin-nhiem/thitrantraxuantrabongquangngaigovvn-1730378875
thitranvungliem.vinhlong.gov.vn,UBND thị trấn Vũng Liêm tỉnh Vĩnh Long,15/07/2021,Chứng nhận cơ bản,https://tinnhiemmang.vn/danh-ba-tin-nhiem/thitranvungliemvinhlonggovvn-1626267417
thleloi.vungtaubrvt.edu.vn,Trường Tiểu học Lê Lợi,10/10/2024,Chứng nhận cơ bản,https://tinnhiemmang.vn/danh-ba-tin-nhiem/thleloivungtaubrvteduvn-1714032893
thlongson1.vungtaubrvt.edu.vn,Trường Tiểu học Long Sơn 1,10/10/2024,Chứng nhận cơ bản,https://tinnhiemmang.vn/danh-ba-tin-nhiem/thlongson1vungtaubrvteduvn-1714037503
thlongson2.vungtaubrvt.edu.vn,Trường Tiểu học Long Sơn 2,10/10/2024,Chứng nhận cơ bản,https://tinnhiemmang.vn/danh-ba-tin-nhiem/thlongson2vungtaubrvteduvn-1714037482
thluuchihieu.vungtaubrvt.edu.vn,Trường Tiểu học Lưu Chí Hiếu,10/10/2024,Chứng nhận cơ bản,https://tinnhiemmang.vn/danh-ba-tin-nhiem/thluuchihieuvungtaubrvteduvn-1714018241
thlytutrong.vungtaubrvt.edu.vn,"Trường Tiểu học Lý Tự trọng, TP. Vũng Tàu, Tỉnh BRVT",17/10/2024,Chứng nhận cơ bản,https://tinnhiemmang.vn/danh-ba-tin-nhiem/thlytutrongvungtaubrvteduvn-1728884108
thnguyenhuucanh.vungtaubrvt.edu.vn,Trường Tiểu học Nguyễn Hữu Cảnh,10/10/2024,Chứng nhận cơ bản,https://tinnhiemmang.vn/danh-ba-tin-nhiem/thnguyenhuucanhvungtaubrvteduvn-1714037770
thnguyenthaihoc.vungtaubrvt.edu.vn,Trường Tiểu học Nguyễn Thái Học,10/10/2024,Chứng nhận cơ bản,https://tinnhiemmang.vn/danh-ba-tin-nhiem/thnguyenthaihocvungtaubrvteduvn-1714034420
thnguyenvietxuan.vungtaubrvt.edu.vn,Trường Tiểu học Nguyễn Viết Xuân,10/10/2024,Chứng nhận cơ bản,https://tinnhiemmang.vn/danh-ba-tin-nhiem/thnguyenvietxuanvungtaubrvteduvn-1714034615
thoaigiang.thoaison.angiang.gov.vn,UBND Xã Thoại Giang tỉnh An Giang,09/11/2023,Chứng nhận cơ bản,https://tinnhiemmang.vn/danh-ba-tin-nhiem/thoaigiangthoaisonangianggovvn-1699411227
thoan.danphuong.hanoi.gov.vn,"UBND xã Thọ An huyện Đan Phượng, Hà Nội",10/05/2023,Chứng nhận cơ bản,https://tinnhiemmang.vn/danh-ba-tin-nhiem/thoandanphuonghanoigovvn-1683627249
thobinh.trieuson.thanhhoa.gov.vn,"UBND Xã Thọ Bình, tỉnh Thanh Hóa",17/01/2024,Chứng nhận cơ bản,https://tinnhiemmang.vn/danh-ba-tin-nhiem/thobinhtrieusonthanhhoagovvn-1705459976
thocuong.trieuson.thanhhoa.gov.vn,"UBND Xã Thọ Cường, tỉnh Thanh Hóa",17/01/2024,Chứng nhận cơ bản,https://tinnhiemmang.vn/danh-ba-tin-nhiem/thocuongtrieusonthanhhoagovvn-1705460027
thodan.trieuson.thanhhoa.gov.vn,"UBND Xã Thọ Dân, tỉnh Thanh Hóa",17/01/2024,Chứng nhận cơ bản,https://tinnhiemmang.vn/danh-ba-tin-nhiem/thodantrieusonthanhhoagovvn-1705460080
thodien.thoxuan.thanhhoa.gov.vn,UBND xã Thọ Diên tỉnh Thanh Hóa,10/04/2024,Chứng nhận cơ bản,https://tinnhiemmang.vn/danh-ba-tin-nhiem/thodienthoxuanthanhhoagovvn-1712735205
thohai.thoxuan.thanhhoa.gov.vn,UBND xã Thọ Hải tỉnh Thanh Hóa,10/04/2024,Chứng nhận cơ bản,https://tinnhiemmang.vn/danh-ba-tin-nhiem/thohaithoxuanthanhhoagovvn-1712737065
thoihoa.vinhlong.gov.vn,UBND xã Thới Hòa tỉnh Vĩnh Long,15/07/2021,Chứng nhận cơ bản,https://tinnhiemmang.vn/danh-ba-tin-nhiem/thoihoavinhlonggovvn-1626268082
thoison.tinhbien.angiang.gov.vn,UBND Phường Thới Sơn tỉnh An Giang,09/11/2023,Chứng nhận cơ bản,https://tinnhiemmang.vn/danh-ba-tin-nhiem/thoisontinhbienangianggovvn-1699373147
tholam.thoxuan.thanhhoa.gov.vn,UBND xã Thọ Lâm tỉnh Thanh Hóa,10/04/2024,Chứng nhận cơ bản,https://tinnhiemmang.vn/danh-ba-tin-nhiem/tholamthoxuanthanhhoagovvn-1712734276
tholap.thoxuan.thanhhoa.gov.vn,UBND xã Thọ Lập tỉnh Thanh Hóa,10/04/2024,Chứng nhận cơ bản,https://tinnhiemmang.vn/danh-ba-tin-nhiem/tholapthoxuanthanhhoagovvn-1712736377
tholoc.thoxuan.thanhhoa.gov.vn,UBND xã Thọ Lộc tỉnh Thanh Hóa,10/04/2024,Chứng nhận cơ bản,https://tinnhiemmang.vn/danh-ba-tin-nhiem/tholocthoxuanthanhhoagovvn-1712737107
thongkedienbien.gov.vn,Cục Thống kê Điện Biên,11/10/2024,Chứng nhận cơ bản,https://tinnhiemmang.vn/danh-ba-tin-nhiem/thongkedienbiengovvn-1728550340
thongkehd.gov.vn,Cục thống kê tỉnh Hải Dương,07/10/2024,Chứng nhận cơ bản,https://tinnhiemmang.vn/danh-ba-tin-nhiem/thongkehdgovvn-1728268407
thongnhat.halang.caobang.gov.vn,"UBND xã Thống Nhất, huyện Hạ Lang, Cao Bằng",25/12/2023,Chứng nhận cơ bản,https://tinnhiemmang.vn/danh-ba-tin-nhiem/thongnhathalangcaobanggovvn-1703474996
thongnhat.yendinh.thanhhoa.gov.vn,"UBND Thị trấn Thống Nhất, Huyện Yên Định, tỉnh Thanh Hóa",25/10/2024,Chứng nhận cơ bản,https://tinnhiemmang.vn/danh-ba-tin-nhiem/thongnhatyendinhthanhhoagovvn-1729824509
thongnong.haquang.caobang.gov.vn,"UBND thị trấn Thông Nông, huyện Hà Quảng, Cao Bằng",25/12/2023,Chứng nhận cơ bản,https://tinnhiemmang.vn/danh-ba-tin-nhiem/thongnonghaquangcaobanggovvn-1703219330
thongoc.trieuson.thanhhoa.gov.vn,"UBND Xã Thọ Ngọc, tỉnh Thanh Hóa",17/01/2024,Chứng nhận cơ bản,https://tinnhiemmang.vn/danh-ba-tin-nhiem/thongoctrieusonthanhhoagovvn-1705460195
thongtindoanhnghiep.thuathienhue.gov.vn,Sở Kế hoạch và Đầu tư tỉnh Thừa Thiên Huế,14/07/2021,Chứng nhận cơ bản,https://tinnhiemmang.vn/danh-ba-tin-nhiem/thongtindoanhnghiepthuathienhuegovvn-1626246707
thophu.trieuson.thanhhoa.gov.vn,"UBND Xã Thọ Phú, tỉnh Thanh Hóa",17/01/2024,Chứng nhận cơ bản,https://tinnhiemmang.vn/danh-ba-tin-nhiem/thophutrieusonthanhhoagovvn-1705460245
thoquan.dongda.hanoi.gov.vn,"Phường Thổ Quan, Quận Đống Đa, Thành phố Hà Nội",15/06/2021,Chứng nhận cơ bản,https://tinnhiemmang.vn/danh-ba-tin-nhiem/thoquandongdahanoigovvn-1623563845
thoquang.danang.gov.vn,"UBND phường Thọ Quang, Đà Nẵng",25/11/2021,Chứng nhận cơ bản,https://tinnhiemmang.vn/danh-ba-tin-nhiem/thoquangdananggovvn-1637766847
thoson.trieuson.thanhhoa.gov.vn,"UBND Xã Thọ Sơn, tỉnh Thanh Hóa",17/01/2024,Chứng nhận cơ bản,https://tinnhiemmang.vn/danh-ba-tin-nhiem/thosontrieusonthanhhoagovvn-1705460296
thotan.trieuson.thanhhoa.gov.vn,"UBND Xã Thọ Tân, tỉnh Thanh Hóa",17/01/2024,Chứng nhận cơ bản,https://tinnhiemmang.vn/danh-ba-tin-nhiem/thotantrieusonthanhhoagovvn-1705460659
thothanh.thuongxuan.thanhhoa.gov.vn,Ủy ban nhân dân xã Thọ Thanh,06/03/2024,Chứng nhận cơ bản,https://tinnhiemmang.vn/danh-ba-tin-nhiem/thothanhthuongxuanthanhhoagovvn-1709626600
thothe.trieuson.thanhhoa.gov.vn,"UBND Xã Thọ Thế, tỉnh Thanh Hóa",17/01/2024,Chứng nhận cơ bản,https://tinnhiemmang.vn/danh-ba-tin-nhiem/thothetrieusonthanhhoagovvn-1705460346
thotien.trieuson.thanhhoa.gov.vn,"UBND Xã Thọ Tiến, tỉnh Thanh Hóa",17/01/2024,Chứng nhận cơ bản,https://tinnhiemmang.vn/danh-ba-tin-nhiem/thotientrieusonthanhhoagovvn-1705460388
thovuc.trieuson.thanhhoa.gov.vn,"UBND Xã Thọ Vực, tỉnh Thanh Hóa",17/01/2024,Chứng nhận cơ bản,https://tinnhiemmang.vn/danh-ba-tin-nhiem/thovuctrieusonthanhhoagovvn-1705460437
thoxuan.danphuong.hanoi.gov.vn,"UBND xã Thọ Xuân huyện Đan Phượng, Hà Nội",10/05/2023,Chứng nhận cơ bản,https://tinnhiemmang.vn/danh-ba-tin-nhiem/thoxuandanphuonghanoigovvn-1683625664
thoxuong.thoxuan.thanhhoa.gov.vn,UBND xã Thọ Xương tỉnh Thanh Hóa,10/04/2024,Chứng nhận cơ bản,https://tinnhiemmang.vn/danh-ba-tin-nhiem/thoxuongthoxuanthanhhoagovvn-1712736763
thphuocan.vungtaubrvt.edu.vn,Trường Tiểu học Phước An,10/10/2024,Chứng nhận cơ bản,https://tinnhiemmang.vn/danh-ba-tin-nhiem/thphuocanvungtaubrvteduvn-1714037734
thphuocthang.vungtaubrvt.edu.vn,Trường Tiểu học Phước Thắng,10/10/2024,Chứng nhận cơ bản,https://tinnhiemmang.vn/danh-ba-tin-nhiem/thphuocthangvungtaubrvteduvn-1714035001
thpt-hungvuong-binhdinh.edu.vn,"Trường THPT Hùng Vương, tỉnh Bình Định",10/08/2023,Chứng nhận cơ bản,https://tinnhiemmang.vn/danh-ba-tin-nhiem/thpt-hungvuong-binhdinheduvn-1691576868
thpt-ntt-binhdinh.edu.vn,"Trường THPT  Nguyễn Trung Trực, tỉnh Bình Định",10/08/2023,Chứng nhận cơ bản,https://tinnhiemmang.vn/danh-ba-tin-nhiem/thpt-ntt-binhdinheduvn-1691577198
thpt-vogiu-binhdinh.edu.vn,Trường THPT Võ Giữ tỉnh Bình Định,07/06/2023,Chứng nhận cơ bản,https://tinnhiemmang.vn/danh-ba-tin-nhiem/thpt-vogiu-binhdinheduvn-1686126894
thptchuyenchuvanan-binhdinh.edu.vn,Trường THPT chuyên Chu Văn An tỉnh Bình Định,07/06/2023,Chứng nhận cơ bản,https://tinnhiemmang.vn/danh-ba-tin-nhiem/thptchuyenchuvanan-binhdinheduvn-1686124014
thpthoabinh-binhdinh.edu.vn,"Trường THPT Hòa Bình, tỉnh Bình Định",10/08/2023,Chứng nhận cơ bản,https://tinnhiemmang.vn/danh-ba-tin-nhiem/thpthoabinh-binhdinheduvn-1691576786
thptnguyenbinhkhiem-binhdinh.edu.vn,Trường THPT Nguyễn Bỉnh Khiêm tỉnh Bình Định,07/06/2023,Chứng nhận cơ bản,https://tinnhiemmang.vn/danh-ba-tin-nhiem/thptnguyenbinhkhiem-binhdinheduvn-1686124277
thptphucat3-binhdinh.edu.vn,Trường THPT Số 3 Phù Cát tỉnh Bình Định,07/06/2023,Chứng nhận cơ bản,https://tinnhiemmang.vn/danh-ba-tin-nhiem/thptphucat3-binhdinheduvn-1686127150
thptquangtrung.edu.vn,"Trường THPT Quang Trung, tỉnh Bình Định",10/08/2023,Chứng nhận cơ bản,https://tinnhiemmang.vn/danh-ba-tin-nhiem/thptquangtrungeduvn-1691577036
thptso1phumy-binhdinh.edu.vn,Trường THPT số 1 Phù Mỹ tỉnh Bình Định,07/06/2023,Chứng nhận cơ bản,https://tinnhiemmang.vn/danh-ba-tin-nhiem/thptso1phumy-binhdinheduvn-1686124349
thptso2tuyphuoc.edu.vn,Trường THPT số 2 Tuy Phước tỉnh Bình Định,07/06/2023,Chứng nhận cơ bản,https://tinnhiemmang.vn/danh-ba-tin-nhiem/thptso2tuyphuoceduvn-1686126689
thpttayson-binhdinh.edu.vn,"Trường THPT Tây Sơn, tỉnh Bình Định",10/08/2023,Chứng nhận cơ bản,https://tinnhiemmang.vn/danh-ba-tin-nhiem/thpttayson-binhdinheduvn-1691577653
thptvolaibinhdinh.edu.vn,"Trường THPT Võ Lai, tỉnh Bình Định",10/08/2023,Chứng nhận cơ bản,https://tinnhiemmang.vn/danh-ba-tin-nhiem/thptvolaibinhdinheduvn-1691577553
ththangnhat.vungtaubrvt.edu.vn,Trường Tiểu học Thắng Nhất,10/10/2024,Chứng nhận cơ bản,https://tinnhiemmang.vn/danh-ba-tin-nhiem/ththangnhatvungtaubrvteduvn-1714036508
ththangnhi.vungtaubrvt.edu.vn,Trường Tiểu học Thắng Nhì,10/10/2024,Chứng nhận cơ bản,https://tinnhiemmang.vn/danh-ba-tin-nhiem/ththangnhivungtaubrvteduvn-1714035299
ththangtam.vungtaubrvt.edu.vn,Trường Tiểu học Thắng Tam,10/10/2024,Chứng nhận cơ bản,https://tinnhiemmang.vn/danh-ba-tin-nhiem/ththangtamvungtaubrvteduvn-1714035704
thtrungvuong.vungtaubrvt.edu.vn,"Trường Tiểu học Trưng Vương, Bà Rịa - Vũng Tàu",10/10/2024,Chứng nhận cơ bản,https://tinnhiemmang.vn/danh-ba-tin-nhiem/thtrungvuongvungtaubrvteduvn-1714035946
thtruongcongdinh.vungtaubrvt.edu.vn,Trường Tiểu học Trương Công Định,10/10/2024,Chứng nhận cơ bản,https://tinnhiemmang.vn/danh-ba-tin-nhiem/thtruongcongdinhvungtaubrvteduvn-1714036421
thuanan.thuathienhue.gov.vn,UBND Thị trấn Thuận An tỉnh Thừa Thiên Huế,15/07/2021,Chứng nhận cơ bản,https://tinnhiemmang.vn/danh-ba-tin-nhiem/thuananthuathienhuegovvn-1626320055
thuanan.vinhlong.gov.vn,UBND xã Thuận An tỉnh Vĩnh Long,14/07/2021,Chứng nhận cơ bản,https://tinnhiemmang.vn/danh-ba-tin-nhiem/thuananvinhlonggovvn-1625917849
thuanhoa.thuathienhue.gov.vn,UBND phường Thuận Hòa tỉnh Thừa Thiên Huế,15/07/2021,Chứng nhận cơ bản,https://tinnhiemmang.vn/danh-ba-tin-nhiem/thuanhoathuathienhuegovvn-1626320122
thuanloc.hauloc.thanhhoa.gov.vn,"UBND xã Thuần Lộc, Huyện Hậu Lộc, tỉnh Thanh Hóa",21/08/2024,Chứng nhận cơ bản,https://tinnhiemmang.vn/danh-ba-tin-nhiem/thuanlochaulocthanhhoagovvn-1724210484
thuanloc.thuathienhue.gov.vn,UBND phường Thuận Lộc tỉnh Thừa Thiên Huế,15/07/2021,Chứng nhận cơ bản,https://tinnhiemmang.vn/danh-ba-tin-nhiem/thuanlocthuathienhuegovvn-1626320183
thuanminh.thoxuan.thanhhoa.gov.vn,UBND xã Thuận Minh tỉnh Thanh Hóa,10/04/2024,Chứng nhận cơ bản,https://tinnhiemmang.vn/danh-ba-tin-nhiem/thuanminhthoxuanthanhhoagovvn-1712734408
thuanphuoc.danang.gov.vn,"UBND phường Thuận Phước, Đà Nẵng",25/11/2021,Chứng nhận cơ bản,https://tinnhiemmang.vn/danh-ba-tin-nhiem/thuanphuocdananggovvn-1637766629
thuanthanh.thuathienhue.gov.vn,UBND phường Thuận Thành tỉnh Thừa Thiên Huế,15/07/2021,Chứng nhận cơ bản,https://tinnhiemmang.vn/danh-ba-tin-nhiem/thuanthanhthuathienhuegovvn-1626320255
thuanthoi.vinhlong.gov.vn,UBND xã Thuận Thới tỉnh Vĩnh Long,15/07/2021,Chứng nhận cơ bản,https://tinnhiemmang.vn/danh-ba-tin-nhiem/thuanthoivinhlonggovvn-1626268129
thuathienhue.gov.vn,UBND tỉnh Thừa Thiên Huế,02/06/2023,Chứng nhận cơ bản,https://tinnhiemmang.vn/danh-ba-tin-nhiem/thuathienhuegovvn-1685688906
thuathienhuetax.gov.vn,Cục Thuế tỉnh Thừa Thiên Huế,30/09/2023,Chứng nhận cơ bản,https://tinnhiemmang.vn/danh-ba-tin-nhiem/thuathienhuetaxgovvn-1695959378
thudoxanhsachdep.hanoi.gov.vn,Sở Thông tin và Truyền thông Hà Nội,12/06/2021,Chứng nhận cơ bản,https://tinnhiemmang.vn/danh-ba-tin-nhiem/thudoxanhsachdephanoigovvn-1623407424
thuongbinhthuanthanh.bacninh.gov.vn,"Trung Tâm Điều Dưỡng Thương Binh Thuận Thành, Bắc Ninh",30/11/2021,Chứng nhận cơ bản,https://tinnhiemmang.vn/danh-ba-tin-nhiem/thuongbinhthuanthanhbacninhgovvn-1638241443
thuongcat.bactuliem.hanoi.gov.vn,"UBND phường Thượng Cát quận Bắc Từ Liêm, thành phố Hà Nội",10/05/2023,Chứng nhận cơ bản,https://tinnhiemmang.vn/danh-ba-tin-nhiem/thuongcatbactuliemhanoigovvn-1683630031
thuongdinh.thanhxuan.hanoi.gov.vn,"Phường Thượng Đình, Quận Thanh Xuân, Thành phố Hà Nội",15/06/2021,Chứng nhận cơ bản,https://tinnhiemmang.vn/danh-ba-tin-nhiem/thuongdinhthanhxuanhanoigovvn-1623639999
thuonggiao.babe.gov.vn,"UBND xã Thượng Giáo, huyện Ba Bể, tỉnh Bắc Kạn",10/04/2024,Chứng nhận cơ bản,https://tinnhiemmang.vn/danh-ba-tin-nhiem/thuonggiaobabegovvn-1712637550
thuongha.baolac.caobang.gov.vn,"UBND xã Thượng Hà, huyện Bảo Lạc, Cao Bằng",25/12/2023,Chứng nhận cơ bản,https://tinnhiemmang.vn/danh-ba-tin-nhiem/thuonghabaolaccaobanggovvn-1703475808
thuonglam.myduc.hanoi.gov.vn,"UBND xã Thượng Lâm, Hà Nội",20/06/2024,Chứng nhận cơ bản,https://tinnhiemmang.vn/danh-ba-tin-nhiem/thuonglammyduchanoigovvn-1718871111
thuonglo.thuathienhue.gov.vn,UBND xã Thượng Lộ tỉnh Thừa Thiên Huế,15/07/2021,Chứng nhận cơ bản,https://tinnhiemmang.vn/danh-ba-tin-nhiem/thuonglothuathienhuegovvn-1626320328
thuonglong.thuathienhue.gov.vn,UBND xã Thượng Long tỉnh Thừa Thiên Huế,15/07/2021,Chứng nhận cơ bản,https://tinnhiemmang.vn/danh-ba-tin-nhiem/thuonglongthuathienhuegovvn-1626320549
thuongmo.danphuong.hanoi.gov.vn,"UBND xã Thượng Mỗ huyện Đan Phượng, Hà Nội",10/05/2023,Chứng nhận cơ bản,https://tinnhiemmang.vn/danh-ba-tin-nhiem/thuongmodanphuonghanoigovvn-1683629240
thuongnhat.thuathienhue.gov.vn,UBND xã Thượng Nhật tỉnh Thừa Thiên Huế,15/07/2021,Chứng nhận cơ bản,https://tinnhiemmang.vn/danh-ba-tin-nhiem/thuongnhatthuathienhuegovvn-1626320666
thuongninh.nhuxuan.thanhhoa.gov.vn,UBND xã Thượng Ninh tỉnh Thanh Hóa,29/05/2024,Chứng nhận cơ bản,https://tinnhiemmang.vn/danh-ba-tin-nhiem/thuongninhnhuxuanthanhhoagovvn-1716965705
thuongquang.thuathienhue.gov.vn,UBND xã Thượng Quảng tỉnh Thừa Thiên Huế,15/07/2021,Chứng nhận cơ bản,https://tinnhiemmang.vn/danh-ba-tin-nhiem/thuongquangthuathienhuegovvn-1626320739
thuongthon.haquang.caobang.gov.vn,"UBND xã Thượng Thôn, huyện Hà Quảng, Cao Bằng",25/12/2023,Chứng nhận cơ bản,https://tinnhiemmang.vn/danh-ba-tin-nhiem/thuongthonhaquangcaobanggovvn-1703419089
thuongtindigital.com,Công Ty TNHH Thương Mại Và Dịch Vụ Thượng Tín Digital,22/11/2022,Chứng nhận cơ bản,https://tinnhiemmang.vn/danh-ba-tin-nhiem/thuongtindigitalcom-1668082894
thuvien.thuathienhue.gov.vn,Thư viện Tổng hợp Thừa Thiên Huế,30/07/2021,Chứng nhận cơ bản,https://tinnhiemmang.vn/danh-ba-tin-nhiem/thuvienthuathienhuegovvn-1627619346
thuvienbrvt.vn,Thư viện tỉnh Bà Rịa - Vũng Tàu - Sở Văn hóa và Thể thao,16/11/2021,Chứng nhận cơ bản,https://tinnhiemmang.vn/danh-ba-tin-nhiem/thuvienbrvtvn-1636984582
thuybang.thuathienhue.gov.vn,UBND xã Thủy Bằng tỉnh Thừa Thiên Huế,15/07/2021,Chứng nhận cơ bản,https://tinnhiemmang.vn/danh-ba-tin-nhiem/thuybangthuathienhuegovvn-1626320813
thuybieu.thuathienhue.gov.vn,UBND phường Thủy Biều tỉnh Thừa Thiên Huế,15/07/2021,Chứng nhận cơ bản,https://tinnhiemmang.vn/danh-ba-tin-nhiem/thuybieuthuathienhuegovvn-1626257562
thuychau.thuathienhue.gov.vn,UBND phường Thủy Châu tỉnh Thừa Thiên Huế,15/07/2021,Chứng nhận cơ bản,https://tinnhiemmang.vn/danh-ba-tin-nhiem/thuychauthuathienhuegovvn-1626320887
thuyduong.thuathienhue.gov.vn,UBND phường Thủy Dương tỉnh Thừa Thiên Huế,15/07/2021,Chứng nhận cơ bản,https://tinnhiemmang.vn/danh-ba-tin-nhiem/thuyduongthuathienhuegovvn-1626320956
thuyhung.thachan.caobang.gov.vn,"UBND xã Thụy Hùng, huyện Thạch An, Cao Bằng",25/12/2023,Chứng nhận cơ bản,https://tinnhiemmang.vn/danh-ba-tin-nhiem/thuyhungthachancaobanggovvn-1703219118
thuykhue.tayho.hanoi.gov.vn,"UBND phường Thụy Khuê, Hà Nội",20/06/2024,Chứng nhận cơ bản,https://tinnhiemmang.vn/danh-ba-tin-nhiem/thuykhuetayhohanoigovvn-1718870318
thuylam.donganh.hanoi.gov.vn,"UBND xã Thuỵ Lâm, Hà Nội",20/06/2024,Chứng nhận cơ bản,https://tinnhiemmang.vn/danh-ba-tin-nhiem/thuylamdonganhhanoigovvn-1718868315
thuyluong.thuathienhue.gov.vn,UBND phường Thủy Lương tỉnh Thừa Thiên Huế,15/07/2021,Chứng nhận cơ bản,https://tinnhiemmang.vn/danh-ba-tin-nhiem/thuyluongthuathienhuegovvn-1626321088
thuyphu.thuathienhue.gov.vn,UBND xã Thủy Phù tỉnh Thừa Thiên Huế,15/07/2021,Chứng nhận cơ bản,https://tinnhiemmang.vn/danh-ba-tin-nhiem/thuyphuthuathienhuegovvn-1626321169
thuyphuong.bactuliem.hanoi.gov.vn,"UBND phường Thụy Phương quận Bắc Từ Liêm, thành phố Hà Nội",10/05/2023,Chứng nhận cơ bản,https://tinnhiemmang.vn/danh-ba-tin-nhiem/thuyphuongbactuliemhanoigovvn-1683630104
thuyphuong.thuathienhue.gov.vn,UBND phường Thủy Phương tỉnh Thừa Thiên Huế,15/07/2021,Chứng nhận cơ bản,https://tinnhiemmang.vn/danh-ba-tin-nhiem/thuyphuongthuathienhuegovvn-1626321258
thuyson.ngoclac.thanhhoa.gov.vn,UBND xã Thuý Sơn tỉnh Thanh Hóa,29/05/2024,Chứng nhận cơ bản,https://tinnhiemmang.vn/danh-ba-tin-nhiem/thuysonngoclacthanhhoagovvn-1716890943
thuytan.thuathienhue.gov.vn,UBND xã Thủy Tân tỉnh Thừa Thiên Huế,15/07/2021,Chứng nhận cơ bản,https://tinnhiemmang.vn/danh-ba-tin-nhiem/thuytanthuathienhuegovvn-1626321332
thuythanh.thuathienhue.gov.vn,UBND xã Thủy Thanh tỉnh Thừa Thiên Huế,15/07/2021,Chứng nhận cơ bản,https://tinnhiemmang.vn/danh-ba-tin-nhiem/thuythanhthuathienhuegovvn-1626321398
thuyvan.thuathienhue.gov.vn,UBND xã Thủy Vân tỉnh Thừa Thiên Huế,15/07/2021,Chứng nhận cơ bản,https://tinnhiemmang.vn/danh-ba-tin-nhiem/thuyvanthuathienhuegovvn-1626321468
thuyxuan.thuathienhue.gov.vn,UBND phường Thủy Xuân tỉnh Thừa Thiên Huế,15/07/2021,Chứng nhận cơ bản,https://tinnhiemmang.vn/danh-ba-tin-nhiem/thuyxuanthuathienhuegovvn-1626257750
thuyxuantien.chuongmy.hanoi.gov.vn,"UBND huyện Chương Mỹ, Hà Nội",11/11/2024,Chứng nhận cơ bản,https://tinnhiemmang.vn/danh-ba-tin-nhiem/thuyxuantienchuongmyhanoigovvn-1730974629
tichthien.vinhlong.gov.vn,UBND xã Tích Thiện tỉnh Vĩnh Long,15/07/2021,Chứng nhận cơ bản,https://tinnhiemmang.vn/danh-ba-tin-nhiem/tichthienvinhlonggovvn-1626268166
tiemchungcovid19.gov.vn,"Trung tâm Công nghệ phòng, chống dịch Covid-19 Quốc gia",22/07/2021,Chứng nhận nâng cao,https://tinnhiemmang.vn/danh-ba-tin-nhiem/tiemchungcovid19govvn-1626922195
tiencat.viettri.phutho.gov.vn,"UBND phường Tiên Cát, tỉnh Phú Thọ",03/10/2023,Chứng nhận cơ bản,https://tinnhiemmang.vn/danh-ba-tin-nhiem/tiencatviettriphuthogovvn-1696236239
tienduong.donganh.hanoi.gov.vn,"UBND xã Tiên Dương, Hà Nội",20/06/2024,Chứng nhận cơ bản,https://tinnhiemmang.vn/danh-ba-tin-nhiem/tienduongdonganhhanoigovvn-1718867586
tienluong.camkhe.phutho.gov.vn,UBND Xã Tiên Lương tỉnh Phú Thọ,03/10/2023,Chứng nhận cơ bản,https://tinnhiemmang.vn/danh-ba-tin-nhiem/tienluongcamkhephuthogovvn-1696236951
tiennong.trieuson.thanhhoa.gov.vn,"UBND Xã Tiến Nông, tỉnh Thanh Hóa",17/01/2024,Chứng nhận cơ bản,https://tinnhiemmang.vn/danh-ba-tin-nhiem/tiennongtrieusonthanhhoagovvn-1705459872
tienphong.bavi.hanoi.gov.vn,"UBND Xã Tiên Phong - Huyện Ba Vì, Hà Nội",11/11/2024,Chứng nhận cơ bản,https://tinnhiemmang.vn/danh-ba-tin-nhiem/tienphongbavihanoigovvn-1731049125
tienthanh.quanghoa.caobang.gov.vn,"UBND xã Tiên Thành, huyện Quảng Hòa, Cao Bằng",25/12/2023,Chứng nhận cơ bản,https://tinnhiemmang.vn/danh-ba-tin-nhiem/tienthanhquanghoacaobanggovvn-1703218535
tientrang.quangxuong.thanhhoa.gov.vn,"UBND xã Tiên Trang Huyện Quảng Xương, Tỉnh Thanh Hóa",13/08/2024,Chứng nhận cơ bản,https://tinnhiemmang.vn/danh-ba-tin-nhiem/tientrangquangxuongthanhhoagovvn-1723523043
tienxuan.thachthat.hanoi.gov.vn,UBND xã Tiến Xuân huyện Thạch Thất Thành phố Hà Nội,10/05/2023,Chứng nhận cơ bản,https://tinnhiemmang.vn/danh-ba-tin-nhiem/tienxuanthachthathanoigovvn-1683712537
timviecnhat.com,Công ty Cổ phần Giáo dục Quốc tế TAMAGO,11/05/2022,Chứng nhận cơ bản,https://tinnhiemmang.vn/danh-ba-tin-nhiem/timviecnhatcom-1652231643
tinhbien.tinhbien.angiang.gov.vn,UBND Phường Tịnh Biên tỉnh An Giang,09/11/2023,Chứng nhận cơ bản,https://tinnhiemmang.vn/danh-ba-tin-nhiem/tinhbientinhbienangianggovvn-1699373063
tinhdoan.gialai.org.vn,Tỉnh đoàn Gia Lai,10/01/2024,Chứng nhận cơ bản,https://tinnhiemmang.vn/danh-ba-tin-nhiem/tinhdoangialaiorgvn-1704856491
tinhdoanbinhphuoc.vn,Tỉnh đoàn Bình Phước,27/12/2023,Chứng nhận cơ bản,https://tinnhiemmang.vn/danh-ba-tin-nhiem/tinhdoanbinhphuocvn-1703650342
tinhdoanninhbinh.gov.vn,Tỉnh Đoàn Ninh Bình,27/06/2024,Chứng nhận cơ bản,https://tinnhiemmang.vn/danh-ba-tin-nhiem/tinhdoanninhbinhgovvn-1719458338
tinhhai.thixanghison.thanhhoa.gov.vn,"UBND phường Tĩnh Hải Thị xã Nghi Sơn, tỉnh Thanh Hóa",13/08/2024,Chứng nhận cơ bản,https://tinnhiemmang.vn/danh-ba-tin-nhiem/tinhhaithixanghisonthanhhoagovvn-1723522732
tinhtuc.nguyenbinh.caobang.gov.vn,"UBND thị trấn Tĩnh Túc, huyện Nguyên Bình, Cao Bằng",25/12/2023,Chứng nhận cơ bản,https://tinnhiemmang.vn/danh-ba-tin-nhiem/tinhtucnguyenbinhcaobanggovvn-1703420386
tinhuybinhphuoc.vn,Tỉnh ủy Bình Phước,27/12/2023,Chứng nhận cơ bản,https://tinnhiemmang.vn/danh-ba-tin-nhiem/tinhuybinhphuocvn-1703650198
toeicmastery.com.vn,Công ty TNHH Giáo Dục Chuyên sâu ILP,14/11/2022,Chứng nhận cơ bản,https://tinnhiemmang.vn/danh-ba-tin-nhiem/toeicmasterycomvn-1668411117
tohap.khanhson.khanhhoa.gov.vn,"UBND thị trấn Tô Hạp, tỉnh Khánh Hòa",15/01/2024,Chứng nhận cơ bản,https://tinnhiemmang.vn/danh-ba-tin-nhiem/tohapkhanhsonkhanhhoagovvn-1705029555
tongcot.haquang.caobang.gov.vn,"UBND xã Tổng Cọt, huyện Hà Quảng, Cao Bằng",25/12/2023,Chứng nhận cơ bản,https://tinnhiemmang.vn/danh-ba-tin-nhiem/tongcothaquangcaobanggovvn-1703419048
tourdulichquangbinh.vn,Công Ty TNHH Du Lịch Thám Hiểm Phong Nha,29/11/2021,Chứng nhận cơ bản,https://tinnhiemmang.vn/danh-ba-tin-nhiem/tourdulichquangbinhvn-1637552673
tpbacninh.bacninh.gov.vn,"Thành phố Bắc Ninh, tỉnh Bắc Ninh",25/01/2022,Chứng nhận cơ bản,https://tinnhiemmang.vn/danh-ba-tin-nhiem/tpbacninhbacninhgovvn-1643012878
tplaocai.laocai.gov.vn,"UBND thành phố Lào Cai, tỉnh Lào Cai",25/11/2021,Chứng nhận cơ bản,https://tinnhiemmang.vn/danh-ba-tin-nhiem/tplaocailaocaigovvn-1637809551
tpvinhlong.vinhlong.gov.vn,UBND Thành phố Vĩnh Long tỉnh Vĩnh Long,25/05/2023,Chứng nhận cơ bản,https://tinnhiemmang.vn/danh-ba-tin-nhiem/tpvinhlongvinhlonggovvn-1684914925
tracnghiem.danguykhoibinhthuan.vn,Đảng ủy Khối cơ quan và doanh  nghiệp tỉnh Bình Thuận,02/01/2024,Chứng nhận cơ bản,https://tinnhiemmang.vn/danh-ba-tin-nhiem/tracnghiemdanguykhoibinhthuanvn-1703814611
tradeline.vn,Công ty Cổ Phần Tradeline Việt Nam,13/09/2022,Chứng nhận cơ bản,https://tinnhiemmang.vn/danh-ba-tin-nhiem/tradelinevn-1662626977
tralinh.trungkhanh.caobang.gov.vn,"UBND Thị trấn Trà Lĩnh, huyện Trùng Khánh, Cao Bằng",25/12/2023,Chứng nhận cơ bản,https://tinnhiemmang.vn/danh-ba-tin-nhiem/tralinhtrungkhanhcaobanggovvn-1703473737
tramlong-unghoa.thudo.gov.vn,"UBND Xã Trầm Lộng, Hà Nội",17/12/2024,Chứng nhận cơ bản,https://tinnhiemmang.vn/danh-ba-tin-nhiem/tramlong-unghoathudogovvn-1734401590
trangminh.kienan.haiphong.gov.vn,"UBND phường Tràng Minh, quận Kiến An, thành phố Hải Phòng",23/02/2024,Chứng nhận cơ bản,https://tinnhiemmang.vn/danh-ba-tin-nhiem/trangminhkienanhaiphonggovvn-1708587849
trangtien.hanoi.gov.vn,"UBND Phường Tràng Tiền, quận Hoàn Kiếm, Hà Nội",11/12/2023,Chứng nhận cơ bản,https://tinnhiemmang.vn/danh-ba-tin-nhiem/trangtienhanoigovvn-1702279705
tranhungdao.hanoi.gov.vn,"UBND Phường Trần Hưng Đạo, quận Hoàn Kiếm, Hà Nội",11/12/2023,Chứng nhận cơ bản,https://tinnhiemmang.vn/danh-ba-tin-nhiem/tranhungdaohanoigovvn-1702279913
tranthanhngo.kienan.haiphong.gov.vn,"UBND phường Trần Thành Ngọ, quận Kiến An, thành phố Hải Phòng",23/02/2024,Chứng nhận cơ bản,https://tinnhiemmang.vn/danh-ba-tin-nhiem/tranthanhngokienanhaiphonggovvn-1708587419
trauquy.gialam.hanoi.gov.vn,"UBND Thị trấn Trâu Quỳ, Gia Lâm, Hà Nội",11/11/2024,Chứng nhận cơ bản,https://tinnhiemmang.vn/danh-ba-tin-nhiem/trauquygialamhanoigovvn-1731049378
trieuhai.dateh.lamdong.gov.vn,"UBND xã Triệu Hải, huyện Đạ Tẻh",28/11/2023,Chứng nhận cơ bản,https://tinnhiemmang.vn/danh-ba-tin-nhiem/trieuhaidatehlamdonggovvn-1701074017
trieuloc.hauloc.thanhhoa.gov.vn,"UBND xã Triệu Lộc, Huyện Hậu Lộc, tỉnh Thanh Hóa",21/08/2024,Chứng nhận cơ bản,https://tinnhiemmang.vn/danh-ba-tin-nhiem/trieulochaulocthanhhoagovvn-1724210277
trieunguyen.nguyenbinh.caobang.gov.vn,"UBND xã Triệu Nguyên, huyện Nguyên Bình, Cao Bằng",25/12/2023,Chứng nhận cơ bản,https://tinnhiemmang.vn/danh-ba-tin-nhiem/trieunguyennguyenbinhcaobanggovvn-1703427729
trieuthanh.trieuson.thanhhoa.gov.vn,"UBND Xã Triệu Thành, tỉnh Thanh Hóa",17/01/2024,Chứng nhận cơ bản,https://tinnhiemmang.vn/danh-ba-tin-nhiem/trieuthanhtrieusonthanhhoagovvn-1705459929
trinang.langchanh.thanhhoa.gov.vn,UBND xã Trí Nang tỉnh Thanh Hóa,10/04/2024,Chứng nhận cơ bản,https://tinnhiemmang.vn/danh-ba-tin-nhiem/trinanglangchanhthanhhoagovvn-1712733018
triphuong.trungkhanh.caobang.gov.vn,"UBND xã Tri Phương, huyện Trùng Khánh, Cao Bằng",25/12/2023,Chứng nhận cơ bản,https://tinnhiemmang.vn/danh-ba-tin-nhiem/triphuongtrungkhanhcaobanggovvn-1703473774
trithuccongnghe.org.vn,Trung tâm Phát triển Giáo dục và Truyền thông,26/10/2022,Chứng nhận cơ bản,https://tinnhiemmang.vn/danh-ba-tin-nhiem/trithuccongngheorgvn-1666767271
triton.triton.angiang.gov.vn,UBND Thị trấn Tri Tôn tỉnh An Giang,09/11/2023,Chứng nhận cơ bản,https://tinnhiemmang.vn/danh-ba-tin-nhiem/tritontritonangianggovvn-1699410193
trongcon.thachan.caobang.gov.vn,"UBND xã Trọng Con, huyện Thạch An, Cao Bằng",25/12/2023,Chứng nhận cơ bản,https://tinnhiemmang.vn/danh-ba-tin-nhiem/trongconthachancaobanggovvn-1703219159
trucbach.badinh.hanoi.gov.vn,"UBND phường Trúc Bạch, quận Ba Đình, Hà Nội",11/12/2023,Chứng nhận cơ bản,https://tinnhiemmang.vn/danh-ba-tin-nhiem/trucbachbadinhhanoigovvn-1702278993
truclam.thixanghison.thanhhoa.gov.vn,"UBND phường Trúc Lâm Thị xã Nghi Sơn, tỉnh Thanh Hóa",13/08/2024,Chứng nhận cơ bản,https://tinnhiemmang.vn/danh-ba-tin-nhiem/truclamthixanghisonthanhhoagovvn-1723522767
trungan.vinhlong.gov.vn,UBND xã Trung An tỉnh Vĩnh Long,15/07/2021,Chứng nhận cơ bản,https://tinnhiemmang.vn/danh-ba-tin-nhiem/trunganvinhlonggovvn-1626267523
trungchanh.vinhlong.gov.vn,UBND xã Trung Chánh tỉnh Vĩnh Long,15/07/2021,Chứng nhận cơ bản,https://tinnhiemmang.vn/danh-ba-tin-nhiem/trungchanhvinhlonggovvn-1626267564
trungchau.danphuong.hanoi.gov.vn,"UBND xã Trung Châu huyện Đan Phượng, Hà Nội",10/05/2023,Chứng nhận cơ bản,https://tinnhiemmang.vn/danh-ba-tin-nhiem/trungchaudanphuonghanoigovvn-1683627318
trungchinh.nongcong.thanhhoa.gov.vn,"UBND xã Trung Chính Huyện Nông Cống, Tỉnh Thanh Hóa",13/08/2024,Chứng nhận cơ bản,https://tinnhiemmang.vn/danh-ba-tin-nhiem/trungchinhnongcongthanhhoagovvn-1723524468
trungha.quanson.thanhhoa.gov.vn,"UBND xã Trung Hạ, tỉnh Thanh Hóa",17/01/2024,Chứng nhận cơ bản,https://tinnhiemmang.vn/danh-ba-tin-nhiem/trunghaquansonthanhhoagovvn-1705457913
trunghieu.vinhlong.gov.vn,UBND xã Trung Hiếu tỉnh Vĩnh Long,15/07/2021,Chứng nhận cơ bản,https://tinnhiemmang.vn/danh-ba-tin-nhiem/trunghieuvinhlonggovvn-1626267554
trunghung.sontay.hanoi.gov.vn,"UBND phường Trung Hưng, Hà Nội",20/06/2024,Chứng nhận cơ bản,https://tinnhiemmang.vn/danh-ba-tin-nhiem/trunghungsontayhanoigovvn-1718873161
trungliet.dongda.hanoi.gov.vn,"Phường Trung Liệt,  Quận Đống Đa,  Thành phố Hà Nội",15/06/2021,Chứng nhận cơ bản,https://tinnhiemmang.vn/danh-ba-tin-nhiem/trunglietdongdahanoigovvn-1623563937
trungly.muonglat.thanhhoa.gov.vn,"UBND Xã Trung Lý, tỉnh Thanh Hóa",17/01/2024,Chứng nhận cơ bản,https://tinnhiemmang.vn/danh-ba-tin-nhiem/trunglymuonglatthanhhoagovvn-1705457654
trungnghia.vinhlong.gov.vn,UBND xã Trung Nghĩa tỉnh Vĩnh Long,15/07/2021,Chứng nhận cơ bản,https://tinnhiemmang.vn/danh-ba-tin-nhiem/trungnghiavinhlonggovvn-1626267513
trungphuc.trungkhanh.caobang.gov.vn,"UBND xã Trung Phúc, huyện Hạ Lang, Cao Bằng",25/12/2023,Chứng nhận cơ bản,https://tinnhiemmang.vn/danh-ba-tin-nhiem/trungphuctrungkhanhcaobanggovvn-1703474273
trungphung.dongda.hanoi.gov.vn,"Phường Trung Phụng,  Quận Đống Đa,  Thành phố Hà Nội",15/06/2021,Chứng nhận cơ bản,https://tinnhiemmang.vn/danh-ba-tin-nhiem/trungphungdongdahanoigovvn-1623564044
trungson.quanhoa.thanhhoa.gov.vn,UBND xã Trung Sơn tỉnh Thanh Hóa,03/07/2024,Chứng nhận cơ bản,https://tinnhiemmang.vn/danh-ba-tin-nhiem/trungsonquanhoathanhhoagovvn-1719993323
trungson.samson.thanhhoa.gov.vn,UBND phường Trung Sơn tỉnh Thanh Hóa,10/04/2024,Chứng nhận cơ bản,https://tinnhiemmang.vn/danh-ba-tin-nhiem/trungsonsamsonthanhhoagovvn-1712732108
trungson.thuathienhue.gov.vn,UBND xã Trung Sơn tỉnh Thừa Thiên Huế,15/07/2021,Chứng nhận cơ bản,https://tinnhiemmang.vn/danh-ba-tin-nhiem/trungsonthuathienhuegovvn-1626321582
trungsontram.sontay.hanoi.gov.vn,"UBND phường Trung Sơn Trầm, Hà Nội",20/06/2024,Chứng nhận cơ bản,https://tinnhiemmang.vn/danh-ba-tin-nhiem/trungsontramsontayhanoigovvn-1718873386
trungtamgdnn-gdtxhoanghoa.edu.vn,"Trung tâm GDNNGDTX huyện Hoằng Hóa, tỉnh Thanh Hóa",17/01/2024,Chứng nhận cơ bản,https://tinnhiemmang.vn/danh-ba-tin-nhiem/trungtamgdnn-gdtxhoanghoaeduvn-1705463055
trungtamgdnngdtxannhon.edu.vn,"Trung tâm GDNN -  GDTX thị xã An Nhơn, tỉnh Bình Định",10/08/2023,Chứng nhận cơ bản,https://tinnhiemmang.vn/danh-ba-tin-nhiem/trungtamgdnngdtxannhoneduvn-1691573554
trungtamhuyentran.thuathienhue.gov.vn,Trung tâm văn hóa Huyền Trân tỉnh Thừa Thiên Huế,15/07/2021,Chứng nhận cơ bản,https://tinnhiemmang.vn/danh-ba-tin-nhiem/trungtamhuyentranthuathienhuegovvn-1626319953
trungtamytecaugiay.vn,Trung tâm Y tế quận Cầu Giấy,20/06/2024,Chứng nhận cơ bản,https://tinnhiemmang.vn/danh-ba-tin-nhiem/trungtamytecaugiayvn-1718866752
trungtamytehuyenngochoi.vn,Trung tâm Y tế huyện Ngọc Hồi,20/02/2024,Chứng nhận cơ bản,https://tinnhiemmang.vn/danh-ba-tin-nhiem/trungtamytehuyenngochoivn-1706662714
trungtamytelongbien.vn,Trung tâm Y tế quận Long Biên,20/06/2024,Chứng nhận cơ bản,https://tinnhiemmang.vn/danh-ba-tin-nhiem/trungtamytelongbienvn-1718866865
trungtamytenhatrang.org.vn,"Trung tâm Y tế thành phố Nha Trang, tỉnh Khánh Hòa",09/08/2023,Chứng nhận cơ bản,https://tinnhiemmang.vn/danh-ba-tin-nhiem/trungtamytenhatrangorgvn-1691553234
trungtamytequantayho.vn,Trung tâm Y tế quận Tây Hồ,20/06/2024,Chứng nhận cơ bản,https://tinnhiemmang.vn/danh-ba-tin-nhiem/trungtamytequantayhovn-1718866912
trungtamytethanhphoyenbai.vn,Trung tâm Y tế thành phố Yên Bái,15/06/2023,Chứng nhận cơ bản,https://tinnhiemmang.vn/danh-ba-tin-nhiem/trungtamytethanhphoyenbaivn-1678692789
trungtamytetpkontum.vn,Trung tâm Y tế thành phố Kon Tum,09/10/2024,Chứng nhận cơ bản,https://tinnhiemmang.vn/danh-ba-tin-nhiem/trungtamytetpkontumvn-1728355356
trungtamytevinhthanh.vn,Trung tâm Y tế huyện Vĩnh Thạnh,16/07/2024,Chứng nhận cơ bản,https://tinnhiemmang.vn/danh-ba-tin-nhiem/trungtamytevinhthanhvn-1684220970
trungthanh.nongcong.thanhhoa.gov.vn,"UBND xã Trung Thành Huyện Nông Cống, Tỉnh Thanh Hóa",13/08/2024,Chứng nhận cơ bản,https://tinnhiemmang.vn/danh-ba-tin-nhiem/trungthanhnongcongthanhhoagovvn-1723524771
trungthanh.quanhoa.thanhhoa.gov.vn,UBND xã Trung Thành tỉnh Thanh Hóa,03/07/2024,Chứng nhận cơ bản,https://tinnhiemmang.vn/danh-ba-tin-nhiem/trungthanhquanhoathanhhoagovvn-1719993232
trungthanhdong.vinhlong.gov.vn,UBND xã Trung Thành Đông tỉnh Vĩnh Long,15/07/2021,Chứng nhận cơ bản,https://tinnhiemmang.vn/danh-ba-tin-nhiem/trungthanhdongvinhlonggovvn-1626267458
trungthanhtay.vinhlong.gov.vn,UBND xã Trung Thành Tây tỉnh Vĩnh Long,15/07/2021,Chứng nhận cơ bản,https://tinnhiemmang.vn/danh-ba-tin-nhiem/trungthanhtayvinhlonggovvn-1626267544
trungthuong.quanson.thanhhoa.gov.vn,"UBND xã Trung Thượng, tỉnh Thanh Hóa",17/01/2024,Chứng nhận cơ bản,https://tinnhiemmang.vn/danh-ba-tin-nhiem/trungthuongquansonthanhhoagovvn-1705458045
trungtien.quanson.thanhhoa.gov.vn,"UBND xã Trung Tiến, tỉnh Thanh Hóa",17/01/2024,Chứng nhận cơ bản,https://tinnhiemmang.vn/danh-ba-tin-nhiem/trungtienquansonthanhhoagovvn-1705457984
trungtu-unghoa.thudo.gov.vn,"UBND Xã Trung Tú, Hà Nội",17/12/2024,Chứng nhận cơ bản,https://tinnhiemmang.vn/danh-ba-tin-nhiem/trungtu-unghoathudogovvn-1734402043
trungtu.dongda.hanoi.gov.vn,"Phường Trung Tự, Quận Đống Đa, Thành phố Hà Nội",15/06/2021,Chứng nhận cơ bản,https://tinnhiemmang.vn/danh-ba-tin-nhiem/trungtudongdahanoigovvn-1623564175
trungvan.namtuliem.hanoi.gov.vn,"Phường Trung Văn, Quận Nam Từ Liêm, Thành phố Hà Nội",15/06/2021,Chứng nhận cơ bản,https://tinnhiemmang.vn/danh-ba-tin-nhiem/trungvannamtuliemhanoigovvn-1623571279
trungxuan.quanson.thanhhoa.gov.vn,"UBND xã Trung Xuân, tỉnh Thanh Hóa",17/01/2024,Chứng nhận cơ bản,https://tinnhiemmang.vn/danh-ba-tin-nhiem/trungxuanquansonthanhhoagovvn-1705457863
truongan.thuathienhue.gov.vn,UBND phường Trường An tỉnh Thừa Thiên Huế,15/07/2021,Chứng nhận cơ bản,https://tinnhiemmang.vn/danh-ba-tin-nhiem/truonganthuathienhuegovvn-1626321659
truongan.vinhlong.gov.vn,UBND Phường Trường An tỉnh Vĩnh Long,14/07/2021,Chứng nhận cơ bản,https://tinnhiemmang.vn/danh-ba-tin-nhiem/truonganvinhlonggovvn-1625917705
truongchinhtri.thuathienhue.gov.vn,Trường chính trị Nguyễn Chí Thanh tỉnh Thừa Thiên Huế,15/07/2021,Chứng nhận cơ bản,https://tinnhiemmang.vn/danh-ba-tin-nhiem/truongchinhtrithuathienhuegovvn-1626316373
truongdinh.haibatrung.hanoi.gov.vn,UBND phường Trương Định quận Hai Bà Trưng Hà Nội,10/05/2023,Chứng nhận cơ bản,https://tinnhiemmang.vn/danh-ba-tin-nhiem/truongdinhhaibatrunghanoigovvn-1683604796
truonggiang.nongcong.thanhhoa.gov.vn,"UBND xã Trường Giang Huyện Nông Cống, Tỉnh Thanh Hóa",13/08/2024,Chứng nhận cơ bản,https://tinnhiemmang.vn/danh-ba-tin-nhiem/truonggiangnongcongthanhhoagovvn-1723531676
truongha.haquang.caobang.gov.vn,"UBND xã Trường Hà, huyện Hà Quảng, Cao Bằng",25/12/2023,Chứng nhận cơ bản,https://tinnhiemmang.vn/danh-ba-tin-nhiem/truonghahaquangcaobanggovvn-1703419009
truonghaiquan.edu.vn,Trường Hải quan Việt Nam,11/08/2023,Chứng nhận cơ bản,https://tinnhiemmang.vn/danh-ba-tin-nhiem/truonghaiquaneduvn-1691728520
truonglam.thixanghison.thanhhoa.gov.vn,"UBND xã Trường Lâm Thị xã Nghi Sơn, tỉnh Thanh Hóa",13/08/2024,Chứng nhận cơ bản,https://tinnhiemmang.vn/danh-ba-tin-nhiem/truonglamthixanghisonthanhhoagovvn-1723522475
truongluong.hoaan.caobang.gov.vn,"UBND xã Trương Lương, huyện Hòa An, Cao Bằng",25/12/2023,Chứng nhận cơ bản,https://tinnhiemmang.vn/danh-ba-tin-nhiem/truongluonghoaancaobanggovvn-1703476079
truongminh.nongcong.thanhhoa.gov.vn,"UBND xã Trường Minh Huyện Nông Cống, Tỉnh Thanh Hóa",13/08/2024,Chứng nhận cơ bản,https://tinnhiemmang.vn/danh-ba-tin-nhiem/truongminhnongcongthanhhoagovvn-1723531708
truongnghiepvu.baohiemxahoi.gov.vn,Trường đào tạo nghiệp vụ bảo hiểm xã hội,28/07/2021,Chứng nhận cơ bản,https://tinnhiemmang.vn/danh-ba-tin-nhiem/truongnghiepvubaohiemxahoigovvn-1627467094
truongnknttdtt.vinhlong.gov.vn,Sở Văn hóa – Thể thao và DL tỉnh Vĩnh Long,09/10/2023,Chứng nhận cơ bản,https://tinnhiemmang.vn/danh-ba-tin-nhiem/truongnknttdttvinhlonggovvn-1696566773
truongson.samson.thanhhoa.gov.vn,UBND phường Trường Sơn tỉnh Thanh Hóa,10/04/2024,Chứng nhận cơ bản,https://tinnhiemmang.vn/danh-ba-tin-nhiem/truongsonsamsonthanhhoagovvn-1712732012
truongthi.tpthanhhoa.thanhhoa.gov.vn,"UBND Phường Trường Thi, Thành phố Thanh Hóa, tỉnh Thanh Hóa",26/09/2024,Chứng nhận cơ bản,https://tinnhiemmang.vn/danh-ba-tin-nhiem/truongthitpthanhhoathanhhoagovvn-1727318622
truongtrung.nongcong.thanhhoa.gov.vn,"UBND xã Trường Trung Huyện Nông Cống, Tỉnh Thanh Hóa",13/08/2024,Chứng nhận cơ bản,https://tinnhiemmang.vn/danh-ba-tin-nhiem/truongtrungnongcongthanhhoagovvn-1723531955
truongxuan.thoxuan.thanhhoa.gov.vn,UBND xã Trường Xuân tỉnh Thanh Hóa,10/04/2024,Chứng nhận cơ bản,https://tinnhiemmang.vn/danh-ba-tin-nhiem/truongxuanthoxuanthanhhoagovvn-1712736936
ttbt.thuathienhue.gov.vn,Trung tâm Bảo tồn Di tích Cố đô Huế,09/01/2024,Chứng nhận cơ bản,https://tinnhiemmang.vn/danh-ba-tin-nhiem/ttbtthuathienhuegovvn-1704795812
ttddcsncc-ctxh.khanhhoa.vn,Trung tâm Điều dưỡng và   Chăm sóc Người có công - Công tác xã hội tỉnh Khánh Hòa,09/08/2023,Chứng nhận cơ bản,https://tinnhiemmang.vn/danh-ba-tin-nhiem/ttddcsncc-ctxhkhanhhoavn-1691550883
ttgdtxhnbaclieu.edu.vn,"Trung tâm Giáo dục, Thường xuyên và Hướng nghiệp tỉnh Bạc Liêu",10/10/2022,Chứng nhận cơ bản,https://tinnhiemmang.vn/danh-ba-tin-nhiem/ttgdtxhnbaclieueduvn-1665047820
ttgdyk.thuathienhue.gov.vn,Trung tâm giám định y khoa tỉnh Thừa Thiên Huế,15/07/2021,Chứng nhận cơ bản,https://tinnhiemmang.vn/danh-ba-tin-nhiem/ttgdykthuathienhuegovvn-1626320131
ttgsdh.tayninh.gov.vn,Trung tâm giám sát điều hành kinh tế xã hội tập trung tỉnh Tây Ninh,24/11/2021,Chứng nhận cơ bản,https://tinnhiemmang.vn/danh-ba-tin-nhiem/ttgsdhtayninhgovvn-1637644826
tthauhien.thieuhoa.thanhhoa.gov.vn,"UBND TT Hậu Hiền, huyện Thiệu Hóa, tỉnh Thanh Hóa",21/05/2024,Chứng nhận cơ bản,https://tinnhiemmang.vn/danh-ba-tin-nhiem/tthauhienthieuhoathanhhoagovvn-1715348914
tthc.thuathienhue.gov.vn,Sở Tư Pháp tỉnh Thừa Thiên Huế,19/07/2021,Chứng nhận cơ bản,https://tinnhiemmang.vn/danh-ba-tin-nhiem/tthcthuathienhuegovvn-1626675003
tthoathuan.quanghoa.caobang.gov.vn,"UBND Thị trấn Hòa Thuận, huyện Quảng Hòa, Cao Bằng",25/12/2023,Chứng nhận cơ bản,https://tinnhiemmang.vn/danh-ba-tin-nhiem/tthoathuanquanghoacaobanggovvn-1703216856
tthptso1tuyphuoc.edu.vn,Trường THPT số 1 Tuy Phước,10/08/2023,Chứng nhận cơ bản,https://tinnhiemmang.vn/danh-ba-tin-nhiem/tthptso1tuyphuoceduvn-1691577264
ttnguyenbinh.nguyenbinh.caobang.gov.vn,"UBND thị trấn Nguyên Bình, Cao Bằng",25/12/2023,Chứng nhận cơ bản,https://tinnhiemmang.vn/danh-ba-tin-nhiem/ttnguyenbinhnguyenbinhcaobanggovvn-1703420346
ttphongdien.thuathienhue.gov.vn,UBND thị trấn Phong Điền tỉnh Thừa Thiên Huế,15/07/2021,Chứng nhận cơ bản,https://tinnhiemmang.vn/danh-ba-tin-nhiem/ttphongdienthuathienhuegovvn-1626321774
ttphuloc.thuathienhue.gov.vn,UBND huyện Phú Lộc tỉnh Thừa Thiên Huế,19/07/2021,Chứng nhận cơ bản,https://tinnhiemmang.vn/danh-ba-tin-nhiem/ttphulocthuathienhuegovvn-1626662258
ttpy.vinhlong.gov.vn,Trung tâm Pháp y tỉnh Vĩnh Long,14/05/2024,Chứng nhận cơ bản,https://tinnhiemmang.vn/danh-ba-tin-nhiem/ttpyvinhlonggovvn-1715591015
ttthoxuan.thoxuan.thanhhoa.gov.vn,UBND thị trấn Thọ Xuân tỉnh Thanh Hóa,10/04/2024,Chứng nhận cơ bản,https://tinnhiemmang.vn/danh-ba-tin-nhiem/ttthoxuanthoxuanthanhhoagovvn-1712733289
tttt.danang.gov.vn,Sở Thông tin và Truyền thông Đà Nẵng,25/11/2021,Chứng nhận cơ bản,https://tinnhiemmang.vn/danh-ba-tin-nhiem/ttttdananggovvn-1637740689
ttvcn.com.vn,Trung tâm Phát triển Giáo dục và Truyền thông,17/10/2022,Chứng nhận cơ bản,https://tinnhiemmang.vn/danh-ba-tin-nhiem/ttvcncomvn-1632292868
ttvhda.thuathienhue.gov.vn,Trung tâm Văn hóa - Điện ảnh tỉnh Thừa Thiên Huế,15/07/2021,Chứng nhận cơ bản,https://tinnhiemmang.vn/danh-ba-tin-nhiem/ttvhdathuathienhuegovvn-1626320075
ttvhnt.vinhlong.gov.vn,Sở Văn hóa – Thể thao và DL tỉnh Vĩnh Long,09/10/2023,Chứng nhận cơ bản,https://tinnhiemmang.vn/danh-ba-tin-nhiem/ttvhntvinhlonggovvn-1696566772
ttyenvien.gialam.hanoi.gov.vn,"UBND Thị trấn Yên Viên, Huyện Gia Lâm, Thành phố Hà Nội",11/11/2024,Chứng nhận cơ bản,https://tinnhiemmang.vn/danh-ba-tin-nhiem/ttyenviengialamhanoigovvn-1731049403
ttytnhuxuan.org.vn,Trung tâm y tế huyện Như Xuân tỉnh Thanh Hóa,17/10/2024,Chứng nhận cơ bản,https://tinnhiemmang.vn/danh-ba-tin-nhiem/ttytnhuxuanorgvn-1729133444
tucuong.tienlang.haiphong.gov.vn,"UBND xã Tự Cường, huyện Tiên Lãng, thành phố Hải Phòng",06/05/2024,Chứng nhận cơ bản,https://tinnhiemmang.vn/danh-ba-tin-nhiem/tucuongtienlanghaiphonggovvn-1714960695
tudo.quanghoa.caobang.gov.vn,"UBND xã Tự Do, huyện Quảng Hòa, Cao Bằng",25/12/2023,Chứng nhận cơ bản,https://tinnhiemmang.vn/danh-ba-tin-nhiem/tudoquanghoacaobanggovvn-1703218575
tuha.thuathienhue.gov.vn,UBND Phường Tứ Hạ tỉnh Thừa Thiên Huế,19/07/2021,Chứng nhận cơ bản,https://tinnhiemmang.vn/danh-ba-tin-nhiem/tuhathuathienhuegovvn-1626663225
tuhiep.thanhtri.hanoi.gov.vn,"UBND Xã Tứ Hiệp huyện hanh Trì, Hà Nội",10/05/2023,Chứng nhận cơ bản,https://tinnhiemmang.vn/danh-ba-tin-nhiem/tuhiepthanhtrihanoigovvn-1683708969
tulien.tayho.hanoi.gov.vn,"UBND phường Tứ Liên, Hà Nội",20/06/2024,Chứng nhận cơ bản,https://tinnhiemmang.vn/danh-ba-tin-nhiem/tulientayhohanoigovvn-1718870532
tungkhe.camkhe.phutho.gov.vn,UBND Xã Tùng Khê tỉnh Phú Thọ,03/10/2023,Chứng nhận cơ bản,https://tinnhiemmang.vn/danh-ba-tin-nhiem/tungkhecamkhephuthogovvn-1696237180
tuoitrehuongthuy.thuathienhue.gov.vn,"Đoàn TNCS HCM Thị xã Hương Thủy, tỉnh Thừa Thiên Huế",15/07/2021,Chứng nhận cơ bản,https://tinnhiemmang.vn/danh-ba-tin-nhiem/tuoitrehuongthuythuathienhuegovvn-1626320229
tuonglinh.nongcong.thanhhoa.gov.vn,"UBND xã Tượng Lĩnh Huyện Nông Cống, Tỉnh Thanh Hóa",13/08/2024,Chứng nhận cơ bản,https://tinnhiemmang.vn/danh-ba-tin-nhiem/tuonglinhnongcongthanhhoagovvn-1723531988
tuongloc.vinhlong.gov.vn,UBND xã Tường Lộc tỉnh Vĩnh Long,15/07/2021,Chứng nhận cơ bản,https://tinnhiemmang.vn/danh-ba-tin-nhiem/tuonglocvinhlonggovvn-1626267967
tuongmai.hoangmai.hanoi.gov.vn,"UBND phường Tương Mai, quận Hoàng Mai, Hà Nội",11/12/2023,Chứng nhận cơ bản,https://tinnhiemmang.vn/danh-ba-tin-nhiem/tuongmaihoangmaihanoigovvn-1702272111
tuongson.nongcong.thanhhoa.gov.vn,"UBND xã Tượng Sơn Huyện Nông Cống, Tỉnh Thanh Hóa",13/08/2024,Chứng nhận cơ bản,https://tinnhiemmang.vn/danh-ba-tin-nhiem/tuongsonnongcongthanhhoagovvn-1723532019
tuongtac.thuathienhue.gov.vn,Sở Thông tin và Truyền thông tỉnh Thừa Thiên Huế,19/07/2021,Chứng nhận cơ bản,https://tinnhiemmang.vn/danh-ba-tin-nhiem/tuongtacthuathienhuegovvn-1626674939
tuongvan.nongcong.thanhhoa.gov.vn,"UBND xã Tượng Văn Huyện Nông Cống, Tỉnh Thanh Hóa",13/08/2024,Chứng nhận cơ bản,https://tinnhiemmang.vn/danh-ba-tin-nhiem/tuongvannongcongthanhhoagovvn-1723532053
tuyengiaobinhphuoc.org.vn,Ban Tuyên giáo Tỉnh ủy Bình Phước,28/01/2022,Chứng nhận cơ bản,https://tinnhiemmang.vn/danh-ba-tin-nhiem/tuyengiaobinhphuocorgvn-1643342589
tuyengiaokhanhhoa.vn,Ban Tuyên giáo Tỉnh ủy Khánh Hòa,20/05/2024,Chứng nhận cơ bản,https://tinnhiemmang.vn/danh-ba-tin-nhiem/tuyengiaokhanhhoavn-1716172313
tuyentruyen.thuathienhue.gov.vn,Sở thông tin  truyền thông Thừa Thiên Huế,15/07/2021,Chứng nhận cơ bản,https://tinnhiemmang.vn/danh-ba-tin-nhiem/tuyentruyenthuathienhuegovvn-1626320695
tuyetnghia-quocoai.thudo.gov.vn,"UBND xã Tuyết Nghĩa, huyện Quốc Oai, Hà Nội",22/11/2024,Chứng nhận cơ bản,https://tinnhiemmang.vn/danh-ba-tin-nhiem/tuyetnghia-quocoaithudogovvn-1732084976
tuylai.myduc.hanoi.gov.vn,"UBND xã Tuy Lai, Hà Nội",20/06/2024,Chứng nhận cơ bản,https://tinnhiemmang.vn/danh-ba-tin-nhiem/tuylaimyduchanoigovvn-1718871184
tuyloc.hauloc.thanhhoa.gov.vn,"UBND xã Tuy Lộc, Huyện Hậu Lộc, tỉnh Thanh Hóa",21/08/2024,Chứng nhận cơ bản,https://tinnhiemmang.vn/danh-ba-tin-nhiem/tuylochaulocthanhhoagovvn-1724210450
tvel.vn,Công ty TNHH Một thành viên Truyền hình Giáo dục và Pháp luật,17/10/2022,Chứng nhận cơ bản,https://tinnhiemmang.vn/danh-ba-tin-nhiem/tvelvn-1634196932
txbinhminh.vinhlong.gov.vn,UBND Thị xã Bình Minh tỉnh Vĩnh Long,25/05/2023,Chứng nhận cơ bản,https://tinnhiemmang.vn/danh-ba-tin-nhiem/txbinhminhvinhlonggovvn-1684915030
txnghison.thanhhoa.gov.vn,UBND tỉnh Thanh Hóa,12/05/2021,Chứng nhận cơ bản,https://tinnhiemmang.vn/danh-ba-tin-nhiem/txnghisonthanhhoagovvn-1620702088
ubmttq.dongthap.gov.vn,Ủy ban Mặt trận Tổ quốc Việt Nam tỉnh Đồng Tháp,22/11/2021,Chứng nhận cơ bản,https://tinnhiemmang.vn/danh-ba-tin-nhiem/ubmttqdongthapgovvn-1637566005
ubmttqvn.angiang.gov.vn,Ủy ban Mặt trận tổ quốc VN tỉnh An Giang,15/10/2021,Chứng nhận cơ bản,https://tinnhiemmang.vn/danh-ba-tin-nhiem/ubmttqvnangianggovvn-1634290515
ubndnhonthanh.binhdinh.vn,"UBND phường Nhơn Thành, tỉnh Bình Định",10/08/2023,Chứng nhận cơ bản,https://tinnhiemmang.vn/danh-ba-tin-nhiem/ubndnhonthanhbinhdinhvn-1691575989
ubndtp.caobang.gov.vn,UBND Thành phố Cao Bằng,29/06/2023,Chứng nhận cơ bản,https://tinnhiemmang.vn/danh-ba-tin-nhiem/ubndtpcaobanggovvn-1688026118
uyno.donganh.hanoi.gov.vn,"UBND xã Uy Nỗ, Hà Nội",20/06/2024,Chứng nhận cơ bản,https://tinnhiemmang.vn/danh-ba-tin-nhiem/uynodonganhhanoigovvn-1718868015
va.thuathienhue.gov.vn,Sở Thông tin và Truyền thông tỉnh Thừa Thiên Huế,20/07/2021,Chứng nhận cơ bản,https://tinnhiemmang.vn/danh-ba-tin-nhiem/vathuathienhuegovvn-1626776272
vanam.ngoclac.thanhhoa.gov.vn,UBND xã Vân Am tỉnh Thanh Hóa,29/05/2024,Chứng nhận cơ bản,https://tinnhiemmang.vn/danh-ba-tin-nhiem/vanamngoclacthanhhoagovvn-1716889819
vanchuong.dongda.hanoi.gov.vn,"Phường Văn Chương,  Quận Đống Đa,  Thành phố Hà Nội",15/06/2021,Chứng nhận cơ bản,https://tinnhiemmang.vn/danh-ba-tin-nhiem/vanchuongdongdahanoigovvn-1623570329
vandau.kienan.haiphong.gov.vn,"UBND phường Văn Đẩu, quận Kiến An, thành phố Hải Phòng",23/02/2024,Chứng nhận cơ bản,https://tinnhiemmang.vn/danh-ba-tin-nhiem/vandaukienanhaiphonggovvn-1708587513
vandien.thanhtri.hanoi.gov.vn,"UBND Thị trấn Văn Điển huyện Thanh Trì, Hà Nội",10/05/2023,Chứng nhận cơ bản,https://tinnhiemmang.vn/danh-ba-tin-nhiem/vandienthanhtrihanoigovvn-1683708745
vandinh-unghoa.thudo.gov.vn,"UBND Thị trấn Vân Đình, Hà Nội",17/12/2024,Chứng nhận cơ bản,https://tinnhiemmang.vn/danh-ba-tin-nhiem/vandinh-unghoathudogovvn-1734402192
vandu.thachthanh.thanhhoa.gov.vn,UBND Thị trấn Vân Du tỉnh Thanh Hóa,29/05/2024,Chứng nhận cơ bản,https://tinnhiemmang.vn/danh-ba-tin-nhiem/vanduthachthanhthanhhoagovvn-1716969418
vanduc.gialam.hanoi.gov.vn,"UBND xã Văn Đức, Gia Lâm, Hà Nội",11/11/2024,Chứng nhận cơ bản,https://tinnhiemmang.vn/danh-ba-tin-nhiem/vanducgialamhanoigovvn-1731049727
vangiao.tinhbien.angiang.gov.vn,UBND Xã Văn Giáo tỉnh An Giang,09/11/2023,Chứng nhận cơ bản,https://tinnhiemmang.vn/danh-ba-tin-nhiem/vangiaotinhbienangianggovvn-1699373289
vanha.donganh.hanoi.gov.vn,"UBND xã Vân Hà, Hà Nội",20/06/2024,Chứng nhận cơ bản,https://tinnhiemmang.vn/danh-ba-tin-nhiem/vanhadonganhhanoigovvn-1718868377
vanhoa.nongcong.thanhhoa.gov.vn,"UBND xã Vạn Hòa Huyện Nông Cống, Tỉnh Thanh Hóa",13/08/2024,Chứng nhận cơ bản,https://tinnhiemmang.vn/danh-ba-tin-nhiem/vanhoanongcongthanhhoagovvn-1723531502
vankhuc.camkhe.phutho.gov.vn,UBND Xã Văn Khúc tỉnh Phú Thọ,03/10/2023,Chứng nhận cơ bản,https://tinnhiemmang.vn/danh-ba-tin-nhiem/vankhuccamkhephuthogovvn-1696237738
vankim.myduc.hanoi.gov.vn,"UBND xã Vạn Kim, Hà Nội",20/06/2024,Chứng nhận cơ bản,https://tinnhiemmang.vn/danh-ba-tin-nhiem/vankimmyduchanoigovvn-1718872084
vanmieu.dongda.hanoi.gov.vn,"Phường Văn Miếu,  Quận Đống Đa, Thành phố Hà Nội",15/06/2021,Chứng nhận cơ bản,https://tinnhiemmang.vn/danh-ba-tin-nhiem/vanmieudongdahanoigovvn-1623570474
vannho.bathuoc.thanhhoa.gov.vn,"UBND Xã Văn Nho, Huyện Bá Thước, tỉnh Thanh Hóa",21/08/2024,Chứng nhận cơ bản,https://tinnhiemmang.vn/danh-ba-tin-nhiem/vannhobathuocthanhhoagovvn-1724148697
vannoi.donganh.hanoi.gov.vn,"UBND xã Vân Nội, Hà Nội",20/06/2024,Chứng nhận cơ bản,https://tinnhiemmang.vn/danh-ba-tin-nhiem/vannoidonganhhanoigovvn-1718867651
vanphuc.thanhtri.hanoi.gov.vn,"UBND Xã Vạn Phúc huyện Thanh Trì, Hà Nội",10/05/2023,Chứng nhận cơ bản,https://tinnhiemmang.vn/danh-ba-tin-nhiem/vanphucthanhtrihanoigovvn-1683709606
vanson.trieuson.thanhhoa.gov.vn,"UBND Xã Vân Sơn, tỉnh Thanh Hóa",17/01/2024,Chứng nhận cơ bản,https://tinnhiemmang.vn/danh-ba-tin-nhiem/vansontrieusonthanhhoagovvn-1705460563
vantao.thuongtin.hanoi.gov.vn,"UBND xã Vân Tảo, Huyện Thường Tín, Hà Nội",20/06/2024,Chứng nhận cơ bản,https://tinnhiemmang.vn/danh-ba-tin-nhiem/vantaothuongtinhanoigovvn-1718870119
vanthai-unghoa.thudo.gov.vn,"UBND Xã Vạn Thái, Hà Nội",17/12/2024,Chứng nhận cơ bản,https://tinnhiemmang.vn/danh-ba-tin-nhiem/vanthai-unghoathudogovvn-1734401201
vanthang.bavi.hanoi.gov.vn,"UBND Xã Vạn Thắng - Huyện Ba Vì, Hà Nội",11/11/2024,Chứng nhận cơ bản,https://tinnhiemmang.vn/danh-ba-tin-nhiem/vanthangbavihanoigovvn-1731049280
vanthang.nhatrang.khanhhoa.gov.vn,"UBND phường Vạn Thắng, tỉnh Khánh Hòa",09/08/2023,Chứng nhận cơ bản,https://tinnhiemmang.vn/danh-ba-tin-nhiem/vanthangnhatrangkhanhhoagovvn-1691561454
vanthang.nongcong.thanhhoa.gov.vn,"UBND xã Vạn Thắng Huyện Nông Cống, Tỉnh Thanh Hóa",13/08/2024,Chứng nhận cơ bản,https://tinnhiemmang.vn/danh-ba-tin-nhiem/vanthangnongcongthanhhoagovvn-1723531536
vanthanh.nhatrang.khanhhoa.gov.vn,"UBND phường Vạn Thạnh, tỉnh Khánh Hòa",09/08/2023,Chứng nhận cơ bản,https://tinnhiemmang.vn/danh-ba-tin-nhiem/vanthanhnhatrangkhanhhoagovvn-1691561500
vanthien.nongcong.thanhhoa.gov.vn,"UBND xã Vạn Thiện Huyện Nông Cống, Tỉnh Thanh Hóa",13/08/2024,Chứng nhận cơ bản,https://tinnhiemmang.vn/danh-ba-tin-nhiem/vanthiennongcongthanhhoagovvn-1723531469
vantrinh.thachan.caobang.gov.vn,"UBND xã Vân Trình, huyện Thạch An, Cao Bằng",25/12/2023,Chứng nhận cơ bản,https://tinnhiemmang.vn/danh-ba-tin-nhiem/vantrinhthachancaobanggovvn-1703219200
vanxuan.thuongxuan.thanhhoa.gov.vn,Ủy ban nhân dân xã Vạn Xuân,06/03/2024,Chứng nhận cơ bản,https://tinnhiemmang.vn/danh-ba-tin-nhiem/vanxuanthuongxuanthanhhoagovvn-1709625100
vhtt.danang.gov.vn,Sở Văn hóa và Thể thao Đà Nẵng,25/11/2021,Chứng nhận cơ bản,https://tinnhiemmang.vn/danh-ba-tin-nhiem/vhttdananggovvn-1637742721
vienan-unghoa.thudo.gov.vn,"UBND Xã Viên An, Hà Nội",17/12/2024,Chứng nhận cơ bản,https://tinnhiemmang.vn/danh-ba-tin-nhiem/vienan-unghoathudogovvn-1734400736
vienktxh.bacninh.gov.vn,Viện Nghiên cứu Phát triển kinh tế - xã hội tỉnh Bắc Ninh,25/01/2022,Chứng nhận cơ bản,https://tinnhiemmang.vn/danh-ba-tin-nhiem/vienktxhbacninhgovvn-1643013433
viennoi-unghoa.thudo.gov.vn,"UBND Xã Viên Nội, Hà Nội",17/12/2024,Chứng nhận cơ bản,https://tinnhiemmang.vn/danh-ba-tin-nhiem/viennoi-unghoathudogovvn-1734400799
vienqhkt.bacninh.gov.vn,"Viện Quy Hoạch, Kiến Trúc Bắc Ninh",30/11/2021,Chứng nhận cơ bản,https://tinnhiemmang.vn/danh-ba-tin-nhiem/vienqhktbacninhgovvn-1638241690
vienquyhoach.cantho.gov.vn,Viện Quy Hoạch Xây Dựng Cần Thơ,16/11/2021,Chứng nhận cơ bản,https://tinnhiemmang.vn/danh-ba-tin-nhiem/vienquyhoachcanthogovvn-1636974754
vienson.sontay.hanoi.gov.vn,"UBND phường Viên Sơn, Hà Nội",20/06/2024,Chứng nhận cơ bản,https://tinnhiemmang.vn/danh-ba-tin-nhiem/viensonsontayhanoigovvn-1718873219
viethung.donganh.hanoi.gov.vn,"UBND xã Việt Hùng, Hà Nội",20/06/2024,Chứng nhận cơ bản,https://tinnhiemmang.vn/danh-ba-tin-nhiem/viethungdonganhhanoigovvn-1718868078
vietmassagebuiquocchau.com,Công Ty TNHH Việt Massage Bùi Quốc Châu,13/01/2022,Chứng nhận cơ bản,https://tinnhiemmang.vn/danh-ba-tin-nhiem/vietmassagebuiquocchaucom-1640828194
vihuong.bachthong.gov.vn,UBND xã Vi Hương tỉnh Bắc Kạn,10/04/2024,Chứng nhận cơ bản,https://tinnhiemmang.vn/danh-ba-tin-nhiem/vihuongbachthonggovvn-1712713270
vinhan.chauthanh.angiang.gov.vn,UBND Xã Vĩnh An tỉnh An Giang,09/11/2023,Chứng nhận cơ bản,https://tinnhiemmang.vn/danh-ba-tin-nhiem/vinhanchauthanhangianggovvn-1699362176
vinhan.thuathienhue.gov.vn,UBND xã Vinh An tỉnh Thừa Thiên Huế,19/07/2021,Chứng nhận cơ bản,https://tinnhiemmang.vn/danh-ba-tin-nhiem/vinhanthuathienhuegovvn-1626663823
vinhan.vinhloc.thanhhoa.gov.vn,UBND xã Vĩnh An tỉnh Thanh Hóa,29/05/2024,Chứng nhận cơ bản,https://tinnhiemmang.vn/danh-ba-tin-nhiem/vinhanvinhlocthanhhoagovvn-1716948825
vinhbinh.chauthanh.angiang.gov.vn,UBND Thị trấn Vĩnh Bình tỉnh An Giang,09/11/2023,Chứng nhận cơ bản,https://tinnhiemmang.vn/danh-ba-tin-nhiem/vinhbinhchauthanhangianggovvn-1699361908
vinhchanh.thoaison.angiang.gov.vn,UBND Xã Vĩnh Chánh tỉnh An Giang,09/11/2023,Chứng nhận cơ bản,https://tinnhiemmang.vn/danh-ba-tin-nhiem/vinhchanhthoaisonangianggovvn-1699411944
vinhchau.chaudoc.angiang.gov.vn,UBND Xã Vĩnh Châu tỉnh An Giang,09/11/2023,Chứng nhận cơ bản,https://tinnhiemmang.vn/danh-ba-tin-nhiem/vinhchauchaudocangianggovvn-1699409206
vinhgia.triton.angiang.gov.vn,UBND Xã Vĩnh Gia tỉnh An Giang,09/11/2023,Chứng nhận cơ bản,https://tinnhiemmang.vn/danh-ba-tin-nhiem/vinhgiatritonangianggovvn-1699411080
vinhha.thuathienhue.gov.vn,UBND Xã Vinh Hà tỉnh Thừa Thiên Huế,19/07/2021,Chứng nhận cơ bản,https://tinnhiemmang.vn/danh-ba-tin-nhiem/vinhhathuathienhuegovvn-1626664166
vinhhai.nhatrang.khanhhoa.gov.vn,UBND phường Vĩnh Hải tỉnh Khánh Hòa,14/07/2022,Chứng nhận cơ bản,https://tinnhiemmang.vn/danh-ba-tin-nhiem/vinhhainhatrangkhanhhoagovvn-1626160574
vinhhanh.chauthanh.angiang.gov.vn,UBND Xã Vĩnh Hanh tỉnh An Giang,09/11/2023,Chứng nhận cơ bản,https://tinnhiemmang.vn/danh-ba-tin-nhiem/vinhhanhchauthanhangianggovvn-1699362082
vinhhau.anphu.angiang.gov.vn,Xã Vĩnh Hậu tỉnh An Giang,09/11/2023,Chứng nhận cơ bản,https://tinnhiemmang.vn/danh-ba-tin-nhiem/vinhhauanphuangianggovvn-1699348233
vinhhien.thuathienhue.gov.vn,UBND xã Vĩnh Hiền tỉnh Thừa Thiên Huế,19/07/2021,Chứng nhận cơ bản,https://tinnhiemmang.vn/danh-ba-tin-nhiem/vinhhienthuathienhuegovvn-1626664352
vinhhiep.nhatrang.khanhhoa.gov.vn,UBND xã Vĩnh Hiệp tỉnh Khánh Hòa,14/07/2022,Chứng nhận cơ bản,https://tinnhiemmang.vn/danh-ba-tin-nhiem/vinhhiepnhatrangkhanhhoagovvn-1626160666
vinhhoa.nhatrang.khanhhoa.gov.vn,UBND phường Vĩnh Hòa tỉnh Khánh Hòa,14/07/2022,Chứng nhận cơ bản,https://tinnhiemmang.vn/danh-ba-tin-nhiem/vinhhoanhatrangkhanhhoagovvn-1626160777
vinhhoa.tanchau.angiang.gov.vn,UBND Xã Vĩnh Hòa tỉnh An Giang,09/11/2023,Chứng nhận cơ bản,https://tinnhiemmang.vn/danh-ba-tin-nhiem/vinhhoatanchauangianggovvn-1699361116
vinhhoa.vinhloc.thanhhoa.gov.vn,UBND xã Vĩnh Hòa tỉnh Thanh Hóa,29/05/2024,Chứng nhận cơ bản,https://tinnhiemmang.vn/danh-ba-tin-nhiem/vinhhoavinhlocthanhhoagovvn-1716893080
vinhhoidong.anphu.angiang.gov.vn,Xã Vĩnh Hội Đông tỉnh An Giang,09/11/2023,Chứng nhận cơ bản,https://tinnhiemmang.vn/danh-ba-tin-nhiem/vinhhoidonganphuangianggovvn-1699348073
vinhhung.hoangmai.hanoi.gov.vn,"UBND phường Vĩnh Hưng, quận Hoàng Mai, Hà Nội",11/12/2023,Chứng nhận cơ bản,https://tinnhiemmang.vn/danh-ba-tin-nhiem/vinhhunghoangmaihanoigovvn-1702272402
vinhhung.thuathienhue.gov.vn,UBND Xã Vinh Hưng tỉnh Thừa Thiên Huế,19/07/2021,Chứng nhận cơ bản,https://tinnhiemmang.vn/danh-ba-tin-nhiem/vinhhungthuathienhuegovvn-1626664454
vinhhung.vinhloc.thanhhoa.gov.vn,UBND xã Vĩnh Hùng tỉnh Thanh Hóa,29/05/2024,Chứng nhận cơ bản,https://tinnhiemmang.vn/danh-ba-tin-nhiem/vinhhungvinhlocthanhhoagovvn-1716949158
vinhhung1.vinhloc.thanhhoa.gov.vn,UBND xã Vĩnh Hưng tỉnh Thanh Hóa,29/05/2024,Chứng nhận cơ bản,https://tinnhiemmang.vn/danh-ba-tin-nhiem/vinhhung1vinhlocthanhhoagovvn-1716893120
vinhkhanh.thoaison.angiang.gov.vn,UBND Xã Vĩnh Khánh tỉnh An Giang,09/11/2023,Chứng nhận cơ bản,https://tinnhiemmang.vn/danh-ba-tin-nhiem/vinhkhanhthoaisonangianggovvn-1699411176
vinhloc.anphu.angiang.gov.vn,Xã Vĩnh Lộc tỉnh An Giang,09/11/2023,Chứng nhận cơ bản,https://tinnhiemmang.vn/danh-ba-tin-nhiem/vinhlocanphuangianggovvn-1699348279
vinhloi.chauthanh.angiang.gov.vn,UBND Xã Vĩnh Lợi tỉnh An Giang,09/11/2023,Chứng nhận cơ bản,https://tinnhiemmang.vn/danh-ba-tin-nhiem/vinhloichauthanhangianggovvn-1699362440
vinhlong.vinhloc.thanhhoa.gov.vn,UBND xã Vĩnh Long tỉnh Thanh Hóa,29/05/2024,Chứng nhận cơ bản,https://tinnhiemmang.vn/danh-ba-tin-nhiem/vinhlongvinhlocthanhhoagovvn-1716949076
vinhluong.nhatrang.khanhhoa.gov.vn,UBND xã Vĩnh Lương tỉnh Khánh Hòa,14/07/2022,Chứng nhận cơ bản,https://tinnhiemmang.vn/danh-ba-tin-nhiem/vinhluongnhatrangkhanhhoagovvn-1626160973
vinhmy.chaudoc.angiang.gov.vn,UBND Phường Vĩnh Mỹ tỉnh An Giang,09/11/2023,Chứng nhận cơ bản,https://tinnhiemmang.vn/danh-ba-tin-nhiem/vinhmychaudocangianggovvn-1699373682
vinhmy.thuathienhue.gov.vn,UBND Xã Vinh Mỹ tỉnh Thừa Thiên Huế,19/07/2021,Chứng nhận cơ bản,https://tinnhiemmang.vn/danh-ba-tin-nhiem/vinhmythuathienhuegovvn-1626664636
vinhngoc.donganh.hanoi.gov.vn,"UBND xã Vĩnh Ngọc, Hà Nội",20/06/2024,Chứng nhận cơ bản,https://tinnhiemmang.vn/danh-ba-tin-nhiem/vinhngocdonganhhanoigovvn-1718869726
vinhngoc.nhatrang.khanhhoa.gov.vn,"UBND xã Vĩnh Ngọc, tỉnh Khánh Hòa",09/08/2023,Chứng nhận cơ bản,https://tinnhiemmang.vn/danh-ba-tin-nhiem/vinhngocnhatrangkhanhhoagovvn-1691561598
vinhnguon.chaudoc.angiang.gov.vn,UBND Phường Vĩnh Nguơn tỉnh An Giang,09/11/2023,Chứng nhận cơ bản,https://tinnhiemmang.vn/danh-ba-tin-nhiem/vinhnguonchaudocangianggovvn-1699409109
vinhnguyen.nhatrang.khanhhoa.gov.vn,UBND phường Vĩnh Nguyên tỉnh Khánh Hòa,14/07/2022,Chứng nhận cơ bản,https://tinnhiemmang.vn/danh-ba-tin-nhiem/vinhnguyennhatrangkhanhhoagovvn-1626161160
vinhnhuan.chauthanh.angiang.gov.vn,UBND Xã Vĩnh Nhuận tỉnh An Giang,09/11/2023,Chứng nhận cơ bản,https://tinnhiemmang.vn/danh-ba-tin-nhiem/vinhnhuanchauthanhangianggovvn-1699362269
vinhninh.thuathienhue.gov.vn,UBND phường Vĩnh Ninh tỉnh Thừa Thiên Huế,19/07/2021,Chứng nhận cơ bản,https://tinnhiemmang.vn/danh-ba-tin-nhiem/vinhninhthuathienhuegovvn-1626664772
vinhphong.baolam.caobang.gov.vn,"UBND xã Vĩnh Phong, huyện Bảo Lâm, Cao Bằng",25/12/2023,Chứng nhận cơ bản,https://tinnhiemmang.vn/danh-ba-tin-nhiem/vinhphongbaolamcaobanggovvn-1703419940
vinhphu.thoaison.angiang.gov.vn,UBND Xã Vĩnh Phú tỉnh An Giang,09/11/2023,Chứng nhận cơ bản,https://tinnhiemmang.vn/danh-ba-tin-nhiem/vinhphuthoaisonangianggovvn-1699411995
vinhphuc.badinh.hanoi.gov.vn,"UBND phường Vĩnh Phúc, quận Ba Đình, Hà Nội",11/12/2023,Chứng nhận cơ bản,https://tinnhiemmang.vn/danh-ba-tin-nhiem/vinhphucbadinhhanoigovvn-1702279069
vinhphuc.vinhloc.thanhhoa.gov.vn,UBND xã Vĩnh Phúc tỉnh Thanh Hóa,29/05/2024,Chứng nhận cơ bản,https://tinnhiemmang.vn/danh-ba-tin-nhiem/vinhphucvinhlocthanhhoagovvn-1716949120
vinhphuoc.nhatrang.khanhhoa.gov.vn,UBND phường Vĩnh Phước tỉnh Khánh Hòa,14/07/2022,Chứng nhận cơ bản,https://tinnhiemmang.vn/danh-ba-tin-nhiem/vinhphuocnhatrangkhanhhoagovvn-1626161260
vinhphuoc.triton.angiang.gov.vn,UBND Xã Vĩnh Phước tỉnh An Giang,09/11/2023,Chứng nhận cơ bản,https://tinnhiemmang.vn/danh-ba-tin-nhiem/vinhphuoctritonangianggovvn-1699410768
vinhphuong.nhatrang.khanhhoa.gov.vn,UBND xã Vĩnh Phương tỉnh Khánh Hòa,14/07/2022,Chứng nhận cơ bản,https://tinnhiemmang.vn/danh-ba-tin-nhiem/vinhphuongnhatrangkhanhhoagovvn-1626161375
vinhquang.baolam.caobang.gov.vn,"UBND xã Vĩnh Quang, huyện Bảo Lâm, Cao Bằng",25/12/2023,Chứng nhận cơ bản,https://tinnhiemmang.vn/danh-ba-tin-nhiem/vinhquangbaolamcaobanggovvn-1703419871
vinhquang.ubndtp.caobang.gov.vn,"UBND xã Vĩnh Quang, Thành phố Cao Bằng",25/12/2023,Chứng nhận cơ bản,https://tinnhiemmang.vn/danh-ba-tin-nhiem/vinhquangubndtpcaobanggovvn-1703419762
vinhquang.vinhloc.thanhhoa.gov.vn,UBND xã Vĩnh Quang tỉnh Thanh Hóa,29/05/2024,Chứng nhận cơ bản,https://tinnhiemmang.vn/danh-ba-tin-nhiem/vinhquangvinhlocthanhhoagovvn-1716892785
vinhquy.halang.caobang.gov.vn,"UBND xã Vinh Quý, huyện Hạ Lang, Cao Bằng",25/12/2023,Chứng nhận cơ bản,https://tinnhiemmang.vn/danh-ba-tin-nhiem/vinhquyhalangcaobanggovvn-1703475124
vinhquynh.thanhtri.hanoi.gov.vn,"UBND Xã Vĩnh Quỳnh huyện Thanh Trì, Hà Nội",10/05/2023,Chứng nhận cơ bản,https://tinnhiemmang.vn/danh-ba-tin-nhiem/vinhquynhthanhtrihanoigovvn-1683709307
vinhte.chaudoc.angiang.gov.vn,UBND Xã Vĩnh Tế tỉnh An Giang,09/11/2023,Chứng nhận cơ bản,https://tinnhiemmang.vn/danh-ba-tin-nhiem/vinhtechaudocangianggovvn-1699409160
vinhthai.nhatrang.khanhhoa.gov.vn,UBND xã Vĩnh Thái tỉnh Khánh Hòa,14/07/2022,Chứng nhận cơ bản,https://tinnhiemmang.vn/danh-ba-tin-nhiem/vinhthainhatrangkhanhhoagovvn-1626161481
vinhthanh.chauthanh.angiang.gov.vn,UBND Xã Vĩnh Thành tỉnh An Giang,09/11/2023,Chứng nhận cơ bản,https://tinnhiemmang.vn/danh-ba-tin-nhiem/vinhthanhchauthanhangianggovvn-1699362318
vinhthanh.nhatrang.khanhhoa.gov.vn,UBND xã Vĩnh Thạnh tỉnh Khánh Hòa,14/07/2022,Chứng nhận cơ bản,https://tinnhiemmang.vn/danh-ba-tin-nhiem/vinhthanhnhatrangkhanhhoagovvn-1626161779
vinhthanh.thuathienhue.gov.vn,UBND xã Vinh Thanh tỉnh Thừa Thiên Huế,19/07/2021,Chứng nhận cơ bản,https://tinnhiemmang.vn/danh-ba-tin-nhiem/vinhthanhthuathienhuegovvn-1626664868
vinhthanhtrung.chauphu.angiang.gov.vn,UBND Thị trấn Vĩnh Thạnh Trung,09/11/2023,Chứng nhận cơ bản,https://tinnhiemmang.vn/danh-ba-tin-nhiem/vinhthanhtrungchauphuangianggovvn-1699361450
vinhthinh.vinhloc.thanhhoa.gov.vn,UBND xã Vĩnh Thịnh tỉnh Thanh Hóa,29/05/2024,Chứng nhận cơ bản,https://tinnhiemmang.vn/danh-ba-tin-nhiem/vinhthinhvinhlocthanhhoagovvn-1716948783
vinhtho.nhatrang.khanhhoa.gov.vn,UBND phường Vĩnh Thọ tỉnh Khánh Hòa,14/07/2022,Chứng nhận cơ bản,https://tinnhiemmang.vn/danh-ba-tin-nhiem/vinhthonhatrangkhanhhoagovvn-1626161881
vinhtien.vinhloc.thanhhoa.gov.vn,UBND xã Vĩnh Tiến tỉnh Thanh Hóa,29/05/2024,Chứng nhận cơ bản,https://tinnhiemmang.vn/danh-ba-tin-nhiem/vinhtienvinhlocthanhhoagovvn-1716948721
vinhtrach.thoaison.angiang.gov.vn,UBND Xã Vĩnh Trạch tỉnh An Giang,09/11/2023,Chứng nhận cơ bản,https://tinnhiemmang.vn/danh-ba-tin-nhiem/vinhtrachthoaisonangianggovvn-1699411631
vinhtrung.nhatrang.khanhhoa.gov.vn,UBND xã Vĩnh Trung tỉnh Khánh Hòa,14/07/2022,Chứng nhận cơ bản,https://tinnhiemmang.vn/danh-ba-tin-nhiem/vinhtrungnhatrangkhanhhoagovvn-1626161956
vinhtrung.tinhbien.angiang.gov.vn,UBND Xã Vĩnh Trung tỉnh An Giang,09/11/2023,Chứng nhận cơ bản,https://tinnhiemmang.vn/danh-ba-tin-nhiem/vinhtrungtinhbienangianggovvn-1699372905
vinhtruong.anphu.angiang.gov.vn,Xã Vĩnh Trường tỉnh An Giang,09/11/2023,Chứng nhận cơ bản,https://tinnhiemmang.vn/danh-ba-tin-nhiem/vinhtruonganphuangianggovvn-1699348169
vinhtruong.nhatrang.khanhhoa.gov.vn,UBND phường Vĩnh Trường tỉnh Khánh Hòa,14/07/2022,Chứng nhận cơ bản,https://tinnhiemmang.vn/danh-ba-tin-nhiem/vinhtruongnhatrangkhanhhoagovvn-1626162052
vinhtuy.haibatrung.hanoi.gov.vn,UBND phường Vĩnh Tuy quận Hai Bà Trưng Hà Nội,10/05/2023,Chứng nhận cơ bản,https://tinnhiemmang.vn/danh-ba-tin-nhiem/vinhtuyhaibatrunghanoigovvn-1683604924
vinhxuan.thuathienhue.gov.vn,UBND xã Vinh Xuân tỉnh Thừa Thiên Huế,19/07/2021,Chứng nhận cơ bản,https://tinnhiemmang.vn/danh-ba-tin-nhiem/vinhxuanthuathienhuegovvn-1626665114
vinhxuong.tanchau.angiang.gov.vn,UBND Xã Vĩnh Xương tỉnh An Giang,09/11/2023,Chứng nhận cơ bản,https://tinnhiemmang.vn/danh-ba-tin-nhiem/vinhxuongtanchauangianggovvn-1699361221
vinhyen.vinhloc.thanhhoa.gov.vn,UBND xã Vĩnh Yên tỉnh Thanh Hóa,29/05/2024,Chứng nhận cơ bản,https://tinnhiemmang.vn/danh-ba-tin-nhiem/vinhyenvinhlocthanhhoagovvn-1716893164
vistec.gov.vn,Viện Đánh giá khoa học và Định giá  Công nghệ,04/03/2024,Chứng nhận cơ bản,https://tinnhiemmang.vn/danh-ba-tin-nhiem/vistecgovvn-1709538152
vivaweb.vn,Công Ty TNHH Thương Mại Dịch Vụ Halink,22/06/2022,Chứng nhận cơ bản,https://tinnhiemmang.vn/danh-ba-tin-nhiem/vivawebvn-1653729421
viwa.gov.vn,Cục Đường thủy nội địa Việt Nam,11/08/2021,Chứng nhận cơ bản,https://tinnhiemmang.vn/danh-ba-tin-nhiem/viwagovvn-1628680774
vkscapcaodanang.gov.vn,Viện kiểm sát nhân dân cấp cao tại Đà Nẵng,25/10/2023,Chứng nhận cơ bản,https://tinnhiemmang.vn/danh-ba-tin-nhiem/vkscapcaodananggovvn-1698115698
vksnd.gialai.gov.vn,Viện Kiểm sát nhân dân tỉnh Gia Lai,24/01/2024,Chứng nhận cơ bản,https://tinnhiemmang.vn/danh-ba-tin-nhiem/vksndgialaigovvn-1706063324
vms-north.com.vn,Tổng Công ty Bảo đảm an toàn hàng hải miền Bắc,11/08/2021,Chứng nhận cơ bản,https://tinnhiemmang.vn/danh-ba-tin-nhiem/vms-northcomvn-1628681876
vms-north.vn,Tổng Công ty Bảo đảm an toàn hàng hải miền Bắc,11/08/2021,Chứng nhận cơ bản,https://tinnhiemmang.vn/danh-ba-tin-nhiem/vms-northvn-1628681803
vms.thuathienhue.gov.vn,Sở Thông tin và Truyền thông tỉnh Thừa Thiên Huế,20/07/2021,Chứng nhận cơ bản,https://tinnhiemmang.vn/danh-ba-tin-nhiem/vmsthuathienhuegovvn-1626776284
vnsmartcity.com.vn,Công ty Cổ Phần Đô Thị Thông Minh Việt Nam,14/07/2022,Chứng nhận cơ bản,https://tinnhiemmang.vn/danh-ba-tin-nhiem/vnsmartcitycomvn-1653031526
vongdong.thoaison.angiang.gov.vn,UBND Xã Vọng Đông tỉnh An Giang,09/11/2023,Chứng nhận cơ bản,https://tinnhiemmang.vn/danh-ba-tin-nhiem/vongdongthoaisonangianggovvn-1699411588
vongla.donganh.hanoi.gov.vn,"UBND xã Võng La, Hà Nội",20/06/2024,Chứng nhận cơ bản,https://tinnhiemmang.vn/danh-ba-tin-nhiem/vongladonganhhanoigovvn-1718869387
vongthe.thoaison.angiang.gov.vn,UBND Xã Vọng Thê tỉnh An Giang,09/11/2023,Chứng nhận cơ bản,https://tinnhiemmang.vn/danh-ba-tin-nhiem/vongthethoaisonangianggovvn-1699411538
vpct.gov.vn,Văn phòng các chương trình trọng điểm  cấp nhà nước - Bộ Khoa học và Công nghệ,04/03/2024,Chứng nhận cơ bản,https://tinnhiemmang.vn/danh-ba-tin-nhiem/vpctgovvn-1709539383
vphdnd.bacninh.gov.vn,Hội Đồng Nhân Dân Tỉnh Bắc Ninh,25/01/2022,Chứng nhận cơ bản,https://tinnhiemmang.vn/danh-ba-tin-nhiem/vphdndbacninhgovvn-1643013153
vpubnd.backan.gov.vn,Văn phòng Ủy ban nhân dân tỉnh Bắc Kạn,03/08/2021,Chứng nhận cơ bản,https://tinnhiemmang.vn/danh-ba-tin-nhiem/vpubndbackangovvnpagesdefaultaspx-1627952471
vuminh.nguyenbinh.caobang.gov.vn,"UBND xã Vũ Minh, huyện Nguyên Bình, Cao Bằng",25/12/2023,Chứng nhận cơ bản,https://tinnhiemmang.vn/danh-ba-tin-nhiem/vuminhnguyenbinhcaobanggovvn-1703427852
vumuon.bachthong.gov.vn,UBND xã Vũ Muộn tỉnh Bắc Kạn,10/04/2024,Chứng nhận cơ bản,https://tinnhiemmang.vn/danh-ba-tin-nhiem/vumuonbachthonggovvn-1712713156
vungliem.vinhlong.gov.vn,UBND huyện Vũng Liêm tỉnh Vĩnh Long,25/05/2023,Chứng nhận cơ bản,https://tinnhiemmang.vn/danh-ba-tin-nhiem/vungliemvinhlonggovvn-1684915319
vungtaubrvt.edu.vn,Phòng Giáo dục và Đào tạo thành phố Vũng Tàu,22/02/2024,Chứng nhận cơ bản,https://tinnhiemmang.vn/danh-ba-tin-nhiem/vungtaubrvteduvn-1708512304
vunong.nguyenbinh.caobang.gov.vn,"UBND xã Vũ Nông, huyện Nguyên Bình, Cao Bằng",25/12/2023,Chứng nhận cơ bản,https://tinnhiemmang.vn/danh-ba-tin-nhiem/vunongnguyenbinhcaobanggovvn-1703427813
vyda.thuathienhue.gov.vn,UBND Phường Vỹ Dạ tỉnh Thừa Thiên Huế,19/07/2021,Chứng nhận cơ bản,https://tinnhiemmang.vn/danh-ba-tin-nhiem/vydathuathienhuegovvn-1626665230
www.thudo.gov.vn,Văn phòng UBND Thành phố,12/06/2021,Chứng nhận cơ bản,https://tinnhiemmang.vn/danh-ba-tin-nhiem/httpswwwthudogovvn-1623401215
xababich.bato.quangngai.gov.vn,Sở Thông tin và Truyền thông Quảng Ngãi,01/03/2024,Chứng nhận cơ bản,https://tinnhiemmang.vn/danh-ba-tin-nhiem/xababichbatoquangngaigovvn-1709192841
xabacung.bato.quangngai.gov.vn,"UBND Xã Ba Cung, Quảng Ngãi",02/01/2024,Chứng nhận cơ bản,https://tinnhiemmang.vn/danh-ba-tin-nhiem/xabacungbatoquangngaigovvn-1703835693
xabadien.bato.quangngai.gov.vn,"UBND Xã Ba Điền, Quảng Ngãi",02/01/2024,Chứng nhận cơ bản,https://tinnhiemmang.vn/danh-ba-tin-nhiem/xabadienbatoquangngaigovvn-1703835642
xabadinh.bato.quangngai.gov.vn,"UBND Xã Ba Dinh, Quảng Ngãi",02/01/2024,Chứng nhận cơ bản,https://tinnhiemmang.vn/danh-ba-tin-nhiem/xabadinhbatoquangngaigovvn-1703834761
xabadong.bato.quangngai.gov.vn,"UBND Xã Ba Động, Quảng Ngãi",02/01/2024,Chứng nhận cơ bản,https://tinnhiemmang.vn/danh-ba-tin-nhiem/xabadongbatoquangngaigovvn-1703834641
xabagiang.bato.quangngai.gov.vn,"UBND Xã Ba Giang, Quảng Ngãi",02/01/2024,Chứng nhận cơ bản,https://tinnhiemmang.vn/danh-ba-tin-nhiem/xabagiangbatoquangngaigovvn-1703834825
xabakham.bato.quangngai.gov.vn,"UBND Xã Ba Khâm, Quảng Ngãi",02/01/2024,Chứng nhận cơ bản,https://tinnhiemmang.vn/danh-ba-tin-nhiem/xabakhambatoquangngaigovvn-1703835584
xabale.bato.quangngai.gov.vn,"UBND Xã Ba Lế, Quảng Ngãi",02/01/2024,Chứng nhận cơ bản,https://tinnhiemmang.vn/danh-ba-tin-nhiem/xabalebatoquangngaigovvn-1703834998
xabalien.bato.quangngai.gov.vn,"UBND Xã Ba Liên, Quảng Ngãi",02/01/2024,Chứng nhận cơ bản,https://tinnhiemmang.vn/danh-ba-tin-nhiem/xabalienbatoquangngaigovvn-1703835214
xabanam.bato.quangngai.gov.vn,"UBND Xã Ba Nam, Quảng Ngãi",02/01/2024,Chứng nhận cơ bản,https://tinnhiemmang.vn/danh-ba-tin-nhiem/xabanambatoquangngaigovvn-1703835104
xabangac.bato.quangngai.gov.vn,"UBND Xã Ba Ngạc, Quảng Ngãi",02/01/2024,Chứng nhận cơ bản,https://tinnhiemmang.vn/danh-ba-tin-nhiem/xabangacbatoquangngaigovvn-1703834692
xabathanh.bato.quangngai.gov.vn,"UBND Xã Ba Thành, Quảng Ngãi",02/01/2024,Chứng nhận cơ bản,https://tinnhiemmang.vn/danh-ba-tin-nhiem/xabathanhbatoquangngaigovvn-1703834880
xabatieu.bato.quangngai.gov.vn,"UBND Xã Ba Tiêu, Quảng Ngãi",02/01/2024,Chứng nhận cơ bản,https://tinnhiemmang.vn/danh-ba-tin-nhiem/xabatieubatoquangngaigovvn-1703834936
xabato.bato.quangngai.gov.vn,"UBND Xã Ba Tô, Quảng Ngãi",02/01/2024,Chứng nhận cơ bản,https://tinnhiemmang.vn/danh-ba-tin-nhiem/xabatobatoquangngaigovvn-1703834469
xabatrang.bato.quangngai.gov.vn,"UBND Xã Ba Trang, Quảng Ngãi",02/01/2024,Chứng nhận cơ bản,https://tinnhiemmang.vn/danh-ba-tin-nhiem/xabatrangbatoquangngaigovvn-1703835529
xabavi.bato.quangngai.gov.vn,"UBND Xã Ba Vì, Quảng Ngãi",02/01/2024,Chứng nhận cơ bản,https://tinnhiemmang.vn/danh-ba-tin-nhiem/xabavibatoquangngaigovvn-1703835434
xabavinh.bato.quangngai.gov.vn,"UBND Xã Ba Vinh, Quảng Ngãi",02/01/2024,Chứng nhận cơ bản,https://tinnhiemmang.vn/danh-ba-tin-nhiem/xabavinhbatoquangngaigovvn-1703834589
xabaxa.bato.quangngai.gov.vn,"UBND Xã Ba Xa, Quảng Ngãi",02/01/2024,Chứng nhận cơ bản,https://tinnhiemmang.vn/danh-ba-tin-nhiem/xabaxabatoquangngaigovvn-1703834534
xabinhan.binhson.quangngai.gov.vn,"UBND Xã Bình An, Quảng Ngãi",02/01/2024,Chứng nhận cơ bản,https://tinnhiemmang.vn/danh-ba-tin-nhiem/xabinhanbinhsonquangngaigovvn-1703832186
xabinhchanh.binhson.quangngai.gov.vn,"UBND Xã Bình Chánh, Quảng Ngãi",02/01/2024,Chứng nhận cơ bản,https://tinnhiemmang.vn/danh-ba-tin-nhiem/xabinhchanhbinhsonquangngaigovvn-1703832223
xabinhchau.binhson.quangngai.gov.vn,"UBND Xã Bình Châu, Quảng Ngãi",02/01/2024,Chứng nhận cơ bản,https://tinnhiemmang.vn/danh-ba-tin-nhiem/xabinhchaubinhsonquangngaigovvn-1703832327
xabinhchuong.binhson.quangngai.gov.vn,"UBND Xã Bình Chương, Quảng Ngãi",02/01/2024,Chứng nhận cơ bản,https://tinnhiemmang.vn/danh-ba-tin-nhiem/xabinhchuongbinhsonquangngaigovvn-1703832390
xabinhdong.binhson.quangngai.gov.vn,"UBND Xã Bình Đông, Quảng Ngãi",02/01/2024,Chứng nhận cơ bản,https://tinnhiemmang.vn/danh-ba-tin-nhiem/xabinhdongbinhsonquangngaigovvn-1703832514
xabinhduong.binhson.quangngai.gov.vn,"UBND Xã Bình Dương, Quảng Ngãi",02/01/2024,Chứng nhận cơ bản,https://tinnhiemmang.vn/danh-ba-tin-nhiem/xabinhduongbinhsonquangngaigovvn-1703832452
xabinhhai.binhson.quangngai.gov.vn,"UBND Xã Bình Hải, Quảng Ngãi",02/01/2024,Chứng nhận cơ bản,https://tinnhiemmang.vn/danh-ba-tin-nhiem/xabinhhaibinhsonquangngaigovvn-1703832573
xabinhhiep.binhson.quangngai.gov.vn,"UBND Xã Bình Hiệp, Quảng Ngãi",02/01/2024,Chứng nhận cơ bản,https://tinnhiemmang.vn/danh-ba-tin-nhiem/xabinhhiepbinhsonquangngaigovvn-1703832631
xabinhhoa.binhson.quangngai.gov.vn,"UBND Xã Bình Hòa, Quảng Ngãi",02/01/2024,Chứng nhận cơ bản,https://tinnhiemmang.vn/danh-ba-tin-nhiem/xabinhhoabinhsonquangngaigovvn-1703832695
xabinhkhuong.binhson.quangngai.gov.vn,"UBND Xã Bình Khương, Quảng Ngãi",02/01/2024,Chứng nhận cơ bản,https://tinnhiemmang.vn/danh-ba-tin-nhiem/xabinhkhuongbinhsonquangngaigovvn-1703832757
xabinhlong.binhson.quangngai.gov.vn,"UBND Xã Bình Long, Quảng Ngãi",02/01/2024,Chứng nhận cơ bản,https://tinnhiemmang.vn/danh-ba-tin-nhiem/xabinhlongbinhsonquangngaigovvn-1703832819
xabinhminh.binhson.quangngai.gov.vn,"UBND Xã Bình Minh, Quảng Ngãi",02/01/2024,Chứng nhận cơ bản,https://tinnhiemmang.vn/danh-ba-tin-nhiem/xabinhminhbinhsonquangngaigovvn-1703832891
xabinhmy.binhson.quangngai.gov.vn,"UBND Xã Bình Mỹ, Quảng Ngãi",02/01/2024,Chứng nhận cơ bản,https://tinnhiemmang.vn/danh-ba-tin-nhiem/xabinhmybinhsonquangngaigovvn-1703832954
xabinhnguyen.binhson.quangngai.gov.vn,"UBND Xã Bình Nguyên, Quảng Ngãi",02/01/2024,Chứng nhận cơ bản,https://tinnhiemmang.vn/danh-ba-tin-nhiem/xabinhnguyenbinhsonquangngaigovvn-1703833654
xabinhphuoc.binhson.quangngai.gov.vn,"UBND Xã Bình Phước, Quảng Ngãi",02/01/2024,Chứng nhận cơ bản,https://tinnhiemmang.vn/danh-ba-tin-nhiem/xabinhphuocbinhsonquangngaigovvn-1703833714
xabinhtanphu.binhson.quangngai.gov.vn,"UBND Xã Bình Tân Phú, Quảng Ngãi",02/01/2024,Chứng nhận cơ bản,https://tinnhiemmang.vn/danh-ba-tin-nhiem/xabinhtanphubinhsonquangngaigovvn-1703833766
xabinhthanh.binhson.quangngai.gov.vn,"UBND Xã Bình Thanh, Quảng Ngãi",02/01/2024,Chứng nhận cơ bản,https://tinnhiemmang.vn/danh-ba-tin-nhiem/xabinhthanhbinhsonquangngaigovvn-1703833823
xabinhthanhbn.binhson.quangngai.gov.vn,"UBND Xã Bình Thạnh, Quảng Ngãi",02/01/2024,Chứng nhận cơ bản,https://tinnhiemmang.vn/danh-ba-tin-nhiem/xabinhthanhbnbinhsonquangngaigovvn-1703833878
xabinhthuan.binhson.quangngai.gov.vn,"UBND Xã Bình Thuận, Quảng Ngãi",02/01/2024,Chứng nhận cơ bản,https://tinnhiemmang.vn/danh-ba-tin-nhiem/xabinhthuanbinhsonquangngaigovvn-1703833934
xabinhtri.binhson.quangngai.gov.vn,"UBND Xã Bình Trị, Quảng Ngãi",02/01/2024,Chứng nhận cơ bản,https://tinnhiemmang.vn/danh-ba-tin-nhiem/xabinhtribinhsonquangngaigovvn-1703833992
xabinhtrung.binhson.quangngai.gov.vn,"UBND Xã Bình Trung, Quảng Ngãi",02/01/2024,Chứng nhận cơ bản,https://tinnhiemmang.vn/danh-ba-tin-nhiem/xabinhtrungbinhsonquangngaigovvn-1703834049
xacminhlltp.moj.gov.vn,Bộ Tư pháp,14/07/2022,Chứng nhận cơ bản,https://tinnhiemmang.vn/danh-ba-tin-nhiem/xacminhlltpmojgovvn-1625742058
xaducchanh.moduc.quangngai.gov.vn,"UBND Xã Đức Chánh, Quảng Ngãi",02/01/2024,Chứng nhận cơ bản,https://tinnhiemmang.vn/danh-ba-tin-nhiem/xaducchanhmoducquangngaigovvn-1703836909
xaduchiep.moduc.quangngai.gov.vn,"UBND Xã Đức Hiệp, Quảng Ngãi",02/01/2024,Chứng nhận cơ bản,https://tinnhiemmang.vn/danh-ba-tin-nhiem/xaduchiepmoducquangngaigovvn-1703836334
xaduchoa.moduc.quangngai.gov.vn,"UBND Xã Đức Hòa, Quảng Ngãi",02/01/2024,Chứng nhận cơ bản,https://tinnhiemmang.vn/danh-ba-tin-nhiem/xaduchoamoducquangngaigovvn-1703836600
xaduclan.moduc.quangngai.gov.vn,"UBND Xã Đức Lân, Quảng Ngãi",02/01/2024,Chứng nhận cơ bản,https://tinnhiemmang.vn/danh-ba-tin-nhiem/xaduclanmoducquangngaigovvn-1703836468
xaducloi.moduc.quangngai.gov.vn,"UBND Xã Đức Lợi, Quảng Ngãi",02/01/2024,Chứng nhận cơ bản,https://tinnhiemmang.vn/danh-ba-tin-nhiem/xaducloimoducquangngaigovvn-1703836722
xaducminh.moduc.quangngai.gov.vn,"UBND Xã Đức Minh, Quảng Ngãi",02/01/2024,Chứng nhận cơ bản,https://tinnhiemmang.vn/danh-ba-tin-nhiem/xaducminhmoducquangngaigovvn-1703836659
xaducnhuan.moduc.quangngai.gov.vn,"UBND Xã Đức Nhuận, Quảng Ngãi",02/01/2024,Chứng nhận cơ bản,https://tinnhiemmang.vn/danh-ba-tin-nhiem/xaducnhuanmoducquangngaigovvn-1703836785
xaducphong.moduc.quangngai.gov.vn,"UBND Xã Đức Phong, Quảng Ngãi",02/01/2024,Chứng nhận cơ bản,https://tinnhiemmang.vn/danh-ba-tin-nhiem/xaducphongmoducquangngaigovvn-1703836403
xaducphu.moduc.quangngai.gov.vn,"UBND Xã Đức Phú, Quảng Ngãi",02/01/2024,Chứng nhận cơ bản,https://tinnhiemmang.vn/danh-ba-tin-nhiem/xaducphumoducquangngaigovvn-1703836547
xaductan.moduc.quangngai.gov.vn,"UBND Xã Đức Tân, Quảng Ngãi",02/01/2024,Chứng nhận cơ bản,https://tinnhiemmang.vn/danh-ba-tin-nhiem/xaductanmoducquangngaigovvn-1703836848
xaducthang.moduc.quangngai.gov.vn,"UBND Xã Đức Thắng, Quảng Ngãi",02/01/2024,Chứng nhận cơ bản,https://tinnhiemmang.vn/danh-ba-tin-nhiem/xaducthangmoducquangngaigovvn-1703835822
xaducthanh.moduc.quangngai.gov.vn,"UBND Xã Đức Thạnh, Quảng Ngãi",02/01/2024,Chứng nhận cơ bản,https://tinnhiemmang.vn/danh-ba-tin-nhiem/xaducthanhmoducquangngaigovvn-1703836984
xahanhduc.nghiahanh.quangngai.gov.vn,"UBND Xã Hành Đức, Quảng Ngãi",20/12/2023,Chứng nhận cơ bản,https://tinnhiemmang.vn/danh-ba-tin-nhiem/xahanhducnghiahanhquangngaigovvn-1702972111
xahanhdung.nghiahanh.quangngai.gov.vn,"UBND Xã Hành Dũng, Quảng Ngãi",20/12/2023,Chứng nhận cơ bản,https://tinnhiemmang.vn/danh-ba-tin-nhiem/xahanhdungnghiahanhquangngaigovvn-1702972077
xahanhminh.nghiahanh.quangngai.gov.vn,"UBND Xã Hành Minh, Quảng Ngãi",20/12/2023,Chứng nhận cơ bản,https://tinnhiemmang.vn/danh-ba-tin-nhiem/xahanhminhnghiahanhquangngaigovvn-1702972117
xahanhnhan.nghiahanh.quangngai.gov.vn,"UBND Xã Hành Nhân, Quảng Ngãi",20/12/2023,Chứng nhận cơ bản,https://tinnhiemmang.vn/danh-ba-tin-nhiem/xahanhnhannghiahanhquangngaigovvn-1702972104
xahanhphuoc.nghiahanh.quangngai.gov.vn,"UBND Xã Hành Phước, Quảng Ngãi",20/12/2023,Chứng nhận cơ bản,https://tinnhiemmang.vn/danh-ba-tin-nhiem/xahanhphuocnghiahanhquangngaigovvn-1702972083
xahanhthien.nghiahanh.quangngai.gov.vn,"UBND Xã Hành Thiện, Quảng Ngãi",20/12/2023,Chứng nhận cơ bản,https://tinnhiemmang.vn/danh-ba-tin-nhiem/xahanhthiennghiahanhquangngaigovvn-1702972052
xahanhthinh.nghiahanh.quangngai.gov.vn,"UBND Xã Hành Thịnh, Quảng Ngãi",20/12/2023,Chứng nhận cơ bản,https://tinnhiemmang.vn/danh-ba-tin-nhiem/xahanhthinhnghiahanhquangngaigovvn-1702972058
xahanhthuan.nghiahanh.quangngai.gov.vn,"UBND Xã Hành Thuận, Quảng Ngãi",20/12/2023,Chứng nhận cơ bản,https://tinnhiemmang.vn/danh-ba-tin-nhiem/xahanhthuannghiahanhquangngaigovvn-1702972089
xahanhtindong.nghiahanh.quangngai.gov.vn,"UBND Xã Hành Tín Đông, Quảng Ngãi",20/12/2023,Chứng nhận cơ bản,https://tinnhiemmang.vn/danh-ba-tin-nhiem/xahanhtindongnghiahanhquangngaigovvn-1702972064
xahanhtintay.nghiahanh.quangngai.gov.vn,"UBND Xã Hành Tín Tây, Quảng Ngãi",20/12/2023,Chứng nhận cơ bản,https://tinnhiemmang.vn/danh-ba-tin-nhiem/xahanhtintaynghiahanhquangngaigovvn-1702972071
xahanhtrung.nghiahanh.quangngai.gov.vn,"UBND Xã Hành Trung, Quảng Ngãi",20/12/2023,Chứng nhận cơ bản,https://tinnhiemmang.vn/danh-ba-tin-nhiem/xahanhtrungnghiahanhquangngaigovvn-1702972097
xahuongtra.trabong.quangngai.gov.vn,"UBND Xã Hương Trà, Quảng Ngãi",02/01/2024,Chứng nhận cơ bản,https://tinnhiemmang.vn/danh-ba-tin-nhiem/xahuongtratrabongquangngaigovvn-1703842089
xalonghiep.minhlong.quangngai.gov.vn,"UBND Xã Long Hiệp, Quảng Ngãi",02/01/2024,Chứng nhận cơ bản,https://tinnhiemmang.vn/danh-ba-tin-nhiem/xalonghiepminhlongquangngaigovvn-1703843843
xalongmai.minhlong.quangngai.gov.vn,"UBND Xã Long Mai, Quảng Ngãi",02/01/2024,Chứng nhận cơ bản,https://tinnhiemmang.vn/danh-ba-tin-nhiem/xalongmaiminhlongquangngaigovvn-1703843749
xalongmon.minhlong.quangngai.gov.vn,"UBND Xã Long Môn, Quảng Ngãi",02/01/2024,Chứng nhận cơ bản,https://tinnhiemmang.vn/danh-ba-tin-nhiem/xalongmonminhlongquangngaigovvn-1703843896
xalongson.minhlong.quangngai.gov.vn,"UBND Xã Long Sơn, Quảng Ngãi",02/01/2024,Chứng nhận cơ bản,https://tinnhiemmang.vn/danh-ba-tin-nhiem/xalongsonminhlongquangngaigovvn-1703843798
xanghiaan.thanhpho.quangngai.gov.vn,"UBND Xã Nghĩa An, Quảng Ngãi",02/01/2024,Chứng nhận cơ bản,https://tinnhiemmang.vn/danh-ba-tin-nhiem/xanghiaanthanhphoquangngaigovvn-1703826316
xanghiadien.tunghia.quangngai.gov.vn,"UBND Xã Nghĩa Điền, Quảng Ngãi",02/01/2024,Chứng nhận cơ bản,https://tinnhiemmang.vn/danh-ba-tin-nhiem/xanghiadientunghiaquangngaigovvn-1703838133
xanghiadong.thanhpho.quangngai.gov.vn,"UBND Xã Nghĩa Dõng, Quảng Ngãi",02/01/2024,Chứng nhận cơ bản,https://tinnhiemmang.vn/danh-ba-tin-nhiem/xanghiadongthanhphoquangngaigovvn-1703825552
xanghiadung.thanhpho.quangngai.gov.vn,"UBND Xã Nghĩa Dũng, Quảng Ngãi",02/01/2024,Chứng nhận cơ bản,https://tinnhiemmang.vn/danh-ba-tin-nhiem/xanghiadungthanhphoquangngaigovvn-1703826233
xanghiaha.thanhpho.quangngai.gov.vn,"UBND Xã Nghĩa Hà, Quảng Ngãi",02/01/2024,Chứng nhận cơ bản,https://tinnhiemmang.vn/danh-ba-tin-nhiem/xanghiahathanhphoquangngaigovvn-1703826355
xanghiahiep.tunghia.quangngai.gov.vn,"UBND Xã Nghĩa Hiệp, Quảng Ngãi",02/01/2024,Chứng nhận cơ bản,https://tinnhiemmang.vn/danh-ba-tin-nhiem/xanghiahieptunghiaquangngaigovvn-1703837705
xanghiahoa.tunghia.quangngai.gov.vn,"UBND Xã Nghĩa Hòa, Quảng Ngãi",02/01/2024,Chứng nhận cơ bản,https://tinnhiemmang.vn/danh-ba-tin-nhiem/xanghiahoatunghiaquangngaigovvn-1703837777
xanghiaky.tunghia.quangngai.gov.vn,"UBND xã Nghĩa Kỳ, huyện Tư Nghĩa, tỉnh Quảng Ngãi",02/01/2024,Chứng nhận cơ bản,https://tinnhiemmang.vn/danh-ba-tin-nhiem/xanghiakytunghiaquangngaigovvn-1703837538
xanghialam.tunghia.quangngai.gov.vn,"UBND Xã Nghĩa Lâm, Quảng Ngãi",02/01/2024,Chứng nhận cơ bản,https://tinnhiemmang.vn/danh-ba-tin-nhiem/xanghialamtunghiaquangngaigovvn-1703837386
xanghiamy.tunghia.quangngai.gov.vn,"UBND Xã Nghĩa Mỹ, Quảng Ngãi",02/01/2024,Chứng nhận cơ bản,https://tinnhiemmang.vn/danh-ba-tin-nhiem/xanghiamytunghiaquangngaigovvn-1703838186
xanghiaphu.thanhpho.quangngai.gov.vn,"UBND Xã Nghĩa Phú, Quảng Ngãi",02/01/2024,Chứng nhận cơ bản,https://tinnhiemmang.vn/danh-ba-tin-nhiem/xanghiaphuthanhphoquangngaigovvn-1703826274
xanghiaphuong.tunghia.quangngai.gov.vn,"UBND Xã Nghĩa Phương, Quảng Ngãi",02/01/2024,Chứng nhận cơ bản,https://tinnhiemmang.vn/danh-ba-tin-nhiem/xanghiaphuongtunghiaquangngaigovvn-1703838073
xanghiason.tunghia.quangngai.gov.vn,"UBND Xã Nghĩa Sơn, Quảng Ngãi",02/01/2024,Chứng nhận cơ bản,https://tinnhiemmang.vn/danh-ba-tin-nhiem/xanghiasontunghiaquangngaigovvn-1703838248
xanghiathang.quangngai.gov.vn,Uỷ ban nhân dân xã Nghĩa Thắng,07/12/2023,Chứng nhận cơ bản,https://tinnhiemmang.vn/danh-ba-tin-nhiem/xanghiathangquangngaigovvn-1701833149
xanghiathang.tunghia.quangngai.gov.vn,"UBND Xã Nghĩa Thắng, Quảng Ngãi",02/01/2024,Chứng nhận cơ bản,https://tinnhiemmang.vn/danh-ba-tin-nhiem/xanghiathangtunghiaquangngaigovvn-1703837443
xanghiathuan.tunghia.quangngai.gov.vn,"UBND Xã Nghĩa Thuận, Quảng Ngãi",02/01/2024,Chứng nhận cơ bản,https://tinnhiemmang.vn/danh-ba-tin-nhiem/xanghiathuantunghiaquangngaigovvn-1703837850
xanghiathuong.tunghia.quangngai.gov.vn,"UBND Xã Nghĩa Thương, Quảng Ngãi",02/01/2024,Chứng nhận cơ bản,https://tinnhiemmang.vn/danh-ba-tin-nhiem/xanghiathuongtunghiaquangngaigovvn-1703838015
xanghiatrung.quangngai.gov.vn,UBND xã Nghĩa Trung,07/12/2023,Chứng nhận cơ bản,https://tinnhiemmang.vn/danh-ba-tin-nhiem/xanghiatrungquangngaigovvn-1701835117
xanghiatrung.tunghia.quangngai.gov.vn,"UBND Xã Nghĩa Trung, Quảng Ngãi",02/01/2024,Chứng nhận cơ bản,https://tinnhiemmang.vn/danh-ba-tin-nhiem/xanghiatrungtunghiaquangngaigovvn-1703837639
xaphoan.ducpho.quangngai.gov.vn,"UBND Xã Phổ An, Quảng Ngãi",02/01/2024,Chứng nhận cơ bản,https://tinnhiemmang.vn/danh-ba-tin-nhiem/xaphoanducphoquangngaigovvn-1703832058
xaphochau.ducpho.quangngai.gov.vn,"UBND Xã Phổ Châu, Quảng Ngãi",02/01/2024,Chứng nhận cơ bản,https://tinnhiemmang.vn/danh-ba-tin-nhiem/xaphochauducphoquangngaigovvn-1703831532
xaphocuong.ducpho.quangngai.gov.vn,"UBND Xã Phổ Cường, Quảng Ngãi",02/01/2024,Chứng nhận cơ bản,https://tinnhiemmang.vn/danh-ba-tin-nhiem/xaphocuongducphoquangngaigovvn-1703831580
xaphokhanh.ducpho.quangngai.gov.vn,"UBND Xã Phổ Khánh, Quảng Ngãi",02/01/2024,Chứng nhận cơ bản,https://tinnhiemmang.vn/danh-ba-tin-nhiem/xaphokhanhducphoquangngaigovvn-1703831630
xaphonhon.ducpho.quangngai.gov.vn,"UBND Xã Phổ Nhơn, Quảng Ngãi",02/01/2024,Chứng nhận cơ bản,https://tinnhiemmang.vn/danh-ba-tin-nhiem/xaphonhonducphoquangngaigovvn-1703832096
xaphophong.ducpho.quangngai.gov.vn,"UBND Xã Phổ Phong, Quảng Ngãi",02/01/2024,Chứng nhận cơ bản,https://tinnhiemmang.vn/danh-ba-tin-nhiem/xaphophongducphoquangngaigovvn-1703831715
xaphothuan.ducpho.quangngai.gov.vn,"UBND Xã Phổ Thuận, Quảng Ngãi",02/01/2024,Chứng nhận cơ bản,https://tinnhiemmang.vn/danh-ba-tin-nhiem/xaphothuanducphoquangngaigovvn-1703831675
xasonba.sonha.quangngai.gov.vn,"UBND Xã Sơn Ba, Quảng Ngãi",02/01/2024,Chứng nhận cơ bản,https://tinnhiemmang.vn/danh-ba-tin-nhiem/xasonbasonhaquangngaigovvn-1703840799
xasonbao.sonha.quangngai.gov.vn,"UBND Xã Sơn Bao, Quảng Ngãi",02/01/2024,Chứng nhận cơ bản,https://tinnhiemmang.vn/danh-ba-tin-nhiem/xasonbaosonhaquangngaigovvn-1703841251
xasonbua.sontay.quangngai.gov.vn,"UBND Xã Sơn Bua, Quảng Ngãi",02/01/2024,Chứng nhận cơ bản,https://tinnhiemmang.vn/danh-ba-tin-nhiem/xasonbuasontayquangngaigovvn-1703841483
xasoncao.sonha.quangngai.gov.vn,"UBND Xã Sơn Cao, Quảng Ngãi",02/01/2024,Chứng nhận cơ bản,https://tinnhiemmang.vn/danh-ba-tin-nhiem/xasoncaosonhaquangngaigovvn-1703840983
xasondung.sontay.quangngai.gov.vn,"UBND Xã Sơn Dung, Quảng Ngãi",02/01/2024,Chứng nhận cơ bản,https://tinnhiemmang.vn/danh-ba-tin-nhiem/xasondungsontayquangngaigovvn-1703841332
xasongiang.sonha.quangngai.gov.vn,"UBND Xã Sơn Giang, Quảng Ngãi",02/01/2024,Chứng nhận cơ bản,https://tinnhiemmang.vn/danh-ba-tin-nhiem/xasongiangsonhaquangngaigovvn-1703841067
xasonha.sonha.quangngai.gov.vn,"UBND Xã Sơn Hạ, Quảng Ngãi",02/01/2024,Chứng nhận cơ bản,https://tinnhiemmang.vn/danh-ba-tin-nhiem/xasonhasonhaquangngaigovvn-1703841289
xasonhai.sonha.quangngai.gov.vn,"UBND Xã Sơn Hải, Quảng Ngãi",02/01/2024,Chứng nhận cơ bản,https://tinnhiemmang.vn/danh-ba-tin-nhiem/xasonhaisonhaquangngaigovvn-1703840926
xasonky.sonha.quangngai.gov.vn,"UBND Xã Sơn Kỳ, Quảng Ngãi",02/01/2024,Chứng nhận cơ bản,https://tinnhiemmang.vn/danh-ba-tin-nhiem/xasonkysonhaquangngaigovvn-1703841215
xasonlap.sontay.quangngai.gov.vn,"UBND Xã Sơn Lập, Quảng Ngãi",02/01/2024,Chứng nhận cơ bản,https://tinnhiemmang.vn/danh-ba-tin-nhiem/xasonlapsontayquangngaigovvn-1703841518
xasonlien.sontay.quangngai.gov.vn,"UBND Xã Sơn Liên, Quảng Ngãi",02/01/2024,Chứng nhận cơ bản,https://tinnhiemmang.vn/danh-ba-tin-nhiem/xasonliensontayquangngaigovvn-1703841552
xasonlinh.sonha.quangngai.gov.vn,"UBND Xã Sơn Linh, Quảng Ngãi",02/01/2024,Chứng nhận cơ bản,https://tinnhiemmang.vn/danh-ba-tin-nhiem/xasonlinhsonhaquangngaigovvn-1703841179
xasonlong.sontay.quangngai.gov.vn,"UBND Xã Sơn Long, Quảng Ngãi",02/01/2024,Chứng nhận cơ bản,https://tinnhiemmang.vn/danh-ba-tin-nhiem/xasonlongsontayquangngaigovvn-1703841621
xasonmau.sontay.quangngai.gov.vn,"UBND Xã Sơn Mầu, Quảng Ngãi",02/01/2024,Chứng nhận cơ bản,https://tinnhiemmang.vn/danh-ba-tin-nhiem/xasonmausontayquangngaigovvn-1703841585
xasonmua.sontay.quangngai.gov.vn,"UBND Xã Sơn Mùa, Quảng Ngãi",02/01/2024,Chứng nhận cơ bản,https://tinnhiemmang.vn/danh-ba-tin-nhiem/xasonmuasontayquangngaigovvn-1703841371
xasonnham.sonha.quangngai.gov.vn,"UBND Xã Sơn Nham, Quảng Ngãi",02/01/2024,Chứng nhận cơ bản,https://tinnhiemmang.vn/danh-ba-tin-nhiem/xasonnhamsonhaquangngaigovvn-1703840743
xasontan.sontay.quangngai.gov.vn,"UBND Xã Sơn Tân, Quảng Ngãi",02/01/2024,Chứng nhận cơ bản,https://tinnhiemmang.vn/danh-ba-tin-nhiem/xasontansontayquangngaigovvn-1703841446
xasonthanh.sonha.quangngai.gov.vn,"UBND Xã Sơn Thành, Quảng Ngãi",02/01/2024,Chứng nhận cơ bản,https://tinnhiemmang.vn/danh-ba-tin-nhiem/xasonthanhsonhaquangngaigovvn-1703840493
xasonthuong.sonha.quangngai.gov.vn,"UBND Xã Sơn Thượng, Quảng Ngãi",02/01/2024,Chứng nhận cơ bản,https://tinnhiemmang.vn/danh-ba-tin-nhiem/xasonthuongsonhaquangngaigovvn-1703840548
xasonthuy.sonha.quangngai.gov.vn,"UBND Xã Sơn Thủy, Quảng Ngãi",02/01/2024,Chứng nhận cơ bản,https://tinnhiemmang.vn/danh-ba-tin-nhiem/xasonthuysonhaquangngaigovvn-1703840854
xasontinh.sontay.quangngai.gov.vn,"UBND Xã Sơn Tinh, Quảng Ngãi",02/01/2024,Chứng nhận cơ bản,https://tinnhiemmang.vn/danh-ba-tin-nhiem/xasontinhsontayquangngaigovvn-1703841410
xasontra.trabong.quangngai.gov.vn,"UBND Xã Sơn Trà, Quảng Ngãi",02/01/2024,Chứng nhận cơ bản,https://tinnhiemmang.vn/danh-ba-tin-nhiem/xasontratrabongquangngaigovvn-1703842019
xasontrung.sonha.quangngai.gov.vn,"UBND Xã Sơn Trung, Quảng Ngãi",02/01/2024,Chứng nhận cơ bản,https://tinnhiemmang.vn/danh-ba-tin-nhiem/xasontrungsonhaquangngaigovvn-1703840688
xathanhan.minhlong.quangngai.gov.vn,"UBND Xã Thanh An, Quảng Ngãi",02/01/2024,Chứng nhận cơ bản,https://tinnhiemmang.vn/danh-ba-tin-nhiem/xathanhanminhlongquangngaigovvn-1703843937
xatinhan.thanhpho.quangngai.gov.vn,"UBND Xã Tịnh An, Quảng Ngãi",02/01/2024,Chứng nhận cơ bản,https://tinnhiemmang.vn/danh-ba-tin-nhiem/xatinhanthanhphoquangngaigovvn-1703826393
xatinhandong.thanhpho.quangngai.gov.vn,"UBND Xã Tịnh Ấn Đông, Quảng Ngãi",02/01/2024,Chứng nhận cơ bản,https://tinnhiemmang.vn/danh-ba-tin-nhiem/xatinhandongthanhphoquangngaigovvn-1703826538
xatinhantay.thanhpho.quangngai.gov.vn,"UBND Xã Tịnh Ấn Tây, Quảng Ngãi",02/01/2024,Chứng nhận cơ bản,https://tinnhiemmang.vn/danh-ba-tin-nhiem/xatinhantaythanhphoquangngaigovvn-1703826745
xatinhbac.sontinh.quangngai.gov.vn,"UBND Xã Tịnh Bắc, Huyện Sơn Tịnh, Quảng Ngãi",02/01/2024,Chứng nhận cơ bản,https://tinnhiemmang.vn/danh-ba-tin-nhiem/xatinhbacsontinhquangngaigovvn-1703838528
xatinhbinh.sontinh.quangngai.gov.vn,"UBND Xã Tịnh Bình, huyện Sơn Tịnh, Quảng Ngãi",02/01/2024,Chứng nhận cơ bản,https://tinnhiemmang.vn/danh-ba-tin-nhiem/xatinhbinhsontinhquangngaigovvn-1703840164
xatinhchau.thanhpho.quangngai.gov.vn,"UBND Xã Tịnh Châu, Quảng Ngãi",02/01/2024,Chứng nhận cơ bản,https://tinnhiemmang.vn/danh-ba-tin-nhiem/xatinhchauthanhphoquangngaigovvn-1703826448
xatinhdong.sontinh.quangngai.gov.vn,"UBND Xã Tịnh Đông, huyện Sơn Tịnh, Quảng Ngãi",02/01/2024,Chứng nhận cơ bản,https://tinnhiemmang.vn/danh-ba-tin-nhiem/xatinhdongsontinhquangngaigovvn-1703840285
xatinhgiang.sontinh.quangngai.gov.vn,"UBND Xã Tịnh Giang, huyện Sơn Tịnh, Quảng Ngãi",02/01/2024,Chứng nhận cơ bản,https://tinnhiemmang.vn/danh-ba-tin-nhiem/xatinhgiangsontinhquangngaigovvn-1703840227
xatinhha.sontinh.quangngai.gov.vn,"UBND Xã Tịnh Hà, huyện Sơn Tịnh, Quảng Ngãi",02/01/2024,Chứng nhận cơ bản,https://tinnhiemmang.vn/danh-ba-tin-nhiem/xatinhhasontinhquangngaigovvn-1703838813
xatinhhiep.sontinh.quangngai.gov.vn,"UBND Xã Tịnh Hiệp,huyện Sơn Tịnh, Quảng Ngãi",02/01/2024,Chứng nhận cơ bản,https://tinnhiemmang.vn/danh-ba-tin-nhiem/xatinhhiepsontinhquangngaigovvn-1703838598
xatinhhoa.thanhpho.quangngai.gov.vn,"UBND Xã Tịnh Hòa, Quảng Ngãi",02/01/2024,Chứng nhận cơ bản,https://tinnhiemmang.vn/danh-ba-tin-nhiem/xatinhhoathanhphoquangngaigovvn-1703826940
xatinhkhe.thanhpho.quangngai.gov.vn,"UBND Xã Tịnh Khê, Quảng Ngãi",02/01/2024,Chứng nhận cơ bản,https://tinnhiemmang.vn/danh-ba-tin-nhiem/xatinhkhethanhphoquangngaigovvn-1703826785
xatinhky.thanhpho.quangngai.gov.vn,"UBND Xã Tịnh Kỳ, Quảng Ngãi",02/01/2024,Chứng nhận cơ bản,https://tinnhiemmang.vn/danh-ba-tin-nhiem/xatinhkythanhphoquangngaigovvn-1703826826
xatinhlong.thanhpho.quangngai.gov.vn,"UBND Xã Tịnh Long, Quảng Ngãi",02/01/2024,Chứng nhận cơ bản,https://tinnhiemmang.vn/danh-ba-tin-nhiem/xatinhlongthanhphoquangngaigovvn-1703826488
xatinhminh.sontinh.quangngai.gov.vn,"UBND Xã Tịnh Minh, huyện Sơn Tịnh, Quảng Ngãi",02/01/2024,Chứng nhận cơ bản,https://tinnhiemmang.vn/danh-ba-tin-nhiem/xatinhminhsontinhquangngaigovvn-1703840043
xatinhphong.sontinh.quangngai.gov.vn,"UBND Xã Tịnh Phong, huyện Sơn Tịnh, Quảng Ngãi",02/01/2024,Chứng nhận cơ bản,https://tinnhiemmang.vn/danh-ba-tin-nhiem/xatinhphongsontinhquangngaigovvn-1703840104
xatinhson.sontinh.quangngai.gov.vn,"UBND Xã Tịnh Sơn, huyện Sơn Tịnh, Quảng Ngãi",02/01/2024,Chứng nhận cơ bản,https://tinnhiemmang.vn/danh-ba-tin-nhiem/xatinhsonsontinhquangngaigovvn-1703838672
xatinhthien.thanhpho.quangngai.gov.vn,"UBND Xã Tịnh Thiện, Quảng Ngãi",02/01/2024,Chứng nhận cơ bản,https://tinnhiemmang.vn/danh-ba-tin-nhiem/xatinhthienthanhphoquangngaigovvn-1703826902
xatinhtho.sontinh.quangngai.gov.vn,"UBND Xã Tịnh Thọ, huyện Sơn Tịnh, Quảng Ngãi",02/01/2024,Chứng nhận cơ bản,https://tinnhiemmang.vn/danh-ba-tin-nhiem/xatinhthosontinhquangngaigovvn-1703838749
xatinhtra.sontinh.quangngai.gov.vn,"UBND Xã Tịnh Trà, huyện Sơn Tịnh, Quảng Ngãi",02/01/2024,Chứng nhận cơ bản,https://tinnhiemmang.vn/danh-ba-tin-nhiem/xatinhtrasontinhquangngaigovvn-1703838887
xatrabinh.trabong.quangngai.gov.vn,"UBND Xã Trà Bình, Quảng Ngãi",02/01/2024,Chứng nhận cơ bản,https://tinnhiemmang.vn/danh-ba-tin-nhiem/xatrabinhtrabongquangngaigovvn-1703841694
xatrabui.trabong.quangngai.gov.vn,"UBND Xã Trà Bùi, Quảng Ngãi",02/01/2024,Chứng nhận cơ bản,https://tinnhiemmang.vn/danh-ba-tin-nhiem/xatrabuitrabongquangngaigovvn-1703841910
xatragiang.trabong.quangngai.gov.vn,"UBND Xã Trà Giang, Quảng Ngãi",02/01/2024,Chứng nhận cơ bản,https://tinnhiemmang.vn/danh-ba-tin-nhiem/xatragiangtrabongquangngaigovvn-1703841948
xatrahiep.trabong.quangngai.gov.vn,"UBND Xã Trà Hiệp, Quảng Ngãi",02/01/2024,Chứng nhận cơ bản,https://tinnhiemmang.vn/danh-ba-tin-nhiem/xatrahieptrabongquangngaigovvn-1703841764
xatralam.trabong.quangngai.gov.vn,"UBND Xã Trà Lâm, Quảng Ngãi",02/01/2024,Chứng nhận cơ bản,https://tinnhiemmang.vn/danh-ba-tin-nhiem/xatralamtrabongquangngaigovvn-1703841804
xatraphong.trabong.quangngai.gov.vn,"UBND Xã Trà Phong, Quảng Ngãi",02/01/2024,Chứng nhận cơ bản,https://tinnhiemmang.vn/danh-ba-tin-nhiem/xatraphongtrabongquangngaigovvn-1703842203
xatraphu.trabong.quangngai.gov.vn,"UBND Xã Trà Phú, Quảng Ngãi",02/01/2024,Chứng nhận cơ bản,https://tinnhiemmang.vn/danh-ba-tin-nhiem/xatraphutrabongquangngaigovvn-1703841731
xatrason.trabong.quangngai.gov.vn,"UBND Xã Trà Sơn, Quảng Ngãi",02/01/2024,Chứng nhận cơ bản,https://tinnhiemmang.vn/danh-ba-tin-nhiem/xatrasontrabongquangngaigovvn-1703841840
xatratan.trabong.quangngai.gov.vn,"UBND Xã Trà Tân, Quảng Ngãi",02/01/2024,Chứng nhận cơ bản,https://tinnhiemmang.vn/danh-ba-tin-nhiem/xatratantrabongquangngaigovvn-1703841983
xatratay.trabong.quangngai.gov.vn,"UBND Xã Trà Tây, Quảng Ngãi",02/01/2024,Chứng nhận cơ bản,https://tinnhiemmang.vn/danh-ba-tin-nhiem/xatrataytrabongquangngaigovvn-1703842128
xatrathanh.trabong.quangngai.gov.vn,"UBND Xã Trà Thanh, Quảng Ngãi",02/01/2024,Chứng nhận cơ bản,https://tinnhiemmang.vn/danh-ba-tin-nhiem/xatrathanhtrabongquangngaigovvn-1703842053
xatrathuy.trabong.quangngai.gov.vn,"UBND Xã Trà Thủy, Quảng Ngãi",02/01/2024,Chứng nhận cơ bản,https://tinnhiemmang.vn/danh-ba-tin-nhiem/xatrathuytrabongquangngaigovvn-1703841877
xatraxinh.trabong.quangngai.gov.vn,"UBND Xã Trà Xinh, Quảng Ngãi",02/01/2024,Chứng nhận cơ bản,https://tinnhiemmang.vn/danh-ba-tin-nhiem/xatraxinhtrabongquangngaigovvn-1703842162
xayenvien.gialam.hanoi.gov.vn,"UBND xã Yên Viên, Gia Lâm, Hà Nội",11/11/2024,Chứng nhận cơ bản,https://tinnhiemmang.vn/danh-ba-tin-nhiem/xayenviengialamhanoigovvn-1731050404
xdddcn.khanhhoa.gov.vn,Ban Quản lý dự án đầu tư xây dựng các công trình Dân dụng và Công nghiệp tỉnh Khánh Hòa,14/07/2022,Chứng nhận cơ bản,https://tinnhiemmang.vn/danh-ba-tin-nhiem/xdddcnkhanhhoagovvn-1626074870
xdpl.moj.gov.vn,Bộ Tư pháp,14/07/2022,Chứng nhận cơ bản,https://tinnhiemmang.vn/danh-ba-tin-nhiem/xdplmojgovvn-1625733972
xebuyt.thuathienhue.gov.vn,UBND tỉnh Thừa Thiên Huế,21/07/2021,Chứng nhận cơ bản,https://tinnhiemmang.vn/danh-ba-tin-nhiem/xebuytthuathienhuegovvn-1626846490
xetnghiembaclieu.vn,Phòng xét nghiệm Y Khoa BS. Trần Quốc Sơn Bạc Liêu,03/11/2022,Chứng nhận cơ bản,https://tinnhiemmang.vn/danh-ba-tin-nhiem/xetnghiembaclieuvn-1667264773
xttmdn.dongnai.gov.vn,Trung tâm Xúc tiến Thương mại tỉnh Đồng Nai,26/09/2023,Chứng nhận cơ bản,https://tinnhiemmang.vn/danh-ba-tin-nhiem/xttmdndongnaigovvn-1695719915
xuanbai.thoxuan.thanhhoa.gov.vn,UBND xã Xuân Bái tỉnh Thanh Hóa,10/04/2024,Chứng nhận cơ bản,https://tinnhiemmang.vn/danh-ba-tin-nhiem/xuanbaithoxuanthanhhoagovvn-1712737195
xuanbinh.nhuxuan.thanhhoa.gov.vn,UBND xã Xuân Bình tỉnh Thanh Hóa,29/05/2024,Chứng nhận cơ bản,https://tinnhiemmang.vn/danh-ba-tin-nhiem/xuanbinhnhuxuanthanhhoagovvn-1716966324
xuancanh.donganh.hanoi.gov.vn,"UBND xã Xuân Canh, Hà Nội",20/06/2024,Chứng nhận cơ bản,https://tinnhiemmang.vn/danh-ba-tin-nhiem/xuancanhdonganhhanoigovvn-1718867729
xuancao.thuongxuan.thanhhoa.gov.vn,Ủy ban nhân dân xã Xuân Cao,06/03/2024,Chứng nhận cơ bản,https://tinnhiemmang.vn/danh-ba-tin-nhiem/xuancaothuongxuanthanhhoagovvn-1709625258
xuanchinh.thuongxuan.thanhhoa.gov.vn,Ủy ban nhân dân xã Xuân Chinh,06/03/2024,Chứng nhận cơ bản,https://tinnhiemmang.vn/danh-ba-tin-nhiem/xuanchinhthuongxuanthanhhoagovvn-1709626040
xuandinh.bactuliem.hanoi.gov.vn,"UBND phường Xuân Đỉnh quận Bắc Từ Liêm, thành phố Hà Nội",10/05/2023,Chứng nhận cơ bản,https://tinnhiemmang.vn/danh-ba-tin-nhiem/xuandinhbactuliemhanoigovvn-1683630279
xuandu.nhuthanh.thanhhoa.gov.vn,"UBND xã Xuân Du, huyện Như Thanh, Thanh Hóa",16/04/2024,Chứng nhận cơ bản,https://tinnhiemmang.vn/danh-ba-tin-nhiem/xuandunhuthanhthanhhoagovvn-1713155181
xuanduong.thanhoai.hanoi.gov.vn,"UBND xã Xuân Dương, Thanh Oai, Hà Nội",11/12/2023,Chứng nhận cơ bản,https://tinnhiemmang.vn/danh-ba-tin-nhiem/xuanduongthanhoaihanoigovvn-1702278043
xuanduong.thuongxuan.thanhhoa.gov.vn,"Ủy ban nhân dân xã Xuân Dương, huyện Thường Xuân, tỉnh Thanh Hóa",02/05/2024,Chứng nhận cơ bản,https://tinnhiemmang.vn/danh-ba-tin-nhiem/xuanduongthuongxuanthanhhoagovvn-1714105779
xuangiang.thoxuan.thanhhoa.gov.vn,UBND xã Xuân Giang tỉnh Thanh Hóa,10/04/2024,Chứng nhận cơ bản,https://tinnhiemmang.vn/danh-ba-tin-nhiem/xuangiangthoxuanthanhhoagovvn-1712734662
xuanha.danang.gov.vn,UBND phường Xuân Hà,18/12/2023,Chứng nhận cơ bản,https://tinnhiemmang.vn/danh-ba-tin-nhiem/xuanhadananggovvn-1702622412
xuanhiep.vinhlong.gov.vn,UBND xã Xuân Hiệp tỉnh Vĩnh Long,15/07/2021,Chứng nhận cơ bản,https://tinnhiemmang.vn/danh-ba-tin-nhiem/xuanhiepvinhlonggovvn-1626268052
xuanhoa.haquang.caobang.gov.vn,"UBND thị trấn Xuân Hòa, huyện Hà Quảng, Cao Bằng",25/12/2023,Chứng nhận cơ bản,https://tinnhiemmang.vn/danh-ba-tin-nhiem/xuanhoahaquangcaobanggovvn-1703219369
xuanhoa.nhuxuan.thanhhoa.gov.vn,UBND xã Xuân Hòa tỉnh Thanh Hóa,29/05/2024,Chứng nhận cơ bản,https://tinnhiemmang.vn/danh-ba-tin-nhiem/xuanhoanhuxuanthanhhoagovvn-1716966249
xuanhoa.thoxuan.thanhhoa.gov.vn,UBND xã Xuân Hòa tỉnh Thanh Hóa,10/04/2024,Chứng nhận cơ bản,https://tinnhiemmang.vn/danh-ba-tin-nhiem/xuanhoathoxuanthanhhoagovvn-1712736807
xuanhong.thoxuan.thanhhoa.gov.vn,UBND xã Xuân Hồng tỉnh Thanh Hóa,10/04/2024,Chứng nhận cơ bản,https://tinnhiemmang.vn/danh-ba-tin-nhiem/xuanhongthoxuanthanhhoagovvn-1712734730
xuanhung.thoxuan.thanhhoa.gov.vn,UBND xã Xuân Hưng tỉnh Thanh Hóa,10/04/2024,Chứng nhận cơ bản,https://tinnhiemmang.vn/danh-ba-tin-nhiem/xuanhungthoxuanthanhhoagovvn-1712737246
xuankhang.nhuthanh.thanhhoa.gov.vn,"UBND xã Xuân Khang, huyện Như Thanh, Thanh Hóa",16/04/2024,Chứng nhận cơ bản,https://tinnhiemmang.vn/danh-ba-tin-nhiem/xuankhangnhuthanhthanhhoagovvn-1713154809
xuankhanh.sontay.hanoi.gov.vn,"UBND phường Xuân Khanh, Hà Nội",20/06/2024,Chứng nhận cơ bản,https://tinnhiemmang.vn/danh-ba-tin-nhiem/xuankhanhsontayhanoigovvn-1718873098
xuanla.tayho.hanoi.gov.vn,"UBND phường Xuân La, Hà Nội",20/06/2024,Chứng nhận cơ bản,https://tinnhiemmang.vn/danh-ba-tin-nhiem/xuanlatayhohanoigovvn-1718870192
xuanlac.chodon.backan.gov.vn,Uỷ ban nhân dân xã Xuân Lạc tỉnh Bắc Kạn,10/04/2024,Chứng nhận cơ bản,https://tinnhiemmang.vn/danh-ba-tin-nhiem/xuanlacchodonbackangovvn-1712712424
xuanlac.chodon.gov.vn,"Uỷ ban nhân dân xã Xuân Lạc, tỉnh Bắc Kạn",24/05/2022,Chứng nhận cơ bản,https://tinnhiemmang.vn/danh-ba-tin-nhiem/xuanlacchodongovvn-1650424379
xuanlai.thoxuan.thanhhoa.gov.vn,UBND xã Xuân Lai tỉnh Thanh Hóa,10/04/2024,Chứng nhận cơ bản,https://tinnhiemmang.vn/danh-ba-tin-nhiem/xuanlaithoxuanthanhhoagovvn-1712736848
xuanlap.thoxuan.thanhhoa.gov.vn,UBND xã Xuân Lập tỉnh Thanh Hóa,10/04/2024,Chứng nhận cơ bản,https://tinnhiemmang.vn/danh-ba-tin-nhiem/xuanlapthoxuanthanhhoagovvn-1712737292
xuanle.thuongxuan.thanhhoa.gov.vn,Ủy ban nhân dân xã Xuân Lẹ,06/03/2024,Chứng nhận cơ bản,https://tinnhiemmang.vn/danh-ba-tin-nhiem/xuanlethuongxuanthanhhoagovvn-1709626838
xuanloc.thuathienhue.gov.vn,UBND Xã Xuân Lộc tỉnh Thừa Thiên Huế,19/07/2021,Chứng nhận cơ bản,https://tinnhiemmang.vn/danh-ba-tin-nhiem/xuanlocthuathienhuegovvn-1626665473
xuanloc.thuongxuan.thanhhoa.gov.vn,Ủy ban nhân dân xã Xuân Lộc,06/03/2024,Chứng nhận cơ bản,https://tinnhiemmang.vn/danh-ba-tin-nhiem/xuanlocthuongxuanthanhhoagovvn-1709626394
xuanloc.trieuson.thanhhoa.gov.vn,"UBND Xã Xuân Lộc, tỉnh Thanh Hóa",17/01/2024,Chứng nhận cơ bản,https://tinnhiemmang.vn/danh-ba-tin-nhiem/xuanloctrieusonthanhhoagovvn-1705460507
xuanmai.chuongmy.hanoi.gov.vn,"UBND thị trấn Xuân Mai, huyện Chương Mỹ, Hà Nội",20/06/2024,Chứng nhận cơ bản,https://tinnhiemmang.vn/danh-ba-tin-nhiem/xuanmaichuongmyhanoigovvn-1718867123
xuanminh.thoxuan.thanhhoa.gov.vn,UBND xã Xuân Minh tỉnh Thanh Hóa,10/04/2024,Chứng nhận cơ bản,https://tinnhiemmang.vn/danh-ba-tin-nhiem/xuanminhthoxuanthanhhoagovvn-1712734771
xuannoi.trungkhanh.caobang.gov.vn,"UBND xã Xuân Nội, huyện Trùng Khánh, Cao Bằng",25/12/2023,Chứng nhận cơ bản,https://tinnhiemmang.vn/danh-ba-tin-nhiem/xuannoitrungkhanhcaobanggovvn-1703472373
xuannon.donganh.hanoi.gov.vn,"UBND xã Xuân Nộn, Hà Nội",20/06/2024,Chứng nhận cơ bản,https://tinnhiemmang.vn/danh-ba-tin-nhiem/xuannondonganhhanoigovvn-1718868143
xuanphong.thoxuan.thanhhoa.gov.vn,UBND xã Xuân Phong tỉnh Thanh Hóa,10/04/2024,Chứng nhận cơ bản,https://tinnhiemmang.vn/danh-ba-tin-nhiem/xuanphongthoxuanthanhhoagovvn-1712736892
xuanphu.thoxuan.thanhhoa.gov.vn,UBND xã Xuân Phú tỉnh Thanh Hóa,10/04/2024,Chứng nhận cơ bản,https://tinnhiemmang.vn/danh-ba-tin-nhiem/xuanphuthoxuanthanhhoagovvn-1712737336
xuanphu.thuathienhue.gov.vn,UBND phường Xuân Phú tỉnh Thừa Thiên Huế,19/07/2021,Chứng nhận cơ bản,https://tinnhiemmang.vn/danh-ba-tin-nhiem/xuanphuthuathienhuegovvn-1626665726
xuanphuc.nhuthanh.thanhhoa.gov.vn,"UBND xã Xuân Phúc, huyện Như Thanh, Thanh Hóa",16/04/2024,Chứng nhận cơ bản,https://tinnhiemmang.vn/danh-ba-tin-nhiem/xuanphucnhuthanhthanhhoagovvn-1713197023
xuanphuong.namtuliem.hanoi.gov.vn,"Phường Xuân Phương,  Quận Nam Từ Liêm, Thành phố Hà Nội",15/06/2021,Chứng nhận cơ bản,https://tinnhiemmang.vn/danh-ba-tin-nhiem/xuanphuongnamtuliemhanoigovvn-1623571557
xuansinh.thoxuan.thanhhoa.gov.vn,UBND xã Xuân Sinh tỉnh Thanh Hóa,10/04/2024,Chứng nhận cơ bản,https://tinnhiemmang.vn/danh-ba-tin-nhiem/xuansinhthoxuanthanhhoagovvn-1712734819
xuantao.bactuliem.hanoi.gov.vn,"UBND phường Xuân Tảo quận Bắc Từ Liêm, thành phố Hà Nội",10/05/2023,Chứng nhận cơ bản,https://tinnhiemmang.vn/danh-ba-tin-nhiem/xuantaobactuliemhanoigovvn-1683630409
xuanthai.nhuthanh.thanhhoa.gov.vn,"UBND xã Xuân Thái, huyện Như Thanh, Thanh Hóa",16/04/2024,Chứng nhận cơ bản,https://tinnhiemmang.vn/danh-ba-tin-nhiem/xuanthainhuthanhthanhhoagovvn-1713196887
xuanthang.thuongxuan.thanhhoa.gov.vn,Ủy ban nhân dân xã Xuân Thắng,06/03/2024,Chứng nhận cơ bản,https://tinnhiemmang.vn/danh-ba-tin-nhiem/xuanthangthuongxuanthanhhoagovvn-1709626713
xuanthien.thoxuan.thanhhoa.gov.vn,UBND xã Xuân Thiên tỉnh Thanh Hóa,10/04/2024,Chứng nhận cơ bản,https://tinnhiemmang.vn/danh-ba-tin-nhiem/xuanthienthoxuanthanhhoagovvn-1712737386
xuanthinh.trieuson.thanhhoa.gov.vn,"UBND Xã Xuân Thịnh, tỉnh Thanh Hóa",17/01/2024,Chứng nhận cơ bản,https://tinnhiemmang.vn/danh-ba-tin-nhiem/xuanthinhtrieusonthanhhoagovvn-1705460614
xuantho.trieuson.thanhhoa.gov.vn,"UBND Xã Xuân Thọ, tỉnh Thanh Hóa",17/01/2024,Chứng nhận cơ bản,https://tinnhiemmang.vn/danh-ba-tin-nhiem/xuanthotrieusonthanhhoagovvn-1705458910
xuantin.thoxuan.thanhhoa.gov.vn,UBND xã Xuân Tín tỉnh Thanh Hóa,10/04/2024,Chứng nhận cơ bản,https://tinnhiemmang.vn/danh-ba-tin-nhiem/xuantinthoxuanthanhhoagovvn-1712734864
xuantruong.baolac.caobang.gov.vn,"UBND xã Xuân Trường, huyện Bảo Lạc, Cao Bằng",25/12/2023,Chứng nhận cơ bản,https://tinnhiemmang.vn/danh-ba-tin-nhiem/xuantruongbaolaccaobanggovvn-1703475852
xuantruong.thoxuan.thanhhoa.gov.vn,UBND xã Xuân Trường tỉnh Thanh Hóa,10/04/2024,Chứng nhận cơ bản,https://tinnhiemmang.vn/danh-ba-tin-nhiem/xuantruongthoxuanthanhhoagovvn-1712736981
xuathoa.backancity.gov.vn,Ủy ban nhân dân phường Xuất Hóa tỉnh Bắc Kạn,10/04/2024,Chứng nhận cơ bản,https://tinnhiemmang.vn/danh-ba-tin-nhiem/xuathoabackancitygovvn-1712714716
xulychongcheo.quangngai.gov.vn,Thanh tra tỉnh Quảng Ngãi,11/07/2023,Chứng nhận cơ bản,https://tinnhiemmang.vn/danh-ba-tin-nhiem/xulychongcheoquangngaigovvn-1688613886
xuonghuan.nhatrang.khanhhoa.gov.vn,UBND phường Xương Huân tỉnh Khánh Hòa,14/07/2022,Chứng nhận cơ bản,https://tinnhiemmang.vn/danh-ba-tin-nhiem/xuonghuannhatrangkhanhhoagovvn-1626162132
xuongthinh.camkhe.phutho.gov.vn,UBND Xã Xương Thịnh tỉnh Phú Thọ,03/10/2023,Chứng nhận cơ bản,https://tinnhiemmang.vn/danh-ba-tin-nhiem/xuongthinhcamkhephuthogovvn-1696237342
xuyxa.myduc.hanoi.gov.vn,"UBND xã Xuy Xá, Hà Nội",20/06/2024,Chứng nhận cơ bản,https://tinnhiemmang.vn/danh-ba-tin-nhiem/xuyxamyduchanoigovvn-1718871780
yenbinh.thachthat.hanoi.gov.vn,UBND xã Yên Bình huyện Thạch Thất Thành phố Hà Nội,10/05/2023,Chứng nhận cơ bản,https://tinnhiemmang.vn/danh-ba-tin-nhiem/yenbinhthachthathanoigovvn-1683622078
yencat.nhuxuan.thanhhoa.gov.vn,UBND thị trấn Yên Cát tỉnh Thanh Hóa,29/05/2024,Chứng nhận cơ bản,https://tinnhiemmang.vn/danh-ba-tin-nhiem/yencatnhuxuanthanhhoagovvn-1716966362
yencu.chomoi.gov.vn,UBND huyện Chợ Mới tỉnh Bắc Kạn,10/04/2024,Chứng nhận cơ bản,https://tinnhiemmang.vn/danh-ba-tin-nhiem/yencuchomoigovvn-1712635490
yenduong.babe.gov.vn,"UBND xã Yến Dương, huyện Ba Bể, tỉnh Bắc Kạn",10/04/2024,Chứng nhận cơ bản,https://tinnhiemmang.vn/danh-ba-tin-nhiem/yenduongbabegovvn-1712636978
yenduong.hatrung.thanhhoa.gov.vn,UBND xã Yên Dương tỉnh Thanh Hóa,29/05/2024,Chứng nhận cơ bản,https://tinnhiemmang.vn/danh-ba-tin-nhiem/yenduonghatrungthanhhoagovvn-1716891728
yenhan.chomoi.gov.vn,UBND huyện Chợ Mới tỉnh Bắc Kạn,10/04/2024,Chứng nhận cơ bản,https://tinnhiemmang.vn/danh-ba-tin-nhiem/yenhanchomoigovvn-1712635489
yenhung.yendinh.thanhhoa.gov.vn,"UBND xã Yên Hùng, Huyện Yên Định, tỉnh Thanh Hóa",25/10/2024,Chứng nhận cơ bản,https://tinnhiemmang.vn/danh-ba-tin-nhiem/yenhungyendinhthanhhoagovvn-1729824642
yenkhuong.langchanh.thanhhoa.gov.vn,UBND xã Yên Khương tỉnh Thanh Hóa,10/04/2024,Chứng nhận cơ bản,https://tinnhiemmang.vn/danh-ba-tin-nhiem/yenkhuonglangchanhthanhhoagovvn-1712733137
yenlac.nguyenbinh.caobang.gov.vn,"UBND xã Yên Lạc, huyện Nguyên Bình, Cao Bằng",25/12/2023,Chứng nhận cơ bản,https://tinnhiemmang.vn/danh-ba-tin-nhiem/yenlacnguyenbinhcaobanggovvn-1703427768
yenlac.nhuthanh.thanhhoa.gov.vn,"UBND xã Yên Lạc, huyện Như Thanh, Thanh Hóa",16/04/2024,Chứng nhận cơ bản,https://tinnhiemmang.vn/danh-ba-tin-nhiem/yenlacnhuthanhthanhhoagovvn-1713155004
yenlam.yendinh.thanhhoa.gov.vn,"UBND Thị trấn Yên Lâm, Huyện Yên Định, tỉnh Thanh Hóa",25/11/2024,Chứng nhận cơ bản,https://tinnhiemmang.vn/danh-ba-tin-nhiem/yenlamyendinhthanhhoagovvn-1732250195
yenmy.chodon.backan.gov.vn,Uỷ ban nhân dân xã Yên Mỹ tỉnh Bắc Kạn,10/04/2024,Chứng nhận cơ bản,https://tinnhiemmang.vn/danh-ba-tin-nhiem/yenmychodonbackangovvn-1712711780
yenmy.chodon.gov.vn,"Uỷ ban nhân dân xã Yên Mỹ, tỉnh Bắc Kạn",15/07/2022,Chứng nhận cơ bản,https://tinnhiemmang.vn/danh-ba-tin-nhiem/yenmychodongovvn-1650423388
yenmy.thanhtri.hanoi.gov.vn,"UBND Xã Yên Mỹ huyện Thanh Trì, Hà Nội",10/05/2023,Chứng nhận cơ bản,https://tinnhiemmang.vn/danh-ba-tin-nhiem/yenmythanhtrihanoigovvn-1683710325
yennhan.thuongxuan.thanhhoa.gov.vn,Ủy ban nhân dân xã Yên Nhân,06/03/2024,Chứng nhận cơ bản,https://tinnhiemmang.vn/danh-ba-tin-nhiem/yennhanthuongxuanthanhhoagovvn-1709626962
yenninh.yendinh.thanhhoa.gov.vn,"UBND xã Yên Ninh, Huyện Yên Định, tỉnh Thanh Hóa",25/10/2024,Chứng nhận cơ bản,https://tinnhiemmang.vn/danh-ba-tin-nhiem/yenninhyendinhthanhhoagovvn-1729824356
yenphong.chodon.backan.gov.vn,Uỷ ban nhân dân xã Yên Phong tỉnh Bắc Kạn,10/04/2024,Chứng nhận cơ bản,https://tinnhiemmang.vn/danh-ba-tin-nhiem/yenphongchodonbackangovvn-1712711836
yenphong.chodon.gov.vn,"Uỷ ban nhân dân xã Yên Phong, tỉnh Bắc Kạn",15/07/2022,Chứng nhận cơ bản,https://tinnhiemmang.vn/danh-ba-tin-nhiem/yenphongchodongovvn-1650423459
yenphong.yendinh.thanhhoa.gov.vn,"UBND xã Yên Phong, Huyện Yên Định, tỉnh Thanh Hóa",25/11/2024,Chứng nhận cơ bản,https://tinnhiemmang.vn/danh-ba-tin-nhiem/yenphongyendinhthanhhoagovvn-1732250225
yenphu.tayho.hanoi.gov.vn,"UBND phường Yên Phụ, Hà Nội",20/06/2024,Chứng nhận cơ bản,https://tinnhiemmang.vn/danh-ba-tin-nhiem/yenphutayhohanoigovvn-1718870388
yenso.hoangmai.hanoi.gov.vn,"UBND phường Yên Sở, quận Hoàng Mai, Hà Nội",11/12/2023,Chứng nhận cơ bản,https://tinnhiemmang.vn/danh-ba-tin-nhiem/yensohoangmaihanoigovvn-1702272268
yenson-quocoai.thudo.gov.vn,"UBND xã Yên Sơn,  Hà Nội",22/11/2024,Chứng nhận cơ bản,https://tinnhiemmang.vn/danh-ba-tin-nhiem/yenson-quocoaithudogovvn-1732084613
yenson.haquang.caobang.gov.vn,"UBND xã Yên Sơn, huyện Hà Quảng, Cao Bằng",25/12/2023,Chứng nhận cơ bản,https://tinnhiemmang.vn/danh-ba-tin-nhiem/yensonhaquangcaobanggovvn-1703418625
yenson.hatrung.thanhhoa.gov.vn,UBND xã Yến Sơn tỉnh Thanh Hóa,29/05/2024,Chứng nhận cơ bản,https://tinnhiemmang.vn/danh-ba-tin-nhiem/yensonhatrungthanhhoagovvn-1716892208
yentam.yendinh.thanhhoa.gov.vn,"UBND xã Yên Tâm, Huyện Yên Định, tỉnh Thanh Hóa",25/11/2024,Chứng nhận cơ bản,https://tinnhiemmang.vn/danh-ba-tin-nhiem/yentamyendinhthanhhoagovvn-1732250261
yentap.camkhe.phutho.gov.vn,UBND Xã Yên Tập tỉnh Phú Thọ,03/10/2023,Chứng nhận cơ bản,https://tinnhiemmang.vn/danh-ba-tin-nhiem/yentapcamkhephuthogovvn-1696237599
yenthai.yendinh.thanhhoa.gov.vn,"UBND xã Yên Thái, Huyện Yên Định, tỉnh Thanh Hóa",25/10/2024,Chứng nhận cơ bản,https://tinnhiemmang.vn/danh-ba-tin-nhiem/yenthaiyendinhthanhhoagovvn-1729824542
yenthang.langchanh.thanhhoa.gov.vn,UBND xã Yên Thắng tỉnh Thanh Hóa,10/04/2024,Chứng nhận cơ bản,https://tinnhiemmang.vn/danh-ba-tin-nhiem/yenthanglangchanhthanhhoagovvn-1712733091
yenthinh.chodon.backan.gov.vn,Uỷ ban nhân dân xã Yên Thịnh tỉnh Bắc Kạn,10/04/2024,Chứng nhận cơ bản,https://tinnhiemmang.vn/danh-ba-tin-nhiem/yenthinhchodonbackangovvn-1712712668
yenthinh.chodon.gov.vn,"Uỷ ban nhân dân xã Yên Thịnh, tỉnh Bắc Kạn",24/05/2022,Chứng nhận cơ bản,https://tinnhiemmang.vn/danh-ba-tin-nhiem/yenthinhchodongovvn-1650424641
yentho.baolam.caobang.gov.vn,"UBND xã Yên Thổ, huyện Bảo Lâm, Cao Bằng",25/12/2023,Chứng nhận cơ bản,https://tinnhiemmang.vn/danh-ba-tin-nhiem/yenthobaolamcaobanggovvn-1703420270
yentho.nhuthanh.thanhhoa.gov.vn,"UBND xã Yên Thọ, huyện Như Thanh, Thanh Hóa",16/04/2024,Chứng nhận cơ bản,https://tinnhiemmang.vn/danh-ba-tin-nhiem/yenthonhuthanhthanhhoagovvn-1713154941
yentho.yendinh.thanhhoa.gov.vn,"UBND xã Yên Thọ, Huyện Yên Định, tỉnh Thanh Hóa",25/10/2024,Chứng nhận cơ bản,https://tinnhiemmang.vn/danh-ba-tin-nhiem/yenthoyendinhthanhhoagovvn-1729824577
yenthuong.chodon.backan.gov.vn,Uỷ ban nhân dân xã Yên Thượng tỉnh Bắc Kạn,10/04/2024,Chứng nhận cơ bản,https://tinnhiemmang.vn/danh-ba-tin-nhiem/yenthuongchodonbackangovvn-1712712776
yenthuong.chodon.gov.vn,"Uỷ ban nhân dân xã Yên Thượng, tỉnh Bắc Kạn",24/05/2022,Chứng nhận cơ bản,https://tinnhiemmang.vn/danh-ba-tin-nhiem/yenthuongchodongovvn-1650424741
yenthuong.gialam.hanoi.gov.vn,"UBND xã Yên Thường, Gia Lâm, Hà Nội",11/11/2024,Chứng nhận cơ bản,https://tinnhiemmang.vn/danh-ba-tin-nhiem/yenthuonggialamhanoigovvn-1731050257
yentrung.thachthat.hanoi.gov.vn,UBND xã Yên Trung huyện Thạch Thất thành phố Hà Nội,10/05/2023,Chứng nhận cơ bản,https://tinnhiemmang.vn/danh-ba-tin-nhiem/yentrungthachthathanoigovvn-1683616186
yentrung.yendinh.thanhhoa.gov.vn,"UBND xã Yên Trung, Huyện Yên Định, tỉnh Thanh Hóa",25/10/2024,Chứng nhận cơ bản,https://tinnhiemmang.vn/danh-ba-tin-nhiem/yentrungyendinhthanhhoagovvn-1729824610
yentruong.yendinh.thanhhoa.gov.vn,"UBND xã Yên Trường, Huyện Yên Định, tỉnh Thanh Hóa",25/10/2024,Chứng nhận cơ bản,https://tinnhiemmang.vn/danh-ba-tin-nhiem/yentruongyendinhthanhhoagovvn-1729824392
ytedateh.vn,Trung tâm Y tế Huyện Đạ Tẻh,15/06/2023,Chứng nhận cơ bản,https://tinnhiemmang.vn/danh-ba-tin-nhiem/ytedatehvn-1686532944
ytethachthanh.gov.vn,Trung tâm y tế huyện Thạch Thành,26/09/2024,Chứng nhận cơ bản,https://tinnhiemmang.vn/danh-ba-tin-nhiem/ytethachthanhgovvn-1727317327
