domain,owner,category_type,certified_date,cert_level,license_number,status,detail_url
advertisingvietnam.vn,CÔNG TY TNHH ADVERTISING VIETNAM,GIẤY PHÉP CUNG CẤP DỊCH VỤ MẠNG XÃ HỘI,2020-09-17,Giấy phép (ABEI),398/GP-BTTTT,valid,https://giayphep.abei.gov.vn/
www.advertisingvietnam.com,CÔNG TY TNHH ADVERTISING VIETNAM,GIẤY PHÉP CUNG CẤP DỊCH VỤ MẠNG XÃ HỘI,2020-09-17,Giấy phép (ABEI),398/GP-BTTTT,valid,https://giayphep.abei.gov.vn/
sohaplay.vn,CÔNG TY TNHH SOHA,QUYẾT ĐỊNH PHÁT HÀNH TRÒ CHƠI ĐIỆN TỬ G1 TRÊN MẠNG,2020-12-04,Giấy phép (ABEI),2142 /QĐ-BTTTT,valid,https://giayphep.abei.gov.vn/
stylerepublik.vn,CÔNG TY TNHH THỜI TRANG VÀ TRUYỀN THÔNG FACE & STYLE REPUBLIK VIỆT NAM,GIẤY XÁC NHẬN THÔNG BÁO CUNG CẤP DỊCH VỤ MẠNG XÃ HỘI,2025-02-28,Giấy phép (ABEI),56 /GXN-PTTH&TTĐT,valid,https://giayphep.abei.gov.vn/
com.vn,Trung tâm Truyền thông Quảng Ninh,"Website - Báo, tạp chí điện tử",,Giấy phép (TVPL PDF),,valid,
005remix.vn,Công ty TNHH Vietnam Music Award,"MXH - Cá nhân, tổ chức",,Giấy phép (TVPL PDF),,valid,
tv.nld.com.vn,Báo Người lao động (Báo điện tử Người lao động),"Website - Báo, tạp chí điện tử",,Giấy phép (TVPL PDF),,valid,
100d.mobi,CÔNG TY CỔ PHẦN GIẢI TRÍ 100 ĐỘ,QUYẾT ĐỊNH PHÁT HÀNH TRÒ CHƠI ĐIỆN TỬ G1 TRÊN MẠNG,2019-02-05,Giấy phép (ABEI),2121 /QĐ-BTTTT,invalid,https://giayphep.abei.gov.vn/
10up.vn,CÔNG TY CỔ PHẦN LIVEUP GROUP,GIẤY PHÉP CUNG CẤP DỊCH VỤ MẠNG XÃ HỘI,2023-06-27,Giấy phép (ABEI),222/GP-BTTTT,valid,https://giayphep.abei.gov.vn/
123.dzogame.vn,CÔNG TY TNHH CHÂU Á MỀM,"GIẤY XÁC NHẬN THÔNG BÁO PHÁT HÀNH TRÒ CHƠI ĐIỆN TỬ G2,G3,G4",2020-11-19,Giấy phép (ABEI),216/GXN-PTTH&TTĐT,valid,https://giayphep.abei.gov.vn/
123henho.vn,Công ty cổ phần Truyền thông VNFOCUS,Website - Trang mạng xã hội,,Giấy phép (TVPL PDF),,valid,
123play.vn,Công ty Cổ phần Dịch vụ Một Thế Giới,Website - Trang mạng xã hội,,Giấy phép (TVPL PDF),,valid,
123sao.vn,Công ty TNHH Giải pháp Công nghệ Truyền thông 123Sao,Website - Trang mạng xã hội,,Giấy phép (TVPL PDF),,valid,
123tamquoc.vn,CÔNG TY TNHH VMGE,QUYẾT ĐỊNH PHÁT HÀNH TRÒ CHƠI ĐIỆN TỬ G1 TRÊN MẠNG,2023-10-13,Giấy phép (ABEI),1982/QĐ-BTTTT,invalid,https://giayphep.abei.gov.vn/
12r.vn,CÔNG TY CỔ PHẦN VTC TRUYỀN THÔNG TRỰC TUYẾN,QUYẾT ĐỊNH PHÁT HÀNH TRÒ CHƠI ĐIỆN TỬ G1 TRÊN MẠNG,2018-08-17,Giấy phép (ABEI),211/GXN-PTTH&TTĐT,invalid,https://giayphep.abei.gov.vn/
1618plav.vn,CÔNG TY TNHH 1618PLAY,QUYẾT ĐỊNH PHÁT HÀNH TRÒ CHƠI ĐIỆN TỬ G1 TRÊN MẠNG,2017-03-05,Giấy phép (ABEI),285/QĐ-BTTTT,valid,https://giayphep.abei.gov.vn/
1618play.vn,CÔNG TY TNHH 1618PLAY,QUYẾT ĐỊNH PHÁT HÀNH TRÒ CHƠI ĐIỆN TỬ G1 TRÊN MẠNG,2017-03-30,Giấy phép (ABEI),449/QĐ-BTTTT,valid,https://giayphep.abei.gov.vn/
1creators.com,CÔNG TY CỔ PHẦN 1CREATORS ,GIẤY PHÉP CUNG CẤP DỊCH VỤ MẠNG XÃ HỘI,2026-05-29,Giấy phép (ABEI),101/GP-PTTH&TTĐT,valid,https://giayphep.abei.gov.vn/
1creators.vn,CÔNG TY CỔ PHẦN 1CREATORS ,GIẤY PHÉP CUNG CẤP DỊCH VỤ MẠNG XÃ HỘI,2026-05-29,Giấy phép (ABEI),101/GP-PTTH&TTĐT,valid,https://giayphep.abei.gov.vn/
1pay.vn,Công ty TNHH 1Pay,Website - Trang mạng xã hội,,Giấy phép (TVPL PDF),,valid,
1up.vn,NHÀ VĂN HÓA SINH VIÊN THÀNH PHỐ HỒ CHÍ MINH,GIẤY PHÉP CUNG CẤP DỊCH VỤ MẠNG XÃ HỘI,2017-03-09,Giấy phép (ABEI),100/GP-BTTTT,invalid,https://giayphep.abei.gov.vn/
24h.com.vn,Công ty Cổ phần Quảng cáo Trực tuyến 24H,GIẤY XÁC NHẬN THÔNG BÁO CUNG CẤP DỊCH VỤ MẠNG XÃ HỘI,2025-06-13,Giấy phép (ABEI),89/GXN-PTTH&TTĐT,valid,https://giayphep.abei.gov.vn/
24h.vn,Công ty Cổ phần Quảng cáo trực tuyến 24H,Website - Trang TTĐT tổng hợp,,Giấy phép (TVPL PDF),,valid,
24hgiaitri.vn,Công ty Cổ phần Thông tin và Truyền thông PCQ Việt Nam,Website - Trang TTĐT tổng hợp,,Giấy phép (TVPL PDF),,valid,
styleviet.vn,Công ty Cổ phần Thông tin và Truyền thông PCQ Việt Nam,Website - Trang TTĐT tổng hợp,,Giấy phép (TVPL PDF),,valid,
24hmoney.vn,CÔNG TY TNHH 24HMONEY,GIẤY PHÉP CUNG CẤP DỊCH VỤ MẠNG XÃ HỘI,2023-06-09,Giấy phép (ABEI),203/GP-BTTTT,valid,https://giayphep.abei.gov.vn/
2banh.vn,CÔNG TY TNHH TRUYỀN THÔNG SỐ,Website - Trang mạng xã hội,,Giấy phép (TVPL PDF),,valid,
2biz.vn,Công ty cổ phần MAXGROUP,Website - Trang mạng xã hội,,Giấy phép (TVPL PDF),,valid,
2ca.vn,CÔNG TY CỔ PHẦN VNG,QUYẾT ĐỊNH PHÁT HÀNH TRÒ CHƠI ĐIỆN TỬ G1 TRÊN MẠNG,2018-01-25,Giấy phép (ABEI),88/QĐ-BTTTT,invalid,https://giayphep.abei.gov.vn/
2dance.vn,CÔNG TY CỔ PHẦN TRỰC TUYẾN GOSU,QUYẾT ĐỊNH PHÁT HÀNH TRÒ CHƠI ĐIỆN TỬ G1 TRÊN MẠNG,2016-12-19,Giấy phép (ABEI),2272/QĐ-BTTTT,invalid,https://giayphep.abei.gov.vn/
2dep.com.vn,Công ty cổ phần ART APP,Website - Trang mạng xã hội,,Giấy phép (TVPL PDF),,valid,
2dep.vn,Công ty cổ phần ART APP,Website - Trang mạng xã hội,,Giấy phép (TVPL PDF),,valid,
2funny.vn,Công ty Cổ phần Truyền thông và Công nghệ Ditech,Website - Trang mạng xã hội,,Giấy phép (TVPL PDF),,valid,
2game.vn,CÔNG TY CỔ PHẦN WETAPS,GIẤY PHÉP CUNG CẤP DỊCH VỤ MẠNG XÃ HỘI,2020-09-30,Giấy phép (ABEI),428/GP-BTTTT,valid,https://giayphep.abei.gov.vn/
2kcn.vn,CÔNG TY CỔ PHẦN XÚC TIẾN ĐẦU TƯ THƯƠNG MẠI DỊCH VỤ TOÀN CẦU,GIẤY PHÉP CUNG CẤP DỊCH VỤ MẠNG XÃ HỘI,2023-01-11,Giấy phép (ABEI),12/GP-BTTTT,valid,https://giayphep.abei.gov.vn/
2lua.vn,Công ty TNHH Xuất nhập khẩu 2 Lúa,Website - Trang TTĐT tổng hợp,,Giấy phép (TVPL PDF),,valid,
2sao.vn,Công ty Cổ phần Truyền thông Vietnamnet,Website - Trang TTĐT tổng hợp,,Giấy phép (TVPL PDF),,valid,
2sao.com.vn,Công ty Cổ phần Truyền thông Vietnamnet,Website - Trang TTĐT tổng hợp,,Giấy phép (TVPL PDF),,valid,
357games.vn,CÔNG TY CỔ PHẦN GIẢI TRÍ 357,QUYẾT ĐỊNH PHÁT HÀNH TRÒ CHƠI ĐIỆN TỬ G1 TRÊN MẠNG,2026-04-29,Giấy phép (ABEI),211/QĐ-PTTH&TTĐT,valid,https://giayphep.abei.gov.vn/
360game.vn,CÔNG TY TNHH TRUYỀN THÔNG MINH PHƯƠNG THỊNH,QUYẾT ĐỊNH PHÁT HÀNH TRÒ CHƠI ĐIỆN TỬ G1 TRÊN MẠNG,2018-06-05,Giấy phép (ABEI),861/QĐ-BTTTT,valid,https://giayphep.abei.gov.vn/
360news.com.vn,Công ty TNHH Carvill Việt Nam,Website - Trang TTĐT tổng hợp,,Giấy phép (TVPL PDF),,valid,
365vietnam.vn,CÔNG TY CỔ PHẦN ĐẦU TƯ VÀ PHÁT TRIỂN HOA VĨ,GIẤY PHÉP CUNG CẤP DỊCH VỤ MẠNG XÃ HỘI,2017-02-10,Giấy phép (ABEI),59/GP-BTTTT,valid,https://giayphep.abei.gov.vn/
3gctm.gamota.com,CÔNG TY CỔ PHẦN GAMOTA,QUYẾT ĐỊNH PHÁT HÀNH TRÒ CHƠI ĐIỆN TỬ G1 TRÊN MẠNG,2024-02-02,Giấy phép (ABEI),126/QĐ-BTTTT,valid,https://giayphep.abei.gov.vn/
3k.dzogame.vn,Công ty TNHH Dzogame ,QUYẾT ĐỊNH PHÁT HÀNH TRÒ CHƠI ĐIỆN TỬ G1 TRÊN MẠNG,2025-10-08,Giấy phép (ABEI),437/QĐ-PTTH&TTĐT,valid,https://giayphep.abei.gov.vn/
3q.360mobi.vn,CÔNG TY TNHH GIẢI TRÍ LONG ĐỈNH,QUYẾT ĐỊNH PHÁT HÀNH TRÒ CHƠI ĐIỆN TỬ G1 TRÊN MẠNG,2016-06-01,Giấy phép (ABEI),935/QĐ-BTTTT,valid,https://giayphep.abei.gov.vn/
3q.360play.vn,CÔNG TY TNHH TRUYỀN THÔNG MINH PHƯƠNG THỊNH,QUYẾT ĐỊNH PHÁT HÀNH TRÒ CHƠI ĐIỆN TỬ G1 TRÊN MẠNG,2021-08-30,Giấy phép (ABEI),1321/QĐ-BTTTT,valid,https://giayphep.abei.gov.vn/
3q.gaba.vn,CÔNG TY CỔ PHẦN TRÒ CHƠI VEGA,QUYẾT ĐỊNH PHÁT HÀNH TRÒ CHƠI ĐIỆN TỬ G1 TRÊN MẠNG,2018-04-10,Giấy phép (ABEI),520/QĐ-BTTTT,valid,https://giayphep.abei.gov.vn/
3q.vsgame.vn,CÔNG TY CỔ PHẦN VISION GAME,QUYẾT ĐỊNH PHÁT HÀNH TRÒ CHƠI ĐIỆN TỬ G1 TRÊN MẠNG,2023-08-29,Giấy phép (ABEI),1663/QĐ-BTTTT,invalid,https://giayphep.abei.gov.vn/
3qafk.mobiz.vn,CÔNG TY CỔ PHẦN MOBIZ,QUYẾT ĐỊNH PHÁT HÀNH TRÒ CHƠI ĐIỆN TỬ G1 TRÊN MẠNG,2020-12-04,Giấy phép (ABEI),2141/QĐ-BTTTT,valid,https://giayphep.abei.gov.vn/
3qbavuong.vn,CÔNG TY TNHH SOHA,QUYẾT ĐỊNH PHÁT HÀNH TRÒ CHƠI ĐIỆN TỬ G1 TRÊN MẠNG,2020-07-14,Giấy phép (ABEI),1182 /QĐ-BTTTT,valid,https://giayphep.abei.gov.vn/
3qcccc.mocgame.vn,CÔNG TY CỔ PHẦN TRÒ CHƠI MỘC,QUYẾT ĐỊNH PHÁT HÀNH TRÒ CHƠI ĐIỆN TỬ G1 TRÊN MẠNG,2024-05-31,Giấy phép (ABEI),891/QĐ-BTTTT,invalid,https://giayphep.abei.gov.vn/
3qchayngaydi.vn,CÔNG TY TNHH SOHA,QUYẾT ĐỊNH PHÁT HÀNH TRÒ CHƠI ĐIỆN TỬ G1 TRÊN MẠNG,2019-09-30,Giấy phép (ABEI),1601/QĐ-BTTTT,valid,https://giayphep.abei.gov.vn/
3qchess.sohagame.vn,CÔNG TY TNHH SOHA ,QUYẾT ĐỊNH PHÁT HÀNH TRÒ CHƠI ĐIỆN TỬ G1 TRÊN MẠNG,2025-10-16,Giấy phép (ABEI),461/QĐ-PTTH&TTĐT,valid,https://giayphep.abei.gov.vn/
3qchienchien.vn,CÔNG TY CỔ PHẦN VCCORP,QUYẾT ĐỊNH PHÁT HÀNH TRÒ CHƠI ĐIỆN TỬ G1 TRÊN MẠNG,2024-03-26,Giấy phép (ABEI),387/QĐ-BTTTT,invalid,https://giayphep.abei.gov.vn/
3qchiendi.vn,CÔNG TY TNHH SOHA ,QUYẾT ĐỊNH PHÁT HÀNH TRÒ CHƠI ĐIỆN TỬ G1 TRÊN MẠNG,2024-10-29,Giấy phép (ABEI),1864 /QĐ-BTTTT,valid,https://giayphep.abei.gov.vn/
3qchiendia.vn,CÔNG TY TNHH SOHA,QUYẾT ĐỊNH PHÁT HÀNH TRÒ CHƠI ĐIỆN TỬ G1 TRÊN MẠNG,2024-10-29,Giấy phép (ABEI),1864/QĐ-BTTTT,valid,https://giayphep.abei.gov.vn/
3qct.tptgame.vn,CÔNG TY TNHH TPT ONLINE,QUYẾT ĐỊNH PHÁT HÀNH TRÒ CHƠI ĐIỆN TỬ G1 TRÊN MẠNG,2020-08-10,Giấy phép (ABEI),1368/QĐ-BTTTT,valid,https://giayphep.abei.gov.vn/
3qdauphao.vn,CÔNG TY TNHH SOHA,QUYẾT ĐỊNH PHÁT HÀNH TRÒ CHƠI ĐIỆN TỬ G1 TRÊN MẠNG,2024-10-29,Giấy phép (ABEI),1860/QĐ-BTTTT,valid,https://giayphep.abei.gov.vn/
3qgoituongdi.vn,CÔNG TY CỔ PHẦN GIẢI TRÍ 568E ,QUYẾT ĐỊNH PHÁT HÀNH TRÒ CHƠI ĐIỆN TỬ G1 TRÊN MẠNG,2026-05-05,Giấy phép (ABEI),219/QĐ-PTTH&TTĐT,valid,https://giayphep.abei.gov.vn/
3qlegend.playfun.vn,CÔNG TY CỔ PHẦN FUNTAP ,QUYẾT ĐỊNH PHÁT HÀNH TRÒ CHƠI ĐIỆN TỬ G1 TRÊN MẠNG,2023-11-01,Giấy phép (ABEI),2118/QĐ-BTTTT,valid,https://giayphep.abei.gov.vn/
3qphancong.lussom.vn,CÔNG TY TNHH LUSSOM,QUYẾT ĐỊNH PHÁT HÀNH TRÒ CHƠI ĐIỆN TỬ G1 TRÊN MẠNG,2020-04-27,Giấy phép (ABEI),742/QĐ-BTTTT,valid,https://giayphep.abei.gov.vn/
3qsieuhung.vn,CÔNG TY TNHH SOHA,QUYẾT ĐỊNH PHÁT HÀNH TRÒ CHƠI ĐIỆN TỬ G1 TRÊN MẠNG,2022-11-08,Giấy phép (ABEI),2053/QĐ-BTTTT,valid,https://giayphep.abei.gov.vn/
3qsieulay.vn,CÔNG TY TNHH SOHA,QUYẾT ĐỊNH PHÁT HÀNH TRÒ CHƠI ĐIỆN TỬ G1 TRÊN MẠNG,2023-08-29,Giấy phép (ABEI),1674/QĐ-BTTTT,invalid,https://giayphep.abei.gov.vn/
3qthoikhong.playfun.vn,CÔNG TY CỔ PHẦN FUNTAP,QUYẾT ĐỊNH PHÁT HÀNH TRÒ CHƠI ĐIỆN TỬ G1 TRÊN MẠNG,2025-08-21,Giấy phép (ABEI),367 /QĐ-PTTH&TTĐT,valid,https://giayphep.abei.gov.vn/
3qtini.vn,CÔNG TY TNHH SOHA,QUYẾT ĐỊNH PHÁT HÀNH TRÒ CHƠI ĐIỆN TỬ G1 TRÊN MẠNG,2023-07-27,Giấy phép (ABEI),1392/QĐ-BTTTT,invalid,https://giayphep.abei.gov.vn/
3qtocbien.vn,CÔNG TY TNHH SOHA,QUYẾT ĐỊNH PHÁT HÀNH TRÒ CHƠI ĐIỆN TỬ G1 TRÊN MẠNG,2024-01-08,Giấy phép (ABEI),19/QĐ-BTTTT,invalid,https://giayphep.abei.gov.vn/
3qtt.vdcpay.vn,CÔNG TY CỔ PHẦN GMETA,QUYẾT ĐỊNH PHÁT HÀNH TRÒ CHƠI ĐIỆN TỬ G1 TRÊN MẠNG,2024-03-15,Giấy phép (ABEI),325/QĐ-BTTTT,invalid,https://giayphep.abei.gov.vn/
3qtzh.playfun.vn,CÔNG TY CỔ PHẦN FUNTAP ,QUYẾT ĐỊNH PHÁT HÀNH TRÒ CHƠI ĐIỆN TỬ G1 TRÊN MẠNG,2026-01-13,Giấy phép (ABEI),14/QĐ-PTTH&TTĐT,valid,https://giayphep.abei.gov.vn/
3quanlonghoi.playfun.vn,CÔNG TY CỔ PHẦN FUNTAP,QUYẾT ĐỊNH PHÁT HÀNH TRÒ CHƠI ĐIỆN TỬ G1 TRÊN MẠNG,2021-11-18,Giấy phép (ABEI),1848/QĐ-BTTTT,valid,https://giayphep.abei.gov.vn/
3qvl.vn,CÔNG TY CỔ PHẦN VGP,QUYẾT ĐỊNH PHÁT HÀNH TRÒ CHƠI ĐIỆN TỬ G1 TRÊN MẠNG,2018-02-09,Giấy phép (ABEI),205/QĐ-BTTTT,valid,https://giayphep.abei.gov.vn/
3qvosong.vn,CÔNG TY CỔ PHẦN ACE GAME,QUYẾT ĐỊNH PHÁT HÀNH TRÒ CHƠI ĐIỆN TỬ G1 TRÊN MẠNG,2022-11-16,Giấy phép (ABEI),2098/QĐ-BTTTT,invalid,https://giayphep.abei.gov.vn/
3tonline.vn,CÔNG TY CỔ PHẦN GIẢI TRÍ TRỰC TUYẾN 3T,QUYẾT ĐỊNH PHÁT HÀNH TRÒ CHƠI ĐIỆN TỬ G1 TRÊN MẠNG,2026-07-13,Giấy phép (ABEI),414/QĐ-PTTH&TTĐT,valid,https://giayphep.abei.gov.vn/
www.play.3tonline.vn,CÔNG TY CỔ PHẦN GIẢI TRÍ TRỰC TUYẾN 3T,QUYẾT ĐỊNH PHÁT HÀNH TRÒ CHƠI ĐIỆN TỬ G1 TRÊN MẠNG,2024-11-19,Giấy phép (ABEI),2004/QĐ-BTTTT,invalid,https://giayphep.abei.gov.vn/
3truykich.vn,CÔNG TY TNHH GZONE MEDIA VIỆT NAM,QUYẾT ĐỊNH PHÁT HÀNH TRÒ CHƠI ĐIỆN TỬ G1 TRÊN MẠNG,2020-04-15,Giấy phép (ABEI),572/QĐ-BTTTT,valid,https://giayphep.abei.gov.vn/
4deyeu.vn,CÔNG TY TNHH SÁNG TẠO ĐA PHƯƠNG TIỆN,"GIẤY XÁC NHẬN THÔNG BÁO PHÁT HÀNH TRÒ CHƠI ĐIỆN TỬ G2,G3,G4",2018-08-30,Giấy phép (ABEI),222/GXN-PTTH&TTĐT,valid,https://giayphep.abei.gov.vn/
megastore.net.vn,CÔNG TY TNHH SÁNG TẠO ĐA PHƯƠNG TIỆN,"GIẤY XÁC NHẬN THÔNG BÁO PHÁT HÀNH TRÒ CHƠI ĐIỆN TỬ G2,G3,G4",2018-08-30,Giấy phép (ABEI),222/GXN-PTTH&TTĐT,valid,https://giayphep.abei.gov.vn/
4sv.vn,Công ty cổ phần Đầu tư vì sinh viên Việt Nam,Website - Trang mạng xã hội,,Giấy phép (TVPL PDF),,valid,
568e.vn,CÔNG TY CỔ PHẦN GIẢI TRÍ 568E,QUYẾT ĐỊNH PHÁT HÀNH TRÒ CHƠI ĐIỆN TỬ G1 TRÊN MẠNG,2016-12-30,Giấy phép (ABEI),2350/QĐ-BTTTT,invalid,https://giayphep.abei.gov.vn/
568e.vnguyễn,CÔNG TY CỔ PHẦN GIẢI TRÍ 568E,QUYẾT ĐỊNH PHÁT HÀNH TRÒ CHƠI ĐIỆN TỬ G1 TRÊN MẠNG,2024-12-23,Giấy phép (ABEI),2246/QĐ-BTTTT,invalid,https://giayphep.abei.gov.vn/
568play.vn,CÔNG TY CỔ PHẦN GIẢI TRÍ 568E ,QUYẾT ĐỊNH PHÁT HÀNH TRÒ CHƠI ĐIỆN TỬ G1 TRÊN MẠNG,2025-06-20,Giấy phép (ABEI),273/QĐ-PTTH&TTĐT,valid,https://giayphep.abei.gov.vn/
5game.vn,CÔNG TY CỔ PHẦN SMARTSCALE,QUYẾT ĐỊNH PHÁT HÀNH TRÒ CHƠI ĐIỆN TỬ G1 TRÊN MẠNG,2019-08-01,Giấy phép (ABEI),1173/QĐ-BTTTT,valid,https://giayphep.abei.gov.vn/
5giay.vn,Công ty Cổ phần Thương mại và Dịch vụ Tin học Nhật Nguyệt,Website - Trang mạng xã hội,,Giấy phép (TVPL PDF),,valid,
5h30.vn,CÔNG TY CỔ PHẦN PHÁT TRIỂN TRUYỀN THÔNG VIETPRO,GIẤY PHÉP CUNG CẤP DỊCH VỤ MẠNG XÃ HỘI,2020-06-17,Giấy phép (ABEI),257/GP-BTTTT,valid,https://giayphep.abei.gov.vn/
60giay.com.vn,CÔNG TY CỔ PHẦN THEANH 28 TALENT,GIẤY PHÉP CUNG CẤP DỊCH VỤ MẠNG XÃ HỘI,2024-08-27,Giấy phép (ABEI),228/GP-BTTTT,valid,https://giayphep.abei.gov.vn/
60shomnay.vn,CÔNG TY TNHH SMART PRO,GIẤY PHÉP CUNG CẤP DỊCH VỤ MẠNG XÃ HỘI,2024-07-23,Giấy phép (ABEI),201/GP-BTTTT,valid,https://giayphep.abei.gov.vn/
69s.vn,Công ty Cổ phần Dịch vụ Truyền thông DC Media,Website - Trang TTĐT tổng hợp,,Giấy phép (TVPL PDF),,valid,
7dragon.vn,CÔNG TY CỔ PHẦN TEPAYLINK ,QUYẾT ĐỊNH PHÁT HÀNH TRÒ CHƠI ĐIỆN TỬ G1 TRÊN MẠNG,2026-02-13,Giấy phép (ABEI),87/QĐ-PTTH&TTĐT,valid,https://giayphep.abei.gov.vn/
7empires.boardcraftonline.vn,Công ty TNHH ZingPlay Việt Nam ,QUYẾT ĐỊNH PHÁT HÀNH TRÒ CHƠI ĐIỆN TỬ G1 TRÊN MẠNG,2025-12-05,Giấy phép (ABEI),543/QĐ-PTTH&TTĐT,invalid,https://giayphep.abei.gov.vn/
88sao.vn,Công ty TNHH Một thành viên 88sao,Website - Trang mạng xã hội,,Giấy phép (TVPL PDF),,valid,
8clip.vn,Công ty Cổ phần Truyền thông Sông Sáng,Website - Trang mạng xã hội,,Giấy phép (TVPL PDF),,valid,
8friend.vn,CÔNG TY CỔ PHẦN TRUYỀN THÔNG SÁNG,GIẤY PHÉP CUNG CẤP DỊCH VỤ MẠNG XÃ HỘI,2020-04-20,Giấy phép (ABEI),164/GP-BTTTT,valid,https://giayphep.abei.gov.vn/
90min.vn,Công ty Cổ phần Mua bán Trực tuyến Giá Thấp,Website - Trang TTĐT tổng hợp,,Giấy phép (TVPL PDF),,valid,
90min.com.vn,Công ty Cổ phần Mua bán Trực tuyến Giá Thấp,Website - Trang TTĐT tổng hợp,,Giấy phép (TVPL PDF),,valid,
90p.vn,Công ty Cổ phần Dịch vụ Baza,Website - Trang TTĐT tổng hợp,,Giấy phép (TVPL PDF),,valid,
90phut.vn,Công ty Cổ phần Mua bán Trực tuyến Giá Thấp,Website - Trang TTĐT tổng hợp,,Giấy phép (TVPL PDF),,valid,
90phut.com.vn,Công ty Cổ phần Mua bán Trực tuyến Giá Thấp,Website - Trang TTĐT tổng hợp,,Giấy phép (TVPL PDF),,valid,
989me.vn,CÔNG TY TNHH KỸ THUẬT ĐIỆN VÀ CƠ KHÍ 989,GIẤY PHÉP CUNG CẤP DỊCH VỤ MẠNG XÃ HỘI,2017-04-14,Giấy phép (ABEI),149/GP-BTTTT,valid,https://giayphep.abei.gov.vn/
9d.dzogame.vn,CÔNG TY TNHH CHÂU Á MỀM,QUYẾT ĐỊNH PHÁT HÀNH TRÒ CHƠI ĐIỆN TỬ G1 TRÊN MẠNG,2021-01-21,Giấy phép (ABEI),71/QĐ-BTTTT,valid,https://giayphep.abei.gov.vn/
9dtruyenky2.vn,CÔNG TY CỔ PHẦN TRỰC TUYẾN DUO,QUYẾT ĐỊNH PHÁT HÀNH TRÒ CHƠI ĐIỆN TỬ G1 TRÊN MẠNG,2023-05-15,Giấy phép (ABEI),833/QĐ-BTTTT,valid,https://giayphep.abei.gov.vn/
9gate.vn,CÔNG TY TNHH GIẢI TRÍ SỐ 9 VIỆT NAM,GIẤY PHÉP CUNG CẤP DỊCH VỤ MẠNG XÃ HỘI,2020-03-11,Giấy phép (ABEI),93/GP-BTTTT,valid,https://giayphep.abei.gov.vn/
9play.com.vn,CÔNG TY CỔ PHẦN 9PLAY,QUYẾT ĐỊNH PHÁT HÀNH TRÒ CHƠI ĐIỆN TỬ G1 TRÊN MẠNG,2025-06-30,Giấy phép (ABEI),299/QĐ-PTTH&TTĐT,valid,https://giayphep.abei.gov.vn/
www.9play.vn,CÔNG TY CỔ PHẦN 9PLAY,QUYẾT ĐỊNH PHÁT HÀNH TRÒ CHƠI ĐIỆN TỬ G1 TRÊN MẠNG,2023-06-07,Giấy phép (ABEI),985/QĐ-BTTTT,valid,https://giayphep.abei.gov.vn/
9play.vn,CÔNG TY CỔ PHẦN 9PLAY,QUYẾT ĐỊNH PHÁT HÀNH TRÒ CHƠI ĐIỆN TỬ G1 TRÊN MẠNG,2021-08-17,Giấy phép (ABEI),1235/QĐ-BTTTT,invalid,https://giayphep.abei.gov.vn/
9rivers.vn,Đài Phát thanh và Truyền hình Cần Thơ,Website - Trang mạng xã hội,,Giấy phép (TVPL PDF),,valid,
abei.vn,"Cục Phát thanh, truyền hình và thông tin điện tử",Website - Trang TTĐT tổng hợp,,Giấy phép (TVPL PDF),,valid,
abei.gov.vn,"Cục Phát thanh, truyền hình và thông tin điện tử",Website - Trang TTĐT tổng hợp,,Giấy phép (TVPL PDF),,valid,
www.abei.gov.vn,"CỤC PHÁT THANH, TRUYỀN HÌNH VÀ THÔNG TIN ĐIỆN TỬ",GIẤY PHÉP THIẾT LẬP TRANG THÔNG TIN ĐIỆN TỬ TỔNG HỢP,2016-05-12,Giấy phép (ABEI),48/GP-BTTTT,valid,https://giayphep.abei.gov.vn/
abrandgame.com,CÔNG TY TNHH LAVA DIGITAL,"GIẤY XÁC NHẬN THÔNG BÁO PHÁT HÀNH TRÒ CHƠI ĐIỆN TỬ G2,G3,G4",2022-07-08,Giấy phép (ABEI),85/GXN-PTTH&TTĐT,valid,https://giayphep.abei.gov.vn/
abwealth.vn,CÔNG TY CỔ PHẦN CHỨNG KHOÁN AN BÌNH,GIẤY PHÉP CUNG CẤP DỊCH VỤ MẠNG XÃ HỘI,2023-10-25,Giấy phép (ABEI),403/GP-BTTTT,valid,https://giayphep.abei.gov.vn/
ac3q.zoneplay.vn,CÔNG TY TNHH GZONE MEDIA VIỆT NAM,QUYẾT ĐỊNH PHÁT HÀNH TRÒ CHƠI ĐIỆN TỬ G1 TRÊN MẠNG,2022-02-25,Giấy phép (ABEI),357/QĐ-BTTTT,invalid,https://giayphep.abei.gov.vn/
acahatca.dongtaypromoti,Công ty cổ phần VieNETWORK,"MXH - Cá nhân, tổ chức",,Giấy phép (TVPL PDF),,valid,
acegame.vn,CÔNG TY CỔ PHẦN ACE GAME,QUYẾT ĐỊNH PHÁT HÀNH TRÒ CHƠI ĐIỆN TỬ G1 TRÊN MẠNG,2022-09-30,Giấy phép (ABEI),1841/QĐ-BTTTT,valid,https://giayphep.abei.gov.vn/
acenoria.vn,CÔNG TY TNHH CYEB ENDEAVOR,QUYẾT ĐỊNH PHÁT HÀNH TRÒ CHƠI ĐIỆN TỬ G1 TRÊN MẠNG,2026-05-15,Giấy phép (ABEI),249/QĐ-PTTH&TTĐT,valid,https://giayphep.abei.gov.vn/
aceplay.vn,CÔNG TY CỔ PHẦN ACE GAME,QUYẾT ĐỊNH PHÁT HÀNH TRÒ CHƠI ĐIỆN TỬ G1 TRÊN MẠNG,2022-11-16,Giấy phép (ABEI),2101/QĐ-BTTTT,valid,https://giayphep.abei.gov.vn/
www.acegame.vn,CÔNG TY CỔ PHẦN ACE GAME,QUYẾT ĐỊNH PHÁT HÀNH TRÒ CHƠI ĐIỆN TỬ G1 TRÊN MẠNG,2024-03-19,Giấy phép (ABEI),339/QĐ-BTTTT,valid,https://giayphep.abei.gov.vn/
aceracer.playfun.vn,CÔNG TY CỔ PHẦN PHÁT TRIỂN CÔNG NGHỆ SỐ HỒNG HÀ,QUYẾT ĐỊNH PHÁT HÀNH TRÒ CHƠI ĐIỆN TỬ G1 TRÊN MẠNG,2023-10-09,Giấy phép (ABEI),1917/QĐ-BTTTT,valid,https://giayphep.abei.gov.vn/
acf.org.vn,Quỹ Chống hàng giả,Website - Trang TTĐT tổng hợp,,Giấy phép (TVPL PDF),,valid,
www.quychonghanggia.vn,QUỸ CHỐNG HÀNG GIẢ,GIẤY PHÉP THIẾT LẬP TRANG THÔNG TIN ĐIỆN TỬ TỔNG HỢP,2021-08-09,Giấy phép (ABEI),141/GP-TTĐT,valid,https://giayphep.abei.gov.vn/
www.quychonghanggia.com.vn,QUỸ CHỐNG HÀNG GIẢ,GIẤY PHÉP THIẾT LẬP TRANG THÔNG TIN ĐIỆN TỬ TỔNG HỢP,2016-06-03,Giấy phép (ABEI),53/GPSĐBS-TTĐT,invalid,https://giayphep.abei.gov.vn/
acnhalam.vma,Công ty TNHH Vietnam Music Award,"MXH - Cá nhân, tổ chức",,Giấy phép (TVPL PDF),,valid,
acovn.vn,Công ty Cổ phần Phát triển và Dịch vụ Nhà Bến Thành,Website - Trang TTĐT tổng hợp,,Giấy phép (TVPL PDF),,valid,
acremix.nes,Công ty TNHH Vietnam Music Award,"MXH - Cá nhân, tổ chức",,Giấy phép (TVPL PDF),,valid,
acud.vn,Công ty Cổ phần công nghệ xây dựng ACUD Việt Nam,Website - Trang TTĐT tổng hợp,,Giấy phép (TVPL PDF),,valid,
adameva.vn,Công ty Cổ phần M-Mobile,Website - Trang TTĐT tổng hợp,,Giấy phép (TVPL PDF),,valid,
adam-eva.vn,Công ty Cổ phần M-Mobile,Website - Trang TTĐT tổng hợp,,Giấy phép (TVPL PDF),,valid,
adamevaplus.vn,Công ty Cổ phần M-Mobile,Website - Trang TTĐT tổng hợp,,Giấy phép (TVPL PDF),,valid,
adg.notagames.vn,CÔNG TY CỔ PHẦN CÔNG NGHỆ NOTA VIỆT NAM,QUYẾT ĐỊNH PHÁT HÀNH TRÒ CHƠI ĐIỆN TỬ G1 TRÊN MẠNG,2023-05-11,Giấy phép (ABEI),800/QĐ-BTTTT,valid,https://giayphep.abei.gov.vn/
adnx.vn,CÔNG TY CỔ PHẦN ADNX,QUYẾT ĐỊNH PHÁT HÀNH TRÒ CHƠI ĐIỆN TỬ G1 TRÊN MẠNG,2022-03-11,Giấy phép (ABEI),421/QĐ-BTTTT,valid,https://giayphep.abei.gov.vn/
adnxgames.vn,CÔNG TY CỔ PHẦN ADNX,QUYẾT ĐỊNH PHÁT HÀNH TRÒ CHƠI ĐIỆN TỬ G1 TRÊN MẠNG,2021-05-18,Giấy phép (ABEI),674/QĐ-BTTTT,invalid,https://giayphep.abei.gov.vn/
adox.vn,CÔNG TY CỔ PHẦN ADNX,QUYẾT ĐỊNH PHÁT HÀNH TRÒ CHƠI ĐIỆN TỬ G1 TRÊN MẠNG,2022-06-02,Giấy phép (ABEI),1016/QĐ-BTTTT,valid,https://giayphep.abei.gov.vn/
advertising.net.vn,CÔNG TY CỔ PHẦN VINAMA HOLDING,GIẤY PHÉP CUNG CẤP DỊCH VỤ MẠNG XÃ HỘI,2026-03-26,Giấy phép (ABEI),43/GP-BVHTTDL,valid,https://giayphep.abei.gov.vn/
advertisingvietnam.com,Công ty TNHH Adverting Việt Nam (advertingvietnam.vn),Website - Trang mạng xã hội,,Giấy phép (TVPL PDF),,valid,
aes.edu.vn,Công ty Cổ phần Công nghệ giáo dục AES,GIẤY XÁC NHẬN THÔNG BÁO CUNG CẤP DỊCH VỤ MẠNG XÃ HỘI,2025-04-17,Giấy phép (ABEI),62 /GXN-PTTH&TTĐT,valid,https://giayphep.abei.gov.vn/
afamily.vn,Công ty Cổ phần VCCorp,Website - Trang TTĐT tổng hợp,,Giấy phép (TVPL PDF),,valid,
afcm-org.com,Công ty Cổ phần Xi măng ASEAN,Website - Trang TTĐT tổng hợp,,Giấy phép (TVPL PDF),,valid,
afebiz.vn,Công ty cổ phần VCCorp,"MXH - Cá nhân, tổ chức",,Giấy phép (TVPL PDF),,valid,
afk.vgplay.vn,CÔNG TY CỔ PHẦN VGP,QUYẾT ĐỊNH PHÁT HÀNH TRÒ CHƠI ĐIỆN TỬ G1 TRÊN MẠNG,2020-12-31,Giấy phép (ABEI),2789/QĐ-BTTTT,invalid,https://giayphep.abei.gov.vn/
afkcotich.vn,CÔNG TY TNHH SOHA,QUYẾT ĐỊNH PHÁT HÀNH TRÒ CHƠI ĐIỆN TỬ G1 TRÊN MẠNG,2023-09-25,Giấy phép (ABEI),1835/QĐ-BTTTT,valid,https://giayphep.abei.gov.vn/
afkmobi.vn,CÔNG TY CỔ PHẦN DỊCH VỤ TRỰC TUYẾN AFK,GIẤY PHÉP CUNG CẤP DỊCH VỤ MẠNG XÃ HỘI,2021-08-30,Giấy phép (ABEI),564/GP-BTTTT,valid,https://giayphep.abei.gov.vn/
ageofapes.hhgame.vn,CÔNG TY CỔ PHẦN PHÁT TRIỂN CÔNG NGHỆ SỐ HỒNG HÀ,QUYẾT ĐỊNH PHÁT HÀNH TRÒ CHƠI ĐIỆN TỬ G1 TRÊN MẠNG,2024-07-26,Giấy phép (ABEI),1203/QĐ-BTTTT,valid,https://giayphep.abei.gov.vn/
ageofdevil.tbgame.vn,CÔNG TY TNHH TRÒ CHƠI TRỰC TUYẾN THIENBAO,QUYẾT ĐỊNH PHÁT HÀNH TRÒ CHƠI ĐIỆN TỬ G1 TRÊN MẠNG,2021-01-11,Giấy phép (ABEI),19/QĐ-BTTTT,valid,https://giayphep.abei.gov.vn/
agigame.vn,CÔNG TY TNHH AGIT VINA,"GIẤY XÁC NHẬN THÔNG BÁO PHÁT HÀNH TRÒ CHƠI ĐIỆN TỬ G2,G3,G4",2020-02-14,Giấy phép (ABEI),12/GXN-PTTH&TTĐT,valid,https://giayphep.abei.gov.vn/
agis.vn,CÔNG TY CỔ PHẦN PHÁT TRIỂN TRÒ CHƠI VÀ GIẢI PHÁP CÔNG NGHỆ,QUYẾT ĐỊNH PHÁT HÀNH TRÒ CHƠI ĐIỆN TỬ G1 TRÊN MẠNG,2017-07-10,Giấy phép (ABEI),1124/QĐ-BTTTT,valid,https://giayphep.abei.gov.vn/
agribank.com.vn,NGÂN HÀNG NÔNG NGHIỆP VÀ PHÁT TRIỂN NÔNG THÔN VIỆT NAM (AGRIBANK),GIẤY PHÉP THIẾT LẬP TRANG THÔNG TIN ĐIỆN TỬ TỔNG HỢP,2021-10-05,Giấy phép (ABEI),172/GP-TTĐT,valid,https://giayphep.abei.gov.vn/
agriculture.vn,CÔNG TY CỔ PHẦN QUẢNG CÁO SHOJIKI,GIẤY PHÉP CUNG CẤP DỊCH VỤ MẠNG XÃ HỘI,2019-05-29,Giấy phép (ABEI),213/GP-BTTTT,valid,https://giayphep.abei.gov.vn/
agridoctor.vn,CÔNG TY CP THOBAY VIỆT NAM,Website - Trang TTĐT tổng hợp,,Giấy phép (TVPL PDF),,valid,
agrinews.vn,Công ty cổ phần VTVCORP,Website - Trang mạng xã hội,,Giấy phép (TVPL PDF),,valid,
agriviet.com,Công ty TNHH Thương mại An Việt,Website - Trang mạng xã hội,,Giấy phép (TVPL PDF),,valid,
ah.dzogame.vn,CÔNG TY TNHH DZOGAME,QUYẾT ĐỊNH PHÁT HÀNH TRÒ CHƠI ĐIỆN TỬ G1 TRÊN MẠNG,2023-09-06,Giấy phép (ABEI),1720/QĐ-BTTTT,valid,https://giayphep.abei.gov.vn/
ah1.anhaoden,Công ty Cổ phần Yeah1 eDigital,"MXH - Cá nhân, tổ chức",,Giấy phép (TVPL PDF),,valid,
ah1.genz,Công ty Cổ phần Yeah1 eDigital,"MXH - Cá nhân, tổ chức",,Giấy phép (TVPL PDF),,valid,
ah1.giaitri,Công ty Cổ phần Yeah1 eDigital,"MXH - Cá nhân, tổ chức",,Giấy phép (TVPL PDF),,valid,
ah1.gnewss,Công ty Cổ phần Yeah1 eDigital,"MXH - Cá nhân, tổ chức",,Giấy phép (TVPL PDF),,valid,
ah1.show,Công ty Cổ phần Yeah1 eDigital,"MXH - Cá nhân, tổ chức",,Giấy phép (TVPL PDF),,valid,
ah1.trending,Công ty Cổ phần Yeah1 eDigital,"MXH - Cá nhân, tổ chức",,Giấy phép (TVPL PDF),,valid,
ah1.vivu,Công ty Cổ phần Yeah1 eDigital,"MXH - Cá nhân, tổ chức",,Giấy phép (TVPL PDF),,valid,
ahbb.gtv.vn,CÔNG TY CỔ PHẦN CÔNG NGHỆ GTV VIỆT NAM,QUYẾT ĐỊNH PHÁT HÀNH TRÒ CHƠI ĐIỆN TỬ G1 TRÊN MẠNG,2020-09-11,Giấy phép (ABEI),1552/QĐ-BTTTT,valid,https://giayphep.abei.gov.vn/
ahcd.vtcgame.vn,CÔNG TY VTC CÔNG NGHỆ VÀ NỘI DUNG SỐ,"GIẤY XÁC NHẬN THÔNG BÁO PHÁT HÀNH TRÒ CHƠI ĐIỆN TỬ G2,G3,G4",2023-03-31,Giấy phép (ABEI),42/GXN-PTTH&TTĐT,valid,https://giayphep.abei.gov.vn/
ahtq.esgroup.vn,CÔNG TY CỔ PHẦN ES GAME,QUYẾT ĐỊNH PHÁT HÀNH TRÒ CHƠI ĐIỆN TỬ G1 TRÊN MẠNG,2021-10-08,Giấy phép (ABEI),1542/QĐ-BTTTT,valid,https://giayphep.abei.gov.vn/
ahtt.zoneplay.vn,CÔNG TY CỔ PHẦN GZONE MEDIA VIỆT NAM,QUYẾT ĐỊNH PHÁT HÀNH TRÒ CHƠI ĐIỆN TỬ G1 TRÊN MẠNG,2024-06-04,Giấy phép (ABEI),914/QĐ-BTTTT,valid,https://giayphep.abei.gov.vn/
ahvl.1618play.vn,CÔNG TY TNHH 1618PLAY,QUYẾT ĐỊNH PHÁT HÀNH TRÒ CHƠI ĐIỆN TỬ G1 TRÊN MẠNG,2017-10-12,Giấy phép (ABEI),1728/QĐ-BTTTT,valid,https://giayphep.abei.gov.vn/
ahxd.gamota.com,CÔNG TY CỔ PHẦN GAMOTA,QUYẾT ĐỊNH PHÁT HÀNH TRÒ CHƠI ĐIỆN TỬ G1 TRÊN MẠNG,2018-01-12,Giấy phép (ABEI),35/QĐ-BTTTT,valid,https://giayphep.abei.gov.vn/
aiduongtv.com.vn,Đài Phát thanh và Truyền hình tỉnh Hải Dương,MXH - Đài Phát thanh Truyền hình,,Giấy phép (TVPL PDF),,valid,
aihay.vn,CÔNG TY CỔ PHẦN CÔNG NGHỆ FIRST AI,GIẤY PHÉP CUNG CẤP DỊCH VỤ MẠNG XÃ HỘI,2024-06-26,Giấy phép (ABEI),165/GP-BTTTT,valid,https://giayphep.abei.gov.vn/
ailaminhchu.vgplay.vn,CÔNG TY CỔ PHẦN VGP,QUYẾT ĐỊNH PHÁT HÀNH TRÒ CHƠI ĐIỆN TỬ G1 TRÊN MẠNG,2022-12-20,Giấy phép (ABEI),2355/QĐ-BTTTT,valid,https://giayphep.abei.gov.vn/
aiogame.vn,CÔNG TY TNHH CÔNG NGHỆ AIOGAME,QUYẾT ĐỊNH PHÁT HÀNH TRÒ CHƠI ĐIỆN TỬ G1 TRÊN MẠNG,2026-07-16,Giấy phép (ABEI),420/QĐ-PTTH&TTĐT,valid,https://giayphep.abei.gov.vn/
airinu.com,Công ty TNHH Airinu VN (airinu. vn),Website - Trang mạng xã hội,,Giấy phép (TVPL PDF),,valid,
airinu.vn,Công ty TNHH Airinu VN (airinu. vn),Website - Trang mạng xã hội,,Giấy phép (TVPL PDF),,valid,
airinu.com.vn,Công ty TNHH Airinu VN (airinu. vn),Website - Trang mạng xã hội,,Giấy phép (TVPL PDF),,valid,
ais.gov.vn,CỤC AN TOÀN THÔNG TIN,GIẤY PHÉP THIẾT LẬP TRANG THÔNG TIN ĐIỆN TỬ TỔNG HỢP,2016-04-25,Giấy phép (ABEI),38/GP-BTTTT,valid,https://giayphep.abei.gov.vn/
aisport.vn,CÔNG TY TNHH WORLD WAVE CULTURE TECHNOLOGY,GIẤY PHÉP CUNG CẤP DỊCH VỤ MẠNG XÃ HỘI,2024-09-19,Giấy phép (ABEI),271/GP-BTTTT,valid,https://giayphep.abei.gov.vn/
aiteacher.vn,CÔNG TY CỔ PHẦN EDULIVE TOÀN CẦU,GIẤY PHÉP CUNG CẤP DỊCH VỤ MẠNG XÃ HỘI,2024-11-30,Giấy phép (ABEI),351/GP-BTTTT,valid,https://giayphep.abei.gov.vn/
aitruyenhinhlaichau.daitruye,Đài Phát thanh và Truyền hình tỉnh Lai Châu,MXH - Đài Phát thanh Truyền hình,,Giấy phép (TVPL PDF),,valid,
aivo.vn,Công ty Cổ phần Phát triển Dịch vụ trực tuyến Onplay,Website - Trang mạng xã hội,,Giấy phép (TVPL PDF),,valid,
aiwi.vn,CÔNG TY TNHH CÔNG NGHỆ VÀ THÔNG TIN AIWI VIỆT NAM,QUYẾT ĐỊNH PHÁT HÀNH TRÒ CHƠI ĐIỆN TỬ G1 TRÊN MẠNG,2019-08-07,Giấy phép (ABEI),1248 /QĐ-BTTTT,valid,https://giayphep.abei.gov.vn/
aiya.vn,CÔNG TY TNHH HÀNG VIỆT NAM CHẤT LƯỢNG CAO,GIẤY PHÉP CUNG CẤP DỊCH VỤ MẠNG XÃ HỘI,2019-12-13,Giấy phép (ABEI),548/GP-BTTTT,invalid,https://giayphep.abei.gov.vn/
biztime.com.vn,Công ty TNHH Hàng Việt Nam Chất lượng cao (aiya.vn),Website - Trang mạng xã hội,,Giấy phép (TVPL PDF),,valid,
akids.official,CÔNG TY CỔ PHẦN THẾ GIỚI DI ĐỘNG,"MXH - Cá nhân, tổ chức",,Giấy phép (TVPL PDF),,valid,
akids.online,CÔNG TY CỔ PHẦN THẾ GIỚI DI ĐỘNG,"MXH - Cá nhân, tổ chức",,Giấy phép (TVPL PDF),,valid,
al.vsgame.vn,CÔNG TY CỔ PHẦN VISION GAME,QUYẾT ĐỊNH PHÁT HÀNH TRÒ CHƠI ĐIỆN TỬ G1 TRÊN MẠNG,2024-06-05,Giấy phép (ABEI),922/QĐ-BTTTT,valid,https://giayphep.abei.gov.vn/
alamanha.dongtay,Công ty cổ phần VieNETWORK,"MXH - Cá nhân, tổ chức",,Giấy phép (TVPL PDF),,valid,
ale.vn,Công ty Cổ phần Giải pháp Công nghệ iNet,Website - Trang TTĐT tổng hợp,,Giấy phép (TVPL PDF),,valid,
aleale.com.vn,CÔNG TY TNHH TƯ VẤN VÀ SỞ HỮU TRÍ TUỆ HOÀNG PHI,GIẤY PHÉP CUNG CẤP DỊCH VỤ MẠNG XÃ HỘI,2020-07-31,Giấy phép (ABEI),334/GP-BTTTT,valid,https://giayphep.abei.gov.vn/
aliens.vn,CÔNG TY TNHH CÔNG NGHỆ GIẢI TRÍ ALIEN,QUYẾT ĐỊNH PHÁT HÀNH TRÒ CHƠI ĐIỆN TỬ G1 TRÊN MẠNG,2023-11-21,Giấy phép (ABEI),2295/QĐ-BTTTT,valid,https://giayphep.abei.gov.vn/
alivar.vn,CÔNG TY CỔ PHẦN INDIMAX,GIẤY PHÉP CUNG CẤP DỊCH VỤ MẠNG XÃ HỘI,2019-10-08,Giấy phép (ABEI),426/GP-BTTTT,valid,https://giayphep.abei.gov.vn/
alivarmagazine.vn,TẠP CHÍ TIẾP THỊ VÀ GIA ĐÌNH,GIẤY PHÉP THIẾT LẬP TRANG THÔNG TIN ĐIỆN TỬ TỔNG HỢP,2019-08-13,Giấy phép (ABEI),150/GP-TTĐT,invalid,https://giayphep.abei.gov.vn/
alive.com.vn,CÔNG TY CỔ PHẦN ALIVE ENTERTAINMENT,QUYẾT ĐỊNH PHÁT HÀNH TRÒ CHƠI ĐIỆN TỬ G1 TRÊN MẠNG,2019-12-03,Giấy phép (ABEI),2101/QĐ-BTTTT,valid,https://giayphep.abei.gov.vn/
alive.vn,CÔNG TY TNHH ALIVE,GIẤY PHÉP CUNG CẤP DỊCH VỤ MẠNG XÃ HỘI,2021-03-24,Giấy phép (ABEI),173/GP-BTTTT,valid,https://giayphep.abei.gov.vn/
allmusic.vn,Công ty CP công nghệ cao LTA quốc tế (allmusic. vn),Website - Trang mạng xã hội,,Giấy phép (TVPL PDF),,valid,
alo389.vn,Công ty cổ phần Tập đoàn Truyền thông & Truyền hình 389,Website - Trang mạng xã hội,,Giấy phép (TVPL PDF),,valid,
alobacsi.biz,Công ty Cổ phần Dịch vụ Y Tế Điện tử,Website - Trang TTĐT tổng hợp,,Giấy phép (TVPL PDF),,valid,
ybacsi.com.vn,Công ty Cổ phần Dịch vụ Y Tế Điện tử,Website - Trang TTĐT tổng hợp,,Giấy phép (TVPL PDF),,valid,
alobacsi.vn,CÔNG TY CỔ PHẦN TRUYỀN THÔNG HẠNH PHÚC,Website - Trang TTĐT tổng hợp,,Giấy phép (TVPL PDF),,valid,
alobatdongsan.vn,Công ty TNHH Công nghệ Thánh Gióng,Website - Trang TTĐT tổng hợp,,Giấy phép (TVPL PDF),,valid,
alobook.vn,CÔNG TY CỔ PHẦN CÔNG NGHỆ TRUYỀN THÔNG TÂN PHONG,GIẤY PHÉP CUNG CẤP DỊCH VỤ MẠNG XÃ HỘI,2021-07-16,Giấy phép (ABEI),444/GP-BTTTT,valid,https://giayphep.abei.gov.vn/
alochutuong.gamota.com,CÔNG TY CỔ PHẦN GAMOTA,QUYẾT ĐỊNH PHÁT HÀNH TRÒ CHƠI ĐIỆN TỬ G1 TRÊN MẠNG,2023-02-06,Giấy phép (ABEI),113/QĐ-BTTTT,invalid,https://giayphep.abei.gov.vn/
alodoctor.vn,Công ty Cổ phần truyền thông thương mại An Lạc,Website - Trang TTĐT tổng hợp,,Giấy phép (TVPL PDF),,valid,
alogame.vn,CÔNG TY CỔ PHẦN CÔNG NGHỆ SỐ ALO,QUYẾT ĐỊNH PHÁT HÀNH TRÒ CHƠI ĐIỆN TỬ G1 TRÊN MẠNG,2026-06-23,Giấy phép (ABEI),365 /QĐ-PTTH&TTĐT,valid,https://giayphep.abei.gov.vn/
alohappy.vn,Công ty Cổ phần Dịch vụ Baza,Website - Trang TTĐT tổng hợp,,Giấy phép (TVPL PDF),,valid,
alolive.vn,Công ty Cổ phần Công nghệ và Truyền thông ALPINETECH,Website - Trang TTĐT tổng hợp,,Giấy phép (TVPL PDF),,valid,
alome.vn,CÔNG TY CỔ PHẦN BẠCH MINH,GIẤY PHÉP CUNG CẤP DỊCH VỤ MẠNG XÃ HỘI,2017-10-02,Giấy phép (ABEI),479/GP-BTTTT,invalid,https://giayphep.abei.gov.vn/
alomuabannhadat.vn,CÔNG TY TNHH QUẢNG CÁO SÁNG TẠO TIẾP THỊ ĐIỂM,GIẤY PHÉP CUNG CẤP DỊCH VỤ MẠNG XÃ HỘI,2017-11-08,Giấy phép (ABEI),555/GP-BTTTT,valid,https://giayphep.abei.gov.vn/
alongokhong.vn,CÔNG TY CỔ PHẦN VTC DỊCH VỤ DI ĐỘNG,QUYẾT ĐỊNH PHÁT HÀNH TRÒ CHƠI ĐIỆN TỬ G1 TRÊN MẠNG,2024-02-06,Giấy phép (ABEI),161/QĐ-BTTTT,invalid,https://giayphep.abei.gov.vn/
alothaythuoc.vn,Công ty TNHH Thương mại CityPhar Sài Gòn,Website - Trang TTĐT tổng hợp,,Giấy phép (TVPL PDF),,valid,
alothethao.com.vn,Công ty TNHH Truyền thông Thể thao IGC (alothethao.vn),Website - Trang mạng xã hội,,Giấy phép (TVPL PDF),,valid,
alothethao.vn,Công ty TNHH Truyền thông Thể thao IGC (alothethao.vn),Website - Trang mạng xã hội,,Giấy phép (TVPL PDF),,valid,
www.alothethao.com.vn,CÔNG TY TNHH TRUYỀN THÔNG THỂ THAO IGC,GIẤY PHÉP CUNG CẤP DỊCH VỤ MẠNG XÃ HỘI,2020-12-07,Giấy phép (ABEI),567/GP-BTTTT,valid,https://giayphep.abei.gov.vn/
alotutiendi.playfun.vn,CÔNG TY CỔ PHẦN FUNTAP,QUYẾT ĐỊNH PHÁT HÀNH TRÒ CHƠI ĐIỆN TỬ G1 TRÊN MẠNG,2024-07-02,Giấy phép (ABEI),1111 /QĐ-BTTTT,valid,https://giayphep.abei.gov.vn/
alozone.vn,Công ty Cổ phần Công nghệ và Dịch vụ TST,Website - Trang TTĐT tổng hợp,,Giấy phép (TVPL PDF),,valid,
alozone.net,Công ty Cổ phần Công nghệ và Dịch vụ TST,Website - Trang TTĐT tổng hợp,,Giấy phép (TVPL PDF),,valid,
am.teamobi.com.vn,CÔNG TY TNHH TEAMOBI,QUYẾT ĐỊNH PHÁT HÀNH TRÒ CHƠI ĐIỆN TỬ G1 TRÊN MẠNG,2016-01-04,Giấy phép (ABEI),01/QĐ-BTTTT,invalid,https://giayphep.abei.gov.vn/
amazinggame.com.vn,CÔNG TY TNHH CÔNG NGHỆ VÀ DỊCH VỤ TRUYỀN THÔNG - 2FMEDIA,"GIẤY XÁC NHẬN THÔNG BÁO PHÁT HÀNH TRÒ CHƠI ĐIỆN TỬ G2,G3,G4",2023-04-07,Giấy phép (ABEI),46/GXN-PTTH&TTĐT,valid,https://giayphep.abei.gov.vn/
ambao.vn,Tạp chí Người làm báo,"Website - Báo, tạp chí điện tử",,Giấy phép (TVPL PDF),,valid,
amduongkiem.vn,CÔNG TY CỔ PHẦN FUNTAP,QUYẾT ĐỊNH PHÁT HÀNH TRÒ CHƠI ĐIỆN TỬ G1 TRÊN MẠNG,2020-01-11,Giấy phép (ABEI),89 /QĐ-BTTTT,valid,https://giayphep.abei.gov.vn/
amduongsu.vn,CÔNG TY TNHH DỊCH VỤ PHẦN MỀM BÌNH MINH,QUYẾT ĐỊNH PHÁT HÀNH TRÒ CHƠI ĐIỆN TỬ G1 TRÊN MẠNG,2017-11-10,Giấy phép (ABEI),1955/QĐ-BTTTT,invalid,https://giayphep.abei.gov.vn/
amedi.vn,Công ty Cổ phần Công nghệ và Truyền thông Amigo Toàn Cầu,Website - Trang TTĐT tổng hợp,,Giấy phép (TVPL PDF),,valid,
amek.vn,Công ty cổ phần VCCorp,"MXH - Cá nhân, tổ chức",,Giấy phép (TVPL PDF),,valid,
americastoday.com.vn,TẠP CHÍ CHÂU MỸ NGÀY NAY,GIẤY PHÉP THIẾT LẬP TRANG THÔNG TIN ĐIỆN TỬ TỔNG HỢP,2020-12-31,Giấy phép (ABEI),251/GP-TTĐT,invalid,https://giayphep.abei.gov.vn/
amesh.vn,TẠP CHÍ NGHIÊN CỨU CHÂU PHI VÀ TRUNG ĐÔNG,GIẤY PHÉP THIẾT LẬP TRANG THÔNG TIN ĐIỆN TỬ TỔNG HỢP,2020-12-24,Giấy phép (ABEI),245/GP-TTĐT,valid,https://giayphep.abei.gov.vn/
amesj.vn,Tạp chí Nghiên cứu Châu Phi và Trung Đông,Website - Trang TTĐT tổng hợp,,Giấy phép (TVPL PDF),,valid,
amnhac.thanhnien.com.vn,Báo Thanh niên,"Website - Báo, tạp chí điện tử",,Giấy phép (TVPL PDF),,valid,
amnhac.thethaovanhoa.vn,Báo Thể thao và Văn hóa,"Website - Báo, tạp chí điện tử",,Giấy phép (TVPL PDF),,valid,
amphatnhaccu.official,CÔNG TY CỔ PHẦN KÊNH 28 ENTERTAINMENT,"MXH - Cá nhân, tổ chức",,Giấy phép (TVPL PDF),,valid,
ams.net.vn,CÔNG TY CỔ PHẦN AMS,"GIẤY XÁC NHẬN THÔNG BÁO PHÁT HÀNH TRÒ CHƠI ĐIỆN TỬ G2,G3,G4",2018-12-28,Giấy phép (ABEI),327/GXN-PTTH&TTĐT,valid,https://giayphep.abei.gov.vn/
amthuccodo.thanhnien.com,Báo Thanh niên,"Website - Báo, tạp chí điện tử",,Giấy phép (TVPL PDF),,valid,
amthucdulich.vn,Công ty Cổ phần Truyền thông và Dịch vụ GBIZ,Website - Trang TTĐT tổng hợp,,Giấy phép (TVPL PDF),,valid,
amthucviet.biz,Công ty Cổ phần Công nghệ và Truyền thông số Vietnet,Website - Trang TTĐT tổng hợp,,Giấy phép (TVPL PDF),,valid,
amthucviet.info.vn,Công ty Cổ phần Công nghệ và Truyền thông số Vietnet,Website - Trang TTĐT tổng hợp,,Giấy phép (TVPL PDF),,valid,
amthucvungmien.com.vn,Công ty Cổ phần Phát triển Truyền thông và sự kiện Sao Việt,Website - Trang TTĐT tổng hợp,,Giấy phép (TVPL PDF),,valid,
anangtv.vn,Đài Phát thanh và Truyền hình tỉnh Hà Tĩnh,MXH - Đài Phát thanh Truyền hình,,Giấy phép (TVPL PDF),,valid,
anh.thanhnien.com.vn,Báo Thanh niên,"Website - Báo, tạp chí điện tử",,Giấy phép (TVPL PDF),,valid,
anh28.review,CÔNG TY CỔ PHẦN KÊNH 28 ENTERTAINMENT,"MXH - Cá nhân, tổ chức",,Giấy phép (TVPL PDF),,valid,
anh28.showbiz,CÔNG TY CỔ PHẦN KÊNH 28 ENTERTAINMENT,"MXH - Cá nhân, tổ chức",,Giấy phép (TVPL PDF),,valid,
anhhung.teamobi.com.vn,CÔNG TY TNHH TEAMOBI,QUYẾT ĐỊNH PHÁT HÀNH TRÒ CHƠI ĐIỆN TỬ G1 TRÊN MẠNG,2018-04-02,Giấy phép (ABEI),458/QĐ-BTTTT,invalid,https://giayphep.abei.gov.vn/
anhhungcmn.vn,CÔNG TY CỔ PHẦN TRỰC TUYẾN CMN VIỆT NAM ,QUYẾT ĐỊNH PHÁT HÀNH TRÒ CHƠI ĐIỆN TỬ G1 TRÊN MẠNG,2026-02-12,Giấy phép (ABEI),77/QĐ-PTTH&TTĐT,valid,https://giayphep.abei.gov.vn/
anhhungpixel.weplayz.com,CÔNG TY TNHH PHẦN MỀM WEPLAY,QUYẾT ĐỊNH PHÁT HÀNH TRÒ CHƠI ĐIỆN TỬ G1 TRÊN MẠNG,2024-12-10,Giấy phép (ABEI),2165/QĐ-BTTTT,valid,https://giayphep.abei.gov.vn/
anhkiem3d.vn,CÔNG TY TNHH SOHA,QUYẾT ĐỊNH PHÁT HÀNH TRÒ CHƠI ĐIỆN TỬ G1 TRÊN MẠNG,2020-06-30,Giấy phép (ABEI),1080/QĐ-BTTTT,valid,https://giayphep.abei.gov.vn/
anhkiet3q.cmn.vn,CÔNG TY CỔ PHẦN TRỰC TUYẾN CMN VIỆT NAM ,QUYẾT ĐỊNH PHÁT HÀNH TRÒ CHƠI ĐIỆN TỬ G1 TRÊN MẠNG,2026-02-12,Giấy phép (ABEI),76/QĐ-PTTH&TTĐT,valid,https://giayphep.abei.gov.vn/
anhmitrung.hot,Công ty Cổ phần Yeah1 eDigital,"MXH - Cá nhân, tổ chức",,Giấy phép (TVPL PDF),,valid,
anhp.cand.vn,Báo Công an nhân dân,"Website - Báo, tạp chí điện tử",,Giấy phép (TVPL PDF),,valid,
anhsangvacuocsong.vn,Tạp chí Ánh sáng và Cuộc sống,Website - Trang TTĐT tổng hợp,,Giấy phép (TVPL PDF),,valid,
www.anhsangvacuocsong.com.vn,TẠP CHÍ ÁNH SÁNG VÀ CUỘC SỐNG,GIẤY PHÉP THIẾT LẬP TRANG THÔNG TIN ĐIỆN TỬ TỔNG HỢP,2019-03-15,Giấy phép (ABEI),47/GP-TTĐT,valid,https://giayphep.abei.gov.vn/
www.anhsangonline.vn,TẠP CHÍ ÁNH SÁNG VÀ CUỘC SỐNG,GIẤY PHÉP THIẾT LẬP TRANG THÔNG TIN ĐIỆN TỬ TỔNG HỢP,2019-03-15,Giấy phép (ABEI),47/GP-TTĐT,valid,https://giayphep.abei.gov.vn/
anhtrang.hhgame.vn,CÔNG TY CỔ PHẦN PHÁT TRIỂN CÔNG NGHỆ SỐ HỒNG HÀ,QUYẾT ĐỊNH PHÁT HÀNH TRÒ CHƠI ĐIỆN TỬ G1 TRÊN MẠNG,2024-02-05,Giấy phép (ABEI),132 /QĐ-BTTTT,invalid,https://giayphep.abei.gov.vn/
anime.gaba.vn,CÔNG TY CỔ PHẦN TRÒ CHƠI VEGA,QUYẾT ĐỊNH PHÁT HÀNH TRÒ CHƠI ĐIỆN TỬ G1 TRÊN MẠNG,2017-07-10,Giấy phép (ABEI),1128/QĐ-BTTTT,valid,https://giayphep.abei.gov.vn/
ankt.vn,CÔNG TY CỔ PHẦN TRUYỀN THÔNG BAOCHI.ONLINE,GIẤY PHÉP CUNG CẤP DỊCH VỤ MẠNG XÃ HỘI,2014-12-25,Giấy phép (ABEI),392/GP-BTTTT,valid,https://giayphep.abei.gov.vn/
anninh.tv,Trung tâm Phát thanh – Truyền hình – Điện ảnh Công an nhân dân,Website - Trang TTĐT tổng hợp,,Giấy phép (TVPL PDF),,valid,
antv.gov.vn,Trung tâm Phát thanh – Truyền hình – Điện ảnh Công an nhân dân,Website - Trang TTĐT tổng hợp,,Giấy phép (TVPL PDF),,valid,
truyenhinhcongan.com.vn,"TRUNG TÂM PHÁT THANH, TRUYỀN HÌNH, ĐIỆN ẢNH CÔNG AN NHÂN DÂN",GIẤY PHÉP THIẾT LẬP TRANG THÔNG TIN ĐIỆN TỬ TỔNG HỢP,2017-06-12,Giấy phép (ABEI),190/GP-TTĐT,invalid,https://giayphep.abei.gov.vn/
truyenhinhcand.com.vn,"TRUNG TÂM PHÁT THANH, TRUYỀN HÌNH, ĐIỆN ẢNH CÔNG AN NHÂN DÂN",GIẤY PHÉP THIẾT LẬP TRANG THÔNG TIN ĐIỆN TỬ TỔNG HỢP,2017-06-12,Giấy phép (ABEI),190/GP-TTĐT,invalid,https://giayphep.abei.gov.vn/
anninhvaphapluat.vn,CÔNG TY CP TH VÀ ỨNG DỤNG CNTT FBNC,Website - Trang TTĐT tổng hợp,,Giấy phép (TVPL PDF),,valid,
anphabe.com,Công ty Cổ phần Anphabe,Website - Trang mạng xã hội,,Giấy phép (TVPL PDF),,valid,
anphabe.com.vn,Công ty Cổ phần Anphabe,Website - Trang mạng xã hội,,Giấy phép (TVPL PDF),,valid,
ant-learning.com.vn,CÔNG TY CỔ PHẦN ANT LEARNING VIỆT NAM,GIẤY PHÉP CUNG CẤP DỊCH VỤ MẠNG XÃ HỘI,2023-04-07,Giấy phép (ABEI),115/GP-BTTTT,valid,https://giayphep.abei.gov.vn/
antaobao.playfun.vn,CÔNG TY CỔ PHẦN FUNTAP,QUYẾT ĐỊNH PHÁT HÀNH TRÒ CHƠI ĐIỆN TỬ G1 TRÊN MẠNG,2020-05-08,Giấy phép (ABEI),784/QĐ-BTTTT,valid,https://giayphep.abei.gov.vn/
antd.cand.com.vn,Báo Công an nhân dân,"Website - Báo, tạp chí điện tử",,Giấy phép (TVPL PDF),,valid,
antg.cand.com.vn,Báo Công an nhân dân,"Website - Báo, tạp chí điện tử",,Giấy phép (TVPL PDF),,valid,
antgct.cand.com.vn,Báo Công an nhân dân,"Website - Báo, tạp chí điện tử",,Giấy phép (TVPL PDF),,valid,
antlegion.playfun.vn,CÔNG TY CỔ PHẦN PHÁT TRIỂN CÔNG NGHỆ SỐ HỒNG HÀ,QUYẾT ĐỊNH PHÁT HÀNH TRÒ CHƠI ĐIỆN TỬ G1 TRÊN MẠNG,2022-08-29,Giấy phép (ABEI),1626/QĐ-BTTTT,valid,https://giayphep.abei.gov.vn/
antoanthongtin.gov.vn,Tạp chí An toàn thông tin,"Website - Báo, tạp chí điện tử",,Giấy phép (TVPL PDF),,valid,
isj.vn,Tạp chí An toàn thông tin,"Website - Báo, tạp chí điện tử",,Giấy phép (TVPL PDF),,valid,
antoanthongtin.vn,Tạp chí An toàn thông tin,"Website - Báo, tạp chí điện tử",,Giấy phép (TVPL PDF),,valid,
antoanyte.vn,Công ty Cổ phần truyền thông HB MEDIA,Website - Trang TTĐT tổng hợp,,Giấy phép (TVPL PDF),,valid,
antt.nguoiduatin.vn,Tạp chí Đời sống và Pháp luật,"Website - Báo, tạp chí điện tử",,Giấy phép (TVPL PDF),,valid,
www.truyenhinhcongan.com.vn,"TRUNG TÂM PHÁT THANH, TRUYỀN HÌNH, ĐIỆN ẢNH CÔNG AN NHÂN DÂN",GIẤY PHÉP THIẾT LẬP TRANG THÔNG TIN ĐIỆN TỬ TỔNG HỢP,2013-05-17,Giấy phép (ABEI),67/GP-TTĐT,invalid,https://giayphep.abei.gov.vn/
www.truyenhinhcongan.vn,"TRUNG TÂM PHÁT THANH, TRUYỀN HÌNH, ĐIỆN ẢNH CÔNG AN NHÂN DÂN",GIẤY PHÉP THIẾT LẬP TRANG THÔNG TIN ĐIỆN TỬ TỔNG HỢP,2013-05-17,Giấy phép (ABEI),67/GP-TTĐT,invalid,https://giayphep.abei.gov.vn/
www.truyenhinhcand.com.vn,"TRUNG TÂM PHÁT THANH, TRUYỀN HÌNH, ĐIỆN ẢNH CÔNG AN NHÂN DÂN",GIẤY PHÉP THIẾT LẬP TRANG THÔNG TIN ĐIỆN TỬ TỔNG HỢP,2013-05-17,Giấy phép (ABEI),67/GP-TTĐT,invalid,https://giayphep.abei.gov.vn/
truyenhinhcongan.vn,"TRUNG TÂM PHÁT THANH, TRUYỀN HÌNH, ĐIỆN ẢNH CÔNG AN NHÂN DÂN",GIẤY PHÉP THIẾT LẬP TRANG THÔNG TIN ĐIỆN TỬ TỔNG HỢP,2018-05-03,Giấy phép (ABEI),96/GP-TTĐT,valid,https://giayphep.abei.gov.vn/
anycar.vn,CÔNG TY CỔ PHẦN ANYCAR VIỆT NAM,GIẤY PHÉP CUNG CẤP DỊCH VỤ MẠNG XÃ HỘI,2019-06-05,Giấy phép (ABEI),227/GP-BTTTT,valid,https://giayphep.abei.gov.vn/
anylearn.vn,CÔNG TY CỔ PHẦN ĐẦU TƯ VÀ GIÁO DỤC ANYLEARN,GIẤY PHÉP CUNG CẤP DỊCH VỤ MẠNG XÃ HỘI,2023-02-15,Giấy phép (ABEI),62/GP-BTTTT,valid,https://giayphep.abei.gov.vn/
aoanhvietnam.vnp,Báo Ảnh Việt Nam,MXH - Cơ quan báo chí,,Giấy phép (TVPL PDF),,valid,
aodautu.vn,Báo Đầu tư,MXH - Cơ quan báo chí,,Giấy phép (TVPL PDF),,valid,
aodientuvov.vn,Báo Điện tử VOV,MXH - Cơ quan báo chí,,Giấy phép (TVPL PDF),,valid,
aodongthudo.vn,Báo Lao động Thủ đô,MXH - Cơ quan báo chí,,Giấy phép (TVPL PDF),,valid,
aoe.vn,CÔNG TY CỔ PHẦN EGO MEDIA,GIẤY PHÉP CUNG CẤP DỊCH VỤ MẠNG XÃ HỘI,2019-12-19,Giấy phép (ABEI),560/GP-BTTTT,valid,https://giayphep.abei.gov.vn/
aoe.vtcgame.vn,CÔNG TY VTC CÔNG NGHỆ VÀ NỘI DUNG SỐ,QUYẾT ĐỊNH PHÁT HÀNH TRÒ CHƠI ĐIỆN TỬ G1 TRÊN MẠNG,2022-10-26,Giấy phép (ABEI),1952/QĐ-BTTTT,valid,https://giayphep.abei.gov.vn/
aog.gamota.com,CÔNG TY CỔ PHẦN GAMOTA,QUYẾT ĐỊNH PHÁT HÀNH TRÒ CHƠI ĐIỆN TỬ G1 TRÊN MẠNG,2019-02-15,Giấy phép (ABEI),170/QĐ-BTTTT,valid,https://giayphep.abei.gov.vn/
aolinhsu.vn,CÔNG TY CỔ PHẦN TRỰC TUYẾN DUO,QUYẾT ĐỊNH PHÁT HÀNH TRÒ CHƠI ĐIỆN TỬ G1 TRÊN MẠNG,2023-03-01,Giấy phép (ABEI),284/QĐ-BTTTT,invalid,https://giayphep.abei.gov.vn/
aomatumquoc.vn,CÔNG TY CỔ PHẦN ACE GAME,QUYẾT ĐỊNH PHÁT HÀNH TRÒ CHƠI ĐIỆN TỬ G1 TRÊN MẠNG,2022-04-25,Giấy phép (ABEI),759/QĐ-BTTTT,valid,https://giayphep.abei.gov.vn/
aomongtayduidle.hhgame.vn,CÔNG TY CỔ PHẦN PHÁT TRIỂN CÔNG NGHỆ SỐ HỒNG HÀ,QUYẾT ĐỊNH PHÁT HÀNH TRÒ CHƠI ĐIỆN TỬ G1 TRÊN MẠNG,2021-10-13,Giấy phép (ABEI),1589/QĐ-BTTTT,valid,https://giayphep.abei.gov.vn/
aomongtrutien.gamota.com,CÔNG TY CỔ PHẦN GAMOTA,QUYẾT ĐỊNH PHÁT HÀNH TRÒ CHƠI ĐIỆN TỬ G1 TRÊN MẠNG,2024-02-06,Giấy phép (ABEI),154/QĐ-BTTTT,valid,https://giayphep.abei.gov.vn/
aonline.vn,Tạp chí Thương gia,"Website - Báo, tạp chí điện tử",,Giấy phép (TVPL PDF),,valid,
aos.vnp,Báo ảnh Việt Nam,MXH - Cơ quan báo chí,,Giấy phép (TVPL PDF),,valid,
aotayninh.vn,Báo Tây Ninh,MXH - Cơ quan báo chí,,Giấy phép (TVPL PDF),,valid,
aothainguyen.vn,Báo Thái Nguyên,MXH - Cơ quan báo chí,,Giấy phép (TVPL PDF),,valid,
aotrang.vn,"Công ty Cổ phần Đầu tư Bright Star (http://aotrang.com.vn, http://aotrang.net)",Website - Trang TTĐT tổng hợp,,Giấy phép (TVPL PDF),,valid,
aotravinh.vn,Báo Trà Vinh,MXH - Cơ quan báo chí,,Giấy phép (TVPL PDF),,valid,
aoz.vtcgame.vn,CÔNG TY VTC CÔNG NGHỆ VÀ NỘI DUNG SỐ,QUYẾT ĐỊNH PHÁT HÀNH TRÒ CHƠI ĐIỆN TỬ G1 TRÊN MẠNG,2020-01-21,Giấy phép (ABEI),115 QĐ/BTTTT,invalid,https://giayphep.abei.gov.vn/
apchigiaothong.vn,Tạp chí GTVT,MXH - Cơ quan báo chí,,Giấy phép (TVPL PDF),,valid,
apchinganhang.nhnn,Tạp chí Ngân hàng,MXH - Cơ quan báo chí,,Giấy phép (TVPL PDF),,valid,
apecglobal.vn,CÔNG TY CP TẬP ĐOÀN KINH TẾ APECGLOBAL,Website - Trang TTĐT tổng hợp,,Giấy phép (TVPL PDF),,valid,
apexgirl.vn,CÔNG TY CỔ PHẦN 9PLAY ,QUYẾT ĐỊNH PHÁT HÀNH TRÒ CHƠI ĐIỆN TỬ G1 TRÊN MẠNG,2026-02-06,Giấy phép (ABEI),52/QĐ-PTTH&TTĐT,valid,https://giayphep.abei.gov.vn/
app.mywork.com.vn,Công ty Cổ phần Giải pháp hệ thống thông tin ISS Việt Nam,Website - Trang mạng xã hội,,Giấy phép (TVPL PDF),,valid,
applian.vn,Công ty cổ phần dịch vụ và đầu tư LIAN (applian.vn; lianapplian),Website - Trang mạng xã hội,,Giấy phép (TVPL PDF),,valid,
lianapp.vn,Công ty cổ phần dịch vụ và đầu tư LIAN (applian.vn; lianapplian),Website - Trang mạng xã hội,,Giấy phép (TVPL PDF),,valid,
www.lianapp.vn,CÔNG TY CỔ PHẦN DỊCH VỤ VÀ ĐẦU TƯ LIAN,GIẤY PHÉP CUNG CẤP DỊCH VỤ MẠNG XÃ HỘI,2020-05-13,Giấy phép (ABEI),203/GP-BTTTT,valid,https://giayphep.abei.gov.vn/
appstore.vn,CÔNG TY CỔ PHẦN ADSOTA,GIẤY PHÉP CUNG CẤP DỊCH VỤ MẠNG XÃ HỘI,2017-10-13,Giấy phép (ABEI),504/GP-BTTTT,valid,https://giayphep.abei.gov.vn/
archives.org.vn,Trung tâm Lưu trữ quốc gia 1,Website - Trang TTĐT tổng hợp,,Giấy phép (TVPL PDF),,valid,
arclubb.page,Công ty TNHH Vietnam Music Award,"MXH - Cá nhân, tổ chức",,Giấy phép (TVPL PDF),,valid,
arenabreakout.vnggames.com,CÔNG TY TNHH TRUYỀN THÔNG MINH PHƯƠNG THỊNH,QUYẾT ĐỊNH PHÁT HÀNH TRÒ CHƠI ĐIỆN TỬ G1 TRÊN MẠNG,2024-06-03,Giấy phép (ABEI),908/QĐ-BTTTT,invalid,https://giayphep.abei.gov.vn/
aschool.vn,CÔNG TY CỔ PHẦN 3A MEDIA,GIẤY PHÉP CUNG CẤP DỊCH VỤ MẠNG XÃ HỘI,2017-04-11,Giấy phép (ABEI),146/GP-BTTTT,valid,https://giayphep.abei.gov.vn/
asean.vietnam.vn,Cục thông tin đối ngoại,Website - Trang TTĐT tổng hợp,,Giấy phép (TVPL PDF),,valid,
aseanvietnam.vn,CỤC THÔNG TIN ĐỐI NGOẠI,GIẤY PHÉP THIẾT LẬP TRANG THÔNG TIN ĐIỆN TỬ TỔNG HỢP,2015-09-11,Giấy phép (ABEI),136/GP-TTĐT,invalid,https://giayphep.abei.gov.vn/
vietnamasean.vn,CỤC THÔNG TIN ĐỐI NGOẠI,GIẤY PHÉP THIẾT LẬP TRANG THÔNG TIN ĐIỆN TỬ TỔNG HỢP,2015-09-11,Giấy phép (ABEI),136/GP-TTĐT,invalid,https://giayphep.abei.gov.vn/
www.aseanvietnam.vn,CỤC THÔNG TIN ĐỐI NGOẠI,GIẤY PHÉP THIẾT LẬP TRANG THÔNG TIN ĐIỆN TỬ TỔNG HỢP,2023-03-21,Giấy phép (ABEI),35/GP-TTĐT,invalid,https://giayphep.abei.gov.vn/
www.vietnamasean.vn,CỤC THÔNG TIN ĐỐI NGOẠI,GIẤY PHÉP THIẾT LẬP TRANG THÔNG TIN ĐIỆN TỬ TỔNG HỢP,2023-03-21,Giấy phép (ABEI),35/GP-TTĐT,invalid,https://giayphep.abei.gov.vn/
asemconnectvietnam.gov.vn,TRUNG TÂM THÔNG TIN CÔNG NGHIỆP VÀ THƯƠNG MẠI,GIẤY PHÉP THIẾT LẬP TRANG THÔNG TIN ĐIỆN TỬ TỔNG HỢP,2016-04-29,Giấy phép (ABEI),43/GPSĐBS-TTĐT,invalid,https://giayphep.abei.gov.vn/
ashechoes.vn,CÔNG TY CỔ PHẦN TRAVELLET VIỆT NAM,QUYẾT ĐỊNH PHÁT HÀNH TRÒ CHƠI ĐIỆN TỬ G1 TRÊN MẠNG,2025-01-24,Giấy phép (ABEI),107/QĐ-BTTTT,valid,https://giayphep.abei.gov.vn/
asiantravel.com.vn,Công ty Cổ phần Du lịch Quốc tế Á Châu,Website - Trang TTĐT tổng hợp,,Giấy phép (TVPL PDF),,valid,
asiasoft.net.vn,CÔNG TY TNHH CHÂU Á MỀM,QUYẾT ĐỊNH PHÁT HÀNH TRÒ CHƠI ĐIỆN TỬ G1 TRÊN MẠNG,2020-08-24,Giấy phép (ABEI),1452/QĐ-BTTTT,valid,https://giayphep.abei.gov.vn/
asimatna.viechannel,Công ty cổ phần VieNETWORK,"MXH - Cá nhân, tổ chức",,Giấy phép (TVPL PDF),,valid,
ask14.vn,"Trung tâm nghiên cứu và ứng dụng khoa học về giới, gia đình, phụ nữ và vị thành niên",Website - Trang TTĐT tổng hợp,,Giấy phép (TVPL PDF),,valid,
astra.com.vn,CÔNG TY CỔ PHẦN CÔNG NGHỆ ASTRA TOÀN CẦU,GIẤY PHÉP CUNG CẤP DỊCH VỤ MẠNG XÃ HỘI,2019-10-11,Giấy phép (ABEI),435/GP-BTTTT,valid,https://giayphep.abei.gov.vn/
asxh.com.vn,Công ty TNHH Dịch vụ thông tin và phát triển nội dung DATASHARE,Website - Trang TTĐT tổng hợp,,Giấy phép (TVPL PDF),,valid,
asypt.gamota.com,CÔNG TY CỔ PHẦN GAMOTA,QUYẾT ĐỊNH PHÁT HÀNH TRÒ CHƠI ĐIỆN TỬ G1 TRÊN MẠNG,2024-10-21,Giấy phép (ABEI),1805/QĐ-BTTTT,invalid,https://giayphep.abei.gov.vn/
atao.ygame.vn,CÔNG TY CỔ PHẦN GIẢI TRÍ YGAME,QUYẾT ĐỊNH PHÁT HÀNH TRÒ CHƠI ĐIỆN TỬ G1 TRÊN MẠNG,2018-04-02,Giấy phép (ABEI),459/QĐ-BTTTT,valid,https://giayphep.abei.gov.vn/
ataotrolai.vn,CÔNG TY CỔ PHẦN FUNTAP,QUYẾT ĐỊNH PHÁT HÀNH TRÒ CHƠI ĐIỆN TỬ G1 TRÊN MẠNG,2020-01-17,Giấy phép (ABEI),92/QĐ-BTTTT,invalid,https://giayphep.abei.gov.vn/
atgame.com.vn,CÔNG TY TNHH CÔNG NGHỆ MẠNG AT ,QUYẾT ĐỊNH PHÁT HÀNH TRÒ CHƠI ĐIỆN TỬ G1 TRÊN MẠNG,2026-06-25,Giấy phép (ABEI),373/QĐ-PTTH&TTĐT,valid,https://giayphep.abei.gov.vn/
atgt.baogiaothong.vn,Báo Giao thông,"Website - Báo, tạp chí điện tử",,Giấy phép (TVPL PDF),,valid,
athenaonline.vn,Cty CP đào tạo Anh ngữ QT Athena,Website - Trang mạng xã hội,,Giấy phép (TVPL PDF),,valid,
atinhtv.vnn,Đài Phát thanh và Truyền hình tỉnh Hà Tĩnh,MXH - Đài Phát thanh Truyền hình,,Giấy phép (TVPL PDF),,valid,
atmbiz.vn,Công ty Cổ phần Công nghệ và Truyền thông Asean Times,Website - Trang TTĐT tổng hợp,,Giấy phép (TVPL PDF),,valid,
attp.vn,Công ty Cổ phần truyền thông SAND Việt Nam,Website - Trang TTĐT tổng hợp,,Giấy phép (TVPL PDF),,valid,
atv.org.vn,ĐÀI PHÁT THANH - TRUYỀN HÌNH AN GIANG,GIẤY PHÉP THIẾT LẬP TRANG THÔNG TIN ĐIỆN TỬ TỔNG HỢP,2017-01-17,Giấy phép (ABEI),38/GP-TTĐT,valid,https://giayphep.abei.gov.vn/
au.vtcgame.vn,CÔNG TY VTC CÔNG NGHỆ VÀ NỘI DUNG SỐ,QUYẾT ĐỊNH PHÁT HÀNH TRÒ CHƠI ĐIỆN TỬ G1 TRÊN MẠNG,2022-09-27,Giấy phép (ABEI),1795/QĐ-BTTTT,valid,https://giayphep.abei.gov.vn/
au2.vtcgame.vn,CÔNG TY VTC CÔNG NGHỆ VÀ NỘI DUNG SỐ,QUYẾT ĐỊNH PHÁT HÀNH TRÒ CHƠI ĐIỆN TỬ G1 TRÊN MẠNG,2018-10-04,Giấy phép (ABEI),1611/QĐ-BTTTT,valid,https://giayphep.abei.gov.vn/
au2pc.vtcgame.vn,CÔNG TY VTC CÔNG NGHỆ VÀ NỘI DUNG SỐ,QUYẾT ĐỊNH PHÁT HÀNH TRÒ CHƠI ĐIỆN TỬ G1 TRÊN MẠNG,2023-09-19,Giấy phép (ABEI),1804/QĐ-BTTTT,invalid,https://giayphep.abei.gov.vn/
aub.vtcgame.vn,CÔNG TY VTC CÔNG NGHỆ VÀ NỘI DUNG SỐ,QUYẾT ĐỊNH PHÁT HÀNH TRÒ CHƠI ĐIỆN TỬ G1 TRÊN MẠNG,2022-01-21,Giấy phép (ABEI),86/QĐ-BTTTT,invalid,https://giayphep.abei.gov.vn/
auidol.vn,CÔNG TY TNHH SOHA,QUYẾT ĐỊNH PHÁT HÀNH TRÒ CHƠI ĐIỆN TỬ G1 TRÊN MẠNG,2020-01-08,Giấy phép (ABEI),38 /QĐ-BTTTT,valid,https://giayphep.abei.gov.vn/
aulove.vn,CÔNG TY CỔ PHẦN VTC DỊCH VỤ DI ĐỘNG,QUYẾT ĐỊNH PHÁT HÀNH TRÒ CHƠI ĐIỆN TỬ G1 TRÊN MẠNG,2017-03-30,Giấy phép (ABEI),452/QĐ-BTTTT,invalid,https://giayphep.abei.gov.vn/
aumix.vtcgame.vn,CÔNG TY VTC CÔNG NGHỆ VÀ NỘI DUNG SỐ,QUYẾT ĐỊNH PHÁT HÀNH TRÒ CHƠI ĐIỆN TỬ G1 TRÊN MẠNG,2020-01-21,Giấy phép (ABEI),113/QĐ-BTTTT,invalid,https://giayphep.abei.gov.vn/
aumobi.vn,CÔNG TY TNHH TRUYỀN THÔNG MINH PHƯƠNG THỊNH,QUYẾT ĐỊNH PHÁT HÀNH TRÒ CHƠI ĐIỆN TỬ G1 TRÊN MẠNG,2017-09-22,Giấy phép (ABEI),1582/QĐ-BTTTT,valid,https://giayphep.abei.gov.vn/
aumobile.vn,CÔNG TY CỔ PHẦN VTC DỊCH VỤ DI ĐỘNG,QUYẾT ĐỊNH PHÁT HÀNH TRÒ CHƠI ĐIỆN TỬ G1 TRÊN MẠNG,2016-03-25,Giấy phép (ABEI),415/QĐ-BTTTT,invalid,https://giayphep.abei.gov.vn/
aurafantasy.vn,CÔNG TY TNHH GIẢI TRÍ LONG ĐỈNH,QUYẾT ĐỊNH PHÁT HÀNH TRÒ CHƠI ĐIỆN TỬ G1 TRÊN MẠNG,2020-01-14,Giấy phép (ABEI),53 /QĐ-BTTTT,valid,https://giayphep.abei.gov.vn/
aurora.vtcgame.vn,CÔNG TY VTC CÔNG NGHỆ VÀ NỘI DUNG SỐ,QUYẾT ĐỊNH PHÁT HÀNH TRÒ CHƠI ĐIỆN TỬ G1 TRÊN MẠNG,2020-10-26,Giấy phép (ABEI),1801/QĐ-BTTTT,invalid,https://giayphep.abei.gov.vn/
aus.vtcgame.vn,CÔNG TY VTC CÔNG NGHỆ VÀ NỘI DUNG SỐ,QUYẾT ĐỊNH PHÁT HÀNH TRÒ CHƠI ĐIỆN TỬ G1 TRÊN MẠNG,2017-03-09,Giấy phép (ABEI),265/QĐ-BTTTT,invalid,https://giayphep.abei.gov.vn/
auspeed.vn,CÔNG TY CỔ PHẦN VTC DỊCH VỤ DI ĐỘNG,QUYẾT ĐỊNH PHÁT HÀNH TRÒ CHƠI ĐIỆN TỬ G1 TRÊN MẠNG,2017-04-17,Giấy phép (ABEI),542/QĐ-BTTTT,invalid,https://giayphep.abei.gov.vn/
authentic.vn,Công ty TNHH AUTHENTIC LUXURY,Website - Trang TTĐT tổng hợp,,Giấy phép (TVPL PDF),,valid,
auto.vn,CÔNG TY TNHH QPAMLD,GIẤY PHÉP CUNG CẤP DỊCH VỤ MẠNG XÃ HỘI,2024-03-01,Giấy phép (ABEI),49/GP-BTTTT,valid,https://giayphep.abei.gov.vn/
auto5.vn,Công ty Cổ phần Dịch vụ Truyền thông Thể thao 247,Website - Trang TTĐT tổng hợp,,Giấy phép (TVPL PDF),,valid,
autobikes.vn,Công ty TNHH Truyền thông Newcare,Website - Trang TTĐT tổng hợp,,Giấy phép (TVPL PDF),,valid,
autoblog.vn,"CÔNG TY TNHH CÔNG NGHỆ, DỊCH VỤ VÀ TRUYỀN THÔNG XE VIỆT",GIẤY PHÉP CUNG CẤP DỊCH VỤ MẠNG XÃ HỘI,2022-01-25,Giấy phép (ABEI),55/GP-BTTTT,valid,https://giayphep.abei.gov.vn/
autoboss.vn,Công ty Cổ phần Truyền thông DAMORD,Website - Trang TTĐT tổng hợp,,Giấy phép (TVPL PDF),,valid,
autochess.zing.vn,CÔNG TY CỔ PHẦN TẬP ĐOÀN VNG,QUYẾT ĐỊNH PHÁT HÀNH TRÒ CHƠI ĐIỆN TỬ G1 TRÊN MẠNG,2019-07-25,Giấy phép (ABEI),1132 /QĐ-BTTTT,valid,https://giayphep.abei.gov.vn/
autoexpress.vn,Công ty Cổ phần Truyền thông Mediart,Website - Trang TTĐT tổng hợp,,Giấy phép (TVPL PDF),,valid,
automotor.vn,CÔNG TY CỔ PHẦN CÔNG NGHỆ VÀ TRUYỀN THÔNG HEMERA,GIẤY PHÉP CUNG CẤP DỊCH VỤ MẠNG XÃ HỘI,2020-07-10,Giấy phép (ABEI),290/GP-BTTTT,valid,https://giayphep.abei.gov.vn/
autonet.com.vn,Tạp chí Công nghệ và Xe (Autonet),"Website - Báo, tạp chí điện tử",,Giấy phép (TVPL PDF),,valid,
autop.vn,CÔNG TY CỔ PHẦN VTC DỊCH VỤ DI ĐỘNG,QUYẾT ĐỊNH PHÁT HÀNH TRÒ CHƠI ĐIỆN TỬ G1 TRÊN MẠNG,2022-06-02,Giấy phép (ABEI),1008/QĐ-BTTTT,invalid,https://giayphep.abei.gov.vn/
autopro.com.vn,Công ty Cổ phần VCCorp,Website - Trang TTĐT tổng hợp,,Giấy phép (TVPL PDF),,valid,
autruongamnhac.thvl,Công ty cổ phần VieNETWORK,"MXH - Cá nhân, tổ chức",,Giấy phép (TVPL PDF),,valid,
aux.goplay.vn,CÔNG TY CỔ PHẦN VTC TRUYỀN THÔNG TRỰC TUYẾN,QUYẾT ĐỊNH PHÁT HÀNH TRÒ CHƠI ĐIỆN TỬ G1 TRÊN MẠNG,2020-01-17,Giấy phép (ABEI),78/QĐ-BTTTT,valid,https://giayphep.abei.gov.vn/
avatarland.com.vn,CÔNG TY TNHH TEAMOBI,QUYẾT ĐỊNH PHÁT HÀNH TRÒ CHƠI ĐIỆN TỬ G1 TRÊN MẠNG,2023-06-07,Giấy phép (ABEI),986/QĐ-BTTTT,invalid,https://giayphep.abei.gov.vn/
avgplus.vn,CÔNG TY CỔ PHẦN NGHE NHÌN TOÀN CẦU,GIẤY PHÉP CUNG CẤP DỊCH VỤ MẠNG XÃ HỘI,2021-02-08,Giấy phép (ABEI),103/GP-BTTTT,valid,https://giayphep.abei.gov.vn/
avideo.vn,CÔNG TY CỔ PHẦN BẠCH MINH,GIẤY PHÉP CUNG CẤP DỊCH VỤ MẠNG XÃ HỘI,2017-08-14,Giấy phép (ABEI),392/GP-BTTTT,valid,https://giayphep.abei.gov.vn/
avui.vn,CÔNG TY CỔ PHẦN DỊCH VỤ THƯƠNG MẠI VÀ DU LỊCH MIX,Website - Trang mạng xã hội,,Giấy phép (TVPL PDF),,valid,
awaken3q.vn,CÔNG TY TNHH SOHA,QUYẾT ĐỊNH PHÁT HÀNH TRÒ CHƠI ĐIỆN TỬ G1 TRÊN MẠNG,2020-11-18,Giấy phép (ABEI),2004/QĐ-BTTTT,valid,https://giayphep.abei.gov.vn/
axe.gamota.com,CÔNG TY CỔ PHẦN GAMOTA,QUYẾT ĐỊNH PHÁT HÀNH TRÒ CHƠI ĐIỆN TỬ G1 TRÊN MẠNG,2019-07-31,Giấy phép (ABEI),1160/QĐ-BTTTT,valid,https://giayphep.abei.gov.vn/
azure.vnggames.com,CÔNG TY CỔ PHẦN VNG,QUYẾT ĐỊNH PHÁT HÀNH TRÒ CHƠI ĐIỆN TỬ G1 TRÊN MẠNG,2022-07-18,Giấy phép (ABEI),1396/QĐ-BTTTT,invalid,https://giayphep.abei.gov.vn/
b.vjst.vn,Tap chí Khoa học và Công nghệ Việt Nam,"Website - Báo, tạp chí điện tử",,Giấy phép (TVPL PDF),,valid,
b2c.net.vn,Công ty Cổ phần truyền thông E.Life Việt Nam,Website - Trang TTĐT tổng hợp,,Giấy phép (TVPL PDF),,valid,
bacgiangtv.vn,ĐÀI PHÁT THANH VÀ TRUYỀN HÌNH BẮC GIANG,GIẤY PHÉP THIẾT LẬP TRANG THÔNG TIN ĐIỆN TỬ TỔNG HỢP,2018-05-04,Giấy phép (ABEI),97/GP-TTĐT,invalid,https://giayphep.abei.gov.vn/
bachchien.com.vn,Công ty TNHH Giải Trí Long Đỉnh,QUYẾT ĐỊNH PHÁT HÀNH TRÒ CHƠI ĐIỆN TỬ G1 TRÊN MẠNG,2016-02-01,Giấy phép (ABEI),176/QĐ-BTTTT,valid,https://giayphep.abei.gov.vn/
bachchien.gosu.vn,CÔNG TY CỔ PHẦN TRỰC TUYẾN GOSU,QUYẾT ĐỊNH PHÁT HÀNH TRÒ CHƠI ĐIỆN TỬ G1 TRÊN MẠNG,2020-03-09,Giấy phép (ABEI),310/QĐ-BTTTT,invalid,https://giayphep.abei.gov.vn/
bachchien2.com.vn,CÔNG TY TNHH GIẢI TRÍ LONG ĐỈNH,QUYẾT ĐỊNH PHÁT HÀNH TRÒ CHƠI ĐIỆN TỬ G1 TRÊN MẠNG,2016-02-01,Giấy phép (ABEI),178/QĐ-BTTTT,valid,https://giayphep.abei.gov.vn/
bachchien3.com.vn,CÔNG TY TNHH GIẢI TRÍ LONG ĐỈNH,QUYẾT ĐỊNH PHÁT HÀNH TRÒ CHƠI ĐIỆN TỬ G1 TRÊN MẠNG,2016-05-23,Giấy phép (ABEI),843/QĐ-BTTTT,valid,https://giayphep.abei.gov.vn/
bachchien3q.vn,CÔNG TY CỔ PHẦN REGZ GAMES,QUYẾT ĐỊNH PHÁT HÀNH TRÒ CHƠI ĐIỆN TỬ G1 TRÊN MẠNG,2021-02-08,Giấy phép (ABEI),173/QĐ-BTTTT,valid,https://giayphep.abei.gov.vn/
bachchienmobile.vn,CÔNG TY CỔ PHẦN VTC DỊCH VỤ DI ĐỘNG,QUYẾT ĐỊNH PHÁT HÀNH TRÒ CHƠI ĐIỆN TỬ G1 TRÊN MẠNG,2016-06-09,Giấy phép (ABEI),997/QĐ-BTTTT,invalid,https://giayphep.abei.gov.vn/
bachhoaxanh.com,Công ty cổ phần Thương mại Bách Hóa Xanh,Website - Trang mạng xã hội,,Giấy phép (TVPL PDF),,valid,
www.bachhoaxanh.vn,CÔNG TY CỔ PHẦN THƯƠNG MẠI BÁCH HÓA XANH,GIẤY PHÉP CUNG CẤP DỊCH VỤ MẠNG XÃ HỘI,2021-01-11,Giấy phép (ABEI),20/GP-BTTTT,valid,https://giayphep.abei.gov.vn/
bachhoaxanh.vn,Công ty cổ phần Thương mại Bách Hóa Xanh,Website - Trang mạng xã hội,,Giấy phép (TVPL PDF),,valid,
bachkhoaluat.vn,CÔNG TY TNHH TƯ VẤN ĐẦU TƯ VLIC,Website - Trang TTĐT tổng hợp,,Giấy phép (TVPL PDF),,valid,
bachkiem.vn,CÔNG TY TNHH SOHA,QUYẾT ĐỊNH PHÁT HÀNH TRÒ CHƠI ĐIỆN TỬ G1 TRÊN MẠNG,2022-08-03,Giấy phép (ABEI),1472/QĐ-BTTTT,valid,https://giayphep.abei.gov.vn/
bachquynguyensu.vn,CÔNG TY TNHH VMGE,QUYẾT ĐỊNH PHÁT HÀNH TRÒ CHƠI ĐIỆN TỬ G1 TRÊN MẠNG,2023-08-31,Giấy phép (ABEI),1695/QĐ-BTTTT,valid,https://giayphep.abei.gov.vn/
bachtuocso.vn,CÔNG TY CỔ PHẦN BẠCH TUỘC SỐ,QUYẾT ĐỊNH PHÁT HÀNH TRÒ CHƠI ĐIỆN TỬ G1 TRÊN MẠNG,2018-02-09,Giấy phép (ABEI),203/QĐ-BTTTT,valid,https://giayphep.abei.gov.vn/
bachu.gaba.vn,CÔNG TY CỔ PHẦN TRÒ CHƠI VEGA,QUYẾT ĐỊNH PHÁT HÀNH TRÒ CHƠI ĐIỆN TỬ G1 TRÊN MẠNG,2017-06-14,Giấy phép (ABEI),915/QĐ-BTTTT,valid,https://giayphep.abei.gov.vn/
bachxatienkiep.hgame.vn,CÔNG TY CỔ PHẦN PHÁT TRIỂN CÔNG NGHỆ SỐ HỒNG HÀ,QUYẾT ĐỊNH PHÁT HÀNH TRÒ CHƠI ĐIỆN TỬ G1 TRÊN MẠNG,2021-08-30,Giấy phép (ABEI),1319 /QĐ-BTTT,valid,https://giayphep.abei.gov.vn/
bachxatienkiep.hhgame.vn,CÔNG TY CỔ PHẦN PHÁT TRIỂN CÔNG NGHỆ SỐ HỒNG HÀ,QUYẾT ĐỊNH PHÁT HÀNH TRÒ CHƠI ĐIỆN TỬ G1 TRÊN MẠNG,2021-08-30,Giấy phép (ABEI),1319/QĐ-BTTTT,valid,https://giayphep.abei.gov.vn/
backantv.vn,ĐÀI PHÁT THANH VÀ TRUYỀN HÌNH BẮC KẠN,GIẤY PHÉP THIẾT LẬP TRANG THÔNG TIN ĐIỆN TỬ TỔNG HỢP,2021-04-28,Giấy phép (ABEI),66/GP-TTĐT,valid,https://giayphep.abei.gov.vn/
bktv.vn,ĐÀI PHÁT THANH VÀ TRUYỀN HÌNH BẮC KẠN,GIẤY PHÉP THIẾT LẬP TRANG THÔNG TIN ĐIỆN TỬ TỔNG HỢP,2019-06-25,Giấy phép (ABEI),108/GP-TTĐT,invalid,https://giayphep.abei.gov.vn/
blktv.vn,ĐÀI PHÁT THANH VÀ TRUYỀN HÌNH BẮC KẠN,GIẤY PHÉP THIẾT LẬP TRANG THÔNG TIN ĐIỆN TỬ TỔNG HỢP,2016-12-14,Giấy phép (ABEI),253/GP-TTĐT,invalid,https://giayphep.abei.gov.vn/
backstage.vn,CÔNG TY CỔ PHẦN TRUYỀN THÔNG & SỰ KIỆN BACKSTAGE,GIẤY PHÉP CUNG CẤP DỊCH VỤ MẠNG XÃ HỘI,2024-03-18,Giấy phép (ABEI),62/GP-BTTTT,valid,https://giayphep.abei.gov.vn/
baclieu.gov.vn,SỞ THÔNG TIN VÀ TRUYỀN THÔNG BẠC LIÊU,GIẤY PHÉP THIẾT LẬP TRANG THÔNG TIN ĐIỆN TỬ TỔNG HỢP,2016-04-12,Giấy phép (ABEI),31/GP-TTĐT,invalid,https://giayphep.abei.gov.vn/
bacninhtv.vn,ĐÀI PHÁT THANH VÀ TRUYỀN HÌNH BẮC NINH,GIẤY PHÉP THIẾT LẬP TRANG THÔNG TIN ĐIỆN TỬ TỔNG HỢP,2019-12-05,Giấy phép (ABEI),232/GP-TTĐT,invalid,https://giayphep.abei.gov.vn/
bacsitri.com.vn,Công ty Cổ phần Dược phẩm Vinh Gia,Website - Trang mạng xã hội,,Giấy phép (TVPL PDF),,valid,
bacsituvan.com.vn,Công ty Cổ phần Dược phẩm Vinh Gia,Website - Trang mạng xã hội,,Giấy phép (TVPL PDF),,valid,
bacsituvan.vn,Công ty Cổ phần Dược phẩm Vinh Gia,Website - Trang mạng xã hội,,Giấy phép (TVPL PDF),,valid,
bacsycuaban.com,Công ty Cổ phần Công nghệ và dịch vụ Imedia( Cũ :Công ty Cổ phần truyền thông ANGIA),Website - Trang TTĐT tổng hợp,,Giấy phép (TVPL PDF),,valid,
bacsytri.com.vn,Công ty Cổ phần Dược phẩm Vinh Gia,Website - Trang mạng xã hội,,Giấy phép (TVPL PDF),,valid,
bacsytuvan.com.vn,Công ty Cổ phần Dược phẩm Vinh Gia,Website - Trang mạng xã hội,,Giấy phép (TVPL PDF),,valid,
badaotamquoc.vn,CÔNG TY CỔ PHẦN ACE GAME,QUYẾT ĐỊNH PHÁT HÀNH TRÒ CHƠI ĐIỆN TỬ G1 TRÊN MẠNG,2020-12-29,Giấy phép (ABEI),2329/QĐ-BTTTT,invalid,https://giayphep.abei.gov.vn/
badlanders.xgaming.com.vn,CÔNG TY TRUYỀN THÔNG VIETTEL,QUYẾT ĐỊNH PHÁT HÀNH TRÒ CHƠI ĐIỆN TỬ G1 TRÊN MẠNG,2022-01-19,Giấy phép (ABEI),53/QĐ-BTTTT,invalid,https://giayphep.abei.gov.vn/
badosa.vn,CÔNG TY CỔ PHẦN TƯ VẤN VÀ GIẢI PHÁP BẤT ĐỘNG SẢN VNHOMES,GIẤY PHÉP CUNG CẤP DỊCH VỤ MẠNG XÃ HỘI,2021-02-24,Giấy phép (ABEI),122/GP-BTTTT,valid,https://giayphep.abei.gov.vn/
ballisticvn.vnggames.com,Công ty TNHH VNGGames ,QUYẾT ĐỊNH PHÁT HÀNH TRÒ CHƠI ĐIỆN TỬ G1 TRÊN MẠNG,2026-01-30,Giấy phép (ABEI),32/QĐ-PTTH&TTĐT,invalid,https://giayphep.abei.gov.vn/
balodi.vn,Công ty cổ phần Đầu tư và Phát triển Công nghệ Truyền thông Nam Việt,Website - Trang mạng xã hội,,Giấy phép (TVPL PDF),,valid,
banca999.com,CÔNG TY CỔ PHẦN THƯƠNG MẠI CÔNG NGHỆ VIỄN THÔNG VÀ THÔNG TIN HOÀNG LÊ,QUYẾT ĐỊNH PHÁT HÀNH TRÒ CHƠI ĐIỆN TỬ G1 TRÊN MẠNG,2018-06-29,Giấy phép (ABEI),1007/QĐ-BTTTT,invalid,https://giayphep.abei.gov.vn/
bancahaithan.vn,CÔNG TY TNHH GAME VIỆT,QUYẾT ĐỊNH PHÁT HÀNH TRÒ CHƠI ĐIỆN TỬ G1 TRÊN MẠNG,2025-02-25,Giấy phép (ABEI),60/QĐ-PTTH&TTĐT,valid,https://giayphep.abei.gov.vn/
bancavui.trochoiviet.vn,CÔNG TY TNHH GAME VIỆT,QUYẾT ĐỊNH PHÁT HÀNH TRÒ CHƠI ĐIỆN TỬ G1 TRÊN MẠNG,2023-05-30,Giấy phép (ABEI),912/QĐ-BTTTT,valid,https://giayphep.abei.gov.vn/
bancavui.vn,CÔNG TY TNHH ĐẦU TƯ BẢO NINH,QUYẾT ĐỊNH PHÁT HÀNH TRÒ CHƠI ĐIỆN TỬ G1 TRÊN MẠNG,2018-01-09,Giấy phép (ABEI),21/QĐ-BTTTT,valid,https://giayphep.abei.gov.vn/
banduong.vn,Tạp chí Vận tải ô tô,"Website - Báo, tạp chí điện tử",,Giấy phép (TVPL PDF),,valid,
bang.vn,CÔNG TY CỔ PHẦN BỐNG BỐNG BANG BANG,GIẤY PHÉP CUNG CẤP DỊCH VỤ MẠNG XÃ HỘI,2017-09-12,Giấy phép (ABEI),442/GP-BTTTT,valid,https://giayphep.abei.gov.vn/
bangbangwar.hhgame.vn,CÔNG TY CỔ PHẦN PHÁT TRIỂN CÔNG NGHỆ SỐ HỒNG HÀ ,QUYẾT ĐỊNH PHÁT HÀNH TRÒ CHƠI ĐIỆN TỬ G1 TRÊN MẠNG,2026-02-05,Giấy phép (ABEI),49/QĐ-PTTH&TTĐT,valid,https://giayphep.abei.gov.vn/
banggiay.vn,Công ty TNHH truyền thông và công nghệ EBUZZ Việt Nam,Website - Trang TTĐT tổng hợp,,Giấy phép (TVPL PDF),,valid,
banhni.vn,Tạp chí Bóng đá,"Website - Báo, tạp chí điện tử",,Giấy phép (TVPL PDF),,valid,
banhoaqua.vn,CÔNG TY TNHH GIẢI TRÍ LONG ĐỈNH,QUYẾT ĐỊNH PHÁT HÀNH TRÒ CHƠI ĐIỆN TỬ G1 TRÊN MẠNG,2018-12-11,Giấy phép (ABEI),2126/QĐ-BTTTT,valid,https://giayphep.abei.gov.vn/
banker.vn,Công ty Cổ phần đầu tư và phát triển UB Việt Nam,Website - Trang TTĐT tổng hợp,,Giấy phép (TVPL PDF),,valid,
bankindex.vn,Công ty TNHH Dịch vụ Truyền thông Bình Minh,Website - Trang TTĐT tổng hợp,,Giấy phép (TVPL PDF),,valid,
bankstory.vn,Công ty TNHH Dịch vụ Truyền thông Bình Minh,Website - Trang TTĐT tổng hợp,,Giấy phép (TVPL PDF),,valid,
bannangvocuc.vgplay.vn,CÔNG TY CỔ PHẦN VGP,QUYẾT ĐỊNH PHÁT HÀNH TRÒ CHƠI ĐIỆN TỬ G1 TRÊN MẠNG,2023-01-27,Giấy phép (ABEI),67/QĐ-BTTTT,valid,https://giayphep.abei.gov.vn/
bannhanong.vn,SỞ THÔNG TIN VÀ TRUYỀN THÔNG TỈNH ĐỒNG THÁP,GIẤY PHÉP THIẾT LẬP TRANG THÔNG TIN ĐIỆN TỬ TỔNG HỢP,2013-08-22,Giấy phép (ABEI),118/GP-TTĐT,invalid,https://giayphep.abei.gov.vn/
banquyen.gov.vn,Trung tâm Đo kiểm Phát thanh truyền hình và Thông tin điện tử,Website - Trang TTĐT tổng hợp,,Giấy phép (TVPL PDF),,valid,
banthangdep.vn,Công ty Cổ phần Bóng đá Chuyên nghiệp Việt Nam,Website - Trang TTĐT tổng hợp,,Giấy phép (TVPL PDF),,valid,
vpftv.vn,Công ty Cổ phần Bóng đá Chuyên nghiệp Việt Nam,Website - Trang TTĐT tổng hợp,,Giấy phép (TVPL PDF),,valid,
bantin247.vn,Công ty Cổ phần Truyền thông đa phương tiện Thủ đô,Website - Trang TTĐT tổng hợp,,Giấy phép (TVPL PDF),,valid,
bantinviet.vn,Công ty TNHH Thương mại Dịch vụ Truyền thông quảng cáo Netspace,Website - Trang TTĐT tổng hợp,,Giấy phép (TVPL PDF),,valid,
banxehoi.com,Công ty Cổ phần Nextgen Việt Nam,Website - Trang TTĐT tổng hợp,,Giấy phép (TVPL PDF),,valid,
baoangiang.com.vn,Báo An Giang,"Website - Báo, tạp chí điện tử",,Giấy phép (TVPL PDF),,valid,
baoapbac.vn,Báo Ấp Bắc,"Website - Báo, tạp chí điện tử",,Giấy phép (TVPL PDF),,valid,
baobacgiang.com.vn,Báo Bắc Giang,"Website - Báo, tạp chí điện tử",,Giấy phép (TVPL PDF),,valid,
baobackan.org.vn,Báo Bắc Kạn,"Website - Báo, tạp chí điện tử",,Giấy phép (TVPL PDF),,valid,
baobacninh.com.vn,Báo Bắc Ninh,"Website - Báo, tạp chí điện tử",,Giấy phép (TVPL PDF),,valid,
baobariavungtau.com.vn,BÁO BÀ RỊA - VŨNG TÀU,GIẤY PHÉP THIẾT LẬP TRANG THÔNG TIN ĐIỆN TỬ TỔNG HỢP,2016-01-12,Giấy phép (ABEI),03/GP-TTĐT,invalid,https://giayphep.abei.gov.vn/
baobinhdinh.com.vn,Báo Bình Định,"Website - Báo, tạp chí điện tử",,Giấy phép (TVPL PDF),,valid,
baobinhduong.vn,Báo Bình Dương,"Website - Báo, tạp chí điện tử",,Giấy phép (TVPL PDF),,valid,
baobinhphuoc.com.vn,Đài Phát thanh - Truyền hình và Báo Bình Phước,"Website - Báo, tạp chí điện tử",,Giấy phép (TVPL PDF),,valid,
baobinhthuan.com.vn,Báo Bình Thuận,"Website - Báo, tạp chí điện tử",,Giấy phép (TVPL PDF),,valid,
baoboi.cmn.vn,CÔNG TY CỔ PHẦN TRỰC TUYỂN CMN VIỆT NAM,QUYẾT ĐỊNH PHÁT HÀNH TRÒ CHƠI ĐIỆN TỬ G1 TRÊN MẠNG,2024-10-29,Giấy phép (ABEI),1858/QĐ-BTTTT,invalid,https://giayphep.abei.gov.vn/
baoboitienlen.vn,CÔNG TY TNHH VMGE,QUYẾT ĐỊNH PHÁT HÀNH TRÒ CHƠI ĐIỆN TỬ G1 TRÊN MẠNG,2024-06-20,Giấy phép (ABEI),999/QĐ-BTTTT,valid,https://giayphep.abei.gov.vn/
baobvpl.com,Báo Bảo vệ pháp luật,"Website - Báo, tạp chí điện tử",,Giấy phép (TVPL PDF),,valid,
baobvpl.com.vn,Báo Bảo vệ pháp luật,"Website - Báo, tạp chí điện tử",,Giấy phép (TVPL PDF),,valid,
baocamau.com.vn,Báo Cà Mau,"Website - Báo, tạp chí điện tử",,Giấy phép (TVPL PDF),,valid,
baocamau.vn,Báo Cà Mau,"Website - Báo, tạp chí điện tử",,Giấy phép (TVPL PDF),,valid,
www.baocamau.com.vn,BÁO CÀ MAU,GIẤY PHÉP THIẾT LẬP TRANG THÔNG TIN ĐIỆN TỬ TỔNG HỢP,2013-09-27,Giấy phép (ABEI),136/GP-TTĐT,invalid,https://giayphep.abei.gov.vn/
baocantho.com.vn,BÁO CẦN THƠ,GIẤY PHÉP THIẾT LẬP TRANG THÔNG TIN ĐIỆN TỬ TỔNG HỢP,2015-09-03,Giấy phép (ABEI),129/GP-TTĐT,invalid,https://giayphep.abei.gov.vn/
baocaobang.vn,Báo Cao Bằng,"Website - Báo, tạp chí điện tử",,Giấy phép (TVPL PDF),,valid,
baocaotaichinh.vn,Công ty TNHH BCTC,Website - Trang TTĐT tổng hợp,,Giấy phép (TVPL PDF),,valid,
baocaovien.vn,TRUNG TÂM THÔNG TIN CÔNG TÁC TUYÊN GIÁO,GIẤY PHÉP THIẾT LẬP TRANG THÔNG TIN ĐIỆN TỬ TỔNG HỢP,2022-06-27,Giấy phép (ABEI),81/GP-TTĐT,valid,https://giayphep.abei.gov.vn/
baochinhphu.vn,Báo điện tử Chính phủ,"Website - Báo, tạp chí điện tử",,Giấy phép (TVPL PDF),,valid,
baochivatruyenthong.lamba,Tạp chí Người làm báo,"Website - Báo, tạp chí điện tử",,Giấy phép (TVPL PDF),,valid,
baochivatruyenthong.nguoil,Tạp chí Người làm báo,"Website - Báo, tạp chí điện tử",,Giấy phép (TVPL PDF),,valid,
baocongthuong.com,Báo Công Thương,"Website - Báo, tạp chí điện tử",,Giấy phép (TVPL PDF),,valid,
baocongthuong.com.vn,Báo Công Thương,"Website - Báo, tạp chí điện tử",,Giấy phép (TVPL PDF),,valid,
baocongthuong.vn,Báo Công Thương,"Website - Báo, tạp chí điện tử",,Giấy phép (TVPL PDF),,valid,
baocungcau.net,Công ty CP Dịch vụ Tư vấn Truyền thông Đất Việt (baocungcau.net.vn),Website - Trang TTĐT tổng hợp,,Giấy phép (TVPL PDF),,valid,
baodaklak.vn,Báo Đắk Lắk,"Website - Báo, tạp chí điện tử",,Giấy phép (TVPL PDF),,valid,
baodaknong.org.vn,Báo Đắk Nông,"Website - Báo, tạp chí điện tử",,Giấy phép (TVPL PDF),,valid,
www.baodaknong.vn,BÁO ĐẮK NÔNG,GIẤY PHÉP THIẾT LẬP TRANG THÔNG TIN ĐIỆN TỬ TỔNG HỢP,2015-09-22,Giấy phép (ABEI),141/GP-TTĐT,invalid,https://giayphep.abei.gov.vn/
baodaknong.vn,Báo Đắk Nông,"Website - Báo, tạp chí điện tử",,Giấy phép (TVPL PDF),,valid,
baodanang.vn,BÁO ĐÀ NẴNG,GIẤY PHÉP THIẾT LẬP TRANG THÔNG TIN ĐIỆN TỬ TỔNG HỢP,2015-08-11,Giấy phép (ABEI),114/GP-TTĐT,invalid,https://giayphep.abei.gov.vn/
baodansinh.vn,Báo Lao động và xã hội,"Website - Báo, tạp chí điện tử",,Giấy phép (TVPL PDF),,valid,
baodantoc.com.vn,BÁO DÂN TỘC VÀ PHÁT TRIỂN,GIẤY PHÉP THIẾT LẬP TRANG THÔNG TIN ĐIỆN TỬ TỔNG HỢP,2015-12-23,Giấy phép (ABEI),177/GP-TTĐT,invalid,https://giayphep.abei.gov.vn/
www.baodantoc.vn,BÁO DÂN TỘC VÀ PHÁT TRIỂN,GIẤY PHÉP THIẾT LẬP TRANG THÔNG TIN ĐIỆN TỬ TỔNG HỢP,2020-10-12,Giấy phép (ABEI),186/GP-TTĐT,invalid,https://giayphep.abei.gov.vn/
baodantoc.vn,Báo Dân tộc và phát triển,"Website - Báo, tạp chí điện tử",,Giấy phép (TVPL PDF),,valid,
baodauthau.vn,Báo Đấu thầu,"Website - Báo, tạp chí điện tử",,Giấy phép (TVPL PDF),,valid,
baodautu.com.vn,Báo Đầu tư,"Website - Báo, tạp chí điện tử",,Giấy phép (TVPL PDF),,valid,
vir.com.vn,Báo Đầu tư,"Website - Báo, tạp chí điện tử",,Giấy phép (TVPL PDF),,valid,
baodautu.vn,Báo Đầu tư,"Website - Báo, tạp chí điện tử",,Giấy phép (TVPL PDF),,valid,
baodienbienphu.info.vn,Báo Điện Biên Phủ,"Website - Báo, tạp chí điện tử",,Giấy phép (TVPL PDF),,valid,
baodongkhoi.vn,Báo Đồng Khởi,"Website - Báo, tạp chí điện tử",,Giấy phép (TVPL PDF),,valid,
baodongnai.com.vn,Báo Đồng Nai,"Website - Báo, tạp chí điện tử",,Giấy phép (TVPL PDF),,valid,
baodongthap.com.vn,Báo Đồng Tháp,Website - Trang TTĐT tổng hợp,,Giấy phép (TVPL PDF),,valid,
baodongthap.vn,Báo Đồng Tháp,Website - Trang TTĐT tổng hợp,,Giấy phép (TVPL PDF),,valid,
www.haodongthap.com.vn,BÁO ĐỒNG THÁP,GIẤY PHÉP THIẾT LẬP TRANG THÔNG TIN ĐIỆN TỬ TỔNG HỢP,2016-06-08,Giấy phép (ABEI),56/GP-TTĐT,valid,https://giayphep.abei.gov.vn/
baogialai.com.vn,Báo Gia Lai,"Website - Báo, tạp chí điện tử",,Giấy phép (TVPL PDF),,valid,
baogialai.vn,Báo Gia Lai,"Website - Báo, tạp chí điện tử",,Giấy phép (TVPL PDF),,valid,
baogiaothong.vn,Báo Giao thông,"Website - Báo, tạp chí điện tử",,Giấy phép (TVPL PDF),,valid,
baohagiang.vn,Báo Hà Giang,"Website - Báo, tạp chí điện tử",,Giấy phép (TVPL PDF),,valid,
baohaiduong.vn,Báo Hải Dương,"Website - Báo, tạp chí điện tử",,Giấy phép (TVPL PDF),,valid,
www.haiduongnews.com,BÁO HẢI DƯƠNG,GIẤY PHÉP THIẾT LẬP TRANG THÔNG TIN ĐIỆN TỬ TỔNG HỢP,2015-08-04,Giấy phép (ABEI),105/GP-TTĐT,valid,https://giayphep.abei.gov.vn/
baohaiphong.vn,Báo Hải Phòng,"Website - Báo, tạp chí điện tử",,Giấy phép (TVPL PDF),,valid,
baohaiquanvietnam.vn,Báo Hải quân Việt Nam,"Website - Báo, tạp chí điện tử",,Giấy phép (TVPL PDF),,valid,
baohanam.com.vn,Báo Hà Nam,"Website - Báo, tạp chí điện tử",,Giấy phép (TVPL PDF),,valid,
baohatinh.vn,Báo Hà Tĩnh,"Website - Báo, tạp chí điện tử",,Giấy phép (TVPL PDF),,valid,
baohaugiang.com.vn,Báo Hậu Giang,"Website - Báo, tạp chí điện tử",,Giấy phép (TVPL PDF),,valid,
baohiemxahoi.gov.vn,Bảo hiểm xã hội Việt Nam,Website - Trang TTĐT tổng hợp,,Giấy phép (TVPL PDF),,valid,
vss.gov.vn,BẢO HIỂM XÃ HỘI VIỆT NAM,GIẤY PHÉP THIẾT LẬP TRANG THÔNG TIN ĐIỆN TỬ TỔNG HỢP,2019-06-12,Giấy phép (ABEI),100/GP-TTĐT,valid,https://giayphep.abei.gov.vn/
baohoabinh.com.vn,Báo Hòa Bình,"Website - Báo, tạp chí điện tử",,Giấy phép (TVPL PDF),,valid,
baohoptacphattrien.vn,TẠP CHÍ HỢP TÁC VÀ PHÁT TRIỂN,GIẤY PHÉP THIẾT LẬP TRANG THÔNG TIN ĐIỆN TỬ TỔNG HỢP,2018-07-13,Giấy phép (ABEI),188/GP-TTĐT,valid,https://giayphep.abei.gov.vn/
baohungyen.com.vn,Báo Hưng Yên,"Website - Báo, tạp chí điện tử",,Giấy phép (TVPL PDF),,valid,
baohungyen.vn,Báo Hưng Yên,"Website - Báo, tạp chí điện tử",,Giấy phép (TVPL PDF),,valid,
www.baohungyen.org.vn,BÁO HƯNG YÊN,GIẤY PHÉP THIẾT LẬP TRANG THÔNG TIN ĐIỆN TỬ TỔNG HỢP,2017-08-22,Giấy phép (ABEI),271/GP-TTDT,invalid,https://giayphep.abei.gov.vn/
baokhanhhoa.com.vn,BÁO KHÁNH HÒA,GIẤY PHÉP THIẾT LẬP TRANG THÔNG TIN ĐIỆN TỬ TỔNG HỢP,2015-04-14,Giấy phép (ABEI),30/GP-TTĐT,invalid,https://giayphep.abei.gov.vn/
baokiemtoannhanuoc.vn,Báo Kiểm toán,"Website - Báo, tạp chí điện tử",,Giấy phép (TVPL PDF),,valid,
baokiengiang.org.vn,Báo Kiên Giang,"Website - Báo, tạp chí điện tử",,Giấy phép (TVPL PDF),,valid,
baokiengiang.vn,Báo Kiên Giang,"Website - Báo, tạp chí điện tử",,Giấy phép (TVPL PDF),,valid,
baokontum.com.vn,Báo Kon Tum (Báo điện tử Kon Tum),"Website - Báo, tạp chí điện tử",,Giấy phép (TVPL PDF),,valid,
baokontum.vn,Báo Kon Tum (Báo điện tử Kon Tum),"Website - Báo, tạp chí điện tử",,Giấy phép (TVPL PDF),,valid,
baolaichau.vn,Báo Lai Châu (Báo điện tử Lai Châu),"Website - Báo, tạp chí điện tử",,Giấy phép (TVPL PDF),,valid,
baolamdong.vn,Báo Lâm Đồng (Báo điện tử Lâm Đồng),"Website - Báo, tạp chí điện tử",,Giấy phép (TVPL PDF),,valid,
baolangson.vn,Báo Lạng Sơn (Báo điện tử Lạng Sơn),"Website - Báo, tạp chí điện tử",,Giấy phép (TVPL PDF),,valid,
baolaocai.vn,Báo Lào Cai (Báo điện tử Lào Cai),"Website - Báo, tạp chí điện tử",,Giấy phép (TVPL PDF),,valid,
baolaodongthudo.com.vn,Báo Lao động thủ đô (Báo điện tử Lao động thủ đô),"Website - Báo, tạp chí điện tử",,Giấy phép (TVPL PDF),,valid,
baolongan.vn,Báo Long An (Báo điện tử Long An),"Website - Báo, tạp chí điện tử",,Giấy phép (TVPL PDF),,valid,
baomoi.com,Công ty Cổ phần Công nghệ EPI,Website - Trang TTĐT tổng hợp,,Giấy phép (TVPL PDF),,valid,
baomoi.vn,Công ty Cổ phần Công nghệ EPI,Website - Trang TTĐT tổng hợp,,Giấy phép (TVPL PDF),,valid,
baonamdinh.com.vn,Báo Nam Định (Báo điện tử Nam Định),"Website - Báo, tạp chí điện tử",,Giấy phép (TVPL PDF),,valid,
baonghean.vn,Báo Nghệ An (Báo điện tử Nghệ An),"Website - Báo, tạp chí điện tử",,Giấy phép (TVPL PDF),,valid,
baoninh.vn,CÔNG TY TNHH ĐẦU TƯ BẢO NINH,QUYẾT ĐỊNH PHÁT HÀNH TRÒ CHƠI ĐIỆN TỬ G1 TRÊN MẠNG,2018-04-20,Giấy phép (ABEI),575/QĐ-BTTTT,valid,https://giayphep.abei.gov.vn/
baoninhbinh.org.vn,BÁO NINH BÌNH,GIẤY PHÉP THIẾT LẬP TRANG THÔNG TIN ĐIỆN TỬ TỔNG HỢP,2017-01-04,Giấy phép (ABEI),09/GP-TTĐT,invalid,https://giayphep.abei.gov.vn/
baoninhthuan.com.vn,Báo Ninh Thuận (Báo điện tử Ninh Thuận),"Website - Báo, tạp chí điện tử",,Giấy phép (TVPL PDF),,valid,
baophapluat.vn,Báo Pháp luật Việt Nam,"Website - Báo, tạp chí điện tử",,Giấy phép (TVPL PDF),,valid,
phapluat.vn,Báo Pháp luật Việt Nam,"Website - Báo, tạp chí điện tử",,Giấy phép (TVPL PDF),,valid,
baophunuthudo.vn,Báo Phụ nữ thủ đô,"Website - Báo, tạp chí điện tử",,Giấy phép (TVPL PDF),,valid,
baophutho.vn,Báo Phú Thọ (Báo điện tử Phú Thọ),"Website - Báo, tạp chí điện tử",,Giấy phép (TVPL PDF),,valid,
baophuyen.com.vn,BÁO PHÚ YÊN,GIẤY PHÉP THIẾT LẬP TRANG THÔNG TIN ĐIỆN TỬ TỔNG HỢP,2015-03-27,Giấy phép (ABEI),22/GP-TTĐT,invalid,https://giayphep.abei.gov.vn/
baophuyen.vn,Báo Phú Yên,"Website - Báo, tạp chí điện tử",,Giấy phép (TVPL PDF),,valid,
baoquangbinh.vn,Báo Quảng Bình (Báo điện tử Quảng Bình),"Website - Báo, tạp chí điện tử",,Giấy phép (TVPL PDF),,valid,
baoquangnam.vn,Báo Quảng Nam (Báo điện tử Quảng Nam),"Website - Báo, tạp chí điện tử",,Giấy phép (TVPL PDF),,valid,
baoquangngai.com.vn,Báo Quảng Ngãi (Báo điện tử Quảng Ngãi),"Website - Báo, tạp chí điện tử",,Giấy phép (TVPL PDF),,valid,
baoquangninh.com.vn,Trung tâm Truyền thông Quảng Ninh,"Website - Báo, tạp chí điện tử",,Giấy phép (TVPL PDF),,valid,
baoquangninh.org.vn,Trung tâm Truyền thông Quảng Ninh,"Website - Báo, tạp chí điện tử",,Giấy phép (TVPL PDF),,valid,
baoquangninh.vn,Trung tâm Truyền thông Quảng Ninh,"Website - Báo, tạp chí điện tử",,Giấy phép (TVPL PDF),,valid,
baoquangtri.vn,BÁO QUẢNG TRỊ,GIẤY PHÉP THIẾT LẬP TRANG THÔNG TIN ĐIỆN TỬ TỔNG HỢP,2013-08-29,Giấy phép (ABEI),129/GP-TTĐT,invalid,https://giayphep.abei.gov.vn/
baoquankhu1.vn,Báo Quân khu 1,"Website - Báo, tạp chí điện tử",,Giấy phép (TVPL PDF),,valid,
baoquankhu2.com.vn,Báo Quân khu 2,"Website - Báo, tạp chí điện tử",,Giấy phép (TVPL PDF),,valid,
baoquankhu4.com.vn,Báo Quân khu 4,"Website - Báo, tạp chí điện tử",,Giấy phép (TVPL PDF),,valid,
baoquankhu5.com.vn,BÁO QUÂN KHU 5,GIẤY PHÉP THIẾT LẬP TRANG THÔNG TIN ĐIỆN TỬ TỔNG HỢP,2013-12-03,Giấy phép (ABEI),144/GP-TTĐT,invalid,https://giayphep.abei.gov.vn/
baoquankhu7.vn,Báo Quân khu 7,"Website - Báo, tạp chí điện tử",,Giấy phép (TVPL PDF),,valid,
baoquankhu9.com.vn,Báo Quân khu 9,"Website - Báo, tạp chí điện tử",,Giấy phép (TVPL PDF),,valid,
baoquocte.vn,Báo Thế giới và Việt Nam,"Website - Báo, tạp chí điện tử",,Giấy phép (TVPL PDF),,valid,
baosoctrang.org.vn,Báo Sóc Trăng (Báo điện tử Sóc Trăng),"Website - Báo, tạp chí điện tử",,Giấy phép (TVPL PDF),,valid,
baosonla.org.vn,Báo Sơn La (Báo điện tử Sơn La),"Website - Báo, tạp chí điện tử",,Giấy phép (TVPL PDF),,valid,
baotainguyenmoitruong.vn,Báo Tài nguyên và Môi trường,"Website - Báo, tạp chí điện tử",,Giấy phép (TVPL PDF),,valid,
baotanghochiminh.vn,BẢO TÀNG HỒ CHÍ MINH,GIẤY PHÉP THIẾT LẬP TRANG THÔNG TIN ĐIỆN TỬ TỔNG HỢP,2023-07-06,Giấy phép (ABEI),109/GP-TTĐT,valid,https://giayphep.abei.gov.vn/
baotanglichsu.vn,Bảo tàng Lịch sử Quốc gia,Website - Trang TTĐT tổng hợp,,Giấy phép (TVPL PDF),,valid,
baotanglichsuquocgia.vn,Bảo tàng Lịch sử Quốc gia,Website - Trang TTĐT tổng hợp,,Giấy phép (TVPL PDF),,valid,
baotayninh.vn,Báo Tây Ninh (Báo điện tử Tây Ninh),"Website - Báo, tạp chí điện tử",,Giấy phép (TVPL PDF),,valid,
baothaibinh.com.vn,Báo Thái Bình (Báo điện tử Thái Bình),"Website - Báo, tạp chí điện tử",,Giấy phép (TVPL PDF),,valid,
baothainguyen.com.vn,Báo Thái Nguyên (Báo điện tử Thái Nguyên),"Website - Báo, tạp chí điện tử",,Giấy phép (TVPL PDF),,valid,
baothainguyen.org.vn,Báo Thái Nguyên (Báo điện tử Thái Nguyên),"Website - Báo, tạp chí điện tử",,Giấy phép (TVPL PDF),,valid,
baothainguyen.vn,Báo Thái Nguyên (Báo điện tử Thái Nguyên),"Website - Báo, tạp chí điện tử",,Giấy phép (TVPL PDF),,valid,
baothanhhoa.vn,Báo Thanh Hóa,"Website - Báo, tạp chí điện tử",,Giấy phép (TVPL PDF),,valid,
baothuonggia.vn,TẠP CHÍ THƯƠNG GIA,GIẤY PHÉP THIẾT LẬP TRANG THÔNG TIN ĐIỆN TỬ TỔNG HỢP,2013-07-15,Giấy phép (ABEI),93/GP-TTĐT,invalid,https://giayphep.abei.gov.vn/
baotintuc.vn,BÁO TIN TỨC,GIẤY PHÉP THIẾT LẬP TRANG THÔNG TIN ĐIỆN TỬ TỔNG HỢP,2016-01-27,Giấy phép (ABEI),06/GP-TTĐT,valid,https://giayphep.abei.gov.vn/
baotnvn.vn,BÁO TIẾNG NÓI VIỆT NAM,GIẤY PHÉP THIẾT LẬP TRANG THÔNG TIN ĐIỆN TỬ TỔNG HỢP,2018-11-02,Giấy phép (ABEI),279/GP-TTĐT,valid,https://giayphep.abei.gov.vn/
baotonghop.vn,Công ty Cổ phần truyền thông Văn Minh,Website - Trang TTĐT tổng hợp,,Giấy phép (TVPL PDF),,valid,
baotravinh.vn,Báo Trà Vinh,"Website - Báo, tạp chí điện tử",,Giấy phép (TVPL PDF),,valid,
baotuyenquang.com.vn,Báo Tuyên Quang (Báo điện tử Tuyên Quang),"Website - Báo, tạp chí điện tử",,Giấy phép (TVPL PDF),,valid,
baovanhoa.vn,Báo Văn hoá,"Website - Báo, tạp chí điện tử",,Giấy phép (TVPL PDF),,valid,
baovannghe.com.vn,Báo Văn nghệ,"Website - Báo, tạp chí điện tử",,Giấy phép (TVPL PDF),,valid,
baovannghe.vn,Báo Văn nghệ,"Website - Báo, tạp chí điện tử",,Giấy phép (TVPL PDF),,valid,
baovecongly.vn,Báo Công lý,"Website - Báo, tạp chí điện tử",,Giấy phép (TVPL PDF),,valid,
tv.congly.vn,Báo Công lý,"Website - Báo, tạp chí điện tử",,Giấy phép (TVPL PDF),,valid,
baovemoitruong.org.vn,Tạp chí Rừng và Môi trường,"Website - Báo, tạp chí điện tử",,Giấy phép (TVPL PDF),,valid,
baovephapluat.vn,Báo Bảo vệ pháp luật,"Website - Báo, tạp chí điện tử",,Giấy phép (TVPL PDF),,valid,
baovexuongkhop.vn,Công ty TNHH Namlink,Website - Trang mạng xã hội,,Giấy phép (TVPL PDF),,valid,
baovinhlong.com.vn,Báo Vĩnh Long,"Website - Báo, tạp chí điện tử",,Giấy phép (TVPL PDF),,valid,
baovinhlong.vn,Báo Vĩnh Long,"Website - Báo, tạp chí điện tử",,Giấy phép (TVPL PDF),,valid,
www.baovinhlong.com.vn,BÁO VĨNH LONG,GIẤY PHÉP THIẾT LẬP TRANG THÔNG TIN ĐIỆN TỬ TỔNG HỢP,2015-09-11,Giấy phép (ABEI),138/GP-TTĐT,valid,https://giayphep.abei.gov.vn/
baovinhphuc.com.vn,BÁO VĨNH PHÚC,GIẤY PHÉP THIẾT LẬP TRANG THÔNG TIN ĐIỆN TỬ TỔNG HỢP,2016-04-29,Giấy phép (ABEI),42/GP-TTĐT,valid,https://giayphep.abei.gov.vn/
baoxaydung.com.vn,Báo Xây dựng,"Website - Báo, tạp chí điện tử",,Giấy phép (TVPL PDF),,valid,
baoyenbai.com.vn,Báo Yên Bái (Báo điện tử Yên Bái),"Website - Báo, tạp chí điện tử",,Giấy phép (TVPL PDF),,valid,
barcodeviet.vn,CÔNG TY CỔ PHẦN ICHECK,GIẤY PHÉP CUNG CẤP DỊCH VỤ MẠNG XÃ HỘI,2019-09-13,Giấy phép (ABEI),385/GP-BTTTT,valid,https://giayphep.abei.gov.vn/
batdongsan.com.vn,CÔNG TY CỔ PHẦN PROPERTYGURU VIỆT NAM,GIẤY PHÉP CUNG CẤP DỊCH VỤ MẠNG XÃ HỘI,2025-11-25,Giấy phép (ABEI),162/GP-BVHTTDL,valid,https://giayphep.abei.gov.vn/
batdongsan.diendandoanhn,Tạp chí Diễn đàn doanh nghiệp,"Website - Báo, tạp chí điện tử",,Giấy phép (TVPL PDF),,valid,
batdongsan.vietnamnet.vn,Báo VietNamNet,"Website - Báo, tạp chí điện tử",,Giấy phép (TVPL PDF),,valid,
batdongsan12h.vn,Công ty TNHH Sản Xuất Thương mại Dịch vụ Ngọc Phong,Website - Trang TTĐT tổng hợp,,Giấy phép (TVPL PDF),,valid,
batdongsan360.vn,Công ty TNHH Truyền thông Bất động sản 360,Website - Trang TTĐT tổng hợp,,Giấy phép (TVPL PDF),,valid,
batdongsanbiz.vn,Công ty Cổ phần Phát triển Truyền thông Ngôi sao mới,Website - Trang TTĐT tổng hợp,,Giấy phép (TVPL PDF),,valid,
batdongsancafe.com.vn,CÔNG TY CỔ PHẦN BATDONGSANCAFE.VN,GIẤY PHÉP CUNG CẤP DỊCH VỤ MẠNG XÃ HỘI,2019-10-03,Giấy phép (ABEI),422/GP-BTTTT,invalid,https://giayphep.abei.gov.vn/
batdongsancafe.vn,Công ty Cổ phần Batdongsancafe.vn,Website - Trang TTĐT tổng hợp,,Giấy phép (TVPL PDF),,valid,
batdongsanforum.vn,CÔNG TY TNHH TƯ VẤN BẤT ĐỘNG SẢN SÀI GÒN GIA ĐỊNH,GIẤY PHÉP CUNG CẤP DỊCH VỤ MẠNG XÃ HỘI,2020-07-30,Giấy phép (ABEI),331/GP-BTTTT,valid,https://giayphep.abei.gov.vn/
batdongsanngaymoi.vn,Công ty TNHH Kinh doanh Địa ốc Đại Hưng Phát,Website - Trang TTĐT tổng hợp,,Giấy phép (TVPL PDF),,valid,
bathoang.vn,CÔNG TY TNHH SOHA,QUYẾT ĐỊNH PHÁT HÀNH TRÒ CHƠI ĐIỆN TỬ G1 TRÊN MẠNG,2020-03-09,Giấy phép (ABEI),311/QĐ-BTTTT,invalid,https://giayphep.abei.gov.vn/
bavuong.com.vn,CÔNG TY CỔ PHẦN VTC DỊCH VỤ DI ĐỘNG,QUYẾT ĐỊNH PHÁT HÀNH TRÒ CHƠI ĐIỆN TỬ G1 TRÊN MẠNG,2016-05-25,Giấy phép (ABEI),875/QĐ-BTTTT,invalid,https://giayphep.abei.gov.vn/
bavuongthienha.vn,CÔNG TY CỔ PHẦN TRỰC TUYẾN DUO,QUYẾT ĐỊNH PHÁT HÀNH TRÒ CHƠI ĐIỆN TỬ G1 TRÊN MẠNG,2023-02-23,Giấy phép (ABEI),234/QĐ-BTTTT,invalid,https://giayphep.abei.gov.vn/
bavuongtruyenky.vn,CÔNG TY CỔ PHẦN TRỰC TUYẾN DUO,QUYẾT ĐỊNH PHÁT HÀNH TRÒ CHƠI ĐIỆN TỬ G1 TRÊN MẠNG,2023-10-12,Giấy phép (ABEI),1962/QĐ-BTTTT,invalid,https://giayphep.abei.gov.vn/
bayo.vn,Công ty cổ phần BAYO Việt Nam,Website - Trang mạng xã hội,,Giấy phép (TVPL PDF),,valid,
bb.360game.vn,CÔNG TY TNHH NỘI DUNG SỐ NGUYÊN BẢO,QUYẾT ĐỊNH PHÁT HÀNH TRÒ CHƠI ĐIỆN TỬ G1 TRÊN MẠNG,2018-12-10,Giấy phép (ABEI),2116/QĐ-BTTTT,valid,https://giayphep.abei.gov.vn/
bbdc.gamate.vn,CÔNG TY TNHH CÔNG NGHỆ GIẢI TRÍ CHÂU Á,QUYẾT ĐỊNH PHÁT HÀNH TRÒ CHƠI ĐIỆN TỬ G1 TRÊN MẠNG,2021-08-30,Giấy phép (ABEI),1320/QĐ-BTTTT,valid,https://giayphep.abei.gov.vn/
bcd389.gov.vn,VĂN PHÒNG THƯỜNG TRỰC BAN CHỈ ĐẠO 389 QUỐC GIA,GIẤY PHÉP THIẾT LẬP TRANG THÔNG TIN ĐIỆN TỬ TỔNG HỢP,2016-04-22,Giấy phép (ABEI),34/GP-TTĐT,invalid,https://giayphep.abei.gov.vn/
bcgenz.skw.vn,CÔNG TY CỔ PHẦN SKYWAY ,QUYẾT ĐỊNH PHÁT HÀNH TRÒ CHƠI ĐIỆN TỬ G1 TRÊN MẠNG,2026-03-10,Giấy phép (ABEI),119/QĐ-PTTH&TTĐT,valid,https://giayphep.abei.gov.vn/
bcsi.edu.vn,VIỆN NGHIÊN CỨU CHIẾN LƯỢC THƯƠNG HIỆU VÀ CẠNH TRANH,GIẤY PHÉP THIẾT LẬP TRANG THÔNG TIN ĐIỆN TỬ TỔNG HỢP,2017-08-02,Giấy phép (ABEI),255/GP-TTĐT,invalid,https://giayphep.abei.gov.vn/
bcvv.choingay.vn,CÔNG TY TNHH TRUYỀN THÔNG MINH PHƯƠNG THỊNH ,QUYẾT ĐỊNH PHÁT HÀNH TRÒ CHƠI ĐIỆN TỬ G1 TRÊN MẠNG,2025-09-16,Giấy phép (ABEI),397/QĐ-PTTH&TTĐT,invalid,https://giayphep.abei.gov.vn/
bd.gaba.vn,CÔNG TY CỔ PHẦN TRÒ CHƠI VEGA,QUYẾT ĐỊNH PHÁT HÀNH TRÒ CHƠI ĐIỆN TỬ G1 TRÊN MẠNG,2016-06-30,Giấy phép (ABEI),1133/QĐ-BTTTT,valid,https://giayphep.abei.gov.vn/
bdgc.vtcgame.vn,CÔNG TY VTC CÔNG NGHỆ VÀ NỘI DUNG SỐ,"GIẤY XÁC NHẬN THÔNG BÁO PHÁT HÀNH TRÒ CHƠI ĐIỆN TỬ G2,G3,G4",2023-11-15,Giấy phép (ABEI),204/GXN-PTTH&TTĐT,valid,https://giayphep.abei.gov.vn/
bdnk.vgpjsc.vn,CÔNG TY CỔ PHẦN VGP,QUYẾT ĐỊNH PHÁT HÀNH TRÒ CHƠI ĐIỆN TỬ G1 TRÊN MẠNG,2019-04-12,Giấy phép (ABEI),570 /QĐ-BTTTT,invalid,https://giayphep.abei.gov.vn/
bdntw.org.vn,Ban Đối ngoại Trung ương Đảng,Website - Trang TTĐT tổng hợp,,Giấy phép (TVPL PDF),,valid,
cpvic.org.vn,Ban Đối ngoại Trung ương Đảng,Website - Trang TTĐT tổng hợp,,Giấy phép (TVPL PDF),,valid,
bdr.gaba.vn,CÔNG TY CỔ PHẦN TRÒ CHƠI VEGA,QUYẾT ĐỊNH PHÁT HÀNH TRÒ CHƠI ĐIỆN TỬ G1 TRÊN MẠNG,2017-02-16,Giấy phép (ABEI),159/QĐ-BTTTT,valid,https://giayphep.abei.gov.vn/
bdttg.gov.vn,BỘ DÂN TỘC VÀ TÔN GIÁO,GIẤY PHÉP THIẾT LẬP TRANG THÔNG TIN ĐIỆN TỬ TỔNG HỢP,2025-12-22,Giấy phép (ABEI),221/GP-TTĐT,valid,https://giayphep.abei.gov.vn/
bdtw.org.vn,BAN ĐỐI NGOẠI TRUNG ƯƠNG ĐẢNG,GIẤY PHÉP THIẾT LẬP TRANG THÔNG TIN ĐIỆN TỬ TỔNG HỢP,2020-10-21,Giấy phép (ABEI),194/GP-TTĐT,valid,https://giayphep.abei.gov.vn/
beapro.vtcgame.vn,CÔNG TY VTC CÔNG NGHỆ VÀ NỘI DUNG SỐ,QUYẾT ĐỊNH PHÁT HÀNH TRÒ CHƠI ĐIỆN TỬ G1 TRÊN MẠNG,2024-05-07,Giấy phép (ABEI),725/QĐ-BTTTT,valid,https://giayphep.abei.gov.vn/
beastlord.gamota.com,CÔNG TY CỔ PHẦN GAMOTA,QUYẾT ĐỊNH PHÁT HÀNH TRÒ CHƠI ĐIỆN TỬ G1 TRÊN MẠNG,2023-07-27,Giấy phép (ABEI),1391/QĐ-BTTTT,valid,https://giayphep.abei.gov.vn/
beat.vn,Công ty Cổ phần Beat Việt Nam,Website - Trang mạng xã hội,,Giấy phép (TVPL PDF),,valid,
beautifun.vn,CÔNG TY TNHH DỊCH VỤ KC VIỆT NAM,GIẤY PHÉP CUNG CẤP DỊCH VỤ MẠNG XÃ HỘI,2017-09-08,Giấy phép (ABEI),426/GP-BTTTT,valid,https://giayphep.abei.gov.vn/
beautybuzz.vn,Công ty TNHH Truyền thông Hoa Minh,Website - Trang mạng xã hội,,Giấy phép (TVPL PDF),,valid,
beautyfamily.vn,Công ty TNHH Truyền thông An An,Website - Trang TTĐT tổng hợp,,Giấy phép (TVPL PDF),,valid,
beautytoday.vn,Công ty TNHH Tổ chức Đào tạo và Xúc tiến thương mại Quốc tế DIVA,Website - Trang TTĐT tổng hợp,,Giấy phép (TVPL PDF),,valid,
beautyvietnam.vn,Công ty TNHH Dịch vụ Thương mại Truyền thông Sao Biển,Website - Trang TTĐT tổng hợp,,Giấy phép (TVPL PDF),,valid,
beautyworld.com.vn,Công ty cổ phần giải pháp truyền thông Kết nối trẻ,Website - Trang TTĐT tổng hợp,,Giấy phép (TVPL PDF),,valid,
beeb.vn,Công ty Cổ phần Truyền thông DAMORD,Website - Trang TTĐT tổng hợp,,Giấy phép (TVPL PDF),,valid,
beebox.vn,Công ty CP Công nghệ SNB Việt Nam,Website - Trang mạng xã hội,,Giấy phép (TVPL PDF),,valid,
beep.vn,CÔNG TY CỔ PHẦN CÔNG NGHỆ BW VIỆT NAM,GIẤY PHÉP CUNG CẤP DỊCH VỤ MẠNG XÃ HỘI,2019-12-10,Giấy phép (ABEI),538/GP-BTTTT,valid,https://giayphep.abei.gov.vn/
begreater.com.vn,CP Tư vấn Truyền thông MVV SNP (vuottroihonmoingay.vn),Website - Trang mạng xã hội,,Giấy phép (TVPL PDF),,valid,
begreater.vn,CP Tư vấn Truyền thông MVV SNP (vuottroihonmoingay.vn),Website - Trang mạng xã hội,,Giấy phép (TVPL PDF),,valid,
bekhoemevui.net.vn,CÔNG TY CỔ PHẦN DƯỢC PHẨM VINH GIA,GIẤY PHÉP CUNG CẤP DỊCH VỤ MẠNG XÃ HỘI,2017-05-31,Giấy phép (ABEI),254/GP-BTTTT,valid,https://giayphep.abei.gov.vn/
bekhoemevui.vn,Công ty Cổ phần Dược phẩm Vinh Gia,Website - Trang mạng xã hội,,Giấy phép (TVPL PDF),,valid,
belife.vn,Công ty TNHH Phần mềm JDI,Website - Trang mạng xã hội,,Giấy phép (TVPL PDF),,valid,
bem2.vn,CÔNG TY CỔ PHẦN VCCORP,QUYẾT ĐỊNH PHÁT HÀNH TRÒ CHƠI ĐIỆN TỬ G1 TRÊN MẠNG,2017-11-13,Giấy phép (ABEI),1970/QĐ-BTTTT,invalid,https://giayphep.abei.gov.vn/
bemeocuatoi.playfun.vn,CÔNG TY CỔ PHẦN FUNTAP,QUYẾT ĐỊNH PHÁT HÀNH TRÒ CHƠI ĐIỆN TỬ G1 TRÊN MẠNG,2024-06-10,Giấy phép (ABEI),946 /QĐ-BTTTT,valid,https://giayphep.abei.gov.vn/
benhvienk.vn,BỆNH VIỆN K,GIẤY PHÉP THIẾT LẬP TRANG THÔNG TIN ĐIỆN TỬ TỔNG HỢP,2020-09-28,Giấy phép (ABEI),180/GP-TTĐT,valid,https://giayphep.abei.gov.vn/
benhxogan.com.vn,Công ty TNHH Truyền thông Sức khỏe là Vàng,Website - Trang mạng xã hội,,Giấy phép (TVPL PDF),,valid,
beonline.com.vn,CÔNG TY TNHH HÀM TRỰC TUYẾN,GIẤY PHÉP CUNG CẤP DỊCH VỤ MẠNG XÃ HỘI,2026-05-12,Giấy phép (ABEI),59/GP-BVHTTDL,valid,https://giayphep.abei.gov.vn/
bepgiadinh.com,Công ty TNHH Dịch vụ Quảng cáo và Truyền thông Châu Á,Website - Trang mạng xã hội,,Giấy phép (TVPL PDF),,valid,
bepgiadinh.vn,Công ty TNHH Dịch vụ Quảng cáo và Truyền thông Châu Á,Website - Trang mạng xã hội,,Giấy phép (TVPL PDF),,valid,
bestie.vn,Công ty CP Công nghệ và Tầm nhìn Yêu Âm Nhạc,Website - Trang TTĐT tổng hợp,,Giấy phép (TVPL PDF),,valid,
bestlife.net.vn,CÔNG TY CỔ PHẦN TRUYỀN THÔNG DOANH NHÂN VÀ XÃ HỘI,GIẤY PHÉP CUNG CẤP DỊCH VỤ MẠNG XÃ HỘI,2020-09-30,Giấy phép (ABEI),431/GP-BTTTT,valid,https://giayphep.abei.gov.vn/
betia.goplay.vn,CÔNG TY CỔ PHẦN VTC TRUYỀN THÔNG TRỰC TUYẾN,"GIẤY XÁC NHẬN THÔNG BÁO PHÁT HÀNH TRÒ CHƠI ĐIỆN TỬ G2,G3,G4",2023-08-09,Giấy phép (ABEI),123/GXN-PTTH&TTĐT,valid,https://giayphep.abei.gov.vn/
beyeu.net.vn,Công ty cổ phần Line Việt nam(beyeu.com.vn),Website - Trang mạng xã hội,,Giấy phép (TVPL PDF),,valid,
beyeu.com,Công ty cổ phần Line Việt nam(beyeu.com.vn),Website - Trang mạng xã hội,,Giấy phép (TVPL PDF),,valid,
www.beyeu.com,CÔNG TY CỔ PHẦN LINE VIỆT NAM,GIẤY PHÉP CUNG CẤP DỊCH VỤ MẠNG XÃ HỘI,2020-07-27,Giấy phép (ABEI),324/GP-BTTTT,valid,https://giayphep.abei.gov.vn/
beyondatoms.vn,Công ty TNHH Beyond Atoms,QUYẾT ĐỊNH PHÁT HÀNH TRÒ CHƠI ĐIỆN TỬ G1 TRÊN MẠNG,2025-04-15,Giấy phép (ABEI),115/QĐ-PTTH&TTĐT,valid,https://giayphep.abei.gov.vn/
beyoo.vn,CÔNG TY TNHH BEYOO,GIẤY PHÉP CUNG CẤP DỊCH VỤ MẠNG XÃ HỘI,2019-10-18,Giấy phép (ABEI),449/GP-BTTTT,valid,https://giayphep.abei.gov.vn/
bf.360game.vn,CÔNG TY CỔ PHẦN VNG,QUYẾT ĐỊNH PHÁT HÀNH TRÒ CHƠI ĐIỆN TỬ G1 TRÊN MẠNG,2016-05-05,Giấy phép (ABEI),713/QĐ-BTTTT,invalid,https://giayphep.abei.gov.vn/
bfnc.vn,Công ty TNHH Truyền thông và Giải pháp Bigfun,Website - Trang TTĐT tổng hợp,,Giấy phép (TVPL PDF),,valid,
bgt.gaba.vn,CÔNG TY CỔ PHẦN TRÒ CHƠI VEGA,QUYẾT ĐỊNH PHÁT HÀNH TRÒ CHƠI ĐIỆN TỬ G1 TRÊN MẠNG,2016-05-23,Giấy phép (ABEI),850/QĐ-BTTTT,valid,https://giayphep.abei.gov.vn/
bhrvietnam.net.vn,Trung tâm Phát triển và Hội nhập,Website - Trang TTĐT tổng hợp,,Giấy phép (TVPL PDF),,valid,
bhvietnam.net.vn,TRUNG TÂM PHÁT TRIỂN VÀ HỘI NHẬP (CDI),GIẤY PHÉP THIẾT LẬP TRANG THÔNG TIN ĐIỆN TỬ TỔNG HỢP,2019-02-26,Giấy phép (ABEI),27/GP-TTĐT,valid,https://giayphep.abei.gov.vn/
bhxhbqp.vn,BẢO HIỂM XÃ HỘI BỘ QUỐC PHÒNG,GIẤY PHÉP THIẾT LẬP TRANG THÔNG TIN ĐIỆN TỬ TỔNG HỢP,2013-06-12,Giấy phép (ABEI),77/GP-TTĐT,invalid,https://giayphep.abei.gov.vn/
bhxhdienbien.gov.vn,BẢO HIỂM XÃ HỘI TỈNH ĐIỆN BIÊN,GIẤY PHÉP THIẾT LẬP TRANG THÔNG TIN ĐIỆN TỬ TỔNG HỢP,2013-08-30,Giấy phép (ABEI),132/GP-TTĐT,invalid,https://giayphep.abei.gov.vn/
bibabo.vn,Công ty TNHH Bibabo,Website - Trang mạng xã hội,,Giấy phép (TVPL PDF),,valid,
bida.zagoo.vn,CÔNG TY TNHH ZIE,QUYẾT ĐỊNH PHÁT HÀNH TRÒ CHƠI ĐIỆN TỬ G1 TRÊN MẠNG,2025-06-06,Giấy phép (ABEI),237/QĐ-PTTH&TTĐT,invalid,https://giayphep.abei.gov.vn/
bida.zalogames.me,CÔNG TY TNHH ZIE,QUYẾT ĐỊNH PHÁT HÀNH TRÒ CHƠI ĐIỆN TỬ G1 TRÊN MẠNG,2026-05-18,Giấy phép (ABEI),258/QĐ-PTTH&TTĐT,valid,https://giayphep.abei.gov.vn/
bida2d.zingplay.com,Công ty TNHH ZingPlay Việt Nam,QUYẾT ĐỊNH PHÁT HÀNH TRÒ CHƠI ĐIỆN TỬ G1 TRÊN MẠNG,2025-10-28,Giấy phép (ABEI),471/QĐ-PTTH&TTĐT,invalid,https://giayphep.abei.gov.vn/
bida3d.zingplay.com,Công ty TNHH ZingPlay Việt Nam,QUYẾT ĐỊNH PHÁT HÀNH TRÒ CHƠI ĐIỆN TỬ G1 TRÊN MẠNG,2025-10-30,Giấy phép (ABEI),481/QĐ-PTTH&TTĐT,invalid,https://giayphep.abei.gov.vn/
bidado.vn,CÔNG TY CỔ PHẦN VTC DỊCH VỤ ĐI ĐỘNG,QUYẾT ĐỊNH PHÁT HÀNH TRÒ CHƠI ĐIỆN TỬ G1 TRÊN MẠNG,2017-09-25,Giấy phép (ABEI),1592/QĐ-BTTTT,invalid,https://giayphep.abei.gov.vn/
bidaonline.com,CÔNG TY CỔ PHẦN TRUYỀN THÔNG ĐA PHƯƠNG TIỆN THỦ ĐÔ,QUYẾT ĐỊNH PHÁT HÀNH TRÒ CHƠI ĐIỆN TỬ G1 TRÊN MẠNG,2018-05-25,Giấy phép (ABEI),799/QĐ-BTTTT,valid,https://giayphep.abei.gov.vn/
bidata.vn,CÔNG TY CỔ PHẦN TRUYỀN THÔNG VÀ CÔNG NGHỆ BIDATA,GIẤY PHÉP CUNG CẤP DỊCH VỤ MẠNG XÃ HỘI,2021-10-19,Giấy phép (ABEI),677/GP-BTTTT,valid,https://giayphep.abei.gov.vn/
bidu.vn,CÔNG TY TNHH MJ ART GROUP,GIẤY PHÉP CUNG CẤP DỊCH VỤ MẠNG XÃ HỘI,2024-04-05,Giấy phép (ABEI),87/GP-BTTTT,valid,https://giayphep.abei.gov.vn/
biemhoabaochi.thethaovanh,Báo Thể thao và Văn hóa,"Website - Báo, tạp chí điện tử",,Giấy phép (TVPL PDF),,valid,
biendoikhikhau.gov.vn,"BÁO PHÁT THANH, TRUYỀN HÌNH VÀ THÔNG TIN ĐIỆN TỬ",GIẤY PHÉP THIẾT LẬP TRANG THÔNG TIN ĐIỆN TỬ TỔNG HỢP,2013-08-22,Giấy phép (ABEI),119/GP-TTĐT,invalid,https://giayphep.abei.gov.vn/
biengioibienbentre.vn,SỞ THÔNG TIN VÀ TRUYỀN THÔNG BẾN TRE,GIẤY PHÉP THIẾT LẬP TRANG THÔNG TIN ĐIỆN TỬ TỔNG HỢP,2013-03-05,Giấy phép (ABEI),23/GP-TTĐT,invalid,https://giayphep.abei.gov.vn/
bienphong.com.vn,Báo Biên phòng,"Website - Báo, tạp chí điện tử",,Giấy phép (TVPL PDF),,valid,
bienphongvietnam.com.vn,Bộ Tư lệnh Bộ đội Biên phòng,Website - Trang TTĐT tổng hợp,,Giấy phép (TVPL PDF),,valid,
bienphongvietnam.gov.vn,Bộ Tư lệnh Bộ đội Biên phòng,Website - Trang TTĐT tổng hợp,,Giấy phép (TVPL PDF),,valid,
bienphongvietnam.vn,BỘ TƯ LỆNH BỘ ĐỘI BIÊN PHÒNG,GIẤY PHÉP THIẾT LẬP TRANG THÔNG TIN ĐIỆN TỬ TỔNG HỢP,2021-11-08,Giấy phép (ABEI),187/GP-TTĐT,invalid,https://giayphep.abei.gov.vn/
bienvacuocsong.vn,Tạp chí Biển Việt Nam,Website - Trang mạng xã hội,,Giấy phép (TVPL PDF),,valid,
bienvietnam.vn,Tạp chí Biển Việt Nam,"Website - Báo, tạp chí điện tử",,Giấy phép (TVPL PDF),,valid,
bietdoi.vtcgame.vn,CÔNG TY VTC CÔNG NGHỆ VÀ NỘI DUNG SỐ,QUYẾT ĐỊNH PHÁT HÀNH TRÒ CHƠI ĐIỆN TỬ G1 TRÊN MẠNG,2023-03-27,Giấy phép (ABEI),457/QĐ-BTTTT,valid,https://giayphep.abei.gov.vn/
bietdoi3q.vn,CÔNG TY CỔ PHẦN TRỰC TUYẾN DUO,QUYẾT ĐỊNH PHÁT HÀNH TRÒ CHƠI ĐIỆN TỬ G1 TRÊN MẠNG,2021-08-31,Giấy phép (ABEI),1347 /QĐ-BTTTT,valid,https://giayphep.abei.gov.vn/
bietdoivodich.vn,CÔNG TY CỔ PHẦN 9PLAY,QUYẾT ĐỊNH PHÁT HÀNH TRÒ CHƠI ĐIỆN TỬ G1 TRÊN MẠNG,2021-11-09,Giấy phép (ABEI),1777/QĐ-BTTTT,valid,https://giayphep.abei.gov.vn/
bigbangthoikhong.vn,CÔNG TY CỔ PHẦN ĐẦU TƯ CÔNG NGHỆ VISION INVEST,QUYẾT ĐỊNH PHÁT HÀNH TRÒ CHƠI ĐIỆN TỬ G1 TRÊN MẠNG,2024-12-03,Giấy phép (ABEI),2103/QĐ-BTTTT,valid,https://giayphep.abei.gov.vn/
bigidol.vn,CÔNG TY CỔ PHẦN TRUYỀN SỐ LIỆU VIỆT NAM,GIẤY PHÉP CUNG CẤP DỊCH VỤ MẠNG XÃ HỘI,2017-03-30,Giấy phép (ABEI),125/GP-BTTTT,invalid,https://giayphep.abei.gov.vn/
bigschool.com.vn,Công ty Cổ phần Trường học lớn Việt Nam,Website - Trang mạng xã hội,,Giấy phép (TVPL PDF),,valid,
bigschool.edu.vn,Công ty Cổ phần Trường học lớn Việt Nam,Website - Trang mạng xã hội,,Giấy phép (TVPL PDF),,valid,
bigschool.vn,Công ty Cổ phần Trường học lớn Việt Nam,Website - Trang mạng xã hội,,Giấy phép (TVPL PDF),,valid,
bigs.edu.vn,Công ty Cổ phần Trường học lớn Việt Nam,Website - Trang mạng xã hội,,Giấy phép (TVPL PDF),,valid,
bigsms.vn,Công ty Cổ phần Đầu tư và Công nghệ GHD,Website - Trang TTĐT tổng hợp,,Giấy phép (TVPL PDF),,valid,
billboardvn.vn,Công ty TNHH Truyền thông Purpose,Website - Trang TTĐT tổng hợp,,Giấy phép (TVPL PDF),,valid,
bim.gov.vn,BAN CHỈ ĐẠO THỰC HIỆN ĐỀ ÁN ÁP DỤNG MÔ HÌNH THÔNG TIN CÔNG TRÌNH (BIM) TRONG HOẠT ĐỘNG XÂY DỰNG VÀ QUẢN LÝ VẬN HÀNH CÔNG TRÌNH,GIẤY PHÉP THIẾT LẬP TRANG THÔNG TIN ĐIỆN TỬ TỔNG HỢP,2017-06-28,Giấy phép (ABEI),221/GP-TTĐT,invalid,https://giayphep.abei.gov.vn/
bimatchomsao.com.vn,CÔNG TY CỔ PHẦN TRUYỀN THÔNG IMBEE,GIẤY PHÉP CUNG CẤP DỊCH VỤ MẠNG XÃ HỘI,2020-09-29,Giấy phép (ABEI),414/GP-BTTTT,valid,https://giayphep.abei.gov.vn/
bimateva.net.vn,Tổng Công ty Truyền thông VNPT-MEDIA,Website - Trang TTĐT tổng hợp,,Giấy phép (TVPL PDF),,valid,
bimatsao.vn,Công ty Cổ phần K-Media,Website - Trang TTĐT tổng hợp,,Giấy phép (TVPL PDF),,valid,
luckycard.vn,Công ty Cổ phần K-Media,Website - Trang TTĐT tổng hợp,,Giấy phép (TVPL PDF),,valid,
bingogame.vn,CÔNG TY TNHH TIẾP THỊ GIẢI TRÍ PRIMAGENA&CRONUS,"GIẤY XÁC NHẬN THÔNG BÁO PHÁT HÀNH TRÒ CHƠI ĐIỆN TỬ G2,G3,G4",2019-08-08,Giấy phép (ABEI),140/GXN-PTTH&TTĐT,valid,https://giayphep.abei.gov.vn/
binh-minh.vn,CÔNG TY TNHH DỊCH VỤ PHẦN MỀM BÌNH MINH,QUYẾT ĐỊNH PHÁT HÀNH TRÒ CHƠI ĐIỆN TỬ G1 TRÊN MẠNG,2026-05-06,Giấy phép (ABEI),232/QĐ-PTTH&TTĐT,valid,https://giayphep.abei.gov.vn/
binhdinh.gov.vn,SỞ THÔNG TIN VÀ TRUYỀN THÔNG BÌNH ĐỊNH,GIẤY PHÉP THIẾT LẬP TRANG THÔNG TIN ĐIỆN TỬ TỔNG HỢP,2017-07-14,Giấy phép (ABEI),238/GP-TTĐT,valid,https://giayphep.abei.gov.vn/
binhdoanz.vn,CÔNG TY CỔ PHẦN GIẢI TRÍ TRỰC TUYẾN 3T,QUYẾT ĐỊNH PHÁT HÀNH TRÒ CHƠI ĐIỆN TỬ G1 TRÊN MẠNG,2026-07-13,Giấy phép (ABEI),414/QĐ-PTTH&TTĐT,valid,https://giayphep.abei.gov.vn/
binhluan.com.vn,Công ty TNHH Kinh doanh và Thương mại Sài Gòn,Website - Trang mạng xã hội,,Giấy phép (TVPL PDF),,valid,
binhluan.net,Công ty TNHH Kinh doanh và Thương mại Sài Gòn,Website - Trang mạng xã hội,,Giấy phép (TVPL PDF),,valid,
binhphap37ke.vn,CÔNG TY TNHH SOHA,QUYẾT ĐỊNH PHÁT HÀNH TRÒ CHƠI ĐIỆN TỬ G1 TRÊN MẠNG,2022-06-13,Giấy phép (ABEI),1074 /QĐ-BTTTT,valid,https://giayphep.abei.gov.vn/
binhphuland.vn,CÔNG TY CP ĐẦU TƯ BÌNH PHÚ,Website - Trang TTĐT tổng hợp,,Giấy phép (TVPL PDF),,valid,
bitcafe.vn,Công ty Cổ phần Qpal,Website - Trang mạng xã hội,,Giấy phép (TVPL PDF),,valid,
biz.oeg.vn,CÔNG TY CỔ PHẦN TẬP ĐOÀN GIẢI TRÍ ĐẠI DƯƠNG,QUYẾT ĐỊNH PHÁT HÀNH TRÒ CHƠI ĐIỆN TỬ G1 TRÊN MẠNG,2026-05-14,Giấy phép (ABEI),245/QĐ-PTTH&TTĐT,valid,https://giayphep.abei.gov.vn/
biz360.vn,Công ty TNHH thương mại truyền thông BEC,Website - Trang TTĐT tổng hợp,,Giấy phép (TVPL PDF),,valid,
biz365.vn,Công ty Cổ phần công nghệ OTP FLC Việt Nam,Website - Trang TTĐT tổng hợp,,Giấy phép (TVPL PDF),,valid,
biz9.vn,Công ty cổ phần Truyền thông Mars,Website - Trang mạng xã hội,,Giấy phép (TVPL PDF),,valid,
bizc.vn,Công ty TNHH CHERRY MEDIA,Website - Trang mạng xã hội,,Giấy phép (TVPL PDF),,valid,
bizedge.vn,CÔNG TY CỔ PHẦN SMART MARKETING COMMUNICATION,GIẤY PHÉP CUNG CẤP DỊCH VỤ MẠNG XÃ HỘI,2021-03-19,Giấy phép (ABEI),165/GP-BTTTT,valid,https://giayphep.abei.gov.vn/
bizhub.vietnamnews.vn,Báo Việt Nam News,"Website - Báo, tạp chí điện tử",,Giấy phép (TVPL PDF),,valid,
bizinfo.com.vn,Công ty Cổ phần Xúc tiến và hợp tác đầu tư Việt Nam,Website - Trang TTĐT tổng hợp,,Giấy phép (TVPL PDF),,valid,
bizinvest.vn,CÔNG TY TNHH TRUYỀN THÔNG THƯƠNG HIỆU MỚI,GIẤY PHÉP CUNG CẤP DỊCH VỤ MẠNG XÃ HỘI,2026-05-12,Giấy phép (ABEI),61/GP-BVHTTDL,valid,https://giayphep.abei.gov.vn/
etoday.vn,CÔNG TY TNHH TRUYỀN THÔNG THƯƠNG HIỆU MỚI,GIẤY PHÉP CUNG CẤP DỊCH VỤ MẠNG XÃ HỘI,2026-05-12,Giấy phép (ABEI),61/GP-BVHTTDL,valid,https://giayphep.abei.gov.vn/
bizkey.com.vn,Công ty TNHH Truyền thông Giải trí Thương mại BIZKEY,Website - Trang mạng xã hội,,Giấy phép (TVPL PDF),,valid,
bizreal.vn,Công ty TNHH Truyền thông Hưng,Website - Trang TTĐT tổng hợp,,Giấy phép (TVPL PDF),,valid,
biztek.vn,Tạp chí Nhịp sống số,"Website - Báo, tạp chí điện tử",,Giấy phép (TVPL PDF),,valid,
biztoday.vn,HIỆP HỘI DOANH NGHIỆP NHỎ VÀ VỪA KHU VỰC PHÍA NAM,GIẤY PHÉP THIẾT LẬP TRANG THÔNG TIN ĐIỆN TỬ TỔNG HỢP,2020-10-05,Giấy phép (ABEI),183/GP-TTĐT,valid,https://giayphep.abei.gov.vn/
biztube.vn,Công ty TNHH phát triển thương mại truyền thông BTE,Website - Trang TTĐT tổng hợp,,Giấy phép (TVPL PDF),,valid,
bizviet.vn,Công ty TNHH Quảng cáo Nhân Tố Mới (danongviet.net),Website - Trang TTĐT tổng hợp,,Giấy phép (TVPL PDF),,valid,
bkav.com.vn,Công ty Cổ phần BKV,Website - Trang mạng xã hội,,Giấy phép (TVPL PDF),,valid,
bklr3d.360game.vn,CÔNG TY CỔ PHẦN VNG,QUYẾT ĐỊNH PHÁT HÀNH TRÒ CHƠI ĐIỆN TỬ G1 TRÊN MẠNG,2016-06-30,Giấy phép (ABEI),1146/QĐ-BTTTT,invalid,https://giayphep.abei.gov.vn/
bktg.vn,Công ty TNHH thương mại truyền thông BEC,Website - Trang TTĐT tổng hợp,,Giấy phép (TVPL PDF),,valid,
bl.noxvn.com,CÔNG TY TNHH GIẢI TRÍ N9,QUYẾT ĐỊNH PHÁT HÀNH TRÒ CHƠI ĐIỆN TỬ G1 TRÊN MẠNG,2018-04-20,Giấy phép (ABEI),573/QĐ-BTTTT,valid,https://giayphep.abei.gov.vn/
blacksmith.boardcraftonline.vn,Công ty TNHH ZingPlay Việt Nam,QUYẾT ĐỊNH PHÁT HÀNH TRÒ CHƠI ĐIỆN TỬ G1 TRÊN MẠNG,2026-03-12,Giấy phép (ABEI),128/QĐ-PTTH&TTĐT,valid,https://giayphep.abei.gov.vn/
bleach.vn,CÔNG TY CỔ PHẦN TIÊU ĐIỂM VIỆT NAM,QUYẾT ĐỊNH PHÁT HÀNH TRÒ CHƠI ĐIỆN TỬ G1 TRÊN MẠNG,2017-10-18,Giấy phép (ABEI),1774/QĐ-BTTTT,valid,https://giayphep.abei.gov.vn/
bleachsr.vn,CÔNG TY CỔ PHẦN CÔNG NGHỆ MOBI-GAME,QUYẾT ĐỊNH PHÁT HÀNH TRÒ CHƠI ĐIỆN TỬ G1 TRÊN MẠNG,2025-12-31,Giấy phép (ABEI),598/QĐ-PTTH&TTĐT,valid,https://giayphep.abei.gov.vn/
blissinc.vn,CÔNG TY CỔ PHẦN BLISS,QUYẾT ĐỊNH PHÁT HÀNH TRÒ CHƠI ĐIỆN TỬ G1 TRÊN MẠNG,2019-08-20,Giấy phép (ABEI),1354/QĐ-BTTTT,valid,https://giayphep.abei.gov.vn/
blockmango.net.vn,CÔNG TY TNHH DỊCH VỤ PHẦN MỀM BÌNH MINH,QUYẾT ĐỊNH PHÁT HÀNH TRÒ CHƠI ĐIỆN TỬ G1 TRÊN MẠNG,2022-07-22,Giấy phép (ABEI),1417/QĐ-BTTTT,invalid,https://giayphep.abei.gov.vn/
blogchange.vn,Công ty TNHH MTV SCENT OF AUTUMN,Website - Trang mạng xã hội,,Giấy phép (TVPL PDF),,valid,
bloggiaitri.vn,Công ty Cổ phần K-MEDIA,Website - Trang TTĐT tổng hợp,,Giấy phép (TVPL PDF),,valid,
blogphunu.vn,Công ty Cổ phần STV Việt Nam,Website - Trang TTĐT tổng hợp,,Giấy phép (TVPL PDF),,valid,
blogradio.vn,Công ty Cổ phần Truyền thông Vnnplus,Website - Trang mạng xã hội,,Giấy phép (TVPL PDF),,valid,
bloodchaosm.vn,CÔNG TY TNHH SOHA,QUYẾT ĐỊNH PHÁT HÀNH TRÒ CHƠI ĐIỆN TỬ G1 TRÊN MẠNG,2021-01-22,Giấy phép (ABEI),84 /QĐ-BTTTT,valid,https://giayphep.abei.gov.vn/
bloodmoon.vn,CÔNG TY CỔ PHẦN GIẢI PHÁP SỐ VISION NETWORK VIỆT NAM,QUYẾT ĐỊNH PHÁT HÀNH TRÒ CHƠI ĐIỆN TỬ G1 TRÊN MẠNG,2024-10-18,Giấy phép (ABEI),1788/QĐ-BTTTT,valid,https://giayphep.abei.gov.vn/
bltt.esgame.com.vn,CÔNG TY CỔ PHẦN ĐẦU TƯ & CÔNG NGHỆ MCORP,QUYẾT ĐỊNH PHÁT HÀNH TRÒ CHƠI ĐIỆN TỬ G1 TRÊN MẠNG,2021-02-08,Giấy phép (ABEI),175/QĐ-BTTTT,valid,https://giayphep.abei.gov.vn/
bluedream.vn,CÔNG TY TNHH KỸ THUẬT CÔNG NGHỆ BLUE DREAM ,QUYẾT ĐỊNH PHÁT HÀNH TRÒ CHƠI ĐIỆN TỬ G1 TRÊN MẠNG,2026-02-13,Giấy phép (ABEI),96/QĐ-PTTH&TTĐT,valid,https://giayphep.abei.gov.vn/
bluegame.vn,CÔNG TY TNHH KỸ THUẬT CÔNG NGHỆ BLUE DREAM ,QUYẾT ĐỊNH PHÁT HÀNH TRÒ CHƠI ĐIỆN TỬ G1 TRÊN MẠNG,2026-02-13,Giấy phép (ABEI),96/QĐ-PTTH&TTĐT,valid,https://giayphep.abei.gov.vn/
bluesea.vn,CÔNG TY CỔ PHẦN CÔNG NGHỆ VÀ TRUYỀN THÔNG BIỂN XANH,QUYẾT ĐỊNH PHÁT HÀNH TRÒ CHƠI ĐIỆN TỬ G1 TRÊN MẠNG,2020-04-15,Giấy phép (ABEI),574/QĐ-BTTTT,invalid,https://giayphep.abei.gov.vn/
bluto.vn,công ty Tài chính công nghệ Bluto Capital,Website - Trang mạng xã hội,,Giấy phép (TVPL PDF),,valid,
bmtca.vn,HIỆP HỘI CÀ PHÊ BUÔN MA THUỘT,GIẤY PHÉP THIẾT LẬP TRANG THÔNG TIN ĐIỆN TỬ TỔNG HỢP,2013-04-05,Giấy phép (ABEI),37/GP-TTĐT,invalid,https://giayphep.abei.gov.vn/
bncnews.vn,BAN BIÊN TẬP TIN KINH TẾ,GIẤY PHÉP THIẾT LẬP TRANG THÔNG TIN ĐIỆN TỬ TỔNG HỢP,2021-07-28,Giấy phép (ABEI),128/GP-TTĐT,valid,https://giayphep.abei.gov.vn/
bnews.vn,BAN BIÊN TẬP TIN KINH TẾ,GIẤY PHÉP THIẾT LẬP TRANG THÔNG TIN ĐIỆN TỬ TỔNG HỢP,2015-09-08,Giấy phép (ABEI),132/GPSĐBS-TTĐT,invalid,https://giayphep.abei.gov.vn/
bolac.360mobi.vn,CÔNG TY TNHH NỘI DUNG SỐ NGUYÊN BẢO,QUYẾT ĐỊNH PHÁT HÀNH TRÒ CHƠI ĐIỆN TỬ G1 TRÊN MẠNG,2017-11-13,Giấy phép (ABEI),1971/QĐ-BTTTT,valid,https://giayphep.abei.gov.vn/
bolac3q.vn,CÔNG TY CỔ PHẦN TRỰC TUYẾN CMN VIỆT NAM,QUYẾT ĐỊNH PHÁT HÀNH TRÒ CHƠI ĐIỆN TỬ G1 TRÊN MẠNG,2026-03-10,Giấy phép (ABEI),121/QĐ-PTTH&TTĐT,valid,https://giayphep.abei.gov.vn/
bolacthanthu.vn,CÔNG TY CỔ PHẦN WETAPS,QUYẾT ĐỊNH PHÁT HÀNH TRÒ CHƠI ĐIỆN TỬ G1 TRÊN MẠNG,2023-03-27,Giấy phép (ABEI),455/QĐ-BTTTT,valid,https://giayphep.abei.gov.vn/
bolero.net.vn,Tổng Công ty Truyền thông,Website - Trang mạng xã hội,,Giấy phép (TVPL PDF),,valid,
bomber.vnggamers.com,CÔNG TY CỔ PHẦN VNG,QUYẾT ĐỊNH PHÁT HÀNH TRÒ CHƠI ĐIỆN TỬ G1 TRÊN MẠNG,2025-04-22,Giấy phép (ABEI),135/QĐ-PTTH&TTĐT,valid,https://giayphep.abei.gov.vn/
bomber.vnggames.com,CÔNG TY CỔ PHẦN VNG,QUYẾT ĐỊNH PHÁT HÀNH TRÒ CHƠI ĐIỆN TỬ G1 TRÊN MẠNG,2024-06-20,Giấy phép (ABEI),1000/QĐ-BTTTT,invalid,https://giayphep.abei.gov.vn/
bonbien.vn,Công ty TNHH HBB,Website - Trang mạng xã hội,,Giấy phép (TVPL PDF),,valid,
bongda.360mobi.vn,CÔNG TY TNHH NỘI DUNG SỐ NGUYÊN BẢO,QUYẾT ĐỊNH PHÁT HÀNH TRÒ CHƠI ĐIỆN TỬ G1 TRÊN MẠNG,2018-01-11,Giấy phép (ABEI),30/QĐ-BTTTT,valid,https://giayphep.abei.gov.vn/
bongda24h.vn,Công ty Cổ phần Truyền thông Quốc tế INCOM,Website - Trang TTĐT tổng hợp,,Giấy phép (TVPL PDF),,valid,
bongda365.com.vn,Công ty Cổ phần Yêu Thể Thao (https://bongda.com.vn/),Website - Trang TTĐT tổng hợp,,Giấy phép (TVPL PDF),,valid,
bongda442.com.vn,Công ty Cổ phần CAMCOM Việt Nam,Website - Trang TTĐT tổng hợp,,Giấy phép (TVPL PDF),,valid,
bongda4g.com.vn,Công ty TNHH Công nghệ và Nội dung số 4G,Website - Trang TTĐT tổng hợp,,Giấy phép (TVPL PDF),,valid,
bongdacuocsong.net,Tạp chí Bóng đá,"Website - Báo, tạp chí điện tử",,Giấy phép (TVPL PDF),,valid,
bongdadoisong.vn,Công ty cổ phần Truyền thông Bóng Đá và Đời sống,Website - Trang mạng xã hội,,Giấy phép (TVPL PDF),,valid,
bongdaonline.com.vn,Công ty TNHH Công nghệ và Nội dung số 4G,Website - Trang TTĐT tổng hợp,,Giấy phép (TVPL PDF),,valid,
bongdaphui.net,Tạp chí Bóng đá,"Website - Báo, tạp chí điện tử",,Giấy phép (TVPL PDF),,valid,
bongdaplus.vietnam,Tạp chí Bóng đá,MXH - Cơ quan báo chí,,Giấy phép (TVPL PDF),,valid,
bongdaplus.vn,Tạp chí Bóng đá,"Website - Báo, tạp chí điện tử",,Giấy phép (TVPL PDF),,valid,
bongdapro.vn,Công ty cổ phần Truyền thông Live Pro,Website - Trang mạng xã hội,,Giấy phép (TVPL PDF),,valid,
bongdaquocte.vn,Công ty Cổ phần Trái thị Vàng,Website - Trang mạng xã hội,,Giấy phép (TVPL PDF),,valid,
bongdasky.com,Công ty Cổ phần Moli Group (https://bongdasky.vn),Website - Trang TTĐT tổng hợp,,Giấy phép (TVPL PDF),,valid,
bookingkol.com.vn,CÔNG TY CỔ PHẦN BOOKING KOL,GIẤY PHÉP CUNG CẤP DỊCH VỤ MẠNG XÃ HỘI,2021-03-26,Giấy phép (ABEI),182/GP-BTTTT,valid,https://giayphep.abei.gov.vn/
boom.zingplay.com,Công ty TNHH ZingPlay Việt Nam,QUYẾT ĐỊNH PHÁT HÀNH TRÒ CHƠI ĐIỆN TỬ G1 TRÊN MẠNG,2021-10-19,Giấy phép (ABEI),1639 /OĐ-BTTTT,valid,https://giayphep.abei.gov.vn/
boomba.vn,CÔNG TY TNHH MYG,QUYẾT ĐỊNH PHÁT HÀNH TRÒ CHƠI ĐIỆN TỬ G1 TRÊN MẠNG,2017-07-27,Giấy phép (ABEI),1230/QĐ-BTTTT,valid,https://giayphep.abei.gov.vn/
boomgames.vn,CÔNG TY CỔ PHẦN BOOM GAMES,QUYẾT ĐỊNH PHÁT HÀNH TRÒ CHƠI ĐIỆN TỬ G1 TRÊN MẠNG,2023-10-13,Giấy phép (ABEI),1979/QĐ-BTTTT,valid,https://giayphep.abei.gov.vn/
boomm.vtcgame.vn,CÔNG TY VTC CÔNG NGHỆ VÀ NỘI DUNG SỐ,QUYẾT ĐỊNH PHÁT HÀNH TRÒ CHƠI ĐIỆN TỬ G1 TRÊN MẠNG,2019-08-19,Giấy phép (ABEI),1342 /QĐ-BTTTT,invalid,https://giayphep.abei.gov.vn/
boommobile.vn,CÔNG TY CỔ PHẦN VTC DỊCH VỤ DI ĐỘNG,QUYẾT ĐỊNH PHÁT HÀNH TRÒ CHƠI ĐIỆN TỬ G1 TRÊN MẠNG,2016-11-24,Giấy phép (ABEI),2076/QĐ-BTTTT,invalid,https://giayphep.abei.gov.vn/
booyah.vn,CÔNG TY TNHH DỊCH VỤ PHẦN MỀM THIÊN BÌNH,GIẤY PHÉP CUNG CẤP DỊCH VỤ MẠNG XÃ HỘI,2021-06-25,Giấy phép (ABEI),396/GP-BTTTT,valid,https://giayphep.abei.gov.vn/
bovagau.vn,CÔNG TY CỔ PHẦN CÔNG NGHỆ TÀI CHÍNH ENCAPITAL,GIẤY PHÉP CUNG CẤP DỊCH VỤ MẠNG XÃ HỘI,2021-07-05,Giấy phép (ABEI),417/GP-BTTTT,valid,https://giayphep.abei.gov.vn/
bqdc.vnggames.com,CÔNG TY CỔ PHẦN TẬP ĐOÀN VNG,QUYẾT ĐỊNH PHÁT HÀNH TRÒ CHƠI ĐIỆN TỬ G1 TRÊN MẠNG,2025-08-15,Giấy phép (ABEI),361 /QĐ-PTTH&TTĐT,invalid,https://giayphep.abei.gov.vn/
bqlang.gov.vn,BAN QUẢN LÝ LĂNG CHỦ TỊCH HỒ CHÍ MINH,GIẤY PHÉP THIẾT LẬP TRANG THÔNG TIN ĐIỆN TỬ TỔNG HỢP,2023-11-03,Giấy phép (ABEI),193/GP-TTĐT,valid,https://giayphep.abei.gov.vn/
www.hcmm.gov.vn,BAN QUẢN LÝ LĂNG CHỦ TỊCH HỒ CHÍ MINH,GIẤY PHÉP THIẾT LẬP TRANG THÔNG TIN ĐIỆN TỬ TỔNG HỢP,2023-11-03,Giấy phép (ABEI),193/GP-TTĐT,valid,https://giayphep.abei.gov.vn/
bqllang.gov.vn,Ban quản lý Lăng Chủ tịch Hồ Chí Minh,Website - Trang TTĐT tổng hợp,,Giấy phép (TVPL PDF),,valid,
hcmm.gov.vn,Ban quản lý Lăng Chủ tịch Hồ Chí Minh,Website - Trang TTĐT tổng hợp,,Giấy phép (TVPL PDF),,valid,
bqllang.govn.vn,BAN QUẢN LÝ LĂNG CHỦ TỊCH HỒ CHÍ MINH,GIẤY PHÉP THIẾT LẬP TRANG THÔNG TIN ĐIỆN TỬ TỔNG HỢP,2017-11-30,Giấy phép (ABEI),356/GP-TTĐT,invalid,https://giayphep.abei.gov.vn/
brandmedia.vn,Công ty cổ phần Phát triển Giáo dục GO EDU,Website - Trang mạng xã hội,,Giấy phép (TVPL PDF),,valid,
brandsvietnam.vn,CÔNG TY TNHH WEBRAND,GIẤY PHÉP CUNG CẤP DỊCH VỤ MẠNG XÃ HỘI,2019-05-21,Giấy phép (ABEI),194 /GP-BTTTT,valid,https://giayphep.abei.gov.vn/
brandx.vn,Công ty TNHH Carvill Việt Nam,Website - Trang TTĐT tổng hợp,,Giấy phép (TVPL PDF),,valid,
bride.vn,Công ty TNHH Quảng cáo và Dịch vụ Xuất bản,Website - Trang mạng xã hội,,Giấy phép (TVPL PDF),,valid,
broga.vn,Công ty Cổ phần Broga ,QUYẾT ĐỊNH PHÁT HÀNH TRÒ CHƠI ĐIỆN TỬ G1 TRÊN MẠNG,2026-02-03,Giấy phép (ABEI),45/QĐ-PTTH&TTĐT,valid,https://giayphep.abei.gov.vn/
brt.vn,Đài Phát thanh và Truyền hình Bà Rịa – Vũng Tàu,Website - Trang TTĐT tổng hợp,,Giấy phép (TVPL PDF),,valid,
brt.com.vn,Đài Phát thanh và Truyền hình Bà Rịa – Vũng Tàu,Website - Trang TTĐT tổng hợp,,Giấy phép (TVPL PDF),,valid,
brt.org.vn,Đài Phát thanh và Truyền hình Bà Rịa – Vũng Tàu,Website - Trang TTĐT tổng hợp,,Giấy phép (TVPL PDF),,valid,
www.brt.com.vn,ĐÀI PHÁT THANH VÀ TRUYỀN HÌNH BÀ RỊA - VŨNG TÀU,GIẤY PHÉP THIẾT LẬP TRANG THÔNG TIN ĐIỆN TỬ TỔNG HỢP,2019-10-31,Giấy phép (ABEI),209/GP-TTĐT,valid,https://giayphep.abei.gov.vn/
www.brt.org.vn,ĐÀI PHÁT THANH VÀ TRUYỀN HÌNH BÀ RỊA - VŨNG TÀU,GIẤY PHÉP THIẾT LẬP TRANG THÔNG TIN ĐIỆN TỬ TỔNG HỢP,2019-10-31,Giấy phép (ABEI),209/GP-TTĐT,valid,https://giayphep.abei.gov.vn/
bschool.vn,CÔNG TY CỔ PHẦN GIÁO DỤC TRỰC TUYẾN BSHOOL,GIẤY PHÉP CUNG CẤP DỊCH VỤ MẠNG XÃ HỘI,2019-10-24,Giấy phép (ABEI),453/GP-BTTTT,valid,https://giayphep.abei.gov.vn/
bsi.org.vn,Viện chiến lược ngân hàng,Website - Trang TTĐT tổng hợp,,Giấy phép (TVPL PDF),,valid,
bist.org.vn,Viện chiến lược ngân hàng,Website - Trang TTĐT tổng hợp,,Giấy phép (TVPL PDF),,valid,
btgcp.gov.vn,Ban Tôn giáo Chính phủ,Website - Trang TTĐT tổng hợp,,Giấy phép (TVPL PDF),,valid,
religion.vn,Ban Tôn giáo Chính phủ,Website - Trang TTĐT tổng hợp,,Giấy phép (TVPL PDF),,valid,
www.religion.vn,BAN TÔN GIÁO CHÍNH PHỦ,GIẤY PHÉP THIẾT LẬP TRANG THÔNG TIN ĐIỆN TỬ TỔNG HỢP,2015-12-18,Giấy phép (ABEI),174/GP-TTĐT,invalid,https://giayphep.abei.gov.vn/
btoday.vn,Công ty cổ phần ITODAY,Website - Trang mạng xã hội,,Giấy phép (TVPL PDF),,valid,
btv.thethao,Đài Phát thanh và Truyền hình tỉnh Bình Dương,MXH - Đài Phát thanh Truyền hình,,Giấy phép (TVPL PDF),,valid,
btv.vn,Đài Phát thanh và Truyền hình tỉnh Ninh Bình,MXH - Đài Phát thanh Truyền hình,,Giấy phép (TVPL PDF),,valid,
btv.com.vn,Đài Phát thanh và Truyền hình Bình Dương,Website - Trang TTĐT tổng hợp,,Giấy phép (TVPL PDF),,valid,
btv.org.vn,Đài Phát thanh và Truyền hình Bình Dương,Website - Trang TTĐT tổng hợp,,Giấy phép (TVPL PDF),,valid,
www.btv.com.vn,ĐÀI PHÁT THANH VÀ TRUYỀN HÌNH BÌNH DƯƠNG,GIẤY PHÉP THIẾT LẬP TRANG THÔNG TIN ĐIỆN TỬ TỔNG HỢP,2022-10-27,Giấy phép (ABEI),138/GP-TTĐT,valid,https://giayphep.abei.gov.vn/
www.btv.org.vn,ĐÀI PHÁT THANH VÀ TRUYỀN HÌNH BÌNH DƯƠNG,GIẤY PHÉP THIẾT LẬP TRANG THÔNG TIN ĐIỆN TỬ TỔNG HỢP,2022-10-27,Giấy phép (ABEI),138/GP-TTĐT,valid,https://giayphep.abei.gov.vn/
bualiemvang.org.vn,Tạp chí Xây dựng Đảng,Website - Trang TTĐT tổng hợp,,Giấy phép (TVPL PDF),,valid,
www.bualiemvang.vn,TẠP CHÍ XÂY DỰNG ĐẢNG,GIẤY PHÉP THIẾT LẬP TRANG THÔNG TIN ĐIỆN TỬ TỔNG HỢP,2017-07-12,Giấy phép (ABEI),232/GP-TTĐT,valid,https://giayphep.abei.gov.vn/
bualiemvang.vn,Tạp chí Xây dựng Đảng,Website - Trang TTĐT tổng hợp,,Giấy phép (TVPL PDF),,valid,
buata.kul.vn,CÔNG TY CỔ PHẦN DỊCH VỤ DI ĐỘNG CMN,QUYẾT ĐỊNH PHÁT HÀNH TRÒ CHƠI ĐIỆN TỬ G1 TRÊN MẠNG,2017-01-20,Giấy phép (ABEI),76/QĐ-BTTTT,valid,https://giayphep.abei.gov.vn/
buddyreview.vn,CÔNG TY CỔ PHẦN TRUYỀN THÔNG IMBEE,GIẤY PHÉP CUNG CẤP DỊCH VỤ MẠNG XÃ HỘI,2020-09-29,Giấy phép (ABEI),413/GP-BTTTT,valid,https://giayphep.abei.gov.vn/
buddyrewiew.vn,CÔNG TY CỔ PHẦN TRUYỀN THÔNG IMBEE,GIẤY PHÉP CUNG CẤP DỊCH VỤ MẠNG XÃ HỘI,2020-09-29,Giấy phép (ABEI),413/GP-BTTTT,valid,https://giayphep.abei.gov.vn/
buixuanphai.thethaovanhoa,Báo Thể thao và Văn hóa,"Website - Báo, tạp chí điện tử",,Giấy phép (TVPL PDF),,valid,
bumbum.vn,CÔNG TY TNHH DỊCH VỤ PHẦN MỀM THIÊN BÌNH,QUYẾT ĐỊNH PHÁT HÀNH TRÒ CHƠI ĐIỆN TỬ G1 TRÊN MẠNG,2017-10-12,Giấy phép (ABEI),1727/QĐ-BTTTT,valid,https://giayphep.abei.gov.vn/
bungbinh.vn,CÔNG TY TNHH GREEN CYBER VIỆT NAM,GIẤY PHÉP CUNG CẤP DỊCH VỤ MẠNG XÃ HỘI,2021-02-08,Giấy phép (ABEI),104/GP-BTTTT,valid,https://giayphep.abei.gov.vn/
bunkage.vn,CÔNG TY CỔ PHẦN FUNTAP,QUYẾT ĐỊNH PHÁT HÀNH TRÒ CHƠI ĐIỆN TỬ G1 TRÊN MẠNG,2024-12-03,Giấy phép (ABEI),2104 /QĐ-BTTTT,valid,https://giayphep.abei.gov.vn/
buny.vn,CÔNG TY TNHH BUNY,GIẤY PHÉP CUNG CẤP DỊCH VỤ MẠNG XÃ HỘI,2020-05-14,Giấy phép (ABEI),206/GP-BTTTT,valid,https://giayphep.abei.gov.vn/
bupmangnon.vn,Công ty Cổ phần Classico,Website - Trang mạng xã hội,,Giấy phép (TVPL PDF),,valid,
businessbrand.vn,CÔNG TY CP SILVER STAR MEDIA,Website - Trang TTĐT tổng hợp,,Giấy phép (TVPL PDF),,valid,
businessforum.vn,Công ty Cổ phần FRNEWS,Website - Trang TTĐT tổng hợp,,Giấy phép (TVPL PDF),,valid,
butdanh.vn,VIỆN NGHIÊN CỨU TRUYỀN THÔNG VÀ PHÁT TRIỂN,GIẤY PHÉP CUNG CẤP DỊCH VỤ MẠNG XÃ HỘI,2020-06-26,Giấy phép (ABEI),271/GP-BTTTT,valid,https://giayphep.abei.gov.vn/
butta.vn,Giáo hội Phật giáo Việt Nam,Website - Trang mạng xã hội,,Giấy phép (TVPL PDF),,valid,
buttre.vn,CÔNG TY TNHH PHÁT TRIỂN THƯƠNG MẠI TRUYỀN THÔNG BTE,GIẤY PHÉP CUNG CẤP DỊCH VỤ MẠNG XÃ HỘI,2020-11-24,Giấy phép (ABEI),545/GP-BTTTT,valid,https://giayphep.abei.gov.vn/
buuboitruyenky.vn,CÔNG TY CỔ PHẦN TRỰC TUYẾN CMN VIỆT NAM,QUYẾT ĐỊNH PHÁT HÀNH TRÒ CHƠI ĐIỆN TỬ G1 TRÊN MẠNG,2026-01-30,Giấy phép (ABEI),37/QĐ-PTTH&TTĐT,valid,https://giayphep.abei.gov.vn/
buum.vn,"CÔNG TY CỔ PHẦN TRUYỀN THÔNG, QUẢNG CÁO ĐA PHƯƠNG TIỆN",GIẤY PHÉP CUNG CẤP DỊCH VỤ MẠNG XÃ HỘI,2019-12-10,Giấy phép (ABEI),544/GP-BTTTT,valid,https://giayphep.abei.gov.vn/
buzzheat.com,Công ty TNHH Thật Vi Diệu,Website - Trang mạng xã hội,,Giấy phép (TVPL PDF),,valid,
bvdl.org.vn,Bệnh viện Da liễu Thành phố Hồ Chí Minh,Website - Trang TTĐT tổng hợp,,Giấy phép (TVPL PDF),,valid,
bvhttdl.gov.vn,"Bộ Văn hóa, thể thao và du lịch",Website - Trang TTĐT tổng hợp,,Giấy phép (TVPL PDF),,valid,
mocst.gov.vn,"Bộ Văn hóa, thể thao và du lịch",Website - Trang TTĐT tổng hợp,,Giấy phép (TVPL PDF),,valid,
www.mocst.gov.vn,"TRUNG TÂM CÔNG NGHỆ THÔNG TIN - BỘ VĂN HÓA, THỂ THAO VÀ DU LỊCH",GIẤY PHÉP THIẾT LẬP TRANG THÔNG TIN ĐIỆN TỬ TỔNG HỢP,2021-08-27,Giấy phép (ABEI),150/GP-TTĐT,valid,https://giayphep.abei.gov.vn/
www.moest.gov.vn,"BỘ VĂN HÓA, THỂ THAO VÀ DU LỊCH",GIẤY PHÉP THIẾT LẬP TRANG THÔNG TIN ĐIỆN TỬ TỔNG HỢP,2015-11-12,Giấy phép (ABEI),158/GP-TTĐT,invalid,https://giayphep.abei.gov.vn/
www.most.gov.vn,"BỘ VĂN HÓA, THỂ THAO VÀ DU LỊCH",GIẤY PHÉP THIẾT LẬP TRANG THÔNG TIN ĐIỆN TỬ TỔNG HỢP,2015-11-12,Giấy phép (ABEI),158/GP-TTĐT,invalid,https://giayphep.abei.gov.vn/
bvkt.mocgame.vn,CÔNG TY CỔ PHẦN TRÒ CHƠI MỘC,QUYẾT ĐỊNH PHÁT HÀNH TRÒ CHƠI ĐIỆN TỬ G1 TRÊN MẠNG,2022-07-05,Giấy phép (ABEI),1337 /QĐ-BTTTT,valid,https://giayphep.abei.gov.vn/
bvtvlaocai.vn,CHI CỤC BẢO VỆ THỰC VẬT LÀO CAI,GIẤY PHÉP THIẾT LẬP TRANG THÔNG TIN ĐIỆN TỬ TỔNG HỢP,2013-08-30,Giấy phép (ABEI),133/GP-TTĐT,invalid,https://giayphep.abei.gov.vn/
bình-minh.vn,CÔNG TY TNHH DỊCH VỤ PHẦN MỀM BÌNH MINH,QUYẾT ĐỊNH PHÁT HÀNH TRÒ CHƠI ĐIỆN TỬ G1 TRÊN MẠNG,2025-02-24,Giấy phép (ABEI),47/QĐ-PTTH&TTĐT,invalid,https://giayphep.abei.gov.vn/
c.com.vn,Vụ Khoa học và Công nghệ (Bộ Công thương),Website - Trang TTĐT tổng hợp,,Giấy phép (TVPL PDF),,valid,
cab.film,Tổng công ty truyền hình Cáp Việt Nam,MXH - Đài Phát thanh Truyền hình,,Giấy phép (TVPL PDF),,valid,
cab.giaoduc,Tổng công ty truyền hình Cáp Việt Nam,MXH - Đài Phát thanh Truyền hình,,Giấy phép (TVPL PDF),,valid,
cab.on,Tổng công ty truyền hình Cáp Việt Nam,MXH - Đài Phát thanh Truyền hình,,Giấy phép (TVPL PDF),,valid,
cab.taichinh,Tổng công ty truyền hình Cáp Việt Nam,MXH - Đài Phát thanh Truyền hình,,Giấy phép (TVPL PDF),,valid,
cab.thethao,Tổng công ty truyền hình Cáp Việt Nam,MXH - Đài Phát thanh Truyền hình,,Giấy phép (TVPL PDF),,valid,
cab.thoitiet,Tổng công ty truyền hình Cáp Việt Nam,MXH - Đài Phát thanh Truyền hình,,Giấy phép (TVPL PDF),,valid,
cab.tintuc,Tổng công ty truyền hình Cáp Việt Nam,MXH - Đài Phát thanh Truyền hình,,Giấy phép (TVPL PDF),,valid,
cab.trending,Tổng công ty truyền hình Cáp Việt Nam,MXH - Đài Phát thanh Truyền hình,,Giấy phép (TVPL PDF),,valid,
cab.xahoi,Tổng công ty truyền hình Cáp Việt Nam,MXH - Đài Phát thanh Truyền hình,,Giấy phép (TVPL PDF),,valid,
cabal.vtczone.vn,CÔNG TY CỔ PHẦN VTC DỊCH VỤ DI ĐỘNG,QUYẾT ĐỊNH PHÁT HÀNH TRÒ CHƠI ĐIỆN TỬ G1 TRÊN MẠNG,2025-02-17,Giấy phép (ABEI),30/QĐ-PTTH&TTĐT,valid,https://giayphep.abei.gov.vn/
cabeo.zingplay.com,CÔNG TY CỔ PHẦN VNG,QUYẾT ĐỊNH PHÁT HÀNH TRÒ CHƠI ĐIỆN TỬ G1 TRÊN MẠNG,2025-05-29,Giấy phép (ABEI),211/QĐ-PTTH&TTĐT,invalid,https://giayphep.abei.gov.vn/
cackm.gosu.vn,CÔNG TY CỔ PHẦN TRỰC TUYẾN GOSU,QUYẾT ĐỊNH PHÁT HÀNH TRÒ CHƠI ĐIỆN TỬ G1 TRÊN MẠNG,2020-12-17,Giấy phép (ABEI),2235/QĐ-BTTTT,valid,https://giayphep.abei.gov.vn/
cadn.cand.com.vn,Báo Công an nhân dân,"Website - Báo, tạp chí điện tử",,Giấy phép (TVPL PDF),,valid,
cadn.com.vn,BÁO CÔNG AN THÀNH PHỐ ĐÀ NẴNG,GIẤY PHÉP THIẾT LẬP TRANG THÔNG TIN ĐIỆN TỬ TỔNG HỢP,2015-06-12,Giấy phép (ABEI),68/GP-TTĐT,invalid,https://giayphep.abei.gov.vn/
cafebiz.vn,Công ty Cổ phần VCCorp,Website - Trang TTĐT tổng hợp,,Giấy phép (TVPL PDF),,valid,
cafebuddy.com.vn,CÔNG TY CỔ PHẦN CHỨNG KHOÁN KB VIỆT NAM,GIẤY PHÉP CUNG CẤP DỊCH VỤ MẠNG XÃ HỘI,2024-03-29,Giấy phép (ABEI),80/GP-BTTTT,valid,https://giayphep.abei.gov.vn/
cafebusiness.vn,CÔNG TY TNHH S-HOLDINGS,GIẤY PHÉP CUNG CẤP DỊCH VỤ MẠNG XÃ HỘI,2020-05-13,Giấy phép (ABEI),201/GP-BTTTT,valid,https://giayphep.abei.gov.vn/
cafedautu.vn,Công ty TNHH Truyền thông thương hiệu mới,Website - Trang TTĐT tổng hợp,,Giấy phép (TVPL PDF),,valid,
cafee.vn,Công ty Cổ phần CAFEE,Website - Trang TTĐT tổng hợp,,Giấy phép (TVPL PDF),,valid,
cafef.vn,Công ty Cổ phần VCCorp,Website - Trang TTĐT tổng hợp,,Giấy phép (TVPL PDF),,valid,
cafeketban.com,Công ty Cổ phần Công nghệ Thương mại Giáo dục Hoàng Kim,Website - Trang mạng xã hội,,Giấy phép (TVPL PDF),,valid,
cafeketban.vn,Công ty Cổ phần Công nghệ Thương mại Giáo dục Hoàng Kim,Website - Trang mạng xã hội,,Giấy phép (TVPL PDF),,valid,
cafeland.com.vn,CÔNG TY CỔ PHẦN TIẾP THỊ THỊNH PHÁT,GIẤY PHÉP CUNG CẤP DỊCH VỤ MẠNG XÃ HỘI,2020-07-10,Giấy phép (ABEI),289/GP-BTTTT,invalid,https://giayphep.abei.gov.vn/
cafequantri.com.vn,Công ty Cổ phần VPHARM,Website - Trang TTĐT tổng hợp,,Giấy phép (TVPL PDF),,valid,
cafereview.vn,Công ty Cổ phần Đầu tư FAM Việt Nam,Website - Trang TTĐT tổng hợp,,Giấy phép (TVPL PDF),,valid,
cafetek.vn,Đài Truyền hình Thành phố Hồ Chí Minh,MXH - Đài Phát thanh Truyền hình,,Giấy phép (TVPL PDF),,valid,
caithetranhhung.vn,CÔNG TY TNHH DỊCH VỤ PHẦN MỀM BÌNH MINH,QUYẾT ĐỊNH PHÁT HÀNH TRÒ CHƠI ĐIỆN TỬ G1 TRÊN MẠNG,2022-12-29,Giấy phép (ABEI),2426/QĐ-BTTTT,valid,https://giayphep.abei.gov.vn/
camgioi2.zingplay.com,CÔNG TY TNHH ZINGPLAY VIỆT NAM,QUYẾT ĐỊNH PHÁT HÀNH TRÒ CHƠI ĐIỆN TỬ G1 TRÊN MẠNG,2024-08-19,Giấy phép (ABEI),1391/QĐ-BTTTT,invalid,https://giayphep.abei.gov.vn/
camnangphukhoa.vn,Công ty Cổ phần Dược phẩm Vinh Gia,Website - Trang mạng xã hội,,Giấy phép (TVPL PDF),,valid,
camnangteen.vn,BÁO SINH VIÊN VIỆT NAM,GIẤY PHÉP THIẾT LẬP TRANG THÔNG TIN ĐIỆN TỬ TỔNG HỢP,2015-09-28,Giấy phép (ABEI),144/GP-TTĐT,valid,https://giayphep.abei.gov.vn/
camnangyte.com,Công ty Cổ phần truyền thông VMG,Website - Trang TTĐT tổng hợp,,Giấy phép (TVPL PDF),,valid,
camnangyte.vn,Công ty Cổ phần truyền thông VMG,Website - Trang TTĐT tổng hợp,,Giấy phép (TVPL PDF),,valid,
campp.vn,Công ty Cổ phần Công nghệ Bee Tech Việt Nam,Website - Trang mạng xã hội,,Giấy phép (TVPL PDF),,valid,
camyve.mobiz.vn,CÔNG TY CỔ PHẦN MOBIZ,QUYẾT ĐỊNH PHÁT HÀNH TRÒ CHƠI ĐIỆN TỬ G1 TRÊN MẠNG,2019-08-23,Giấy phép (ABEI),1374/GP-BTTTT,valid,https://giayphep.abei.gov.vn/
camyve.vn,CÔNG TY TNHH SOHA,QUYẾT ĐỊNH PHÁT HÀNH TRÒ CHƠI ĐIỆN TỬ G1 TRÊN MẠNG,2018-12-10,Giấy phép (ABEI),2119/QĐ-BTTTT,valid,https://giayphep.abei.gov.vn/
canavi.com,Công ty Cổ phần Truyền thông Canavi Việt Nam,Website - Trang mạng xã hội,,Giấy phép (TVPL PDF),,valid,
canavi.vn,Công ty Cổ phần Truyền thông Canavi Việt Nam,Website - Trang mạng xã hội,,Giấy phép (TVPL PDF),,valid,
cand.com.vn,Báo Công an nhân dân,"Website - Báo, tạp chí điện tử",,Giấy phép (TVPL PDF),,valid,
cand.vn,Báo Công an nhân dân,"Website - Báo, tạp chí điện tử",,Giấy phép (TVPL PDF),,valid,
cangua.goplay.vn,CÔNG TY CỔ PHẦN VTC TRUYỀN THÔNG TRỰC TUYẾN,QUYẾT ĐỊNH PHÁT HÀNH TRÒ CHƠI ĐIỆN TỬ G1 TRÊN MẠNG,2023-06-09,Giấy phép (ABEI),1012/QĐ-BTTTT,valid,https://giayphep.abei.gov.vn/
canhtacxanh.vn,"BAN QUẢN LÝ DỰ ÁN “TUYÊN TRUYỀN, VẬN ĐỘNG NÔNG DÂN ÁP DỤNG CANH TÁC LÚA THÂN THIỆN VỚI MÔI TRƯỜNG TẠI VIỆT NAM”",GIẤY PHÉP THIẾT LẬP TRANG THÔNG TIN ĐIỆN TỬ TỔNG HỢP,2022-04-27,Giấy phép (ABEI),45/GP-TTĐT,invalid,https://giayphep.abei.gov.vn/
canthoplus.vn,,Website - Trang mạng xã hội,,Giấy phép (TVPL PDF),,valid,
canthoradio.vn,Đài Phát thanh và Truyền hình thành phố Cần Thơ,Website - Trang TTĐT tổng hợp,,Giấy phép (TVPL PDF),,valid,
canthotaste.vn,,Website - Trang mạng xã hội,,Giấy phép (TVPL PDF),,valid,
canthotv.vn,Đài Phát thanh và Truyền hình thành phố Cần Thơ,Website - Trang TTĐT tổng hợp,,Giấy phép (TVPL PDF),,valid,
thtpct.vn,Đài Phát thanh và Truyền hình thành phố Cần Thơ,Website - Trang TTĐT tổng hợp,,Giấy phép (TVPL PDF),,valid,
www.thtpct.vn,ĐÀI PHÁT THANH VÀ TRUYỀN HÌNH THÀNH PHỐ CẦN THƠ,GIẤY PHÉP THIẾT LẬP TRANG THÔNG TIN ĐIỆN TỬ TỔNG HỢP,2022-11-09,Giấy phép (ABEI),153/GP-TTĐT,invalid,https://giayphep.abei.gov.vn/
www.canthoradio.vn,ĐÀI PHÁT THANH VÀ TRUYỀN HÌNH THÀNH PHỐ CẦN THƠ,GIẤY PHÉP THIẾT LẬP TRANG THÔNG TIN ĐIỆN TỬ TỔNG HỢP,2022-11-09,Giấy phép (ABEI),153/GP-TTĐT,invalid,https://giayphep.abei.gov.vn/
caobangtv.vn,ĐÀI PHÁT THANH - TRUYỀN HÌNH CAO BẰNG,GIẤY PHÉP THIẾT LẬP TRANG THÔNG TIN ĐIỆN TỬ TỔNG HỢP,2023-06-05,Giấy phép (ABEI),86/GP-TTĐT,valid,https://giayphep.abei.gov.vn/
caolonthongminh.com.vn,CÔNG TY CỔ PHẦN DƯỢC PHẨM VINH GIA,GIẤY PHÉP CUNG CẤP DỊCH VỤ MẠNG XÃ HỘI,2017-05-31,Giấy phép (ABEI),255/GP-BTTTT,valid,https://giayphep.abei.gov.vn/
caolonthongminh.vn,Công ty Cổ phần Dược phẩm Vinh Gia,Website - Trang mạng xã hội,,Giấy phép (TVPL PDF),,valid,
caonguyendaknong.baodak,Báo Đắk Nông,"Website - Báo, tạp chí điện tử",,Giấy phép (TVPL PDF),,valid,
capthoatnuoconline.vn,Tạp chí Cấp thoát nước Việt Nam,"Website - Báo, tạp chí điện tử",,Giấy phép (TVPL PDF),,valid,
capthoatnuocvietnam.vn,TẠP CHÍ CẤP THOÁT NƯỚC VIỆT NAM,GIẤY PHÉP THIẾT LẬP TRANG THÔNG TIN ĐIỆN TỬ TỔNG HỢP,2013-02-27,Giấy phép (ABEI),17/GP-TTĐT,invalid,https://giayphep.abei.gov.vn/
www.tapchicapthoatnuoc.vn,TẠP CHÍ CẤP THOÁT NƯỚC VIỆT NAM,GIẤY PHÉP THIẾT LẬP TRANG THÔNG TIN ĐIỆN TỬ TỔNG HỢP,2013-02-27,Giấy phép (ABEI),17/GP-TTĐT,invalid,https://giayphep.abei.gov.vn/
www.diendancapthoatnunc.vn,TẠP CHÍ CẤP THOÁT NƯỚC VIỆT NAM,GIẤY PHÉP THIẾT LẬP TRANG THÔNG TIN ĐIỆN TỬ TỔNG HỢP,2013-02-27,Giấy phép (ABEI),17/GP-TTĐT,invalid,https://giayphep.abei.gov.vn/
www.diendancapthoatruoc.com.vn,TẠP CHÍ CẤP THOÁT NƯỚC VIỆT NAM,GIẤY PHÉP THIẾT LẬP TRANG THÔNG TIN ĐIỆN TỬ TỔNG HỢP,2013-02-27,Giấy phép (ABEI),17/GP-TTĐT,invalid,https://giayphep.abei.gov.vn/
carbiz.vn,CÔNG TY TNHH THƯƠNG MẠI - TRUYỀN THÔNG SAVY,GIẤY PHÉP CUNG CẤP DỊCH VỤ MẠNG XÃ HỘI,2020-01-07,Giấy phép (ABEI),04/GP-BTTTT,valid,https://giayphep.abei.gov.vn/
cardcaptor.vn,CÔNG TY CỔ PHẦN GIẢI PHÁP SỐ VISION NETWORK VIỆT NAM ,QUYẾT ĐỊNH PHÁT HÀNH TRÒ CHƠI ĐIỆN TỬ G1 TRÊN MẠNG,2025-09-26,Giấy phép (ABEI),417/QĐ-PTTH&TTĐT,valid,https://giayphep.abei.gov.vn/
caro.zingplay.com,Công ty TNHH ZingPlay Việt Nam,QUYẾT ĐỊNH PHÁT HÀNH TRÒ CHƠI ĐIỆN TỬ G1 TRÊN MẠNG,2025-12-05,Giấy phép (ABEI),544/QĐ-PTTH&TTĐT,invalid,https://giayphep.abei.gov.vn/
carpassion.vn,CÔNG TY CỔ PHẦN CAR PASSION,GIẤY PHÉP CUNG CẤP DỊCH VỤ MẠNG XÃ HỘI,2020-06-17,Giấy phép (ABEI),256/GP-BTTTT,valid,https://giayphep.abei.gov.vn/
cartimes.tapchicongthuong,Tạp chí Công Thương,"Website - Báo, tạp chí điện tử",,Giấy phép (TVPL PDF),,valid,
casibian.dongtay,Công ty cổ phần VieNETWORK,"MXH - Cá nhân, tổ chức",,Giấy phép (TVPL PDF),,valid,
castleclash.gamota.com,CÔNG TY CỔ PHẦN GAMOTA,QUYẾT ĐỊNH PHÁT HÀNH TRÒ CHƠI ĐIỆN TỬ G1 TRÊN MẠNG,2026-05-29,Giấy phép (ABEI),285/QĐ-PTTH&TTĐT,valid,https://giayphep.abei.gov.vn/
catp.cand.com.vn,Báo Công an nhân dân,"Website - Báo, tạp chí điện tử",,Giấy phép (TVPL PDF),,valid,
caubega.vn,CÔNG TY TNHH XGA,QUYẾT ĐỊNH PHÁT HÀNH TRÒ CHƠI ĐIỆN TỬ G1 TRÊN MẠNG,2023-04-26,Giấy phép (ABEI),720/QĐ-BTTTT,valid,https://giayphep.abei.gov.vn/
cauchuyenchungkhoan.vn,Công ty TNHH Dịch vụ truyền thông Bình Minh,Website - Trang TTĐT tổng hợp,,Giấy phép (TVPL PDF),,valid,
cauchuyeninternet.vn,Hiệp hội Internet Việt Nam,Website - Trang mạng xã hội,,Giấy phép (TVPL PDF),,valid,
cauduongcang.com,Hội Cầu đường cảng TPHCM (cauduongcang.com.vn),Website - Trang TTĐT tổng hợp,,Giấy phép (TVPL PDF),,valid,
cauthu.com.vn,CÔNG TY TNHH TROLL,GIẤY PHÉP CUNG CẤP DỊCH VỤ MẠNG XÃ HỘI,2017-04-04,Giấy phép (ABEI),133/GP-BTTTT,valid,https://giayphep.abei.gov.vn/
cauvidaichien.vn,CÔNG TY CỔ PHẦN ACE GAME,QUYẾT ĐỊNH PHÁT HÀNH TRÒ CHƠI ĐIỆN TỬ G1 TRÊN MẠNG,2021-06-02,Giấy phép (ABEI),1024/QĐ-BTTTT,valid,https://giayphep.abei.gov.vn/
cbei.gov.vn,"TRUNG TÂM ĐO KIỂM VÀ DỊCH VỤ PHÁT THANH, TRUYỀN HÌNH VÀ THÔNG TIN ĐIỆN TỬ",GIẤY PHÉP THIẾT LẬP TRANG THÔNG TIN ĐIỆN TỬ TỔNG HỢP,2015-06-18,Giấy phép (ABEI),77/GP-TTĐT,invalid,https://giayphep.abei.gov.vn/
www.truyenhinh.gov.vn,"TRUNG TÂM ĐO KIỂM VÀ DỊCH VỤ PHÁT THANH, TRUYỀN HÌNH VÀ THÔNG TIN ĐIỆN TỬ",GIẤY PHÉP THIẾT LẬP TRANG THÔNG TIN ĐIỆN TỬ TỔNG HỢP,2015-06-18,Giấy phép (ABEI),77/GP-TTĐT,invalid,https://giayphep.abei.gov.vn/
cbtt.duo.vn,CÔNG TY CỔ PHẦN TRỰC TUYẾN DUO,QUYẾT ĐỊNH PHÁT HÀNH TRÒ CHƠI ĐIỆN TỬ G1 TRÊN MẠNG,2020-09-30,Giấy phép (ABEI),1664 /QĐ-BTTTT,valid,https://giayphep.abei.gov.vn/
cbtv.aliens.vn,CÔNG TY TNHH CÔNG NGHỆ GIẢI TRÍ ALIEN,QUYẾT ĐỊNH PHÁT HÀNH TRÒ CHƠI ĐIỆN TỬ G1 TRÊN MẠNG,2023-11-21,Giấy phép (ABEI),2295/QĐ-BTTTT,valid,https://giayphep.abei.gov.vn/
cbvt.duo.vn,CÔNG TY CỔ PHẦN TRỰC TUYẾN DUO,QUYẾT ĐỊNH PHÁT HÀNH TRÒ CHƠI ĐIỆN TỬ G1 TRÊN MẠNG,2021-10-19,Giấy phép (ABEI),1638 /QĐ-BTTTT,valid,https://giayphep.abei.gov.vn/
cccm.nexfungames.vn,CÔNG TY TNHH NEXFUN,QUYẾT ĐỊNH PHÁT HÀNH TRÒ CHƠI ĐIỆN TỬ G1 TRÊN MẠNG,2024-12-10,Giấy phép (ABEI),2166/QĐ-BTTTT,valid,https://giayphep.abei.gov.vn/
ccht.vn,CÔNG TY CỔ PHẦN TIN HỌC HÒA BÌNH,QUYẾT ĐỊNH PHÁT HÀNH TRÒ CHƠI ĐIỆN TỬ G1 TRÊN MẠNG,2015-12-07,Giấy phép (ABEI),2192/QĐ-BTTTT,invalid,https://giayphep.abei.gov.vn/
ccskn.vn,CÔNG TY CỔ PHẦN SOLAPLAY,QUYẾT ĐỊNH PHÁT HÀNH TRÒ CHƠI ĐIỆN TỬ G1 TRÊN MẠNG,2025-02-20,Giấy phép (ABEI),275/QĐ-PTTH&TTĐT,invalid,https://giayphep.abei.gov.vn/
cctshcm.gov.vn,Chi cục Thủy sản,Website - Trang TTĐT tổng hợp,,Giấy phép (TVPL PDF),,valid,
cdha.vtcgame.vn,CÔNG TY VTC CÔNG NGHỆ VÀ NỘI DUNG SỐ,QUYẾT ĐỊNH PHÁT HÀNH TRÒ CHƠI ĐIỆN TỬ G1 TRÊN MẠNG,2024-04-05,Giấy phép (ABEI),493/QĐ-BTTTT,valid,https://giayphep.abei.gov.vn/
cdhanghaivn.org.vn,Công đoàn Tổng công ty Hàng hải Việt Nam,Website - Trang TTĐT tổng hợp,,Giấy phép (TVPL PDF),,valid,
cdhhanghaivn.org.vn,CÔNG ĐOÀN TỔNG CÔNG TY HÀNG HẢI VIỆT NAM,GIẤY PHÉP THIẾT LẬP TRANG THÔNG TIN ĐIỆN TỬ TỔNG HỢP,2021-11-03,Giấy phép (ABEI),184/GP-TTĐT,valid,https://giayphep.abei.gov.vn/
cdht.zoneplay.vn,CÔNG TY CỔ PHẦN GZONE MEDIA VIỆT NAM,QUYẾT ĐỊNH PHÁT HÀNH TRÒ CHƠI ĐIỆN TỬ G1 TRÊN MẠNG,2023-06-09,Giấy phép (ABEI),1016/QĐ-BTTTT,valid,https://giayphep.abei.gov.vn/
cdm.notagames.vn,CÔNG TY CỔ PHẦN CÔNG NGHỆ NOTA VIỆT NAM,QUYẾT ĐỊNH PHÁT HÀNH TRÒ CHƠI ĐIỆN TỬ G1 TRÊN MẠNG,2024-12-04,Giấy phép (ABEI),2107/QĐ-BTTTT,valid,https://giayphep.abei.gov.vn/
cdo.efun.vn,CÔNG TY CỔ PHẦN CÔNG NGHỆ EFUN VIỆT NAM,QUYẾT ĐỊNH PHÁT HÀNH TRÒ CHƠI ĐIỆN TỬ G1 TRÊN MẠNG,2023-09-12,Giấy phép (ABEI),1754/QĐ-BTTTT,valid,https://giayphep.abei.gov.vn/
cdo2.efun.vn,CÔNG TY CỔ PHẦN EFUN,QUYẾT ĐỊNH PHÁT HÀNH TRÒ CHƠI ĐIỆN TỬ G1 TRÊN MẠNG,2025-01-24,Giấy phép (ABEI),111/QĐ-BTTTT,valid,https://giayphep.abei.gov.vn/
cdtc.gosu.vn,CÔNG TY CỔ PHẦN TRỰC TUYẾN GOSU,QUYẾT ĐỊNH PHÁT HÀNH TRÒ CHƠI ĐIỆN TỬ G1 TRÊN MẠNG,2019-09-12,Giấy phép (ABEI),1477/QĐ-BTTTT,invalid,https://giayphep.abei.gov.vn/
cebid.gov.vn,"TRUNG TÂM ĐIỀU TRA, THÔNG TIN VÀ DỮ LIỆU VỀ MÔI TRƯỜNG, ĐA DẠNG SINH HỌC",GIẤY PHÉP THIẾT LẬP TRANG THÔNG TIN ĐIỆN TỬ TỔNG HỢP,2023-04-24,Giấy phép (ABEI),58/GP-TTĐT,invalid,https://giayphep.abei.gov.vn/
www.cebid.nbca.gov.vn,"TRUNG TÂM ĐIỀU TRA, THÔNG TIN VÀ DỮ LIỆU VỀ MÔI TRƯỜNG, ĐA DẠNG SINH HỌC",GIẤY PHÉP THIẾT LẬP TRANG THÔNG TIN ĐIỆN TỬ TỔNG HỢP,2023-04-24,Giấy phép (ABEI),58/GP-TTĐT,invalid,https://giayphep.abei.gov.vn/
cebid.vn,"TRUNG TÂM ĐIỀU TRA, THÔNG TIN VÀ DỮ LIỆU VỀ MÔI TRƯỜNG, ĐA DẠNG SINH HỌC",GIẤY PHÉP THIẾT LẬP TRANG THÔNG TIN ĐIỆN TỬ TỔNG HỢP,2023-10-05,Giấy phép (ABEI),167/GP-TTĐT,valid,https://giayphep.abei.gov.vn/
cect.gov.vn,TRUNG TÂM TƯ VẤN VÀ CÔNG NGHỆ MÔI TRƯỜNG,GIẤY PHÉP THIẾT LẬP TRANG THÔNG TIN ĐIỆN TỬ TỔNG HỢP,2020-04-03,Giấy phép (ABEI),41/GP-TTĐT,valid,https://giayphep.abei.gov.vn/
ceeme.vn,Tổng Công ty Truyền thông,Website - Trang mạng xã hội,,Giấy phép (TVPL PDF),,valid,
ceid.gov.vn,Trung tâm Thông tin và Dữ liệu môi trường,Website - Trang TTĐT tổng hợp,,Giấy phép (TVPL PDF),,valid,
ceid.vn,Trung tâm Thông tin và Dữ liệu môi trường,Website - Trang TTĐT tổng hợp,,Giấy phép (TVPL PDF),,valid,
celebe.vn,CÔNG TY CỔ PHẦN CELEBE VIỆT NAM,GIẤY PHÉP CUNG CẤP DỊCH VỤ MẠNG XÃ HỘI,2021-01-21,Giấy phép (ABEI),45/GP-BTTTT,valid,https://giayphep.abei.gov.vn/
cellphones.com.vn,CÔNG TY TNHH THƯƠNG MẠI VÀ DỊCH VỤ KỸ THUẬT DIỆU PHÚC,GIẤY PHÉP CUNG CẤP DỊCH VỤ MẠNG XÃ HỘI,2021-07-17,Giấy phép (ABEI),447/GP-BTTTT,valid,https://giayphep.abei.gov.vn/
celuv.vn,CÔNG TY CỔ PHẦN YOUR ENTERTAIMENT PLATFORM,GIẤY PHÉP CUNG CẤP DỊCH VỤ MẠNG XÃ HỘI,2020-06-26,Giấy phép (ABEI),268/GP-BTTTT,valid,https://giayphep.abei.gov.vn/
cem.gov.vn,Trung tâm quan trắc môi trường,Website - Trang TTĐT tổng hợp,,Giấy phép (TVPL PDF),,valid,
ceotoancau.vn,CÔNG TY TNHH THẾ GIỚI DOANH NHÂN VIETTOP,GIẤY PHÉP CUNG CẤP DỊCH VỤ MẠNG XÃ HỘI,2020-09-30,Giấy phép (ABEI),433/GP-BTTTT,valid,https://giayphep.abei.gov.vn/
ceoviet.vn,CÔNG TY CỔ PHẦN TRUYỀN THÔNG THƯƠNG MẠI VÀ DỊCH VỤ THỊNH VƯỢNG,GIẤY PHÉP CUNG CẤP DỊCH VỤ MẠNG XÃ HỘI,2020-09-14,Giấy phép (ABEI),388/GP-BTTTT,valid,https://giayphep.abei.gov.vn/
cesti.gov.vn,Trung tâm Thông tin và Thống kê Khoa học và Công nghệ TPHCM,Website - Trang TTĐT tổng hợp,,Giấy phép (TVPL PDF),,valid,
cetai.org.vn,"TRUNG TÂM ĐÀO TẠO, TƯ VẤN VÀ THÔNG TIN KINH TẾ",GIẤY PHÉP THIẾT LẬP TRANG THÔNG TIN ĐIỆN TỬ TỔNG HỢP,2017-09-12,Giấy phép (ABEI),291/GPSĐBS-TTĐT,invalid,https://giayphep.abei.gov.vn/
cevm.gamota.com,CÔNG TY CỔ PHẦN GAMOTA,QUYẾT ĐỊNH PHÁT HÀNH TRÒ CHƠI ĐIỆN TỬ G1 TRÊN MẠNG,2023-04-14,Giấy phép (ABEI),622/QĐ-BTTTT,valid,https://giayphep.abei.gov.vn/
cf.360game.vn,CÔNG TY CỔ PHẦN VNG,QUYẾT ĐỊNH PHÁT HÀNH TRÒ CHƠI ĐIỆN TỬ G1 TRÊN MẠNG,2017-05-29,Giấy phép (ABEI),812/QĐ-BTTTT,invalid,https://giayphep.abei.gov.vn/
cf.goplay.vn,CÔNG TY CỔ PHẦN VTC TRUYỀN THÔNG TRỰC TUYẾN,QUYẾT ĐỊNH PHÁT HÀNH TRÒ CHƠI ĐIỆN TỬ G1 TRÊN MẠNG,2020-07-01,Giấy phép (ABEI),1099/QĐ-BTTTT,invalid,https://giayphep.abei.gov.vn/
cfl.vnggames.com,CÔNG TY CỔ PHẦN TẬP ĐOÀN VNG ,QUYẾT ĐỊNH PHÁT HÀNH TRÒ CHƠI ĐIỆN TỬ G1 TRÊN MẠNG,2025-08-28,Giấy phép (ABEI),374/QĐ-PTTH&TTĐT,invalid,https://giayphep.abei.gov.vn/
cfzero.vn,CÔNG TY CỔ PHẦN VTC TRUYỀN THÔNG TRỰC TUYẾN,QUYẾT ĐỊNH PHÁT HÀNH TRÒ CHƠI ĐIỆN TỬ G1 TRÊN MẠNG,2020-07-30,Giấy phép (ABEI),1297/QĐ-BTTTT,valid,https://giayphep.abei.gov.vn/
cfzezo.vn,CÔNG TY CỔ PHẦN VTC TRUYỀN THÔNG TRỰC TUYẾN,QUYẾT ĐỊNH PHÁT HÀNH TRÒ CHƠI ĐIỆN TỬ G1 TRÊN MẠNG,2020-05-16,Giấy phép (ABEI),678/QĐ-BTTTT,valid,https://giayphep.abei.gov.vn/
cgk.vn,CÔNG TY TNHH CÔNG NGHỆ KỸ THUẬT VÀ DỊCH VỤ TRỰC TUYỂN TPC,QUYẾT ĐỊNH PHÁT HÀNH TRÒ CHƠI ĐIỆN TỬ G1 TRÊN MẠNG,2018-02-13,Giấy phép (ABEI),237/QĐ-BTTTT,valid,https://giayphep.abei.gov.vn/
cgvh.gamota.com,CÔNG TY CỔ PHẦN GAMOTA ,QUYẾT ĐỊNH PHÁT HÀNH TRÒ CHƠI ĐIỆN TỬ G1 TRÊN MẠNG,2026-04-10,Giấy phép (ABEI),184/QĐ-PTTH&TTĐT,valid,https://giayphep.abei.gov.vn/
chacha.vn,CÔNG TY CỔ PHẦN BẠCH MINH,Website - Trang mạng xã hội,,Giấy phép (TVPL PDF),,valid,
chamconkhoe.com.vn,CÔNG TY TNHH TRUYỀN THÔNG SỨC KHỎE LÀ VÀNG,GIẤY PHÉP CUNG CẤP DỊCH VỤ MẠNG XÃ HỘI,2019-07-20,Giấy phép (ABEI),297/GP-BTTTT,valid,https://giayphep.abei.gov.vn/
chamsocnguoicaotuoi.com,Công ty TNHH Javilink Việt Nam,Website - Trang TTĐT tổng hợp,,Giấy phép (TVPL PDF),,valid,
chanlong.gaba.vn,CÔNG TY CỔ PHẦN TRÒ CHƠI VEGA,QUYẾT ĐỊNH PHÁT HÀNH TRÒ CHƠI ĐIỆN TỬ G1 TRÊN MẠNG,2016-05-20,Giấy phép (ABEI),838/QĐ-BTTTT,invalid,https://giayphep.abei.gov.vn/
chanlongtamquoc.vn,CÔNG TY CỔ PHẦN FUNTAP,QUYẾT ĐỊNH PHÁT HÀNH TRÒ CHƠI ĐIỆN TỬ G1 TRÊN MẠNG,2019-03-11,Giấy phép (ABEI),277/QĐ-BTTTT,invalid,https://giayphep.abei.gov.vn/
chanmenh.vn,CÔNG TY TNHH SOHA,QUYẾT ĐỊNH PHÁT HÀNH TRÒ CHƠI ĐIỆN TỬ G1 TRÊN MẠNG,2021-08-11,Giấy phép (ABEI),1204/QĐ-BTTTT,valid,https://giayphep.abei.gov.vn/
chantamquoc.vn,CÔNG TY CỔ PHẦN FUNTAP,QUYẾT ĐỊNH PHÁT HÀNH TRÒ CHƠI ĐIỆN TỬ G1 TRÊN MẠNG,2019-03-11,Giấy phép (ABEI),278/QĐ-BTTTT,valid,https://giayphep.abei.gov.vn/
chantamquoc2.playfun.vn,CÔNG TY CỔ PHẦN FUNTAP,QUYẾT ĐỊNH PHÁT HÀNH TRÒ CHƠI ĐIỆN TỬ G1 TRÊN MẠNG,2020-07-10,Giấy phép (ABEI),1157 QĐ-BTTTT,valid,https://giayphep.abei.gov.vn/
chanvuong3q.vn,CÔNG TY CỔ PHẦN DỊCH VỤ TRỰC TUYẾN MIGA,QUYẾT ĐỊNH PHÁT HÀNH TRÒ CHƠI ĐIỆN TỬ G1 TRÊN MẠNG,2024-12-03,Giấy phép (ABEI),2101/QĐ-BTTTT,valid,https://giayphep.abei.gov.vn/
chaos.playfun.vn,CÔNG TY CỔ PHẦN FUNTAP,QUYẾT ĐỊNH PHÁT HÀNH TRÒ CHƠI ĐIỆN TỬ G1 TRÊN MẠNG,2022-05-27,Giấy phép (ABEI),975 /QĐ-BTTTT,valid,https://giayphep.abei.gov.vn/
chat365.vn,CÔNG TY CỔ PHẦN THANH TOÁN HƯNG HÀ,GIẤY PHÉP CUNG CẤP DỊCH VỤ MẠNG XÃ HỘI,2024-05-30,Giấy phép (ABEI),144/GP-BTTTT,invalid,https://giayphep.abei.gov.vn/
chatluong.net.vn,Tạp chí Chất lượng Việt Nam,"Website - Báo, tạp chí điện tử",,Giấy phép (TVPL PDF),,valid,
chatluongvacuocsong.vn,Tạp chí Chất lượng và cuộc sống,"Website - Báo, tạp chí điện tử",,Giấy phép (TVPL PDF),,valid,
chatluongviet.vn,Tạp chí Chất lượng Việt Nam,"Website - Báo, tạp chí điện tử",,Giấy phép (TVPL PDF),,valid,
chatluongvietnam.com.vn,Tạp chí Chất lượng Việt Nam,"Website - Báo, tạp chí điện tử",,Giấy phép (TVPL PDF),,valid,
chatluongvietnam.vn,Tạp chí Chất lượng Việt Nam,"Website - Báo, tạp chí điện tử",,Giấy phép (TVPL PDF),,valid,
check.net.vn,Trung tâm Doanh nghiệp Hội nhập và Phát triển,Website - Trang mạng xã hội,,Giấy phép (TVPL PDF),,valid,
checkinvn.vn,CÔNG TY VTC CÔNG NGHỆ VÀ NỘI DUNG SỐ,GIẤY PHÉP CUNG CẤP DỊCH VỤ MẠNG XÃ HỘI,2021-07-23,Giấy phép (ABEI),473/GP-BTTTT,valid,https://giayphep.abei.gov.vn/
cherrymedia.vn,Công ty TNHH Cherry Media,Website - Trang TTĐT tổng hợp,,Giấy phép (TVPL PDF),,valid,
chg.vn,Công ty Cổ phần Phát triển Khoa học Công nghệ VINA,Website - Trang TTĐT tổng hợp,,Giấy phép (TVPL PDF),,valid,
chhoaxanh.mwg,CÔNG TY CỔ PHẦN THƯƠNG MẠI BÁCH HÓA XANH,"MXH - Cá nhân, tổ chức",,Giấy phép (TVPL PDF),,valid,
chiase.eva.vn,Công ty Cổ phần Quảng cáo trực tuyến 24H,Website - Trang mạng xã hội,,Giấy phép (TVPL PDF),,valid,
chiasenhac.com,Công ty Cổ phần Giải trí Yêu Ca hát,Website - Trang mạng xã hội,,Giấy phép (TVPL PDF),,valid,
csn.vn,Công ty CP Công nghệ CSN,Website - Trang mạng xã hội,,Giấy phép (TVPL PDF),,valid,
chiasenhac.vn,Công ty CP Công nghệ CSN,Website - Trang mạng xã hội,,Giấy phép (TVPL PDF),,valid,
chiasetutraitim.ptd,Đài Phát thanh và Truyền hình tỉnh Đắk Nông,MXH - Đài Phát thanh Truyền hình,,Giấy phép (TVPL PDF),,valid,
chichchoe.vn,CÔNG TY TNHH DIGITAL POWER MEDIA,GIẤY PHÉP CUNG CẤP DỊCH VỤ MẠNG XÃ HỘI,2021-11-04,Giấy phép (ABEI),712/GP-BTTTT,valid,https://giayphep.abei.gov.vn/
chicuccntyhcm.gov.vn,Chi cục Chăn nuôi và Thú y,Website - Trang TTĐT tổng hợp,,Giấy phép (TVPL PDF),,valid,
chicucttbvtvhcm.gov.vn,Chi cục Trồng trọt và Bảo vệ thực vật Thành phố,Website - Trang TTĐT tổng hợp,,Giấy phép (TVPL PDF),,valid,
chienbinh.duo.vn,CÔNG TY CỔ PHẦN TRỰC TUYẾN DUO,QUYẾT ĐỊNH PHÁT HÀNH TRÒ CHƠI ĐIỆN TỬ G1 TRÊN MẠNG,2021-11-26,Giấy phép (ABEI),1886/QĐ-BTTTT,valid,https://giayphep.abei.gov.vn/
chienbinhafk.vn,CÔNG TY CỔ PHẦN TRỰC TUYẾN DUO,QUYẾT ĐỊNH PHÁT HÀNH TRÒ CHƠI ĐIỆN TỬ G1 TRÊN MẠNG,2024-02-06,Giấy phép (ABEI),159/QĐ-BTTTT,valid,https://giayphep.abei.gov.vn/
chienbinhidle.vn,CÔNG TY TNHH VMGE,QUYẾT ĐỊNH PHÁT HÀNH TRÒ CHƠI ĐIỆN TỬ G1 TRÊN MẠNG,2023-09-06,Giấy phép (ABEI),1719/QĐ-BTTTT,valid,https://giayphep.abei.gov.vn/
chienbinhsieucap.vn,CÔNG TY TNHH VMGE,QUYẾT ĐỊNH PHÁT HÀNH TRÒ CHƠI ĐIỆN TỬ G1 TRÊN MẠNG,2024-08-14,Giấy phép (ABEI),1360/QĐ-BTTTT,valid,https://giayphep.abei.gov.vn/
chienbinhsieuquay.playfun.vn,CÔNG TY CỔ PHẦN FUNTAP,QUYẾT ĐỊNH PHÁT HÀNH TRÒ CHƠI ĐIỆN TỬ G1 TRÊN MẠNG,2022-06-02,Giấy phép (ABEI),1022 /QĐ-BTTTT,valid,https://giayphep.abei.gov.vn/
chienbinhtihon.dongtay,Công ty cổ phần VieNETWORK,"MXH - Cá nhân, tổ chức",,Giấy phép (TVPL PDF),,valid,
chienbinhz.duo.vn,CÔNG TY CỔ PHẦN TRỰC TUYẾN DUO,QUYẾT ĐỊNH PHÁT HÀNH TRÒ CHƠI ĐIỆN TỬ G1 TRÊN MẠNG,2021-08-30,Giấy phép (ABEI),1332/QĐ-BTTTT,invalid,https://giayphep.abei.gov.vn/
chiendia.dzogame.vn,CÔNG TY TNHH DZOGAME,QUYẾT ĐỊNH PHÁT HÀNH TRÒ CHƠI ĐIỆN TỬ G1 TRÊN MẠNG,2024-02-22,Giấy phép (ABEI),200/QĐ-BTTTT,valid,https://giayphep.abei.gov.vn/
chiendich3.vn,CÔNG TY CỔ PHẦN DỊCH VỤ S.PAY VIỆT NAM,QUYẾT ĐỊNH PHÁT HÀNH TRÒ CHƠI ĐIỆN TỬ G1 TRÊN MẠNG,2019-09-26,Giấy phép (ABEI),1570 /QĐ-BTTTT,valid,https://giayphep.abei.gov.vn/
chiendichhuyenthoai.vn,CÔNG TY TNHH DỊCH VỤ PHẦN MỀM THIÊN BÌNH,QUYẾT ĐỊNH PHÁT HÀNH TRÒ CHƠI ĐIỆN TỬ G1 TRÊN MẠNG,2015-11-19,Giấy phép (ABEI),2035/QĐ-BTTTT,valid,https://giayphep.abei.gov.vn/
chiengioi.vplay.vn,CÔNG TY CỔ PHẦN TRUYỀN HÌNH TƯƠNG TÁC VIỆT NAM,QUYẾT ĐỊNH PHÁT HÀNH TRÒ CHƠI ĐIỆN TỬ G1 TRÊN MẠNG,2022-05-09,Giấy phép (ABEI),856/QĐ-BTTTT,valid,https://giayphep.abei.gov.vn/
chienhoa.splay.vn,CÔNG TY CỔ PHẦN VTC DỊCH VỤ DI ĐỘNG ,QUYẾT ĐỊNH PHÁT HÀNH TRÒ CHƠI ĐIỆN TỬ G1 TRÊN MẠNG,2025-09-08,Giấy phép (ABEI),380/QĐ-PTTH&TTĐT,valid,https://giayphep.abei.gov.vn/
chienhonbolac.100d.mobi,CÔNG TY CỔ PHẦN GIẢI TRÍ 100 ĐỘ,QUYẾT ĐỊNH PHÁT HÀNH TRÒ CHƠI ĐIỆN TỬ G1 TRÊN MẠNG,2019-10-18,Giấy phép (ABEI),1736 /QĐ-BTTTT,invalid,https://giayphep.abei.gov.vn/
chienky.vn,CÔNG TY CỔ PHẦN VCCORP,QUYẾT ĐỊNH PHÁT HÀNH TRÒ CHƠI ĐIỆN TỬ G1 TRÊN MẠNG,2018-02-02,Giấy phép (ABEI),143/QĐ-BTTTT,invalid,https://giayphep.abei.gov.vn/
chienlong3q.vgplay.vn,CÔNG TY CỔ PHẦN VGP,QUYẾT ĐỊNH PHÁT HÀNH TRÒ CHƠI ĐIỆN TỬ G1 TRÊN MẠNG,2019-03-08,Giấy phép (ABEI),264/QĐ-BTTTT,valid,https://giayphep.abei.gov.vn/
chientamquoc.cmn.vn,CÔNG TY CỔ PHẦN TRỰC TUYẾN CMN VIỆT NAM ,QUYẾT ĐỊNH PHÁT HÀNH TRÒ CHƠI ĐIỆN TỬ G1 TRÊN MẠNG,2023-06-07,Giấy phép (ABEI),987 /QĐ-BTTTT,valid,https://giayphep.abei.gov.vn/
chienthan.gaba.vn,CÔNG TY CỔ PHẦN TRÒ CHƠI VEGA,QUYẾT ĐỊNH PHÁT HÀNH TRÒ CHƠI ĐIỆN TỬ G1 TRÊN MẠNG,2017-11-09,Giấy phép (ABEI),1935/QĐ-BTTTT,valid,https://giayphep.abei.gov.vn/
chienthan.vn,CÔNG TY CỔ PHẦN TRỰC TUYẾN GOSU,QUYẾT ĐỊNH PHÁT HÀNH TRÒ CHƠI ĐIỆN TỬ G1 TRÊN MẠNG,2016-06-17,Giấy phép (ABEI),1052/QĐ-BTTTT,invalid,https://giayphep.abei.gov.vn/
chienthan3d.vn,CÔNG TY CỔ PHẦN FUNTAP,QUYẾT ĐỊNH PHÁT HÀNH TRÒ CHƠI ĐIỆN TỬ G1 TRÊN MẠNG,2020-05-08,Giấy phép (ABEI),787/QĐ-BTTTT,valid,https://giayphep.abei.gov.vn/
chienthanafk.vnggames.net,CÔNG TY TNHH TRUYỀN THÔNG MINH PHƯƠNG THỊNH,QUYẾT ĐỊNH PHÁT HÀNH TRÒ CHƠI ĐIỆN TỬ G1 TRÊN MẠNG,2023-05-30,Giấy phép (ABEI),911/QĐ-BTTTT,valid,https://giayphep.abei.gov.vn/
chienthanchino.vn,CÔNG TY CỔ PHẦN XTV,QUYẾT ĐỊNH PHÁT HÀNH TRÒ CHƠI ĐIỆN TỬ G1 TRÊN MẠNG,2019-05-15,Giấy phép (ABEI),717/QĐ-BTTTT,invalid,https://giayphep.abei.gov.vn/
chienthankynguyen.vn,CÔNG TY CỔ PHẦN VTC DỊCH VỤ DI ĐỘNG,QUYẾT ĐỊNH PHÁT HÀNH TRÒ CHƠI ĐIỆN TỬ G1 TRÊN MẠNG,2020-12-17,Giấy phép (ABEI),2236/QĐ-BTTTT,invalid,https://giayphep.abei.gov.vn/
chienthanmi.intelligenc,CÔNG TY TNHH MOBILE INTELLIGENCE SAIGON,QUYẾT ĐỊNH PHÁT HÀNH TRÒ CHƠI ĐIỆN TỬ G1 TRÊN MẠNG,2025-09-19,Giấy phép (ABEI),400 /QĐ-PTTH&TTĐT,valid,https://giayphep.abei.gov.vn/
chienthantamquoc.100d.mobi,CÔNG TY CỔ PHẦN GIẢI TRÍ 100 ĐỘ,QUYẾT ĐỊNH PHÁT HÀNH TRÒ CHƠI ĐIỆN TỬ G1 TRÊN MẠNG,2019-02-15,Giấy phép (ABEI),172 /QĐ-BTTTT,invalid,https://giayphep.abei.gov.vn/
chienthanvosong.vn,CÔNG TY TNHH SOHA,QUYẾT ĐỊNH PHÁT HÀNH TRÒ CHƠI ĐIỆN TỬ G1 TRÊN MẠNG,2018-08-09,Giấy phép (ABEI),1324/QĐ-BTTTT,valid,https://giayphep.abei.gov.vn/
chientranhgiavien.phoenix.com,CÔNG TY TNHH DỊCH VỤ GIẢI TRÍ PHƯỢNG HOÀNG,QUYẾT ĐỊNH PHÁT HÀNH TRÒ CHƠI ĐIỆN TỬ G1 TRÊN MẠNG,2020-05-13,Giấy phép (ABEI),796/QĐ-BTTTT,invalid,https://giayphep.abei.gov.vn/
chientuong.zingplay.com,CÔNG TY CỔ PHẦN TẬP ĐOÀN VNG,QUYẾT ĐỊNH PHÁT HÀNH TRÒ CHƠI ĐIỆN TỬ G1 TRÊN MẠNG,2019-08-23,Giấy phép (ABEI),1375 /QĐ-BTTTT,valid,https://giayphep.abei.gov.vn/
chientuong3q.vn,CÔNG TY CỔ PHẦN VCCORP,QUYẾT ĐỊNH PHÁT HÀNH TRÒ CHƠI ĐIỆN TỬ G1 TRÊN MẠNG,2018-12-10,Giấy phép (ABEI),2120/QĐ-BTTTT,invalid,https://giayphep.abei.gov.vn/
chientuongtamquoc.vn,CÔNG TY CỔ PHẦN REGZ GAMES,QUYẾT ĐỊNH PHÁT HÀNH TRÒ CHƠI ĐIỆN TỬ G1 TRÊN MẠNG,2021-05-31,Giấy phép (ABEI),741/QĐ-BTTTT,valid,https://giayphep.abei.gov.vn/
chienvuongtamquoc.vn,CÔNG TY CỔ PHẦN DỊCH VỤ TRỰC TUYẾN MIGA,QUYẾT ĐỊNH PHÁT HÀNH TRÒ CHƠI ĐIỆN TỬ G1 TRÊN MẠNG,2021-08-30,Giấy phép (ABEI),1322/QĐ-BTTTT,valid,https://giayphep.abei.gov.vn/
childrenclips.com,Công ty Cổ phần giải pháp Somed,Website - Trang mạng xã hội,,Giấy phép (TVPL PDF),,valid,
chinese.baoquangninh.com,Trung tâm Truyền thông Quảng Ninh,"Website - Báo, tạp chí điện tử",,Giấy phép (TVPL PDF),,valid,
chinhdo.sohagame.vn,CÔNG TY CỔ PHẦN VCCORP,QUYẾT ĐỊNH PHÁT HÀNH TRÒ CHƠI ĐIỆN TỬ G1 TRÊN MẠNG,2015-10-26,Giấy phép (ABEI),1785/QĐ-BTTTT,invalid,https://giayphep.abei.gov.vn/
chinhdo.zing.vn,CÔNG TY CỔ PHẦN VNG,QUYẾT ĐỊNH PHÁT HÀNH TRÒ CHƠI ĐIỆN TỬ G1 TRÊN MẠNG,2017-02-17,Giấy phép (ABEI),150/QĐ-BTTTT,invalid,https://giayphep.abei.gov.vn/
chinhsach.com.vn,Trung tâm Nghiên cứu Truyền thông Phát triển,Website - Trang mạng xã hội,,Giấy phép (TVPL PDF),,valid,
chinhsachdautu.vn,VIỆN NGHIÊN CỨU TƯ VẤN CHÍNH SÁCH ĐẦU TƯ,GIẤY PHÉP THIẾT LẬP TRANG THÔNG TIN ĐIỆN TỬ TỔNG HỢP,2022-07-12,Giấy phép (ABEI),90/GP-TTĐT,valid,https://giayphep.abei.gov.vn/
chinhsachphapluat.vn,VIỆN NGHIÊN CỨU CHÍNH SÁCH PHÁP LUẬT VÀ KINH TẾ HỘI NHẬP,GIẤY PHÉP THIẾT LẬP TRANG THÔNG TIN ĐIỆN TỬ TỔNG HỢP,2023-08-29,Giấy phép (ABEI),140/GP-TTĐT,valid,https://giayphep.abei.gov.vn/
chinhtrivaphattrien.vn,Tạp chí Chính trị và Phát triển,"Website - Báo, tạp chí điện tử",,Giấy phép (TVPL PDF),,valid,
chochay.vn,CÔNG TY TNHH HIT GROUP,GIẤY PHÉP CUNG CẤP DỊCH VỤ MẠNG XÃ HỘI,2024-01-10,Giấy phép (ABEI),10/GP-BTTTT,valid,https://giayphep.abei.gov.vn/
www.anchay.tv,CÔNG TY TNHH HIT GROUP,GIẤY PHÉP CUNG CẤP DỊCH VỤ MẠNG XÃ HỘI,2024-01-10,Giấy phép (ABEI),10/GP-BTTTT,valid,https://giayphep.abei.gov.vn/
chogia.vn,CÔNG TY CỔ PHẦN XCORP,GIẤY PHÉP CUNG CẤP DỊCH VỤ MẠNG XÃ HỘI,2022-01-25,Giấy phép (ABEI),50/GP-BTTTT,valid,https://giayphep.abei.gov.vn/
choidj.vn,CÔNG TY CỔ PHẦN TRUYỀN THÔNG 7GVG MEDIA,Website - Trang TTĐT tổng hợp,,Giấy phép (TVPL PDF),,valid,
choilive.vn,Công ty cổ phần PINE MULTIMEDIA TECHNOLOGIES,Website - Trang mạng xã hội,,Giấy phép (TVPL PDF),,valid,
choinhanh.vn,Công ty Cổ phần Truyền thông ABC,Website - Trang mạng xã hội,,Giấy phép (TVPL PDF),,valid,
choiphui.vn,CÔNG TY TNHH CÔNG NGHỆ TRUYỀN THÔNG TEHAND VIỆT NAM,GIẤY PHÉP CUNG CẤP DỊCH VỤ MẠNG XÃ HỘI,2020-10-23,Giấy phép (ABEI),461/GP-BTTTT,valid,https://giayphep.abei.gov.vn/
chonaiday.dongtay,Công ty cổ phần VieNETWORK,"MXH - Cá nhân, tổ chức",,Giấy phép (TVPL PDF),,valid,
chonggiavacongluan.vn,VIỆN CÔNG NGHỆ CHỐNG LÀM GIẢ,GIẤY PHÉP THIẾT LẬP TRANG THÔNG TIN ĐIỆN TỬ TỔNG HỢP,2018-09-05,Giấy phép (ABEI),227/GP-TTĐT,valid,https://giayphep.abei.gov.vn/
chonghanggiavatap.vn,TRUNG TÂM PHÁT TRIỂN TRUYỀN THÔNG TRUYỀN HÌNH CHỐNG HÀNG GIẢ,GIẤY PHÉP THIẾT LẬP TRANG THÔNG TIN ĐIỆN TỬ TỔNG HỢP,2019-11-15,Giấy phép (ABEI),222/GP-TTĐT,valid,https://giayphep.abei.gov.vn/
chonghanggiavn.net.vn,QUỸ CHỐNG HÀNG GIẢ,GIẤY PHÉP THIẾT LẬP TRANG THÔNG TIN ĐIỆN TỬ TỔNG HỢP,2016-03-16,Giấy phép (ABEI),19/GP-TTĐT,invalid,https://giayphep.abei.gov.vn/
chonhanh.vn,CÔNG TY TNHH THƯƠNG MẠI ĐIỆN TỬ CHỢ NHANH,GIẤY PHÉP CUNG CẤP DỊCH VỤ MẠNG XÃ HỘI,2023-10-13,Giấy phép (ABEI),384/GP-BTTTT,valid,https://giayphep.abei.gov.vn/
chotot.vn,Cty TNHH Chợ tốt,Website - Trang mạng xã hội,,Giấy phép (TVPL PDF),,valid,
chotot.com,Cty TNHH Chợ tốt,Website - Trang mạng xã hội,,Giấy phép (TVPL PDF),,valid,
chotroi.vn,CÔNG TY CỔ PHẦN XCORP,GIẤY PHÉP CUNG CẤP DỊCH VỤ MẠNG XÃ HỘI,2020-09-15,Giấy phép (ABEI),393/GP-BTTTT,valid,https://giayphep.abei.gov.vn/
choxe.net,Công ty Cổ phần Chợ xe,Website - Trang mạng xã hội,,Giấy phép (TVPL PDF),,valid,
choxe.com.vn,Công ty Cổ phần Chợ xe,Website - Trang mạng xã hội,,Giấy phép (TVPL PDF),,valid,
choxe.vn,Công ty Cổ phần Chợ xe,Website - Trang mạng xã hội,,Giấy phép (TVPL PDF),,valid,
chtq.zoneplay.vn,CÔNG TY CỔ PHẦN GZONE MEDIA VIỆT NAM,QUYẾT ĐỊNH PHÁT HÀNH TRÒ CHƠI ĐIỆN TỬ G1 TRÊN MẠNG,2024-01-29,Giấy phép (ABEI),80/QĐ-BTTTT,valid,https://giayphep.abei.gov.vn/
chtt.gamota.com,CÔNG TY CỔ PHẦN GAMOTA ,QUYẾT ĐỊNH PHÁT HÀNH TRÒ CHƠI ĐIỆN TỬ G1 TRÊN MẠNG,2026-04-10,Giấy phép (ABEI),182/QĐ-PTTH&TTĐT,valid,https://giayphep.abei.gov.vn/
chuacongchaymau.vn,CÔNG TY CỔ PHẦN TRÒ CHƠI VEGA,QUYẾT ĐỊNH PHÁT HÀNH TRÒ CHƠI ĐIỆN TỬ G1 TRÊN MẠNG,2019-10-24,Giấy phép (ABEI),1774/QĐ-BTTTT,invalid,https://giayphep.abei.gov.vn/
chuanhan.vn,CÔNG TY CỔ PHẦN ALIVE ENTERTAINMENT,QUYẾT ĐỊNH PHÁT HÀNH TRÒ CHƠI ĐIỆN TỬ G1 TRÊN MẠNG,2019-12-03,Giấy phép (ABEI),2101/QĐ-BTTTT,valid,https://giayphep.abei.gov.vn/
chuanoi.music,Công ty TNHH Vietnam Music Award,"MXH - Cá nhân, tổ chức",,Giấy phép (TVPL PDF),,valid,
chuberong.teamobi.com.vn,CÔNG TY TNHH TEAMOBI,QUYẾT ĐỊNH PHÁT HÀNH TRÒ CHƠI ĐIỆN TỬ G1 TRÊN MẠNG,2016-01-18,Giấy phép (ABEI),70/QĐ-BTTTT,invalid,https://giayphep.abei.gov.vn/
chucongchaydi.cmn.vn,CÔNG TY CỔ PHẦN TRỰC TUYẾN CMN VIỆT NAM ,QUYẾT ĐỊNH PHÁT HÀNH TRÒ CHƠI ĐIỆN TỬ G1 TRÊN MẠNG,2026-02-06,Giấy phép (ABEI),57/QĐ-PTTH&TTĐT,valid,https://giayphep.abei.gov.vn/
chucongchaydi.vn,CÔNG TY CỔ PHẦN TRỰC TUYẾN CMN VIỆT NAM ,QUYẾT ĐỊNH PHÁT HÀNH TRÒ CHƠI ĐIỆN TỬ G1 TRÊN MẠNG,2026-02-06,Giấy phép (ABEI),57/QĐ-PTTH&TTĐT,valid,https://giayphep.abei.gov.vn/
chudu24.vn,CÔNG TY CỔ PHẦN DỊCH VỤ CHU DU HAI BỐN,Website - Trang TTĐT tổng hợp,,Giấy phép (TVPL PDF),,valid,
chungkhoanvietnam.net.vn,Tạp chí Chứng khoán,Website - Trang TTĐT tổng hợp,,Giấy phép (TVPL PDF),,valid,
chungsuc.dongtay,Công ty cổ phần VieNETWORK,"MXH - Cá nhân, tổ chức",,Giấy phép (TVPL PDF),,valid,
chuongmon.sohagame.vn,CÔNG TY TNHH SOHA ,QUYẾT ĐỊNH PHÁT HÀNH TRÒ CHƠI ĐIỆN TỬ G1 TRÊN MẠNG,2025-06-24,Giấy phép (ABEI),279/QĐ-PTTH&TTĐT,invalid,https://giayphep.abei.gov.vn/
chuongvangvongco.htv,Đài Truyền hình Thành phố Hồ Chí Minh,MXH - Đài Phát thanh Truyền hình,,Giấy phép (TVPL PDF),,valid,
chuthapdotphcm.org.vn,Hội Chữ thập đỏ,Website - Trang TTĐT tổng hợp,,Giấy phép (TVPL PDF),,valid,
chuthapdoyenbai.org.vn,HỘI CHỮ THẬP ĐỎ TỈNH YÊN BÁI,GIẤY PHÉP THIẾT LẬP TRANG THÔNG TIN ĐIỆN TỬ TỔNG HỢP,2013-08-08,Giấy phép (ABEI),105/GP-TTĐT,invalid,https://giayphep.abei.gov.vn/
chuthuatdaichien.vn,CÔNG TY TNHH VMGE,QUYẾT ĐỊNH PHÁT HÀNH TRÒ CHƠI ĐIỆN TỬ G1 TRÊN MẠNG,2024-10-21,Giấy phép (ABEI),1806/QĐ-BTTTT,valid,https://giayphep.abei.gov.vn/
chuyen0h.vn,Tổng Công ty Truyền thông,Website - Trang TTĐT tổng hợp,,Giấy phép (TVPL PDF),,valid,
chuyen4phuong.vn,CÔNG TY CỔ PHẦN MEDIA HỒNG ĐỨC,GIẤY PHÉP CUNG CẤP DỊCH VỤ MẠNG XÃ HỘI,2021-01-07,Giấy phép (ABEI),09/GP-BTTTT,valid,https://giayphep.abei.gov.vn/
chuyenchiem.vn,Công ty TNHH Truyền thông Chuyện,Website - Trang TTĐT tổng hợp,,Giấy phép (TVPL PDF),,valid,
chuyendoiso.backan.gov.vn,SỞ THÔNG TIN VÀ TRUYỀN THÔNG BẮC KẠN,GIẤY PHÉP THIẾT LẬP TRANG THÔNG TIN ĐIỆN TỬ TỔNG HỢP,2023-08-11,Giấy phép (ABEI),127/GP-TTĐT,valid,https://giayphep.abei.gov.vn/
chuyendoiso.haiduong.gov.vn,SỞ THÔNG TIN VÀ TRUYỀN THÔNG HẢI DƯƠNG,GIẤY PHÉP THIẾT LẬP TRANG THÔNG TIN ĐIỆN TỬ TỔNG HỢP,2024-12-12,Giấy phép (ABEI),302/GP-TTĐT,valid,https://giayphep.abei.gov.vn/
chuyendoiso.hochiminhcity,Trung tâm Công nghệ thông tin và Truyền thông TPHCM,Website - Trang TTĐT tổng hợp,,Giấy phép (TVPL PDF),,valid,
chuyendong247.vn,Công ty Cổ phần Trường Tiền MEDIA,Website - Trang TTĐT tổng hợp,,Giấy phép (TVPL PDF),,valid,
chuyendongthitruong.vn,Công ty TNHH TM Hưng An Phú,Website - Trang TTĐT tổng hợp,,Giấy phép (TVPL PDF),,valid,
chuyeneva.vn,CÔNG TY TNHH THƯƠNG MẠI VÀ TRUYỀN THÔNG PHƯƠNG NAM,GIẤY PHÉP CUNG CẤP DỊCH VỤ MẠNG XÃ HỘI,2019-10-28,Giấy phép (ABEI),456/GP-BTTTT,valid,https://giayphep.abei.gov.vn/
chuyenkhoagan.vn,Công ty TNHH Nhất Nhất,Website - Trang TTĐT tổng hợp,,Giấy phép (TVPL PDF),,valid,
chuyenkhoanoitiettonu.vn,Công ty TNHH Nhất Nhất,Website - Trang TTĐT tổng hợp,,Giấy phép (TVPL PDF),,valid,
chuyenkhoaxuongkhop.vn,Công ty TNHH Nhất Nhất,Website - Trang TTĐT tổng hợp,,Giấy phép (TVPL PDF),,valid,
chuyennhanong.net.vn,Công ty TNHH Đầu tư Phát triển Nông nghiệp Công nghệ cao Lâm Viên (http://chuyennhanong.net),Website - Trang TTĐT tổng hợp,,Giấy phép (TVPL PDF),,valid,
chuyennong24h.vn,CÔNG TY TNHH TRUYỀN HÌNH CÁP SAIGONTOURIST,Website - Trang TTĐT tổng hợp,,Giấy phép (TVPL PDF),,valid,
chuyenshowbiz.vn,Công ty TNHH Truyền thông Khang Tín,Website - Trang mạng xã hội,,Giấy phép (TVPL PDF),,valid,
cigame.vn,CÔNG TY CỔ PHẦN CENTECH INTERACTIVE,"GIẤY XÁC NHẬN THÔNG BÁO PHÁT HÀNH TRÒ CHƠI ĐIỆN TỬ G2,G3,G4",2018-08-30,Giấy phép (ABEI),220/GXN-PTTH&TTĐT,valid,https://giayphep.abei.gov.vn/
cimeico.vn,Công ty Cổ phần môi giới bảo hiểm CIMEICO,Website - Trang TTĐT tổng hợp,,Giấy phép (TVPL PDF),,valid,
cimeico.com.vn,Công ty Cổ phần môi giới bảo hiểm CIMEICO,Website - Trang TTĐT tổng hợp,,Giấy phép (TVPL PDF),,valid,
cimeicogroup.com,Công ty Cổ phần môi giới bảo hiểm CIMEICO,Website - Trang TTĐT tổng hợp,,Giấy phép (TVPL PDF),,valid,
cimeicogroup.vn,Công ty Cổ phần môi giới bảo hiểm CIMEICO,Website - Trang TTĐT tổng hợp,,Giấy phép (TVPL PDF),,valid,
cinema.360mobi.vn,CÔNG TY CỔ PHẦN VNG,QUYẾT ĐỊNH PHÁT HÀNH TRÒ CHƠI ĐIỆN TỬ G1 TRÊN MẠNG,2019-03-29,Giấy phép (ABEI),483/QĐ-BTTTT,invalid,https://giayphep.abei.gov.vn/
cis.org.vn,TRUNG TÂM NGHIÊN CỨU ẤN ĐỘ,GIẤY PHÉP THIẾT LẬP TRANG THÔNG TIN ĐIỆN TỬ TỔNG HỢP,2019-04-02,Giấy phép (ABEI),58/GP-TTĐT,valid,https://giayphep.abei.gov.vn/
cityhunter.vn,CÔNG TY TNHH SOHA,QUYẾT ĐỊNH PHÁT HÀNH TRÒ CHƠI ĐIỆN TỬ G1 TRÊN MẠNG,2024-01-30,Giấy phép (ABEI),99/QĐ-BTTTT,valid,https://giayphep.abei.gov.vn/
ck.dzogame.vn,CÔNG TY TNHH CHÂU Á MỀM,QUYẾT ĐỊNH PHÁT HÀNH TRÒ CHƠI ĐIỆN TỬ G1 TRÊN MẠNG,2021-01-21,Giấy phép (ABEI),74 /QĐ-BTTTT,valid,https://giayphep.abei.gov.vn/
click49.net.vn,Công ty TNHH Truyền thông và Quảng cáo (click47.net.vn),Website - Trang mạng xã hội,,Giấy phép (TVPL PDF),,valid,
click49.net,Công ty TNHH Truyền thông và Quảng cáo (click47.net.vn),Website - Trang mạng xã hội,,Giấy phép (TVPL PDF),,valid,
www.click49.net,CÔNG TY TNHH TRUYỀN THÔNG VÀ QUẢNG CÁO ĐỊA ĐIỂM VIỆT,GIẤY PHÉP CUNG CẤP DỊCH VỤ MẠNG XÃ HỘI,2020-11-24,Giấy phép (ABEI),544/GP-BTTTT,valid,https://giayphep.abei.gov.vn/
clickvn.vn,CÔNG TY CỔ PHẦN CLICK VIỆT NAM,GIẤY PHÉP CUNG CẤP DỊCH VỤ MẠNG XÃ HỘI,2020-11-17,Giấy phép (ABEI),527/GP-BTTTT,valid,https://giayphep.abei.gov.vn/
clingme.vn,Công ty Cổ phần GiGatum Việt Nam,Website - Trang mạng xã hội,,Giấy phép (TVPL PDF),,valid,
clip-hay.vn,Công ty Cổ phần Đầu tư GMEDIA,Website - Trang TTĐT tổng hợp,,Giấy phép (TVPL PDF),,valid,
clip.vn,Công ty Cổ phần Bạch Minh,Website - Trang mạng xã hội,,Giấy phép (TVPL PDF),,valid,
clip24.vn,Công ty Cổ phần Truyền số liệu Việt Nam,Website - Trang mạng xã hội,,Giấy phép (TVPL PDF),,valid,
clip24h.mobi,Công ty Cổ phần Skynet Việt Nam,Website - Trang mạng xã hội,,Giấy phép (TVPL PDF),,valid,
www.phimhay365.vn,CÔNG TY CỔ PHẦN SKYNET VIỆT NAM,GIẤY PHÉP CUNG CẤP DỊCH VỤ MẠNG XÃ HỘI,2017-03-09,Giấy phép (ABEI),101/GP-BTTTT,valid,https://giayphep.abei.gov.vn/
clip360.vn,Công ty cổ phần Đầu tư Kinh doanh sáng tạo Việt,Website - Trang mạng xã hội,,Giấy phép (TVPL PDF),,valid,
clipanninhhinhsu.com.vn,Công ty Cổ phần Đầu tư GMEDIA,Website - Trang TTĐT tổng hợp,,Giấy phép (TVPL PDF),,valid,
clipbox.vn,Công ty Cổ phần Công nghệ và Truyền thông Roza Việt Nam,Website - Trang mạng xã hội,,Giấy phép (TVPL PDF),,valid,
clipgioitre.vn,Công ty cổ phần Công nghệ và Truyền thông ATC Việt Nam,Website - Trang mạng xã hội,,Giấy phép (TVPL PDF),,valid,
cliphay.vn,Công ty TNHH Giải trí và truyền thông online Việt Nam,Website - Trang TTĐT tổng hợp,,Giấy phép (TVPL PDF),,valid,
clipmobile.vn,Công ty Cổ phần Quang Minh INVEST,Website - Trang TTĐT tổng hợp,,Giấy phép (TVPL PDF),,valid,
clipshowbiz.com.vn,Công ty Cổ phần NetIT,Website - Trang TTĐT tổng hợp,,Giấy phép (TVPL PDF),,valid,
clipstore.vn,Công ty Cổ phần Mobi-One,Website - Trang TTĐT tổng hợp,,Giấy phép (TVPL PDF),,valid,
clipthoisu24h.com.vn,Công ty Cổ phần NetIT,Website - Trang TTĐT tổng hợp,,Giấy phép (TVPL PDF),,valid,
clipzone.vn,Công ty Cổ phần M-Mobile,Website - Trang TTĐT tổng hợp,,Giấy phép (TVPL PDF),,valid,
m-clip.vn,Công ty Cổ phần M-Mobile,Website - Trang TTĐT tổng hợp,,Giấy phép (TVPL PDF),,valid,
closervn.9.com.vn,CÔNG TY TNHH GIẢI TRÍ N9,QUYẾT ĐỊNH PHÁT HÀNH TRÒ CHƠI ĐIỆN TỬ G1 TRÊN MẠNG,2019-11-19,Giấy phép (ABEI),1968  /QĐ-BTTTT,valid,https://giayphep.abei.gov.vn/
cloudfield.boardcraftonline.vn,CÔNG TY TNHH ZINGPLAY VIỆT NAM,QUYẾT ĐỊNH PHÁT HÀNH TRÒ CHƠI ĐIỆN TỬ G1 TRÊN MẠNG,2024-08-02,Giấy phép (ABEI),1299/QĐ-BTTTT,valid,https://giayphep.abei.gov.vn/
cloudsong.zing.vn,CÔNG TY CỔ PHẦN VNG,QUYẾT ĐỊNH PHÁT HÀNH TRÒ CHƠI ĐIỆN TỬ G1 TRÊN MẠNG,2025-06-20,Giấy phép (ABEI),259/QĐ-PTTH&TTĐT,invalid,https://giayphep.abei.gov.vn/
cloverknights.vgplay.vn,CÔNG TY CỔ PHẦN VGP,QUYẾT ĐỊNH PHÁT HÀNH TRÒ CHƠI ĐIỆN TỬ G1 TRÊN MẠNG,2022-03-11,Giấy phép (ABEI),423 /QĐ-BTTTT,valid,https://giayphep.abei.gov.vn/
clpl.vn,Công ty TNHH Truyền thông Công lý Việt Nam,Website - Trang TTĐT tổng hợp,,Giấy phép (TVPL PDF),,valid,
cltq.gosu.vn,CÔNG TY CỔ PHẦN TRỰC TUYẾN GOSU,QUYẾT ĐỊNH PHÁT HÀNH TRÒ CHƠI ĐIỆN TỬ G1 TRÊN MẠNG,2020-12-17,Giấy phép (ABEI),2237 /QĐ-BTTTT,valid,https://giayphep.abei.gov.vn/
cltt.gamota.com,CÔNG TY CỔ PHẦN GAMOTA,QUYẾT ĐỊNH PHÁT HÀNH TRÒ CHƠI ĐIỆN TỬ G1 TRÊN MẠNG,2018-04-10,Giấy phép (ABEI),521/QĐ-BTTTT,valid,https://giayphep.abei.gov.vn/
cmatict.vn,Công ty Cổ phần Cmatict,QUYẾT ĐỊNH PHÁT HÀNH TRÒ CHƠI ĐIỆN TỬ G1 TRÊN MẠNG,2026-07-17,Giấy phép (ABEI),428/QĐ-PTTH&TTĐT,valid,https://giayphep.abei.gov.vn/
cmce.vn,CÔNG TY TNHH SÁNG TẠO VÀ GIẢI TRÍ CMCE,"GIẤY XÁC NHẬN THÔNG BÁO PHÁT HÀNH TRÒ CHƠI ĐIỆN TỬ G2,G3,G4",2022-04-08,Giấy phép (ABEI),30/GXN-PTTH&TTĐT,valid,https://giayphep.abei.gov.vn/
cmn.com.vn,CÔNG TY CỔ PHẦN DỊCH VỤ DI ĐỘNG CMN,QUYẾT ĐỊNH PHÁT HÀNH TRÒ CHƠI ĐIỆN TỬ G1 TRÊN MẠNG,2019-07-18,Giấy phép (ABEI),1089/QĐ-BTTTT,valid,https://giayphep.abei.gov.vn/
cmn.vn,CÔNG TY CỔ PHẦN TRỰC TUYẾN CMN VIỆT NAM,QUYẾT ĐỊNH PHÁT HÀNH TRÒ CHƠI ĐIỆN TỬ G1 TRÊN MẠNG,2021-10-13,Giấy phép (ABEI),1590/QĐ-BTTTT,invalid,https://giayphep.abei.gov.vn/
cmplay.vn,CÔNG TY CỔ PHẦN THƯƠNG MẠI DỊCH VỤ CÔNG NGHỆ CMTECH ,QUYẾT ĐỊNH PHÁT HÀNH TRÒ CHƠI ĐIỆN TỬ G1 TRÊN MẠNG,2026-02-13,Giấy phép (ABEI),95/QĐ-PTTH&TTĐT,valid,https://giayphep.abei.gov.vn/
cmsc.gov.vn,TRUNG TÂM THÔNG TIN - ỦY BAN QUẢN LÝ VỐN NHÀ NƯỚC TẠI DOANH NGHIỆP,GIẤY PHÉP THIẾT LẬP TRANG THÔNG TIN ĐIỆN TỬ TỔNG HỢP,2019-07-26,Giấy phép (ABEI),132/GP-TTĐT,valid,https://giayphep.abei.gov.vn/
cn.baohaiphong.com.vn,Báo Hải Phòng,"Website - Báo, tạp chí điện tử",,Giấy phép (TVPL PDF),,valid,
cn.cand.com.vn,Báo Công an nhân dân,"Website - Báo, tạp chí điện tử",,Giấy phép (TVPL PDF),,valid,
cn.nhanhdan.org.vn,Báo Nhân dân,"Website - Báo, tạp chí điện tử",,Giấy phép (TVPL PDF),,valid,
cn.qdnd.vn,"Báo Quân đội nhân dân,","Website - Báo, tạp chí điện tử",,Giấy phép (TVPL PDF),,valid,
la.qdnd.vn,"Báo Quân đội nhân dân,","Website - Báo, tạp chí điện tử",,Giấy phép (TVPL PDF),,valid,
cngcntt.hanoi.gov.vn,Trung tâm giao dịch công nghệ thông tin và truyền thông Hà Nội,Website - Trang TTĐT tổng hợp,,Giấy phép (TVPL PDF),,valid,
cns.goplay.vn,CÔNG TY CỔ PHẦN VTC TRUYỀN THÔNG TRỰC TUYẾN,QUYẾT ĐỊNH PHÁT HÀNH TRÒ CHƠI ĐIỆN TỬ G1 TRÊN MẠNG,2025-11-11,Giấy phép (ABEI),503/QĐ-PTTH&TTĐT,valid,https://giayphep.abei.gov.vn/
co-opbank.vn,NGÂN HÀNG HỢP TÁC XÃ VIỆT NAM,GIẤY PHÉP THIẾT LẬP TRANG THÔNG TIN ĐIỆN TỬ TỔNG HỢP,2020-07-08,Giấy phép (ABEI),113/GP-TTĐT,valid,https://giayphep.abei.gov.vn/
coaydep.vn,Công ty cổ phần truyền hình thực tế HDTV Việt Nam,Website - Trang mạng xã hội,,Giấy phép (TVPL PDF),,valid,
cocangua.zingplay.com,Công ty TNHH ZingPlay Việt Nam,QUYẾT ĐỊNH PHÁT HÀNH TRÒ CHƠI ĐIỆN TỬ G1 TRÊN MẠNG,2025-10-30,Giấy phép (ABEI),482/QĐ-PTTH&TTĐT,invalid,https://giayphep.abei.gov.vn/
cocangua2.zingplay.com,Công ty TNHH ZingPlay Việt Nam,QUYẾT ĐỊNH PHÁT HÀNH TRÒ CHƠI ĐIỆN TỬ G1 TRÊN MẠNG,2026-05-27,Giấy phép (ABEI),281/QĐ-PTTH&TTĐT,valid,https://giayphep.abei.gov.vn/
coccoc.vn,Công ty TNHH Cốc Cốc,Website - Trang TTĐT tổng hợp,,Giấy phép (TVPL PDF),,valid,
coccoc.com,Công ty TNHH Cốc Cốc,Website - Trang TTĐT tổng hợp,,Giấy phép (TVPL PDF),,valid,
cocolive.vn,Công ty CP truyền thông và công nghệ Win,Website - Trang mạng xã hội,,Giấy phép (TVPL PDF),,valid,
cocolive.com.vn,Công ty CP truyền thông và công nghệ Win,Website - Trang mạng xã hội,,Giấy phép (TVPL PDF),,valid,
cocvang.vn,CÔNG TY CỔ PHẦN SMARTSCALE,QUYẾT ĐỊNH PHÁT HÀNH TRÒ CHƠI ĐIỆN TỬ G1 TRÊN MẠNG,2019-08-01,Giấy phép (ABEI),1173/QĐ-BTTTT,valid,https://giayphep.abei.gov.vn/
codm.360mobi.vn,CÔNG TY CỔ PHẦN VNG,QUYẾT ĐỊNH PHÁT HÀNH TRÒ CHƠI ĐIỆN TỬ G1 TRÊN MẠNG,2020-01-14,Giấy phép (ABEI),55/QĐ-BTTTT,invalid,https://giayphep.abei.gov.vn/
codongnho.vn,Công ty TNHH Đầu tư Việt Nhân,Website - Trang mạng xã hội,,Giấy phép (TVPL PDF),,valid,
cohan.vn,CÔNG TY CỔ PHẦN GIẢI PHÁP SỐ VISION NETWORK VIỆT NAM,QUYẾT ĐỊNH PHÁT HÀNH TRÒ CHƠI ĐIỆN TỬ G1 TRÊN MẠNG,2025-02-25,Giấy phép (ABEI),58/QĐ-PTTH&TTĐT,valid,https://giayphep.abei.gov.vn/
cohoidautu.vn,Công ty TNHH Thông tin và Dữ liệu IOT,Website - Trang TTĐT tổng hợp,,Giấy phép (TVPL PDF),,valid,
cohoigiaothuong.com.vn,Báo Công Thương,"Website - Báo, tạp chí điện tử",,Giấy phép (TVPL PDF),,valid,
cohoigiaothuong.vn,Công ty Cổ phần giải pháp thị trường và truyền thông MS,Website - Trang TTĐT tổng hợp,,Giấy phép (TVPL PDF),,valid,
coi.hhgame.vn,CÔNG TY CỔ PHẦN PHÁT TRIỂN CÔNG NGHỆ SỐ HỒNG HÀ,QUYẾT ĐỊNH PHÁT HÀNH TRÒ CHƠI ĐIỆN TỬ G1 TRÊN MẠNG,2023-05-30,Giấy phép (ABEI),909/QĐ-BTTTT,valid,https://giayphep.abei.gov.vn/
coinguon.vn,CÔNG TY TNHH ĐẦU TƯ VÀ PHÁT TRIỂN THƯƠNG MẠI TUẤN TÚ,GIẤY PHÉP CUNG CẤP DỊCH VỤ MẠNG XÃ HỘI,2021-05-18,Giấy phép (ABEI),285/GP-BTTTT,valid,https://giayphep.abei.gov.vn/
cok.100d.mobi,CÔNG TY CỔ PHẦN GIẢI TRÍ 100 ĐỘ,QUYẾT ĐỊNH PHÁT HÀNH TRÒ CHƠI ĐIỆN TỬ G1 TRÊN MẠNG,2019-12-20,Giấy phép (ABEI),2230/QĐ-BTTTT,invalid,https://giayphep.abei.gov.vn/
cokhivietnam.vn,Tạp chí Cơ khí Việt Nam,"Website - Báo, tạp chí điện tử",,Giấy phép (TVPL PDF),,valid,
tapchicokhi.vn,TẠP CHÍ CƠ KHÍ VIỆT NAM,GIẤY PHÉP THIẾT LẬP TRANG THÔNG TIN ĐIỆN TỬ TỔNG HỢP,2017-07-20,Giấy phép (ABEI),242/GP-TTĐT,valid,https://giayphep.abei.gov.vn/
cokiem.vn,CÔNG TY TNHH SOHA,QUYẾT ĐỊNH PHÁT HÀNH TRÒ CHƠI ĐIỆN TỬ G1 TRÊN MẠNG,2019-12-05,Giấy phép (ABEI),2124/QĐ-BTTTT,valid,https://giayphep.abei.gov.vn/
colongkiem.vn,CÔNG TY CỔ PHẦN VTC DỊCH VỤ DI ĐỘNG,QUYẾT ĐỊNH PHÁT HÀNH TRÒ CHƠI ĐIỆN TỬ G1 TRÊN MẠNG,2022-01-24,Giấy phép (ABEI),112/QĐ-BTTTT,invalid,https://giayphep.abei.gov.vn/
colongquanhiep.vn,CÔNG TY TNHH SOHA,QUYẾT ĐỊNH PHÁT HÀNH TRÒ CHƠI ĐIỆN TỬ G1 TRÊN MẠNG,2018-12-11,Giấy phép (ABEI),2127/QĐ-BTTTT,valid,https://giayphep.abei.gov.vn/
colorbang.oeg.vn,CÔNG TY CỔ PHẦN TẬP ĐOÀN GIẢI TRÍ ĐẠI DƯƠNG,QUYẾT ĐỊNH PHÁT HÀNH TRÒ CHƠI ĐIỆN TỬ G1 TRÊN MẠNG,2025-01-24,Giấy phép (ABEI),110/QĐ-BTTTT,valid,https://giayphep.abei.gov.vn/
colorfullife.vn,CÔNG TY TNHH TRUYỀN THÔNG VÀ GIẢI TRÍ EMERALD,GIẤY PHÉP CUNG CẤP DỊCH VỤ MẠNG XÃ HỘI,2021-04-26,Giấy phép (ABEI),229/GP-BTTTT,valid,https://giayphep.abei.gov.vn/
comewithme.vn,CÔNG TY TNHH 1 BA NĂM BẢY,GIẤY PHÉP CUNG CẤP DỊCH VỤ MẠNG XÃ HỘI,2020-12-22,Giấy phép (ABEI),615/GP-BTTTT,valid,https://giayphep.abei.gov.vn/
community.samsungmembe,Cấp Công ty TNHH Samsung Electronics Việt Nam Thái Nguyên,Website - Trang mạng xã hội,,Giấy phép (TVPL PDF),,valid,
community.samsungmembers.vn,CÔNG TY TNHH SAMSUNG ELECTRONICS VIỆT NAM THÁI NGUYÊN,GIẤY PHÉP CUNG CẤP DỊCH VỤ MẠNG XÃ HỘI,2019-10-28,Giấy phép (ABEI),466/GP-BTTTT,valid,https://giayphep.abei.gov.vn/
congan.hanoi.gov.vn,Công an Thành phố Hà Nội,Website - Trang TTĐT tổng hợp,,Giấy phép (TVPL PDF),,valid,
congan.longan.gov.vn,CÔNG AN TỈNH LONG AN,GIẤY PHÉP THIẾT LẬP TRANG THÔNG TIN ĐIỆN TỬ TỔNG HỢP,2020-08-04,Giấy phép (ABEI),133/GP-TTĐT,invalid,https://giayphep.abei.gov.vn/
conganlongan.gov.vn,CÔNG AN TỈNH LONG AN,GIẤY PHÉP THIẾT LẬP TRANG THÔNG TIN ĐIỆN TỬ TỔNG HỢP,2013-08-22,Giấy phép (ABEI),116/GP-TTĐT,invalid,https://giayphep.abei.gov.vn/
congchung.gov.vn,PHÒNG CÔNG CHỨNG SỐ 1,Website - Trang TTĐT tổng hợp,,Giấy phép (TVPL PDF),,valid,
congdankhuyenhoc.vn,Tạp chí Công dân và Khuyến học,"Website - Báo, tạp chí điện tử",,Giấy phép (TVPL PDF),,valid,
congdanphapluat.vn,Công ty cổ phần truyền thông HT (congdanvaphapluat. vn; congdanphapluat. vn),Website - Trang mạng xã hội,,Giấy phép (TVPL PDF),,valid,
congdanvaphapluat.vn,Công ty cổ phần truyền thông HT (congdanvaphapluat. vn; congdanphapluat. vn),Website - Trang mạng xã hội,,Giấy phép (TVPL PDF),,valid,
congdoan.vn,TỔNG LIÊN ĐOÀN LAO ĐỘNG VIỆT NAM,GIẤY PHÉP THIẾT LẬP TRANG THÔNG TIN ĐIỆN TỬ TỔNG HỢP,2016-11-17,Giấy phép (ABEI),213/GP-TTĐT,valid,https://giayphep.abei.gov.vn/
congdoan.vnpt.vn,CÔNG ĐOÀN BƯU CHÍNH VIỄN THÔNG VIỆT NAM,GIẤY PHÉP THIẾT LẬP TRANG THÔNG TIN ĐIỆN TỬ TỔNG HỢP,2015-09-08,Giấy phép (ABEI),133/GP-TTĐT,valid,https://giayphep.abei.gov.vn/
congdoancaosu.vn,CÔNG ĐOÀN CAO SU VIỆT NAM,GIẤY PHÉP THIẾT LẬP TRANG THÔNG TIN ĐIỆN TỬ TỔNG HỢP,2017-09-20,Giấy phép (ABEI),299/GP-TTĐT,invalid,https://giayphep.abei.gov.vn/
congdoandaukhi.vn,CÔNG ĐOÀN DẦU KHÍ VIỆT NAM,GIẤY PHÉP THIẾT LẬP TRANG THÔNG TIN ĐIỆN TỬ TỔNG HỢP,2016-10-06,Giấy phép (ABEI),109/GPSĐBS-TTĐT,invalid,https://giayphep.abei.gov.vn/
congdoandetmay.vn,CÔNG ĐOÀN DỆT MAY VIỆT NAM,GIẤY PHÉP THIẾT LẬP TRANG THÔNG TIN ĐIỆN TỬ TỔNG HỢP,2018-03-28,Giấy phép (ABEI),64/GP-TTĐT,valid,https://giayphep.abei.gov.vn/
congdoandlvn.org.vn,CÔNG ĐOÀN ĐIỆN LỰC VIỆT NAM,GIẤY PHÉP THIẾT LẬP TRANG THÔNG TIN ĐIỆN TỬ TỔNG HỢP,2021-04-02,Giấy phép (ABEI),55/GP-TTĐT,valid,https://giayphep.abei.gov.vn/
congdoannongnghiep.org.vn,CÔNG ĐOÀN NÔNG NGHIỆP VÀ PHÁT TRIỂN NÔNG THÔN VIỆT NAM,GIẤY PHÉP THIẾT LẬP TRANG THÔNG TIN ĐIỆN TỬ TỔNG HỢP,2024-12-27,Giấy phép (ABEI),327/GP-TTĐT,valid,https://giayphep.abei.gov.vn/
congdoanquangninh.org.vn,LIÊN ĐOÀN LAO ĐỘNG TỈNH QUẢNG NINH,GIẤY PHÉP THIẾT LẬP TRANG THÔNG TIN ĐIỆN TỬ TỔNG HỢP,2013-01-17,Giấy phép (ABEI),07/GP-TTĐT,invalid,https://giayphep.abei.gov.vn/
congdoantkv.vn,CÔNG ĐOÀN THAN - KHOÁNG SẢN VIỆT NAM,GIẤY PHÉP THIẾT LẬP TRANG THÔNG TIN ĐIỆN TỬ TỔNG HỢP,2017-02-27,Giấy phép (ABEI),75/GP-TTĐT,valid,https://giayphep.abei.gov.vn/
congdong.adayroi.net,Công ty Cổ phần Dịch vụ Thương mại tổng hợp Vincommerce,Website - Trang mạng xã hội,,Giấy phép (TVPL PDF),,valid,
congdong.vietid.net,Công ty Cổ phần Vccorp,Website - Trang mạng xã hội,,Giấy phép (TVPL PDF),,valid,
congdongadayroi.vn,Công ty Cổ phần Dịch vụ Thương mại tổng hợp Vincommerce,Website - Trang mạng xã hội,,Giấy phép (TVPL PDF),,valid,
congdongdansinh.vn,Công ty cổ phần Truyền thông Dân sinh Việt Nam,Website - Trang mạng xã hội,,Giấy phép (TVPL PDF),,valid,
congdongketoan.vn,CÔNG TY TNHH BCTC,GIẤY PHÉP CUNG CẤP DỊCH VỤ MẠNG XÃ HỘI,2021-05-07,Giấy phép (ABEI),251/GP-BTTTT,valid,https://giayphep.abei.gov.vn/
congdongmang.com.vn,CÔNG TY VTC CÔNG NGHỆ VÀ NỘI DUNG SỐ,GIẤY PHÉP CUNG CẤP DỊCH VỤ MẠNG XÃ HỘI,2019-01-15,Giấy phép (ABEI),20/GP-BTTTT,invalid,https://giayphep.abei.gov.vn/
congdongmang.net.vn,Công ty VTC Intercom (congdongmang.vn),Website - Trang mạng xã hội,,Giấy phép (TVPL PDF),,valid,
congdongmoigioi.vn,cho Công ty TNHH cộng đồng môi giới;,Website - Trang mạng xã hội,,Giấy phép (TVPL PDF),,valid,
congdongmxh.vn,CÔNG TY TNHH TRUYỀN THÔNG NETCUT,GIẤY PHÉP CUNG CẤP DỊCH VỤ MẠNG XÃ HỘI,2022-01-24,Giấy phép (ABEI),38/GP-BTTTT,valid,https://giayphep.abei.gov.vn/
congdongphapluat.vn,BÁO PHÁP LUẬT VIỆT NAM,GIẤY PHÉP CUNG CẤP DỊCH VỤ MẠNG XÃ HỘI,2020-07-07,Giấy phép (ABEI),285/GP-BTTTT,valid,https://giayphep.abei.gov.vn/
congdongplus.vn,CÔNG TY TNHH TẬP ĐOÀN T82,GIẤY PHÉP CUNG CẤP DỊCH VỤ MẠNG XÃ HỘI,2020-01-07,Giấy phép (ABEI),05/GP-BTTTT,valid,https://giayphep.abei.gov.vn/
congdongtieudung.vn,Công ty TNHH Quảng cáo Truyền thông Lam Sơn TH,Website - Trang TTĐT tổng hợp,,Giấy phép (TVPL PDF),,valid,
congdongxaydung.vn,Công ty TNHH Đầu tư - Tư vấn - Xây dựng,Website - Trang mạng xã hội,,Giấy phép (TVPL PDF),,valid,
conggiaitri.vn,Công ty Cổ phần STECH Việt Nam,Website - Trang TTĐT tổng hợp,,Giấy phép (TVPL PDF),,valid,
conghien.thethaovanhoa.vn,Báo Thể thao và Văn hóa,"Website - Báo, tạp chí điện tử",,Giấy phép (TVPL PDF),,valid,
congioilam.com,Công ty TNHH Sản xuất và Dịch vụ Sao Đỏ,Website - Trang mạng xã hội,,Giấy phép (TVPL PDF),,valid,
congioilam.vn,Công ty TNHH Sản xuất và Dịch vụ Sao Đỏ,Website - Trang mạng xã hội,,Giấy phép (TVPL PDF),,valid,
congluan.vn,Báo Nhà báo và Công luận,"Website - Báo, tạp chí điện tử",,Giấy phép (TVPL PDF),,valid,
congly.vn,Báo Công lý,"Website - Báo, tạp chí điện tử",,Giấy phép (TVPL PDF),,valid,
conglyxahoi.net.vn,Báo Công lý,"Website - Báo, tạp chí điện tử",,Giấy phép (TVPL PDF),,valid,
congnghesinhhoc.com.vn,Vụ Khoa học và Công nghệ (Bộ Công thương),Website - Trang TTĐT tổng hợp,,Giấy phép (TVPL PDF),,valid,
congnghesuckhoe.com,Viện Công nghệ và Sức khỏe,Website - Trang TTĐT tổng hợp,,Giấy phép (TVPL PDF),,valid,
congnghesuckhoe.com.vn,Viện Công nghệ và Sức khỏe,Website - Trang TTĐT tổng hợp,,Giấy phép (TVPL PDF),,valid,
congnghesuckhoe.vn,Viện Công nghệ và Sức khỏe,Website - Trang TTĐT tổng hợp,,Giấy phép (TVPL PDF),,valid,
congnghetoanphat.vn,Công ty TNHH Công nghệ Toàn Phát,Website - Trang TTĐT tổng hợp,,Giấy phép (TVPL PDF),,valid,
congnghevadoisong.vn,TẠP CHÍ TIN HỌC VÀ ĐỜI SỐNG,GIẤY PHÉP THIẾT LẬP TRANG THÔNG TIN ĐIỆN TỬ TỔNG HỢP,2019-10-31,Giấy phép (ABEI),207/GP-TTĐT,invalid,https://giayphep.abei.gov.vn/
congnghiepcongnghecao.co,Vụ Khoa học và Công nghệ (Bộ Công thương),Website - Trang TTĐT tổng hợp,,Giấy phép (TVPL PDF),,valid,
congnghiepcongnghecao.com.vn,VỤ KHOA HỌC VÀ CÔNG NGHỆ,GIẤY PHÉP THIẾT LẬP TRANG THÔNG TIN ĐIỆN TỬ TỔNG HỢP,2018-11-23,Giấy phép (ABEI),295/GP-BTTTT,valid,https://giayphep.abei.gov.vn/
congnghiepcongnghecao.vn,Vụ Khoa học và Công nghệ (Bộ Công thương),Website - Trang TTĐT tổng hợp,,Giấy phép (TVPL PDF),,valid,
congnghiepcongnghesinhhoc.com.vn,VỤ KHOA HỌC VÀ CÔNG NGHỆ,GIẤY PHÉP THIẾT LẬP TRANG THÔNG TIN ĐIỆN TỬ TỔNG HỢP,2018-11-23,Giấy phép (ABEI),294/GP-TTĐT,valid,https://giayphep.abei.gov.vn/
congnghiepdichvu.vn,Công ty TNHH COMMEDIA,Website - Trang TTĐT tổng hợp,,Giấy phép (TVPL PDF),,valid,
congnghiepmoitruong.vn,Tạp chí Công nghiệp môi trường,"Website - Báo, tạp chí điện tử",,Giấy phép (TVPL PDF),,valid,
www.tapchicongnghiepmoitruong.vn,TẠP CHÍ CÔNG NGHIỆP MÔI TRƯỜNG,GIẤY PHÉP THIẾT LẬP TRANG THÔNG TIN ĐIỆN TỬ TỔNG HỢP,2018-08-09,Giấy phép (ABEI),209/GP-TTĐT,invalid,https://giayphep.abei.gov.vn/
congnghieptauthuyvietnam.vn,HỘI KHOA HỌC KỸ THUẬT CÔNG NGHIỆP TÀU THỦY VIỆT NAM,GIẤY PHÉP THIẾT LẬP TRANG THÔNG TIN ĐIỆN TỬ TỔNG HỢP,2017-05-25,Giấy phép (ABEI),174/GP-TTĐT,invalid,https://giayphep.abei.gov.vn/
congnghiepthuongmai.vn,Tạp chí Nghiên cứu Công nghiệp và Thương mại,"Website - Báo, tạp chí điện tử",,Giấy phép (TVPL PDF),,valid,
congnghieptieudung.vn,TẠP CHÍ CÔNG NGHIỆP & TIÊU DÙNG,GIẤY PHÉP THIẾT LẬP TRANG THÔNG TIN ĐIỆN TỬ TỔNG HỢP,2019-03-31,Giấy phép (ABEI),38/GP-TTĐT,invalid,https://giayphep.abei.gov.vn/
congsuckhoe.vn,Công ty TNHH Truyền thông Mạng Sức Khỏe,Website - Trang mạng xã hội,,Giấy phép (TVPL PDF),,valid,
congthanh.gamota.com,CÔNG TY CỔ PHẦN GAMOTA,QUYẾT ĐỊNH PHÁT HÀNH TRÒ CHƠI ĐIỆN TỬ G1 TRÊN MẠNG,2017-08-16,Giấy phép (ABEI),1365/QĐ-BTTTT,valid,https://giayphep.abei.gov.vn/
congthanh.vgplay.vn,CÔNG TY CỔ PHẦN VGP,QUYẾT ĐỊNH PHÁT HÀNH TRÒ CHƠI ĐIỆN TỬ G1 TRÊN MẠNG,2019-01-08,Giấy phép (ABEI),30/QĐ-BTTTT,valid,https://giayphep.abei.gov.vn/
congthanhchien.vn,CÔNG TY TNHH GIẢI TRÍ LONG ĐỈNH,QUYẾT ĐỊNH PHÁT HÀNH TRÒ CHƠI ĐIỆN TỬ G1 TRÊN MẠNG,2016-05-18,Giấy phép (ABEI),813/QĐ-BTTTT,valid,https://giayphep.abei.gov.vn/
congthanhtruyenky.vn,CÔNG TY CỔ PHẦN ACE GAME ,QUYẾT ĐỊNH PHÁT HÀNH TRÒ CHƠI ĐIỆN TỬ G1 TRÊN MẠNG,2025-05-16,Giấy phép (ABEI),179/QĐ-PTTH&TTĐT,valid,https://giayphep.abei.gov.vn/
congthuong.com.vn,Báo Công Thương,"Website - Báo, tạp chí điện tử",,Giấy phép (TVPL PDF),,valid,
congthuong.vn,Báo Công Thương,"Website - Báo, tạp chí điện tử",,Giấy phép (TVPL PDF),,valid,
coniu.vn,Công ty cổ phần NOGA,Website - Trang mạng xã hội,,Giấy phép (TVPL PDF),,valid,
conlatatca.vn,Công ty cổ phần The Plus Company,Website - Trang mạng xã hội,,Giấy phép (TVPL PDF),,valid,
connect.vn,Công ty Cổ phần K-Media,Website - Trang TTĐT tổng hợp,,Giấy phép (TVPL PDF),,valid,
consosukien.vn,Tạp chí Con số và Sự kiện,"Website - Báo, tạp chí điện tử",,Giấy phép (TVPL PDF),,valid,
cooky.vn,CÔNG TY CỔ PHẦN COOKY,GIẤY PHÉP CUNG CẤP DỊCH VỤ MẠNG XÃ HỘI,2017-10-31,Giấy phép (ABEI),540/GP-BTTTT,valid,https://giayphep.abei.gov.vn/
cool.vn,Công ty Cổ phần Dịch vụ Truyền thông DND Việt Nam,Website - Trang mạng xã hội,,Giấy phép (TVPL PDF),,valid,
coolgame.vn,CÔNG TY CỔ PHẦN DỊCH VỤ TRUYỀN THÔNG DND VIỆT NAM,"GIẤY XÁC NHẬN THÔNG BÁO PHÁT HÀNH TRÒ CHƠI ĐIỆN TỬ G2,G3,G4",2020-05-22,Giấy phép (ABEI),70/GXN-PTTH&TTĐT,valid,https://giayphep.abei.gov.vn/
coollive.com,Công ty CP truyền thông và công nghệ Win,Website - Trang mạng xã hội,,Giấy phép (TVPL PDF),,valid,
coollive.com.vn,Công ty CP truyền thông và công nghệ Win,Website - Trang mạng xã hội,,Giấy phép (TVPL PDF),,valid,
coquandieutravkstc.gov.vn,CƠ QUAN ĐIỀU TRA -  VIỆN KIỂM SÁT NHÂN DÂN TỐI CAO,GIẤY PHÉP THIẾT LẬP TRANG THÔNG TIN ĐIỆN TỬ TỔNG HỢP,2017-10-26,Giấy phép (ABEI),321/GP-TTĐT,invalid,https://giayphep.abei.gov.vn/
corer.com.vn,CÔNG TY CỔ PHẦN CÔNG NGHỆ QUỐC TẾ KTS CORER 4.0 GROUP,GIẤY PHÉP CUNG CẤP DỊCH VỤ MẠNG XÃ HỘI,2023-05-15,Giấy phép (ABEI),170/GP-BTTTT,valid,https://giayphep.abei.gov.vn/
corp.weplayz.com,CÔNG TY TNHH PHẦN MỀM WEPLAY ,QUYẾT ĐỊNH PHÁT HÀNH TRÒ CHƠI ĐIỆN TỬ G1 TRÊN MẠNG,2026-04-14,Giấy phép (ABEI),187/QĐ-PTTH&TTĐT,valid,https://giayphep.abei.gov.vn/
corp.wetaps.com,CÔNG TY CỔ PHẦN WETAPS,QUYẾT ĐỊNH PHÁT HÀNH TRÒ CHƠI ĐIỆN TỬ G1 TRÊN MẠNG,2020-09-18,Giấy phép (ABEI),1594/QĐ-BTTTT,valid,https://giayphep.abei.gov.vn/
cosmolife.com.vn,Công ty TNHH Truyền thông và Giải trí COSMOLIFE,Website - Trang TTĐT tổng hợp,,Giấy phép (TVPL PDF),,valid,
cosmolifebusiness.vn,Công ty TNHH Truyền thông và Giải trí COSMOLIFE,Website - Trang TTĐT tổng hợp,,Giấy phép (TVPL PDF),,valid,
cothu.vn,CÔNG TY CỔ PHẦN TRUYỀN THÔNG ĐA PHƯƠNG TIỆN THỦ ĐÔ,QUYẾT ĐỊNH PHÁT HÀNH TRÒ CHƠI ĐIỆN TỬ G1 TRÊN MẠNG,2018-05-25,Giấy phép (ABEI),797/QĐ-BTTTT,valid,https://giayphep.abei.gov.vn/
cotuong.tpplay.vn,CÔNG TY CỔ PHẦN TRUYỀN THÔNG THIÊN PHƯỚC,QUYẾT ĐỊNH PHÁT HÀNH TRÒ CHƠI ĐIỆN TỬ G1 TRÊN MẠNG,2019-12-16,Giấy phép (ABEI),2194/QĐ-BTTTT,invalid,https://giayphep.abei.gov.vn/
cotuong.zagoo.vn,CÔNG TY TNHH ZIE,QUYẾT ĐỊNH PHÁT HÀNH TRÒ CHƠI ĐIỆN TỬ G1 TRÊN MẠNG,2025-06-06,Giấy phép (ABEI),235/QĐ-PTTH&TTĐT,invalid,https://giayphep.abei.gov.vn/
cotuong.zalogames.me,CÔNG TY TNHH ZIE,QUYẾT ĐỊNH PHÁT HÀNH TRÒ CHƠI ĐIỆN TỬ G1 TRÊN MẠNG,2026-07-08,Giấy phép (ABEI),408/QĐ-PTTH&TTĐT,valid,https://giayphep.abei.gov.vn/
cotuong.zingplay.com,Công ty TNHH ZingPlay Việt Nam,QUYẾT ĐỊNH PHÁT HÀNH TRÒ CHƠI ĐIỆN TỬ G1 TRÊN MẠNG,2025-10-30,Giấy phép (ABEI),475/QĐ-PTTH&TTĐT,invalid,https://giayphep.abei.gov.vn/
cotyphu.zagoo.vn,CÔNG TY TNHH ZIE,QUYẾT ĐỊNH PHÁT HÀNH TRÒ CHƠI ĐIỆN TỬ G1 TRÊN MẠNG,2025-06-05,Giấy phép (ABEI),233/QĐ-PTTH&TTĐT,invalid,https://giayphep.abei.gov.vn/
cotyphu.zalogames.me,CÔNG TY TNHH ZIE,QUYẾT ĐỊNH PHÁT HÀNH TRÒ CHƠI ĐIỆN TỬ G1 TRÊN MẠNG,2026-05-20,Giấy phép (ABEI),268/QĐ-PTTH&TTĐT,valid,https://giayphep.abei.gov.vn/
cotyphu2.zingplay.com,CÔNG TY TNHH ZINGPLAY VIỆT NAM,QUYẾT ĐỊNH PHÁT HÀNH TRÒ CHƠI ĐIỆN TỬ G1 TRÊN MẠNG,2024-05-23,Giấy phép (ABEI),841/QĐ-BTTTT,valid,https://giayphep.abei.gov.vn/
coviet.net,CÔNG TY CỔ PHẦN TRÒ CHƠI VEGA,QUYẾT ĐỊNH PHÁT HÀNH TRÒ CHƠI ĐIỆN TỬ G1 TRÊN MẠNG,2019-04-12,Giấy phép (ABEI),571/QĐ-BTTTT,valid,https://giayphep.abei.gov.vn/
covua.boardcraftonline.vn,Công ty TNHH ZingPlay Việt Nam,QUYẾT ĐỊNH PHÁT HÀNH TRÒ CHƠI ĐIỆN TỬ G1 TRÊN MẠNG,2025-12-05,Giấy phép (ABEI),542/QĐ-PTTH&TTĐT,invalid,https://giayphep.abei.gov.vn/
cpa.vn,Công ty TNHH Tư vấn KVN,Website - Trang mạng xã hội,,Giấy phép (TVPL PDF),,valid,
cpc.net.vn,CÔNG TY CỔ PHẦN DỊCH VỤ CÔNG NGHỆ VÀ TRUYỀN THÔNG ĐA NỀN TẢNG,GIẤY PHÉP CUNG CẤP DỊCH VỤ MẠNG XÃ HỘI,2024-12-21,Giấy phép (ABEI),86/GP-BTTTT,valid,https://giayphep.abei.gov.vn/
cpcs.vn,TRUNG TÂM TƯ VẤN VÀ CUNG ỨNG DỊCH VỤ,GIẤY PHÉP THIẾT LẬP TRANG THÔNG TIN ĐIỆN TỬ TỔNG HỢP,2015-07-20,Giấy phép (ABEI),100/GP-TTĐT,invalid,https://giayphep.abei.gov.vn/
cpm.giganticonline.vn,CÔNG TY CỔ PHẦN GIẢI TRÍ TRỰC TUYẾN GIGANTIC ,QUYẾT ĐỊNH PHÁT HÀNH TRÒ CHƠI ĐIỆN TỬ G1 TRÊN MẠNG,2025-06-12,Giấy phép (ABEI),242/QĐ-PTTH&TTĐT,valid,https://giayphep.abei.gov.vn/
cpts.vn,"TRUNG TÂM ĐÀO TẠO, BỒI DƯỠNG VÀ CUNG ỨNG DỊCH VỤ DÂN SỐ",GIẤY PHÉP THIẾT LẬP TRANG THÔNG TIN ĐIỆN TỬ TỔNG HỢP,2024-11-08,Giấy phép (ABEI),278/GP-TTĐT,valid,https://giayphep.abei.gov.vn/
cptt.1618play.vn,CÔNG TY TNHH 1618PLAY,QUYẾT ĐỊNH PHÁT HÀNH TRÒ CHƠI ĐIỆN TỬ G1 TRÊN MẠNG,2018-11-02,Giấy phép (ABEI),1768/QĐ-BTTTT,valid,https://giayphep.abei.gov.vn/
crasherorigin.vn,CÔNG TY CỔ PHẦN DỊCH VỤ S.PAY VIỆT NAM,QUYẾT ĐỊNH PHÁT HÀNH TRÒ CHƠI ĐIỆN TỬ G1 TRÊN MẠNG,2019-12-25,Giấy phép (ABEI),2266 /QĐ-BTTTT,valid,https://giayphep.abei.gov.vn/
cryptoday.vn,CÔNG TY TNHH CRYPTODAY VIETNAM,GIẤY PHÉP CUNG CẤP DỊCH VỤ MẠNG XÃ HỘI,2022-10-27,Giấy phép (ABEI),497/GP-BTTTT,valid,https://giayphep.abei.gov.vn/
cscltw.dcs.vn,BAN CHẤP HÀNH TRUNG ƯƠNG ĐẢNG CỘNG SẢN VIỆT NAM,GIẤY PHÉP THIẾT LẬP TRANG THÔNG TIN ĐIỆN TỬ TỔNG HỢP,2025-04-24,Giấy phép (ABEI),64 /GP-TTĐT,valid,https://giayphep.abei.gov.vn/
cstlvd.vn,CÔNG TY CỔ PHẦN VTC DỊCH VỤ DI ĐỘNG,QUYẾT ĐỊNH PHÁT HÀNH TRÒ CHƠI ĐIỆN TỬ G1 TRÊN MẠNG,2024-04-05,Giấy phép (ABEI),492/QĐ-BTTTT,invalid,https://giayphep.abei.gov.vn/
ct.360game.vn,CÔNG TY CỔ PHẦN VNG,QUYẾT ĐỊNH PHÁT HÀNH TRÒ CHƠI ĐIỆN TỬ G1 TRÊN MẠNG,2015-11-27,Giấy phép (ABEI),2118/QĐ-BTTTT,invalid,https://giayphep.abei.gov.vn/
ctc-aio.vn,CÔNG TY TNHH CÔNG NGHỆ AIOGAME ,QUYẾT ĐỊNH PHÁT HÀNH TRÒ CHƠI ĐIỆN TỬ G1 TRÊN MẠNG,2026-05-05,Giấy phép (ABEI),221/QĐ-PTTH&TTĐT,valid,https://giayphep.abei.gov.vn/
ctc.vnggames.com,CÔNG TY CỔ PHẦN VNG,QUYẾT ĐỊNH PHÁT HÀNH TRÒ CHƠI ĐIỆN TỬ G1 TRÊN MẠNG,2025-05-30,Giấy phép (ABEI),218/QĐ-PTTH&TTĐT,valid,https://giayphep.abei.gov.vn/
cthd.mgol.vn,CÔNG TY TNHH PHẦN MỀM MGOL,QUYẾT ĐỊNH PHÁT HÀNH TRÒ CHƠI ĐIỆN TỬ G1 TRÊN MẠNG,2025-04-26,Giấy phép (ABEI),145/QĐ-PTTH&TTĐT,valid,https://giayphep.abei.gov.vn/
cttd.gaba.vn,CÔNG TY CỔ PHẦN TRÒ CHƠI VEGA,QUYẾT ĐỊNH PHÁT HÀNH TRÒ CHƠI ĐIỆN TỬ G1 TRÊN MẠNG,2016-12-30,Giấy phép (ABEI),2358/QĐ-BTTTT,valid,https://giayphep.abei.gov.vn/
cttd.thienthuonghoa.com,CÔNG TY CỔ PHẦN GIẢI TRÍ THIÊN THƯỢNG HỎA,QUYẾT ĐỊNH PHÁT HÀNH TRÒ CHƠI ĐIỆN TỬ G1 TRÊN MẠNG,2021-10-19,Giấy phép (ABEI),1634/QĐ-BTTTT,valid,https://giayphep.abei.gov.vn/
ctth.mlgames.vn,CÔNG TY TNHH MOUNTAIN LAKE,QUYẾT ĐỊNH PHÁT HÀNH TRÒ CHƠI ĐIỆN TỬ G1 TRÊN MẠNG,2022-04-25,Giấy phép (ABEI),761/QĐ-BTTTT,valid,https://giayphep.abei.gov.vn/
cttq.360game.vn,CÔNG TY TNHH GIẢI TRÍ LONG ĐỈNH,QUYẾT ĐỊNH PHÁT HÀNH TRÒ CHƠI ĐIỆN TỬ G1 TRÊN MẠNG,2016-06-30,Giấy phép (ABEI),1145/QĐ-BTTTT,valid,https://giayphep.abei.gov.vn/
cuasonho.vn,Công ty Cổ phần Viễn thông tin học Việt Nam,Website - Trang TTĐT tổng hợp,,Giấy phép (TVPL PDF),,valid,
cucbaochi.gov.vn,CỤC BÁO CHÍ,GIẤY PHÉP THIẾT LẬP TRANG THÔNG TIN ĐIỆN TỬ TỔNG HỢP,2020-11-23,Giấy phép (ABEI),224/GP-TTĐT,invalid,https://giayphep.abei.gov.vn/
cucda.vn,Công ty Cổ phần Đầu tư Bắc Thủ Đô,Website - Trang TTĐT tổng hợp,,Giấy phép (TVPL PDF),,valid,
cuchot.vn,Công ty TNHH VINVAS Việt Nam,Website - Trang TTĐT tổng hợp,,Giấy phép (TVPL PDF),,valid,
cucnghethuatbieudien.gov.vn,CỤC NGHỆ THUẬT BIỂU DIỄN,GIẤY PHÉP THIẾT LẬP TRANG THÔNG TIN ĐIỆN TỬ TỔNG HỢP,2019-10-22,Giấy phép (ABEI),201/GP-TTĐT,valid,https://giayphep.abei.gov.vn/
cuctanso.vn,Cục Tần số vô tuyến điện,Website - Trang TTĐT tổng hợp,,Giấy phép (TVPL PDF),,valid,
cuctoctamquoc.funtap.ga,CÔNG TY CỔ PHẦN FUNTAP GAMES,QUYẾT ĐỊNH PHÁT HÀNH TRÒ CHƠI ĐIỆN TỬ G1 TRÊN MẠNG,2026-07-03,Giấy phép (ABEI),382/QĐ-PTTH&TTĐT,valid,https://giayphep.abei.gov.vn/
cuctoctamquoc.hhgame.vn,CÔNG TY CỔ PHẦN PHÁT TRIỂN CÔNG NGHỆ SỐ HỒNG HÀ,QUYẾT ĐỊNH PHÁT HÀNH TRÒ CHƠI ĐIỆN TỬ G1 TRÊN MẠNG,2025-02-18,Giấy phép (ABEI),33/QĐ-PTTH&TTĐT,invalid,https://giayphep.abei.gov.vn/
cuctruyenthongcand.vn,CỤC TRUYỀN THÔNG CÔNG AN NHÂN DÂN,GIẤY PHÉP THIẾT LẬP TRANG THÔNG TIN ĐIỆN TỬ TỔNG HỢP,2019-01-21,Giấy phép (ABEI),17/GP-TTĐT,valid,https://giayphep.abei.gov.vn/
cudannet.vn,CÔNG TY CỔ PHẦN TRUYỀN THÔNG NGÔI SAO XANH VIỆT NAM,GIẤY PHÉP CUNG CẤP DỊCH VỤ MẠNG XÃ HỘI,2021-05-18,Giấy phép (ABEI),284/GP-BTTTT,valid,https://giayphep.abei.gov.vn/
cungbanchontruong.vn,Công ty TNHH Công nghệ - truyền thông MIGODA,Website - Trang mạng xã hội,,Giấy phép (TVPL PDF),,valid,
cungcau.vn,Công ty Cổ phần dịch vụ tư vấn truyền thông Đất Việt - CẤP LẠI - 23/02/2027 (http://baocungcau.net),Website - Trang TTĐT tổng hợp,,Giấy phép (TVPL PDF),,valid,
cungcon.vn,Công ty cổ phần Maxgroup,Website - Trang TTĐT tổng hợp,,Giấy phép (TVPL PDF),,valid,
cungdinh.360mobi.vn,CÔNG TY TNHH TRUYỀN THÔNG MINH PHƯƠNG THỊNH,QUYẾT ĐỊNH PHÁT HÀNH TRÒ CHƠI ĐIỆN TỬ G1 TRÊN MẠNG,2019-05-24,Giấy phép (ABEI),760 /QĐ-BTTTT,valid,https://giayphep.abei.gov.vn/
cungdinh.xtv.vn,CÔNG TY CỔ PHẦN XTV,QUYẾT ĐỊNH PHÁT HÀNH TRÒ CHƠI ĐIỆN TỬ G1 TRÊN MẠNG,2018-10-01,Giấy phép (ABEI),1588/QĐ-BTTTT,invalid,https://giayphep.abei.gov.vn/
cungnhaucuoi.com,Công ty Cổ phần viễn thông di động Mobicom Á Châu,Website - Trang TTĐT tổng hợp,,Giấy phép (TVPL PDF),,valid,
cungnhaucuoi.vn,Công ty Cổ phần Viễn thông AGT Việt Nam,Website - Trang TTĐT tổng hợp,,Giấy phép (TVPL PDF),,valid,
cuocchiensinhton.ggames.vn,CÔNG TY TNHH TRỰC TUYẾN THIÊN HÀ,QUYẾT ĐỊNH PHÁT HÀNH TRÒ CHƠI ĐIỆN TỬ G1 TRÊN MẠNG,2023-03-30,Giấy phép (ABEI),495/QĐ-BTTTT,valid,https://giayphep.abei.gov.vn/
cuocsong.giaoducthoidai.vn,Báo Giáo dục và Thời đại,"Website - Báo, tạp chí điện tử",,Giấy phép (TVPL PDF),,valid,
cuocsongantoan.laodongco,Tạp chí Lao động và Công đoàn,"Website - Báo, tạp chí điện tử",,Giấy phép (TVPL PDF),,valid,
cuoidenzet.net,Công ty TNHH Thương mại và Truyền thông Thiên Long,Website - Trang TTĐT tổng hợp,,Giấy phép (TVPL PDF),,valid,
cuoidenzet.vn,Công ty TNHH Thương mại và Truyền thông Thiên Long,Website - Trang TTĐT tổng hợp,,Giấy phép (TVPL PDF),,valid,
cuoinghieng.com.vn,Công ty Cổ phần NetIT,Website - Trang TTĐT tổng hợp,,Giấy phép (TVPL PDF),,valid,
cuoivn.net,Công ty Cổ phần viễn thông di động Mobicom Á Châu,Website - Trang TTĐT tổng hợp,,Giấy phép (TVPL PDF),,valid,
cuongkiem.vn,CÔNG TY CỔ PHẦN VTC DỊCH VỤ DI ĐỘNG,QUYẾT ĐỊNH PHÁT HÀNH TRÒ CHƠI ĐIỆN TỬ G1 TRÊN MẠNG,2019-11-08,Giấy phép (ABEI),1889/QĐ-BTTTT,invalid,https://giayphep.abei.gov.vn/
cuongma.vn,CÔNG TY CỔ PHẦN VTC DỊCH VỤ DI ĐỘNG,QUYẾT ĐỊNH PHÁT HÀNH TRÒ CHƠI ĐIỆN TỬ G1 TRÊN MẠNG,2019-05-30,Giấy phép (ABEI),824/QĐ-BTTTT,invalid,https://giayphep.abei.gov.vn/
cuopbien.goplay.vn,CÔNG TY CỔ PHẦN VTC TRUYỀN THÔNG TRỰC TUYẾN,QUYẾT ĐỊNH PHÁT HÀNH TRÒ CHƠI ĐIỆN TỬ G1 TRÊN MẠNG,2022-01-11,Giấy phép (ABEI),15/QĐ-BTTTT,valid,https://giayphep.abei.gov.vn/
cupquocgia.com,Công ty Cổ phần Bóng đá Chuyên nghiệp Việt Nam,Website - Trang TTĐT tổng hợp,,Giấy phép (TVPL PDF),,valid,
cupquocgia.vn,Công ty Cổ phần Bóng đá Chuyên nghiệp Việt Nam,Website - Trang TTĐT tổng hợp,,Giấy phép (TVPL PDF),,valid,
cutri.vn,Truyền hình Quốc hội Việt Nam,Website - Trang mạng xã hội,,Giấy phép (TVPL PDF),,valid,
cutri.com.vn,Truyền hình Quốc hội Việt Nam,Website - Trang mạng xã hội,,Giấy phép (TVPL PDF),,valid,
cuuam.360game.vn,CÔNG TY CỔ PHẦN VNG,QUYẾT ĐỊNH PHÁT HÀNH TRÒ CHƠI ĐIỆN TỬ G1 TRÊN MẠNG,2016-06-16,Giấy phép (ABEI),1043/QĐ-BTTTT,invalid,https://giayphep.abei.gov.vn/
cuuam.gosu.vn,CÔNG TY CỔ PHẦN TRỰC TUYẾN GOSU,QUYẾT ĐỊNH PHÁT HÀNH TRÒ CHƠI ĐIỆN TỬ G1 TRÊN MẠNG,2015-12-29,Giấy phép (ABEI),2474/QĐ-BTTTT,valid,https://giayphep.abei.gov.vn/
cuuam2d.gosu.vn,CÔNG TY CỔ PHẦN TRỰC TUYẾN GOSU,QUYẾT ĐỊNH PHÁT HÀNH TRÒ CHƠI ĐIỆN TỬ G1 TRÊN MẠNG,2025-01-21,Giấy phép (ABEI),86/QĐ-BTTTT,valid,https://giayphep.abei.gov.vn/
cuuam3d.talktv.vn,CÔNG TY CỔ PHẦN VNG,QUYẾT ĐỊNH PHÁT HÀNH TRÒ CHƠI ĐIỆN TỬ G1 TRÊN MẠNG,2018-04-02,Giấy phép (ABEI),453/QĐ-BTTTT,invalid,https://giayphep.abei.gov.vn/
cuuamtruyenky.vn,CÔNG TY CỔ PHẦN TRỰC TUYẾN GOSU,QUYẾT ĐỊNH PHÁT HÀNH TRÒ CHƠI ĐIỆN TỬ G1 TRÊN MẠNG,2017-08-16,Giấy phép (ABEI),1361/QĐ-BTTTT,invalid,https://giayphep.abei.gov.vn/
cuuchau.slg.vn,CÔNG TY CỔ PHẦN DỊCH VỤ TRỰC TUYẾN VĨNH XUÂN,QUYẾT ĐỊNH PHÁT HÀNH TRÒ CHƠI ĐIỆN TỬ G1 TRÊN MẠNG,2019-01-29,Giấy phép (ABEI),113/QĐ-BTTTT,valid,https://giayphep.abei.gov.vn/
cuuchauvosong.vn,CÔNG TY CỔ PHẦN JOYMI ENTERTAINMENT,QUYẾT ĐỊNH PHÁT HÀNH TRÒ CHƠI ĐIỆN TỬ G1 TRÊN MẠNG,2017-04-14,Giấy phép (ABEI),535/QĐ-BTTTT,valid,https://giayphep.abei.gov.vn/
cuuchienbinh.vn,BÁO CỰU CHIẾN BINH VIỆT NAM,GIẤY PHÉP THIẾT LẬP TRANG THÔNG TIN ĐIỆN TỬ TỔNG HỢP,2020-07-16,Giấy phép (ABEI),123/GP-TTĐT,valid,https://giayphep.abei.gov.vn/
cuuchienbinhtphcm.vn,Hội Cựu chiến binh TPHCM,Website - Trang TTĐT tổng hợp,,Giấy phép (TVPL PDF),,valid,
cuuduong.vn,CÔNG TY CỔ PHẦN VCCORP,QUYẾT ĐỊNH PHÁT HÀNH TRÒ CHƠI ĐIỆN TỬ G1 TRÊN MẠNG,2017-11-09,Giấy phép (ABEI),1941/QĐ-BTTTT,invalid,https://giayphep.abei.gov.vn/
cuuduongm.zing.vn,CÔNG TY CỔ PHẦN VNG,QUYẾT ĐỊNH PHÁT HÀNH TRÒ CHƠI ĐIỆN TỬ G1 TRÊN MẠNG,2018-06-06,Giấy phép (ABEI),863/QĐ-BTTTT,invalid,https://giayphep.abei.gov.vn/
cuugioidaichien.vn,CÔNG TY CỔ PHẦN FUNTAP,QUYẾT ĐỊNH PHÁT HÀNH TRÒ CHƠI ĐIỆN TỬ G1 TRÊN MẠNG,2024-04-23,Giấy phép (ABEI),598/QĐ-BTTTT,valid,https://giayphep.abei.gov.vn/
cuukiem.vn,CÔNG TY TNHH SOHA ,QUYẾT ĐỊNH PHÁT HÀNH TRÒ CHƠI ĐIỆN TỬ G1 TRÊN MẠNG,2019-10-23,Giấy phép (ABEI),1770 /QĐ-BTTTT,valid,https://giayphep.abei.gov.vn/
cuulongchiton.dzogame.vn,CÔNG TY TNHH DZOGAME,QUYẾT ĐỊNH PHÁT HÀNH TRÒ CHƠI ĐIỆN TỬ G1 TRÊN MẠNG,2024-03-12,Giấy phép (ABEI),301/QĐ-BTTTT,valid,https://giayphep.abei.gov.vn/
cuumong.itap.vn,CÔNG TY CỔ PHẦN TRUYỀN HÌNH TƯƠNG TÁC VIỆT NAM,QUYẾT ĐỊNH PHÁT HÀNH TRÒ CHƠI ĐIỆN TỬ G1 TRÊN MẠNG,2022-01-19,Giấy phép (ABEI),52/QĐ-BTTTT,valid,https://giayphep.abei.gov.vn/
cuuthien.gosu.vn,CÔNG TY CỔ PHẦN TRỰC TUYẾN GOSU,QUYẾT ĐỊNH PHÁT HÀNH TRÒ CHƠI ĐIỆN TỬ G1 TRÊN MẠNG,2020-11-04,Giấy phép (ABEI),1877/QĐ-BTTTT,invalid,https://giayphep.abei.gov.vn/
cuuthienmobile.vn,CÔNG TY TNHH SOHA,QUYẾT ĐỊNH PHÁT HÀNH TRÒ CHƠI ĐIỆN TỬ G1 TRÊN MẠNG,2022-07-04,Giấy phép (ABEI),1326 /QĐ-BTTTT,valid,https://giayphep.abei.gov.vn/
cuuthienphongthan.vn,CÔNG TY CỔ PHẦN TRỰC TUYẾN CMN VIỆT NAM,QUYẾT ĐỊNH PHÁT HÀNH TRÒ CHƠI ĐIỆN TỬ G1 TRÊN MẠNG,2018-01-23,Giấy phép (ABEI),73/QĐ-BTTTT,valid,https://giayphep.abei.gov.vn/
cybercity.playfun.vn,CÔNG TY CỔ PHẦN FUNTAP,QUYẾT ĐỊNH PHÁT HÀNH TRÒ CHƠI ĐIỆN TỬ G1 TRÊN MẠNG,2024-07-02,Giấy phép (ABEI),1111/QĐ-BTTTT,valid,https://giayphep.abei.gov.vn/
cyberendeavor.vn,CÔNG TY TNHH CYEB ENDEAVOR,QUYẾT ĐỊNH PHÁT HÀNH TRÒ CHƠI ĐIỆN TỬ G1 TRÊN MẠNG,2026-05-15,Giấy phép (ABEI),249/QĐ-PTTH&TTĐT,valid,https://giayphep.abei.gov.vn/
cybermon.playfun.vn,CÔNG TY CỔ PHẦN FUNTAP,QUYẾT ĐỊNH PHÁT HÀNH TRÒ CHƠI ĐIỆN TỬ G1 TRÊN MẠNG,2023-08-31,Giấy phép (ABEI),1696/QĐ-BTTTT,valid,https://giayphep.abei.gov.vn/
cybervn.vn,HIỆP HỘI AN NINH MẠNG QUỐC GIA,GIẤY PHÉP CUNG CẤP DỊCH VỤ MẠNG XÃ HỘI,2024-12-21,Giấy phép (ABEI),387/GP-BTTTT,valid,https://giayphep.abei.gov.vn/
dadq.zoneplay.vn,CÔNG TY CỔ PHẦN GZONE MEDIA VIỆT NAM ,QUYẾT ĐỊNH PHÁT HÀNH TRÒ CHƠI ĐIỆN TỬ G1 TRÊN MẠNG,2025-11-07,Giấy phép (ABEI),497/QĐ-PTTH&TTĐT,valid,https://giayphep.abei.gov.vn/
daibangchu.vn,CÔNG TY TNHH SOHA,QUYẾT ĐỊNH PHÁT HÀNH TRÒ CHƠI ĐIỆN TỬ G1 TRÊN MẠNG,2023-07-26,Giấy phép (ABEI),1376/QĐ-BTTTT,valid,https://giayphep.abei.gov.vn/
daibieunhandan.vn,Báo Đại biểu nhân dân,"Website - Báo, tạp chí điện tử",,Giấy phép (TVPL PDF),,valid,
daichien.vn,CÔNG TY CỔ PHẦN VTC DỊCH VỤ DI ĐỘNG,QUYẾT ĐỊNH PHÁT HÀNH TRÒ CHƠI ĐIỆN TỬ G1 TRÊN MẠNG,2016-05-25,Giấy phép (ABEI),874/QĐ-BTTTT,invalid,https://giayphep.abei.gov.vn/
daichien.vnggames.com,CÔNG TY TNHH GIẢI TRÍ LONG ĐỈNH,QUYẾT ĐỊNH PHÁT HÀNH TRÒ CHƠI ĐIỆN TỬ G1 TRÊN MẠNG,2019-01-09,Giấy phép (ABEI),42/QĐ-BTTTT,valid,https://giayphep.abei.gov.vn/
daichien.zing.vn,CÔNG TY TNHH TRUYỀN THÔNG MINH PHƯƠNG THỊNH,QUYẾT ĐỊNH PHÁT HÀNH TRÒ CHƠI ĐIỆN TỬ G1 TRÊN MẠNG,2021-09-29,Giấy phép (ABEI),699 /QĐ-BTTTT,valid,https://giayphep.abei.gov.vn/
daichienham.vn,CÔNG TY CỔ PHẦN FUNTAP,QUYẾT ĐỊNH PHÁT HÀNH TRÒ CHƠI ĐIỆN TỬ G1 TRÊN MẠNG,2018-07-20,Giấy phép (ABEI),1209/QĐ-BTTTT,valid,https://giayphep.abei.gov.vn/
daichienloren.vn,CÔNG TY CỔ PHẦN TITAN STUDIO VIỆT NAM,QUYẾT ĐỊNH PHÁT HÀNH TRÒ CHƠI ĐIỆN TỬ G1 TRÊN MẠNG,2025-08-07,Giấy phép (ABEI),348/QĐ-PTTH&TTĐT,valid,https://giayphep.abei.gov.vn/
daichienlucdao.vn,CÔNG TY TNHH VMGE,QUYẾT ĐỊNH PHÁT HÀNH TRÒ CHƠI ĐIỆN TỬ G1 TRÊN MẠNG,2024-05-23,Giấy phép (ABEI),847/QĐ-BTTTT,valid,https://giayphep.abei.gov.vn/
daichientanthegioi.vn,CÔNG TY CỔ PHẦN ACE GAME,QUYẾT ĐỊNH PHÁT HÀNH TRÒ CHƠI ĐIỆN TỬ G1 TRÊN MẠNG,2022-08-29,Giấy phép (ABEI),1628/QĐ-BTTTT,valid,https://giayphep.abei.gov.vn/
daichientuhoang.vn,CÔNG TY CỔ PHẦN TRỰC TUYẾN DUO,QUYẾT ĐỊNH PHÁT HÀNH TRÒ CHƠI ĐIỆN TỬ G1 TRÊN MẠNG,2021-06-25,Giấy phép (ABEI),908/QĐ-BTTTT,valid,https://giayphep.abei.gov.vn/
daichienxichbich.com,CÔNG TY TNHH 1618PLAY,QUYẾT ĐỊNH PHÁT HÀNH TRÒ CHƠI ĐIỆN TỬ G1 TRÊN MẠNG,2017-05-18,Giấy phép (ABEI),735/QĐ-BTTTT,valid,https://giayphep.abei.gov.vn/
daichuate.xtv.vn,CÔNG TY CỔ PHẦN XTV,QUYẾT ĐỊNH PHÁT HÀNH TRÒ CHƠI ĐIỆN TỬ G1 TRÊN MẠNG,2018-10-29,Giấy phép (ABEI),1736/QĐ-BTTTT,invalid,https://giayphep.abei.gov.vn/
daichuate.ygame.vn,CÔNG TY CỔ PHẦN GIẢI TRÍ YGAME,QUYẾT ĐỊNH PHÁT HÀNH TRÒ CHƠI ĐIỆN TỬ G1 TRÊN MẠNG,2021-04-23,Giấy phép (ABEI),533/QĐ-BTTTT,valid,https://giayphep.abei.gov.vn/
daidoanket.vn,Báo Đại đoàn kết,"Website - Báo, tạp chí điện tử",,Giấy phép (TVPL PDF),,valid,
daiduongdsa.vn,Công ty TNHH Ứng dụng giải pháp số Đại Dương,Website - Trang TTĐT tổng hợp,,Giấy phép (TVPL PDF),,valid,
daihaitrinh.ggames.vn,CÔNG TY TNHH TRỰC TUYẾN THIÊN HÀ,QUYẾT ĐỊNH PHÁT HÀNH TRÒ CHƠI ĐIỆN TỬ G1 TRÊN MẠNG,2021-03-10,Giấy phép (ABEI),288/QĐ-BTTTT,valid,https://giayphep.abei.gov.vn/
daihaitrinh.vn,CÔNG TY CỔ PHẦN TEPAYLINK,QUYẾT ĐỊNH PHÁT HÀNH TRÒ CHƠI ĐIỆN TỬ G1 TRÊN MẠNG,2025-07-31,Giấy phép (ABEI),338/QĐ-PTTH&TTĐT,valid,https://giayphep.abei.gov.vn/
daihaitrinhmobile.vn,CÔNG TY CỔ PHẦN 9PLAY,QUYẾT ĐỊNH PHÁT HÀNH TRÒ CHƠI ĐIỆN TỬ G1 TRÊN MẠNG,2021-04-06,Giấy phép (ABEI),449/QĐ-BTTTT,valid,https://giayphep.abei.gov.vn/
daihiep.sohagame.vn,CÔNG TY TNHH SOHA,QUYẾT ĐỊNH PHÁT HÀNH TRÒ CHƠI ĐIỆN TỬ G1 TRÊN MẠNG,2024-12-10,Giấy phép (ABEI),2169/QĐ-BTTTT,valid,https://giayphep.abei.gov.vn/
daihiep.vgplay.vn,CÔNG TY CỔ PHẦN VGP,QUYẾT ĐỊNH PHÁT HÀNH TRÒ CHƠI ĐIỆN TỬ G1 TRÊN MẠNG,2020-04-24,Giấy phép (ABEI),732/QĐ-BTTTT,valid,https://giayphep.abei.gov.vn/
daihiepkhach.vn,CÔNG TY TNHH SOHA,QUYẾT ĐỊNH PHÁT HÀNH TRÒ CHƠI ĐIỆN TỬ G1 TRÊN MẠNG,2020-05-21,Giấy phép (ABEI),850/QĐ-BTTTT,valid,https://giayphep.abei.gov.vn/
daihiepphongvan.com,CÔNG TY CỔ PHẦN SOLAPLAY,QUYẾT ĐỊNH PHÁT HÀNH TRÒ CHƠI ĐIỆN TỬ G1 TRÊN MẠNG,2024-03-12,Giấy phép (ABEI),303/QĐ-BTTTT,valid,https://giayphep.abei.gov.vn/
daihocpccc.edu.vn,Trường Đại học phòng cháy chữa cháy,Website - Trang TTĐT tổng hợp,,Giấy phép (TVPL PDF),,valid,
daikttvdongbang.com.vn,Đài Khí tượng Thủy văn khu vực đồng bằng Bắc Bộ,Website - Trang TTĐT tổng hợp,,Giấy phép (TVPL PDF),,valid,
daikttvdongbang.gov.vn,Đài Khí tượng Thủy văn khu vực đồng bằng Bắc Bộ,Website - Trang TTĐT tổng hợp,,Giấy phép (TVPL PDF),,valid,
dailanhchu.hhgame.vn,CÔNG TY CỔ PHẦN PHÁT TRIỂN CÔNG NGHỆ SỐ HỒNG HÀ ,QUYẾT ĐỊNH PHÁT HÀNH TRÒ CHƠI ĐIỆN TỬ G1 TRÊN MẠNG,2021-05-18,Giấy phép (ABEI),671 /QĐ-BTTTT,valid,https://giayphep.abei.gov.vn/
dailaogia.vn,CÔNG TY CỔ PHẦN FUNTAP,QUYẾT ĐỊNH PHÁT HÀNH TRÒ CHƠI ĐIỆN TỬ G1 TRÊN MẠNG,2019-05-20,Giấy phép (ABEI),741/QĐ-BTTTT,valid,https://giayphep.abei.gov.vn/
dailo.vn,TẠP CHÍ VẬN TẢI Ô TÔ,GIẤY PHÉP THIẾT LẬP TRANG THÔNG TIN ĐIỆN TỬ TỔNG HỢP,2013-06-28,Giấy phép (ABEI),87/GP-TTĐT,invalid,https://giayphep.abei.gov.vn/
dailucthanbi.vn,CÔNG TY CỔ PHẦN ĐẦU TƯ CÔNG NGHỆ VISION INVEST ,QUYẾT ĐỊNH PHÁT HÀNH TRÒ CHƠI ĐIỆN TỬ G1 TRÊN MẠNG,2026-03-18,Giấy phép (ABEI),135/QĐ-PTTH&TTĐT,valid,https://giayphep.abei.gov.vn/
dailucvindieu.playfun.vn,CÔNG TY CỔ PHẦN FUNTAP,QUYẾT ĐỊNH PHÁT HÀNH TRÒ CHƠI ĐIỆN TỬ G1 TRÊN MẠNG,2021-10-08,Giấy phép (ABEI),1539 /QĐ-BTTTT,valid,https://giayphep.abei.gov.vn/
dailucvinhdieu.playfun.vn,CÔNG TY CỔ PHẦN FUNTAP,QUYẾT ĐỊNH PHÁT HÀNH TRÒ CHƠI ĐIỆN TỬ G1 TRÊN MẠNG,2021-10-08,Giấy phép (ABEI),1539/QĐ-BTTTT,valid,https://giayphep.abei.gov.vn/
dailymotion.co,Đài Phát thanh và Truyền hình tỉnh Vĩnh Long,MXH - Đài Phát thanh Truyền hình,,Giấy phép (TVPL PDF),,valid,
dailyxe.com.vn,Công ty TNHH Gian hàng trực tuyến Việt Nam,Website - Trang TTĐT tổng hợp,,Giấy phép (TVPL PDF),,valid,
dainao.vn,CÔNG TY TNHH SOHA,QUYẾT ĐỊNH PHÁT HÀNH TRÒ CHƠI ĐIỆN TỬ G1 TRÊN MẠNG,2023-05-17,Giấy phép (ABEI),850/QĐ-BTTTT,valid,https://giayphep.abei.gov.vn/
dairyvietnam.com.vn,Công ty TNHH Dairy Việt Nam,Website - Trang TTĐT tổng hợp,,Giấy phép (TVPL PDF),,valid,
dairyvietnam.vn,Công ty TNHH Dairy Việt Nam,Website - Trang TTĐT tổng hợp,,Giấy phép (TVPL PDF),,valid,
daisoai3q.vn,CÔNG TY TNHH SOHA,QUYẾT ĐỊNH PHÁT HÀNH TRÒ CHƠI ĐIỆN TỬ G1 TRÊN MẠNG,2023-03-02,Giấy phép (ABEI),287/QĐ-BTTTT,valid,https://giayphep.abei.gov.vn/
daitaydu.vn,CÔNG TY TNHH G4M,QUYẾT ĐỊNH PHÁT HÀNH TRÒ CHƠI ĐIỆN TỬ G1 TRÊN MẠNG,2023-10-25,Giấy phép (ABEI),2053/QĐ-BTTTT,valid,https://giayphep.abei.gov.vn/
daithiensumobile.vn,CÔNG TY CỔ PHẦN FUNTAP,QUYẾT ĐỊNH PHÁT HÀNH TRÒ CHƠI ĐIỆN TỬ G1 TRÊN MẠNG,2018-06-06,Giấy phép (ABEI),868/QĐ-BTTTT,valid,https://giayphep.abei.gov.vn/
daithuonggia.zagoo.vn,CÔNG TY TNHH ZIE,QUYẾT ĐỊNH PHÁT HÀNH TRÒ CHƠI ĐIỆN TỬ G1 TRÊN MẠNG,2024-07-15,Giấy phép (ABEI),1177/QĐ-BTTTT,valid,https://giayphep.abei.gov.vn/
daitienminhdidauthe.playfun,CÔNG TY CỔ PHẦN FUNTAP,QUYẾT ĐỊNH PHÁT HÀNH TRÒ CHƠI ĐIỆN TỬ G1 TRÊN MẠNG,2025-02-18,Giấy phép (ABEI),35 /QĐ-PTTH&TTĐT,valid,https://giayphep.abei.gov.vn/
daitrang.vn,Công ty TNHH Namlink,Website - Trang mạng xã hội,,Giấy phép (TVPL PDF),,valid,
daitv3q.ygame.vn,CÔNG TY CỔ PHẦN GIẢI TRÍ YGAME,QUYẾT ĐỊNH PHÁT HÀNH TRÒ CHƠI ĐIỆN TỬ G1 TRÊN MẠNG,2021-06-08,Giấy phép (ABEI),778/QĐ-BTTTT,valid,https://giayphep.abei.gov.vn/
daklakmuseum.org.vn,BẢO TÀNG TỈNH ĐẮK LẮK,GIẤY PHÉP THIẾT LẬP TRANG THÔNG TIN ĐIỆN TỬ TỔNG HỢP,2013-07-16,Giấy phép (ABEI),96/GP-TTĐT,invalid,https://giayphep.abei.gov.vn/
dalatonline.vn,Báo Lâm Đồng (Báo điện tử Lâm Đồng),"Website - Báo, tạp chí điện tử",,Giấy phép (TVPL PDF),,valid,
dalieu.vn,BỆNH VIỆN DA LIỄU TRUNG ƯƠNG,GIẤY PHÉP THIẾT LẬP TRANG THÔNG TIN ĐIỆN TỬ TỔNG HỢP,2016-06-30,Giấy phép (ABEI),79/GP-TTĐT,valid,https://giayphep.abei.gov.vn/
dammethethao.vn,Công ty TNHH Một thành viên trò chơi GSP,Website - Trang TTĐT tổng hợp,,Giấy phép (TVPL PDF),,valid,
danagame.vn,Công ty TNHH Công nghệ DanaGame,QUYẾT ĐỊNH PHÁT HÀNH TRÒ CHƠI ĐIỆN TỬ G1 TRÊN MẠNG,2025-09-25,Giấy phép (ABEI),414 /QĐ-PTTH&TTĐT,valid,https://giayphep.abei.gov.vn/
danang.vn,Báo Đà Nẵng,"Website - Báo, tạp chí điện tử",,Giấy phép (TVPL PDF),,valid,
danangtoday.com.vn,Báo Đà Nẵng,"Website - Báo, tạp chí điện tử",,Giấy phép (TVPL PDF),,valid,
danangtv.vn,ĐÀI PHÁT THANH - TRUYỀN HÌNH ĐÀ NẴNG,GIẤY PHÉP THIẾT LẬP TRANG THÔNG TIN ĐIỆN TỬ TỔNG HỢP,2022-10-07,Giấy phép (ABEI),132/GP-TTĐT,invalid,https://giayphep.abei.gov.vn/
danchoioto.vn,CÔNG TY TNHH ZADATO,GIẤY PHÉP CUNG CẤP DỊCH VỤ MẠNG XÃ HỘI,2019-04-24,Giấy phép (ABEI),156/GP-BTTTT,valid,https://giayphep.abei.gov.vn/
danchoitamquoc.playfun.vn,CÔNG TY CỔ PHẦN FUNTAP,QUYẾT ĐỊNH PHÁT HÀNH TRÒ CHƠI ĐIỆN TỬ G1 TRÊN MẠNG,2021-06-09,Giấy phép (ABEI),784/QĐ-BTTTT,valid,https://giayphep.abei.gov.vn/
danchuphapluat.vn,Tạp chí Dân chủ và Pháp luật,"Website - Báo, tạp chí điện tử",,Giấy phép (TVPL PDF),,valid,
dancing.vn,CÔNG TY TNHH RGK MOBILE,GIẤY PHÉP CUNG CẤP DỊCH VỤ MẠNG XÃ HỘI,2017-09-11,Giấy phép (ABEI),431/GP-BTTTT,valid,https://giayphep.abei.gov.vn/
danet.com,Công ty TNHH Hãng phim Việt,Website - Trang mạng xã hội,,Giấy phép (TVPL PDF),,valid,
danex.vn,Công ty Cổ phần Truyền thông DAMORD,Website - Trang TTĐT tổng hợp,,Giấy phép (TVPL PDF),,valid,
dangcapthucungjoygame.vn,CÔNG TY TNHH GIẢI TRÍ JOY,QUYẾT ĐỊNH PHÁT HÀNH TRÒ CHƠI ĐIỆN TỬ G1 TRÊN MẠNG,2018-08-09,Giấy phép (ABEI),1317/QĐ-BTTTT,valid,https://giayphep.abei.gov.vn/
dangcongsan.vn,Báo điện tử Đảng Cộng sản Việt Nam,"Website - Báo, tạp chí điện tử",,Giấy phép (TVPL PDF),,valid,
danhchoioto.vn,CÔNG TY TNHH ZADATO,GIẤY PHÉP CUNG CẤP DỊCH VỤ MẠNG XÃ HỘI,2019-04-24,Giấy phép (ABEI),156/GP-BTTTT,valid,https://giayphep.abei.gov.vn/
danhgiaxe.com,Công ty Cổ phần Công nghệ Skynet,Website - Trang mạng xã hội,,Giấy phép (TVPL PDF),,valid,
danhtinhthuv.playfun.vn,CÔNG TY CỔ PHẦN FUNTAP,QUYẾT ĐỊNH PHÁT HÀNH TRÒ CHƠI ĐIỆN TỬ G1 TRÊN MẠNG,2021-01-21,Giấy phép (ABEI),70/QĐ-BTTTT,valid,https://giayphep.abei.gov.vn/
playfun.vn,CÔNG TY CỔ PHẦN FUNTAP,QUYẾT ĐỊNH PHÁT HÀNH TRÒ CHƠI ĐIỆN TỬ G1 TRÊN MẠNG,2021-01-21,Giấy phép (ABEI),70 /QĐ-BTTTT,valid,https://giayphep.abei.gov.vn/
danhtuongafk.playfun.vn,CÔNG TY CỔ PHẦN FUNTAP,QUYẾT ĐỊNH PHÁT HÀNH TRÒ CHƠI ĐIỆN TỬ G1 TRÊN MẠNG,2023-08-29,Giấy phép (ABEI),1677/QĐ-BTTTT,valid,https://giayphep.abei.gov.vn/
danhtuongthienha.vn,CÔNG TY CỔ PHẦN REGZ GAMES,QUYẾT ĐỊNH PHÁT HÀNH TRÒ CHƠI ĐIỆN TỬ G1 TRÊN MẠNG,2022-09-30,Giấy phép (ABEI),1838/QĐ-BTTTT,valid,https://giayphep.abei.gov.vn/
danhtuongtruyen.vn,CÔNG TY TNHH SOHA,QUYẾT ĐỊNH PHÁT HÀNH TRÒ CHƠI ĐIỆN TỬ G1 TRÊN MẠNG,2019-03-29,Giấy phép (ABEI),486/QĐ-BTTTT,valid,https://giayphep.abei.gov.vn/
danhtuongvosong.playfun.vn,CÔNG TY CỔ PHẦN FUNTAP,QUYẾT ĐỊNH PHÁT HÀNH TRÒ CHƠI ĐIỆN TỬ G1 TRÊN MẠNG,2022-09-30,Giấy phép (ABEI),1853/QĐ-BTTTT,valid,https://giayphep.abei.gov.vn/
danketoan.com,Công ty Cổ phần Tư vấn thuế Vinatas,Website - Trang mạng xã hội,,Giấy phép (TVPL PDF),,valid,
danketoan.com.vn,Công ty Cổ phần Tư vấn thuế Vinatas,Website - Trang mạng xã hội,,Giấy phép (TVPL PDF),,valid,
danong.com,Công ty TNHH Thương Hiệu,Website - Trang mạng xã hội,,Giấy phép (TVPL PDF),,valid,
men.com.vn,Công ty TNHH Thương Hiệu,Website - Trang mạng xã hội,,Giấy phép (TVPL PDF),,valid,
danongonline.com.vn,Công ty Cổ phần truyền thông World News Việt Nam,Website - Trang TTĐT tổng hợp,,Giấy phép (TVPL PDF),,valid,
dansohcm.gov.vn,CHI CỤC DÂN SỐ - KẾ HOẠCH HOÁ GIA ĐÌNH,Website - Trang TTĐT tổng hợp,,Giấy phép (TVPL PDF),,valid,
dantin.vn,Tạp chí Đời sống và Tiêu dùng,Website - Trang TTĐT tổng hợp,,Giấy phép (TVPL PDF),,valid,
dantoctongiao.baogiaothon,Báo Giao thông,"Website - Báo, tạp chí điện tử",,Giấy phép (TVPL PDF),,valid,
dantri.com.vn,Báo điện tử Dân trí,"Website - Báo, tạp chí điện tử",,Giấy phép (TVPL PDF),,valid,
dantri.vn,Báo điện tử Dân trí,"Website - Báo, tạp chí điện tử",,Giấy phép (TVPL PDF),,valid,
danvan.vn,TẠP CHÍ DÂN VẬN,GIẤY PHÉP THIẾT LẬP TRANG THÔNG TIN ĐIỆN TỬ TỔNG HỢP,2020-05-08,Giấy phép (ABEI),60/GP-TTĐT,invalid,https://giayphep.abei.gov.vn/
danviet.vn,Báo Nông thôn ngày nay,"Website - Báo, tạp chí điện tử",,Giấy phép (TVPL PDF),,valid,
danxa.vn,CÔNG TY TNHH TRUYỀN THÔNG PHÁP LUẬT THỊ TRƯỜNG,Website - Trang TTĐT tổng hợp,,Giấy phép (TVPL PDF),,valid,
daohaitac.nicatech.vn,CÔNG TY TNHH DỊCH VỤ TRUYỀN THÔNG NICA,QUYẾT ĐỊNH PHÁT HÀNH TRÒ CHƠI ĐIỆN TỬ G1 TRÊN MẠNG,2024-08-19,Giấy phép (ABEI),1390/QĐ-BTTTT,valid,https://giayphep.abei.gov.vn/
daohoakiem.vn,CÔNG TY CỔ PHẦN FUNTAP,QUYẾT ĐỊNH PHÁT HÀNH TRÒ CHƠI ĐIỆN TỬ G1 TRÊN MẠNG,2019-09-23,Giấy phép (ABEI),1546/QĐ-BTTTT,valid,https://giayphep.abei.gov.vn/
daohuuxindungbuoc.joyplay.vn,CÔNG TY TNHH JOYGAMES ,QUYẾT ĐỊNH PHÁT HÀNH TRÒ CHƠI ĐIỆN TỬ G1 TRÊN MẠNG,2026-02-13,Giấy phép (ABEI),90/QĐ-PTTH&TTĐT,valid,https://giayphep.abei.gov.vn/
daokhobau.vn,CÔNG TY CỔ PHẦN 9PLAY,QUYẾT ĐỊNH PHÁT HÀNH TRÒ CHƠI ĐIỆN TỬ G1 TRÊN MẠNG,2021-01-08,Giấy phép (ABEI),14/QĐ-BTTTT,valid,https://giayphep.abei.gov.vn/
daokiemvosong.vn,CÔNG TY CỔ PHẦN FUNTAP,QUYẾT ĐỊNH PHÁT HÀNH TRÒ CHƠI ĐIỆN TỬ G1 TRÊN MẠNG,2019-04-23,Giấy phép (ABEI),625/QĐ-BTTTT,invalid,https://giayphep.abei.gov.vn/
daomoky.vn,CÔNG TY TNHH SOHA,QUYẾT ĐỊNH PHÁT HÀNH TRÒ CHƠI ĐIỆN TỬ G1 TRÊN MẠNG,2020-02-14,Giấy phép (ABEI),209/QĐ-BTTTT,valid,https://giayphep.abei.gov.vn/
daophong.vn,CÔNG TY CỔ PHẦN VTC DỊCH VỤ DI ĐỘNG,QUYẾT ĐỊNH PHÁT HÀNH TRÒ CHƠI ĐIỆN TỬ G1 TRÊN MẠNG,2016-05-24,Giấy phép (ABEI),854/QĐ-BTTTT,invalid,https://giayphep.abei.gov.vn/
daosixuatquan.splay.vn,CÔNG TY CỔ PHẦN VTC DỊCH VỤ DI ĐỘNG,QUYẾT ĐỊNH PHÁT HÀNH TRÒ CHƠI ĐIỆN TỬ G1 TRÊN MẠNG,2026-04-14,Giấy phép (ABEI),185/QĐ-PTTH&TTĐT,valid,https://giayphep.abei.gov.vn/
daosixuatquan.vn,CÔNG TY CỔ PHẦN VTC DỊCH VỤ DI ĐỘNG,QUYẾT ĐỊNH PHÁT HÀNH TRÒ CHƠI ĐIỆN TỬ G1 TRÊN MẠNG,2022-01-21,Giấy phép (ABEI),83/QĐ-BTTTT,invalid,https://giayphep.abei.gov.vn/
daotao-vhttdl.vn,VỤ ĐÀO TẠO,GIẤY PHÉP THIẾT LẬP TRANG THÔNG TIN ĐIỆN TỬ TỔNG HỢP,2017-05-25,Giấy phép (ABEI),175/GP-TTĐT,invalid,https://giayphep.abei.gov.vn/
daotaotv.vn,TRUNG TÂM ĐÀO TẠO BỒI DƯỠNG NGHIỆP VỤ TRUYỀN HÌNH,GIẤY PHÉP THIẾT LẬP TRANG THÔNG TIN ĐIỆN TỬ TỔNG HỢP,2013-04-12,Giấy phép (ABEI),40/GP-TTĐT,invalid,https://giayphep.abei.gov.vn/
daotaovuabep.mobi,Công ty Cổ phần Truyền thông Đa phương tiện Hoàng Gia,Website - Trang mạng xã hội,,Giấy phép (TVPL PDF),,valid,
daotaovuabep.vn,Công ty Cổ phần Truyền thông Đa phương tiện Hoàng Gia,Website - Trang mạng xã hội,,Giấy phép (TVPL PDF),,valid,
www.daotaovuabep.mobi,CÔNG TY CỔ PHẦN TRUYỀN THÔNG ĐA PHƯƠNG TIỆN HOÀNG GIA,GIẤY PHÉP CUNG CẤP DỊCH VỤ MẠNG XÃ HỘI,2017-09-28,Giấy phép (ABEI),472/GP-BTTTT,valid,https://giayphep.abei.gov.vn/
darknemesis.hhgame.vn,CÔNG TY CỔ PHẦN PHÁT TRIỂN CÔNG NGHỆ SỐ HỒNG HÀ,QUYẾT ĐỊNH PHÁT HÀNH TRÒ CHƠI ĐIỆN TỬ G1 TRÊN MẠNG,2022-01-21,Giấy phép (ABEI),77/QĐ-BTTTT,valid,https://giayphep.abei.gov.vn/
datarnquoc.com,CÔNG TY TNHH MYG,QUYẾT ĐỊNH PHÁT HÀNH TRÒ CHƠI ĐIỆN TỬ G1 TRÊN MẠNG,2017-12-05,Giấy phép (ABEI),2237/QĐ-BTTTT,valid,https://giayphep.abei.gov.vn/
dauanrong.vn,CÔNG TY TNHH SOHA,QUYẾT ĐỊNH PHÁT HÀNH TRÒ CHƠI ĐIỆN TỬ G1 TRÊN MẠNG,2020-03-10,Giấy phép (ABEI),317/QĐ-BTTTT,valid,https://giayphep.abei.gov.vn/
dauchienthan.gosu.vn,CÔNG TY CỔ PHẦN TRỰC TUYẾN GOSU,QUYẾT ĐỊNH PHÁT HÀNH TRÒ CHƠI ĐIỆN TỬ G1 TRÊN MẠNG,2019-05-21,Giấy phép (ABEI),752/QĐ-BTTTT,invalid,https://giayphep.abei.gov.vn/
dauhiep.slg.vn,CÔNG TY CỔ PHẦN DỊCH VỤ TRỰC TUYẾN VĨNH XUÂN,QUYẾT ĐỊNH PHÁT HÀNH TRÒ CHƠI ĐIỆN TỬ G1 TRÊN MẠNG,2018-07-20,Giấy phép (ABEI),1221/QĐ-BTTTT,valid,https://giayphep.abei.gov.vn/
dauhonsu.vgplay.vn,CÔNG TY CỔ PHẦN VGP,QUYẾT ĐỊNH PHÁT HÀNH TRÒ CHƠI ĐIỆN TỬ G1 TRÊN MẠNG,2024-10-29,Giấy phép (ABEI),1859/QĐ-BTTTT,invalid,https://giayphep.abei.gov.vn/
daula.vnggames.com,CÔNG TY TNHH TRUYỀN THÔNG MINH PHƯƠNG THỊNH,QUYẾT ĐỊNH PHÁT HÀNH TRÒ CHƠI ĐIỆN TỬ G1 TRÊN MẠNG,2022-02-21,Giấy phép (ABEI),305 /QĐ-BTTTT,valid,https://giayphep.abei.gov.vn/
daula3d.playfun.vn,CÔNG TY CỔ PHẦN FUNTAP,QUYẾT ĐỊNH PHÁT HÀNH TRÒ CHƠI ĐIỆN TỬ G1 TRÊN MẠNG,2022-04-20,Giấy phép (ABEI),726/QĐ-BTTTT,valid,https://giayphep.abei.gov.vn/
daulabangbang.playfun.vn,CÔNG TY CỔ PHẦN PHÁT TRIỂN CÔNG NGHỆ SỐ HỒNG HÀ,QUYẾT ĐỊNH PHÁT HÀNH TRÒ CHƠI ĐIỆN TỬ G1 TRÊN MẠNG,2024-02-05,Giấy phép (ABEI),133/QĐ-BTTTT,valid,https://giayphep.abei.gov.vn/
dauladailuc.playfun.vn,CÔNG TY CỔ PHẦN FUNTAP,QUYẾT ĐỊNH PHÁT HÀNH TRÒ CHƠI ĐIỆN TỬ G1 TRÊN MẠNG,2020-08-14,Giấy phép (ABEI),1395/QĐ-BTTTT,invalid,https://giayphep.abei.gov.vn/
dauladailuc3d.vn,CÔNG TY CỔ PHẦN PHÁT TRIỂN CÔNG NGHỆ SỐ HỒNG HÀ,QUYẾT ĐỊNH PHÁT HÀNH TRÒ CHƠI ĐIỆN TỬ G1 TRÊN MẠNG,2022-03-14,Giấy phép (ABEI),431/QĐ-BTTTT,valid,https://giayphep.abei.gov.vn/
daulasanhon.funtap.games,CÔNG TY CỔ PHẦN FUNTAP GAMES ,QUYẾT ĐỊNH PHÁT HÀNH TRÒ CHƠI ĐIỆN TỬ G1 TRÊN MẠNG,2026-05-15,Giấy phép (ABEI),251/QĐ-PTTH&TTĐT,valid,https://giayphep.abei.gov.vn/
dauotoiday.vn,CÔNG TY CỔ PHẦN TRỰC TUYẾN DUO,QUYẾT ĐỊNH PHÁT HÀNH TRÒ CHƠI ĐIỆN TỬ G1 TRÊN MẠNG,2024-11-12,Giấy phép (ABEI),1962/QĐ-BTTTT,valid,https://giayphep.abei.gov.vn/
daupha.playfun.vn,CÔNG TY CỔ PHẦN FUNTAP,QUYẾT ĐỊNH PHÁT HÀNH TRÒ CHƠI ĐIỆN TỬ G1 TRÊN MẠNG,2024-06-05,Giấy phép (ABEI),919/QĐ-BTTTT,valid,https://giayphep.abei.gov.vn/
dauphathienlo.wormstudio.vn,CÔNG TY TNHH WORM STUDIO ,QUYẾT ĐỊNH PHÁT HÀNH TRÒ CHƠI ĐIỆN TỬ G1 TRÊN MẠNG,2026-07-17,Giấy phép (ABEI),424/QĐ-PTTH&TTĐT,valid,https://giayphep.abei.gov.vn/
dauthan.vplay.vn,CÔNG TY CỔ PHẦN TRUYỀN HÌNH TƯƠNG TÁC VIỆT NAM,QUYẾT ĐỊNH PHÁT HÀNH TRÒ CHƠI ĐIỆN TỬ G1 TRÊN MẠNG,2023-06-22,Giấy phép (ABEI),1091/QĐ-BTTTT,valid,https://giayphep.abei.gov.vn/
dauthanmobile.vn,CÔNG TY CỔ PHẦN FUNTAP,QUYẾT ĐỊNH PHÁT HÀNH TRÒ CHƠI ĐIỆN TỬ G1 TRÊN MẠNG,2019-05-20,Giấy phép (ABEI),738/QĐ-BTTTT,valid,https://giayphep.abei.gov.vn/
dauthau.net.vn,Công ty cổ phần Công nghệ Truyền thông Vietbid,Website - Trang mạng xã hội,,Giấy phép (TVPL PDF),,valid,
dautruong.ygame.vn,CÔNG TY CỔ PHẦN GIẢI TRÍ YGAME,QUYẾT ĐỊNH PHÁT HÀNH TRÒ CHƠI ĐIỆN TỬ G1 TRÊN MẠNG,2018-11-09,Giấy phép (ABEI),1832/QĐ-BTTTT,valid,https://giayphep.abei.gov.vn/
dautruong3q.vn,CÔNG TY CỔ PHẦN VTC DỊCH VỤ DI ĐỘNG,QUYẾT ĐỊNH PHÁT HÀNH TRÒ CHƠI ĐIỆN TỬ G1 TRÊN MẠNG,2021-08-11,Giấy phép (ABEI),1203/QĐ-BTTTT,invalid,https://giayphep.abei.gov.vn/
dautruongafk.vn,CÔNG TY CỔ PHẦN DỊCH VỤ S.PAY VIỆT NAM,QUYẾT ĐỊNH PHÁT HÀNH TRÒ CHƠI ĐIỆN TỬ G1 TRÊN MẠNG,2019-11-20,Giấy phép (ABEI),1973 /QĐ-BTTTT,valid,https://giayphep.abei.gov.vn/
dautruongatom.vn,CÔNG TY CỔ PHẦN TRỰC TUYẾN DUO,QUYẾT ĐỊNH PHÁT HÀNH TRÒ CHƠI ĐIỆN TỬ G1 TRÊN MẠNG,2023-05-11,Giấy phép (ABEI),801/QĐ-BTTTT,valid,https://giayphep.abei.gov.vn/
dautruongchanthu.sohaga,CÔNG TY TNHH SOHA ,QUYẾT ĐỊNH PHÁT HÀNH TRÒ CHƠI ĐIỆN TỬ G1 TRÊN MẠNG,2025-09-10,Giấy phép (ABEI),385/QĐ-PTTH&TTĐT,invalid,https://giayphep.abei.gov.vn/
dautruonghaki.vn,CÔNG TY CỔ PHẦN FUNTAP,QUYẾT ĐỊNH PHÁT HÀNH TRÒ CHƠI ĐIỆN TỬ G1 TRÊN MẠNG,2018-01-26,Giấy phép (ABEI),100/QĐ-BTTTT,valid,https://giayphep.abei.gov.vn/
dautruongnuthan.hhgame.vn,CÔNG TY CỔ PHẦN PHÁT TRIỂN CÔNG NGHỆ SỐ HỒNG HÀ,QUYẾT ĐỊNH PHÁT HÀNH TRÒ CHƠI ĐIỆN TỬ G1 TRÊN MẠNG,2020-09-30,Giấy phép (ABEI),1663 /OĐ-BTTTT,valid,https://giayphep.abei.gov.vn/
dautu.kinhtechungkhoan.vn,Tạp chí điện tử Kinh tế Chứng khoán Việt Nam,"Website - Báo, tạp chí điện tử",,Giấy phép (TVPL PDF),,valid,
dautudoanhnghiep.vn,Công ty TNHH Dịch vụ thông tin và phát triển nội dung DATASHARE,Website - Trang TTĐT tổng hợp,,Giấy phép (TVPL PDF),,valid,
daututhuongmai.vn,VIỆN TƯ VẤN CÔNG NGHỆ VÀ ĐÀO TẠO TOÀN CẦU,GIẤY PHÉP THIẾT LẬP TRANG THÔNG TIN ĐIỆN TỬ TỔNG HỢP,2021-01-07,Giấy phép (ABEI),04/GP-TTĐT,invalid,https://giayphep.abei.gov.vn/
dautuvakinhdoanh.vn,Công ty Cổ phần Truyền thông Hưng Thịnh Phát,Website - Trang TTĐT tổng hợp,,Giấy phép (TVPL PDF),,valid,
dautuvietnam.vn,Công ty Cổ phần Truyền thông đầu tư Việt Nam,Website - Trang TTĐT tổng hợp,,Giấy phép (TVPL PDF),,valid,
dav.gov.vn,CỤC QUẢN LÝ DƯỢC,GIẤY PHÉP THIẾT LẬP TRANG THÔNG TIN ĐIỆN TỬ TỔNG HỢP,2018-12-27,Giấy phép (ABEI),318/GP-TTĐT,valid,https://giayphep.abei.gov.vn/
davichat.vn,CÔNG TY TNHH CÔNG NGHỆ QUỐC TẾ ĐẠI VIỆT,GIẤY PHÉP CUNG CẤP DỊCH VỤ MẠNG XÃ HỘI,2020-03-30,Giấy phép (ABEI),118/GP-BTTTT,valid,https://giayphep.abei.gov.vn/
dayhoc.net.vn,Công ty cổ phần Phát triển Giáo dục Thông Minh,Website - Trang mạng xã hội,,Giấy phép (TVPL PDF),,valid,
daysofempire.gamota.com,CÔNG TY CỔ PHẦN GAMOTA,QUYẾT ĐỊNH PHÁT HÀNH TRÒ CHƠI ĐIỆN TỬ G1 TRÊN MẠNG,2020-12-07,Giấy phép (ABEI),2148/QĐ-BTTTT,valid,https://giayphep.abei.gov.vn/
db.choi.vn,CÔNG TY CỔ PHẦN GIẢI TRÍ VGG,QUYẾT ĐỊNH PHÁT HÀNH TRÒ CHƠI ĐIỆN TỬ G1 TRÊN MẠNG,2017-09-06,Giấy phép (ABEI),1491/QĐ-BTTTT,valid,https://giayphep.abei.gov.vn/
dcgd.zoneplay.vn,CÔNG TY CỔ PHẦN GZONE MEDIA VIỆT NAM,QUYẾT ĐỊNH PHÁT HÀNH TRÒ CHƠI ĐIỆN TỬ G1 TRÊN MẠNG,2025-12-19,Giấy phép (ABEI),562/QĐ-PTTH&TTĐT,valid,https://giayphep.abei.gov.vn/
dck.360game.vn,CÔNG TY TNHH NỘI DUNG SỐ NGUYÊN BẢO,QUYẾT ĐỊNH PHÁT HÀNH TRÒ CHƠI ĐIỆN TỬ G1 TRÊN MẠNG,2017-09-12,Giấy phép (ABEI),1546/QĐ-BTTTT,valid,https://giayphep.abei.gov.vn/
dclm.vtcgame.vn,CÔNG TY VTC CÔNG NGHỆ VÀ NỘI DUNG SỐ,"GIẤY XÁC NHẬN THÔNG BÁO PHÁT HÀNH TRÒ CHƠI ĐIỆN TỬ G2,G3,G4",2021-03-11,Giấy phép (ABEI),36/GXN-PTTH&TTĐT,valid,https://giayphep.abei.gov.vn/
dcq.sungame.vn,CÔNG TY CỔ PHẦN GIẢI TRÍ TRỰC TUYẾN SUNGAME,QUYẾT ĐỊNH PHÁT HÀNH TRÒ CHƠI ĐIỆN TỬ G1 TRÊN MẠNG,2021-05-07,Giấy phép (ABEI),623/QĐ-BTTTT,invalid,https://giayphep.abei.gov.vn/
dct.360game.vn,CÔNG TY CỔ PHẦN VNG,QUYẾT ĐỊNH PHÁT HÀNH TRÒ CHƠI ĐIỆN TỬ G1 TRÊN MẠNG,2016-12-30,Giấy phép (ABEI),2363/QĐ-BTTTT,invalid,https://giayphep.abei.gov.vn/
dctg.1618play.vn,CÔNG TY TNHH 1618PLAY,QUYẾT ĐỊNH PHÁT HÀNH TRÒ CHƠI ĐIỆN TỬ G1 TRÊN MẠNG,2017-06-30,Giấy phép (ABEI),1040/QĐ-BTTTT,valid,https://giayphep.abei.gov.vn/
dctm.1618play.vn,CÔNG TY TNHH 1618PLAY,QUYẾT ĐỊNH PHÁT HÀNH TRÒ CHƠI ĐIỆN TỬ G1 TRÊN MẠNG,2017-07-26,Giấy phép (ABEI),1228/QĐ-BTTTT,valid,https://giayphep.abei.gov.vn/
ddvl.talktv.vn,CÔNG TY CỔ PHẦN VNG,QUYẾT ĐỊNH PHÁT HÀNH TRÒ CHƠI ĐIỆN TỬ G1 TRÊN MẠNG,2017-12-05,Giấy phép (ABEI),2235/QĐ-BTTTT,invalid,https://giayphep.abei.gov.vn/
deanbktt.vn,VĂN PHÒNG ĐỀ ÁN BIÊN SOẠN BÁCH KHOA TOÀN THƯ VIỆT NAM,GIẤY PHÉP THIẾT LẬP TRANG THÔNG TIN ĐIỆN TỬ TỔNG HỢP,2018-06-04,Giấy phép (ABEI),143/GP-TTĐT,valid,https://giayphep.abei.gov.vn/
debongda.zongplay.vn,CÔNG TY CỔ PHẦN GZONE MEDIA VIỆT NAM,QUYẾT ĐỊNH PHÁT HÀNH TRÒ CHƠI ĐIỆN TỬ G1 TRÊN MẠNG,2022-04-06,Giấy phép (ABEI),636/QĐ-BTTTT,valid,https://giayphep.abei.gov.vn/
deca.vn,Công ty Cổ phần Quảng cáo trực tuyến 24H,Website - Trang mạng xã hội,,Giấy phép (TVPL PDF),,valid,
dechebongda.weplayz.com,CÔNG TY TNHH PHẦN MỀM WEPLAY ,QUYẾT ĐỊNH PHÁT HÀNH TRÒ CHƠI ĐIỆN TỬ G1 TRÊN MẠNG,2026-02-12,Giấy phép (ABEI),81/QĐ-PTTH&TTĐT,valid,https://giayphep.abei.gov.vn/
deltaforce.vn,CÔNG TY TNHH DỊCH VỤ PHẦN MỀM HÒA THÁI,QUYẾT ĐỊNH PHÁT HÀNH TRÒ CHƠI ĐIỆN TỬ G1 TRÊN MẠNG,2026-05-06,Giấy phép (ABEI),231/QĐ-PTTH&TTĐT,valid,https://giayphep.abei.gov.vn/
denhatnhangia.vn,CÔNG TY CỔ PHẦN TRỰC TUYỂN DUO,QUYẾT ĐỊNH PHÁT HÀNH TRÒ CHƠI ĐIỆN TỬ G1 TRÊN MẠNG,2024-02-06,Giấy phép (ABEI),149/QĐ-BTTTT,valid,https://giayphep.abei.gov.vn/
dep.com.vn,BÁO ẢNH VIỆT NAM,GIẤY PHÉP THIẾT LẬP TRANG THÔNG TIN ĐIỆN TỬ TỔNG HỢP,2013-08-29,Giấy phép (ABEI),130/GP-TTĐT,invalid,https://giayphep.abei.gov.vn/
dep4g.com.vn,Công ty TNHH Công nghệ và Nội dung số 4G,Website - Trang TTĐT tổng hợp,,Giấy phép (TVPL PDF),,valid,
depaz.vn,TẠP CHÍ MỸ THUẬT ỨNG DỤNG,GIẤY PHÉP CUNG CẤP DỊCH VỤ MẠNG XÃ HỘI,2022-01-25,Giấy phép (ABEI),45/GP-BTTTT,valid,https://giayphep.abei.gov.vn/
depplus.biz,Công ty Cổ phần truyền thông đa phương tiện VTQ Hà Nội,Website - Trang TTĐT tổng hợp,,Giấy phép (TVPL PDF),,valid,
depplus.info.vn,Công ty Cổ phần truyền thông đa phương tiện VTQ Hà Nội,Website - Trang TTĐT tổng hợp,,Giấy phép (TVPL PDF),,valid,
designplus.vn,CÔNG TY TNHH PHÁT TRIỂN THIẾT KẾ VIỆT NAM,GIẤY PHÉP CUNG CẤP DỊCH VỤ MẠNG XÃ HỘI,2024-01-27,Giấy phép (ABEI),18/GP-BTTTT,valid,https://giayphep.abei.gov.vn/
devuong.vplay.vn,CÔNG TY CỔ PHẦN TRUYỀN HÌNH TƯƠNG TÁC VIỆT NAM,QUYẾT ĐỊNH PHÁT HÀNH TRÒ CHƠI ĐIỆN TỬ G1 TRÊN MẠNG,2022-06-16,Giấy phép (ABEI),1078/QĐ-BTTTT,invalid,https://giayphep.abei.gov.vn/
devuong3q.vn,CÔNG TY CỔ PHẦN DỊCH VỤ TRỰC TUYẾN MIGA,QUYẾT ĐỊNH PHÁT HÀNH TRÒ CHƠI ĐIỆN TỬ G1 TRÊN MẠNG,2023-09-29,Giấy phép (ABEI),1875/QĐ-BTTTT,valid,https://giayphep.abei.gov.vn/
devuongbanghiep.vn,CÔNG TY TNHH SOHA,QUYẾT ĐỊNH PHÁT HÀNH TRÒ CHƠI ĐIỆN TỬ G1 TRÊN MẠNG,2019-01-28,Giấy phép (ABEI),98/QĐ-BTTTT,valid,https://giayphep.abei.gov.vn/
dff.vn,Công ty cổ phần Tài chính Số,Website - Trang mạng xã hội,,Giấy phép (TVPL PDF),,valid,
dg3q.zoneplay.vn,CÔNG TY CỔ PHẦN GZONE MEDIA VIỆT NAM,QUYẾT ĐỊNH PHÁT HÀNH TRÒ CHƠI ĐIỆN TỬ G1 TRÊN MẠNG,2022-12-13,Giấy phép (ABEI),2314/QĐ-BTTTT,valid,https://giayphep.abei.gov.vn/
dgamejsc.com,CÔNG TY CỔ PHẦN DRAGON GAME ,QUYẾT ĐỊNH PHÁT HÀNH TRÒ CHƠI ĐIỆN TỬ G1 TRÊN MẠNG,2026-02-13,Giấy phép (ABEI),86/QĐ-PTTH&TTĐT,valid,https://giayphep.abei.gov.vn/
dgtt.mocgame.vn,CÔNG TY CỔ PHẦN TRÒ CHƠI MỘC,QUYẾT ĐỊNH PHÁT HÀNH TRÒ CHƠI ĐIỆN TỬ G1 TRÊN MẠNG,2024-05-14,Giấy phép (ABEI),784/QĐ-BTTTT,invalid,https://giayphep.abei.gov.vn/
dh.mgol.vn,CÔNG TY TNHH PHẦN MỀM MGOL,QUYẾT ĐỊNH PHÁT HÀNH TRÒ CHƠI ĐIỆN TỬ G1 TRÊN MẠNG,2023-07-11,Giấy phép (ABEI),1242/QĐ-BTTTT,valid,https://giayphep.abei.gov.vn/
dhannd.edu.vn,Trường Đại học An ninh nhân dân,Website - Trang TTĐT tổng hợp,,Giấy phép (TVPL PDF),,valid,
dhlen.esgame.vn,CÔNG TY CỔ PHẦN ĐẦU TƯ & CÔNG NGHỆ MCORP,QUYẾT ĐỊNH PHÁT HÀNH TRÒ CHƠI ĐIỆN TỬ G1 TRÊN MẠNG,2020-08-25,Giấy phép (ABEI),1453/QĐ-BTTTT,valid,https://giayphep.abei.gov.vn/
dhpiupiupiu.esgame.vn,CÔNG TY CỔ PHẦN ĐẦU TƯ & CÔNG NGHỆ MCORP,QUYẾT ĐỊNH PHÁT HÀNH TRÒ CHƠI ĐIỆN TỬ G1 TRÊN MẠNG,2020-04-15,Giấy phép (ABEI),544 /QĐ-BTTTT,valid,https://giayphep.abei.gov.vn/
dhtp.vn,BAN QUẢN LÝ KHU CÔNG NGHỆ CAO ĐÀ NẴNG,GIẤY PHÉP THIẾT LẬP TRANG THÔNG TIN ĐIỆN TỬ TỔNG HỢP,2013-01-25,Giấy phép (ABEI),11/GP-TTĐT,invalid,https://giayphep.abei.gov.vn/
www.dhtp.gov.vn,BAN QUẢN LÝ KHU CÔNG NGHỆ CAO ĐÀ NẴNG,GIẤY PHÉP THIẾT LẬP TRANG THÔNG TIN ĐIỆN TỬ TỔNG HỢP,2013-01-25,Giấy phép (ABEI),11/GP-TTĐT,invalid,https://giayphep.abei.gov.vn/
dhtt.playfun.vn,CÔNG TY CỔ PHẦN FUNTAP,QUYẾT ĐỊNH PHÁT HÀNH TRÒ CHƠI ĐIỆN TỬ G1 TRÊN MẠNG,2024-10-29,Giấy phép (ABEI),1863/QĐ-BTTTT,valid,https://giayphep.abei.gov.vn/
dhtt.zoneplay.vn,CÔNG TY CỔ PHẦN GZONE MEDIA VIỆT NAM,QUYẾT ĐỊNH PHÁT HÀNH TRÒ CHƠI ĐIỆN TỬ G1 TRÊN MẠNG,2023-11-10,Giấy phép (ABEI),2201/QĐ-BTTTT,valid,https://giayphep.abei.gov.vn/
dhxdh.thienthuonghoa.com,CÔNG TY CỔ PHẦN GIẢI TRÍ THIÊN THƯỢNG HỎA,QUYẾT ĐỊNH PHÁT HÀNH TRÒ CHƠI ĐIỆN TỬ G1 TRÊN MẠNG,2022-01-19,Giấy phép (ABEI),54/QĐ-BTTTT,invalid,https://giayphep.abei.gov.vn/
diadiemanuong.biz.vn,CÔNG TY TNHH ĐỊA ĐIỂM ĂN UỐNG,GIẤY PHÉP CUNG CẤP DỊCH VỤ MẠNG XÃ HỘI,2017-08-15,Giấy phép (ABEI),394/GP-BTTTT,valid,https://giayphep.abei.gov.vn/
www.diadiemanuong.com,CÔNG TY TNHH ĐỊA ĐIỂM ĂN UỐNG,GIẤY PHÉP CUNG CẤP DỊCH VỤ MẠNG XÃ HỘI,2017-08-15,Giấy phép (ABEI),394/GP-BTTTT,valid,https://giayphep.abei.gov.vn/
diaoc.nld.com.vn,Báo Người lao động (Báo điện tử Người lao động),"Website - Báo, tạp chí điện tử",,Giấy phép (TVPL PDF),,valid,
diaocnet.vn,Công ty TNHH Truyền thông Sunflower,Website - Trang TTĐT tổng hợp,,Giấy phép (TVPL PDF),,valid,
diaoconline.vn,Công ty Cổ phần địa ốc trực tuyến,Website - Trang mạng xã hội,,Giấy phép (TVPL PDF),,valid,
dic.gov.vn,SỞ THÔNG TIN VÀ TRUYỀN THÔNG ĐIỆN BIÊN,GIẤY PHÉP THIẾT LẬP TRANG THÔNG TIN ĐIỆN TỬ TỔNG HỢP,2016-03-16,Giấy phép (ABEI),29/GP-TTĐT,valid,https://giayphep.abei.gov.vn/
dicamon.vn,CÔNG TY CỔ PHẦN THƯƠNG MẠI DỊCH VỤ CÔNG NGHỆ TIASA,GIẤY PHÉP CUNG CẤP DỊCH VỤ MẠNG XÃ HỘI,2023-08-07,Giấy phép (ABEI),281/GP-BTTTT,valid,https://giayphep.abei.gov.vn/
dichvu.vtvcab.vn,CÔNG TY CỔ PHẦN TỔNG CÔNG TY TRUYỀN HÌNH CÁP VIỆT NAM,GIẤY PHÉP THIẾT LẬP TRANG THÔNG TIN ĐIỆN TỬ TỔNG HỢP,2019-07-23,Giấy phép (ABEI),126/GP-TTĐT,invalid,https://giayphep.abei.gov.vn/
dichvuctxh.hanoi.gov.vn,Trung tâm cung cấp dịch vụ công tác xã hội Hà Nội,Website - Trang TTĐT tổng hợp,,Giấy phép (TVPL PDF),,valid,
dicungcon.vn,CÔNG TY CỔ PHẦN ADTIMA,GIẤY PHÉP CUNG CẤP DỊCH VỤ MẠNG XÃ HỘI,2024-06-06,Giấy phép (ABEI),152/GP-BTTTT,valid,https://giayphep.abei.gov.vn/
www.dicungcon.com.vn,CÔNG TY CỔ PHẦN ADTIMA,GIẤY PHÉP CUNG CẤP DỊCH VỤ MẠNG XÃ HỘI,2024-06-06,Giấy phép (ABEI),152/GP-BTTTT,valid,https://giayphep.abei.gov.vn/
diemnong24h.vn,CÔNG TY TNHH TRUYỀN THÔNG QUẢNG CÁO NGƯỜI ĐỒNG HÀNH,Website - Trang TTĐT tổng hợp,,Giấy phép (TVPL PDF),,valid,
diemtincongnghe.vn,Công ty TNHH Điểm tin Công nghệ,Website - Trang mạng xã hội,,Giấy phép (TVPL PDF),,valid,
diemtrang.vn,CÔNG TY TNHH DỊCH VỤ PHẦN MỀM THIÊN BÌNH,QUYẾT ĐỊNH PHÁT HÀNH TRÒ CHƠI ĐIỆN TỬ G1 TRÊN MẠNG,2017-10-12,Giấy phép (ABEI),1727/QĐ-BTTTT,valid,https://giayphep.abei.gov.vn/
dienanh.net,Công ty Cổ phần Công nghệ và Tầm nhìn Yêu âm nhạc,Website - Trang mạng xã hội,,Giấy phép (TVPL PDF),,valid,
dienanhnet.vn,Công ty Cổ phần Công nghệ và Tầm nhìn Yêu âm nhạc,Website - Trang mạng xã hội,,Giấy phép (TVPL PDF),,valid,
www.dienanhnet.vn,CÔNG TY CỔ PHẦN CÔNG NGHỆ VÀ TẦM NHÌN YÊU ÂM NHẠC,GIẤY PHÉP CUNG CẤP DỊCH VỤ MẠNG XÃ HỘI,2017-03-23,Giấy phép (ABEI),123/GP-BTTTT,valid,https://giayphep.abei.gov.vn/
dienanhthethaodulich.vn,TRUNG TÂM ĐIỆN ẢNH THỂ THAO VÀ DU LỊCH VIỆT NAM,GIẤY PHÉP THIẾT LẬP TRANG THÔNG TIN ĐIỆN TỬ TỔNG HỢP,2015-03-25,Giấy phép (ABEI),21/GP-TTĐT,invalid,https://giayphep.abei.gov.vn/
dienanhvietnam.com.vn,TẠP CHÍ ĐIỆN ẢNH VIỆT NAM,GIẤY PHÉP THIẾT LẬP TRANG THÔNG TIN ĐIỆN TỬ TỔNG HỢP,2017-07-12,Giấy phép (ABEI),234/GP-TTĐT,valid,https://giayphep.abei.gov.vn/
dienbien.dpi.gov.vn,SỞ KẾ HOẠCH VÀ ĐẦU TƯ TỈNH ĐIỆN BIÊN,GIẤY PHÉP THIẾT LẬP TRANG THÔNG TIN ĐIỆN TỬ TỔNG HỢP,2013-08-19,Giấy phép (ABEI),114/GP-BTTTT,invalid,https://giayphep.abei.gov.vn/
dienbientv.vn,ĐÀI PHÁT THANH VÀ TRUYỀN HÌNH ĐIỆN BIÊN,GIẤY PHÉP THIẾT LẬP TRANG THÔNG TIN ĐIỆN TỬ TỔNG HỢP,2021-12-27,Giấy phép (ABEI),200/GP-TTĐT,valid,https://giayphep.abei.gov.vn/
dienchientiemlau.vn,CÔNG TY TNHH SOHA,QUYẾT ĐỊNH PHÁT HÀNH TRÒ CHƠI ĐIỆN TỬ G1 TRÊN MẠNG,2024-06-04,Giấy phép (ABEI),913/QĐ-BTTTT,invalid,https://giayphep.abei.gov.vn/
diendan.baoduhoc.vn,Công ty TNHH Truyền thông Bao Du hoc,Website - Trang mạng xã hội,,Giấy phép (TVPL PDF),,valid,
diendan.songkhoe.com.vn,Tổng Công ty Viễn thông Viettel - Chi nhánh Tập đoàn Viễn thông Quân đội,Website - Trang mạng xã hội,,Giấy phép (TVPL PDF),,valid,
diendan.songkhoe.vn,Tổng Công ty Viễn thông Viettel - Chi nhánh Tập đoàn Viễn thông Quân đội,Website - Trang mạng xã hội,,Giấy phép (TVPL PDF),,valid,
diendan.tamsugiadinh.vn,Công ty Cổ phần Emobi,Website - Trang mạng xã hội,,Giấy phép (TVPL PDF),,valid,
diendan.vfpress.vn,Công ty TNHH Vfpress Việt Nam,Website - Trang mạng xã hội,,Giấy phép (TVPL PDF),,valid,
diendanbaohiem.com,Công ty cổ phần Hifawe,Website - Trang mạng xã hội,,Giấy phép (TVPL PDF),,valid,
diendanbaohiem.vn,Công ty cổ phần Hifawe,Website - Trang mạng xã hội,,Giấy phép (TVPL PDF),,valid,
diendanchungkhoan.vn,Công ty cổ phần Tài Việt,Website - Trang mạng xã hội,,Giấy phép (TVPL PDF),,valid,
diendandoanhnghiep.vn,Tạp chí Diễn đàn doanh nghiệp,"Website - Báo, tạp chí điện tử",,Giấy phép (TVPL PDF),,valid,
diendandonghanh.vn,CÔNG TY CỔ PHẦN TRUYỀN THÔNG ĐỒNG HÀNH CÙNG BẠN ĐỌC,GIẤY PHÉP CUNG CẤP DỊCH VỤ MẠNG XÃ HỘI,2021-06-29,Giấy phép (ABEI),401/GP-BTTTT,valid,https://giayphep.abei.gov.vn/
diendandothi.kinhtedothi.vn,Báo Kinh tế và Đô thị,"Website - Báo, tạp chí điện tử",,Giấy phép (TVPL PDF),,valid,
diendangiaothong.vn,TẠP CHÍ MÔI TRƯỜNG GIAO THÔNG,GIẤY PHÉP CUNG CẤP DỊCH VỤ MẠNG XÃ HỘI,2024-05-17,Giấy phép (ABEI),128/GP-BTTTT,valid,https://giayphep.abei.gov.vn/
diendankinhte.vn,CÔNG TY TNHH XÚC TIẾN ĐẦU TƯ VÀ TƯ VẤN BẤT ĐỘNG SẢN SẢI GÒN,Website - Trang TTĐT tổng hợp,,Giấy phép (TVPL PDF),,valid,
diendannangmui.vn,CÔNG TY TNHH MEDILAND VIỆT NAM,GIẤY PHÉP CUNG CẤP DỊCH VỤ MẠNG XÃ HỘI,2020-06-18,Giấy phép (ABEI),260/GP-BTTTT,valid,https://giayphep.abei.gov.vn/
diendansacdep.vn,Công ty TNHH Truyền thông Pháp luật Thị trường,Website - Trang mạng xã hội,,Giấy phép (TVPL PDF),,valid,
diendansongkhoe.vn,Công ty TNHH Truyền thông Pháp luật Thị trường,Website - Trang mạng xã hội,,Giấy phép (TVPL PDF),,valid,
www.diendansacdep.vn,CÔNG TY TNHH TRUYỀN THÔNG PHÁP LUẬT THỊ TRƯỜNG,GIẤY PHÉP CUNG CẤP DỊCH VỤ MẠNG XÃ HỘI,2021-02-24,Giấy phép (ABEI),123/GP-BTTTT,valid,https://giayphep.abei.gov.vn/
diendantienganh.com,Công ty TNHH Tư vấn dịch vụ thương mại giáo dục Phương Nam,Website - Trang mạng xã hội,,Giấy phép (TVPL PDF),,valid,
diendantienganh.vn,Công ty TNHH Tư vấn dịch vụ thương mại giáo dục Phương Nam,Website - Trang mạng xã hội,,Giấy phép (TVPL PDF),,valid,
dienluc247.vn,Công ty TNHH MTV Dịch vụ Truyền thông Điện Lực,Website - Trang TTĐT tổng hợp,,Giấy phép (TVPL PDF),,valid,
dienluctkv.vn,Tổng Công ty điện lực TKV - CTCP,Website - Trang TTĐT tổng hợp,,Giấy phép (TVPL PDF),,valid,
dienmayxanh.com,Công ty cổ phần Thế giới Di động,Website - Trang mạng xã hội,,Giấy phép (TVPL PDF),,valid,
dienmayxanh.vn,Công ty cổ phần Thế giới Di động,Website - Trang mạng xã hội,,Giấy phép (TVPL PDF),,valid,
dientudacam.vn,Tạp chí Da cam Việt Nam,"Website - Báo, tạp chí điện tử",,Giấy phép (TVPL PDF),,valid,
dientungaynay.vn,TẠP CHÍ ĐIỆN TỬ,GIẤY PHÉP THIẾT LẬP TRANG THÔNG TIN ĐIỆN TỬ TỔNG HỢP,2019-07-26,Giấy phép (ABEI),134/GP-TTĐT,valid,https://giayphep.abei.gov.vn/
dienvadoisong.com,TẠP CHÍ ĐIỆN VÀ ĐỜI SỐNG,GIẤY PHÉP THIẾT LẬP TRANG THÔNG TIN ĐIỆN TỬ TỔNG HỢP,2015-07-14,Giấy phép (ABEI),96/GP-TTĐT,invalid,https://giayphep.abei.gov.vn/
dienvadoisong.vn,TẠO CHÍ ĐIỆN VÀ ĐỜI SỐNG,GIẤY PHÉP THIẾT LẬP TRANG THÔNG TIN ĐIỆN TỬ TỔNG HỢP,2019-07-01,Giấy phép (ABEI),110/GP-TTĐT,invalid,https://giayphep.abei.gov.vn/
digigame.net.vn,TỔNG CÔNG TY TRUYỀN THÔNG (VNPT),"GIẤY XÁC NHẬN THÔNG BÁO PHÁT HÀNH TRÒ CHƠI ĐIỆN TỬ G2,G3,G4",2021-08-03,Giấy phép (ABEI),138/GXN-PTTH&TTĐT,valid,https://giayphep.abei.gov.vn/
digihuyenthoai.vn,CÔNG TY CỔ PHẦN TRỰC TUYẾN DUO,QUYẾT ĐỊNH PHÁT HÀNH TRÒ CHƠI ĐIỆN TỬ G1 TRÊN MẠNG,2021-11-26,Giấy phép (ABEI),1883/QĐ-BTTTT,invalid,https://giayphep.abei.gov.vn/
digiplay.vn,CÔNG TY TNHH DELTA DIGITAL VIỆT NAM,"GIẤY XÁC NHẬN THÔNG BÁO PHÁT HÀNH TRÒ CHƠI ĐIỆN TỬ G2,G3,G4",2024-10-14,Giấy phép (ABEI),246/GXN-PTTH&TTĐT,valid,https://giayphep.abei.gov.vn/
digitoday.vn,Tập đoàn Bưu chính viễn thông Việt Nam,Website - Trang TTĐT tổng hợp,,Giấy phép (TVPL PDF),,valid,
diijam.vn,Công ty cổ phần Diijam,Website - Trang mạng xã hội,,Giấy phép (TVPL PDF),,valid,
dinhduong.com.vn,Báo điện tử VTC News,"Website - Báo, tạp chí điện tử",,Giấy phép (TVPL PDF),,valid,
dinhonline.vn,Tạp chí Gia đình Việt Nam,MXH - Cơ quan báo chí,,Giấy phép (TVPL PDF),,valid,
disneycatch.360game.vn,CÔNG TY TNHH NỘI DUNG SỐ NGUYÊN BẢO,QUYẾT ĐỊNH PHÁT HÀNH TRÒ CHƠI ĐIỆN TỬ G1 TRÊN MẠNG,2016-06-16,Giấy phép (ABEI),1042/QĐ-BTTTT,valid,https://giayphep.abei.gov.vn/
ditamquoc.vn,CÔNG TY CỔ PHẦN FUNTAP,QUYẾT ĐỊNH PHÁT HÀNH TRÒ CHƠI ĐIỆN TỬ G1 TRÊN MẠNG,2019-06-27,Giấy phép (ABEI),1136 /QĐ-BTTTT,valid,https://giayphep.abei.gov.vn/
ditienhiep.vn,CÔNG TY CỔ PHẦN DỊCH VỤ TRỰC TUYẾN MIGA,QUYẾT ĐỊNH PHÁT HÀNH TRÒ CHƠI ĐIỆN TỬ G1 TRÊN MẠNG,2023-04-26,Giấy phép (ABEI),722/QĐ-BTTTT,invalid,https://giayphep.abei.gov.vn/
dkv.360game.vn,CÔNG TY CỔ PHẦN VNG,QUYẾT ĐỊNH PHÁT HÀNH TRÒ CHƠI ĐIỆN TỬ G1 TRÊN MẠNG,2017-05-29,Giấy phép (ABEI),811/QĐ-BTTTT,invalid,https://giayphep.abei.gov.vn/
dkvm.vn,CÔNG TY CỔ PHẦN VNG,QUYẾT ĐỊNH PHÁT HÀNH TRÒ CHƠI ĐIỆN TỬ G1 TRÊN MẠNG,2019-01-15,Giấy phép (ABEI),54/QĐ-BTTTT,invalid,https://giayphep.abei.gov.vn/
dls.gamota.com,CÔNG TY CỔ PHẦN GAMOTA,QUYẾT ĐỊNH PHÁT HÀNH TRÒ CHƠI ĐIỆN TỬ G1 TRÊN MẠNG,2023-09-19,Giấy phép (ABEI),1803/QĐ-BTTTT,valid,https://giayphep.abei.gov.vn/
dmah.zoneplay.vn,CÔNG TY CỔ PHẦN GZONE MEDIA VIỆT NAM na,QUYẾT ĐỊNH PHÁT HÀNH TRÒ CHƠI ĐIỆN TỬ G1 TRÊN MẠNG,2026-02-10,Giấy phép (ABEI),66/QĐ-PTTH&TTĐT,valid,https://giayphep.abei.gov.vn/
dn24h.vn,Công ty Cổ phần Quảng cáo Doanh nhân 24h,Website - Trang TTĐT tổng hợp,,Giấy phép (TVPL PDF),,valid,
doanhnhan24h.vn,Công ty Cổ phần Quảng cáo Doanh nhân 24h,Website - Trang TTĐT tổng hợp,,Giấy phép (TVPL PDF),,valid,
dnetwork.vn,Công ty Cổ phần Tầm Nhìn Kép,Website - Trang mạng xã hội,,Giấy phép (TVPL PDF),,valid,
dnhq.haiquanonline.com.vn,"Tạp chí Hải quan,","Website - Báo, tạp chí điện tử",,Giấy phép (TVPL PDF),,valid,
dnm.zing.vn,CÔNG TY CỔ PHẦN VNG,QUYẾT ĐỊNH PHÁT HÀNH TRÒ CHƠI ĐIỆN TỬ G1 TRÊN MẠNG,2018-06-22,Giấy phép (ABEI),963/QĐ-BTTTT,invalid,https://giayphep.abei.gov.vn/
dnrtv.org.vn,ĐÀI PHÁT THANH - TRUYỀN HÌNH ĐỒNG NAI,GIẤY PHÉP THIẾT LẬP TRANG THÔNG TIN ĐIỆN TỬ TỔNG HỢP,2020-04-24,Giấy phép (ABEI),50/GP-TTĐT,invalid,https://giayphep.abei.gov.vn/
dntm.vn,TẠP CHÍ DOANH NGHIỆP VÀ THƯƠNG MẠI,GIẤY PHÉP THIẾT LẬP TRANG THÔNG TIN ĐIỆN TỬ TỔNG HỢP,2016-11-17,Giấy phép (ABEI),214/GP-TTĐT,valid,https://giayphep.abei.gov.vn/
dnttvn.com,TẠP CHÍ DOANH NGHIỆP VÀ TRANG TRẠI VIỆT NAM,GIẤY PHÉP THIẾT LẬP TRANG THÔNG TIN ĐIỆN TỬ TỔNG HỢP,2024-02-02,Giấy phép (ABEI),21/GP-TTĐT,valid,https://giayphep.abei.gov.vn/
dnvn.com.vn,Công ty CP Itoday,Website - Trang TTĐT tổng hợp,,Giấy phép (TVPL PDF),,valid,
dnvn247.com.vn,CÔNG TY CỔ PHẦN TRUYỀN THÔNG DOANH NHÂN SÀI GÒN 247,GIẤY PHÉP CUNG CẤP DỊCH VỤ MẠNG XÃ HỘI,2021-02-08,Giấy phép (ABEI),111/GP-BTTTT,valid,https://giayphep.abei.gov.vn/
doanhchu.vn,Công ty CP Truyền thông Phần Mềm Việt,Website - Trang mạng xã hội,,Giấy phép (TVPL PDF),,valid,
doanhnghiep.kinhtechungkh,Tạp chí điện tử Kinh tế Chứng khoán Việt Nam,"Website - Báo, tạp chí điện tử",,Giấy phép (TVPL PDF),,valid,
doanhnghiepbds.vn,Công ty TNHH Tập đòan Hải Ninh,Website - Trang TTĐT tổng hợp,,Giấy phép (TVPL PDF),,valid,
doanhnghiepbiz.vn,CÔNG TY CỔ PHẦN PHÁT TRIỂN TRUYỀN THÔNG TRUYỀN HÌNH VIỆT NAM,GIẤY PHÉP CUNG CẤP DỊCH VỤ MẠNG XÃ HỘI,2020-03-26,Giấy phép (ABEI),114/GP-BTTTT,valid,https://giayphep.abei.gov.vn/
doanhnghiepcantho.com.vn,ĐẢNG ỦY KHỐI DOANH NGHIỆP THÀNH PHỐ CẦN THƠ,GIẤY PHÉP THIẾT LẬP TRANG THÔNG TIN ĐIỆN TỬ TỔNG HỢP,2013-08-08,Giấy phép (ABEI),107/GP-TTĐT,invalid,https://giayphep.abei.gov.vn/
doanhnghiepcuocsong.vn,Công ty TNHH Truyền thông và Sự kiện Hoàng Vũ,Website - Trang TTĐT tổng hợp,,Giấy phép (TVPL PDF),,valid,
doanhnghiepdoisong.vn,Công ty Cổ phần Tập đoàn Truyền thông Vietnam Zed,Website - Trang TTĐT tổng hợp,,Giấy phép (TVPL PDF),,valid,
doanhnghiephoinhap.vn,Tạp chí Doanh nghiệp và Hội nhập,"Website - Báo, tạp chí điện tử",,Giấy phép (TVPL PDF),,valid,
www.doanhnghiephoinhap.com.vn,TẠP CHÍ DOANH NGHIỆP VÀ HỘI NHẬP,GIẤY PHÉP THIẾT LẬP TRANG THÔNG TIN ĐIỆN TỬ TỔNG HỢP,2016-10-17,Giấy phép (ABEI),132/GPSĐBS-TTĐT,invalid,https://giayphep.abei.gov.vn/
doanhnghiepkinhdoanh.doa,Tạp chí điện tử Doanh nhân Việt Nam,"Website - Báo, tạp chí điện tử",,Giấy phép (TVPL PDF),,valid,
doanhnghiepkinhtexanh.vn,Tạp chí Doanh nghiệp và Kinh tế xanh,"Website - Báo, tạp chí điện tử",,Giấy phép (TVPL PDF),,valid,
doanhnghiepmanh.vn,Công ty Cổ phần Truyền thông Phần Mềm Việt (http://doanhnghieptoancau.vn),Website - Trang TTĐT tổng hợp,,Giấy phép (TVPL PDF),,valid,
doanhnghiepnet.com.vn,TẠP CHÍ DOANH NGHIỆP VÀ HỘI NHẬP,GIẤY PHÉP THIẾT LẬP TRANG THÔNG TIN ĐIỆN TỬ TỔNG HỢP,2015-12-30,Giấy phép (ABEI),181/GP-TTĐT,invalid,https://giayphep.abei.gov.vn/
doanhnghiepphapluat.net,Công ty Cổ phần tập đoàn dịch vụ truyền thông và tư vấn pháp luật VTC MEDIA,Website - Trang TTĐT tổng hợp,,Giấy phép (TVPL PDF),,valid,
doanhnghiepphapluat.vn,Công ty Cổ phần tập đoàn dịch vụ truyền thông và tư vấn pháp luật VTC MEDIA,Website - Trang TTĐT tổng hợp,,Giấy phép (TVPL PDF),,valid,
doanhnghiepphattrien.vn,Công ty Cổ phần Tư vấn Truyền thông HL,Website - Trang TTĐT tổng hợp,,Giấy phép (TVPL PDF),,valid,
doanhnghiepthuonghieu.vn,TẠP CHÍ DOANH NGHIỆP VÀ THƯƠNG HIỆU,GIẤY PHÉP THIẾT LẬP TRANG THÔNG TIN ĐIỆN TỬ TỔNG HỢP,2018-08-30,Giấy phép (ABEI),224/GP-TTĐT,valid,https://giayphep.abei.gov.vn/
doanhnghieptiepthi.vn,Tạp chí Doanh nghiệp và Tiếp thị,"Website - Báo, tạp chí điện tử",,Giấy phép (TVPL PDF),,valid,
doanhnghieptre.vn,CÔNG TY TNHH TRUYỀN THÔNG PHÁP LUẬT THỊ TRƯỜNG,GIẤY PHÉP CUNG CẤP DỊCH VỤ MẠNG XÃ HỘI,2020-06-19,Giấy phép (ABEI),262/GP-BTTTT,valid,https://giayphep.abei.gov.vn/
doanhnghiepvacuocsong.vn,Công ty TNHH Vận tải và Du lịch Hoàng Minh Hồng,Website - Trang TTĐT tổng hợp,,Giấy phép (TVPL PDF),,valid,
doanhnghiepvadautu.info.vn,Tạp chí Doanh nghiệp và Đầu tư,"Website - Báo, tạp chí điện tử",,Giấy phép (TVPL PDF),,valid,
doanhnghiepvadoanhnhan.vn,CÔNG TY CỔ PHẦN TRUYỀN THÔNG DOANH NGHIỆP VÀ DOANH NHÂN,GIẤY PHÉP CUNG CẤP DỊCH VỤ MẠNG XÃ HỘI,2019-10-16,Giấy phép (ABEI),446/GP-BTTTT,valid,https://giayphep.abei.gov.vn/
doanhnghiepvadoisong.com,Công ty Cổ phần Truyền thông và Tổ chức sự kiện Tâm Lộc Phát,Website - Trang TTĐT tổng hợp,,Giấy phép (TVPL PDF),,valid,
doanhnghiepvaphapluat.vn,Công ty Cổ phần Phát triển Truyền thông và sự kiện Sao Việt,Website - Trang TTĐT tổng hợp,,Giấy phép (TVPL PDF),,valid,
doanhnghiepvaphattrien.vn,CÔNG TY CỔ PHẦN PHÁT TRIỂN TRUYỀN THÔNG VÀ SỰ KIỆN SAO VIỆT,GIẤY PHÉP CUNG CẤP DỊCH VỤ MẠNG XÃ HỘI,2019-09-11,Giấy phép (ABEI),374/GP-BTTTT,valid,https://giayphep.abei.gov.vn/
doanhnghiepvathitruong.vn,Công ty Cổ phần Công nghệ 1Tech Việt Nam,Website - Trang TTĐT tổng hợp,,Giấy phép (TVPL PDF),,valid,
doanhnghiepvaxaydung.vn,Công ty TNHH Truyền thông quốc tế T&M,Website - Trang TTĐT tổng hợp,,Giấy phép (TVPL PDF),,valid,
doanhnghiepvn.com.vn,Tạp chí Doanh nghiệp Việt Nam,"Website - Báo, tạp chí điện tử",,Giấy phép (TVPL PDF),,valid,
doanhnghiepvn.org.vn,Tạp chí Doanh nghiệp Việt Nam,"Website - Báo, tạp chí điện tử",,Giấy phép (TVPL PDF),,valid,
doanhnghiepvn.vn,Tạp chí Doanh nghiệp Việt Nam,"Website - Báo, tạp chí điện tử",,Giấy phép (TVPL PDF),,valid,
doanhnhan.vn,Báo Pháp luật Việt Nam,"Website - Báo, tạp chí điện tử",,Giấy phép (TVPL PDF),,valid,
doanhnhandoisong.vn,Công ty TNHH Truyền thông Hiền Long,Website - Trang TTĐT tổng hợp,,Giấy phép (TVPL PDF),,valid,
doanhnhanhiendai.vn,Công ty TNHH Thương mại Dịch vụ Truyền thông Việt Press,Website - Trang TTĐT tổng hợp,,Giấy phép (TVPL PDF),,valid,
doanhnhanhoinhap.vn,Công ty Cổ phần Tư vấn Truyền thông HL (doanhnhanhoinhap.com.vn),Website - Trang TTĐT tổng hợp,,Giấy phép (TVPL PDF),,valid,
doanhnhanmoi.diendandoa,Tạp chí Diễn đàn doanh nghiệp,"Website - Báo, tạp chí điện tử",,Giấy phép (TVPL PDF),,valid,
doanhnhanngaynay.vn,Công ty TNHH MTV Truyền thông Thẫm Tú,Website - Trang TTĐT tổng hợp,,Giấy phép (TVPL PDF),,valid,
doanhnhanphaply.com.vn,Tạp chí Doanh nhân và Pháp lý,"Website - Báo, tạp chí điện tử",,Giấy phép (TVPL PDF),,valid,
doanhnhanphaply.vn,Tạp chí Doanh nhân và Pháp lý,"Website - Báo, tạp chí điện tử",,Giấy phép (TVPL PDF),,valid,
doanhnhanplus.vn,Công ty TNHH Truyền thông Nguyễn Văn Vinh,Website - Trang mạng xã hội,,Giấy phép (TVPL PDF),,valid,
doanhnhansaoviet.vn,CÔNG TY TNHH TH REPORTER VIỆT NAM,Website - Trang TTĐT tổng hợp,,Giấy phép (TVPL PDF),,valid,
doanhnhantaichinh.vn,Công ty TNHH Truyền thông và đào tạo huyền thoại,Website - Trang TTĐT tổng hợp,,Giấy phép (TVPL PDF),,valid,
doanhnhantainang.net,Công ty TNHH TMDV Truyền thông và Giải trí Ngôi Sao (doanhnhantainang.com.vn),Website - Trang TTĐT tổng hợp,,Giấy phép (TVPL PDF),,valid,
doanhnhanthitruong.vn,Công ty TNHH VStar Media,Website - Trang TTĐT tổng hợp,,Giấy phép (TVPL PDF),,valid,
doanhnhanthudo.vn,Công ty Cổ phần sản xuất và xuất nhập khẩu DDC Việt Nam,Website - Trang TTĐT tổng hợp,,Giấy phép (TVPL PDF),,valid,
doanhnhantienphong.vn,Công ty Cp Câu lạc bộ kết nối Doanh Nhân Tiên Phong,Website - Trang TTĐT tổng hợp,,Giấy phép (TVPL PDF),,valid,
doanhnhantre.net.vn,Tạp chí điện tử Doanh nhân trẻ,"Website - Báo, tạp chí điện tử",,Giấy phép (TVPL PDF),,valid,
doanhnhantrevietnam.vn,Tạp chí điện tử Doanh nhân trẻ,"Website - Báo, tạp chí điện tử",,Giấy phép (TVPL PDF),,valid,
doanhnhantrevn.vn,HỘI DOANH NHÂN TRẺ VIỆT NAM,GIẤY PHÉP THIẾT LẬP TRANG THÔNG TIN ĐIỆN TỬ TỔNG HỢP,2019-11-29,Giấy phép (ABEI),230/GP-TTĐT,valid,https://giayphep.abei.gov.vn/
doanhnhanvakhoinghiep.vn,Công ty TNHH Truyền thông VINAART,Website - Trang TTĐT tổng hợp,,Giấy phép (TVPL PDF),,valid,
doanhnhanvn.vn,Tạp chí điện tử Doanh nhân Việt Nam,"Website - Báo, tạp chí điện tử",,Giấy phép (TVPL PDF),,valid,
doanhthuong.vn,Công ty TNHH Thông tin và Dữ liệu IOT,Website - Trang TTĐT tổng hợp,,Giấy phép (TVPL PDF),,valid,
doanthanhnienninhthuan.org.vn,TỈNH ĐOÀN NINH THUẬN,GIẤY PHÉP THIẾT LẬP TRANG THÔNG TIN ĐIỆN TỬ TỔNG HỢP,2013-05-10,Giấy phép (ABEI),61/GP-TTĐT,invalid,https://giayphep.abei.gov.vn/
doanvptw.dcs.vn,ĐOÀN TNCS HỒ CHÍ MINH VĂN PHÒNG TRUNG ƯƠNG ĐẢNG,GIẤY PHÉP THIẾT LẬP TRANG THÔNG TIN ĐIỆN TỬ TỔNG HỢP,2020-11-04,Giấy phép (ABEI),203/GP-TTĐT,valid,https://giayphep.abei.gov.vn/
docabi.vn,CÔNG TY TNHH MTV THUỐC THÚ Y VÀ CHẾ PHẨM SINH HỌC VEMEDIM,GIẤY PHÉP CUNG CẤP DỊCH VỤ MẠNG XÃ HỘI,2021-07-21,Giấy phép (ABEI),467/GP-BTTTT,valid,https://giayphep.abei.gov.vn/
docbao.vn,Công ty Cổ phần Quang Minh Việt Nam,Website - Trang TTĐT tổng hợp,,Giấy phép (TVPL PDF),,valid,
docbao.com.vn,Công ty Cổ phần Quang Minh Việt Nam,Website - Trang TTĐT tổng hợp,,Giấy phép (TVPL PDF),,valid,
docco.gamota.com,CÔNG TY CỔ PHẦN GAMOTA,QUYẾT ĐỊNH PHÁT HÀNH TRÒ CHƠI ĐIỆN TỬ G1 TRÊN MẠNG,2021-08-31,Giấy phép (ABEI),1348/QĐ-BTTTT,invalid,https://giayphep.abei.gov.vn/
docco.vn,CÔNG TY CỔ PHẦN VCCORP,QUYẾT ĐỊNH PHÁT HÀNH TRÒ CHƠI ĐIỆN TỬ G1 TRÊN MẠNG,2017-12-22,Giấy phép (ABEI),2378/QĐ-BTTTT,invalid,https://giayphep.abei.gov.vn/
doccocaubai.vn,CÔNG TY TNHH SOHA,QUYẾT ĐỊNH PHÁT HÀNH TRÒ CHƠI ĐIỆN TỬ G1 TRÊN MẠNG,2020-10-26,Giấy phép (ABEI),1802/QĐ-BTTTT,valid,https://giayphep.abei.gov.vn/
doccocuukiem.cmn.vn,CÔNG TY CỔ PHẦN TRỰC TUYẾN CMN VIỆT NAM,QUYẾT ĐỊNH PHÁT HÀNH TRÒ CHƠI ĐIỆN TỬ G1 TRÊN MẠNG,2021-10-13,Giấy phép (ABEI),1590/QĐ-BTTTT,invalid,https://giayphep.abei.gov.vn/
docnhanh.com.vn,Công ty Cổ phần Báo chí và truyền thông tin nhanh,Website - Trang TTĐT tổng hợp,,Giấy phép (TVPL PDF),,valid,
docosan.vn,CÔNG TY TNHH DOCOSAN,GIẤY PHÉP CUNG CẤP DỊCH VỤ MẠNG XÃ HỘI,2024-10-31,Giấy phép (ABEI),324/GP-BTTTT,invalid,https://giayphep.abei.gov.vn/
doctor247.vn,CÔNG TY TNHH RED COMMUNICATIONS,GIẤY PHÉP CUNG CẤP DỊCH VỤ MẠNG XÃ HỘI,2023-09-06,Giấy phép (ABEI),330/GP-BTTTT,valid,https://giayphep.abei.gov.vn/
doctornetwork.vn,CÔNG TY TNHH DOCTOR NETWORK VIỆT NAM,GIẤY PHÉP CUNG CẤP DỊCH VỤ MẠNG XÃ HỘI,2024-05-20,Giấy phép (ABEI),131/GP-BTTTT,valid,https://giayphep.abei.gov.vn/
doctorscare.vn,Công ty cổ phần Doctor Care Việt Nam,Website - Trang mạng xã hội,,Giấy phép (TVPL PDF),,valid,
doecomong.vn,CÔNG TY CỔ PHẦN VTC DỊCH VỤ DI ĐỘNG,QUYẾT ĐỊNH PHÁT HÀNH TRÒ CHƠI ĐIỆN TỬ G1 TRÊN MẠNG,2023-02-13,Giấy phép (ABEI),147/QĐ-BTTTT,invalid,https://giayphep.abei.gov.vn/
doggogo.vtcmobile.vn,CÔNG TY CỔ PHẦN VTC DỊCH VỤ DI ĐỘNG,"GIẤY XÁC NHẬN THÔNG BÁO PHÁT HÀNH TRÒ CHƠI ĐIỆN TỬ G2,G3,G4",2023-12-08,Giấy phép (ABEI),212/GXN-PTTH&TTĐT,valid,https://giayphep.abei.gov.vn/
doingoai.bacgiang.gov.vn,SỞ THÔNG TIN VÀ TRUYỀN THÔNG BẮC GIANG,GIẤY PHÉP THIẾT LẬP TRANG THÔNG TIN ĐIỆN TỬ TỔNG HỢP,2021-11-24,Giấy phép (ABEI),190/GP-TTĐT,valid,https://giayphep.abei.gov.vn/
doingoaihungyen.vn,SỞ THÔNG TIN VÀ TRUYỀN THÔNG HƯNG YÊN,GIẤY PHÉP THIẾT LẬP TRANG THÔNG TIN ĐIỆN TỬ TỔNG HỢP,2017-08-09,Giấy phép (ABEI),260/GP-TTĐT,valid,https://giayphep.abei.gov.vn/
doingoailaocai.vn,SỞ THÔNG TIN VÀ TRUYỀN THÔNG LÀO CAI,GIẤY PHÉP THIẾT LẬP TRANG THÔNG TIN ĐIỆN TỬ TỔNG HỢP,2013-04-26,Giấy phép (ABEI),51/GP-TTĐT,invalid,https://giayphep.abei.gov.vn/
doingoaituyenquang.gov.vn,SỞ THÔNG TIN VÀ TRUYỀN THÔNG TUYÊN QUANG,GIẤY PHÉP THIẾT LẬP TRANG THÔNG TIN ĐIỆN TỬ TỔNG HỢP,2019-10-01,Giấy phép (ABEI),181/GP-TTĐT,valid,https://giayphep.abei.gov.vn/
doisong247.vn,Công ty Cổ phần Thương mại và Truyền thông Nguyên Hưng,Website - Trang TTĐT tổng hợp,,Giấy phép (TVPL PDF),,valid,
doisonggiadinh.baophunuth,Báo Phụ nữ thủ đô,"Website - Báo, tạp chí điện tử",,Giấy phép (TVPL PDF),,valid,
doisongkinhdoanh.com.vn,CÔNG TY TNHH TRUYỀN THÔNG QUẢNG CÁO TN76,GIẤY PHÉP CUNG CẤP DỊCH VỤ MẠNG XÃ HỘI,2020-01-13,Giấy phép (ABEI),16/GP-BTTTT,valid,https://giayphep.abei.gov.vn/
doisongkinhdoanh.vn,HIỆP HỘI CÁC TỔ CHỨC DỊCH VỤ PHÁT TRIỂN KINH DOANH VIỆT NAM,GIẤY PHÉP THIẾT LẬP TRANG THÔNG TIN ĐIỆN TỬ TỔNG HỢP,2019-09-06,Giấy phép (ABEI),173/GP-TTĐT,valid,https://giayphep.abei.gov.vn/
doisongnet.vn,Công ty TNHH MTV Truyền thông Quảng cáo Bảo Long,Website - Trang TTĐT tổng hợp,,Giấy phép (TVPL PDF),,valid,
doisongphapluat.com,Tạp chí Đời sống và Pháp luật,Website - Trang TTĐT tổng hợp,,Giấy phép (TVPL PDF),,valid,
doisongphapluat.com.vn,BÁO ĐỜI SỐNG VÀ PHÁP LUẬT,GIẤY PHÉP THIẾT LẬP TRANG THÔNG TIN ĐIỆN TỬ TỔNG HỢP,2013-05-29,Giấy phép (ABEI),68/GP-TTĐT,invalid,https://giayphep.abei.gov.vn/
doisongphapluat.nguoiduati,Tạp chí Đời sống và Pháp luật,"Website - Báo, tạp chí điện tử",,Giấy phép (TVPL PDF),,valid,
doisongquanhta.vn,CÔNG TY CỔ PHẦN TẬP ĐOÀN TRUYỀN THÔNG TRI ÂN,GIẤY PHÉP CUNG CẤP DỊCH VỤ MẠNG XÃ HỘI,2020-06-30,Giấy phép (ABEI),278/GP-BTTTT,valid,https://giayphep.abei.gov.vn/
doisongso.vn,Công ty TNHH Thông tin và Công nghệ ORANGE,Website - Trang TTĐT tổng hợp,,Giấy phép (TVPL PDF),,valid,
doisongthuonghieu.vn,Công ty TNHH Truyền thông Mặt trời mới,Website - Trang TTĐT tổng hợp,,Giấy phép (TVPL PDF),,valid,
doisongtieudung.vn,Tạp chí Đời sống và Tiêu dùng,Website - Trang TTĐT tổng hợp,,Giấy phép (TVPL PDF),,valid,
www.dantin.vn,BÁO ĐỜI SỐNG VÀ TIÊU DÙNG,GIẤY PHÉP THIẾT LẬP TRANG THÔNG TIN ĐIỆN TỬ TỔNG HỢP,2016-04-07,Giấy phép (ABEI),29/GP-TTĐT,valid,https://giayphep.abei.gov.vn/
doisongvagiaoduc.vn,Công ty TNHH Truyền thông Đời Sống Mới,Website - Trang TTĐT tổng hợp,,Giấy phép (TVPL PDF),,valid,
doisongvanhoa.com.vn,Công ty TNHH Truyền thông Quốc tế Hà Vy,Website - Trang TTĐT tổng hợp,,Giấy phép (TVPL PDF),,valid,
doisongvaphattrien.vn,CÔNG TY CỔ PHẦN TRUYỀN THÔNG ĐỜI SỐNG VÀ PHÁT TRIỂN,GIẤY PHÉP CUNG CẤP DỊCH VỤ MẠNG XÃ HỘI,2019-11-05,Giấy phép (ABEI),481/GP-BTTTT,valid,https://giayphep.abei.gov.vn/
doisongvietnam.vn,Công ty TNHH Truyền thông và Quảng cáo 3T (Đổi thành : Công ty TNHH Đời sống Việt Nam),Website - Trang TTĐT tổng hợp,,Giấy phép (TVPL PDF),,valid,
doithoaiphattrien.vn,Tạp chí Truyền thống và Phát triển,Website - Trang TTĐT tổng hợp,,Giấy phép (TVPL PDF),,valid,
doithoaiphttrien.vn,TẠP CHÍ TRUYỀN THÔNG VÀ PHÁT TRIỂN,GIẤY PHÉP THIẾT LẬP TRANG THÔNG TIN ĐIỆN TỬ TỔNG HỢP,2021-05-12,Giấy phép (ABEI),75/GP-TTĐT,valid,https://giayphep.abei.gov.vn/
doituongnhinho.vn,CÔNG TY CỔ PHẦN GIẢI TRÍ TRỰC TUYẾN KAN,QUYẾT ĐỊNH PHÁT HÀNH TRÒ CHƠI ĐIỆN TỬ G1 TRÊN MẠNG,2026-07-22,Giấy phép (ABEI),440 /QĐ-PTTH&TTĐT,valid,https://giayphep.abei.gov.vn/
dominhduong.vn,Công ty Cổ phần Thừa kế và Ứng dụng Đông y Việt Nam,Website - Trang TTĐT tổng hợp,,Giấy phép (TVPL PDF),,valid,
donami.vn,CÔNG TY CỔ PHẦN CÔNG NGHỆ VÀ DỊCH VỤ DONAMI,GIẤY PHÉP CUNG CẤP DỊCH VỤ MẠNG XÃ HỘI,2019-05-28,Giấy phép (ABEI),206/GP-BTTTT,valid,https://giayphep.abei.gov.vn/
dong.vn,Báo Lao Động,MXH - Cơ quan báo chí,,Giấy phép (TVPL PDF),,valid,
dongchulietquocmobile.vn,CÔNG TY CỔ PHẦN FUNTAP,QUYẾT ĐỊNH PHÁT HÀNH TRÒ CHƠI ĐIỆN TỬ G1 TRÊN MẠNG,2019-04-24,Giấy phép (ABEI),632/QĐ-BTTTT,valid,https://giayphep.abei.gov.vn/
donghanhviet.vn,Tạp chí Đồng hành Việt,"Website - Báo, tạp chí điện tử",,Giấy phép (TVPL PDF),,valid,
dongvon.doanhnhanhvn.vn,Tạp chí điện tử Doanh nhân Việt Nam,"Website - Báo, tạp chí điện tử",,Giấy phép (TVPL PDF),,valid,
doran.sungame.vn,CÔNG TY CỔ PHẦN GIẢI TRÍ TRỰC TUYẾN SUNGAME,QUYẾT ĐỊNH PHÁT HÀNH TRÒ CHƠI ĐIỆN TỬ G1 TRÊN MẠNG,2021-03-01,Giấy phép (ABEI),246/QĐ-BTTTT,valid,https://giayphep.abei.gov.vn/
dost.hanoi.gov.vn,Sở Khoa học và Công nghệ Hà Nội,Website - Trang TTĐT tổng hợp,,Giấy phép (TVPL PDF),,valid,
dost.hochiminhcity.gov.vn,Sở Khoa học và Công nghệ TPHCM,Website - Trang TTĐT tổng hợp,,Giấy phép (TVPL PDF),,valid,
dota.360game.vn,CÔNG TY TNHH TRUYỀN THÔNG MINH PHƯƠNG THỊNH,QUYẾT ĐỊNH PHÁT HÀNH TRÒ CHƠI ĐIỆN TỬ G1 TRÊN MẠNG,2016-06-30,Giấy phép (ABEI),1147/QĐ-BTTTT,valid,https://giayphep.abei.gov.vn/
dothi.net,Công ty TNHH Dịch vụ Truyền thông Đô Thị (dothi.net.vn),Website - Trang TTĐT tổng hợp,,Giấy phép (TVPL PDF),,valid,
dothi.reatimes.vn,Tạp chí điện tử Bất động sản Việt Nam,"Website - Báo, tạp chí điện tử",,Giấy phép (TVPL PDF),,valid,
dothivacuocsong.com.vn,Công ty Cổ phần Thương mại dịch vụ và truyền thông Mai Vân,Website - Trang TTĐT tổng hợp,,Giấy phép (TVPL PDF),,valid,
dotkich3q.gosu.vn,CÔNG TY CỔ PHẦN TRỰC TUYẾN GOSU,QUYẾT ĐỊNH PHÁT HÀNH TRÒ CHƠI ĐIỆN TỬ G1 TRÊN MẠNG,2021-03-01,Giấy phép (ABEI),241 /QĐ-BTTTT,valid,https://giayphep.abei.gov.vn/
dotomobile.vn,CÔNG TY CỔ PHẦN TRỰC TUYỂN CMN VIỆT NAM,QUYẾT ĐỊNH PHÁT HÀNH TRÒ CHƠI ĐIỆN TỬ G1 TRÊN MẠNG,2017-10-27,Giấy phép (ABEI),1854/QĐ-BTTTT,valid,https://giayphep.abei.gov.vn/
download.vn,CÔNG TY CỔ PHẦN MẠNG TRỰC TUYẾN META,GIẤY PHÉP CUNG CẤP DỊCH VỤ MẠNG XÃ HỘI,2021-08-30,Giấy phép (ABEI),569/GP-BTTTT,valid,https://giayphep.abei.gov.vn/
dp3q.gosu.vn,CÔNG TY CỔ PHẦN TRỰC TUYẾN GOSU,QUYẾT ĐỊNH PHÁT HÀNH TRÒ CHƠI ĐIỆN TỬ G1 TRÊN MẠNG,2019-09-11,Giấy phép (ABEI),1474/QĐ-BTTTT,valid,https://giayphep.abei.gov.vn/
dptk.gamota.com,CÔNG TY CỔ PHẦN GAMOTA,QUYẾT ĐỊNH PHÁT HÀNH TRÒ CHƠI ĐIỆN TỬ G1 TRÊN MẠNG,2025-04-21,Giấy phép (ABEI),129/QĐ-PTTH&TTĐT,valid,https://giayphep.abei.gov.vn/
draconiasaga.hhgame.vn,CÔNG TY CỔ PHẦN PHÁT TRIỂN CÔNG NGHỆ SỐ HỒNG HÀ,QUYẾT ĐỊNH PHÁT HÀNH TRÒ CHƠI ĐIỆN TỬ G1 TRÊN MẠNG,2024-04-26,Giấy phép (ABEI),676/QĐ-BTTTT,valid,https://giayphep.abei.gov.vn/
dragonage.thienthuonghoa.com,CÔNG TY CỔ PHẦN GIẢI TRÍ THIÊN THƯỢNG HỎA,QUYẾT ĐỊNH PHÁT HÀNH TRÒ CHƠI ĐIỆN TỬ G1 TRÊN MẠNG,2020-10-26,Giấy phép (ABEI),1791/QĐ-BTTTT,valid,https://giayphep.abei.gov.vn/
dragonnest.mocgame.vn,Công ty TNHH Trò chơi Mộc,QUYẾT ĐỊNH PHÁT HÀNH TRÒ CHƠI ĐIỆN TỬ G1 TRÊN MẠNG,2026-07-17,Giấy phép (ABEI),429/QĐ-PTTH&TTĐT,valid,https://giayphep.abei.gov.vn/
dragonsaga.vtcgame.vn,CÔNG TY VTC CÔNG NGHỆ VÀ NỘI DUNG SỐ,QUYẾT ĐỊNH PHÁT HÀNH TRÒ CHƠI ĐIỆN TỬ G1 TRÊN MẠNG,2021-11-18,Giấy phép (ABEI),1849/QĐ-BTTTT,invalid,https://giayphep.abei.gov.vn/
dragonsong.playfun.vn,CÔNG TY CỔ PHẦN FUNTAP,QUYẾT ĐỊNH PHÁT HÀNH TRÒ CHƠI ĐIỆN TỬ G1 TRÊN MẠNG,2024-01-02,Giấy phép (ABEI),02/QĐ-BTTTT,valid,https://giayphep.abei.gov.vn/
dragonsoulawakening.com.vn,CÔNG TY CỔ PHẦN GGO ,QUYẾT ĐỊNH PHÁT HÀNH TRÒ CHƠI ĐIỆN TỬ G1 TRÊN MẠNG,2026-01-23,Giấy phép (ABEI),28/QĐ-PTTH&TTĐT,valid,https://giayphep.abei.gov.vn/
dream.vnggames.com,CÔNG TY CỔ PHẦN TẬP ĐOÀN VNG,QUYẾT ĐỊNH PHÁT HÀNH TRÒ CHƠI ĐIỆN TỬ G1 TRÊN MẠNG,2025-07-17,Giấy phép (ABEI),326/QĐ-PTTH&TTĐT,valid,https://giayphep.abei.gov.vn/
dream2.funtap.games,CÔNG TY CỔ PHẦN FUNTAP GAMES,QUYẾT ĐỊNH PHÁT HÀNH TRÒ CHƠI ĐIỆN TỬ G1 TRÊN MẠNG,2026-05-15,Giấy phép (ABEI),247/QĐ-PTTH&TTĐT,valid,https://giayphep.abei.gov.vn/
dreamland.vgplay.vn,CÔNG TY CỔ PHẦN VGP,QUYẾT ĐỊNH PHÁT HÀNH TRÒ CHƠI ĐIỆN TỬ G1 TRÊN MẠNG,2023-09-19,Giấy phép (ABEI),1802/QĐ-BTTTT,valid,https://giayphep.abei.gov.vn/
dreamshub.vn,Công ty TNHH Truyền thông Purpose,Website - Trang TTĐT tổng hợp,,Giấy phép (TVPL PDF),,valid,
dreamworld.gamota.com,CÔNG TY CỔ PHẦN GAMOTA,QUYẾT ĐỊNH PHÁT HÀNH TRÒ CHƠI ĐIỆN TỬ G1 TRÊN MẠNG,2017-10-18,Giấy phép (ABEI),1778/QĐ-BTTTT,valid,https://giayphep.abei.gov.vn/
driftracing3v3.vn,CÔNG TY CỔ PHẦN PHÁT TRIỂN CÔNG NGHỆ SỐ HỒNG HÀ ,QUYẾT ĐỊNH PHÁT HÀNH TRÒ CHƠI ĐIỆN TỬ G1 TRÊN MẠNG,2025-11-10,Giấy phép (ABEI),502/QĐ-PTTH&TTĐT,valid,https://giayphep.abei.gov.vn/
drpepper.vn,Công ty TNHH Vương Quốc Hạnh Phúc,Website - Trang TTĐT tổng hợp,,Giấy phép (TVPL PDF),,valid,
drt.vn,ĐÀI PHÁT THANH VÀ TRUYỀN HÌNH ĐẮK LẮK,GIẤY PHÉP THIẾT LẬP TRANG THÔNG TIN ĐIỆN TỬ TỔNG HỢP,2017-07-20,Giấy phép (ABEI),241/GP-TTĐT,invalid,https://giayphep.abei.gov.vn/
ds.splay.vn,CÔNG TY CỔ PHẦN VTC DỊCH VỤ DI ĐỘNG,QUYẾT ĐỊNH PHÁT HÀNH TRÒ CHƠI ĐIỆN TỬ G1 TRÊN MẠNG,2026-04-06,Giấy phép (ABEI),178/QĐ-PTTH&TTĐT,valid,https://giayphep.abei.gov.vn/
dsehaiphong.vn,CHI CỤC PHÒNG CHỐNG TỆ NẠN XÃ HỘI,GIẤY PHÉP THIẾT LẬP TRANG THÔNG TIN ĐIỆN TỬ TỔNG HỢP,2013-01-08,Giấy phép (ABEI),02/GP-TTĐT,invalid,https://giayphep.abei.gov.vn/
dt.hhgame.vn,CÔNG TY CỔ PHẦN PHÁT TRIỂN CÔNG NGHỆ SỐ HỒNG HÀ ,QUYẾT ĐỊNH PHÁT HÀNH TRÒ CHƠI ĐIỆN TỬ G1 TRÊN MẠNG,2026-01-13,Giấy phép (ABEI),13/QĐ-PTTH&TTĐT,valid,https://giayphep.abei.gov.vn/
dt3q.vnggames.vn,CÔNG TY CỔ PHẦN VNG,QUYẾT ĐỊNH PHÁT HÀNH TRÒ CHƠI ĐIỆN TỬ G1 TRÊN MẠNG,2019-03-15,Giấy phép (ABEI),289/QĐ-BTTTT,invalid,https://giayphep.abei.gov.vn/
dt3q.zing.vn,CÔNG TY CỔ PHẦN VNG,QUYẾT ĐỊNH PHÁT HÀNH TRÒ CHƠI ĐIỆN TỬ G1 TRÊN MẠNG,2025-05-29,Giấy phép (ABEI),215/QĐ-PTTH&TTĐT,valid,https://giayphep.abei.gov.vn/
dtcl.vngames.com,CÔNG TY CỔ PHẦN VNG,QUYẾT ĐỊNH PHÁT HÀNH TRÒ CHƠI ĐIỆN TỬ G1 TRÊN MẠNG,2025-05-29,Giấy phép (ABEI),212/QĐ-PTTH&TTĐT,invalid,https://giayphep.abei.gov.vn/
dtcl.vnggames.com,CÔNG TY CỔ PHẦN TẬP ĐOÀN VNG,QUYẾT ĐỊNH PHÁT HÀNH TRÒ CHƠI ĐIỆN TỬ G1 TRÊN MẠNG,2026-03-02,Giấy phép (ABEI),104/QĐ-PTTH&TTĐT,valid,https://giayphep.abei.gov.vn/
dtd.360game.vn,CÔNG TY CỔ PHẦN VNG,QUYẾT ĐỊNH PHÁT HÀNH TRÒ CHƠI ĐIỆN TỬ G1 TRÊN MẠNG,2018-01-18,Giấy phép (ABEI),61/QĐ-BTTTT,invalid,https://giayphep.abei.gov.vn/
dtel.vnggames.com,CÔNG TY CỔ PHẦN VNG,QUYẾT ĐỊNH PHÁT HÀNH TRÒ CHƠI ĐIỆN TỬ G1 TRÊN MẠNG,2023-11-09,Giấy phép (ABEI),2192/QĐ-BTTTT,invalid,https://giayphep.abei.gov.vn/
dthujs.vn,Tạp chí Khoa học Đại học Đồng Tháp,"Website - Báo, tạp chí điện tử",,Giấy phép (TVPL PDF),,valid,
dtinews.dantri.com.vn,Báo điện tử Dân trí,"Website - Báo, tạp chí điện tử",,Giấy phép (TVPL PDF),,valid,
dtkl.zoneplay.vn,CÔNG TY CỔ PHẦN GZONE MEDIA VIỆT NAM,QUYẾT ĐỊNH PHÁT HÀNH TRÒ CHƠI ĐIỆN TỬ G1 TRÊN MẠNG,2022-09-30,Giấy phép (ABEI),1834/QĐ-BTTTT,valid,https://giayphep.abei.gov.vn/
dtmt.duo.vn,CÔNG TY CỔ PHẦN TRỰC TUYẾN DUO,QUYẾT ĐỊNH PHÁT HÀNH TRÒ CHƠI ĐIỆN TỬ G1 TRÊN MẠNG,2020-09-30,Giấy phép (ABEI),1665 /QĐ-BTTTT,valid,https://giayphep.abei.gov.vn/
dto.redfoxgames.vn,CÔNG TY TNHH TRUYỀN THÔNG REDFOX NETWORKS,QUYẾT ĐỊNH PHÁT HÀNH TRÒ CHƠI ĐIỆN TỬ G1 TRÊN MẠNG,2025-01-21,Giấy phép (ABEI),83/QĐ-BTTTT,valid,https://giayphep.abei.gov.vn/
dtq.thienthuonghoa.com,CÔNG TY CỔ PHẦN GIẢI TRÍ THIÊN THƯỢNG HỎA,QUYẾT ĐỊNH PHÁT HÀNH TRÒ CHƠI ĐIỆN TỬ G1 TRÊN MẠNG,2021-11-26,Giấy phép (ABEI),1890/QĐ-BTTTT,valid,https://giayphep.abei.gov.vn/
dttg.baotainguyenmoitruong,Báo Tài nguyên và Môi trường,"Website - Báo, tạp chí điện tử",,Giấy phép (TVPL PDF),,valid,
dttg.bienphong.com.vn,Báo Biên phòng,"Website - Báo, tạp chí điện tử",,Giấy phép (TVPL PDF),,valid,
dttg.ictvietnam.vn,Tạp chí Thông tin và Truyền thông,"Website - Báo, tạp chí điện tử",,Giấy phép (TVPL PDF),,valid,
dtube.vn,Công ty cổ phần Dzones Hub,Website - Trang mạng xã hội,,Giấy phép (TVPL PDF),,valid,
ducnghiep.vn,CÔNG TY CỔ PHẦN ĐẦU TƯ ĐỨC NGHIỆP,GIẤY PHÉP CUNG CẤP DỊCH VỤ MẠNG XÃ HỘI,2023-04-17,Giấy phép (ABEI),127/GP-BTTTT,valid,https://giayphep.abei.gov.vn/
dukdntphcm.org.vn,Đảng ủy khối Doanh nghiệp TPHCM,Website - Trang TTĐT tổng hợp,,Giấy phép (TVPL PDF),,valid,
dulich.laodong.vn,Báo Lao động,"Website - Báo, tạp chí điện tử",,Giấy phép (TVPL PDF),,valid,
dulich.reatimes.vn,Tạp chí điện tử Bất động sản Việt Nam,"Website - Báo, tạp chí điện tử",,Giấy phép (TVPL PDF),,valid,
dulich.thethaovanhoa.vn,Báo Thể thao và Văn hóa,"Website - Báo, tạp chí điện tử",,Giấy phép (TVPL PDF),,valid,
dulichamthuc.vn,CÔNG TY CỔ PHẦN TRAVEL NETWORK,GIẤY PHÉP CUNG CẤP DỊCH VỤ MẠNG XÃ HỘI,2024-12-25,Giấy phép (ABEI),391/GP-BTTTT,valid,https://giayphep.abei.gov.vn/
dulichdl.vn,Công ty Cổ phần Next Wave Việt Nam,Website - Trang TTĐT tổng hợp,,Giấy phép (TVPL PDF),,valid,
dulichgiaitri.com.vn,Công ty TNHH Truyền thông Nam Việt,Website - Trang TTĐT tổng hợp,,Giấy phép (TVPL PDF),,valid,
dulichgiaitri.vn,Công ty TNHH Du lịch RECREATION VIỆT NAM,Website - Trang TTĐT tổng hợp,,Giấy phép (TVPL PDF),,valid,
dulichhoanmy.com,Công ty TNHH Dịch vụ Du lịch Hoàn Mỹ (dulichhoanmy.vn),Website - Trang TTĐT tổng hợp,,Giấy phép (TVPL PDF),,valid,
dulichhoinhapquocte.vn,CÔNG TY TNHH TH VÀ SK DU LỊCH,Website - Trang TTĐT tổng hợp,,Giấy phép (TVPL PDF),,valid,
dulichlaichau.vn,TRUNG TÂM THÔNG TIN VÀ XÚC TIẾN DU LỊCH TỈNH LAI CHÂU,GIẤY PHÉP THIẾT LẬP TRANG THÔNG TIN ĐIỆN TỬ TỔNG HỢP,2013-01-31,Giấy phép (ABEI),14/GP-TTĐT,invalid,https://giayphep.abei.gov.vn/
dulichmocchau.com,BAN QUẢN LÝ KHU DU LỊCH MỘC CHÂU,GIẤY PHÉP THIẾT LẬP TRANG THÔNG TIN ĐIỆN TỬ TỔNG HỢP,2013-08-16,Giấy phép (ABEI),113/GP-TTĐT,invalid,https://giayphep.abei.gov.vn/
www.mocchautourism.com,BAN QUẢN LÝ KHU DU LỊCH MỘC CHÂU,GIẤY PHÉP THIẾT LẬP TRANG THÔNG TIN ĐIỆN TỬ TỔNG HỢP,2013-08-16,Giấy phép (ABEI),113/GP-TTĐT,invalid,https://giayphep.abei.gov.vn/
dulichtaybac.vn,"SỞ VĂN HOÁ, THỂ THAO VÀ DU LỊCH LÀO CAI",GIẤY PHÉP THIẾT LẬP TRANG THÔNG TIN ĐIỆN TỬ TỔNG HỢP,2013-04-15,Giấy phép (ABEI),46/GP-TTĐT,invalid,https://giayphep.abei.gov.vn/
dulichtoday.vn,CÔNG TY TNHH SẢN XUẤT VÀ KINH DOANH NỘI DUNG SỐ DIGICON,GIẤY PHÉP CUNG CẤP DỊCH VỤ MẠNG XÃ HỘI,2019-10-01,Giấy phép (ABEI),416/GP-BTTTT,valid,https://giayphep.abei.gov.vn/
dulichvietnam.com.vn,Công ty Cổ phần Lữ hành Việt - Du lịch Việt Nam,Website - Trang TTĐT tổng hợp,,Giấy phép (TVPL PDF),,valid,
dulichvn.net.vn,CÔNG TY TNHH DU LỊCH RECREATION VIỆT NAM,GIẤY PHÉP CUNG CẤP DỊCH VỤ MẠNG XÃ HỘI,2020-10-05,Giấy phép (ABEI),446/GP-BTTTT,valid,https://giayphep.abei.gov.vn/
dulichvnnet.vn,CÔNG TY CỔ PHẦN TRUYỀN THÔNG ẤN PHẨM DU LỊCH VIỆT NAM,GIẤY PHÉP CUNG CẤP DỊCH VỤ MẠNG XÃ HỘI,2019-04-22,Giấy phép (ABEI),145/GP-BTTTT,valid,https://giayphep.abei.gov.vn/
dulieuphaply.vn,CÔNG TY TNHH PLVN,GIẤY PHÉP CUNG CẤP DỊCH VỤ MẠNG XÃ HỘI,2020-03-10,Giấy phép (ABEI),88/GP-BTTTT,valid,https://giayphep.abei.gov.vn/
dulongthienha.vn,CÔNG TY TNHH SOHA,QUYẾT ĐỊNH PHÁT HÀNH TRÒ CHƠI ĐIỆN TỬ G1 TRÊN MẠNG,2024-09-20,Giấy phép (ABEI),1568/QĐ-BTTTT,invalid,https://giayphep.abei.gov.vn/
duluanxahoi.com.vn,VIỆN NGHIÊN CỨU CÁC VẤN ĐỀ XÃ HỘI,GIẤY PHÉP THIẾT LẬP TRANG THÔNG TIN ĐIỆN TỬ TỔNG HỢP,2018-10-11,Giấy phép (ABEI),259/GP-TTĐT,invalid,https://giayphep.abei.gov.vn/
duluanxahoi.vn,VIỆN NGHIÊN CỨU CÁC VẤN ĐỀ XÃ HỘI,GIẤY PHÉP THIẾT LẬP TRANG THÔNG TIN ĐIỆN TỬ TỔNG HỢP,2023-10-10,Giấy phép (ABEI),178/GP-TTĐT,invalid,https://giayphep.abei.gov.vn/
dungiadailuc.vgplay.vn,CÔNG TY CỔ PHẦN VGP,QUYẾT ĐỊNH PHÁT HÀNH TRÒ CHƠI ĐIỆN TỬ G1 TRÊN MẠNG,2024-10-18,Giấy phép (ABEI),1785/QĐ-BTTTT,valid,https://giayphep.abei.gov.vn/
dungsihesman.vn,CÔNG TY CỔ PHẦN TRỰC TUYẾN GOSU,QUYẾT ĐỊNH PHÁT HÀNH TRÒ CHƠI ĐIỆN TỬ G1 TRÊN MẠNG,2018-06-29,Giấy phép (ABEI),1008/QĐ-BTTTT,invalid,https://giayphep.abei.gov.vn/
dungsirong.vn,CÔNG TY CỔ PHẦN ACE GAME,QUYẾT ĐỊNH PHÁT HÀNH TRÒ CHƠI ĐIỆN TỬ G1 TRÊN MẠNG,2022-07-07,Giấy phép (ABEI),1358/QĐ-BTTTT,valid,https://giayphep.abei.gov.vn/
dungsitrolai.funtap.gam,CÔNG TY CỔ PHẦN FUNTAP GAMES,QUYẾT ĐỊNH PHÁT HÀNH TRÒ CHƠI ĐIỆN TỬ G1 TRÊN MẠNG,2026-05-29,Giấy phép (ABEI),282/QĐ-PTTH&TTĐT,valid,https://giayphep.abei.gov.vn/
dungsitrolai.hhgame.vn,CÔNG TY CỔ PHẦN PHÁT TRIỂN CÔNG NGHỆ SỐ HỒNG HÀ,QUYẾT ĐỊNH PHÁT HÀNH TRÒ CHƠI ĐIỆN TỬ G1 TRÊN MẠNG,2025-07-18,Giấy phép (ABEI),332/QĐ-PTTH&TTĐT,invalid,https://giayphep.abei.gov.vn/
duongbo.vn,TẠP CHÍ ĐƯỜNG BỘ VIỆT NAM,GIẤY PHÉP THIẾT LẬP TRANG THÔNG TIN ĐIỆN TỬ TỔNG HỢP,2013-06-11,Giấy phép (ABEI),72/GP-TTĐT,invalid,https://giayphep.abei.gov.vn/
duongmonkyhiep.vn,CÔNG TY CỔ PHẦN FUNTAP,QUYẾT ĐỊNH PHÁT HÀNH TRÒ CHƠI ĐIỆN TỬ G1 TRÊN MẠNG,2017-08-28,Giấy phép (ABEI),1413/QĐ-BTTTT,valid,https://giayphep.abei.gov.vn/
duyendangvietnam.net.vn,Công ty Cổ phần Tập đoàn Truyền thông Thanh Niên,Website - Trang mạng xã hội,,Giấy phép (TVPL PDF),,valid,
dvbn.123game.vn,CÔNG TY CỔ PHẦN DỊCH VỤ MỘT THẾ GIỚI,QUYẾT ĐỊNH PHÁT HÀNH TRÒ CHƠI ĐIỆN TỬ G1 TRÊN MẠNG,2016-04-04,Giấy phép (ABEI),500/QĐ-BTTTT,invalid,https://giayphep.abei.gov.vn/
dvchat.vn,CÔNG TY TNHH CÔNG NGHỆ QUỐC TẾ ĐẠI VIỆT,GIẤY PHÉP CUNG CẤP DỊCH VỤ MẠNG XÃ HỘI,2020-02-21,Giấy phép (ABEI),63/GP-BTTTT,valid,https://giayphep.abei.gov.vn/
dvhay.vn,Công ty TNHH Công nghệ và dịch vụ truyền thông 2FMedia,Website - Trang TTĐT tổng hợp,,Giấy phép (TVPL PDF),,valid,
dvhots.vn,CÔNG TY TNHH CÔNG NGHỆ QUỐC TẾ ĐẠI VIỆT,GIẤY PHÉP CUNG CẤP DỊCH VỤ MẠNG XÃ HỘI,2020-03-30,Giấy phép (ABEI),119/GP-BTTTT,valid,https://giayphep.abei.gov.vn/
dvtp.adnxgames.vn,CÔNG TY CỔ PHẦN ADNX ,QUYẾT ĐỊNH PHÁT HÀNH TRÒ CHƠI ĐIỆN TỬ G1 TRÊN MẠNG,2026-07-08,Giấy phép (ABEI),405/QĐ-PTTH&TTĐT,valid,https://giayphep.abei.gov.vn/
dw.vnggames.com,CÔNG TY TNHH TRUYỀN THÔNG MINH PHƯƠNG THỊNH,QUYẾT ĐỊNH PHÁT HÀNH TRÒ CHƠI ĐIỆN TỬ G1 TRÊN MẠNG,2022-06-02,Giấy phép (ABEI),1010/QĐ-BTTTT,invalid,https://giayphep.abei.gov.vn/
dxcenter.org.vn,TRUNG TÂM HỖ TRỢ VÀ TƯ VẤN CHUYỂN ĐỔI SỐ TPHCM,Website - Trang TTĐT tổng hợp,,Giấy phép (TVPL PDF),,valid,
dzogame.vn,CÔNG TY TNHH DZOGAME,QUYẾT ĐỊNH PHÁT HÀNH TRÒ CHƠI ĐIỆN TỬ G1 TRÊN MẠNG,2024-03-12,Giấy phép (ABEI),301/QĐ-BTTTT,valid,https://giayphep.abei.gov.vn/
e-haiphong.gov.vn,Sở Thông tin và Truyền thông Hải Phòng,Website - Trang TTĐT tổng hợp,,Giấy phép (TVPL PDF),,valid,
thanhphohaiphong.gov.vn,SỞ THÔNG TIN VÀ TRUYỀN THÔNG HẢI PHÒNG,GIẤY PHÉP THIẾT LẬP TRANG THÔNG TIN ĐIỆN TỬ TỔNG HỢP,2018-01-12,Giấy phép (ABEI),12/GP-TTĐT,valid,https://giayphep.abei.gov.vn/
e.beauty,Công ty Cổ Phần INVN Holdings,"MXH - Cá nhân, tổ chức",,Giấy phép (TVPL PDF),,valid,
e.cinemama,Công ty Cổ Phần INVN Holdings,"MXH - Cá nhân, tổ chức",,Giấy phép (TVPL PDF),,valid,
e.kdrama,Công ty Cổ Phần INVN Holdings,"MXH - Cá nhân, tổ chức",,Giấy phép (TVPL PDF),,valid,
e.musiccc,Công ty Cổ Phần INVN Holdings,"MXH - Cá nhân, tổ chức",,Giấy phép (TVPL PDF),,valid,
e.news,Công ty Cổ Phần INVN Holdings,"MXH - Cá nhân, tổ chức",,Giấy phép (TVPL PDF),,valid,
e.star,Công ty Cổ Phần INVN Holdings,"MXH - Cá nhân, tổ chức",,Giấy phép (TVPL PDF),,valid,
e.travel,Công ty Cổ Phần INVN Holdings,"MXH - Cá nhân, tổ chức",,Giấy phép (TVPL PDF),,valid,
e.uiiii,CÔNG TY TNHH VZONE,"MXH - Cá nhân, tổ chức",,Giấy phép (TVPL PDF),,valid,
e.vn,Tạp chí Gia đình Việt Nam,"Website - Báo, tạp chí điện tử",,Giấy phép (TVPL PDF),,valid,
e7.com.vn,Công ty CP Thương mại và Dịch vụ số 7,Website - Trang mạng xã hội,,Giấy phép (TVPL PDF),,valid,
easycare.vn,Công ty Cổ phần Công nghệ An Khang,Website - Trang mạng xã hội,,Giấy phép (TVPL PDF),,valid,
ebacsi.com.vn,Công ty Cổ phần Dịch vụ Y Tế Điện tử,Website - Trang TTĐT tổng hợp,,Giấy phép (TVPL PDF),,valid,
mdoctor.biz,Công ty Cổ phần Dịch vụ Y Tế Điện tử,Website - Trang TTĐT tổng hợp,,Giấy phép (TVPL PDF),,valid,
ebe.vn,Công ty TNHH Thương mại Dịch vụ WEBALL,Website - Trang mạng xã hội,,Giấy phép (TVPL PDF),,valid,
ebiv.vn,Công ty Cổ phần Ebiv,Website - Trang mạng xã hội,,Giấy phép (TVPL PDF),,valid,
ebiz.official,Công ty cổ phần VCCorp,"MXH - Cá nhân, tổ chức",,Giấy phép (TVPL PDF),,valid,
echatapps.com,Công ty Cổ phần Trò chơi giáo dục Trực tuyến,Website - Trang mạng xã hội,,Giấy phép (TVPL PDF),,valid,
echat.vn,Công ty Cổ phần Trò chơi giáo dục Trực tuyến,Website - Trang mạng xã hội,,Giấy phép (TVPL PDF),,valid,
eco.vnanet.vn,BAN BIÊN TẬP TIN KINH TẾ,GIẤY PHÉP THIẾT LẬP TRANG THÔNG TIN ĐIỆN TỬ TỔNG HỢP,2015-05-06,Giấy phép (ABEI),45/GP-TTĐT,invalid,https://giayphep.abei.gov.vn/
ecobiz.vn,CÔNG TY TNHH THƯƠNG MẠI - TRUYỀN THÔNG SAVY,GIẤY PHÉP CUNG CẤP DỊCH VỤ MẠNG XÃ HỘI,2024-12-11,Giấy phép (ABEI),374/GP-BTTTT,valid,https://giayphep.abei.gov.vn/
economyforum.vn,CÔNG TY TNHH TRUYỀN THÔNG HƯNG,GIẤY PHÉP CUNG CẤP DỊCH VỤ MẠNG XÃ HỘI,2020-04-20,Giấy phép (ABEI),165 /GP-BTTTT,valid,https://giayphep.abei.gov.vn/
ecook.vn,Công ty TNHH Tập đoàn Cổng Mặt Trời,Website - Trang mạng xã hội,,Giấy phép (TVPL PDF),,valid,
ecourrier.vn,Báo Le Courrier du Vietnam,MXH - Cơ quan báo chí,,Giấy phép (TVPL PDF),,valid,
eddy.vzbang,CÔNG TY TNHH VZONE,"MXH - Cá nhân, tổ chức",,Giấy phép (TVPL PDF),,valid,
edemy.vn,CÔNG TY CỔ PHẦN GIÁO DỤC TRỰC TUYẾN EDEMY,GIẤY PHÉP CUNG CẤP DỊCH VỤ MẠNG XÃ HỘI,2019-10-22,Giấy phép (ABEI),451/GP-BTTTT,valid,https://giayphep.abei.gov.vn/
educhat.vn,CÔNG TY CỔ PHẦN TƯ VẤN DỊCH VỤ TRUYỀN THÔNG ATHENA,GIẤY PHÉP CUNG CẤP DỊCH VỤ MẠNG XÃ HỘI,2024-12-16,Giấy phép (ABEI),380/GP-BTTTT,valid,https://giayphep.abei.gov.vn/
edumall.vn,Công ty Cổ phần giáo dục Topica English,Website - Trang mạng xã hội,,Giấy phép (TVPL PDF),,valid,
edunew.vn,Báo Giáo dục và Thời đại,"Website - Báo, tạp chí điện tử",,Giấy phép (TVPL PDF),,valid,
eeng.vn,Công ty Truyền thông Viettel,"MXH - Cá nhân, tổ chức",,Giấy phép (TVPL PDF),,valid,
efood.official,Báo VnExpress,MXH - Cơ quan báo chí,,Giấy phép (TVPL PDF),,valid,
efun.vn,CÔNG TY CỔ PHẦN EFUN,QUYẾT ĐỊNH PHÁT HÀNH TRÒ CHƠI ĐIỆN TỬ G1 TRÊN MẠNG,2025-01-24,Giấy phép (ABEI),111/QĐ-BTTTT,valid,https://giayphep.abei.gov.vn/
eggyparty.playfun.vn,CÔNG TY CỔ PHẦN PHÁT TRIỂN CÔNG NGHỆ SỐ HỒNG HÀ,QUYẾT ĐỊNH PHÁT HÀNH TRÒ CHƠI ĐIỆN TỬ G1 TRÊN MẠNG,2023-11-10,Giấy phép (ABEI),2206/QĐ-BTTTT,valid,https://giayphep.abei.gov.vn/
egoplay.vn,CÔNG TY CỔ PHẦN EGO MEDIA,GIẤY PHÉP CUNG CẤP DỊCH VỤ MẠNG XÃ HỘI,2020-12-07,Giấy phép (ABEI),572/GP-BTTTT,valid,https://giayphep.abei.gov.vn/
ehealth.gov.vn,Cục Công nghệ thông tin – Bộ Y tế,Website - Trang TTĐT tổng hợp,,Giấy phép (TVPL PDF),,valid,
elcomplus.vn,CÔNG TY CỔ PHẦN ELCOMPLUS,QUYẾT ĐỊNH PHÁT HÀNH TRÒ CHƠI ĐIỆN TỬ G1 TRÊN MẠNG,2020-04-15,Giấy phép (ABEI),546/QĐ-BTTTT,valid,https://giayphep.abei.gov.vn/
elifehow.com.vn,Công ty cổ phần Truyền thông Cuộc sống Số,Website - Trang mạng xã hội,,Giấy phép (TVPL PDF),,valid,
elle.vn,CÔNG TY TNHH DỊCH VỤ QUẢNG CÁO VÀ TRUYỀN THÔNG CHÂU Á,GIẤY PHÉP CUNG CẤP DỊCH VỤ MẠNG XÃ HỘI,2019-12-10,Giấy phép (ABEI),541/GP-BTTTT,valid,https://giayphep.abei.gov.vn/
elledecoration.vn,CÔNG TY TNHH DỊCH VỤ QUẢNG CÁO VÀ TRUYỀN THÔNG CHÂU Á,GIẤY PHÉP CUNG CẤP DỊCH VỤ MẠNG XÃ HỘI,2022-11-16,Giấy phép (ABEI),545/GP-BTTTT,valid,https://giayphep.abei.gov.vn/
elleman.vn,CÔNG TY TNHH DỊCH VỤ QUẢNG CÁO VÀ TRUYỀN THÔNG CHÂU Á,GIẤY PHÉP CUNG CẤP DỊCH VỤ MẠNG XÃ HỘI,2022-11-16,Giấy phép (ABEI),546/GP-BTTTT,valid,https://giayphep.abei.gov.vn/
elofun.vn,CÔNG TY TNHH ELOFUN ENTERTAINMENT,"GIẤY XÁC NHẬN THÔNG BÁO PHÁT HÀNH TRÒ CHƠI ĐIỆN TỬ G2,G3,G4",2022-01-17,Giấy phép (ABEI),07/GXN-PTTH&TTĐT,valid,https://giayphep.abei.gov.vn/
elofungames.com,CÔNG TY TNHH 2 THÀNH VIÊN WWG CORP,QUYẾT ĐỊNH PHÁT HÀNH TRÒ CHƠI ĐIỆN TỬ G1 TRÊN MẠNG,2021-08-02,Giấy phép (ABEI),134/GXN-PTHH&TTĐT,valid,https://giayphep.abei.gov.vn/
eloplay.vn,CÔNG TY CỔ PHẦN ELOFUN ENTERTAINMENT,"GIẤY XÁC NHẬN THÔNG BÁO PHÁT HÀNH TRÒ CHƠI ĐIỆN TỬ G2,G3,G4",2023-12-08,Giấy phép (ABEI),211/GXN-PTTH&TTĐT,valid,https://giayphep.abei.gov.vn/
emdep.vn,Tạp chí Thế giới di sản,"Website - Báo, tạp chí điện tử",,Giấy phép (TVPL PDF),,valid,
myidol.com.vn,Tạp chí Thế giới di sản,"Website - Báo, tạp chí điện tử",,Giấy phép (TVPL PDF),,valid,
emso.vn,CÔNG TY CỔ PHẦN EMSO VIỆT NAM,GIẤY PHÉP CUNG CẤP DỊCH VỤ MẠNG XÃ HỘI,2021-01-11,Giấy phép (ABEI),11/GP-BTTTT,valid,https://giayphep.abei.gov.vn/
en.baohaiphong.com.vn,Báo Hải Phòng,"Website - Báo, tạp chí điện tử",,Giấy phép (TVPL PDF),,valid,
en.baoquangnam.vn,Báo Quảng Nam (Báo điện tử Quảng Nam),"Website - Báo, tạp chí điện tử",,Giấy phép (TVPL PDF),,valid,
en.cand.com.vn,Báo Công an nhân dân,"Website - Báo, tạp chí điện tử",,Giấy phép (TVPL PDF),,valid,
en.kiengiang.gov.vn,Sở Thông tin và Truyền thông Kiên Giang,Website - Trang TTĐT tổng hợp,,Giấy phép (TVPL PDF),,valid,
en.nhandan.org,Báo Nhân dân,"Website - Báo, tạp chí điện tử",,Giấy phép (TVPL PDF),,valid,
endfield.funtap.games,CÔNG TY CỔ PHẦN FUNTAP GAMES,QUYẾT ĐỊNH PHÁT HÀNH TRÒ CHƠI ĐIỆN TỬ G1 TRÊN MẠNG,2026-07-03,Giấy phép (ABEI),381/QĐ-PTTH&TTĐT,valid,https://giayphep.abei.gov.vn/
endfield.hhgame.vn,CÔNG TY CỔ PHẦN PHÁT TRIỂN CÔNG NGHỆ SỐ HỒNG HÀ,QUYẾT ĐỊNH PHÁT HÀNH TRÒ CHƠI ĐIỆN TỬ G1 TRÊN MẠNG,2025-10-22,Giấy phép (ABEI),464/QĐ-PTTH&TTĐT,invalid,https://giayphep.abei.gov.vn/
endgame.vn,CÔNG TY CỔ PHẦN VTC TRUYỀN THÔNG TRỰC TUYẾN,GIẤY PHÉP THIẾT LẬP TRANG THÔNG TIN ĐIỆN TỬ TỔNG HỢP,2013-07-09,Giấy phép (ABEI),92/GP-TTĐT,invalid,https://giayphep.abei.gov.vn/
energyscien.com.vn,TẠP CHÍ KHOA HỌC VÀ CÔNG NGHỆ NĂNG LƯỢNG,GIẤY PHÉP THIẾT LẬP TRANG THÔNG TIN ĐIỆN TỬ TỔNG HỢP,2017-12-22,Giấy phép (ABEI),372/GP-TTĐT,invalid,https://giayphep.abei.gov.vn/
energyscience.com.vn,TẠO CHÍ KHOA HỌC VÀ CÔNG NGHỆ NĂNG LƯỢNG,GIẤY PHÉP THIẾT LẬP TRANG THÔNG TIN ĐIỆN TỬ TỔNG HỢP,2022-12-20,Giấy phép (ABEI),184/GP-TTĐT,invalid,https://giayphep.abei.gov.vn/
english.baocantho.com.vn,Báo Cần Thơ,"Website - Báo, tạp chí điện tử",,Giấy phép (TVPL PDF),,valid,
english.baoquangninh.com,Trung tâm Truyền thông Quảng Ninh,"Website - Báo, tạp chí điện tử",,Giấy phép (TVPL PDF),,valid,
english.haiquanonline.com,"Tạp chí Hải quan,","Website - Báo, tạp chí điện tử",,Giấy phép (TVPL PDF),,valid,
english.thesaigontimes.vn,Tạp chí Kinh tế Sài Gòn,"Website - Báo, tạp chí điện tử",,Giấy phép (TVPL PDF),,valid,
english.tuyenquang.gov.vn,Sở Thông tin và Truyền thông Tuyên Quang,Website - Trang TTĐT tổng hợp,,Giấy phép (TVPL PDF),,valid,
english.vietnamnet.vn,Báo VietNamNet,"Website - Báo, tạp chí điện tử",,Giấy phép (TVPL PDF),,valid,
englishschool.edu.vn,Công ty Cổ phần Giáo dục Truyền thông Online,Website - Trang mạng xã hội,,Giấy phép (TVPL PDF),,valid,
enovel.com.vn,Công ty cổ phần Time Publishing,Website - Trang mạng xã hội,,Giấy phép (TVPL PDF),,valid,
enternews.vn,Tạp chí Diễn đàn doanh nghiệp,"Website - Báo, tạp chí điện tử",,Giấy phép (TVPL PDF),,valid,
eofwar.com,CÔNG TY CỔ PHẦN TRUYỀN THÔNG VNNPLUS,QUYẾT ĐỊNH PHÁT HÀNH TRÒ CHƠI ĐIỆN TỬ G1 TRÊN MẠNG,2016-02-22,Giấy phép (ABEI),245/QĐ-BTTTT,invalid,https://giayphep.abei.gov.vn/
ep.vn,Báo Nông nghiệp Việt Nam,"Website - Báo, tạp chí điện tử",,Giấy phép (TVPL PDF),,valid,
epicgold.vn,CÔNG TY CỔ PHẦN EPICGOLD,QUYẾT ĐỊNH PHÁT HÀNH TRÒ CHƠI ĐIỆN TỬ G1 TRÊN MẠNG,2026-01-07,Giấy phép (ABEI),5/QĐ-PTTH&TTĐT,valid,https://giayphep.abei.gov.vn/
epicodyssey.hikergames.com.vn,CÔNG TY CỔ PHẦN TRÒ CHƠI HIKER,QUYẾT ĐỊNH PHÁT HÀNH TRÒ CHƠI ĐIỆN TỬ G1 TRÊN MẠNG,2020-07-10,Giấy phép (ABEI),1156/QĐ-BTTTT,valid,https://giayphep.abei.gov.vn/
epicsouls.vn,CÔNG TY CỔ PHẦN VTC TRUYỀN THÔNG TRỰC TUYẾN,QUYẾT ĐỊNH PHÁT HÀNH TRÒ CHƠI ĐIỆN TỬ G1 TRÊN MẠNG,2019-08-23,Giấy phép (ABEI),1372/QĐ-BTTTT,valid,https://giayphep.abei.gov.vn/
eranet.vn,CÔNG TY TNHH NHỊP SỐNG ĐA PHƯƠNG TIỆN,GIẤY PHÉP CUNG CẤP DỊCH VỤ MẠNG XÃ HỘI,2020-11-24,Giấy phép (ABEI),542/GP-BTTTT,valid,https://giayphep.abei.gov.vn/
eric.vn,CÔNG TY CỔ PHẦN CÔNG NGHỆ VỆ TINH QUỐC GIA,GIẤY PHÉP CUNG CẤP DỊCH VỤ MẠNG XÃ HỘI,2025-08-07,Giấy phép (ABEI),92/GP-BVHTTDL,valid,https://giayphep.abei.gov.vn/
es.nhandan.com.vn,Báo Nhân dân,"Website - Báo, tạp chí điện tử",,Giấy phép (TVPL PDF),,valid,
es.nhandan.org.vn,Báo Nhân dân,"Website - Báo, tạp chí điện tử",,Giấy phép (TVPL PDF),,valid,
esgame.vn,CÔNG TY CỔ PHẦN ĐẦU TƯ VÀ CÔNG NGHỆ MCORP,"GIẤY XÁC NHẬN THÔNG BÁO PHÁT HÀNH TRÒ CHƠI ĐIỆN TỬ G2,G3,G4",2021-05-04,Giấy phép (ABEI),68/GXN-PTTH&TTĐT,valid,https://giayphep.abei.gov.vn/
esgroup.vn,CÔNG TY CỔ PHẦN ES GAME,QUYẾT ĐỊNH PHÁT HÀNH TRÒ CHƠI ĐIỆN TỬ G1 TRÊN MẠNG,2021-10-08,Giấy phép (ABEI),1542/QĐ-BTTTT,valid,https://giayphep.abei.gov.vn/
esport24h.vn,Công ty TNHH Công nghệ Giải trí Châu Á,Website - Trang mạng xã hội,,Giấy phép (TVPL PDF),,valid,
essi.org.vn,VIỆN KHOA HỌC MÔI TRƯỜNG VÀ XÃ HỘI,GIẤY PHÉP THIẾT LẬP TRANG THÔNG TIN ĐIỆN TỬ TỔNG HỢP,2019-11-08,Giấy phép (ABEI),215/GP-TTĐT,valid,https://giayphep.abei.gov.vn/
estrogen.vn,Công ty TNHH Truyền thông Sức khỏe là Vàng,Website - Trang mạng xã hội,,Giấy phép (TVPL PDF),,valid,
etime.danviet.vn,Báo Nông thôn ngày nay,"Website - Báo, tạp chí điện tử",,Giấy phép (TVPL PDF),,valid,
euthethaovn.fanpage,Báo Thể thao & Văn hóa,MXH - Cơ quan báo chí,,Giấy phép (TVPL PDF),,valid,
eva.vn,Công ty Cổ phần Quảng cáo trực tuyến 24H,Website - Trang TTĐT tổng hợp,,Giấy phép (TVPL PDF),,valid,
eva.com.vn,Công ty Cổ phần Quảng cáo trực tuyến 24H,Website - Trang TTĐT tổng hợp,,Giấy phép (TVPL PDF),,valid,
evabiz.vn,CÔNG TY CP TRUYỀN THÔNG BCM,GIẤY PHÉP CUNG CẤP DỊCH VỤ MẠNG XÃ HỘI,2024-07-29,Giấy phép (ABEI),205/GP-BTTTT,valid,https://giayphep.abei.gov.vn/
evadep.net.vn,Công ty TNHH V Nguyễn,Website - Trang TTĐT tổng hợp,,Giấy phép (TVPL PDF),,valid,
evan.vn,Công ty TNHH Văn hoá và Truyền thông Văn hoá Việt,Website - Trang mạng xã hội,,Giấy phép (TVPL PDF),,valid,
eventgame.vn,Công ty TNHH Phát triển Dịch vụ Viễn thông Thế hệ mới,Website - Trang mạng xã hội,,Giấy phép (TVPL PDF),,valid,
eversong.playfun.vn,CÔNG TY CỔ PHẦN FUNTAP,QUYẾT ĐỊNH PHÁT HÀNH TRÒ CHƠI ĐIỆN TỬ G1 TRÊN MẠNG,2022-09-30,Giấy phép (ABEI),1839/QĐ-BTTTT,valid,https://giayphep.abei.gov.vn/
everylife.vn,Công ty TNHH Truyền thông CARNET,Website - Trang TTĐT tổng hợp,,Giấy phép (TVPL PDF),,valid,
evn.com.vn,Tập đoàn Điện lực Việt Nam,Website - Trang TTĐT tổng hợp,,Giấy phép (TVPL PDF),,valid,
evngenco1.com.vn,Tổng Công ty phát điện 1,Website - Trang TTĐT tổng hợp,,Giấy phép (TVPL PDF),,valid,
evony.sohagame.vn,CÔNG TY TNHH SOHA,QUYẾT ĐỊNH PHÁT HÀNH TRÒ CHƠI ĐIỆN TỬ G1 TRÊN MẠNG,2022-04-25,Giấy phép (ABEI),751/QĐ-BTTTT,valid,https://giayphep.abei.gov.vn/
evoplay.vn,CÔNG TY CỔ PHẦN MCN ESPORTS,GIẤY PHÉP CUNG CẤP DỊCH VỤ MẠNG XÃ HỘI,2024-06-27,Giấy phép (ABEI),168/GP-BTTTT,valid,https://giayphep.abei.gov.vn/
express.official,Báo VnExpress,MXH - Cơ quan báo chí,,Giấy phép (TVPL PDF),,valid,
f247.vn,CÔNG TY CỔ PHẦN FCORP,GIẤY PHÉP CUNG CẤP DỊCH VỤ MẠNG XÃ HỘI,2021-01-14,Giấy phép (ABEI),29/GP-BTTTT,invalid,https://giayphep.abei.gov.vn/
www.f247.com,CÔNG TY CỔ PHẦN FCORP,GIẤY PHÉP CUNG CẤP DỊCH VỤ MẠNG XÃ HỘI,2022-12-30,Giấy phép (ABEI),610/GP-BTTTT,valid,https://giayphep.abei.gov.vn/
f319.com,Công ty cổ phần VCCORP,Website - Trang mạng xã hội,,Giấy phép (TVPL PDF),,valid,
f319.vn,Công ty Cổ phần Vccorp,Website - Trang mạng xã hội,,Giấy phép (TVPL PDF),,valid,
facebook.kinhte,Tạp chí Kinh tế và Dự báo,MXH - Cơ quan báo chí,,Giấy phép (TVPL PDF),,valid,
facechat.vn,Công ty Cổ phần Truyền thông Phát triển công nghệ Mặt trời,Website - Trang mạng xã hội,,Giấy phép (TVPL PDF),,valid,
facetoface.vn,Công ty TNHH Truyền thông Long Giang,Website - Trang mạng xã hội,,Giấy phép (TVPL PDF),,valid,
familala.com,Công ty Cổ phần Familala,Website - Trang mạng xã hội,,Giấy phép (TVPL PDF),,valid,
familala.vn,Công ty Cổ phần Familala,Website - Trang mạng xã hội,,Giấy phép (TVPL PDF),,valid,
familala.com.vn,Công ty Cổ phần Familala,Website - Trang mạng xã hội,,Giấy phép (TVPL PDF),,valid,
www.familala.com.vn,CÔNG TY CỔ PHẦN FAMILALA,GIẤY PHÉP CUNG CẤP DỊCH VỤ MẠNG XÃ HỘI,2017-09-11,Giấy phép (ABEI),435/GP-BTTTT,valid,https://giayphep.abei.gov.vn/
www.familala.com,CÔNG TY CỔ PHẦN FAMILALA,GIẤY PHÉP CUNG CẤP DỊCH VỤ MẠNG XÃ HỘI,2017-09-11,Giấy phép (ABEI),435/GP-BTTTT,valid,https://giayphep.abei.gov.vn/
fangtv.vn,CÔNG TY TNHH TRUYỀN HÌNH FPT,GIẤY PHÉP CUNG CẤP DỊCH VỤ MẠNG XÃ HỘI,2025-06-13,Giấy phép (ABEI),58/GP-BVHTTDL,valid,https://giayphep.abei.gov.vn/
fansviet.vn,Công ty Cổ phần Global Đông Dương,Website - Trang TTĐT tổng hợp,,Giấy phép (TVPL PDF),,valid,
fcviet.vn,Công ty Cổ phần Global Đông Dương,Website - Trang TTĐT tổng hợp,,Giấy phép (TVPL PDF),,valid,
fantap.vn,CÔNG TY CỔ PHẦN FUNTAP,QUYẾT ĐỊNH PHÁT HÀNH TRÒ CHƠI ĐIỆN TỬ G1 TRÊN MẠNG,2022-09-30,Giấy phép (ABEI),1853/QĐ-BTTTT,valid,https://giayphep.abei.gov.vn/
fantasy.vtcgame.vn,CÔNG TY VTC CÔNG NGHỆ VÀ NỘI DUNG SỐ,"GIẤY XÁC NHẬN THÔNG BÁO PHÁT HÀNH TRÒ CHƠI ĐIỆN TỬ G2,G3,G4",2022-03-18,Giấy phép (ABEI),23/GXN-PTTH&TTĐT,valid,https://giayphep.abei.gov.vn/
fantick.vn,CÔNG TY TNHH FANTICK VIỆT NAM,GIẤY PHÉP CUNG CẤP DỊCH VỤ MẠNG XÃ HỘI,2023-03-27,Giấy phép (ABEI),100/GP-BTTTT,valid,https://giayphep.abei.gov.vn/
farm3d.zingplay.com,Công ty TNHH ZingPlay Việt Nam,QUYẾT ĐỊNH PHÁT HÀNH TRÒ CHƠI ĐIỆN TỬ G1 TRÊN MẠNG,2026-05-06,Giấy phép (ABEI),229/QĐ-PTTH&TTĐT,valid,https://giayphep.abei.gov.vn/
farmersvietnam.vn,CÔNG TY TNHH DSF VIỆT NAM,GIẤY PHÉP CUNG CẤP DỊCH VỤ MẠNG XÃ HỘI,2022-08-12,Giấy phép (ABEI),408/GP-BTTTT,invalid,https://giayphep.abei.gov.vn/
farmery.vn,CÔNG TY CỔ PHẦN VNG,QUYẾT ĐỊNH PHÁT HÀNH TRÒ CHƠI ĐIỆN TỬ G1 TRÊN MẠNG,2017-03-30,Giấy phép (ABEI),450/QĐ-BTTTT,invalid,https://giayphep.abei.gov.vn/
fashionspace.vn,Công ty TNHH Công nghệ truyền thông Việt Long,Website - Trang TTĐT tổng hợp,,Giấy phép (TVPL PDF),,valid,
fatewar.gamota.com,CÔNG TY CỔ PHẦN GAMOTA ,QUYẾT ĐỊNH PHÁT HÀNH TRÒ CHƠI ĐIỆN TỬ G1 TRÊN MẠNG,2026-04-10,Giấy phép (ABEI),183/QĐ-PTTH&TTĐT,valid,https://giayphep.abei.gov.vn/
fatv.vn,CÔNG TY CỔ PHẦN DỊCH VỤ VÀ GIẢI PHÁP DI ĐỘNG S4M,"GIẤY XÁC NHẬN THÔNG BÁO PHÁT HÀNH TRÒ CHƠI ĐIỆN TỬ G2,G3,G4",2021-06-30,Giấy phép (ABEI),107/GXN-PTTH&TTĐT,valid,https://giayphep.abei.gov.vn/
fb.vtcgame.vn,CÔNG TY VTC CÔNG NGHỆ VÀ NỘI DUNG SỐ,QUYẾT ĐỊNH PHÁT HÀNH TRÒ CHƠI ĐIỆN TỬ G1 TRÊN MẠNG,2019-11-03,Giấy phép (ABEI),1850 /QĐ-BTTTT,invalid,https://giayphep.abei.gov.vn/
fb.vtcgmae.vn,CÔNG TY VTC CÔNG NGHỆ VÀ NỘI DUNG SỐ,QUYẾT ĐỊNH PHÁT HÀNH TRÒ CHƠI ĐIỆN TỬ G1 TRÊN MẠNG,2019-11-05,Giấy phép (ABEI),1850/QĐ-BTTTT,invalid,https://giayphep.abei.gov.vn/
fbang.vn,CÔNG TY TNHH CÔNG NGHỆ GIA ĐÌNH,GIẤY PHÉP CUNG CẤP DỊCH VỤ MẠNG XÃ HỘI,2021-08-30,Giấy phép (ABEI),557/GP-BTTTT,invalid,https://giayphep.abei.gov.vn/
fcbongda.vn,Công ty TNHH Dịch vụ Viễn thông TMS,Website - Trang TTĐT tổng hợp,,Giấy phép (TVPL PDF),,valid,
fcmobile.garena.vn,CÔNG TY CỔ PHẦN GIẢI TRÍ VÀ THỂ THAO ĐIỆN TỬ VIỆT NAM,QUYẾT ĐỊNH PHÁT HÀNH TRÒ CHƠI ĐIỆN TỬ G1 TRÊN MẠNG,2026-05-14,Giấy phép (ABEI),240/QĐ-PTTH&TTĐT,valid,https://giayphep.abei.gov.vn/
fconline.com.vn,CÔNG TY CỔ PHẦN GIẢI TRÍ VÀ THỂ THAO ĐIỆN TỬ VIỆT NAM,QUYẾT ĐỊNH PHÁT HÀNH TRÒ CHƠI ĐIỆN TỬ G1 TRÊN MẠNG,2023-09-28,Giấy phép (ABEI),1868/QĐ-BTTTT,invalid,https://giayphep.abei.gov.vn/
fdivietnam.com.vn,Công ty TNHH Thương hiệu và Luật,Website - Trang TTĐT tổng hợp,,Giấy phép (TVPL PDF),,valid,
fe.htv,Đài Truyền hình Thành phố Hồ Chí Minh,MXH - Đài Phát thanh Truyền hình,,Giấy phép (TVPL PDF),,valid,
feedin.vn,CÔNG TY TNHH FEEDIN,GIẤY PHÉP CUNG CẤP DỊCH VỤ MẠNG XÃ HỘI,2021-01-11,Giấy phép (ABEI),23/GP-BTTTT,valid,https://giayphep.abei.gov.vn/
ferfin.vn,CÔNG TY CỔ PHẦN GIẢI TRÍ VÀ CÔNG NGHỆ PERFIN,QUYẾT ĐỊNH PHÁT HÀNH TRÒ CHƠI ĐIỆN TỬ G1 TRÊN MẠNG,2025-09-26,Giấy phép (ABEI),418/QĐ-PTTH&TTĐT,invalid,https://giayphep.abei.gov.vn/
ff.vtcgame.vn,CÔNG TY VTC CÔNG NGHỆ VÀ NỘI DUNG SỐ,QUYẾT ĐỊNH PHÁT HÀNH TRÒ CHƠI ĐIỆN TỬ G1 TRÊN MẠNG,2017-12-29,Giấy phép (ABEI),2440/QĐ-BTTTT,invalid,https://giayphep.abei.gov.vn/
ffly.vn,CÔNG TY CỔ PHẦN TRÒ CHƠI HIKER,QUYẾT ĐỊNH PHÁT HÀNH TRÒ CHƠI ĐIỆN TỬ G1 TRÊN MẠNG,2020-07-10,Giấy phép (ABEI),1156/QĐ-BTTTT,valid,https://giayphep.abei.gov.vn/
fftv.vn,Công ty Cổ phần Công nghệ và Truyền thông số Vietnet,Website - Trang TTĐT tổng hợp,,Giấy phép (TVPL PDF),,valid,
fgstudio.vn,CÔNG TY CỔ PHẦN FGSTUDIO,QUYẾT ĐỊNH PHÁT HÀNH TRÒ CHƠI ĐIỆN TỬ G1 TRÊN MẠNG,2023-10-06,Giấy phép (ABEI),1911/QĐ-BTTTT,valid,https://giayphep.abei.gov.vn/
fialda.vn,CÔNG TY CỔ PHẦN CÔNG NGHỆ FIALDA,GIẤY PHÉP CUNG CẤP DỊCH VỤ MẠNG XÃ HỘI,2020-11-09,Giấy phép (ABEI),499/GP-BTTTT,valid,https://giayphep.abei.gov.vn/
fica.dantri.com.vn,Báo điện tử Dân trí,"Website - Báo, tạp chí điện tử",,Giấy phép (TVPL PDF),,valid,
fifaonline4.com.vn,CÔNG TY CỔ PHẦN GIẢI TRÍ VÀ THỂ THAO ĐIỆN TỪ VIỆT NAM,QUYẾT ĐỊNH PHÁT HÀNH TRÒ CHƠI ĐIỆN TỬ G1 TRÊN MẠNG,2018-01-12,Giấy phép (ABEI),33/QĐ-BTTTT,invalid,https://giayphep.abei.gov.vn/
fighter.vsgame.vn,CÔNG TY CỔ PHẦN VISION GAME,QUYẾT ĐỊNH PHÁT HÀNH TRÒ CHƠI ĐIỆN TỬ G1 TRÊN MẠNG,2024-01-29,Giấy phép (ABEI),81/QĐ-BTTTT,valid,https://giayphep.abei.gov.vn/
fili.vn,Tạp chí điện tử Tài chính và cuộc sống,"Website - Báo, tạp chí điện tử",,Giấy phép (TVPL PDF),,valid,
fimtap.vn,CÔNG TY CỔ PHẦN FUNTAP,QUYẾT ĐỊNH PHÁT HÀNH TRÒ CHƠI ĐIỆN TỬ G1 TRÊN MẠNG,2022-05-26,Giấy phép (ABEI),964/QĐ-BTTTT,valid,https://giayphep.abei.gov.vn/
final5.vtcgmae.vn,CÔNG TY VTC CÔNG NGHỆ VÀ NỘI DUNG SỐ,"GIẤY XÁC NHẬN THÔNG BÁO PHÁT HÀNH TRÒ CHƠI ĐIỆN TỬ G2,G3,G4",2023-05-19,Giấy phép (ABEI),79/GXN-PTTH&TTĐT,valid,https://giayphep.abei.gov.vn/
finance24h.vn,Công ty TNHH Carvill Việt Nam,Website - Trang TTĐT tổng hợp,,Giấy phép (TVPL PDF),,valid,
finavi.com.vn,CÔNG TY TNHH CHỨNG KHOÁN JB VIỆT NAM,GIẤY PHÉP CUNG CẤP DỊCH VỤ MẠNG XÃ HỘI,2023-10-23,Giấy phép (ABEI),395/GP-BTTTT,valid,https://giayphep.abei.gov.vn/
findfriendslike.vn,CÔNG TY TNHH ĐẦU TƯ VÀ PHÁT TRIỂN ĐẠI ĐỨC VIỆT,GIẤY PHÉP CUNG CẤP DỊCH VỤ MẠNG XÃ HỘI,2021-04-15,Giấy phép (ABEI),216/GP-BTTTT,valid,https://giayphep.abei.gov.vn/
findnear.vn,CÔNG TY CỔ PHẦN PHÁT TRIỂN CÔNG NGHỆ ADA VIỆT NAM,GIẤY PHÉP CUNG CẤP DỊCH VỤ MẠNG XÃ HỘI,2024-09-27,Giấy phép (ABEI),285/GP-BTTTT,valid,https://giayphep.abei.gov.vn/
finizz.com,Công ty Cổ phần Finizz,Website - Trang mạng xã hội,,Giấy phép (TVPL PDF),,valid,
finizz.vn,Công ty Cổ phần Finizz,Website - Trang mạng xã hội,,Giấy phép (TVPL PDF),,valid,
www.finizz.vn,CÔNG TY CỔ PHẦN FINIZZ,GIẤY PHÉP CUNG CẤP DỊCH VỤ MẠNG XÃ HỘI,2017-09-11,Giấy phép (ABEI),432/GP-BTTTT,valid,https://giayphep.abei.gov.vn/
fireant.vn,Công ty CP Truyền thông và Dịch vụ số Kiến Lửa,Website - Trang mạng xã hội,,Giấy phép (TVPL PDF),,valid,
firezone.netizen.vn,CÔNG TY TNHH TRUYỀN THÔNG NETIZEN,QUYẾT ĐỊNH PHÁT HÀNH TRÒ CHƠI ĐIỆN TỬ G1 TRÊN MẠNG,2026-02-12,Giấy phép (ABEI),82/QĐ-PTTH&TTĐT,valid,https://giayphep.abei.gov.vn/
firgle.vn,CÔNG TY TNHH CÔNG NGHỆ MIMILAND,QUYẾT ĐỊNH PHÁT HÀNH TRÒ CHƠI ĐIỆN TỬ G1 TRÊN MẠNG,2023-10-16,Giấy phép (ABEI),1991/QĐ-BTTTT,valid,https://giayphep.abei.gov.vn/
fishvietnam.vn,CÔNG TY TNHH FOODBOOK.VN,GIẤY PHÉP CUNG CẤP DỊCH VỤ MẠNG XÃ HỘI,2021-01-14,Giấy phép (ABEI),28/GP-BTTTT,valid,https://giayphep.abei.gov.vn/
fk.zoneplay.vn,CÔNG TY CỔ PHẦN GZONE MEDIA VIỆT NAM ,QUYẾT ĐỊNH PHÁT HÀNH TRÒ CHƠI ĐIỆN TỬ G1 TRÊN MẠNG,2020-06-26,Giấy phép (ABEI),1069 /QĐ-BTTTT,valid,https://giayphep.abei.gov.vn/
flala.com.vn,CÔNG TY TNHH CÔNG NGHỆ FLALA,GIẤY PHÉP CUNG CẤP DỊCH VỤ MẠNG XÃ HỘI,2023-02-20,Giấy phép (ABEI),71/GP-BTTTT,valid,https://giayphep.abei.gov.vn/
fland.net.vn,Công ty cổ phần Truyền thông HT,Website - Trang mạng xã hội,,Giấy phép (TVPL PDF),,valid,
fm2.com.vn,CÔNG TY CỔ PHẦN TRUYỀN HÌNH TƯƠNG TÁC VIỆT NAM,QUYẾT ĐỊNH PHÁT HÀNH TRÒ CHƠI ĐIỆN TỬ G1 TRÊN MẠNG,2023-01-27,Giấy phép (ABEI),68/QĐ-BTTTT,valid,https://giayphep.abei.gov.vn/
fmcamxuc.vn,KÊNH VOV GIAO THÔNG QUỐC GIA,GIẤY PHÉP THIẾT LẬP TRANG THÔNG TIN ĐIỆN TỬ TỔNG HỢP,2015-04-22,Giấy phép (ABEI),36/GP-TTĐT,invalid,https://giayphep.abei.gov.vn/
fnbvietnam.vn,Công ty TNHH FOODBOOK,Website - Trang mạng xã hội,,Giấy phép (TVPL PDF),,valid,
fo3zone.vn,CÔNG TY TNHH DỊCH VỤ PHẦN MỀM BÌNH MINH,GIẤY PHÉP CUNG CẤP DỊCH VỤ MẠNG XÃ HỘI,2017-10-25,Giấy phép (ABEI),525/GP-BTTTT,valid,https://giayphep.abei.gov.vn/
food.com.vn,Công ty TNHH Tập đoàn Cổng Mặt Trời,Website - Trang mạng xã hội,,Giấy phép (TVPL PDF),,valid,
smileday.vn,Công ty TNHH Tập đoàn Cổng Mặt Trời,Website - Trang mạng xã hội,,Giấy phép (TVPL PDF),,valid,
www.smileday.vn,CÔNG TY TNHH TẬP ĐOÀN CÔNG MẶT TRỜI,GIẤY PHÉP CUNG CẤP DỊCH VỤ MẠNG XÃ HỘI,2021-04-26,Giấy phép (ABEI),230/GP-BTTTT,valid,https://giayphep.abei.gov.vn/
www.ecook.vn,CÔNG TY TNHH TẬP ĐOÀN CÔNG MẶT TRỜI,GIẤY PHÉP CUNG CẤP DỊCH VỤ MẠNG XÃ HỘI,2021-04-26,Giấy phép (ABEI),230/GP-BTTTT,valid,https://giayphep.abei.gov.vn/
foodee.vn,Công ty CP Foody,Website - Trang TTĐT tổng hợp,,Giấy phép (TVPL PDF),,valid,
foodshare.vn,CÔNG TY CỔ PHẦN DOANH NGHIỆP XÃ HỘI FOOD SHARE,GIẤY PHÉP CUNG CẤP DỊCH VỤ MẠNG XÃ HỘI,2021-05-24,Giấy phép (ABEI),304/GP-BTTTT,invalid,https://giayphep.abei.gov.vn/
foody.vn,Công ty Cổ phẩn Foody,Website - Trang mạng xã hội,,Giấy phép (TVPL PDF),,valid,
football.yan,Báo Thể thao & Văn hóa,MXH - Cơ quan báo chí,,Giấy phép (TVPL PDF),,valid,
footballpro-evo.vn,CÔNG TY CỔ PHẦN VTC DỊCH VỤ DI ĐỘNG,QUYẾT ĐỊNH PHÁT HÀNH TRÒ CHƠI ĐIỆN TỬ G1 TRÊN MẠNG,2026-05-14,Giấy phép (ABEI),242/QĐ-PTTH&TTĐT,valid,https://giayphep.abei.gov.vn/
footballpro.vn,CÔNG TY CỔ PHẦN VTC DỊCH VỤ DI ĐỘNG,QUYẾT ĐỊNH PHÁT HÀNH TRÒ CHƠI ĐIỆN TỬ G1 TRÊN MẠNG,2023-05-17,Giấy phép (ABEI),851/QĐ-BTTTT,invalid,https://giayphep.abei.gov.vn/
footballpro2.mobigame.vn,CÔNG TY CỔ PHẦN VTC DỊCH VỤ DI ĐỘNG,QUYẾT ĐỊNH PHÁT HÀNH TRÒ CHƠI ĐIỆN TỬ G1 TRÊN MẠNG,2026-04-24,Giấy phép (ABEI),208/QĐ-PTTH&TTĐT,invalid,https://giayphep.abei.gov.vn/
forum.autodaily.vn,CÔNG TY CỔ PHẦN TRUYỀN THÔNG QUẢNG CÁO A&D,GIẤY PHÉP CUNG CẤP DỊCH VỤ MẠNG XÃ HỘI,2017-05-29,Giấy phép (ABEI),248/GP-BTTTT,valid,https://giayphep.abei.gov.vn/
forum.congdongketoan.vn,Công ty TNHH Kiểm toán Đông Nam Á,Website - Trang mạng xã hội,,Giấy phép (TVPL PDF),,valid,
forum.sohagame.vn,Công ty Cổ phần Vccorp,Website - Trang mạng xã hội,,Giấy phép (TVPL PDF),,valid,
forum.vietmoz.net,Công ty TNHH Truyền thông VietMoz,Website - Trang mạng xã hội,,Giấy phép (TVPL PDF),,valid,
forum.vietmoz.vn,Công ty TNHH Truyền thông VietMoz,Website - Trang mạng xã hội,,Giấy phép (TVPL PDF),,valid,
founder.com.vn,Công ty TNHH Thương mại Hưng An Phú,Website - Trang mạng xã hội,,Giấy phép (TVPL PDF),,valid,
foxlive.vn,CÔNG TY CỔ PHẦN PHÁT TRIỂN CÔNG NGHỆ HOÀN CẦU,GIẤY PHÉP CUNG CẤP DỊCH VỤ MẠNG XÃ HỘI,2021-01-25,Giấy phép (ABEI),53/GP-BTTTT,valid,https://giayphep.abei.gov.vn/
fpt.vn,CÔNG TY TNHH TRUYỀN HÌNH FPT,GIẤY PHÉP CUNG CẤP DỊCH VỤ MẠNG XÃ HỘI,2025-06-13,Giấy phép (ABEI),58/GP-BVHTTDL,valid,https://giayphep.abei.gov.vn/
fpts.com.vn,Công ty Cổ phần Chứng khoán FPT,Website - Trang TTĐT tổng hợp,,Giấy phép (TVPL PDF),,valid,
fqa.vn,CÔNG TY TNHH CÔNG NGHỆ GIA ĐÌNH,GIẤY PHÉP CUNG CẤP DỊCH VỤ MẠNG XÃ HỘI,2024-12-02,Giấy phép (ABEI),359/GP-BTTTT,valid,https://giayphep.abei.gov.vn/
fr.nhandan.org.vn,Báo Nhân dân,"Website - Báo, tạp chí điện tử",,Giấy phép (TVPL PDF),,valid,
fre.vn,Công ty TNHH MTV Trực tuyến Sài Gòn Kinh Thương,Website - Trang TTĐT tổng hợp,,Giấy phép (TVPL PDF),,valid,
freecity.vn,CÔNG TY TNHH DỊCH VỤ PHẦN MỀM BÌNH MINH,QUYẾT ĐỊNH PHÁT HÀNH TRÒ CHƠI ĐIỆN TỬ G1 TRÊN MẠNG,2025-04-29,Giấy phép (ABEI),154/QĐ-PTTH&TTĐT,valid,https://giayphep.abei.gov.vn/
friendclub.vn,CÔNG TY CỔ PHẦN TRUYỀN THÔNG & CÔNG NGHỆ DITECH,GIẤY PHÉP CUNG CẤP DỊCH VỤ MẠNG XÃ HỘI,2014-12-30,Giấy phép (ABEI),384/GP-BTTTT,invalid,https://giayphep.abei.gov.vn/
froms.vn,CÔNG TY CỔ PHẦN QUẢN LÝ ĐẦU TƯ STC,GIẤY PHÉP CUNG CẤP DỊCH VỤ MẠNG XÃ HỘI,2021-05-07,Giấy phép (ABEI),250/GP-BTTTT,valid,https://giayphep.abei.gov.vn/
frt.vn,Công ty Cổ phần Bán lẻ Kỹ thuật số FPT,Website - Trang TTĐT tổng hợp,,Giấy phép (TVPL PDF),,valid,
fshare.vn,CT CP Viễn thông FPT,Website - Trang mạng xã hội,,Giấy phép (TVPL PDF),,valid,
fshoot.vn,Công ty Cổ phần Truyền thông Đa phương tiện Ngân Hà,Website - Trang TTĐT tổng hợp,,Giấy phép (TVPL PDF),,valid,
fsoc.vn,Công ty Cổ phần Sáng tạo DV&H,Website - Trang mạng xã hội,,Giấy phép (TVPL PDF),,valid,
fsport.vn,CÔNG TY TNHH CÔNG NGHỆ GIA ĐÌNH ,QUYẾT ĐỊNH PHÁT HÀNH TRÒ CHƠI ĐIỆN TỬ G1 TRÊN MẠNG,2025-10-31,Giấy phép (ABEI),490/QĐ-PTTH&TTĐT,valid,https://giayphep.abei.gov.vn/
fstock.vn,Công ty cổ phần Công nghệ Tài chính FCAPITAL,Website - Trang mạng xã hội,,Giấy phép (TVPL PDF),,valid,
fstory.vn,Công ty TNHH Truyền thông Thời trang Đa phương tiện,Website - Trang TTĐT tổng hợp,,Giấy phép (TVPL PDF),,valid,
fstudiobyfpt.com.vn,Công ty Cổ phần Bán lẻ kỹ thuật số FPT,Website - Trang TTĐT tổng hợp,,Giấy phép (TVPL PDF),,valid,
fstudy.vn,Công ty cổ phần Công nghệ và Truyền thông VOD Quốc tế,Website - Trang mạng xã hội,,Giấy phép (TVPL PDF),,valid,
fuho.vn,Công ty Cổ phần Media Hồng Đức,Website - Trang TTĐT tổng hợp,,Giấy phép (TVPL PDF),,valid,
fujigame.vn,CÔNG TY TNHH FUJI CÔNG NGHỆ VÀ TRUYỀN THÔNG,QUYẾT ĐỊNH PHÁT HÀNH TRÒ CHƠI ĐIỆN TỬ G1 TRÊN MẠNG,2017-06-19,Giấy phép (ABEI),951/QĐ-BTTTT,valid,https://giayphep.abei.gov.vn/
fumfap.vn,CÔNG TY CỔ PHẦN FUNTAP,QUYẾT ĐỊNH PHÁT HÀNH TRÒ CHƠI ĐIỆN TỬ G1 TRÊN MẠNG,2017-11-09,Giấy phép (ABEI),1936/QĐ-BTTTT,valid,https://giayphep.abei.gov.vn/
fun365.vn,Công ty TNHH Kết nối sáng tạo Việt Nam,Website - Trang TTĐT tổng hợp,,Giấy phép (TVPL PDF),,valid,
funbox.vn,CÔNG TY TNHH FUNBOX MEDIA,GIẤY PHÉP CUNG CẤP DỊCH VỤ MẠNG XÃ HỘI,2017-09-11,Giấy phép (ABEI),433/GP-BTTTT,valid,https://giayphep.abei.gov.vn/
funclip.vn,Công ty TNHH Giải trí và Truyền thông Online Việt Nam,Website - Trang TTĐT tổng hợp,,Giấy phép (TVPL PDF),,valid,
cliphot.com.vn,Công ty TNHH Giải trí và Truyền thông Online Việt Nam,Website - Trang TTĐT tổng hợp,,Giấy phép (TVPL PDF),,valid,
fundoo.vn,Công ty cổ phần FUNDOO,Website - Trang mạng xã hội,,Giấy phép (TVPL PDF),,valid,
funfinity.vn,CÔNG TY TNHH TRUYỀN THÔNG FUNFINITY STUDIO ,QUYẾT ĐỊNH PHÁT HÀNH TRÒ CHƠI ĐIỆN TỬ G1 TRÊN MẠNG,2026-03-25,Giấy phép (ABEI),143/QĐ-PTTH&TTĐT,valid,https://giayphep.abei.gov.vn/
funmobi.org,Công ty Cổ phần Ứng dụng số Mobilecom,Website - Trang TTĐT tổng hợp,,Giấy phép (TVPL PDF),,valid,
funmobile.net.vn,Công ty Cổ phần Ứng dụng số Mobilecom,Website - Trang TTĐT tổng hợp,,Giấy phép (TVPL PDF),,valid,
funnysoft.vn,CÔNG TY TNHH FUNNY SOFT,QUYẾT ĐỊNH PHÁT HÀNH TRÒ CHƠI ĐIỆN TỬ G1 TRÊN MẠNG,2025-04-23,Giấy phép (ABEI),137/QĐ-PTTH&TTĐT,valid,https://giayphep.abei.gov.vn/
funs.vn,CÔNG TY TNHH CÔNG NGHỆ THÔNG TIN SG,GIẤY PHÉP CUNG CẤP DỊCH VỤ MẠNG XÃ HỘI,2020-09-15,Giấy phép (ABEI),389/GP-BTTTT,valid,https://giayphep.abei.gov.vn/
funtap.games,CÔNG TY CỔ PHẦN FUNTAP GAMES,QUYẾT ĐỊNH PHÁT HÀNH TRÒ CHƠI ĐIỆN TỬ G1 TRÊN MẠNG,2026-07-22,Giấy phép (ABEI),439/QĐ-PTTH&TTĐT,valid,https://giayphep.abei.gov.vn/
funtap.vn,CÔNG TY CỔ PHẦN FUNTAP ,QUYẾT ĐỊNH PHÁT HÀNH TRÒ CHƠI ĐIỆN TỬ G1 TRÊN MẠNG,2023-11-01,Giấy phép (ABEI),2118/QĐ-BTTTT,valid,https://giayphep.abei.gov.vn/
funtoon.vn,CÔNG TY CỔ PHẦN CÔNG NGHỆ TECHLAB,GIẤY PHÉP CUNG CẤP DỊCH VỤ MẠNG XÃ HỘI,2020-11-13,Giấy phép (ABEI),516/GP-BTTTT,invalid,https://giayphep.abei.gov.vn/
funzy.vn,CÔNG TY TNHH CÔNG NGHỆ GIA ĐÌNH,QUYẾT ĐỊNH PHÁT HÀNH TRÒ CHƠI ĐIỆN TỬ G1 TRÊN MẠNG,2022-04-04,Giấy phép (ABEI),620/QĐ-BTTTT,invalid,https://giayphep.abei.gov.vn/
fw.zing.vn,CÔNG TY TNHH TRUYỀN THÔNG MINH PHƯƠNG THỊNH,QUYẾT ĐỊNH PHÁT HÀNH TRÒ CHƠI ĐIỆN TỬ G1 TRÊN MẠNG,2021-03-26,Giấy phép (ABEI),390/QĐ-BTTTT,valid,https://giayphep.abei.gov.vn/
fw2vn.vnggames.com,CÔNG TY CỔ PHẦN VNG,QUYẾT ĐỊNH PHÁT HÀNH TRÒ CHƠI ĐIỆN TỬ G1 TRÊN MẠNG,2024-06-24,Giấy phép (ABEI),1030/QĐ-BTTTT,invalid,https://giayphep.abei.gov.vn/
fwtr.sohagame.vn,CÔNG TY TNHH SOHA,QUYẾT ĐỊNH PHÁT HÀNH TRÒ CHƠI ĐIỆN TỬ G1 TRÊN MẠNG,2022-01-24,Giấy phép (ABEI),110/QĐ-BTTTT,valid,https://giayphep.abei.gov.vn/
fzone.vn,CÔNG TY CỔ PHẦN ĐẦU TƯ VÀ CÔNG NGHỆ GHD,"GIẤY XÁC NHẬN THÔNG BÁO PHÁT HÀNH TRÒ CHƠI ĐIỆN TỬ G2,G3,G4",2021-08-02,Giấy phép (ABEI),136/GXN-PTTH&TTĐT,valid,https://giayphep.abei.gov.vn/
g.gov.vn,Sở Thông tin và Truyền thông Vĩnh Long,Website - Trang TTĐT tổng hợp,,Giấy phép (TVPL PDF),,valid,
g.vn,Báo Giao thông,"Website - Báo, tạp chí điện tử",,Giấy phép (TVPL PDF),,valid,
g4m.vn,CÔNG TY TNHH G4M,QUYẾT ĐỊNH PHÁT HÀNH TRÒ CHƠI ĐIỆN TỬ G1 TRÊN MẠNG,2023-10-25,Giấy phép (ABEI),2053/QĐ-BTTTT,valid,https://giayphep.abei.gov.vn/
gaba.vn,CÔNG TY CỔ PHẦN TRÒ CHƠI VEGA,"GIẤY XÁC NHẬN THÔNG BÁO PHÁT HÀNH TRÒ CHƠI ĐIỆN TỬ G2,G3,G4",2017-05-26,Giấy phép (ABEI),178/GXN-PTTH&TTĐT,valid,https://giayphep.abei.gov.vn/
gaconxuatkich.hhgame.vn,CÔNG TY CỔ PHẦN PHÁT TRIỂN CÔNG NGHỆ SỐ HỒNG HÀ,QUYẾT ĐỊNH PHÁT HÀNH TRÒ CHƠI ĐIỆN TỬ G1 TRÊN MẠNG,2024-06-03,Giấy phép (ABEI),909/QĐ-BTTTT,valid,https://giayphep.abei.gov.vn/
gaka.vn,CÔNG TY CỔ PHẦN VME,GIẤY PHÉP CUNG CẤP DỊCH VỤ MẠNG XÃ HỘI,2021-11-04,Giấy phép (ABEI),711/GP-BTTTT,valid,https://giayphep.abei.gov.vn/
galix.duo.vn,CÔNG TY CỔ PHẦN TRỰC TUYẾN DUO,QUYẾT ĐỊNH PHÁT HÀNH TRÒ CHƠI ĐIỆN TỬ G1 TRÊN MẠNG,2022-10-31,Giấy phép (ABEI),1996/QĐ-BTTTT,valid,https://giayphep.abei.gov.vn/
gamate.vn,TỔNG TY TNHH CÔNG NGHỆ GIẢI TRÍ CHÂU Á,QUYẾT ĐỊNH PHÁT HÀNH TRÒ CHƠI ĐIỆN TỬ G1 TRÊN MẠNG,2023-10-03,Giấy phép (ABEI),1896/QĐ-BTTTT,valid,https://giayphep.abei.gov.vn/
gamc24h.vn,CÔNG TY CỔ PHẦN DỊCH VỤ PHÁT TRIỂN NGƯỜI DÙNG MKO,"GIẤY XÁC NHẬN THÔNG BÁO PHÁT HÀNH TRÒ CHƠI ĐIỆN TỬ G2,G3,G4",2020-06-19,Giấy phép (ABEI),90/GXN-PTTH&TTĐT,valid,https://giayphep.abei.gov.vn/
game.chronicle.vn,CÔNG TY TNHH CHRONICLE,QUYẾT ĐỊNH PHÁT HÀNH TRÒ CHƠI ĐIỆN TỬ G1 TRÊN MẠNG,2023-06-08,Giấy phép (ABEI),998/QĐ-BTTTT,valid,https://giayphep.abei.gov.vn/
game.cmn.vn,CÔNG TY CỔ PHẦN TRỰC TUYỂN CMN VIỆT NAM,QUYẾT ĐỊNH PHÁT HÀNH TRÒ CHƠI ĐIỆN TỬ G1 TRÊN MẠNG,2022-10-28,Giấy phép (ABEI),1972/QĐ-BTTTT,valid,https://giayphep.abei.gov.vn/
game.funzy.vn,CÔNG TY TNHH CÔNG NGHỆ GIA ĐÌNH,QUYẾT ĐỊNH PHÁT HÀNH TRÒ CHƠI ĐIỆN TỬ G1 TRÊN MẠNG,2022-04-04,Giấy phép (ABEI),620/QĐ-BTTTT,invalid,https://giayphep.abei.gov.vn/
game.kul.vn,CÔNG TY CỔ PHẦN TRỰC TUYẾN CMN VIỆT NAM,QUYẾT ĐỊNH PHÁT HÀNH TRÒ CHƠI ĐIỆN TỬ G1 TRÊN MẠNG,2019-05-20,Giấy phép (ABEI),740/QĐ-BTTTT,valid,https://giayphep.abei.gov.vn/
game.miu.com.vn,CÔNG TY TNHH MIU,"GIẤY XÁC NHẬN THÔNG BÁO PHÁT HÀNH TRÒ CHƠI ĐIỆN TỬ G2,G3,G4",2021-12-20,Giấy phép (ABEI),198/GXN-PTTH&TTĐT,valid,https://giayphep.abei.gov.vn/
game.mocha.com.vn,CÔNG TY TRUYỀN THÔNG VIETTEL,"GIẤY XÁC NHẬN THÔNG BÁO PHÁT HÀNH TRÒ CHƠI ĐIỆN TỬ G2,G3,G4",2022-07-26,Giấy phép (ABEI),94/GXN-PTTH&TTĐT,valid,https://giayphep.abei.gov.vn/
xgaming.vn,CÔNG TY TRUYỀN THÔNG VIETTEL,"GIẤY XÁC NHẬN THÔNG BÁO PHÁT HÀNH TRÒ CHƠI ĐIỆN TỬ G2,G3,G4",2022-07-26,Giấy phép (ABEI),94/GXN-PTTH&TTĐT,valid,https://giayphep.abei.gov.vn/
game.mocha.com,CÔNG TY TRUYỀN THÔNG VIETTEL,"GIẤY XÁC NHẬN THÔNG BÁO PHÁT HÀNH TRÒ CHƠI ĐIỆN TỬ G2,G3,G4",2020-01-13,Giấy phép (ABEI),13/GXN-PTTH&TTĐT,valid,https://giayphep.abei.gov.vn/
www.xgaming.vn,CÔNG TY TRUYỀN THÔNG VIETTEL,"GIẤY XÁC NHẬN THÔNG BÁO PHÁT HÀNH TRÒ CHƠI ĐIỆN TỬ G2,G3,G4",2020-01-13,Giấy phép (ABEI),13/GXN-PTTH&TTĐT,valid,https://giayphep.abei.gov.vn/
game.playfun.vn,CÔNG TY CỔ PHẦN FUNTAP,"GIẤY XÁC NHẬN THÔNG BÁO PHÁT HÀNH TRÒ CHƠI ĐIỆN TỬ G2,G3,G4",2020-10-14,Giấy phép (ABEI),192/GXN-PTTH&TTĐT,valid,https://giayphep.abei.gov.vn/
game.thanhnien.com.vn,Báo Thanh niên,"Website - Báo, tạp chí điện tử",,Giấy phép (TVPL PDF),,valid,
game.travellet.vn,CÔNG TY CỔ PHẦN TRAVELLET VIỆT NAM,QUYẾT ĐỊNH PHÁT HÀNH TRÒ CHƠI ĐIỆN TỬ G1 TRÊN MẠNG,2025-01-17,Giấy phép (ABEI),53/QĐ-BTTTT,valid,https://giayphep.abei.gov.vn/
game.tv247.vn,CÔNG TY CỔ PHẦN TRUYỀN THÔNG ĐA PHƯƠNG TIỆN THỦ ĐÔ,"GIẤY XÁC NHẬN THÔNG BÁO PHÁT HÀNH TRÒ CHƠI ĐIỆN TỬ G2,G3,G4",2018-06-20,Giấy phép (ABEI),159/GXN-PTTH&TTĐT,valid,https://giayphep.abei.gov.vn/
game.vn,Công ty Cổ phần M-Mobile,Website - Trang TTĐT tổng hợp,,Giấy phép (TVPL PDF),,valid,
game.vnptmoney.vn,TỔNG CÔNG TY TRUYỀN THÔNG (VNPT),"GIẤY XÁC NHẬN THÔNG BÁO PHÁT HÀNH TRÒ CHƠI ĐIỆN TỬ G2,G3,G4",2023-12-20,Giấy phép (ABEI),219/GXN-PTTH&TTĐT,valid,https://giayphep.abei.gov.vn/
game1vn.vn,CÔNG TY CỔ PHẦN GIẢI TRÍ 357,GIẤY PHÉP CUNG CẤP DỊCH VỤ MẠNG XÃ HỘI,2023-08-07,Giấy phép (ABEI),279/GP-BTTTT,valid,https://giayphep.abei.gov.vn/
game24h.vn,CÔNG TY CỔ PHẦN DỊCH VỤ PHÁT TRIỂN NGƯỜI DÙNG MKO,"GIẤY XÁC NHẬN THÔNG BÁO PHÁT HÀNH TRÒ CHƠI ĐIỆN TỬ G2,G3,G4",2020-06-22,Giấy phép (ABEI),92/GXN-PTTH&TTĐT,valid,https://giayphep.abei.gov.vn/
game365.vn,CÔNG TY CỔ PHẦN CÔNG NGHỆ KỸ THUẬT VTECH,QUYẾT ĐỊNH PHÁT HÀNH TRÒ CHƠI ĐIỆN TỬ G1 TRÊN MẠNG,2023-06-06,Giấy phép (ABEI),975/QĐ-BTTTT,valid,https://giayphep.abei.gov.vn/
game4u.vn,Công ty Cổ phần M-Mobile,Website - Trang TTĐT tổng hợp,,Giấy phép (TVPL PDF),,valid,
game4m.vn,Công ty Cổ phần M-Mobile,Website - Trang TTĐT tổng hợp,,Giấy phép (TVPL PDF),,valid,
game4v.vn,Công ty cổ phần Công nghệ Truyền thông UMEDIA,Website - Trang mạng xã hội,,Giấy phép (TVPL PDF),,valid,
game6.vn,CÔNG TY CỔ PHẦN CÔNG NGHỆ VÀ TRUYỀN THÔNG NEMO,GIẤY PHÉP CUNG CẤP DỊCH VỤ MẠNG XÃ HỘI,2023-02-13,Giấy phép (ABEI),60/GP-BTTTT,valid,https://giayphep.abei.gov.vn/
gameasy.vn,CÔNG TY CỔ PHẦN VITA GAME,"GIẤY XÁC NHẬN THÔNG BÁO PHÁT HÀNH TRÒ CHƠI ĐIỆN TỬ G2,G3,G4",2023-08-11,Giấy phép (ABEI),126/GXN-PTTH&TTĐT,valid,https://giayphep.abei.gov.vn/
gameb.vn,CÔNG TY CỔ PHẦN BLISS,QUYẾT ĐỊNH PHÁT HÀNH TRÒ CHƠI ĐIỆN TỬ G1 TRÊN MẠNG,2019-09-20,Giấy phép (ABEI),1528/QĐ-BTTTT,valid,https://giayphep.abei.gov.vn/
gamebao.vn,CÔNG TY CỔ PHẦN TRÒ CHƠI TRỰC TUYẾN BẢO NINH,QUYẾT ĐỊNH PHÁT HÀNH TRÒ CHƠI ĐIỆN TỬ G1 TRÊN MẠNG,2020-01-09,Giấy phép (ABEI),40/QĐ-BTTTT,valid,https://giayphep.abei.gov.vn/
gamebp.vn,CÔNG TY CỔ PHẦN PHÁT TRIỂN THƯƠNG MAI VÀ DỊCH VỤ BẢO PHÁT,"GIẤY XÁC NHẬN THÔNG BÁO PHÁT HÀNH TRÒ CHƠI ĐIỆN TỬ G2,G3,G4",2020-09-17,Giấy phép (ABEI),170/GXN-PTTH&TTĐT,valid,https://giayphep.abei.gov.vn/
gamehit.vn,CÔNG TY CỔ PHẦN FUNTEK VIỆT NAM,"GIẤY XÁC NHẬN THÔNG BÁO PHÁT HÀNH TRÒ CHƠI ĐIỆN TỬ G2,G3,G4",2022-10-28,Giấy phép (ABEI),144/GXN-PTTH&TTĐT,valid,https://giayphep.abei.gov.vn/
gamehub.vn,Công ty Cổ phần Appota,Website - Trang mạng xã hội,,Giấy phép (TVPL PDF),,valid,
gamek.vn,Công ty Cổ phần VCCorp,Website - Trang TTĐT tổng hợp,,Giấy phép (TVPL PDF),,valid,
gamelord.vn,CÔNG TY CỔ PHẦN GB TOÀN CẦU,"GIẤY XÁC NHẬN THÔNG BÁO PHÁT HÀNH TRÒ CHƠI ĐIỆN TỬ G2,G3,G4",2019-09-24,Giấy phép (ABEI),178/GXN-PTTH&TTĐT,valid,https://giayphep.abei.gov.vn/
gamemart.vn,CÔNG TY CỔ PHẦN GIẢI PHÁP SỐ VISION NETWORK VIỆT NAM,QUYẾT ĐỊNH PHÁT HÀNH TRÒ CHƠI ĐIỆN TỬ G1 TRÊN MẠNG,2021-08-30,Giấy phép (ABEI),1330/QĐ-BTTTT,valid,https://giayphep.abei.gov.vn/
gamemo.vn,CÔNG TY CỔ PHẦN SÁNG TẠO ĐA PHƯƠNG TIỆN SAO KHUÊ,"GIẤY XÁC NHẬN THÔNG BÁO PHÁT HÀNH TRÒ CHƠI ĐIỆN TỬ G2,G3,G4",2020-11-02,Giấy phép (ABEI),199/GXN-PTTH&TTĐT,valid,https://giayphep.abei.gov.vn/
gamen.vn,Công ty Cổ phần Xanh Media,Website - Trang mạng xã hội,,Giấy phép (TVPL PDF),,valid,
gamenho.vn,CÔNG TY TNHH CÔNG NGHỆ TÂN HỒNG HƯNG,"GIẤY XÁC NHẬN THÔNG BÁO PHÁT HÀNH TRÒ CHƠI ĐIỆN TỬ G2,G3,G4",2019-05-02,Giấy phép (ABEI),80/GXN-PTTH&TTĐT,valid,https://giayphep.abei.gov.vn/
gameofdragons.vn,CÔNG TY CỔ PHẦN TRỰC TUYẾN CMN VIỆT NAM,QUYẾT ĐỊNH PHÁT HÀNH TRÒ CHƠI ĐIỆN TỬ G1 TRÊN MẠNG,2017-09-01,Giấy phép (ABEI),1476/QĐ-BTTTT,valid,https://giayphep.abei.gov.vn/
gameofvampires.hhgame.vn,CÔNG TY CỔ PHẦN PHÁT TRIỂN CÔNG NGHỆ SỐ HỒNG HÀ,QUYẾT ĐỊNH PHÁT HÀNH TRÒ CHƠI ĐIỆN TỬ G1 TRÊN MẠNG,2024-12-23,Giấy phép (ABEI),2249/QĐ-BTTTT,invalid,https://giayphep.abei.gov.vn/
gameportal.com.vn,Trung tâm Đo kiểm Phát thanh truyền hình và Thông tin điện tử,Website - Trang TTĐT tổng hợp,,Giấy phép (TVPL PDF),,valid,
gameportal.gov.vn,Trung tâm Đo kiểm Phát thanh truyền hình và Thông tin điện tử,Website - Trang TTĐT tổng hợp,,Giấy phép (TVPL PDF),,valid,
www.gameportal.vn,TRUNG TÂM ĐO KIỂM PHÁT THANH TRUYỀN HÌNH VÀ THÔNG TIN ĐIỆN TỬ,GIẤY PHÉP THIẾT LẬP TRANG THÔNG TIN ĐIỆN TỬ TỔNG HỢP,2020-11-11,Giấy phép (ABEI),213/GP-TTĐT,valid,https://giayphep.abei.gov.vn/
www.gameportal.com.vn,TRUNG TÂM ĐO KIỂM PHÁT THANH TRUYỀN HÌNH VÀ THÔNG TIN ĐIỆN TỬ,GIẤY PHÉP THIẾT LẬP TRANG THÔNG TIN ĐIỆN TỬ TỔNG HỢP,2020-11-11,Giấy phép (ABEI),213/GP-TTĐT,valid,https://giayphep.abei.gov.vn/
gameportal.vn,Trung tâm Đo kiểm Phát thanh truyền hình và Thông tin điện tử,Website - Trang TTĐT tổng hợp,,Giấy phép (TVPL PDF),,valid,
games.travellet.vn,CÔNG TY CỔ PHẦN TRAVELLET VIỆT NAM,QUYẾT ĐỊNH PHÁT HÀNH TRÒ CHƠI ĐIỆN TỬ G1 TRÊN MẠNG,2023-10-30,Giấy phép (ABEI),2101/QĐ-BTTTT,valid,https://giayphep.abei.gov.vn/
games360.vn,CÔNG TY CỔ PHẦN VME,GIẤY PHÉP CUNG CẤP DỊCH VỤ MẠNG XÃ HỘI,2021-07-21,Giấy phép (ABEI),469/GP-BTTTT,invalid,https://giayphep.abei.gov.vn/
gameshows.com.vn,Công ty TNHH Dịch vụ Viễn thông TMS,Website - Trang TTĐT tổng hợp,,Giấy phép (TVPL PDF),,valid,
gameshows.vn,Công ty TNHH Dịch vụ Viễn thông TMS,Website - Trang TTĐT tổng hợp,,Giấy phép (TVPL PDF),,valid,
gamesky.vn,Công ty TNHH Giải pháp Công nghệ thông tin và Truyền thông Paris,Website - Trang TTĐT tổng hợp,,Giấy phép (TVPL PDF),,valid,
mobiplus.info,Công ty TNHH Giải pháp Công nghệ thông tin và Truyền thông Paris,Website - Trang TTĐT tổng hợp,,Giấy phép (TVPL PDF),,valid,
gametp.vn,CÔNG TY CỔ PHẦN TRUYỀN THÔNG THÁI PHÚ,"GIẤY XÁC NHẬN THÔNG BÁO PHÁT HÀNH TRÒ CHƠI ĐIỆN TỬ G2,G3,G4",2020-07-24,Giấy phép (ABEI),129/GXN-PTTH&TTĐT,valid,https://giayphep.abei.gov.vn/
gamettd.net,CÔNG TY CỔ PHẦN PHẦN MỀM VÀ TRUYỀN THÔNG TTD VIỆT NAM,"GIẤY XÁC NHẬN THÔNG BÁO PHÁT HÀNH TRÒ CHƠI ĐIỆN TỬ G2,G3,G4",2020-06-25,Giấy phép (ABEI),97/GXN-PTTH&TTĐT,valid,https://giayphep.abei.gov.vn/
gametv.vn,CÔNG TY CỔ PHẦN CÔNG NGHỆ GTV VIỆT NAM ,GIẤY PHÉP CUNG CẤP DỊCH VỤ MẠNG XÃ HỘI,2018-04-02,Giấy phép (ABEI),146/GP-BTTTT,valid,https://giayphep.abei.gov.vn/
gametvplus.com,CÔNG TY CỔ PHẦN CÔNG NGHỆ GTV VIỆT NAM,QUYẾT ĐỊNH PHÁT HÀNH TRÒ CHƠI ĐIỆN TỬ G1 TRÊN MẠNG,2020-01-08,Giấy phép (ABEI),36 /QĐ-BTTTT,valid,https://giayphep.abei.gov.vn/
gamevui.vn,CÔNG TY CỔ PHẦN MẠNG TRỰC TUYẾN META,"GIẤY XÁC NHẬN THÔNG BÁO PHÁT HÀNH TRÒ CHƠI ĐIỆN TỬ G2,G3,G4",2018-07-12,Giấy phép (ABEI),184/GXN-PTTH&TTĐT,valid,https://giayphep.abei.gov.vn/
gamify.vn,Công ty Cổ phần Gamify Việt Nam,Website - Trang mạng xã hội,,Giấy phép (TVPL PDF),,valid,
gamify.com.vn,Công ty Cổ phần Gamify Việt Nam,Website - Trang mạng xã hội,,Giấy phép (TVPL PDF),,valid,
www.gamify.com.vn,CÔNG TY CỔ PHẦN GAMIFY VIỆT NAM,GIẤY PHÉP CUNG CẤP DỊCH VỤ MẠNG XÃ HỘI,2017-10-02,Giấy phép (ABEI),477/GP-BTTTT,valid,https://giayphep.abei.gov.vn/
gamota.cn,CÔNG TY CỔ PHẦN GAMOTA,QUYẾT ĐỊNH PHÁT HÀNH TRÒ CHƠI ĐIỆN TỬ G1 TRÊN MẠNG,2019-08-07,Giấy phép (ABEI),1250/QĐ-BTTTT,invalid,https://giayphep.abei.gov.vn/
gamota.com,CÔNG TY CỔ PHẦN GAMOTA ,QUYẾT ĐỊNH PHÁT HÀNH TRÒ CHƠI ĐIỆN TỬ G1 TRÊN MẠNG,2026-04-10,Giấy phép (ABEI),183/QĐ-PTTH&TTĐT,valid,https://giayphep.abei.gov.vn/
gamota.vn,CÔNG TY CỔ PHẦN GAMOTA,QUYẾT ĐỊNH PHÁT HÀNH TRÒ CHƠI ĐIỆN TỬ G1 TRÊN MẠNG,2024-04-23,Giấy phép (ABEI),599/QĐ-BTTTT,valid,https://giayphep.abei.gov.vn/
gamute.vn,CÔNG TY TNHH CÔNG NGHỆ GIẢI TRÍ CHÂU Á,QUYẾT ĐỊNH PHÁT HÀNH TRÒ CHƠI ĐIỆN TỬ G1 TRÊN MẠNG,2023-12-25,Giấy phép (ABEI),2516/QĐ-BTTTT,valid,https://giayphep.abei.gov.vn/
gamz.vn,CÔNG TY CỔ PHẦN CÔNG NGHỆ GAMZ,QUYẾT ĐỊNH PHÁT HÀNH TRÒ CHƠI ĐIỆN TỬ G1 TRÊN MẠNG,2025-01-21,Giấy phép (ABEI),93/QĐ-BTTTT,valid,https://giayphep.abei.gov.vn/
gan.tv,Đài Phát Thanh và Truyển Hình tỉnh Long An,MXH - Đài Phát thanh Truyền hình,,Giấy phép (TVPL PDF),,valid,
gapo.vn,CÔNG TY CỔ PHẦN CÔNG NGHỆ GAPO,GIẤY PHÉP CUNG CẤP DỊCH VỤ MẠNG XÃ HỘI,2019-07-10,Giấy phép (ABEI),278/GP-BTTTT,invalid,https://giayphep.abei.gov.vn/
garena.vn,CÔNG TY CỔ PHẦN GIẢI TRÍ VÀ THỂ THAO ĐIỆN TỬ VIỆT NAM ,QUYẾT ĐỊNH PHÁT HÀNH TRÒ CHƠI ĐIỆN TỬ G1 TRÊN MẠNG,2025-09-04,Giấy phép (ABEI),378/QĐ-PTTH&TTĐT,invalid,https://giayphep.abei.gov.vn/
gate19.vn,Công ty Cổ phần 1.19,Website - Trang TTĐT tổng hợp,,Giấy phép (TVPL PDF),,valid,
gautructruyenky.vn,CÔNG TY CỔ PHẦN ĐẦU TƯ CÔNG NGHỆ VISION INVEST,QUYẾT ĐỊNH PHÁT HÀNH TRÒ CHƠI ĐIỆN TỬ G1 TRÊN MẠNG,2025-01-27,Giấy phép (ABEI),54/QĐ-BTTTT,valid,https://giayphep.abei.gov.vn/
gemezz.vn,CÔNG TY TNHH SÁNG TẠO ĐA PHƯƠNG TIỆN,"GIẤY XÁC NHẬN THÔNG BÁO PHÁT HÀNH TRÒ CHƠI ĐIỆN TỬ G2,G3,G4",2021-06-21,Giấy phép (ABEI),99/GXN-PTTH&TTĐT,valid,https://giayphep.abei.gov.vn/
genk.vn,Công ty Cổ phần VCCorp,Website - Trang TTĐT tổng hợp,,Giấy phép (TVPL PDF),,valid,
genshin.funtap.games,CÔNG TY CỔ PHẦN FUNTAP GAMES,QUYẾT ĐỊNH PHÁT HÀNH TRÒ CHƠI ĐIỆN TỬ G1 TRÊN MẠNG,2026-07-07,Giấy phép (ABEI),401/QĐ-PTTH&TTĐT,valid,https://giayphep.abei.gov.vn/
genshin.playfun.vn,CÔNG TY CỔ PHẦN PHÁT TRIỂN CÔNG NGHỆ SỐ HỒNG HÀ,QUYẾT ĐỊNH PHÁT HÀNH TRÒ CHƠI ĐIỆN TỬ G1 TRÊN MẠNG,2023-08-07,Giấy phép (ABEI),1454/QĐ-BTTTT,invalid,https://giayphep.abei.gov.vn/
genz.vgplay.vn,CÔNG TY CỔ PHẦN VGP,QUYẾT ĐỊNH PHÁT HÀNH TRÒ CHƠI ĐIỆN TỬ G1 TRÊN MẠNG,2023-03-27,Giấy phép (ABEI),456/QĐ-BTTTT,invalid,https://giayphep.abei.gov.vn/
genzzz.xyz,CÔNG TY TNHH TRUYỀN THÔNG GENZ ,QUYẾT ĐỊNH PHÁT HÀNH TRÒ CHƠI ĐIỆN TỬ G1 TRÊN MẠNG,2026-02-12,Giấy phép (ABEI),83/QĐ-PTTH&TTĐT,valid,https://giayphep.abei.gov.vn/
getup.vn,CÔNG TY CỔ PHẦN ỨNG DỤNG VÀ TRUYỀN THÔNG  X7PLUS,GIẤY PHÉP CUNG CẤP DỊCH VỤ MẠNG XÃ HỘI,2019-12-10,Giấy phép (ABEI),534/GP-BTTTT,valid,https://giayphep.abei.gov.vn/
gf2.thsgame.com.vn,CÔNG TY CỔ PHẦN THS GAME,QUYẾT ĐỊNH PHÁT HÀNH TRÒ CHƠI ĐIỆN TỬ G1 TRÊN MẠNG,2026-05-06,Giấy phép (ABEI),236 /QĐ-PTTH&TTĐT,valid,https://giayphep.abei.gov.vn/
ggames.vn,CÔNG TY TNHH TRỰC TUYÊN THIÊN HÀ,QUYẾT ĐỊNH PHÁT HÀNH TRÒ CHƠI ĐIỆN TỬ G1 TRÊN MẠNG,2022-11-08,Giấy phép (ABEI),2052/QĐ-BTTTT,valid,https://giayphep.abei.gov.vn/
gglive.vn,Công ty cổ phần BOX Việt Nam,Website - Trang mạng xã hội,,Giấy phép (TVPL PDF),,valid,
ggo.vn,CÔNG TY CỔ PHẦN GGO ,QUYẾT ĐỊNH PHÁT HÀNH TRÒ CHƠI ĐIỆN TỬ G1 TRÊN MẠNG,2026-01-23,Giấy phép (ABEI),28/QĐ-PTTH&TTĐT,valid,https://giayphep.abei.gov.vn/
gheantv.fanpage,Đài Phát thanh và Truyền hình tỉnh Nghệ An,MXH - Đài Phát thanh Truyền hình,,Giấy phép (TVPL PDF),,valid,
ghienbongda.vn,Công ty Cổ phần Giải trí Stardaily Entertainment,Website - Trang mạng xã hội,,Giấy phép (TVPL PDF),,valid,
ghiep.vn,Tạp chí Diễn đàn doanh nghiệp,"Website - Báo, tạp chí điện tử",,Giấy phép (TVPL PDF),,valid,
ghmgames.vn,Công ty TNHH Công nghệ GHM ,QUYẾT ĐỊNH PHÁT HÀNH TRÒ CHƠI ĐIỆN TỬ G1 TRÊN MẠNG,2026-06-23,Giấy phép (ABEI),367/QĐ-PTTH&TTĐT,valid,https://giayphep.abei.gov.vn/
ghnt.vn,CÔNG TY CỔ PHẦN VTC DỊCH VỤ DI ĐỘNG - ,QUYẾT ĐỊNH PHÁT HÀNH TRÒ CHƠI ĐIỆN TỬ G1 TRÊN MẠNG,2026-02-13,Giấy phép (ABEI),93/QĐ-PTTH&TTĐT,valid,https://giayphep.abei.gov.vn/
ghost.vtczone.vn,CÔNG TY CỔ PHẦN VTC DỊCH VỤ DI ĐỘNG,QUYẾT ĐỊNH PHÁT HÀNH TRÒ CHƠI ĐIỆN TỬ G1 TRÊN MẠNG,2025-12-12,Giấy phép (ABEI),552/QĐ-PTTH&TTĐT,valid,https://giayphep.abei.gov.vn/
ghoststory.vnggames.com,CÔNG TY CỔ PHẦN VNG,QUYẾT ĐỊNH PHÁT HÀNH TRÒ CHƠI ĐIỆN TỬ G1 TRÊN MẠNG,2025-04-17,Giấy phép (ABEI),125/QĐ-PTTH&TTĐT,invalid,https://giayphep.abei.gov.vn/
ghtt.ygame.vn,CÔNG TY CỔ PHẦN GIẢI TRÍ YGAME,QUYẾT ĐỊNH PHÁT HÀNH TRÒ CHƠI ĐIỆN TỬ G1 TRÊN MẠNG,2020-11-04,Giấy phép (ABEI),1875/QĐ-BTTTT,valid,https://giayphep.abei.gov.vn/
giacavattu.com.vn,Trung tâm Thông tin Công nghiệp và Thương mại,Website - Trang TTĐT tổng hợp,,Giấy phép (TVPL PDF),,valid,
www.giahanghoa.com.vn,TRUNG TÂM THÔNG TIN CÔNG NGHIỆP VÀ THƯƠNG MẠI,GIẤY PHÉP THIẾT LẬP TRANG THÔNG TIN ĐIỆN TỬ TỔNG HỢP,2015-07-09,Giấy phép (ABEI),93/GP-TTĐT,valid,https://giayphep.abei.gov.vn/
giacngo.vn,BÁO GIÁC NGỘ,GIẤY PHÉP THIẾT LẬP TRANG THÔNG TIN ĐIỆN TỬ TỔNG HỢP,2013-04-26,Giấy phép (ABEI),56/GP-TTĐT,invalid,https://giayphep.abei.gov.vn/
giadinh.suckhoedoisong.vn,Báo Sức khoẻ và Đời sống,"Website - Báo, tạp chí điện tử",,Giấy phép (TVPL PDF),,valid,
giadinhonline.vn,Tạp chí Gia đình Việt Nam,"Website - Báo, tạp chí điện tử",,Giấy phép (TVPL PDF),,valid,
giadinhphapluat.net.vn,Công ty Cổ phần Truyền thông HT,Website - Trang TTĐT tổng hợp,,Giấy phép (TVPL PDF),,valid,
giadinhsuckhoe.vn,Công ty TNHH Truyền thông và Quảng cáo 3T (Đổi thành : Công ty TNHH Đời sống Việt Nam),Website - Trang TTĐT tổng hợp,,Giấy phép (TVPL PDF),,valid,
giadinhtre.vn,Công ty TNHH Quảng cáo và Dịch vụ Xuất bản,Website - Trang mạng xã hội,,Giấy phép (TVPL PDF),,valid,
giadinhviet.org.vn,Công ty cổ phần giải pháp truyền thông Kết nối trẻ,Website - Trang TTĐT tổng hợp,,Giấy phép (TVPL PDF),,valid,
giahanghoa.com.vn,Trung tâm Thông tin Công nghiệp và Thương mại,Website - Trang TTĐT tổng hợp,,Giấy phép (TVPL PDF),,valid,
giaido.vn,CÔNG TY CỔ PHẦN ELCOMPLUS,QUYẾT ĐỊNH PHÁT HÀNH TRÒ CHƠI ĐIỆN TỬ G1 TRÊN MẠNG,2020-04-15,Giấy phép (ABEI),546/QĐ-BTTTT,valid,https://giayphep.abei.gov.vn/
giaimasinhton.hgame.vn,CÔNG TY CỔ PHẦN PHÁT TRIỂN CÔNG NGHỆ SỐ HỒNG HÀ,QUYẾT ĐỊNH PHÁT HÀNH TRÒ CHƠI ĐIỆN TỬ G1 TRÊN MẠNG,2021-06-23,Giấy phép (ABEI),894/QĐ-BTTTT,valid,https://giayphep.abei.gov.vn/
giaitri.thoibaovhnt.com.vn,Báo Thời báo Văn học nghệ thuật,"Website - Báo, tạp chí điện tử",,Giấy phép (TVPL PDF),,valid,
giaitri24.net.vn,Công ty TNHH Giải trí và Truyền thông Online Việt Nam,Website - Trang TTĐT tổng hợp,,Giấy phép (TVPL PDF),,valid,
giaitri24.vn,Công ty cổ phần Phần mềm và Truyền thông SIXCOM Việt Nam,Website - Trang mạng xã hội,,Giấy phép (TVPL PDF),,valid,
giaitri247.com.vn,Công ty Cổ phần Quảng cáo Hà Thái,Website - Trang TTĐT tổng hợp,,Giấy phép (TVPL PDF),,valid,
giaitri24h.com.vn,Công ty Cổ phần dịch vụ truyền thông Vietnamnet Icom,Website - Trang TTĐT tổng hợp,,Giấy phép (TVPL PDF),,valid,
giaitri357.vn,CÔNG TY CỔ PHẦN GIẢI TRÍ 357,QUYẾT ĐỊNH PHÁT HÀNH TRÒ CHƠI ĐIỆN TỬ G1 TRÊN MẠNG,2024-11-19,Giấy phép (ABEI),2006/QĐ-BTTTT,valid,https://giayphep.abei.gov.vn/
giaitribonmua.vn,Công ty TNHH Bốn mùa Media Hà Nội,Website - Trang TTĐT tổng hợp,,Giấy phép (TVPL PDF),,valid,
giaitribox.vn,Công ty Cổ phần hạ tầng mạng HD,Website - Trang TTĐT tổng hợp,,Giấy phép (TVPL PDF),,valid,
giaitrihd.vn,CÔNG TY CỔ PHẦN NGHỆ THUẬT GIẢI TRÍ HOA DƯƠNG,GIẤY PHÉP CUNG CẤP DỊCH VỤ MẠNG XÃ HỘI,2021-01-22,Giấy phép (ABEI),52/GP-BTTTT,valid,https://giayphep.abei.gov.vn/
giaitrimobile.com.vn,Công ty TNHH Dịch vụ Viễn thông TMS,Website - Trang TTĐT tổng hợp,,Giấy phép (TVPL PDF),,valid,
giaitrimobile.vn,Công ty TNHH Đầu tư phát triển công nghệ An Phát,Website - Trang TTĐT tổng hợp,,Giấy phép (TVPL PDF),,valid,
giaitriplus.vn,"CÔNG TY CỔ PHẦN TRUYỀN THÔNG, QUẢNG CÁO ĐA PHƯƠNG TIỆN",GIẤY PHÉP CUNG CẤP DỊCH VỤ MẠNG XÃ HỘI,2019-11-02,Giấy phép (ABEI),527/GP-BTTTT,valid,https://giayphep.abei.gov.vn/
giaitrith.vn,Công ty Cổ phần Giải pháp Công nghệ Hưng Hà,Website - Trang TTĐT tổng hợp,,Giấy phép (TVPL PDF),,valid,
giaitrith.com.vn,Công ty Cổ phần Giải pháp Công nghệ Hưng Hà,Website - Trang TTĐT tổng hợp,,Giấy phép (TVPL PDF),,valid,
giaitrivanhoa.vn,Công ty TNHH Truyền thông & Giải trí Goldstar,Website - Trang TTĐT tổng hợp,,Giấy phép (TVPL PDF),,valid,
giaitrivn.vn,Công ty TNHH Dịch vụ Viễn Thông Hy Vọng Mới,Website - Trang TTĐT tổng hợp,,Giấy phép (TVPL PDF),,valid,
giaitrivui.vn,Công ty Cổ phần Thông tin và Truyền thông PCQ Việt Nam,Website - Trang TTĐT tổng hợp,,Giấy phép (TVPL PDF),,valid,
gialaitv.vn,ĐÀI PHÁT THANH - TRUYỀN HÌNH GIA LAI,GIẤY PHÉP THIẾT LẬP TRANG THÔNG TIN ĐIỆN TỬ TỔNG HỢP,2022-07-28,Giấy phép (ABEI),99/GP-TTĐT,valid,https://giayphep.abei.gov.vn/
giammomau.net.vn,CÔNG TY TNHH THƯƠNG MẠI VÀ TRUYỀN THÔNG PHƯƠNG NAM,GIẤY PHÉP CUNG CẤP DỊCH VỤ MẠNG XÃ HỘI,2019-10-03,Giấy phép (ABEI),421/GP-BTTTT,valid,https://giayphep.abei.gov.vn/
giamua.vn,Cty CP DV TT Ánh Dương,Website - Trang mạng xã hội,,Giấy phép (TVPL PDF),,valid,
giamua.com,Cty CP DV TT Ánh Dương,Website - Trang mạng xã hội,,Giấy phép (TVPL PDF),,valid,
giangho.gamota.com,CÔNG TY CỔ PHẦN GAMOTA,QUYẾT ĐỊNH PHÁT HÀNH TRÒ CHƠI ĐIỆN TỬ G1 TRÊN MẠNG,2019-07-16,Giấy phép (ABEI),1080 /QĐ-BTTTT,valid,https://giayphep.abei.gov.vn/
gianghobatphai.vn,CÔNG TY CỔ PHẦN VTC DỊCH VỤ DI ĐỘNG,QUYẾT ĐỊNH PHÁT HÀNH TRÒ CHƠI ĐIỆN TỬ G1 TRÊN MẠNG,2023-04-14,Giấy phép (ABEI),619/QĐ-BTTTT,invalid,https://giayphep.abei.gov.vn/
gianghochimong.plavfur.vn,CÔNG TY CỔ PHẦN FUNTAP,QUYẾT ĐỊNH PHÁT HÀNH TRÒ CHƠI ĐIỆN TỬ G1 TRÊN MẠNG,2022-05-27,Giấy phép (ABEI),974/QĐ-BTTTT,valid,https://giayphep.abei.gov.vn/
gianghochimong.vn,CÔNG TY CỔ PHẦN FUNTAP,QUYẾT ĐỊNH PHÁT HÀNH TRÒ CHƠI ĐIỆN TỬ G1 TRÊN MẠNG,2020-05-08,Giấy phép (ABEI),788/QĐ-BTTTT,invalid,https://giayphep.abei.gov.vn/
gianghohiepanh.vn,CÔNG TY CỔ PHẦN VTC DỊCH VỤ DI ĐỘNG,QUYẾT ĐỊNH PHÁT HÀNH TRÒ CHƠI ĐIỆN TỬ G1 TRÊN MẠNG,2022-04-04,Giấy phép (ABEI),625/QĐ-BTTTT,invalid,https://giayphep.abei.gov.vn/
gianghohkl.vn,CÔNG TY TNHH SOHA,QUYẾT ĐỊNH PHÁT HÀNH TRÒ CHƠI ĐIỆN TỬ G1 TRÊN MẠNG,2018-12-10,Giấy phép (ABEI),2117/QĐ-BTTTT,invalid,https://giayphep.abei.gov.vn/
gianghokyhiep.playfun.vn,CÔNG TY CỔ PHẦN FUNTAP,QUYẾT ĐỊNH PHÁT HÀNH TRÒ CHƠI ĐIỆN TỬ G1 TRÊN MẠNG,2022-07-25,Giấy phép (ABEI),1428/QĐ-BTTTT,valid,https://giayphep.abei.gov.vn/
gianghokyngo.vplay.vn,CÔNG TY CỔ PHẦN TRUYỀN HÌNH TƯƠNG TÁC VIỆT NAM ,QUYẾT ĐỊNH PHÁT HÀNH TRÒ CHƠI ĐIỆN TỬ G1 TRÊN MẠNG,2026-02-13,Giấy phép (ABEI),85/QĐ-PTTH&TTĐT,valid,https://giayphep.abei.gov.vn/
gianghongutuyet.vn,CÔNG TY CỔ PHẦN VTC DỊCH VỤ DI ĐỘNG,QUYẾT ĐỊNH PHÁT HÀNH TRÒ CHƠI ĐIỆN TỬ G1 TRÊN MẠNG,2021-06-25,Giấy phép (ABEI),905/QĐ-BTTTT,invalid,https://giayphep.abei.gov.vn/
gianghosinhtulenh.vn,CÔNG TY TNHH SOHA,QUYẾT ĐỊNH PHÁT HÀNH TRÒ CHƠI ĐIỆN TỬ G1 TRÊN MẠNG,2020-07-10,Giấy phép (ABEI),1160/QĐ-BTTTT,valid,https://giayphep.abei.gov.vn/
giangsoncuatram.jedi-games.vn,CÔNG TY TNHH JEDI VIỆT NAM,QUYẾT ĐỊNH PHÁT HÀNH TRÒ CHƠI ĐIỆN TỬ G1 TRÊN MẠNG,2020-05-29,Giấy phép (ABEI),912/QĐ-BTTTT,valid,https://giayphep.abei.gov.vn/
giangsonmynhan.vn,CÔNG TY TNHH SOHA,QUYẾT ĐỊNH PHÁT HÀNH TRÒ CHƠI ĐIỆN TỬ G1 TRÊN MẠNG,2020-05-14,Giấy phép (ABEI),802/QĐ-BTTTT,valid,https://giayphep.abei.gov.vn/
giaodich24.vn,Công ty Cổ phần Dịch vụ HT Việt Nam,Website - Trang TTĐT tổng hợp,,Giấy phép (TVPL PDF),,valid,
giaoduc.edu.vn,BÁO GIÁO DỤC THÀNH PHỐ HỒ CHÍ MINH,GIẤY PHÉP THIẾT LẬP TRANG THÔNG TIN ĐIỆN TỬ TỔNG HỢP,2018-07-12,Giấy phép (ABEI),181/GP-TTĐT,valid,https://giayphep.abei.gov.vn/
giaoduc.net.vn,Tạp chí điện tử Giáo dục Việt Nam,"Website - Báo, tạp chí điện tử",,Giấy phép (TVPL PDF),,valid,
giaoduc247.net,Công ty Cổ phần Saigon Media,Website - Trang TTĐT tổng hợp,,Giấy phép (TVPL PDF),,valid,
giaoduclyluan.hcma.vn,Tạp chí Giáo dục lý luận,"Website - Báo, tạp chí điện tử",,Giấy phép (TVPL PDF),,valid,
giaoducthoidai.vn,Báo Giáo dục và Thời đại,"Website - Báo, tạp chí điện tử",,Giấy phép (TVPL PDF),,valid,
gdtd.vn,Báo Giáo dục và Thời đại,"Website - Báo, tạp chí điện tử",,Giấy phép (TVPL PDF),,valid,
giaoducthudo.com.vn,TẠP CHÍ GIÁO DỤC THỦ ĐÔ,GIẤY PHÉP THIẾT LẬP TRANG THÔNG TIN ĐIỆN TỬ TỔNG HỢP,2015-06-17,Giấy phép (ABEI),76/GP-TTĐT,invalid,https://giayphep.abei.gov.vn/
giaoducthudo.giaoducthoida,Báo Giáo dục và Thời đại,"Website - Báo, tạp chí điện tử",,Giấy phép (TVPL PDF),,valid,
giaoducvadoisong.vn,Công ty TNHH Truyền thông Pháp luật Thị trường,Website - Trang TTĐT tổng hợp,,Giấy phép (TVPL PDF),,valid,
giaoducvietnam.vn,Tạp chí điện tử Giáo dục Việt Nam,"Website - Báo, tạp chí điện tử",,Giấy phép (TVPL PDF),,valid,
giaomua.vn,Công ty Cổ phần Truyền thông và Công nghệ Bảo An,Website - Trang TTĐT tổng hợp,,Giấy phép (TVPL PDF),,valid,
giaothong24h.vn,Hội An toàn giao thông Việt Nam,GIẤY PHÉP THIẾT LẬP TRANG THÔNG TIN ĐIỆN TỬ TỔNG HỢP,2019-03-22,Giấy phép (ABEI),52/GP-TTĐT,valid,https://giayphep.abei.gov.vn/
giaothong360.vn,Công ty CP truyền thông và Dịch vụ Thương mại Hoàng Nam,Website - Trang TTĐT tổng hợp,,Giấy phép (TVPL PDF),,valid,
giaothonghanoi.kinhtedothi,Báo Kinh tế và Đô thị,"Website - Báo, tạp chí điện tử",,Giấy phép (TVPL PDF),,valid,
giatochuyenthoai.playfun.vn,CÔNG TY CỔ PHẦN FUNTAP,QUYẾT ĐỊNH PHÁT HÀNH TRÒ CHƠI ĐIỆN TỬ G1 TRÊN MẠNG,2022-01-21,Giấy phép (ABEI),87 /QĐ-BTTTT,valid,https://giayphep.abei.gov.vn/
giay.com,CÔNG TY CỔ PHẦN KÊNH 28 ENTERTAINMENT,"MXH - Cá nhân, tổ chức",,Giấy phép (TVPL PDF),,valid,
gigantic.vn,CÔNG TY CỔ PHẦN GIẢI TRÍ TRỰC TUYẾN GIGANTIC,QUYẾT ĐỊNH PHÁT HÀNH TRÒ CHƠI ĐIỆN TỬ G1 TRÊN MẠNG,2026-06-23,Giấy phép (ABEI),368/QĐ-PTTH&TTĐT,valid,https://giayphep.abei.gov.vn/
giganticonline.vn,CÔNG TY CỔ PHẦN GIẢI TRÍ TRỰC TUYẾN GIGANTIC ,QUYẾT ĐỊNH PHÁT HÀNH TRÒ CHƠI ĐIỆN TỬ G1 TRÊN MẠNG,2025-06-12,Giấy phép (ABEI),242/QĐ-PTTH&TTĐT,valid,https://giayphep.abei.gov.vn/
gigi.vn,Công ty Cổ phần giải trí VGG,Website - Trang TTĐT tổng hợp,,Giấy phép (TVPL PDF),,valid,
gigido.vn,Công ty TNHH Đầu tư và Thương mại Magin Gam Việt Nam,Website - Trang mạng xã hội,,Giấy phép (TVPL PDF),,valid,
gioididong.official,CÔNG TY CỔ PHẦN THẾ GIỚI DI ĐỘNG,"MXH - Cá nhân, tổ chức",,Giấy phép (TVPL PDF),,valid,
gioitre.vietnamnet.vn,Báo VietNamNet,"Website - Báo, tạp chí điện tử",,Giấy phép (TVPL PDF),,valid,
gioitre.vn,CÔNG TY CỔ PHẦN TRUYỀN THÔNG VÀ CÔNG NGHỆ SỐ 3S QUỐC TẾ,GIẤY PHÉP CUNG CẤP DỊCH VỤ MẠNG XÃ HỘI,2022-12-13,Giấy phép (ABEI),589/GP-BTTTT,valid,https://giayphep.abei.gov.vn/
gioitreviet.vn,Công ty TNHH Truyền thông và Giải trí Cảnh Nguyễn,Website - Trang mạng xã hội,,Giấy phép (TVPL PDF),,valid,
giongcabian.dongtay,Công ty cổ phần VieNETWORK,"MXH - Cá nhân, tổ chức",,Giấy phép (TVPL PDF),,valid,
giri.ac.vn,Viện Khoa học Thanh tra,Website - Trang TTĐT tổng hợp,,Giấy phép (TVPL PDF),,valid,
gitiho.vn,CÔNG TY CỔ PHẦN CÔNG NGHỆ GIÁO DỤC GITIHO VIỆT NAM,GIẤY PHÉP CUNG CẤP DỊCH VỤ MẠNG XÃ HỘI,2022-12-13,Giấy phép (ABEI),588/GP-BTTTT,invalid,https://giayphep.abei.gov.vn/
gl.hhgame.vn,CÔNG TY CỔ PHẦN PHÁT TRIỂN CÔNG NGHỆ SỐ HỒNG HÀ,QUYẾT ĐỊNH PHÁT HÀNH TRÒ CHƠI ĐIỆN TỬ G1 TRÊN MẠNG,2023-05-30,Giấy phép (ABEI),913/QĐ-BTTTT,valid,https://giayphep.abei.gov.vn/
glive.vn,Công ty Cổ phần Công nghệ và Truyền thông Di động Xanh,Website - Trang TTĐT tổng hợp,,Giấy phép (TVPL PDF),,valid,
globedr.vn,Công ty TNHH GLOBEDR Việt Nam,Website - Trang mạng xã hội,,Giấy phép (TVPL PDF),,valid,
gmeta.vn,CÔNG TY CỔ PHẦN GMETA,QUYẾT ĐỊNH PHÁT HÀNH TRÒ CHƠI ĐIỆN TỬ G1 TRÊN MẠNG,2024-12-03,Giấy phép (ABEI),2102/QĐ-BTTTT,valid,https://giayphep.abei.gov.vn/
gmgame.vn,CÔNG TY CỔ PHẦN DỊCH VỤ GOLDMOON MEDIA,"GIẤY XÁC NHẬN THÔNG BÁO PHÁT HÀNH TRÒ CHƠI ĐIỆN TỬ G2,G3,G4",2020-11-02,Giấy phép (ABEI),200/GXN-PTTH&TTĐT,valid,https://giayphep.abei.gov.vn/
gntgtc.vn,Công ty cổ phần Văn hóa Thể thao & Truyền thông VN Media,Website - Trang mạng xã hội,,Giấy phép (TVPL PDF),,valid,
go.vn,CÔNG TY CỔ PHẦN VTC TRUYỀN THÔNG TRỰC TUYẾN,QUYẾT ĐỊNH PHÁT HÀNH TRÒ CHƠI ĐIỆN TỬ G1 TRÊN MẠNG,2023-06-09,Giấy phép (ABEI),1012/QĐ-BTTTT,valid,https://giayphep.abei.gov.vn/
goaly.vn,Công ty TNHH Sáng tạo Đa phương tiện,Website - Trang TTĐT tổng hợp,,Giấy phép (TVPL PDF),,valid,
goc.gamota.com,CÔNG TY CỔ PHẦN GAMOTA,QUYẾT ĐỊNH PHÁT HÀNH TRÒ CHƠI ĐIỆN TỬ G1 TRÊN MẠNG,2024-10-18,Giấy phép (ABEI),1787/QĐ-BTTTT,expired,https://giayphep.abei.gov.vn/
gocban.vn,Công ty Cổ phần Thương mại và Truyền thông HTC,Website - Trang TTĐT tổng hợp,,Giấy phép (TVPL PDF),,valid,
goccafe.vn,Công ty TNHH Công nghệ và sản phẩm tiên tiến,Website - Trang TTĐT tổng hợp,,Giấy phép (TVPL PDF),,valid,
gocchame.vn,Công ty Cổ phần đầu tư xây dựng và chuyển giao công nghệ thuận phát,Website - Trang TTĐT tổng hợp,,Giấy phép (TVPL PDF),,valid,
gocdoanhnhan.com.vn,Công ty TNHH Công nghệ Truyền thông Medix,Website - Trang TTĐT tổng hợp,,Giấy phép (TVPL PDF),,valid,
goclip.vn,Công ty Cổ phần Thương mại Kỹ Thuật và dịch vụ Trường Thịnh,Website - Trang TTĐT tổng hợp,,Giấy phép (TVPL PDF),,valid,
gocnhin.com.vn,CÔNG TY CỔ PHẦN PHÁT TRIỂN TRUYỀN THÔNG VIETPRO,GIẤY PHÉP CUNG CẤP DỊCH VỤ MẠNG XÃ HỘI,2019-11-05,Giấy phép (ABEI),479/GP-BTTTT,valid,https://giayphep.abei.gov.vn/
gocnhinmoi.com.vn,Công ty Cổ phần Công nghệ & Truyền thông Không gian số ,GIẤY PHÉP CUNG CẤP DỊCH VỤ MẠNG XÃ HỘI,2026-05-25,Giấy phép (ABEI),93/GP-PTTH&TTĐT,valid,https://giayphep.abei.gov.vn/
gocnhinthang.vn,Công ty Cổ phần Truyền thông & Giải trí Đường dây nóng Việt Nam,Website - Trang TTĐT tổng hợp,,Giấy phép (TVPL PDF),,valid,
gocnhinthoidai.vn,Công ty TNHH Thông tin và Công nghệ ORANGE,Website - Trang TTĐT tổng hợp,,Giấy phép (TVPL PDF),,valid,
goctailieu.vn,Công ty Cổ phần Dịch vụ truyền thông An Bình Phát,Website - Trang TTĐT tổng hợp,,Giấy phép (TVPL PDF),,valid,
goctuoitho.vn,Công ty Cổ phần Viễn thông Quốc tế Thái Bình Dương,Website - Trang TTĐT tổng hợp,,Giấy phép (TVPL PDF),,valid,
gody.vn,Công ty cổ phần Tư vấn Đầu tư và Phát triển Giải pháp Thương mại Việt Nam,Website - Trang mạng xã hội,,Giấy phép (TVPL PDF),,valid,
goe.gamota.com,CÔNG TY CỔ PHẦN GAMOTA,QUYẾT ĐỊNH PHÁT HÀNH TRÒ CHƠI ĐIỆN TỬ G1 TRÊN MẠNG,2026-07-17,Giấy phép (ABEI),425/QĐ-PTTH&TTĐT,valid,https://giayphep.abei.gov.vn/
goedu.vn,Công ty cổ phần Phát triển Giáo dục GO EDU,Website - Trang mạng xã hội,,Giấy phép (TVPL PDF),,valid,
gog.gamota.com,CÔNG TY CỔ PHẦN GAMOTA,QUYẾT ĐỊNH PHÁT HÀNH TRÒ CHƠI ĐIỆN TỬ G1 TRÊN MẠNG,2019-12-25,Giấy phép (ABEI),2252/QĐ-BTTTT,valid,https://giayphep.abei.gov.vn/
gogame.vn,CÔNG TY CỔ PHẦN CÔNG NGHỆ TRE XANH,"GIẤY XÁC NHẬN THÔNG BÁO PHÁT HÀNH TRÒ CHƠI ĐIỆN TỬ G2,G3,G4",2022-01-14,Giấy phép (ABEI),06/GXN-PTTH&TTĐT,valid,https://giayphep.abei.gov.vn/
gogoplay.vn,Công ty TNHH Công nghệ Blue Mobile Việt Nam,Website - Trang mạng xã hội,,Giấy phép (TVPL PDF),,valid,
gogosamkoktth.vn,CÔNG TY CỔ PHẦN GIẢI TRÍ THIÊN THƯỢNG HỎA,QUYẾT ĐỊNH PHÁT HÀNH TRÒ CHƠI ĐIỆN TỬ G1 TRÊN MẠNG,2025-01-17,Giấy phép (ABEI),55/QĐ-BTTTT,valid,https://giayphep.abei.gov.vn/
gogotamquoc.vtcgame.vn,CÔNG TY VTC CÔNG NGHỆ VÀ NỘI DUNG SỐ,QUYẾT ĐỊNH PHÁT HÀNH TRÒ CHƠI ĐIỆN TỬ G1 TRÊN MẠNG,2023-12-22,Giấy phép (ABEI),2498/QĐ-BTTTT,invalid,https://giayphep.abei.gov.vn/
www.tamquoccho.vtcgame.vn,CÔNG TY VTC CÔNG NGHỆ VÀ NỘI DUNG SỐ,QUYẾT ĐỊNH PHÁT HÀNH TRÒ CHƠI ĐIỆN TỬ G1 TRÊN MẠNG,2023-12-22,Giấy phép (ABEI),2498/QĐ-BTTTT,invalid,https://giayphep.abei.gov.vn/
gogowin.vn,CÔNG TY CỔ PHẦN CENTECH INTERACTIVE,"GIẤY XÁC NHẬN THÔNG BÁO PHÁT HÀNH TRÒ CHƠI ĐIỆN TỬ G2,G3,G4",2020-06-05,Giấy phép (ABEI),82/GXN-PTTH&TTĐT,valid,https://giayphep.abei.gov.vn/
goibacsi.vn,CÔNG TY TNHH DỊCH VỤ TRỰC TUYẾN ONKY,GIẤY PHÉP CUNG CẤP DỊCH VỤ MẠNG XÃ HỘI,2019-08-23,Giấy phép (ABEI),344/GP-BTTTT,valid,https://giayphep.abei.gov.vn/
goingay.vn,Công ty TNHH Đầu tư phát triển Goingay,Website - Trang mạng xã hội,,Giấy phép (TVPL PDF),,valid,
goirong.vn,CÔNG TY TNHH SOHA,QUYẾT ĐỊNH PHÁT HÀNH TRÒ CHƠI ĐIỆN TỬ G1 TRÊN MẠNG,2012-03-01,Giấy phép (ABEI),240/QĐ-BTTTT,valid,https://giayphep.abei.gov.vn/
goldcardvmgplus.com.vn,Công ty TNHH Công nghệ Truyền thông VMGPLUS,Website - Trang TTĐT tổng hợp,,Giấy phép (TVPL PDF),,valid,
goldindex.vn,Công ty TNHH Dịch vụ Truyền thông Bình Minh,Website - Trang TTĐT tổng hợp,,Giấy phép (TVPL PDF),,valid,
goldnglory.vn,CÔNG TY TNHH DỊCH VỤ PHẦN MỀM BÌNH MINH,QUYẾT ĐỊNH PHÁT HÀNH TRÒ CHƠI ĐIỆN TỬ G1 TRÊN MẠNG,2025-02-24,Giấy phép (ABEI),47/QĐ-PTTH&TTĐT,invalid,https://giayphep.abei.gov.vn/
golfedit.vn,Công ty TNHH Truyền thông NGM,Website - Trang mạng xã hội,,Giấy phép (TVPL PDF),,valid,
golfedit.com,Công ty TNHH Truyền thông NGM,Website - Trang mạng xã hội,,Giấy phép (TVPL PDF),,valid,
golfnet.vn,Công ty Cổ phần GOLFNET Việt Nam,Website - Trang TTĐT tổng hợp,,Giấy phép (TVPL PDF),,valid,
golfnews.vn,CÔNG TY CỔ PHẦN DỊCH VỤ TRUYỀN THÔNG GOLF VIỆT NAM,Website - Trang TTĐT tổng hợp,,Giấy phép (TVPL PDF),,valid,
golive.vn,Công ty TNHH Truyền thông và Giải trí WINGROUP,Website - Trang mạng xã hội,,Giấy phép (TVPL PDF),,valid,
gomobi.vn,CÔNG TY TNHH GOMOBI ,QUYẾT ĐỊNH PHÁT HÀNH TRÒ CHƠI ĐIỆN TỬ G1 TRÊN MẠNG,2025-06-27,Giấy phép (ABEI),294/QĐ-PTTH&TTĐT,valid,https://giayphep.abei.gov.vn/
gomuhuventhoai.νη,CÔNG TY TNHH VMGE,QUYẾT ĐỊNH PHÁT HÀNH TRÒ CHƠI ĐIỆN TỬ G1 TRÊN MẠNG,2022-10-11,Giấy phép (ABEI),1887/QĐ-BTTTT,valid,https://giayphep.abei.gov.vn/
goodgame.vn,CÔNG TY TNHH DROID VIỆT NAM,QUYẾT ĐỊNH PHÁT HÀNH TRÒ CHƠI ĐIỆN TỬ G1 TRÊN MẠNG,2023-09-20,Giấy phép (ABEI),1816/QĐ-BTTTT,valid,https://giayphep.abei.gov.vn/
goodmoney.vn,Công ty TNHH MTV Truyền thông Sài Gòn Quốc tế,Website - Trang mạng xã hội,,Giấy phép (TVPL PDF),,valid,
googame.vn,CÔNG TY CỔ PHẦN CÔNG NGHỆ SỐ TOÀN CẦU,QUYẾT ĐỊNH PHÁT HÀNH TRÒ CHƠI ĐIỆN TỬ G1 TRÊN MẠNG,2019-01-30,Giấy phép (ABEI),117/QĐ-BTTTT,valid,https://giayphep.abei.gov.vn/
gootravel.vn,CÔNG TY CP CÔNG NGHỆ KTS VIVUPLAZA,GIẤY PHÉP CUNG CẤP DỊCH VỤ MẠNG XÃ HỘI,2024-05-30,Giấy phép (ABEI),143/GP-BTTTT,valid,https://giayphep.abei.gov.vn/
www.gootravel.com.vn,CÔNG TY CP CÔNG NGHỆ KTS VIVUPLAZA,GIẤY PHÉP CUNG CẤP DỊCH VỤ MẠNG XÃ HỘI,2024-05-30,Giấy phép (ABEI),143/GP-BTTTT,valid,https://giayphep.abei.gov.vn/
gosucorp.vn,CÔNG TY CỔ PHẦN TRỰC TUYẾN GOSU,QUYẾT ĐỊNH PHÁT HÀNH TRÒ CHƠI ĐIỆN TỬ G1 TRÊN MẠNG,2025-09-16,Giấy phép (ABEI),396/QĐ-PTTH&TTĐT,valid,https://giayphep.abei.gov.vn/
gosutv.vn,Công ty Cổ phần Gosutv,Website - Trang mạng xã hội,,Giấy phép (TVPL PDF),,valid,
got.thienthuonghoa.com,CÔNG TY CỔ PHẦN GIẢI TRÍ THIÊN THƯỢNG HỎA,QUYẾT ĐỊNH PHÁT HÀNH TRÒ CHƠI ĐIỆN TỬ G1 TRÊN MẠNG,2020-08-07,Giấy phép (ABEI),1359/QĐ-BTTTT,valid,https://giayphep.abei.gov.vn/
gotomarket.vn,CÔNG TY CỔ PHẦN IONNET,GIẤY PHÉP CUNG CẤP DỊCH VỤ MẠNG XÃ HỘI,2021-06-25,Giấy phép (ABEI),395/GP-BTTTT,valid,https://giayphep.abei.gov.vn/
gov.vn,Trung tâm Công nghệ thông tin và Truyền thông TPHCM,Website - Trang TTĐT tổng hợp,,Giấy phép (TVPL PDF),,valid,
gowoo.vn,CÔNG TY TNHH GOW AI TECHNOLOGY,GIẤY PHÉP CUNG CẤP DỊCH VỤ MẠNG XÃ HỘI,2024-12-06,Giấy phép (ABEI),369/GP-BTTTT,valid,https://giayphep.abei.gov.vn/
gragonwaifu.vn,CÔNG TY CỔ PHẦN 9PLAY,QUYẾT ĐỊNH PHÁT HÀNH TRÒ CHƠI ĐIỆN TỬ G1 TRÊN MẠNG,2023-06-07,Giấy phép (ABEI),985/QĐ-BTTTT,valid,https://giayphep.abei.gov.vn/
grailtale.gamota.com,CÔNG TY CỔ PHẦN GAMOTA,QUYẾT ĐỊNH PHÁT HÀNH TRÒ CHƠI ĐIỆN TỬ G1 TRÊN MẠNG,2023-04-14,Giấy phép (ABEI),623/QĐ-BTTTT,valid,https://giayphep.abei.gov.vn/
grapgame.com,CÔNG TY CỔ PHẦN VẠN VẬT KẾT NỐI IOT,"GIẤY XÁC NHẬN THÔNG BÁO PHÁT HÀNH TRÒ CHƠI ĐIỆN TỬ G2,G3,G4",2021-01-13,Giấy phép (ABEI),15/GXN-PTTH&TTĐT,valid,https://giayphep.abei.gov.vn/
greenpoints.vn,Công ty cổ phần GREEN CONNECT,Website - Trang mạng xã hội,,Giấy phép (TVPL PDF),,valid,
greenstyle.vn,CÔNG TY CỔ PHẦN DOANH NGHIỆP XÃ HỘI GREEN JOURNEY,GIẤY PHÉP CUNG CẤP DỊCH VỤ MẠNG XÃ HỘI,2024-07-23,Giấy phép (ABEI),202/GP-BTTTT,valid,https://giayphep.abei.gov.vn/
grepgame.vn,CÔNG TY CỔ PHẦN DỊCH VỤ CÔNG NGHỆ THÔNG TIN GIẢI TRÍ VIỆT,QUYẾT ĐỊNH PHÁT HÀNH TRÒ CHƠI ĐIỆN TỬ G1 TRÊN MẠNG,2019-04-11,Giấy phép (ABEI),566 /QĐ-BTTTT,invalid,https://giayphep.abei.gov.vn/
gsscorp.vn,CÔNG TY CỔ PHẦN ĐẦU TƯ GSS,QUYẾT ĐỊNH PHÁT HÀNH TRÒ CHƠI ĐIỆN TỬ G1 TRÊN MẠNG,2023-04-26,Giấy phép (ABEI),723/QĐ-BTTTT,valid,https://giayphep.abei.gov.vn/
www.gssgame.vn,CÔNG TY CỔ PHẦN ĐẦU TƯ GSS,QUYẾT ĐỊNH PHÁT HÀNH TRÒ CHƠI ĐIỆN TỬ G1 TRÊN MẠNG,2022-01-21,Giấy phép (ABEI),82/QĐ-BTTTT,valid,https://giayphep.abei.gov.vn/
gtconnect.vn,CÔNG TY TNHH GTC SAO PHƯƠNG ĐÔNG,GIẤY PHÉP CUNG CẤP DỊCH VỤ MẠNG XÃ HỘI,2024-12-30,Giấy phép (ABEI),399/GP-BTTTT,invalid,https://giayphep.abei.gov.vn/
gtiepthi.vn,Tạp chí Kinh tế Sài Gòn,MXH - Cơ quan báo chí,,Giấy phép (TVPL PDF),,valid,
gtimes.com.vn,Công ty TNHH Carvill Việt Nam,Website - Trang TTĐT tổng hợp,,Giấy phép (TVPL PDF),,valid,
gttv.channel,Công ty TNHH Truyền thông Việt Hoàng,"MXH - Cá nhân, tổ chức",,Giấy phép (TVPL PDF),,valid,
gttv.english,Công ty TNHH Truyền thông Việt Hoàng,"MXH - Cá nhân, tổ chức",,Giấy phép (TVPL PDF),,valid,
gumusic.vn,TỔNG CÔNG TY VIỄN THÔNG MOBIFONE,GIẤY PHÉP CUNG CẤP DỊCH VỤ MẠNG XÃ HỘI,2025-06-26,Giấy phép (ABEI),64/GP-BVHTTDL,valid,https://giayphep.abei.gov.vn/
gunbound.splay.vn,CÔNG TY CỔ PHẦN VTC DỊCH VỤ DI ĐỘNG,QUYẾT ĐỊNH PHÁT HÀNH TRÒ CHƠI ĐIỆN TỬ G1 TRÊN MẠNG,2025-11-10,Giấy phép (ABEI),501/QĐ-PTTH&TTĐT,valid,https://giayphep.abei.gov.vn/
gunbound.vtcgame.vn,CÔNG TY VTC CÔNG NGHỆ VÀ NỘI DUNG SỐ,QUYẾT ĐỊNH PHÁT HÀNH TRÒ CHƠI ĐIỆN TỬ G1 TRÊN MẠNG,2019-11-25,Giấy phép (ABEI),2006 /QĐ-BTTTT,invalid,https://giayphep.abei.gov.vn/
gunboundm.vn,CÔNG TY CỔ PHẦN VNG,QUYẾT ĐỊNH PHÁT HÀNH TRÒ CHƠI ĐIỆN TỬ G1 TRÊN MẠNG,2017-12-29,Giấy phép (ABEI),2439/QĐ-BTTTT,invalid,https://giayphep.abei.gov.vn/
gunbowgigantic.vn,CÔNG TY CỔ PHẦN GIẢI TRÍ TRỰC TUYẾN GIGANTIC,QUYẾT ĐỊNH PHÁT HÀNH TRÒ CHƠI ĐIỆN TỬ G1 TRÊN MẠNG,2026-06-23,Giấy phép (ABEI),368/QĐ-PTTH&TTĐT,valid,https://giayphep.abei.gov.vn/
gungunmobile.vn,CÔNG TY TNHH SOHA,QUYẾT ĐỊNH PHÁT HÀNH TRÒ CHƠI ĐIỆN TỬ G1 TRÊN MẠNG,2019-06-12,Giấy phép (ABEI),883/QĐ-BTTTT,invalid,https://giayphep.abei.gov.vn/
gunlove.vn,CÔNG TY TNHH SOHA,QUYẾT ĐỊNH PHÁT HÀNH TRÒ CHƠI ĐIỆN TỬ G1 TRÊN MẠNG,2019-12-05,Giấy phép (ABEI),2122 /QĐ-BTTTT,valid,https://giayphep.abei.gov.vn/
gunny.zing.vn,CÔNG TY CỔ PHẦN VNG,QUYẾT ĐỊNH PHÁT HÀNH TRÒ CHƠI ĐIỆN TỬ G1 TRÊN MẠNG,2025-05-28,Giấy phép (ABEI),203/QĐ-PTTH&TTĐT,invalid,https://giayphep.abei.gov.vn/
gunnymobi.vn,CÔNG TY TNHH TRUYỀN THÔNG MINH PHƯƠNG THỊNH,QUYẾT ĐỊNH PHÁT HÀNH TRÒ CHƠI ĐIỆN TỬ G1 TRÊN MẠNG,2018-06-18,Giấy phép (ABEI),928/QĐ-BTTTT,invalid,https://giayphep.abei.gov.vn/
gunnyorigin.vnggames.com,CÔNG TY CỔ PHẦN VNG,QUYẾT ĐỊNH PHÁT HÀNH TRÒ CHƠI ĐIỆN TỬ G1 TRÊN MẠNG,2021-11-18,Giấy phép (ABEI),1847/QĐ-BTTTT,invalid,https://giayphep.abei.gov.vn/
gunnypc.vnggame.com,CÔNG TY CỔ PHẦN TẬP ĐOÀN VNG,QUYẾT ĐỊNH PHÁT HÀNH TRÒ CHƠI ĐIỆN TỬ G1 TRÊN MẠNG,2026-01-10,Giấy phép (ABEI),09/QĐ-PTTH&TTĐT,valid,https://giayphep.abei.gov.vn/
gunnypc.zing.vn,CÔNG TY CỔ PHẦN VNG,QUYẾT ĐỊNH PHÁT HÀNH TRÒ CHƠI ĐIỆN TỬ G1 TRÊN MẠNG,2023-08-07,Giấy phép (ABEI),1455/QĐ-BTTTT,invalid,https://giayphep.abei.gov.vn/
gunpow.360game.vn,CÔNG TY CỔ PHẦN VNG,QUYẾT ĐỊNH PHÁT HÀNH TRÒ CHƠI ĐIỆN TỬ G1 TRÊN MẠNG,2025-04-23,Giấy phép (ABEI),140/QĐ-PTTH&TTĐT,invalid,https://giayphep.abei.gov.vn/
gunpow.vnggames.com,CÔNG TY CỔ PHẦN TẬP ĐOÀN VNG,QUYẾT ĐỊNH PHÁT HÀNH TRÒ CHƠI ĐIỆN TỬ G1 TRÊN MẠNG,2025-12-23,Giấy phép (ABEI),572/QĐ-PTTH&TTĐT,valid,https://giayphep.abei.gov.vn/
gunpow3d.vn,CÔNG TY TNHH GIẢI TRÍ LONG ĐỈNH,QUYẾT ĐỊNH PHÁT HÀNH TRÒ CHƠI ĐIỆN TỬ G1 TRÊN MẠNG,2019-04-23,Giấy phép (ABEI),617/QĐ-BTTTT,valid,https://giayphep.abei.gov.vn/
gunstar.vtcgame.vn,CÔNG TY VTC CÔNG NGHỆ VÀ NỘI DUNG SỐ,QUYẾT ĐỊNH PHÁT HÀNH TRÒ CHƠI ĐIỆN TỬ G1 TRÊN MẠNG,2021-10-25,Giấy phép (ABEI),1672/QĐ-BTTTT,invalid,https://giayphep.abei.gov.vn/
gunx.gamota.com,CÔNG TY CỔ PHẦN GAMOTA,QUYẾT ĐỊNH PHÁT HÀNH TRÒ CHƠI ĐIỆN TỬ G1 TRÊN MẠNG,2020-08-14,Giấy phép (ABEI),1399 /QĐ-BTTTT,valid,https://giayphep.abei.gov.vn/
gunxmobile.vn,CÔNG TY TNHH SOHA,QUYẾT ĐỊNH PHÁT HÀNH TRÒ CHƠI ĐIỆN TỬ G1 TRÊN MẠNG,2023-05-23,Giấy phép (ABEI),874/QĐ-BTTTT,valid,https://giayphep.abei.gov.vn/
guoihattinhca.mt,Công ty cổ phần VieNETWORK,"MXH - Cá nhân, tổ chức",,Giấy phép (TVPL PDF),,valid,
guu.vn,Công ty Cổ phần Truyền thông và Đầu tư Guu,Website - Trang mạng xã hội,,Giấy phép (TVPL PDF),,valid,
gvinawell.vn,CÔNG TY CỔ PHẦN TẬP ĐOÀN THỜI GIAN VÀNG,GIẤY PHÉP CUNG CẤP DỊCH VỤ MẠNG XÃ HỘI,2019-12-03,Giấy phép (ABEI),530/GP-BTTTT,invalid,https://giayphep.abei.gov.vn/
gympro.net,Công ty Cổ phần nội dung số GTT Hà Nội,Website - Trang TTĐT tổng hợp,,Giấy phép (TVPL PDF),,valid,
gzone.vn,CÔNG TY CỔ PHẦN GZONE MEDIA VIỆT NAM,QUYẾT ĐỊNH PHÁT HÀNH TRÒ CHƠI ĐIỆN TỬ G1 TRÊN MẠNG,2025-12-19,Giấy phép (ABEI),562/QĐ-PTTH&TTĐT,valid,https://giayphep.abei.gov.vn/
h2teen.vn,Công ty Cổ phần truyền thông Hoa Học Trò,Website - Trang TTĐT tổng hợp,,Giấy phép (TVPL PDF),,valid,
h5.360game.vn,CÔNG TY CỔ PHẦN VNG,QUYẾT ĐỊNH PHÁT HÀNH TRÒ CHƠI ĐIỆN TỬ G1 TRÊN MẠNG,2018-04-20,Giấy phép (ABEI),571/QĐ-BTTTT,invalid,https://giayphep.abei.gov.vn/
ha.vtcgame.vn,CÔNG TY VTC CÔNG NGHỆ VÀ NỘI DUNG SỐ,QUYẾT ĐỊNH PHÁT HÀNH TRÒ CHƠI ĐIỆN TỬ G1 TRÊN MẠNG,2019-11-25,Giấy phép (ABEI),2005 /QĐ-BTTTT,invalid,https://giayphep.abei.gov.vn/
hactaydu.funtap.games,CÔNG TY CỔ PHẦN FUNTAP GAMES,QUYẾT ĐỊNH PHÁT HÀNH TRÒ CHƠI ĐIỆN TỬ G1 TRÊN MẠNG,2026-07-22,Giấy phép (ABEI),439/QĐ-PTTH&TTĐT,valid,https://giayphep.abei.gov.vn/
hagiangtv.vn,ĐÀI PHÁT THANH VÀ TRUYỀN HÌNH HÀ GIANG,GIẤY PHÉP THIẾT LẬP TRANG THÔNG TIN ĐIỆN TỬ TỔNG HỢP,2019-10-31,Giấy phép (ABEI),208/GP-TTĐT,invalid,https://giayphep.abei.gov.vn/
hagogame.vn,CÔNG TY CỔ PHẦN JOMBOJOY TECHNOLOGY,QUYẾT ĐỊNH PHÁT HÀNH TRÒ CHƠI ĐIỆN TỬ G1 TRÊN MẠNG,2021-02-05,Giấy phép (ABEI),152/QĐ-BTTTT,valid,https://giayphep.abei.gov.vn/
hahalolo.vn,Công ty TNHH Một thành viên Dịch vụ và Đầu tư Hahalolo,Website - Trang mạng xã hội,,Giấy phép (TVPL PDF),,valid,
hahalolo.com,Công ty TNHH Một thành viên Dịch vụ và Đầu tư Hahalolo,Website - Trang mạng xã hội,,Giấy phép (TVPL PDF),,valid,
hai247.vn,Công ty Cổ phần Công nghệ và Truyền thông VOD Quốc tế,Website - Trang TTĐT tổng hợp,,Giấy phép (TVPL PDF),,valid,
hai360.vn,Công ty cổ phần truyền thông & công nghệ Ditech,Website - Trang mạng xã hội,,Giấy phép (TVPL PDF),,valid,
hai4g.vn,Công ty TNHH Công nghệ và Nội dung số 4G,Website - Trang TTĐT tổng hợp,,Giấy phép (TVPL PDF),,valid,
haiclip.com.vn,Công ty Cổ phần Đầu tư GMEDIA,Website - Trang TTĐT tổng hợp,,Giấy phép (TVPL PDF),,valid,
haiduongnews.com,Báo Hải Dương,"Website - Báo, tạp chí điện tử",,Giấy phép (TVPL PDF),,valid,
haiduongtv.com,Đài PTTH Hải Dương,Website - Trang TTĐT tổng hợp,,Giấy phép (TVPL PDF),,valid,
haiduongtv.com.vn,Đài PTTH Hải Dương,Website - Trang TTĐT tổng hợp,,Giấy phép (TVPL PDF),,valid,
haiduongtv.vn,Đài PTTH Hải Dương,Website - Trang TTĐT tổng hợp,,Giấy phép (TVPL PDF),,valid,
www.haiduongtv.com.vn,ĐÀI PHÁT THANH - TRUYỀN HÌNH HẢI DƯƠNG,GIẤY PHÉP THIẾT LẬP TRANG THÔNG TIN ĐIỆN TỬ TỔNG HỢP,2015-06-12,Giấy phép (ABEI),69/GP-TTĐT,invalid,https://giayphep.abei.gov.vn/
www.haiduongtv.com,ĐÀI PHÁT THANH - TRUYỀN HÌNH HẢI DƯƠNG,GIẤY PHÉP THIẾT LẬP TRANG THÔNG TIN ĐIỆN TỬ TỔNG HỢP,2015-06-12,Giấy phép (ABEI),69/GP-TTĐT,invalid,https://giayphep.abei.gov.vn/
hailamsao.dongtay,Công ty cổ phần VieNETWORK,"MXH - Cá nhân, tổ chức",,Giấy phép (TVPL PDF),,valid,
hainong.vn,CÔNG TY CỔ PHẦN PHÂN BÓN DẦU KHÍ CÀ MAU,GIẤY PHÉP CUNG CẤP DỊCH VỤ MẠNG XÃ HỘI,2023-07-26,Giấy phép (ABEI),254/GP-BTTTT,valid,https://giayphep.abei.gov.vn/
haiquanvietnam.com.vn,Báo Hải quân Việt Nam,"Website - Báo, tạp chí điện tử",,Giấy phép (TVPL PDF),,valid,
haitac.568play.vn,CÔNG TY CỔ PHẦN GIẢI TRÍ 568E,QUYẾT ĐỊNH PHÁT HÀNH TRÒ CHƠI ĐIỆN TỬ G1 TRÊN MẠNG,2016-05-13,Giấy phép (ABEI),780/QĐ-BTTTT,invalid,https://giayphep.abei.gov.vn/
haitac.mobiz.vn,CÔNG TY CỔ PHẦN MOBIZ,QUYẾT ĐỊNH PHÁT HÀNH TRÒ CHƠI ĐIỆN TỬ G1 TRÊN MẠNG,2021-05-07,Giấy phép (ABEI),601/QĐ-BTTTT,valid,https://giayphep.abei.gov.vn/
haitac.teamobi.com.vn,CÔNG TY TNHH TEAMOBI,QUYẾT ĐỊNH PHÁT HÀNH TRÒ CHƠI ĐIỆN TỬ G1 TRÊN MẠNG,2016-01-18,Giấy phép (ABEI),72/QĐ-BTTTT,invalid,https://giayphep.abei.gov.vn/
haitacbongdem.vn,CÔNG TY CỔ PHẦN VCCORP,QUYẾT ĐỊNH PHÁT HÀNH TRÒ CHƠI ĐIỆN TỬ G1 TRÊN MẠNG,2018-02-12,Giấy phép (ABEI),232/QĐ-BTTTT,invalid,https://giayphep.abei.gov.vn/
haitaclc.zoneplay.vn,CÔNG TY CỔ PHẦN GZONE MEDIA VIỆT NAM,QUYẾT ĐỊNH PHÁT HÀNH TRÒ CHƠI ĐIỆN TỬ G1 TRÊN MẠNG,2021-06-30,Giấy phép (ABEI),913/QĐ-BTTTT,valid,https://giayphep.abei.gov.vn/
haitacmanhnhat.vn,CÔNG TY CỔ PHẦN GIẢI TRÍ 568E ,QUYẾT ĐỊNH PHÁT HÀNH TRÒ CHƠI ĐIỆN TỬ G1 TRÊN MẠNG,2025-04-15,Giấy phép (ABEI),112/QĐ-PTTH&TTĐT,valid,https://giayphep.abei.gov.vn/
haivn.vn,CÔNG TY CỔ PHẦN TRUYỀN THÔNG VĂN MΙΝΗ,GIẤY PHÉP CUNG CẤP DỊCH VỤ MẠNG XÃ HỘI,2017-10-11,Giấy phép (ABEI),497/GP-BTTTT,valid,https://giayphep.abei.gov.vn/
haki.joyplay.vn,CÔNG TY TNHH JOYGAMES ,QUYẾT ĐỊNH PHÁT HÀNH TRÒ CHƠI ĐIỆN TỬ G1 TRÊN MẠNG,2025-07-31,Giấy phép (ABEI),335/QĐ-PTTH&TTĐT,valid,https://giayphep.abei.gov.vn/
haki.vmge.vn,CÔNG TY TNHH VMGE,QUYẾT ĐỊNH PHÁT HÀNH TRÒ CHƠI ĐIỆN TỬ G1 TRÊN MẠNG,2024-02-27,Giấy phép (ABEI),213/QĐ-BTTTT,valid,https://giayphep.abei.gov.vn/
hakitoithuong.vn,CÔNG TY CỔ PHẦN FUNTAP,QUYẾT ĐỊNH PHÁT HÀNH TRÒ CHƠI ĐIỆN TỬ G1 TRÊN MẠNG,2018-04-19,Giấy phép (ABEI),561/QĐ-BTTTT,valid,https://giayphep.abei.gov.vn/
halamcoal.com.vn,CÔNG TY CỔ PHẦN THAN HÀ LÂM - VINACOMIN,GIẤY PHÉP THIẾT LẬP TRANG THÔNG TIN ĐIỆN TỬ TỔNG HỢP,2013-06-28,Giấy phép (ABEI),88/GP-TTĐT,invalid,https://giayphep.abei.gov.vn/
hallostar.vn,Công ty TNHH Dịch vụ Truyền thông Ngày mới,Website - Trang mạng xã hội,,Giấy phép (TVPL PDF),,valid,
halo-vietnam.vn,Công ty cổ phần Cổng Thông Minh,Website - Trang mạng xã hội,,Giấy phép (TVPL PDF),,valid,
halong.gov.vn,Sở Thông tin và Truyền thông Quảng Ninh,Website - Trang TTĐT tổng hợp,,Giấy phép (TVPL PDF),,valid,
halongbay.com.vn,BAN QUẢN LÝ VỊNH HẠ LONG,GIẤY PHÉP THIẾT LẬP TRANG THÔNG TIN ĐIỆN TỬ TỔNG HỢP,2013-03-19,Giấy phép (ABEI),29/GP-TTĐT,invalid,https://giayphep.abei.gov.vn/
halongtourism.com.vn,TRUNG TÂM THÔNG TIN XÚC TIẾN DU LỊCH QUẢNG NINH,GIẤY PHÉP THIẾT LẬP TRANG THÔNG TIN ĐIỆN TỬ TỔNG HỢP,2013-02-26,Giấy phép (ABEI),16/GP-TTĐT,invalid,https://giayphep.abei.gov.vn/
halovietnam.vn,Công ty Cổ phần đầu tư và phát triển công nghệ truyền thông Nam Việt,Website - Trang TTĐT tổng hợp,,Giấy phép (TVPL PDF),,valid,
hanamtv.vn,Đài Phát thanh và Truyền hình Hà Nam,Website - Trang TTĐT tổng hợp,,Giấy phép (TVPL PDF),,valid,
hanamtv.org.vn,Đài Phát thanh và Truyền hình Hà Nam,Website - Trang TTĐT tổng hợp,,Giấy phép (TVPL PDF),,valid,
www.hanamtv.org.vn,ĐÀI PHÁT THANH VÀ TRUYỀN HÌNH HÀ NAM,GIẤY PHÉP THIẾT LẬP TRANG THÔNG TIN ĐIỆN TỬ TỔNG HỢP,2017-08-14,Giấy phép (ABEI),263/GP-TTĐT,invalid,https://giayphep.abei.gov.vn/
handaohanh.vn,CÔNG TY CỔ PHẦN TRỰC TUYỂN CMN VIỆT NAM,QUYẾT ĐỊNH PHÁT HÀNH TRÒ CHƠI ĐIỆN TỬ G1 TRÊN MẠNG,2019-02-15,Giấy phép (ABEI),174/QĐ-BTTTT,valid,https://giayphep.abei.gov.vn/
handheld.com.vn,Công ty TNHH Linha,Website - Trang mạng xã hội,,Giấy phép (TVPL PDF),,valid,
hanggia.net,CÔNG TY CỔ PHẦN ITODAY,Website - Trang TTĐT tổng hợp,,Giấy phép (TVPL PDF),,valid,
hanghoathuonghieu.vn,Công ty cổ phần Truyền thông HT,Website - Trang mạng xã hội,,Giấy phép (TVPL PDF),,valid,
hanghoathuonghieuhn.vn,TẠP CHÍ HÀNG HÓA VÀ THƯƠNG HIỆU HÀ NỘI,GIẤY PHÉP THIẾT LẬP TRANG THÔNG TIN ĐIỆN TỬ TỔNG HỢP,2018-05-09,Giấy phép (ABEI),109/GP-TTĐT,valid,https://giayphep.abei.gov.vn/
hanghoavacongluan.com.vn,"TRUNG TÂM TƯ VẤN, HỖ TRỢ DOANH NGHIỆP VÀ PHÁT TRIỂN THƯƠNG HIỆU",GIẤY PHÉP THIẾT LẬP TRANG THÔNG TIN ĐIỆN TỬ TỔNG HỢP,2015-09-08,Giấy phép (ABEI),131/GP-TTĐT,valid,https://giayphep.abei.gov.vn/
hanghoavatieudung.vn,Công ty Cổ phần Tập đoàn Truyền thông G8,Website - Trang TTĐT tổng hợp,,Giấy phép (TVPL PDF),,valid,
hangnhatquocgia.com,Công ty Cổ phần Bóng đá Chuyên nghiệp Việt Nam,Website - Trang TTĐT tổng hợp,,Giấy phép (TVPL PDF),,valid,
hangnhatquocgia.vn,Công ty Cổ phần Bóng đá Chuyên nghiệp Việt Nam,Website - Trang TTĐT tổng hợp,,Giấy phép (TVPL PDF),,valid,
hangthathanggia.vn,TẠP CHÍ HÀNG HÓA VÀ THƯƠNG HIỆU HÀ NỘI,GIẤY PHÉP THIẾT LẬP TRANG THÔNG TIN ĐIỆN TỬ TỔNG HỢP,2018-03-22,Giấy phép (ABEI),60/GP-TTĐT,invalid,https://giayphep.abei.gov.vn/
hanhtrinhafk.travelletgames.vn,CÔNG TY CỔ PHẦN TRAVELLET VIỆT NAM,QUYẾT ĐỊNH PHÁT HÀNH TRÒ CHƠI ĐIỆN TỬ G1 TRÊN MẠNG,2023-11-10,Giấy phép (ABEI),2202/QĐ-BTTTT,valid,https://giayphep.abei.gov.vn/
hanhtrinhninja.vn,CÔNG TY CỔ PHẦN FUNTAP,QUYẾT ĐỊNH PHÁT HÀNH TRÒ CHƠI ĐIỆN TỬ G1 TRÊN MẠNG,2020-10-08,Giấy phép (ABEI),1705 /QĐ-BTTTT,valid,https://giayphep.abei.gov.vn/
hanhtrinhrucro.dongtay,Công ty cổ phần VieNETWORK,"MXH - Cá nhân, tổ chức",,Giấy phép (TVPL PDF),,valid,
hanoi.dcs.vn,Ban Tuyên giáo Thành ủy Hà Nội,Website - Trang TTĐT tổng hợp,,Giấy phép (TVPL PDF),,valid,
hanoi.vietnamplus.vn,Báo điện tử Vietnamplus,"Website - Báo, tạp chí điện tử",,Giấy phép (TVPL PDF),,valid,
hanoibusiness.com.vn,Trung tâm giao dịch CNTT&TT Hà Nội,Website - Trang TTĐT tổng hợp,,Giấy phép (TVPL PDF),,valid,
hanoibusiness.vn,Trung tâm giao dịch CNTT&TT Hà Nội,Website - Trang TTĐT tổng hợp,,Giấy phép (TVPL PDF),,valid,
hanoidep.vn,Sở Văn hóa và thể thao Hà Nội,Website - Trang TTĐT tổng hợp,,Giấy phép (TVPL PDF),,valid,
hanoimoi.com.vn,Báo Hà Nội mới,"Website - Báo, tạp chí điện tử",,Giấy phép (TVPL PDF),,valid,
hanoionline.vn,Đài Phát thanh và Truyền hình TP Hà Nội,MXH - Đài Phát thanh Truyền hình,,Giấy phép (TVPL PDF),,valid,
hanoitimes.kinhtedothi.vn,Báo Kinh tế và Đô thị,"Website - Báo, tạp chí điện tử",,Giấy phép (TVPL PDF),,valid,
hanoitv.vn,ĐÀI PHÁT THANH VÀ TRUYỀN HÌNH HÀ NỘI,GIẤY PHÉP THIẾT LẬP TRANG THÔNG TIN ĐIỆN TỬ TỔNG HỢP,2017-06-28,Giấy phép (ABEI),220/GP-TTĐT,invalid,https://giayphep.abei.gov.vn/
www.hanoionline.com,ĐÀI PHÁT THANH VÀ TRUYỀN HÌNH HÀ NỘI,GIẤY PHÉP THIẾT LẬP TRANG THÔNG TIN ĐIỆN TỬ TỔNG HỢP,2023-03-01,Giấy phép (ABEI),28/GP-TTĐT,invalid,https://giayphep.abei.gov.vn/
hanoma.vn,Công ty cổ phần ILOTT,Website - Trang mạng xã hội,,Giấy phép (TVPL PDF),,valid,
haokhichienhon.vn,CÔNG TY CỔ PHẦN DỊCH VỤ TRỰC TUYẾN MIGA ,QUYẾT ĐỊNH PHÁT HÀNH TRÒ CHƠI ĐIỆN TỬ G1 TRÊN MẠNG,2025-11-13,Giấy phép (ABEI),510/QĐ-PTTH&TTĐT,valid,https://giayphep.abei.gov.vn/
haokhiduhiep.vn,CÔNG TY CỔ PHẦN DỊCH VỤ TRỰC TUYẾN MIGA,QUYẾT ĐỊNH PHÁT HÀNH TRÒ CHƠI ĐIỆN TỬ G1 TRÊN MẠNG,2026-02-06,Giấy phép (ABEI),55/QĐ-PTTH&TTĐT,valid,https://giayphep.abei.gov.vn/
hapluat.vn,Báo Pháp luật Việt Nam,MXH - Cơ quan báo chí,,Giấy phép (TVPL PDF),,valid,
happy.vietnam.vn,CỤC THÔNG TIN ĐỐI NGOẠI,GIẤY PHÉP CUNG CẤP DỊCH VỤ MẠNG XÃ HỘI,2023-09-15,Giấy phép (ABEI),342/GP-BTTTT,valid,https://giayphep.abei.gov.vn/
happynest.vn,Công ty TNHH Thương mại và Truyền thông Gia Phúc,Website - Trang mạng xã hội,,Giấy phép (TVPL PDF),,valid,
hatanggiaothong.vn,Công ty TNHH xúc tiến đầu tư và tư vấn Bất động sản Sài Gòn,Website - Trang TTĐT tổng hợp,,Giấy phép (TVPL PDF),,valid,
hatgiongtamhon.com.vn,CÔNG TY TNHH VĂN HOÁ - SÁNG TẠO TRÍ VIỆT,GIẤY PHÉP CUNG CẤP DỊCH VỤ MẠNG XÃ HỘI,2019-06-07,Giấy phép (ABEI),232/GP-BTTTT,valid,https://giayphep.abei.gov.vn/
hatgiongtamhon.vn,Công ty TNHH Văn hóa - Sáng tạo Trí Việt,Website - Trang mạng xã hội,,Giấy phép (TVPL PDF),,valid,
hatinhnews.com.vn,CÔNG TY CỔ PHẦN TRUYỀN THÔNG HÀ TĨNH NEWSZ,GIẤY PHÉP THIẾT LẬP TRANG THÔNG TIN ĐIỆN TỬ TỔNG HỢP,2013-04-18,Giấy phép (ABEI),48/GP-TTĐT,invalid,https://giayphep.abei.gov.vn/
hatinhtv.vn,Đài Phát thanh và Truyền hình Hà Tĩnh,Website - Trang TTĐT tổng hợp,,Giấy phép (TVPL PDF),,valid,
hatinhtv.com.vn,Đài Phát thanh và Truyền hình Hà Tĩnh,Website - Trang TTĐT tổng hợp,,Giấy phép (TVPL PDF),,valid,
www.hatinhtv.com.vn,ĐÀI PHÁT THANH VÀ TRUYỀN HÌNH HÀ TĨNH,GIẤY PHÉP THIẾT LẬP TRANG THÔNG TIN ĐIỆN TỬ TỔNG HỢP,2017-08-02,Giấy phép (ABEI),254/GP-TTĐT,valid,https://giayphep.abei.gov.vn/
hatto.info,Công ty cổ phần Hatto (hatto. vn. . . ),Website - Trang mạng xã hội,,Giấy phép (TVPL PDF),,valid,
hatto.net.vn,Công ty cổ phần Hatto (hatto. vn. . . ),Website - Trang mạng xã hội,,Giấy phép (TVPL PDF),,valid,
hatto.net,Công ty cổ phần Hatto (hatto. vn. . . ),Website - Trang mạng xã hội,,Giấy phép (TVPL PDF),,valid,
hatto.vn,Công ty cổ phần Hatto (hatto. vn. . . ),Website - Trang mạng xã hội,,Giấy phép (TVPL PDF),,valid,
hatto.com.vn,Công ty cổ phần Hatto (hatto. vn. . . ),Website - Trang mạng xã hội,,Giấy phép (TVPL PDF),,valid,
haucadidauday.vn,CÔNG TY TNHH SOHA,QUYẾT ĐỊNH PHÁT HÀNH TRÒ CHƠI ĐIỆN TỬ G1 TRÊN MẠNG,2024-06-04,Giấy phép (ABEI),911/QĐ-BTTTT,valid,https://giayphep.abei.gov.vn/
haugiangtivi.vn,ĐÀI PHÁT THANH VÀ TRUYỀN HÌNH HẬU GIANG,GIẤY PHÉP THIẾT LẬP TRANG THÔNG TIN ĐIỆN TỬ TỔNG HỢP,2015-08-04,Giấy phép (ABEI),106/GP-TTĐT,valid,https://giayphep.abei.gov.vn/
haukimbao.vn,CÔNG TY CỔ PHẦN 9PLAY,QUYẾT ĐỊNH PHÁT HÀNH TRÒ CHƠI ĐIỆN TỬ G1 TRÊN MẠNG,2024-12-23,Giấy phép (ABEI),2245/QĐ-BTTTT,valid,https://giayphep.abei.gov.vn/
hauntedroom.funtap.game,CÔNG TY CỔ PHẦN FUNTAP GAMES ,QUYẾT ĐỊNH PHÁT HÀNH TRÒ CHƠI ĐIỆN TỬ G1 TRÊN MẠNG,2026-03-25,Giấy phép (ABEI),141/QĐ-PTTH&TTĐT,valid,https://giayphep.abei.gov.vn/
havt.gamota.com,CÔNG TY CỔ PHẦN GAMOTA,QUYẾT ĐỊNH PHÁT HÀNH TRÒ CHƠI ĐIỆN TỬ G1 TRÊN MẠNG,2023-09-29,Giấy phép (ABEI),1881/QĐ-BTTTT,valid,https://giayphep.abei.gov.vn/
haworld.official,Công ty cổ phần VCCorp,"MXH - Cá nhân, tổ chức",,Giấy phép (TVPL PDF),,valid,
hay1.vn,CÔNG TY CỔ PHẦN CÔNG NGHỆ FIRST AI,GIẤY PHÉP CUNG CẤP DỊCH VỤ MẠNG XÃ HỘI,2024-06-26,Giấy phép (ABEI),165/GP-BTTTT,valid,https://giayphep.abei.gov.vn/
hayca.vn,CÔNG TY TNHH MYG,QUYẾT ĐỊNH PHÁT HÀNH TRÒ CHƠI ĐIỆN TỬ G1 TRÊN MẠNG,2020-07-21,Giấy phép (ABEI),1231/QĐ-BTTTT,valid,https://giayphep.abei.gov.vn/
hayday.vn,Công ty Cổ phần Hayday,Website - Trang mạng xã hội,,Giấy phép (TVPL PDF),,valid,
haydua.com,Công ty Cổ phần Truyền thông HDC Việt Nam,Website - Trang mạng xã hội,,Giấy phép (TVPL PDF),,valid,
hayhaytv.vn,Công ty CP Bách Triệu Phát,Website - Trang mạng xã hội,,Giấy phép (TVPL PDF),,valid,
hayhogi.vn,CÔNG TY TNHH ILEX,GIẤY PHÉP CUNG CẤP DỊCH VỤ MẠNG XÃ HỘI,2017-04-05,Giấy phép (ABEI),140/GP-BTTTT,valid,https://giayphep.abei.gov.vn/
www.hayhogi.com.vn,CÔNG TY TNHH ILEX,GIẤY PHÉP CUNG CẤP DỊCH VỤ MẠNG XÃ HỘI,2017-04-05,Giấy phép (ABEI),140/GP-BTTTT,valid,https://giayphep.abei.gov.vn/
hayko.vn,Công ty cổ phần Khoa học dữ liệu (hayko.vn; hayko.tv),Website - Trang mạng xã hội,,Giấy phép (TVPL PDF),,valid,
hayko.tv,Công ty cổ phần Khoa học dữ liệu (hayko.vn; hayko.tv),Website - Trang mạng xã hội,,Giấy phép (TVPL PDF),,valid,
www.hayko.tv,CÔNG TY CỔ PHẦN KHOA HỌC DỮ LIỆU,GIẤY PHÉP CUNG CẤP DỊCH VỤ MẠNG XÃ HỘI,2020-09-15,Giấy phép (ABEI),390/GP-BTTTT,valid,https://giayphep.abei.gov.vn/
hayl.vn,CÔNG TY CỔ PHẦN CÔNG NGHỆ FIRST AI,GIẤY PHÉP CUNG CẤP DỊCH VỤ MẠNG XÃ HỘI,2024-01-15,Giấy phép (ABEI),13/GP-BTTTT,invalid,https://giayphep.abei.gov.vn/
haylive.vn,CÔNG TY CỔ PHẦN CÔNG NGHỆ VÀ TRUYỀN THÔNG MPLUS,GIẤY PHÉP CUNG CẤP DỊCH VỤ MẠNG XÃ HỘI,2017-03-09,Giấy phép (ABEI),99/GP-BTTTT,valid,https://giayphep.abei.gov.vn/
hayloimuonnoi.htv,Đài Truyền hình Thành phố Hồ Chí Minh,MXH - Đài Phát thanh Truyền hình,,Giấy phép (TVPL PDF),,valid,
hayonline.vn,Công ty CP Eyeplus connect,Website - Trang mạng xã hội,,Giấy phép (TVPL PDF),,valid,
haytuyetvoi.vn,CÔNG TY CỔ PHẦN NETLINK,GIẤY PHÉP CUNG CẤP DỊCH VỤ MẠNG XÃ HỘI,2017-08-16,Giấy phép (ABEI),396/GP-BTTTT,invalid,https://giayphep.abei.gov.vn/
www.hay.tv,CÔNG TY CỔ PHẦN NETLINK,GIẤY PHÉP CUNG CẤP DỊCH VỤ MẠNG XÃ HỘI,2017-10-30,Giấy phép (ABEI),534/GP-BTTTT,valid,https://giayphep.abei.gov.vn/
hayxem.vn,Công ty Cổ phần Đầu tư và Công nghệ GHD,Website - Trang TTĐT tổng hợp,,Giấy phép (TVPL PDF),,valid,
hcatinhta.nes,Công ty TNHH Vietnam Music Award,"MXH - Cá nhân, tổ chức",,Giấy phép (TVPL PDF),,valid,
hcbis.vn,CÔNG TY TNHH TRUYỀN THÔNG HỒ HUY,"GIẤY XÁC NHẬN THÔNG BÁO PHÁT HÀNH TRÒ CHƠI ĐIỆN TỬ G2,G3,G4",2024-11-05,Giấy phép (ABEI),274/GXN-PTTH&TTĐT,valid,https://giayphep.abei.gov.vn/
hcch.sohaplay.vn,CÔNG TY CỔ PHẦN TRAVELLET VIỆT NAM,QUYẾT ĐỊNH PHÁT HÀNH TRÒ CHƠI ĐIỆN TỬ G1 TRÊN MẠNG,2022-01-24,Giấy phép (ABEI),109/QĐ-BTTTT,valid,https://giayphep.abei.gov.vn/
hcmbiotech.com.vn,Trung tâm Công nghệ Sinh học Thành phố Hồ Chí Minh,Website - Trang TTĐT tổng hợp,,Giấy phép (TVPL PDF),,valid,
hcmpc.com.vn,TỔNG CÔNG TY ĐIỆN LỰC THÀNH PHỐ HỒ CHÍ MINH TNHH,Website - Trang TTĐT tổng hợp,,Giấy phép (TVPL PDF),,valid,
hctq.360game.vn,CÔNG TY TNHH NỘI DUNG SỐ NGUYÊN BẢO,QUYẾT ĐỊNH PHÁT HÀNH TRÒ CHƠI ĐIỆN TỬ G1 TRÊN MẠNG,2017-07-26,Giấy phép (ABEI),1229/QĐ-BTTTT,valid,https://giayphep.abei.gov.vn/
hd24h.vn,Công ty Cổ phần Truyền hình thực tế HDTV Việt Nam,Website - Trang TTĐT tổng hợp,,Giấy phép (TVPL PDF),,valid,
hdll.vn,HỘI ĐỒNG LÝ LUẬN TRUNG ƯƠNG,GIẤY PHÉP THIẾT LẬP TRANG THÔNG TIN ĐIỆN TỬ TỔNG HỢP,2018-08-07,Giấy phép (ABEI),207/GP-TTĐT,valid,https://giayphep.abei.gov.vn/
hdonline.vn,Công ty Cổ phần dịch vụ số Thái Bình Dương,Website - Trang mạng xã hội,,Giấy phép (TVPL PDF),,valid,
hdviet.com,Công ty Cổ phần trực tuyến HD Việt,Website - Trang mạng xã hội,,Giấy phép (TVPL PDF),,valid,
hdviet.vn,Công ty Cổ phần trực tuyến HD Việt,Website - Trang mạng xã hội,,Giấy phép (TVPL PDF),,valid,
hdviet.com.vn,Công ty Cổ phần trực tuyến HD Việt,Website - Trang mạng xã hội,,Giấy phép (TVPL PDF),,valid,
healthplus.vn,Tạp chí Sức khoẻ +,"Website - Báo, tạp chí điện tử",,Giấy phép (TVPL PDF),,valid,
heanh28.hanoi,CÔNG TY CỔ PHẦN KÊNH 28 ENTERTAINMENT,"MXH - Cá nhân, tổ chức",,Giấy phép (TVPL PDF),,valid,
heanh28.page,CÔNG TY CỔ PHẦN KÊNH 28 ENTERTAINMENT,"MXH - Cá nhân, tổ chức",,Giấy phép (TVPL PDF),,valid,
heanh28.themanuong,CÔNG TY CỔ PHẦN KÊNH 28 ENTERTAINMENT,"MXH - Cá nhân, tổ chức",,Giấy phép (TVPL PDF),,valid,
hellobacsi.com,Công ty TNHH Xin chào Sức khỏe (hellobacsi. com; hellobacsi. vn),Website - Trang mạng xã hội,,Giấy phép (TVPL PDF),,valid,
hellobacsi.com.vn,Công ty TNHH Xin chào Sức khỏe (hellobacsi. com; hellobacsi. vn),Website - Trang mạng xã hội,,Giấy phép (TVPL PDF),,valid,
www.hellobacsi.com,CÔNG TY TNHH XIN CHÀO SỨC KHỎE,GIẤY PHÉP CUNG CẤP DỊCH VỤ MẠNG XÃ HỘI,2019-12-03,Giấy phép (ABEI),529/GP-BTTTT,valid,https://giayphep.abei.gov.vn/
hellocafe.vnggames.com,CÔNG TY CỔ PHẦN VNG,QUYẾT ĐỊNH PHÁT HÀNH TRÒ CHƠI ĐIỆN TỬ G1 TRÊN MẠNG,2025-04-17,Giấy phép (ABEI),123/QĐ-PTTH&TTĐT,valid,https://giayphep.abei.gov.vn/
hellojob.com.vn,Công ty Cổ phần HelloJob,Website - Trang TTĐT tổng hợp,,Giấy phép (TVPL PDF),,valid,
hellojob.vn,CÔNG TY CỔ PHẦN HELLOJOB,GIẤY PHÉP CUNG CẤP DỊCH VỤ MẠNG XÃ HỘI,2021-06-11,Giấy phép (ABEI),349/GP-BTTTT,valid,https://giayphep.abei.gov.vn/
helloxom.vn,Công ty TNHH Hello Xóm,Website - Trang mạng xã hội,,Giấy phép (TVPL PDF),,valid,
hendepnhumo.playfun.vn,CÔNG TY CỔ PHẦN FUNTAP,QUYẾT ĐỊNH PHÁT HÀNH TRÒ CHƠI ĐIỆN TỬ G1 TRÊN MẠNG,2020-07-31,Giấy phép (ABEI),1306 /QĐ-BTTTT,valid,https://giayphep.abei.gov.vn/
her.vn,Công ty TNHH DCA Hà Nội,Website - Trang TTĐT tổng hợp,,Giấy phép (TVPL PDF),,valid,
herapo.vn,CÔNG TY CỔ PHẦN ĐẦU TƯ HERAPO,GIẤY PHÉP CUNG CẤP DỊCH VỤ MẠNG XÃ HỘI,2020-04-20,Giấy phép (ABEI),163/GP-BTTTT,valid,https://giayphep.abei.gov.vn/
herbiz.vn,Công ty TNHH Dịch vụ Truyền thông Bình Minh,Website - Trang TTĐT tổng hợp,,Giấy phép (TVPL PDF),,valid,
heritagevietnamairlines.com,Tạp chí Heritage,Website - Trang TTĐT tổng hợp,,Giấy phép (TVPL PDF),,valid,
www.heritagevietnamairlines.com,TẠP CHÍ HERITAGE,GIẤY PHÉP THIẾT LẬP TRANG THÔNG TIN ĐIỆN TỬ TỔNG HỢP,2020-12-24,Giấy phép (ABEI),242/GP-TTĐT,valid,https://giayphep.abei.gov.vn/
www.heritagevietnamairlines.net,TẠP CHÍ HERITAGE,GIẤY PHÉP THIẾT LẬP TRANG THÔNG TIN ĐIỆN TỬ TỔNG HỢP,2020-12-24,Giấy phép (ABEI),242/GP-TTĐT,valid,https://giayphep.abei.gov.vn/
www.heritagevna.com,TẠP CHÍ HERITAGE,GIẤY PHÉP THIẾT LẬP TRANG THÔNG TIN ĐIỆN TỬ TỔNG HỢP,2020-12-24,Giấy phép (ABEI),242/GP-TTĐT,valid,https://giayphep.abei.gov.vn/
www.heritagevna.net,TẠP CHÍ HERITAGE,GIẤY PHÉP THIẾT LẬP TRANG THÔNG TIN ĐIỆN TỬ TỔNG HỢP,2020-12-24,Giấy phép (ABEI),242/GP-TTĐT,valid,https://giayphep.abei.gov.vn/
www.heritagevna.com.vn,TẠP CHÍ HERITAGE,GIẤY PHÉP THIẾT LẬP TRANG THÔNG TIN ĐIỆN TỬ TỔNG HỢP,2020-12-24,Giấy phép (ABEI),242/GP-TTĐT,valid,https://giayphep.abei.gov.vn/
heritagevietnamairlines.net,Tạp chí Heritage,Website - Trang TTĐT tổng hợp,,Giấy phép (TVPL PDF),,valid,
heritagevna.com,Tạp chí Heritage,Website - Trang TTĐT tổng hợp,,Giấy phép (TVPL PDF),,valid,
heritagevna.com.vn,Tạp chí Heritage,Website - Trang TTĐT tổng hợp,,Giấy phép (TVPL PDF),,valid,
heritagevna.net,Tạp chí Heritage,Website - Trang TTĐT tổng hợp,,Giấy phép (TVPL PDF),,valid,
hero.gaba.vn,CÔNG TY CỔ PHẦN TRÒ CHƠI VEGA,QUYẾT ĐỊNH PHÁT HÀNH TRÒ CHƠI ĐIỆN TỬ G1 TRÊN MẠNG,2017-12-29,Giấy phép (ABEI),2434/QĐ-BTTTT,valid,https://giayphep.abei.gov.vn/
hero.ggo.vn,CÔNG TY CỔ PHẦN GGO,QUYẾT ĐỊNH PHÁT HÀNH TRÒ CHƠI ĐIỆN TỬ G1 TRÊN MẠNG,2021-03-24,Giấy phép (ABEI),359/QĐ-BTTTT,invalid,https://giayphep.abei.gov.vn/
heroafk.vnggames.com,CÔNG TY TNHH TRUYỀN THÔNG MINH PHƯƠNG THỊNH,QUYẾT ĐỊNH PHÁT HÀNH TRÒ CHƠI ĐIỆN TỬ G1 TRÊN MẠNG,2022-04-25,Giấy phép (ABEI),757/QĐ-BTTTT,valid,https://giayphep.abei.gov.vn/
heroclash.mocgame.vn,CÔNG TY CỔ PHẦN TRÒ CHƠI MỘC,QUYẾT ĐỊNH PHÁT HÀNH TRÒ CHƠI ĐIỆN TỬ G1 TRÊN MẠNG,2024-05-16,Giấy phép (ABEI),807/QĐ-BTTTT,valid,https://giayphep.abei.gov.vn/
heroes.phoeniz.com,CÔNG TY TNHH DỊCH VỤ GIẢI TRÍ PHƯỢNG HOÀNG,QUYẾT ĐỊNH PHÁT HÀNH TRÒ CHƠI ĐIỆN TỬ G1 TRÊN MẠNG,2020-12-29,Giấy phép (ABEI),2330/QĐ-BTTTT,invalid,https://giayphep.abei.gov.vn/
heroes.vtcgame.vn,CÔNG TY VTC CÔNG NGHỆ VÀ NỘI DUNG SỐ,QUYẾT ĐỊNH PHÁT HÀNH TRÒ CHƠI ĐIỆN TỬ G1 TRÊN MẠNG,2023-04-07,Giấy phép (ABEI),580/QĐ-BTTTT,valid,https://giayphep.abei.gov.vn/
hff.vn,LIÊN ĐOÀN BÓNG ĐÁ THÀNH PHỐ HỒ CHÍ MINH,Website - Trang TTĐT tổng hợp,,Giấy phép (TVPL PDF),,valid,
hfish.vn,CÔNG TY TNHH GAME VIỆT,QUYẾT ĐỊNH PHÁT HÀNH TRÒ CHƠI ĐIỆN TỬ G1 TRÊN MẠNG,2024-08-19,Giấy phép (ABEI),1389/QĐ-BTTTT,valid,https://giayphep.abei.gov.vn/
hhel.mgol.vn,CÔNG TY TNHH PHẦN MỀM MGOL,QUYẾT ĐỊNH PHÁT HÀNH TRÒ CHƠI ĐIỆN TỬ G1 TRÊN MẠNG,2024-12-03,Giấy phép (ABEI),2110/QĐ-BTTTT,valid,https://giayphep.abei.gov.vn/
hhgame.vn,CÔNG TY CỔ PHẦN PHÁT TRIỂN CÔNG NGHỆ SỐ HỒNG HÀ,QUYẾT ĐỊNH PHÁT HÀNH TRÒ CHƠI ĐIỆN TỬ G1 TRÊN MẠNG,2025-06-26,Giấy phép (ABEI),286 /QĐ-PTTH&TTĐT,valid,https://giayphep.abei.gov.vn/
hhgd.tab1.vn,CÔNG TY CỔ PHẦN TAB MEDIA VIỆT NAM,QUYẾT ĐỊNH PHÁT HÀNH TRÒ CHƠI ĐIỆN TỬ G1 TRÊN MẠNG,2021-04-22,Giấy phép (ABEI),525/QĐ-BTTTT,valid,https://giayphep.abei.gov.vn/
hhth.vn,TẠP CHÍ HÀNG HÓA VÀ THƯƠNG HIỆU,GIẤY PHÉP THIẾT LẬP TRANG THÔNG TIN ĐIỆN TỬ TỔNG HỢP,2019-08-06,Giấy phép (ABEI),136/GP-TTĐT,valid,https://giayphep.abei.gov.vn/
hibchhgame.vn,CÔNG TY CỔ PHẦN PHÁT TRIỂN CÔNG NGHỆ SỐ HỒNG HÀ,QUYẾT ĐỊNH PHÁT HÀNH TRÒ CHƠI ĐIỆN TỬ G1 TRÊN MẠNG,2022-07-25,Giấy phép (ABEI),1429/QĐ-BTTTT,valid,https://giayphep.abei.gov.vn/
hiemxahoi.gov.vn,Tạp chí Bảo hiểm xã hội,"Website - Báo, tạp chí điện tử",,Giấy phép (TVPL PDF),,valid,
hienthuonghoa.com,CÔNG TY CỔ PHẦN GIẢI TRÍ THIÊN THƯỢNG HỎA,QUYẾT ĐỊNH PHÁT HÀNH TRÒ CHƠI ĐIỆN TỬ G1 TRÊN MẠNG,2022-07-05,Giấy phép (ABEI),1338/QĐ-BTTTT,valid,https://giayphep.abei.gov.vn/
hienvien.gamota.com,CÔNG TY CỔ PHẦN GAMOTA,QUYẾT ĐỊNH PHÁT HÀNH TRÒ CHƠI ĐIỆN TỬ G1 TRÊN MẠNG,2019-06-11,Giấy phép (ABEI),878 /QĐ-BTTTT,valid,https://giayphep.abei.gov.vn/
hiep.vn,Tạp chí Diễn đàn doanh nghiệp,"Website - Báo, tạp chí điện tử",,Giấy phép (TVPL PDF),,valid,
hiephoanet.vn,CÔNG TY CỔ PHẦN HIỆP HÒA NET,GIẤY PHÉP CUNG CẤP DỊCH VỤ MẠNG XÃ HỘI,2017-08-03,Giấy phép (ABEI),376/GP-BTTTT,valid,https://giayphep.abei.gov.vn/
hiephoicho.vn,HIỆP HỘI PHÁT TRIỂN CHỢ VIỆT NAM,GIẤY PHÉP THIẾT LẬP TRANG THÔNG TIN ĐIỆN TỬ TỔNG HỢP,2018-03-23,Giấy phép (ABEI),62/GP-TTĐT,valid,https://giayphep.abei.gov.vn/
hiephoidnqd.com.vn,Hiệp hội doanh nghiệp Quân đội,Website - Trang TTĐT tổng hợp,,Giấy phép (TVPL PDF),,valid,
hiephoidnqd.vn,Hiệp hội doanh nghiệp Quân đội,Website - Trang TTĐT tổng hợp,,Giấy phép (TVPL PDF),,valid,
hiephoinuocmamvietnam.or,Hiệp hội Nước mắm Việt Nam,Website - Trang TTĐT tổng hợp,,Giấy phép (TVPL PDF),,valid,
hiephoinuocmamvietnam.org.vn,HIỆP HỘI NƯỚC MẮM VIỆT NAM,GIẤY PHÉP THIẾT LẬP TRANG THÔNG TIN ĐIỆN TỬ TỔNG HỢP,2022-11-11,Giấy phép (ABEI),157/GP-TTĐT,valid,https://giayphep.abei.gov.vn/
hiephoivsa.com.vn,HIỆP HỘI NUÔI BIỂN VIỆT NAM,GIẤY PHÉP THIẾT LẬP TRANG THÔNG TIN ĐIỆN TỬ TỔNG HỢP,2018-01-04,Giấy phép (ABEI),01/GP-TTĐT,invalid,https://giayphep.abei.gov.vn/
hiepkhach.gamota.com,CÔNG TY CỔ PHẦN GAMOTA,QUYẾT ĐỊNH PHÁT HÀNH TRÒ CHƠI ĐIỆN TỬ G1 TRÊN MẠNG,2017-09-07,Giấy phép (ABEI),1510/QĐ-BTTTT,valid,https://giayphep.abei.gov.vn/
hiepkhach.vtczone.vn,CÔNG TY CỔ PHẦN VTC DỊCH VỤ DI ĐỘNG,QUYẾT ĐỊNH PHÁT HÀNH TRÒ CHƠI ĐIỆN TỬ G1 TRÊN MẠNG,2026-04-02,Giấy phép (ABEI),165/QĐ-PTTH&TTĐT,valid,https://giayphep.abei.gov.vn/
hiepkhachhanh.mobiz.vn,CÔNG TY CỔ PHẦN MOBIZ,QUYẾT ĐỊNH PHÁT HÀNH TRÒ CHƠI ĐIỆN TỬ G1 TRÊN MẠNG,2020-04-21,Giấy phép (ABEI),120/QĐ-BTTTT,valid,https://giayphep.abei.gov.vn/
hiepkhachtroiday.atgame.com.vn,CÔNG TY TNHH CÔNG NGHỆ MẠNG AT ,QUYẾT ĐỊNH PHÁT HÀNH TRÒ CHƠI ĐIỆN TỬ G1 TRÊN MẠNG,2026-03-05,Giấy phép (ABEI),115/QĐ-PTTH&TTĐT,valid,https://giayphep.abei.gov.vn/
hiepnghiagiangho.vn,CÔNG TY TNHH SOHA,QUYẾT ĐỊNH PHÁT HÀNH TRÒ CHƠI ĐIỆN TỬ G1 TRÊN MẠNG,2020-12-31,Giấy phép (ABEI),2798/QĐ-BTTTT,valid,https://giayphep.abei.gov.vn/
hiepsi.teamobi.com.vn,CÔNG TY TNHH TEAMOBI,QUYẾT ĐỊNH PHÁT HÀNH TRÒ CHƠI ĐIỆN TỬ G1 TRÊN MẠNG,2015-11-19,Giấy phép (ABEI),2034/QĐ-BTTTT,invalid,https://giayphep.abei.gov.vn/
hieuvebenhtri.com,Công ty Thương mại và Truyền thông Phương Nam (hieuvebenhtri. vn),Website - Trang mạng xã hội,,Giấy phép (TVPL PDF),,valid,
hieuvebenhtri.com.vn,Công ty Thương mại và Truyền thông Phương Nam (hieuvebenhtri. vn),Website - Trang mạng xã hội,,Giấy phép (TVPL PDF),,valid,
www.hicuvebenhtri.com,CÔNG TY TNHH THƯƠNG MẠI VÀ TRUYỀN THÔNG PHƯƠNG NAM,GIẤY PHÉP CUNG CẤP DỊCH VỤ MẠNG XÃ HỘI,2019-09-27,Giấy phép (ABEI),409/GP-BTTTT,valid,https://giayphep.abei.gov.vn/
hieuvetraitim.com,QUỸ HIỂU VỀ TRÁI TIM,Website - Trang mạng xã hội,,Giấy phép (TVPL PDF),,valid,
hifivn.vn,CÔNG TY TNHH QUẢNG CÁO NAM BÌNH,GIẤY PHÉP CUNG CẤP DỊCH VỤ MẠNG XÃ HỘI,2021-04-26,Giấy phép (ABEI),231/GP-BTTTT,valid,https://giayphep.abei.gov.vn/
higamer.vn,CÔNG TY CỔ PHẦN HIGAMER,QUYẾT ĐỊNH PHÁT HÀNH TRÒ CHƠI ĐIỆN TỬ G1 TRÊN MẠNG,2022-09-30,Giấy phép (ABEI),1827/QĐ-BTTTT,valid,https://giayphep.abei.gov.vn/
higenz.vn,Công ty VTC Công nghệ và Nội dung số,Website - Trang mạng xã hội,,Giấy phép (TVPL PDF),,valid,
hightechindustry.gov.vn,Vụ Khoa học và Công nghệ (Bộ Công thương),Website - Trang TTĐT tổng hợp,,Giấy phép (TVPL PDF),,valid,
him.vn,Công ty Cổ phần INET,Website - Trang TTĐT tổng hợp,,Giấy phép (TVPL PDF),,valid,
hisaigon.vn,CÔNG TY CỔ PHẦN TRUYỀN THÔNG SAIGONTV,GIẤY PHÉP CUNG CẤP DỊCH VỤ MẠNG XÃ HỘI,2024-09-06,Giấy phép (ABEI),245/GP-BTTTT,valid,https://giayphep.abei.gov.vn/
hivyenbai.com.vn,"TRUNG TÂM PHÒNG, CHỐNG HIV/AIDS TỈNH YÊN BÁI",GIẤY PHÉP THIẾT LẬP TRANG THÔNG TIN ĐIỆN TỬ TỔNG HỢP,2013-07-08,Giấy phép (ABEI),91/GP-TTĐT,invalid,https://giayphep.abei.gov.vn/
hk.dzogame.vn,CÔNG TY TNHH CHÂU Á MỀM,QUYẾT ĐỊNH PHÁT HÀNH TRÒ CHƠI ĐIỆN TỬ G1 TRÊN MẠNG,2018-08-20,Giấy phép (ABEI),1370/QĐ-BTTTT,valid,https://giayphep.abei.gov.vn/
hkcc.vgplay.vn,CÔNG TY CỔ PHẦN VGP,QUYẾT ĐỊNH PHÁT HÀNH TRÒ CHƠI ĐIỆN TỬ G1 TRÊN MẠNG,2025-06-27,Giấy phép (ABEI),298 /QĐ-PTTH&TTĐT,invalid,https://giayphep.abei.gov.vn/
hkgh.gamota.com,CÔNG TY CỔ PHẦN GAMOTA,QUYẾT ĐỊNH PHÁT HÀNH TRÒ CHƠI ĐIỆN TỬ G1 TRÊN MẠNG,2018-06-28,Giấy phép (ABEI),999/QĐ-BTTTT,valid,https://giayphep.abei.gov.vn/
hkgh.myg.vn,CÔNG TY TNHH MYG,QUYẾT ĐỊNH PHÁT HÀNH TRÒ CHƠI ĐIỆN TỬ G1 TRÊN MẠNG,2017-11-09,Giấy phép (ABEI),1938/QĐ-BTTTT,valid,https://giayphep.abei.gov.vn/
hkgh.vtczone.vn,CÔNG TY CỔ PHẦN VTC DỊCH VỤ DI ĐỘNG,QUYẾT ĐỊNH PHÁT HÀNH TRÒ CHƠI ĐIỆN TỬ G1 TRÊN MẠNG,2024-09-24,Giấy phép (ABEI),1595/QĐ-BTTTT,invalid,https://giayphep.abei.gov.vn/
hkghm.gamebao.vn,CÔNG TY CỔ PHẦN TRÒ CHƠI TRỰC TUYẾN BẢO NINH,QUYẾT ĐỊNH PHÁT HÀNH TRÒ CHƠI ĐIỆN TỬ G1 TRÊN MẠNG,2020-01-09,Giấy phép (ABEI),40/QĐ-BTTTT,valid,https://giayphep.abei.gov.vn/
hkh.360game.vn,CÔNG TY CỔ PHẦN VNG,QUYẾT ĐỊNH PHÁT HÀNH TRÒ CHƠI ĐIỆN TỬ G1 TRÊN MẠNG,2016-12-30,Giấy phép (ABEI),2360/QĐ-BTTTT,invalid,https://giayphep.abei.gov.vn/
hkm.dzogame.vn,CÔNG TY TNHH CHÂU Á MỀM,QUYẾT ĐỊNH PHÁT HÀNH TRÒ CHƠI ĐIỆN TỬ G1 TRÊN MẠNG,2021-11-10,Giấy phép (ABEI),1778/QĐ-BTTTT,valid,https://giayphep.abei.gov.vn/
hlo.com.vn,CÔNG TY CỔ PHẦN HELIOS ENTERTAINMENT,QUYẾT ĐỊNH PHÁT HÀNH TRÒ CHƠI ĐIỆN TỬ G1 TRÊN MẠNG,2026-03-20,Giấy phép (ABEI),136/QĐ-PTTH&TTĐT,valid,https://giayphep.abei.gov.vn/
hm.cmn.vn,CÔNG TY CỔ PHẦN TRỰC TUYẾN CMN VIỆT NAM,QUYẾT ĐỊNH PHÁT HÀNH TRÒ CHƠI ĐIỆN TỬ G1 TRÊN MẠNG,2023-04-26,Giấy phép (ABEI),724/QĐ-BTTTT,invalid,https://giayphep.abei.gov.vn/
hmer.vnp,Báo ảnh Việt Nam,MXH - Cơ quan báo chí,,Giấy phép (TVPL PDF),,valid,
hmz.vn,Công ty Cổ phần Truyền thông số HM,Website - Trang TTĐT tổng hợp,,Giấy phép (TVPL PDF),,valid,
hn.dzogame.vn,CÔNG TY TNHH CHÂU Á MỀM,QUYẾT ĐỊNH PHÁT HÀNH TRÒ CHƠI ĐIỆN TỬ G1 TRÊN MẠNG,2023-05-30,Giấy phép (ABEI),914/QĐ-BTTTT,valid,https://giayphep.abei.gov.vn/
hna.gamota.com,CÔNG TY CỔ PHẦN GAMOTA ,QUYẾT ĐỊNH PHÁT HÀNH TRÒ CHƠI ĐIỆN TỬ G1 TRÊN MẠNG,2026-02-11,Giấy phép (ABEI),71/QĐ-PTTH&TTĐT,valid,https://giayphep.abei.gov.vn/
hnxgames.vn,CÔNG TY TNHH TRUYỀN THÔNG HNXSOFT ,QUYẾT ĐỊNH PHÁT HÀNH TRÒ CHƠI ĐIỆN TỬ G1 TRÊN MẠNG,2026-03-31,Giấy phép (ABEI),156/QĐ-PTTH&TTĐT,valid,https://giayphep.abei.gov.vn/
hnxsoft.vn,CÔNG TY TNHH TRUYỀN THÔNG HNXSOFT ,QUYẾT ĐỊNH PHÁT HÀNH TRÒ CHƠI ĐIỆN TỬ G1 TRÊN MẠNG,2026-03-31,Giấy phép (ABEI),156/QĐ-PTTH&TTĐT,valid,https://giayphep.abei.gov.vn/
hoabinhtv.vn,ĐÀI PHÁT THANH VÀ TRUYỀN HÌNH HÒA BÌNH,GIẤY PHÉP THIẾT LẬP TRANG THÔNG TIN ĐIỆN TỬ TỔNG HỢP,2018-07-05,Giấy phép (ABEI),170/GP-TTĐT,invalid,https://giayphep.abei.gov.vn/
hoachianhhung.vn,CÔNG TY CỔ PHẦN FUNTAP,QUYẾT ĐỊNH PHÁT HÀNH TRÒ CHƠI ĐIỆN TỬ G1 TRÊN MẠNG,2020-05-08,Giấy phép (ABEI),783/QĐ-BTTTT,invalid,https://giayphep.abei.gov.vn/
hoachitruyenthuyet.vn,CÔNG TY CỔ PHẦN ACE GAME,QUYẾT ĐỊNH PHÁT HÀNH TRÒ CHƠI ĐIỆN TỬ G1 TRÊN MẠNG,2021-06-02,Giấy phép (ABEI),1015/QĐ-BTTTT,invalid,https://giayphep.abei.gov.vn/
hoadatviet.phunuvietnam.vn,Báo Phụ nữ Việt Nam,"Website - Báo, tạp chí điện tử",,Giấy phép (TVPL PDF),,valid,
hoagiangho.vn,CÔNG TY CỔ PHẦN VTC DỊCH VỤ DI ĐỘNG,QUYẾT ĐỊNH PHÁT HÀNH TRÒ CHƠI ĐIỆN TỬ G1 TRÊN MẠNG,2021-10-12,Giấy phép (ABEI),1589/QĐ-BTTTT,invalid,https://giayphep.abei.gov.vn/
hoahau.net.vn,Công ty TNHH Truyền thông Helios,Website - Trang TTĐT tổng hợp,,Giấy phép (TVPL PDF),,valid,
hoahoctro.tienphong.vn,"Báo Tiền Phong,","Website - Báo, tạp chí điện tử",,Giấy phép (TVPL PDF),,valid,
hoalongphapsu.vn,CÔNG TY CỔ PHẦN 9PLAY,QUYẾT ĐỊNH PHÁT HÀNH TRÒ CHƠI ĐIỆN TỬ G1 TRÊN MẠNG,2021-11-03,Giấy phép (ABEI),1745/QĐ-BTTTT,valid,https://giayphep.abei.gov.vn/
hoangcung.360mobi.vn,CÔNG TY TNHH TRUYỀN THÔNG MINH PHƯƠNG THỊNH,QUYẾT ĐỊNH PHÁT HÀNH TRÒ CHƠI ĐIỆN TỬ G1 TRÊN MẠNG,2016-11-30,Giấy phép (ABEI),2130/QĐ-BTTTT,invalid,https://giayphep.abei.gov.vn/
hoangcung.zing.com,CÔNG TY CỔ PHẦN TẬP ĐOÀN VNG,QUYẾT ĐỊNH PHÁT HÀNH TRÒ CHƠI ĐIỆN TỬ G1 TRÊN MẠNG,2020-05-20,Giấy phép (ABEI),848 /QĐ-BTTTT,valid,https://giayphep.abei.gov.vn/
hoangcung.zing.vn,CÔNG TY CỔ PHẦN TẬP ĐOÀN VNG,QUYẾT ĐỊNH PHÁT HÀNH TRÒ CHƠI ĐIỆN TỬ G1 TRÊN MẠNG,2020-06-02,Giấy phép (ABEI),929 /QĐ-BTTTT,valid,https://giayphep.abei.gov.vn/
hoangcung2.com,CÔNG TY TNHH TRUYỀN THÔNG MINH PHƯƠNG THỊNH,QUYẾT ĐỊNH PHÁT HÀNH TRÒ CHƠI ĐIỆN TỬ G1 TRÊN MẠNG,2018-07-20,Giấy phép (ABEI),1208/QĐ-BTTTT,invalid,https://giayphep.abei.gov.vn/
hoangcungtamke.playfun.vn,CÔNG TY CỔ PHẦN FUNTAP,QUYẾT ĐỊNH PHÁT HÀNH TRÒ CHƠI ĐIỆN TỬ G1 TRÊN MẠNG,2020-11-06,Giấy phép (ABEI),1905 /QĐ-BTTTT,valid,https://giayphep.abei.gov.vn/
hoanghamobile247.vn,Công ty Cổ phần xây dựng và đầu tư thương mại Hoàng Hà,Website - Trang TTĐT tổng hợp,,Giấy phép (TVPL PDF),,valid,
hoanglinhonline.vn,CÔNG TY TNHH DỊCH VỤ TRỰC TUYẾN HOÀNG LINH,QUYẾT ĐỊNH PHÁT HÀNH TRÒ CHƠI ĐIỆN TỬ G1 TRÊN MẠNG,2019-11-25,Giấy phép (ABEI),2002/QĐ-BTTTT,invalid,https://giayphep.abei.gov.vn/
hoanhap.vn,Tạp chí Hướng nghiệp và Hòa nhập,"Website - Báo, tạp chí điện tử",,Giấy phép (TVPL PDF),,valid,
hoanhtao.vn,CÔNG TY CỔ PHẦN VTC DỊCH VỤ DI ĐỘNG,QUYẾT ĐỊNH PHÁT HÀNH TRÒ CHƠI ĐIỆN TỬ G1 TRÊN MẠNG,2017-01-23,Giấy phép (ABEI),82/QĐ-BTTTT,invalid,https://giayphep.abei.gov.vn/
hoankiem360.com,Ban Quản lý Hồ Hoàn Kiếm và phố cổ Hà Nội,Website - Trang TTĐT tổng hợp,,Giấy phép (TVPL PDF),,valid,
hoankiem360.com.vn,Ban Quản lý Hồ Hoàn Kiếm và phố cổ Hà Nội,Website - Trang TTĐT tổng hợp,,Giấy phép (TVPL PDF),,valid,
hoankiem360.net.vn,Ban Quản lý Hồ Hoàn Kiếm và phố cổ Hà Nội,Website - Trang TTĐT tổng hợp,,Giấy phép (TVPL PDF),,valid,
hoankiem360.vn,Ban Quản lý Hồ Hoàn Kiếm và phố cổ Hà Nội,Website - Trang TTĐT tổng hợp,,Giấy phép (TVPL PDF),,valid,
hoanmyhospital.vn,Công ty Cổ phần y Khoa Hoàn Mỹ,Website - Trang TTĐT tổng hợp,,Giấy phép (TVPL PDF),,valid,
hoanmysaigon.vn,Công ty Cổ phần Bệnh Viện Đa Khoa Hoàn Mỹ Sài Gòn,Website - Trang TTĐT tổng hợp,,Giấy phép (TVPL PDF),,valid,
hoanmysaigonclinic.vn,Chi nhánh Công ty Cổ phần Bệnh viện Đa Khoa Hoàn Mỹ Sài Gòn Phòng Khám Đa Khoa Hoàn Mỹ Sài Gòn,Website - Trang TTĐT tổng hợp,,Giấy phép (TVPL PDF),,valid,
hoanmytamquoc.vgplay.vn,CÔNG TY CỔ PHẦN VGP ,QUYẾT ĐỊNH PHÁT HÀNH TRÒ CHƠI ĐIỆN TỬ G1 TRÊN MẠNG,2026-02-13,Giấy phép (ABEI),91/QĐ-PTTH&TTĐT,valid,https://giayphep.abei.gov.vn/
hoasonkiemthe.splay.vn,CÔNG TY CỔ PHẦN VTC DỊCH VỤ DI ĐỘNG,QUYẾT ĐỊNH PHÁT HÀNH TRÒ CHƠI ĐIỆN TỬ G1 TRÊN MẠNG,2025-04-23,Giấy phép (ABEI),138 /QĐ-PTTH&TTĐT,valid,https://giayphep.abei.gov.vn/
hoasonngutuyet.playfun.vn,CÔNG TY CỔ PHẦN FUNTAP,QUYẾT ĐỊNH PHÁT HÀNH TRÒ CHƠI ĐIỆN TỬ G1 TRÊN MẠNG,2020-04-24,Giấy phép (ABEI),734 /QĐ-BTTTT,valid,https://giayphep.abei.gov.vn/
hoathai.vn,CÔNG TY TNHH DỊCH VỤ PHẦN MỀM HÒA THÁI,QUYẾT ĐỊNH PHÁT HÀNH TRÒ CHƠI ĐIỆN TỬ G1 TRÊN MẠNG,2026-05-06,Giấy phép (ABEI),231/QĐ-PTTH&TTĐT,valid,https://giayphep.abei.gov.vn/
hoathiencot.vtcgame.vn,CÔNG TY VTC CÔNG NGHỆ VÀ NỘI DUNG SỐ,QUYẾT ĐỊNH PHÁT HÀNH TRÒ CHƠI ĐIỆN TỬ G1 TRÊN MẠNG,2016-05-11,Giấy phép (ABEI),766/QĐ-BTTTT,invalid,https://giayphep.abei.gov.vn/
hoathiencot.zing.vn,CÔNG TY CỔ PHẦN VNG,QUYẾT ĐỊNH PHÁT HÀNH TRÒ CHƠI ĐIỆN TỬ G1 TRÊN MẠNG,2016-06-08,Giấy phép (ABEI),980/QĐ-BTTTT,invalid,https://giayphep.abei.gov.vn/
hoathienquyet.vn,CÔNG TY CỔ PHẦN VTC DỊCH VỤ DI ĐỘNG,QUYẾT ĐỊNH PHÁT HÀNH TRÒ CHƠI ĐIỆN TỬ G1 TRÊN MẠNG,2019-04-11,Giấy phép (ABEI),568/QĐ-BTTTT,invalid,https://giayphep.abei.gov.vn/
hoathuongco.357games.vn,CÔNG TY CỔ PHẦN GIẢI TRÍ 357,QUYẾT ĐỊNH PHÁT HÀNH TRÒ CHƠI ĐIỆN TỬ G1 TRÊN MẠNG,2024-11-19,Giấy phép (ABEI),2006/QĐ-BTTTT,valid,https://giayphep.abei.gov.vn/
hoathuyettimmach.vn,Công ty TNHH Nhất Nhất,Website - Trang TTĐT tổng hợp,,Giấy phép (TVPL PDF),,valid,
hoatieu.vn,CÔNG TY CỔ PHẦN MẠNG TRỰC TUYẾN META,GIẤY PHÉP CUNG CẤP DỊCH VỤ MẠNG XÃ HỘI,2021-08-31,Giấy phép (ABEI),582/GP-BTTTT,valid,https://giayphep.abei.gov.vn/
hoavakiem.vn,CÔNG TY TNHH SOHA,QUYẾT ĐỊNH PHÁT HÀNH TRÒ CHƠI ĐIỆN TỬ G1 TRÊN MẠNG,2023-05-23,Giấy phép (ABEI),873/QĐ-BTTTT,valid,https://giayphep.abei.gov.vn/
hoavokhuyet.vn,,Website - Trang mạng xã hội,,Giấy phép (TVPL PDF),,valid,
hoavuong.viechannel,Công ty cổ phần VieNETWORK,"MXH - Cá nhân, tổ chức",,Giấy phép (TVPL PDF),,valid,
hoc247.vn,CÔNG TY CỔ PHẦN GIÁO DỤC HỌC 247,GIẤY PHÉP CUNG CẤP DỊCH VỤ MẠNG XÃ HỘI,2020-12-29,Giấy phép (ABEI),638/GP-BTTTT,valid,https://giayphep.abei.gov.vn/
hoc247.net,CÔNG TY CỔ PHẦN GIÁO DỤC HỌC 247,GIẤY PHÉP CUNG CẤP DỊCH VỤ MẠNG XÃ HỘI,2020-12-29,Giấy phép (ABEI),638/GP-BTTTT,valid,https://giayphep.abei.gov.vn/
www.hoc247.net,CÔNG TY CỔ PHẦN GIÁO DỤC HỌC 247,GIẤY PHÉP CUNG CẤP DỊCH VỤ MẠNG XÃ HỘI,2020-12-29,Giấy phép (ABEI),638/GP-BTTTT,valid,https://giayphep.abei.gov.vn/
hocbongvnpt.vn,Tạp chí điện tử Vn Media,"Website - Báo, tạp chí điện tử",,Giấy phép (TVPL PDF),,valid,
hochiminh.vn,BÁO ĐIỆN TỬ ĐẢNG CỘNG SẢN VIỆT NAM,GIẤY PHÉP THIẾT LẬP TRANG THÔNG TIN ĐIỆN TỬ TỔNG HỢP,2015-01-15,Giấy phép (ABEI),02/GP-TTĐT,invalid,https://giayphep.abei.gov.vn/
hochiminhcity.gov.vn,Văn phòng Ủy ban nhân dẫn TPHCM,Website - Trang TTĐT tổng hợp,,Giấy phép (TVPL PDF),,valid,
hocphi.vn,CÔNG TY CỔ PHẦN ĐẦU TƯ BRIGHT STAR,GIẤY PHÉP CUNG CẤP DỊCH VỤ MẠNG XÃ HỘI,2020-04-27,Giấy phép (ABEI),181/GP-BTTTT,valid,https://giayphep.abei.gov.vn/
hocplus.vn,Công ty cổ phần Giáo dục Á Châu,Website - Trang mạng xã hội,,Giấy phép (TVPL PDF),,valid,
hocquaphim.com.vn,Công ty Cổ phần Phần mềm Việt quốc tế,Website - Trang mạng xã hội,,Giấy phép (TVPL PDF),,valid,
hocvienanhhung.vn,CÔNG TY CỔ PHẦN 9PLAY,QUYẾT ĐỊNH PHÁT HÀNH TRÒ CHƠI ĐIỆN TỬ G1 TRÊN MẠNG,2021-05-18,Giấy phép (ABEI),672/QĐ-BTTTT,valid,https://giayphep.abei.gov.vn/
hocvienanime.vn,CÔNG TY TNHH VMGE,QUYẾT ĐỊNH PHÁT HÀNH TRÒ CHƠI ĐIỆN TỬ G1 TRÊN MẠNG,2025-04-09,Giấy phép (ABEI),106/QĐ-PTTH&TTĐT,valid,https://giayphep.abei.gov.vn/
hocvienbavuong.vn,CÔNG TY CỔ PHẦN TRỰC TUYẾN DUO,QUYẾT ĐỊNH PHÁT HÀNH TRÒ CHƠI ĐIỆN TỬ G1 TRÊN MẠNG,2022-06-10,Giấy phép (ABEI),1065/QĐ-BTTTT,valid,https://giayphep.abei.gov.vn/
hocvienhuyenthoai.vn,CÔNG TY TNHH VMGE,QUYẾT ĐỊNH PHÁT HÀNH TRÒ CHƠI ĐIỆN TỬ G1 TRÊN MẠNG,2025-01-17,Giấy phép (ABEI),66/QĐ-BTTTT,valid,https://giayphep.abei.gov.vn/
hocvienninja.vn,CÔNG TY TNHH G4M,QUYẾT ĐỊNH PHÁT HÀNH TRÒ CHƠI ĐIỆN TỬ G1 TRÊN MẠNG,2024-05-13,Giấy phép (ABEI),764/QĐ-BTTTT,valid,https://giayphep.abei.gov.vn/
hocviensieunhien.vn,CÔNG TY TNHH SOHA,QUYẾT ĐỊNH PHÁT HÀNH TRÒ CHƠI ĐIỆN TỬ G1 TRÊN MẠNG,2021-11-26,Giấy phép (ABEI),1889 /QĐ-BTTTT,valid,https://giayphep.abei.gov.vn/
hocvienthucung.vn,CÔNG TY CỔ PHẦN VGP,QUYẾT ĐỊNH PHÁT HÀNH TRÒ CHƠI ĐIỆN TỬ G1 TRÊN MẠNG,2018-01-22,Giấy phép (ABEI),67/QĐ-BTTTT,valid,https://giayphep.abei.gov.vn/
hocvientongthan.vn,CÔNG TY CỔ PHẦN TRỰC TUYỂN DUO,QUYẾT ĐỊNH PHÁT HÀNH TRÒ CHƠI ĐIỆN TỬ G1 TRÊN MẠNG,2023-02-22,Giấy phép (ABEI),225/QĐ-BTTTT,valid,https://giayphep.abei.gov.vn/
hogiachunhan.vn,CÔNG TY CỔ PHẦN TRỰC TUYẾN DUO,QUYẾT ĐỊNH PHÁT HÀNH TRÒ CHƠI ĐIỆN TỬ G1 TRÊN MẠNG,2024-02-06,Giấy phép (ABEI),162/QĐ-BTTTT,valid,https://giayphep.abei.gov.vn/
hoiccbvietnam.vn,HỘI CỰU CHIẾN BINH VIỆT NAM,GIẤY PHÉP THIẾT LẬP TRANG THÔNG TIN ĐIỆN TỬ TỔNG HỢP,2023-04-17,Giấy phép (ABEI),54/GP-TTĐT,valid,https://giayphep.abei.gov.vn/
hoichannuoi.vn,HỘI CHĂN NUÔI VIỆT NAM,GIẤY PHÉP THIẾT LẬP TRANG THÔNG TIN ĐIỆN TỬ TỔNG HỢP,2015-07-21,Giấy phép (ABEI),101/GP-TTĐT,valid,https://giayphep.abei.gov.vn/
hoichieusangvietnam.org.vn,Hội Chiếu sáng Việt Nam,Website - Trang TTĐT tổng hợp,,Giấy phép (TVPL PDF),,valid,
www.vlavietnam.org,HỘI CHIẾU SÁNG VIỆT NAM,GIẤY PHÉP THIẾT LẬP TRANG THÔNG TIN ĐIỆN TỬ TỔNG HỢP,2021-03-11,Giấy phép (ABEI),37/GP-TTĐT,valid,https://giayphep.abei.gov.vn/
hoicuutnxptphcm.vn,Hội Cựu Thanh niên xung phong Tp. Hồ Chí Minh,Website - Trang TTĐT tổng hợp,,Giấy phép (TVPL PDF),,valid,
hoidai.com,Tạp chí Thời đại,"Website - Báo, tạp chí điện tử",,Giấy phép (TVPL PDF),,valid,
hoidaotq.123game.vn,CÔNG TY CỔ PHẦN DỊCH VỤ MỘT THẾ GIỚI,QUYẾT ĐỊNH PHÁT HÀNH TRÒ CHƠI ĐIỆN TỬ G1 TRÊN MẠNG,2016-04-04,Giấy phép (ABEI),498/QĐ-BTTTT,invalid,https://giayphep.abei.gov.vn/
hoidap247.com,Cấp Giấy phép MXH cho Công ty CP Công nghệ giáo dục Thành Phát (hoidap247. vn),Website - Trang mạng xã hội,,Giấy phép (TVPL PDF),,valid,
hoidap247.vn,Cấp Giấy phép MXH cho Công ty CP Công nghệ giáo dục Thành Phát (hoidap247. vn),Website - Trang mạng xã hội,,Giấy phép (TVPL PDF),,valid,
www.hoidap247.com,CÔNG TY CỔ PHẦN CÔNG NGHỆ GIÁO DỤC THÀNH PHÁT,GIẤY PHÉP CUNG CẤP DỊCH VỤ MẠNG XÃ HỘI,2019-08-19,Giấy phép (ABEI),331/GP-BTTTT,valid,https://giayphep.abei.gov.vn/
hoidaukhi.vn,HỘI DẦU KHÍ VIỆT NAM,GIẤY PHÉP THIẾT LẬP TRANG THÔNG TIN ĐIỆN TỬ TỔNG HỢP,2023-01-06,Giấy phép (ABEI),108/GP-TTĐT,valid,https://giayphep.abei.gov.vn/
hoihn.org.vn,TRUNG ƯƠNG HỘI LIÊN HIỆP PHỤ NỮ VIỆT NAM,GIẤY PHÉP THIẾT LẬP TRANG THÔNG TIN ĐIỆN TỬ TỔNG HỢP,2017-05-29,Giấy phép (ABEI),179/GP-TTĐT,invalid,https://giayphep.abei.gov.vn/
hoihuunghivietnga.vn,HỘI HỮU NGHỊ VIỆT NAM – LIÊN BANG NGA,GIẤY PHÉP THIẾT LẬP TRANG THÔNG TIN ĐIỆN TỬ TỔNG HỢP,2018-02-07,Giấy phép (ABEI),33/GP-TTĐT,invalid,https://giayphep.abei.gov.vn/
hoilhpn.gialai.org.vn,HỘI LIÊN HIỆP PHỤ NỮ TỈNH GIA LAI,GIẤY PHÉP THIẾT LẬP TRANG THÔNG TIN ĐIỆN TỬ TỔNG HỢP,2013-07-23,Giấy phép (ABEI),102/GP-TTĐT,invalid,https://giayphep.abei.gov.vn/
hoilhpn.org.vn,Trung ương Hội Liên hiệp Phụ nữ Việt Nam,Website - Trang TTĐT tổng hợp,,Giấy phép (TVPL PDF),,valid,
vwu.vn,Trung ương Hội Liên hiệp Phụ nữ Việt Nam,Website - Trang TTĐT tổng hợp,,Giấy phép (TVPL PDF),,valid,
hoiluatgiavn.org.vn,HỘI LUẬT GIA VIỆT NAM,GIẤY PHÉP THIẾT LẬP TRANG THÔNG TIN ĐIỆN TỬ TỔNG HỢP,2016-04-28,Giấy phép (ABEI),41/GP-TTĐT,invalid,https://giayphep.abei.gov.vn/
hoinguoicaotuoi.vn,HỘI NGƯỜI CAO TUỔI VIỆT NAM,GIẤY PHÉP THIẾT LẬP TRANG THÔNG TIN ĐIỆN TỬ TỔNG HỢP,2022-04-15,Giấy phép (ABEI),36/GP-TTĐT,valid,https://giayphep.abei.gov.vn/
hoinhabaovietnam.vn,Hội Nhà báo Việt Nam,Website - Trang TTĐT tổng hợp,,Giấy phép (TVPL PDF),,valid,
www.nhabaovagiamsatxahoi.vn,HỘI NHÀ BÁO VIỆT NAM,GIẤY PHÉP THIẾT LẬP TRANG THÔNG TIN ĐIỆN TỬ TỔNG HỢP,2016-06-30,Giấy phép (ABEI),79A/GP-TTĐT,valid,https://giayphep.abei.gov.vn/
hoinhap.net.vn,TRUNG TÂM BÁO CHÍ VÀ HỢP TÁC TRUYỀN THÔNG QUỐC TẾ,GIẤY PHÉP THIẾT LẬP TRANG THÔNG TIN ĐIỆN TỬ TỔNG HỢP,2021-12-02,Giấy phép (ABEI),193/GP-TTĐT,valid,https://giayphep.abei.gov.vn/
hoinhap.org.vn,Trung tâm Hỗ trợ hội nhập quốc tế TPHCM,Website - Trang TTĐT tổng hợp,,Giấy phép (TVPL PDF),,valid,
hoinhapquocte.org.vn,Viện Nghiên cứu Hướng nghiệp Hội nhập Quốc tế,Website - Trang TTĐT tổng hợp,,Giấy phép (TVPL PDF),,valid,
hoinongdan.org.vn,Trung ương Hội Nông dân Việt Nam,Website - Trang TTĐT tổng hợp,,Giấy phép (TVPL PDF),,valid,
nongdan.vn,TRUNG ƯƠNG HỘI NÔNG DÂN VIỆT NAM,GIẤY PHÉP THIẾT LẬP TRANG THÔNG TIN ĐIỆN TỬ TỔNG HỢP,2017-01-10,Giấy phép (ABEI),15/GP-TTĐT,valid,https://giayphep.abei.gov.vn/
hoinongdanninhthuan.org.vn,HỘI NÔNG DÂN TỈNH NINH THUẬN,GIẤY PHÉP THIẾT LẬP TRANG THÔNG TIN ĐIỆN TỬ TỔNG HỢP,2013-04-05,Giấy phép (ABEI),38/GP-TTĐT,invalid,https://giayphep.abei.gov.vn/
hointtvn.vn,HỘI NỮ TRÍ THỨC VIỆT NAM,GIẤY PHÉP THIẾT LẬP TRANG THÔNG TIN ĐIỆN TỬ TỔNG HỢP,2022-08-02,Giấy phép (ABEI),103/GP-TTĐT,valid,https://giayphep.abei.gov.vn/
hoiquancacbame.com.vn,CÔNG TY TNHH HỘI QUÁN CÁC BÀ MẸ,GIẤY PHÉP CUNG CẤP DỊCH VỤ MẠNG XÃ HỘI,2017-04-14,Giấy phép (ABEI),148/GP-BTTTT,valid,https://giayphep.abei.gov.vn/
hoithokhoidnguyen.vn,CÔNG TY CỔ PHẦN GIẢI TRÍ 568E,QUYẾT ĐỊNH PHÁT HÀNH TRÒ CHƠI ĐIỆN TỬ G1 TRÊN MẠNG,2024-12-23,Giấy phép (ABEI),2246/QĐ-BTTTT,invalid,https://giayphep.abei.gov.vn/
hoithokhoinguyen.vn,CÔNG TY CỔ PHẦN GIẢI TRÍ 568E ,QUYẾT ĐỊNH PHÁT HÀNH TRÒ CHƠI ĐIỆN TỬ G1 TRÊN MẠNG,2025-06-20,Giấy phép (ABEI),273/QĐ-PTTH&TTĐT,valid,https://giayphep.abei.gov.vn/
hoithomattroi.vn,CÔNG TY TNHH VMGE,QUYẾT ĐỊNH PHÁT HÀNH TRÒ CHƠI ĐIỆN TỬ G1 TRÊN MẠNG,2024-02-06,Giấy phép (ABEI),165/QĐ-BTTTT,valid,https://giayphep.abei.gov.vn/
hoitoiroi.dongtay,Công ty cổ phần VieNETWORK,"MXH - Cá nhân, tổ chức",,Giấy phép (TVPL PDF),,valid,
hoiuckt.zoneplay.vn,CÔNG TY CỔ PHẦN GZONE MEDIA VIỆT NAM ,QUYẾT ĐỊNH PHÁT HÀNH TRÒ CHƠI ĐIỆN TỬ G1 TRÊN MẠNG,2026-01-30,Giấy phép (ABEI),39/QĐ-PTTH&TTĐT,valid,https://giayphep.abei.gov.vn/
hoiucxua.ghmgames.vn,Công ty TNHH Công nghệ GHM ,QUYẾT ĐỊNH PHÁT HÀNH TRÒ CHƠI ĐIỆN TỬ G1 TRÊN MẠNG,2026-06-23,Giấy phép (ABEI),367/QĐ-PTTH&TTĐT,valid,https://giayphep.abei.gov.vn/
hoiyhocduphong.vn,Hội Y học Dự phòng Việt Nam,Website - Trang TTĐT tổng hợp,,Giấy phép (TVPL PDF),,valid,
hola360.vn,Công ty TNHH Truyền thông Giải trí Hola,Website - Trang TTĐT tổng hợp,,Giấy phép (TVPL PDF),,valid,
holala.com.vn,CÔNG TY CỔ PHẦN ĐẦU TƯ CÔNG NGHỆ HOLA VIỆT NAM,GIẤY PHÉP CUNG CẤP DỊCH VỤ MẠNG XÃ HỘI,2024-10-04,Giấy phép (ABEI),294/GP-BTTTT,valid,https://giayphep.abei.gov.vn/
homcaz.vn,CÔNG TY CỔ PHẦN NGÔI NHÀ MƠ ƯỚC,GIẤY PHÉP CUNG CẤP DỊCH VỤ MẠNG XÃ HỘI,2019-05-21,Giấy phép (ABEI),193/GP-BTTTT,valid,https://giayphep.abei.gov.vn/
home123.vn,CÔNG TY CỔ PHẦN BKAV,GIẤY PHÉP CUNG CẤP DỊCH VỤ MẠNG XÃ HỘI,2019-12-02,Giấy phép (ABEI),523/GP-BTTTT,valid,https://giayphep.abei.gov.vn/
home.vn,CẤP GIẤY PHÉP THIẾT LẬP MẠNG XÃ HỘI TRÊN MẠNG CỦA CTY BKAV,Website - Trang mạng xã hội,,Giấy phép (TVPL PDF),,valid,
homedy.vn,CÔNG TY TNHH HOMEDY VIỆT NAM,GIẤY PHÉP CUNG CẤP DỊCH VỤ MẠNG XÃ HỘI,2020-09-15,Giấy phép (ABEI),391/GP-BTTTT,valid,https://giayphep.abei.gov.vn/
homefin.vn,CÔNG TY CỔ PHẦN GIA ĐÌNH MỚI,GIẤY PHÉP CUNG CẤP DỊCH VỤ MẠNG XÃ HỘI,2024-12-02,Giấy phép (ABEI),354/GP-BTTTT,valid,https://giayphep.abei.gov.vn/
hometoday.vn,CÔNG TY CỔ PHẦN HOMETODAY,GIẤY PHÉP CUNG CẤP DỊCH VỤ MẠNG XÃ HỘI,2022-11-16,Giấy phép (ABEI),543/GP-BTTTT,invalid,https://giayphep.abei.gov.vn/
hondondailuc.vn,CÔNG TY CỔ PHẦN GIẢI TRÍ TRỰC TUYẾN 3T,QUYẾT ĐỊNH PHÁT HÀNH TRÒ CHƠI ĐIỆN TỬ G1 TRÊN MẠNG,2021-11-26,Giấy phép (ABEI),1887/QĐ-BTTTT,valid,https://giayphep.abei.gov.vn/
hongdochiha.hhgame.vn,CÔNG TY CỔ PHẦN PHÁT TRIỂN CÔNG NGHỆ SỐ HỒNG HÀ,QUYẾT ĐỊNH PHÁT HÀNH TRÒ CHƠI ĐIỆN TỬ G1 TRÊN MẠNG,2021-10-08,Giấy phép (ABEI),1538/QĐ-BTTTT,valid,https://giayphep.abei.gov.vn/
honghacao.com.vn,CÔNG TY CỔ PHẦN PHÁT TRIỂN CÔNG NGHỆ SỐ HỒNG HÀ,QUYẾT ĐỊNH PHÁT HÀNH TRÒ CHƠI ĐIỆN TỬ G1 TRÊN MẠNG,2024-02-05,Giấy phép (ABEI),138/QĐ-BTTTT,valid,https://giayphep.abei.gov.vn/
honghaco.com.vn,Công ty Cổ phần phát triển công nghệ số Hồng Hà,QUYẾT ĐỊNH PHÁT HÀNH TRÒ CHƠI ĐIỆN TỬ G1 TRÊN MẠNG,2025-10-29,Giấy phép (ABEI),473/QĐ-PTTH&TTĐT,valid,https://giayphep.abei.gov.vn/
www.hhgame.vn,CÔNG TY CỔ PHẦN PHÁT TRIỂN CÔNG NGHỆ SỐ HỒNG HÀ,QUYẾT ĐỊNH PHÁT HÀNH TRÒ CHƠI ĐIỆN TỬ G1 TRÊN MẠNG,2023-05-30,Giấy phép (ABEI),909/QĐ-BTTTT,valid,https://giayphep.abei.gov.vn/
honghagame.vn,CÔNG TY CỔ PHẦN PHÁT TRIỂN CÔNG NGHỆ SỐ HỒNG HÀ ,QUYẾT ĐỊNH PHÁT HÀNH TRÒ CHƠI ĐIỆN TỬ G1 TRÊN MẠNG,2026-02-04,Giấy phép (ABEI),46/QĐ-PTTH&TTĐT,invalid,https://giayphep.abei.gov.vn/
honghot.vn,Công ty cổ phần Thanh toán Hưng Hà,Website - Trang mạng xã hội,,Giấy phép (TVPL PDF),,valid,
hongioidaichien.nicatech.vn,CÔNG TY TNHH DỊCH VỤ TRUYỀN THÔNG NICA,QUYẾT ĐỊNH PHÁT HÀNH TRÒ CHƠI ĐIỆN TỬ G1 TRÊN MẠNG,2024-12-23,Giấy phép (ABEI),2247/QĐ-BTTTT,valid,https://giayphep.abei.gov.vn/
hongnhantamquoc.joygame.vn,CÔNG TY TNHH GIẢI TRÍ JOY,QUYẾT ĐỊNH PHÁT HÀNH TRÒ CHƠI ĐIỆN TỬ G1 TRÊN MẠNG,2019-11-25,Giấy phép (ABEI),2003/QĐ-BTTTT,valid,https://giayphep.abei.gov.vn/
honkaiimpact3.vn,CÔNG TY CỔ PHẦN PHÁT TRIỂN CÔNG NGHỆ SỐ HỒNG HÀ,QUYẾT ĐỊNH PHÁT HÀNH TRÒ CHƠI ĐIỆN TỬ G1 TRÊN MẠNG,2023-03-07,Giấy phép (ABEI),310/QĐ-BTTTT,valid,https://giayphep.abei.gov.vn/
honnhanphapluat.vn,BÁO ĐỜI SỐNG VÀ PHÁP LUẬT,GIẤY PHÉP THIẾT LẬP TRANG THÔNG TIN ĐIỆN TỬ TỔNG HỢP,2017-11-15,Giấy phép (ABEI),340/GP-TTĐT,valid,https://giayphep.abei.gov.vn/
hoptacbonnha.vn,Công ty TNHH COMMEDIA,Website - Trang TTĐT tổng hợp,,Giấy phép (TVPL PDF),,valid,
hosrem.org.vn,Hội Nội tiết sinh sản và vô sinh Thành phố Hồ Chí Minh (http://hosrem.com.vn),Website - Trang TTĐT tổng hợp,,Giấy phép (TVPL PDF),,valid,
hoteljob.vn,CÔNG TY TNHH MTV SANTA,GIẤY PHÉP CUNG CẤP DỊCH VỤ MẠNG XÃ HỘI,2020-08-07,Giấy phép (ABEI),348/GP-BTTTT,valid,https://giayphep.abei.gov.vn/
hotit.vn,CÔNG TY CỔ PHẦN HOTTIT,GIẤY PHÉP CUNG CẤP DỊCH VỤ MẠNG XÃ HỘI,2019-06-07,Giấy phép (ABEI),235/GP-TTĐT,valid,https://giayphep.abei.gov.vn/
hotnew.vn,Công ty CP Truyền thông Hotnew,Website - Trang TTĐT tổng hợp,,Giấy phép (TVPL PDF),,valid,
hotstar.com.vn,CÔNG TY TNHH HAIWINMEDIA,GIẤY PHÉP CUNG CẤP DỊCH VỤ MẠNG XÃ HỘI,2017-11-06,Giấy phép (ABEI),551/GP-BTTTT,valid,https://giayphep.abei.gov.vn/
hotsteps.kul.vn,CÔNG TY CỔ PHẦN TRỰC TUYỂN CMN VIỆT NAM,QUYẾT ĐỊNH PHÁT HÀNH TRÒ CHƠI ĐIỆN TỬ G1 TRÊN MẠNG,2017-03-01,Giấy phép (ABEI),227/QĐ-BTTTT,valid,https://giayphep.abei.gov.vn/
hotvietnam.vn,Công ty Cổ phần truyền thông E.Life Việt Nam,Website - Trang TTĐT tổng hợp,,Giấy phép (TVPL PDF),,valid,
hphuctv.vn,Đài Phát thanh và Truyền hình tỉnh Vĩnh Phúc,MXH - Đài Phát thanh Truyền hình,,Giấy phép (TVPL PDF),,valid,
hrs.3tonline.vn,CÔNG TY CỔ PHẦN GIẢI TRÍ TRỰC TUYẾN 3T,QUYẾT ĐỊNH PHÁT HÀNH TRÒ CHƠI ĐIỆN TỬ G1 TRÊN MẠNG,2022-11-25,Giấy phép (ABEI),2174/QĐ-BTTTT,valid,https://giayphep.abei.gov.vn/
hshv.gssgame.vn,CÔNG TY CỔ PHẦN ĐẦU TƯ GSS,QUYẾT ĐỊNH PHÁT HÀNH TRÒ CHƠI ĐIỆN TỬ G1 TRÊN MẠNG,2022-01-21,Giấy phép (ABEI),82/QĐ-BTTTT,valid,https://giayphep.abei.gov.vn/
hspt.vn,Công ty Cổ phần Giáo dục và Đầu tư DVC,Website - Trang mạng xã hội,,Giấy phép (TVPL PDF),,valid,
ht3q.gamota.com,CÔNG TY CỔ PHẦN GAMOTA,QUYẾT ĐỊNH PHÁT HÀNH TRÒ CHƠI ĐIỆN TỬ G1 TRÊN MẠNG,2023-07-11,Giấy phép (ABEI),1243/QĐ-BTTTT,valid,https://giayphep.abei.gov.vn/
htbd.zoneplay.vn,CÔNG TY CỔ PHẦN GZONE MEDIA VIỆT NAM,QUYẾT ĐỊNH PHÁT HÀNH TRÒ CHƠI ĐIỆN TỬ G1 TRÊN MẠNG,2024-05-16,Giấy phép (ABEI),808/QĐ-BTTTT,valid,https://giayphep.abei.gov.vn/
htdc.gosu.vn,CÔNG TY CỔ PHẦN TRỰC TUYẾN GOSU,QUYẾT ĐỊNH PHÁT HÀNH TRÒ CHƠI ĐIỆN TỬ G1 TRÊN MẠNG,2020-07-30,Giấy phép (ABEI),1298/QĐ-BTTTT,valid,https://giayphep.abei.gov.vn/
hted.solaplay.vn,CÔNG TY CỔ PHẦN TRAVELLET VIỆT NAM,QUYẾT ĐỊNH PHÁT HÀNH TRÒ CHƠI ĐIỆN TỬ G1 TRÊN MẠNG,2021-05-12,Giấy phép (ABEI),640/QĐ-BTTTT,valid,https://giayphep.abei.gov.vn/
htht.duo.vn,CÔNG TY CỔ PHẦN TRỰC TUYẾN DUO,QUYẾT ĐỊNH PHÁT HÀNH TRÒ CHƠI ĐIỆN TỬ G1 TRÊN MẠNG,2021-10-19,Giấy phép (ABEI),1637/QĐ-BTTTT,valid,https://giayphep.abei.gov.vn/
htk.gamota.com,CÔNG TY CỔ PHẦN GAMOTA,QUYẾT ĐỊNH PHÁT HÀNH TRÒ CHƠI ĐIỆN TỬ G1 TRÊN MẠNG,2019-09-13,Giấy phép (ABEI),1492/QĐ-BTTTT,valid,https://giayphep.abei.gov.vn/
htlm.gaba.vn,CÔNG TY CỔ PHẦN TRÒ CHƠI VEGA,QUYẾT ĐỊNH PHÁT HÀNH TRÒ CHƠI ĐIỆN TỬ G1 TRÊN MẠNG,2017-05-12,Giấy phép (ABEI),704/QĐ-BTTTT,valid,https://giayphep.abei.gov.vn/
httc.esgame.vn,CÔNG TY CỔ PHẦN ĐẦU TƯ & CÔNG NGHỆ MCORP,QUYẾT ĐỊNH PHÁT HÀNH TRÒ CHƠI ĐIỆN TỬ G1 TRÊN MẠNG,2020-11-06,Giấy phép (ABEI),1906/QĐ-BTTTT,valid,https://giayphep.abei.gov.vn/
httq.1618play.vn,CÔNG TY TNHH 1618PLAY,QUYẾT ĐỊNH PHÁT HÀNH TRÒ CHƠI ĐIỆN TỬ G1 TRÊN MẠNG,2017-06-06,Giấy phép (ABEI),869/QĐ-BTTTT,valid,https://giayphep.abei.gov.vn/
htv.com.vn,ĐÀI TRUYỀN HÌNH THÀNH PHỐ HỒ CHÍ MINH,GIẤY PHÉP THIẾT LẬP TRANG THÔNG TIN ĐIỆN TỬ TỔNG HỢP,2017-08-22,Giấy phép (ABEI),272/GP-TTĐT,invalid,https://giayphep.abei.gov.vn/
huanlong.360game.vn,CÔNG TY TNHH NỘI DUNG SỐ NGUYÊN BẢO,QUYẾT ĐỊNH PHÁT HÀNH TRÒ CHƠI ĐIỆN TỬ G1 TRÊN MẠNG,2017-12-14,Giấy phép (ABEI),2327/QĐ-BTTTT,valid,https://giayphep.abei.gov.vn/
hub2s.vn,CÔNG TY TNHH HUB2S VIỆT NAM,GIẤY PHÉP CUNG CẤP DỊCH VỤ MẠNG XÃ HỘI,2024-09-07,Giấy phép (ABEI),247/GP-BTTTT,valid,https://giayphep.abei.gov.vn/
hudo.vn,Báo Lao động thủ đô (Báo điện tử Lao động thủ đô),"Website - Báo, tạp chí điện tử",,Giấy phép (TVPL PDF),,valid,
huecity.gov.vn,VĂN PHÒNG HĐND VÀ UBND THÀNH PHỐ HUẾ,GIẤY PHÉP THIẾT LẬP TRANG THÔNG TIN ĐIỆN TỬ TỔNG HỢP,2013-04-26,Giấy phép (ABEI),53/GP-TTĐT,invalid,https://giayphep.abei.gov.vn/
huecity.vn,TRUNG TÂM CÔNG NGHỆ THÔNG TIN VÀ TRUYỀN THÔNG THỪA THIÊN HUẾ,GIẤY PHÉP THIẾT LẬP TRANG THÔNG TIN ĐIỆN TỬ TỔNG HỢP,2013-04-05,Giấy phép (ABEI),36/GP-TTĐT,invalid,https://giayphep.abei.gov.vn/
hulinhtamquoc.vn,CÔNG TY TNHH SOHA,QUYẾT ĐỊNH PHÁT HÀNH TRÒ CHƠI ĐIỆN TỬ G1 TRÊN MẠNG,2022-09-30,Giấy phép (ABEI),1832/QĐ-BTTTT,valid,https://giayphep.abei.gov.vn/
hungdobanghiep.plavfan.vn,CÔNG TY CỔ PHẦN FUNTAP,QUYẾT ĐỊNH PHÁT HÀNH TRÒ CHƠI ĐIỆN TỬ G1 TRÊN MẠNG,2022-05-27,Giấy phép (ABEI),978/QĐ-BTTTT,valid,https://giayphep.abei.gov.vn/
hungdobanghiep.playfun.vn,CÔNG TY CỔ PHẦN FUNTAP,QUYẾT ĐỊNH PHÁT HÀNH TRÒ CHƠI ĐIỆN TỬ G1 TRÊN MẠNG,2022-05-27,Giấy phép (ABEI),978 /QĐ-BTTTT,valid,https://giayphep.abei.gov.vn/
hungthinhcorp.com.vn,CÔNG TY CP TẬP ĐOÀN HƯNG THỊNH,Website - Trang TTĐT tổng hợp,,Giấy phép (TVPL PDF),,valid,
hungyentv.vn,ĐÀI PHÁT THANH VÀ TRUYỀN HÌNH HƯNG YÊN,GIẤY PHÉP THIẾT LẬP TRANG THÔNG TIN ĐIỆN TỬ TỔNG HỢP,2019-01-07,Giấy phép (ABEI),07/GP-TTĐT,invalid,https://giayphep.abei.gov.vn/
hunuonline.com.vn,Báo Phụ Nữ TPHCM,MXH - Cơ quan báo chí,,Giấy phép (TVPL PDF),,valid,
huongnghiepthitruong.vn,VIỆN NGHIÊN CỨU THỊ TRƯỜNG - TRUYỀN THÔNG QUỐC TẾ,GIẤY PHÉP THIẾT LẬP TRANG THÔNG TIN ĐIỆN TỬ TỔNG HỢP,2022-01-27,Giấy phép (ABEI),13/GP-TTĐT,valid,https://giayphep.abei.gov.vn/
huunghivietlao.thoidai.com,Tạp chí Thời đại,"Website - Báo, tạp chí điện tử",,Giấy phép (TVPL PDF),,valid,
huunghivietnga.thoidai.com,Tạp chí Thời đại,"Website - Báo, tạp chí điện tử",,Giấy phép (TVPL PDF),,valid,
huydong.vn,Công ty cổ phần FINSOM,Website - Trang mạng xã hội,,Giấy phép (TVPL PDF),,valid,
huyenthecuuca.playfun.vn,CÔNG TY CỔ PHẦN FUNTAP,QUYẾT ĐỊNH PHÁT HÀNH TRÒ CHƠI ĐIỆN TỬ G1 TRÊN MẠNG,2020-09-04,Giấy phép (ABEI),1513/QĐ-BTTTT,invalid,https://giayphep.abei.gov.vn/
huyenthoailangla.vn,CÔNG TY CỔ PHẦN ACE GAME,QUYẾT ĐỊNH PHÁT HÀNH TRÒ CHƠI ĐIỆN TỬ G1 TRÊN MẠNG,2024-03-26,Giấy phép (ABEI),388/QĐ-BTTTT,valid,https://giayphep.abei.gov.vn/
huyenthoainhangia.gosu.vn,CÔNG TY CỔ PHẦN TRỰC TUYẾN GOSU,QUYẾT ĐỊNH PHÁT HÀNH TRÒ CHƠI ĐIỆN TỬ G1 TRÊN MẠNG,2020-03-26,Giấy phép (ABEI),428/QĐ-BTTTT,invalid,https://giayphep.abei.gov.vn/
huyenthoainhangia.vn,CÔNG TY CỔ PHẦN TRỰC TUYẾN DUO,QUYẾT ĐỊNH PHÁT HÀNH TRÒ CHƠI ĐIỆN TỬ G1 TRÊN MẠNG,2021-10-19,Giấy phép (ABEI),1636/QĐ-BTTTT,valid,https://giayphep.abei.gov.vn/
huyenthoaitk.vn,CÔNG TY CỔ PHẦN TEPAYLINK,QUYẾT ĐỊNH PHÁT HÀNH TRÒ CHƠI ĐIỆN TỬ G1 TRÊN MẠNG,2024-03-15,Giấy phép (ABEI),326/QĐ-BTTTT,valid,https://giayphep.abei.gov.vn/
huyentuong.cmn.vn,CÔNG TY CỔ PHẦN TRỰC TUYẾN CMN VIỆT NAM,QUYẾT ĐỊNH PHÁT HÀNH TRÒ CHƠI ĐIỆN TỬ G1 TRÊN MẠNG,2024-09-20,Giấy phép (ABEI),1570 /QĐ-BTTTT,valid,https://giayphep.abei.gov.vn/
huyentuongtamquoc.playfun.vn,CÔNG TY CỔ PHẦN FUNTAP,QUYẾT ĐỊNH PHÁT HÀNH TRÒ CHƠI ĐIỆN TỬ G1 TRÊN MẠNG,2022-04-22,Giấy phép (ABEI),744 /QĐ-BTTTT,valid,https://giayphep.abei.gov.vn/
huyentuongtaydu.vn,CÔNG TY CỔ PHẦN DỊCH VỤ TRỰC TUYẾN MIGA,QUYẾT ĐỊNH PHÁT HÀNH TRÒ CHƠI ĐIỆN TỬ G1 TRÊN MẠNG,2024-10-18,Giấy phép (ABEI),1790/QĐ-BTTTT,invalid,https://giayphep.abei.gov.vn/
huyetanhsongsinh.vn,CÔNG TY CỔ PHẦN TRAVELLET VIỆT NAM,QUYẾT ĐỊNH PHÁT HÀNH TRÒ CHƠI ĐIỆN TỬ G1 TRÊN MẠNG,2024-04-10,Giấy phép (ABEI),524/QĐ-BTTTT,valid,https://giayphep.abei.gov.vn/
huyetchienthienha.vn,CÔNG TY CỔ PHẦN VCCORP,QUYẾT ĐỊNH PHÁT HÀNH TRÒ CHƠI ĐIỆN TỬ G1 TRÊN MẠNG,2018-07-20,Giấy phép (ABEI),1213/QĐ-BTTTT,invalid,https://giayphep.abei.gov.vn/
huyetkiem.360game.vn,CÔNG TY TNHH TRUYỀN THÔNG MINH PHƯƠNG THỊNH,QUYẾT ĐỊNH PHÁT HÀNH TRÒ CHƠI ĐIỆN TỬ G1 TRÊN MẠNG,2017-06-30,Giấy phép (ABEI),1034/QĐ-BTTTT,valid,https://giayphep.abei.gov.vn/
huynhde.vn,CÔNG TY TNHH SOHA,QUYẾT ĐỊNH PHÁT HÀNH TRÒ CHƠI ĐIỆN TỬ G1 TRÊN MẠNG,2018-08-01,Giấy phép (ABEI),1281/QĐ-BTTTT,valid,https://giayphep.abei.gov.vn/
hvbb.360game.vn,CÔNG TY TNHH TRUYỀN THÔNG MINH PHƯƠNG THỊNH,QUYẾT ĐỊNH PHÁT HÀNH TRÒ CHƠI ĐIỆN TỬ G1 TRÊN MẠNG,2019-09-30,Giấy phép (ABEI),1595/QĐ-BTTTT,valid,https://giayphep.abei.gov.vn/
hvctcand.edu.vn,Học viện Chính trị Công an nhân dân,Website - Trang TTĐT tổng hợp,,Giấy phép (TVPL PDF),,valid,
hvli.offical,Đài Phát thanh và Truyền hình tỉnh Vĩnh Long,MXH - Đài Phát thanh Truyền hình,,Giấy phép (TVPL PDF),,valid,
hvutantam.official,CÔNG TY CỔ PHẦN DỊCH VỤ LẮP ĐẶT – SỬA CHỮA – BẢO HÀNH TẬN TÂM,"MXH - Cá nhân, tổ chức",,Giấy phép (TVPL PDF),,valid,
hw.dzogame.vn,CÔNG TY TNHH CHÂU Á MỀM,QUYẾT ĐỊNH PHÁT HÀNH TRÒ CHƠI ĐIỆN TỬ G1 TRÊN MẠNG,2019-07-30,Giấy phép (ABEI),1149 /QĐ-BTTTT,valid,https://giayphep.abei.gov.vn/
hw.mobo.vn,CÔNG TY CỔ PHẦN GIẢI TRÍ DI ĐỘNG,QUYẾT ĐỊNH PHÁT HÀNH TRÒ CHƠI ĐIỆN TỬ G1 TRÊN MẠNG,2017-04-03,Giấy phép (ABEI),473/QĐ-BTTTT,invalid,https://giayphep.abei.gov.vn/
hwp.vn,Công ty Cổ phần Truyền thông và Sự kiện Phong Hân,Website - Trang mạng xã hội,,Giấy phép (TVPL PDF),,valid,
hypebeast.vn,CÔNG TY TNHH MTV MVRK,GIẤY PHÉP CUNG CẤP DỊCH VỤ MẠNG XÃ HỘI,2023-11-21,Giấy phép (ABEI),434/GP-BTTTT,invalid,https://giayphep.abei.gov.vn/
hyperfront.hhgame.vn,CÔNG TY CỔ PHẦN PHÁT TRIỂN CÔNG NGHỆ SỐ HỒNG HÀ,QUYẾT ĐỊNH PHÁT HÀNH TRÒ CHƠI ĐIỆN TỬ G1 TRÊN MẠNG,2022-07-25,Giấy phép (ABEI),1426 /QĐ-BTTTT,valid,https://giayphep.abei.gov.vn/
i-clip.vn,Công ty Cổ phần ADON Việt Nam,Website - Trang TTĐT tổng hợp,,Giấy phép (TVPL PDF),,valid,
i.vn,Báo Giáo dục và Thời đại,"Website - Báo, tạp chí điện tử",,Giấy phép (TVPL PDF),,valid,
ia.gov.vn,Ủy ban Giám sát tài chính Quốc gia,Website - Trang TTĐT tổng hợp,,Giấy phép (TVPL PDF),,valid,
ialo.vn,Công ty TNHH AI Quốc tế,Website - Trang mạng xã hội,,Giấy phép (TVPL PDF),,valid,
ialo.com.vn,Công ty TNHH AI Quốc tế,Website - Trang mạng xã hội,,Giấy phép (TVPL PDF),,valid,
ica.net.vn,CÔNG TY TNHH NỘI DUNG SỐ NGUYÊN BẢO,QUYẾT ĐỊNH PHÁT HÀNH TRÒ CHƠI ĐIỆN TỬ G1 TRÊN MẠNG,2016-06-27,Giấy phép (ABEI),1103/QĐ-BTTTT,invalid,https://giayphep.abei.gov.vn/
icarusm.sohagame.vn,CÔNG TY TNHH SOHA,QUYẾT ĐỊNH PHÁT HÀNH TRÒ CHƠI ĐIỆN TỬ G1 TRÊN MẠNG,2022-01-24,Giấy phép (ABEI),104 /OĐ-BTTTT,valid,https://giayphep.abei.gov.vn/
icheck.vn,Công ty Cổ phần Icheck,Website - Trang mạng xã hội,,Giấy phép (TVPL PDF),,valid,
icon.com.vn,Trung tâm Công nghệ thông tin (Tập đoàn Điện lực VN),Website - Trang TTĐT tổng hợp,,Giấy phép (TVPL PDF),,valid,
evnnews.vn,Trung tâm Công nghệ thông tin (Tập đoàn Điện lực VN),Website - Trang TTĐT tổng hợp,,Giấy phép (TVPL PDF),,valid,
www.evnnews.việt,CÔNG TY VIỄN THÔNG ĐIỆN LỰC VÀ CÔNG NGHỆ THÔNG TIN,GIẤY PHÉP THIẾT LẬP TRANG THÔNG TIN ĐIỆN TỬ TỔNG HỢP,2020-08-27,Giấy phép (ABEI),152/GP-TTĐT,invalid,https://giayphep.abei.gov.vn/
www.tinnganhdien.vn,CÔNG TY VIỄN THÔNG ĐIỆN LỰC VÀ CÔNG NGHỆ THÔNG TIN,GIẤY PHÉP THIẾT LẬP TRANG THÔNG TIN ĐIỆN TỬ TỔNG HỢP,2020-08-27,Giấy phép (ABEI),152/GP-TTĐT,invalid,https://giayphep.abei.gov.vn/
www.evnnews.vn,TRUNG TÂM CÔNG NGHỆ THÔNG TIN - TẬP ĐOÀN ĐIỆN LỰC VIỆT NAM,GIẤY PHÉP THIẾT LẬP TRANG THÔNG TIN ĐIỆN TỬ TỔNG HỢP,2015-01-30,Giấy phép (ABEI),05/GP-TTĐT,invalid,https://giayphep.abei.gov.vn/
icook.vn,Công ty Cổ phần Bạch Minh,Website - Trang mạng xã hội,,Giấy phép (TVPL PDF),,valid,
ict-backan.gov.vn,SỞ THÔNG TIN VÀ TRUYỀN THÔNG BẮC KẠN,GIẤY PHÉP THIẾT LẬP TRANG THÔNG TIN ĐIỆN TỬ TỔNG HỢP,2016-01-12,Giấy phép (ABEI),02/GP-TTĐT,invalid,https://giayphep.abei.gov.vn/
ict-hcm.gov.vn,SỞ THÔNG TIN VÀ TRUYỀN THÔNG THÀNH PHỐ HỒ CHÍ MINH,GIẤY PHÉP THIẾT LẬP TRANG THÔNG TIN ĐIỆN TỬ TỔNG HỢP,2018-04-26,Giấy phép (ABEI),91/GP-TTĐT,valid,https://giayphep.abei.gov.vn/
ict.backan.gov.vn,SỞ THÔNG TIN VÀ TRUYỀN THÔNG BẮC KẠN,GIẤY PHÉP THIẾT LẬP TRANG THÔNG TIN ĐIỆN TỬ TỔNG HỢP,2020-10-12,Giấy phép (ABEI),187/GP-TTĐT,invalid,https://giayphep.abei.gov.vn/
icti-hcm.gov.vn,TRUNG TÂM CÔNG NGHỆ THÔNG TIN VÀ TRUYỀN THÔNG THÀNH PHỐ HỒ CHÍ MINH,Website - Trang TTĐT tổng hợp,,Giấy phép (TVPL PDF),,valid,
ictlife.vn,CÔNG TY CỔ PHẦN ICT LIFE,GIẤY PHÉP CUNG CẤP DỊCH VỤ MẠNG XÃ HỘI,2021-05-21,Giấy phép (ABEI),292/GP-BTTTT,valid,https://giayphep.abei.gov.vn/
ictmoh.gov.vn,Cục Công nghệ thông tin – Bộ Y tế,Website - Trang TTĐT tổng hợp,,Giấy phép (TVPL PDF),,valid,
ictnew.vietnamnet.vn,Báo VietNamNet,"Website - Báo, tạp chí điện tử",,Giấy phép (TVPL PDF),,valid,
ictpress.vn,LIÊN CHI HỘI NHÀ BÁO THÔNG TIN VÀ TRUYỀN THÔNG,GIẤY PHÉP THIẾT LẬP TRANG THÔNG TIN ĐIỆN TỬ TỔNG HỢP,2017-02-06,Giấy phép (ABEI),56/GP-TTĐT,valid,https://giayphep.abei.gov.vn/
ictvietnam.vn,Tạp chí Thông tin và Truyền thông,"Website - Báo, tạp chí điện tử",,Giấy phép (TVPL PDF),,valid,
vietnamict.vn,Tạp chí Thông tin và Truyền thông,"Website - Báo, tạp chí điện tử",,Giấy phép (TVPL PDF),,valid,
ictworld.com.vn,Công ty Cổ phần ITODAY (ictvn.com),Website - Trang TTĐT tổng hợp,,Giấy phép (TVPL PDF),,valid,
idea.gov.vn,CỤC THƯƠNG MẠI ĐIỆN TỬ VÀ KINH TẾ SỐ,GIẤY PHÉP THIẾT LẬP TRANG THÔNG TIN ĐIỆN TỬ TỔNG HỢP,2018-05-09,Giấy phép (ABEI),110/GP-TTĐT,valid,https://giayphep.abei.gov.vn/
idichvuseo.com,Công ty TNHH IDVS,Website - Trang mạng xã hội,,Giấy phép (TVPL PDF),,valid,
idvs.vn,Công ty TNHH IDVS,Website - Trang mạng xã hội,,Giấy phép (TVPL PDF),,valid,
idlegog.playfun.vn,CÔNG TY CỔ PHẦN PHÁT TRIỂN CÔNG NGHỆ SỐ HỒNG HÀ,QUYẾT ĐỊNH PHÁT HÀNH TRÒ CHƠI ĐIỆN TỬ G1 TRÊN MẠNG,2022-09-29,Giấy phép (ABEI),1802/QĐ-BTTTT,valid,https://giayphep.abei.gov.vn/
ido.gamota.com,CÔNG TY CỔ PHẦN GAMOTA,QUYẾT ĐỊNH PHÁT HÀNH TRÒ CHƠI ĐIỆN TỬ G1 TRÊN MẠNG,2023-09-19,Giấy phép (ABEI),1801/QĐ-BTTTT,valid,https://giayphep.abei.gov.vn/
idollive.vn,Công ty Cổ phần kênh 28 ENTERTAINMENT,Website - Trang TTĐT tổng hợp,,Giấy phép (TVPL PDF),,valid,
60giay.com,Công ty Cổ phần kênh 28 ENTERTAINMENT,Website - Trang TTĐT tổng hợp,,Giấy phép (TVPL PDF),,valid,
idoltamquoc.vn,CÔNG TY CỔ PHẦN FUNTAP,QUYẾT ĐỊNH PHÁT HÀNH TRÒ CHƠI ĐIỆN TỬ G1 TRÊN MẠNG,2019-12-25,Giấy phép (ABEI),2256 /QĐ-BTTTT,valid,https://giayphep.abei.gov.vn/
idoltv.vn,Công ty VTC Công nghệ và Nội dung Số (VTC Intecom),Website - Trang mạng xã hội,,Giấy phép (TVPL PDF),,valid,
ids.htv,Đài Truyền hình Thành phố Hồ Chí Minh,MXH - Đài Phát thanh Truyền hình,,Giấy phép (TVPL PDF),,valid,
iduo.com,CÔNG TY CỔ PHẦN TRỰC TUYẾN DUO,QUYẾT ĐỊNH PHÁT HÀNH TRÒ CHƠI ĐIỆN TỬ G1 TRÊN MẠNG,2022-07-18,Giấy phép (ABEI),1393/QĐ-BTTTT,valid,https://giayphep.abei.gov.vn/
iduo.vn,CÔNG TY CỔ PHẦN TRỰC TUYẾN DUO,QUYẾT ĐỊNH PHÁT HÀNH TRÒ CHƠI ĐIỆN TỬ G1 TRÊN MẠNG,2020-09-30,Giấy phép (ABEI),1665 /QĐ-BTTTT,valid,https://giayphep.abei.gov.vn/
ietstock.vn,CÔNG TY CỔ PHẦN TÀI VIỆT (VIETSTOCK),"MXH - Cá nhân, tổ chức",,Giấy phép (TVPL PDF),,valid,
ieubatngo.dongtay,Công ty cổ phần VieNETWORK,"MXH - Cá nhân, tổ chức",,Giấy phép (TVPL PDF),,valid,
ieutrituevietnam.viechan,Công ty cổ phần VieNETWORK,"MXH - Cá nhân, tổ chức",,Giấy phép (TVPL PDF),,valid,
iez.vn,Công ty cổ phần VieNETWORK,"MXH - Cá nhân, tổ chức",,Giấy phép (TVPL PDF),,valid,
ifilm.vn,Công ty Cổ phần Đầu tư và Phát triển Công nghệ Truyền thông Nam Việt,Website - Trang mạng xã hội,,Giấy phép (TVPL PDF),,valid,
iforum.com.vn,Công ty TNHH Truyền thông và Quảng cáo Thắng Lợi,Website - Trang mạng xã hội,,Giấy phép (TVPL PDF),,valid,
ifun.com.vn,Công ty TNHH Công nghệ Truyền thông VMGPLUS,Website - Trang TTĐT tổng hợp,,Giấy phép (TVPL PDF),,valid,
ig.sound,Công ty TNHH Vietnam Music Award,"MXH - Cá nhân, tổ chức",,Giấy phép (TVPL PDF),,valid,
igh8.vn,CÔNG TY CỔ PHẦN KÊNH 28 ENTERTAINMENT,"MXH - Cá nhân, tổ chức",,Giấy phép (TVPL PDF),,valid,
igiaitri.vn,Công ty TNHH Công nghệ thông tin và Truyền thông ASIN Việt Nam,Website - Trang TTĐT tổng hợp,,Giấy phép (TVPL PDF),,valid,
igip.gov.vn,"CỤC ĐỔI MỚI SÁNG TẠO, CHUYỂN ĐỔI XANH VÀ KHUYẾN CÔNG",GIẤY PHÉP THIẾT LẬP TRANG THÔNG TIN ĐIỆN TỬ TỔNG HỢP,2025-05-14,Giấy phép (ABEI),75 /GP-TTĐT,valid,https://giayphep.abei.gov.vn/
igoplus.vn,Công ty TNHH Truyền thông và Công nghệ Tuấn Khôi,Website - Trang TTĐT tổng hợp,,Giấy phép (TVPL PDF),,valid,
igoplus.com.vn,Công ty TNHH Truyền thông và Công nghệ Tuấn Khôi,Website - Trang TTĐT tổng hợp,,Giấy phép (TVPL PDF),,valid,
igosu.vn,Công ty Cổ phần trực tuyến Gosu,Website - Trang mạng xã hội,,Giấy phép (TVPL PDF),,valid,
iguru.vn,CÔNG TY CỔ PHẦN CHỨNG KHOÁN SSI,GIẤY PHÉP CUNG CẤP DỊCH VỤ MẠNG XÃ HỘI,2023-07-26,Giấy phép (ABEI),253/GP-BTTTT,invalid,https://giayphep.abei.gov.vn/
ihago.vn,CÔNG TY CỔ PHẦN JOMBOJOY TECHNOLOGY,GIẤY PHÉP CUNG CẤP DỊCH VỤ MẠNG XÃ HỘI,2020-09-17,Giấy phép (ABEI),399/GP-BTTTT,valid,https://giayphep.abei.gov.vn/
ihay.thanhnien.com.vn,Báo Thanh niên,"Website - Báo, tạp chí điện tử",,Giấy phép (TVPL PDF),,valid,
iirr.vn,VIỆN NGHIÊN CỨU CHÍNH SÁCH QUẢN LÝ BẤT ĐỘNG SẢN VÀ CÔNG TRÌNH DÂN DỤNG QUỐC TẾ,GIẤY PHÉP THIẾT LẬP TRANG THÔNG TIN ĐIỆN TỬ TỔNG HỢP,2021-09-15,Giấy phép (ABEI),157/GP-TTĐT,valid,https://giayphep.abei.gov.vn/
ikara.vn,Công ty TNHH Công nghệ INMOBI,Website - Trang mạng xã hội,,Giấy phép (TVPL PDF),,valid,
ilike.com.vn,Công ty Cổ phần Công nghệ và Truyền thông GCO,Website - Trang TTĐT tổng hợp,,Giấy phép (TVPL PDF),,valid,
ilikee.vn,Công ty Công nghệ Mạng Việt Nam (ilikee.vn),Website - Trang mạng xã hội,,Giấy phép (TVPL PDF),,valid,
ilikee.net,Công ty Công nghệ Mạng Việt Nam (ilikee.vn),Website - Trang mạng xã hội,,Giấy phép (TVPL PDF),,valid,
ilikepub.com,CÔNG TY TNHH CÔNG NGHỆ MẠNG THÔNG TIN VIỆT NAM,GIẤY PHÉP CUNG CẤP DỊCH VỤ MẠNG XÃ HỘI,2020-10-23,Giấy phép (ABEI),462/GP-BTTTT,valid,https://giayphep.abei.gov.vn/
ilikepub.net,CÔNG TY TNHH CÔNG NGHỆ MẠNG THÔNG TIN VIỆT NAM,GIẤY PHÉP CUNG CẤP DỊCH VỤ MẠNG XÃ HỘI,2020-10-23,Giấy phép (ABEI),462/GP-BTTTT,valid,https://giayphep.abei.gov.vn/
ilive.vn,CÔNG TY CỔ PHẦN BẠCH MINH,GIẤY PHÉP CUNG CẤP DỊCH VỤ MẠNG XÃ HỘI,2017-09-18,Giấy phép (ABEI),450/GP-BTTTT,valid,https://giayphep.abei.gov.vn/
ilucky.vn,Công ty Cổ phần NetIT,Website - Trang TTĐT tổng hợp,,Giấy phép (TVPL PDF),,valid,
clipdocla.vn,Công ty Cổ phần NetIT,Website - Trang TTĐT tổng hợp,,Giấy phép (TVPL PDF),,valid,
iluvk.vn,Công ty cổ phần O.C.M.G,Website - Trang mạng xã hội,,Giấy phép (TVPL PDF),,valid,
imaxhitech.vn,CÔNG TY TNHH CÔNG NGHỆ CAO IMAX,GIẤY PHÉP CUNG CẤP DỊCH VỤ MẠNG XÃ HỘI,2022-11-16,Giấy phép (ABEI),544/GP-BTTTT,valid,https://giayphep.abei.gov.vn/
imediatech.com.vn,CÔNG TY CỔ CÔNG NGHỆ VÀ DỊCH VỤ IMEDIA,"GIẤY XÁC NHẬN THÔNG BÁO PHÁT HÀNH TRÒ CHƠI ĐIỆN TỬ G2,G3,G4",2018-11-30,Giấy phép (ABEI),305/GXN-PTTH&TTĐT,valid,https://giayphep.abei.gov.vn/
imkara.vn,Công ty CP TT Đa phương tiện Mặt trời,Website - Trang mạng xã hội,,Giấy phép (TVPL PDF),,valid,
imkenh28.vn,CÔNG TY CỔ PHẦN KÊNH 28 ENTERTAINMENT,"MXH - Cá nhân, tổ chức",,Giấy phép (TVPL PDF),,valid,
immortal.opengame.vn,CÔNG TY TNHH OPENGAME,QUYẾT ĐỊNH PHÁT HÀNH TRÒ CHƠI ĐIỆN TỬ G1 TRÊN MẠNG,2024-07-15,Giấy phép (ABEI),1176/QĐ-BTTTT,valid,https://giayphep.abei.gov.vn/
imoney.vn,Công ty Cổ phần Dịch vụ Truyền thông Bất động sản Việt Nam,Website - Trang TTĐT tổng hợp,,Giấy phép (TVPL PDF),,valid,
imos.vn,CÔNG TY CỔ PHẦN CÔNG NGHỆ THÔNG TIN VÀ GIẢI PHÁP DI ĐỘNG,GIẤY PHÉP CUNG CẤP DỊCH VỤ MẠNG XÃ HỘI,2020-09-23,Giấy phép (ABEI),407/GP-BTTTT,valid,https://giayphep.abei.gov.vn/
imth.zoneplay.vn,CÔNG TY TNHH GZONE MEDIA VIỆT NAM,QUYẾT ĐỊNH PHÁT HÀNH TRÒ CHƠI ĐIỆN TỬ G1 TRÊN MẠNG,2021-05-13,Giấy phép (ABEI),647/QĐ-BTTTT,valid,https://giayphep.abei.gov.vn/
imuzik.com.vn,Tổng Công ty Viễn thông Viettel - Chi nhánh Tập đoàn Viễn thông Quân đội,Website - Trang mạng xã hội,,Giấy phép (TVPL PDF),,valid,
in.vn,Công ty Truyền thông Viettel,"MXH - Cá nhân, tổ chức",,Giấy phép (TVPL PDF),,valid,
inew.vn,Công ty CP The Farm,Website - Trang TTĐT tổng hợp,,Giấy phép (TVPL PDF),,valid,
infinitykingdom.vn,CÔNG TY CỔ PHẦN FUNTAP,QUYẾT ĐỊNH PHÁT HÀNH TRÒ CHƠI ĐIỆN TỬ G1 TRÊN MẠNG,2026-03-25,Giấy phép (ABEI),142/QĐ-PTTH&TTĐT,valid,https://giayphep.abei.gov.vn/
infocare.vn,Công ty Cổ phần Công nghệ DeepBlue,Website - Trang TTĐT tổng hợp,,Giấy phép (TVPL PDF),,valid,
infofx.com.vn,CÔNG TY TNHH INFO FINANCE XTRA,Website - Trang TTĐT tổng hợp,,Giấy phép (TVPL PDF),,valid,
infogame.vietnamnet.vn,Báo VietNamNet,"Website - Báo, tạp chí điện tử",,Giấy phép (TVPL PDF),,valid,
infok.vn,CÔNG TY CỔ PHẦN TRUYỀN THÔNG CÔNG NGHỆ ĐA PHƯƠNG TIỆN INFOK,GIẤY PHÉP CUNG CẤP DỊCH VỤ MẠNG XÃ HỘI,2017-08-09,Giấy phép (ABEI),385/GP-BTTTT,valid,https://giayphep.abei.gov.vn/
infonet.vietnamnet.vn,Báo VietNamNet,"Website - Báo, tạp chí điện tử",,Giấy phép (TVPL PDF),,valid,
infonews.com.vn,Công ty Cổ phần Truyền hình cáp STV,Website - Trang TTĐT tổng hợp,,Giấy phép (TVPL PDF),,valid,
infoplus.com.vn,Công ty Cổ phần Truyền thông VNNPLUS,Website - Trang TTĐT tổng hợp,,Giấy phép (TVPL PDF),,valid,
inhtesaigon.vn,Tạp chí Kinh tế Sài Gòn,MXH - Cơ quan báo chí,,Giấy phép (TVPL PDF),,valid,
inlook.vn,Công ty TNHH MTV BroadCast Media,Website - Trang TTĐT tổng hợp,,Giấy phép (TVPL PDF),,valid,
inongdan.vn,Công ty Cổ phần Công nghệ Nông nghiệp Agritech,Website - Trang TTĐT tổng hợp,,Giấy phép (TVPL PDF),,valid,
inplay.vn,CÔNG TY CỔ PHẦN GIẢI PHÁP CÔNG NGHỆ THÔNG TIN QUỐC TẾ,QUYẾT ĐỊNH PHÁT HÀNH TRÒ CHƠI ĐIỆN TỬ G1 TRÊN MẠNG,2025-04-21,Giấy phép (ABEI),128/QĐ-PTTH&TTĐT,valid,https://giayphep.abei.gov.vn/
instagram.com,Báo Đại biểu Nhân dân,MXH - Cơ quan báo chí,,Giấy phép (TVPL PDF),,valid,
vic.vn,CÔNG TY VTC CÔNG NGHỆ VÀ NỘI DUNG SỐ,QUYẾT ĐỊNH PHÁT HÀNH TRÒ CHƠI ĐIỆN TỬ G1 TRÊN MẠNG,2017-03-09,Giấy phép (ABEI),265/QĐ-BTTTT,invalid,https://giayphep.abei.gov.vn/
intecom.vtc.vn,CÔNG TY VTC CÔNG NGHỆ VÀ NỘI DUNG SỐ,QUYẾT ĐỊNH PHÁT HÀNH TRÒ CHƠI ĐIỆN TỬ G1 TRÊN MẠNG,2019-11-25,Giấy phép (ABEI),2006 /QĐ-BTTTT,invalid,https://giayphep.abei.gov.vn/
intelligencessaigon.vn,CÔNG TY TNHH MOBILE INTELLIGENCE SAIGON,QUYẾT ĐỊNH PHÁT HÀNH TRÒ CHƠI ĐIỆN TỬ G1 TRÊN MẠNG,2025-12-31,Giấy phép (ABEI),599/QĐ-PTTH&TTĐT,valid,https://giayphep.abei.gov.vn/
interits.com,CÔNG TY CỔ PHẦN GIẢI PHÁP CÔNG NGHỆ THÔNG TIN QUỐC TẾ,QUYẾT ĐỊNH PHÁT HÀNH TRÒ CHƠI ĐIỆN TỬ G1 TRÊN MẠNG,2025-04-21,Giấy phép (ABEI),128/QĐ-PTTH&TTĐT,valid,https://giayphep.abei.gov.vn/
inuyasha.vn,CÔNG TY CỔ PHẦN TRỰC TUYẾN CMN VIỆT NAM,QUYẾT ĐỊNH PHÁT HÀNH TRÒ CHƠI ĐIỆN TỬ G1 TRÊN MẠNG,2018-01-11,Giấy phép (ABEI),26/QĐ-BTTTT,valid,https://giayphep.abei.gov.vn/
invesfov.vn,Hội Liên lạc với người Việt Nam ở nước ngoài,Website - Trang mạng xã hội,,Giấy phép (TVPL PDF),,valid,
invesstfourm.vn,Công ty cổ phần Marina Capital,Website - Trang mạng xã hội,,Giấy phép (TVPL PDF),,valid,
invest.com.vn,Công ty cổ phần Truyền thông TUVA,Website - Trang mạng xã hội,,Giấy phép (TVPL PDF),,valid,
investforum.vn,CÔNG TY CỔ PHẦN MARINA CAPITAL,GIẤY PHÉP CUNG CẤP DỊCH VỤ MẠNG XÃ HỘI,2020-02-28,Giấy phép (ABEI),81/GP-BTTTT,valid,https://giayphep.abei.gov.vn/
investglobal.vn,Công ty Cổ phần Marina Capital,Website - Trang TTĐT tổng hợp,,Giấy phép (TVPL PDF),,valid,
investgo.vn,Công ty Cổ phần đầu tư Cổng Mặt trời,Website - Trang TTĐT tổng hợp,,Giấy phép (TVPL PDF),,valid,
investvietnam.gov.vn,TRUNG TÂM XÚC TIẾN ĐẦU TƯ PHÁT TRIỂN CÔNG THƯƠNG,GIẤY PHÉP THIẾT LẬP TRANG THÔNG TIN ĐIỆN TỬ TỔNG HỢP,2016-11-09,Giấy phép (ABEI),183/GP-TTĐT,invalid,https://giayphep.abei.gov.vn/
ionetv.vn,Công ty TNHH Truyền thông Goldmind,Website - Trang mạng xã hội,,Giấy phép (TVPL PDF),,valid,
ipc.net,Công ty TNHH IPCOM Việt Nam,Website - Trang TTĐT tổng hợp,,Giấy phép (TVPL PDF),,valid,
ipcode.vn,Công ty Truyền thông Viettel,"MXH - Cá nhân, tổ chức",,Giấy phép (TVPL PDF),,valid,
iphim.vn,Công ty Cổ phần Giải pháp Công nghệ iNet,Website - Trang TTĐT tổng hợp,,Giấy phép (TVPL PDF),,valid,
iplay.net.vn,Công ty cổ phần ITODAY,Website - Trang mạng xã hội,,Giấy phép (TVPL PDF),,valid,
irsocial.vn,CÔNG TY CỔ PHẦN CÔNG NGHỆ SỐ DIA,GIẤY PHÉP CUNG CẤP DỊCH VỤ MẠNG XÃ HỘI,2024-06-27,Giấy phép (ABEI),169/GP-BTTTT,valid,https://giayphep.abei.gov.vn/
ispaylink.net.vn,CÔNG TY CỔ PHẦN TEPAYLINK,QUYẾT ĐỊNH PHÁT HÀNH TRÒ CHƠI ĐIỆN TỬ G1 TRÊN MẠNG,2023-09-29,Giấy phép (ABEI),1874/QĐ-BTTTT,valid,https://giayphep.abei.gov.vn/
isport.vn,Công ty Cổ phần Kỹ nghệ Truyền thông Hoàng Gia,Website - Trang TTĐT tổng hợp,,Giấy phép (TVPL PDF),,valid,
itap.vn,CÔNG TY CỔ PHẦN TRUYỀN HÌNH TƯƠNG TÁC VIỆT NAM,"GIẤY XÁC NHẬN THÔNG BÁO PHÁT HÀNH TRÒ CHƠI ĐIỆN TỬ G2,G3,G4",2021-07-20,Giấy phép (ABEI),126/GXN-PTTH&TTĐT,valid,https://giayphep.abei.gov.vn/
ithethao.vn,Công ty CP Truyền thông và Công nghệ 3S Quốc tế,Website - Trang mạng xã hội,,Giấy phép (TVPL PDF),,valid,
itivi.com.vn,Công ty Cổ phần Công nghệ và Truyền thông số Vietnet,Website - Trang TTĐT tổng hợp,,Giấy phép (TVPL PDF),,valid,
itoday.vn,CÔNG TY CỔ PHẦN ITODAY,Website - Trang TTĐT tổng hợp,,Giấy phép (TVPL PDF),,valid,
itravels.vn,Công ty Cổ phần Truyền thông đa phương tiện Thủ đô,Website - Trang TTĐT tổng hợp,,Giấy phép (TVPL PDF),,valid,
itv.net.vn,Công ty cổ phần ITODAY,Website - Trang mạng xã hội,,Giấy phép (TVPL PDF),,valid,
itvpage.com,Công ty cổ phần ITODAY,Website - Trang mạng xã hội,,Giấy phép (TVPL PDF),,valid,
ivideo.vn,Công ty TNHH Đầu tư Giải trí Sài Gòn Post (ivideo. vn; ivideo. com. vn),Website - Trang mạng xã hội,,Giấy phép (TVPL PDF),,valid,
ivideo.com.vn,Công ty TNHH Đầu tư Giải trí Sài Gòn Post (ivideo. vn; ivideo. com. vn),Website - Trang mạng xã hội,,Giấy phép (TVPL PDF),,valid,
www.ivideo.com.vn,CÔNG TY TNHH ĐẦU TƯ GIẢI TRÍ SÀI GÒN POST,GIẤY PHÉP CUNG CẤP DỊCH VỤ MẠNG XÃ HỘI,2019-10-22,Giấy phép (ABEI),452/GP-BTTTT,valid,https://giayphep.abei.gov.vn/
ivn.net.vn,VIỆN PHÁT TRIỂN DOANH NGHIỆP VÀ TÀI NĂNG VIỆT NAM,GIẤY PHÉP THIẾT LẬP TRANG THÔNG TIN ĐIỆN TỬ TỔNG HỢP,2022-10-27,Giấy phép (ABEI),140/GP-TTĐT,valid,https://giayphep.abei.gov.vn/
ivod.vn,Công ty Cổ phần truyền thông FLK,Website - Trang TTĐT tổng hợp,,Giấy phép (TVPL PDF),,valid,
ivolunteer.vn,Công ty TNHH Doanh nghiệp Xã hội Ngô group,Website - Trang mạng xã hội,,Giấy phép (TVPL PDF),,valid,
iw.zoneplay.vn,CÔNG TY CỔ PHẦN GZONE MEDIA VIỆT NAM,QUYẾT ĐỊNH PHÁT HÀNH TRÒ CHƠI ĐIỆN TỬ G1 TRÊN MẠNG,2022-06-14,Giấy phép (ABEI),1081/QĐ-BTTTT,valid,https://giayphep.abei.gov.vn/
iwealthclub.com.vn,CÔNG TY CỔ PHẦN CHỨNG KHOÁN KỸ THƯƠNG,GIẤY PHÉP CUNG CẤP DỊCH VỤ MẠNG XÃ HỘI,2020-06-17,Giấy phép (ABEI),255/GP-BTTTT,valid,https://giayphep.abei.gov.vn/
iwing.vn,CÔNG TY TNHH NANOVA,GIẤY PHÉP CUNG CẤP DỊCH VỤ MẠNG XÃ HỘI,2019-09-30,Giấy phép (ABEI),414/GP-BTTTT,valid,https://giayphep.abei.gov.vn/
iza.haiduong.vn,CÔNG TY CỔ PHẦN TRUYỀN THÔNG VÀ DỊCH VỤ PTC VINA,GIẤY PHÉP THIẾT LẬP TRANG THÔNG TIN ĐIỆN TỬ TỔNG HỢP,2013-04-26,Giấy phép (ABEI),49/GP-TTĐT,invalid,https://giayphep.abei.gov.vn/
izhanam.gov.vn,BAN QUẢN LÝ CÁC KHU CÔNG NGHIỆP TỈNH HÀ NAM,GIẤY PHÉP THIẾT LẬP TRANG THÔNG TIN ĐIỆN TỬ TỔNG HỢP,2013-03-28,Giấy phép (ABEI),31/GP-TTĐT,invalid,https://giayphep.abei.gov.vn/
izienglish.vn,CÔNG TY CỔ PHẦN TRUYỀN THÔNG VÀ CÔNG NGHỆ 3T VIỆT NAM,GIẤY PHÉP CUNG CẤP DỊCH VỤ MẠNG XÃ HỘI,2017-03-13,Giấy phép (ABEI),90/GP-BTTTT,valid,https://giayphep.abei.gov.vn/
izigame.vn,CÔNG TY CỔ PHẦN TRUYỀN THÔNG VÀ CÔNG NGHỆ 3T VIỆT NAM,"GIẤY XÁC NHẬN THÔNG BÁO PHÁT HÀNH TRÒ CHƠI ĐIỆN TỬ G2,G3,G4",2022-04-12,Giấy phép (ABEI),32/GXN-PTTH&TTĐT,valid,https://giayphep.abei.gov.vn/
jduo.vn,CÔNG TY CỔ PHẦN TRỰC TUYẾN DUO,QUYẾT ĐỊNH PHÁT HÀNH TRÒ CHƠI ĐIỆN TỬ G1 TRÊN MẠNG,2022-01-19,Giấy phép (ABEI),66/QĐ-BTTTT,valid,https://giayphep.abei.gov.vn/
jgooooo.vn,CÔNG TY CỔ PHẦN UTO TECHNOLOGY,GIẤY PHÉP CUNG CẤP DỊCH VỤ MẠNG XÃ HỘI,2021-05-18,Giấy phép (ABEI),288/GP-BTTTT,valid,https://giayphep.abei.gov.vn/
jhrcdj.mocgame.vn,CÔNG TY TNHH TRÒ CHƠI MỘC ,QUYẾT ĐỊNH PHÁT HÀNH TRÒ CHƠI ĐIỆN TỬ G1 TRÊN MẠNG,2025-09-15,Giấy phép (ABEI),391/QĐ-PTTH&TTĐT,valid,https://giayphep.abei.gov.vn/
jinedvietnam.vn,Văn phòng đại diện Cty TNHH phát triển năng lượng nguyên tử quốc tế tại Hà Nội,Website - Trang TTĐT tổng hợp,,Giấy phép (TVPL PDF),,valid,
jns.vn,Tạp chí Khoa học Điều dưỡng,"Website - Báo, tạp chí điện tử",,Giấy phép (TVPL PDF),,valid,
job3s.vn,CÔNG TY CỔ PHẦN CÔNG NGHỆ 3S GROUP,GIẤY PHÉP CUNG CẤP DỊCH VỤ MẠNG XÃ HỘI,2024-01-04,Giấy phép (ABEI),06/GP-BTTTT,valid,https://giayphep.abei.gov.vn/
jobmart.vn,Công ty TNHH Phần mềm Hoàng Hà,Website - Trang mạng xã hội,,Giấy phép (TVPL PDF),,valid,
jobo.vn,CÔNG TY CỔ PHẦN CLEVER JOB,GIẤY PHÉP CUNG CẤP DỊCH VỤ MẠNG XÃ HỘI,2023-12-13,Giấy phép (ABEI),59/GP-BTTTT,valid,https://giayphep.abei.gov.vn/
jobsgo.vn,CÔNG TY CỔ PHẦN JOBSGO,GIẤY PHÉP CUNG CẤP DỊCH VỤ MẠNG XÃ HỘI,2021-08-30,Giấy phép (ABEI),568/GP-BTTTT,valid,https://giayphep.abei.gov.vn/
jofun.vn,CÔNG TY CỔ PHẦN TRUYỀN THÔNG BẢN VIỆT,GIẤY PHÉP CUNG CẤP DỊCH VỤ MẠNG XÃ HỘI,2020-01-20,Giấy phép (ABEI),31/GP-BTTTT,valid,https://giayphep.abei.gov.vn/
jojogamer.com,CÔNG TY TNHH THƯƠNG MẠI GIẢI TRÍ JOJO,"GIẤY XÁC NHẬN THÔNG BÁO PHÁT HÀNH TRÒ CHƠI ĐIỆN TỬ G2,G3,G4",2021-01-13,Giấy phép (ABEI),14/GXN-PTTH&TTĐT,valid,https://giayphep.abei.gov.vn/
journalofscience.ou.edu.vn,TẠP CHÍ KHOA HỌC ĐẠI HỌC MỞ THÀNH PHỐ HỒ CHÍ MINH,GIẤY PHÉP THIẾT LẬP TRANG THÔNG TIN ĐIỆN TỬ TỔNG HỢP,2021-01-07,Giấy phép (ABEI),03/GP-TTĐT,valid,https://giayphep.abei.gov.vn/
journals.hanu.edu.vn,Tạp chí Khoa học ngoại ngữ,"Website - Báo, tạp chí điện tử",,Giấy phép (TVPL PDF),,valid,
joycorp.vn,CÔNG TY TNHH GIẢI TRÍ JOY,QUYẾT ĐỊNH PHÁT HÀNH TRÒ CHƠI ĐIỆN TỬ G1 TRÊN MẠNG,2019-11-25,Giấy phép (ABEI),2004/QĐ-BTTTT,valid,https://giayphep.abei.gov.vn/
joygame.vn,CÔNG TY TNHH JOYGAMES ,QUYẾT ĐỊNH PHÁT HÀNH TRÒ CHƠI ĐIỆN TỬ G1 TRÊN MẠNG,2025-07-31,Giấy phép (ABEI),335/QĐ-PTTH&TTĐT,valid,https://giayphep.abei.gov.vn/
joygames.vn,CÔNG TY TNHH JOYGAMES,QUYẾT ĐỊNH PHÁT HÀNH TRÒ CHƠI ĐIỆN TỬ G1 TRÊN MẠNG,2026-04-24,Giấy phép (ABEI),210/QĐ-PTTH&TTĐT,valid,https://giayphep.abei.gov.vn/
joylada.vn,CÔNG TY CỔ PHẦN TRUYỀN THÔNG IMBEE,GIẤY PHÉP CUNG CẤP DỊCH VỤ MẠNG XÃ HỘI,2020-09-29,Giấy phép (ABEI),416/GP-BTTTT,valid,https://giayphep.abei.gov.vn/
joyme.vn,Công ty Vietnam New Lifestyle Incubation,Website - Trang mạng xã hội,,Giấy phép (TVPL PDF),,valid,
www.joyme.io,CÔNG TY CỔ PHẦN VIETNAM NEW LIFESTYLE INCUBATION,GIẤY PHÉP CUNG CẤP DỊCH VỤ MẠNG XÃ HỘI,2022-10-17,Giấy phép (ABEI),493/GP-BTTTT,valid,https://giayphep.abei.gov.vn/
joymientertainment.vn,CÔNG TY CỔ PHẦN JOYMI ENTERTAINMENT,QUYẾT ĐỊNH PHÁT HÀNH TRÒ CHƠI ĐIỆN TỬ G1 TRÊN MẠNG,2017-04-14,Giấy phép (ABEI),535/QĐ-BTTTT,valid,https://giayphep.abei.gov.vn/
joyplay.vn,CÔNG TY TNHH JOYGAMES,QUYẾT ĐỊNH PHÁT HÀNH TRÒ CHƠI ĐIỆN TỬ G1 TRÊN MẠNG,2025-09-11,Giấy phép (ABEI),388/QĐ-PTTH&TTĐT,valid,https://giayphep.abei.gov.vn/
jpnet.com.vn,CÔNG TY TNHH NGUỒN NHÂN LỰC JPNET TOÀN CẦU,GIẤY PHÉP CUNG CẤP DỊCH VỤ MẠNG XÃ HỘI,2019-11-19,Giấy phép (ABEI),503/GP-BTTTT,valid,https://giayphep.abei.gov.vn/
jprp.vn,TẠP CHÍ NGHIÊN CỨU VÀ THỰC HÀNH NHI KHOA,GIẤY PHÉP THIẾT LẬP TRANG THÔNG TIN ĐIỆN TỬ TỔNG HỢP,2020-09-04,Giấy phép (ABEI),164/GP-TTĐT,valid,https://giayphep.abei.gov.vn/
js-hluv.vn,Tạp chí Khoa học Trường Đại học Hoa Lư,"Website - Báo, tạp chí điện tử",,Giấy phép (TVPL PDF),,valid,
jstqui.vn,Tạp chí điện tử Khoa học và Công nghệ QUI,"Website - Báo, tạp chí điện tử",,Giấy phép (TVPL PDF),,valid,
jstt.vn,Tạp chí điện tử Khoa học và Công nghệ giao thông,"Website - Báo, tạp chí điện tử",,Giấy phép (TVPL PDF),,valid,
jxl.efun.vn,CÔNG TY CỔ PHẦN CÔNG NGHỆ EFUN VIỆT NAM,QUYẾT ĐỊNH PHÁT HÀNH TRÒ CHƠI ĐIỆN TỬ G1 TRÊN MẠNG,2019-10-22,Giấy phép (ABEI),1762/QĐ-BTTTT,valid,https://giayphep.abei.gov.vn/
jxtkm.playfun.vn,CÔNG TY CỔ PHẦN FUNTAP,QUYẾT ĐỊNH PHÁT HÀNH TRÒ CHƠI ĐIỆN TỬ G1 TRÊN MẠNG,2024-10-29,Giấy phép (ABEI),1862/QĐ-BTTTT,valid,https://giayphep.abei.gov.vn/
kagehuyenthoai.vn,CÔNG TY CỔ PHẦN REGZ GAMES,QUYẾT ĐỊNH PHÁT HÀNH TRÒ CHƠI ĐIỆN TỬ G1 TRÊN MẠNG,2021-11-18,Giấy phép (ABEI),1846/QĐ-BTTTT,valid,https://giayphep.abei.gov.vn/
kaicom.vn,Công ty Cổ phần KAICOM Việt Nam,Website - Trang TTĐT tổng hợp,,Giấy phép (TVPL PDF),,valid,
kalap.vn,Công ty TNHH Thương mại và Truyền thông DHL,Website - Trang TTĐT tổng hợp,,Giấy phép (TVPL PDF),,valid,
kame.mtfgroup.vn,CÔNG TY TNHH MTF GROUP ,QUYẾT ĐỊNH PHÁT HÀNH TRÒ CHƠI ĐIỆN TỬ G1 TRÊN MẠNG,2026-01-10,Giấy phép (ABEI),11/QĐ-PTTH&TTĐT,valid,https://giayphep.abei.gov.vn/
kamelegend.vn,CÔNG TY CỔ PHẦN 9PLAY,QUYẾT ĐỊNH PHÁT HÀNH TRÒ CHƠI ĐIỆN TỬ G1 TRÊN MẠNG,2023-04-26,Giấy phép (ABEI),721/QĐ-BTTTT,valid,https://giayphep.abei.gov.vn/
kangame.vn,CÔNG TY CỔ PHẦN GIẢI TRÍ TRỰC TUYẾN KAN,QUYẾT ĐỊNH PHÁT HÀNH TRÒ CHƠI ĐIỆN TỬ G1 TRÊN MẠNG,2026-02-03,Giấy phép (ABEI),44/QĐ-PTTH&TTĐT,valid,https://giayphep.abei.gov.vn/
kbht.gosu.vn,CÔNG TY CỔ PHẦN TRỰC TUYẾN GOSU,QUYẾT ĐỊNH PHÁT HÀNH TRÒ CHƠI ĐIỆN TỬ G1 TRÊN MẠNG,2019-07-30,Giấy phép (ABEI),1150 /QĐ-BTTTT,valid,https://giayphep.abei.gov.vn/
kbnn.botaichinh.gov.vn,Kho bạc Nhà nước,Website - Trang TTĐT tổng hợp,,Giấy phép (TVPL PDF),,valid,
kcghkt.weplayz.com,CÔNG TY TNHH PHẦN MỀM WEPLAY ,QUYẾT ĐỊNH PHÁT HÀNH TRÒ CHƠI ĐIỆN TỬ G1 TRÊN MẠNG,2026-04-14,Giấy phép (ABEI),187/QĐ-PTTH&TTĐT,valid,https://giayphep.abei.gov.vn/
kclive.vn,CÔNG TY TNHH MTV THƯƠNG MẠI O.C.M.G,Website - Trang TTĐT tổng hợp,,Giấy phép (TVPL PDF),,valid,
kdct.gamota.com,CÔNG TY CỔ PHẦN GAMOTA,QUYẾT ĐỊNH PHÁT HÀNH TRÒ CHƠI ĐIỆN TỬ G1 TRÊN MẠNG,2019-11-11,Giấy phép (ABEI),1899 /QĐ-BTTTT,valid,https://giayphep.abei.gov.vn/
keeng.vn,Công ty Truyền thông Viettel - Chi nhanh Tập đoàn Viễn thông quân đội,Website - Trang mạng xã hội,,Giấy phép (TVPL PDF),,valid,
kenh1.mobifone.com.vn,"Công ty Cổ phần Truyền thông, Quảng cáo Đa phương tiện",Website - Trang mạng xã hội,,Giấy phép (TVPL PDF),,valid,
kenh1.vinaphone.com.vn,"Công ty Cổ phần Truyền thông, Quảng cáo Đa phương tiện",Website - Trang mạng xã hội,,Giấy phép (TVPL PDF),,valid,
kenh1.vn,Công ty Cổ phần Truyền thông Quảng cáo Đa phương tiện,Website - Trang mạng xã hội,,Giấy phép (TVPL PDF),,valid,
kenh14.vn,Công ty Cổ phần VCCorp,Website - Trang TTĐT tổng hợp,,Giấy phép (TVPL PDF),,valid,
kenhcongdong.com,Công ty Cổ phần Đầu tư Xây dựng B.M.T (http://www.kenhcongdong.vn),Website - Trang TTĐT tổng hợp,,Giấy phép (TVPL PDF),,valid,
kenhgiaitrivn.net,Công ty Cổ phần Giải pháp Truyền thông di động,Website - Trang TTĐT tổng hợp,,Giấy phép (TVPL PDF),,valid,
kenhhot.vn,Công ty Cổ phần Dịch vụ và giải pháp truyền thông Sóng Tin,Website - Trang TTĐT tổng hợp,,Giấy phép (TVPL PDF),,valid,
kenhnhac.vn,CÔNG TY CỔ PHẦN TRUYỀN THÔNG QUẢ CHANH,GIẤY PHÉP CUNG CẤP DỊCH VỤ MẠNG XÃ HỘI,2017-09-12,Giấy phép (ABEI),440/GP-BTTTT,valid,https://giayphep.abei.gov.vn/
kenhphapluat.vn,Công ty Cổ phần truyền thông Quả Chanh,Website - Trang TTĐT tổng hợp,,Giấy phép (TVPL PDF),,valid,
kenhsacdep.vn,Công ty TNHH CLOVER,Website - Trang TTĐT tổng hợp,,Giấy phép (TVPL PDF),,valid,
kenhsao.vn,Công ty cổ phần My Hồng Hà,Website - Trang TTĐT tổng hợp,,Giấy phép (TVPL PDF),,valid,
kenhsuckhoe.com,Công ty TNHH Tư vấn dịch vụ thương mại giáo dục Phương Nam,Website - Trang mạng xã hội,,Giấy phép (TVPL PDF),,valid,
kenhsuckhoe.vn,Công ty TNHH Tư vấn dịch vụ thương mại giáo dục Phương Nam,Website - Trang mạng xã hội,,Giấy phép (TVPL PDF),,valid,
kenhthethao.vn,Công ty TNHH Truyền thông Tầm Nhìn Cộng,Website - Trang TTĐT tổng hợp,,Giấy phép (TVPL PDF),,valid,
kenhthoitiet.vn,Công ty Cổ phần Truyền thông Nông nghiệp Đa phương tiện,Website - Trang mạng xã hội,,Giấy phép (TVPL PDF),,valid,
kenhtuyensinh.vn,Công ty TNHH First Page,Website - Trang mạng xã hội,,Giấy phép (TVPL PDF),,valid,
kenhvtc9.vn,"Kênh Văn hóa, Xã hội và Giải trí (VTC 9)",Website - Trang TTĐT tổng hợp,,Giấy phép (TVPL PDF),,valid,
kenhvte9.vn,"KÊNH VĂN HÓA, XÃ HỘI VÀ GIẢI TRÍ (VTC9)",GIẤY PHÉP THIẾT LẬP TRANG THÔNG TIN ĐIỆN TỬ TỔNG HỢP,2021-07-28,Giấy phép (ABEI),129/GP-TTĐT,valid,https://giayphep.abei.gov.vn/
ketansu.vn,CÔNG TY CỔ PHẦN FUNTAP,QUYẾT ĐỊNH PHÁT HÀNH TRÒ CHƠI ĐIỆN TỬ G1 TRÊN MẠNG,2020-06-26,Giấy phép (ABEI),1071/QĐ-BTTTT,valid,https://giayphep.abei.gov.vn/
ketbandep.com,Công ty TNHH Công nghệ Giải trí Đẹp,Website - Trang mạng xã hội,,Giấy phép (TVPL PDF),,valid,
ketbandep.vn,Công ty TNHH Công nghệ Giải trí Đẹp,Website - Trang mạng xã hội,,Giấy phép (TVPL PDF),,valid,
ketbanhulaa.vn,CÔNG TY CỔ PHẦN VANO,GIẤY PHÉP CUNG CẤP DỊCH VỤ MẠNG XÃ HỘI,2019-05-20,Giấy phép (ABEI),189/GP-BTTTT,valid,https://giayphep.abei.gov.vn/
ketnoidamme.com.vn,CÔNG TY CỔ PHẦN TRUYỀN THÔNG VÀ CÔNG NGHỆ 3T VIỆT NAM,GIẤY PHÉP CUNG CẤP DỊCH VỤ MẠNG XÃ HỘI,2017-03-09,Giấy phép (ABEI),102/GP-BTTTT,valid,https://giayphep.abei.gov.vn/
ketnoidoanhnhan.com.vn,Công ty CP Trường Sơn Media,Website - Trang TTĐT tổng hợp,,Giấy phép (TVPL PDF),,valid,
ketnoithanhcong.vn,CÔNG TY TNHH KINH DOANH ĐỊA ỐC ĐẠI HƯNG PHÁT,GIẤY PHÉP CUNG CẤP DỊCH VỤ MẠNG XÃ HỘI,2020-04-07,Giấy phép (ABEI),150/GP-BTTTT,valid,https://giayphep.abei.gov.vn/
ketnoithuongmai.vn,Công ty TNHH Đẹp + Media,Website - Trang TTĐT tổng hợp,,Giấy phép (TVPL PDF),,valid,
ketquatructuyen.vn,Công ty Cổ phần Trái thị vàng,Website - Trang mạng xã hội,,Giấy phép (TVPL PDF),,valid,
ketquaviet.vn,Công ty Cổ phần VTC Dịch vụ di động,Website - Trang TTĐT tổng hợp,,Giấy phép (TVPL PDF),,valid,
kfcv.360game.vn,CÔNG TY TNHH NỘI DUNG SỐ NGUYÊN BẢO,QUYẾT ĐỊNH PHÁT HÀNH TRÒ CHƠI ĐIỆN TỬ G1 TRÊN MẠNG,2016-06-14,Giấy phép (ABEI),1029/QĐ-BTTTT,valid,https://giayphep.abei.gov.vn/
kfsp.vn,CÔNG TY TNHH KFSP,GIẤY PHÉP CUNG CẤP DỊCH VỤ MẠNG XÃ HỘI,2023-11-21,Giấy phép (ABEI),435/GP-BTTTT,valid,https://giayphep.abei.gov.vn/
kgtv.vn,Đài PTTH Kiên Giang,Website - Trang TTĐT tổng hợp,,Giấy phép (TVPL PDF),,valid,
kgtv.com.vn,Đài PTTH Kiên Giang,Website - Trang TTĐT tổng hợp,,Giấy phép (TVPL PDF),,valid,
www.kgtv.com.vn,ĐÀI PHÁT THANH VÀ TRUYỀN HÌNH KIÊN GIANG,GIẤY PHÉP THIẾT LẬP TRANG THÔNG TIN ĐIỆN TỬ TỔNG HỢP,2015-09-11,Giấy phép (ABEI),139/GP-TTĐT,valid,https://giayphep.abei.gov.vn/
kh.qdnd.vn,"Báo Quân đội nhân dân,","Website - Báo, tạp chí điện tử",,Giấy phép (TVPL PDF),,valid,
media.qdnd.vn,"Báo Quân đội nhân dân,","Website - Báo, tạp chí điện tử",,Giấy phép (TVPL PDF),,valid,
khaithacmo.vn,Tổng công ty Công nghiệp Hóa chất Mỏ VINACOMIN,Website - Trang mạng xã hội,,Giấy phép (TVPL PDF),,valid,
khaivankhoinghiep.vn,Công ty Khai vấn khởi nghiệp,Website - Trang mạng xã hội,,Giấy phép (TVPL PDF),,valid,
khamphahue.com.vn,TRUNG TÂM CÔNG NGHỆ THÔNG TIN THỪA THIÊN HUẾ,GIẤY PHÉP THIẾT LẬP TRANG THÔNG TIN ĐIỆN TỬ TỔNG HỢP,2013-08-08,Giấy phép (ABEI),108/GP-TTĐT,invalid,https://giayphep.abei.gov.vn/
khanhhoa.mcv,Đài Phát thanh và Truyền hình tỉnh Khánh Hòa,MXH - Đài Phát thanh Truyền hình,,Giấy phép (TVPL PDF),,valid,
khanhhoa.vn,Sở TTTT Khánh Hòa,Website - Trang TTĐT tổng hợp,,Giấy phép (TVPL PDF),,valid,
khans.vn,CÔNG TY TNHH SOHA,QUYẾT ĐỊNH PHÁT HÀNH TRÒ CHƠI ĐIỆN TỬ G1 TRÊN MẠNG,2021-10-13,Giấy phép (ABEI),1593 /QĐ-BTTTT,valid,https://giayphep.abei.gov.vn/
khatvongcs.vn,CÔNG TY TNHH TRUYỀN THÔNG KINH TẾ - XÃ HỘI,GIẤY PHÉP CUNG CẤP DỊCH VỤ MẠNG XÃ HỘI,2021-11-22,Giấy phép (ABEI),764/GP-BTTTT,valid,https://giayphep.abei.gov.vn/
khcncongthuong.vn,Vụ Khoa học và Công nghệ (Bộ Công thương),Website - Trang TTĐT tổng hợp,,Giấy phép (TVPL PDF),,valid,
khencongthuong.vn,VỤ KHOA HỌC VÀ CÔNG NGHỆ,GIẤY PHÉP THIẾT LẬP TRANG THÔNG TIN ĐIỆN TỬ TỔNG HỢP,2018-11-23,Giấy phép (ABEI),296/GP-TTĐT,invalid,https://giayphep.abei.gov.vn/
kheopro.com,Công ty Cổ phần truyền thông đa phương tiện VTQ Hà Nội,Website - Trang TTĐT tổng hợp,,Giấy phép (TVPL PDF),,valid,
khmer.baocantho.com.vn,Báo Cần Thơ,"Website - Báo, tạp chí điện tử",,Giấy phép (TVPL PDF),,valid,
khoahocdoisong.com.vn,BáoTri thức và Cuộc sống,Website - Trang TTĐT tổng hợp,,Giấy phép (TVPL PDF),,valid,
khoahocdoisong.vn,BáoTri thức và Cuộc sống,Website - Trang TTĐT tổng hợp,,Giấy phép (TVPL PDF),,valid,
khoahocnganhang.org.vn,Viện chiến lược ngân hàng,Website - Trang TTĐT tổng hợp,,Giấy phép (TVPL PDF),,valid,
khoahocphattrien.vn,TRUNG TÂM BẢO KHOA HỌC VÀ PHÁT TRIỂN – TIA SÁNG,GIẤY PHÉP THIẾT LẬP TRANG THÔNG TIN ĐIỆN TỬ TỔNG HỢP,2024-01-18,Giấy phép (ABEI),09/GP-TTĐT,valid,https://giayphep.abei.gov.vn/
khoahocphothong.com.vn,"Tạp chí Khoa học phổ thông (in ,điện tử)","Website - Báo, tạp chí điện tử",,Giấy phép (TVPL PDF),,valid,
khoahocphothong.vn,BÁO KHOA HỌC PHỔ THÔNG,GIẤY PHÉP THIẾT LẬP TRANG THÔNG TIN ĐIỆN TỬ TỔNG HỢP,2013-01-08,Giấy phép (ABEI),03/GP-TTĐT,invalid,https://giayphep.abei.gov.vn/
khoahocvacongnghevietnam.com.vn,TẠP CHÍ KHOA HỌC VÀ CÔNG NGHỆ VIỆT NAM,GIẤY PHÉP THIẾT LẬP TRANG THÔNG TIN ĐIỆN TỬ TỔNG HỢP,2017-02-22,Giấy phép (ABEI),73/GP-TĐTT,invalid,https://giayphep.abei.gov.vn/
khoahocvakinhte.vn,TẠP CHÍ KHOA HỌC VÀ KINH TẾ HẢI PHÒNG,GIẤY PHÉP THIẾT LẬP TRANG THÔNG TIN ĐIỆN TỬ TỔNG HỢP,2019-05-24,Giấy phép (ABEI),93/GP-TTĐT,invalid,https://giayphep.abei.gov.vn/
khobaudaichien.vn,CÔNG TY TNHH VMGE,QUYẾT ĐỊNH PHÁT HÀNH TRÒ CHƠI ĐIỆN TỬ G1 TRÊN MẠNG,2024-08-16,Giấy phép (ABEI),1374/QĐ-BTTTT,valid,https://giayphep.abei.gov.vn/
khobaugo.vn,CÔNG TY CỔ PHẦN 9PLAY,QUYẾT ĐỊNH PHÁT HÀNH TRÒ CHƠI ĐIỆN TỬ G1 TRÊN MẠNG,2022-03-15,Giấy phép (ABEI),438/QĐ-BTTTT,valid,https://giayphep.abei.gov.vn/
khobautaodenday.vn,CÔNG TY CỔ PHẦN TRỰC TUYẾN DUO,QUYẾT ĐỊNH PHÁT HÀNH TRÒ CHƠI ĐIỆN TỬ G1 TRÊN MẠNG,2023-08-29,Giấy phép (ABEI),1672/QĐ-BTTTT,valid,https://giayphep.abei.gov.vn/
khobautruyenthuyet.vn,CÔNG TY CỔ PHẦN TRỰC TUYẾN DUO,QUYẾT ĐỊNH PHÁT HÀNH TRÒ CHƠI ĐIỆN TỬ G1 TRÊN MẠNG,2021-10-20,Giấy phép (ABEI),1646/QĐ-BTTTT,valid,https://giayphep.abei.gov.vn/
khobauvotan.vn,CÔNG TY CỔ PHẦN 9PLAY,QUYẾT ĐỊNH PHÁT HÀNH TRÒ CHƠI ĐIỆN TỬ G1 TRÊN MẠNG,2021-01-08,Giấy phép (ABEI),13/QĐ-BTTTT,valid,https://giayphep.abei.gov.vn/
khoclip.com.vn,Công ty Cổ phần truyền thông VMG,Website - Trang TTĐT tổng hợp,,Giấy phép (TVPL PDF),,valid,
khoe360.nguoiduatin.vn,Tạp chí Đời sống và Pháp luật,"Website - Báo, tạp chí điện tử",,Giấy phép (TVPL PDF),,valid,
khoedep247.info.vn,CÔNG TY TNHH TH VÀ DV WELLNESS,Website - Trang TTĐT tổng hợp,,Giấy phép (TVPL PDF),,valid,
khoedep24h.net.vn,"Công ty TNHH Dược, Mỹ phẩm và Dịch vụ Phúc An",Website - Trang TTĐT tổng hợp,,Giấy phép (TVPL PDF),,valid,
khoedepplus.vn,CÔNG TY TNHH TRUYỀN THÔNG ĐA PHƯƠNG TIỆN CGD GROUP,GIẤY PHÉP CUNG CẤP DỊCH VỤ MẠNG XÃ HỘI,2017-04-11,Giấy phép (ABEI),144/GP-BTTTT,valid,https://giayphep.abei.gov.vn/
khoemoigio.com,Công ty Cổ phần Công nghệ và Truyền thông số Vietnet,Website - Trang TTĐT tổng hợp,,Giấy phép (TVPL PDF),,valid,
khoepro.info.vn,Công ty Cổ phần truyền thông đa phương tiện VTQ Hà Nội,Website - Trang TTĐT tổng hợp,,Giấy phép (TVPL PDF),,valid,
khoevadep.net.vn,CÔNG TY CỔ PHẦN TRUYỀN THÔNG TIÊU DÙNG VÀ TIẾP THỊ,GIẤY PHÉP CUNG CẤP DỊCH VỤ MẠNG XÃ HỘI,2020-06-03,Giấy phép (ABEI),236/GP-BTTTT,valid,https://giayphep.abei.gov.vn/
khogame.vn,CÔNG TY CỔ PHẦN TRUYỀN THÔNG VMG,QUYẾT ĐỊNH PHÁT HÀNH TRÒ CHƠI ĐIỆN TỬ G1 TRÊN MẠNG,2017-01-13,Giấy phép (ABEI),47/QĐ-BTTTT,valid,https://giayphep.abei.gov.vn/
khogiaitri.vn,CÔNG TY CỔ PHẦN VANO,GIẤY PHÉP CUNG CẤP DỊCH VỤ MẠNG XÃ HỘI,2020-09-28,Giấy phép (ABEI),409/GP-BTTTT,valid,https://giayphep.abei.gov.vn/
khoidong247.vn,TẠP CHÍ HÀN QUỐC,GIẤY PHÉP THIẾT LẬP TRANG THÔNG TIN ĐIỆN TỬ TỔNG HỢP,2015-02-10,Giấy phép (ABEI),06/GPSĐBS-TTĐT,invalid,https://giayphep.abei.gov.vn/
www.khoidong247.com.vn,TẠP CHÍ HÀN QUỐC,GIẤY PHÉP THIẾT LẬP TRANG THÔNG TIN ĐIỆN TỬ TỔNG HỢP,2015-02-10,Giấy phép (ABEI),06/GPSĐBS-TTĐT,invalid,https://giayphep.abei.gov.vn/
www.khoidong247.com,TẠP CHÍ HÀN QUỐC,GIẤY PHÉP THIẾT LẬP TRANG THÔNG TIN ĐIỆN TỬ TỔNG HỢP,2015-02-10,Giấy phép (ABEI),06/GPSĐBS-TTĐT,invalid,https://giayphep.abei.gov.vn/
www.khoidong247.net,TẠP CHÍ HÀN QUỐC,GIẤY PHÉP THIẾT LẬP TRANG THÔNG TIN ĐIỆN TỬ TỔNG HỢP,2015-02-10,Giấy phép (ABEI),06/GPSĐBS-TTĐT,invalid,https://giayphep.abei.gov.vn/
khoinghiep.com,Công ty Khai vấn khởi nghiệp,Website - Trang mạng xã hội,,Giấy phép (TVPL PDF),,valid,
khoinghiep.diendandoanhng,Tạp chí Diễn đàn doanh nghiệp,"Website - Báo, tạp chí điện tử",,Giấy phép (TVPL PDF),,valid,
khoinghiep.quangtri.gov.vn,Sở Thông tin và Truyền thông Quảng Trị,Website - Trang TTĐT tổng hợp,,Giấy phép (TVPL PDF),,valid,
khoinghiepsangtao.vn,Sở KH&CN TP.HCM,Website - Trang TTĐT tổng hợp,,Giấy phép (TVPL PDF),,valid,
thehub.vn,TẠP CHÍ KHÁM PHÁ,GIẤY PHÉP THIẾT LẬP TRANG THÔNG TIN ĐIỆN TỬ TỔNG HỢP,2017-02-27,Giấy phép (ABEI),76/GP-TTĐT,invalid,https://giayphep.abei.gov.vn/
www.thehub.vn,SỞ KHOA HỌC VÀ CÔNG NGHỆ THÀNH PHỐ HỒ CHÍ MINH,GIẤY PHÉP THIẾT LẬP TRANG THÔNG TIN ĐIỆN TỬ TỔNG HỢP,2020-11-04,Giấy phép (ABEI),207/GP-TTĐT,valid,https://giayphep.abei.gov.vn/
khoinguyen.sohagame.vn,CÔNG TY TNHH SOHA,QUYẾT ĐỊNH PHÁT HÀNH TRÒ CHƠI ĐIỆN TỬ G1 TRÊN MẠNG,2026-02-06,Giấy phép (ABEI),58/QĐ-PTTH&TTĐT,valid,https://giayphep.abei.gov.vn/
khoinguyen.vplay.vn,CÔNG TY CỔ PHẦN TRUYỀN HÌNH TƯƠNG TÁC VIỆT NAM,QUYẾT ĐỊNH PHÁT HÀNH TRÒ CHƠI ĐIỆN TỬ G1 TRÊN MẠNG,2024-04-26,Giấy phép (ABEI),673/QĐ-BTTTT,invalid,https://giayphep.abei.gov.vn/
khoinguyenkiemsi.vn,CÔNG TY TNHH SOHA,QUYẾT ĐỊNH PHÁT HÀNH TRÒ CHƠI ĐIỆN TỬ G1 TRÊN MẠNG,2024-11-25,Giấy phép (ABEI),2027/QĐ-BTTTT,valid,https://giayphep.abei.gov.vn/
quangtri.gov.vn,SỞ THÔNG TIN VÀ TRUYỀN THÔNG QUẢNG TRỊ,GIẤY PHÉP THIẾT LẬP TRANG THÔNG TIN ĐIỆN TỬ TỔNG HỢP,2019-12-27,Giấy phép (ABEI),246/GP-TTĐT,invalid,https://giayphep.abei.gov.vn/
kht.gosu.vn,CÔNG TY CỔ PHẦN TRỰC TUYẾN GOSU,QUYẾT ĐỊNH PHÁT HÀNH TRÒ CHƠI ĐIỆN TỬ G1 TRÊN MẠNG,2020-05-28,Giấy phép (ABEI),895 /QĐ-BTTTT,valid,https://giayphep.abei.gov.vn/
kht3.vn,CÔNG TY CỔ PHẦN TEPAYLINK ,QUYẾT ĐỊNH PHÁT HÀNH TRÒ CHƠI ĐIỆN TỬ G1 TRÊN MẠNG,2026-07-20,Giấy phép (ABEI),431/QĐ-PTTH&TTĐT,valid,https://giayphep.abei.gov.vn/
khtd.tepaylink.net.vn,CÔNG TY CỔ PHẦN TEPAYLINK ,QUYẾT ĐỊNH PHÁT HÀNH TRÒ CHƠI ĐIỆN TỬ G1 TRÊN MẠNG,2025-04-26,Giấy phép (ABEI),144/QĐ-PTTH&TTĐT,valid,https://giayphep.abei.gov.vn/
khtq.zoneplay.vn,CÔNG TY TNHH GZONE MEDIA VIỆT NAM,QUYẾT ĐỊNH PHÁT HÀNH TRÒ CHƠI ĐIỆN TỬ G1 TRÊN MẠNG,2022-02-25,Giấy phép (ABEI),355/QĐ-BTTTT,valid,https://giayphep.abei.gov.vn/
khucongnghiep.com.vn,TẠP CHÍ KHU CÔNG NGHIỆP VIỆT NAM,GIẤY PHÉP THIẾT LẬP TRANG THÔNG TIN ĐIỆN TỬ TỔNG HỢP,2016-06-30,Giấy phép (ABEI),59/GP-TTĐT,invalid,https://giayphep.abei.gov.vn/
khuongviet.com.vn,Tạp chí Khuông Việt,"Website - Báo, tạp chí điện tử",,Giấy phép (TVPL PDF),,valid,
khuyencongquangninh.net.vn,TRUNG TÂM KHUYẾN CÔNG VÀ TƯ VẤN PHÁT TRIỂN CÔNG NGHIỆP TỈNH QUẢNG NINH,GIẤY PHÉP THIẾT LẬP TRANG THÔNG TIN ĐIỆN TỬ TỔNG HỢP,2013-04-15,Giấy phép (ABEI),45/GP-TTĐT,invalid,https://giayphep.abei.gov.vn/
khuyendaxoa.vn,CÔNG TY TNHH SOHA ,QUYẾT ĐỊNH PHÁT HÀNH TRÒ CHƠI ĐIỆN TỬ G1 TRÊN MẠNG,2021-08-11,Giấy phép (ABEI),1208 /QĐ-BTTTT,valid,https://giayphep.abei.gov.vn/
khuyennong.vn,Công ty TNHH Dịch vụ thông tin và phát triển nội dung DATASHARE,Website - Trang TTĐT tổng hợp,,Giấy phép (TVPL PDF),,valid,
khuyennonghanoi.gov.vn,Trung tâm Khuyến nông Hà Nội,Website - Trang TTĐT tổng hợp,,Giấy phép (TVPL PDF),,valid,
khuyennongtphcm.vn,TRUNG TÂM KHUYÊN NÔNG TP. HỒ CHÍ MINH,Website - Trang TTĐT tổng hợp,,Giấy phép (TVPL PDF),,valid,
khuyennongvn.gov.vn,TRUNG TÂM KHUYẾN NÔNG QUỐC GIA,GIẤY PHÉP THIẾT LẬP TRANG THÔNG TIN ĐIỆN TỬ TỔNG HỢP,2021-03-02,Giấy phép (ABEI),31/GP-TTĐT,valid,https://giayphep.abei.gov.vn/
kideos.vn,Công ty Cổ phần Truyền thông đa phương tiện Hoàng Gia,Website - Trang TTĐT tổng hợp,,Giấy phép (TVPL PDF),,valid,
kidsloopvn.com.vn,CÔNG TY TNHH DIGITAL POWER MEDIA,GIẤY PHÉP CUNG CẤP DỊCH VỤ MẠNG XÃ HỘI,2019-12-10,Giấy phép (ABEI),540/GP-BTTTT,invalid,https://giayphep.abei.gov.vn/
kidsplaza.vn,Công ty TNHH Thương mại và Xuất nhập khẩu Kids Plaza,Website - Trang TTĐT tổng hợp,,Giấy phép (TVPL PDF),,valid,
kiemca.zing.vn,CÔNG TY CỔ PHẦN TẬP ĐOÀN VNG,QUYẾT ĐỊNH PHÁT HÀNH TRÒ CHƠI ĐIỆN TỬ G1 TRÊN MẠNG,2019-12-20,Giấy phép (ABEI),2231 /QĐ-BTTTT,valid,https://giayphep.abei.gov.vn/
kiemdaogiangho.vn,CÔNG TY CỔ PHẦN VTC DỊCH VỤ DI ĐỘNG,QUYẾT ĐỊNH PHÁT HÀNH TRÒ CHƠI ĐIỆN TỬ G1 TRÊN MẠNG,2021-07-30,Giấy phép (ABEI),1124/QĐ-BTTTT,invalid,https://giayphep.abei.gov.vn/
kiemdaophongvan.gamota.com,CÔNG TY CỔ PHẦN GAMOTA,QUYẾT ĐỊNH PHÁT HÀNH TRÒ CHƠI ĐIỆN TỬ G1 TRÊN MẠNG,2017-10-18,Giấy phép (ABEI),1779/QĐ-BTTTT,valid,https://giayphep.abei.gov.vn/
kiemde.fungames.vn,CÔNG TY TNHH TRUYỀN THÔNG FUNFINITY STUDIO ,QUYẾT ĐỊNH PHÁT HÀNH TRÒ CHƠI ĐIỆN TỬ G1 TRÊN MẠNG,2026-02-12,Giấy phép (ABEI),75/QĐ-PTTH&TTĐT,valid,https://giayphep.abei.gov.vn/
kiemde3d.gamota.com,CÔNG TY CỔ PHẦN GAMOTA,QUYẾT ĐỊNH PHÁT HÀNH TRÒ CHƠI ĐIỆN TỬ G1 TRÊN MẠNG,2019-12-25,Giấy phép (ABEI),2253 /QĐ-BTTTT,valid,https://giayphep.abei.gov.vn/
kiemdinhthienha.vn,CÔNG TY CỔ PHẦN CÔNG NGHỆ SỐ TOÀN CẦU,QUYẾT ĐỊNH PHÁT HÀNH TRÒ CHƠI ĐIỆN TỬ G1 TRÊN MẠNG,2019-01-30,Giấy phép (ABEI),117/QĐ-BTTTT,valid,https://giayphep.abei.gov.vn/
kiemdongcuuthien.vn,CÔNG TY CỔ PHẦN VTC DỊCH VỤ DI ĐỘNG,QUYẾT ĐỊNH PHÁT HÀNH TRÒ CHƠI ĐIỆN TỬ G1 TRÊN MẠNG,2018-07-09,Giấy phép (ABEI),1132/QĐ-BTTTT,invalid,https://giayphep.abei.gov.vn/
kiemhiepchess.sohagame.vn,CÔNG TY TNHH SOHA,QUYẾT ĐỊNH PHÁT HÀNH TRÒ CHƠI ĐIỆN TỬ G1 TRÊN MẠNG,2025-03-28,Giấy phép (ABEI),84/QĐ-PTTH&TTĐT,valid,https://giayphep.abei.gov.vn/
kiemhiepgo.vn,CÔNG TY TNHH SOHA,QUYẾT ĐỊNH PHÁT HÀNH TRÒ CHƠI ĐIỆN TỬ G1 TRÊN MẠNG,2021-07-29,Giấy phép (ABEI),113 /QĐ-BTTTT,valid,https://giayphep.abei.gov.vn/
kiemhieptinh.vnggames.com,Công ty TNHH VNGGames ,QUYẾT ĐỊNH PHÁT HÀNH TRÒ CHƠI ĐIỆN TỬ G1 TRÊN MẠNG,2026-07-15,Giấy phép (ABEI),418/QĐ-PTTH&TTĐT,valid,https://giayphep.abei.gov.vn/
kiemhieptinh1.vn,CÔNG TY TNHH MỘT THÀNH VIÊN MEDIA BOX,QUYẾT ĐỊNH PHÁT HÀNH TRÒ CHƠI ĐIỆN TỬ G1 TRÊN MẠNG,2024-05-30,Giấy phép (ABEI),879/QĐ-BTTTT,valid,https://giayphep.abei.gov.vn/
kiemhon.vn,CÔNG TY TNHH DỊCH VỤ PHẦN MỀM BÌNH MINH,QUYẾT ĐỊNH PHÁT HÀNH TRÒ CHƠI ĐIỆN TỬ G1 TRÊN MẠNG,2017-06-19,Giấy phép (ABEI),954/QĐ-BTTTT,invalid,https://giayphep.abei.gov.vn/
kiemhon3d.playfun.vn,CÔNG TY CỔ PHẦN FUNTAP,QUYẾT ĐỊNH PHÁT HÀNH TRÒ CHƠI ĐIỆN TỬ G1 TRÊN MẠNG,2020-04-27,Giấy phép (ABEI),743/QĐ-BTTTT,valid,https://giayphep.abei.gov.vn/
kiemkhach.360mobi.vn,CÔNG TY TNHH TRUYỀN THÔNG MINH PHƯƠNG THỊNH,QUYẾT ĐỊNH PHÁT HÀNH TRÒ CHƠI ĐIỆN TỬ G1 TRÊN MẠNG,2018-03-29,Giấy phép (ABEI),435/QĐ-BTTTT,valid,https://giayphep.abei.gov.vn/
kiemkhach.com.vn,CÔNG TY CỔ PHẦN VTC DỊCH VỤ DI ĐỘNG,QUYẾT ĐỊNH PHÁT HÀNH TRÒ CHƠI ĐIỆN TỬ G1 TRÊN MẠNG,2016-12-14,Giấy phép (ABEI),2223/QĐ-BTTTT,invalid,https://giayphep.abei.gov.vn/
kiemkhach.vn,CÔNG TY CỔ PHẦN VTC DỊCH VỤ DI ĐỘNG,QUYẾT ĐỊNH PHÁT HÀNH TRÒ CHƠI ĐIỆN TỬ G1 TRÊN MẠNG,2020-05-29,Giấy phép (ABEI),913/QĐ-BTTTT,invalid,https://giayphep.abei.gov.vn/
www.kiemkhachcaca.vn,CÔNG TY CỔ PHẦN VTC DỊCH VỤ DI ĐỘNG,QUYẾT ĐỊNH PHÁT HÀNH TRÒ CHƠI ĐIỆN TỬ G1 TRÊN MẠNG,2020-05-29,Giấy phép (ABEI),913/QĐ-BTTTT,invalid,https://giayphep.abei.gov.vn/
kiemkhachphonglang.vgplay.vn,CÔNG TY CỔ PHẦN VGP ,QUYẾT ĐỊNH PHÁT HÀNH TRÒ CHƠI ĐIỆN TỬ G1 TRÊN MẠNG,2025-05-12,Giấy phép (ABEI),177/QĐ-PTTH&TTĐT,valid,https://giayphep.abei.gov.vn/
kiemlamtphcm.gov.vn,Chi cục kiểm lâm TPHCM,Website - Trang TTĐT tổng hợp,,Giấy phép (TVPL PDF),,valid,
kiemlinh.cmn.vn,CÔNG TY CỔ PHẦN TRỰC TUYẾN CMN VIỆT NAM,QUYẾT ĐỊNH PHÁT HÀNH TRÒ CHƠI ĐIỆN TỬ G1 TRÊN MẠNG,2025-11-03,Giấy phép (ABEI),492/QĐ-PTTH&TTĐT,valid,https://giayphep.abei.gov.vn/
kiemlinh.opengame.vn,CÔNG TY TNHH OPENGAME,QUYẾT ĐỊNH PHÁT HÀNH TRÒ CHƠI ĐIỆN TỬ G1 TRÊN MẠNG,2026-04-02,Giấy phép (ABEI),168/QĐ-PTTH&TTĐT,valid,https://giayphep.abei.gov.vn/
kiemlinhh5.talktv.vn,CÔNG TY TNHH NỘI DUNG SỐ NGUYÊN BẢO,QUYẾT ĐỊNH PHÁT HÀNH TRÒ CHƠI ĐIỆN TỬ G1 TRÊN MẠNG,2017-08-15,Giấy phép (ABEI),1352/QĐ-BTTTT,valid,https://giayphep.abei.gov.vn/
kiemma3d.playfinan,CÔNG TY CỔ PHẦN FUNTAP,QUYẾT ĐỊNH PHÁT HÀNH TRÒ CHƠI ĐIỆN TỬ G1 TRÊN MẠNG,2022-05-26,Giấy phép (ABEI),960/QĐ-BTTTT,invalid,https://giayphep.abei.gov.vn/
kiemma3d.playfun.vn,CÔNG TY CỔ PHẦN FUNTAP,QUYẾT ĐỊNH PHÁT HÀNH TRÒ CHƠI ĐIỆN TỬ G1 TRÊN MẠNG,2025-04-01,Giấy phép (ABEI),62 /QĐ-BTTTT,valid,https://giayphep.abei.gov.vn/
kiemma3d.vn,CÔNG TY CỔ PHẦN FUNTAP,QUYẾT ĐỊNH PHÁT HÀNH TRÒ CHƠI ĐIỆN TỬ G1 TRÊN MẠNG,2019-06-25,Giấy phép (ABEI),956/QĐ-BTTTT,invalid,https://giayphep.abei.gov.vn/
kiemnghiemhanoi.vn,"Trung tâm kiểm nghiệm thuốc, mỹ phẩm, thực phẩm Hà Nội",Website - Trang TTĐT tổng hợp,,Giấy phép (TVPL PDF),,valid,
kiemrong.vn,CÔNG TY CỔ PHẦN VTC DỊCH VỤ DI ĐỘNG,QUYẾT ĐỊNH PHÁT HÀNH TRÒ CHƠI ĐIỆN TỬ G1 TRÊN MẠNG,2023-01-31,Giấy phép (ABEI),87/QĐ-BTTTT,invalid,https://giayphep.abei.gov.vn/
kiemsat.vn,TẠP CHÍ KIỂM SÁT,GIẤY PHÉP THIẾT LẬP TRANG THÔNG TIN ĐIỆN TỬ TỔNG HỢP,2016-02-17,Giấy phép (ABEI),12/GP-TTĐT,invalid,https://giayphep.abei.gov.vn/
kiemsat24h.vn,TẠP CHÍ KIỂM SÁT,GIẤY PHÉP CUNG CẤP DỊCH VỤ MẠNG XÃ HỘI,2021-08-31,Giấy phép (ABEI),585/GP-BTTTT,valid,https://giayphep.abei.gov.vn/
kiemthan.vplay.vn,CÔNG TY CỔ PHẦN TRUYỀN HÌNH TƯƠNG TÁC VIỆT NAM,QUYẾT ĐỊNH PHÁT HÀNH TRÒ CHƠI ĐIỆN TỬ G1 TRÊN MẠNG,2025-01-17,Giấy phép (ABEI),51/QĐ-BTTTT,valid,https://giayphep.abei.gov.vn/
kiemthanh.cmn.vn,CÔNG TY CỔ PHẦN TRỰC TUYẾN CMN VIỆT NAM,QUYẾT ĐỊNH PHÁT HÀNH TRÒ CHƠI ĐIỆN TỬ G1 TRÊN MẠNG,2025-05-08,Giấy phép (ABEI),170/QĐ-PTTH&TTĐT,invalid,https://giayphep.abei.gov.vn/
kiemthanh.vn,CÔNG TY CỔ PHẦN TRỰC TUYẾN CMN VIỆT NAM,QUYẾT ĐỊNH PHÁT HÀNH TRÒ CHƠI ĐIỆN TỬ G1 TRÊN MẠNG,2020-08-26,Giấy phép (ABEI),1469/QĐ-BTTTT,invalid,https://giayphep.abei.gov.vn/
kiemthe.adnxgames.vn,CÔNG TY CỔ PHẦN ADNX,QUYẾT ĐỊNH PHÁT HÀNH TRÒ CHƠI ĐIỆN TỬ G1 TRÊN MẠNG,2021-05-18,Giấy phép (ABEI),674/QĐ-BTTTT,invalid,https://giayphep.abei.gov.vn/
kiemthe.vnggames.com,CÔNG TY CỔ PHẦN VNG,QUYẾT ĐỊNH PHÁT HÀNH TRÒ CHƠI ĐIỆN TỬ G1 TRÊN MẠNG,2025-04-04,Giấy phép (ABEI),102/QĐ-PTTH&TTĐT,invalid,https://giayphep.abei.gov.vn/
kiemthetruyenky.vn,CÔNG TY CỔ PHẦN VTC DỊCH VỤ DI ĐỘNG,QUYẾT ĐỊNH PHÁT HÀNH TRÒ CHƠI ĐIỆN TỬ G1 TRÊN MẠNG,2017-05-31,Giấy phép (ABEI),828/QĐ-BTTTT,invalid,https://giayphep.abei.gov.vn/
kiemtien3d.ygame.vn,CÔNG TY CỔ PHẦN GIẢI TRÍ YGAME,QUYẾT ĐỊNH PHÁT HÀNH TRÒ CHƠI ĐIỆN TỬ G1 TRÊN MẠNG,2019-12-05,Giấy phép (ABEI),2117/QĐ-BTTTT,valid,https://giayphep.abei.gov.vn/
kiemtruong.vn,Công ty cổ phần Truyền thông Phan Quang,Website - Trang mạng xã hội,,Giấy phép (TVPL PDF),,valid,
kiemtung.vn,CÔNG TY TNHH SOHA,QUYẾT ĐỊNH PHÁT HÀNH TRÒ CHƠI ĐIỆN TỬ G1 TRÊN MẠNG,2019-09-09,Giấy phép (ABEI),1461/QĐ-BTTTT,valid,https://giayphep.abei.gov.vn/
kiemvaluanhoi.com,CÔNG TY CỔ PHẦN VTC DỊCH VỤ DI ĐỘNG,QUYẾT ĐỊNH PHÁT HÀNH TRÒ CHƠI ĐIỆN TỬ G1 TRÊN MẠNG,2022-01-24,Giấy phép (ABEI),105/QĐ-BTTTT,invalid,https://giayphep.abei.gov.vn/
kiemvu.360game.vn,CÔNG TY CỔ PHẦN VNG,QUYẾT ĐỊNH PHÁT HÀNH TRÒ CHƠI ĐIỆN TỬ G1 TRÊN MẠNG,2016-05-23,Giấy phép (ABEI),842/QĐ-BTTTT,invalid,https://giayphep.abei.gov.vn/
kiemvu.cmn.vn,CÔNG TY CỔ PHẦN TRỰC TUYẾN CMN VIỆT NAM,QUYẾT ĐỊNH PHÁT HÀNH TRÒ CHƠI ĐIỆN TỬ G1 TRÊN MẠNG,2024-01-31,Giấy phép (ABEI),113/QĐ-BTTTT,valid,https://giayphep.abei.gov.vn/
kiemvu.gamota.com,CÔNG TY CỔ PHẦN GAMOTA,QUYẾT ĐỊNH PHÁT HÀNH TRÒ CHƠI ĐIỆN TỬ G1 TRÊN MẠNG,2017-08-16,Giấy phép (ABEI),1366/QĐ-BTTTT,valid,https://giayphep.abei.gov.vn/
kiemvu.playfun.vn,CÔNG TY CỔ PHẦN FUNTAP,QUYẾT ĐỊNH PHÁT HÀNH TRÒ CHƠI ĐIỆN TỬ G1 TRÊN MẠNG,2024-03-15,Giấy phép (ABEI),324/QĐ-BTTTT,invalid,https://giayphep.abei.gov.vn/
kiemvu3d.splay.vn,CÔNG TY CỔ PHẦN VTC DỊCH VỤ DI ĐỘNG,QUYẾT ĐỊNH PHÁT HÀNH TRÒ CHƠI ĐIỆN TỬ G1 TRÊN MẠNG,2018-12-24,Giấy phép (ABEI),2193/QĐ-BTTTT,invalid,https://giayphep.abei.gov.vn/
kiemvuong.adnxgames.vn,CÔNG TY CỔ PHẦN ADNX,QUYẾT ĐỊNH PHÁT HÀNH TRÒ CHƠI ĐIỆN TỬ G1 TRÊN MẠNG,2022-03-11,Giấy phép (ABEI),421/QĐ-BTTTT,valid,https://giayphep.abei.gov.vn/
kiemvuongchimong.vn,CÔNG TY CỔ PHẦN FUNTAP,QUYẾT ĐỊNH PHÁT HÀNH TRÒ CHƠI ĐIỆN TỬ G1 TRÊN MẠNG,2017-06-30,Giấy phép (ABEI),1046/QĐ-BTTTT,valid,https://giayphep.abei.gov.vn/
kiemvuongtruyenky.vn,CÔNG TY CỔ PHẦN FUNTAP,QUYẾT ĐỊNH PHÁT HÀNH TRÒ CHƠI ĐIỆN TỬ G1 TRÊN MẠNG,2019-04-23,Giấy phép (ABEI),626/QĐ-BTTTT,valid,https://giayphep.abei.gov.vn/
kiemvupk.playfun.vn,CÔNG TY CỔ PHẦN FUNTAP,QUYẾT ĐỊNH PHÁT HÀNH TRÒ CHƠI ĐIỆN TỬ G1 TRÊN MẠNG,2024-02-06,Giấy phép (ABEI),157/QĐ-BTTTT,invalid,https://giayphep.abei.gov.vn/
kiengiang.gov.vn,Sở Thông tin và Truyền thông Kiên Giang,Website - Trang TTĐT tổng hợp,,Giấy phép (TVPL PDF),,valid,
kienthuc.net.vn,Báo Tri thức và Cuộc sống,"Website - Báo, tạp chí điện tử",,Giấy phép (TVPL PDF),,valid,
kienthuc.trithuccuocsong.vn,Báo Tri thức và Cuộc sống,"Website - Báo, tạp chí điện tử",,Giấy phép (TVPL PDF),,valid,
kienvuong3q.vn,CÔNG TY TNHH SOHA,QUYẾT ĐỊNH PHÁT HÀNH TRÒ CHƠI ĐIỆN TỬ G1 TRÊN MẠNG,2024-06-04,Giấy phép (ABEI),912/QĐ-BTTTT,valid,https://giayphep.abei.gov.vn/
kieuhoanh3qygame.vn,CÔNG TY CỔ PHẦN GIẢI TRÍ YGAME,QUYẾT ĐỊNH PHÁT HÀNH TRÒ CHƠI ĐIỆN TỬ G1 TRÊN MẠNG,2021-06-09,Giấy phép (ABEI),790/QĐ-BTTTT,valid,https://giayphep.abei.gov.vn/
kilala.vn,CÔNG TY TNHH THƯƠNG MẠI SUNFLOWER,GIẤY PHÉP CUNG CẤP DỊCH VỤ MẠNG XÃ HỘI,2020-10-16,Giấy phép (ABEI),454/GP-BTTTT,valid,https://giayphep.abei.gov.vn/
kimco.vn,CÔNG TY TNHH SOHA,QUYẾT ĐỊNH PHÁT HÀNH TRÒ CHƠI ĐIỆN TỬ G1 TRÊN MẠNG,2019-03-08,Giấy phép (ABEI),266/QĐ-BTTTT,valid,https://giayphep.abei.gov.vn/
kingclub.com,Công ty Cổ phần VTC Dịch vụ Di động,Website - Trang mạng xã hội,,Giấy phép (TVPL PDF),,valid,
kingclub.vn,Công ty Cổ phần VTC Dịch vụ Di động,Website - Trang mạng xã hội,,Giấy phép (TVPL PDF),,valid,
www.kingclub.vn,CÔNG TY CỔ PHẦN VTC DỊCH VỤ DI ĐỘNG,GIẤY PHÉP CUNG CẤP DỊCH VỤ MẠNG XÃ HỘI,2017-02-17,Giấy phép (ABEI),65/GP-BTTTT,valid,https://giayphep.abei.gov.vn/
kingcoin.vtcgame.vn,CÔNG TY VTC CÔNG NGHỆ VÀ NỘI DUNG SỐ,"GIẤY XÁC NHẬN THÔNG BÁO PHÁT HÀNH TRÒ CHƠI ĐIỆN TỬ G2,G3,G4",2021-08-03,Giấy phép (ABEI),139/GXN-PTTH&TTĐT,valid,https://giayphep.abei.gov.vn/
kingday.vn,CÔNG TY VTC CÔNG NGHỆ VÀ NỘI DUNG SỐ,QUYẾT ĐỊNH PHÁT HÀNH TRÒ CHƠI ĐIỆN TỬ G1 TRÊN MẠNG,2017-03-01,Giấy phép (ABEI),225/QĐ-BTTTT,invalid,https://giayphep.abei.gov.vn/
kingofworlds.gamota.com,CÔNG TY CỔ PHẦN GAMOTA,QUYẾT ĐỊNH PHÁT HÀNH TRÒ CHƠI ĐIỆN TỬ G1 TRÊN MẠNG,2021-08-11,Giấy phép (ABEI),1199/QĐ-BTTTT,valid,https://giayphep.abei.gov.vn/
kingschoice.gamota.com,CÔNG TY CỔ PHẦN GAMOTA,QUYẾT ĐỊNH PHÁT HÀNH TRÒ CHƠI ĐIỆN TỬ G1 TRÊN MẠNG,2022-12-20,Giấy phép (ABEI),2352/QĐ-BTTTT,valid,https://giayphep.abei.gov.vn/
kinhdientamquoc.vn,CÔNG TY CỔ PHẦN FUNTAP,QUYẾT ĐỊNH PHÁT HÀNH TRÒ CHƠI ĐIỆN TỬ G1 TRÊN MẠNG,2018-05-15,Giấy phép (ABEI),724/QĐ-BTTTT,valid,https://giayphep.abei.gov.vn/
kinhdoanhbatdongsan.vn,CÔNG TY TNHH VIỆT NAM NOW,Website - Trang TTĐT tổng hợp,,Giấy phép (TVPL PDF),,valid,
kinhdoanhdoisong.vn,Công ty TNHH MTV truyền thông Đông Gia,Website - Trang TTĐT tổng hợp,,Giấy phép (TVPL PDF),,valid,
kinhdoanhhoinhap.vn,HIỆP HỘI BÁN HÀNG ĐA CẤP VIỆT NAM,GIẤY PHÉP CUNG CẤP DỊCH VỤ MẠNG XÃ HỘI,2020-01-21,Giấy phép (ABEI),38/GP-BTTTT,valid,https://giayphep.abei.gov.vn/
kinhdoanhnet.vn,BÁO KINH DOANH VÀ PHÁP LUẬT,GIẤY PHÉP THIẾT LẬP TRANG THÔNG TIN ĐIỆN TỬ TỔNG HỢP,2018-07-19,Giấy phép (ABEI),190/GP-TTĐT,valid,https://giayphep.abei.gov.vn/
kinhdoanhso.vn,Công ty TNHH Thông tin và Dữ liệu IOT,Website - Trang TTĐT tổng hợp,,Giấy phép (TVPL PDF),,valid,
kinhdoanhtieudung.thuonggi,Tạp chí Thương gia,"Website - Báo, tạp chí điện tử",,Giấy phép (TVPL PDF),,valid,
kinhdoanhvabienmau.vn,Tạp chí Kinh doanh và biên mậu Việt Nam,"Website - Báo, tạp chí điện tử",,Giấy phép (TVPL PDF),,valid,
kinhdoanhvagiaoduc.vn,"VIỆN NGHIÊN CỨU, ĐÀO TẠO, ỨNG DỤNG TÂM LÝ KINH DOANH VÀ GIÁO DỤC HỌC ĐƯỜNG",GIẤY PHÉP THIẾT LẬP TRANG THÔNG TIN ĐIỆN TỬ TỔNG HỢP,2022-03-14,Giấy phép (ABEI),21/GP-TTĐT,valid,https://giayphep.abei.gov.vn/
kinhdoanhvatiepthi.vn,TẠP CHÍ KINH DOANH VÀ TIẾP THỊ,GIẤY PHÉP THIẾT LẬP TRANG THÔNG TIN ĐIỆN TỬ TỔNG HỢP,2022-01-14,Giấy phép (ABEI),05/GP-BTTTT,valid,https://giayphep.abei.gov.vn/
kinhte.gov.vn,BAN KINH TẾ TRUNG ƯƠNG,GIẤY PHÉP THIẾT LẬP TRANG THÔNG TIN ĐIỆN TỬ TỔNG HỢP,2013-10-21,Giấy phép (ABEI),139/GP-TTĐT,invalid,https://giayphep.abei.gov.vn/
www.bankinhtetrunguong.dcs.vn,BAN KINH TẾ TRUNG ƯƠNG,GIẤY PHÉP THIẾT LẬP TRANG THÔNG TIN ĐIỆN TỬ TỔNG HỢP,2013-10-21,Giấy phép (ABEI),139/GP-TTĐT,invalid,https://giayphep.abei.gov.vn/
www.kinhtetrunguong.vn,BAN KINH TẾ TRUNG ƯƠNG,GIẤY PHÉP THIẾT LẬP TRANG THÔNG TIN ĐIỆN TỬ TỔNG HỢP,2013-10-21,Giấy phép (ABEI),139/GP-TTĐT,invalid,https://giayphep.abei.gov.vn/
kinhte247.com.vn,Công ty TNHH Carvill Việt Nam,Website - Trang TTĐT tổng hợp,,Giấy phép (TVPL PDF),,valid,
kinhte360.vn,Công ty TNHH Truyền thông và Giải trí Emerald,Website - Trang TTĐT tổng hợp,,Giấy phép (TVPL PDF),,valid,
kinhtebatdongsan.vn,Công ty TNHH Xúc tiến Đầu tư và Tư vấn bất động sản Sài Gòn,Website - Trang TTĐT tổng hợp,,Giấy phép (TVPL PDF),,valid,
kinhtechungkhoan.vn,Tạp chí điện tử Kinh tế Chứng khoán Việt Nam,"Website - Báo, tạp chí điện tử",,Giấy phép (TVPL PDF),,valid,
kinhtecongnghe.vn,VIỆN KINH TẾ CÔNG NGHỆ VIỆT NAM,GIẤY PHÉP THIẾT LẬP TRANG THÔNG TIN ĐIỆN TỬ TỔNG HỢP,2021-06-11,Giấy phép (ABEI),96/GP-TTĐT,valid,https://giayphep.abei.gov.vn/
kinhtediaoc.vn,Công ty TNHH Đầu tư và Tưu vấn Truyền thông Bất động sản Việt Nam,Website - Trang TTĐT tổng hợp,,Giấy phép (TVPL PDF),,valid,
kinhtedoisong.com.vn,Công ty Cổ phần Truyền thông Hạnh Nguyên,Website - Trang TTĐT tổng hợp,,Giấy phép (TVPL PDF),,valid,
kinhtedoisong.vn,CÔNG TY TNHH TRUYỀN THÔNG ECONOMIC LIFE,Website - Trang TTĐT tổng hợp,,Giấy phép (TVPL PDF),,valid,
kinhtedothi.vn,Báo Kinh tế và Đô thị,"Website - Báo, tạp chí điện tử",,Giấy phép (TVPL PDF),,valid,
kinhtedouong.vn,Tạp chí Kinh tế và Đồ uống,"Website - Báo, tạp chí điện tử",,Giấy phép (TVPL PDF),,valid,
kinhtemoi.vn,Công ty TNHH Truyền thông Hiền Long,Website - Trang TTĐT tổng hợp,,Giấy phép (TVPL PDF),,valid,
kinhtemoitruong.vn,TẠP CHÍ KINH TẾ MÔI TRƯỜNG,GIẤY PHÉP THIẾT LẬP TRANG THÔNG TIN ĐIỆN TỬ TỔNG HỢP,2019-10-31,Giấy phép (ABEI),205/GP-TTĐT,invalid,https://giayphep.abei.gov.vn/
kinhtenongthon.vn,Tạp chí Kinh tế nông thôn,"Website - Báo, tạp chí điện tử",,Giấy phép (TVPL PDF),,valid,
kinhteonline.vn,TẠP CHÍ KINH TẾ,GIẤY PHÉP THIẾT LẬP TRANG THÔNG TIN ĐIỆN TỬ TỔNG HỢP,2016-06-30,Giấy phép (ABEI),78/GP-TTĐT,valid,https://giayphep.abei.gov.vn/
kinhteplus.com.vn,Công ty Cổ phần Truyền thông HVL MEDIA,Website - Trang TTĐT tổng hợp,,Giấy phép (TVPL PDF),,valid,
kinhteso.viettimes.vn,Tạp chí điện tử Viettimes,"Website - Báo, tạp chí điện tử",,Giấy phép (TVPL PDF),,valid,
kinhtetapdoan.vn,TẠP CHÍ KINH TẾ TẬP ĐOÀN,GIẤY PHÉP THIẾT LẬP TRANG THÔNG TIN ĐIỆN TỬ TỔNG HỢP,2020-04-29,Giấy phép (ABEI),54/GP-TTĐT,valid,https://giayphep.abei.gov.vn/
kinhtethitruong.vn,Công ty Cổ phần Kinh doanh Truyền thông Thuận Phát,Website - Trang TTĐT tổng hợp,,Giấy phép (TVPL PDF),,valid,
kinhtetrunguong.vn,BAN KINH TẾ TRUNG ƯƠNG,GIẤY PHÉP THIẾT LẬP TRANG THÔNG TIN ĐIỆN TỬ TỔNG HỢP,2024-12-17,Giấy phép (ABEI),309/GP-TTĐT,valid,https://giayphep.abei.gov.vn/
kinhtevadoisong.vn,Công ty TNHH Truyền thông TXT,Website - Trang TTĐT tổng hợp,,Giấy phép (TVPL PDF),,valid,
kinhtevadubao.com.vn,Tạp chí Kinh tế và Dự báo,"Website - Báo, tạp chí điện tử",,Giấy phép (TVPL PDF),,valid,
kinhtevaphapluat.vn,"VIỆN KINH TẾ, PHÁP LUẬT VÀ QUẢN LÝ",GIẤY PHÉP THIẾT LẬP TRANG THÔNG TIN ĐIỆN TỬ TỔNG HỢP,2018-10-10,Giấy phép (ABEI),258/GP-TTĐT,valid,https://giayphep.abei.gov.vn/
kinhtevietnam.vn,Công ty TNHH Dịch vụ và Truyền thông Kinh tế Việt Nam,Website - Trang TTĐT tổng hợp,,Giấy phép (TVPL PDF),,valid,
kinhtexahoi.vn,Công ty Cổ phần đầu tư Đình Khang,Website - Trang TTĐT tổng hợp,,Giấy phép (TVPL PDF),,valid,
kinhtexanh.vn,HỘI KINH TẾ MÔI TRƯỜNG VIỆT NAM,GIẤY PHÉP THIẾT LẬP TRANG THÔNG TIN ĐIỆN TỬ TỔNG HỢP,2020-01-21,Giấy phép (ABEI),07/GP-TTĐT,invalid,https://giayphep.abei.gov.vn/
kinhtexaydung.com,Viện Kinh tế xây dựng – Bộ Xây dựng,Website - Trang TTĐT tổng hợp,,Giấy phép (TVPL PDF),,valid,
kinhtexaydung.gov.vn,Viện Kinh tế xây dựng – Bộ Xây dựng,Website - Trang TTĐT tổng hợp,,Giấy phép (TVPL PDF),,valid,
kinhteyte.com,HỘI KHOA HỌC KINH TẾ Y TẾ VIỆT NAM,GIẤY PHÉP THIẾT LẬP TRANG THÔNG TIN ĐIỆN TỬ TỔNG HỢP,2024-11-19,Giấy phép (ABEI),281/GP-TTĐT,valid,https://giayphep.abei.gov.vn/
kites.vn,CÔNG TY TNHH TRUYỀN THÔNG DREAM FIELD STUDIOS,Website - Trang mạng xã hội,,Giấy phép (TVPL PDF),,valid,
kitesvn.com,CÔNG TY TNHH TRUYỀN THÔNG DREAM FIELD STUDIOS,Website - Trang mạng xã hội,,Giấy phép (TVPL PDF),,valid,
kizi.vn,CÔNG TY CỔ PHẦN PHÁT TRIỂN KIZI,GIẤY PHÉP CUNG CẤP DỊCH VỤ MẠNG XÃ HỘI,2023-01-18,Giấy phép (ABEI),29/GP-BTTTT,valid,https://giayphep.abei.gov.vn/
kk.360game.vn,CÔNG TY CỔ PHẦN VNG,QUYẾT ĐỊNH PHÁT HÀNH TRÒ CHƠI ĐIỆN TỬ G1 TRÊN MẠNG,2018-04-02,Giấy phép (ABEI),454/QĐ-BTTTT,invalid,https://giayphep.abei.gov.vn/
kkgh.1618play.vn,CÔNG TY TNHH 1618PLAY,QUYẾT ĐỊNH PHÁT HÀNH TRÒ CHƠI ĐIỆN TỬ G1 TRÊN MẠNG,2017-03-05,Giấy phép (ABEI),285/QĐ-BTTTT,valid,https://giayphep.abei.gov.vn/
kksoft.vn,CÔNG TY TNHH PHẦN MỀM KKSOFT ,QUYẾT ĐỊNH PHÁT HÀNH TRÒ CHƠI ĐIỆN TỬ G1 TRÊN MẠNG,2026-03-31,Giấy phép (ABEI),157/QĐ-PTTH&TTĐT,valid,https://giayphep.abei.gov.vn/
knah.mobi,CÔNG TY CỔ PHẦN GGO,QUYẾT ĐỊNH PHÁT HÀNH TRÒ CHƠI ĐIỆN TỬ G1 TRÊN MẠNG,2022-04-22,Giấy phép (ABEI),734/QĐ-BTTTT,valid,https://giayphep.abei.gov.vn/
knht.gamota.com,CÔNG TY CỔ PHẦN GAMOTA,QUYẾT ĐỊNH PHÁT HÀNH TRÒ CHƠI ĐIỆN TỬ G1 TRÊN MẠNG,2020-05-28,Giấy phép (ABEI),893/QĐ-BTTTT,valid,https://giayphep.abei.gov.vn/
knmt.vn,CÔNG TY TNHH 1618PLAY,QUYẾT ĐỊNH PHÁT HÀNH TRÒ CHƠI ĐIỆN TỬ G1 TRÊN MẠNG,2018-07-20,Giấy phép (ABEI),1212/QĐ-BTTTT,valid,https://giayphep.abei.gov.vn/
knowledge.vn,Công ty TNHH Knowledge,Website - Trang mạng xã hội,,Giấy phép (TVPL PDF),,valid,
knr.phoenix.com,CÔNG TY TNHH DỊCH VỤ GIẢI TRÍ PHƯỢNG HOÀNG,QUYẾT ĐỊNH PHÁT HÀNH TRÒ CHƠI ĐIỆN TỬ G1 TRÊN MẠNG,2020-12-29,Giấy phép (ABEI),2331 /QĐ-BTTTT,invalid,https://giayphep.abei.gov.vn/
knr.zoneplay.vn,CÔNG TY CỔ PHẦN GZONE MEDIA VIỆT NAM,QUYẾT ĐỊNH PHÁT HÀNH TRÒ CHƠI ĐIỆN TỬ G1 TRÊN MẠNG,2024-06-20,Giấy phép (ABEI),1013 /QĐ-BTTTT,valid,https://giayphep.abei.gov.vn/
kntb.vn,Công ty cổ phần Trái Thị Vàng,Website - Trang TTĐT tổng hợp,,Giấy phép (TVPL PDF),,valid,
kntc.hhgame.vn,CÔNG TY CỔ PHẦN PHÁT TRIỂN CÔNG NGHỆ SỐ HỒNG HÀ,QUYẾT ĐỊNH PHÁT HÀNH TRÒ CHƠI ĐIỆN TỬ G1 TRÊN MẠNG,2020-11-06,Giấy phép (ABEI),1904/QĐ-BTTTT,valid,https://giayphep.abei.gov.vn/
koa.gamota.com,CÔNG TY CỔ PHẦN GAMOTA,QUYẾT ĐỊNH PHÁT HÀNH TRÒ CHƠI ĐIỆN TỬ G1 TRÊN MẠNG,2020-04-15,Giấy phép (ABEI),545/QĐ-BTTTT,valid,https://giayphep.abei.gov.vn/
kof.vn,CÔNG TY CỔ PHẦN SOLAPLAY,QUYẾT ĐỊNH PHÁT HÀNH TRÒ CHƠI ĐIỆN TỬ G1 TRÊN MẠNG,2025-12-31,Giấy phép (ABEI),597/QĐ-PTTH&TTĐT,valid,https://giayphep.abei.gov.vn/
kofasvng.com,CÔNG TY TNHH TRUYỀN THÔNG MINH PHƯƠNG THỊNH,QUYẾT ĐỊNH PHÁT HÀNH TRÒ CHƠI ĐIỆN TỬ G1 TRÊN MẠNG,2020-04-29,Giấy phép (ABEI),755/QĐ-BTTTT,valid,https://giayphep.abei.gov.vn/
komtum.gov.vn,SỞ THÔNG TIN VÀ TRUYỀN THÔNG KON TUM,GIẤY PHÉP THIẾT LẬP TRANG THÔNG TIN ĐIỆN TỬ TỔNG HỢP,2013-08-13,Giấy phép (ABEI),111/GP-TTĐT,invalid,https://giayphep.abei.gov.vn/
kon.vnggames.com,CÔNG TY CỔ PHẦN TẬP ĐOÀN VNG,QUYẾT ĐỊNH PHÁT HÀNH TRÒ CHƠI ĐIỆN TỬ G1 TRÊN MẠNG,2022-06-02,Giấy phép (ABEI),1023 /QĐ-BTTT,valid,https://giayphep.abei.gov.vn/
kontumtv.vn,ĐÀI PHÁT THANH - TRUYỀN HÌNH KON TUM,GIẤY PHÉP THIẾT LẬP TRANG THÔNG TIN ĐIỆN TỬ TỔNG HỢP,2018-05-25,Giấy phép (ABEI),138/GP-TTĐT,invalid,https://giayphep.abei.gov.vn/
krt.com.vn,Đài Phát thanh và Truyền hình Kon Tum,Website - Trang TTĐT tổng hợp,,Giấy phép (TVPL PDF),,valid,
www.krt.com.vn,ĐÀI PHÁT THANH VÀ TRUYỀN HÌNH KON TUM,GIẤY PHÉP THIẾT LẬP TRANG THÔNG TIN ĐIỆN TỬ TỔNG HỢP,2020-12-31,Giấy phép (ABEI),250/GP-TTĐT,valid,https://giayphep.abei.gov.vn/
kpopnews.vn,Công ty TNHH Thương mại Dịch vụ Truyền thông và Giải trí Handplus,Website - Trang TTĐT tổng hợp,,Giấy phép (TVPL PDF),,valid,
krav.vn,TẠP CHÍ HÀN QUỐC,GIẤY PHÉP THIẾT LẬP TRANG THÔNG TIN ĐIỆN TỬ TỔNG HỢP,2023-05-09,Giấy phép (ABEI),61/GP-TTĐT,invalid,https://giayphep.abei.gov.vn/
krr.playfun.vn,CÔNG TY CỔ PHẦN FUNTAP,QUYẾT ĐỊNH PHÁT HÀNH TRÒ CHƠI ĐIỆN TỬ G1 TRÊN MẠNG,2020-10-22,Giấy phép (ABEI),1780 /QĐ-BTTTT,valid,https://giayphep.abei.gov.vn/
kt.esgame.com.vn,CÔNG TY CỔ PHẦN ĐẦU TƯ & CÔNG NGHỆ MCORP,QUYẾT ĐỊNH PHÁT HÀNH TRÒ CHƠI ĐIỆN TỬ G1 TRÊN MẠNG,2021-03-15,Giấy phép (ABEI),307/QĐ-BTTTT,invalid,https://giayphep.abei.gov.vn/
ktdn.vn,CÔNG TY CỔ PHẦN ĐẦU ACM HOLDINGS,GIẤY PHÉP CUNG CẤP DỊCH VỤ MẠNG XÃ HỘI,2023-05-23,Giấy phép (ABEI),183/GP-BTTTT,valid,https://giayphep.abei.gov.vn/
ktds.vn,Công ty TNHH Không gian sống MEDIA,Website - Trang TTĐT tổng hợp,,Giấy phép (TVPL PDF),,valid,
ktegdxh.net,TẠP CHÍ KINH TẾ - CÔNG NGHIỆP,GIẤY PHÉP THIẾT LẬP TRANG THÔNG TIN ĐIỆN TỬ TỔNG HỢP,2015-05-21,Giấy phép (ABEI),49/GP-TTĐT,invalid,https://giayphep.abei.gov.vn/
kthn.vn,Công ty cổ phần Văn hóa Thể thao & Truyền thông VN Media,Website - Trang mạng xã hội,,Giấy phép (TVPL PDF),,valid,
ktm.zing.vn,CÔNG TY CỔ PHẦN VNG,QUYẾT ĐỊNH PHÁT HÀNH TRÒ CHƠI ĐIỆN TỬ G1 TRÊN MẠNG,2018-11-02,Giấy phép (ABEI),1767/QĐ-BTTTT,invalid,https://giayphep.abei.gov.vn/
kto.sky.vn,CÔNG TY CỔ PHẦN SKYWAY,QUYẾT ĐỊNH PHÁT HÀNH TRÒ CHƠI ĐIỆN TỬ G1 TRÊN MẠNG,2024-06-05,Giấy phép (ABEI),918/QĐ-BTTTT,invalid,https://giayphep.abei.gov.vn/
kto.vnggames.com,CÔNG TY CỔ PHẦN TẬP ĐOÀN VNG,QUYẾT ĐỊNH PHÁT HÀNH TRÒ CHƠI ĐIỆN TỬ G1 TRÊN MẠNG,2025-12-02,Giấy phép (ABEI),533/QĐ-PTTH&TTĐT,valid,https://giayphep.abei.gov.vn/
ktpt.edu.vn,Tạp chí Kinh tế và Phát triển,"Website - Báo, tạp chí điện tử",,Giấy phép (TVPL PDF),,valid,
ktsdesgroup.com.vn,CÔNG TY CỔ PHẦN CÔNG NGHỆ PHÁT TRIỂN QUỐC TẾ KTS DES GROUP,GIẤY PHÉP CUNG CẤP DỊCH VỤ MẠNG XÃ HỘI,2023-02-13,Giấy phép (ABEI),58/GP-BTTTT,valid,https://giayphep.abei.gov.vn/
ktsvn.com.vn,Công ty Công nghệ mới Phát triển Quốc tế KTS,Website - Trang mạng xã hội,,Giấy phép (TVPL PDF),,valid,
kttvqg.gov.vn,Trung tâm khí tượng thủy văn quốc gia,Website - Trang TTĐT tổng hợp,,Giấy phép (TVPL PDF),,valid,
nhms.gov.vn,Trung tâm khí tượng thủy văn quốc gia,Website - Trang TTĐT tổng hợp,,Giấy phép (TVPL PDF),,valid,
www.nchmf.gov.vn,TRUNG TÂM KHÍ TƯỢNG THỦY VĂN QUỐC GIA,GIẤY PHÉP THIẾT LẬP TRANG THÔNG TIN ĐIỆN TỬ TỔNG HỢP,2015-09-11,Giấy phép (ABEI),137/GP-TTĐT,invalid,https://giayphep.abei.gov.vn/
ktv.org.vn,ĐÀI PHÁT THANH - TRUYỀN HÌNH KHÁNH HÒA,GIẤY PHÉP THIẾT LẬP TRANG THÔNG TIN ĐIỆN TỬ TỔNG HỢP,2018-09-28,Giấy phép (ABEI),250/GP-TTĐT,valid,https://giayphep.abei.gov.vn/
ktvn.vn,CÔNG TY TNHH THƯƠNG MẠI DỊCH VỤ ĐẦU TƯ THẮNG LỢI,GIẤY PHÉP CUNG CẤP DỊCH VỤ MẠNG XÃ HỘI,2020-04-07,Giấy phép (ABEI),151/GP-BTTTT,valid,https://giayphep.abei.gov.vn/
ktxh.com.vn,CÔNG TY TNHH TRUYỀN THÔNG TXT,GIẤY PHÉP CUNG CẤP DỊCH VỤ MẠNG XÃ HỘI,2020-05-04,Giấy phép (ABEI),189/GP-BTTTT,valid,https://giayphep.abei.gov.vn/
kul.vn,CÔNG TY CỔ PHẦN TRỰC TUYẾN CMN VIỆT NAM ,QUYẾT ĐỊNH PHÁT HÀNH TRÒ CHƠI ĐIỆN TỬ G1 TRÊN MẠNG,2023-06-07,Giấy phép (ABEI),987 /QĐ-BTTTT,valid,https://giayphep.abei.gov.vn/
kv1.adnxgames.vn,CÔNG TY CỔ PHẦN ADNX,QUYẾT ĐỊNH PHÁT HÀNH TRÒ CHƠI ĐIỆN TỬ G1 TRÊN MẠNG,2022-10-28,Giấy phép (ABEI),1963/QĐ-BTTTT,valid,https://giayphep.abei.gov.vn/
kvhb.vtcgame.vn,CÔNG TY VTC CÔNG NGHỆ VÀ NỘI DUNG SỐ,"GIẤY XÁC NHẬN THÔNG BÁO PHÁT HÀNH TRÒ CHƠI ĐIỆN TỬ G2,G3,G4",2021-05-17,Giấy phép (ABEI),79/GXN-PTTH&TTĐT,valid,https://giayphep.abei.gov.vn/
kvl.weplayz.com,CÔNG TY TNHH PHẦN MỀM WEPLAY,QUYẾT ĐỊNH PHÁT HÀNH TRÒ CHƠI ĐIỆN TỬ G1 TRÊN MẠNG,2025-12-30,Giấy phép (ABEI),584/QĐ-PTTH&TTĐT,valid,https://giayphep.abei.gov.vn/
kvliving.vn,Công ty Cổ phần Truyền thông VIC Việt - Hàn,Website - Trang TTĐT tổng hợp,,Giấy phép (TVPL PDF),,valid,
kvsh.broga.vn,Công ty Cổ phần Broga ,QUYẾT ĐỊNH PHÁT HÀNH TRÒ CHƠI ĐIỆN TỬ G1 TRÊN MẠNG,2026-02-03,Giấy phép (ABEI),45/QĐ-PTTH&TTĐT,valid,https://giayphep.abei.gov.vn/
kvtm.vn,CÔNG TY CỔ PHẦN VNG,QUYẾT ĐỊNH PHÁT HÀNH TRÒ CHƠI ĐIỆN TỬ G1 TRÊN MẠNG,2025-05-28,Giấy phép (ABEI),204/QĐ-PTTH&TTĐT,invalid,https://giayphep.abei.gov.vn/
kvtm.zingplay.com,CÔNG TY TNHH ZINGPLAY VIỆT NAM,QUYẾT ĐỊNH PHÁT HÀNH TRÒ CHƠI ĐIỆN TỬ G1 TRÊN MẠNG,2026-04-14,Giấy phép (ABEI),190 /QĐ-PTTH&TTĐT,valid,https://giayphep.abei.gov.vn/
kylangames.vn,CÔNG TY TNHH GIẢI TRÍ KỲ LÂN,QUYẾT ĐỊNH PHÁT HÀNH TRÒ CHƠI ĐIỆN TỬ G1 TRÊN MẠNG,2021-01-22,Giấy phép (ABEI),81/QĐ-BTTTT,valid,https://giayphep.abei.gov.vn/
kyluc.vn,HỘI KỶ LỤC GIA VIỆT NAM,GIẤY PHÉP THIẾT LẬP TRANG THÔNG TIN ĐIỆN TỬ TỔNG HỢP,2018-10-16,Giấy phép (ABEI),270/GP-TTĐT,valid,https://giayphep.abei.gov.vn/
kynangsinhton.vn,Công ty Cổ phần DTGROUP Toàn cầu,Website - Trang TTĐT tổng hợp,,Giấy phép (TVPL PDF),,valid,
kynguyeicarus.vn,CÔNG TY TNHH TRUYỀN THÔNG HNXSOFT,QUYẾT ĐỊNH PHÁT HÀNH TRÒ CHƠI ĐIỆN TỬ G1 TRÊN MẠNG,2025-02-18,Giấy phép (ABEI),31/QĐ-PTTH&TTĐT,valid,https://giayphep.abei.gov.vn/
kynguyenafk.vn,CÔNG TY TNHH SOHA,QUYẾT ĐỊNH PHÁT HÀNH TRÒ CHƠI ĐIỆN TỬ G1 TRÊN MẠNG,2023-10-13,Giấy phép (ABEI),1980/QĐ-BTTTT,valid,https://giayphep.abei.gov.vn/
kynguyenhaitac.vn,CÔNG TY CỔ PHẦN GIẢI TRÍ 568E,QUYẾT ĐỊNH PHÁT HÀNH TRÒ CHƠI ĐIỆN TỬ G1 TRÊN MẠNG,2025-06-20,Giấy phép (ABEI),271/QĐ-PTTH&TTĐT,valid,https://giayphep.abei.gov.vn/
kynguyenhoanmy.vn,Công ty cổ phần Truyền thông Thế giới Đẹp,Website - Trang mạng xã hội,,Giấy phép (TVPL PDF),,valid,
kynguyenz.gtvonline.net,CÔNG TY CỔ PHẦN CÔNG NGHỆ GTV VIỆT NAM,QUYẾT ĐỊNH PHÁT HÀNH TRÒ CHƠI ĐIỆN TỬ G1 TRÊN MẠNG,2020-09-23,Giấy phép (ABEI),1626/QĐ-BTTTT,valid,https://giayphep.abei.gov.vn/
kynuboangcung2.playfun.vn,CÔNG TY CỔ PHẦN FUNTAP,QUYẾT ĐỊNH PHÁT HÀNH TRÒ CHƠI ĐIỆN TỬ G1 TRÊN MẠNG,2024-02-02,Giấy phép (ABEI),127/QĐ-BTTTT,valid,https://giayphep.abei.gov.vn/
kynuhoangcung.playfun.vn,CÔNG TY CỔ PHẦN FUNTAP,QUYẾT ĐỊNH PHÁT HÀNH TRÒ CHƠI ĐIỆN TỬ G1 TRÊN MẠNG,2020-12-04,Giấy phép (ABEI),2136/QĐ-BTTTT,valid,https://giayphep.abei.gov.vn/
kysirong.vn,CÔNG TY CỔ PHẦN VCCORP,QUYẾT ĐỊNH PHÁT HÀNH TRÒ CHƠI ĐIỆN TỬ G1 TRÊN MẠNG,2017-10-10,Giấy phép (ABEI),1689/QĐ-BTTTT,invalid,https://giayphep.abei.gov.vn/
kyvuong.mobi,CÔNG TY CỔ PHẦN VGP,QUYẾT ĐỊNH PHÁT HÀNH TRÒ CHƠI ĐIỆN TỬ G1 TRÊN MẠNG,2018-06-07,Giấy phép (ABEI),880/QĐ-BTTTT,valid,https://giayphep.abei.gov.vn/
l9asia.onstove.vn,CÔNG TY CỔ PHẦN VTC TRUYỀN THÔNG TRỰC TUYẾN,QUYẾT ĐỊNH PHÁT HÀNH TRÒ CHƠI ĐIỆN TỬ G1 TRÊN MẠNG,2026-05-06,Giấy phép (ABEI),235 /QĐ-PTTH&TTĐT,valid,https://giayphep.abei.gov.vn/
la34.com.vn,Đài Phát thanh và truyền hình Long An,Website - Trang TTĐT tổng hợp,,Giấy phép (TVPL PDF),,valid,
labambi.vn,CÔNG TY CỔ PHẦN TRUYỀN THÔNG TƯ VẤN VÀ THƯƠNG MẠI LABAMBI,GIẤY PHÉP CUNG CẤP DỊCH VỤ MẠNG XÃ HỘI,2019-05-21,Giấy phép (ABEI),191/GP-BTTTT,valid,https://giayphep.abei.gov.vn/
lacanhphongthan.sohagame.vn,CÔNG TY TNHH SOHA ,QUYẾT ĐỊNH PHÁT HÀNH TRÒ CHƠI ĐIỆN TỬ G1 TRÊN MẠNG,2026-07-03,Giấy phép (ABEI),389/QĐ-PTTH&TTĐT,valid,https://giayphep.abei.gov.vn/
lacthan.gosu.vn,CÔNG TY CỔ PHẦN TRỰC TUYẾN GOSU,QUYẾT ĐỊNH PHÁT HÀNH TRÒ CHƠI ĐIỆN TỬ G1 TRÊN MẠNG,2025-09-16,Giấy phép (ABEI),396/QĐ-PTTH&TTĐT,valid,https://giayphep.abei.gov.vn/
lag.com.vn,CÔNG TY CỔ PHẦN WHITE SHARK,GIẤY PHÉP CUNG CẤP DỊCH VỤ MẠNG XÃ HỘI,2021-06-10,Giấy phép (ABEI),345/GP-BTTTT,invalid,https://giayphep.abei.gov.vn/
www.lag.vn,CÔNG TY CỔ PHẦN WHITE SHARK,GIẤY PHÉP CUNG CẤP DỊCH VỤ MẠNG XÃ HỘI,2022-12-02,Giấy phép (ABEI),572/GP-BTTTT,valid,https://giayphep.abei.gov.vn/
lalaland.splay.vn,CÔNG TY CỔ PHẦN VTC DỊCH VỤ DI ĐỘNG,QUYẾT ĐỊNH PHÁT HÀNH TRÒ CHƠI ĐIỆN TỬ G1 TRÊN MẠNG,2023-06-30,Giấy phép (ABEI),1182/QĐ-BTTTT,invalid,https://giayphep.abei.gov.vn/
lalatv.vn,Công ty Cổ phần truyền thông và giải trí Hồng Ân,Website - Trang mạng xã hội,,Giấy phép (TVPL PDF),,valid,
lambao.com.vn,Tạp chí Người làm báo,"Website - Báo, tạp chí điện tử",,Giấy phép (TVPL PDF),,valid,
lamchame.com,Công ty TNHH Hiệp Đồng,Website - Trang mạng xã hội,,Giấy phép (TVPL PDF),,valid,
lamchame.vn,Công ty Cổ phần Giải trí và Truyền thông Digi One,Website - Trang TTĐT tổng hợp,,Giấy phép (TVPL PDF),,valid,
lamgiau.laodongthudo.vn,Báo Lao động thủ đô (Báo điện tử Lao động thủ đô),"Website - Báo, tạp chí điện tử",,Giấy phép (TVPL PDF),,valid,
lamgiautrithuc.com.vn,Công ty Cổ phần Truyền thông Giải trí Kết Nối Việt,Website - Trang TTĐT tổng hợp,,Giấy phép (TVPL PDF),,valid,
lamnghiep.nongnghiep.vn,Báo Nông nghiệp Việt Nam,"Website - Báo, tạp chí điện tử",,Giấy phép (TVPL PDF),,valid,
lamnghiep.vn,CÔNG TY TNHH PHÁT TRIỂN THƯƠNG MẠI TRUYỀN THÔNG BTE,GIẤY PHÉP CUNG CẤP DỊCH VỤ MẠNG XÃ HỘI,2021-02-02,Giấy phép (ABEI),81/GP-BTTTT,valid,https://giayphep.abei.gov.vn/
landindex.vn,Công ty TNHH phát triển thương mại và truyền thông Bình Minh,Website - Trang TTĐT tổng hợp,,Giấy phép (TVPL PDF),,valid,
landinfo.vn,Công ty TNHH phát triển thương mại truyền thông BTE,Website - Trang TTĐT tổng hợp,,Giấy phép (TVPL PDF),,valid,
landnet.vn,Công ty Cổ phần dịch vụ Truyền thông bất động sản Việt Nam,Website - Trang TTĐT tổng hợp,,Giấy phép (TVPL PDF),,valid,
landofempires.hhgame.vn,CÔNG TY CỔ PHẦN PHÁT TRIỂN CÔNG NGHỆ SỐ HỒNG HÀ,QUYẾT ĐỊNH PHÁT HÀNH TRÒ CHƠI ĐIỆN TỬ G1 TRÊN MẠNG,2022-10-26,Giấy phép (ABEI),1951/QĐ-BTTTT,invalid,https://giayphep.abei.gov.vn/
langcadaichien.vn,CÔNG TY CỔ PHẦN FUNTAP,QUYẾT ĐỊNH PHÁT HÀNH TRÒ CHƠI ĐIỆN TỬ G1 TRÊN MẠNG,2025-01-17,Giấy phép (ABEI),52/QĐ-BTTTT,valid,https://giayphep.abei.gov.vn/
langcuoi.datviet.vn,Báo Nông thôn ngày nay,"Website - Báo, tạp chí điện tử",,Giấy phép (TVPL PDF),,valid,
langcuoi.net.vn,CÔNG TY CỔ PHẦN GIẢI PHÁP CÔNG NGHỆ VẠN GIA HƯNG,GIẤY PHÉP CUNG CẤP DỊCH VỤ MẠNG XÃ HỘI,2019-12-16,Giấy phép (ABEI),552/GP-BTTTT,valid,https://giayphep.abei.gov.vn/
langhaitac.funnysoft.net,CÔNG TY TNHH FUNNY SOFT,QUYẾT ĐỊNH PHÁT HÀNH TRÒ CHƠI ĐIỆN TỬ G1 TRÊN MẠNG,2025-04-23,Giấy phép (ABEI),137/QĐ-PTTH&TTĐT,valid,https://giayphep.abei.gov.vn/
langkhach.com.vn,CÔNG TY CỔ PHẦN CÔNG NGHỆ MOBI-GAME,QUYẾT ĐỊNH PHÁT HÀNH TRÒ CHƠI ĐIỆN TỬ G1 TRÊN MẠNG,2020-09-03,Giấy phép (ABEI),1503/QĐ-BTTTT,valid,https://giayphep.abei.gov.vn/
langkhachhanh.vn,CÔNG TY CỔ PHẦN VTC DỊCH VỤ DI ĐỘNG,QUYẾT ĐỊNH PHÁT HÀNH TRÒ CHƠI ĐIỆN TỬ G1 TRÊN MẠNG,2022-01-21,Giấy phép (ABEI),84/QĐ-BTTTT,invalid,https://giayphep.abei.gov.vn/
langla.vn,CÔNG TY CỔ PHẦN VCCORP,QUYẾT ĐỊNH PHÁT HÀNH TRÒ CHƠI ĐIỆN TỬ G1 TRÊN MẠNG,2018-08-27,Giấy phép (ABEI),1409/QĐ-BTTTT,invalid,https://giayphep.abei.gov.vn/
langmoi.vn,Tạp chí Nông thôn mới,"Website - Báo, tạp chí điện tử",,Giấy phép (TVPL PDF),,valid,
langngheviet.com.vn,THỜI BÁO LÀNG NGHỀ VIỆT,GIẤY PHÉP THIẾT LẬP TRANG THÔNG TIN ĐIỆN TỬ TỔNG HỢP,2013-11-28,Giấy phép (ABEI),143/GP-TTĐT,invalid,https://giayphep.abei.gov.vn/
langnhangia.vn,CÔNG TY CỔ PHẦN ACE GAME,QUYẾT ĐỊNH PHÁT HÀNH TRÒ CHƠI ĐIỆN TỬ G1 TRÊN MẠNG,2024-07-02,Giấy phép (ABEI),1114/QĐ-BTTTT,valid,https://giayphep.abei.gov.vn/
langsao.vn,Công ty TNHH Đầu tư và Phát triển Thương mại Gia Huy,Website - Trang TTĐT tổng hợp,,Giấy phép (TVPL PDF),,valid,
langson.gov.vn,SỞ THÔNG TIN VÀ TRUYỀN THÔNG LẠNG SƠN,GIẤY PHÉP THIẾT LẬP TRANG THÔNG TIN ĐIỆN TỬ TỔNG HỢP,2015-03-12,Giấy phép (ABEI),20/GP-TTĐT,invalid,https://giayphep.abei.gov.vn/
langsontrade.vn,TRUNG TÂM XÚC TIẾN THƯƠNG MẠI LẠNG SƠN,GIẤY PHÉP THIẾT LẬP TRANG THÔNG TIN ĐIỆN TỬ TỔNG HỢP,2013-03-14,Giấy phép (ABEI),24/GP-TTĐT,invalid,https://giayphep.abei.gov.vn/
langsontv.vn,ĐÀI PHÁT THANH VÀ TRUYỀN HÌNH LẠNG SƠN,GIẤY PHÉP THIẾT LẬP TRANG THÔNG TIN ĐIỆN TỬ TỔNG HỢP,2021-07-28,Giấy phép (ABEI),131/GP-TTĐT,valid,https://giayphep.abei.gov.vn/
langtuccau.com.vn,CÔNG TY TNHH MTV GENPRESS ,GIẤY PHÉP CUNG CẤP DỊCH VỤ MẠNG XÃ HỘI,2024-12-04,Giấy phép (ABEI),365/GP-BTTTT,valid,https://giayphep.abei.gov.vn/
www.langtuccau.com,CÔNG TY TNHH MTV GENPRESS,GIẤY PHÉP CUNG CẤP DỊCH VỤ MẠNG XÃ HỘI,2023-02-15,Giấy phép (ABEI),61/GP-BTTTT,invalid,https://giayphep.abei.gov.vn/
www.thethao247.vn,CÔNG TY TNHH MTV GENPRESS ,GIẤY PHÉP CUNG CẤP DỊCH VỤ MẠNG XÃ HỘI,2024-12-04,Giấy phép (ABEI),365/GP-BTTTT,valid,https://giayphep.abei.gov.vn/
langtukiem.vn,CÔNG TY TNHH SOHA,QUYẾT ĐỊNH PHÁT HÀNH TRÒ CHƠI ĐIỆN TỬ G1 TRÊN MẠNG,2019-11-20,Giấy phép (ABEI),1972 /QĐ-BTTTT,valid,https://giayphep.abei.gov.vn/
langvan.vgplay.vn,CÔNG TY CỔ PHẦN VGP,QUYẾT ĐỊNH PHÁT HÀNH TRÒ CHƠI ĐIỆN TỬ G1 TRÊN MẠNG,2024-03-26,Giấy phép (ABEI),384/QĐ-BTTTT,invalid,https://giayphep.abei.gov.vn/
langviet.vn,Công ty TNHH Truyền thông Helios,Website - Trang TTĐT tổng hợp,,Giấy phép (TVPL PDF),,valid,
lanhdiachien.vn,CÔNG TY CỔ PHẦN TRỰC TUYẾN DUO,QUYẾT ĐỊNH PHÁT HÀNH TRÒ CHƠI ĐIỆN TỬ G1 TRÊN MẠNG,2024-08-30,Giấy phép (ABEI),1469/QĐ-BTTTT,valid,https://giayphep.abei.gov.vn/
lanhmanh.vn,Công ty Cổ phần Truyền thông Greenlife,Website - Trang mạng xã hội,,Giấy phép (TVPL PDF),,valid,
lanlangvuong.vn,CÔNG TY CỔ PHẦN XTV,QUYẾT ĐỊNH PHÁT HÀNH TRÒ CHƠI ĐIỆN TỬ G1 TRÊN MẠNG,2019-09-30,Giấy phép (ABEI),1582/QĐ-BTTTT,invalid,https://giayphep.abei.gov.vn/
lao.tapchicongsan.org.vn,Tạp chí Cộng sản,"Website - Báo, tạp chí điện tử",,Giấy phép (TVPL PDF),,valid,
laocaitv.vn,ĐÀI PHÁT THANH VÀ TRUYỀN HÌNH LÀO CAI,GIẤY PHÉP THIẾT LẬP TRANG THÔNG TIN ĐIỆN TỬ TỔNG HỢP,2019-01-15,Giấy phép (ABEI),13/GP-TTĐT,valid,https://giayphep.abei.gov.vn/
laodong.vn,Báo Lao động,"Website - Báo, tạp chí điện tử",,Giấy phép (TVPL PDF),,valid,
laodongcongdoan.vn,Tạp chí Lao động và Công đoàn,"Website - Báo, tạp chí điện tử",,Giấy phép (TVPL PDF),,valid,
laodongmt.vn,Báo Lao động,"Website - Báo, tạp chí điện tử",,Giấy phép (TVPL PDF),,valid,
laodongnghean.vn,BÁO LAO ĐỘNG NGHỆ AN,GIẤY PHÉP THIẾT LẬP TRANG THÔNG TIN ĐIỆN TỬ TỔNG HỢP,2016-12-06,Giấy phép (ABEI),241/GP-TTĐT,valid,https://giayphep.abei.gov.vn/
laodongtre.laodong.vn,Báo Lao động,"Website - Báo, tạp chí điện tử",,Giấy phép (TVPL PDF),,valid,
laodongvaphapluat.laodongt,Báo Lao động thủ đô (Báo điện tử Lao động thủ đô),"Website - Báo, tạp chí điện tử",,Giấy phép (TVPL PDF),,valid,
laodongxahoi.net,Tạp chí Lao động và xã hội,"Website - Báo, tạp chí điện tử",,Giấy phép (TVPL PDF),,valid,
laodongxanha.net.vn,TRUNG TÂM PHÁT TRIỂN VÀ HỘI NHẬP (CDI),GIẤY PHÉP THIẾT LẬP TRANG THÔNG TIN ĐIỆN TỬ TỔNG HỢP,2020-01-21,Giấy phép (ABEI),05/GP-TTĐT,valid,https://giayphep.abei.gov.vn/
laogialoccoc.vn,CÔNG TY CỔ PHẦN FUNTAP,QUYẾT ĐỊNH PHÁT HÀNH TRÒ CHƠI ĐIỆN TỬ G1 TRÊN MẠNG,2019-08-12,Giấy phép (ABEI),1270/QĐ-BTTTT,invalid,https://giayphep.abei.gov.vn/
laplace.vtcgame.vn,CÔNG TY VTC CÔNG NGHỆ VÀ NỘI DUNG SỐ,QUYẾT ĐỊNH PHÁT HÀNH TRÒ CHƠI ĐIỆN TỬ G1 TRÊN MẠNG,2019-08-16,Giấy phép (ABEI),1338/QĐ-BTTTT,invalid,https://giayphep.abei.gov.vn/
lapphap.com,Tạp chí Nghiên cứu lập pháp,Website - Trang TTĐT tổng hợp,,Giấy phép (TVPL PDF),,valid,
lapphap.com.vn,Tạp chí Nghiên cứu lập pháp,Website - Trang TTĐT tổng hợp,,Giấy phép (TVPL PDF),,valid,
lapphap.vn,Tạp chí Nghiên cứu lập pháp,Website - Trang TTĐT tổng hợp,,Giấy phép (TVPL PDF),,valid,
largeer.vn,CÔNG TY TNHH CÔNG NGHỆ TRUYỀN THÔNG EXPLUS,GIẤY PHÉP CUNG CẤP DỊCH VỤ MẠNG XÃ HỘI,2019-10-30,Giấy phép (ABEI),467/GP-BTTTT,valid,https://giayphep.abei.gov.vn/
lastfortress.gamota.com,CÔNG TY CỔ PHẦN GAMOTA,QUYẾT ĐỊNH PHÁT HÀNH TRÒ CHƠI ĐIỆN TỬ G1 TRÊN MẠNG,2024-03-12,Giấy phép (ABEI),302/QĐ-BTTTT,valid,https://giayphep.abei.gov.vn/
lastfortress.hhgame.vn,CÔNG TY CỔ PHẦN PHÁT TRIỂN CÔNG NGHỆ SỐ HỒNG HÀ,QUYẾT ĐỊNH PHÁT HÀNH TRÒ CHƠI ĐIỆN TỬ G1 TRÊN MẠNG,2022-08-29,Giấy phép (ABEI),1625/QĐ-BTTTT,valid,https://giayphep.abei.gov.vn/
lastwar.hhgame.vn,CÔNG TY CỔ PHẦN PHÁT TRIỂN CÔNG NGHỆ SỐ HỒNG HÀ,QUYẾT ĐỊNH PHÁT HÀNH TRÒ CHƠI ĐIỆN TỬ G1 TRÊN MẠNG,2024-12-03,Giấy phép (ABEI),2106/QD-BTTTT,valid,https://giayphep.abei.gov.vn/
lastz.funtap.games,CÔNG TY CỔ PHẦN FUNTAP GAMES,QUYẾT ĐỊNH PHÁT HÀNH TRÒ CHƠI ĐIỆN TỬ G1 TRÊN MẠNG,2026-05-29,Giấy phép (ABEI),283/QĐ-PTTH&TTĐT,valid,https://giayphep.abei.gov.vn/
laviewater.com.vn,CÔNG TY TNHH LAVIE,GIẤY PHÉP THIẾT LẬP TRANG THÔNG TIN ĐIỆN TỬ TỔNG HỢP,2013-02-27,Giấy phép (ABEI),19/GP-TTĐT,invalid,https://giayphep.abei.gov.vn/
www.laviewater.com,CÔNG TY TNHH LAVIE,GIẤY PHÉP THIẾT LẬP TRANG THÔNG TIN ĐIỆN TỬ TỔNG HỢP,2013-02-27,Giấy phép (ABEI),19/GP-TTĐT,invalid,https://giayphep.abei.gov.vn/
lawnet.vn,Công ty TNHH Thư viện Pháp luật,Website - Trang TTĐT tổng hợp,,Giấy phép (TVPL PDF),,valid,
lawplus.vn,Báo Pháp luật Việt Nam,"Website - Báo, tạp chí điện tử",,Giấy phép (TVPL PDF),,valid,
tvphapluat.vn,Báo Pháp luật Việt Nam,"Website - Báo, tạp chí điện tử",,Giấy phép (TVPL PDF),,valid,
lawsoft.vn,Công ty Cổ phần Lawsoft (thuvienphapluat.com),Website - Trang TTĐT tổng hợp,,Giấy phép (TVPL PDF),,valid,
lazi.vn,CÔNG TY CỔ PHẦN CÔNG NGHỆ LAZI,GIẤY PHÉP CUNG CẤP DỊCH VỤ MẠNG XÃ HỘI,2019-09-10,Giấy phép (ABEI),372/GP-BTTTT,valid,https://giayphep.abei.gov.vn/
lb.gaba.vn,CÔNG TY CỔ PHẦN TRÒ CHƠI VEGA,QUYẾT ĐỊNH PHÁT HÀNH TRÒ CHƠI ĐIỆN TỬ G1 TRÊN MẠNG,2016-06-17,Giấy phép (ABEI),1054/QĐ-BTTTT,valid,https://giayphep.abei.gov.vn/
lctq.vtcgame.vn,CÔNG TY VTC CÔNG NGHỆ VÀ NỘI DUNG SỐ,QUYẾT ĐỊNH PHÁT HÀNH TRÒ CHƠI ĐIỆN TỬ G1 TRÊN MẠNG,2018-06-19,Giấy phép (ABEI),941/QĐ-BTTTT,invalid,https://giayphep.abei.gov.vn/
ldah.gaba.vn,CÔNG TY CỔ PHẦN TRÒ CHƠI VEGA,QUYẾT ĐỊNH PHÁT HÀNH TRÒ CHƠI ĐIỆN TỬ G1 TRÊN MẠNG,2015-08-12,Giấy phép (ABEI),550/QĐ-BTTTT,valid,https://giayphep.abei.gov.vn/
ldha.opengame.vn,CÔNG TY TNHH OPENGAME,QUYẾT ĐỊNH PHÁT HÀNH TRÒ CHƠI ĐIỆN TỬ G1 TRÊN MẠNG,2025-04-15,Giấy phép (ABEI),113/QĐ-PTTH&TTĐT,valid,https://giayphep.abei.gov.vn/
ldht.oceangalaxy.vn,CÔNG TY CỔ PHẦN OCEAN GALAXY,QUYẾT ĐỊNH PHÁT HÀNH TRÒ CHƠI ĐIỆN TỬ G1 TRÊN MẠNG,2024-07-15,Giấy phép (ABEI),1180/QĐ-BTTTT,valid,https://giayphep.abei.gov.vn/
ldr.gaba.vn,CÔNG TY CỔ PHẦN TRÒ CHƠI VEGA,QUYẾT ĐỊNH PHÁT HÀNH TRÒ CHƠI ĐIỆN TỬ G1 TRÊN MẠNG,2016-06-27,Giấy phép (ABEI),1102/QĐ-BTTTT,valid,https://giayphep.abei.gov.vn/
ldst.vn,Tạp chí Lao động và Sáng tạo,"Website - Báo, tạp chí điện tử",,Giấy phép (TVPL PDF),,valid,
laodongsangtao.vn,Tạp chí Lao động và Sáng tạo,"Website - Báo, tạp chí điện tử",,Giấy phép (TVPL PDF),,valid,
learn4fun.vn,Công ty Cổ phần Giải pháp di động thông minh,Website - Trang TTĐT tổng hợp,,Giấy phép (TVPL PDF),,valid,
learntop.vn,Công ty Cổ phần Công nghệ viễn thông HD,Website - Trang TTĐT tổng hợp,,Giấy phép (TVPL PDF),,valid,
lecourrier.vn,Báo Le Courrier du Vietnam,"Website - Báo, tạp chí điện tử",,Giấy phép (TVPL PDF),,valid,
lecourrier.vnanet.vn,Báo Le Courrier du Vietnam,"Website - Báo, tạp chí điện tử",,Giấy phép (TVPL PDF),,valid,
legalguru.vn,CÔNG TY CỔ PHẦN TƯ VẤN VÀ ĐẦU TƯ AN PHƯƠNG HÚC,GIẤY PHÉP CUNG CẤP DỊCH VỤ MẠNG XÃ HỘI,2021-08-30,Giấy phép (ABEI),558/GP-BTTTT,valid,https://giayphep.abei.gov.vn/
legend.vtcgame.vn,CÔNG TY VTC CÔNG NGHỆ VÀ NỘI DUNG SỐ,QUYẾT ĐỊNH PHÁT HÀNH TRÒ CHƠI ĐIỆN TỬ G1 TRÊN MẠNG,2022-01-21,Giấy phép (ABEI),81/QĐ-BTTTT,invalid,https://giayphep.abei.gov.vn/
lenhhoca.vn,CÔNG TY CỔ PHẦN TRỰC TUYẾN CMN VIET NAM,QUYẾT ĐỊNH PHÁT HÀNH TRÒ CHƠI ĐIỆN TỬ G1 TRÊN MẠNG,2022-04-25,Giấy phép (ABEI),755/QĐ-BTTTT,invalid,https://giayphep.abei.gov.vn/
leox.vn,CÔNG TY CỔ PHẦN TRADENET VIỆT NAM,GIẤY PHÉP CUNG CẤP DỊCH VỤ MẠNG XÃ HỘI,2024-03-27,Giấy phép (ABEI),74/GP-BTTTT,valid,https://giayphep.abei.gov.vn/
lepin.vn,Công ty TNHH LEPIN,Website - Trang mạng xã hội,,Giấy phép (TVPL PDF),,valid,
lgb.vinixgame.vn,CÔNG TY TNHH DỊCH VỤ SỐ PHƯỢNG HOÀNG VIỆT,QUYẾT ĐỊNH PHÁT HÀNH TRÒ CHƠI ĐIỆN TỬ G1 TRÊN MẠNG,2017-01-19,Giấy phép (ABEI),64/QĐ-BTTTT,invalid,https://giayphep.abei.gov.vn/
lgtb.1618play.vn,CÔNG TY TNHH 1618PLAY,QUYẾT ĐỊNH PHÁT HÀNH TRÒ CHƠI ĐIỆN TỬ G1 TRÊN MẠNG,2017-12-14,Giấy phép (ABEI),2325/QĐ-BTTTT,valid,https://giayphep.abei.gov.vn/
lh3d.esgame.com.vn,CÔNG TY CỔ PHẦN ĐẦU TƯ & CÔNG NGHỆ MCORP,QUYẾT ĐỊNH PHÁT HÀNH TRÒ CHƠI ĐIỆN TỬ G1 TRÊN MẠNG,2021-03-05,Giấy phép (ABEI),268/QĐ-BTTTT,valid,https://giayphep.abei.gov.vn/
lhhkhkthcm.vn,Liên hiệp các hội Khoa học và kỹ thuật TPHCM,Website - Trang TTĐT tổng hợp,,Giấy phép (TVPL PDF),,valid,
li.official,Đài Phát thanh và Truyền hình tỉnh Vĩnh Long,MXH - Đài Phát thanh Truyền hình,,Giấy phép (TVPL PDF),,valid,
lichvansu.net,Công ty Cổ phần Giải pháp Công nghệ iNet,Website - Trang TTĐT tổng hợp,,Giấy phép (TVPL PDF),,valid,
lienhiephoiphuyen.com.vn,LIÊN HIỆP CÁC HỘI KHOA HỌC VÀ KỸ THUẬT PHÚ YÊN,GIẤY PHÉP THIẾT LẬP TRANG THÔNG TIN ĐIỆN TỬ TỔNG HỢP,2013-01-25,Giấy phép (ABEI),09/GP-TTĐT,invalid,https://giayphep.abei.gov.vn/
lienminh.phoenix.com,CÔNG TY TNHH DỊCH VỤ GIẢI TRÍ PHƯỢNG HOÀNG,QUYẾT ĐỊNH PHÁT HÀNH TRÒ CHƠI ĐIỆN TỬ G1 TRÊN MẠNG,2020-12-31,Giấy phép (ABEI),2792/QĐ-BTTTT,invalid,https://giayphep.abei.gov.vn/
lienminh.phoeniz.com,CÔNG TY TNHH DỊCH VỤ GIẢI TRÍ PHƯỢNG HOÀNG,QUYẾT ĐỊNH PHÁT HÀNH TRÒ CHƠI ĐIỆN TỬ G1 TRÊN MẠNG,2020-12-31,Giấy phép (ABEI),2792 /QĐ-BTTTT,invalid,https://giayphep.abei.gov.vn/
lienminh.vnggames.com,CÔNG TY CỔ PHẦN VNG,QUYẾT ĐỊNH PHÁT HÀNH TRÒ CHƠI ĐIỆN TỬ G1 TRÊN MẠNG,2025-05-28,Giấy phép (ABEI),198/QĐ-PTTH&TTĐT,invalid,https://giayphep.abei.gov.vn/
lienminh.vplay.vn,CÔNG TY CỔ PHẦN TRUYỀN HÌNH TƯƠNG TÁC VIỆT NAM,QUYẾT ĐỊNH PHÁT HÀNH TRÒ CHƠI ĐIỆN TỬ G1 TRÊN MẠNG,2022-05-09,Giấy phép (ABEI),855/QĐ-BTTTT,valid,https://giayphep.abei.gov.vn/
lienminh360.vn,CÔNG TY TNHH LIÊN MINH HUYỀN THOẠI VIỆT NAM,GIẤY PHÉP CUNG CẤP DỊCH VỤ MẠNG XÃ HỘI,2017-10-26,Giấy phép (ABEI),528/GP-BTTTT,valid,https://giayphep.abei.gov.vn/
lienminhanhhung.ggames.vn,CÔNG TY TNHH TRỰC TUYẾN THIÊN HÀ,QUYẾT ĐỊNH PHÁT HÀNH TRÒ CHƠI ĐIỆN TỬ G1 TRÊN MẠNG,2022-01-24,Giấy phép (ABEI),95/QĐ-BTTTT,valid,https://giayphep.abei.gov.vn/
lienminhbaoboi.vn,CÔNG TY CỔ PHẦN TRỰC TUYẾN DUO,QUYẾT ĐỊNH PHÁT HÀNH TRÒ CHƠI ĐIỆN TỬ G1 TRÊN MẠNG,2022-01-19,Giấy phép (ABEI),66/QĐ-BTTTT,valid,https://giayphep.abei.gov.vn/
lienminhbongtoi.vn,CÔNG TY TNHH SOHA,QUYẾT ĐỊNH PHÁT HÀNH TRÒ CHƠI ĐIỆN TỬ G1 TRÊN MẠNG,2018-06-26,Giấy phép (ABEI),981/QĐ-BTTTT,valid,https://giayphep.abei.gov.vn/
lienminhdoa.vn,CÔNG TY CỔ PHẦN DỊCH VỤ MỘT THẾ GIỚI,QUYẾT ĐỊNH PHÁT HÀNH TRÒ CHƠI ĐIỆN TỬ G1 TRÊN MẠNG,2018-05-29,Giấy phép (ABEI),811/QĐ-BTTTT,invalid,https://giayphep.abei.gov.vn/
lienminhhuyenthoai.vn,CÔNG TY TNHH LIÊN MINH HUYỀN THOẠI VIỆT NAM,QUYẾT ĐỊNH PHÁT HÀNH TRÒ CHƠI ĐIỆN TỬ G1 TRÊN MẠNG,2022-05-04,Giấy phép (ABEI),833/QĐ-BTTTT,invalid,https://giayphep.abei.gov.vn/
lienminhmanga.vn,CÔNG TY CỔ PHẦN FUNTAP,QUYẾT ĐỊNH PHÁT HÀNH TRÒ CHƠI ĐIỆN TỬ G1 TRÊN MẠNG,2019-01-04,Giấy phép (ABEI),04/QĐ-BTTTT,valid,https://giayphep.abei.gov.vn/
lienminhnhangia.gamota.com,CÔNG TY CỔ PHẦN GAMOTA,QUYẾT ĐỊNH PHÁT HÀNH TRÒ CHƠI ĐIỆN TỬ G1 TRÊN MẠNG,2022-09-30,Giấy phép (ABEI),1830/QĐ-BTTTT,valid,https://giayphep.abei.gov.vn/
lienminhsieuquay.vn,CÔNG TY CỔ PHẦN FUNTAP,QUYẾT ĐỊNH PHÁT HÀNH TRÒ CHƠI ĐIỆN TỬ G1 TRÊN MẠNG,2021-05-07,Giấy phép (ABEI),602/QĐ-BTTTT,valid,https://giayphep.abei.gov.vn/
lienminhvalkyrie.vn,CÔNG TY CỔ PHẦN ĐẦU TƯ CÔNG NGHỆ VISION INVEST ,QUYẾT ĐỊNH PHÁT HÀNH TRÒ CHƠI ĐIỆN TỬ G1 TRÊN MẠNG,2025-08-07,Giấy phép (ABEI),351/QĐ-PTTH&TTĐT,valid,https://giayphep.abei.gov.vn/
lienquan.gaba.vn,CÔNG TY CỔ PHẦN TRÒ CHƠI VEGA,QUYẾT ĐỊNH PHÁT HÀNH TRÒ CHƠI ĐIỆN TỬ G1 TRÊN MẠNG,2017-09-12,Giấy phép (ABEI),1545/QĐ-BTTTT,valid,https://giayphep.abei.gov.vn/
lienquan.garena.vn,CÔNG TY CỔ PHẦN GIẢI TRÍ VÀ THỂ THAO ĐIỆN TỬ VIỆT NAM,QUYẾT ĐỊNH PHÁT HÀNH TRÒ CHƠI ĐIỆN TỬ G1 TRÊN MẠNG,2026-06-16,Giấy phép (ABEI),351/QĐ-PTTH&TTĐT,valid,https://giayphep.abei.gov.vn/
lienquanbadao.vn,CÔNG TY CỔ PHẦN 9PLAY,QUYẾT ĐỊNH PHÁT HÀNH TRÒ CHƠI ĐIỆN TỬ G1 TRÊN MẠNG,2021-08-17,Giấy phép (ABEI),1235/QĐ-BTTTT,invalid,https://giayphep.abei.gov.vn/
lienquanmanga.vn,CÔNG TY CỔ PHẦN VGP,QUYẾT ĐỊNH PHÁT HÀNH TRÒ CHƠI ĐIỆN TỬ G1 TRÊN MẠNG,2018-01-22,Giấy phép (ABEI),68/QĐ-BTTTT,valid,https://giayphep.abei.gov.vn/
lienquanmobi.vn,CÔNG TY CỔ PHẦN GIẢI TRÍ VÀ THỂ THAO ĐIỆN TỬ VIỆT NAM,QUYẾT ĐỊNH PHÁT HÀNH TRÒ CHƠI ĐIỆN TỬ G1 TRÊN MẠNG,2025-06-26,Giấy phép (ABEI),281/QĐ-PTTH&TTĐT,invalid,https://giayphep.abei.gov.vn/
lienquanthuthanh.vn,CÔNG TY TNHH SOHA,QUYẾT ĐỊNH PHÁT HÀNH TRÒ CHƠI ĐIỆN TỬ G1 TRÊN MẠNG,2019-10-24,Giấy phép (ABEI),1775/QĐ-BTTTT,valid,https://giayphep.abei.gov.vn/
liethoa.360game.vn,CÔNG TY CỔ PHẦN VNG,QUYẾT ĐỊNH PHÁT HÀNH TRÒ CHƠI ĐIỆN TỬ G1 TRÊN MẠNG,2018-11-02,Giấy phép (ABEI),1769/QĐ-BTTTT,invalid,https://giayphep.abei.gov.vn/
lifemakeover.hhgame.vn,CÔNG TY CỔ PHẦN PHÁT TRIỂN CÔNG NGHỆ SỐ HỒNG HÀ,QUYẾT ĐỊNH PHÁT HÀNH TRÒ CHƠI ĐIỆN TỬ G1 TRÊN MẠNG,2022-07-25,Giấy phép (ABEI),1431/QĐ-BTTTT,valid,https://giayphep.abei.gov.vn/
lifestyle.vn,CÔNG TY CỔ PHẦN CAR PASSION,GIẤY PHÉP CUNG CẤP DỊCH VỤ MẠNG XÃ HỘI,2019-09-10,Giấy phép (ABEI),373/GP-BTTTT,valid,https://giayphep.abei.gov.vn/
lifestyle.zingnews.vn,Tạp chí điện tử Tri thức trực tuyến,"Website - Báo, tạp chí điện tử",,Giấy phép (TVPL PDF),,valid,
lifez.vn,Công ty TNHH VNG ONLINE,Website - Trang TTĐT tổng hợp,,Giấy phép (TVPL PDF),,valid,
zinglife.vn,Công ty TNHH VNG ONLINE,Website - Trang TTĐT tổng hợp,,Giấy phép (TVPL PDF),,valid,
lightbox.vn,CÔNG TY TNHH SALT & LIGHT MEDIA,GIẤY PHÉP CUNG CẤP DỊCH VỤ MẠNG XÃ HỘI,2019-08-23,Giấy phép (ABEI),345/GP-BTTTT,invalid,https://giayphep.abei.gov.vn/
like1.vn,CÔNG TY CỔ PHẦN DỊCH VỤ VIỄN THÔNG SUNTEL VIỆT NAM,"GIẤY XÁC NHẬN THÔNG BÁO PHÁT HÀNH TRÒ CHƠI ĐIỆN TỬ G2,G3,G4",2016-06-30,Giấy phép (ABEI),80/GXN-PTTH&TTĐT,valid,https://giayphep.abei.gov.vn/
lineage2.goplay.vn,CÔNG TY CỔ PHẦN VTC TRUYỀN THÔNG TRỰC TUYẾN,QUYẾT ĐỊNH PHÁT HÀNH TRÒ CHƠI ĐIỆN TỬ G1 TRÊN MẠNG,2018-05-15,Giấy phép (ABEI),723/QĐ-BTTTT,invalid,https://giayphep.abei.gov.vn/
lineage2m.vnggames.com,Công ty TNHH VNGGames,QUYẾT ĐỊNH PHÁT HÀNH TRÒ CHƠI ĐIỆN TỬ G1 TRÊN MẠNG,2025-12-24,Giấy phép (ABEI),576/QĐ-PTTH&TTĐT,invalid,https://giayphep.abei.gov.vn/
lineagew.vnggames.com,Công ty TNHH VNGGames ,QUYẾT ĐỊNH PHÁT HÀNH TRÒ CHƠI ĐIỆN TỬ G1 TRÊN MẠNG,2026-01-30,Giấy phép (ABEI),40/QĐ-PTTH&TTĐT,valid,https://giayphep.abei.gov.vn/
linhgioi.playfun.vn,CÔNG TY CỔ PHẦN FUNTAP,QUYẾT ĐỊNH PHÁT HÀNH TRÒ CHƠI ĐIỆN TỬ G1 TRÊN MẠNG,2022-05-26,Giấy phép (ABEI),964/QĐ-BTTTT,valid,https://giayphep.abei.gov.vn/
linhkiem.gaba.vn,CÔNG TY CỔ PHẦN TRÒ CHƠI VEGA,QUYẾT ĐỊNH PHÁT HÀNH TRÒ CHƠI ĐIỆN TỬ G1 TRÊN MẠNG,2018-09-17,Giấy phép (ABEI),1499/QĐ-BTTTT,invalid,https://giayphep.abei.gov.vn/
linhkkiemchimong.vgplay.vn,CÔNG TY CỔ PHẦN VGP,QUYẾT ĐỊNH PHÁT HÀNH TRÒ CHƠI ĐIỆN TỬ G1 TRÊN MẠNG,2024-12-03,Giấy phép (ABEI),2112/QĐ-BTTTT,valid,https://giayphep.abei.gov.vn/
linhthansu.vn,CÔNG TY TNHH SOHA,QUYẾT ĐỊNH PHÁT HÀNH TRÒ CHƠI ĐIỆN TỬ G1 TRÊN MẠNG,2022-04-22,Giấy phép (ABEI),735/QĐ-BTTTT,valid,https://giayphep.abei.gov.vn/
linhvuong.slg.vn,CÔNG TY CỔ PHẦN DỊCH VỤ TRỰC TUYẾN VĨNH XUÂN,QUYẾT ĐỊNH PHÁT HÀNH TRÒ CHƠI ĐIỆN TỬ G1 TRÊN MẠNG,2017-06-30,Giấy phép (ABEI),1043/QĐ-BTTTT,valid,https://giayphep.abei.gov.vn/
linkhay.com,Công ty Cổ phần Vccorp,Website - Trang mạng xã hội,,Giấy phép (TVPL PDF),,valid,
linkqueenspa.vn,Công ty TNHH Thương mại và Phát triển Truyền thông Link Queen,Website - Trang TTĐT tổng hợp,,Giấy phép (TVPL PDF),,valid,
lithasgame.vn,CÔNG TY CỔ PHẦN TRAVELLET VIỆT NAM,QUYẾT ĐỊNH PHÁT HÀNH TRÒ CHƠI ĐIỆN TỬ G1 TRÊN MẠNG,2024-03-11,Giấy phép (ABEI),283/QĐ-BTTTT,valid,https://giayphep.abei.gov.vn/
live.vov.vn,Báo điện tử VOV,"Website - Báo, tạp chí điện tử",,Giấy phép (TVPL PDF),,valid,
liveg.vn,CÔNG TY CỔ PHẦN VTC DỊCH VỤ DI ĐỘNG,GIẤY PHÉP CUNG CẤP DỊCH VỤ MẠNG XÃ HỘI,2024-04-26,Giấy phép (ABEI),112/GP-BTTTT,valid,https://giayphep.abei.gov.vn/
livegame.vn,CÔNG TY CỔ PHẦN KỸ NGHỆ TRUYỀN THÔNG HOÀNG GIA,"GIẤY XÁC NHẬN THÔNG BÁO PHÁT HÀNH TRÒ CHƠI ĐIỆN TỬ G2,G3,G4",2018-06-04,Giấy phép (ABEI),145/GXN-PTTH&TTĐT,valid,https://giayphep.abei.gov.vn/
livenet.vn,Công ty Cổ phần Baza Media,Website - Trang TTĐT tổng hợp,,Giấy phép (TVPL PDF),,valid,
livepro.vn,CÔNG TY CỔ PHẦN TRUYỀN THÔNG LIVE PRO,GIẤY PHÉP CUNG CẤP DỊCH VỤ MẠNG XÃ HỘI,2019-05-29,Giấy phép (ABEI),212/GP-BTTTT,valid,https://giayphep.abei.gov.vn/
liveshowvips.vn,Công ty Cổ phần Mobicom Việt Nam,Website - Trang TTĐT tổng hợp,,Giấy phép (TVPL PDF),,valid,
livestar.vn,Công ty Cổ phần Truyền thông và Phát triển Công nghệ Thái Bình Dương,Website - Trang mạng xã hội,,Giấy phép (TVPL PDF),,valid,
livevtv.vn,Công ty Cổ phần Giải pháp viễn thông Nam Phương,Website - Trang TTĐT tổng hợp,,Giấy phép (TVPL PDF),,valid,
livo.vn,CÔNG TY TNHH DFINITY TECHNOLOGY,GIẤY PHÉP CUNG CẤP DỊCH VỤ MẠNG XÃ HỘI,2023-06-10,Giấy phép (ABEI),204/GP-BTTTT,valid,https://giayphep.abei.gov.vn/
lize.vn,Công ty Cổ phần Công nghệ giáo dục Lize,Website - Trang mạng xã hội,,Giấy phép (TVPL PDF),,valid,
lizks.vn,Công ty cổ phần Lizks Việt Nam,Website - Trang mạng xã hội,,Giấy phép (TVPL PDF),,valid,
llive.vn,CÔNG TY CỔ PHẦN KÊNH 28 ENTERTAINMENT,"MXH - Cá nhân, tổ chức",,Giấy phép (TVPL PDF),,valid,
lmch.zoneplay.vn,CÔNG TY CỔ PHẦN GZONE MEDIA VIỆT NAM,QUYẾT ĐỊNH PHÁT HÀNH TRÒ CHƠI ĐIỆN TỬ G1 TRÊN MẠNG,2025-01-17,Giấy phép (ABEI),67/QĐ-BTTTT,valid,https://giayphep.abei.gov.vn/
lms.splay.vn,CÔNG TY CỔ PHẦN VTC DỊCH VỤ DI ĐỘNG,QUYẾT ĐỊNH PHÁT HÀNH TRÒ CHƠI ĐIỆN TỬ G1 TRÊN MẠNG,2024-03-19,Giấy phép (ABEI),338/QĐ-BTTTT,invalid,https://giayphep.abei.gov.vn/
lmtk.gosu.vn,CÔNG TY CỔ PHẦN TRỰC TUYẾN GOSU,QUYẾT ĐỊNH PHÁT HÀNH TRÒ CHƠI ĐIỆN TỬ G1 TRÊN MẠNG,2019-11-25,Giấy phép (ABEI),2012 /QĐ-BTTTT,valid,https://giayphep.abei.gov.vn/
loadauvutru.vn,CÔNG TY CỔ PHẦN TRỰC TUYẾN DUO,QUYẾT ĐỊNH PHÁT HÀNH TRÒ CHƠI ĐIỆN TỬ G1 TRÊN MẠNG,2023-08-31,Giấy phép (ABEI),1697/QĐ-BTTTT,valid,https://giayphep.abei.gov.vn/
loan.mobo.vn,CÔNG TY CỔ PHẦN GIẢI TRÍ DI ĐỘNG,QUYẾT ĐỊNH PHÁT HÀNH TRÒ CHƠI ĐIỆN TỬ G1 TRÊN MẠNG,2017-01-13,Giấy phép (ABEI),49/QĐ-BTTTT,invalid,https://giayphep.abei.gov.vn/
loanchicn3q.ggames.vn,CÔNG TY TNHH TRỰC TUYẾN THIÊN HÀ,QUYẾT ĐỊNH PHÁT HÀNH TRÒ CHƠI ĐIỆN TỬ G1 TRÊN MẠNG,2022-01-24,Giấy phép (ABEI),98/QĐ-BTTTT,valid,https://giayphep.abei.gov.vn/
loanchien3q.ggames.vn,CÔNG TY TNHH TRỰC TUYẾN THIÊN HÀ ,QUYẾT ĐỊNH PHÁT HÀNH TRÒ CHƠI ĐIỆN TỬ G1 TRÊN MẠNG,2022-01-24,Giấy phép (ABEI),98 /QĐ-BTTTT,valid,https://giayphep.abei.gov.vn/
loandatamquoc.vn,CÔNG TY TNHH MYG,QUYẾT ĐỊNH PHÁT HÀNH TRÒ CHƠI ĐIỆN TỬ G1 TRÊN MẠNG,2023-03-24,Giấy phép (ABEI),360/QĐ-BTTTT,valid,https://giayphep.abei.gov.vn/
loandau.gaba.vn,CÔNG TY CỔ PHẦN TRÒ CHƠI VEGA,QUYẾT ĐỊNH PHÁT HÀNH TRÒ CHƠI ĐIỆN TỬ G1 TRÊN MẠNG,2017-04-19,Giấy phép (ABEI),549/QĐ-BTTTT,valid,https://giayphep.abei.gov.vn/
loandaumanga.vn,CÔNG TY CỔ PHẦN VTC DỊCH VỤ DI ĐỘNG,QUYẾT ĐỊNH PHÁT HÀNH TRÒ CHƠI ĐIỆN TỬ G1 TRÊN MẠNG,2024-07-02,Giấy phép (ABEI),1112/QĐ-BTTTT,invalid,https://giayphep.abei.gov.vn/
loanhacnheo.com,Công ty TNHH Đông Thành - Hòa Phúc.,GIẤY XÁC NHẬN THÔNG BÁO CUNG CẤP DỊCH VỤ MẠNG XÃ HỘI,2025-05-30,Giấy phép (ABEI),81 /GXN-PTTH&TTĐT,valid,https://giayphep.abei.gov.vn/
loanhacnheo.vn,Công ty TNHH Đông Thành - Hòa Phúc.,GIẤY XÁC NHẬN THÔNG BÁO CUNG CẤP DỊCH VỤ MẠNG XÃ HỘI,2025-05-30,Giấy phép (ABEI),81 /GXN-PTTH&TTĐT,valid,https://giayphep.abei.gov.vn/
loantamgioi.vn,CÔNG TY TNHH MYG,QUYẾT ĐỊNH PHÁT HÀNH TRÒ CHƠI ĐIỆN TỬ G1 TRÊN MẠNG,2017-02-21,Giấy phép (ABEI),171/QĐ-BTTTT,valid,https://giayphep.abei.gov.vn/
loantamquoc.kul.vn,CÔNG TY CỔ PHẦN TRỰC TUYẾN CMN VIỆT NAM,QUYẾT ĐỊNH PHÁT HÀNH TRÒ CHƠI ĐIỆN TỬ G1 TRÊN MẠNG,2018-11-23,Giấy phép (ABEI),1976/QĐ-BTTTT,invalid,https://giayphep.abei.gov.vn/
loanthe.gamota.com,CÔNG TY CỔ PHẦN GAMOTA,QUYẾT ĐỊNH PHÁT HÀNH TRÒ CHƠI ĐIỆN TỬ G1 TRÊN MẠNG,2020-12-07,Giấy phép (ABEI),2149/QĐ-BTTTT,valid,https://giayphep.abei.gov.vn/
loanthe.vn,CÔNG TY TNHH SOHA,QUYẾT ĐỊNH PHÁT HÀNH TRÒ CHƠI ĐIỆN TỬ G1 TRÊN MẠNG,2020-05-22,Giấy phép (ABEI),868/QĐ-BTTTT,invalid,https://giayphep.abei.gov.vn/
loanthehongnhan.vn,CÔNG TY TNHH SOHA,QUYẾT ĐỊNH PHÁT HÀNH TRÒ CHƠI ĐIỆN TỬ G1 TRÊN MẠNG,2019-01-30,Giấy phép (ABEI),119/QĐ-BTTTT,valid,https://giayphep.abei.gov.vn/
loanxingau3q.alogame.vn,CÔNG TY CỔ PHẦN CÔNG NGHỆ SỐ ALO ,QUYẾT ĐỊNH PHÁT HÀNH TRÒ CHƠI ĐIỆN TỬ G1 TRÊN MẠNG,2026-05-20,Giấy phép (ABEI),264/QĐ-PTTH&TTĐT,valid,https://giayphep.abei.gov.vn/
loathienthuonghoa.com,CÔNG TY CỔ PHẦN GIẢI TRÍ THIÊN THƯỢNG HỎA,QUYẾT ĐỊNH PHÁT HÀNH TRÒ CHƠI ĐIỆN TỬ G1 TRÊN MẠNG,2020-10-16,Giấy phép (ABEI),1743/QĐ-BTTTT,valid,https://giayphep.abei.gov.vn/
localart.vn,CÔNG TY CỔ PHẦN ĐẦU TƯ HTD VIỆT NAM,GIẤY PHÉP CUNG CẤP DỊCH VỤ MẠNG XÃ HỘI,2019-07-30,Giấy phép (ABEI),300/GP-BTTTT,valid,https://giayphep.abei.gov.vn/
locvang.vn,Công ty Cổ phần Truyền thông Quảng cáo Đa phương tiện,Website - Trang TTĐT tổng hợp,,Giấy phép (TVPL PDF),,valid,
locvang4g.vn,Công ty Cổ phần NetIT,Website - Trang TTĐT tổng hợp,,Giấy phép (TVPL PDF),,valid,
locvang4gvinaphone.vn,Công ty Cổ phần NetIT,Website - Trang TTĐT tổng hợp,,Giấy phép (TVPL PDF),,valid,
lofficiel.vn,Công ty TNHH Quảng cáo và Dịch vụ Xuất bản,Website - Trang mạng xã hội,,Giấy phép (TVPL PDF),,valid,
lofficielvietnam.vn,CÔNG TY TNHH THỜI TRANG VÀ TRUYỀN THÔNG FACE & STYLE REPUBLIK VIỆT NAM,GIẤY PHÉP CUNG CẤP DỊCH VỤ MẠNG XÃ HỘI,2024-12-30,Giấy phép (ABEI),398/GP-BTTTT,valid,https://giayphep.abei.gov.vn/
logistics.gov.vn,TRUNG TÂM THÔNG TIN CÔNG NGHIỆP VÀ THƯƠNG MẠI,GIẤY PHÉP THIẾT LẬP TRANG THÔNG TIN ĐIỆN TỬ TỔNG HỢP,2025-04-25,Giấy phép (ABEI),65 /GP-TTĐT,valid,https://giayphep.abei.gov.vn/
lokapala.vtcgame.vn,CÔNG TY VTC CÔNG NGHỆ VÀ NỘI DUNG SỐ,QUYẾT ĐỊNH PHÁT HÀNH TRÒ CHƠI ĐIỆN TỬ G1 TRÊN MẠNG,2023-06-30,Giấy phép (ABEI),1183/QĐ-BTTTT,valid,https://giayphep.abei.gov.vn/
lol.mobo.vn,CÔNG TY CỔ PHẦN GIẢI TRÍ DI ĐỘNG,QUYẾT ĐỊNH PHÁT HÀNH TRÒ CHƠI ĐIỆN TỬ G1 TRÊN MẠNG,2016-06-08,Giấy phép (ABEI),978/QĐ-BTTTT,invalid,https://giayphep.abei.gov.vn/
lol.zoneplav.vn,CÔNG TY CỔ PHẦN GZONE MEDIA VIỆT NAM,QUYẾT ĐỊNH PHÁT HÀNH TRÒ CHƠI ĐIỆN TỬ G1 TRÊN MẠNG,2022-07-05,Giấy phép (ABEI),1335/QĐ-BTTTT,valid,https://giayphep.abei.gov.vn/
lomoapp.vn,Công tycổ phần Technology Convergence Corporation,Website - Trang mạng xã hội,,Giấy phép (TVPL PDF),,valid,
lomoapp.info,Công tycổ phần Technology Convergence Corporation,Website - Trang mạng xã hội,,Giấy phép (TVPL PDF),,valid,
longanonline.net,Báo Long An (Báo điện tử Long An),"Website - Báo, tạp chí điện tử",,Giấy phép (TVPL PDF),,valid,
longanonline.vn,Báo Long An (Báo điện tử Long An),"Website - Báo, tạp chí điện tử",,Giấy phép (TVPL PDF),,valid,
longchien.vn,CÔNG TY TNHH SOHA,QUYẾT ĐỊNH PHÁT HÀNH TRÒ CHƠI ĐIỆN TỬ G1 TRÊN MẠNG,2019-01-28,Giấy phép (ABEI),99 /QĐ-BTTTT,valid,https://giayphep.abei.gov.vn/
longchientruyenky.splay.vn,CÔNG TY CỔ PHẦN VTC DỊCH VỤ DI ĐỘNG,QUYẾT ĐỊNH PHÁT HÀNH TRÒ CHƠI ĐIỆN TỬ G1 TRÊN MẠNG,2022-01-24,Giấy phép (ABEI),99/QĐ-BTTTT,valid,https://giayphep.abei.gov.vn/
longdinh.net.vn,CÔNG TY TNHH GIẢI TRÍ LONG ĐỈNH,QUYẾT ĐỊNH PHÁT HÀNH TRÒ CHƠI ĐIỆN TỬ G1 TRÊN MẠNG,2020-06-11,Giấy phép (ABEI),982 /QĐ-BTTTT,valid,https://giayphep.abei.gov.vn/
longdobanghiep.vn,CÔNG TY TNHH SOHA,QUYẾT ĐỊNH PHÁT HÀNH TRÒ CHƠI ĐIỆN TỬ G1 TRÊN MẠNG,2019-01-28,Giấy phép (ABEI),100/QĐ-BTTTT,invalid,https://giayphep.abei.gov.vn/
longdotranhba.vn,CÔNG TY TNHH SOHA,QUYẾT ĐỊNH PHÁT HÀNH TRÒ CHƠI ĐIỆN TỬ G1 TRÊN MẠNG,2020-07-27,Giấy phép (ABEI),1261/QĐ-BTTTT,valid,https://giayphep.abei.gov.vn/
longf.vn,CÔNG TY CỔ PHẦN ĐẦU TƯ VIỆT LONG,GIẤY PHÉP CUNG CẤP DỊCH VỤ MẠNG XÃ HỘI,2026-03-02,Giấy phép (ABEI),28/GP-BVHTTDL,valid,https://giayphep.abei.gov.vn/
longhonkynguyen.vgplay.vn,CÔNG TY CỔ PHẦN VGP,QUYẾT ĐỊNH PHÁT HÀNH TRÒ CHƠI ĐIỆN TỬ G1 TRÊN MẠNG,2024-12-10,Giấy phép (ABEI),2167/QĐ-BTTTT,valid,https://giayphep.abei.gov.vn/
longkiem9c.vgplay.vn,CÔNG TY CỔ PHẦN VGP,QUYẾT ĐỊNH PHÁT HÀNH TRÒ CHƠI ĐIỆN TỬ G1 TRÊN MẠNG,2020-07-10,Giấy phép (ABEI),1155/QĐ-BTTTT,valid,https://giayphep.abei.gov.vn/
longkynguyen.vn,CÔNG TY CỔ PHẦN VTC DỊCH VỤ DI ĐỘNG,QUYẾT ĐỊNH PHÁT HÀNH TRÒ CHƠI ĐIỆN TỬ G1 TRÊN MẠNG,2020-02-14,Giấy phép (ABEI),208/QĐ-BTTTT,invalid,https://giayphep.abei.gov.vn/
longngust.gamota.com,CÔNG TY CỔ PHẦN GAMOTA,QUYẾT ĐỊNH PHÁT HÀNH TRÒ CHƠI ĐIỆN TỬ G1 TRÊN MẠNG,2024-07-15,Giấy phép (ABEI),1175/QĐ-BTTTT,valid,https://giayphep.abei.gov.vn/
longthanpk.playfun.vn,CÔNG TY CỔ PHẦN FUNTAP,QUYẾT ĐỊNH PHÁT HÀNH TRÒ CHƠI ĐIỆN TỬ G1 TRÊN MẠNG,2024-05-13,Giấy phép (ABEI),766/QĐ-BTTTT,valid,https://giayphep.abei.gov.vn/
longtochuyentuong.hhgame.vn,CÔNG TY CỔ PHẦN PHÁT TRIỂN CÔNG NGHỆ SỐ HỒNG HÀ,QUYẾT ĐỊNH PHÁT HÀNH TRÒ CHƠI ĐIỆN TỬ G1 TRÊN MẠNG,2020-09-04,Giấy phép (ABEI),1510/QĐ-BTTTT,valid,https://giayphep.abei.gov.vn/
longtuong.vtcgame.vn,CÔNG TY VTC CÔNG NGHỆ VÀ NỘI DUNG SỐ,QUYẾT ĐỊNH PHÁT HÀNH TRÒ CHƠI ĐIỆN TỬ G1 TRÊN MẠNG,2016-06-30,Giấy phép (ABEI),1122/QĐ-BTTTT,invalid,https://giayphep.abei.gov.vn/
longvu3d.playfun.vn,CÔNG TY CỔ PHẦN FUNTAP,QUYẾT ĐỊNH PHÁT HÀNH TRÒ CHƠI ĐIỆN TỬ G1 TRÊN MẠNG,2021-01-21,Giấy phép (ABEI),72/QĐ-BTTTT,valid,https://giayphep.abei.gov.vn/
lookme.vn,CÔNG TY CỔ PHẦN LOOKME,GIẤY PHÉP CUNG CẤP DỊCH VỤ MẠNG XÃ HỘI,2019-05-28,Giấy phép (ABEI),209/GP-BTTTT,valid,https://giayphep.abei.gov.vn/
loptot.vn,Công ty TNHH Giải pháp hành trình Việt Nam,Website - Trang mạng xã hội,,Giấy phép (TVPL PDF),,valid,
lor.vnggames.com,CÔNG TY CỔ PHẦN TẬP ĐOÀN VNG,QUYẾT ĐỊNH PHÁT HÀNH TRÒ CHƠI ĐIỆN TỬ G1 TRÊN MẠNG,2026-03-02,Giấy phép (ABEI),102/QĐ-PTTH&TTĐT,valid,https://giayphep.abei.gov.vn/
lor.zing.vn,CÔNG TY CỔ PHẦN VNG,QUYẾT ĐỊNH PHÁT HÀNH TRÒ CHƠI ĐIỆN TỬ G1 TRÊN MẠNG,2025-06-20,Giấy phép (ABEI),261/QĐ-PTTH&TTĐT,invalid,https://giayphep.abei.gov.vn/
lordsmobile.igg.gamota.com,CÔNG TY CỔ PHẦN GAMOTA,QUYẾT ĐỊNH PHÁT HÀNH TRÒ CHƠI ĐIỆN TỬ G1 TRÊN MẠNG,2026-05-29,Giấy phép (ABEI),286/QĐ-PTTH&TTĐT,valid,https://giayphep.abei.gov.vn/
lostbird.vn,CÔNG TY TNHH 360LIFE,GIẤY PHÉP CUNG CẤP DỊCH VỤ MẠNG XÃ HỘI,2020-02-28,Giấy phép (ABEI),81/GP-BTTTT,valid,https://giayphep.abei.gov.vn/
lotus.vn,CÔNG TY CỔ PHẦN  MẠNG XÃ HỘI VIVA,GIẤY PHÉP CUNG CẤP DỊCH VỤ MẠNG XÃ HỘI,2019-06-21,Giấy phép (ABEI),252/GP-BTTTT,valid,https://giayphep.abei.gov.vn/
love.gamota.com,CÔNG TY CỔ PHẦN GAMOTA,QUYẾT ĐỊNH PHÁT HÀNH TRÒ CHƠI ĐIỆN TỬ G1 TRÊN MẠNG,2017-09-07,Giấy phép (ABEI),1513/QĐ-BTTTT,valid,https://giayphep.abei.gov.vn/
lovetv.net.vn,Công ty Cổ phần phát triển truyền thông quảng cáo MAC Việt Nam,Website - Trang TTĐT tổng hợp,,Giấy phép (TVPL PDF),,valid,
lozi.vn,Công ty Cổ phần Lozi Việt Nam,Website - Trang mạng xã hội,,Giấy phép (TVPL PDF),,valid,
lpd.vn,CÔNG TY CỔ PHẦN VTC DỊCH VỤ DI ĐỘNG,QUYẾT ĐỊNH PHÁT HÀNH TRÒ CHƠI ĐIỆN TỬ G1 TRÊN MẠNG,2021-01-21,Giấy phép (ABEI),73/QĐ-BTTTT,invalid,https://giayphep.abei.gov.vn/
lso.vn,Công ty Cổ phần Truyền thông Pháp luật Việt Nam,Website - Trang TTĐT tổng hợp,,Giấy phép (TVPL PDF),,valid,
lssurvival.hhgame.vn,CÔNG TY CỔ PHẦN PHÁT TRIỂN CÔNG NGHỆ SỐ HỒNG HÀ,QUYẾT ĐỊNH PHÁT HÀNH TRÒ CHƠI ĐIỆN TỬ G1 TRÊN MẠNG,2022-05-23,Giấy phép (ABEI),902/QĐ-BTTTT,valid,https://giayphep.abei.gov.vn/
lsvn.vn,Tạp chí Luật sư Việt Nam,"Website - Báo, tạp chí điện tử",,Giấy phép (TVPL PDF),,valid,
tapchiluatsu.vn,Tạp chí Luật sư Việt Nam,"Website - Báo, tạp chí điện tử",,Giấy phép (TVPL PDF),,valid,
luankiem.gaba.vn,CÔNG TY CỔ PHẦN TRÒ CHƠI VEGA,QUYẾT ĐỊNH PHÁT HÀNH TRÒ CHƠI ĐIỆN TỬ G1 TRÊN MẠNG,2018-03-29,Giấy phép (ABEI),434/QĐ-BTTTT,valid,https://giayphep.abei.gov.vn/
luatcongdong.vn,Công ty TNHH Luật Cộng đồng,Website - Trang TTĐT tổng hợp,,Giấy phép (TVPL PDF),,valid,
lucdia.zagoo.vn,CÔNG TY TNHH ZIE,QUYẾT ĐỊNH PHÁT HÀNH TRÒ CHƠI ĐIỆN TỬ G1 TRÊN MẠNG,2025-09-08,Giấy phép (ABEI),379/QĐ-PTTH&TTĐT,invalid,https://giayphep.abei.gov.vn/
lucdia.zalogames.me,CÔNG TY TNHH ZIE,QUYẾT ĐỊNH PHÁT HÀNH TRÒ CHƠI ĐIỆN TỬ G1 TRÊN MẠNG,2026-05-18,Giấy phép (ABEI),255/QĐ-PTTH&TTĐT,valid,https://giayphep.abei.gov.vn/
lucdia2.vn,CÔNG TY TNHH SOHA,QUYẾT ĐỊNH PHÁT HÀNH TRÒ CHƠI ĐIỆN TỬ G1 TRÊN MẠNG,2019-11-25,Giấy phép (ABEI),2009 /QĐ-BTTTT,valid,https://giayphep.abei.gov.vn/
lucdiahoanmy.vn,CÔNG TY CỔ PHẦN FUNTAP,QUYẾT ĐỊNH PHÁT HÀNH TRÒ CHƠI ĐIỆN TỬ G1 TRÊN MẠNG,2018-11-27,Giấy phép (ABEI),2013/QĐ-BTTTT,valid,https://giayphep.abei.gov.vn/
lucdiathanhoa.intelligencessaigon.vn,CÔNG TY TNHH MOBILE INTELLIGENCE SAIGON,QUYẾT ĐỊNH PHÁT HÀNH TRÒ CHƠI ĐIỆN TỬ G1 TRÊN MẠNG,2024-10-18,Giấy phép (ABEI),1784/QĐ-BTTTT,valid,https://giayphep.abei.gov.vn/
lucgioi.vgplay.vn,CÔNG TY CỔ PHẦN VGP,QUYẾT ĐỊNH PHÁT HÀNH TRÒ CHƠI ĐIỆN TỬ G1 TRÊN MẠNG,2022-12-13,Giấy phép (ABEI),2311/QĐ-BTTTT,valid,https://giayphep.abei.gov.vn/
lucgioiphien.vn,CÔNG TY TNHH SOHA,QUYẾT ĐỊNH PHÁT HÀNH TRÒ CHƠI ĐIỆN TỬ G1 TRÊN MẠNG,2019-02-15,Giấy phép (ABEI),173/QĐ-BTTTT,valid,https://giayphep.abei.gov.vn/
lucgioiphongthan.vn,CÔNG TY TNHH SOHA,QUYẾT ĐỊNH PHÁT HÀNH TRÒ CHƠI ĐIỆN TỬ G1 TRÊN MẠNG,2022-11-30,Giấy phép (ABEI),2214/QĐ-BTTTT,invalid,https://giayphep.abei.gov.vn/
luckydraw.com.vn,Công ty Cổ phần dịch vụ và truyền thông Công nghệ cao HTSG,Website - Trang TTĐT tổng hợp,,Giấy phép (TVPL PDF),,valid,
lucmach.vn,CÔNG TY CỔ PHẦN VTC DỊCH VỤ DI ĐỘNG,QUYẾT ĐỊNH PHÁT HÀNH TRÒ CHƠI ĐIỆN TỬ G1 TRÊN MẠNG,2018-09-11,Giấy phép (ABEI),1485/QĐ-BTTTT,invalid,https://giayphep.abei.gov.vn/
www.lucmachthankiem.vn,CÔNG TY CỔ PHẦN VTC DỊCH VỤ DI ĐỘNG,QUYẾT ĐỊNH PHÁT HÀNH TRÒ CHƠI ĐIỆN TỬ G1 TRÊN MẠNG,2018-09-11,Giấy phép (ABEI),1485/QĐ-BTTTT,invalid,https://giayphep.abei.gov.vn/
luctung.vplay.vn,CÔNG TY CỔ PHẦN TRUYỀN HÌNH TƯƠNG TÁC VIỆT NAM,QUYẾT ĐỊNH PHÁT HÀNH TRÒ CHƠI ĐIỆN TỬ G1 TRÊN MẠNG,2024-06-10,Giấy phép (ABEI),945/QĐ-BTTTT,valid,https://giayphep.abei.gov.vn/
ludus.oeg.vn,CÔNG TY CỔ PHẦN TẬP ĐOÀN GIẢI TRÍ ĐẠI DƯƠNG ,QUYẾT ĐỊNH PHÁT HÀNH TRÒ CHƠI ĐIỆN TỬ G1 TRÊN MẠNG,2026-02-13,Giấy phép (ABEI),88/QĐ-PTTH&TTĐT,invalid,https://giayphep.abei.gov.vn/
lumia.vtcgame.vn,CÔNG TY VTC CÔNG NGHỆ VÀ NỘI DUNG SỐ,QUYẾT ĐỊNH PHÁT HÀNH TRÒ CHƠI ĐIỆN TỬ G1 TRÊN MẠNG,2020-12-23,Giấy phép (ABEI),2778/QĐ-BTTTT,invalid,https://giayphep.abei.gov.vn/
luonglong.gaba.vn,CÔNG TY CỔ PHẦN TRÒ CHƠI VEGA,QUYẾT ĐỊNH PHÁT HÀNH TRÒ CHƠI ĐIỆN TỬ G1 TRÊN MẠNG,2017-02-16,Giấy phép (ABEI),158/QĐ-BTTTT,invalid,https://giayphep.abei.gov.vn/
lussom.vn,CÔNG TY TNHH LUSSOM,QUYẾT ĐỊNH PHÁT HÀNH TRÒ CHƠI ĐIỆN TỬ G1 TRÊN MẠNG,2020-06-11,Giấy phép (ABEI),981/QĐ-BTTTT,valid,https://giayphep.abei.gov.vn/
luuhuongvng.zing.vn,CÔNG TY CỔ PHẦN VNG,QUYẾT ĐỊNH PHÁT HÀNH TRÒ CHƠI ĐIỆN TỬ G1 TRÊN MẠNG,2020-05-20,Giấy phép (ABEI),849/QĐ-BTTTT,invalid,https://giayphep.abei.gov.vn/
luulymong.hhgame.vn,CÔNG TY CỔ PHẦN PHÁT TRIỂN CÔNG NGHỆ SỐ HỒNG HÀ,QUYẾT ĐỊNH PHÁT HÀNH TRÒ CHƠI ĐIỆN TỬ G1 TRÊN MẠNG,2021-04-02,Giấy phép (ABEI),429/QĐ-BTTTT,valid,https://giayphep.abei.gov.vn/
luutruquocgia1.org.vn,Trung tâm Lưu trữ quốc gia 1,Website - Trang TTĐT tổng hợp,,Giấy phép (TVPL PDF),,valid,
luxbrand.vn,Công ty Cổ phần Truyền thông Mùa Vàng,Website - Trang TTĐT tổng hợp,,Giấy phép (TVPL PDF),,valid,
luxlifestyle.vn,CÔNG TY CỔ PHẦN TRUYỀN THÔNG LỐI SỐNG THƯỢNG LƯU,GIẤY PHÉP CUNG CẤP DỊCH VỤ MẠNG XÃ HỘI,2021-11-26,Giấy phép (ABEI),782/GP-BTTTT,valid,https://giayphep.abei.gov.vn/
luxreview.vn,Công ty cổ phần Truyền thông Quảng cáo A&D,Website - Trang mạng xã hội,,Giấy phép (TVPL PDF),,valid,
luxurydaily.com.vn,Tạp chí Thời trang vàng,"Website - Báo, tạp chí điện tử",,Giấy phép (TVPL PDF),,valid,
luxurydaily.net,Tạp chí Thời trang vàng,"Website - Báo, tạp chí điện tử",,Giấy phép (TVPL PDF),,valid,
luxurydaily.vn,Tạp chí Thời trang vàng,"Website - Báo, tạp chí điện tử",,Giấy phép (TVPL PDF),,valid,
luyenkhi.vn,CÔNG TY CỔ PHẦN 9PLAY,QUYẾT ĐỊNH PHÁT HÀNH TRÒ CHƠI ĐIỆN TỬ G1 TRÊN MẠNG,2024-07-15,Giấy phép (ABEI),1179/QĐ-BTTTT,valid,https://giayphep.abei.gov.vn/
luyenrong.zoneplay.vn,CÔNG TY CỔ PHẦN GZONE MEDIA VIỆT NAM,QUYẾT ĐỊNH PHÁT HÀNH TRÒ CHƠI ĐIỆN TỬ G1 TRÊN MẠNG,2024-12-03,Giấy phép (ABEI),2115/QĐ-BTTTT,valid,https://giayphep.abei.gov.vn/
luyenyeuky.thienthuonghoa.com,CÔNG TY CỔ PHẦN GIẢI TRÍ THIÊN THƯỢNG HỎA,QUYẾT ĐỊNH PHÁT HÀNH TRÒ CHƠI ĐIỆN TỬ G1 TRÊN MẠNG,2021-02-08,Giấy phép (ABEI),162/QĐ-BTTTT,valid,https://giayphep.abei.gov.vn/
lyluanchinhtri.org.vn,TẠP CHÍ LÝ LUẬN CHÍNH TRỊ,GIẤY PHÉP THIẾT LẬP TRANG THÔNG TIN ĐIỆN TỬ TỔNG HỢP,2013-03-05,Giấy phép (ABEI),20/GP-TTĐT,invalid,https://giayphep.abei.gov.vn/
www.lyluanchinhtri.vn,TẠP CHÍ LÝ LUẬN CHÍNH TRỊ,GIẤY PHÉP THIẾT LẬP TRANG THÔNG TIN ĐIỆN TỬ TỔNG HỢP,2013-03-05,Giấy phép (ABEI),20/GP-TTĐT,invalid,https://giayphep.abei.gov.vn/
lyluanchinhtri.vn,TẠP CHÍ LÝ LUẬN CHÍNH TRỊ,GIẤY PHÉP THIẾT LẬP TRANG THÔNG TIN ĐIỆN TỬ TỔNG HỢP,2019-03-11,Giấy phép (ABEI),41/GP-TTĐT,invalid,https://giayphep.abei.gov.vn/
m-edu.vn,CÔNG TY CỔ PHẦN CÔNG NGHỆ VÀ DỊCH VỤ ICT VIỆT NAM,GIẤY PHÉP CUNG CẤP DỊCH VỤ MẠNG XÃ HỘI,2017-09-22,Giấy phép (ABEI),456/GP-BTTTT,valid,https://giayphep.abei.gov.vn/
m-lucky.vn,Công ty Cổ phần M-Mobile,Website - Trang TTĐT tổng hợp,,Giấy phép (TVPL PDF),,valid,
m-sport.vn,Công ty Cổ phần M-Mobile,Website - Trang TTĐT tổng hợp,,Giấy phép (TVPL PDF),,valid,
m.com,"Viện Thi đua, Khen thưởng Việt Nam",Website - Trang TTĐT tổng hợp,,Giấy phép (TVPL PDF),,valid,
m.com.vn,"Viện Thi đua, Khen thưởng Việt Nam",Website - Trang TTĐT tổng hợp,,Giấy phép (TVPL PDF),,valid,
m.ngoalong.zing.vn,CÔNG TY CỔ PHẦN VNG,QUYẾT ĐỊNH PHÁT HÀNH TRÒ CHƠI ĐIỆN TỬ G1 TRÊN MẠNG,2016-06-28,Giấy phép (ABEI),1110/QĐ-BTTTT,invalid,https://giayphep.abei.gov.vn/
m.thanhnien.com.vn,Báo Thanh niên,"Website - Báo, tạp chí điện tử",,Giấy phép (TVPL PDF),,valid,
m.vn,Báo Thanh niên,"Website - Báo, tạp chí điện tử",,Giấy phép (TVPL PDF),,valid,
m14.vn,Công ty Cổ phần Công nghệ Truyền thông Tân Phong,Website - Trang TTĐT tổng hợp,,Giấy phép (TVPL PDF),,valid,
m2life.vn,Công ty cổ phần phát triển đầu tư phần mềm và nội dung số Việt Nam,Website - Trang TTĐT tổng hợp,,Giấy phép (TVPL PDF),,valid,
macfanvietnam.mfv,CÔNG TY CỔ PHẦN THẾ GIỚI DI ĐỘNG,"MXH - Cá nhân, tổ chức",,Giấy phép (TVPL PDF),,valid,
madaotaydu.vn,CÔNG TY CỔ PHẦN CÔNG NGHỆ GTV VIỆT NAM,QUYẾT ĐỊNH PHÁT HÀNH TRÒ CHƠI ĐIỆN TỬ G1 TRÊN MẠNG,2019-07-25,Giấy phép (ABEI),1128/QĐ-BTTTT,valid,https://giayphep.abei.gov.vn/
madaovolam.vn,CÔNG TY CỔ PHẦN VTC DỊCH VỤ DI ĐỘNG,QUYẾT ĐỊNH PHÁT HÀNH TRÒ CHƠI ĐIỆN TỬ G1 TRÊN MẠNG,2019-01-15,Giấy phép (ABEI),55/QĐ-BTTTT,invalid,https://giayphep.abei.gov.vn/
mads.com.vn,Công ty Cổ phần truyền thông Bản Việt,Website - Trang TTĐT tổng hợp,,Giấy phép (TVPL PDF),,valid,
madtale.hhgame.vn,CÔNG TY CỔ PHẦN PHÁT TRIỂN CÔNG NGHỆ SỐ HỒNG HÀ,QUYẾT ĐỊNH PHÁT HÀNH TRÒ CHƠI ĐIỆN TỬ G1 TRÊN MẠNG,2023-03-27,Giấy phép (ABEI),461/QĐ-BTTTT,valid,https://giayphep.abei.gov.vn/
mainguyen.vn,Công ty TNHH Công nghệ Di Động Mai Nguyên,Website - Trang TTĐT tổng hợp,,Giấy phép (TVPL PDF),,valid,
maivang.nld.com.vn,Báo Người lao động (Báo điện tử Người lao động),"Website - Báo, tạp chí điện tử",,Giấy phép (TVPL PDF),,valid,
makiem.splay.vn,CÔNG TY CỔ PHẦN VTC DỊCH VỤ DI ĐỘNG,QUYẾT ĐỊNH PHÁT HÀNH TRÒ CHƠI ĐIỆN TỬ G1 TRÊN MẠNG,2018-05-16,Giấy phép (ABEI),734/QĐ-BTTTT,invalid,https://giayphep.abei.gov.vn/
www.makiem.vn,CÔNG TY CỔ PHẦN VTC DỊCH VỤ DI ĐỘNG,QUYẾT ĐỊNH PHÁT HÀNH TRÒ CHƠI ĐIỆN TỬ G1 TRÊN MẠNG,2018-05-16,Giấy phép (ABEI),734/QĐ-BTTTT,invalid,https://giayphep.abei.gov.vn/
www.makiemsinhtuky.vn,CÔNG TY CỔ PHẦN VTC DỊCH VỤ DI ĐỘNG,QUYẾT ĐỊNH PHÁT HÀNH TRÒ CHƠI ĐIỆN TỬ G1 TRÊN MẠNG,2018-05-16,Giấy phép (ABEI),734/QĐ-BTTTT,invalid,https://giayphep.abei.gov.vn/
makiem.vgplay.vn,CÔNG TY CỔ PHẦN VGP,QUYẾT ĐỊNH PHÁT HÀNH TRÒ CHƠI ĐIỆN TỬ G1 TRÊN MẠNG,2022-05-09,Giấy phép (ABEI),851 /QĐ-BTTTT,valid,https://giayphep.abei.gov.vn/
makiemhiepduyen.vn,CÔNG TY CỔ PHẦN VTC DỊCH VỤ DI ĐỘNG,QUYẾT ĐỊNH PHÁT HÀNH TRÒ CHƠI ĐIỆN TỬ G1 TRÊN MẠNG,2019-09-13,Giấy phép (ABEI),1494/QĐ-BTTTT,invalid,https://giayphep.abei.gov.vn/
mallbook.com.vn,Công ty CP Tập đoàn Việt Nam Life,Website - Trang mạng xã hội,,Giấy phép (TVPL PDF),,valid,
mallbook.vn,Công ty CP Tập đoàn Việt Nam Life,Website - Trang mạng xã hội,,Giấy phép (TVPL PDF),,valid,
www.mallbook.com.vn,CÔNG TY CỔ PHẦN TẬP ĐOÀN VIỆT NAM LIFE,GIẤY PHÉP CUNG CẤP DỊCH VỤ MẠNG XÃ HỘI,2022-10-17,Giấy phép (ABEI),495/GP-BTTTT,valid,https://giayphep.abei.gov.vn/
mangabachay.vgplay.vn,CÔNG TY CỔ PHẦN VGP ,QUYẾT ĐỊNH PHÁT HÀNH TRÒ CHƠI ĐIỆN TỬ G1 TRÊN MẠNG,2025-06-26,Giấy phép (ABEI),284/QĐ-PTTH&TTĐT,invalid,https://giayphep.abei.gov.vn/
mangago.vn,CÔNG TY CỔ PHẦN VCCORP,QUYẾT ĐỊNH PHÁT HÀNH TRÒ CHƠI ĐIỆN TỬ G1 TRÊN MẠNG,2018-03-29,Giấy phép (ABEI),429/QĐ-BTTTT,invalid,https://giayphep.abei.gov.vn/
mangah5.360game.vn,CÔNG TY TNHH TRUYỀN THÔNG MINH PHƯƠNG THỊNH,QUYẾT ĐỊNH PHÁT HÀNH TRÒ CHƠI ĐIỆN TỬ G1 TRÊN MẠNG,2018-01-25,Giấy phép (ABEI),87/QĐ-BTTTT,valid,https://giayphep.abei.gov.vn/
mangahuyenthoai.vn,CÔNG TY CỔ PHẦN VTC DỊCH VỤ DI ĐỘNG,QUYẾT ĐỊNH PHÁT HÀNH TRÒ CHƠI ĐIỆN TỬ G1 TRÊN MẠNG,2016-06-27,Giấy phép (ABEI),1104/QĐ-BTTTT,invalid,https://giayphep.abei.gov.vn/
mangalegend.vn,CÔNG TY CỔ PHẦN VCCORP,QUYẾT ĐỊNH PHÁT HÀNH TRÒ CHƠI ĐIỆN TỬ G1 TRÊN MẠNG,2018-12-11,Giấy phép (ABEI),2124/QĐ-BTTTT,invalid,https://giayphep.abei.gov.vn/
mangatoon.vn,CÔNG TY TNHH KONEC,GIẤY PHÉP CUNG CẤP DỊCH VỤ MẠNG XÃ HỘI,2020-10-16,Giấy phép (ABEI),453/GP-BTTTT,valid,https://giayphep.abei.gov.vn/
mangbatdongsan.vn,CÔNG TY CỔ PHẦN TRUYỀN THÔNG VÀ THƯƠNG MẠI  B.Đ.S VIỆT NAM,GIẤY PHÉP CUNG CẤP DỊCH VỤ MẠNG XÃ HỘI,2019-12-13,Giấy phép (ABEI),549/GP-BTTTT,invalid,https://giayphep.abei.gov.vn/
mangcovat.com.vn,TẠP CHÍ CỔ VẬT TINH HOA,GIẤY PHÉP THIẾT LẬP TRANG THÔNG TIN ĐIỆN TỬ TỔNG HỢP,2015-03-11,Giấy phép (ABEI),15/GPSĐBS-TTĐT,invalid,https://giayphep.abei.gov.vn/
mangdidonglocal.vn,CÔNG TY CỔ PHẦN VIỄN THÔNG ASIM,GIẤY PHÉP CUNG CẤP DỊCH VỤ MẠNG XÃ HỘI,2022-01-25,Giấy phép (ABEI),47/GP-BTTTT,valid,https://giayphep.abei.gov.vn/
mangduoclieu.vn,Viện Nghiên cứu và Ứng dụng nông nghiệp hữu cơ,Website - Trang mạng xã hội,,Giấy phép (TVPL PDF),,valid,
mangxahoiamthanh.vn,Công ty TNHH Bảo tàng Radio,Website - Trang mạng xã hội,,Giấy phép (TVPL PDF),,valid,
mangxahoiviet.vn,CÔNG TY TNHH PHÁT TRIỂN TRUYỀN THÔNG TRUYỀN HÌNH VIỆT NAM,GIẤY PHÉP CUNG CẤP DỊCH VỤ MẠNG XÃ HỘI,2020-11-17,Giấy phép (ABEI),530/GP-BTTTT,valid,https://giayphep.abei.gov.vn/
manhtuong3q.vn,CÔNG TY CỔ PHẦN ACE GAME,QUYẾT ĐỊNH PHÁT HÀNH TRÒ CHƠI ĐIỆN TỬ G1 TRÊN MẠNG,2024-03-19,Giấy phép (ABEI),339/QĐ-BTTTT,valid,https://giayphep.abei.gov.vn/
mantv.vn,CÔNG TY CP MAN ENTERTAINMENT,Website - Trang TTĐT tổng hợp,,Giấy phép (TVPL PDF),,valid,
maplerushtth.com,CÔNG TY CỔ PHẦN GIẢI TRÍ THIÊN THƯỢNG HỎA,QUYẾT ĐỊNH PHÁT HÀNH TRÒ CHƠI ĐIỆN TỬ G1 TRÊN MẠNG,2024-02-06,Giấy phép (ABEI),150/QĐ-BTTTT,valid,https://giayphep.abei.gov.vn/
maplex.vn,CÔNG TY CỔ PHẦN TEPAYLINK ,QUYẾT ĐỊNH PHÁT HÀNH TRÒ CHƠI ĐIỆN TỬ G1 TRÊN MẠNG,2026-02-12,Giấy phép (ABEI),74/QĐ-PTTH&TTĐT,valid,https://giayphep.abei.gov.vn/
maquan.splay.vn,CÔNG TY CỔ PHẦN VTC DỊCH VỤ DI ĐỘNG,QUYẾT ĐỊNH PHÁT HÀNH TRÒ CHƠI ĐIỆN TỬ G1 TRÊN MẠNG,2026-04-02,Giấy phép (ABEI),167/QĐ-PTTH&TTĐT,valid,https://giayphep.abei.gov.vn/
marketingbrands.edu.vn,Công ty TNHH MTV Dịch vụ và Truyền thông Làng Việt,Website - Trang TTĐT tổng hợp,,Giấy phép (TVPL PDF),,valid,
markettimes.vn,Tạp chí điện tử Nhịp sống thị trường,"Website - Báo, tạp chí điện tử",,Giấy phép (TVPL PDF),,valid,
marry.vn,Công ty TNHH Dịch vụ Quảng cáo và Truyền thông Châu Á,Website - Trang mạng xã hội,,Giấy phép (TVPL PDF),,valid,
marryliving.com.vn,Công ty TNHH Dịch vụ Quảng cáo và Truyền thông Châu Á,Website - Trang mạng xã hội,,Giấy phép (TVPL PDF),,valid,
marryliving.vn,Công ty TNHH Dịch vụ Quảng cáo và Truyền thông Châu Á,Website - Trang mạng xã hội,,Giấy phép (TVPL PDF),,valid,
marvelduel.hhgame.vn,CÔNG TY CỔ PHẦN PHÁT TRIỂN CÔNG NGHỆ SỐ HỒNG HÀ,QUYẾT ĐỊNH PHÁT HÀNH TRÒ CHƠI ĐIỆN TỬ G1 TRÊN MẠNG,2021-04-02,Giấy phép (ABEI),428 /QĐ-BTTTT,valid,https://giayphep.abei.gov.vn/
marvelduelhhgame.vn,CÔNG TY CỔ PHẦN PHÁT TRIỂN CÔNG NGHỆ SỐ HỒNG HÀ,QUYẾT ĐỊNH PHÁT HÀNH TRÒ CHƠI ĐIỆN TỬ G1 TRÊN MẠNG,2021-04-02,Giấy phép (ABEI),428/QĐ-BTTTT,valid,https://giayphep.abei.gov.vn/
marvelsieuchientranh.playfun.vn,CÔNG TY CỔ PHẦN FUNTAP,QUYẾT ĐỊNH PHÁT HÀNH TRÒ CHƠI ĐIỆN TỬ G1 TRÊN MẠNG,2020-08-14,Giấy phép (ABEI),1397/QĐ-BTTTT,valid,https://giayphep.abei.gov.vn/
marvelsnap.vn,CÔNG TY CỔ PHẦN PHÁT TRIỂN CÔNG NGHỆ SỐ HỒNG HÀ,QUYẾT ĐỊNH PHÁT HÀNH TRÒ CHƠI ĐIỆN TỬ G1 TRÊN MẠNG,2023-06-23,Giấy phép (ABEI),1106/QĐ-BTTTT,invalid,https://giayphep.abei.gov.vn/
maskonline.vn,BÁO MÀN ẢNH SÂN KHẤU,GIẤY PHÉP THIẾT LẬP TRANG THÔNG TIN ĐIỆN TỬ TỔNG HỢP,2017-01-20,Giấy phép (ABEI),16/GP-TTĐT,invalid,https://giayphep.abei.gov.vn/
masoi.zingplay.com,CÔNG TY TNHH ZINGPLAY VIỆT NAM,QUYẾT ĐỊNH PHÁT HÀNH TRÒ CHƠI ĐIỆN TỬ G1 TRÊN MẠNG,2024-07-02,Giấy phép (ABEI),1113/QĐ-BTTTT,valid,https://giayphep.abei.gov.vn/
mathan3q.vn,CÔNG TY CỔ PHẦN TRỰC TUYẾN GOSU,QUYẾT ĐỊNH PHÁT HÀNH TRÒ CHƠI ĐIỆN TỬ G1 TRÊN MẠNG,2022-10-07,Giấy phép (ABEI),1872/QĐ-BTTTT,invalid,https://giayphep.abei.gov.vn/
mathandigioi.playfun.vn,CÔNG TY CỔ PHẦN FUNTAP,QUYẾT ĐỊNH PHÁT HÀNH TRÒ CHƠI ĐIỆN TỬ G1 TRÊN MẠNG,2024-05-13,Giấy phép (ABEI),768/QĐ-BTTTT,valid,https://giayphep.abei.gov.vn/
mathanlubo.vn,CÔNG TY TNHH SOHA,QUYẾT ĐỊNH PHÁT HÀNH TRÒ CHƠI ĐIỆN TỬ G1 TRÊN MẠNG,2022-08-29,Giấy phép (ABEI),1627/QĐ-BTTTT,valid,https://giayphep.abei.gov.vn/
mathienquyet.vn,CÔNG TY CỔ PHẦN VTC DỊCH VỤ DI ĐỘNG,QUYẾT ĐỊNH PHÁT HÀNH TRÒ CHƠI ĐIỆN TỬ G1 TRÊN MẠNG,2019-10-15,Giấy phép (ABEI),1706/QĐ-BTTTT,invalid,https://giayphep.abei.gov.vn/
matlenh.vtcgame.vn,CÔNG TY VTC CÔNG NGHỆ VÀ NỘI DUNG SỐ,QUYẾT ĐỊNH PHÁT HÀNH TRÒ CHƠI ĐIỆN TỬ G1 TRÊN MẠNG,2025-12-19,Giấy phép (ABEI),564 /QĐ-PTTH&TTĐT,valid,https://giayphep.abei.gov.vn/
mattran.org.vn,Ủy ban Trung ương Mặt trận Tổ quốc Việt Nam,Website - Trang TTĐT tổng hợp,,Giấy phép (TVPL PDF),,valid,
mattran.vn,Ủy ban Trung ương Mặt trận Tổ quốc Việt Nam,Website - Trang TTĐT tổng hợp,,Giấy phép (TVPL PDF),,valid,
www.mattran.vn,ỦY BAN TRUNG ƯƠNG MẶT TRẬN TỔ QUỐC VIỆT NAM,GIẤY PHÉP THIẾT LẬP TRANG THÔNG TIN ĐIỆN TỬ TỔNG HỢP,2022-01-27,Giấy phép (ABEI),12/GP-TTĐT,valid,https://giayphep.abei.gov.vn/
matvucuqua.boardcraftonline.vn,Công ty TNHH ZingPlay Việt Nam,QUYẾT ĐỊNH PHÁT HÀNH TRÒ CHƠI ĐIỆN TỬ G1 TRÊN MẠNG,2025-10-30,Giấy phép (ABEI),479/QĐ-PTTH&TTĐT,invalid,https://giayphep.abei.gov.vn/
mavucthando.vn,CÔNG TY TNHH NEXFUN ,QUYẾT ĐỊNH PHÁT HÀNH TRÒ CHƠI ĐIỆN TỬ G1 TRÊN MẠNG,2025-12-17,Giấy phép (ABEI),558/QĐ-PTTH&TTĐT,valid,https://giayphep.abei.gov.vn/
may.vn,Công ty CP Quảng cáo trực tuyến 24H (may.vn),Website - Trang mạng xã hội,,Giấy phép (TVPL PDF),,valid,
may.com.vn,Công ty CP Quảng cáo trực tuyến 24H (may.vn),Website - Trang mạng xã hội,,Giấy phép (TVPL PDF),,valid,
www.may.com.vn,CÔNG TY CỔ PHẦN QUẢNG CÁO TRỰC TUYẾN 24H,GIẤY PHÉP CUNG CẤP DỊCH VỤ MẠNG XÃ HỘI,2020-12-14,Giấy phép (ABEI),589 /GP-BTTTT,valid,https://giayphep.abei.gov.vn/
maybe.vn,CÔNG TY TNHH MAYBEVERSE,GIẤY PHÉP CUNG CẤP DỊCH VỤ MẠNG XÃ HỘI,2023-03-27,Giấy phép (ABEI),104/GP-BTTTT,valid,https://giayphep.abei.gov.vn/
mazii.vn,Công ty TNHH Công nghệ EUP,Website - Trang mạng xã hội,,Giấy phép (TVPL PDF),,valid,
mbacsi.biz,Công ty Cổ phần Dịch vụ Y Tế Điện tử,Website - Trang TTĐT tổng hợp,,Giấy phép (TVPL PDF),,valid,
mbacsi.net,Công ty Cổ phần Dịch vụ Y Tế Điện tử,Website - Trang TTĐT tổng hợp,,Giấy phép (TVPL PDF),,valid,
mbacsi.vn,Công ty Cổ phần Dịch vụ Y Tế Điện tử,Website - Trang TTĐT tổng hợp,,Giấy phép (TVPL PDF),,valid,
ebacsi.vn,Công ty Cổ phần Dịch vụ Y Tế Điện tử,Website - Trang TTĐT tổng hợp,,Giấy phép (TVPL PDF),,valid,
mbeauty.vn,Công ty TNHH Giải pháp Công nghệ thông tin và Truyền thông Paris,Website - Trang TTĐT tổng hợp,,Giấy phép (TVPL PDF),,valid,
langcuoi.biz,Công ty TNHH Giải pháp Công nghệ thông tin và Truyền thông Paris,Website - Trang TTĐT tổng hợp,,Giấy phép (TVPL PDF),,valid,
mbest.com.vn,CÔNG TY TNHH TOP TALENT,GIẤY PHÉP CUNG CẤP DỊCH VỤ MẠNG XÃ HỘI,2024-06-06,Giấy phép (ABEI),153/GP-BTTTT,valid,https://giayphep.abei.gov.vn/
mbox.com.vn,CÔNG TY TNHH MỘT THÀNH VIÊN MEDIA BOX,QUYẾT ĐỊNH PHÁT HÀNH TRÒ CHƠI ĐIỆN TỬ G1 TRÊN MẠNG,2024-05-30,Giấy phép (ABEI),879/QĐ-BTTTT,valid,https://giayphep.abei.gov.vn/
mbpedia.vn,Công ty cổ phần Monster Box,Website - Trang mạng xã hội,,Giấy phép (TVPL PDF),,valid,
mbpedia.com,Công ty cổ phần Monster Box,Website - Trang mạng xã hội,,Giấy phép (TVPL PDF),,valid,
mcare.com.vn,Công ty Cổ phần dịch vụ truyền thông Vietnamnet Icom,Website - Trang TTĐT tổng hợp,,Giấy phép (TVPL PDF),,valid,
mcd.gaba.vn,CÔNG TY CỔ PHẦN TRÒ CHƠI VEGA,QUYẾT ĐỊNH PHÁT HÀNH TRÒ CHƠI ĐIỆN TỬ G1 TRÊN MẠNG,2020-04-15,Giấy phép (ABEI),570/QĐ-BTTTT,invalid,https://giayphep.abei.gov.vn/
mcine.vn,Công ty Cổ phần Dịch vụ Baza,Website - Trang TTĐT tổng hợp,,Giấy phép (TVPL PDF),,valid,
mclass.vn,CÔNG TY CỔ PHẦN CÔNG NGHỆ GIÁO DỤC TTK VIỆT NAM,GIẤY PHÉP CUNG CẤP DỊCH VỤ MẠNG XÃ HỘI,2021-03-15,Giấy phép (ABEI),159/GP-BTTTT,valid,https://giayphep.abei.gov.vn/
mcorp.vn,CÔNG TY CỔ PHẦN ĐẦU TƯ & CÔNG NGHỆ MCORP,QUYẾT ĐỊNH PHÁT HÀNH TRÒ CHƠI ĐIỆN TỬ G1 TRÊN MẠNG,2020-04-15,Giấy phép (ABEI),544 /QĐ-BTTTT,valid,https://giayphep.abei.gov.vn/
mcredit.com.vn,Công ty tài chính TNHH MB Shinsei,Website - Trang TTĐT tổng hợp,,Giấy phép (TVPL PDF),,valid,
mcrop.vn,CÔNG TY CỔ PHẦN ĐẦU TƯ & CÔNG NGHỆ MCORP,QUYẾT ĐỊNH PHÁT HÀNH TRÒ CHƠI ĐIỆN TỬ G1 TRÊN MẠNG,2021-05-18,Giấy phép (ABEI),675/QĐ-BTTTT,valid,https://giayphep.abei.gov.vn/
mdst.funtap.games,CÔNG TY CỔ PHẦN FUNTAP GAMES,QUYẾT ĐỊNH PHÁT HÀNH TRÒ CHƠI ĐIỆN TỬ G1 TRÊN MẠNG,2026-07-03,Giấy phép (ABEI),384/QĐ-PTTH&TTĐT,valid,https://giayphep.abei.gov.vn/
mdst.hhgame.vn,CÔNG TY CỔ PHẦN PHÁT TRIỂN CÔNG NGHỆ SỐ HỒNG HÀ ,QUYẾT ĐỊNH PHÁT HÀNH TRÒ CHƠI ĐIỆN TỬ G1 TRÊN MẠNG,2026-02-04,Giấy phép (ABEI),46/QĐ-PTTH&TTĐT,invalid,https://giayphep.abei.gov.vn/
mdtq.vn,CÔNG TY CỔ PHẦN TRỰC TUYẾN GOSU,QUYẾT ĐỊNH PHÁT HÀNH TRÒ CHƠI ĐIỆN TỬ G1 TRÊN MẠNG,2018-06-29,Giấy phép (ABEI),1006/QĐ-BTTTT,invalid,https://giayphep.abei.gov.vn/
me.phununet.com,Công ty cổ phần VIETNAM ONLINE GROUP,Website - Trang mạng xã hội,,Giấy phép (TVPL PDF),,valid,
me.zing.vn,CÔNG TY CỔ PHẦN TRỰC TUYẾN CMN VIỆT NAM,QUYẾT ĐỊNH PHÁT HÀNH TRÒ CHƠI ĐIỆN TỬ G1 TRÊN MẠNG,2017-03-03,Giấy phép (ABEI),240/QĐ-BTTTT,valid,https://giayphep.abei.gov.vn/
me2.vn,Công ty cổ phần Dịch vụ Trực tuyến Vĩnh Xuân,Website - Trang mạng xã hội,,Giấy phép (TVPL PDF),,valid,
mechabangbang.joygame.vn,CÔNG TY TNHH GIẢI TRÍ JOY,QUYẾT ĐỊNH PHÁT HÀNH TRÒ CHƠI ĐIỆN TỬ G1 TRÊN MẠNG,2019-11-25,Giấy phép (ABEI),2004/QĐ-BTTTT,valid,https://giayphep.abei.gov.vn/
mecorp.vn,CÔNG TY CỔ PHẦN GIẢI TRÍ DI ĐỘNG,QUYẾT ĐỊNH PHÁT HÀNH TRÒ CHƠI ĐIỆN TỬ G1 TRÊN MẠNG,2016-06-15,Giấy phép (ABEI),1031/QĐ-BTTTT,invalid,https://giayphep.abei.gov.vn/
mecplay.vn,CÔNG TY TNHH MEC GROUP,GIẤY PHÉP CUNG CẤP DỊCH VỤ MẠNG XÃ HỘI,2019-05-21,Giấy phép (ABEI),192/GP-BTTTT,valid,https://giayphep.abei.gov.vn/
med.gaba.vn,CÔNG TY CỔ PHẦN TRÒ CHƠI VEGA,QUYẾT ĐỊNH PHÁT HÀNH TRÒ CHƠI ĐIỆN TỬ G1 TRÊN MẠNG,2019-04-11,Giấy phép (ABEI),563/QĐ-BTTTT,invalid,https://giayphep.abei.gov.vn/
media.esportsviet.vn,CÔNG TY VTC CÔNG NGHỆ VÀ NỘI DUNG SỐ,Website - Trang mạng xã hội,,Giấy phép (TVPL PDF),,valid,
media.game8.vn,CÔNG TY VTC CÔNG NGHỆ VÀ NỘI DUNG SỐ,Website - Trang mạng xã hội,,Giấy phép (TVPL PDF),,valid,
media.pro.vn,Tổng Công ty Truyền thông VNPT-MEDIA,Website - Trang TTĐT tổng hợp,,Giấy phép (TVPL PDF),,valid,
media.thanhnien.com.vn,Báo Thanh niên,"Website - Báo, tạp chí điện tử",,Giấy phép (TVPL PDF),,valid,
mediacontent.vn,Công ty TNHH Dịch vụ Công nghệ viễn thông TTSC Việt Nam,Website - Trang TTĐT tổng hợp,,Giấy phép (TVPL PDF),,valid,
medihub.vn,CÔNG TY TNHH TRUYỀN THÔNG MEDIHUB,GIẤY PHÉP CUNG CẤP DỊCH VỤ MẠNG XÃ HỘI,2017-04-11,Giấy phép (ABEI),145/GP-BTTTT,valid,https://giayphep.abei.gov.vn/
medplus.vn,CÔNG TY CỔ PHẦN FINIZZ,GIẤY PHÉP CUNG CẤP DỊCH VỤ MẠNG XÃ HỘI,2019-12-03,Giấy phép (ABEI),528/GP-BTTTT,valid,https://giayphep.abei.gov.vn/
meeychat.vn,CÔNG TY CỔ PHẦN TẬP ĐOÀN MEEY LAND,GIẤY PHÉP CUNG CẤP DỊCH VỤ MẠNG XÃ HỘI,2024-03-26,Giấy phép (ABEI),72/GP-BTTTT,valid,https://giayphep.abei.gov.vn/
www.meeychat.com,CÔNG TY CỔ PHẦN TẬP ĐOÀN MEEY LAND,GIẤY PHÉP CUNG CẤP DỊCH VỤ MẠNG XÃ HỘI,2024-03-26,Giấy phép (ABEI),72/GP-BTTTT,valid,https://giayphep.abei.gov.vn/
meeyland.com,Công ty Cổ phần Tập đoàn MEEY LAND,Website - Trang TTĐT tổng hợp,,Giấy phép (TVPL PDF),,valid,
meeyland.com.vn,Công ty Cổ phần Tập đoàn MEEY LAND,Website - Trang TTĐT tổng hợp,,Giấy phép (TVPL PDF),,valid,
meeyproject.vn,CÔNG TY CỔ PHẦN TẬP ĐOÀN MEEY LAND,GIẤY PHÉP CUNG CẤP DỊCH VỤ MẠNG XÃ HỘI,2023-08-07,Giấy phép (ABEI),280/GP-BTTTT,valid,https://giayphep.abei.gov.vn/
www.meeyproject.com,CÔNG TY CỔ PHẦN TẬP ĐOÀN MEEY LAND,GIẤY PHÉP CUNG CẤP DỊCH VỤ MẠNG XÃ HỘI,2023-08-07,Giấy phép (ABEI),280/GP-BTTTT,valid,https://giayphep.abei.gov.vn/
meeyshare.vn,CÔNG TY CỔ PHẦN TẬP ĐOÀN MEEY LAND,GIẤY PHÉP CUNG CẤP DỊCH VỤ MẠNG XÃ HỘI,2023-03-24,Giấy phép (ABEI),95/GP-BTTTT,valid,https://giayphep.abei.gov.vn/
www.meeyshare.com,CÔNG TY CỔ PHẦN TẬP ĐOÀN MEEY LAND,GIẤY PHÉP CUNG CẤP DỊCH VỤ MẠNG XÃ HỘI,2023-03-24,Giấy phép (ABEI),95/GP-BTTTT,valid,https://giayphep.abei.gov.vn/
megaball.vn,TỔNG CÔNG TY TRUYỀN THÔNG (VNPT),GIẤY PHÉP CUNG CẤP DỊCH VỤ MẠNG XÃ HỘI,2017-08-14,Giấy phép (ABEI),393/GP-BTTTT,valid,https://giayphep.abei.gov.vn/
megaclip.com.vn,TỔNG CÔNG TY TRUYỀN THÔNG (VNPT),GIẤY PHÉP CUNG CẤP DỊCH VỤ MẠNG XÃ HỘI,2017-04-20,Giấy phép (ABEI),169/GP-BTTTT,valid,https://giayphep.abei.gov.vn/
megadaichien.vn,CÔNG TY CỔ PHẦN ACE GAME,QUYẾT ĐỊNH PHÁT HÀNH TRÒ CHƠI ĐIỆN TỬ G1 TRÊN MẠNG,2022-07-11,Giấy phép (ABEI),1366/QĐ-BTTTT,valid,https://giayphep.abei.gov.vn/
megafun.vn,"Công ty Phát triển dịch vụ truyền thông, Chi nhánh Tổng công ty truyền thông",Website - Trang TTĐT tổng hợp,,Giấy phép (TVPL PDF),,valid,
megaview.info,Công ty Cổ phần Công nghệ và Truyền thông số Vietnet,Website - Trang TTĐT tổng hợp,,Giấy phép (TVPL PDF),,valid,
megaview.info.vn,Công ty Cổ phần Công nghệ và Truyền thông số Vietnet,Website - Trang TTĐT tổng hợp,,Giấy phép (TVPL PDF),,valid,
mek.vn,Công ty cổ phần VCCorp,"MXH - Cá nhân, tổ chức",,Giấy phép (TVPL PDF),,valid,
mekan.vn,Công ty cổ phần Thương mại CITICOM,Website - Trang mạng xã hội,,Giấy phép (TVPL PDF),,valid,
mekhonghoanhao.com,Công ty Cổ phần Thương mại Dịch vụ và Truyền thông Brandon,Website - Trang mạng xã hội,,Giấy phép (TVPL PDF),,valid,
mekhonghoanhao.com.vn,Công ty Cổ phần Thương mại Dịch vụ và Truyền thông Brandon,Website - Trang mạng xã hội,,Giấy phép (TVPL PDF),,valid,
mekongsean.vn,BÁO THỜI VỤ MÊ KÔNG,GIẤY PHÉP THIẾT LẬP TRANG THÔNG TIN ĐIỆN TỬ TỔNG HỢP,2018-05-10,Giấy phép (ABEI),113/GP-TTĐT,valid,https://giayphep.abei.gov.vn/
mem.net.vn,CÔNG TY CỔ PHẦN GIẢI TRÍ DI ĐỘNG,QUYẾT ĐỊNH PHÁT HÀNH TRÒ CHƠI ĐIỆN TỬ G1 TRÊN MẠNG,2017-05-18,Giấy phép (ABEI),734/QĐ-BTTTT,invalid,https://giayphep.abei.gov.vn/
men.net.vn,Công ty Cổ phần INET,Website - Trang TTĐT tổng hợp,,Giấy phép (TVPL PDF),,valid,
menandlife.com.vn,CÔNG TY TNHH THƯƠNG MẠI DỊCH VỤ QUẢNG CÁO ĐẠI TÍN NGHĨA,GIẤY PHÉP CUNG CẤP DỊCH VỤ MẠNG XÃ HỘI,2019-05-21,Giấy phép (ABEI),195/GP-BTTTT,valid,https://giayphep.abei.gov.vn/
menglish.vn,CÔNG TY CỔ PHẦN DỊCH VỤ VIỄN THÔNG SUNTEL VIỆT NAM,GIẤY PHÉP CUNG CẤP DỊCH VỤ MẠNG XÃ HỘI,2017-09-12,Giấy phép (ABEI),441/GP-BTTTT,invalid,https://giayphep.abei.gov.vn/
meoduky.zingplay.vn,CÔNG TY TNHH ZINGPLAY VIỆT NAM,"GIẤY XÁC NHẬN THÔNG BÁO PHÁT HÀNH TRÒ CHƠI ĐIỆN TỬ G2,G3,G4",2022-04-18,Giấy phép (ABEI),39/GXN-PTTH&TTĐT,valid,https://giayphep.abei.gov.vn/
meomaysieuquay.vn,CÔNG TY CỔ PHẦN DRAGON GAME ,QUYẾT ĐỊNH PHÁT HÀNH TRÒ CHƠI ĐIỆN TỬ G1 TRÊN MẠNG,2026-02-13,Giấy phép (ABEI),86/QĐ-PTTH&TTĐT,valid,https://giayphep.abei.gov.vn/
meovatcs.vn,Công ty cổ phần chuyển giao Công nghệ viễn thông,Website - Trang TTĐT tổng hợp,,Giấy phép (TVPL PDF),,valid,
mes.vneconomy.vn,Tạp chí Kinh tế Việt Nam,"Website - Báo, tạp chí điện tử",,Giấy phép (TVPL PDF),,valid,
meta.vn,CÔNG TY CỔ PHẦN TRỤC TUYẾN META,GIẤY PHÉP CUNG CẤP DỊCH VỤ MẠNG XÃ HỘI,2021-08-30,Giấy phép (ABEI),570/GP-BTTTT,valid,https://giayphep.abei.gov.vn/
metalslugawk.vnggames.net,CÔNG TY CỔ PHẦN TẬP ĐOÀN VNG,QUYẾT ĐỊNH PHÁT HÀNH TRÒ CHƠI ĐIỆN TỬ G1 TRÊN MẠNG,2026-03-24,Giấy phép (ABEI),138/QĐ-PTTH&TTĐT,invalid,https://giayphep.abei.gov.vn/
metrip.vn,CÔNG TY CỔ PHẦN BILI & BROS,GIẤY PHÉP CUNG CẤP DỊCH VỤ MẠNG XÃ HỘI,2019-10-02,Giấy phép (ABEI),419/GP-BTTTT,valid,https://giayphep.abei.gov.vn/
metroz.vn,Công ty TNHH VNG ONLINE,Website - Trang TTĐT tổng hợp,,Giấy phép (TVPL PDF),,valid,
zingmetroz.vn,Công ty TNHH VNG ONLINE,Website - Trang TTĐT tổng hợp,,Giấy phép (TVPL PDF),,valid,
mevabe.vn,TẠP CHÍ MẸ VÀ BÉ,GIẤY PHÉP THIẾT LẬP TRANG THÔNG TIN ĐIỆN TỬ TỔNG HỢP,2016-03-25,Giấy phép (ABEI),22/GP-TTĐT,valid,https://giayphep.abei.gov.vn/
mevacon.com.vn,BÁO GIÁO DỤC THÀNH PHỐ HỒ CHÍ MINH,GIẤY PHÉP THIẾT LẬP TRANG THÔNG TIN ĐIỆN TỬ TỔNG HỢP,2018-07-12,Giấy phép (ABEI),180/GP-TTĐT,valid,https://giayphep.abei.gov.vn/
meyeucon.vn,Công ty Cổ phần INET,Website - Trang TTĐT tổng hợp,,Giấy phép (TVPL PDF),,valid,
mfiend.vn,Công ty cổ phần truyền thông & công nghệ Ditech,Website - Trang mạng xã hội,,Giấy phép (TVPL PDF),,valid,
mfilm.vn,Công ty Cổ phần Đầu tư và Phát triển CNTT Nam Việt,Website - Trang mạng xã hội,,Giấy phép (TVPL PDF),,valid,
mfood.net.vn,Công ty TNHH Công nghệ truyền thông Việt Hùng,Website - Trang TTĐT tổng hợp,,Giấy phép (TVPL PDF),,valid,
mfun.net.vn,CÔNG TY CỔ PHẦN TRUYỀN THÔNG SMART MEDIA VIỆT NAM,GIẤY PHÉP CUNG CẤP DỊCH VỤ MẠNG XÃ HỘI,2014-11-28,Giấy phép (ABEI),345/GP-BTTTT,invalid,https://giayphep.abei.gov.vn/
mgame.com.vn,CÔNG TY CỔ PHẦN VDC ONLINE,GIẤY PHÉP CUNG CẤP DỊCH VỤ MẠNG XÃ HỘI,2020-11-17,Giấy phép (ABEI),531/GP-BTTTT,valid,https://giayphep.abei.gov.vn/
mgcgg.hhgame.vn,CÔNG TY CỔ PHẦN PHÁT TRIỂN CÔNG NGHỆ SỐ HỒNG HÀ,QUYẾT ĐỊNH PHÁT HÀNH TRÒ CHƠI ĐIỆN TỬ G1 TRÊN MẠNG,2025-06-26,Giấy phép (ABEI),282/QĐ-PTTH&TTĐT,valid,https://giayphep.abei.gov.vn/
mgift.vn,CÔNG TY TNHH QUẢNG CÁO VIET LINK,Website - Trang TTĐT tổng hợp,,Giấy phép (TVPL PDF),,valid,
mgn.vn,CÔNG TY CỔ PHẦN VIETNAM NEW LIFESTYLE INCUBATION,GIẤY PHÉP CUNG CẤP DỊCH VỤ MẠNG XÃ HỘI,2021-01-15,Giấy phép (ABEI),38/GP-BTTTT,valid,https://giayphep.abei.gov.vn/
mgoal.vn,CÔNG TY CỔ PHẦN ĐẦU TƯ KINH DOANH SÁNG TẠO VIỆT,Website - Trang mạng xã hội,,Giấy phép (TVPL PDF),,valid,
mgol.com.vn,CÔNG TY TNHH PHẦN MỀM WEPLAY,QUYẾT ĐỊNH PHÁT HÀNH TRÒ CHƠI ĐIỆN TỬ G1 TRÊN MẠNG,2024-12-10,Giấy phép (ABEI),2165/QĐ-BTTTT,valid,https://giayphep.abei.gov.vn/
www.mgol.vn,CÔNG TY TNHH PHẦN MỀM MGOL,QUYẾT ĐỊNH PHÁT HÀNH TRÒ CHƠI ĐIỆN TỬ G1 TRÊN MẠNG,2023-07-11,Giấy phép (ABEI),1242/QĐ-BTTTT,valid,https://giayphep.abei.gov.vn/
mgol.vn,CÔNG TY TNHH PHẦN MỀM MGOL,QUYẾT ĐỊNH PHÁT HÀNH TRÒ CHƠI ĐIỆN TỬ G1 TRÊN MẠNG,2023-08-29,Giấy phép (ABEI),1673/QĐ-BTTTT,valid,https://giayphep.abei.gov.vn/
mhgh.ggo.vn,CÔNG TY CỔ PHẦN GGO,QUYẾT ĐỊNH PHÁT HÀNH TRÒ CHƠI ĐIỆN TỬ G1 TRÊN MẠNG,2020-05-21,Giấy phép (ABEI),861/QĐ-BTTTT,valid,https://giayphep.abei.gov.vn/
mhocvui.vn,Công ty cổ phần Công nghệ Truyền thông Tân Phong.,Website - Trang mạng xã hội,,Giấy phép (TVPL PDF),,valid,
mhpt.ggo.vn,CÔNG TY CỔ PHẦN GGO,QUYẾT ĐỊNH PHÁT HÀNH TRÒ CHƠI ĐIỆN TỬ G1 TRÊN MẠNG,2023-01-13,Giấy phép (ABEI),23 /QĐ-BTTTT,invalid,https://giayphep.abei.gov.vn/
mhtk.vgplay.vn,CÔNG TY CỔ PHẦN VGP,QUYẾT ĐỊNH PHÁT HÀNH TRÒ CHƠI ĐIỆN TỬ G1 TRÊN MẠNG,2024-02-06,Giấy phép (ABEI),156 /QĐ-BTTTT,valid,https://giayphep.abei.gov.vn/
mic.gov.vn,TRUNG TÂM THÔNG TIN - BỘ THÔNG TIN VÀ TRUYỀN THÔNG,GIẤY PHÉP THIẾT LẬP TRANG THÔNG TIN ĐIỆN TỬ TỔNG HỢP,2016-03-15,Giấy phép (ABEI),18/GP-TTĐT,valid,https://giayphep.abei.gov.vn/
mienbienthuy.vn,VỤ QUẢN LÝ QUY HOẠCH,GIẤY PHÉP THIẾT LẬP TRANG THÔNG TIN ĐIỆN TỬ TỔNG HỢP,2017-03-31,Giấy phép (ABEI),92/GP-TTĐT,valid,https://giayphep.abei.gov.vn/
mientay.giadinhonline.vn,Tạp chí Gia đình Việt Nam,"Website - Báo, tạp chí điện tử",,Giấy phép (TVPL PDF),,valid,
mientrungyeuthuong.vn,Công ty TNHH DSF Việt Nam,Website - Trang mạng xã hội,,Giấy phép (TVPL PDF),,valid,
mieude.velalive.vn,Công ty TNHH Velalive ,QUYẾT ĐỊNH PHÁT HÀNH TRÒ CHƠI ĐIỆN TỬ G1 TRÊN MẠNG,2025-10-17,Giấy phép (ABEI),457/QĐ-PTTH&TTĐT,valid,https://giayphep.abei.gov.vn/
migagame.vn,CÔNG TY CỔ PHẦN DỊCH VỤ TRỰC TUYẾN MIGA,QUYẾT ĐỊNH PHÁT HÀNH TRÒ CHƠI ĐIỆN TỬ G1 TRÊN MẠNG,2024-10-18,Giấy phép (ABEI),1789/QĐ-BTTTT,valid,https://giayphep.abei.gov.vn/
migame.vn,CÔNG TY CỔ PHẦN DỊCH VỤ TRỰC TUYẾN MIGA,QUYẾT ĐỊNH PHÁT HÀNH TRÒ CHƠI ĐIỆN TỬ G1 TRÊN MẠNG,2026-02-06,Giấy phép (ABEI),55/QĐ-PTTH&TTĐT,valid,https://giayphep.abei.gov.vn/
www.migagame.vn,CÔNG TY CỔ PHẦN DỊCH VỤ TRỰC TUYẾN MIGA,QUYẾT ĐỊNH PHÁT HÀNH TRÒ CHƠI ĐIỆN TỬ G1 TRÊN MẠNG,2024-05-13,Giấy phép (ABEI),765/QĐ-BTTTT,valid,https://giayphep.abei.gov.vn/
migames.vn,CÔNG TY TNHH MOUNTAIN LAKE,QUYẾT ĐỊNH PHÁT HÀNH TRÒ CHƠI ĐIỆN TỬ G1 TRÊN MẠNG,2022-04-28,Giấy phép (ABEI),793/QĐ-BTTTT,valid,https://giayphep.abei.gov.vn/
mily.thegioi,Công ty cổ phần VCCorp,"MXH - Cá nhân, tổ chức",,Giấy phép (TVPL PDF),,valid,
mimiland.com,CÔNG TY TNHH CÔNG NGHỆ MIMILAND,QUYẾT ĐỊNH PHÁT HÀNH TRÒ CHƠI ĐIỆN TỬ G1 TRÊN MẠNG,2023-10-16,Giấy phép (ABEI),1991/QĐ-BTTTT,valid,https://giayphep.abei.gov.vn/
sohagame.vn,CÔNG TY CỔ PHẦN VCCORP,QUYẾT ĐỊNH PHÁT HÀNH TRÒ CHƠI ĐIỆN TỬ G1 TRÊN MẠNG,2017-11-09,Giấy phép (ABEI),1939/QĐ-BTTTT,invalid,https://giayphep.abei.gov.vn/
minhphuongthinh.vn,CÔNG TY TNHH TRUYỀN THÔNG MINH PHƯƠNG THỊNH,QUYẾT ĐỊNH PHÁT HÀNH TRÒ CHƠI ĐIỆN TỬ G1 TRÊN MẠNG,2019-05-24,Giấy phép (ABEI),760 /QĐ-BTTTT,valid,https://giayphep.abei.gov.vn/
miniworldgame.vn,CÔNG TY TNHH THẾ GIỚI MINI,QUYẾT ĐỊNH PHÁT HÀNH TRÒ CHƠI ĐIỆN TỬ G1 TRÊN MẠNG,2021-07-30,Giấy phép (ABEI),1122/QĐ-BTTTT,valid,https://giayphep.abei.gov.vn/
miniworldtech.vn,CÔNG TY TNHH THẾ GIỚI MINI,QUYẾT ĐỊNH PHÁT HÀNH TRÒ CHƠI ĐIỆN TỬ G1 TRÊN MẠNG,2020-10-23,Giấy phép (ABEI),1786/QĐ-BTTTT,valid,https://giayphep.abei.gov.vn/
mir2.game.chronicle.vn,CÔNG TY TNHH CHRONICLE,QUYẾT ĐỊNH PHÁT HÀNH TRÒ CHƠI ĐIỆN TỬ G1 TRÊN MẠNG,2023-06-08,Giấy phép (ABEI),998/QĐ-BTTTT,valid,https://giayphep.abei.gov.vn/
mir2sabuk.playfun.vn,CÔNG TY CỔ PHẦN PHÁT TRIỂN CÔNG NGHỆ SỐ HỒNG HÀ,QUYẾT ĐỊNH PHÁT HÀNH TRÒ CHƠI ĐIỆN TỬ G1 TRÊN MẠNG,2023-08-29,Giấy phép (ABEI),1671/QĐ-BTTTT,invalid,https://giayphep.abei.gov.vn/
mixbox.vn,CÔNG TY TNHH THƯƠNG MẠI VÀ DỊCH VỤ HYPER,GIẤY PHÉP CUNG CẤP DỊCH VỤ MẠNG XÃ HỘI,2017-03-30,Giấy phép (ABEI),126/GP-BTTTT,valid,https://giayphep.abei.gov.vn/
mizuiku-emyeunuocsach.vn,CÔNG TY TNHH NƯỚC GIẢI KHÁT SUNTORY PEPSICO VIỆT NAM,Website - Trang TTĐT tổng hợp,,Giấy phép (TVPL PDF),,valid,
mkara.vn,CÔNG TY CỔ PHẦN TRUYỀN THÔNG VNNPLUS,GIẤY PHÉP CUNG CẤP DỊCH VỤ MẠNG XÃ HỘI,2023-10-16,Giấy phép (ABEI),385/GP-BTTTT,valid,https://giayphep.abei.gov.vn/
mkul.vn,Công ty cổ phần Đầu tư và Phát triển Công nghệ Truyền thông Nam Việt,Website - Trang mạng xã hội,,Giấy phép (TVPL PDF),,valid,
mkyuc.nes,Công ty TNHH Vietnam Music Award,"MXH - Cá nhân, tổ chức",,Giấy phép (TVPL PDF),,valid,
mladventure.hhgame.vn,CÔNG TY CỔ PHẦN PHÁT TRIỂN CÔNG NGHỆ SỐ HỒNG HÀ,QUYẾT ĐỊNH PHÁT HÀNH TRÒ CHƠI ĐIỆN TỬ G1 TRÊN MẠNG,2022-01-24,Giấy phép (ABEI),96/QĐ-BTTTT,valid,https://giayphep.abei.gov.vn/
mlady.com.vn,Công ty TNHH Đầu tư Viễn Thông Miền Nam,Website - Trang TTĐT tổng hợp,,Giấy phép (TVPL PDF),,valid,
mlbb.hhgame.vn,Công ty Cổ phần phát triển công nghệ số Hồng Hà,QUYẾT ĐỊNH PHÁT HÀNH TRÒ CHƠI ĐIỆN TỬ G1 TRÊN MẠNG,2025-10-29,Giấy phép (ABEI),473/QĐ-PTTH&TTĐT,valid,https://giayphep.abei.gov.vn/
mlgames.vn,CÔNG TY TNHH MOUNTAIN LAKE,QUYẾT ĐỊNH PHÁT HÀNH TRÒ CHƠI ĐIỆN TỬ G1 TRÊN MẠNG,2022-04-25,Giấy phép (ABEI),761 /QĐ-BTTTT,valid,https://giayphep.abei.gov.vn/
mmg.zoneplay.vn,CÔNG TY TNHH GZONE MEDIA VIỆT NAM,QUYẾT ĐỊNH PHÁT HÀNH TRÒ CHƠI ĐIỆN TỬ G1 TRÊN MẠNG,2021-08-10,Giấy phép (ABEI),1183/QĐ-BTTTT,valid,https://giayphep.abei.gov.vn/
mmotech.vn,Công ty Cổ phần Công nghệ MMO Việt Nam,Website - Trang TTĐT tổng hợp,,Giấy phép (TVPL PDF),,valid,
mmusic.vn,CÔNG TY TNHH MỘT THÀNH VIÊN PHÁT TRIỂN DỊCH VỤ VIỄN THÔNG TOÀN CẦU,GIẤY PHÉP CUNG CẤP DỊCH VỤ MẠNG XÃ HỘI,2014-11-28,Giấy phép (ABEI),343/GP-BTTTT,invalid,https://giayphep.abei.gov.vn/
mmuzik.vn,Công ty cổ phần Truyền thông Hội tụ Việt Nam,Website - Trang mạng xã hội,,Giấy phép (TVPL PDF),,valid,
moba.360mobi.vn,CÔNG TY CỔ PHẦN VNG,QUYẾT ĐỊNH PHÁT HÀNH TRÒ CHƠI ĐIỆN TỬ G1 TRÊN MẠNG,2022-05-10,Giấy phép (ABEI),872/QĐ-BTTTT,invalid,https://giayphep.abei.gov.vn/
moba.vn,CÔNG TY CỔ PHẦN VTC DỊCH VỤ DI ĐỘNG,QUYẾT ĐỊNH PHÁT HÀNH TRÒ CHƠI ĐIỆN TỬ G1 TRÊN MẠNG,2016-06-13,Giấy phép (ABEI),1018/QĐ-BTTTT,invalid,https://giayphep.abei.gov.vn/
mobi-game.vn,CÔNG TY CỔ PHẦN CÔNG NGHỆ MOBI-GAME,QUYẾT ĐỊNH PHÁT HÀNH TRÒ CHƠI ĐIỆN TỬ G1 TRÊN MẠNG,2021-04-29,Giấy phép (ABEI),571/QĐ-BTTTT,valid,https://giayphep.abei.gov.vn/
mobi.gamelord.vn,CÔNG TY CỔ PHẦN GB TOÀN CẦU,"GIẤY XÁC NHẬN THÔNG BÁO PHÁT HÀNH TRÒ CHƠI ĐIỆN TỬ G2,G3,G4",2020-05-25,Giấy phép (ABEI),71/GXN-PTTH&TTĐT,valid,https://giayphep.abei.gov.vn/
mobiagri.vn,TỔNG CÔNG TY VIỄN THÔNG MOBIFONE,GIẤY PHÉP CUNG CẤP DỊCH VỤ MẠNG XÃ HỘI,2024-05-30,Giấy phép (ABEI),145/GP-BTTTT,valid,https://giayphep.abei.gov.vn/
mobiai.vn,TỔNG CÔNG TY VIỄN THÔNG MOBIFONE,GIẤY PHÉP CUNG CẤP DỊCH VỤ MẠNG XÃ HỘI,2026-03-05,Giấy phép (ABEI),35/GP-BVHTTDL,valid,https://giayphep.abei.gov.vn/
mobiclip.vn,Công ty Cổ phần Bạch Minh,Website - Trang mạng xã hội,,Giấy phép (TVPL PDF),,valid,
mobifone.vn,TỔNG CÔNG TY VIỄN THÔNG MOBIFONE,GIẤY PHÉP CUNG CẤP DỊCH VỤ MẠNG XÃ HỘI,2026-02-25,Giấy phép (ABEI),25/GP-BVHTTDL,valid,https://giayphep.abei.gov.vn/
mobigame.com.vn,CÔNG TY TNHH MTV THƯƠNG MẠI DỊCH VỤ MOBIFONE TOÀN CẦU,"GIẤY XÁC NHẬN THÔNG BÁO PHÁT HÀNH TRÒ CHƠI ĐIỆN TỬ G2,G3,G4",2023-12-20,Giấy phép (ABEI),220/GXN-PTTH&TTĐT,valid,https://giayphep.abei.gov.vn/
mobigame.vn,CÔNG TY CỔ PHẦN VTC DỊCH VỤ DI ĐỘNG,"GIẤY XÁC NHẬN THÔNG BÁO PHÁT HÀNH TRÒ CHƠI ĐIỆN TỬ G2,G3,G4",2023-06-21,Giấy phép (ABEI),101/GXN-PTTH&TTĐT,valid,https://giayphep.abei.gov.vn/
mobigames.vn,TỔNG CÔNG TY VIỄN THÔNG MOBIFONE,GIẤY PHÉP CUNG CẤP DỊCH VỤ MẠNG XÃ HỘI,2024-11-25,Giấy phép (ABEI),342/GP-BTTTT,valid,https://giayphep.abei.gov.vn/
mobikara.vn,Công ty Cổ phần Mobi-One,Website - Trang TTĐT tổng hợp,,Giấy phép (TVPL PDF),,valid,
mobikara.com,Công ty cổ phần MOBI-ONE,Website - Trang mạng xã hội,,Giấy phép (TVPL PDF),,valid,
www.mobikara.com,CÔNG TY CỔ PHẦN MOBI-ONE,GIẤY PHÉP CUNG CẤP DỊCH VỤ MẠNG XÃ HỘI,2017-11-08,Giấy phép (ABEI),556/GP-BTTTT,valid,https://giayphep.abei.gov.vn/
www.singkara.vn,CÔNG TY CỔ PHẦN MOBI-ONE,GIẤY PHÉP CUNG CẤP DỊCH VỤ MẠNG XÃ HỘI,2017-11-08,Giấy phép (ABEI),556/GP-BTTTT,valid,https://giayphep.abei.gov.vn/
mobilenet.vietnamnet.vn,Báo VietNamNet,"Website - Báo, tạp chí điện tử",,Giấy phép (TVPL PDF),,valid,
mobileroyale.gamota.com,CÔNG TY CỔ PHẦN GAMOTA,QUYẾT ĐỊNH PHÁT HÀNH TRÒ CHƠI ĐIỆN TỬ G1 TRÊN MẠNG,2026-05-29,Giấy phép (ABEI),284/QĐ-PTTH&TTĐT,valid,https://giayphep.abei.gov.vn/
mobiphim.vn,Công ty Cổ phần Đầu tư và Phát triển Công nghệ Truyền thông Nam Việt,Website - Trang mạng xã hội,,Giấy phép (TVPL PDF),,valid,
mobiradio.vn,Công ty Cổ phần dịch vụ truyền thông Vietnamnet Icom,Website - Trang TTĐT tổng hợp,,Giấy phép (TVPL PDF),,valid,
mobitalk.com.vn,Công ty Cổ phần Teranet,Website - Trang TTĐT tổng hợp,,Giấy phép (TVPL PDF),,valid,
mobiz.vn,CÔNG TY CỔ PHẦN MOBIZ,QUYẾT ĐỊNH PHÁT HÀNH TRÒ CHƠI ĐIỆN TỬ G1 TRÊN MẠNG,2020-04-21,Giấy phép (ABEI),120/QĐ-BTTTT,valid,https://giayphep.abei.gov.vn/
mobo.vn,Công ty Cổ phần Giải trí Di động,Website - Trang mạng xã hội,,Giấy phép (TVPL PDF),,valid,
mocdieptruyenthuyet.vn,CÔNG TY CỔ PHẦN WETAPS,QUYẾT ĐỊNH PHÁT HÀNH TRÒ CHƠI ĐIỆN TỬ G1 TRÊN MẠNG,2023-12-22,Giấy phép (ABEI),2497/QĐ-BTTTT,valid,https://giayphep.abei.gov.vn/
mocgame.vn,Công ty TNHH Trò chơi Mộc,QUYẾT ĐỊNH PHÁT HÀNH TRÒ CHƠI ĐIỆN TỬ G1 TRÊN MẠNG,2026-07-15,Giấy phép (ABEI),419/QĐ-PTTH&TTĐT,valid,https://giayphep.abei.gov.vn/
mocha.com.vn,Tổng Công ty Viễn thông Viettel - Chi nhánh Tập đoàn Viễn thông Quân đội,Website - Trang mạng xã hội,,Giấy phép (TVPL PDF),,valid,
mogi-game.vn,CÔNG TY CỔ PHẦN CÔNG NGHỆ MOBI-GAME,QUYẾT ĐỊNH PHÁT HÀNH TRÒ CHƠI ĐIỆN TỬ G1 TRÊN MẠNG,2025-12-31,Giấy phép (ABEI),598/QĐ-PTTH&TTĐT,valid,https://giayphep.abei.gov.vn/
mogi.vn,CÔNG TY CỔ PHẦN ĐỊNH ANH,GIẤY PHÉP CUNG CẤP DỊCH VỤ MẠNG XÃ HỘI,2019-10-11,Giấy phép (ABEI),429/GP-BTTTT,valid,https://giayphep.abei.gov.vn/
moi.net.vn,Công ty Cổ phần Công nghệ EPI,Website - Trang TTĐT tổng hợp,,Giấy phép (TVPL PDF),,valid,
moiplus.vn,Công ty cổ phần Công nghệ EPI,Website - Trang mạng xã hội,,Giấy phép (TVPL PDF),,valid,
moitruong.net.vn,Tạp chí Môi trường và cuộc sống,"Website - Báo, tạp chí điện tử",,Giấy phép (TVPL PDF),,valid,
moitruong24h.vn,HỘI BẢO VỆ THIÊN NHIÊN VÀ MÔI TRƯỜNG VIỆT NAM,GIẤY PHÉP THIẾT LẬP TRANG THÔNG TIN ĐIỆN TỬ TỔNG HỢP,2016-11-22,Giấy phép (ABEI),217/GP-TTĐT,valid,https://giayphep.abei.gov.vn/
moitruongdautu.vn,Công ty Cổ phần SOUTHERN GOLD,Website - Trang TTĐT tổng hợp,,Giấy phép (TVPL PDF),,valid,
moitruongdothiso.vn,Công ty TNHH Truyền thông Q- Talent,Website - Trang TTĐT tổng hợp,,Giấy phép (TVPL PDF),,valid,
moitruongdulich.vn,TRUNG TÂM THÔNG TIN DU LỊCH,GIẤY PHÉP THIẾT LẬP TRANG THÔNG TIN ĐIỆN TỬ TỔNG HỢP,2020-05-29,Giấy phép (ABEI),78/GP-TTĐT,invalid,https://giayphep.abei.gov.vn/
moitruongngaynay.vn,Công ty Cổ phần Đầu tư Môi trường Phú Hà,Website - Trang TTĐT tổng hợp,,Giấy phép (TVPL PDF),,valid,
moitruongplus.com.vn,Công ty Cổ phần Truyền thông Bảo vệ môi trường Việt Nam,Website - Trang TTĐT tổng hợp,,Giấy phép (TVPL PDF),,valid,
moitruongvadoisong.vn,Tạp chí Rừng và Môi trường,Website - Trang TTĐT tổng hợp,,Giấy phép (TVPL PDF),,valid,
www.baovemoitruong.org.vn,TẠP CHÍ RỪNG VÀ MÔI TRƯỜNG,GIẤY PHÉP THIẾT LẬP TRANG THÔNG TIN ĐIỆN TỬ TỔNG HỢP,2015-09-23,Giấy phép (ABEI),142/GPSĐBS-TTĐT,invalid,https://giayphep.abei.gov.vn/
moitruongvadothi.vn,Tạp chí Môi trường và Đô thị Việt Nam,"Website - Báo, tạp chí điện tử",,Giấy phép (TVPL PDF),,valid,
moitruongvaphapluat.vn,Trung tâm truyền thông và kỹ thuật môi trường,Website - Trang TTĐT tổng hợp,,Giấy phép (TVPL PDF),,valid,
moitruongvasuckhoe.vn,TẠP CHÍ MÔI TRƯỜNG VÀ SỨC KHỎE,GIẤY PHÉP THIẾT LẬP TRANG THÔNG TIN ĐIỆN TỬ TỔNG HỢP,2013-05-15,Giấy phép (ABEI),65/GP-TTĐT,invalid,https://giayphep.abei.gov.vn/
moitruongvaxahoi.vn,TẠP CHÍ MÔI TRƯỜNG VÀ XÃ HỘI,GIẤY PHÉP THIẾT LẬP TRANG THÔNG TIN ĐIỆN TỬ TỔNG HỢP,2018-05-10,Giấy phép (ABEI),114/GP-TTĐT,invalid,https://giayphep.abei.gov.vn/
moitruongxanh.org.vn,Hội Bảo vệ Thiên nhiên và Môi trường thủ đô Hà Nội,Website - Trang TTĐT tổng hợp,,Giấy phép (TVPL PDF),,valid,
moitruongxaydungvn.vn,Tạp chí điện tử Môi trường Xây dựng,"Website - Báo, tạp chí điện tử",,Giấy phép (TVPL PDF),,valid,
moitsciencetech.vn,Vụ Khoa học và Công nghệ (Bộ Công thương),Website - Trang TTĐT tổng hợp,,Giấy phép (TVPL PDF),,valid,
molap.vn,CÔNG TY CỔ PHẦN CÔNG NGHỆ VÀ TRUYỀN THÔNG AIV GROUP,GIẤY PHÉP CUNG CẤP DỊCH VỤ MẠNG XÃ HỘI,2020-09-16,Giấy phép (ABEI),396/GP-BTTTT,valid,https://giayphep.abei.gov.vn/
molo.vn,Công ty TNHH MTV Những Cơ Hội Mới,Website - Trang mạng xã hội,,Giấy phép (TVPL PDF),,valid,
mong.mobo.vn,CÔNG TY CỔ PHẦN GIẢI TRÍ DI ĐỘNG,QUYẾT ĐỊNH PHÁT HÀNH TRÒ CHƠI ĐIỆN TỬ G1 TRÊN MẠNG,2016-12-01,Giấy phép (ABEI),2139/QĐ-BTTTT,invalid,https://giayphep.abei.gov.vn/
mongao.mgol.vn,CÔNG TY TNHH PHẦN MỀM MGOL,QUYẾT ĐỊNH PHÁT HÀNH TRÒ CHƠI ĐIỆN TỬ G1 TRÊN MẠNG,2023-08-29,Giấy phép (ABEI),1673/QĐ-BTTTT,valid,https://giayphep.abei.gov.vn/
mongaotutien.vn,CÔNG TY TNHH SOHA,QUYẾT ĐỊNH PHÁT HÀNH TRÒ CHƠI ĐIỆN TỬ G1 TRÊN MẠNG,2020-06-30,Giấy phép (ABEI),1079/QĐ-BTTTT,valid,https://giayphep.abei.gov.vn/
mongbavuong.com.vn,CÔNG TY CỔ PHẦN VTC DỊCH VỤ DI ĐỘNG,QUYẾT ĐỊNH PHÁT HÀNH TRÒ CHƠI ĐIỆN TỬ G1 TRÊN MẠNG,2017-01-17,Giấy phép (ABEI),58/QĐ-BTTTT,invalid,https://giayphep.abei.gov.vn/
mongbavuong.vn,CÔNG TY CỔ PHẦN SKYWAY,QUYẾT ĐỊNH PHÁT HÀNH TRÒ CHƠI ĐIỆN TỬ G1 TRÊN MẠNG,2021-05-26,Giấy phép (ABEI),714/QĐ-BTTTT,invalid,https://giayphep.abei.gov.vn/
mongchienquoc.sonhaigame.com,CÔNG TY CỔ PHẦN GIẢI TRÍ SƠN HẢI GAME,QUYẾT ĐỊNH PHÁT HÀNH TRÒ CHƠI ĐIỆN TỬ G1 TRÊN MẠNG,2020-11-11,Giấy phép (ABEI),1928/QĐ-BTTTT,valid,https://giayphep.abei.gov.vn/
mongchiton.vn,Công Ty Cổ phần Tepaylink,QUYẾT ĐỊNH PHÁT HÀNH TRÒ CHƠI ĐIỆN TỬ G1 TRÊN MẠNG,2025-07-31,Giấy phép (ABEI),336/QĐ-PTTH&TTĐT,valid,https://giayphep.abei.gov.vn/
monggiangson.vn,CÔNG TY CỔ PHẦN FUNTAP,QUYẾT ĐỊNH PHÁT HÀNH TRÒ CHƠI ĐIỆN TỬ G1 TRÊN MẠNG,2019-03-04,Giấy phép (ABEI),243/QĐ-BTTTT,invalid,https://giayphep.abei.gov.vn/
monghaitac.vn,CÔNG TY TNHH SOHA,QUYẾT ĐỊNH PHÁT HÀNH TRÒ CHƠI ĐIỆN TỬ G1 TRÊN MẠNG,2020-09-04,Giấy phép (ABEI),1514 /QĐ-BTTTT,valid,https://giayphep.abei.gov.vn/
monghuyenphitien.esgame.vn,CÔNG TY CỔ PHẦN ĐẦU TƯ & CÔNG NGHỆ MCORP,QUYẾT ĐỊNH PHÁT HÀNH TRÒ CHƠI ĐIỆN TỬ G1 TRÊN MẠNG,2020-01-17,Giấy phép (ABEI),88/QĐ-BTTTT,valid,https://giayphep.abei.gov.vn/
mongkiem.playfun.vn,CÔNG TY CỔ PHẦN FUNTAP,QUYẾT ĐỊNH PHÁT HÀNH TRÒ CHƠI ĐIỆN TỬ G1 TRÊN MẠNG,2022-09-30,Giấy phép (ABEI),1840/QĐ-BTTTT,valid,https://giayphep.abei.gov.vn/
mongkiem.vn,CÔNG TY TNHH SOHA,QUYẾT ĐỊNH PHÁT HÀNH TRÒ CHƠI ĐIỆN TỬ G1 TRÊN MẠNG,2019-07-09,Giấy phép (ABEI),1057 /QĐ-BTTTT,valid,https://giayphep.abei.gov.vn/
mongkiemhiep.mobi,CÔNG TY CỔ PHẦN MOBIZ,QUYẾT ĐỊNH PHÁT HÀNH TRÒ CHƠI ĐIỆN TỬ G1 TRÊN MẠNG,2018-07-05,Giấy phép (ABEI),1056/QĐ-BTTTT,valid,https://giayphep.abei.gov.vn/
mongkiemtieudao.vgplay.vn,CÔNG TY CỔ PHẦN VGP,QUYẾT ĐỊNH PHÁT HÀNH TRÒ CHƠI ĐIỆN TỬ G1 TRÊN MẠNG,2024-02-06,Giấy phép (ABEI),158/QĐ-BTTTT,valid,https://giayphep.abei.gov.vn/
mongkiemvuong.vn,CÔNG TY TNHH SOHA,QUYẾT ĐỊNH PHÁT HÀNH TRÒ CHƠI ĐIỆN TỬ G1 TRÊN MẠNG,2018-08-01,Giấy phép (ABEI),1282/QĐ-BTTTT,valid,https://giayphep.abei.gov.vn/
mongsonha.vn,CÔNG TY TNHH CÔNG NGHỆ AIOGAME,QUYẾT ĐỊNH PHÁT HÀNH TRÒ CHƠI ĐIỆN TỬ G1 TRÊN MẠNG,2026-07-16,Giấy phép (ABEI),420/QĐ-PTTH&TTĐT,valid,https://giayphep.abei.gov.vn/
mongtrutien.kul.vn,CÔNG TY CỔ PHẦN TRỰC TUYẾN CMN VIỆT NAM,QUYẾT ĐỊNH PHÁT HÀNH TRÒ CHƠI ĐIỆN TỬ G1 TRÊN MẠNG,2019-01-04,Giấy phép (ABEI),06/QĐ-BTTTT,valid,https://giayphep.abei.gov.vn/
monkey.gamota.com,CÔNG TY CỔ PHẦN GAMOTA,QUYẾT ĐỊNH PHÁT HÀNH TRÒ CHƠI ĐIỆN TỬ G1 TRÊN MẠNG,2025-01-24,Giấy phép (ABEI),112/QĐ-BTTTT,valid,https://giayphep.abei.gov.vn/
moon.vn,Công ty Cổ phần Công nghệ Giáo dục Trực tuyến Aladanh,Website - Trang mạng xã hội,,Giấy phép (TVPL PDF),,valid,
motgame.com.vn,Công ty TNHH Đầu tư - Thương mại Hải Vương,Website - Trang mạng xã hội,,Giấy phép (TVPL PDF),,valid,
motgame.mobi,Công ty TNHH Đầu tư - Thương mại Hải Vương,Website - Trang mạng xã hội,,Giấy phép (TVPL PDF),,valid,
motgame.vn,Công ty TNHH Đầu tư - Thương mại Hải Vương,Website - Trang mạng xã hội,,Giấy phép (TVPL PDF),,valid,
motorsport.com.vn,Công ty TNHH truyền thông đa phương tiện DIGIMOVE,Website - Trang TTĐT tổng hợp,,Giấy phép (TVPL PDF),,valid,
motosaigon.vn,Công ty Cổ phần Digiride,Website - Trang mạng xã hội,,Giấy phép (TVPL PDF),,valid,
mountainlake.vn,CÔNG TY TNHH MOUNTAIN LAKE,QUYẾT ĐỊNH PHÁT HÀNH TRÒ CHƠI ĐIỆN TỬ G1 TRÊN MẠNG,2022-04-25,Giấy phép (ABEI),761 /QĐ-BTTTT,valid,https://giayphep.abei.gov.vn/
www.mlgames.vn,CÔNG TY TNHH MOUNTAIN LAKE,QUYẾT ĐỊNH PHÁT HÀNH TRÒ CHƠI ĐIỆN TỬ G1 TRÊN MẠNG,2022-04-25,Giấy phép (ABEI),761/QĐ-BTTTT,valid,https://giayphep.abei.gov.vn/
mp3.zing.vn,CÔNG TY CỔ PHẦN VNG,Website - Trang mạng xã hội,,Giấy phép (TVPL PDF),,valid,
mphimviet.vtm,Công ty Truyền thông Viettel,"MXH - Cá nhân, tổ chức",,Giấy phép (TVPL PDF),,valid,
mplus.vn,Trung tâm dịch vụ đa phương tiện và giá trị gia tăng Mobifone - Tổng Công ty Viễn thông Mobifone,Website - Trang TTĐT tổng hợp,,Giấy phép (TVPL PDF),,valid,
mrelax.com.vn,Công ty TNHH Công nghệ Truyền thông VMGPLUS,Website - Trang mạng xã hội,,Giấy phép (TVPL PDF),,valid,
mskill.vn,Công ty Cổ phần INet,Website - Trang mạng xã hội,,Giấy phép (TVPL PDF),,valid,
msport.com.vn,Công ty TNHH một thành viên phát triển dịch vụ viễn thông toàn cầu,Website - Trang TTĐT tổng hợp,,Giấy phép (TVPL PDF),,valid,
msrson.rustargames.vn,CÔNG TY CỔ PHẦN WETAPS,QUYẾT ĐỊNH PHÁT HÀNH TRÒ CHƠI ĐIỆN TỬ G1 TRÊN MẠNG,2023-11-06,Giấy phép (ABEI),2143/QĐ-BTTTT,valid,https://giayphep.abei.gov.vn/
mt3q.gosu.vn,CÔNG TY CỔ PHẦN TRỰC TUYẾN GOSU,QUYẾT ĐỊNH PHÁT HÀNH TRÒ CHƠI ĐIỆN TỬ G1 TRÊN MẠNG,2019-03-25,Giấy phép (ABEI),360/QĐ-BTTTT,invalid,https://giayphep.abei.gov.vn/
mtfgroup.vn,CÔNG TY TNHH MTF GROUP ,QUYẾT ĐỊNH PHÁT HÀNH TRÒ CHƠI ĐIỆN TỬ G1 TRÊN MẠNG,2026-01-10,Giấy phép (ABEI),11/QĐ-PTTH&TTĐT,valid,https://giayphep.abei.gov.vn/
mthethaotv.vn,Công ty Cổ phần Truyền thông Giải trí HBT Hà Nội,Website - Trang TTĐT tổng hợp,,Giấy phép (TVPL PDF),,valid,
mthx.zoneplay.vn,CÔNG TY CỔ PHẦN GZONE MEDIA VIỆT NAM,QUYẾT ĐỊNH PHÁT HÀNH TRÒ CHƠI ĐIỆN TỬ G1 TRÊN MẠNG,2024-05-31,Giấy phép (ABEI),892/QĐ-BTTTT,valid,https://giayphep.abei.gov.vn/
mtimes.vn,Công ty Cổ phần dịch vụ truyền thông Vietnamnet Icom,Website - Trang TTĐT tổng hợp,,Giấy phép (TVPL PDF),,valid,
mtk.thienthuonghoa.com,CÔNG TY CỔ PHẦN GIẢI TRÍ THIÊN THƯỢNG HỎA,QUYẾT ĐỊNH PHÁT HÀNH TRÒ CHƠI ĐIỆN TỬ G1 TRÊN MẠNG,2021-10-06,Giấy phép (ABEI),1520/QĐ-BTTTT,valid,https://giayphep.abei.gov.vn/
mtpictures.shows,Công ty cổ phần VieNETWORK,"MXH - Cá nhân, tổ chức",,Giấy phép (TVPL PDF),,valid,
mtt.zoneplay.vn,CÔNG TY TNHH GZONE MEDIA VIỆT NAM,QUYẾT ĐỊNH PHÁT HÀNH TRÒ CHƠI ĐIỆN TỬ G1 TRÊN MẠNG,2020-12-29,Giấy phép (ABEI),2335/QĐ-BTTTT,valid,https://giayphep.abei.gov.vn/
mttm.vn,Công ty Cổ phần truyền thông S.U.N RISE,Website - Trang TTĐT tổng hợp,,Giấy phép (TVPL PDF),,valid,
mttq.playfun.vn,CÔNG TY CỔ PHẦN FUNTAP,QUYẾT ĐỊNH PHÁT HÀNH TRÒ CHƠI ĐIỆN TỬ G1 TRÊN MẠNG,2020-05-08,Giấy phép (ABEI),785 /QĐ-BTTTT,valid,https://giayphep.abei.gov.vn/
mtv.vn,Công ty Cổ phần Tư vấn Truyền thông Việt Nam,Website - Trang mạng xã hội,,Giấy phép (TVPL PDF),,valid,
mu.360game.vn,CÔNG TY CỔ PHẦN VNG,QUYẾT ĐỊNH PHÁT HÀNH TRÒ CHƠI ĐIỆN TỬ G1 TRÊN MẠNG,2016-05-06,Giấy phép (ABEI),717/QĐ-BTTTT,invalid,https://giayphep.abei.gov.vn/
mu.vsgaming.vn,CÔNG TY CỔ PHẦN VISION GAME,QUYẾT ĐỊNH PHÁT HÀNH TRÒ CHƠI ĐIỆN TỬ G1 TRÊN MẠNG,2023-06-20,Giấy phép (ABEI),1077/QĐ-BTTTT,valid,https://giayphep.abei.gov.vn/
mu3.vn,CÔNG TY CỔ PHẦN SOLAPLAY,QUYẾT ĐỊNH PHÁT HÀNH TRÒ CHƠI ĐIỆN TỬ G1 TRÊN MẠNG,2022-06-13,Giấy phép (ABEI),1073/QĐ-BTTTT,valid,https://giayphep.abei.gov.vn/
mua.thienthuonghoa.com,CÔNG TY CỔ PHẦN GIẢI TRÍ THIÊN THƯỢNG HỎA,QUYẾT ĐỊNH PHÁT HÀNH TRÒ CHƠI ĐIỆN TỬ G1 TRÊN MẠNG,2020-12-29,Giấy phép (ABEI),2334/QĐ-BTTTT,valid,https://giayphep.abei.gov.vn/
mua.vnggames.com,CÔNG TY CỔ PHẦN TẬP ĐOÀN VNG,QUYẾT ĐỊNH PHÁT HÀNH TRÒ CHƠI ĐIỆN TỬ G1 TRÊN MẠNG,2025-12-09,Giấy phép (ABEI),548/QĐ-PTTH&TTĐT,valid,https://giayphep.abei.gov.vn/
mua.zing.vn,CÔNG TY CỔ PHẦN VNG,QUYẾT ĐỊNH PHÁT HÀNH TRÒ CHƠI ĐIỆN TỬ G1 TRÊN MẠNG,2018-11-02,Giấy phép (ABEI),1770/QĐ-BTTTT,invalid,https://giayphep.abei.gov.vn/
mua10.vn,Công ty Cổ phần Truyền thông đa phương tiện Thủ đô,Website - Trang TTĐT tổng hợp,,Giấy phép (TVPL PDF),,valid,
muabandiaoc.vn,CÔNG TY TNHH CÔNG NGHỆ TRỰC TUYẾN NGUYÊN GIA,GIẤY PHÉP THIẾT LẬP TRANG THÔNG TIN ĐIỆN TỬ TỔNG HỢP,2013-06-11,Giấy phép (ABEI),73/GP-TTĐT,invalid,https://giayphep.abei.gov.vn/
muabannhadat.vn,Công ty TNHH Dịch vụ Quảng cáo và Truyền thông Châu Á,Website - Trang mạng xã hội,,Giấy phép (TVPL PDF),,valid,
muabannhanh.com,Công ty Cổ phần Mua bán Nhanh,Website - Trang mạng xã hội,,Giấy phép (TVPL PDF),,valid,
muabannhanh.net.vn,Công ty Cổ phần Mua bán Nhanh,Website - Trang mạng xã hội,,Giấy phép (TVPL PDF),,valid,
muagannha.vn,CÔNG TY CỔ PHẦN CÔNG NGHỆ TK 25,GIẤY PHÉP CUNG CẤP DỊCH VỤ MẠNG XÃ HỘI,2021-07-21,Giấy phép (ABEI),468/GP-BTTTT,valid,https://giayphep.abei.gov.vn/
muasamxe.vn,CÔNG TY TNHH SẢN XUẤT VÀ KINH DOANH NỘI DUNG SỐ DIGICON,GIẤY PHÉP CUNG CẤP DỊCH VỤ MẠNG XÃ HỘI,2019-09-30,Giấy phép (ABEI),415/GP-BTTTT,valid,https://giayphep.abei.gov.vn/
muctim.com.vn,BÁO KHĂN QUÀNG ĐỎ,GIẤY PHÉP THIẾT LẬP TRANG THÔNG TIN ĐIỆN TỬ TỔNG HỢP,2018-09-11,Giấy phép (ABEI),235/GP-TTĐT,invalid,https://giayphep.abei.gov.vn/
muctim.official,Báo Tuổi Trẻ,MXH - Cơ quan báo chí,,Giấy phép (TVPL PDF),,valid,
mudts.360game.vn,CÔNG TY CỔ PHẦN VNG,QUYẾT ĐỊNH PHÁT HÀNH TRÒ CHƠI ĐIỆN TỬ G1 TRÊN MẠNG,2016-04-29,Giấy phép (ABEI),689/QĐ-BTTTT,invalid,https://giayphep.abei.gov.vn/
muhhd.gamota.com,CÔNG TY CỔ PHẦN GAMOTA,QUYẾT ĐỊNH PHÁT HÀNH TRÒ CHƠI ĐIỆN TỬ G1 TRÊN MẠNG,2025-07-30,Giấy phép (ABEI),333/QĐ-PTTH&TTĐT,valid,https://giayphep.abei.gov.vn/
mukbangtamquoc.vplay.vn,CÔNG TY CỔ PHẦN TRUYỀN HÌNH TƯƠNG TÁC VIỆT NAM,QUYẾT ĐỊNH PHÁT HÀNH TRÒ CHƠI ĐIỆN TỬ G1 TRÊN MẠNG,2025-01-17,Giấy phép (ABEI),58/QĐ-BTTTT,valid,https://giayphep.abei.gov.vn/
mukytich.playfun.vn,CÔNG TY CỔ PHẦN FUNTAP,QUYẾT ĐỊNH PHÁT HÀNH TRÒ CHƠI ĐIỆN TỬ G1 TRÊN MẠNG,2021-06-09,Giấy phép (ABEI),785/QĐ-BTTTT,valid,https://giayphep.abei.gov.vn/
mulegend.vn,CÔNG TY CỔ PHẦN VTC DỊCH VỤ DI ĐỘNG,QUYẾT ĐỊNH PHÁT HÀNH TRÒ CHƠI ĐIỆN TỬ G1 TRÊN MẠNG,2025-11-21,Giấy phép (ABEI),523/QĐ-PTTH&TTĐT,valid,https://giayphep.abei.gov.vn/
mulucdia.vnggames.com,CÔNG TY CỔ PHẦN TẬP ĐOÀN VNG,QUYẾT ĐỊNH PHÁT HÀNH TRÒ CHƠI ĐIỆN TỬ G1 TRÊN MẠNG,2025-01-24,Giấy phép (ABEI),15/QĐ-PTTH&TTĐT,invalid,https://giayphep.abei.gov.vn/
muonline.360game.vn,CÔNG TY CỔ PHẦN VNG,QUYẾT ĐỊNH PHÁT HÀNH TRÒ CHƠI ĐIỆN TỬ G1 TRÊN MẠNG,2017-10-12,Giấy phép (ABEI),1729/QĐ-BTTTT,invalid,https://giayphep.abei.gov.vn/
muorigin.com,CÔNG TY CỔ PHẦN PHẦN MỀM HY VỌNG,QUYẾT ĐỊNH PHÁT HÀNH TRÒ CHƠI ĐIỆN TỬ G1 TRÊN MẠNG,2017-10-18,Giấy phép (ABEI),1781/QĐ-BTTTT,valid,https://giayphep.abei.gov.vn/
muromhuyenthoai.vn,CÔNG TY CỔ PHẦN WETAPS,QUYẾT ĐỊNH PHÁT HÀNH TRÒ CHƠI ĐIỆN TỬ G1 TRÊN MẠNG,2024-05-31,Giấy phép (ABEI),890/QĐ-BTTTT,valid,https://giayphep.abei.gov.vn/
mus.zing.vn,CÔNG TY TNHH TRUYỀN THÔNG MINH PHƯƠNG THỊNH,QUYẾT ĐỊNH PHÁT HÀNH TRÒ CHƠI ĐIỆN TỬ G1 TRÊN MẠNG,2018-06-29,Giấy phép (ABEI),1005/QĐ-BTTTT,valid,https://giayphep.abei.gov.vn/
music.like1.vn,Công ty Cổ phần Dịch vụ Viễn thông Suntel Việt Nam,Website - Trang mạng xã hội,,Giấy phép (TVPL PDF),,valid,
muvh.vn,CÔNG TY CỔ PHẦN GIẢI TRÍ TRỰC TUYẾN 3T,QUYẾT ĐỊNH PHÁT HÀNH TRÒ CHƠI ĐIỆN TỬ G1 TRÊN MẠNG,2025-11-14,Giấy phép (ABEI),514/QĐ-PTTH&TTĐT,valid,https://giayphep.abei.gov.vn/
muvi.vn,CÔNG TY CỔ PHẦN DỊCH VỤ VÀ TRUYỀN THÔNG NAM VIỆT,GIẤY PHÉP CUNG CẤP DỊCH VỤ MẠNG XÃ HỘI,2020-11-17,Giấy phép (ABEI),529/GP-BTTTT,valid,https://giayphep.abei.gov.vn/
muvik.vn,Công ty Cổ phần Truyền thông và Công nghệ Muvik,Website - Trang mạng xã hội,,Giấy phép (TVPL PDF),,valid,
muvinhdu.vn,CÔNG TY CỔ PHẦN PHÁT TRIỂN CÔNG NGHỆ SỐ HỒNG HÀ,QUYẾT ĐỊNH PHÁT HÀNH TRÒ CHƠI ĐIỆN TỬ G1 TRÊN MẠNG,2021-08-30,Giấy phép (ABEI),1328/QĐ-BTTTT,valid,https://giayphep.abei.gov.vn/
muvn.gate.vn,CÔNG TY CỔ PHẦN GIẢI TRÍ DI ĐỘNG,QUYẾT ĐỊNH PHÁT HÀNH TRÒ CHƠI ĐIỆN TỬ G1 TRÊN MẠNG,2017-05-18,Giấy phép (ABEI),734/QĐ-BTTTT,invalid,https://giayphep.abei.gov.vn/
muvtd.funtap.games,CÔNG TY CỔ PHẦN FUNTAP GAMES,QUYẾT ĐỊNH PHÁT HÀNH TRÒ CHƠI ĐIỆN TỬ G1 TRÊN MẠNG,2026-07-07,Giấy phép (ABEI),402/QĐ-PTTH&TTĐT,valid,https://giayphep.abei.gov.vn/
muvtd.vn,CÔNG TY CỔ PHẦN PHÁT TRIỂN CÔNG NGHỆ SỐ HỒNG HÀ,QUYẾT ĐỊNH PHÁT HÀNH TRÒ CHƠI ĐIỆN TỬ G1 TRÊN MẠNG,2020-11-04,Giấy phép (ABEI),1876/QĐ-BTTTT,invalid,https://giayphep.abei.gov.vn/
muzuco.com,Công ty TNHH Muzu,Website - Trang mạng xã hội,,Giấy phép (TVPL PDF),,valid,
muzuco.com.vn,Công ty TNHH Muzu,Website - Trang mạng xã hội,,Giấy phép (TVPL PDF),,valid,
muzuco.vn,Công ty TNHH Muzu,Website - Trang mạng xã hội,,Giấy phép (TVPL PDF),,valid,
mvg.vn,CÔNG TY TNHH MYG,QUYẾT ĐỊNH PHÁT HÀNH TRÒ CHƠI ĐIỆN TỬ G1 TRÊN MẠNG,2017-11-09,Giấy phép (ABEI),1938/QĐ-BTTTT,valid,https://giayphep.abei.gov.vn/
mvicall-viettel.vn,CÔNG TY CỔ PHẦN ADON VIỆT NAM,GIẤY PHÉP CUNG CẤP DỊCH VỤ MẠNG XÃ HỘI,2020-06-18,Giấy phép (ABEI),259/GP-BTTTT,valid,https://giayphep.abei.gov.vn/
mview.vn,Công ty Cổ phần VANO,Website - Trang TTĐT tổng hợp,,Giấy phép (TVPL PDF),,valid,
mvoice.vn,Công ty Cổ phần dịch vụ truyền thông Vietnamnet Icom,Website - Trang TTĐT tổng hợp,,Giấy phép (TVPL PDF),,valid,
mvui.vn,Công ty Cổ phần Truyền thông và Nội dung số Toàn Cầu,Website - Trang TTĐT tổng hợp,,Giấy phép (TVPL PDF),,valid,
mvutru.vma,Công ty TNHH Vietnam Music Award,"MXH - Cá nhân, tổ chức",,Giấy phép (TVPL PDF),,valid,
mwinpro.com.vn,TỔNG CÔNG TY TRUYỀN THÔNG (VNPT),GIẤY PHÉP CUNG CẤP DỊCH VỤ MẠNG XÃ HỘI,2017-04-20,Giấy phép (ABEI),171/GP-BTTTT,invalid,https://giayphep.abei.gov.vn/
www.mwinpro.vn,TỔNG CÔNG TY TRUYỀN THÔNG (VNPT),GIẤY PHÉP CUNG CẤP DỊCH VỤ MẠNG XÃ HỘI,2017-04-20,Giấy phép (ABEI),171/GP-BTTTT,invalid,https://giayphep.abei.gov.vn/
mwinpro.vn,TỔNG CÔNG TY TRUYỀN THÔNG (VNPT) ,GIẤY PHÉP CUNG CẤP DỊCH VỤ MẠNG XÃ HỘI,2026-01-27,Giấy phép (ABEI),09/GP-BVHTTDL,valid,https://giayphep.abei.gov.vn/
mwork.vn,CÔNG TY CỔ PHẦN MWORK,Website - Trang mạng xã hội,,Giấy phép (TVPL PDF),,valid,
mycafe.vtcgame.vn,CÔNG TY VTC CÔNG NGHỆ VÀ NỘI DUNG SỐ,"GIẤY XÁC NHẬN THÔNG BÁO PHÁT HÀNH TRÒ CHƠI ĐIỆN TỬ G2,G3,G4",2022-04-05,Giấy phép (ABEI),28/GXN-PTTH&TTĐT,valid,https://giayphep.abei.gov.vn/
myclip.vn,TỔNG CÔNG TY VIỄN THÔNG VIETTEL,GIẤY PHÉP CUNG CẤP DỊCH VỤ MẠNG XÃ HỘI,2019-01-08,Giấy phép (ABEI),12/GP-BTTTT,valid,https://giayphep.abei.gov.vn/
myclip.com.vn,Cấp Giấy phép MXH cho Công ty truyền thông Viettel (mocha.com.vn và onbox.vn),Website - Trang mạng xã hội,,Giấy phép (TVPL PDF),,valid,
myclipviet.vn,Công ty Cổ phần Truyền thông AEG Việt Nam,Website - Trang TTĐT tổng hợp,,Giấy phép (TVPL PDF),,valid,
mydoctor.com.vn,Công ty Cổ phần Viễn Thông số Wincom,Website - Trang TTĐT tổng hợp,,Giấy phép (TVPL PDF),,valid,
hai24h.biz,Công ty Cổ phần Viễn Thông số Wincom,Website - Trang TTĐT tổng hợp,,Giấy phép (TVPL PDF),,valid,
myeva.vn,Công ty TNHH Maxxus Việt Nam,Website - Trang TTĐT tổng hợp,,Giấy phép (TVPL PDF),,valid,
myfilm.vn,CÔNG TY CỔ PHẦN ĐẦU TƯ CÔNG NGHỆ THÀNH ĐẠT,GIẤY PHÉP CUNG CẤP DỊCH VỤ MẠNG XÃ HỘI,2017-09-05,Giấy phép (ABEI),419/GP-BTTTT,valid,https://giayphep.abei.gov.vn/
myfish.zingplay.com,Công ty TNHH ZingPlay Việt Nam,QUYẾT ĐỊNH PHÁT HÀNH TRÒ CHƠI ĐIỆN TỬ G1 TRÊN MẠNG,2025-10-30,Giấy phép (ABEI),477/QĐ-PTTH&TTĐT,invalid,https://giayphep.abei.gov.vn/
myg.vn,CÔNG TY TNHH MYG,QUYẾT ĐỊNH PHÁT HÀNH TRÒ CHƠI ĐIỆN TỬ G1 TRÊN MẠNG,2017-07-27,Giấy phép (ABEI),1230/QĐ-BTTTT,valid,https://giayphep.abei.gov.vn/
mygame.vn,TỔNG CÔNG TY VIỄN THÔNG VIETTEL,GIẤY PHÉP CUNG CẤP DỊCH VỤ MẠNG XÃ HỘI,2020-09-30,Giấy phép (ABEI),432/GP-BTTT,valid,https://giayphep.abei.gov.vn/
mygo.vn,Công ty Cổ phần Trái thị Vàng,Website - Trang mạng xã hội,,Giấy phép (TVPL PDF),,valid,
myinfo.vn,Công ty Cổ phần Giải pháp Công nghệ iNet,Website - Trang TTĐT tổng hợp,,Giấy phép (TVPL PDF),,valid,
myland.game365.vn,CÔNG TY CỔ PHẦN CÔNG NGHỆ KỸ THUẬT VTECH,QUYẾT ĐỊNH PHÁT HÀNH TRÒ CHƠI ĐIỆN TỬ G1 TRÊN MẠNG,2024-01-02,Giấy phép (ABEI),01/QĐ-BTTTT,valid,https://giayphep.abei.gov.vn/
mylink.vn,Công ty Cổ phần Phát triển Doanh Trí Việt,Website - Trang mạng xã hội,,Giấy phép (TVPL PDF),,valid,
mylocal.vn,CÔNG TY CỔ PHẦN VIỄN THÔNG ASIM,Website - Trang TTĐT tổng hợp,,Giấy phép (TVPL PDF),,valid,
mylucky.vn,Công ty Cổ phần Đầu tư GMEDIA,Website - Trang TTĐT tổng hợp,,Giấy phép (TVPL PDF),,valid,
mynhanngu.vn,CÔNG TY CỔ PHẦN DỊCH VỤ DI ĐỘNG CMN,QUYẾT ĐỊNH PHÁT HÀNH TRÒ CHƠI ĐIỆN TỬ G1 TRÊN MẠNG,2019-07-18,Giấy phép (ABEI),1089/QĐ-BTTTT,valid,https://giayphep.abei.gov.vn/
mynhanplus.vn,Công ty Cổ phần M-Mobile,Website - Trang TTĐT tổng hợp,,Giấy phép (TVPL PDF),,valid,
mynhantamquoc.vn,CÔNG TY TNHH SOHA,QUYẾT ĐỊNH PHÁT HÀNH TRÒ CHƠI ĐIỆN TỬ G1 TRÊN MẠNG,2022-06-13,Giấy phép (ABEI),1075/QĐ-BTTTT,valid,https://giayphep.abei.gov.vn/
mynu.vntac.vn,CÔNG TY CỔ PHẦN VIỆT NAM TACTIC,QUYẾT ĐỊNH PHÁT HÀNH TRÒ CHƠI ĐIỆN TỬ G1 TRÊN MẠNG,2020-01-21,Giấy phép (ABEI),116/QĐ-BTTTT,valid,https://giayphep.abei.gov.vn/
mystar.vn,Công ty Cổ phần dịch vụ truyền thông Vietnamnet Icom,Website - Trang TTĐT tổng hợp,,Giấy phép (TVPL PDF),,valid,
mytalk.vn,Công ty Cổ phần VANO,Website - Trang TTĐT tổng hợp,,Giấy phép (TVPL PDF),,valid,
myten.vn,CÔNG TY TNHH ĐẦU TƯ MAX VIỆT NAM,Website - Trang mạng xã hội,,Giấy phép (TVPL PDF),,valid,
mytvmobile.com.vn,Tổng Công ty Truyền thông,Website - Trang mạng xã hội,,Giấy phép (TVPL PDF),,valid,
mytvmobile.vn,Tổng Công ty Truyền thông,Website - Trang mạng xã hội,,Giấy phép (TVPL PDF),,valid,
www.mytvmobile.com.vn,TỔNG CÔNG TY TRUYỀN THÔNG (VNPT),GIẤY PHÉP CUNG CẤP DỊCH VỤ MẠNG XÃ HỘI,2017-04-20,Giấy phép (ABEI),170/GP-BTTTT,valid,https://giayphep.abei.gov.vn/
mywork.com.vn,Công ty Cổ phần Giải pháp hệ thống thông tin ISS Việt Nam,Website - Trang mạng xã hội,,Giấy phép (TVPL PDF),,valid,
anhsangonline.vn,Tạp chí Ánh sáng và Cuộc sống,Website - Trang TTĐT tổng hợp,,Giấy phép (TVPL PDF),,valid,
cn.tapchicongsan.org.vn,Tạp chí Cộng sản,"Website - Báo, tạp chí điện tử",,Giấy phép (TVPL PDF),,valid,
hpa.hanoi.gov.vn,"Trung tâm xúc tiến đầu tư, thương mại, du lịch thành phố Hà Nội",Website - Trang TTĐT tổng hợp,,Giấy phép (TVPL PDF),,valid,
infomaney.vn,Báo Đầu tư,"Website - Báo, tạp chí điện tử",,Giấy phép (TVPL PDF),,valid,
kinhdoanhvagiaoduc.com,"Viện Nghiên cứu, Đào tạo, Ứng dụng tâm lý kinh doanh và giáo dục học đường",Website - Trang TTĐT tổng hợp,,Giấy phép (TVPL PDF),,valid,
tieudung.kinhtedothi.vn,Báo Kinh tế và Đô thị,"Website - Báo, tạp chí điện tử",,Giấy phép (TVPL PDF),,valid,
tv.laodong.vn,Báo Lao động,"Website - Báo, tạp chí điện tử",,Giấy phép (TVPL PDF),,valid,
n-express.vn,CÔNG TY TNHH ĐẦU TƯ TRUYỀN THÔNG GIẢI TRÍ LÊ PHẠM,Website - Trang TTĐT tổng hợp,,Giấy phép (TVPL PDF),,valid,
n.vn,Tạp chí Đời sống và Pháp luật,"Website - Báo, tạp chí điện tử",,Giấy phép (TVPL PDF),,valid,
n9.com.vn,CÔNG TY TNHH GIẢI TRÍ N9,QUYẾT ĐỊNH PHÁT HÀNH TRÒ CHƠI ĐIỆN TỬ G1 TRÊN MẠNG,2019-11-19,Giấy phép (ABEI),1968  /QĐ-BTTTT,valid,https://giayphep.abei.gov.vn/
na.360game.vn,CÔNG TY TNHH TRUYỀN THÔNG MINH PHƯƠNG THỊNH,QUYẾT ĐỊNH PHÁT HÀNH TRÒ CHƠI ĐIỆN TỬ G1 TRÊN MẠNG,2016-06-16,Giấy phép (ABEI),1044/QĐ-BTTTT,valid,https://giayphep.abei.gov.vn/
na.gaba.vn,CÔNG TY CỔ PHẦN TRÒ CHƠI VEGA,QUYẾT ĐỊNH PHÁT HÀNH TRÒ CHƠI ĐIỆN TỬ G1 TRÊN MẠNG,2017-04-14,Giấy phép (ABEI),534/QĐ-BTTTT,valid,https://giayphep.abei.gov.vn/
na2.gaba.vn,CÔNG TY CỔ PHẦN TRÒ CHƠI VEGA,QUYẾT ĐỊNH PHÁT HÀNH TRÒ CHƠI ĐIỆN TỬ G1 TRÊN MẠNG,2018-10-01,Giấy phép (ABEI),1587/QĐ-BTTTT,valid,https://giayphep.abei.gov.vn/
nahi.vn,CÔNG TY CỔ PHẦN NAHI,GIẤY PHÉP CUNG CẤP DỊCH VỤ MẠNG XÃ HỘI,2017-01-23,Giấy phép (ABEI),44/GP-BTTTT,valid,https://giayphep.abei.gov.vn/
namdinh.gov.vn,SỞ THÔNG TIN VÀ TRUYỀN THÔNG NAM ĐỊNH,GIẤY PHÉP THIẾT LẬP TRANG THÔNG TIN ĐIỆN TỬ TỔNG HỢP,2019-01-31,Giấy phép (ABEI),25/GP-TTĐT,valid,https://giayphep.abei.gov.vn/
namlungo.vn,CÔNG TY CỔ PHẦN GIẢI TRÍ TRỰC TUYẾN KAN,QUYẾT ĐỊNH PHÁT HÀNH TRÒ CHƠI ĐIỆN TỬ G1 TRÊN MẠNG,2025-06-27,Giấy phép (ABEI),295/QĐ-PTTH&TTĐT,valid,https://giayphep.abei.gov.vn/
nammekong.vn,CÔNG TY TNHH TỔ CHỨC SỰ KIỆN - DU LỊCH NAM MEKONG,GIẤY PHÉP THIẾT LẬP TRANG THÔNG TIN ĐIỆN TỬ TỔNG HỢP,2013-06-17,Giấy phép (ABEI),78/GP-TTĐT,invalid,https://giayphep.abei.gov.vn/
namyvasuckhoe.vn,HỘI NAM Y VIỆT NAM,GIẤY PHÉP THIẾT LẬP TRANG THÔNG TIN ĐIỆN TỬ TỔNG HỢP,2019-01-15,Giấy phép (ABEI),14/GP-TTĐT,valid,https://giayphep.abei.gov.vn/
nangluong.info.vn,Công ty TNHH Dịch vụ Thông tin và Tư vấn BLUEWAVE,Website - Trang TTĐT tổng hợp,,Giấy phép (TVPL PDF),,valid,
nangluongcuocsong.vn,Công ty Cổ phần Truyền thông Tre,Website - Trang TTĐT tổng hợp,,Giấy phép (TVPL PDF),,valid,
nangluongquocte.petrotime,Tạp chí Năng lượng mới Hội Dầu khí Việt Nam,"Website - Báo, tạp chí điện tử",,Giấy phép (TVPL PDF),,valid,
nangluongsachvietnam.vn,Tạp chí Năng lượng sạch Việt Nam,"Website - Báo, tạp chí điện tử",,Giấy phép (TVPL PDF),,valid,
nangluongvietnam.vn,Tạp chí Năng lượng Việt Nam,Website - Trang TTĐT tổng hợp,,Giấy phép (TVPL PDF),,valid,
vietnamenergy.vn,TẠP CHÍ NĂNG LƯỢNG VIỆT NAM,GIẤY PHÉP THIẾT LẬP TRANG THÔNG TIN ĐIỆN TỬ TỔNG HỢP,2018-03-30,Giấy phép (ABEI),66/GP-TTĐT,valid,https://giayphep.abei.gov.vn/
nangluongxanh.info.vn,Công ty TNHH Carvill Việt Nam,Website - Trang TTĐT tổng hợp,,Giấy phép (TVPL PDF),,valid,
naokiem.sohagame.vn,CÔNG TY CỔ PHẦN VCCORP,QUYẾT ĐỊNH PHÁT HÀNH TRÒ CHƠI ĐIỆN TỬ G1 TRÊN MẠNG,2017-11-13,Giấy phép (ABEI),1968/QĐ-BTTTT,invalid,https://giayphep.abei.gov.vn/
naraka.vnggames.com,Công ty TNHH VNGGames,QUYẾT ĐỊNH PHÁT HÀNH TRÒ CHƠI ĐIỆN TỬ G1 TRÊN MẠNG,2025-11-14,Giấy phép (ABEI),511/QĐ-PTTH&TTĐT,valid,https://giayphep.abei.gov.vn/
vnggames.vn,Công ty TNHH VNGGames,QUYẾT ĐỊNH PHÁT HÀNH TRÒ CHƠI ĐIỆN TỬ G1 TRÊN MẠNG,2025-11-14,Giấy phép (ABEI),511/QĐ-PTTH&TTĐT,valid,https://giayphep.abei.gov.vn/
vnggames.com.vn,Công ty TNHH VNGGames,QUYẾT ĐỊNH PHÁT HÀNH TRÒ CHƠI ĐIỆN TỬ G1 TRÊN MẠNG,2025-11-14,Giấy phép (ABEI),511/QĐ-PTTH&TTĐT,valid,https://giayphep.abei.gov.vn/
naruto.360game.vn,CÔNG TY TNHH TRUYỀN THÔNG MINH PHƯƠNG THỊNH,QUYẾT ĐỊNH PHÁT HÀNH TRÒ CHƠI ĐIỆN TỬ G1 TRÊN MẠNG,2019-07-18,Giấy phép (ABEI),1095/QĐ-BTTTT,valid,https://giayphep.abei.gov.vn/
naruto.568play.vn,CÔNG TY CỔ PHẦN GIẢI TRÍ 568E,QUYẾT ĐỊNH PHÁT HÀNH TRÒ CHƠI ĐIỆN TỬ G1 TRÊN MẠNG,2016-06-08,Giấy phép (ABEI),985/QĐ-BTTTT,invalid,https://giayphep.abei.gov.vn/
naruto.choi.vn,CÔNG TY CỔ PHẦN GIẢI TRÍ VGG,QUYẾT ĐỊNH PHÁT HÀNH TRÒ CHƠI ĐIỆN TỬ G1 TRÊN MẠNG,2017-09-06,Giấy phép (ABEI),1489/QĐ-BTTTT,valid,https://giayphep.abei.gov.vn/
narutoh5.360game.vn,CÔNG TY TNHH GIẢI TRÍ LONG ĐỈNH,QUYẾT ĐỊNH PHÁT HÀNH TRÒ CHƠI ĐIỆN TỬ G1 TRÊN MẠNG,2018-07-11,Giấy phép (ABEI),1155/QĐ-BTTTT,valid,https://giayphep.abei.gov.vn/
narutoslugfest.gamota.com,CÔNG TY CỔ PHẦN GAMOTA,QUYẾT ĐỊNH PHÁT HÀNH TRÒ CHƠI ĐIỆN TỬ G1 TRÊN MẠNG,2020-05-14,Giấy phép (ABEI),801/QĐ-BTTTT,valid,https://giayphep.abei.gov.vn/
native.edu.vn,Công ty Cổ phần giáo dục Topica English,Website - Trang mạng xã hội,,Giấy phép (TVPL PDF),,valid,
natranaohai.alogame.vn,CÔNG TY CỔ PHẦN CÔNG NGHỆ SỐ ALO ,QUYẾT ĐỊNH PHÁT HÀNH TRÒ CHƠI ĐIỆN TỬ G1 TRÊN MẠNG,2026-02-13,Giấy phép (ABEI),98/QĐ-PTTH&TTĐT,valid,https://giayphep.abei.gov.vn/
nature.com.vn,Trung tâm Con người và Thiên nhiên,Website - Trang TTĐT tổng hợp,,Giấy phép (TVPL PDF),,valid,
www.thiennhien.net,TRUNG TÂM CON NGƯỜI VÀ THIÊN NHIÊN,GIẤY PHÉP THIẾT LẬP TRANG THÔNG TIN ĐIỆN TỬ TỔNG HỢP,2022-10-07,Giấy phép (ABEI),134/GP-TTĐT,invalid,https://giayphep.abei.gov.vn/
navip.vn,Công ty Cổ phần Đầu tư và Phát triển Công nghệ Truyền thông Nam Việt,Website - Trang mạng xã hội,,Giấy phép (TVPL PDF),,valid,
nawapi.gov.vn,TRUNG TÂM QUY HOẠCH VÀ ĐIỀU TRA TÀI NGUYÊN NƯỚC QUỐC GIA,GIẤY PHÉP THIẾT LẬP TRANG THÔNG TIN ĐIỆN TỬ TỔNG HỢP,2021-12-29,Giấy phép (ABEI),201/GP-TTĐT,valid,https://giayphep.abei.gov.vn/
nbatalk.vn,Công ty cổ phần Truyền thông Bóng rổ Việt Nam,Website - Trang mạng xã hội,,Giấy phép (TVPL PDF),,valid,
nbca.gov.vn,CỤC BẢO TỒN THIÊN NHIÊN VÀ ĐA DẠNG SINH HỌC,GIẤY PHÉP THIẾT LẬP TRANG THÔNG TIN ĐIỆN TỬ TỔNG HỢP,2023-04-24,Giấy phép (ABEI),57/GP-TTĐT,valid,https://giayphep.abei.gov.vn/
www.nbca.monre.gov.vn,CỤC BẢO TỒN THIÊN NHIÊN VÀ ĐA DẠNG SINH HỌC,GIẤY PHÉP THIẾT LẬP TRANG THÔNG TIN ĐIỆN TỬ TỔNG HỢP,2023-04-24,Giấy phép (ABEI),57/GP-TTĐT,valid,https://giayphep.abei.gov.vn/
nbtv.vn,ĐÀI PHÁT THANH VÀ TRUYỀN HÌNH NINH BÌNH,GIẤY PHÉP THIẾT LẬP TRANG THÔNG TIN ĐIỆN TỬ TỔNG HỢP,2019-08-08,Giấy phép (ABEI),139/GP-TTĐT,valid,https://giayphep.abei.gov.vn/
ncif.gov.vn,TRUNG TÂM THÔNG TIN VÀ DỰ BÁO KINH TẾ - XÃ HỘI QUỐC GIA,GIẤY PHÉP THIẾT LẬP TRANG THÔNG TIN ĐIỆN TỬ TỔNG HỢP,2016-05-26,Giấy phép (ABEI),51/GPSĐBS-TTĐT,invalid,https://giayphep.abei.gov.vn/
nclp.org.vn,Tạp chí Nghiên cứu lập pháp,Website - Trang TTĐT tổng hợp,,Giấy phép (TVPL PDF),,valid,
www.nghiencuulapphap.vn,TẠP CHÍ NGHIÊN CỨU LẬP PHÁP,GIẤY PHÉP THIẾT LẬP TRANG THÔNG TIN ĐIỆN TỬ TỔNG HỢP,2013-12-03,Giấy phép (ABEI),145/GP-TTĐT,invalid,https://giayphep.abei.gov.vn/
www.lapphap.com,TẠP CHÍ NGHIÊN CỨU LẬP PHÁP,GIẤY PHÉP THIẾT LẬP TRANG THÔNG TIN ĐIỆN TỬ TỔNG HỢP,2013-12-03,Giấy phép (ABEI),145/GP-TTĐT,invalid,https://giayphep.abei.gov.vn/
www.nghiencuulapphap.com.vn,TẠP CHÍ NGHIÊN CỨU LẬP PHÁP,GIẤY PHÉP THIẾT LẬP TRANG THÔNG TIN ĐIỆN TỬ TỔNG HỢP,2013-12-03,Giấy phép (ABEI),145/GP-TTĐT,invalid,https://giayphep.abei.gov.vn/
www.nghiencuulapphap.com,TẠP CHÍ NGHIÊN CỨU LẬP PHÁP,GIẤY PHÉP THIẾT LẬP TRANG THÔNG TIN ĐIỆN TỬ TỔNG HỢP,2013-12-03,Giấy phép (ABEI),145/GP-TTĐT,invalid,https://giayphep.abei.gov.vn/
www.lapphap.com.vn,TẠP CHÍ NGHIÊN CỨU LẬP PHÁP,GIẤY PHÉP THIẾT LẬP TRANG THÔNG TIN ĐIỆN TỬ TỔNG HỢP,2013-12-03,Giấy phép (ABEI),145/GP-TTĐT,invalid,https://giayphep.abei.gov.vn/
ncseif.gov.vn,TRUNG TÂM THÔNG TIN VÀ DỰ BÁO KINH TẾ - XÃ HỘI QUỐC GIA,GIẤY PHÉP THIẾT LẬP TRANG THÔNG TIN ĐIỆN TỬ TỔNG HỢP,2013-09-30,Giấy phép (ABEI),137/GP-TTĐT,invalid,https://giayphep.abei.gov.vn/
www.thongtindubao.gov.vn,TRUNG TÂM THÔNG TIN VÀ DỰ BÁO KINH TẾ - XÃ HỘI QUỐC GIA,GIẤY PHÉP THIẾT LẬP TRANG THÔNG TIN ĐIỆN TỬ TỔNG HỢP,2013-09-30,Giấy phép (ABEI),137/GP-TTĐT,invalid,https://giayphep.abei.gov.vn/
nct.vn,CÔNG TY CỔ PHẦN NCT,GIẤY PHÉP CUNG CẤP DỊCH VỤ MẠNG XÃ HỘI,2025-10-14,Giấy phép (ABEI),140/GP-BVHTTDL,valid,https://giayphep.abei.gov.vn/
www.nhaccuatui.com,CÔNG TY CỔ PHẦN NCT,GIẤY PHÉP CUNG CẤP DỊCH VỤ MẠNG XÃ HỘI,2025-10-14,Giấy phép (ABEI),140/GP-BVHTTDL,valid,https://giayphep.abei.gov.vn/
nd.vn,Báo Đại biểu Nhân dân,MXH - Cơ quan báo chí,,Giấy phép (TVPL PDF),,valid,
ndty.mgol.vn,CÔNG TY TNHH PHẦN MỀM MGOL,QUYẾT ĐỊNH PHÁT HÀNH TRÒ CHƠI ĐIỆN TỬ G1 TRÊN MẠNG,2024-06-05,Giấy phép (ABEI),920/QĐ-BTTTT,valid,https://giayphep.abei.gov.vn/
netalo.vn,CÔNG TY CỔ PHẦN TECHNOLOGY CONVERGENCE CORPORATION,GIẤY PHÉP CUNG CẤP DỊCH VỤ MẠNG XÃ HỘI,2021-04-02,Giấy phép (ABEI),190/GP-BTTTT,valid,https://giayphep.abei.gov.vn/
www.galo,CÔNG TY CỔ PHẦN TECHNOLOGY CONVERGENCE CORPORATION,GIẤY PHÉP CUNG CẤP DỊCH VỤ MẠNG XÃ HỘI,2021-04-02,Giấy phép (ABEI),190/GP-BTTTT,valid,https://giayphep.abei.gov.vn/
netalomo.net,Công tycổ phần Technology Convergence Corporation,Website - Trang mạng xã hội,,Giấy phép (TVPL PDF),,valid,
lomoapp.net,Công tycổ phần Technology Convergence Corporation,Website - Trang mạng xã hội,,Giấy phép (TVPL PDF),,valid,
netalomo.vn,Công tycổ phần Technology Convergence Corporation,Website - Trang mạng xã hội,,Giấy phép (TVPL PDF),,valid,
netalomo.com,Công tycổ phần Technology Convergence Corporation,Website - Trang mạng xã hội,,Giấy phép (TVPL PDF),,valid,
netaplay.vn,Công ty cổ phần Technology Convergence Corporation,Website - Trang mạng xã hội,,Giấy phép (TVPL PDF),,valid,
netaplay.com.vn,Công ty cổ phần Technology Convergence Corporation,Website - Trang mạng xã hội,,Giấy phép (TVPL PDF),,valid,
www.netaplay.com.vn,CÔNG TY CỔ PHẦN TECHNOLOGY CONVERGENCE CORPORATION,GIẤY PHÉP CUNG CẤP DỊCH VỤ MẠNG XÃ HỘI,2021-01-29,Giấy phép (ABEI),67/GP-BTTTT,valid,https://giayphep.abei.gov.vn/
netbiz.net.vn,Công ty Cổ phần Tập đoàn MCV,Website - Trang TTĐT tổng hợp,,Giấy phép (TVPL PDF),,valid,
netcodo.com.vn,TRUNG TÂM DỊCH VỤ BƯU CHÍNH VIỄN THÔNG ĐA PHƯƠNG TIỆN HUẾ,GIẤY PHÉP THIẾT LẬP TRANG THÔNG TIN ĐIỆN TỬ TỔNG HỢP,2013-06-24,Giấy phép (ABEI),85/GP-TTĐT,invalid,https://giayphep.abei.gov.vn/
netdi.vn,Công ty cổ phần Netdi,Website - Trang mạng xã hội,,Giấy phép (TVPL PDF),,valid,
netlife.vn,CÔNG TY CO ĐẦU TƯ NETWORLD ASIA,Website - Trang TTĐT tổng hợp,,Giấy phép (TVPL PDF),,valid,
netlove.com.vn,CÔNG TY CỔ PHẦN TẬP ĐOÀN MCV,GIẤY PHÉP CUNG CẤP DỊCH VỤ MẠNG XÃ HỘI,2021-01-28,Giấy phép (ABEI),59/GP-BTTTT,valid,https://giayphep.abei.gov.vn/
netspace.vn,Công ty Cổ phần Công nghệ & Truyền thông Không gian số ,GIẤY PHÉP CUNG CẤP DỊCH VỤ MẠNG XÃ HỘI,2026-05-25,Giấy phép (ABEI),93/GP-PTTH&TTĐT,valid,https://giayphep.abei.gov.vn/
netsport.vn,CÔNG TY CO ĐẦU TƯ NETWORLD ASIA,Website - Trang TTĐT tổng hợp,,Giấy phép (TVPL PDF),,valid,
netviettv.net,Công ty Cổ phần NETVIET Truyền thông Đa phương tiện,Website - Trang TTĐT tổng hợp,,Giấy phép (TVPL PDF),,valid,
netvietvtc10.com,Công ty Cổ phần NETVIET Truyền thông Đa phương tiện,Website - Trang TTĐT tổng hợp,,Giấy phép (TVPL PDF),,valid,
netzen.com.vn,CÔNG TY TNHH TRUYỀN THÔNG NETIZEN,QUYẾT ĐỊNH PHÁT HÀNH TRÒ CHƠI ĐIỆN TỬ G1 TRÊN MẠNG,2026-02-12,Giấy phép (ABEI),82/QĐ-PTTH&TTĐT,valid,https://giayphep.abei.gov.vn/
neverland.giganticonline.vn,CÔNG TY CỔ PHẦN GIẢI TRÍ TRỰC TUYẾN GIGANTIC ,QUYẾT ĐỊNH PHÁT HÀNH TRÒ CHƠI ĐIỆN TỬ G1 TRÊN MẠNG,2025-04-29,Giấy phép (ABEI),153/QĐ-PTTH&TTĐT,valid,https://giayphep.abei.gov.vn/
newlifestyle.vn,CÔNG TY CỔ PHẦN NTCORP,Website - Trang TTĐT tổng hợp,,Giấy phép (TVPL PDF),,valid,
news.chongbuonlauhanggi,Trung tâm Truyền hình Thông tấn - TTXVN,MXH - Đài Phát thanh Truyền hình,,Giấy phép (TVPL PDF),,valid,
news.gov.vn,Trung tâm truyền hình Thông tấn,MXH - Cơ quan báo chí,,Giấy phép (TVPL PDF),,valid,
news.otofun.net,Công ty Cổ phần OTV Truyền thông,Website - Trang TTĐT tổng hợp,,Giấy phép (TVPL PDF),,valid,
news.vlive.tv,Tạp chí Hàn Quốc,Website - Trang TTĐT tổng hợp,,Giấy phép (TVPL PDF),,valid,
news.vn,Công ty Truyền thông Viettel,"MXH - Cá nhân, tổ chức",,Giấy phép (TVPL PDF),,valid,
nexfungames.com,CÔNG TY TNHH NEXFUN,QUYẾT ĐỊNH PHÁT HÀNH TRÒ CHƠI ĐIỆN TỬ G1 TRÊN MẠNG,2024-11-19,Giấy phép (ABEI),2012/QĐ-BTTTT,valid,https://giayphep.abei.gov.vn/
nexfungames.vn,CÔNG TY TNHH NEXFUN ,QUYẾT ĐỊNH PHÁT HÀNH TRÒ CHƠI ĐIỆN TỬ G1 TRÊN MẠNG,2025-12-17,Giấy phép (ABEI),558/QĐ-PTTH&TTĐT,valid,https://giayphep.abei.gov.vn/
nfsc.gov.vn,Ủy ban Giám sát tài chính Quốc gia,Website - Trang TTĐT tổng hợp,,Giấy phép (TVPL PDF),,valid,
nfvc.org.vn,QUỸ BẢO TRỢ TRẺ EM VIỆT NAM,GIẤY PHÉP THIẾT LẬP TRANG THÔNG TIN ĐIỆN TỬ TỔNG HỢP,2018-08-09,Giấy phép (ABEI),210/GP-TTĐT,invalid,https://giayphep.abei.gov.vn/
ngananluong.vn,Công ty TNHH Dịch vụ Quảng cáo Ngân An,Website - Trang TTĐT tổng hợp,,Giấy phép (TVPL PDF),,valid,
nganhlamdep24h.vn,Công ty TNHH Đẹp + Media,Website - Trang TTĐT tổng hợp,,Giấy phép (TVPL PDF),,valid,
nganhsuavietnam.com.vn,Công ty TNHH Dairy Việt Nam,Website - Trang TTĐT tổng hợp,,Giấy phép (TVPL PDF),,valid,
nganhsuavietnam.vn,Công ty TNHH Dairy Việt Nam,Website - Trang TTĐT tổng hợp,,Giấy phép (TVPL PDF),,valid,
ngaokiem.adnxgames.vn,CÔNG TY CỔ PHẦN ADNX,QUYẾT ĐỊNH PHÁT HÀNH TRÒ CHƠI ĐIỆN TỬ G1 TRÊN MẠNG,2023-07-18,Giấy phép (ABEI),1309/QĐ-BTTTT,valid,https://giayphep.abei.gov.vn/
ngaokiem3d.vn,CÔNG TY CỔ PHẦN FUNTAP,QUYẾT ĐỊNH PHÁT HÀNH TRÒ CHƠI ĐIỆN TỬ G1 TRÊN MẠNG,2020-03-19,Giấy phép (ABEI),375/QĐ-BTTTT,valid,https://giayphep.abei.gov.vn/
ngaokiemkyduyen.vn,CÔNG TY CỔ PHẦN FUNTAP,QUYẾT ĐỊNH PHÁT HÀNH TRÒ CHƠI ĐIỆN TỬ G1 TRÊN MẠNG,2018-01-26,Giấy phép (ABEI),99/QĐ-BTTTT,valid,https://giayphep.abei.gov.vn/
ngaokiemthanhvan.vn,CÔNG TY TNHH SOHA,QUYẾT ĐỊNH PHÁT HÀNH TRÒ CHƠI ĐIỆN TỬ G1 TRÊN MẠNG,2020-09-29,Giấy phép (ABEI),1644/QĐ-BTTTT,valid,https://giayphep.abei.gov.vn/
ngaothechivuong.mobigsme.vn,CÔNG TY CỔ PHẦN VTC DỊCH VỤ DI ĐỘNG,QUYẾT ĐỊNH PHÁT HÀNH TRÒ CHƠI ĐIỆN TỬ G1 TRÊN MẠNG,2022-12-08,Giấy phép (ABEI),2273/QĐ-BTTTT,invalid,https://giayphep.abei.gov.vn/
ngaothekiemthan.vn,CÔNG TY CỔ PHẦN 9PLAY,QUYẾT ĐỊNH PHÁT HÀNH TRÒ CHƠI ĐIỆN TỬ G1 TRÊN MẠNG,2021-11-05,Giấy phép (ABEI),1758 /QĐ-BTTTT,valid,https://giayphep.abei.gov.vn/
ngaothetamquoc.vn,CÔNG TY CỔ PHẦN DỊCH VỤ TRỰC TUYẾN MIGA,QUYẾT ĐỊNH PHÁT HÀNH TRÒ CHƠI ĐIỆN TỬ G1 TRÊN MẠNG,2021-02-05,Giấy phép (ABEI),151/QĐ-BTTTT,invalid,https://giayphep.abei.gov.vn/
ngaothien.gamota.com,CÔNG TY CỔ PHẦN GAMOTA,QUYẾT ĐỊNH PHÁT HÀNH TRÒ CHƠI ĐIỆN TỬ G1 TRÊN MẠNG,2018-04-20,Giấy phép (ABEI),577/QĐ-BTTTT,valid,https://giayphep.abei.gov.vn/
ngay1demvietnam.dongta,Công ty cổ phần VieNETWORK,"MXH - Cá nhân, tổ chức",,Giấy phép (TVPL PDF),,valid,
ngaymoi24h.vn,Công ty TNHH ANEW GOLD,Website - Trang TTĐT tổng hợp,,Giấy phép (TVPL PDF),,valid,
ngaymoionline.com.vn,Tạp chí Người cao tuổi,"Website - Báo, tạp chí điện tử",,Giấy phép (TVPL PDF),,valid,
ngaymoionline.vn,Tạp chí Người cao tuổi,"Website - Báo, tạp chí điện tử",,Giấy phép (TVPL PDF),,valid,
ngaymoisaigon.vn,Công ty TNHH TMAI Sài Gòn (ngaymoisaigon.com),Website - Trang TTĐT tổng hợp,,Giấy phép (TVPL PDF),,valid,
ngaynay.vn,Tạp chí Ngày nay,"Website - Báo, tạp chí điện tử",,Giấy phép (TVPL PDF),,valid,
ngdoan.vn,Tạp chí Lao động và Công đoàn,"Website - Báo, tạp chí điện tử",,Giấy phép (TVPL PDF),,valid,
nghegiao.vn,CÔNG TY CỔ PHẦN TẬP ĐOÀN BT VIỆT NAM,GIẤY PHÉP CUNG CẤP DỊCH VỤ MẠNG XÃ HỘI,2023-10-23,Giấy phép (ABEI),394/GP-BTTTT,valid,https://giayphep.abei.gov.vn/
nghenghiepcuocsong.vn,Tạp chí Nghề nghiệp và cuộc sống,"Website - Báo, tạp chí điện tử",,Giấy phép (TVPL PDF),,valid,
nghenhanthuonghieu.vn,Công ty Cổ phần đầu tư AVILIFE Việt Nam,Website - Trang TTĐT tổng hợp,,Giấy phép (TVPL PDF),,valid,
nghenhinvietnam.vn,TẠP CHÍ NGHE NHÌN KINH TẾ VIỆT NAM,GIẤY PHÉP THIẾT LẬP TRANG THÔNG TIN ĐIỆN TỬ TỔNG HỢP,2020-08-17,Giấy phép (ABEI),142/GP-TTĐT,valid,https://giayphep.abei.gov.vn/
nghesidatai.com,Công ty TNHH TMDV Truyền thông & Giải trí Ngôi Sao (nghesidatai.vn),Website - Trang TTĐT tổng hợp,,Giấy phép (TVPL PDF),,valid,
nghethuatbieudien.com.vn,TẠP CHÍ NGHỆ THUẬT BIỂU DIỄN,GIẤY PHÉP THIẾT LẬP TRANG THÔNG TIN ĐIỆN TỬ TỔNG HỢP,2016-06-03,Giấy phép (ABEI),54/GPSĐBS-TTĐT,invalid,https://giayphep.abei.gov.vn/
nghethuatvadoisong.vn,Công ty Cổ phần Đầu tư Truyền thông Nam Việt,Website - Trang TTĐT tổng hợp,,Giấy phép (TVPL PDF),,valid,
nghichmenhsu.vn,CÔNG TY TNHH SOHA,QUYẾT ĐỊNH PHÁT HÀNH TRÒ CHƠI ĐIỆN TỬ G1 TRÊN MẠNG,2020-06-30,Giấy phép (ABEI),1077 /QĐ-BTTTT,valid,https://giayphep.abei.gov.vn/
nghichthien.vn,CÔNG TY TNHH SOHA,QUYẾT ĐỊNH PHÁT HÀNH TRÒ CHƠI ĐIỆN TỬ G1 TRÊN MẠNG,2020-09-29,Giấy phép (ABEI),1647 /QĐ-BTTTT,valid,https://giayphep.abei.gov.vn/
nghichthienkiemthe.vn,CÔNG TY CỔ PHẦN VTC DỊCH VỤ DI ĐỘNG,QUYẾT ĐỊNH PHÁT HÀNH TRÒ CHƠI ĐIỆN TỬ G1 TRÊN MẠNG,2020-09-15,Giấy phép (ABEI),1567/QĐ-BTTTT,invalid,https://giayphep.abei.gov.vn/
nghichthuyhan.vnggames.com,CÔNG TY CỔ PHẦN TẬP ĐOÀN VNG,QUYẾT ĐỊNH PHÁT HÀNH TRÒ CHƠI ĐIỆN TỬ G1 TRÊN MẠNG,2026-03-24,Giấy phép (ABEI),140/QĐ-PTTH&TTĐT,valid,https://giayphep.abei.gov.vn/
nghiencuulapphap.com,Tạp chí Nghiên cứu lập pháp,Website - Trang TTĐT tổng hợp,,Giấy phép (TVPL PDF),,valid,
nghiencuulapphap.com.vn,Tạp chí Nghiên cứu lập pháp,Website - Trang TTĐT tổng hợp,,Giấy phép (TVPL PDF),,valid,
nghiencuulapphap.vn,Tạp chí Nghiên cứu lập pháp,Website - Trang TTĐT tổng hợp,,Giấy phép (TVPL PDF),,valid,
ngho.thegioididong,CÔNG TY CỔ PHẦN THẾ GIỚI DI ĐỘNG,"MXH - Cá nhân, tổ chức",,Giấy phép (TVPL PDF),,valid,
ngnt.vma,Công ty TNHH Vietnam Music Award,"MXH - Cá nhân, tổ chức",,Giấy phép (TVPL PDF),,valid,
ngoahotanglong.vn,CÔNG TY CỔ PHẦN VTC DỊCH VỤ DI ĐỘNG,QUYẾT ĐỊNH PHÁT HÀNH TRÒ CHƠI ĐIỆN TỬ G1 TRÊN MẠNG,2016-05-25,Giấy phép (ABEI),876/QĐ-BTTTT,invalid,https://giayphep.abei.gov.vn/
ngoalong.vnggames.com,CÔNG TY CỔ PHẦN TẬP ĐOÀN VNG,QUYẾT ĐỊNH PHÁT HÀNH TRÒ CHƠI ĐIỆN TỬ G1 TRÊN MẠNG,2026-01-27,Giấy phép (ABEI),30/QĐ-PTTH&TTĐT,valid,https://giayphep.abei.gov.vn/
ngoalong.zagoo.vn,CÔNG TY TNHH GIẢI TRÍ LONG ĐỈNH,QUYẾT ĐỊNH PHÁT HÀNH TRÒ CHƠI ĐIỆN TỬ G1 TRÊN MẠNG,2021-08-30,Giấy phép (ABEI),1327/QĐ-BTTTT,valid,https://giayphep.abei.gov.vn/
ngoalongdaichien.vn,CÔNG TY TNHH SOHA,QUYẾT ĐỊNH PHÁT HÀNH TRÒ CHƠI ĐIỆN TỬ G1 TRÊN MẠNG,2018-07-06,Giấy phép (ABEI),1124/QĐ-BTTTT,valid,https://giayphep.abei.gov.vn/
ngoalongtruyen.vn,CÔNG TY CỔ PHẦN FUNTAP,QUYẾT ĐỊNH PHÁT HÀNH TRÒ CHƠI ĐIỆN TỬ G1 TRÊN MẠNG,2019-01-08,Giấy phép (ABEI),27/QĐ-BTTTT,valid,https://giayphep.abei.gov.vn/
ngocrongawaken.vn,CÔNG TY CỔ PHẦN 9PLAY,QUYẾT ĐỊNH PHÁT HÀNH TRÒ CHƠI ĐIỆN TỬ G1 TRÊN MẠNG,2025-06-30,Giấy phép (ABEI),299/QĐ-PTTH&TTĐT,valid,https://giayphep.abei.gov.vn/
ngocronghuyenthoai.vn,CÔNG TY CỔ PHẦN ACE GAME,QUYẾT ĐỊNH PHÁT HÀNH TRÒ CHƠI ĐIỆN TỬ G1 TRÊN MẠNG,2024-03-26,Giấy phép (ABEI),383/QĐ-BTTTT,valid,https://giayphep.abei.gov.vn/
ngoisao.360mobi.vn,CÔNG TY CỔ PHẦN VNG,QUYẾT ĐỊNH PHÁT HÀNH TRÒ CHƠI ĐIỆN TỬ G1 TRÊN MẠNG,2022-01-19,Giấy phép (ABEI),65/QĐ-BTTTT,invalid,https://giayphep.abei.gov.vn/
ngoisao.net,Báo VnExpress,"Website - Báo, tạp chí điện tử",,Giấy phép (TVPL PDF),,valid,
ngoisao.top,Công ty TNHH Quảng Cáo Nhân Tố Mới,Website - Trang mạng xã hội,,Giấy phép (TVPL PDF),,valid,
ngoisao.vn,Công ty Cổ phần Truyền thông - Sự kiện Việt Nam,Website - Trang TTĐT tổng hợp,,Giấy phép (TVPL PDF),,valid,
ngoisao.vnggames.com,CÔNG TY CỔ PHẦN TẬP ĐOÀN VNG,QUYẾT ĐỊNH PHÁT HÀNH TRÒ CHƠI ĐIỆN TỬ G1 TRÊN MẠNG,2026-01-10,Giấy phép (ABEI),10/QĐ-PTTH&TTĐT,valid,https://giayphep.abei.gov.vn/
ngoisaodoanhnhan.vn,Công ty TNHH truyền thông Len Nguyễn Media,Website - Trang TTĐT tổng hợp,,Giấy phép (TVPL PDF),,valid,
ngoisaogiaitri.playfun.vn,CÔNG TY CỔ PHẦN FUNTAP,QUYẾT ĐỊNH PHÁT HÀNH TRÒ CHƠI ĐIỆN TỬ G1 TRÊN MẠNG,2022-02-18,Giấy phép (ABEI),290 /QĐ-BTTTT,valid,https://giayphep.abei.gov.vn/
ngoisaokhieuvu.vn,CÔNG TY TNHH DỊCH VỤ PHẦN MỀM BÌNH MINH,QUYẾT ĐỊNH PHÁT HÀNH TRÒ CHƠI ĐIỆN TỬ G1 TRÊN MẠNG,2016-12-01,Giấy phép (ABEI),2143/QĐ-BTTTT,invalid,https://giayphep.abei.gov.vn/
ngokhong.hhgame.vn,CÔNG TY CỔ PHẦN PHÁT TRIỂN CÔNG NGHỆ SỐ HỒNG HÀ,QUYẾT ĐỊNH PHÁT HÀNH TRÒ CHƠI ĐIỆN TỬ G1 TRÊN MẠNG,2021-05-13,Giấy phép (ABEI),661 /QĐ-BTTTT,valid,https://giayphep.abei.gov.vn/
ngokhong.sohagame.vn,CÔNG TY CỔ PHẦN VCCORP,QUYẾT ĐỊNH PHÁT HÀNH TRÒ CHƠI ĐIỆN TỬ G1 TRÊN MẠNG,2017-11-09,Giấy phép (ABEI),1940/QĐ-BTTTT,invalid,https://giayphep.abei.gov.vn/
ngokhongvihanh.sohagame,CÔNG TY TNHH SOHA ,QUYẾT ĐỊNH PHÁT HÀNH TRÒ CHƠI ĐIỆN TỬ G1 TRÊN MẠNG,2026-06-29,Giấy phép (ABEI),378/QĐ-PTTH&TTĐT,valid,https://giayphep.abei.gov.vn/
ngtl.gamate.vn,CÔNG TY TNHH CÔNG NGHỆ GIẢI TRÍ CHÂU Á,QUYẾT ĐỊNH PHÁT HÀNH TRÒ CHƠI ĐIỆN TỬ G1 TRÊN MẠNG,2023-12-25,Giấy phép (ABEI),2516/QĐ-BTTTT,valid,https://giayphep.abei.gov.vn/
nguhanhphongthuy.vn,Công ty TNHH Công nghệ và dịch vụ truyền thông 2FMedia,Website - Trang TTĐT tổng hợp,,Giấy phép (TVPL PDF),,valid,
nguhotuong.vn,CÔNG TY TNHH SOHA,QUYẾT ĐỊNH PHÁT HÀNH TRÒ CHƠI ĐIỆN TỬ G1 TRÊN MẠNG,2018-06-26,Giấy phép (ABEI),982/QĐ-BTTTT,valid,https://giayphep.abei.gov.vn/
ngukiem.vn,CÔNG TY CỔ PHẦN TRỰC TUYẾN CMN VIỆT NAM,QUYẾT ĐỊNH PHÁT HÀNH TRÒ CHƠI ĐIỆN TỬ G1 TRÊN MẠNG,2020-04-15,Giấy phép (ABEI),573/QĐ-BTTTT,valid,https://giayphep.abei.gov.vn/
ngukiemphithien.vn,CÔNG TY CỔ PHẦN VCCORP,QUYẾT ĐỊNH PHÁT HÀNH TRÒ CHƠI ĐIỆN TỬ G1 TRÊN MẠNG,2017-10-11,Giấy phép (ABEI),1720/QĐ-BTTTT,invalid,https://giayphep.abei.gov.vn/
ngukiemvantinh.vn,CÔNG TY CỔ PHẦN VTC DỊCH VỤ DI ĐỘNG,QUYẾT ĐỊNH PHÁT HÀNH TRÒ CHƠI ĐIỆN TỬ G1 TRÊN MẠNG,2019-05-28,Giấy phép (ABEI),804/QĐ-BTTTT,invalid,https://giayphep.abei.gov.vn/
ngulinh.vn,CÔNG TY CỔ PHẦN TRÒ CHƠI VEGA,QUYẾT ĐỊNH PHÁT HÀNH TRÒ CHƠI ĐIỆN TỬ G1 TRÊN MẠNG,2019-04-11,Giấy phép (ABEI),562/QĐ-BTTTT,valid,https://giayphep.abei.gov.vn/
ngulong.gaba.vn,CÔNG TY CỔ PHẦN TRÒ CHƠI VEGA,QUYẾT ĐỊNH PHÁT HÀNH TRÒ CHƠI ĐIỆN TỬ G1 TRÊN MẠNG,2018-07-09,Giấy phép (ABEI),1131/QĐ-BTTTT,valid,https://giayphep.abei.gov.vn/
ngulong.teamobi.com.vn,CÔNG TY TNHH TEAMOBI,QUYẾT ĐỊNH PHÁT HÀNH TRÒ CHƠI ĐIỆN TỬ G1 TRÊN MẠNG,2016-03-29,Giấy phép (ABEI),438/QĐ-BTTTT,invalid,https://giayphep.abei.gov.vn/
ngulongkiem3d.vgplay.vn,CÔNG TY CỔ PHẦN VGP,QUYẾT ĐỊNH PHÁT HÀNH TRÒ CHƠI ĐIỆN TỬ G1 TRÊN MẠNG,2023-01-27,Giấy phép (ABEI),66/QĐ-BTTTT,invalid,https://giayphep.abei.gov.vn/
ngulongtaithien.vgplay.vn,CÔNG TY CỔ PHẦN VGP,QUYẾT ĐỊNH PHÁT HÀNH TRÒ CHƠI ĐIỆN TỬ G1 TRÊN MẠNG,2023-07-26,Giấy phép (ABEI),1375/QĐ-BTTTT,valid,https://giayphep.abei.gov.vn/
nguoiaylaai.viechannel,Công ty cổ phần VieNETWORK,"MXH - Cá nhân, tổ chức",,Giấy phép (TVPL PDF),,valid,
nguoibannha.vn,Công ty Cổ phần Truyền thông Kinhdoanh Net,Website - Trang TTĐT tổng hợp,,Giấy phép (TVPL PDF),,valid,
nguoibian.dongtaypr,Công ty cổ phần VieNETWORK,"MXH - Cá nhân, tổ chức",,Giấy phép (TVPL PDF),,valid,
nguoibinhdinh.com.vn,Viện Công nghệ Đào Tạo Nguồn Nhân lực Asean,Website - Trang TTĐT tổng hợp,,Giấy phép (TVPL PDF),,valid,
nguoichannuoi.com.vn,TẠP CHÍ THẾ GIỚI GIA CẦM,GIẤY PHÉP THIẾT LẬP TRANG THÔNG TIN ĐIỆN TỬ TỔNG HỢP,2021-07-12,Giấy phép (ABEI),116/GP-TTĐT,valid,https://giayphep.abei.gov.vn/
nguoichannuoi.vn,TẠP CHÍ THỦY SẢN VIỆT NAM,GIẤY PHÉP THIẾT LẬP TRANG THÔNG TIN ĐIỆN TỬ TỔNG HỢP,2015-06-19,Giấy phép (ABEI),79/GP-TTĐT,invalid,https://giayphep.abei.gov.vn/
www.nguoichannuoi.com,TẠP CHÍ THỦY SẢN VIỆT NAM,GIẤY PHÉP THIẾT LẬP TRANG THÔNG TIN ĐIỆN TỬ TỔNG HỢP,2015-06-19,Giấy phép (ABEI),79/GP-TTĐT,invalid,https://giayphep.abei.gov.vn/
www.nguoichannuoi.com.vn,TẠP CHÍ THỦY SẢN VIỆT NAM,GIẤY PHÉP THIẾT LẬP TRANG THÔNG TIN ĐIỆN TỬ TỔNG HỢP,2015-06-19,Giấy phép (ABEI),79/GP-TTĐT,invalid,https://giayphep.abei.gov.vn/
nguoidanhgia.vn,Công ty TNHH Phát triển truyền thông và quảng cáo MTE,Website - Trang TTĐT tổng hợp,,Giấy phép (TVPL PDF),,valid,
nguoidepshowbiz.com.vn,Công ty TNHH Showbiz Viet,Website - Trang TTĐT tổng hợp,,Giấy phép (TVPL PDF),,valid,
nguoidepviet.net,Công ty Cổ phần truyền thông và dịch vụ VNVAS,Website - Trang TTĐT tổng hợp,,Giấy phép (TVPL PDF),,valid,
nguoidepvietnam.tienphong,"Báo Tiền Phong,","Website - Báo, tạp chí điện tử",,Giấy phép (TVPL PDF),,valid,
nguoidepvn.vn,Công ty Cổ phần phát triển thương hiệu 24G,Website - Trang TTĐT tổng hợp,,Giấy phép (TVPL PDF),,valid,
nguoidothi.net.vn,Tạp chí Người đô thị,"Website - Báo, tạp chí điện tử",,Giấy phép (TVPL PDF),,valid,
nguoiduatin.vn,Tạp chí Đời sống và Pháp luật,"Website - Báo, tạp chí điện tử",,Giấy phép (TVPL PDF),,valid,
nguoihanoi.com.vn,BÁO NGƯỜI HÀ NỘI,GIẤY PHÉP THIẾT LẬP TRANG THÔNG TIN ĐIỆN TỬ TỔNG HỢP,2017-07-24,Giấy phép (ABEI),246/GP-TTĐT,valid,https://giayphep.abei.gov.vn/
nguoilambao.vn,TẠP CHÍ NGƯỜI LÀM BÁO,GIẤY PHÉP THIẾT LẬP TRANG THÔNG TIN ĐIỆN TỬ TỔNG HỢP,2013-04-12,Giấy phép (ABEI),39/GP-TTĐT,invalid,https://giayphep.abei.gov.vn/
nguoilamnghe.com.vn,Công ty TNHH Chuyên trang Người làm nghề,Website - Trang TTĐT tổng hợp,,Giấy phép (TVPL PDF),,valid,
nguoilamnghe.vn,TRUNG TÂM HỖ TRỢ PHÁT TRIỂN DOANH NGHIỆP MỸ NGHỆ KIM HOÀN ĐÁ QUÝ,GIẤY PHÉP THIẾT LẬP TRANG THÔNG TIN ĐIỆN TỬ TỔNG HỢP,2019-12-03,Giấy phép (ABEI),231/GP-TTĐT,valid,https://giayphep.abei.gov.vn/
nguoimauviet.biz.vn,Công ty Cổ phần NetIT,Website - Trang TTĐT tổng hợp,,Giấy phép (TVPL PDF),,valid,
nguoimelinh.vn,Công ty TNHH Công nghệ Châu Phong,Website - Trang TTĐT tổng hợp,,Giấy phép (TVPL PDF),,valid,
nguoimua.vn,CÔNG TY CỔ PHẦN PHÁT TRIỂN TRUYỀN THÔNG  THỜI ĐẠI,GIẤY PHÉP CUNG CẤP DỊCH VỤ MẠNG XÃ HỘI,2019-12-10,Giấy phép (ABEI),539/GP-BTTTT,valid,https://giayphep.abei.gov.vn/
nguoinghe.vn,CÔNG TY TNHH MTV TRUYỀN THÔNG  PHƯƠNG NAMNET,GIẤY PHÉP CUNG CẤP DỊCH VỤ MẠNG XÃ HỘI,2020-04-14,Giấy phép (ABEI),12/GP-BTTTT,valid,https://giayphep.abei.gov.vn/
nguoinoitieng.vn,Công ty Cổ phần xây dựng và dịch vụ bếp xinh,Website - Trang TTĐT tổng hợp,,Giấy phép (TVPL PDF),,valid,
nguoinoitiengexpress.vn,Công ty TNHH MTV Aparment Nguyên Anh,Website - Trang TTĐT tổng hợp,,Giấy phép (TVPL PDF),,valid,
nguoinuoitom.vn,Công ty Cổ phần Truyền thông Chăn nuôi Việt Nam,Website - Trang TTĐT tổng hợp,,Giấy phép (TVPL PDF),,valid,
nguoiquansat.vn,Công ty TNHH Đầu tư đổi mới Công nghệ Intech,Website - Trang TTĐT tổng hợp,,Giấy phép (TVPL PDF),,valid,
nguoisaigononline.vn,CT CP Người Sài gòn,Website - Trang mạng xã hội,,Giấy phép (TVPL PDF),,valid,
nguoitieudung.com.vn,TẠP CHÍ NGƯỜI TIÊU DÙNG,GIẤY PHÉP THIẾT LẬP TRANG THÔNG TIN ĐIỆN TỬ TỔNG HỢP,2013-06-11,Giấy phép (ABEI),75/GP-TTĐT,invalid,https://giayphep.abei.gov.vn/
nguoitrongcay.vn,CÔNG TY TNHH PHÁT TRIỂN THƯƠNG MẠI VÀ TRUYỀN THÔNG BÌNH MINH,GIẤY PHÉP CUNG CẤP DỊCH VỤ MẠNG XÃ HỘI,2020-05-14,Giấy phép (ABEI),205/GP-BTTTT,invalid,https://giayphep.abei.gov.vn/
nguoitronggiangho.vn,CÔNG TY TNHH SOHA,QUYẾT ĐỊNH PHÁT HÀNH TRÒ CHƠI ĐIỆN TỬ G1 TRÊN MẠNG,2021-05-12,Giấy phép (ABEI),641/QĐ-BTTTT,valid,https://giayphep.abei.gov.vn/
nguoiviet.net.vn,Công ty TNHH Truyền thông Phi Long,Website - Trang TTĐT tổng hợp,,Giấy phép (TVPL PDF),,valid,
nguoixaydung.com.vn,TẠP CHÍ NGƯỜI XÂY DỰNG,GIẤY PHÉP THIẾT LẬP TRANG THÔNG TIN ĐIỆN TỬ TỔNG HỢP,2020-07-08,Giấy phép (ABEI),112/GP-TTĐT,valid,https://giayphep.abei.gov.vn/
nguoixunghe.vn,CÔNG TY CP NÚI HỒNG SÔNG LAM,Website - Trang TTĐT tổng hợp,,Giấy phép (TVPL PDF),,valid,
nguonluc.com.vn,Tạp chí điện tử Nhân lực Nhân tài Việt,"Website - Báo, tạp chí điện tử",,Giấy phép (TVPL PDF),,valid,
nguonviet.net.vn,Viện Khoa học Phát triển Nhân lực Kinh tế và Văn hóa,Website - Trang mạng xã hội,,Giấy phép (TVPL PDF),,valid,
nguonviet.org,Viện Khoa học Phát triển Nhân lực Kinh tế và Văn hóa,Website - Trang mạng xã hội,,Giấy phép (TVPL PDF),,valid,
nguthansu.vn,CÔNG TY CỔ PHẦN VTC DỊCH VỤ DI ĐỘNG,QUYẾT ĐỊNH PHÁT HÀNH TRÒ CHƠI ĐIỆN TỬ G1 TRÊN MẠNG,2021-04-29,Giấy phép (ABEI),557/QĐ-BTTTT,invalid,https://giayphep.abei.gov.vn/
ngutuyet.ygame.vn,CÔNG TY CỔ PHẦN GIẢI TRÍ YGAME,QUYẾT ĐỊNH PHÁT HÀNH TRÒ CHƠI ĐIỆN TỬ G1 TRÊN MẠNG,2019-10-11,Giấy phép (ABEI),1687 /QĐ-BTTTT,valid,https://giayphep.abei.gov.vn/
nguyenbao.com.vn,CÔNG TY TNHH NỘI DUNG SỐ NGUYÊN BẢO,QUYẾT ĐỊNH PHÁT HÀNH TRÒ CHƠI ĐIỆN TỬ G1 TRÊN MẠNG,2020-03-09,Giấy phép (ABEI),313/QĐ-BTTTT,valid,https://giayphep.abei.gov.vn/
nguyenkim.vn,Công ty CP Thương mại Nguyễn Kim (nguyenkim.com),Website - Trang TTĐT tổng hợp,,Giấy phép (TVPL PDF),,valid,
nguyenthan.vn,CÔNG TY CỔ PHẦN DỊCH VỤ S.PAY VIỆT NAM,QUYẾT ĐỊNH PHÁT HÀNH TRÒ CHƠI ĐIỆN TỬ G1 TRÊN MẠNG,2020-12-24,Giấy phép (ABEI),2285 /QĐ-BTTTT,valid,https://giayphep.abei.gov.vn/
nguyetdachien.vn,CÔNG TY CỔ PHẦN VTC DỊCH VỤ DI ĐỘNG,QUYẾT ĐỊNH PHÁT HÀNH TRÒ CHƠI ĐIỆN TỬ G1 TRÊN MẠNG,2022-08-24,Giấy phép (ABEI),1582/QĐ-BTTTT,invalid,https://giayphep.abei.gov.vn/
nguyetmong.thsgame.com.vn,CÔNG TY CỔ PHẦN THS GAME,QUYẾT ĐỊNH PHÁT HÀNH TRÒ CHƠI ĐIỆN TỬ G1 TRÊN MẠNG,2025-07-04,Giấy phép (ABEI),305 /QĐ-PTTH&TTĐT,valid,https://giayphep.abei.gov.vn/
nh.bigcat,Công ty TNHH Bigcat,"MXH - Cá nhân, tổ chức",,Giấy phép (TVPL PDF),,valid,
nh14.teklife,Công ty cổ phần VCCorp,"MXH - Cá nhân, tổ chức",,Giấy phép (TVPL PDF),,valid,
nhabaohanoi.vn,Hội nhà báo thành phố Hà Nội,Website - Trang TTĐT tổng hợp,,Giấy phép (TVPL PDF),,valid,
nhabaonu.com.vn,CÂU LẠC BỘ NHÀ BÁO NỮ VIỆT NAM,GIẤY PHÉP THIẾT LẬP TRANG THÔNG TIN ĐIỆN TỬ TỔNG HỢP,2013-01-11,Giấy phép (ABEI),05/GP-TTĐT,invalid,https://giayphep.abei.gov.vn/
nhabaothudo.hanoi.gov.vn,Hội nhà báo thành phố Hà Nội,Website - Trang TTĐT tổng hợp,,Giấy phép (TVPL PDF),,valid,
nhabaothudo.vn,Hội nhà báo thành phố Hà Nội,Website - Trang TTĐT tổng hợp,,Giấy phép (TVPL PDF),,valid,
nhabaovagiamsatxahoi.vn,Hội Nhà báo Việt Nam,Website - Trang TTĐT tổng hợp,,Giấy phép (TVPL PDF),,valid,
nhac.vn,Công ty Cổ phần Bạch Minh,Website - Trang mạng xã hội,,Giấy phép (TVPL PDF),,valid,
nhaccuatui.com,Công ty Cổ phần NCT,Website - Trang mạng xã hội,,Giấy phép (TVPL PDF),,valid,
nhacdj.vn,CÔNG TY TNHH TRUYỀN THÔNG TECHNOLOGY VIỆT NAM,Website - Trang mạng xã hội,,Giấy phép (TVPL PDF),,valid,
nhachannuoi.vn,TẠP CHÍ KHOA HỌC KỸ THUẬT CHĂN NUÔI,GIẤY PHÉP THIẾT LẬP TRANG THÔNG TIN ĐIỆN TỬ TỔNG HỢP,2017-08-24,Giấy phép (ABEI),279/GP-TTĐT,valid,https://giayphep.abei.gov.vn/
nhacmoi.vn,Công ty Cổ phần truyền thông và giải trí Hồng Ân,Website - Trang TTĐT tổng hợp,,Giấy phép (TVPL PDF),,valid,
nhacviet.vn,Công ty Cổ phần dịch vụ và Viễn thông Nam Việt,Website - Trang TTĐT tổng hợp,,Giấy phép (TVPL PDF),,valid,
nhadat24h.net,Công ty Cổ phần Tập đoàn công nghệ REAL TECH,Website - Trang TTĐT tổng hợp,,Giấy phép (TVPL PDF),,valid,
nhadatsot.vn,Công ty TNHH Giáp Long,Website - Trang TTĐT tổng hợp,,Giấy phép (TVPL PDF),,valid,
nhadatvachungcu.vn,Công ty TNHH Quảng cáo Truyền thông Lam Sơn TH,Website - Trang TTĐT tổng hợp,,Giấy phép (TVPL PDF),,valid,
nhadatvanphong.vn,Công ty Cổ phần quản lý và khai thác tài sản Dầu khí,Website - Trang TTĐT tổng hợp,,Giấy phép (TVPL PDF),,valid,
nhadautu.vn,Tạp chí Nhà đầu tư,"Website - Báo, tạp chí điện tử",,Giấy phép (TVPL PDF),,valid,
nhadep-magazine.com.vn,TẠP CHÍ KIẾN TRÚC,GIẤY PHÉP THIẾT LẬP TRANG THÔNG TIN ĐIỆN TỬ TỔNG HỢP,2017-06-28,Giấy phép (ABEI),219/GP-TTĐT,valid,https://giayphep.abei.gov.vn/
nhandan.com.vn,Báo Nhân dân,"Website - Báo, tạp chí điện tử",,Giấy phép (TVPL PDF),,valid,
nhandan.org.vn,Báo Nhân dân,"Website - Báo, tạp chí điện tử",,Giấy phép (TVPL PDF),,valid,
nhandan.vn,Báo Nhân dân,"Website - Báo, tạp chí điện tử",,Giấy phép (TVPL PDF),,valid,
nhandaoonline.vn,Tạp chí Nhân đạo,"Website - Báo, tạp chí điện tử",,Giấy phép (TVPL PDF),,valid,
nhandaotv.vn,TRUNG TÂM TRUYỀN HÌNH NHÂN ĐẠO,GIẤY PHÉP THIẾT LẬP TRANG THÔNG TIN ĐIỆN TỬ TỔNG HỢP,2021-07-01,Giấy phép (ABEI),108/GP-TTĐT,valid,https://giayphep.abei.gov.vn/
nhandaovtv.vn,Trung tâm Truyền hình Nhân đạo,Website - Trang TTĐT tổng hợp,,Giấy phép (TVPL PDF),,valid,
nhangia.obt.vn,CÔNG TY CỔ PHẦN XTV,QUYẾT ĐỊNH PHÁT HÀNH TRÒ CHƠI ĐIỆN TỬ G1 TRÊN MẠNG,2020-07-14,Giấy phép (ABEI),1183/QĐ-BTTTT,invalid,https://giayphep.abei.gov.vn/
nhangia.vn,CÔNG TY CỔ PHẦN TRỰC TUYẾN CMN VIỆT NAM,QUYẾT ĐỊNH PHÁT HÀNH TRÒ CHƠI ĐIỆN TỬ G1 TRÊN MẠNG,2020-08-28,Giấy phép (ABEI),1490/QĐ-BTTTT,valid,https://giayphep.abei.gov.vn/
nhangiahaki.vn,CÔNG TY CỔ PHẦN FUNTAP,QUYẾT ĐỊNH PHÁT HÀNH TRÒ CHƠI ĐIỆN TỬ G1 TRÊN MẠNG,2019-09-04,Giấy phép (ABEI),1437/QĐ-BTTTT,invalid,https://giayphep.abei.gov.vn/
nhangiatruyenthuyet.vn,CÔNG TY CỔ PHẦN TRỰC TUYỂN DUO,QUYẾT ĐỊNH PHÁT HÀNH TRÒ CHƠI ĐIỆN TỬ G1 TRÊN MẠNG,2022-12-13,Giấy phép (ABEI),2310/QĐ-BTTTT,valid,https://giayphep.abei.gov.vn/
nhanhieuviet.gov.vn,TRUNG TÂM THÔNG TIN CÔNG NGHIỆP VÀ THƯƠNG MẠI,GIẤY PHÉP THIẾT LẬP TRANG THÔNG TIN ĐIỆN TỬ TỔNG HỢP,2017-11-15,Giấy phép (ABEI),341/GPSĐBS-TTĐT,invalid,https://giayphep.abei.gov.vn/
nhanhnhuchop.dongtay,Công ty cổ phần VieNETWORK,"MXH - Cá nhân, tổ chức",,Giấy phép (TVPL PDF),,valid,
nhanhnhuchopnhi.viecha,Công ty cổ phần VieNETWORK,"MXH - Cá nhân, tổ chức",,Giấy phép (TVPL PDF),,valid,
nhanlucnganhluat.vn,Công ty TNHH Nhân lực ngành Luật,Website - Trang TTĐT tổng hợp,,Giấy phép (TVPL PDF),,valid,
nhantaidatviet.vnpt.vn,Tạp chí điện tử Vn Media,"Website - Báo, tạp chí điện tử",,Giấy phép (TVPL PDF),,valid,
nhantainhanluc.com,Viện khoa học nghiên cứu nhân tài nhân lực,Website - Trang TTĐT tổng hợp,,Giấy phép (TVPL PDF),,valid,
nhantainhanluc.com.vn,VIỆN KHOA HỌC NGHIÊN CỨU NHÂN TÀI NHÂN LỰC,GIẤY PHÉP THIẾT LẬP TRANG THÔNG TIN ĐIỆN TỬ TỔNG HỢP,2019-03-12,Giấy phép (ABEI),42/GP-TTĐT,valid,https://giayphep.abei.gov.vn/
www.nhantainhanluc.com.vn,VIỆN KHOA HỌC NGHIÊN CỨU NHÂN TÀI NHÂN LỰC,GIẤY PHÉP THIẾT LẬP TRANG THÔNG TIN ĐIỆN TỬ TỔNG HỢP,2016-01-13,Giấy phép (ABEI),04/GP-TTĐT,valid,https://giayphep.abei.gov.vn/
nhantaivietnam.vn,Viện khoa học nghiên cứu nhân tài nhân lực,Website - Trang TTĐT tổng hợp,,Giấy phép (TVPL PDF),,valid,
nhanthuath5.vn,CÔNG TY CỔ PHẦN FUNTAP,QUYẾT ĐỊNH PHÁT HÀNH TRÒ CHƠI ĐIỆN TỬ G1 TRÊN MẠNG,2020-01-11,Giấy phép (ABEI),90 /QĐ-BTTTT,valid,https://giayphep.abei.gov.vn/
nhanvatvasukien.vn,Công ty Cổ phần Viet New,Website - Trang TTĐT tổng hợp,,Giấy phép (TVPL PDF),,valid,
nhaquanly.vn,Tạp chí Nhà Quản lý,"Website - Báo, tạp chí điện tử",,Giấy phép (TVPL PDF),,valid,
nhatdaithienton.vn,CÔNG TY CỔ PHẦN TRỰC TUYỂN GOSU,QUYẾT ĐỊNH PHÁT HÀNH TRÒ CHƠI ĐIỆN TỬ G1 TRÊN MẠNG,2024-06-20,Giấy phép (ABEI),998/QĐ-BTTTT,invalid,https://giayphep.abei.gov.vn/
nhatdaitongsu.vn,CÔNG TY TNHH SOHA,QUYẾT ĐỊNH PHÁT HÀNH TRÒ CHƠI ĐIỆN TỬ G1 TRÊN MẠNG,2022-04-25,Giấy phép (ABEI),756/QĐ-BTTTT,valid,https://giayphep.abei.gov.vn/
nhathuoc.net,Công ty Cổ phần Giải pháp Công nghệ iNet,Website - Trang TTĐT tổng hợp,,Giấy phép (TVPL PDF),,valid,
nhathuoclongchau.com,Công ty Cổ phần Bán lẻ Kỹ thuật số FPT (nhathuoclongchau.com.vn),Website - Trang TTĐT tổng hợp,,Giấy phép (TVPL PDF),,valid,
nhatkiemdoantinh.1618play.vn,CÔNG TY TNHH 1618PLAY,QUYẾT ĐỊNH PHÁT HÀNH TRÒ CHƠI ĐIỆN TỬ G1 TRÊN MẠNG,2019-12-25,Giấy phép (ABEI),2255/QĐ-BTTTT,valid,https://giayphep.abei.gov.vn/
nhatkiemgiangho.vn,CÔNG TY CỔ PHẦN FUNTAP,QUYẾT ĐỊNH PHÁT HÀNH TRÒ CHƠI ĐIỆN TỬ G1 TRÊN MẠNG,2018-09-11,Giấy phép (ABEI),1486/QĐ-BTTTT,invalid,https://giayphep.abei.gov.vn/
nhatkiemmon.vn,CÔNG TY TNHH SOHA,QUYẾT ĐỊNH PHÁT HÀNH TRÒ CHƠI ĐIỆN TỬ G1 TRÊN MẠNG,2022-12-02,Giấy phép (ABEI),2240/QĐ-BTTTT,invalid,https://giayphep.abei.gov.vn/
nhatkycuocsong.vn,CÔNG TY CỔ PHẦN TRUYỀN THÔNG MEDIA  VIỆT NAM,GIẤY PHÉP CUNG CẤP DỊCH VỤ MẠNG XÃ HỘI,2020-01-20,Giấy phép (ABEI),25/GP-BTTTT,valid,https://giayphep.abei.gov.vn/
nhatkyzalo.vn,CÔNG TY TNHH VNG ONLINE,GIẤY PHÉP CUNG CẤP DỊCH VỤ MẠNG XÃ HỘI,2023-12-25,Giấy phép (ABEI),475/GP-BTTTT,valid,https://giayphep.abei.gov.vn/
nhatmong.ggo.vn,CÔNG TY CỔ PHẦN GGO,QUYẾT ĐỊNH PHÁT HÀNH TRÒ CHƠI ĐIỆN TỬ G1 TRÊN MẠNG,2022-06-03,Giấy phép (ABEI),1028/QĐ-BTTTT,valid,https://giayphep.abei.gov.vn/
nhatmong.playfun.vn,CÔNG TY CỔ PHẦN FUNTAP,QUYẾT ĐỊNH PHÁT HÀNH TRÒ CHƠI ĐIỆN TỬ G1 TRÊN MẠNG,2024-02-06,Giấy phép (ABEI),160/QĐ-BTTTT,valid,https://giayphep.abei.gov.vn/
nhatmong.vn,CÔNG TY TNHH SOHA,QUYẾT ĐỊNH PHÁT HÀNH TRÒ CHƠI ĐIỆN TỬ G1 TRÊN MẠNG,2020-05-22,Giấy phép (ABEI),869 /QĐ-BTTTT,valid,https://giayphep.abei.gov.vn/
nhatmong.zing.vn,CÔNG TY CỔ PHẦN VNG,QUYẾT ĐỊNH PHÁT HÀNH TRÒ CHƠI ĐIỆN TỬ G1 TRÊN MẠNG,2021-05-24,Giấy phép (ABEI),693/QĐ-BTTTT,invalid,https://giayphep.abei.gov.vn/
nhatmongvolam.vn,CÔNG TY TNHH GIẢI TRÍ LONG ĐỈNH,QUYẾT ĐỊNH PHÁT HÀNH TRÒ CHƠI ĐIỆN TỬ G1 TRÊN MẠNG,2023-08-31,Giấy phép (ABEI),1698/QĐ-BTTTT,valid,https://giayphep.abei.gov.vn/
nhatnhat.com,Công ty TNHH Nhất Nhất,Website - Trang TTĐT tổng hợp,,Giấy phép (TVPL PDF),,valid,
nhatot.com.vn,CÔNG TY TNHH CHỢ TỐT,GIẤY PHÉP CUNG CẤP DỊCH VỤ MẠNG XÃ HỘI,2023-08-31,Giấy phép (ABEI),322/GP-BTTTT,invalid,https://giayphep.abei.gov.vn/
www.nhatot.com,CÔNG TY TNHH CHỢ TỐT,GIẤY PHÉP CUNG CẤP DỊCH VỤ MẠNG XÃ HỘI,2023-08-31,Giấy phép (ABEI),322/GP-BTTTT,invalid,https://giayphep.abei.gov.vn/
nhatphamquanlaogia.vn,CÔNG TY CỔ PHẦN FUNTAP,QUYẾT ĐỊNH PHÁT HÀNH TRÒ CHƠI ĐIỆN TỬ G1 TRÊN MẠNG,2019-12-25,Giấy phép (ABEI),2257/QĐ-BTTTT,valid,https://giayphep.abei.gov.vn/
nhatquynhima.vn,Công ty Cổ phần Quảng cáo Hà Thái,Website - Trang TTĐT tổng hợp,,Giấy phép (TVPL PDF),,valid,
nhatrangclub.vn,Công ty TNHH Nha trang Club,Website - Trang mạng xã hội,,Giấy phép (TVPL PDF),,valid,
nhattao.vn,Công ty Nhật Tảo,Website - Trang mạng xã hội,,Giấy phép (TVPL PDF),,valid,
nhattao.com,Công ty Nhật Tảo,Website - Trang mạng xã hội,,Giấy phép (TVPL PDF),,valid,
nhatuvan.vn,Công ty Cổ phần Công nghệ Link BDS,Website - Trang TTĐT tổng hợp,,Giấy phép (TVPL PDF),,valid,
nhavantre.com.vn,Báo Văn nghệ,"Website - Báo, tạp chí điện tử",,Giấy phép (TVPL PDF),,valid,
nhavaxe.vn,Công ty TNHH Truyền thông H&M,Website - Trang TTĐT tổng hợp,,Giấy phép (TVPL PDF),,valid,
nhaxuatbancongthuong.co,Nhà Xuất bản Công thương,Website - Trang TTĐT tổng hợp,,Giấy phép (TVPL PDF),,valid,
nhaxuatbancongthuong.com.vn,NHÀ XUẤT BẢN CÔNG THƯƠNG,GIẤY PHÉP THIẾT LẬP TRANG THÔNG TIN ĐIỆN TỬ TỔNG HỢP,2017-09-28,Giấy phép (ABEI),304/GP-TTĐT,valid,https://giayphep.abei.gov.vn/
nhaxuatbancongthuong.gov.vn,NHÀ XUẤT BẢN CÔNG THƯƠNG,GIẤY PHÉP THIẾT LẬP TRANG THÔNG TIN ĐIỆN TỬ TỔNG HỢP,2017-09-28,Giấy phép (ABEI),304/GP-TTĐT,valid,https://giayphep.abei.gov.vn/
nhaxuatbancongthuong.gov,Nhà Xuất bản Công thương,Website - Trang TTĐT tổng hợp,,Giấy phép (TVPL PDF),,valid,
nhcd.zoneplay.vn,CÔNG TY CỔ PHẦN GZONE MEDIA VIỆT NAM,QUYẾT ĐỊNH PHÁT HÀNH TRÒ CHƠI ĐIỆN TỬ G1 TRÊN MẠNG,2023-08-14,Giấy phép (ABEI),1475/QĐ-BTTTT,valid,https://giayphep.abei.gov.vn/
nhipcaudautu.vn,TẠP CHÍ NHỊP CẦU ĐẦU TƯ,GIẤY PHÉP THIẾT LẬP TRANG THÔNG TIN ĐIỆN TỬ TỔNG HỢP,2018-02-12,Giấy phép (ABEI),41/GP-TTĐT,valid,https://giayphep.abei.gov.vn/
nhipcaukinhte.com.vn,Công ty TNHH Thông tin và Dữ liệu IOT,Website - Trang TTĐT tổng hợp,,Giấy phép (TVPL PDF),,valid,
nhipcaunhanong.vn,Công ty TNHH Dịch vụ thông tin và phát triển nội dung DATASHARE,Website - Trang TTĐT tổng hợp,,Giấy phép (TVPL PDF),,valid,
nhipcauthuonghieu.vn,Công ty TNHH MTV Truyền thông Thẫm Tú,Website - Trang TTĐT tổng hợp,,Giấy phép (TVPL PDF),,valid,
nhipdap.vn,Công ty Cổ phần dịch vụ truyền thông Vietnamnet Icom,Website - Trang TTĐT tổng hợp,,Giấy phép (TVPL PDF),,valid,
nhipdapthethao.vn,Công ty Cổ phần Truyền thông Giải trí Kết Nối Việt,Website - Trang TTĐT tổng hợp,,Giấy phép (TVPL PDF),,valid,
nhipdieu.alogame.vn,CÔNG TY CỔ PHẦN CÔNG NGHỆ SỐ ALO ,QUYẾT ĐỊNH PHÁT HÀNH TRÒ CHƠI ĐIỆN TỬ G1 TRÊN MẠNG,2026-02-13,Giấy phép (ABEI),97/QĐ-PTTH&TTĐT,valid,https://giayphep.abei.gov.vn/
nhipsongdoanhnghiep.cuoc,Tạp chí Lao động và Công đoàn,"Website - Báo, tạp chí điện tử",,Giấy phép (TVPL PDF),,valid,
nhipsongdothi.vn,Công ty TNHH VStar Media,Website - Trang TTĐT tổng hợp,,Giấy phép (TVPL PDF),,valid,
nhipsonghomnay.vn,Công ty TNHH Truyền hình Cáp Saigontourist,Website - Trang TTĐT tổng hợp,,Giấy phép (TVPL PDF),,valid,
nhipsongkinhdoanh.vn,Công ty Cổ phần Truyền thông Quốc tế Diginews,Website - Trang TTĐT tổng hợp,,Giấy phép (TVPL PDF),,valid,
nhipsongkinhte.toquoc.vn,Báo điện tử Tổ Quốc,"Website - Báo, tạp chí điện tử",,Giấy phép (TVPL PDF),,valid,
nhipsongonline.vn,CÔNG TY TNHH TRUYỀN THÔNG VÀ DỊCH VỤ LÀNG MỚI,Website - Trang TTĐT tổng hợp,,Giấy phép (TVPL PDF),,valid,
nhipsongphuongnam.vn,Công ty TNHH SX TM DV Văn hóa và Truyền thông Hùng Tín,Website - Trang TTĐT tổng hợp,,Giấy phép (TVPL PDF),,valid,
nhipsongplus.vn,Công ty TNHH Nhịp Sống Đa Phương Tiện,Website - Trang TTĐT tổng hợp,,Giấy phép (TVPL PDF),,valid,
nhipsongshowbiz.vn,Công ty Cổ phần Đầu tư Truyền thông Nam Việt,Website - Trang TTĐT tổng hợp,,Giấy phép (TVPL PDF),,valid,
nhipsongthoidai.com,Tạp chí Nhịp sống số,"Website - Báo, tạp chí điện tử",,Giấy phép (TVPL PDF),,valid,
ndh.vn,Tạp chí Nhịp sống số,"Website - Báo, tạp chí điện tử",,Giấy phép (TVPL PDF),,valid,
nhipsongviet.toquoc.vn,Báo điện tử Tổ Quốc,"Website - Báo, tạp chí điện tử",,Giấy phép (TVPL PDF),,valid,
nhipyeu.vn,Công ty TNHH Đầu tư Viễn Thông Miền Nam (nhipyeu.vn),Website - Trang TTĐT tổng hợp,,Giấy phép (TVPL PDF),,valid,
nhnghiep.vn,Tạp chí Diễn đàn doanh nghiệp,"Website - Báo, tạp chí điện tử",,Giấy phép (TVPL PDF),,valid,
nhnhanhvn.vn,Tạp chí điện tử Doanh nhân Việt Nam,"Website - Báo, tạp chí điện tử",,Giấy phép (TVPL PDF),,valid,
nhthamtu.tv,Công ty Cổ phần Yeah1 eDigital,"MXH - Cá nhân, tổ chức",,Giấy phép (TVPL PDF),,valid,
nhuavasuckhoe.vn,Trung tâm Hỗ trợ Phát triển Xanh,Website - Trang TTĐT tổng hợp,,Giấy phép (TVPL PDF),,valid,
nhuavavasuckhoe.vn,TRUNG TÂM HỖ TRỢ PHÁT TRIỂN XANH,GIẤY PHÉP THIẾT LẬP TRANG THÔNG TIN ĐIỆN TỬ TỔNG HỢP,2022-09-23,Giấy phép (ABEI),128/GP-TTĐT,valid,https://giayphep.abei.gov.vn/
nica.vn,CÔNG TY TNHH DỊCH VỤ TRUYỀN THÔNG NICA,QUYẾT ĐỊNH PHÁT HÀNH TRÒ CHƠI ĐIỆN TỬ G1 TRÊN MẠNG,2024-08-19,Giấy phép (ABEI),1390/QĐ-BTTTT,valid,https://giayphep.abei.gov.vn/
nicatech.vn,CÔNG TY TNHH DỊCH VỤ TRUYỀN THÔNG NICA,QUYẾT ĐỊNH PHÁT HÀNH TRÒ CHƠI ĐIỆN TỬ G1 TRÊN MẠNG,2024-12-23,Giấy phép (ABEI),2247/QĐ-BTTTT,valid,https://giayphep.abei.gov.vn/
nicvb.org.vn,VIỆN KIỂM ĐỊNH QUỐC GIA VẮC XIN VÀ SINH PHẨM Y TẾ,GIẤY PHÉP THIẾT LẬP TRANG THÔNG TIN ĐIỆN TỬ TỔNG HỢP,2017-01-20,Giấy phép (ABEI),47/GP-TTĐT,valid,https://giayphep.abei.gov.vn/
nifc.gov.vn,VIỆN KIỂM NGHIỆM AN TOÀN VỆ SINH THỰC PHẨM QUỐC GIA,GIẤY PHÉP THIẾT LẬP TRANG THÔNG TIN ĐIỆN TỬ TỔNG HỢP,2020-08-24,Giấy phép (ABEI),146 /GP-TTĐT,valid,https://giayphep.abei.gov.vn/
nihbt.org.vn,VIỆN HUYẾT HỌC - TRUYỀN MÁU TRUNG ƯƠNG,GIẤY PHÉP THIẾT LẬP TRANG THÔNG TIN ĐIỆN TỬ TỔNG HỢP,2016-06-15,Giấy phép (ABEI),60/GP-TTĐT,valid,https://giayphep.abei.gov.vn/
nimpe.vn,VIỆN SỐT RÉT - KÝ SINH TRÙNG - CÔN TRÙNG TRUNG ƯƠNG,GIẤY PHÉP THIẾT LẬP TRANG THÔNG TIN ĐIỆN TỬ TỔNG HỢP,2015-12-23,Giấy phép (ABEI),178/GP-TTĐT,valid,https://giayphep.abei.gov.vn/
ninhthuan.edu.vn,SỞ GIÁO DỤC VÀ ĐÀO TẠO TỈNH NINH THUẬN,GIẤY PHÉP THIẾT LẬP TRANG THÔNG TIN ĐIỆN TỬ TỔNG HỢP,2013-08-30,Giấy phép (ABEI),134/GP-TTĐT,invalid,https://giayphep.abei.gov.vn/
ninhthuantv.vn,ĐÀI PHÁT THANH VÀ TRUYỀN HÌNH NINH THUẬN,GIẤY PHÉP THIẾT LẬP TRANG THÔNG TIN ĐIỆN TỬ TỔNG HỢP,2023-06-05,Giấy phép (ABEI),85/GP-TTĐT,valid,https://giayphep.abei.gov.vn/
ninja.gosu.vn,CÔNG TY CỔ PHẦN TRỰC TUYẾN GOSU,QUYẾT ĐỊNH PHÁT HÀNH TRÒ CHƠI ĐIỆN TỬ G1 TRÊN MẠNG,2019-04-11,Giấy phép (ABEI),567/QĐ-BTTTT,invalid,https://giayphep.abei.gov.vn/
ninjadaichien.vn,CÔNG TY CỔ PHẦN ACE GAME,QUYẾT ĐỊNH PHÁT HÀNH TRÒ CHƠI ĐIỆN TỬ G1 TRÊN MẠNG,2022-11-16,Giấy phép (ABEI),2101/QĐ-BTTTT,valid,https://giayphep.abei.gov.vn/
ninjahuyenthoai.vn,CÔNG TY CỔ PHẦN WETAPS,QUYẾT ĐỊNH PHÁT HÀNH TRÒ CHƠI ĐIỆN TỬ G1 TRÊN MẠNG,2023-02-22,Giấy phép (ABEI),223/QĐ-BTTTT,valid,https://giayphep.abei.gov.vn/
ninjalangla.vn,CÔNG TY CỔ PHẦN WETAPS,QUYẾT ĐỊNH PHÁT HÀNH TRÒ CHƠI ĐIỆN TỬ G1 TRÊN MẠNG,2020-07-14,Giấy phép (ABEI),1177/QĐ-BTTTT,valid,https://giayphep.abei.gov.vn/
ninjasieucap.vn,CÔNG TY CỔ PHẦN ACE GAME,QUYẾT ĐỊNH PHÁT HÀNH TRÒ CHƠI ĐIỆN TỬ G1 TRÊN MẠNG,2024-12-10,Giấy phép (ABEI),2173/QĐ-BTTTT,valid,https://giayphep.abei.gov.vn/
ninjatoithuong.vn,CÔNG TY TNHH VMGE,QUYẾT ĐỊNH PHÁT HÀNH TRÒ CHƠI ĐIỆN TỬ G1 TRÊN MẠNG,2024-06-20,Giấy phép (ABEI),1002/QĐ-BTTTT,valid,https://giayphep.abei.gov.vn/
nivet.org.vn,VIỆN KHOA HỌC GIÁO DỤC NGHỀ NGHIỆP,GIẤY PHÉP THIẾT LẬP TRANG THÔNG TIN ĐIỆN TỬ TỔNG HỢP,2019-07-01,Giấy phép (ABEI),109/GP-TTĐT,valid,https://giayphep.abei.gov.vn/
nk.vn,Công ty cổ phần VCCorp,"MXH - Cá nhân, tổ chức",,Giấy phép (TVPL PDF),,valid,
nkey.oceangalaxy.vu,CÔNG TY CỔ PHẦN OCEAN GALAXY,QUYẾT ĐỊNH PHÁT HÀNH TRÒ CHƠI ĐIỆN TỬ G1 TRÊN MẠNG,2023-10-26,Giấy phép (ABEI),2071/QĐ-BTTTT,valid,https://giayphep.abei.gov.vn/
nkm.vn,Công ty Cổ phần 3A Media,Website - Trang TTĐT tổng hợp,,Giấy phép (TVPL PDF),,valid,
nkvs.com.vn,CÔNG TY CỔ PHẦN PHÁT TRIỂN DỊCH VỤ TRỰC TUYẾN ONPLAY,QUYẾT ĐỊNH PHÁT HÀNH TRÒ CHƠI ĐIỆN TỬ G1 TRÊN MẠNG,2016-06-30,Giấy phép (ABEI),1149/QĐ-BTTTT,invalid,https://giayphep.abei.gov.vn/
nkvsm.gosu.vn,CÔNG TY CỔ PHẦN TRỰC TUYẾN GOSU,QUYẾT ĐỊNH PHÁT HÀNH TRÒ CHƠI ĐIỆN TỬ G1 TRÊN MẠNG,2019-04-11,Giấy phép (ABEI),564/QĐ-BTTTT,invalid,https://giayphep.abei.gov.vn/
nkvsmobile.vn,CÔNG TY TNHH MYG ,QUYẾT ĐỊNH PHÁT HÀNH TRÒ CHƠI ĐIỆN TỬ G1 TRÊN MẠNG,2026-03-13,Giấy phép (ABEI),131/QĐ-PTTH&TTĐT,valid,https://giayphep.abei.gov.vn/
nkvso.gosu.vn,CÔNG TY CỔ PHẦN TRỰC TUYẾN GOSU,QUYẾT ĐỊNH PHÁT HÀNH TRÒ CHƠI ĐIỆN TỬ G1 TRÊN MẠNG,2024-08-14,Giấy phép (ABEI),1359/QĐ-BTTTT,valid,https://giayphep.abei.gov.vn/
nld.com.vn,Báo Người lao động (Báo điện tử Người lao động),"Website - Báo, tạp chí điện tử",,Giấy phép (TVPL PDF),,valid,
nmayxanh.official,CÔNG TY CỔ PHẦN THẾ GIỚI DI ĐỘNG,"MXH - Cá nhân, tổ chức",,Giấy phép (TVPL PDF),,valid,
nmayxanh.ol,CÔNG TY CỔ PHẦN THẾ GIỚI DI ĐỘNG,"MXH - Cá nhân, tổ chức",,Giấy phép (TVPL PDF),,valid,
nntd.zoneplay.vn,CÔNG TY CỔ PHẦN GZONE MEDIA VIỆT NAM,QUYẾT ĐỊNH PHÁT HÀNH TRÒ CHƠI ĐIỆN TỬ G1 TRÊN MẠNG,2022-08-29,Giấy phép (ABEI),1622/QĐ-BTTTT,valid,https://giayphep.abei.gov.vn/
nntm.vtcgame.vn,CÔNG TY VTC CÔNG NGHỆ VÀ NỘI DUNG SỐ,"GIẤY XÁC NHẬN THÔNG BÁO PHÁT HÀNH TRÒ CHƠI ĐIỆN TỬ G2,G3,G4",2021-10-01,Giấy phép (ABEI),170/GXN-PTTH&TTĐT,valid,https://giayphep.abei.gov.vn/
noah.dzogame.vn,CÔNG TY TNHH CHÂU Á MỀM,QUYẾT ĐỊNH PHÁT HÀNH TRÒ CHƠI ĐIỆN TỬ G1 TRÊN MẠNG,2023-01-11,Giấy phép (ABEI),16/QĐ-BTTTT,valid,https://giayphep.abei.gov.vn/
noichinh.vn,Ban Nội chính Trung ương,Website - Trang TTĐT tổng hợp,,Giấy phép (TVPL PDF),,valid,
noichinh.org.vn,Ban Nội chính Trung ương,Website - Trang TTĐT tổng hợp,,Giấy phép (TVPL PDF),,valid,
www.noichinh.org.vn,BAN NỘI CHÍNH TRUNG ƯƠNG,GIẤY PHÉP THIẾT LẬP TRANG THÔNG TIN ĐIỆN TỬ TỔNG HỢP,2019-11-08,Giấy phép (ABEI),214/GP-TTĐT,invalid,https://giayphep.abei.gov.vn/
noidangsong.vn,Công ty cổ phần Thông tin Xây dựng Việt,Website - Trang mạng xã hội,,Giấy phép (TVPL PDF),,valid,
noithatvuong.vn,CÔNG TY CỔ PHẦN NGÔI NHÀ MƠ ƯỚC,GIẤY PHÉP CUNG CẤP DỊCH VỤ MẠNG XÃ HỘI,2019-05-21,Giấy phép (ABEI),193/GP-BTTTT,valid,https://giayphep.abei.gov.vn/
noitoisong.vn,CÔNG TY CỔ PHẦN TRUYỀN THÔNG NEWS VIỆT NAM,GIẤY PHÉP CUNG CẤP DỊCH VỤ MẠNG XÃ HỘI,2021-06-05,Giấy phép (ABEI),418/GP-BTTTT,valid,https://giayphep.abei.gov.vn/
noitu.vn,CÔNG TY CỔ PHẦN GIẢI PHÁP CÔNG NGHỆ ZOOM VIỆT NAM,QUYẾT ĐỊNH PHÁT HÀNH TRÒ CHƠI ĐIỆN TỬ G1 TRÊN MẠNG,2021-05-26,Giấy phép (ABEI),715/QĐ-BTTTT,invalid,https://giayphep.abei.gov.vn/
nong.org.vn,Báo Đắk Nông,"Website - Báo, tạp chí điện tử",,Giấy phép (TVPL PDF),,valid,
nongdan.com.vn,Công ty Cổ phần Công nghệ và Kỹ thuật số CSP,Website - Trang TTĐT tổng hợp,,Giấy phép (TVPL PDF),,valid,
nongdanhieubiet.vn,Công ty TNHH Ứng dụng Di động Việt Nam,Website - Trang mạng xã hội,,Giấy phép (TVPL PDF),,valid,
nongnghiep.vn,Báo Nông nghiệp Việt Nam,"Website - Báo, tạp chí điện tử",,Giấy phép (TVPL PDF),,valid,
nongnghiephuucovn.vn,Tạp chí Hữu cơ Việt Nam,"Website - Báo, tạp chí điện tử",,Giấy phép (TVPL PDF),,valid,
nongsanviet.nongnghiep.vn,Báo Nông nghiệp Việt Nam,"Website - Báo, tạp chí điện tử",,Giấy phép (TVPL PDF),,valid,
nongthon.vn,Công ty TNHH Dịch vụ Thông tin và Tư vấn BLUEWAVE,Website - Trang TTĐT tổng hợp,,Giấy phép (TVPL PDF),,valid,
nongthonmoihanoi.gov.vn,Văn phòng điều phối chương trình xây dựng nông thôn mới thành phố Hà Nội,Website - Trang TTĐT tổng hợp,,Giấy phép (TVPL PDF),,valid,
nongthonvaphattrien.vn,Tạp chí Khoa học phát triển nông thôn Việt Nam,"Website - Báo, tạp chí điện tử",,Giấy phép (TVPL PDF),,valid,
nongthonviet.com.vn,Tạp chí Nông thôn Việt,"Website - Báo, tạp chí điện tử",,Giấy phép (TVPL PDF),,valid,
nongthonxanh.vn,Công ty Cổ phần Truyền thông Nông nghiệp Đa phương tiện,Website - Trang TTĐT tổng hợp,,Giấy phép (TVPL PDF),,valid,
nongtraih5.talktv.vn,CÔNG TY TNHH NỘI DUNG SỐ NGUYÊN BẢO,QUYẾT ĐỊNH PHÁT HÀNH TRÒ CHƠI ĐIỆN TỬ G1 TRÊN MẠNG,2017-11-28,Giấy phép (ABEI),2145/QĐ-BTTTT,valid,https://giayphep.abei.gov.vn/
nongtraisoica.zingplay.com,Công ty TNHH ZingPlay Việt Nam,QUYẾT ĐỊNH PHÁT HÀNH TRÒ CHƠI ĐIỆN TỬ G1 TRÊN MẠNG,2026-04-29,Giấy phép (ABEI),213 /QĐ-PTTH&TTĐT,valid,https://giayphep.abei.gov.vn/
nopcgame.vn,CÔNG TY CỔ PHẦN NOPE GAME,QUYẾT ĐỊNH PHÁT HÀNH TRÒ CHƠI ĐIỆN TỬ G1 TRÊN MẠNG,2019-02-15,Giấy phép (ABEI),171/QĐ-BTTTT,valid,https://giayphep.abei.gov.vn/
nopegame.vn,CÔNG TY CỔ PHẦN NOPE GAME,QUYẾT ĐỊNH PHÁT HÀNH TRÒ CHƠI ĐIỆN TỬ G1 TRÊN MẠNG,2019-02-15,Giấy phép (ABEI),171/QĐ-BTTTT,valid,https://giayphep.abei.gov.vn/
noron.vn,CÔNG TY CỔ PHẦN CÔNG NGHỆ QUỐC TẾ MH SOLUTION,GIẤY PHÉP CUNG CẤP DỊCH VỤ MẠNG XÃ HỘI,2021-05-24,Giấy phép (ABEI),305/GP-BTTTT,valid,https://giayphep.abei.gov.vn/
notagames.vn,CÔNG TY CỔ PHẦN CÔNG NGHỆ NOTA VIỆT NAM,QUYẾT ĐỊNH PHÁT HÀNH TRÒ CHƠI ĐIỆN TỬ G1 TRÊN MẠNG,2023-05-11,Giấy phép (ABEI),800/QĐ-BTTTT,valid,https://giayphep.abei.gov.vn/
nother.wth,CÔNG TY CỔ PHẦN KÊNH 28 ENTERTAINMENT,"MXH - Cá nhân, tổ chức",,Giấy phép (TVPL PDF),,valid,
notizia.vn,CÔNG TY TNHH THƯƠNG MẠI DỊCH VỤ PHẦN MỀM ALL IN ONE,Website - Trang TTĐT tổng hợp,,Giấy phép (TVPL PDF),,valid,
novagate.vn,Công ty Cổ phần Novagate Studio,QUYẾT ĐỊNH PHÁT HÀNH TRÒ CHƠI ĐIỆN TỬ G1 TRÊN MẠNG,2026-04-14,Giấy phép (ABEI),186 /QĐ-PTTH&TTĐT,valid,https://giayphep.abei.gov.vn/
np.ru,Báo ảnh Việt Nam,MXH - Cơ quan báo chí,,Giấy phép (TVPL PDF),,valid,
npc.com.vn,Tổng Công ty Điện lực Miền Bắc,Website - Trang TTĐT tổng hợp,,Giấy phép (TVPL PDF),,valid,
ns.dzogame.vn,Công ty TNHH Dzogame,QUYẾT ĐỊNH PHÁT HÀNH TRÒ CHƠI ĐIỆN TỬ G1 TRÊN MẠNG,2026-07-16,Giấy phép (ABEI),422/QĐ-PTTH&TTĐT,valid,https://giayphep.abei.gov.vn/
nsan.vn,Công ty Cổ phần công nghệ truyền thông Việt Phát,Website - Trang TTĐT tổng hợp,,Giấy phép (TVPL PDF),,valid,
nscl.vn,VỤ KHOA HỌC VÀ CÔNG NGHỆ,GIẤY PHÉP THIẾT LẬP TRANG THÔNG TIN ĐIỆN TỬ TỔNG HỢP,2020-06-16,Giấy phép (ABEI),87/GP-TTĐT,valid,https://giayphep.abei.gov.vn/
nshc.vnggames.com,CÔNG TY TNHH TRUYỀN THÔNG MINH PHƯƠNG THỊNH,QUYẾT ĐỊNH PHÁT HÀNH TRÒ CHƠI ĐIỆN TỬ G1 TRÊN MẠNG,2025-05-16,Giấy phép (ABEI),187/QĐ-PTTH&TTĐT,invalid,https://giayphep.abei.gov.vn/
nsinhxahoionline.tapchibao,Tạp chí Bảo hiểm xã hội,"Website - Báo, tạp chí điện tử",,Giấy phép (TVPL PDF),,valid,
nss.vn,Tạp chí Nhịp sống số,"Website - Báo, tạp chí điện tử",,Giấy phép (TVPL PDF),,valid,
nstartv.vn,Công ty Cổ phần Truyền thông đa phương tiện Pháp Luật Sao,Website - Trang TTĐT tổng hợp,,Giấy phép (TVPL PDF),,valid,
nstt.com.vn,CÔNG TY TNHH NỘI DUNG SỐ NGUYÊN BẢO,QUYẾT ĐỊNH PHÁT HÀNH TRÒ CHƠI ĐIỆN TỬ G1 TRÊN MẠNG,2016-05-23,Giấy phép (ABEI),845/QĐ-BTTTT,valid,https://giayphep.abei.gov.vn/
ntgh.360game.vn,CÔNG TY CỔ PHẦN VNG,QUYẾT ĐỊNH PHÁT HÀNH TRÒ CHƠI ĐIỆN TỬ G1 TRÊN MẠNG,2017-03-17,Giấy phép (ABEI),341/QĐ-BTTTT,invalid,https://giayphep.abei.gov.vn/
nth.360game.vn,CÔNG TY TNHH TRUYỀN THÔNG MINH PHƯƠNG THỊNH,QUYẾT ĐỊNH PHÁT HÀNH TRÒ CHƠI ĐIỆN TỬ G1 TRÊN MẠNG,2018-09-11,Giấy phép (ABEI),1484/QĐ-BTTTT,invalid,https://giayphep.abei.gov.vn/
ntpt.mocgame.vn,CÔNG TY CỔ PHẦN TRÒ CHƠI MỘC,QUYẾT ĐỊNH PHÁT HÀNH TRÒ CHƠI ĐIỆN TỬ G1 TRÊN MẠNG,2021-02-08,Giấy phép (ABEI),161 /QĐ-BTTTT,valid,https://giayphep.abei.gov.vn/
ntvv.vn,CÔNG TY CỔ PHẦN VNG,QUYẾT ĐỊNH PHÁT HÀNH TRÒ CHƠI ĐIỆN TỬ G1 TRÊN MẠNG,2016-06-30,Giấy phép (ABEI),1148/QĐ-BTTTT,invalid,https://giayphep.abei.gov.vn/
nucuoixuan.dongtay,Công ty cổ phần VieNETWORK,"MXH - Cá nhân, tổ chức",,Giấy phép (TVPL PDF),,valid,
nudoanhnhan.vn,Công ty TNHH Một thành viên Dịch vụ truyền thông Hồng Đức,Website - Trang TTĐT tổng hợp,,Giấy phép (TVPL PDF),,valid,
nuhoangquyenru.vn,Công ty Cổ phần K- Media,Website - Trang TTĐT tổng hợp,,Giấy phép (TVPL PDF),,valid,
nuhoangthoitrang.vn,CÔNG TY CỔ PHẦN VCCORP,QUYẾT ĐỊNH PHÁT HÀNH TRÒ CHƠI ĐIỆN TỬ G1 TRÊN MẠNG,2017-10-10,Giấy phép (ABEI),1692/QĐ-BTTTT,invalid,https://giayphep.abei.gov.vn/
nuk.vn,Công ty TNHH Truyền thông và giải pháp LAYON VIỆT NAM,Website - Trang TTĐT tổng hợp,,Giấy phép (TVPL PDF),,valid,
nuocvadoisong.com.vn,Công ty Cổ phần Quảng cáo Báo chí - Truyền hình Việt Nam,Website - Trang TTĐT tổng hợp,,Giấy phép (TVPL PDF),,valid,
nuocvadoisong.vn,Công ty Cổ phần Quảng cáo Báo chí - Truyền hình Việt Nam,Website - Trang TTĐT tổng hợp,,Giấy phép (TVPL PDF),,valid,
nuthan.playfun.vn,CÔNG TY CỔ PHẦN FUNTAP,QUYẾT ĐỊNH PHÁT HÀNH TRÒ CHƠI ĐIỆN TỬ G1 TRÊN MẠNG,2022-07-20,Giấy phép (ABEI),1402 /QĐ-BTTTT,valid,https://giayphep.abei.gov.vn/
nuthanarena.vn,CÔNG TY CỔ PHẦN TRỰC TUYỂN DUO,QUYẾT ĐỊNH PHÁT HÀNH TRÒ CHƠI ĐIỆN TỬ G1 TRÊN MẠNG,2022-12-13,Giấy phép (ABEI),2312/QĐ-BTTTT,valid,https://giayphep.abei.gov.vn/
nuthanchien.playfun.vn,CÔNG TY CỔ PHẦN FUNTAP,QUYẾT ĐỊNH PHÁT HÀNH TRÒ CHƠI ĐIỆN TỬ G1 TRÊN MẠNG,2022-07-20,Giấy phép (ABEI),1403/QĐ-BTTTT,valid,https://giayphep.abei.gov.vn/
nuthanhacan.mocgame.vn,CÔNG TY CỔ PHẦN TRÒ CHƠI MỘC,QUYẾT ĐỊNH PHÁT HÀNH TRÒ CHƠI ĐIỆN TỬ G1 TRÊN MẠNG,2024-05-31,Giấy phép (ABEI),889/QĐ-BTTTT,valid,https://giayphep.abei.gov.vn/
nuthankhoinguyen.vn,CÔNG TY CỔ PHẦN TRỰC TUYỂN DUO,QUYẾT ĐỊNH PHÁT HÀNH TRÒ CHƠI ĐIỆN TỬ G1 TRÊN MẠNG,2023-06-09,Giấy phép (ABEI),1011/QĐ-BTTTT,invalid,https://giayphep.abei.gov.vn/
nuthanvosong.intelligencessaigon.vn,CÔNG TY TNHH MOBILE INTELLIGENCE SAIGON,QUYẾT ĐỊNH PHÁT HÀNH TRÒ CHƠI ĐIỆN TỬ G1 TRÊN MẠNG,2024-05-13,Giấy phép (ABEI),770/QĐ-BTTTT,valid,https://giayphep.abei.gov.vn/
nuvuongnoiloan.vn,CÔNG TY TNHH SOHA,QUYẾT ĐỊNH PHÁT HÀNH TRÒ CHƠI ĐIỆN TỬ G1 TRÊN MẠNG,2018-06-18,Giấy phép (ABEI),929/QĐ-BTTTT,valid,https://giayphep.abei.gov.vn/
nvgate.vn,Công ty Cổ phần Đầu tư và Phát triển Công nghệ Truyền thông Nam Việt,Website - Trang mạng xã hội,,Giấy phép (TVPL PDF),,valid,
nxbgd.vn,Công ty TNHH MTV Nhà xuất bản Giáo dục Việt Nam (Nhà xuất bản Giáo dục Việt Nam),Website - Trang TTĐT tổng hợp,,Giấy phép (TVPL PDF),,valid,
veph.vn,Công ty TNHH MTV Nhà xuất bản Giáo dục Việt Nam (Nhà xuất bản Giáo dục Việt Nam),Website - Trang TTĐT tổng hợp,,Giấy phép (TVPL PDF),,valid,
www.veph.vn,CÔNG TY TNHH MTV NHÀ XUẤT BẢN GIÁO DỤC VIỆT NAM (NHÀ XUẤT BẢN GIÁO DỤC VIỆT NAM),GIẤY PHÉP THIẾT LẬP TRANG THÔNG TIN ĐIỆN TỬ TỔNG HỢP,2020-07-28,Giấy phép (ABEI),130/GP-TTĐT,valid,https://giayphep.abei.gov.vn/
www.veph.vom.vn,CÔNG TY TNHH MTV NHÀ XUẤT BẢN GIÁO DỤC VIỆT NAM (NHÀ XUẤT BẢN GIÁO DỤC VIỆT NAM),GIẤY PHÉP THIẾT LẬP TRANG THÔNG TIN ĐIỆN TỬ TỔNG HỢP,2020-07-28,Giấy phép (ABEI),130/GP-TTĐT,valid,https://giayphep.abei.gov.vn/
nxbhanoi.com.vn,Công ty TNHH Một thành viên nhà xuất bản Hà Nội,Website - Trang TTĐT tổng hợp,,Giấy phép (TVPL PDF),,valid,
nxbnongnghiep.com,CÔNG TY TNHH MỘT THÀNH VIÊN NHÀ XUẤT BẢN NÔNG NGHIỆP,GIẤY PHÉP THIẾT LẬP TRANG THÔNG TIN ĐIỆN TỬ TỔNG HỢP,2013-03-05,Giấy phép (ABEI),21/GP-TTĐT,invalid,https://giayphep.abei.gov.vn/
nxiety.abt,Công ty TNHH Vietnam Music Award,"MXH - Cá nhân, tổ chức",,Giấy phép (TVPL PDF),,valid,
o.com.vn,Tạp chí Người làm báo,"Website - Báo, tạp chí điện tử",,Giấy phép (TVPL PDF),,valid,
o50.vn,CÔNG TY TNHH KAS CARE,GIẤY PHÉP CUNG CẤP DỊCH VỤ MẠNG XÃ HỘI,2023-06-09,Giấy phép (ABEI),206/GP-BTTTT,valid,https://giayphep.abei.gov.vn/
oa.vn,Báo Thể thao và Văn hóa,"Website - Báo, tạp chí điện tử",,Giấy phép (TVPL PDF),,valid,
oa.zalo.me,Đài Phát thanh và Truyền hình tỉnh Bình Dương,MXH - Đài Phát thanh Truyền hình,,Giấy phép (TVPL PDF),,valid,
oan.vn,Tạp chí điện tử Kinh tế Chứng khoán Việt Nam,"Website - Báo, tạp chí điện tử",,Giấy phép (TVPL PDF),,valid,
occo.vn,CÔNG TY TNHH NPH DIGITAL,GIẤY PHÉP CUNG CẤP DỊCH VỤ MẠNG XÃ HỘI,2024-11-07,Giấy phép (ABEI),328/GP-BTTTT,valid,https://giayphep.abei.gov.vn/
oceangalaxy.on,CÔNG TY CỔ PHẦN OCEAN GALAXY,QUYẾT ĐỊNH PHÁT HÀNH TRÒ CHƠI ĐIỆN TỬ G1 TRÊN MẠNG,2023-10-26,Giấy phép (ABEI),2071/QĐ-BTTTT,valid,https://giayphep.abei.gov.vn/
oceangalaxy.vn,CÔNG TY CỔ PHẦN OCEAN GALAXY,QUYẾT ĐỊNH PHÁT HÀNH TRÒ CHƠI ĐIỆN TỬ G1 TRÊN MẠNG,2024-07-15,Giấy phép (ABEI),1180/QĐ-BTTTT,valid,https://giayphep.abei.gov.vn/
oceanmedia.vn,Công ty TNHH Phát triển Viễn thông Đại Dương,Website - Trang TTĐT tổng hợp,,Giấy phép (TVPL PDF),,valid,
ocggames.vn,CÔNG TY CỔ PHẦN TẬP ĐOÀN GIẢI TRÍ ĐẠI DƯƠNG,QUYẾT ĐỊNH PHÁT HÀNH TRÒ CHƠI ĐIỆN TỬ G1 TRÊN MẠNG,2025-06-27,Giấy phép (ABEI),296/QĐ-PTTH&TTĐT,invalid,https://giayphep.abei.gov.vn/
ochu.vn,Công ty Cổ phần dịch vụ truyền thông Vietnamnet Icom,Website - Trang TTĐT tổng hợp,,Giấy phép (TVPL PDF),,valid,
oconganh.bigcat,Công ty TNHH Bigcat,"MXH - Cá nhân, tổ chức",,Giấy phép (TVPL PDF),,valid,
ocu.vn,Công ty VTC Công nghệ và Nội dung Số,Website - Trang mạng xã hội,,Giấy phép (TVPL PDF),,valid,
ocuanho.vn,Công ty Cổ phần giải pháp số một,Website - Trang TTĐT tổng hợp,,Giấy phép (TVPL PDF),,valid,
ocuaso.vn,Công ty TNHH Truyền thông Anh Đức,Website - Trang TTĐT tổng hợp,,Giấy phép (TVPL PDF),,valid,
odh.esgame.vn,CÔNG TY CỔ PHẦN ĐẦU TƯ & CÔNG NGHỆ MCORP,QUYẾT ĐỊNH PHÁT HÀNH TRÒ CHƠI ĐIỆN TỬ G1 TRÊN MẠNG,2020-11-09,Giấy phép (ABEI),1907/QĐ-BTTTT,valid,https://giayphep.abei.gov.vn/
oducthoidai.vn,Báo Giáo dục và Thời đại,MXH - Cơ quan báo chí,,Giấy phép (TVPL PDF),,valid,
oeg.vn,CÔNG TY CỔ PHẦN TẬP ĐOÀN GIẢI TRÍ ĐẠI DƯƠNG,GIẤY PHÉP CUNG CẤP DỊCH VỤ MẠNG XÃ HỘI,2024-09-07,Giấy phép (ABEI),246/GP-BTTTT,valid,https://giayphep.abei.gov.vn/
oeggames.vn,CÔNG TY CỔ PHẦN TẬP ĐOÀN GIẢI TRÍ ĐẠI DƯƠNG ,QUYẾT ĐỊNH PHÁT HÀNH TRÒ CHƠI ĐIỆN TỬ G1 TRÊN MẠNG,2026-02-13,Giấy phép (ABEI),89 /QĐ-PTTH&TTĐT,invalid,https://giayphep.abei.gov.vn/
offb.vn,CÔNG TY TNHH TRUYỀN THỐNG DOANH NÔNG,GIẤY PHÉP CUNG CẤP DỊCH VỤ MẠNG XÃ HỘI,2019-11-05,Giấy phép (ABEI),478/GP-BTTTT,valid,https://giayphep.abei.gov.vn/
office701.gov.vn,VĂN PHÒNG CƠ QUAN THƯỜNG TRỰC BAN CHỈ ĐẠO QUỐC GIA KHẮC PHỤC HẬU QUẢ BOM MÌN và CHẤT ĐỘC HÓA HỌC SAU CHIẾN TRANH Ở VIỆT NAM (VĂN PHÒNG 701),GIẤY PHÉP THIẾT LẬP TRANG THÔNG TIN ĐIỆN TỬ TỔNG HỢP,2018-05-14,Giấy phép (ABEI),116/GP-TTĐT,valid,https://giayphep.abei.gov.vn/
oga.vn,Công ty Truyền thông Viettel,"MXH - Cá nhân, tổ chức",,Giấy phép (TVPL PDF),,valid,
ogiaothong.official,Báo Giao thông,MXH - Cơ quan báo chí,,Giấy phép (TVPL PDF),,valid,
ohman.vn,Công ty cổ phần Yêu Âm Nhạc,Website - Trang mạng xã hội,,Giấy phép (TVPL PDF),,valid,
oiyeuamnhac.sound,Công ty TNHH Vietnam Music Award,"MXH - Cá nhân, tổ chức",,Giấy phép (TVPL PDF),,valid,
okara.vn,CÔNG TY CỔ PHẦN SMCORP,GIẤY PHÉP CUNG CẤP DỊCH VỤ MẠNG XÃ HỘI,2017-09-11,Giấy phép (ABEI),434/GP-BTTTT,valid,https://giayphep.abei.gov.vn/
okko.vn,Công ty Cổ phần STECH Việt Nam,Website - Trang TTĐT tổng hợp,,Giấy phép (TVPL PDF),,valid,
ola.vn,Công ty Cổ phần Dịch vụ Phần mềm Trò chơi Vi mô,Website - Trang mạng xã hội,,Giấy phép (TVPL PDF),,valid,
olgame.vn,CÔNG TY CỔ PHẦN PHẦN MỀM HY VỌNG,QUYẾT ĐỊNH PHÁT HÀNH TRÒ CHƠI ĐIỆN TỬ G1 TRÊN MẠNG,2017-10-18,Giấy phép (ABEI),1781/QĐ-BTTTT,valid,https://giayphep.abei.gov.vn/
olivestream.vn,CÔNG TY TNHH CÔNG NGHỆ GIẢI TRÍ THẾ GIỚI OLIVE,GIẤY PHÉP CUNG CẤP DỊCH VỤ MẠNG XÃ HỘI,2020-07-14,Giấy phép (ABEI),296/GP-BTTTT,valid,https://giayphep.abei.gov.vn/
olympiaplus.vn,Công ty Cổ phần INET,Website - Trang TTĐT tổng hợp,,Giấy phép (TVPL PDF),,valid,
om.vn,Báo Thanh niên,"Website - Báo, tạp chí điện tử",,Giấy phép (TVPL PDF),,valid,
omg3q.360game.vn,CÔNG TY TNHH TRUYỀN THÔNG MINH PHƯƠNG THỊNH,QUYẾT ĐỊNH PHÁT HÀNH TRÒ CHƠI ĐIỆN TỬ G1 TRÊN MẠNG,2017-08-09,Giấy phép (ABEI),1313/QĐ-BTTTT,invalid,https://giayphep.abei.gov.vn/
omg3q.vnggames.com,CÔNG TY TNHH TRUYỀN THÔNG MINH PHƯƠNG THỊNH,QUYẾT ĐỊNH PHÁT HÀNH TRÒ CHƠI ĐIỆN TỬ G1 TRÊN MẠNG,2025-05-16,Giấy phép (ABEI),184/QĐ-PTTH&TTĐT,invalid,https://giayphep.abei.gov.vn/
omgame.com.vn,Công ty TNHH Đầu tư Phát triển An ninh Công nghệ cao,Website - Trang mạng xã hội,,Giấy phép (TVPL PDF),,valid,
omgninja.gosu.vn,CÔNG TY CỔ PHẦN TRỰC TUYẾN GOSU,QUYẾT ĐỊNH PHÁT HÀNH TRÒ CHƠI ĐIỆN TỬ G1 TRÊN MẠNG,2019-11-25,Giấy phép (ABEI),2008/QĐ-BTTTT,invalid,https://giayphep.abei.gov.vn/
on.dzogame.vn,CÔNG TY TNHH CHÂU Á MỀM,QUYẾT ĐỊNH PHÁT HÀNH TRÒ CHƠI ĐIỆN TỬ G1 TRÊN MẠNG,2021-11-10,Giấy phép (ABEI),1779/QĐ-BTTTT,valid,https://giayphep.abei.gov.vn/
on11.vn,TỔNG CÔNG TY TRUYỀN HÌNH CÁP VIỆT NAM - VTVCAB,GIẤY PHÉP THIẾT LẬP TRANG THÔNG TIN ĐIỆN TỬ TỔNG HỢP,2018-04-18,Giấy phép (ABEI),81/GP-TTĐT,valid,https://giayphep.abei.gov.vn/
on24.vn,Công ty Cổ phần Dịch vụ phần mềm và nội dung số Việt Nam,Website - Trang TTĐT tổng hợp,,Giấy phép (TVPL PDF),,valid,
onclan.vn,Công ty Cổ phần Appota,Website - Trang mạng xã hội,,Giấy phép (TVPL PDF),,valid,
one.media,CÔNG TY TNHH VZONE,"MXH - Cá nhân, tổ chức",,Giấy phép (TVPL PDF),,valid,
one2fly.net.vn,Công ty Cổ phần hàng không Vietjet,Website - Trang TTĐT tổng hợp,,Giấy phép (TVPL PDF),,valid,
one2fly.net,Công ty Cổ phần hàng không Vietjet,Website - Trang TTĐT tổng hợp,,Giấy phép (TVPL PDF),,valid,
onecoinvn.vn,Công ty Cổ phần Đào tạo và Tư vấn đầu tư Onecoin Việt Nam,Website - Trang TTĐT tổng hợp,,Giấy phép (TVPL PDF),,valid,
onehousing.vn,CÔNG TY CỔ PHẦN ONE MOUNT REAL ESTATE,GIẤY PHÉP CUNG CẤP DỊCH VỤ MẠNG XÃ HỘI,2023-10-04,Giấy phép (ABEI),371/GP-BTTTT,invalid,https://giayphep.abei.gov.vn/
onepunchman.zing.vn,CÔNG TY CỔ PHẦN VNG,QUYẾT ĐỊNH PHÁT HÀNH TRÒ CHƠI ĐIỆN TỬ G1 TRÊN MẠNG,2021-06-10,Giấy phép (ABEI),794/QĐ-BTTTT,invalid,https://giayphep.abei.gov.vn/
onewoeld.vn,CÔNG TY CỔ PHẦN DỊCH VỤ MỘT THẾ GIỚI,QUYẾT ĐỊNH PHÁT HÀNH TRÒ CHƠI ĐIỆN TỬ G1 TRÊN MẠNG,2018-05-29,Giấy phép (ABEI),810/QĐ-BTTTT,invalid,https://giayphep.abei.gov.vn/
oneworld.vn,CÔNG TY CỔ PHẦN DỊCH VỤ MỘT THẾ GIỚI,QUYẾT ĐỊNH PHÁT HÀNH TRÒ CHƠI ĐIỆN TỬ G1 TRÊN MẠNG,2016-04-04,Giấy phép (ABEI),498/QĐ-BTTTT,invalid,https://giayphep.abei.gov.vn/
ong.htv,Đài Truyền hình Thành phố Hồ Chí Minh,MXH - Đài Phát thanh Truyền hình,,Giấy phép (TVPL PDF),,valid,
ongaming.vn,CÔNG TY CỔ PHẦN TỔNG CÔNG TY TRUYỀN HÌNH CÁP VIỆT NAM,GIẤY PHÉP CUNG CẤP DỊCH VỤ MẠNG XÃ HỘI,2023-10-13,Giấy phép (ABEI),383/GP-BTTTT,valid,https://giayphep.abei.gov.vn/
ongantv.giaitri,Đài Phát Thanh và Truyển Hình tỉnh Long An,MXH - Đài Phát thanh Truyền hình,,Giấy phép (TVPL PDF),,valid,
ongmai.vn,Tạp chí Doanh nghiệp và Thương mại,"Website - Báo, tạp chí điện tử",,Giấy phép (TVPL PDF),,valid,
ongtrumthanhpho.100d.mobi,CÔNG TY CỔ PHẦN GIẢI TRÍ 100 ĐỘ,QUYẾT ĐỊNH PHÁT HÀNH TRÒ CHƠI ĐIỆN TỬ G1 TRÊN MẠNG,2019-09-13,Giấy phép (ABEI),1493/QĐ-BTTTT,invalid,https://giayphep.abei.gov.vn/
onky.vn,Công ty TNHH Dịch vụ Trực tuyến Onky,Website - Trang TTĐT tổng hợp,,Giấy phép (TVPL PDF),,valid,
onlive.vn,CÔNG TY CỔ PHẦN TRUYỀN HÌNH TƯƠNG TÁC VIỆT NAM,GIẤY PHÉP CUNG CẤP DỊCH VỤ MẠNG XÃ HỘI,2023-06-26,Giấy phép (ABEI),218/GP-BTTTT,valid,https://giayphep.abei.gov.vn/
onnews1.vn,Công ty Cổ phần Thương mại dịch vụ công nghệ Huy Hoàng,Website - Trang TTĐT tổng hợp,,Giấy phép (TVPL PDF),,valid,
onplay.vn,CÔNG TY CỔ PHẦN PHÁT TRIỂN DỊCH VỤ TRỰC TUYẾN ONPLAY,QUYẾT ĐỊNH PHÁT HÀNH TRÒ CHƠI ĐIỆN TỬ G1 TRÊN MẠNG,2016-11-24,Giấy phép (ABEI),2075/QĐ-BTTTT,invalid,https://giayphep.abei.gov.vn/
onplus.vn,Công ty Cổ phần đầu tư và phát triển Hoa Vĩ,Website - Trang TTĐT tổng hợp,,Giấy phép (TVPL PDF),,valid,
onsports.vn,CÔNG TY CỔ PHẦN TỔNG CÔNG TY TRUYỀN HÌNH CÁP VIỆT NAM,GIẤY PHÉP THIẾT LẬP TRANG THÔNG TIN ĐIỆN TỬ TỔNG HỢP,2020-08-13,Giấy phép (ABEI),140/GP-TTĐT,valid,https://giayphep.abei.gov.vn/
ookk.vn,CÔNG TY TNHH CÔNG NGHỆ THỂ THAO OOKK,GIẤY PHÉP CUNG CẤP DỊCH VỤ MẠNG XÃ HỘI,2024-03-29,Giấy phép (ABEI),79/GP-BTTTT,valid,https://giayphep.abei.gov.vn/
op.aiwi.vn,CÔNG TY TNHH CÔNG NGHỆ VÀ THÔNG TIN AIWI VIỆT NAM,QUYẾT ĐỊNH PHÁT HÀNH TRÒ CHƠI ĐIỆN TỬ G1 TRÊN MẠNG,2019-08-07,Giấy phép (ABEI),1248 /QĐ-BTTTT,valid,https://giayphep.abei.gov.vn/
op.choi.vn,CÔNG TY CỔ PHẦN GIẢI TRÍ VGG,QUYẾT ĐỊNH PHÁT HÀNH TRÒ CHƠI ĐIỆN TỬ G1 TRÊN MẠNG,2017-09-06,Giấy phép (ABEI),1490/QĐ-BTTTT,valid,https://giayphep.abei.gov.vn/
op.gaba.vn,CÔNG TY CỔ PHẦN TRÒ CHƠI VEGA,QUYẾT ĐỊNH PHÁT HÀNH TRÒ CHƠI ĐIỆN TỬ G1 TRÊN MẠNG,2017-04-24,Giấy phép (ABEI),590/QĐ-BTTTT,valid,https://giayphep.abei.gov.vn/
op.slg.vn,CÔNG TY CỔ PHẦN DỊCH VỤ TRỰC TUYỂN VĨNH XUÂN,QUYẾT ĐỊNH PHÁT HÀNH TRÒ CHƠI ĐIỆN TỬ G1 TRÊN MẠNG,2017-02-07,Giấy phép (ABEI),107/QĐ-BTTTT,valid,https://giayphep.abei.gov.vn/
opdaichien.vn,CÔNG TY TNHH VMGE,QUYẾT ĐỊNH PHÁT HÀNH TRÒ CHƠI ĐIỆN TỬ G1 TRÊN MẠNG,2022-12-13,Giấy phép (ABEI),2309/QĐ-BTTTT,valid,https://giayphep.abei.gov.vn/
open.spotify.com,Báo Thể thao & Văn hóa,MXH - Cơ quan báo chí,,Giấy phép (TVPL PDF),,valid,
opengame.vn,CÔNG TY TNHH OPENGAME,QUYẾT ĐỊNH PHÁT HÀNH TRÒ CHƠI ĐIỆN TỬ G1 TRÊN MẠNG,2026-04-02,Giấy phép (ABEI),168/QĐ-PTTH&TTĐT,valid,https://giayphep.abei.gov.vn/
opensky.com.vn,Tạp chí Bầu trời rộng mở (Open sky),"Website - Báo, tạp chí điện tử",,Giấy phép (TVPL PDF),,valid,
openstock.vn,Công ty TNHH Thương mại và Truyền thông Thiên Đường,Website - Trang TTĐT tổng hợp,,Giấy phép (TVPL PDF),,valid,
openstudy.vn,CÔNG TY CỔ PHẦN FALCON VIỆT NAM,GIẤY PHÉP CUNG CẤP DỊCH VỤ MẠNG XÃ HỘI,2020-06-26,Giấy phép (ABEI),270/GP-BTTTT,valid,https://giayphep.abei.gov.vn/
opnguoita.fp,CÔNG TY CỔ PHẦN KÊNH 28 ENTERTAINMENT,"MXH - Cá nhân, tổ chức",,Giấy phép (TVPL PDF),,valid,
oppa.gaba.vn,CÔNG TY CỔ PHẦN TRÒ CHƠI VEGA,QUYẾT ĐỊNH PHÁT HÀNH TRÒ CHƠI ĐIỆN TỬ G1 TRÊN MẠNG,2016-06-17,Giấy phép (ABEI),1053/QĐ-BTTTT,valid,https://giayphep.abei.gov.vn/
opzone.vn,CÔNG TY CỔ PHẦN THẾ GIỚI DI ĐỘNG,"MXH - Cá nhân, tổ chức",,Giấy phép (TVPL PDF),,valid,
orever.abt,Công ty TNHH Vietnam Music Award,"MXH - Cá nhân, tổ chức",,Giấy phép (TVPL PDF),,valid,
othainguyen.official,Báo Thái Nguyên,MXH - Cơ quan báo chí,,Giấy phép (TVPL PDF),,valid,
oto-hui.com.vn,Công ty cổ phần Truyền thông VAST,Website - Trang mạng xã hội,,Giấy phép (TVPL PDF),,valid,
oto.net.vn,Công ty TNHH Truyền thông CARNET,Website - Trang TTĐT tổng hợp,,Giấy phép (TVPL PDF),,valid,
otofun.net.vn,Công ty cổ phần OTV Truyền thông,Website - Trang mạng xã hội,,Giấy phép (TVPL PDF),,valid,
otofun.vn,Công ty cổ phần OTV Truyền thông,Website - Trang mạng xã hội,,Giấy phép (TVPL PDF),,valid,
otopro.com.vn,Công ty TNHH Giáp Long,Website - Trang TTĐT tổng hợp,,Giấy phép (TVPL PDF),,valid,
otosaigon.com,Công ty Cổ phần Ô tô Xuyên Việt,Website - Trang mạng xã hội,,Giấy phép (TVPL PDF),,valid,
otosaigon.com.vn,CÔNG TY CỔ PHẦN Ô TÔ XUYÊN VIỆT,GIẤY PHÉP CUNG CẤP DỊCH VỤ MẠNG XÃ HỘI,2025-10-29,Giấy phép (ABEI),148/GP-BVHTTDL,valid,https://giayphep.abei.gov.vn/
otoxemay.vietnamnet.vn,Báo VietNamNet,"Website - Báo, tạp chí điện tử",,Giấy phép (TVPL PDF),,valid,
otoxemay.vn,TẠP CHÍ Ô TÔ XE MÁY VIỆT NAM,GIẤY PHÉP THIẾT LẬP TRANG THÔNG TIN ĐIỆN TỬ TỔNG HỢP,2015-03-02,Giấy phép (ABEI),14/GP-TTĐT,invalid,https://giayphep.abei.gov.vn/
oultouch.vn,Công ty TNHH Vietnam Music Award,"MXH - Cá nhân, tổ chức",,Giấy phép (TVPL PDF),,valid,
outletviet.vn,Công ty TNHH CHERRY MEDIA,Website - Trang mạng xã hội,,Giấy phép (TVPL PDF),,valid,
ov.vn,"Trung tâm Thông tin Công nghiệp và Thương mại, Bộ Công Thương",Website - Trang TTĐT tổng hợp,,Giấy phép (TVPL PDF),,valid,
ov1.vn,Đài Tiếng nói Việt Nam,MXH - Đài Phát thanh Truyền hình,,Giấy phép (TVPL PDF),,valid,
ovensmash.vnggames.com,CÔNG TY CỔ PHẦN TẬP ĐOÀN VNG,QUYẾT ĐỊNH PHÁT HÀNH TRÒ CHƠI ĐIỆN TỬ G1 TRÊN MẠNG,2026-04-16,Giấy phép (ABEI),196/QĐ-PTTH&TTĐT,valid,https://giayphep.abei.gov.vn/
ovietnam.vietnamnews.vn,Báo Việt Nam News,"Website - Báo, tạp chí điện tử",,Giấy phép (TVPL PDF),,valid,
owbiz.vma,Công ty TNHH Vietnam Music Award,"MXH - Cá nhân, tổ chức",,Giấy phép (TVPL PDF),,valid,
oxii.vn,Cấp lại Giấy phép cho Công ty CP LINE VietNam,Website - Trang mạng xã hội,,Giấy phép (TVPL PDF),,valid,
p.net.vn,Công ty CP PI Group (p. net. vn; pi. org. vn),Website - Trang mạng xã hội,,Giấy phép (TVPL PDF),,valid,
pi.org.vn,Công ty CP PI Group (p. net. vn; pi. org. vn),Website - Trang mạng xã hội,,Giấy phép (TVPL PDF),,valid,
www.pi.org.vn,CÔNG TY CỔ PHẦN PI GROUP,GIẤY PHÉP CUNG CẤP DỊCH VỤ MẠNG XÃ HỘI,2019-11-12,Giấy phép (ABEI),493/GP-BTTTT,valid,https://giayphep.abei.gov.vn/
p.vn,Viện Chiến lược và Đổi mới sáng tạo,Website - Trang TTĐT tổng hợp,,Giấy phép (TVPL PDF),,valid,
p13.govap.hochiminhcity.go,"ỦY BAN NHÂN DÂN PHƯỜNG 13, QUẬN GÒ VẤP",Website - Trang TTĐT tổng hợp,,Giấy phép (TVPL PDF),,valid,
p16.govap.hochiminhcity.go,"ỦY BAN NHÂN DÂN PHƯỜNG 16, QUẬN GÒ VẤP",Website - Trang TTĐT tổng hợp,,Giấy phép (TVPL PDF),,valid,
p9.splav.vn,CÔNG TY CỔ PHẦN VTC DỊCH VỤ DI ĐỘNG,QUYẾT ĐỊNH PHÁT HÀNH TRÒ CHƠI ĐIỆN TỬ G1 TRÊN MẠNG,2023-06-23,Giấy phép (ABEI),1105/QĐ-BTTTT,invalid,https://giayphep.abei.gov.vn/
p9.splay.vn,CÔNG TY CỔ PHẦN VTC DỊCH VỤ DI ĐỘNG,QUYẾT ĐỊNH PHÁT HÀNH TRÒ CHƠI ĐIỆN TỬ G1 TRÊN MẠNG,2023-04-14,Giấy phép (ABEI),644/QĐ-BTTTT,invalid,https://giayphep.abei.gov.vn/
palmon.gamota.com,CÔNG TY CỔ PHẦN GAMOTA,QUYẾT ĐỊNH PHÁT HÀNH TRÒ CHƠI ĐIỆN TỬ G1 TRÊN MẠNG,2025-09-26,Giấy phép (ABEI),420/QĐ-PTTH&TTĐT,valid,https://giayphep.abei.gov.vn/
pamabati.vn,CÔNG TY TNHH PAMABATI,GIẤY PHÉP CUNG CẤP DỊCH VỤ MẠNG XÃ HỘI,2023-11-21,Giấy phép (ABEI),432/GP-BTTTT,valid,https://giayphep.abei.gov.vn/
pancakework.vn,Công ty TNHH Pancake Việt Nam,Website - Trang mạng xã hội,,Giấy phép (TVPL PDF),,valid,
pay.intelligencessaigon.vn,CÔNG TY TNHH MOBILE INTELLIGENCE SAIGON,QUYẾT ĐỊNH PHÁT HÀNH TRÒ CHƠI ĐIỆN TỬ G1 TRÊN MẠNG,2022-09-27,Giấy phép (ABEI),1794/QĐ-BTTTT,valid,https://giayphep.abei.gov.vn/
paysmart.com.vn,CÔNG TY TNHH THƯƠNG MẠI DỊCH VỤ MẠNG LƯỚI THÔNG MINH,GIẤY PHÉP CUNG CẤP DỊCH VỤ MẠNG XÃ HỘI,2019-12-10,Giấy phép (ABEI),535/GP-BTTTT,valid,https://giayphep.abei.gov.vn/
pb.568play.vn,CÔNG TY CỔ PHẦN GIẢI TRÍ 568E,QUYẾT ĐỊNH PHÁT HÀNH TRÒ CHƠI ĐIỆN TỬ G1 TRÊN MẠNG,2016-12-30,Giấy phép (ABEI),2350/QĐ-BTTTT,invalid,https://giayphep.abei.gov.vn/
pbex.gamota.com,CÔNG TY CỔ PHẦN GAMOTA,QUYẾT ĐỊNH PHÁT HÀNH TRÒ CHƠI ĐIỆN TỬ G1 TRÊN MẠNG,2023-08-15,Giấy phép (ABEI),1505/QĐ-BTTTT,valid,https://giayphep.abei.gov.vn/
pcbinhdinh.com.vn,CÔNG TY ĐIỆN LỰC BÌNH ĐỊNH,GIẤY PHÉP THIẾT LẬP TRANG THÔNG TIN ĐIỆN TỬ TỔNG HỢP,2013-01-25,Giấy phép (ABEI),12/GP-TTĐT,invalid,https://giayphep.abei.gov.vn/
pccc.danang.gov.vn,SỞ CẢNH SÁT PHÒNG CHÁY VÀ CHỮA CHÁY THÀNH PHỐ ĐÀ NẴNG,GIẤY PHÉP THIẾT LẬP TRANG THÔNG TIN ĐIỆN TỬ TỔNG HỢP,2013-03-19,Giấy phép (ABEI),28/GP-TTĐT,invalid,https://giayphep.abei.gov.vn/
pct.vn,Đài Phát thanh và Truyền hình thành phố Cần Thơ,MXH - Đài Phát thanh Truyền hình,,Giấy phép (TVPL PDF),,valid,
pctiengiang.evnspc.vn,CÔNG TY ĐIỆN LỰC TIỀN GIANG,GIẤY PHÉP THIẾT LẬP TRANG THÔNG TIN ĐIỆN TỬ TỔNG HỢP,2013-03-22,Giấy phép (ABEI),30/GP-TTĐT,invalid,https://giayphep.abei.gov.vn/
pdpb.vtcgame.vn,CÔNG TY VTC CÔNG NGHỆ VÀ NỘI DUNG SỐ,"GIẤY XÁC NHẬN THÔNG BÁO PHÁT HÀNH TRÒ CHƠI ĐIỆN TỬ G2,G3,G4",2023-01-17,Giấy phép (ABEI),90/GXN-PTTH&TTĐT,valid,https://giayphep.abei.gov.vn/
pega.vn,Công ty TNHH Nội dung số PEGA,Website - Trang TTĐT tổng hợp,,Giấy phép (TVPL PDF),,valid,
perfectworld.zing.vn,CÔNG TY TNHH NỘI DUNG SỐ NGUYÊN BẢO,QUYẾT ĐỊNH PHÁT HÀNH TRÒ CHƠI ĐIỆN TỬ G1 TRÊN MẠNG,2020-03-09,Giấy phép (ABEI),313/QĐ-BTTTT,valid,https://giayphep.abei.gov.vn/
perfin.vn,CÔNG TY CỔ PHẦN GIẢI TRÍ VÀ CÔNG NGHỆ PERFIN,QUYẾT ĐỊNH PHÁT HÀNH TRÒ CHƠI ĐIỆN TỬ G1 TRÊN MẠNG,2026-03-31,Giấy phép (ABEI),161/QĐ-PTTH&TTĐT,valid,https://giayphep.abei.gov.vn/
petrolimex.com.vn,Tập đoàn xăng dầu Việt Nam,Website - Trang TTĐT tổng hợp,,Giấy phép (TVPL PDF),,valid,
petrovietnam.com.vn,TẬP ĐOÀN DẦU KHÍ VIỆT NAM,GIẤY PHÉP THIẾT LẬP TRANG THÔNG TIN ĐIỆN TỬ TỔNG HỢP,2013-01-25,Giấy phép (ABEI),10/GP-TTĐT,invalid,https://giayphep.abei.gov.vn/
www.petrovietnam.vn,TẬP ĐOÀN DẦU KHÍ VIỆT NAM,GIẤY PHÉP THIẾT LẬP TRANG THÔNG TIN ĐIỆN TỬ TỔNG HỢP,2013-01-25,Giấy phép (ABEI),10/GP-TTĐT,invalid,https://giayphep.abei.gov.vn/
www.pvn.vn,TẬP ĐOÀN DẦU KHÍ VIỆT NAM,GIẤY PHÉP THIẾT LẬP TRANG THÔNG TIN ĐIỆN TỬ TỔNG HỢP,2013-01-25,Giấy phép (ABEI),10/GP-TTĐT,invalid,https://giayphep.abei.gov.vn/
petsamkok.sohagame.vn,CÔNG TY TNHH SOHA,QUYẾT ĐỊNH PHÁT HÀNH TRÒ CHƠI ĐIỆN TỬ G1 TRÊN MẠNG,2025-02-25,Giấy phép (ABEI),55/QĐ-PTTH&TTĐT,valid,https://giayphep.abei.gov.vn/
petvn.vn,Công ty Cổ phần Ngôi Nhà Thú Cưng,Website - Trang TTĐT tổng hợp,,Giấy phép (TVPL PDF),,valid,
pety.vn,Công ty cổ phần Công nghệ PETY,Website - Trang mạng xã hội,,Giấy phép (TVPL PDF),,valid,
pghh.org.vn,Ban Trị sự Trung ương Giáo hội Phật giáo Hòa Hảo,Website - Trang TTĐT tổng hợp,,Giấy phép (TVPL PDF),,valid,
phaimanh.net.vn,Tổng Công ty Truyền thông,Website - Trang TTĐT tổng hợp,,Giấy phép (TVPL PDF),,valid,
phaimanhplus.vn,Công ty TNHH Truyền thông Hồ Huy,Website - Trang TTĐT tổng hợp,,Giấy phép (TVPL PDF),,valid,
phamnhan.oeg.vn,CÔNG TY CỔ PHẦN TẬP ĐOÀN GIẢI TRÍ ĐẠI DƯƠNG,QUYẾT ĐỊNH PHÁT HÀNH TRÒ CHƠI ĐIỆN TỬ G1 TRÊN MẠNG,2026-04-08,Giấy phép (ABEI),180/QĐ-PTTH&TTĐT,valid,https://giayphep.abei.gov.vn/
phamnhanmobile.playfun.vn,CÔNG TY CỔ PHẦN FUNTAP,QUYẾT ĐỊNH PHÁT HÀNH TRÒ CHƠI ĐIỆN TỬ G1 TRÊN MẠNG,2021-04-02,Giấy phép (ABEI),411 /QĐ-BTTTT,valid,https://giayphep.abei.gov.vn/
phamnhanmobileplayfun.vn,CÔNG TY CỔ PHẦN FUNTAP,QUYẾT ĐỊNH PHÁT HÀNH TRÒ CHƠI ĐIỆN TỬ G1 TRÊN MẠNG,2021-04-02,Giấy phép (ABEI),411/QĐ-BTTTT,valid,https://giayphep.abei.gov.vn/
phamnhantutien.mobiz.vn,CÔNG TY CỔ PHẦN MOBIZ,QUYẾT ĐỊNH PHÁT HÀNH TRÒ CHƠI ĐIỆN TỬ G1 TRÊN MẠNG,2021-04-28,Giấy phép (ABEI),546/QĐ-BTTTT,valid,https://giayphep.abei.gov.vn/
phamnhantutien.playfun,CÔNG TY CỔ PHẦN FUNTAP,QUYẾT ĐỊNH PHÁT HÀNH TRÒ CHƠI ĐIỆN TỬ G1 TRÊN MẠNG,2020-08-14,Giấy phép (ABEI),1398 /QĐ-BTTTT,valid,https://giayphep.abei.gov.vn/
phamnhantutien.playfun.vn,CÔNG TY CỔ PHẦN FUNTAP,QUYẾT ĐỊNH PHÁT HÀNH TRÒ CHƠI ĐIỆN TỬ G1 TRÊN MẠNG,2020-08-14,Giấy phép (ABEI),1398/QĐ-BTTTT,valid,https://giayphep.abei.gov.vn/
phamnhantutien.vn,CÔNG TY CỔ PHẦN VCCORP,QUYẾT ĐỊNH PHÁT HÀNH TRÒ CHƠI ĐIỆN TỬ G1 TRÊN MẠNG,2017-12-22,Giấy phép (ABEI),2379/QĐ-BTTTT,invalid,https://giayphep.abei.gov.vn/
phanbonvietnam.com.vn,Công ty TNHH COMMEDIA,Website - Trang TTĐT tổng hợp,,Giấy phép (TVPL PDF),,valid,
phantichtaichinh.vn,Công ty TNHH Một thành viên Dịch vụ truyền thông Hồng Đức,Website - Trang TTĐT tổng hợp,,Giấy phép (TVPL PDF),,valid,
phapluatchinhsach.vn,VIỆN KHOA HỌC CHÍNH SÁCH VÀ PHÁP LUẬT,GIẤY PHÉP THIẾT LẬP TRANG THÔNG TIN ĐIỆN TỬ TỔNG HỢP,2019-12-10,Giấy phép (ABEI),237/GP-TTĐT,valid,https://giayphep.abei.gov.vn/
phapluatdansinh.vn,Công ty Cổ phần Truyền thông Dân sinh Việt Nam,Website - Trang TTĐT tổng hợp,,Giấy phép (TVPL PDF),,valid,
phapluatkinhtequocte.vn,VIỆN KINH TẾ VÀ PHÁP LUẬT QUỐC TẾ,GIẤY PHÉP THIẾT LẬP TRANG THÔNG TIN ĐIỆN TỬ TỔNG HỢP,2020-03-25,Giấy phép (ABEI),25/GP-TTĐT,invalid,https://giayphep.abei.gov.vn/
phapluatkinhtexahoi.vn,VIỆN NGHIÊN CỨU PHÁT TRIỂN KINH TẾ - XÃ HỘI,GIẤY PHÉP THIẾT LẬP TRANG THÔNG TIN ĐIỆN TỬ TỔNG HỢP,2021-09-28,Giấy phép (ABEI),165/GP-TTĐT,valid,https://giayphep.abei.gov.vn/
phapluatmedia.vn,TRUNG TÂM TRUYỀN THÔNG BÁO PHÁP LUẬT VIỆT NAM,GIẤY PHÉP THIẾT LẬP TRANG THÔNG TIN ĐIỆN TỬ TỔNG HỢP,2021-06-24,Giấy phép (ABEI),102/GP-TTĐT,valid,https://giayphep.abei.gov.vn/
phapluatmoitruong.vn,Tạp chí Môi trường Đô thị Việt Nam,Website - Trang TTĐT tổng hợp,,Giấy phép (TVPL PDF),,valid,
www.tintucmoitruong.vn,TẠP CHÍ MÔI TRƯỜNG ĐÔ THỊ VIỆT NAM,GIẤY PHÉP THIẾT LẬP TRANG THÔNG TIN ĐIỆN TỬ TỔNG HỢP,2018-09-20,Giấy phép (ABEI),239/GP-TTĐT,valid,https://giayphep.abei.gov.vn/
www.tinnhanhmoitruong.vn,TẠP CHÍ MÔI TRƯỜNG ĐÔ THỊ VIỆT NAM,GIẤY PHÉP THIẾT LẬP TRANG THÔNG TIN ĐIỆN TỬ TỔNG HỢP,2018-09-20,Giấy phép (ABEI),239/GP-TTĐT,valid,https://giayphep.abei.gov.vn/
phapluatnet.nguoiduatin.vn,Tạp chí Đời sống và Pháp luật,"Website - Báo, tạp chí điện tử",,Giấy phép (TVPL PDF),,valid,
phapluatplus.com.vn,Báo Pháp luật Việt Nam,"Website - Báo, tạp chí điện tử",,Giấy phép (TVPL PDF),,valid,
phapluatplus.net,Báo Pháp luật Việt Nam,"Website - Báo, tạp chí điện tử",,Giấy phép (TVPL PDF),,valid,
phapluatplus.vn,Báo Pháp luật Việt Nam,"Website - Báo, tạp chí điện tử",,Giấy phép (TVPL PDF),,valid,
phapluatsukien.vn,Công ty Cổ phần truyền thông Sự kiện Hà Thành,Website - Trang TTĐT tổng hợp,,Giấy phép (TVPL PDF),,valid,
phapluattaichinhvadautu.vn,"VIỆN NGHIÊN CỨU TÀI CHÍNH, ĐẦU TƯ VÀ HỢP TÁC, THƯƠNG MẠI ĐÔNG NAM Á",GIẤY PHÉP THIẾT LẬP TRANG THÔNG TIN ĐIỆN TỬ TỔNG HỢP,2018-09-28,Giấy phép (ABEI),251/GP-TTĐT,valid,https://giayphep.abei.gov.vn/
phapluatthitruong.vn,Công ty TNHH Truyền thông Pháp luật Thị trường,Website - Trang TTĐT tổng hợp,,Giấy phép (TVPL PDF),,valid,
phapluatvabandoc.vn,Công ty TNHH Truyền thông Báo chí và Bạn đọc,Website - Trang TTĐT tổng hợp,,Giấy phép (TVPL PDF),,valid,
phapluatvacuocsong.vn,Công ty Cổ phần Truyền thông HT,Website - Trang TTĐT tổng hợp,,Giấy phép (TVPL PDF),,valid,
phapluatvadoanhnghiep.co,Công ty TNHH Truyền thông quốc tế Toàn Cầu,Website - Trang TTĐT tổng hợp,,Giấy phép (TVPL PDF),,valid,
phapluatvadoanhnhan.vn,Công ty Cổ phần Đầu tư phát triển hội nhập ASEAN,Website - Trang TTĐT tổng hợp,,Giấy phép (TVPL PDF),,valid,
phapluatvakinhhte.vn,TRUNG TÂM TƯ VẤN PHÁP LUẬT ASEAN,GIẤY PHÉP THIẾT LẬP TRANG THÔNG TIN ĐIỆN TỬ TỔNG HỢP,2020-09-28,Giấy phép (ABEI),181 /GP-TTĐT,valid,https://giayphep.abei.gov.vn/
phapluatvakinhte.vn,Trung tâm tư vấn pháp luật Asean,Website - Trang TTĐT tổng hợp,,Giấy phép (TVPL PDF),,valid,
phapluatvamoitruongvn.vn,VIỆN HỖ TRỢ PHÁP LÝ VÀ BẢO VỆ MÔI TRƯỜNG,GIẤY PHÉP THIẾT LẬP TRANG THÔNG TIN ĐIỆN TỬ TỔNG HỢP,2020-12-25,Giấy phép (ABEI),249/GP-TTĐT,valid,https://giayphep.abei.gov.vn/
phapluatvaphattrien.vn,TẠP CHÍ PHÁP LUẬT VÀ PHÁT TRIỂN,GIẤY PHÉP THIẾT LẬP TRANG THÔNG TIN ĐIỆN TỬ TỔNG HỢP,2016-11-16,Giấy phép (ABEI),211/GP-TTĐT,invalid,https://giayphep.abei.gov.vn/
phapluatvatacquyen.vn,HIỆP HỘI QUYỀN SAO CHÉP VIỆT NAM,GIẤY PHÉP THIẾT LẬP TRANG THÔNG TIN ĐIỆN TỬ TỔNG HỢP,2018-12-19,Giấy phép (ABEI),314/GP-TTĐT,valid,https://giayphep.abei.gov.vn/
phapluatvemoitruong.vn,VIỆN NGHIÊN CỨU PHÁP LUẬT VỀ MÔI TRƯỜNG,GIẤY PHÉP THIẾT LẬP TRANG THÔNG TIN ĐIỆN TỬ TỔNG HỢP,2023-05-25,Giấy phép (ABEI),83/GP-TTĐT,valid,https://giayphep.abei.gov.vn/
phaply.net.vn,Tạp chí Pháp lý,"Website - Báo, tạp chí điện tử",,Giấy phép (TVPL PDF),,valid,
phaply.vn,Tạp chí Pháp lý,"Website - Báo, tạp chí điện tử",,Giấy phép (TVPL PDF),,valid,
phapsutoithuong.vn,CÔNG TY TNHH VMGE,QUYẾT ĐỊNH PHÁT HÀNH TRÒ CHƠI ĐIỆN TỬ G1 TRÊN MẠNG,2023-06-09,Giấy phép (ABEI),1013/QĐ-BTTTT,valid,https://giayphep.abei.gov.vn/
phapthuat3d.vn,CÔNG TY CỔ PHẦN VTC DỊCH VỤ DI ĐỘNG,QUYẾT ĐỊNH PHÁT HÀNH TRÒ CHƠI ĐIỆN TỬ G1 TRÊN MẠNG,2020-01-21,Giấy phép (ABEI),119/QĐ-BTTTT,invalid,https://giayphep.abei.gov.vn/
phatgiaodoisong.vn,CÔNG TY CỔ PHẦN TRUYỀN THÔNG VĂN HOÁ PHẬT GIÁO VÀ ĐỜI SỐNG,GIẤY PHÉP CUNG CẤP DỊCH VỤ MẠNG XÃ HỘI,2020-09-15,Giấy phép (ABEI),394/GP-BTTTT,valid,https://giayphep.abei.gov.vn/
phatgiaohoahao.org.vn,Ban Trị sự Trung ương Giáo hội Phật giáo Hòa Hảo,Website - Trang TTĐT tổng hợp,,Giấy phép (TVPL PDF),,valid,
phatgiaohoahao.org,BAN TRỊ SỰ TRUNG ƯƠNG GIÁO HỘI PHẬT GIÁO HÒA HẢO,GIẤY PHÉP THIẾT LẬP TRANG THÔNG TIN ĐIỆN TỬ TỔNG HỢP,2020-12-31,Giấy phép (ABEI),252/GP-TTĐT,valid,https://giayphep.abei.gov.vn/
www.pghh.org.vn,BAN TRỊ SỰ TRUNG ƯƠNG GIÁO HỘI PHẬT GIÁO HÒA HẢO,GIẤY PHÉP THIẾT LẬP TRANG THÔNG TIN ĐIỆN TỬ TỔNG HỢP,2020-12-31,Giấy phép (ABEI),252/GP-TTĐT,valid,https://giayphep.abei.gov.vn/
phathien.gamota.com,CÔNG TY CỔ PHẦN GAMOTA,QUYẾT ĐỊNH PHÁT HÀNH TRÒ CHƠI ĐIỆN TỬ G1 TRÊN MẠNG,2021-10-22,Giấy phép (ABEI),1670/QĐ-BTTTT,valid,https://giayphep.abei.gov.vn/
phatloc.vtcgame.vn,CÔNG TY VTC CÔNG NGHẸ VÀ NỘI DUNG SỐ,"GIẤY XÁC NHẬN THÔNG BÁO PHÁT HÀNH TRÒ CHƠI ĐIỆN TỬ G2,G3,G4",2017-02-15,Giấy phép (ABEI),68/GXN-PTTH&TTĐT,valid,https://giayphep.abei.gov.vn/
phatlocj.vtcgame.vn,CÔNG TY VTC CÔNG NGHỆ VÀ NỘI DUNG SỐ,"GIẤY XÁC NHẬN THÔNG BÁO PHÁT HÀNH TRÒ CHƠI ĐIỆN TỬ G2,G3,G4",2017-09-21,Giấy phép (ABEI),300/GXN-PTTH&TTĐT,valid,https://giayphep.abei.gov.vn/
phatsuonlinetv.com.vn,BAN THÔNG TIN TRUYỀN THÔNG TRUNG ƯƠNG,GIẤY PHÉP THIẾT LẬP TRANG THÔNG TIN ĐIỆN TỬ TỔNG HỢP,2019-05-10,Giấy phép (ABEI),84/GP-TTĐT,valid,https://giayphep.abei.gov.vn/
phattrien.vn,Trung tâm Nghiên cứu Truyền thông Phát triển,Website - Trang mạng xã hội,,Giấy phép (TVPL PDF),,valid,
phattriendoanhnghiep.com,CÔNG TY CP TRUYỀN THÔNG DOANH NHÂN XÃ HỘI (TỔ CHỨC SỰ KIỆN ISAI),Website - Trang TTĐT tổng hợp,,Giấy phép (TVPL PDF),,valid,
phattriendothi.com.vn,"Trung tâm thông tin, Hợp tác quốc tế và Tư vấn Phát triển đô thị",Website - Trang TTĐT tổng hợp,,Giấy phép (TVPL PDF),,valid,
www.phattriendothi.vn,"TRUNG TÂM THÔNG TIN, HỢP TÁC QUỐC TẾ VÀ TƯ VẤN PHÁT TRIỂN ĐÔ THỊ",GIẤY PHÉP THIẾT LẬP TRANG THÔNG TIN ĐIỆN TỬ TỔNG HỢP,2013-08-08,Giấy phép (ABEI),106/GP-TTĐT,invalid,https://giayphep.abei.gov.vn/
www.uda.com.vn,"TRUNG TÂM THÔNG TIN, HỢP TÁC QUỐC TẾ VÀ TƯ VẤN PHÁT TRIỂN ĐÔ THỊ",GIẤY PHÉP THIẾT LẬP TRANG THÔNG TIN ĐIỆN TỬ TỔNG HỢP,2013-08-08,Giấy phép (ABEI),106/GP-TTĐT,invalid,https://giayphep.abei.gov.vn/
phattriendothi.vn,"Trung tâm thông tin, Hợp tác quốc tế và Tư vấn Phát triển đô thị",Website - Trang TTĐT tổng hợp,,Giấy phép (TVPL PDF),,valid,
phetit.vn,Công ty Cổ phần Dịch vụ và Giải pháp di động S4M,Website - Trang TTĐT tổng hợp,,Giấy phép (TVPL PDF),,valid,
phidoi.vtcgame.vn,CÔNG TY VTC CÔNG NGHỆ VÀ NỘI DUNG SỐ,QUYẾT ĐỊNH PHÁT HÀNH TRÒ CHƠI ĐIỆN TỬ G1 TRÊN MẠNG,2022-08-22,Giấy phép (ABEI),1571/QĐ-BTTTT,valid,https://giayphep.abei.gov.vn/
phikiemtruthienma.atgame.com.vn,CÔNG TY TNHH CÔNG NGHỆ MẠNG AT ,QUYẾT ĐỊNH PHÁT HÀNH TRÒ CHƠI ĐIỆN TỬ G1 TRÊN MẠNG,2026-06-25,Giấy phép (ABEI),373/QĐ-PTTH&TTĐT,valid,https://giayphep.abei.gov.vn/
phimhay365.vn,Công ty Cổ phần Skynet Việt Nam,Website - Trang mạng xã hội,,Giấy phép (TVPL PDF),,valid,
phimplay.net,Công ty TNHH Mạng lưới Truyền thông Sáng tạo,Website - Trang mạng xã hội,,Giấy phép (TVPL PDF),,valid,
phimtruyen.vn,Công ty Cổ phần Đầu tư Bright Star,Website - Trang TTĐT tổng hợp,,Giấy phép (TVPL PDF),,valid,
phitien.ygame.vn,CÔNG TY CỔ PHẦN GIẢI TRÍ YGAME,QUYẾT ĐỊNH PHÁT HÀNH TRÒ CHƠI ĐIỆN TỬ G1 TRÊN MẠNG,2018-04-20,Giấy phép (ABEI),574/QĐ-BTTTT,valid,https://giayphep.abei.gov.vn/
phitienkiem.vn,CÔNG TY CỔ PHẦN GIẢI TRÍ TRỰC TUYẾN SUNGAME,QUYẾT ĐỊNH PHÁT HÀNH TRÒ CHƠI ĐIỆN TỬ G1 TRÊN MẠNG,2020-10-22,Giấy phép (ABEI),1783/QĐ-BTTTT,valid,https://giayphep.abei.gov.vn/
phobienphapluat.vn,Tạp chí Phổ biến Pháp luật Việt Nam,"Website - Báo, tạp chí điện tử",,Giấy phép (TVPL PDF),,valid,
phochungkhoan.com,Công ty TNHH Vương Trường,Website - Trang mạng xã hội,,Giấy phép (TVPL PDF),,valid,
phock.vn,Công ty TNHH Vương Trường,Website - Trang mạng xã hội,,Giấy phép (TVPL PDF),,valid,
phoenixgaming68.com,CÔNG TY TNHH DỊCH VỤ GIẢI TRÍ PHƯỢNG HOÀNG,QUYẾT ĐỊNH PHÁT HÀNH TRÒ CHƠI ĐIỆN TỬ G1 TRÊN MẠNG,2020-12-29,Giấy phép (ABEI),2330/QĐ-BTTTT,invalid,https://giayphep.abei.gov.vn/
phoenixgaming69.com,CÔNG TY TNHH DỊCH VỤ GIẢI TRÍ PHƯỢNG HOÀNG,QUYẾT ĐỊNH PHÁT HÀNH TRÒ CHƠI ĐIỆN TỬ G1 TRÊN MẠNG,2020-06-11,Giấy phép (ABEI),980 /QĐ-BTTTT,invalid,https://giayphep.abei.gov.vn/
phomaster.boardcraftonline.vn,CÔNG TY TNHH ZINGPLAY VIỆT NAM,QUYẾT ĐỊNH PHÁT HÀNH TRÒ CHƠI ĐIỆN TỬ G1 TRÊN MẠNG,2024-08-02,Giấy phép (ABEI),1305/QĐ-BTTTT,valid,https://giayphep.abei.gov.vn/
phongcachla.vn,Công ty TNHH Quảng Cáo Nhân Tố Mới,Website - Trang mạng xã hội,,Giấy phép (TVPL PDF),,valid,
phongchonglutbaotphcm.go,Chi cục thủy lợi,Website - Trang TTĐT tổng hợp,,Giấy phép (TVPL PDF),,valid,
phongchongthamnhung.co,"Viện Nghiên cứu Thanh tra và Phòng, chống tham nhũng;",Website - Trang TTĐT tổng hợp,,Giấy phép (TVPL PDF),,valid,
phongchongthamnhung.com.vn,"VIỆN NGHIÊN CỨU THANH TRA VÀ PHÒNG, CHỐNG THAM NHŨNG",GIẤY PHÉP THIẾT LẬP TRANG THÔNG TIN ĐIỆN TỬ TỔNG HỢP,2023-07-31,Giấy phép (ABEI),116/GP-TTĐT,valid,https://giayphep.abei.gov.vn/
phongcongchung4tphcm.vn,Phòng Công chứng số 4,Website - Trang TTĐT tổng hợp,,Giấy phép (TVPL PDF),,valid,
phongdo.vn,CÔNG TY TNHH THƯƠNG MẠI VÀ TRUYỀN THÔNG PHƯƠNG NAM,GIẤY PHÉP CUNG CẤP DỊCH VỤ MẠNG XÃ HỘI,2019-10-04,Giấy phép (ABEI),424/GP-BTTTT,valid,https://giayphep.abei.gov.vn/
phonghautamquoc.sohagame.vn,CÔNG TY TNHH SOHA,QUYẾT ĐỊNH PHÁT HÀNH TRÒ CHƠI ĐIỆN TỬ G1 TRÊN MẠNG,2026-01-08,Giấy phép (ABEI),6/QĐ-PTTH&TTĐT,valid,https://giayphep.abei.gov.vn/
phonghoatamquoc.vn,CÔNG TY CỔ PHẦN FUNTAP,QUYẾT ĐỊNH PHÁT HÀNH TRÒ CHƠI ĐIỆN TỬ G1 TRÊN MẠNG,2019-07-26,Giấy phép (ABEI),1135 /QĐ-BTTTT,valid,https://giayphep.abei.gov.vn/
phongkhoitruongan.playfun.vn,CÔNG TY CỔ PHẦN FUNTAP,QUYẾT ĐỊNH PHÁT HÀNH TRÒ CHƠI ĐIỆN TỬ G1 TRÊN MẠNG,2021-04-23,Giấy phép (ABEI),532 /QĐ-BTTTT,valid,https://giayphep.abei.gov.vn/
phongkhongkhongquan.com,Báo Phòng không - Không quân,"Website - Báo, tạp chí điện tử",,Giấy phép (TVPL PDF),,valid,
phongkhongkhongquan.gov,Báo Phòng không - Không quân,"Website - Báo, tạp chí điện tử",,Giấy phép (TVPL PDF),,valid,
phongkhongkhongquan.net,Báo Phòng không - Không quân,"Website - Báo, tạp chí điện tử",,Giấy phép (TVPL PDF),,valid,
phongkhongkhongquan.vn,Báo Phòng không - Không quân,"Website - Báo, tạp chí điện tử",,Giấy phép (TVPL PDF),,valid,
phonglang.gamota.com,CÔNG TY CỔ PHẦN GAMOTA,QUYẾT ĐỊNH PHÁT HÀNH TRÒ CHƠI ĐIỆN TỬ G1 TRÊN MẠNG,2020-08-18,Giấy phép (ABEI),1410/QĐ-BTTTT,valid,https://giayphep.abei.gov.vn/
phongmachien.vn,CÔNG TY CỔ PHẦN VTC DỊCH VỤ DI ĐỘNG,QUYẾT ĐỊNH PHÁT HÀNH TRÒ CHƠI ĐIỆN TỬ G1 TRÊN MẠNG,2020-03-16,Giấy phép (ABEI),353/QĐ-BTTTT,invalid,https://giayphep.abei.gov.vn/
phongmadaosi.vplay.vn,CÔNG TY CỔ PHẦN TRUYỀN HÌNH TƯƠNG TÁC VIỆT NAM,QUYẾT ĐỊNH PHÁT HÀNH TRÒ CHƠI ĐIỆN TỬ G1 TRÊN MẠNG,2024-03-25,Giấy phép (ABEI),372/QĐ-BTTTT,invalid,https://giayphep.abei.gov.vn/
phongthan.vnggames.com,CÔNG TY CỔ PHẦN VNG,QUYẾT ĐỊNH PHÁT HÀNH TRÒ CHƠI ĐIỆN TỬ G1 TRÊN MẠNG,2025-01-24,Giấy phép (ABEI),13/QĐ-PTTH&TTĐT,invalid,https://giayphep.abei.gov.vn/
phongthanluc.vn,CÔNG TY TNHH SOHA,QUYẾT ĐỊNH PHÁT HÀNH TRÒ CHƠI ĐIỆN TỬ G1 TRÊN MẠNG,2024-08-19,Giấy phép (ABEI),1393/QĐ-BTTTT,valid,https://giayphep.abei.gov.vn/
phongthantdd.vn,CÔNG TY CỔ PHẦN GIẢI TRÍ 568E ,QUYẾT ĐỊNH PHÁT HÀNH TRÒ CHƠI ĐIỆN TỬ G1 TRÊN MẠNG,2026-03-02,Giấy phép (ABEI),107/QĐ-PTTH&TTĐT,valid,https://giayphep.abei.gov.vn/
phongthantruyenky.vn,CÔNG TY CỔ PHẦN SOLAPLAY,QUYẾT ĐỊNH PHÁT HÀNH TRÒ CHƠI ĐIỆN TỬ G1 TRÊN MẠNG,2024-01-31,Giấy phép (ABEI),112/QĐ-BTTTT,valid,https://giayphep.abei.gov.vn/
phongthuyanlanh.com,Công ty cổ phần Viễn thông di động Mobicom Á Châu,Website - Trang mạng xã hội,,Giấy phép (TVPL PDF),,valid,
phongthuyanlanh.vn,Công ty cổ phần Viễn thông di động Mobicom Á Châu,Website - Trang mạng xã hội,,Giấy phép (TVPL PDF),,valid,
phongthuyluan.vn,Công ty TNHH Công nghệ và dịch vụ truyền thông 2FMedia,Website - Trang TTĐT tổng hợp,,Giấy phép (TVPL PDF),,valid,
phongthuyviet.mobi,Công ty Cổ phần Viễn Thông số Wincom,Website - Trang TTĐT tổng hợp,,Giấy phép (TVPL PDF),,valid,
phongtraoantq.gov.vn,CỤC XÂY DỰNG PHONG TRÀO TOÀN DÂN BẢO VỆ AN NINH TỔ QUỐC,GIẤY PHÉP THIẾT LẬP TRANG THÔNG TIN ĐIỆN TỬ TỔNG HỢP,2017-06-07,Giấy phép (ABEI),186/GP-TTĐT,valid,https://giayphep.abei.gov.vn/
phongvan.net.vn,CÔNG TY TNHH TRUYỀN THÔNG MINH PHƯƠNG THỊNH,QUYẾT ĐỊNH PHÁT HÀNH TRÒ CHƠI ĐIỆN TỬ G1 TRÊN MẠNG,2016-05-18,Giấy phép (ABEI),803/QĐ-BTTTT,valid,https://giayphep.abei.gov.vn/
phongvanchi.vn,CÔNG TY CỔ PHẦN VTC DỊCH VỤ DI ĐỘNG,QUYẾT ĐỊNH PHÁT HÀNH TRÒ CHƠI ĐIỆN TỬ G1 TRÊN MẠNG,2020-10-16,Giấy phép (ABEI),1749/QĐ-BTTTT,invalid,https://giayphep.abei.gov.vn/
phongvanvtc.vn,CÔNG TY CỔ PHẦN VTC DỊCH VỤ DI ĐỘNG,QUYẾT ĐỊNH PHÁT HÀNH TRÒ CHƠI ĐIỆN TỬ G1 TRÊN MẠNG,2018-08-06,Giấy phép (ABEI),1292/QĐ-BTTTT,invalid,https://giayphep.abei.gov.vn/
www.phongvanvtc.com.vn,CÔNG TY CỔ PHẦN VTC DỊCH VỤ DI ĐỘNG,QUYẾT ĐỊNH PHÁT HÀNH TRÒ CHƠI ĐIỆN TỬ G1 TRÊN MẠNG,2018-08-06,Giấy phép (ABEI),1292/QĐ-BTTTT,invalid,https://giayphep.abei.gov.vn/
phongvien.vn,Công ty Cổ phần AEG,Website - Trang TTĐT tổng hợp,,Giấy phép (TVPL PDF),,valid,
phongvuong.adnxgames.vn,CÔNG TY CỔ PHẦN ADNX,QUYẾT ĐỊNH PHÁT HÀNH TRÒ CHƠI ĐIỆN TỬ G1 TRÊN MẠNG,2022-11-11,Giấy phép (ABEI),2071/QĐ-BTTTT,valid,https://giayphep.abei.gov.vn/
phuchung3k.tbgame.vn,CÔNG TY TNHH TRÒ CHƠI TRỰC TUYẾN THIENBAO,QUYẾT ĐỊNH PHÁT HÀNH TRÒ CHƠI ĐIỆN TỬ G1 TRÊN MẠNG,2021-10-20,Giấy phép (ABEI),1647/QĐ-BTTTT,valid,https://giayphep.abei.gov.vn/
phuckich.vtcgame.vn,CÔNG TY VTC CÔNG NGHỆ VÀ NỘI DUNG SỐ,QUYẾT ĐỊNH PHÁT HÀNH TRÒ CHƠI ĐIỆN TỬ G1 TRÊN MẠNG,2017-07-17,Giấy phép (ABEI),1173/QĐ-BTTTT,valid,https://giayphep.abei.gov.vn/
phucyeusu.vsgame.vn,CÔNG TY CỔ PHẦN VISION GAME ,QUYẾT ĐỊNH PHÁT HÀNH TRÒ CHƠI ĐIỆN TỬ G1 TRÊN MẠNG,2025-02-18,Giấy phép (ABEI),38/QĐ-PTTH&TTĐT,valid,https://giayphep.abei.gov.vn/
phuhuynh.net.vn,CÔNG TY CỔ PHẦN VIỆN PHÁT TRIỂN GIÁO DỤC VÀ PHÁP LUẬT,GIẤY PHÉP CUNG CẤP DỊCH VỤ MẠNG XÃ HỘI,2023-12-21,Giấy phép (ABEI),467/GP-BTTTT,valid,https://giayphep.abei.gov.vn/
phumyhung.vn,CÔNG TY TNHH PHÁT TRIỂN PHÚ MỸ HƯNG,Website - Trang TTĐT tổng hợp,,Giấy phép (TVPL PDF),,valid,
phunu.nld.com.vn,Báo Người lao động (Báo điện tử Người lao động),"Website - Báo, tạp chí điện tử",,Giấy phép (TVPL PDF),,valid,
phunu24.vn,(Cấp lại ) Công ty CP Thương mại Giải trí thể thao Hoàng Gia,Website - Trang mạng xã hội,,Giấy phép (TVPL PDF),,valid,
phunu30plus.vn,Công ty TNHH Truyền thông Tuổi trẻ Xanh,Website - Trang mạng xã hội,,Giấy phép (TVPL PDF),,valid,
phunu8.net,Công ty TNHH MTV Thương mại Dịch vụ và Truyền thông Phụ nữ 8,Website - Trang mạng xã hội,,Giấy phép (TVPL PDF),,valid,
phunuadong.vn,Công ty TNHH Thương mại dịch vụ CPCORP,Website - Trang TTĐT tổng hợp,,Giấy phép (TVPL PDF),,valid,
phunucuocsong.vn,CÔNG TY CỔ PHẦN NTCORP,Website - Trang TTĐT tổng hợp,,Giấy phép (TVPL PDF),,valid,
phunugiadinh.vn,CÔNG TY TNHH TRUYỀN THÔNG VIỆT FAMILY,GIẤY PHÉP CUNG CẤP DỊCH VỤ MẠNG XÃ HỘI,2017-10-02,Giấy phép (ABEI),478/GP-BTTTT,valid,https://giayphep.abei.gov.vn/
phunulife.vn,Công ty TNHH Truyền thông Quang Hải,Website - Trang TTĐT tổng hợp,,Giấy phép (TVPL PDF),,valid,
phunumoi.net.vn,Tạp chí Phụ nữ mới,"Website - Báo, tạp chí điện tử",,Giấy phép (TVPL PDF),,valid,
phununews.nguoiduatin.vn,Tạp chí Đời sống và Pháp luật,"Website - Báo, tạp chí điện tử",,Giấy phép (TVPL PDF),,valid,
phunuonline.com.vn,Báo Phụ nữ Thành phố Hồ Chí Minh,"Website - Báo, tạp chí điện tử",,Giấy phép (TVPL PDF),,valid,
phunuonline.vn,Công ty TNHH Truyền thông Thời Gian Vàng,Website - Trang TTĐT tổng hợp,,Giấy phép (TVPL PDF),,valid,
phunuphapluat.vn,Công ty Cổ phần Đầu tư quốc tế Thiên Việt,Website - Trang TTĐT tổng hợp,,Giấy phép (TVPL PDF),,valid,
phunuso.baophunuthudo.vn,Báo Phụ nữ thủ đô,"Website - Báo, tạp chí điện tử",,Giấy phép (TVPL PDF),,valid,
phunusuckhoe.giadinhonlin,Tạp chí Gia đình Việt Nam,"Website - Báo, tạp chí điện tử",,Giấy phép (TVPL PDF),,valid,
phunutieudung.com.vn,Công ty TNHH Dịch vụ Tư vấn Truyền thông Quốc Gia (phunutieudung.vn),Website - Trang TTĐT tổng hợp,,Giấy phép (TVPL PDF),,valid,
phunutoday.com.vn,Công ty TNHH Truyền thông Phụ nữ Sáng tạo,Website - Trang mạng xã hội,,Giấy phép (TVPL PDF),,valid,
phunutoday.net,Công ty TNHH Truyền thông Phụ nữ Sáng tạo,Website - Trang mạng xã hội,,Giấy phép (TVPL PDF),,valid,
phunutoday.vn,Công ty Cổ phần Truyền thông Kết nối Sáng tạo,Website - Trang TTĐT tổng hợp,,Giấy phép (TVPL PDF),,valid,
phunuvietkhoinghiep.vn,CÔNG TY CỔ PHẦN QUẢNG CÁO CAM,GIẤY PHÉP CUNG CẤP DỊCH VỤ MẠNG XÃ HỘI,2019-12-26,Giấy phép (ABEI),568 /GP-BTTTT,valid,https://giayphep.abei.gov.vn/
phunuvietnam.vn,BÁO PHỤ NỮ VIỆT NAM,GIẤY PHÉP THIẾT LẬP TRANG THÔNG TIN ĐIỆN TỬ TỔNG HỢP,2015-06-02,Giấy phép (ABEI),58/GP-TTĐT,invalid,https://giayphep.abei.gov.vn/
phunuvn.com.vn,Công ty Cổ phần Truyền thông Mặt Trời Mới,Website - Trang TTĐT tổng hợp,,Giấy phép (TVPL PDF),,valid,
phunuxuavanay.com.vn,Công ty Cổ phần Đầu tư phát triển SMT,Website - Trang TTĐT tổng hợp,,Giấy phép (TVPL PDF),,valid,
phunuxuavanay.vn,Công ty Cổ phần Truyền thông và Giải trí Thiên Phú,Website - Trang TTĐT tổng hợp,,Giấy phép (TVPL PDF),,valid,
phuonganb.com,Công ty TNHH công nghệ số Alpha,Website - Trang mạng xã hội,,Giấy phép (TVPL PDF),,valid,
phuonganb.vn,Công ty TNHH công nghệ số Alpha,Website - Trang mạng xã hội,,Giấy phép (TVPL PDF),,valid,
phuonghoangcamtu.playfun.vn,CÔNG TY CỔ PHẦN FUNTAP,QUYẾT ĐỊNH PHÁT HÀNH TRÒ CHƠI ĐIỆN TỬ G1 TRÊN MẠNG,2021-05-12,Giấy phép (ABEI),642/QĐ-BTTTT,valid,https://giayphep.abei.gov.vn/
phuonghoangtrutien.vplay.vn,CÔNG TY CỔ PHẦN TRUYỀN HÌNH TƯƠNG TÁC VIỆT NAM,QUYẾT ĐỊNH PHÁT HÀNH TRÒ CHƠI ĐIỆN TỬ G1 TRÊN MẠNG,2026-05-20,Giấy phép (ABEI),267/QĐ-PTTH&TTĐT,valid,https://giayphep.abei.gov.vn/
phuongnam.reatimes.vn,Tạp chí điện tử Bất động sản Việt Nam,"Website - Báo, tạp chí điện tử",,Giấy phép (TVPL PDF),,valid,
phuongnam24h.vn,Công ty TNHH MTV Dịch vụ và Truyền thông Làng Việt,Website - Trang TTĐT tổng hợp,,Giấy phép (TVPL PDF),,valid,
phuongnamedu.vn,CÔNG TY CỔ PHẦN ĐẦU TƯ VÀ PHÁT TRIỂN GIÁO DỤC PHƯƠNG NAM,GIẤY PHÉP CUNG CẤP DỊCH VỤ MẠNG XÃ HỘI,2021-11-26,Giấy phép (ABEI),781/GP-BTTTT,valid,https://giayphep.abei.gov.vn/
phuongnamtoday.vn,Công ty TNHH Truyền thông Phương Nam News,Website - Trang TTĐT tổng hợp,,Giấy phép (TVPL PDF),,valid,
phuthotv.vn,Đài Phát thanh và Truyền hình tỉnh Phú Thọ,MXH - Đài Phát thanh Truyền hình,,Giấy phép (TVPL PDF),,valid,
phuyen.info.vn,SỞ THÔNG TIN VÀ TRUYỀN THÔNG PHÚ YÊN,GIẤY PHÉP THIẾT LẬP TRANG THÔNG TIN ĐIỆN TỬ TỔNG HỢP,2019-10-22,Giấy phép (ABEI),200/GP-TTĐT,valid,https://giayphep.abei.gov.vn/
piggygo.hhgame.vn,CÔNG TY CỔ PHẦN PHÁT TRIỂN CÔNG NGHỆ SỐ HỒNG HÀ,QUYẾT ĐỊNH PHÁT HÀNH TRÒ CHƠI ĐIỆN TỬ G1 TRÊN MẠNG,2022-04-25,Giấy phép (ABEI),760/QĐ-BTTTT,invalid,https://giayphep.abei.gov.vn/
pinex.vn,CÔNG TY CỔ PHẦN CHỨNG KHOÁN PINETREE,GIẤY PHÉP CUNG CẤP DỊCH VỤ MẠNG XÃ HỘI,2021-11-26,Giấy phép (ABEI),784/GP-BTTTT,valid,https://giayphep.abei.gov.vn/
pingedu.vn,CÔNG TY CỔ PHẦN ĐẦU TƯ PHÁT TRIỂN HOÀNG GIA D&T,GIẤY PHÉP CUNG CẤP DỊCH VỤ MẠNG XÃ HỘI,2020-07-30,Giấy phép (ABEI),330/GP-BTTTT,valid,https://giayphep.abei.gov.vn/
pirateempire.game365.vn,CÔNG TY CỔ PHẦN CÔNG NGHỆ KỸ THUẬT VTECH,QUYẾT ĐỊNH PHÁT HÀNH TRÒ CHƠI ĐIỆN TỬ G1 TRÊN MẠNG,2023-06-06,Giấy phép (ABEI),975/QĐ-BTTTT,valid,https://giayphep.abei.gov.vn/
pktt.velalive.net.vn,Công ty TNHH Velalive,QUYẾT ĐỊNH PHÁT HÀNH TRÒ CHƠI ĐIỆN TỬ G1 TRÊN MẠNG,2026-01-23,Giấy phép (ABEI),29/QĐ-PTTH&TTĐT,valid,https://giayphep.abei.gov.vn/
pl.360game.vn,CÔNG TY TNHH TRUYỀN THÔNG MINH PHƯƠNG THỊNH,QUYẾT ĐỊNH PHÁT HÀNH TRÒ CHƠI ĐIỆN TỬ G1 TRÊN MẠNG,2017-03-17,Giấy phép (ABEI),342/QĐ-BTTTT,valid,https://giayphep.abei.gov.vn/
plavsola.vn,CÔNG TY CỔ PHẦN SOLAPLAY,QUYẾT ĐỊNH PHÁT HÀNH TRÒ CHƠI ĐIỆN TỬ G1 TRÊN MẠNG,2022-10-07,Giấy phép (ABEI),1874/QĐ-BTTTT,valid,https://giayphep.abei.gov.vn/
play.3tonline.vn,CÔNG TY CỔ PHẦN GIẢI TRÍ TRỰC TUYẾN 3T,QUYẾT ĐỊNH PHÁT HÀNH TRÒ CHƠI ĐIỆN TỬ G1 TRÊN MẠNG,2021-11-26,Giấy phép (ABEI),1887 /QĐ-BTTTT,valid,https://giayphep.abei.gov.vn/
play.com.vn,CÔNG TY CỔ PHẦN 9PLAY,QUYẾT ĐỊNH PHÁT HÀNH TRÒ CHƠI ĐIỆN TỬ G1 TRÊN MẠNG,2021-05-18,Giấy phép (ABEI),672/QĐ-BTTTT,valid,https://giayphep.abei.gov.vn/
play.oeggames.vn,CÔNG TY CỔ PHẦN TẬP ĐOÀN GIẢI TRÍ ĐẠI DƯƠNG ,QUYẾT ĐỊNH PHÁT HÀNH TRÒ CHƠI ĐIỆN TỬ G1 TRÊN MẠNG,2025-07-30,Giấy phép (ABEI),334 /QĐ-PTTH&TTĐT,invalid,https://giayphep.abei.gov.vn/
play.visiongame.vn,CÔNG TY CỔ PHẦN VISION GAME,QUYẾT ĐỊNH PHÁT HÀNH TRÒ CHƠI ĐIỆN TỬ G1 TRÊN MẠNG,2024-01-03,Giấy phép (ABEI),05/QĐ-BTTTT,valid,https://giayphep.abei.gov.vn/
play24.vn,Công ty cổ phần dịch vụ phần mềm và nội dung số Việt Nam,Website - Trang TTĐT tổng hợp,,Giấy phép (TVPL PDF),,valid,
play365.vn,Công ty Cổ phần dịch vụ truyền thông Vietnamnet Icom,Website - Trang TTĐT tổng hợp,,Giấy phép (TVPL PDF),,valid,
playee.vn,CÔNG TY CỔ PHẦN GAMOTA,GIẤY PHÉP CUNG CẤP DỊCH VỤ MẠNG XÃ HỘI,2023-10-23,Giấy phép (ABEI),393/GP-BTTTT,valid,https://giayphep.abei.gov.vn/
playgate.vn,Công ty TNHH Play Gate ,GIẤY PHÉP CUNG CẤP DỊCH VỤ MẠNG XÃ HỘI,2026-05-06,Giấy phép (ABEI),83/GP-PTTH&TTĐT,valid,https://giayphep.abei.gov.vn/
playlearn.edu.vn,Công ty TNHH Dịch vụ và Thương mại Mạng - Viễn thông Lit Việt Nam,Website - Trang mạng xã hội,,Giấy phép (TVPL PDF),,valid,
playnow.vn,Công ty Truyền thông Viettel - Chi nhánh Tập đoàn Viễn thông Quân đội,Website - Trang mạng xã hội,,Giấy phép (TVPL PDF),,valid,
playpop.vn,Công ty TNHH Play Gate ,GIẤY PHÉP CUNG CẤP DỊCH VỤ MẠNG XÃ HỘI,2026-05-06,Giấy phép (ABEI),83/GP-PTTH&TTĐT,valid,https://giayphep.abei.gov.vn/
playsola.com,CÔNG TY CỔ PHẦN SOLAPLAY,QUYẾT ĐỊNH PHÁT HÀNH TRÒ CHƠI ĐIỆN TỬ G1 TRÊN MẠNG,2022-06-02,Giấy phép (ABEI),1021/QĐ-BTTTT,valid,https://giayphep.abei.gov.vn/
www.playsola.vn,CÔNG TY CỔ PHẦN SOLAPLAY,QUYẾT ĐỊNH PHÁT HÀNH TRÒ CHƠI ĐIỆN TỬ G1 TRÊN MẠNG,2024-01-31,Giấy phép (ABEI),112/QĐ-BTTTT,valid,https://giayphep.abei.gov.vn/
playsola.vn,CÔNG TY CỔ PHẦN SOLAPLAY,QUYẾT ĐỊNH PHÁT HÀNH TRÒ CHƠI ĐIỆN TỬ G1 TRÊN MẠNG,2024-02-15,Giấy phép (ABEI),175/QĐ-BTTTT,valid,https://giayphep.abei.gov.vn/
playsolu.com,CÔNG TY CỔ PHẦN SOLAPLAY,QUYẾT ĐỊNH PHÁT HÀNH TRÒ CHƠI ĐIỆN TỬ G1 TRÊN MẠNG,2022-06-02,Giấy phép (ABEI),1021/QĐ-BTTTT,valid,https://giayphep.abei.gov.vn/
playtogether.vnggames.com,CÔNG TY CỔ PHẦN TẬP ĐOÀN VNG,QUYẾT ĐỊNH PHÁT HÀNH TRÒ CHƠI ĐIỆN TỬ G1 TRÊN MẠNG,2025-09-25,Giấy phép (ABEI),413/QĐ-PTTH&TTĐT,invalid,https://giayphep.abei.gov.vn/
playx.vn,CÔNG TY TNHH XGA,QUYẾT ĐỊNH PHÁT HÀNH TRÒ CHƠI ĐIỆN TỬ G1 TRÊN MẠNG,2023-04-26,Giấy phép (ABEI),720/QĐ-BTTTT,valid,https://giayphep.abei.gov.vn/
plcl.net.vn,VIỆN NGHIÊN CỨU PHÁP LUẬT BẢO VỆ DOANH NGHIỆP VÀ NGƯỜI TIÊU DÙNG,GIẤY PHÉP THIẾT LẬP TRANG THÔNG TIN ĐIỆN TỬ TỔNG HỢP,2024-10-02,Giấy phép (ABEI),231/GP-TTĐT,valid,https://giayphep.abei.gov.vn/
pld.net.vn,Công ty TNHH BPCORP,Website - Trang TTĐT tổng hợp,,Giấy phép (TVPL PDF),,valid,
plnn.vn,Công ty cổ phần Truyền hình Pháp luật Online,Website - Trang mạng xã hội,,Giấy phép (TVPL PDF),,valid,
pmb.vn,Công ty Cổ phần phân bón và hóa chất dầu khí miền Bắc,Website - Trang TTĐT tổng hợp,,Giấy phép (TVPL PDF),,valid,
pnc.playfun.vn,CÔNG TY CỔ PHẦN PHÁT TRIỂN CÔNG NGHỆ SỐ HỒNG HÀ,QUYẾT ĐỊNH PHÁT HÀNH TRÒ CHƠI ĐIỆN TỬ G1 TRÊN MẠNG,2023-12-25,Giấy phép (ABEI),2517/QĐ-BTTTT,valid,https://giayphep.abei.gov.vn/
pntt.talktv.vn,CÔNG TY CỔ PHẦN VNG,QUYẾT ĐỊNH PHÁT HÀNH TRÒ CHƠI ĐIỆN TỬ G1 TRÊN MẠNG,2017-09-25,Giấy phép (ABEI),1593/QĐ-BTTTT,invalid,https://giayphep.abei.gov.vn/
pnttdk.vn,CÔNG TY CỔ PHẦN PHÁT TRIỂN CÔNG NGHỆ SỐ HỒNG HÀ,QUYẾT ĐỊNH PHÁT HÀNH TRÒ CHƠI ĐIỆN TỬ G1 TRÊN MẠNG,2024-02-05,Giấy phép (ABEI),138/QĐ-BTTTT,valid,https://giayphep.abei.gov.vn/
pnvnnuocngoai.vn,BÁO PHỤ NỮ VIỆT NAM,GIẤY PHÉP THIẾT LẬP TRANG THÔNG TIN ĐIỆN TỬ TỔNG HỢP,2015-02-14,Giấy phép (ABEI),11/GP-TTĐT,invalid,https://giayphep.abei.gov.vn/
podcasters.spotify.co,Báo Đại biểu Nhân dân,MXH - Cơ quan báo chí,,Giấy phép (TVPL PDF),,valid,
podcasts.apple.com,Đài Tiếng nói Việt Nam,MXH - Đài Phát thanh Truyền hình,,Giấy phép (TVPL PDF),,valid,
poke.com.vn,CÔNG TY TNHH TRUYỀN THÔNG MINH PHƯƠNG THỊNH,QUYẾT ĐỊNH PHÁT HÀNH TRÒ CHƠI ĐIỆN TỬ G1 TRÊN MẠNG,2019-08-16,Giấy phép (ABEI),1340 /QĐ-BTTTT,valid,https://giayphep.abei.gov.vn/
poke.obt.vn,CÔNG TY CỔ PHẦN XTV,QUYẾT ĐỊNH PHÁT HÀNH TRÒ CHƠI ĐIỆN TỬ G1 TRÊN MẠNG,2020-03-16,Giấy phép (ABEI),354/QĐ-BTTTT,invalid,https://giayphep.abei.gov.vn/
pokeht.vn,CÔNG TY TNHH SOHA,QUYẾT ĐỊNH PHÁT HÀNH TRÒ CHƠI ĐIỆN TỬ G1 TRÊN MẠNG,2019-07-10,Giấy phép (ABEI),1059/QĐ-BTTTT,valid,https://giayphep.abei.gov.vn/
pokem.vtcgame.vn,CÔNG TY VTC CÔNG NGHỆ VÀ NỘI DUNG SỐ,QUYẾT ĐỊNH PHÁT HÀNH TRÒ CHƠI ĐIỆN TỬ G1 TRÊN MẠNG,2019-07-25,Giấy phép (ABEI),1129/QĐ-BTTTT,invalid,https://giayphep.abei.gov.vn/
pokephieuluuky.vn,CÔNG TY CỔ PHẦN FUNTAP,QUYẾT ĐỊNH PHÁT HÀNH TRÒ CHƠI ĐIỆN TỬ G1 TRÊN MẠNG,2018-11-27,Giấy phép (ABEI),2012/QĐ-BTTTT,valid,https://giayphep.abei.gov.vn/
pokimobile.vn,CÔNG TY CỔ PHẦN TRỰC TUYẾN CMN VIỆT NAM,QUYẾT ĐỊNH PHÁT HÀNH TRÒ CHƠI ĐIỆN TỬ G1 TRÊN MẠNG,2019-12-10,Giấy phép (ABEI),2166/QĐ-BTTTT,valid,https://giayphep.abei.gov.vn/
pokiwar.360game.vn,CÔNG TY TNHH GIẢI TRÍ LONG ĐỈNH,QUYẾT ĐỊNH PHÁT HÀNH TRÒ CHƠI ĐIỆN TỬ G1 TRÊN MẠNG,2018-08-09,Giấy phép (ABEI),1318/QĐ-BTTTT,valid,https://giayphep.abei.gov.vn/
politicaltheory.hcma.vn,Tạp chí Lý luận chính trị,"Website - Báo, tạp chí điện tử",,Giấy phép (TVPL PDF),,valid,
pon.migames.vn,CÔNG TY TNHH MOUNTAIN LAKE,QUYẾT ĐỊNH PHÁT HÀNH TRÒ CHƠI ĐIỆN TỬ G1 TRÊN MẠNG,2022-04-28,Giấy phép (ABEI),793/QĐ-BTTTT,valid,https://giayphep.abei.gov.vn/
pops.vn,CÔNG TY CỔ PHẦN PHONG PHÚ SẮC VIỆT ,GIẤY PHÉP CUNG CẤP DỊCH VỤ MẠNG XÃ HỘI,2019-02-22,Giấy phép (ABEI),63/GP-BTTTT,valid,https://giayphep.abei.gov.vn/
popsww.com,Đài Truyền hình Kỹ thuật số VTC,MXH - Đài Phát thanh Truyền hình,,Giấy phép (TVPL PDF),,valid,
port5.vn,Công ty cổ phần VCCorp,"MXH - Cá nhân, tổ chức",,Giấy phép (TVPL PDF),,valid,
pose.vn,Công ty TNHH Pose Media,Website - Trang TTĐT tổng hợp,,Giấy phép (TVPL PDF),,valid,
posetv.vn,Công ty TNHH Một thành viên Truyền thông Pose,Website - Trang mạng xã hội,,Giấy phép (TVPL PDF),,valid,
prdoanhnghiep.vn,Công ty TNHH Phát triển Truyền thông Truyền hình Việt Nam (https://prdoanhnghiep.com),Website - Trang TTĐT tổng hợp,,Giấy phép (TVPL PDF),,valid,
prismtech.vn,CÔNG TY CỔ PHẦN PRISMTECH,GIẤY PHÉP CUNG CẤP DỊCH VỤ MẠNG XÃ HỘI,2022-10-17,Giấy phép (ABEI),494/GP-BTTTT,valid,https://giayphep.abei.gov.vn/
profin.com.vn,Công ty TNHH Profin,Website - Trang TTĐT tổng hợp,,Giấy phép (TVPL PDF),,valid,
profin.vn,CÔNG TY TNHH PROFIN,GIẤY PHÉP CUNG CẤP DỊCH VỤ MẠNG XÃ HỘI,2021-06-02,Giấy phép (ABEI),329/GP-BTTTT,valid,https://giayphep.abei.gov.vn/
proguide.vn,Công ty TNHH Bảo Mật Nam Trường Sơn,Website - Trang TTĐT tổng hợp,,Giấy phép (TVPL PDF),,valid,
pronews.vn,Công ty TNHH Dịch vụ Truyền thông Hải ÂU,Website - Trang TTĐT tổng hợp,,Giấy phép (TVPL PDF),,valid,
prvn.vn,Công ty TNHH MTV Dịch vụ và Truyền thông Làng Việt,Website - Trang TTĐT tổng hợp,,Giấy phép (TVPL PDF),,valid,
pt.solaplay.vn,CÔNG TY CỔ PHẦN TRAVELLET VIỆT NAM,QUYẾT ĐỊNH PHÁT HÀNH TRÒ CHƠI ĐIỆN TỬ G1 TRÊN MẠNG,2022-01-25,Giấy phép (ABEI),119/QĐ-BTTTT,invalid,https://giayphep.abei.gov.vn/
pt.vnggames.com,CÔNG TY CỔ PHẦN VNG,QUYẾT ĐỊNH PHÁT HÀNH TRÒ CHƠI ĐIỆN TỬ G1 TRÊN MẠNG,2025-04-04,Giấy phép (ABEI),100/QĐ-PTTH&TTĐT,valid,https://giayphep.abei.gov.vn/
pt.vtczone.vn,CÔNG TY CỔ PHẦN VTC DỊCH VỤ DI ĐỘNG,QUYẾT ĐỊNH PHÁT HÀNH TRÒ CHƠI ĐIỆN TỬ G1 TRÊN MẠNG,2026-04-21,Giấy phép (ABEI),201/QĐ-PTTH&TTĐT,valid,https://giayphep.abei.gov.vn/
ptkg.vtcgame.vn,CÔNG TY VTC CÔNG NGHỆ VÀ NỘI DUNG SỐ,"GIẤY XÁC NHẬN THÔNG BÁO PHÁT HÀNH TRÒ CHƠI ĐIỆN TỬ G2,G3,G4",2022-10-28,Giấy phép (ABEI),143/GXN-PTTH&TTĐT,valid,https://giayphep.abei.gov.vn/
ptpphuyen.vn,ĐÀI PHÁT THANH VÀ TRUYỀN HÌNH PHÚ YÊN,GIẤY PHÉP THIẾT LẬP TRANG THÔNG TIN ĐIỆN TỬ TỔNG HỢP,2018-01-04,Giấy phép (ABEI),02/GP-TTĐT,valid,https://giayphep.abei.gov.vn/
ptthdaknong.com.vn,ĐÀI PHÁT THANH VÀ TRUYỀN HÌNH ĐẮK NÔNG,GIẤY PHÉP THIẾT LẬP TRANG THÔNG TIN ĐIỆN TỬ TỔNG HỢP,2020-06-26,Giấy phép (ABEI),99/GP-TTĐT,invalid,https://giayphep.abei.gov.vn/
www.truyenhinhdaknong.vn,ĐÀI PHÁT THANH VÀ TRUYỀN HÌNH ĐẮK NÔNG,GIẤY PHÉP THIẾT LẬP TRANG THÔNG TIN ĐIỆN TỬ TỔNG HỢP,2020-06-26,Giấy phép (ABEI),99/GP-TTĐT,invalid,https://giayphep.abei.gov.vn/
pubgm.vnggames.com,CÔNG TY CỔ PHẦN TẬP ĐOÀN VNG,QUYẾT ĐỊNH PHÁT HÀNH TRÒ CHƠI ĐIỆN TỬ G1 TRÊN MẠNG,2025-07-10,Giấy phép (ABEI),311/QĐ-PTTH&TTĐT,valid,https://giayphep.abei.gov.vn/
pubgm.zing.vn,CÔNG TY CỔ PHẦN VNG,QUYẾT ĐỊNH PHÁT HÀNH TRÒ CHƠI ĐIỆN TỬ G1 TRÊN MẠNG,2019-01-09,Giấy phép (ABEI),41/QĐ-BTTTT,invalid,https://giayphep.abei.gov.vn/
pv3d.360game.vn,CÔNG TY CỔ PHẦN VNG,QUYẾT ĐỊNH PHÁT HÀNH TRÒ CHƠI ĐIỆN TỬ G1 TRÊN MẠNG,2016-05-18,Giấy phép (ABEI),804/QĐ-BTTTT,invalid,https://giayphep.abei.gov.vn/
pvn.armygames,Trung tâm Phát thanh và Truyền hình Quân Đội,MXH - Đài Phát thanh Truyền hình,,Giấy phép (TVPL PDF),,valid,
pvn.com.vn,Tập Đoàn Dầu khí Việt Nam,Website - Trang TTĐT tổng hợp,,Giấy phép (TVPL PDF),,valid,
pvn.vn,Tập Đoàn Dầu khí Việt Nam,Website - Trang TTĐT tổng hợp,,Giấy phép (TVPL PDF),,valid,
www.petrovietnam.com.vn,TẬP ĐOÀN DẦU KHÍ VIỆT NAM,GIẤY PHÉP THIẾT LẬP TRANG THÔNG TIN ĐIỆN TỬ TỔNG HỢP,2019-09-11,Giấy phép (ABEI),176/GP-TTĐT,invalid,https://giayphep.abei.gov.vn/
www.pvn.com.vn,TẬP ĐOÀN DẦU KHÍ VIỆT NAM,GIẤY PHÉP THIẾT LẬP TRANG THÔNG TIN ĐIỆN TỬ TỔNG HỢP,2019-09-11,Giấy phép (ABEI),176/GP-TTĐT,invalid,https://giayphep.abei.gov.vn/
pvtk.cmn.vn,CÔNG TY CỔ PHẦN TRỰC TUYẾN CMN VIỆT NAM,QUYẾT ĐỊNH PHÁT HÀNH TRÒ CHƠI ĐIỆN TỬ G1 TRÊN MẠNG,2026-03-05,Giấy phép (ABEI),110/QĐ-PTTH&TTĐT,valid,https://giayphep.abei.gov.vn/
pvtk.kul.vn,CÔNG TY CỔ PHẦN TRỰC TUYẾN CMN VIỆT NAM,QUYẾT ĐỊNH PHÁT HÀNH TRÒ CHƠI ĐIỆN TỬ G1 TRÊN MẠNG,2016-06-02,Giấy phép (ABEI),937/QĐ-BTTTT,invalid,https://giayphep.abei.gov.vn/
pwin.com.vn,Công ty TNHH Pwin Thái Quang,Website - Trang mạng xã hội,,Giấy phép (TVPL PDF),,valid,
qbtv.vn,ĐÀI PHÁT THANH VÀ TRUYỀN HÌNH QUẢNG BÌNH,GIẤY PHÉP THIẾT LẬP TRANG THÔNG TIN ĐIỆN TỬ TỔNG HỢP,2020-11-09,Giấy phép (ABEI),212/GP-TTĐT,invalid,https://giayphep.abei.gov.vn/
qcn.ciks.vn,BAN ĐIỀU HÀNH ĐỀ ÁN ĐƯA NỘI DUNG QUYỀN CON NGƯỜI VÀO CHƯƠNG TRÌNH GIÁO DỤC TRONG HỆ THỐNG GIÁO DỤC QUỐC DÂN  (ĐỂ ĂN GIÁO DỤC QUYỀN CON NGƯỜI),GIẤY PHÉP THIẾT LẬP TRANG THÔNG TIN ĐIỆN TỬ TỔNG HỢP,2022-01-06,Giấy phép (ABEI),01/GP-TTĐT,valid,https://giayphep.abei.gov.vn/
qcn.hcma.vn,Tạp chí Pháp luật về quyền con người,"Website - Báo, tạp chí điện tử",,Giấy phép (TVPL PDF),,valid,
qcth.vn,CÔNG TY CỔ PHẦN TEPAYLINK,QUYẾT ĐỊNH PHÁT HÀNH TRÒ CHƠI ĐIỆN TỬ G1 TRÊN MẠNG,2024-12-10,Giấy phép (ABEI),2168/QĐ-BTTTT,valid,https://giayphep.abei.gov.vn/
qdbt.hhgame.vn,CÔNG TY CỔ PHẦN PHÁT TRIỂN CÔNG NGHỆ SỐ HỒNG HÀ ,QUYẾT ĐỊNH PHÁT HÀNH TRÒ CHƠI ĐIỆN TỬ G1 TRÊN MẠNG,2025-11-07,Giấy phép (ABEI),500/QĐ-PTTH&TTĐT,valid,https://giayphep.abei.gov.vn/
ct.qdnd.vn,"Báo Quân đội nhân dân,","Website - Báo, tạp chí điện tử",,Giấy phép (TVPL PDF),,valid,
qh-hdndphuyen.gov.vn,VĂN PHÒNG ĐOÀN ĐẠI BIỂU QUỐC HỘI VÀ HỘI ĐỒNG NHÂN DÂN PHÚ YÊN,GIẤY PHÉP THIẾT LẬP TRANG THÔNG TIN ĐIỆN TỬ TỔNG HỢP,2013-08-29,Giấy phép (ABEI),127/GP-TTĐT,invalid,https://giayphep.abei.gov.vn/
qnitrade.gov.vn,TRUNG TÂM XÚC TIẾN THƯƠNG MẠI TỈNH QUẢNG NINH,GIẤY PHÉP THIẾT LẬP TRANG THÔNG TIN ĐIỆN TỬ TỔNG HỢP,2013-08-29,Giấy phép (ABEI),125/GP-TTĐT,invalid,https://giayphep.abei.gov.vn/
qptd.vn,Báo Quốc phòng Thủ đô,"Website - Báo, tạp chí điện tử",,Giấy phép (TVPL PDF),,valid,
qptd.com.vn,Báo Quốc phòng Thủ đô,"Website - Báo, tạp chí điện tử",,Giấy phép (TVPL PDF),,valid,
qpvn.vn,TRUNG TÂM PHÁT THANH - TRUYỀN HÌNH QUÂN ĐỘI,GIẤY PHÉP THIẾT LẬP TRANG THÔNG TIN ĐIỆN TỬ TỔNG HỢP,2015-08-24,Giấy phép (ABEI),121/GP-TTĐT,valid,https://giayphep.abei.gov.vn/
qrt.vn,Đài Phát thanh - Truyền hình Quảng Nam,Website - Trang TTĐT tổng hợp,,Giấy phép (TVPL PDF),,valid,
qrt.com.vn,Đài Phát thanh - Truyền hình Quảng Nam,Website - Trang TTĐT tổng hợp,,Giấy phép (TVPL PDF),,valid,
www.qrt.com.vn,ĐÀI PHÁT THANH - TRUYỀN HÌNH QUẢNG NAM,GIẤY PHÉP THIẾT LẬP TRANG THÔNG TIN ĐIỆN TỬ TỔNG HỢP,2017-07-27,Giấy phép (ABEI),251/GP-TTĐT,valid,https://giayphep.abei.gov.vn/
qtcs.com.vn,CÔNG TY CỔ PHẦN MAXGROUP,GIẤY PHÉP CUNG CẤP DỊCH VỤ MẠNG XÃ HỘI,2021-01-22,Giấy phép (ABEI),51/GP-BTTTT,valid,https://giayphep.abei.gov.vn/
qtnglobal.net,Công ty Cổ phần Lũng Vàng,Website - Trang mạng xã hội,,Giấy phép (TVPL PDF),,valid,
qtngobal.vn,Công ty Cổ phần Lũng Vàng,Website - Trang mạng xã hội,,Giấy phép (TVPL PDF),,valid,
qtsc.com.vn,CÔNG TY TNHH MỘT THÀNH VIÊN PHÁT TRIỂN CÔNG VIÊN PHẦN MỀM QUANG TRUNG,Website - Trang TTĐT tổng hợp,,Giấy phép (TVPL PDF),,valid,
qtv.vn,Đài Phát thanh và Truyền hình Quảng Ninh,Website - Trang TTĐT tổng hợp,,Giấy phép (TVPL PDF),,valid,
qtv.com.vn,Đài Phát thanh và Truyền hình Quảng Ninh,Website - Trang TTĐT tổng hợp,,Giấy phép (TVPL PDF),,valid,
quangninhtv.vn,ĐÀI PHÁT THANH VÀ TRUYỀN HÌNH QUẢNG NINH,GIẤY PHÉP THIẾT LẬP TRANG THÔNG TIN ĐIỆN TỬ TỔNG HỢP,2018-10-24,Giấy phép (ABEI),273/GP-TTĐT,valid,https://giayphep.abei.gov.vn/
quangninhtv.com.vn,ĐÀI PHÁT THANH VÀ TRUYỀN HÌNH QUẢNG NINH,GIẤY PHÉP THIẾT LẬP TRANG THÔNG TIN ĐIỆN TỬ TỔNG HỢP,2018-10-24,Giấy phép (ABEI),273/GP-TTĐT,valid,https://giayphep.abei.gov.vn/
www.qtv.com.vn,ĐÀI PHÁT THANH VÀ TRUYỀN HÌNH QUẢNG NINH,GIẤY PHÉP THIẾT LẬP TRANG THÔNG TIN ĐIỆN TỬ TỔNG HỢP,2013-08-29,Giấy phép (ABEI),128/GP-TTĐT,invalid,https://giayphep.abei.gov.vn/
www.quangninhtv.vn,ĐÀI PHÁT THANH VÀ TRUYỀN HÌNH QUẢNG NINH,GIẤY PHÉP THIẾT LẬP TRANG THÔNG TIN ĐIỆN TỬ TỔNG HỢP,2013-08-29,Giấy phép (ABEI),128/GP-TTĐT,invalid,https://giayphep.abei.gov.vn/
www.quangninhtv.com.vn,ĐÀI PHÁT THANH VÀ TRUYỀN HÌNH QUẢNG NINH,GIẤY PHÉP THIẾT LẬP TRANG THÔNG TIN ĐIỆN TỬ TỔNG HỢP,2013-08-29,Giấy phép (ABEI),128/GP-TTĐT,invalid,https://giayphep.abei.gov.vn/
quaithu.oeg.vn,CÔNG TY CỔ PHẦN TẬP ĐOÀN GIẢI TRÍ ĐẠI DƯƠNG ,QUYẾT ĐỊNH PHÁT HÀNH TRÒ CHƠI ĐIỆN TỬ G1 TRÊN MẠNG,2026-01-30,Giấy phép (ABEI),38/QĐ-PTTH&TTĐT,invalid,https://giayphep.abei.gov.vn/
quaivatlm.vn,CÔNG TY CỔ PHẦN GIẢI TRÍ TRỰC TUYẾN 3T,QUYẾT ĐỊNH PHÁT HÀNH TRÒ CHƠI ĐIỆN TỬ G1 TRÊN MẠNG,2024-11-19,Giấy phép (ABEI),2004/QĐ-BTTTT,invalid,https://giayphep.abei.gov.vn/
quan6.hochiminhcity.gov.vn,Ủy ban nhân dân quận 6 TPHCM,Website - Trang TTĐT tổng hợp,,Giấy phép (TVPL PDF),,valid,
tamquoc.vn,CÔNG TY CỔ PHẦN REGZ GAMES,QUYẾT ĐỊNH PHÁT HÀNH TRÒ CHƠI ĐIỆN TỬ G1 TRÊN MẠNG,2021-11-18,Giấy phép (ABEI),1850/QĐ-BTTTT,valid,https://giayphep.abei.gov.vn/
quananhphonghoaluc.vplay.vn,CÔNG TY CỔ PHẦN TRUYỀN HÌNH TƯƠNG TÁC VIỆT NAM,QUYẾT ĐỊNH PHÁT HÀNH TRÒ CHƠI ĐIỆN TỬ G1 TRÊN MẠNG,2025-08-11,Giấy phép (ABEI),355 /QĐ-PTTH&TTĐT,invalid,https://giayphep.abei.gov.vn/
quandoan.com.vn,CÔNG TY CỔ PHẦN VTC DỊCH VỤ DI ĐỘNG,QUYẾT ĐỊNH PHÁT HÀNH TRÒ CHƠI ĐIỆN TỬ G1 TRÊN MẠNG,2017-11-22,Giấy phép (ABEI),2096/QĐ-BTTTT,invalid,https://giayphep.abei.gov.vn/
quangcao360.com.vn,Công ty TNHH một thành viên quảng cáo ngoài trời Hà Nội,Website - Trang mạng xã hội,,Giấy phép (TVPL PDF),,valid,
quangcaogiaodich.vn,CÔNG TY TNHH ĐẦU TƯ VÀ PHÁT TRIỂN SÀI GÒN LAND,Website - Trang TTĐT tổng hợp,,Giấy phép (TVPL PDF),,valid,
quangngai.mcv,Đài Phát thanh và Truyền hình tỉnh Quảng Ngãi,MXH - Đài Phát thanh Truyền hình,,Giấy phép (TVPL PDF),,valid,
quangngaitv.vn,ĐÀI PHÁT THANH VÀ TRUYỀN HÌNH QUẢNG NGÃI,GIẤY PHÉP THIẾT LẬP TRANG THÔNG TIN ĐIỆN TỬ TỔNG HỢP,2020-11-09,Giấy phép (ABEI),210/GP-TTĐT,valid,https://giayphep.abei.gov.vn/
quangning.gov.vn,SỞ THÔNG TIN VÀ TRUYỀN THÔNG QUẢNG NINH,GIẤY PHÉP THIẾT LẬP TRANG THÔNG TIN ĐIỆN TỬ TỔNG HỢP,2015-05-27,Giấy phép (ABEI),53/GP-TTĐT,invalid,https://giayphep.abei.gov.vn/
www.halong.gov.vn,SỞ THÔNG TIN VÀ TRUYỀN THÔNG QUẢNG NINH,GIẤY PHÉP THIẾT LẬP TRANG THÔNG TIN ĐIỆN TỬ TỔNG HỢP,2015-05-27,Giấy phép (ABEI),53/GP-TTĐT,invalid,https://giayphep.abei.gov.vn/
quangninh.gov.vn,Sở Thông tin và Truyền thông Quảng Ninh,Website - Trang TTĐT tổng hợp,,Giấy phép (TVPL PDF),,valid,
quangtritv.vn,ĐÀI PHÁT THANH VÀ TRUYỀN HÌNH QUẢNG TRỊ,GIẤY PHÉP THIẾT LẬP TRANG THÔNG TIN ĐIỆN TỬ TỔNG HỢP,2018-04-11,Giấy phép (ABEI),64/GP-TTĐT,valid,https://giayphep.abei.gov.vn/
quankhu2.vn,BÁO QUÂN KHU 2,GIẤY PHÉP THIẾT LẬP TRANG THÔNG TIN ĐIỆN TỬ TỔNG HỢP,2015-08-13,Giấy phép (ABEI),113/GP-TTĐT,valid,https://giayphep.abei.gov.vn/
www.quankhu2.com.vn,BÁO QUÂN KHU 2,GIẤY PHÉP THIẾT LẬP TRANG THÔNG TIN ĐIỆN TỬ TỔNG HỢP,2015-08-13,Giấy phép (ABEI),113/GP-TTĐT,valid,https://giayphep.abei.gov.vn/
www.qk2.com.vn,BÁO QUÂN KHU 2,GIẤY PHÉP THIẾT LẬP TRANG THÔNG TIN ĐIỆN TỬ TỔNG HỢP,2015-08-13,Giấy phép (ABEI),113/GP-TTĐT,valid,https://giayphep.abei.gov.vn/
www.qk2.vn,BÁO QUÂN KHU 2,GIẤY PHÉP THIẾT LẬP TRANG THÔNG TIN ĐIỆN TỬ TỔNG HỢP,2015-08-13,Giấy phép (ABEI),113/GP-TTĐT,valid,https://giayphep.abei.gov.vn/
quankhu3.vn,Báo Quân khu 3,"Website - Báo, tạp chí điện tử",,Giấy phép (TVPL PDF),,valid,
quanly.moitruongvadothi.vn,Tạp chí Môi trường và Đô thị Việt Nam,"Website - Báo, tạp chí điện tử",,Giấy phép (TVPL PDF),,valid,
quanlynhanuoc.vn,Tạp chí Quản lý nhà nước,"Website - Báo, tạp chí điện tử",,Giấy phép (TVPL PDF),,valid,
quanlytainguyenvamoitruong.vn,"TRUNG TÂM QUẢN LÝ CHÍNH SÁCH, PHÁP LUẬT TÀI NGUYÊN VÀ MÔI TRƯỜNG",GIẤY PHÉP THIẾT LẬP TRANG THÔNG TIN ĐIỆN TỬ TỔNG HỢP,2020-11-09,Giấy phép (ABEI),211/GP-TTĐT,valid,https://giayphep.abei.gov.vn/
quansu3q.oeg.vn,CÔNG TY CỔ PHẦN TẬP ĐOÀN GIẢI TRÍ ĐẠI DƯƠNG,QUYẾT ĐỊNH PHÁT HÀNH TRÒ CHƠI ĐIỆN TỬ G1 TRÊN MẠNG,2025-01-24,Giấy phép (ABEI),19/QĐ-PTTH&TTĐT,valid,https://giayphep.abei.gov.vn/
quansulienminh.vn,CÔNG TY TNHH TRUYỀN THÔNG MINH PHƯƠNG THỊNH,QUYẾT ĐỊNH PHÁT HÀNH TRÒ CHƠI ĐIỆN TỬ G1 TRÊN MẠNG,2018-08-09,Giấy phép (ABEI),1319/QĐ-BTTTT,valid,https://giayphep.abei.gov.vn/
quansumobile.com,CÔNG TY CỔ PHẦN  VTC DỊCH VỤ DI ĐỘNG,"GIẤY XÁC NHẬN THÔNG BÁO PHÁT HÀNH TRÒ CHƠI ĐIỆN TỬ G2,G3,G4",2018-11-26,Giấy phép (ABEI),299/GXN-PTTH&TTĐT,valid,https://giayphep.abei.gov.vn/
quantracmoitruong.gov.vn,Trung tâm quan trắc môi trường,Website - Trang TTĐT tổng hợp,,Giấy phép (TVPL PDF),,valid,
quantrimang.com,CT CP Mạng trực tuyến Meta (Quantrimang.vn),Website - Trang mạng xã hội,,Giấy phép (TVPL PDF),,valid,
quantrimang.com.vn,CT CP Mạng trực tuyến Meta (Quantrimang.vn),Website - Trang mạng xã hội,,Giấy phép (TVPL PDF),,valid,
quanvantruong.vtcgame.vn,CÔNG TY VTC CÔNG NGHỆ VÀ NỘI DUNG SỐ,QUYẾT ĐỊNH PHÁT HÀNH TRÒ CHƠI ĐIỆN TỬ G1 TRÊN MẠNG,2017-06-14,Giấy phép (ABEI),907/QĐ-BTTTT,invalid,https://giayphep.abei.gov.vn/
quanvu3d.gamota.com,CÔNG TY CỔ PHẦN GAMOTA,QUYẾT ĐỊNH PHÁT HÀNH TRÒ CHƠI ĐIỆN TỬ G1 TRÊN MẠNG,2020-05-21,Giấy phép (ABEI),851/QĐ-BTTTT,valid,https://giayphep.abei.gov.vn/
quatangcuocsong.vn,Công ty Cổ phần truyền thông S.U.N RISE,Website - Trang TTĐT tổng hợp,,Giấy phép (TVPL PDF),,valid,
queen88.vn,CÔNG TY TNHH TRUYỀN THÔNG VÀ GIẢI TRÍ WATERBEAR,GIẤY PHÉP CUNG CẤP DỊCH VỤ MẠNG XÃ HỘI,2021-01-27,Giấy phép (ABEI),56/GP-BTTTT,valid,https://giayphep.abei.gov.vn/
quehuongonline.vn,TẠP CHÍ QUÊ HƯƠNG,GIẤY PHÉP THIẾT LẬP TRANG THÔNG TIN ĐIỆN TỬ TỔNG HỢP,2016-03-24,Giấy phép (ABEI),21/GP-TTĐT,invalid,https://giayphep.abei.gov.vn/
quehuongtrongtoi.vn,CÔNG TY CỔ PHẦN PHÁT TRIỂN TRUYỀN THÔNG VÀ SỰ KIỆN SAO VIỆT,GIẤY PHÉP CUNG CẤP DỊCH VỤ MẠNG XÃ HỘI,2019-09-11,Giấy phép (ABEI),375/GP-BTTTT,valid,https://giayphep.abei.gov.vn/
queminhngaymoi.vn,Công ty TNHH FELIZ,Website - Trang TTĐT tổng hợp,,Giấy phép (TVPL PDF),,valid,
quocgiakhoinghiep.vn,CÔNG TY CỔ PHẦN SÁNG TẠO LÊ MINH,GIẤY PHÉP CUNG CẤP DỊCH VỤ MẠNG XÃ HỘI,2019-08-16,Giấy phép (ABEI),326/GP-BTTTT,valid,https://giayphep.abei.gov.vn/
quochoi.vn,Văn phòng Quốc Hội,Website - Trang TTĐT tổng hợp,,Giấy phép (TVPL PDF),,valid,
na.gov.vn,Văn phòng Quốc Hội,Website - Trang TTĐT tổng hợp,,Giấy phép (TVPL PDF),,valid,
www.na.gov.vn,VĂN PHÒNG QUỐC HỘI,GIẤY PHÉP THIẾT LẬP TRANG THÔNG TIN ĐIỆN TỬ TỔNG HỢP,2015-03-12,Giấy phép (ABEI),18/GP-TTĐT,invalid,https://giayphep.abei.gov.vn/
quochoitv.vn,KÊNH TRUYỀN HÌNH QUỐC HỘI VIỆT NAM,GIẤY PHÉP THIẾT LẬP TRANG THÔNG TIN ĐIỆN TỬ TỔNG HỢP,2015-04-22,Giấy phép (ABEI),35/GP-TTĐT,invalid,https://giayphep.abei.gov.vn/
quocoai.hanoi.gov.vn,UBND Huyện Quốc Oai,Website - Trang TTĐT tổng hợp,,Giấy phép (TVPL PDF),,valid,
quocphongthudo.com.vn,Báo Quốc phòng Thủ đô,"Website - Báo, tạp chí điện tử",,Giấy phép (TVPL PDF),,valid,
quocphongthudo.vn,Báo Quốc phòng Thủ đô,"Website - Báo, tạp chí điện tử",,Giấy phép (TVPL PDF),,valid,
www.quocphongthudo.com.vn,BÁO QUỐC PHÒNG THỦ ĐÔ,GIẤY PHÉP THIẾT LẬP TRANG THÔNG TIN ĐIỆN TỬ TỔNG HỢP,2015-04-22,Giấy phép (ABEI),34/GP-TTĐT,invalid,https://giayphep.abei.gov.vn/
wwwqptd.com.vn,BÁO QUỐC PHÒNG THỦ ĐÔ,GIẤY PHÉP THIẾT LẬP TRANG THÔNG TIN ĐIỆN TỬ TỔNG HỢP,2015-04-22,Giấy phép (ABEI),34/GP-TTĐT,invalid,https://giayphep.abei.gov.vn/
www.qptd.vn,BÁO QUỐC PHÒNG THỦ ĐÔ,GIẤY PHÉP THIẾT LẬP TRANG THÔNG TIN ĐIỆN TỬ TỔNG HỢP,2015-04-22,Giấy phép (ABEI),34/GP-TTĐT,invalid,https://giayphep.abei.gov.vn/
quychonghanggia.vn,Quỹ Chống hàng giả,Website - Trang TTĐT tổng hợp,,Giấy phép (TVPL PDF),,valid,
quyenvuong98.vn,CÔNG TY TNHH DỊCH VỤ PHẦN MỀM BÌNH MINH,QUYẾT ĐỊNH PHÁT HÀNH TRÒ CHƠI ĐIỆN TỬ G1 TRÊN MẠNG,2016-05-06,Giấy phép (ABEI),725/QĐ-BTTTT,invalid,https://giayphep.abei.gov.vn/
quyhauvuong.mobo.vn,CÔNG TY CỔ PHẦN GIẢI TRÍ DI ĐỘNG,QUYẾT ĐỊNH PHÁT HÀNH TRÒ CHƠI ĐIỆN TỬ G1 TRÊN MẠNG,2016-06-15,Giấy phép (ABEI),1031/QĐ-BTTTT,invalid,https://giayphep.abei.gov.vn/
quykiem3d.1618play.vn,CÔNG TY TNHH 1618PLAY,QUYẾT ĐỊNH PHÁT HÀNH TRÒ CHƠI ĐIỆN TỬ G1 TRÊN MẠNG,2020-04-15,Giấy phép (ABEI),571/QĐ-BTTTT,valid,https://giayphep.abei.gov.vn/
quyongdaichien.dongtay,Công ty cổ phần VieNETWORK,"MXH - Cá nhân, tổ chức",,Giấy phép (TVPL PDF),,valid,
quytuong3q.oeg.vn,CÔNG TY CỔ PHẦN TẬP ĐOÀN GIẢI TRÍ ĐẠI DƯƠNG,QUYẾT ĐỊNH PHÁT HÀNH TRÒ CHƠI ĐIỆN TỬ G1 TRÊN MẠNG,2026-03-30,Giấy phép (ABEI),149/QĐ-PTTH&TTĐT,valid,https://giayphep.abei.gov.vn/
quyvibiendaovietnam.vn,Báo Quân đội nhân dân,Website - Trang TTĐT tổng hợp,,Giấy phép (TVPL PDF),,valid,
radio.tinngan.vn,Tổng Công ty Viễn thông Viettel - Chi nhánh Tập đoàn Viễn thông Quân đội,Website - Trang mạng xã hội,,Giấy phép (TVPL PDF),,valid,
radio.vnmedia.vn,Tạp chí điện tử Vn Media,"Website - Báo, tạp chí điện tử",,Giấy phép (TVPL PDF),,valid,
radiome.vn,CÔNG TY CỔ PHẦN DỊCH VỤ TRUYỀN THÔNG VIETNAMNET ICOM,GIẤY PHÉP CUNG CẤP DỊCH VỤ MẠNG XÃ HỘI,2017-02-28,Giấy phép (ABEI),85/GP-BTTTT,valid,https://giayphep.abei.gov.vn/
radiovn.net,Công ty Cổ phần Ứng dụng số Mobilecom,Website - Trang TTĐT tổng hợp,,Giấy phép (TVPL PDF),,valid,
radiovn.com.vn,Công ty Cổ phần Ứng dụng số Mobilecom,Website - Trang TTĐT tổng hợp,,Giấy phép (TVPL PDF),,valid,
ragnarok.hhgame.vn,CÔNG TY CỐ PHẦN PHÁT TRIỂN CÔNG NGHỆ SỐ HỒNG HÀ,QUYẾT ĐỊNH PHÁT HÀNH TRÒ CHƠI ĐIỆN TỬ G1 TRÊN MẠNG,2021-06-23,Giấy phép (ABEI),891/QĐ-BTTTT,invalid,https://giayphep.abei.gov.vn/
ragnaroktactics.hhgame.vn,CÔNG TY CỔ PHẦN PHÁT TRIỂN CÔNG NGHỆ SỐ HỒNG HÀ,QUYẾT ĐỊNH PHÁT HÀNH TRÒ CHƠI ĐIỆN TỬ G1 TRÊN MẠNG,2022-01-21,Giấy phép (ABEI),76/QĐ-BTTTT,valid,https://giayphep.abei.gov.vn/
rapviet.viechannel,Công ty cổ phần VieNETWORK,"MXH - Cá nhân, tổ chức",,Giấy phép (TVPL PDF),,valid,
realnews.vn,Công ty TNHH MTV Truyền thông Sài Gòn Quốc tế,Website - Trang TTĐT tổng hợp,,Giấy phép (TVPL PDF),,valid,
realtech.com.vn,Công ty Cổ phần Tập đoàn công nghệ REAL TECH,Website - Trang TTĐT tổng hợp,,Giấy phép (TVPL PDF),,valid,
reatimes.vn,Tạp chí điện tử Bất động sản Việt Nam,"Website - Báo, tạp chí điện tử",,Giấy phép (TVPL PDF),,valid,
rebook.vn,CÔNG TY CP TẬP ĐOÀN MẠNG XÃ HỘI BẤT ĐỘNG SẢN RECBOOK,GIẤY PHÉP CUNG CẤP DỊCH VỤ MẠNG XÃ HỘI,2024-05-20,Giấy phép (ABEI),130/GP-BTTTT,valid,https://giayphep.abei.gov.vn/
www.rebook.com,CÔNG TY CP TẬP ĐOÀN MẠNG XÃ HỘI BẤT ĐỘNG SẢN RECBOOK,GIẤY PHÉP CUNG CẤP DỊCH VỤ MẠNG XÃ HỘI,2024-05-20,Giấy phép (ABEI),130/GP-BTTTT,valid,https://giayphep.abei.gov.vn/
www.rebook.net,CÔNG TY CP TẬP ĐOÀN MẠNG XÃ HỘI BẤT ĐỘNG SẢN RECBOOK,GIẤY PHÉP CUNG CẤP DỊCH VỤ MẠNG XÃ HỘI,2024-05-20,Giấy phép (ABEI),130/GP-BTTTT,valid,https://giayphep.abei.gov.vn/
www.rebook.com.vn,CÔNG TY CP TẬP ĐOÀN MẠNG XÃ HỘI BẤT ĐỘNG SẢN RECBOOK,GIẤY PHÉP CUNG CẤP DỊCH VỤ MẠNG XÃ HỘI,2024-05-20,Giấy phép (ABEI),130/GP-BTTTT,valid,https://giayphep.abei.gov.vn/
recbook.net,Công ty CP cộng đồng Bất động sản Recbook,Website - Trang mạng xã hội,,Giấy phép (TVPL PDF),,valid,
recbook.com.vn,Công ty CP cộng đồng Bất động sản Recbook,Website - Trang mạng xã hội,,Giấy phép (TVPL PDF),,valid,
recbook.vn,Công ty CP cộng đồng Bất động sản Recbook,Website - Trang mạng xã hội,,Giấy phép (TVPL PDF),,valid,
recbook.com,Công ty CP cộng đồng Bất động sản Recbook,Website - Trang mạng xã hội,,Giấy phép (TVPL PDF),,valid,
www.recbook.com,CÔNG TY CP TẬP ĐOÀN MẠNG XÃ HỘI BẤT ĐỘNG SẢN RECBOOK,GIẤY PHÉP CUNG CẤP DỊCH VỤ MẠNG XÃ HỘI,2024-05-20,Giấy phép (ABEI),130/GP-BTTTT,valid,https://giayphep.abei.gov.vn/
www.recbook.net,CÔNG TY CP TẬP ĐOÀN MẠNG XÃ HỘI BẤT ĐỘNG SẢN RECBOOK,GIẤY PHÉP CUNG CẤP DỊCH VỤ MẠNG XÃ HỘI,2024-05-20,Giấy phép (ABEI),130/GP-BTTTT,valid,https://giayphep.abei.gov.vn/
www.recbook.com.vn,CÔNG TY CP TẬP ĐOÀN MẠNG XÃ HỘI BẤT ĐỘNG SẢN RECBOOK,GIẤY PHÉP CUNG CẤP DỊCH VỤ MẠNG XÃ HỘI,2024-05-20,Giấy phép (ABEI),130/GP-BTTTT,valid,https://giayphep.abei.gov.vn/
redeagle.vn,Công ty TNHH Công nghệ Thông tin MF Việt Nam,Website - Trang mạng xã hội,,Giấy phép (TVPL PDF),,valid,
redfoxnetworks.vn,CÔNG TY TNHH TRUYỀN THÔNG REDFOX NETWORKS,QUYẾT ĐỊNH PHÁT HÀNH TRÒ CHƠI ĐIỆN TỬ G1 TRÊN MẠNG,2025-01-21,Giấy phép (ABEI),83/QĐ-BTTTT,valid,https://giayphep.abei.gov.vn/
reflective-english.vn,CÔNG TY CỔ PHẦN TRI PHÚC TÂM,Website - Trang TTĐT tổng hợp,,Giấy phép (TVPL PDF),,valid,
regz.com.vn,CÔNG TY CỔ PHẦN REGZ GAMES,QUYẾT ĐỊNH PHÁT HÀNH TRÒ CHƠI ĐIỆN TỬ G1 TRÊN MẠNG,2022-09-30,Giấy phép (ABEI),1838/QĐ-BTTTT,valid,https://giayphep.abei.gov.vn/
www.regz.vn,CÔNG TY CỔ PHẦN REGZ GAMES,QUYẾT ĐỊNH PHÁT HÀNH TRÒ CHƠI ĐIỆN TỬ G1 TRÊN MẠNG,2022-09-30,Giấy phép (ABEI),1838/QĐ-BTTTT,valid,https://giayphep.abei.gov.vn/
regz.vn,CÔNG TY CỔ PHẦN REGZ GAMES,QUYẾT ĐỊNH PHÁT HÀNH TRÒ CHƠI ĐIỆN TỬ G1 TRÊN MẠNG,2021-11-18,Giấy phép (ABEI),1850/QĐ-BTTTT,valid,https://giayphep.abei.gov.vn/
rehabvietnam.vn,"Công ty TNHH tư vấn, thương mại và dịch vụ khoa học kỹ thuật TRANSMED",Website - Trang TTĐT tổng hợp,,Giấy phép (TVPL PDF),,valid,
reic.vn,Công ty TNHH Reic,Website - Trang mạng xã hội,,Giấy phép (TVPL PDF),,valid,
relife.vn,Công ty TNHH Truyền thông BCD,Website - Trang TTĐT tổng hợp,,Giấy phép (TVPL PDF),,valid,
remaps.vn,CÔNG TY CỔ PHẦN REMAPS,GIẤY PHÉP CUNG CẤP DỊCH VỤ MẠNG XÃ HỘI,2022-12-13,Giấy phép (ABEI),592/GP-BTTTT,valid,https://giayphep.abei.gov.vn/
remonster.vn,CÔNG TY TNHH FUJI CÔNG NGHỆ VÀ TRUYỀN THÔNG,QUYẾT ĐỊNH PHÁT HÀNH TRÒ CHƠI ĐIỆN TỬ G1 TRÊN MẠNG,2017-06-19,Giấy phép (ABEI),951/QĐ-BTTTT,valid,https://giayphep.abei.gov.vn/
revelation.vnggames.com,CÔNG TY CỔ PHẦN VNG,QUYẾT ĐỊNH PHÁT HÀNH TRÒ CHƠI ĐIỆN TỬ G1 TRÊN MẠNG,2022-11-16,Giấy phép (ABEI),2100/QĐ-BTTTT,invalid,https://giayphep.abei.gov.vn/
reviewbatdongsan.vn,CÔNG TY CỔ PHẦN GIẢI PHÁP ĐẦU TƯ SÀI GÒN,GIẤY PHÉP CUNG CẤP DỊCH VỤ MẠNG XÃ HỘI,2019-10-09,Giấy phép (ABEI),427/GP-BTTTT,valid,https://giayphep.abei.gov.vn/
rezz.vn,CÔNG TY CỔ PHẦN REGZ GAMES,QUYẾT ĐỊNH PHÁT HÀNH TRÒ CHƠI ĐIỆN TỬ G1 TRÊN MẠNG,2022-07-25,Giấy phép (ABEI),1435/QĐ-BTTTT,valid,https://giayphep.abei.gov.vn/
rfd.gov.vn,Cục Tần số vô tuyến điện,Website - Trang TTĐT tổng hợp,,Giấy phép (TVPL PDF),,valid,
arfm.gov.vn,Cục Tần số vô tuyến điện,Website - Trang TTĐT tổng hợp,,Giấy phép (TVPL PDF),,valid,
www.arfm.gov.vn,CỤC TẦN SỐ VÔ TUYẾN ĐIỆN,GIẤY PHÉP THIẾT LẬP TRANG THÔNG TIN ĐIỆN TỬ TỔNG HỢP,2015-03-11,Giấy phép (ABEI),17/GP-TTĐT,invalid,https://giayphep.abei.gov.vn/
www.cuctanso.vn,CỤC TẦN SỐ VÔ TUYẾN ĐIỆN,GIẤY PHÉP THIẾT LẬP TRANG THÔNG TIN ĐIỆN TỬ TỔNG HỢP,2015-03-11,Giấy phép (ABEI),17/GP-TTĐT,invalid,https://giayphep.abei.gov.vn/
rg.vn,Báo Đắk Nông,"Website - Báo, tạp chí điện tử",,Giấy phép (TVPL PDF),,valid,
ri.thienthuonghoa.com,CÔNG TY CỔ PHẦN GIẢI TRÍ THIÊN THƯỢNG HỎA,QUYẾT ĐỊNH PHÁT HÀNH TRÒ CHƠI ĐIỆN TỬ G1 TRÊN MẠNG,2020-11-20,Giấy phép (ABEI),2020/QĐ-BTTTT,valid,https://giayphep.abei.gov.vn/
ringring.vn,Công ty Cổ phần Bạch Minh,Website - Trang TTĐT tổng hợp,,Giấy phép (TVPL PDF),,valid,
rinhlocvang.vn,Công ty Cổ phần Mobi-One,Website - Trang TTĐT tổng hợp,,Giấy phép (TVPL PDF),,valid,
rinz.vn,Công ty CP Giải pháp công nghệ ESol,Website - Trang mạng xã hội,,Giấy phép (TVPL PDF),,valid,
riseofarks.vn,CÔNG TY CỔ PHẦN GIẢI PHÁP SỐ VISION NETWORK VIỆT NAM,QUYẾT ĐỊNH PHÁT HÀNH TRÒ CHƠI ĐIỆN TỬ G1 TRÊN MẠNG,2024-11-19,Giấy phép (ABEI),2008/QĐ-BTTTT,valid,https://giayphep.abei.gov.vn/
riseofkingdoms.gamota.com,CÔNG TY CỔ PHẦN GAMOTA,QUYẾT ĐỊNH PHÁT HÀNH TRÒ CHƠI ĐIỆN TỬ G1 TRÊN MẠNG,2021-11-01,Giấy phép (ABEI),1731 /QĐ-BTTTT,valid,https://giayphep.abei.gov.vn/
riviu.vn,CÔNG TY TNHH RIVICO,GIẤY PHÉP CUNG CẤP DỊCH VỤ MẠNG XÃ HỘI,2020-11-17,Giấy phép (ABEI),528/GP-BTTTT,valid,https://giayphep.abei.gov.vn/
ro.thsgame.com.vn,CÔNG TY CỔ PHẦN THS GAME,QUYẾT ĐỊNH PHÁT HÀNH TRÒ CHƠI ĐIỆN TỬ G1 TRÊN MẠNG,2026-05-06,Giấy phép (ABEI),233 /QĐ-PTTH&TTĐT,valid,https://giayphep.abei.gov.vn/
ro.vtcgame.vn,CÔNG TY VTC CÔNG NGHỆ VÀ NỘI DUNG SỐ,QUYẾT ĐỊNH PHÁT HÀNH TRÒ CHƠI ĐIỆN TỬ G1 TRÊN MẠNG,2021-03-26,Giấy phép (ABEI),381/QĐ-BTTTT,invalid,https://giayphep.abei.gov.vn/
ro3.vn,CÔNG TY CỔ PHẦN SOLAPLAY,QUYẾT ĐỊNH PHÁT HÀNH TRÒ CHƠI ĐIỆN TỬ G1 TRÊN MẠNG,2026-05-15,Giấy phép (ABEI),246/QĐ-PTTH&TTĐT,valid,https://giayphep.abei.gov.vn/
roam.vn,Trung tâm Viễn thông quốc tế Mobifone - Chi nhánh Tổng Công ty Viễn thông Mobifone,Website - Trang TTĐT tổng hợp,,Giấy phép (TVPL PDF),,valid,
robocon.com.vn,CÔNG TY CỔ PHẦN CÔNG NGHỆ VÀ THƯƠNG MẠI GREENLIFE,GIẤY PHÉP CUNG CẤP DỊCH VỤ MẠNG XÃ HỘI,2017-08-09,Giấy phép (ABEI),388/GP-BTTTT,valid,https://giayphep.abei.gov.vn/
roe.hhgame.vn,CÔNG TY CỔ PHẦN PHÁT TRIỂN CÔNG NGHỆ SỐ HỒNG HÀ,QUYẾT ĐỊNH PHÁT HÀNH TRÒ CHƠI ĐIỆN TỬ G1 TRÊN MẠNG,2021-07-20,Giấy phép (ABEI),1029/QĐ-BTTTT,invalid,https://giayphep.abei.gov.vn/
rofile.php,Báo Thái Nguyên,MXH - Cơ quan báo chí,,Giấy phép (TVPL PDF),,valid,
rohanm.vtcgame.vn,CÔNG TY VTC CÔNG NGHỆ VÀ NỘI DUNG SỐ,QUYẾT ĐỊNH PHÁT HÀNH TRÒ CHƠI ĐIỆN TỬ G1 TRÊN MẠNG,2020-07-10,Giấy phép (ABEI),1163 /QĐ-BTTTT,invalid,https://giayphep.abei.gov.vn/
rok.gamota.com,CÔNG TY CỔ PHẦN GAMOTA,QUYẾT ĐỊNH PHÁT HÀNH TRÒ CHƠI ĐIỆN TỬ G1 TRÊN MẠNG,2020-01-10,Giấy phép (ABEI),48 /QĐ-BTTTT,valid,https://giayphep.abei.gov.vn/
rok.vtcgame.vn,CÔNG TY VTC CÔNG NGHỆ VÀ NỘI DUNG SỐ,QUYẾT ĐỊNH PHÁT HÀNH TRÒ CHƠI ĐIỆN TỬ G1 TRÊN MẠNG,2019-03-25,Giấy phép (ABEI),365/QĐ-BTTTT,invalid,https://giayphep.abei.gov.vn/
rong3q.gosu.vn,CÔNG TY CỔ PHẦN TRỰC TUYẾN GOSU,QUYẾT ĐỊNH PHÁT HÀNH TRÒ CHƠI ĐIỆN TỬ G1 TRÊN MẠNG,2019-03-27,Giấy phép (ABEI),451/QĐ-BTTTT,invalid,https://giayphep.abei.gov.vn/
rongchien.vn,CÔNG TY TNHH ĐẦU TƯ BẢO NINH,QUYẾT ĐỊNH PHÁT HÀNH TRÒ CHƠI ĐIỆN TỬ G1 TRÊN MẠNG,2018-04-20,Giấy phép (ABEI),575/QĐ-BTTTT,valid,https://giayphep.abei.gov.vn/
rongthan.vn,CÔNG TY CỔ PHẦN ACE GAME,QUYẾT ĐỊNH PHÁT HÀNH TRÒ CHƠI ĐIỆN TỬ G1 TRÊN MẠNG,2021-07-20,Giấy phép (ABEI),1027/QĐ-BTTTT,valid,https://giayphep.abei.gov.vn/
rongthansieucap.vn,CÔNG TY CỔ PHẦN ACE GAME,QUYẾT ĐỊNH PHÁT HÀNH TRÒ CHƠI ĐIỆN TỬ G1 TRÊN MẠNG,2023-03-31,Giấy phép (ABEI),506/QĐ-BTTTT,valid,https://giayphep.abei.gov.vn/
ros.com.vn,CÔNG TY TNHH NỘI DUNG SỐ NGUYÊN BẢO,QUYẾT ĐỊNH PHÁT HÀNH TRÒ CHƠI ĐIỆN TỬ G1 TRÊN MẠNG,2018-02-09,Giấy phép (ABEI),206/QĐ-BTTTT,valid,https://giayphep.abei.gov.vn/
ros.hhgame.vn,CÔNG TY CỔ PHẦN PHÁT TRIỂN CÔNG NGHỆ SỐ HỒNG HÀ,QUYẾT ĐỊNH PHÁT HÀNH TRÒ CHƠI ĐIỆN TỬ G1 TRÊN MẠNG,2021-08-17,Giấy phép (ABEI),1232 /QĐ-BTTTT,valid,https://giayphep.abei.gov.vn/
row.360game.vn,CÔNG TY CỔ PHẦN VNG,QUYẾT ĐỊNH PHÁT HÀNH TRÒ CHƠI ĐIỆN TỬ G1 TRÊN MẠNG,2016-12-14,Giấy phép (ABEI),2221/QĐ-BTTTT,invalid,https://giayphep.abei.gov.vn/
royalfish.zagoo.vn,CÔNG TY TNHH ZIE ,QUYẾT ĐỊNH PHÁT HÀNH TRÒ CHƠI ĐIỆN TỬ G1 TRÊN MẠNG,2026-02-13,Giấy phép (ABEI),100/QĐ-PTTH&TTĐT,invalid,https://giayphep.abei.gov.vn/
royalfish.zalogames.me,CÔNG TY TNHH ZIE,QUYẾT ĐỊNH PHÁT HÀNH TRÒ CHƠI ĐIỆN TỬ G1 TRÊN MẠNG,2026-05-18,Giấy phép (ABEI),254/QĐ-PTTH&TTĐT,valid,https://giayphep.abei.gov.vn/
rrsd.org.vn,TẠP CHÍ PHÁT TRIỂN BỀN VỮNG VÙNG,GIẤY PHÉP THIẾT LẬP TRANG THÔNG TIN ĐIỆN TỬ TỔNG HỢP,2020-12-03,Giấy phép (ABEI),233/GP-TTĐT,valid,https://giayphep.abei.gov.vn/
rs.vn,Cấp Công ty TNHH Samsung Electronics Việt Nam Thái Nguyên,Website - Trang mạng xã hội,,Giấy phép (TVPL PDF),,valid,
rsc.gov.vn,Cục Viễn thám quốc gia,Website - Trang TTĐT tổng hợp,,Giấy phép (TVPL PDF),,valid,
nrsd.gov.vn,Cục Viễn thám quốc gia,Website - Trang TTĐT tổng hợp,,Giấy phép (TVPL PDF),,valid,
rt.com.vn,Đài Phát thanh và Truyền hình tỉnh Thừa Thiên Huế,MXH - Đài Phát thanh Truyền hình,,Giấy phép (TVPL PDF),,valid,
rtcv.gamota.com,CÔNG TY CỔ PHẦN GAMOTA ,QUYẾT ĐỊNH PHÁT HÀNH TRÒ CHƠI ĐIỆN TỬ G1 TRÊN MẠNG,2026-01-30,Giấy phép (ABEI),36/QĐ-PTTH&TTĐT,valid,https://giayphep.abei.gov.vn/
rts.com.vn,"TRUNG TÂM ĐO KIỂM VÀ DỊCH VỤ PHÁT THANH, TRUYỀN HÌNH",GIẤY PHÉP THIẾT LẬP TRANG THÔNG TIN ĐIỆN TỬ TỔNG HỢP,2013-05-17,Giấy phép (ABEI),66/GP-TTĐT,invalid,https://giayphep.abei.gov.vn/
ru.nhandan.com.vn,Báo Nhân dân,"Website - Báo, tạp chí điện tử",,Giấy phép (TVPL PDF),,valid,
ru.nhandan.org.vn,Báo Nhân dân,"Website - Báo, tạp chí điện tử",,Giấy phép (TVPL PDF),,valid,
runmobi.vn,Công ty TNHH Công nghệ và truyền thông Bình Minh,Website - Trang TTĐT tổng hợp,,Giấy phép (TVPL PDF),,valid,
ruyenhinh.baotuoitre,Báo Tuổi Trẻ,MXH - Cơ quan báo chí,,Giấy phép (TVPL PDF),,valid,
s.cover,Công ty TNHH Vietnam Music Award,"MXH - Cá nhân, tổ chức",,Giấy phép (TVPL PDF),,valid,
s.nonstopremix,Công ty TNHH Vietnam Music Award,"MXH - Cá nhân, tổ chức",,Giấy phép (TVPL PDF),,valid,
s.onthemic,Công ty TNHH Vietnam Music Award,"MXH - Cá nhân, tổ chức",,Giấy phép (TVPL PDF),,valid,
s.vn,Tạp chí Năng lượng mới Hội Dầu khí Việt Nam,"Website - Báo, tạp chí điện tử",,Giấy phép (TVPL PDF),,valid,
dulich.petrotimes.vn,Tạp chí Năng lượng mới Hội Dầu khí Việt Nam,"Website - Báo, tạp chí điện tử",,Giấy phép (TVPL PDF),,valid,
sacdeponline.vn,Công ty TNHH Truyền thông VINAART,Website - Trang TTĐT tổng hợp,,Giấy phép (TVPL PDF),,valid,
sachtot.vn,CÔNG TY CỔ PHẦN TRUYỀN THÔNG QUẢ CHANH,GIẤY PHÉP CUNG CẤP DỊCH VỤ MẠNG XÃ HỘI,2017-09-26,Giấy phép (ABEI),463/GP-BTTTT,valid,https://giayphep.abei.gov.vn/
saga.vn,CÔNG TY CỔ PHẦN DỊCH VỤ VIỄN THÔNG LP,GIẤY PHÉP CUNG CẤP DỊCH VỤ MẠNG XÃ HỘI,2020-01-20,Giấy phép (ABEI),32/GP-BTTTT,valid,https://giayphep.abei.gov.vn/
sahagame.vn,CÔNG TY CỔ PHẦN VCCORP,QUYẾT ĐỊNH PHÁT HÀNH TRÒ CHƠI ĐIỆN TỬ G1 TRÊN MẠNG,2017-11-13,Giấy phép (ABEI),1970/QĐ-BTTTT,invalid,https://giayphep.abei.gov.vn/
sahdc.duo.vn,CÔNG TY CỔ PHẦN TRỰC TUYẾN DUO,QUYẾT ĐỊNH PHÁT HÀNH TRÒ CHƠI ĐIỆN TỬ G1 TRÊN MẠNG,2024-08-02,Giấy phép (ABEI),1300/QĐ-BTTTT,valid,https://giayphep.abei.gov.vn/
saigon247.com.vn,Công ty Cổ phần Truyền thông Doanh nghiệp-Doanh nhân và Thương hiệu,Website - Trang TTĐT tổng hợp,,Giấy phép (TVPL PDF),,valid,
saigonamthuc.thanhnien.co,Báo Thanh niên,"Website - Báo, tạp chí điện tử",,Giấy phép (TVPL PDF),,valid,
saigonanuong.vn,Công ty Cổ phần Sài gòn Ẩm thực - Thông tin,Website - Trang mạng xã hội,,Giấy phép (TVPL PDF),,valid,
saigonbiz.com.vn,Công ty TNHH MTV Trực tuyến Sài Gòn Kinh thương,Website - Trang mạng xã hội,,Giấy phép (TVPL PDF),,valid,
saigonco-op.com.vn,LIÊN HIỆP HTX THƯƠNG MẠI TPHCM,Website - Trang TTĐT tổng hợp,,Giấy phép (TVPL PDF),,valid,
saigonday.vn,Công ty TNHH Sài Gòn Đây,Website - Trang TTĐT tổng hợp,,Giấy phép (TVPL PDF),,valid,
saigonpress.vn,Công ty Cổ phần Saigon Media,Website - Trang TTĐT tổng hợp,,Giấy phép (TVPL PDF),,valid,
saigonthethao.vn,Công ty Cổ phần Đầu tư và Phát triển Thể Thao Sài Gòn,Website - Trang TTĐT tổng hợp,,Giấy phép (TVPL PDF),,valid,
saigontre.vn,Công ty TNHH Truyền thông Pháp luật Thị trường,Website - Trang TTĐT tổng hợp,,Giấy phép (TVPL PDF),,valid,
salaa.vn,Công ty Cổ phần ONTEL,Website - Trang TTĐT tổng hợp,,Giấy phép (TVPL PDF),,valid,
samco.vn,Tổng Công ty Cơ khí Giao thông vận tải Sài Gòn TNHH MTV,Website - Trang TTĐT tổng hợp,,Giấy phép (TVPL PDF),,valid,
samkoktamquoc.vplay.vn,CÔNG TY CỔ PHẦN TRUYỀN HÌNH TƯƠNG TÁC VIỆT NAM,QUYẾT ĐỊNH PHÁT HÀNH TRÒ CHƠI ĐIỆN TỬ G1 TRÊN MẠNG,2026-01-30,Giấy phép (ABEI),41/QĐ-PTTH&TTĐT,valid,https://giayphep.abei.gov.vn/
samurai-idle.vn,CÔNG TY TNHH NỘI DUNG SỐ NGUYÊN BẢO,QUYẾT ĐỊNH PHÁT HÀNH TRÒ CHƠI ĐIỆN TỬ G1 TRÊN MẠNG,2020-05-13,Giấy phép (ABEI),797/QĐ-BTTTT,valid,https://giayphep.abei.gov.vn/
samuraishodown.com.vn,CÔNG TY CỔ PHẦN TẬP ĐOÀN VNG,QUYẾT ĐỊNH PHÁT HÀNH TRÒ CHƠI ĐIỆN TỬ G1 TRÊN MẠNG,2020-08-14,Giấy phép (ABEI),1396 /QĐ-BTTTT,valid,https://giayphep.abei.gov.vn/
sancohuyenthoai.vn,CÔNG TY CỔ PHẦN GIẢI TRÍ VÀ THỂ THAO ĐIỆN TỬ VIỆT NAM,QUYẾT ĐỊNH PHÁT HÀNH TRÒ CHƠI ĐIỆN TỬ G1 TRÊN MẠNG,2021-05-24,Giấy phép (ABEI),692/QĐ-BTTTT,invalid,https://giayphep.abei.gov.vn/
sangkiencongdong.vn,Sở KH&CN TP.HCM,Website - Trang TTĐT tổng hợp,,Giấy phép (TVPL PDF),,valid,
socialideas.vn,TẠP CHÍ KHÁM PHÁ,GIẤY PHÉP THIẾT LẬP TRANG THÔNG TIN ĐIỆN TỬ TỔNG HỢP,2017-04-17,Giấy phép (ABEI),105/GP-TTĐT,valid,https://giayphep.abei.gov.vn/
sangtao.funring.vn,TRUNG TÂM DỊCH VỤ ĐA PHƯƠNG TIỆN VÀ GIÁ TRỊ GIA TĂNG MOBIFONE - TỔNG CÔNG TY VIỄN THÔNG MOBIFONE,GIẤY PHÉP CUNG CẤP DỊCH VỤ MẠNG XÃ HỘI,2017-10-30,Giấy phép (ABEI),530/GP-BTTTT,valid,https://giayphep.abei.gov.vn/
sangtaovietnam.vn,HIỆP HỘI NHỮNG NGƯỜI LAO ĐỘNG SÁNG TẠO VIỆT NAM,GIẤY PHÉP THIẾT LẬP TRANG THÔNG TIN ĐIỆN TỬ TỔNG HỢP,2020-09-17,Giấy phép (ABEI),171/GP-TTĐT,valid,https://giayphep.abei.gov.vn/
sankhau.com.vn,HỘI NGHỆ SĨ SÂN KHẤU VIỆT NAM,GIẤY PHÉP THIẾT LẬP TRANG THÔNG TIN ĐIỆN TỬ TỔNG HỢP,2018-02-07,Giấy phép (ABEI),32/GP-TTĐT,invalid,https://giayphep.abei.gov.vn/
sankhuyenmai.mobi,Công ty TNHH Giải trí và Truyền thông Online Việt Nam,Website - Trang TTĐT tổng hợp,,Giấy phép (TVPL PDF),,valid,
sanlocvang.com.vn,Công ty TNHH Đầu tư và Phát triển Công nghệ Trúc Bạch,Website - Trang TTĐT tổng hợp,,Giấy phép (TVPL PDF),,valid,
sannhac.com,Công ty Cổ phần Vccorp,Website - Trang mạng xã hội,,Giấy phép (TVPL PDF),,valid,
sannhac.com.vn,Công ty Cổ phần Vccorp,Website - Trang mạng xã hội,,Giấy phép (TVPL PDF),,valid,
sanrongbac.vn,CÔNG TY TNHH DỊCH VỤ TRỰC TUYẾN HOÀNG LINH,"GIẤY XÁC NHẬN THÔNG BÁO PHÁT HÀNH TRÒ CHƠI ĐIỆN TỬ G2,G3,G4",2018-12-27,Giấy phép (ABEI),319/GXN-PTTH&TTĐT,valid,https://giayphep.abei.gov.vn/
sanrongvang.vn,CÔNG TY TNHH DỊCH VỤ TRỰC TUYẾN HOÀNG LINH,QUYẾT ĐỊNH PHÁT HÀNH TRÒ CHƠI ĐIỆN TỬ G1 TRÊN MẠNG,2018-03-08,Giấy phép (ABEI),314/QĐ-BTTTT,valid,https://giayphep.abei.gov.vn/
sanxinha.com.vn,CÔNG TY TNHH CHỨNG KHOÁN SHINHAN VIỆT NAM,GIẤY PHÉP CUNG CẤP DỊCH VỤ MẠNG XÃ HỘI,2024-12-11,Giấy phép (ABEI),375/GP-BTTTT,valid,https://giayphep.abei.gov.vn/
sao.baophapluat.vn,Báo Pháp luật Việt Nam,"Website - Báo, tạp chí điện tử",,Giấy phép (TVPL PDF),,valid,
sao247.vn,Công ty TNHH AC Hà Nội Entertaiment,Website - Trang TTĐT tổng hợp,,Giấy phép (TVPL PDF),,valid,
saobiz.vn,CÔNG TY CP CN TRUYỀN THÔNG VÀ GIẢI TRÍ BEE,Website - Trang TTĐT tổng hợp,,Giấy phép (TVPL PDF),,valid,
saodoanhnhan.com,Công ty CP Itoday,Website - Trang TTĐT tổng hợp,,Giấy phép (TVPL PDF),,valid,
saomaitelecom.vn,CÔNG TY CỔ PHẦN DỊCH VỤ VIỄN THÔNG SAO MAI,QUYẾT ĐỊNH PHÁT HÀNH TRÒ CHƠI ĐIỆN TỬ G1 TRÊN MẠNG,2016-06-13,Giấy phép (ABEI),1019/QĐ-BTTTT,invalid,https://giayphep.abei.gov.vn/
saophatngon.vn,Công ty TNHH Quảng cáo Nhân Tố Mới (saophatngon.net),Website - Trang TTĐT tổng hợp,,Giấy phép (TVPL PDF),,valid,
saoplus.vn,Công ty Cổ phần truyền thông Xin chào,Website - Trang TTĐT tổng hợp,,Giấy phép (TVPL PDF),,valid,
saoshowbiz.com.vn,CÔNG TY CỔ PHẦN NTCORP,Website - Trang TTĐT tổng hợp,,Giấy phép (TVPL PDF),,valid,
saostar.vn,Tạp chí điện tử Saostar,"Website - Báo, tạp chí điện tử",,Giấy phép (TVPL PDF),,valid,
saothaiduong.com.vn,Công ty Cổ phần Sao Thái Dương,Website - Trang TTĐT tổng hợp,,Giấy phép (TVPL PDF),,valid,
saovietonline.vn,Công ty TNHH Công nghệ truyền thông Hoàng Gia,Website - Trang TTĐT tổng hợp,,Giấy phép (TVPL PDF),,valid,
saovui.vn,CÔNG TY CỔ PHẦN SOCIAL8 ASIA,GIẤY PHÉP CUNG CẤP DỊCH VỤ MẠNG XÃ HỘI,2017-08-16,Giấy phép (ABEI),397/GP-BTTTT,valid,https://giayphep.abei.gov.vn/
sapatourism.gov.vn,TRUNG TÂM THÔNG TIN DU LỊCH TỈNH LÀO CAI,GIẤY PHÉP THIẾT LẬP TRANG THÔNG TIN ĐIỆN TỬ TỔNG HỢP,2015-10-26,Giấy phép (ABEI),152/GPSĐSB-TTĐT,invalid,https://giayphep.abei.gov.vn/
sautinhnghich.vtcgame.vn,CÔNG TY VTC CÔNG NGHỆ VÀ NỘI DUNG SỐ,QUYẾT ĐỊNH PHÁT HÀNH TRÒ CHƠI ĐIỆN TỬ G1 TRÊN MẠNG,2022-04-20,Giấy phép (ABEI),727/QĐ-BTTTT,invalid,https://giayphep.abei.gov.vn/
sawaco.com.vn,TỔNG CÔNG TY CẤP NƯỚC SÀI GÒN-TNHH MTV,Website - Trang TTĐT tổng hợp,,Giấy phép (TVPL PDF),,valid,
sayhitamquoc.sohagame.vn,CÔNG TY TNHH SOHA,QUYẾT ĐỊNH PHÁT HÀNH TRÒ CHƠI ĐIỆN TỬ G1 TRÊN MẠNG,2025-12-31,Giấy phép (ABEI),601/QĐ-PTTH&TTĐT,invalid,https://giayphep.abei.gov.vn/
sayyoudo.vn,CÔNG TY TNHH TRUYỀN THÔNG GIẢI TRÍ TRANG KIM,GIẤY PHÉP CUNG CẤP DỊCH VỤ MẠNG XÃ HỘI,2021-02-08,Giấy phép (ABEI),95/GP-BTTTT,valid,https://giayphep.abei.gov.vn/
sbvamc.com.vn,Công ty TNHH MTV Quản lý tài sản của các tổ chức tín dụng Việt Nam,Website - Trang TTĐT tổng hợp,,Giấy phép (TVPL PDF),,valid,
sbvamc.vn,Công ty TNHH MTV Quản lý tài sản của các tổ chức tín dụng Việt Nam,Website - Trang TTĐT tổng hợp,,Giấy phép (TVPL PDF),,valid,
vamc.org.vn,Công ty TNHH MTV Quản lý tài sản của các tổ chức tín dụng Việt Nam,Website - Trang TTĐT tổng hợp,,Giấy phép (TVPL PDF),,valid,
scall.vn,Công ty Cổ phần Công nghệ Truyền thông Tân Phong,Website - Trang TTĐT tổng hợp,,Giấy phép (TVPL PDF),,valid,
scarletgirls.vn,CÔNG TY CỔ PHẦN ĐẦU TƯ CÔNG NGHỆ VISION INVEST,QUYẾT ĐỊNH PHÁT HÀNH TRÒ CHƠI ĐIỆN TỬ G1 TRÊN MẠNG,2025-01-17,Giấy phép (ABEI),63/QĐ-BTTTT,invalid,https://giayphep.abei.gov.vn/
schoolisting.vn,Công ty TNHH SCHOOLISTING,Website - Trang mạng xã hội,,Giấy phép (TVPL PDF),,valid,
sclip.vn,Công ty TNHH Công nghệ và dịch vụ truyền thông 2FMedia,Website - Trang TTĐT tổng hợp,,Giấy phép (TVPL PDF),,valid,
scp.gov.vn,VỤ TIẾT KIỆM NĂNG LƯỢNG VÀ PHÁT TRIỂN BỀN VỮNG,GIẤY PHÉP THIẾT LẬP TRANG THÔNG TIN ĐIỆN TỬ TỔNG HỢP,2019-03-12,Giấy phép (ABEI),43/GP-TTĐT,valid,https://giayphep.abei.gov.vn/
scp.vn,Công ty TNHH Trung tâm sản xuất sạch hơn Việt Nam,Website - Trang TTĐT tổng hợp,,Giấy phép (TVPL PDF),,valid,
sct.daknong.gov.vn,SỞ CÔNG THƯƠNG TỈNH ĐẮK NÔNG,GIẤY PHÉP THIẾT LẬP TRANG THÔNG TIN ĐIỆN TỬ TỔNG HỢP,2013-05-07,Giấy phép (ABEI),60/GP-TTĐT,invalid,https://giayphep.abei.gov.vn/
se.sungame.vn,CÔNG TY CỔ PHẦN GIẢI TRÍ TRỰC TUYẾN SUNGAME,QUYẾT ĐỊNH PHÁT HÀNH TRÒ CHƠI ĐIỆN TỬ G1 TRÊN MẠNG,2020-12-07,Giấy phép (ABEI),2147/QĐ-BTTTT,valid,https://giayphep.abei.gov.vn/
seaofconquest.hhgame.vn,CÔNG TY CỔ PHẦN PHÁT TRIỂN CÔNG NGHỆ SỐ HỒNG HÀ,QUYẾT ĐỊNH PHÁT HÀNH TRÒ CHƠI ĐIỆN TỬ G1 TRÊN MẠNG,2024-06-10,Giấy phép (ABEI),947/QĐ-BTTTT,valid,https://giayphep.abei.gov.vn/
seatimes.com.vn,TẠP CHÍ ĐÔNG NAM Á,GIẤY PHÉP THIẾT LẬP TRANG THÔNG TIN ĐIỆN TỬ TỔNG HỢP,2018-10-09,Giấy phép (ABEI),256/GP-TTĐT,valid,https://giayphep.abei.gov.vn/
sectorx.funtap.games,CÔNG TY CỔ PHẦN FUNTAP GAMES ,QUYẾT ĐỊNH PHÁT HÀNH TRÒ CHƠI ĐIỆN TỬ G1 TRÊN MẠNG,2026-04-03,Giấy phép (ABEI),175/QĐ-PTTH&TTĐT,valid,https://giayphep.abei.gov.vn/
seea.vn,HỘI ĐIỆN LỰC MIỀN NAM,GIẤY PHÉP THIẾT LẬP TRANG THÔNG TIN ĐIỆN TỬ TỔNG HỢP,2016-12-14,Giấy phép (ABEI),252/GP-TTĐT,invalid,https://giayphep.abei.gov.vn/
seeme.vn,CÔNG TY CỔ PHẦN PERFIN,GIẤY PHÉP CUNG CẤP DỊCH VỤ MẠNG XÃ HỘI,2021-05-11,Giấy phép (ABEI),254/GP-BTTTT,valid,https://giayphep.abei.gov.vn/
sentrip.vn,CÔNG TY CỔ PHẦN ĐẦU TƯ VÀ PHÁT TRIỂN CÔNG NGHỆ TRUYỀN THÔNG NAM VIỆT,GIẤY PHÉP CUNG CẤP DỊCH VỤ MẠNG XÃ HỘI,2022-12-13,Giấy phép (ABEI),591/GP-BTTTT,valid,https://giayphep.abei.gov.vn/
seomxh.com,Công ty Cổ phần Truyền thông Seomxh Việt Nam,Website - Trang mạng xã hội,,Giấy phép (TVPL PDF),,valid,
seomxh.com.vn,Công ty Cổ phần Truyền thông Seomxh Việt Nam,Website - Trang mạng xã hội,,Giấy phép (TVPL PDF),,valid,
sepoigetgo.hhgame.vn,CÔNG TY CỔ PHẦN PHÁT TRIỂN CÔNG NGHỆ SỐ HỒNG HÀ,QUYẾT ĐỊNH PHÁT HÀNH TRÒ CHƠI ĐIỆN TỬ G1 TRÊN MẠNG,2024-02-05,Giấy phép (ABEI),137/QĐ-BTTTT,valid,https://giayphep.abei.gov.vn/
sg247.com.vn,CÔNG TY CỔ PHẦN TRUYỀN THÔNG DOANH NHÂN SÀI GÒN 247,GIẤY PHÉP CUNG CẤP DỊCH VỤ MẠNG XÃ HỘI,2019-09-30,Giấy phép (ABEI),413/GP-BTTTT,valid,https://giayphep.abei.gov.vn/
sgcmedia.net.vn,CÔNG TY CỔ PHẦN TRUYỀN THÔNG SGC VIỆT NAM,QUYẾT ĐỊNH PHÁT HÀNH TRÒ CHƠI ĐIỆN TỬ G1 TRÊN MẠNG,2020-07-14,Giấy phép (ABEI),1190/QĐ-BTTTT,valid,https://giayphep.abei.gov.vn/
sgo.net.vn,Công ty Cổ phần INET,Website - Trang TTĐT tổng hợp,,Giấy phép (TVPL PDF),,valid,
sgst.vn,CÔNG TY TNHH TRUYỀN THÔNG SÀI GÒN SÁNG TẠO,GIẤY PHÉP CUNG CẤP DỊCH VỤ MẠNG XÃ HỘI,2020-09-14,Giấy phép (ABEI),387/GP-BTTTT,valid,https://giayphep.abei.gov.vn/
sgtt.thesaigontimes.vn,Tạp chí Kinh tế Sài Gòn,"Website - Báo, tạp chí điện tử",,Giấy phép (TVPL PDF),,valid,
sgtvt.hochiminhcity.gov.vn,SỞ GIAO THÔNG VẬN TẢI TP.HCM,Website - Trang TTĐT tổng hợp,,Giấy phép (TVPL PDF),,valid,
sh.gamota.com,CÔNG TY CỔ PHẦN GAMOTA,QUYẾT ĐỊNH PHÁT HÀNH TRÒ CHƠI ĐIỆN TỬ G1 TRÊN MẠNG,2019-03-07,Giấy phép (ABEI),261/QĐ-BTTTT,valid,https://giayphep.abei.gov.vn/
sheis.vn,Công ty cổ phần Foody,Website - Trang mạng xã hội,,Giấy phép (TVPL PDF),,valid,
sheisbeauty.vn,Công ty Cổ phần Foody,Website - Trang TTĐT tổng hợp,,Giấy phép (TVPL PDF),,valid,
shidai.thoidai.com,Tạp chí Thời đại,"Website - Báo, tạp chí điện tử",,Giấy phép (TVPL PDF),,valid,
shinningnikki.playfun.vn,CÔNG TY CỔ PHẦN PHÁT TRIỂN CÔNG NGHỆ SỐ HỒNG HÀ,QUYẾT ĐỊNH PHÁT HÀNH TRÒ CHƠI ĐIỆN TỬ G1 TRÊN MẠNG,2023-10-06,Giấy phép (ABEI),1910/QĐ-BTTTT,valid,https://giayphep.abei.gov.vn/
shoagame.vn,CÔNG TY CỔ PHẦN VCCORP,QUYẾT ĐỊNH PHÁT HÀNH TRÒ CHƠI ĐIỆN TỬ G1 TRÊN MẠNG,2016-05-10,Giấy phép (ABEI),758/QĐ-BTTTT,invalid,https://giayphep.abei.gov.vn/
shogame.vn,CÔNG TY CỔ PHẦN VCCORP,QUYẾT ĐỊNH PHÁT HÀNH TRÒ CHƠI ĐIỆN TỬ G1 TRÊN MẠNG,2018-06-22,Giấy phép (ABEI),962/QĐ-BTTTT,invalid,https://giayphep.abei.gov.vn/
shooter.vn,CÔNG TY CỔ PHẦN GIẢI TRÍ TRỰC TUYẾN 3T,QUYẾT ĐỊNH PHÁT HÀNH TRÒ CHƠI ĐIỆN TỬ G1 TRÊN MẠNG,2024-12-03,Giấy phép (ABEI),2113/QĐ-BTTTT,valid,https://giayphep.abei.gov.vn/
showbiz.vn,Công ty TNHH Quảng cáo - Tư vấn - Tổ chức biểu diễn Cát Tiên Sa,Website - Trang TTĐT tổng hợp,,Giấy phép (TVPL PDF),,valid,
showbiz24h.vn,Công ty TNHH Thương mại và Dịch vụ quốc tế ATHENA,Website - Trang TTĐT tổng hợp,,Giấy phép (TVPL PDF),,valid,
showbizviet.com.vn,Công ty TNHH Giải trí và Truyền thông Online Việt Nam,Website - Trang TTĐT tổng hợp,,Giấy phép (TVPL PDF),,valid,
sht.regz.vn,CÔNG TY CỔ PHẦN REGZ GAMES,QUYẾT ĐỊNH PHÁT HÀNH TRÒ CHƠI ĐIỆN TỬ G1 TRÊN MẠNG,2022-12-23,Giấy phép (ABEI),2430/QĐ-BTTTT,valid,https://giayphep.abei.gov.vn/
shtpco.com.vn,Công ty TNHH MTV Phát Triển Khu Công nghệ cao TPHCM (shtpco.com),Website - Trang TTĐT tổng hợp,,Giấy phép (TVPL PDF),,valid,
shv3d.boomgames.vn,CÔNG TY CỔ PHẦN BOOM GAMES,QUYẾT ĐỊNH PHÁT HÀNH TRÒ CHƠI ĐIỆN TỬ G1 TRÊN MẠNG,2023-10-13,Giấy phép (ABEI),1979/QĐ-BTTTT,valid,https://giayphep.abei.gov.vn/
sieubanca.game365.vn,CÔNG TY CỔ PHẦN CÔNG NGHỆ KỸ THUẬT VTECH,QUYẾT ĐỊNH PHÁT HÀNH TRÒ CHƠI ĐIỆN TỬ G1 TRÊN MẠNG,2021-05-11,Giấy phép (ABEI),629/QĐ-BTTTT,valid,https://giayphep.abei.gov.vn/
sieucapgoplay.vn,CÔNG TY CỔ PHẦN VTC TRUYỀN THÔNG TRỰC TUYẾN,QUYẾT ĐỊNH PHÁT HÀNH TRÒ CHƠI ĐIỆN TỬ G1 TRÊN MẠNG,2021-01-15,Giấy phép (ABEI),47/QĐ-BTTTT,valid,https://giayphep.abei.gov.vn/
sieudaichien.vn,CÔNG TY TNHH VMGE,QUYẾT ĐỊNH PHÁT HÀNH TRÒ CHƠI ĐIỆN TỬ G1 TRÊN MẠNG,2024-10-18,Giấy phép (ABEI),1793/QĐ-BTTTT,valid,https://giayphep.abei.gov.vn/
sieudoichibi.mocgame.vn,CÔNG TY CỔ PHẦN TRÒ CHƠI MỘC,QUYẾT ĐỊNH PHÁT HÀNH TRÒ CHƠI ĐIỆN TỬ G1 TRÊN MẠNG,2020-07-10,Giấy phép (ABEI),1164 /QĐ-BTTTT,valid,https://giayphep.abei.gov.vn/
sieuhai.tv,Công ty Truyền thông Viettel - Chi nhanh Tập đoàn Viễn thông quân đội,Website - Trang mạng xã hội,,Giấy phép (TVPL PDF),,valid,
sieuhaitv.vn,Công ty Truyền thông Viettel - Chi nhanh Tập đoàn Viễn thông quân đội,Website - Trang mạng xã hội,,Giấy phép (TVPL PDF),,valid,
sieuhai.vn,Công ty Cổ phần Thương mại Kỹ thuật và dịch vụ Trường Thịnh,Website - Trang TTĐT tổng hợp,,Giấy phép (TVPL PDF),,valid,
sieuhaitac.vmgeplay.vn,CÔNG TY TNHH VMGE ,QUYẾT ĐỊNH PHÁT HÀNH TRÒ CHƠI ĐIỆN TỬ G1 TRÊN MẠNG,2026-02-06,Giấy phép (ABEI),54/QĐ-PTTH&TTĐT,valid,https://giayphep.abei.gov.vn/
sieuhaitrinh.vn,CÔNG TY CỔ PHẦN TRÒ CHƠI TIGER ,QUYẾT ĐỊNH PHÁT HÀNH TRÒ CHƠI ĐIỆN TỬ G1 TRÊN MẠNG,2026-03-17,Giấy phép (ABEI),134/QĐ-PTTH&TTĐT,valid,https://giayphep.abei.gov.vn/
sieusao.vn,Công ty TNHH Truyền thông Siêu Sao,Website - Trang TTĐT tổng hợp,,Giấy phép (TVPL PDF),,valid,
sieusaodaichien.vn,CÔNG TY CỔ PHẦN FUNTAP,QUYẾT ĐỊNH PHÁT HÀNH TRÒ CHƠI ĐIỆN TỬ G1 TRÊN MẠNG,2017-08-28,Giấy phép (ABEI),1414/QĐ-BTTTT,valid,https://giayphep.abei.gov.vn/
sieusaoninja.vn,CÔNG TY CỔ PHẦN TRỰC TUYỂN GOSU,QUYẾT ĐỊNH PHÁT HÀNH TRÒ CHƠI ĐIỆN TỬ G1 TRÊN MẠNG,2025-01-17,Giấy phép (ABEI),57/QĐ-BTTTT,invalid,https://giayphep.abei.gov.vn/
sieusaosanco.vn,CÔNG TY TNHH SOHA,QUYẾT ĐỊNH PHÁT HÀNH TRÒ CHƠI ĐIỆN TỬ G1 TRÊN MẠNG,2018-07-20,Giấy phép (ABEI),1211/QĐ-BTTTT,valid,https://giayphep.abei.gov.vn/
sieuthan.gosu.vn,CÔNG TY CỔ PHẦN TRỰC TUYẾN GOSU,QUYẾT ĐỊNH PHÁT HÀNH TRÒ CHƠI ĐIỆN TỬ G1 TRÊN MẠNG,2020-04-29,Giấy phép (ABEI),749 /QĐ-BTTTT,valid,https://giayphep.abei.gov.vn/
sieuthanchientuong.vn,CÔNG TY TNHH SOHA,QUYẾT ĐỊNH PHÁT HÀNH TRÒ CHƠI ĐIỆN TỬ G1 TRÊN MẠNG,2018-05-17,Giấy phép (ABEI),740/QĐ-BTTTT,valid,https://giayphep.abei.gov.vn/
sieuthanquansu.vn,CÔNG TY TNHH SOHA,QUYẾT ĐỊNH PHÁT HÀNH TRÒ CHƠI ĐIỆN TỬ G1 TRÊN MẠNG,2022-04-25,Giấy phép (ABEI),762/QĐ-BTTTT,valid,https://giayphep.abei.gov.vn/
sieuthanthu.vn,CÔNG TY CỔ PHẦN TRỰC TUYẾN DUO,QUYẾT ĐỊNH PHÁT HÀNH TRÒ CHƠI ĐIỆN TỬ G1 TRÊN MẠNG,2021-06-23,Giấy phép (ABEI),890 /QĐ-BTTTT,valid,https://giayphep.abei.gov.vn/
sieuthivieclam.vn,Trung tâm Dịch vụ Việc Làm Thanh niên TPHCM,Website - Trang TTĐT tổng hợp,,Giấy phép (TVPL PDF),,valid,
sieutienhoa.vn,CÔNG TY CỔ PHẦN TRỰC TUYỂN DUO,QUYẾT ĐỊNH PHÁT HÀNH TRÒ CHƠI ĐIỆN TỬ G1 TRÊN MẠNG,2022-03-29,Giấy phép (ABEI),566/QĐ-BTTTT,valid,https://giayphep.abei.gov.vn/
sihub.vn,Sở KH&CN TP.HCM,Website - Trang TTĐT tổng hợp,,Giấy phép (TVPL PDF),,valid,
doimoisangtao.vn,Sở KH&CN TP.HCM,Website - Trang TTĐT tổng hợp,,Giấy phép (TVPL PDF),,valid,
singkara.vn,Công ty cổ phần MOBI-ONE,Website - Trang mạng xã hội,,Giấy phép (TVPL PDF),,valid,
singlemom.net.vn,CÔNG TY CỔ PHẦN GIẢI TRÍ FREEDOM MIND,GIẤY PHÉP CUNG CẤP DỊCH VỤ MẠNG XÃ HỘI,2021-07-29,Giấy phép (ABEI),488/GP-BTTTT,valid,https://giayphep.abei.gov.vn/
sinhlucnam.vn,Cấp Công ty TNHH truyền thông Sức khỏe là vàng (sinhlucnam.vn),Website - Trang mạng xã hội,,Giấy phép (TVPL PDF),,valid,
sinhthainongnghiep.com.vn,Tạp chí điện tử Sinh thái nông nghiệp,"Website - Báo, tạp chí điện tử",,Giấy phép (TVPL PDF),,valid,
sinhthainongnghiep.net.vn,Tạp chí điện tử Sinh thái nông nghiệp,"Website - Báo, tạp chí điện tử",,Giấy phép (TVPL PDF),,valid,
sinhtumon.zingplay.com,Công ty TNHH ZingPlay Việt Nam,QUYẾT ĐỊNH PHÁT HÀNH TRÒ CHƠI ĐIỆN TỬ G1 TRÊN MẠNG,2025-10-30,Giấy phép (ABEI),483/QĐ-PTTH&TTĐT,invalid,https://giayphep.abei.gov.vn/
sinhviennoithat.vn,CÔNG TY TNHH QUẢNG CÁO ONG VÀNG,GIẤY PHÉP CUNG CẤP DỊCH VỤ MẠNG XÃ HỘI,2019-12-25,Giấy phép (ABEI),566/GP-BTTTT,valid,https://giayphep.abei.gov.vn/
sk360.vn,CÔNG TY TNHH TRUYỀN THÔNG SƠN TRÀ,GIẤY PHÉP CUNG CẤP DỊCH VỤ MẠNG XÃ HỘI,2023-09-28,Giấy phép (ABEI),359/GP-BTTTT,valid,https://giayphep.abei.gov.vn/
skhcn.namdinh.gov.vn,SỞ KHOA HỌC VÀ CÔNG NGHỆ TỈNH NAM ĐỊNH,GIẤY PHÉP THIẾT LẬP TRANG THÔNG TIN ĐIỆN TỬ TỔNG HỢP,2013-06-11,Giấy phép (ABEI),74/GP-TTĐT,invalid,https://giayphep.abei.gov.vn/
sknc.qdnd.vn,"Báo Quân đội nhân dân,","Website - Báo, tạp chí điện tử",,Giấy phép (TVPL PDF),,valid,
en.qdnd.vn,"Báo Quân đội nhân dân,","Website - Báo, tạp chí điện tử",,Giấy phép (TVPL PDF),,valid,
sksd.vn,Công ty Học viện YOGA Quốc Gia,Website - Trang mạng xã hội,,Giấy phép (TVPL PDF),,valid,
skw.vn,CÔNG TY CỔ PHẦN SKYWAY ,QUYẾT ĐỊNH PHÁT HÀNH TRÒ CHƠI ĐIỆN TỬ G1 TRÊN MẠNG,2026-04-29,Giấy phép (ABEI),214/QĐ-PTTH&TTĐT,valid,https://giayphep.abei.gov.vn/
sky-tech.vn,Công ty TNHH Truyền thông và Công nghệ Sky-Tech,Website - Trang TTĐT tổng hợp,,Giấy phép (TVPL PDF),,valid,
sky.hhgame.vn,CÔNG TY CỔ PHẦN PHÁT TRIỂN CÔNG NGHỆ SỐ HỒNG HÀ,QUYẾT ĐỊNH PHÁT HÀNH TRÒ CHƠI ĐIỆN TỬ G1 TRÊN MẠNG,2022-09-29,Giấy phép (ABEI),1801/QĐ-BTTTT,valid,https://giayphep.abei.gov.vn/
sky.vn,Công ty Cổ phần Social8 Asia,Website - Trang mạng xã hội,,Giấy phép (TVPL PDF),,valid,
skylife.vn,CÔNG TY CỔ PHẦN TRUYỀN THÔNG G3 MEDIA,GIẤY PHÉP CUNG CẤP DỊCH VỤ MẠNG XÃ HỘI,2024-12-23,Giấy phép (ABEI),390/GP-BTTTT,valid,https://giayphep.abei.gov.vn/
skymobi.vn,CÔNG TY TNHH SKYMOBI ,QUYẾT ĐỊNH PHÁT HÀNH TRÒ CHƠI ĐIỆN TỬ G1 TRÊN MẠNG,2026-02-04,Giấy phép (ABEI),47/QĐ-PTTH&TTĐT,valid,https://giayphep.abei.gov.vn/
sldtbxh.daknong.gov.vn,"SỞ LAO ĐỘNG, THƯƠNG BINH VÀ XÃ HỘI TỈNH ĐẮK NÔNG",GIẤY PHÉP THIẾT LẬP TRANG THÔNG TIN ĐIỆN TỬ TỔNG HỢP,2013-05-10,Giấy phép (ABEI),63/GP-TTĐT,invalid,https://giayphep.abei.gov.vn/
slg.com.vn,CÔNG TY CỔ PHẦN DỊCH VỤ TRỰC TUYẾN VĨNH XUÂN,QUYẾT ĐỊNH PHÁT HÀNH TRÒ CHƠI ĐIỆN TỬ G1 TRÊN MẠNG,2018-07-20,Giấy phép (ABEI),1221/QĐ-BTTTT,valid,https://giayphep.abei.gov.vn/
slggames.vn,Công ty Cổ phần Song Long Game,QUYẾT ĐỊNH PHÁT HÀNH TRÒ CHƠI ĐIỆN TỬ G1 TRÊN MẠNG,2025-12-31,Giấy phép (ABEI),590/QĐ-PTTH&TTĐT,valid,https://giayphep.abei.gov.vn/
slgplay.vn,Công ty Cổ phần Song Long Game,QUYẾT ĐỊNH PHÁT HÀNH TRÒ CHƠI ĐIỆN TỬ G1 TRÊN MẠNG,2025-12-31,Giấy phép (ABEI),590/QĐ-PTTH&TTĐT,valid,https://giayphep.abei.gov.vn/
sll.vnsedu.vn,CÔNG TY CỔ PHẦN PHẦN MỀM VNS,GIẤY PHÉP CUNG CẤP DỊCH VỤ MẠNG XÃ HỘI,2019-10-30,Giấy phép (ABEI),468/GP-BTTTT,valid,https://giayphep.abei.gov.vn/
slo.vn,CÔNG TY TNHH SOCIAL LIFE,Website - Trang TTĐT tổng hợp,,Giấy phép (TVPL PDF),,valid,
smartf.vn,CÔNG TY CỔ PHẦN TÀI CHÍNH THÔNG MINH SMARTF,GIẤY PHÉP CUNG CẤP DỊCH VỤ MẠNG XÃ HỘI,2023-11-13,Giấy phép (ABEI),424/GP-BTTTT,valid,https://giayphep.abei.gov.vn/
smoney.vn,CÔNG TY CỔ PHẦN XFM,Website - Trang TTĐT tổng hợp,,Giấy phép (TVPL PDF),,valid,
snapble.vn,Công ty cổ phần Nimble (snaple.vn),Website - Trang mạng xã hội,,Giấy phép (TVPL PDF),,valid,
sneakerhead.vn,CÔNG TY TNHH MTV MVRK,GIẤY PHÉP CUNG CẤP DỊCH VỤ MẠNG XÃ HỘI,2024-11-03,Giấy phép (ABEI),325/GP-BTTTT,valid,https://giayphep.abei.gov.vn/
sngv.daknong.gov.vn,SỞ NGOẠI VỤ TỈNH ĐẮK NÔNG,GIẤY PHÉP THIẾT LẬP TRANG THÔNG TIN ĐIỆN TỬ TỔNG HỢP,2013-07-23,Giấy phép (ABEI),99/GP-TTĐT,invalid,https://giayphep.abei.gov.vn/
snnphutho.vn,SỞ NÔNG NGHIỆP VÀ PHÁT TRIỂN NÔNG THÔN PHÚ THỌ,GIẤY PHÉP THIẾT LẬP TRANG THÔNG TIN ĐIỆN TỬ TỔNG HỢP,2013-08-22,Giấy phép (ABEI),117/GP-TTĐT,invalid,https://giayphep.abei.gov.vn/
snnptnt.daknong.gov.vn,SỞ NÔNG NGHIỆP VÀ PHÁT TRIỂN NÔNG THÔN ĐẮK NÔNG,GIẤY PHÉP THIẾT LẬP TRANG THÔNG TIN ĐIỆN TỬ TỔNG HỢP,2013-07-23,Giấy phép (ABEI),103/GP-TTĐT,invalid,https://giayphep.abei.gov.vn/
snv.gialai.gov.vn,SỞ NỘI VỤ TỈNH GIA LAI,GIẤY PHÉP THIẾT LẬP TRANG THÔNG TIN ĐIỆN TỬ TỔNG HỢP,2013-01-31,Giấy phép (ABEI),15/GP-TTĐT,invalid,https://giayphep.abei.gov.vn/
soaica.gaba.vn,CÔNG TY CỔ PHẦN TRÒ CHƠI VEGA,QUYẾT ĐỊNH PHÁT HÀNH TRÒ CHƠI ĐIỆN TỬ G1 TRÊN MẠNG,2016-06-08,Giấy phép (ABEI),977/QĐ-BTTTT,valid,https://giayphep.abei.gov.vn/
soaivuong.vn,CÔNG TY TNHH SOHA,QUYẾT ĐỊNH PHÁT HÀNH TRÒ CHƠI ĐIỆN TỬ G1 TRÊN MẠNG,2018-06-29,Giấy phép (ABEI),1004/QĐ-BTTTT,valid,https://giayphep.abei.gov.vn/
soha.vn,Công ty Cổ phần VCCorp,Website - Trang TTĐT tổng hợp,,Giấy phép (TVPL PDF),,valid,
sohaplav.vn,CÔNG TY TNHH SOHA,QUYẾT ĐỊNH PHÁT HÀNH TRÒ CHƠI ĐIỆN TỬ G1 TRÊN MẠNG,2022-08-03,Giấy phép (ABEI),1472/QĐ-BTTTT,valid,https://giayphep.abei.gov.vn/
sohuutritue.net.vn,Tạp chí Sở hữu trí tuệ và sáng tạo,"Website - Báo, tạp chí điện tử",,Giấy phép (TVPL PDF),,valid,
soidongcautruong.vn,Công ty Cổ phần VIDIGI,Website - Trang TTĐT tổng hợp,,Giấy phép (TVPL PDF),,valid,
sokieu.360game.vn,CÔNG TY CỔ PHẦN VNG,QUYẾT ĐỊNH PHÁT HÀNH TRÒ CHƠI ĐIỆN TỬ G1 TRÊN MẠNG,2018-01-12,Giấy phép (ABEI),37/QĐ-BTTTT,invalid,https://giayphep.abei.gov.vn/
sokieu.vtcgame.vn,CÔNG TY VTC CÔNG NGHỆ VÀ NỘI DUNG SỐ,QUYẾT ĐỊNH PHÁT HÀNH TRÒ CHƠI ĐIỆN TỬ G1 TRÊN MẠNG,2019-01-04,Giấy phép (ABEI),03/QĐ-BTTTT,invalid,https://giayphep.abei.gov.vn/
solaplay.com,CÔNG TY CỔ PHẦN SOLAPLAY,QUYẾT ĐỊNH PHÁT HÀNH TRÒ CHƠI ĐIỆN TỬ G1 TRÊN MẠNG,2024-02-15,Giấy phép (ABEI),175/QĐ-BTTTT,valid,https://giayphep.abei.gov.vn/
solaplay.vn,CÔNG TY CỔ PHẦN TRAVELLET VIỆT NAM,QUYẾT ĐỊNH PHÁT HÀNH TRÒ CHƠI ĐIỆN TỬ G1 TRÊN MẠNG,2022-01-25,Giấy phép (ABEI),119/QĐ-BTTTT,invalid,https://giayphep.abei.gov.vn/
solomusic.vn,Công ty TNHH PQ Phương Đông,Website - Trang mạng xã hội,,Giấy phép (TVPL PDF),,valid,
soncamedia.com,Công ty Cổ phần truyền thông Sơn Ca,Website - Trang mạng xã hội,,Giấy phép (TVPL PDF),,valid,
songantoan.vn,Tạp chí Lao động và Công đoàn,"Website - Báo, tạp chí điện tử",,Giấy phép (TVPL PDF),,valid,
songcong.thainguyen.gov.vn,ỦY BAN NHÂN DÂN THỊ XÃ SÔNG CÔNG,GIẤY PHÉP THIẾT LẬP TRANG THÔNG TIN ĐIỆN TỬ TỔNG HỢP,2013-08-29,Giấy phép (ABEI),124/GP-TTĐT,invalid,https://giayphep.abei.gov.vn/
songdep.com.vn,CÔNG TY CỔ PHẦN TRUYỀN THÔNG SỐNG ĐẸP,GIẤY PHÉP CUNG CẤP DỊCH VỤ MẠNG XÃ HỘI,2021-02-08,Giấy phép (ABEI),93/GP-BTTTT,valid,https://giayphep.abei.gov.vn/
songhi.vn,CÔNG TY CỔ PHẦN TẬP ĐOÀN CGH,GIẤY PHÉP CUNG CẤP DỊCH VỤ MẠNG XÃ HỘI,2020-12-22,Giấy phép (ABEI),616/GP-BTTTT,valid,https://giayphep.abei.gov.vn/
songkhoeplus.vn,CÔNG TY TNHH TRUYỀN THÔNG HK,GIẤY PHÉP CUNG CẤP DỊCH VỤ MẠNG XÃ HỘI,2019-12-25,Giấy phép (ABEI),567/GP-BTTTT,valid,https://giayphep.abei.gov.vn/
songlamplus.vn,Công ty cổ phần Truyền thông Sông Lam Plus,Website - Trang mạng xã hội,,Giấy phép (TVPL PDF),,valid,
songmoi.vn,Tạp chí điện tử Khoa học Sống mới,"Website - Báo, tạp chí điện tử",,Giấy phép (TVPL PDF),,valid,
songphongcach.vn,Công ty Cổ phần Truyền thông VNNPLUS,Website - Trang TTĐT tổng hợp,,Giấy phép (TVPL PDF),,valid,
songtu.gamota.com,CÔNG TY CỔ PHẦN GAMOTA,QUYẾT ĐỊNH PHÁT HÀNH TRÒ CHƠI ĐIỆN TỬ G1 TRÊN MẠNG,2020-04-23,Giấy phép (ABEI),728 /QĐ-BTTTT,valid,https://giayphep.abei.gov.vn/
songxanhsongkhoe.vn,Công ty TNHH Đầu tư phát triển Dịch vụ Gia Lộc,Website - Trang TTĐT tổng hợp,,Giấy phép (TVPL PDF),,valid,
sonhaidithu.alogame.vn,CÔNG TY CỔ PHẦN CÔNG NGHỆ SỐ ALO ,QUYẾT ĐỊNH PHÁT HÀNH TRÒ CHƠI ĐIỆN TỬ G1 TRÊN MẠNG,2026-02-03,Giấy phép (ABEI),43/QĐ-PTTH&TTĐT,valid,https://giayphep.abei.gov.vn/
sonhaigame.com,CÔNG TY CỔ PHẦN GIẢI TRÍ SƠN HẢI GAME,QUYẾT ĐỊNH PHÁT HÀNH TRÒ CHƠI ĐIỆN TỬ G1 TRÊN MẠNG,2020-11-11,Giấy phép (ABEI),1928/QĐ-BTTTT,valid,https://giayphep.abei.gov.vn/
sonhaigame.net,CÔNG TY CỔ PHẦN GIẢI TRÍ SƠN HẢI GAME,QUYẾT ĐỊNH PHÁT HÀNH TRÒ CHƠI ĐIỆN TỬ G1 TRÊN MẠNG,2020-11-12,Giấy phép (ABEI),1951/QĐ-BTTTT,valid,https://giayphep.abei.gov.vn/
sonla-tourism.com,"TRUNG TÂM THÔNG TIN, XÚC TIẾN DU LỊCH TỈNH SƠN LA",GIẤY PHÉP THIẾT LẬP TRANG THÔNG TIN ĐIỆN TỬ TỔNG HỢP,2013-05-07,Giấy phép (ABEI),59/GP-TTĐT,invalid,https://giayphep.abei.gov.vn/
www.sonlatourism.net,"TRUNG TÂM THÔNG TIN, XÚC TIẾN DU LỊCH TỈNH SƠN LA",GIẤY PHÉP THIẾT LẬP TRANG THÔNG TIN ĐIỆN TỬ TỔNG HỢP,2013-05-07,Giấy phép (ABEI),59/GP-TTĐT,invalid,https://giayphep.abei.gov.vn/
www.sonlatourism.gov.vn,"TRUNG TÂM THÔNG TIN, XÚC TIẾN DU LỊCH TỈNH SƠN LA",GIẤY PHÉP THIẾT LẬP TRANG THÔNG TIN ĐIỆN TỬ TỔNG HỢP,2013-05-07,Giấy phép (ABEI),59/GP-TTĐT,invalid,https://giayphep.abei.gov.vn/
www.dulichsonla.gov.vn,"TRUNG TÂM THÔNG TIN, XÚC TIẾN DU LỊCH TỈNH SƠN LA",GIẤY PHÉP THIẾT LẬP TRANG THÔNG TIN ĐIỆN TỬ TỔNG HỢP,2013-05-07,Giấy phép (ABEI),59/GP-TTĐT,invalid,https://giayphep.abei.gov.vn/
sonlatv.vn,ĐÀI PHÁT THANH - TRUYỀN HÌNH TỈNH SƠN LA,GIẤY PHÉP THIẾT LẬP TRANG THÔNG TIN ĐIỆN TỬ TỔNG HỢP,2023-10-12,Giấy phép (ABEI),179/GP-TTĐT,valid,https://giayphep.abei.gov.vn/
sonnptnt.nghean.vn,SỞ NÔNG NGHIỆP VÀ PHÁT TRIỂN NÔNG THÔN TỈNH NGHỆ AN,GIẤY PHÉP THIẾT LẬP TRANG THÔNG TIN ĐIỆN TỬ TỔNG HỢP,2013-06-24,Giấy phép (ABEI),80/GP-TTĐT,invalid,https://giayphep.abei.gov.vn/
sonongnghiep.hochiminhcit,Sở Nông nghiệp và Phát triển nông thôn TPHCM,Website - Trang TTĐT tổng hợp,,Giấy phép (TVPL PDF),,valid,
sonthuy.teamobi.com.vn,CÔNG TY TNHH TEAMOBI,QUYẾT ĐỊNH PHÁT HÀNH TRÒ CHƠI ĐIỆN TỬ G1 TRÊN MẠNG,2016-03-25,Giấy phép (ABEI),414/QĐ-BTTTT,invalid,https://giayphep.abei.gov.vn/
sotaichinh.laichau.gov.vn,SỞ TÀI CHÍNH TỈNH LAI CHÂU,GIẤY PHÉP THIẾT LẬP TRANG THÔNG TIN ĐIỆN TỬ TỔNG HỢP,2013-07-04,Giấy phép (ABEI),89/GP-TTĐT,invalid,https://giayphep.abei.gov.vn/
sotayskdd.vn,CÔNG TY CỔ PHẦN ESTUARY,GIẤY PHÉP CUNG CẤP DỊCH VỤ MẠNG XÃ HỘI,2023-05-23,Giấy phép (ABEI),184/GP-BTTTT,valid,https://giayphep.abei.gov.vn/
sothongtin.hoabinh.gov.vn,SỞ THÔNG TIN VÀ TRUYỀN THÔNG HÒA BÌNH,GIẤY PHÉP THIẾT LẬP TRANG THÔNG TIN ĐIỆN TỬ TỔNG HỢP,2015-05-19,Giấy phép (ABEI),48/GP-TTĐT,invalid,https://giayphep.abei.gov.vn/
sotnmt.hanoi.gov.vn,Sở Tài nguyên và Môi trường,Website - Trang TTĐT tổng hợp,,Giấy phép (TVPL PDF),,valid,
sotttt.haiduong.gov.vn,SỞ THÔNG TIN VÀ TRUYỀN THÔNG HẢI DƯƠNG,GIẤY PHÉP THIẾT LẬP TRANG THÔNG TIN ĐIỆN TỬ TỔNG HỢP,2024-12-12,Giấy phép (ABEI),300/GP-TTĐT,valid,https://giayphep.abei.gov.vn/
sotttt.hungyen.gov.vn,SỞ THÔNG TIN VÀ TRUYỀN THÔNG HƯNG YÊN,GIẤY PHÉP THIẾT LẬP TRANG THÔNG TIN ĐIỆN TỬ TỔNG HỢP,2017-08-09,Giấy phép (ABEI),261/GP-TTĐT,valid,https://giayphep.abei.gov.vn/
sotttt.kiengiang.gov.vn,SỞ THÔNG TIN VÀ TRUYỀN THÔNG KIÊN GIANG,GIẤY PHÉP THIẾT LẬP TRANG THÔNG TIN ĐIỆN TỬ TỔNG HỢP,2013-04-26,Giấy phép (ABEI),57/GP-TTĐT,invalid,https://giayphep.abei.gov.vn/
sotttt.namdinh.gov.vn,SỞ THÔNG TIN VÀ TRUYỀN THÔNG NAM ĐỊNH,GIẤY PHÉP THIẾT LẬP TRANG THÔNG TIN ĐIỆN TỬ TỔNG HỢP,2020-03-26,Giấy phép (ABEI),26/GP-TTĐT,valid,https://giayphep.abei.gov.vn/
sotttt.sonla.gov.vn,SỞ THÔNG TIN VÀ TRUYỀN THÔNG SƠN LA,GIẤY PHÉP THIẾT LẬP TRANG THÔNG TIN ĐIỆN TỬ TỔNG HỢP,2023-12-05,Giấy phép (ABEI),207/GP-TTĐT,valid,https://giayphep.abei.gov.vn/
sotttt.vinhphuc.gov.vn,SỞ THÔNG TIN VÀ TRUYỀN THÔNG VĨNH PHÚC,GIẤY PHÉP THIẾT LẬP TRANG THÔNG TIN ĐIỆN TỬ TỔNG HỢP,2020-08-04,Giấy phép (ABEI),134/GP-TTĐT,invalid,https://giayphep.abei.gov.vn/
sotttt.yenbai.gov.vn,SỞ THÔNG TIN VÀ TRUYỀN THÔNG YÊN BÁI,GIẤY PHÉP THIẾT LẬP TRANG THÔNG TIN ĐIỆN TỬ TỔNG HỢP,2013-04-15,Giấy phép (ABEI),44/GP-TTĐT,invalid,https://giayphep.abei.gov.vn/
soulknight.vn,CÔNG TY CỔ PHẦN GIẢI TRÍ TRỰC TUYẾN 3T,QUYẾT ĐỊNH PHÁT HÀNH TRÒ CHƠI ĐIỆN TỬ G1 TRÊN MẠNG,2026-06-08,Giấy phép (ABEI),332/QĐ-PTTH&TTĐT,valid,https://giayphep.abei.gov.vn/
soulknightprequel.vn,CÔNG TY CỔ PHẦN GIẢI TRÍ TRỰC TUYẾN 3T,QUYẾT ĐỊNH PHÁT HÀNH TRÒ CHƠI ĐIỆN TỬ G1 TRÊN MẠNG,2026-06-08,Giấy phép (ABEI),331/QĐ-PTTH&TTĐT,valid,https://giayphep.abei.gov.vn/
soulstrike.funtap.games,CÔNG TY CỔ PHẦN FUNTAP GAMES,QUYẾT ĐỊNH PHÁT HÀNH TRÒ CHƠI ĐIỆN TỬ G1 TRÊN MẠNG,2026-07-03,Giấy phép (ABEI),385/QĐ-PTTH&TTĐT,valid,https://giayphep.abei.gov.vn/
soxaydung.namdinh.gov.vn,SỞ XÂY DỰNG NAM ĐỊNH,GIẤY PHÉP THIẾT LẬP TRANG THÔNG TIN ĐIỆN TỬ TỔNG HỢP,2013-03-28,Giấy phép (ABEI),32/GP-BTTTT,invalid,https://giayphep.abei.gov.vn/
spanews.com.vn,Công ty TNHH Thương mại và Phát triển Truyền thông Link Queen,Website - Trang TTĐT tổng hợp,,Giấy phép (TVPL PDF),,valid,
sparkling.vn,Công ty TNHH MTV Thương mại Dịch vụ và Truyền thông Phụ nữ 8,Website - Trang mạng xã hội,,Giấy phép (TVPL PDF),,valid,
spaygate.com,CÔNG TY CỔ PHẦN DỊCH VỤ S.PAY VIỆT NAM,QUYẾT ĐỊNH PHÁT HÀNH TRÒ CHƠI ĐIỆN TỬ G1 TRÊN MẠNG,2019-01-28,Giấy phép (ABEI),97/QĐ-BTTTT,valid,https://giayphep.abei.gov.vn/
spaygroup.vn,CÔNG TY CỔ PHẦN DỊCH VỤ S.PAY VIỆT NAM,QUYẾT ĐỊNH PHÁT HÀNH TRÒ CHƠI ĐIỆN TỬ G1 TRÊN MẠNG,2020-12-24,Giấy phép (ABEI),2285 /QĐ-BTTTT,valid,https://giayphep.abei.gov.vn/
sphim.com.vn,Công ty Cổ phần Truyền thông đa phương tiện Thủ đô,Website - Trang TTĐT tổng hợp,,Giấy phép (TVPL PDF),,valid,
spiderum.com,Công ty TNHH Felizz,Website - Trang mạng xã hội,,Giấy phép (TVPL PDF),,valid,
spiderum.vn,Công ty TNHH Felizz,Website - Trang mạng xã hội,,Giấy phép (TVPL PDF),,valid,
spirit.vietnamairlines.com,Tổng Công ty hàng không Việt Nam – CTCP (Vietnam Airlines),Website - Trang TTĐT tổng hợp,,Giấy phép (TVPL PDF),,valid,
www.spirit.vietnamairlines.com.vn,TỔNG CÔNG TY HÀNG KHÔNG VIỆT NAM – CTСР (VIETNAM AIRLINES),GIẤY PHÉP THIẾT LẬP TRANG THÔNG TIN ĐIỆN TỬ TỔNG HỢP,2019-04-24,Giấy phép (ABEI),78/GP-TTĐT,valid,https://giayphep.abei.gov.vn/
spirit.vietnamairlines.com.vn,Tổng Công ty hàng không Việt Nam – CTCP (Vietnam Airlines),Website - Trang TTĐT tổng hợp,,Giấy phép (TVPL PDF),,valid,
splay.vn,CÔNG TY CỔ PHẦN VTC DỊCH VỤ DI ĐỘNG,"GIẤY XÁC NHẬN THÔNG BÁO PHÁT HÀNH TRÒ CHƠI ĐIỆN TỬ G2,G3,G4",2018-10-04,Giấy phép (ABEI),255/GXN-PTTH&TTĐT,valid,https://giayphep.abei.gov.vn/
spooncast.vn,Công ty TNHH Mykoon Việt Nam (spooncast. vn; spooncast. net),Website - Trang mạng xã hội,,Giấy phép (TVPL PDF),,valid,
spooncast.net,Công ty TNHH Mykoon Việt Nam (spooncast. vn; spooncast. net),Website - Trang mạng xã hội,,Giấy phép (TVPL PDF),,valid,
www.spooncast.net,CÔNG TY TNHH SPOON RADIO VIỆT NAM,GIẤY PHÉP CUNG CẤP DỊCH VỤ MẠNG XÃ HỘI,2020-06-29,Giấy phép (ABEI),276/GP-BTTTT,valid,https://giayphep.abei.gov.vn/
sport247.vn,Công ty TNHH Kết nối sáng tạo Việt Nam,Website - Trang TTĐT tổng hợp,,Giấy phép (TVPL PDF),,valid,
sport5.vn,Công ty Cổ phần VCCorp,Website - Trang TTĐT tổng hợp,,Giấy phép (TVPL PDF),,valid,
sportday.vn,CÔNG TY TNHH DSF VIỆT NAM,GIẤY PHÉP CUNG CẤP DỊCH VỤ MẠNG XÃ HỘI,2020-03-30,Giấy phép (ABEI),116/GP-BTTTT,valid,https://giayphep.abei.gov.vn/
sporttech.vn,CÔNG TY TNHH DỊCH VỤ CÔNG NGHỆ THỂ THAO X,GIẤY PHÉP CUNG CẤP DỊCH VỤ MẠNG XÃ HỘI,2023-03-27,Giấy phép (ABEI),105/GP-BTTTT,valid,https://giayphep.abei.gov.vn/
sportzone.vn,Công ty Cổ phần M-Mobile,Website - Trang TTĐT tổng hợp,,Giấy phép (TVPL PDF),,valid,
sptlight24h.vn,Công ty TNHH Truyền thông Thể Thao IGC,Website - Trang TTĐT tổng hợp,,Giấy phép (TVPL PDF),,valid,
sro.vtcgame.vn,CÔNG TY VTC CÔNG NGHỆ VÀ NỘI DUNG SỐ,QUYẾT ĐỊNH PHÁT HÀNH TRÒ CHƠI ĐIỆN TỬ G1 TRÊN MẠNG,2023-06-22,Giấy phép (ABEI),1088/QĐ-BTTTT,valid,https://giayphep.abei.gov.vn/
srom.gamz.vn,CÔNG TY CỔ PHẦN CÔNG NGHỆ GAMZ,QUYẾT ĐỊNH PHÁT HÀNH TRÒ CHƠI ĐIỆN TỬ G1 TRÊN MẠNG,2025-01-21,Giấy phép (ABEI),93/QĐ-BTTTT,valid,https://giayphep.abei.gov.vn/
srtc.org.vn,TRUNG TÂM NGHIÊN CỨU KHOA HỌC VÀ ĐÀO TẠO CHỨNG KHOÁN,GIẤY PHÉP THIẾT LẬP TRANG THÔNG TIN ĐIỆN TỬ TỔNG HỢP,2020-07-20,Giấy phép (ABEI),126/GP-TTĐT,valid,https://giayphep.abei.gov.vn/
ssaostyle.vn,Công ty Cổ phần truyền thông Đa phương tiện N Group,Website - Trang TTĐT tổng hợp,,Giấy phép (TVPL PDF),,valid,
sshxvn.vntth.com,CÔNG TY CỔ PHẦN GIẢI TRÍ THIÊN THƯỢNG HỎA,QUYẾT ĐỊNH PHÁT HÀNH TRÒ CHƠI ĐIỆN TỬ G1 TRÊN MẠNG,2024-01-03,Giấy phép (ABEI),08/QĐ-BTTTT,valid,https://giayphep.abei.gov.vn/
ssi.com.vn,Công ty Cổ phần Chứng Khoán Sài Gòn,Website - Trang TTĐT tổng hợp,,Giấy phép (TVPL PDF),,valid,
ssph.vn,NHÀ XUẤT BẢN KHOA HỌC XÃ HỘI,GIẤY PHÉP THIẾT LẬP TRANG THÔNG TIN ĐIỆN TỬ TỔNG HỢP,2020-12-24,Giấy phép (ABEI),244/GP-TTĐT,valid,https://giayphep.abei.gov.vn/
sspotlight.vn,CÔNG TY TNHH TRANG SAO,GIẤY PHÉP CUNG CẤP DỊCH VỤ MẠNG XÃ HỘI,2021-05-13,Giấy phép (ABEI),279/GP-BTTTT,valid,https://giayphep.abei.gov.vn/
st3q.zoneplay.vn,CÔNG TY TNHH GZONE MEDIA VIỆT NAM,QUYẾT ĐỊNH PHÁT HÀNH TRÒ CHƠI ĐIỆN TỬ G1 TRÊN MẠNG,2022-02-25,Giấy phép (ABEI),356/QĐ-BTTTT,valid,https://giayphep.abei.gov.vn/
stage.vn,CÔNG TY TNHH VIỆT NAM EVENT GROUP,GIẤY PHÉP CUNG CẤP DỊCH VỤ MẠNG XÃ HỘI,2023-07-26,Giấy phép (ABEI),255/GP-BTTTT,valid,https://giayphep.abei.gov.vn/
standdaichien.vn,CÔNG TY CỔ PHẦN TRỰC TUYẾN DUO,QUYẾT ĐỊNH PHÁT HÀNH TRÒ CHƠI ĐIỆN TỬ G1 TRÊN MẠNG,2022-07-18,Giấy phép (ABEI),1393/QĐ-BTTTT,valid,https://giayphep.abei.gov.vn/
starbeauty.com.vn,CÔNG TY CỔ PHẦN ĐẦU TƯ XÂY DỰNG ALTIC THẮNG LỆ,GIẤY PHÉP CUNG CẤP DỊCH VỤ MẠNG XÃ HỘI,2020-11-26,Giấy phép (ABEI),548/GP-BTTTT,valid,https://giayphep.abei.gov.vn/
starlights.vn,Công ty TNHH Truyền thông và Giải trí B.O,Website - Trang TTĐT tổng hợp,,Giấy phép (TVPL PDF),,valid,
starmobile.vn,CÔNG TY CỔ PHẦN THƯƠNG MẠI CÔNG NGHỆ VIỄN THÔNG VÀ THÔNG TIN HOÀNG LÊ,QUYẾT ĐỊNH PHÁT HÀNH TRÒ CHƠI ĐIỆN TỬ G1 TRÊN MẠNG,2018-06-29,Giấy phép (ABEI),1007/QĐ-BTTTT,invalid,https://giayphep.abei.gov.vn/
startalk.vn,Công ty Cổ phần viễn thông FPT,Website - Trang mạng xã hội,,Giấy phép (TVPL PDF),,valid,
startv.vn,Công ty Cổ phần truyền thông Quảng cáo Đa phương tiện,Website - Trang mạng xã hội,,Giấy phép (TVPL PDF),,valid,
starvearena.tbgame.vn,CÔNG TY TNHH TRÒ CHƠI TRỰC TUYẾN THIENBAO,QUYẾT ĐỊNH PHÁT HÀNH TRÒ CHƠI ĐIỆN TỬ G1 TRÊN MẠNG,2021-07-20,Giấy phép (ABEI),1028/QĐ-BTTTT,valid,https://giayphep.abei.gov.vn/
starwow.vn,Công ty TNHH Truyền thông và Giải trí Star Focus,Website - Trang TTĐT tổng hợp,,Giấy phép (TVPL PDF),,valid,
stc.khanhhoa.gov.vn,SỞ TÀI CHÍNH TỈNH KHÁNH HÒA,GIẤY PHÉP THIẾT LẬP TRANG THÔNG TIN ĐIỆN TỬ TỔNG HỢP,2013-07-15,Giấy phép (ABEI),94/GP-TTĐT,invalid,https://giayphep.abei.gov.vn/
stickman.vplay.vn,CÔNG TY CỔ PHẦN TRUYỀN HÌNH TƯƠNG TÁC VIỆT NAM,QUYẾT ĐỊNH PHÁT HÀNH TRÒ CHƠI ĐIỆN TỬ G1 TRÊN MẠNG,2022-12-19,Giấy phép (ABEI),2346/QĐ-BTTTT,valid,https://giayphep.abei.gov.vn/
stickmango.mocgame.vn,CÔNG TY CỔ PHẦN TRÒ CHƠI MỘC,QUYẾT ĐỊNH PHÁT HÀNH TRÒ CHƠI ĐIỆN TỬ G1 TRÊN MẠNG,2025-06-20,Giấy phép (ABEI),268 /QĐ-PTTH&TTĐT,valid,https://giayphep.abei.gov.vn/
stock5.vn,Công ty TNHH Phát triển truyền thông và quảng cáo MTE,Website - Trang TTĐT tổng hợp,,Giấy phép (TVPL PDF),,valid,
stockbiz.vn,Công ty Cổ phần Truyền thông và Dịch vụ Số Kiến Lửa,Website - Trang TTĐT tổng hợp,,Giấy phép (TVPL PDF),,valid,
stockbook.vn,CÔNG TY CỔ PHẦN STOCKBOOK,GIẤY PHÉP CUNG CẤP DỊCH VỤ MẠNG XÃ HỘI,2023-10-24,Giấy phép (ABEI),397/GP-BTTTT,valid,https://giayphep.abei.gov.vn/
stockindex.vn,Công ty TNHH Dịch vụ Truyền thông Bình Minh,Website - Trang TTĐT tổng hợp,,Giấy phép (TVPL PDF),,valid,
stockkisvn.vn,CÔNG TY CỔ PHẦN CHỨNG KHOÁN KIS VIỆT NAM,GIẤY PHÉP CUNG CẤP DỊCH VỤ MẠNG XÃ HỘI,2024-06-07,Giấy phép (ABEI),155/GP-BTTTT,valid,https://giayphep.abei.gov.vn/
stony.vn,CÔNG TY TNHH NỘI DUNG SỐ NGUYÊN BẢO,QUYẾT ĐỊNH PHÁT HÀNH TRÒ CHƠI ĐIỆN TỬ G1 TRÊN MẠNG,2016-05-23,Giấy phép (ABEI),851/QĐ-BTTTT,valid,https://giayphep.abei.gov.vn/
stox.vn,Công ty Cổ phần Stoxplus,Website - Trang TTĐT tổng hợp,,Giấy phép (TVPL PDF),,valid,
stp.daknong.gov,SỞ TƯ PHÁP TỈNH ĐẮK NÔNG,GIẤY PHÉP THIẾT LẬP TRANG THÔNG TIN ĐIỆN TỬ TỔNG HỢP,2013-08-08,Giấy phép (ABEI),110/GP-TTĐT,invalid,https://giayphep.abei.gov.vn/
streetsurvivorstth.com,CÔNG TY CỔ PHẦN GIẢI TRÍ THIÊN THƯỢNG HỎA,QUYẾT ĐỊNH PHÁT HÀNH TRÒ CHƠI ĐIỆN TỬ G1 TRÊN MẠNG,2023-10-13,Giấy phép (ABEI),1978/QĐ-BTTTT,valid,https://giayphep.abei.gov.vn/
strikerovale.vn,CÔNG TY CỔ PHẦN FUNTAP,QUYẾT ĐỊNH PHÁT HÀNH TRÒ CHƠI ĐIỆN TỬ G1 TRÊN MẠNG,2020-05-21,Giấy phép (ABEI),852/QĐ-BTTTT,valid,https://giayphep.abei.gov.vn/
strikeroyale.vn,CÔNG TY CỔ PHẦN FUNTAP,QUYẾT ĐỊNH PHÁT HÀNH TRÒ CHƠI ĐIỆN TỬ G1 TRÊN MẠNG,2020-05-21,Giấy phép (ABEI),852 /QĐ-BTTTT,valid,https://giayphep.abei.gov.vn/
sttt.quangbinh.gov.vn,SỞ THÔNG TIN VÀ TRUYỀN THÔNG QUẢNG BÌNH,GIẤY PHÉP THIẾT LẬP TRANG THÔNG TIN ĐIỆN TỬ TỔNG HỢP,2015-04-14,Giấy phép (ABEI),31/GP-TTĐT,invalid,https://giayphep.abei.gov.vn/
stttt.daknong.gov.vn,SỞ THÔNG TIN VÀ TRUYỀN THÔNG ĐẮK NÔNG,GIẤY PHÉP THIẾT LẬP TRANG THÔNG TIN ĐIỆN TỬ TỔNG HỢP,2013-06-04,Giấy phép (ABEI),90/GP-TTĐT,invalid,https://giayphep.abei.gov.vn/
stttt.gialai.gov.vn,SỞ THÔNG TIN VÀ TRUYỀN THÔNG TỈNH GIA LAI,GIẤY PHÉP THIẾT LẬP TRANG THÔNG TIN ĐIỆN TỬ TỔNG HỢP,2017-03-22,Giấy phép (ABEI),91/GP-TTĐT,invalid,https://giayphep.abei.gov.vn/
stttt.khanhhoa.gov.vn,Sở TTTT Khánh Hòa,Website - Trang TTĐT tổng hợp,,Giấy phép (TVPL PDF),,valid,
stttt.kiengiang.gov.vn,SỞ THÔNG TIN VÀ TRUYỀN THÔNG KIÊN GIANG,GIẤY PHÉP THIẾT LẬP TRANG THÔNG TIN ĐIỆN TỬ TỔNG HỢP,2022-08-26,Giấy phép (ABEI),114/GP-TTĐT,valid,https://giayphep.abei.gov.vn/
stttt.phutho.gov.vn,SỞ THÔNG TIN VÀ TRUYỀN THÔNG PHÚ THỌ,GIẤY PHÉP THIẾT LẬP TRANG THÔNG TIN ĐIỆN TỬ TỔNG HỢP,2018-03-09,Giấy phép (ABEI),49/GP-TTĐT,invalid,https://giayphep.abei.gov.vn/
stttt.quangbinh.gov.vn,SỞ THÔNG TIN VÀ TRUYỀN THÔNG QUẢNG BÌNH,GIẤY PHÉP THIẾT LẬP TRANG THÔNG TIN ĐIỆN TỬ TỔNG HỢP,2021-08-03,Giấy phép (ABEI),137/GP-TTĐT,valid,https://giayphep.abei.gov.vn/
stttt.thuathienhue.gov.vn,SỞ THÔNG TIN VÀ TRUYỀN THÔNG THỪA THIÊN HUẾ,GIẤY PHÉP THIẾT LẬP TRANG THÔNG TIN ĐIỆN TỬ TỔNG HỢP,2013-08-22,Giấy phép (ABEI),120/GP-TTĐT,invalid,https://giayphep.abei.gov.vn/
stttt.vinhlong.gov.vn,SỞ THÔNG TIN VÀ TRUYỀN THÔNG VĨNH LONG,GIẤY PHÉP THIẾT LẬP TRANG THÔNG TIN ĐIỆN TỬ TỔNG HỢP,2016-06-29,Giấy phép (ABEI),66/GPSĐBS-TTĐT,invalid,https://giayphep.abei.gov.vn/
studio.baf,Công ty cổ phần VCCorp,"MXH - Cá nhân, tổ chức",,Giấy phép (TVPL PDF),,valid,
studyviet.vn,Công ty Cổ phần truyền thông ANGIA,Website - Trang TTĐT tổng hợp,,Giấy phép (TVPL PDF),,valid,
studyviet.net,Công ty Cổ phần truyền thông ANGIA,Website - Trang TTĐT tổng hợp,,Giấy phép (TVPL PDF),,valid,
stup.vn,CÔNG TY TNHH ĐẦU TƯ VÀ CÔNG NGHỆ T2,GIẤY PHÉP CUNG CẤP DỊCH VỤ MẠNG XÃ HỘI,2020-10-05,Giấy phép (ABEI),447/GP-BTTTT,valid,https://giayphep.abei.gov.vn/
stv.net.vn,Công ty Cổ phần SMART TELECOM Việt Nam,Website - Trang TTĐT tổng hợp,,Giấy phép (TVPL PDF),,valid,
style-republik.vn,Công ty TNHH Truyền thông và Giáo dục thời trang Style Republik,Website - Trang TTĐT tổng hợp,,Giấy phép (TVPL PDF),,valid,
stylenews.vn,Công ty Cổ phần Truyền hình cáp STV,Website - Trang TTĐT tổng hợp,,Giấy phép (TVPL PDF),,valid,
suckhoe.vn,CÔNG TY CỔ PHẦN CÔNG NGHỆ VÀ THƯƠNG MẠI GREENLIFE,GIẤY PHÉP CUNG CẤP DỊCH VỤ MẠNG XÃ HỘI,2017-08-09,Giấy phép (ABEI),387/GP-BTTTT,valid,https://giayphep.abei.gov.vn/
suckhoe1.com.vn,Công ty TNHH truyền thông IQ Việt Nam,Website - Trang TTĐT tổng hợp,,Giấy phép (TVPL PDF),,valid,
suckhoe1.net.vn,Công ty TNHH truyền thông IQ Việt Nam,Website - Trang TTĐT tổng hợp,,Giấy phép (TVPL PDF),,valid,
suckhoe1.vn,Công ty TNHH truyền thông IQ Việt Nam,Website - Trang TTĐT tổng hợp,,Giấy phép (TVPL PDF),,valid,
suckhoe24.vn,Công ty Cổ phần Đầu tư BIGGOLD Việt Nam,Website - Trang TTĐT tổng hợp,,Giấy phép (TVPL PDF),,valid,
suckhoecong.vn,Tạp chí Sức khoẻ +,"Website - Báo, tạp chí điện tử",,Giấy phép (TVPL PDF),,valid,
suckhoedanong.vn,Công ty TNHH Tư vấn Dịch vụ Thương mại Giáo dục Phương Nam,Website - Trang mạng xã hội,,Giấy phép (TVPL PDF),,valid,
suckhoedoisong.vn,Báo Sức khoẻ và Đời sống,"Website - Báo, tạp chí điện tử",,Giấy phép (TVPL PDF),,valid,
suckhoegiadinh.com.vn,Công ty Cổ phần Hợp tác và Phát triển Truyền thông NBN,Website - Trang TTĐT tổng hợp,,Giấy phép (TVPL PDF),,valid,
suckhoehangngay.vn,Công ty TNHH Nội dung số PEGA,Website - Trang TTĐT tổng hợp,,Giấy phép (TVPL PDF),,valid,
suckhoemoitruong.com.vn,Tạp chí Sức khỏe và môi trường,"Website - Báo, tạp chí điện tử",,Giấy phép (TVPL PDF),,valid,
suckhoeonline.vn,Công ty TNHH Dịch vụ và Truyền thông Việt Nam News,Website - Trang mạng xã hội,,Giấy phép (TVPL PDF),,valid,
suckhoephapluat.vn,Công ty Cổ phần Truyền thông Khỏe 365,Website - Trang TTĐT tổng hợp,,Giấy phép (TVPL PDF),,valid,
suckhoetoandan.vn,CỤC Y TẾ DỰ PHÒNG,GIẤY PHÉP THIẾT LẬP TRANG THÔNG TIN ĐIỆN TỬ TỔNG HỢP,2018-08-30,Giấy phép (ABEI),225/GP-TTĐT,valid,https://giayphep.abei.gov.vn/
suckhoetoday.com.vn,Công ty Cổ phần Truyền thông P&P,Website - Trang TTĐT tổng hợp,,Giấy phép (TVPL PDF),,valid,
suckhoevacuocsong.com.vn,VIỆN PHÁT TRIỂN CHĂM SÓC SỨC KHỎE CỘNG ĐỒNG,GIẤY PHÉP THIẾT LẬP TRANG THÔNG TIN ĐIỆN TỬ TỔNG HỢP,2019-10-01,Giấy phép (ABEI),180/GP-TTĐT,invalid,https://giayphep.abei.gov.vn/
suckhoevalamdep.net.vn,CÔNG TY CỔ PHẦN PHÁT TRIỂN TRUYỀN THÔNG VÀ  SỰ KIỆN SAO VIỆT,GIẤY PHÉP CUNG CẤP DỊCH VỤ MẠNG XÃ HỘI,2020-01-14,Giấy phép (ABEI),13/GP-BTTTT,valid,https://giayphep.abei.gov.vn/
suckhoeviet.org.vn,Tạp chí Sức khoẻ Việt,"Website - Báo, tạp chí điện tử",,Giấy phép (TVPL PDF),,valid,
sucsong.com.vn,Công ty TNHH Đầu tư viễn thông Miền Nam,Website - Trang TTĐT tổng hợp,,Giấy phép (TVPL PDF),,valid,
sucsongtre.vn,Công ty TNHH Thông tin và Công nghệ ORANGE,Website - Trang TTĐT tổng hợp,,Giấy phép (TVPL PDF),,valid,
sugiamoitruong.com.vn,VIỆN MÔI TRƯỜNG VÀ NĂNG LƯỢNG TÁI TẠO,GIẤY PHÉP THIẾT LẬP TRANG THÔNG TIN ĐIỆN TỬ TỔNG HỢP,2019-08-21,Giấy phép (ABEI),158/GP-TTĐT,valid,https://giayphep.abei.gov.vn/
sukien.com.vn,Công ty Cổ phần sự kiện 24H,Website - Trang TTĐT tổng hợp,,Giấy phép (TVPL PDF),,valid,
sukien24h.vn,Công ty Cổ phần OPP Việt Nam,Website - Trang TTĐT tổng hợp,,Giấy phép (TVPL PDF),,valid,
sundailynews.vn,Công ty TNHH Tư vấn Sun News Finance,Website - Trang TTĐT tổng hợp,,Giấy phép (TVPL PDF),,valid,
sungamegroup.vn,CÔNG TY CỔ PHẦN GIẢI TRÍ TRỰC TUYẾN SUNGAME,QUYẾT ĐỊNH PHÁT HÀNH TRÒ CHƠI ĐIỆN TỬ G1 TRÊN MẠNG,2020-10-22,Giấy phép (ABEI),1783/QĐ-BTTTT,valid,https://giayphep.abei.gov.vn/
sunny24h.vn,Công ty Cổ phần Sunny Group (https://sunny24h.com),Website - Trang TTĐT tổng hợp,,Giấy phép (TVPL PDF),,valid,
sunspin.vn,Công ty TNHH Công nghệ và Dịch vụ viễn thông Mặt Trời,Website - Trang TTĐT tổng hợp,,Giấy phép (TVPL PDF),,valid,
supercluster.vn,CÔNG TY TNHH SUPERCLUSTER ENTERTAINMENT,"GIẤY XÁC NHẬN THÔNG BÁO PHÁT HÀNH TRÒ CHƠI ĐIỆN TỬ G2,G3,G4",2023-02-14,Giấy phép (ABEI),23/GXN-PTTH&TTĐT,valid,https://giayphep.abei.gov.vn/
superclutster.vn,CÔNG TY TNHH SUPERCLUSTER ENTERTAINMENT,"GIẤY XÁC NHẬN THÔNG BÁO PHÁT HÀNH TRÒ CHƠI ĐIỆN TỬ G2,G3,G4",2023-02-16,Giấy phép (ABEI),25/GXN-PTTH&TTĐT,valid,https://giayphep.abei.gov.vn/
supergirls.vn,CÔNG TY TNHH RGK MOBILE,GIẤY PHÉP CUNG CẤP DỊCH VỤ MẠNG XÃ HỘI,2017-09-12,Giấy phép (ABEI),443/GP-BTTTT,valid,https://giayphep.abei.gov.vn/
supersnail.vn,CÔNG TY CỔ PHẦN GIẢI PHÁP SỐ VISION NETWORK VIỆT NAM,QUYẾT ĐỊNH PHÁT HÀNH TRÒ CHƠI ĐIỆN TỬ G1 TRÊN MẠNG,2024-01-29,Giấy phép (ABEI),82/QĐ-BTTTT,valid,https://giayphep.abei.gov.vn/
sv.vtcgame.vn,CÔNG TY VTC CÔNG NGHỆ VÀ NỘI DUNG SỐ,QUYẾT ĐỊNH PHÁT HÀNH TRÒ CHƠI ĐIỆN TỬ G1 TRÊN MẠNG,2016-06-17,Giấy phép (ABEI),1051/QĐ-BTTTT,invalid,https://giayphep.abei.gov.vn/
svdt.net,Báo Đầu tư,"Website - Báo, tạp chí điện tử",,Giấy phép (TVPL PDF),,valid,
dtck.vn,Báo Đầu tư,"Website - Báo, tạp chí điện tử",,Giấy phép (TVPL PDF),,valid,
svhttdl.daknong.gov.vn,"SỞ VĂN HÓA, THỂ THAO VÀ DU LỊCH TỈNH ĐẮK NÔNG",GIẤY PHÉP THIẾT LẬP TRANG THÔNG TIN ĐIỆN TỬ TỔNG HỢP,2013-04-26,Giấy phép (ABEI),55/GP-TTĐT,invalid,https://giayphep.abei.gov.vn/
svvn.tienphong.vn,"Báo Tiền Phong,","Website - Báo, tạp chí điện tử",,Giấy phép (TVPL PDF),,valid,
sxd.daknong.gov.vn,SỞ XÂY DỰNG TỈNH ĐẮK NÔNG,GIẤY PHÉP THIẾT LẬP TRANG THÔNG TIN ĐIỆN TỬ TỔNG HỢP,2013-04-26,Giấy phép (ABEI),54/GP-TTĐT,invalid,https://giayphep.abei.gov.vn/
t3qtk.gamota.com,CÔNG TY CỔ PHẦN GAMOTA,QUYẾT ĐỊNH PHÁT HÀNH TRÒ CHƠI ĐIỆN TỬ G1 TRÊN MẠNG,2023-05-23,Giấy phép (ABEI),876/QĐ-BTTTT,valid,https://giayphep.abei.gov.vn/
t5g.org.vn,TRUNG TÂM TRUYỀN THÔNG - GIÁO DỤC SỨC KHỎE TRUNG ƯƠNG,GIẤY PHÉP THIẾT LẬP TRANG THÔNG TIN ĐIỆN TỬ TỔNG HỢP,2022-12-27,Giấy phép (ABEI),180/GP-TTĐT,valid,https://giayphep.abei.gov.vn/
ta3q.zoneplay.vn,CÔNG TY TNHH GZONE MEDIA VIỆT NAM,QUYẾT ĐỊNH PHÁT HÀNH TRÒ CHƠI ĐIỆN TỬ G1 TRÊN MẠNG,2025-01-21,Giấy phép (ABEI),87/QĐ-BTTTT,valid,https://giayphep.abei.gov.vn/
tabmeida.vn,CÔNG TY CỔ PHẦN TAB MEDIA VIỆT NAM,QUYẾT ĐỊNH PHÁT HÀNH TRÒ CHƠI ĐIỆN TỬ G1 TRÊN MẠNG,2021-04-22,Giấy phép (ABEI),525/QĐ-BTTTT,valid,https://giayphep.abei.gov.vn/
tabtab.vn,Công ty Cổ phần Media Hồng Đức,Website - Trang TTĐT tổng hợp,,Giấy phép (TVPL PDF),,valid,
taichinh.kinhtechungkhoan,Tạp chí điện tử Kinh tế Chứng khoán Việt Nam,"Website - Báo, tạp chí điện tử",,Giấy phép (TVPL PDF),,valid,
taichinh.vietnamnet.vn,Báo VietNamNet,"Website - Báo, tạp chí điện tử",,Giấy phép (TVPL PDF),,valid,
taichinhcongnghe.vn,Công ty Cổ phần đầu tư và phát triển UB Việt Nam,Website - Trang TTĐT tổng hợp,,Giấy phép (TVPL PDF),,valid,
taichinhdoanhnghiep.net.vn,Tạp chí Tài chính doanh nghiệp,"Website - Báo, tạp chí điện tử",,Giấy phép (TVPL PDF),,valid,
taichinhdoisong.vn,Công ty TNHH Truyền thông Finance Life,Website - Trang TTĐT tổng hợp,,Giấy phép (TVPL PDF),,valid,
taichinhnet.vn,Công ty Cổ phần truyền thông E.Life Việt Nam,Website - Trang TTĐT tổng hợp,,Giấy phép (TVPL PDF),,valid,
taichinhso.net.vn,Công ty Cổ phần Truyền thông Tài chính quốc tế Việt Nam,Website - Trang TTĐT tổng hợp,,Giấy phép (TVPL PDF),,valid,
taichinhthitruong.vn,CÔNG TY CỔ PHẦN NTCORP,Website - Trang TTĐT tổng hợp,,Giấy phép (TVPL PDF),,valid,
taichinhtieudung.vn,Công ty Cổ phần Truyền thông và Dịch vụ GBIZ,Website - Trang TTĐT tổng hợp,,Giấy phép (TVPL PDF),,valid,
taichinhtoandien.gov.vn,NGÂN HÀNG NHÀ NƯỚC VIỆT NAM,GIẤY PHÉP THIẾT LẬP TRANG THÔNG TIN ĐIỆN TỬ TỔNG HỢP,2021-03-09,Giấy phép (ABEI),35/GP-TTĐT,valid,https://giayphep.abei.gov.vn/
taichinhtoandien.vn,Công ty TNHH COMMEDIA,Website - Trang TTĐT tổng hợp,,Giấy phép (TVPL PDF),,valid,
taichinhvatieudung.vn,Công ty Cổ phần Sao Khuê Đông Á,Website - Trang TTĐT tổng hợp,,Giấy phép (TVPL PDF),,valid,
taichinhvietnam.net.vn,Công ty TNHH truyền thông Lan Tỏa Việt,Website - Trang TTĐT tổng hợp,,Giấy phép (TVPL PDF),,valid,
taihoatre.giaoducthoidai.vn,Báo Giáo dục và Thời đại,"Website - Báo, tạp chí điện tử",,Giấy phép (TVPL PDF),,valid,
tailieu.vn,CÔNG TY TNHH TÀI LIỆU TRỰC TUYẾN VI NA,GIẤY PHÉP CUNG CẤP DỊCH VỤ MẠNG XÃ HỘI,2026-03-09,Giấy phép (ABEI),38/GP-BVHTTDL,valid,https://giayphep.abei.gov.vn/
tainangviet.vn,"TRUNG TÂM PHÁT TRIỂN KHOA HỌC, CÔNG NGHỆ VÀ TÀI NĂNG TRẺ",GIẤY PHÉP THIẾT LẬP TRANG THÔNG TIN ĐIỆN TỬ TỔNG HỢP,2022-01-27,Giấy phép (ABEI),09/GP-TTĐT,valid,https://giayphep.abei.gov.vn/
tainguyenvamoitruong.vn,Tạp chí Tài nguyên và môi trường,"Website - Báo, tạp chí điện tử",,Giấy phép (TVPL PDF),,valid,
tainhaccho.vn,Công ty Cổ phần Công nghệ Truyền thông Hà Nội,Website - Trang mạng xã hội,,Giấy phép (TVPL PDF),,valid,
taisancong.vn,TRUNG TÂM DỮ LIỆU QUỐC GIA VỀ TÀI SẢN CÔNG (DPAC),GIẤY PHÉP THIẾT LẬP TRANG THÔNG TIN ĐIỆN TỬ TỔNG HỢP,2018-07-05,Giấy phép (ABEI),171/GP-TTĐT,invalid,https://giayphep.abei.gov.vn/
taisinh.zingplay.com,CÔNG TY TNHH ZINGPLAY VIỆT NAM,QUYẾT ĐỊNH PHÁT HÀNH TRÒ CHƠI ĐIỆN TỬ G1 TRÊN MẠNG,2024-07-15,Giấy phép (ABEI),1171/QĐ-BTTTT,valid,https://giayphep.abei.gov.vn/
talabaoboi.ggames.vn,CÔNG TY TNHH TRỰC TUYẾN THIÊN HÀ,QUYẾT ĐỊNH PHÁT HÀNH TRÒ CHƠI ĐIỆN TỬ G1 TRÊN MẠNG,2023-01-31,Giấy phép (ABEI),86/QĐ-BTTTT,valid,https://giayphep.abei.gov.vn/
talacaothuvolam.joyplay.vn,CÔNG TY TNHH JOYGAMES ,QUYẾT ĐỊNH PHÁT HÀNH TRÒ CHƠI ĐIỆN TỬ G1 TRÊN MẠNG,2026-02-13,Giấy phép (ABEI),84/QĐ-PTTH&TTĐT,valid,https://giayphep.abei.gov.vn/
talachienthan.splay.vn,CÔNG TY CỔ PHẦN VTC DỊCH VỤ DI ĐỘNG,QUYẾT ĐỊNH PHÁT HÀNH TRÒ CHƠI ĐIỆN TỬ G1 TRÊN MẠNG,2026-04-15,Giấy phép (ABEI),195/QĐ-PTTH&TTĐT,valid,https://giayphep.abei.gov.vn/
talachienthan.vn,CÔNG TY CỔ PHẦN VTC DỊCH VỤ DI ĐỘNG,QUYẾT ĐỊNH PHÁT HÀNH TRÒ CHƠI ĐIỆN TỬ G1 TRÊN MẠNG,2023-03-31,Giấy phép (ABEI),507/QĐ-BTTTT,invalid,https://giayphep.abei.gov.vn/
talahoangthuong.phoenix.com,CÔNG TY TNHH DỊCH VỤ GIẢI TRÍ PHƯỢNG HOÀNG,QUYẾT ĐỊNH PHÁT HÀNH TRÒ CHƠI ĐIỆN TỬ G1 TRÊN MẠNG,2020-05-14,Giấy phép (ABEI),800/QĐ-BTTTT,invalid,https://giayphep.abei.gov.vn/
talangoisao.phoeniz.com,CÔNG TY TNHH DỊCH VỤ GIẢI TRÍ PHƯỢNG HOÀNG,QUYẾT ĐỊNH PHÁT HÀNH TRÒ CHƠI ĐIỆN TỬ G1 TRÊN MẠNG,2020-11-24,Giấy phép (ABEI),2033/QĐ-BTTTT,invalid,https://giayphep.abei.gov.vn/
talkbeauty.vn,Công ty TNHH Xích Đạo Đôi,Website - Trang mạng xã hội,,Giấy phép (TVPL PDF),,valid,
talktv.vn,CÔNG TY CỔ PHẦN VNG,Website - Trang mạng xã hội,,Giấy phép (TVPL PDF),,valid,
tamdao.vinhphuc.gov.vn,ỦY BAN NHÂN DÂN HUYỆN TAM ĐẢO,GIẤY PHÉP THIẾT LẬP TRANG THÔNG TIN ĐIỆN TỬ TỔNG HỢP,2013-08-08,Giấy phép (ABEI),109/GP-TTĐT,invalid,https://giayphep.abei.gov.vn/
tamgioi.vgplay.vn,CÔNG TY CỔ PHẦN VGP,QUYẾT ĐỊNH PHÁT HÀNH TRÒ CHƠI ĐIỆN TỬ G1 TRÊN MẠNG,2019-03-11,Giấy phép (ABEI),269/QĐ-BTTTT,valid,https://giayphep.abei.gov.vn/
tamgioitp.vn,CÔNG TY CỔ PHẦN TEPAYLINK,QUYẾT ĐỊNH PHÁT HÀNH TRÒ CHƠI ĐIỆN TỬ G1 TRÊN MẠNG,2023-09-29,Giấy phép (ABEI),1874/QĐ-BTTTT,valid,https://giayphep.abei.gov.vn/
tamhontre.vn,Công ty Cổ phần Truyền thông và Công nghệ Minh Đức,Website - Trang TTĐT tổng hợp,,Giấy phép (TVPL PDF),,valid,
tamlongquyet.vn,CÔNG TY CỔ PHẦN VTC DỊCH VỤ DI ĐỘNG,QUYẾT ĐỊNH PHÁT HÀNH TRÒ CHƠI ĐIỆN TỬ G1 TRÊN MẠNG,2022-01-19,Giấy phép (ABEI),55/QĐ-BTTTT,invalid,https://giayphep.abei.gov.vn/
tamnhin.trithuccuocsong.vn,Báo Tri thức và Cuộc sống,"Website - Báo, tạp chí điện tử",,Giấy phép (TVPL PDF),,valid,
tamquoc.itap.vn,CÔNG TY CỔ PHẦN TRUYỀN HÌNH TƯƠNG TÁC VIỆT NAM,QUYẾT ĐỊNH PHÁT HÀNH TRÒ CHƠI ĐIỆN TỬ G1 TRÊN MẠNG,2021-07-20,Giấy phép (ABEI),1030/QĐ-BTTTT,valid,https://giayphep.abei.gov.vn/
tamquoc.mocgame.vn,CÔNG TY CỔ PHẦN TRÒ CHƠI MỘC,QUYẾT ĐỊNH PHÁT HÀNH TRÒ CHƠI ĐIỆN TỬ G1 TRÊN MẠNG,2022-04-04,Giấy phép (ABEI),622/QĐ-BTTTT,valid,https://giayphep.abei.gov.vn/
tamquoc36ke.vn,CÔNG TY CỔ PHẦN VTC DỊCH VỤ DI ĐỘNG ,QUYẾT ĐỊNH PHÁT HÀNH TRÒ CHƠI ĐIỆN TỬ G1 TRÊN MẠNG,2026-02-05,Giấy phép (ABEI),48/QĐ-PTTH&TTĐT,valid,https://giayphep.abei.gov.vn/
tamquoc3d.ygame.vn,CÔNG TY CỔ PHẦN GIẢI TRÍ YGAME,QUYẾT ĐỊNH PHÁT HÀNH TRÒ CHƠI ĐIỆN TỬ G1 TRÊN MẠNG,2024-12-03,Giấy phép (ABEI),2105/QĐ-BTTTT,valid,https://giayphep.abei.gov.vn/
tamquoc3q.vtcgame.vn,CÔNG TY VTC CÔNG NGHỆ VÀ NỘI DUNG SỐ,QUYẾT ĐỊNH PHÁT HÀNH TRÒ CHƠI ĐIỆN TỬ G1 TRÊN MẠNG,2016-12-30,Giấy phép (ABEI),2355/QĐ-BTTTT,invalid,https://giayphep.abei.gov.vn/
tamquoccaca.vn,CÔNG TY TNHH SOHA,QUYẾT ĐỊNH PHÁT HÀNH TRÒ CHƠI ĐIỆN TỬ G1 TRÊN MẠNG,2021-06-23,Giấy phép (ABEI),888 /QĐ-BTTTT,valid,https://giayphep.abei.gov.vn/
tamquocchess.vn,CÔNG TY TNHH SOHA,QUYẾT ĐỊNH PHÁT HÀNH TRÒ CHƠI ĐIỆN TỬ G1 TRÊN MẠNG,2022-12-08,Giấy phép (ABEI),2274/QĐ-BTTTT,valid,https://giayphep.abei.gov.vn/
tamquocchi.splay.vn,CÔNG TY CỔ PHẦN VTC DỊCH VỤ DI ĐỘNG,QUYẾT ĐỊNH PHÁT HÀNH TRÒ CHƠI ĐIỆN TỬ G1 TRÊN MẠNG,2026-07-08,Giấy phép (ABEI),410/QĐ-PTTH&TTĐT,valid,https://giayphep.abei.gov.vn/
tamquocchi.vn,CÔNG TY CỔ PHẦN VTC DỊCH VỤ DI ĐỘNG,QUYẾT ĐỊNH PHÁT HÀNH TRÒ CHƠI ĐIỆN TỬ G1 TRÊN MẠNG,2021-08-30,Giấy phép (ABEI),1326/QĐ-BTTTT,invalid,https://giayphep.abei.gov.vn/
tamquocchien.vn,CÔNG TY CỔ PHẦN VTC DỊCH VỤ DI ĐỘNG,QUYẾT ĐỊNH PHÁT HÀNH TRÒ CHƠI ĐIỆN TỬ G1 TRÊN MẠNG,2016-02-01,Giấy phép (ABEI),172/QĐ-BTTTT,invalid,https://giayphep.abei.gov.vn/
tamquocchienchibi.vn,CÔNG TY CỔ PHẦN VIỆT NAM TACTIC,QUYẾT ĐỊNH PHÁT HÀNH TRÒ CHƠI ĐIỆN TỬ G1 TRÊN MẠNG,2020-12-24,Giấy phép (ABEI),2284/QĐ-BTTTT,valid,https://giayphep.abei.gov.vn/
tamquocchiton.gss.vn,CÔNG TY CỔ PHẦN ĐẦU TƯ GSS,QUYẾT ĐỊNH PHÁT HÀNH TRÒ CHƠI ĐIỆN TỬ G1 TRÊN MẠNG,2023-04-26,Giấy phép (ABEI),723/QĐ-BTTTT,valid,https://giayphep.abei.gov.vn/
tamquocgaca.vn,CÔNG TY TNHH SOHA,QUYẾT ĐỊNH PHÁT HÀNH TRÒ CHƠI ĐIỆN TỬ G1 TRÊN MẠNG,2021-06-23,Giấy phép (ABEI),888/QĐ-BTTTT,valid,https://giayphep.abei.gov.vn/
tamquocgo.playfun.vn,CÔNG TY CỔ PHẦN FUNTAP,QUYẾT ĐỊNH PHÁT HÀNH TRÒ CHƠI ĐIỆN TỬ G1 TRÊN MẠNG,2022-05-27,Giấy phép (ABEI),976 /QĐ-BTTTT,valid,https://giayphep.abei.gov.vn/
tamquocgo.vn,CÔNG TY CỔ PHẦN FUNTAP,QUYẾT ĐỊNH PHÁT HÀNH TRÒ CHƠI ĐIỆN TỬ G1 TRÊN MẠNG,2017-06-30,Giấy phép (ABEI),1047/QĐ-BTTTT,invalid,https://giayphep.abei.gov.vn/
tamquoch5.vn,CÔNG TY CỔ PHẦN CÔNG NGHỆ GTV VIỆT NAM,QUYẾT ĐỊNH PHÁT HÀNH TRÒ CHƠI ĐIỆN TỬ G1 TRÊN MẠNG,2020-01-08,Giấy phép (ABEI),36 /QĐ-BTTTT,valid,https://giayphep.abei.gov.vn/
tamquochuyentuong.cmn.vn,CÔNG TY CỔ PHẦN TRỰC TUYẾN CMN VIỆT NAM,QUYẾT ĐỊNH PHÁT HÀNH TRÒ CHƠI ĐIỆN TỬ G1 TRÊN MẠNG,2022-07-15,Giấy phép (ABEI),1388/QĐ-BTTTT,invalid,https://giayphep.abei.gov.vn/
tamquochuyentuong.vnggames.com,CÔNG TY CỔ PHẦN VNG,QUYẾT ĐỊNH PHÁT HÀNH TRÒ CHƠI ĐIỆN TỬ G1 TRÊN MẠNG,2025-05-30,Giấy phép (ABEI),217/QĐ-PTTH&TTĐT,valid,https://giayphep.abei.gov.vn/
tamquocidle.vn,CÔNG TY CỔ PHẦN DỊCH VỤ CÔNG NGHỆ THÔNG TIN GIẢI TRÍ VIỆT,QUYẾT ĐỊNH PHÁT HÀNH TRÒ CHƠI ĐIỆN TỬ G1 TRÊN MẠNG,2019-04-11,Giấy phép (ABEI),566 /QĐ-BTTTT,invalid,https://giayphep.abei.gov.vn/
tamquockytran.vn,CÔNG TY CỔ PHẦN FUNTAP,QUYẾT ĐỊNH PHÁT HÀNH TRÒ CHƠI ĐIỆN TỬ G1 TRÊN MẠNG,2019-03-04,Giấy phép (ABEI),244/QĐ-BTTTT,valid,https://giayphep.abei.gov.vn/
tamquoclegend.splay.vn,CÔNG TY CỔ PHẦN VTC DỊCH VỤ DI ĐỘNG,QUYẾT ĐỊNH PHÁT HÀNH TRÒ CHƠI ĐIỆN TỬ G1 TRÊN MẠNG,2025-05-30,Giấy phép (ABEI),220/QĐ-PTTH&TTĐT,valid,https://giayphep.abei.gov.vn/
tamquoclienkich.vn,CÔNG TY TNHH SOHA,QUYẾT ĐỊNH PHÁT HÀNH TRÒ CHƠI ĐIỆN TỬ G1 TRÊN MẠNG,2018-06-08,Giấy phép (ABEI),886/QĐ-BTTTT,valid,https://giayphep.abei.gov.vn/
tamquoclienminh.vn,CÔNG TY TNHH SOHA,QUYẾT ĐỊNH PHÁT HÀNH TRÒ CHƠI ĐIỆN TỬ G1 TRÊN MẠNG,2021-01-22,Giấy phép (ABEI),82/QĐ-BTTTT,valid,https://giayphep.abei.gov.vn/
tamquocloanchien.playfun.vn,CÔNG TY CỔ PHẦN FUNTAP,QUYẾT ĐỊNH PHÁT HÀNH TRÒ CHƠI ĐIỆN TỬ G1 TRÊN MẠNG,2021-04-19,Giấy phép (ABEI),503 /QĐ-BTTTT,valid,https://giayphep.abei.gov.vn/
tamquocmeo.vn,CÔNG TY TNHH SOHA,QUYẾT ĐỊNH PHÁT HÀNH TRÒ CHƠI ĐIỆN TỬ G1 TRÊN MẠNG,2024-06-05,Giấy phép (ABEI),921/QĐ-BTTTT,valid,https://giayphep.abei.gov.vn/
tamquocmoba.vtcgame.vn,CÔNG TY VTC CÔNG NGHỆ VÀ NỘI DUNG SỐ,QUYẾT ĐỊNH PHÁT HÀNH TRÒ CHƠI ĐIỆN TỬ G1 TRÊN MẠNG,2017-06-14,Giấy phép (ABEI),908/QĐ-BTTTT,invalid,https://giayphep.abei.gov.vn/
tamquocorigin.playfun.vn,CÔNG TY CỔ PHẦN FUNTAP,QUYẾT ĐỊNH PHÁT HÀNH TRÒ CHƠI ĐIỆN TỬ G1 TRÊN MẠNG,2020-07-14,Giấy phép (ABEI),1194 /QĐ-BTTTT,valid,https://giayphep.abei.gov.vn/
tamquocphanxu.vn,CÔNG TY CỔ PHẦN VGP,QUYẾT ĐỊNH PHÁT HÀNH TRÒ CHƠI ĐIỆN TỬ G1 TRÊN MẠNG,2017-12-07,Giấy phép (ABEI),2253/QĐ-BTTTT,valid,https://giayphep.abei.gov.vn/
tamquocquananh.vn,CÔNG TY TNHH SOHA,QUYẾT ĐỊNH PHÁT HÀNH TRÒ CHƠI ĐIỆN TỬ G1 TRÊN MẠNG,2018-05-18,Giấy phép (ABEI),760/QĐ-BTTTT,valid,https://giayphep.abei.gov.vn/
tamquocquananh.vplay.vn,CÔNG TY CỔ PHẦN TRUYỀN HÌNH TƯƠNG TÁC VIỆT NAM,QUYẾT ĐỊNH PHÁT HÀNH TRÒ CHƠI ĐIỆN TỬ G1 TRÊN MẠNG,2026-06-16,Giấy phép (ABEI),350/QĐ-PTTH&TTĐT,valid,https://giayphep.abei.gov.vn/
tamquocthanma.vn,CÔNG TY CỔ PHẦN SKYWAY,QUYẾT ĐỊNH PHÁT HÀNH TRÒ CHƠI ĐIỆN TỬ G1 TRÊN MẠNG,2022-01-24,Giấy phép (ABEI),111/QĐ-BTTTT,valid,https://giayphep.abei.gov.vn/
tamquoctocchien.vn,CÔNG TY TNHH SOHA,QUYẾT ĐỊNH PHÁT HÀNH TRÒ CHƠI ĐIỆN TỬ G1 TRÊN MẠNG,2020-05-09,Giấy phép (ABEI),307/QĐ-BTTTT,valid,https://giayphep.abei.gov.vn/
tamquoctruyenkymobile.playfun.vn,CÔNG TY CỔ PHẦN FUNTAP,QUYẾT ĐỊNH PHÁT HÀNH TRÒ CHƠI ĐIỆN TỬ G1 TRÊN MẠNG,2022-05-27,Giấy phép (ABEI),973 /QĐ-BTTTT,valid,https://giayphep.abei.gov.vn/
tamquoctuthoica.sohagame.vn,CÔNG TY TNHH SOHA,QUYẾT ĐỊNH PHÁT HÀNH TRÒ CHƠI ĐIỆN TỬ G1 TRÊN MẠNG,2026-07-03,Giấy phép (ABEI),383/QĐ-PTTH&TTĐT,valid,https://giayphep.abei.gov.vn/
tamquocvidieu.vn,CÔNG TY TNHH SOHA,QUYẾT ĐỊNH PHÁT HÀNH TRÒ CHƠI ĐIỆN TỬ G1 TRÊN MẠNG,2019-07-18,Giấy phép (ABEI),1091/QĐ-BTTTT,valid,https://giayphep.abei.gov.vn/
tamquocvosongtuongquan.atgame.com.vn,CÔNG TY TNHH CÔNG NGHỆ MẠNG AT ,QUYẾT ĐỊNH PHÁT HÀNH TRÒ CHƠI ĐIỆN TỬ G1 TRÊN MẠNG,2026-01-13,Giấy phép (ABEI),12/QĐ-PTTH&TTĐT,valid,https://giayphep.abei.gov.vn/
tamquocvuonggia.vn,CÔNG TY CỔ PHẦN FUNTAP,QUYẾT ĐỊNH PHÁT HÀNH TRÒ CHƠI ĐIỆN TỬ G1 TRÊN MẠNG,2019-03-04,Giấy phép (ABEI),245/QĐ-BTTTT,valid,https://giayphep.abei.gov.vn/
tamquocx.playfun.vn,CÔNG TY CỔ PHẦN FUNTAP,QUYẾT ĐỊNH PHÁT HÀNH TRÒ CHƠI ĐIỆN TỬ G1 TRÊN MẠNG,2022-11-22,Giấy phép (ABEI),2310/QĐ-BTTTT,valid,https://giayphep.abei.gov.vn/
tamsinhkiep.vn,CÔNG TY CỔ PHẦN XTV,QUYẾT ĐỊNH PHÁT HÀNH TRÒ CHƠI ĐIỆN TỬ G1 TRÊN MẠNG,2019-01-29,Giấy phép (ABEI),121/QĐ-BTTTT,invalid,https://giayphep.abei.gov.vn/
tamsucuocsong.vn,Công ty cổ phần Maxgroup,Website - Trang TTĐT tổng hợp,,Giấy phép (TVPL PDF),,valid,
tamsudaokeo.com.vn,Cấp giấy phép thiết lập trang mạng xã hội của Công ty TNHH Tâm sự Dao kéo,Website - Trang mạng xã hội,,Giấy phép (TVPL PDF),,valid,
tamsudaokeo.info,Cấp giấy phép thiết lập trang mạng xã hội của Công ty TNHH Tâm sự Dao kéo,Website - Trang mạng xã hội,,Giấy phép (TVPL PDF),,valid,
tamtay.vn,Công ty Cổ phần Tamtay,Website - Trang mạng xã hội,,Giấy phép (TVPL PDF),,valid,
tamthe.efun.vn,CÔNG TY CỔ PHẦN CÔNG NGHỆ EFUN VIỆT NAM,QUYẾT ĐỊNH PHÁT HÀNH TRÒ CHƠI ĐIỆN TỬ G1 TRÊN MẠNG,2020-03-18,Giấy phép (ABEI),1032/QĐ-BTTTT,valid,https://giayphep.abei.gov.vn/
tamtinh.vn,CÔNG TY CỔ PHẦN OPP VIỆT NAM,GIẤY PHÉP CUNG CẤP DỊCH VỤ MẠNG XÃ HỘI,2018-10-30,Giấy phép (ABEI),382/GP-BTTTT,invalid,https://giayphep.abei.gov.vn/
www.congdongyduoc.vn,CÔNG TY CỔ PHẦN OPP VIỆT NAM,GIẤY PHÉP CUNG CẤP DỊCH VỤ MẠNG XÃ HỘI,2023-04-14,Giấy phép (ABEI),122/GP-BTTTT,valid,https://giayphep.abei.gov.vn/
tamviet.tienphong.vn,"Báo Tiền Phong,","Website - Báo, tạp chí điện tử",,Giấy phép (TVPL PDF),,valid,
tan3qmax.vn,CÔNG TY CỔ PHẦN GIẢI TRÍ TRỰC TUYẾN 3T,QUYẾT ĐỊNH PHÁT HÀNH TRÒ CHƠI ĐIỆN TỬ G1 TRÊN MẠNG,2022-04-04,Giấy phép (ABEI),626 /QĐ-BTTTT,valid,https://giayphep.abei.gov.vn/
tanbinhrc.com,Hội Chữ Thập Đỏ Quận Tân Bình (tanbinhrc.vn),Website - Trang TTĐT tổng hợp,,Giấy phép (TVPL PDF),,valid,
tanchanlong.oeg.vn,CÔNG TY CỔ PHẦN TẬP ĐOÀN GIẢI TRÍ ĐẠI DƯƠNG,QUYẾT ĐỊNH PHÁT HÀNH TRÒ CHƠI ĐIỆN TỬ G1 TRÊN MẠNG,2026-03-30,Giấy phép (ABEI),153/QĐ-PTTH&TTĐT,valid,https://giayphep.abei.gov.vn/
tangkiemmobile.vn,CÔNG TY TNHH SOHA,QUYẾT ĐỊNH PHÁT HÀNH TRÒ CHƠI ĐIỆN TỬ G1 TRÊN MẠNG,2021-07-29,Giấy phép (ABEI),1111/QĐ-BTTTT,invalid,https://giayphep.abei.gov.vn/
tanhiepkhach.com.vn,CÔNG TY CỔ PHẦN CÔNG NGHỆ MOBI-GAME,QUYẾT ĐỊNH PHÁT HÀNH TRÒ CHƠI ĐIỆN TỬ G1 TRÊN MẠNG,2021-04-29,Giấy phép (ABEI),571/QĐ-BTTTT,valid,https://giayphep.abei.gov.vn/
tankiem.gamota.com,CÔNG TY CỔ PHẦN GAMOTA,QUYẾT ĐỊNH PHÁT HÀNH TRÒ CHƠI ĐIỆN TỬ G1 TRÊN MẠNG,2018-01-12,Giấy phép (ABEI),36/QĐ-BTTTT,invalid,https://giayphep.abei.gov.vn/
tankynguyen.vn,CÔNG TY TNHH CÔNG NGHỆ GIẢI TRÍ CHÂU Á,QUYẾT ĐỊNH PHÁT HÀNH TRÒ CHƠI ĐIỆN TỬ G1 TRÊN MẠNG,2022-02-10,Giấy phép (ABEI),181/QĐ-BTTTT,valid,https://giayphep.abei.gov.vn/
tanlocdinhky.esgame.vn,CÔNG TY CỔ PHẦN ĐẦU TƯ & CÔNG NGHỆ MCORP,QUYẾT ĐỊNH PHÁT HÀNH TRÒ CHƠI ĐIỆN TỬ G1 TRÊN MẠNG,2020-06-11,Giấy phép (ABEI),976 /QĐ-BTTTT,valid,https://giayphep.abei.gov.vn/
tanminhchu.vn,CÔNG TY TNHH SOHA,QUYẾT ĐỊNH PHÁT HÀNH TRÒ CHƠI ĐIỆN TỬ G1 TRÊN MẠNG,2020-12-29,Giấy phép (ABEI),2336 /QĐ-BTTTT,valid,https://giayphep.abei.gov.vn/
tanngoalong.vnggames.com,CÔNG TY CỔ PHẦN TẬP ĐOÀN VNG,QUYẾT ĐỊNH PHÁT HÀNH TRÒ CHƠI ĐIỆN TỬ G1 TRÊN MẠNG,2022-02-21,Giấy phép (ABEI),306 /OĐ-BTTTT,valid,https://giayphep.abei.gov.vn/
tannhatkiem.playfun.vn,CÔNG TY CỔ PHẦN FUNTAP,QUYẾT ĐỊNH PHÁT HÀNH TRÒ CHƠI ĐIỆN TỬ G1 TRÊN MẠNG,2024-06-10,Giấy phép (ABEI),949/QĐ-BTTTT,valid,https://giayphep.abei.gov.vn/
tanolongvien.vn,CÔNG TY TNHH SOHA,QUYẾT ĐỊNH PHÁT HÀNH TRÒ CHƠI ĐIỆN TỬ G1 TRÊN MẠNG,2022-06-14,Giấy phép (ABEI),1079/QĐ-BTTTT,invalid,https://giayphep.abei.gov.vn/
tanomg3q.vnggames.com,Công ty TNHH VNGGames ,QUYẾT ĐỊNH PHÁT HÀNH TRÒ CHƠI ĐIỆN TỬ G1 TRÊN MẠNG,2025-12-24,Giấy phép (ABEI),577/QĐ-PTTH&TTĐT,invalid,https://giayphep.abei.gov.vn/
tanomg3q.zing.vn,CÔNG TY TNHH TRUYỀN THÔNG MINH PHƯƠNG THỊNH,QUYẾT ĐỊNH PHÁT HÀNH TRÒ CHƠI ĐIỆN TỬ G1 TRÊN MẠNG,2021-03-23,Giấy phép (ABEI),350/QĐ-BTTTT,invalid,https://giayphep.abei.gov.vn/
tanphamnhan.vn,CÔNG TY CỔ PHẦN TRỰC TUYẾN CMN VIỆT NAM,QUYẾT ĐỊNH PHÁT HÀNH TRÒ CHƠI ĐIỆN TỬ G1 TRÊN MẠNG,2021-07-19,Giấy phép (ABEI),1020/QĐ-BTTTT,valid,https://giayphep.abei.gov.vn/
tanquoctruyenkymobile.vn,CÔNG TY CỔ PHẦN FUNTAP,QUYẾT ĐỊNH PHÁT HÀNH TRÒ CHƠI ĐIỆN TỬ G1 TRÊN MẠNG,2017-10-31,Giấy phép (ABEI),1892/QĐ-BTTTT,invalid,https://giayphep.abei.gov.vn/
tansumuoi.gamota.com,CÔNG TY CỔ PHẦN GAMOTA,QUYẾT ĐỊNH PHÁT HÀNH TRÒ CHƠI ĐIỆN TỬ G1 TRÊN MẠNG,2017-10-02,Giấy phép (ABEI),1641/QĐ-BTTTT,valid,https://giayphep.abei.gov.vn/
tantamquocchi.100d.mobi,CÔNG TY CỔ PHẦN GIẢI TRÍ 100 ĐỘ,QUYẾT ĐỊNH PHÁT HÀNH TRÒ CHƠI ĐIỆN TỬ G1 TRÊN MẠNG,2019-12-05,Giấy phép (ABEI),2120 /QĐ-BTTTT,invalid,https://giayphep.abei.gov.vn/
tantayduky.vn,CÔNG TY CỔ PHẦN TEPAYLINK,QUYẾT ĐỊNH PHÁT HÀNH TRÒ CHƠI ĐIỆN TỬ G1 TRÊN MẠNG,2025-02-20,Giấy phép (ABEI),42/QĐ-PTTH&TTĐT,valid,https://giayphep.abei.gov.vn/
tanthegioi.zoneplay.vn,CÔNG TY CỔ PHẦN GZONE MEDIA VIỆT NAM,QUYẾT ĐỊNH PHÁT HÀNH TRÒ CHƠI ĐIỆN TỬ G1 TRÊN MẠNG,2025-01-17,Giấy phép (ABEI),56/QĐ-BTTTT,valid,https://giayphep.abei.gov.vn/
tanthienha.vn,CÔNG TY TNHH SOHA,QUYẾT ĐỊNH PHÁT HÀNH TRÒ CHƠI ĐIỆN TỬ G1 TRÊN MẠNG,2019-07-18,Giấy phép (ABEI),1090/QĐ-BTTTT,valid,https://giayphep.abei.gov.vn/
tanthienlongkiem.vn,CÔNG TY CỔ PHẦN TRỰC TUYẾN GOSU,QUYẾT ĐỊNH PHÁT HÀNH TRÒ CHƠI ĐIỆN TỬ G1 TRÊN MẠNG,2024-06-10,Giấy phép (ABEI),948/QĐ-BTTTT,invalid,https://giayphep.abei.gov.vn/
tantruongsinhquyet.vn,CÔNG TY TNHH SOHA,QUYẾT ĐỊNH PHÁT HÀNH TRÒ CHƠI ĐIỆN TỬ G1 TRÊN MẠNG,2020-06-11,Giấy phép (ABEI),978/QĐ-BTTTT,valid,https://giayphep.abei.gov.vn/
tanvolam.gigantic.vn,CÔNG TY CỔ PHẦN GIẢI TRÍ TRỰC TUYẾN GIGANTIC ,QUYẾT ĐỊNH PHÁT HÀNH TRÒ CHƠI ĐIỆN TỬ G1 TRÊN MẠNG,2026-04-16,Giấy phép (ABEI),200/QĐ-PTTH&TTĐT,valid,https://giayphep.abei.gov.vn/
tanvuongthienha.vn,CÔNG TY TNHH SOHA,QUYẾT ĐỊNH PHÁT HÀNH TRÒ CHƠI ĐIỆN TỬ G1 TRÊN MẠNG,2018-07-23,Giấy phép (ABEI),1226/QĐ-BTTTT,valid,https://giayphep.abei.gov.vn/
taothaotruyen.vmggame.vn,CÔNG TY CỔ PHẦN TRUYỀN THÔNG VMG,QUYẾT ĐỊNH PHÁT HÀNH TRÒ CHƠI ĐIỆN TỬ G1 TRÊN MẠNG,2017-01-13,Giấy phép (ABEI),47/QĐ-BTTTT,valid,https://giayphep.abei.gov.vn/
tapchi.hanu.edu.vn,Tạp chí Khoa học ngoại ngữ,"Website - Báo, tạp chí điện tử",,Giấy phép (TVPL PDF),,valid,
tapchi.tump.edu.vn,Tạp chí khoa học và công nghệ y dược,"Website - Báo, tạp chí điện tử",,Giấy phép (TVPL PDF),,valid,
tapchibaohiemxahoi.gov.vna,Tạp chí Bảo hiểm xã hội,"Website - Báo, tạp chí điện tử",,Giấy phép (TVPL PDF),,valid,
tapchicand.gov.vn,Tạp chí Công an nhân dân,"Website - Báo, tạp chí điện tử",,Giấy phép (TVPL PDF),,valid,
tapchicanhsat.com.vn,"TẠP CHÍ CẢNH SÁT PHÒNG, CHỐNG TỘI PHẠM",GIẤY PHÉP THIẾT LẬP TRANG THÔNG TIN ĐIỆN TỬ TỔNG HỢP,2015-12-09,Giấy phép (ABEI),172/GP-TTĐT,invalid,https://giayphep.abei.gov.vn/
www.phongchongmatuy.com.vn,"TẠP CHÍ CẢNH SÁT PHÒNG, CHỐNG TỘI PHẠM",GIẤY PHÉP THIẾT LẬP TRANG THÔNG TIN ĐIỆN TỬ TỔNG HỢP,2015-12-09,Giấy phép (ABEI),172/GP-TTĐT,invalid,https://giayphep.abei.gov.vn/
tapchicaosu.vn,TẠP CHÍ CAO SU VIỆT NAM,GIẤY PHÉP THIẾT LẬP TRANG THÔNG TIN ĐIỆN TỬ TỔNG HỢP,2015-04-09,Giấy phép (ABEI),28/GP-TTĐT,invalid,https://giayphep.abei.gov.vn/
tapchicapthoatnuocvn.vn,Tạp chí Cấp thoát nước Việt Nam,"Website - Báo, tạp chí điện tử",,Giấy phép (TVPL PDF),,valid,
tapchichungkhoanvietnam.vn,TẠP CHÍ CHỨNG KHOÁN,GIẤY PHÉP THIẾT LẬP TRANG THÔNG TIN ĐIỆN TỬ TỔNG HỢP,2020-12-22,Giấy phép (ABEI),241/GP-TTĐT,valid,https://giayphep.abei.gov.vn/
www.tapchichungkhoan.vn,TẠP CHÍ CHỨNG KHOÁN,GIẤY PHÉP THIẾT LẬP TRANG THÔNG TIN ĐIỆN TỬ TỔNG HỢP,2020-12-22,Giấy phép (ABEI),241/GP-TTĐT,valid,https://giayphep.abei.gov.vn/
www.chungkhoanvietnam.net.vn,TẠP CHÍ CHỨNG KHOÁN,GIẤY PHÉP THIẾT LẬP TRANG THÔNG TIN ĐIỆN TỬ TỔNG HỢP,2018-11-27,Giấy phép (ABEI),300/GP-TTĐT,invalid,https://giayphep.abei.gov.vn/
tapchicnnh.buh.edu.vn,TẠP CHÍ CÔNG NGHỆ NGÂN HÀNG,GIẤY PHÉP THIẾT LẬP TRANG THÔNG TIN ĐIỆN TỬ TỔNG HỢP,2016-11-11,Giấy phép (ABEI),201/GP-TTĐT,valid,https://giayphep.abei.gov.vn/
tapchicongannhandan.vn,TẠP CHÍ CÔNG AN NHÂN DÂN,GIẤY PHÉP THIẾT LẬP TRANG THÔNG TIN ĐIỆN TỬ TỔNG HỢP,2018-01-16,Giấy phép (ABEI),16/GP-TTĐT,valid,https://giayphep.abei.gov.vn/
www.anninhvaxahoi.com.vn,TẠP CHÍ CÔNG AN NHÂN DÂN,GIẤY PHÉP THIẾT LẬP TRANG THÔNG TIN ĐIỆN TỬ TỔNG HỢP,2018-01-16,Giấy phép (ABEI),16/GP-TTĐT,valid,https://giayphep.abei.gov.vn/
www.anninhvaxahoi.vn,TẠP CHÍ CÔNG AN NHÂN DÂN,GIẤY PHÉP THIẾT LẬP TRANG THÔNG TIN ĐIỆN TỬ TỔNG HỢP,2018-01-16,Giấy phép (ABEI),16/GP-TTĐT,valid,https://giayphep.abei.gov.vn/
www.tapchicongannhandan.vn,TẠP CHÍ CÔNG AN NHÂN DÂN,GIẤY PHÉP THIẾT LẬP TRANG THÔNG TIN ĐIỆN TỬ TỔNG HỢP,2017-11-30,Giấy phép (ABEI),359/GP-TTĐT,invalid,https://giayphep.abei.gov.vn/
www.anninhvaxhoi.vn,TẠP CHÍ CÔNG AN NHÂN DÂN,GIẤY PHÉP THIẾT LẬP TRANG THÔNG TIN ĐIỆN TỬ TỔNG HỢP,2017-11-30,Giấy phép (ABEI),359/GP-TTĐT,invalid,https://giayphep.abei.gov.vn/
tapchicongnghegtvt.vn,Tạp chí Khoa học Công nghệ Giao thông vận tải,"Website - Báo, tạp chí điện tử",,Giấy phép (TVPL PDF),,valid,
tapchicongsan.org.vn,Tạp chí Cộng sản,"Website - Báo, tạp chí điện tử",,Giấy phép (TVPL PDF),,valid,
tapchicongthuong.vn,Tạp chí Công Thương,"Website - Báo, tạp chí điện tử",,Giấy phép (TVPL PDF),,valid,
tapchicuaviet.com.vn,TẠP CHÍ CỬA VIỆT,GIẤY PHÉP THIẾT LẬP TRANG THÔNG TIN ĐIỆN TỬ TỔNG HỢP,2018-07-12,Giấy phép (ABEI),183/GP-TTĐT,invalid,https://giayphep.abei.gov.vn/
tapchicuviet.com.vn,TẠP CHÍ CỬA VIỆT,GIẤY PHÉP THIẾT LẬP TRANG THÔNG TIN ĐIỆN TỬ TỔNG HỢP,2020-05-29,Giấy phép (ABEI),76/GP-TTĐT,valid,https://giayphep.abei.gov.vn/
tapchidhhs.vn,Tạp chí Khoa học Trường Đại học Hoa Sen,"Website - Báo, tạp chí điện tử",,Giấy phép (TVPL PDF),,valid,
tapchidongnama.vn,Tạp chí Đông Nam Á,"Website - Báo, tạp chí điện tử",,Giấy phép (TVPL PDF),,valid,
tapchidouong.com.vn,TẠP CHÍ ĐỒ UỐNG VIỆT NAM,GIẤY PHÉP THIẾT LẬP TRANG THÔNG TIN ĐIỆN TỬ TỔNG HỢP,2017-04-14,Giấy phép (ABEI),98/GP-TTĐT,invalid,https://giayphep.abei.gov.vn/
tapchidulich.vn,Tạp chí Du lịch,"Website - Báo, tạp chí điện tử",,Giấy phép (TVPL PDF),,valid,
tapchigiacam.vn,TẠP CHÍ THẾ GIỚI GIA CẦM,GIẤY PHÉP THIẾT LẬP TRANG THÔNG TIN ĐIỆN TỬ TỔNG HỢP,2018-10-13,Giấy phép (ABEI),254/GP-TTĐT,invalid,https://giayphep.abei.gov.vn/
tapchigiadinhmoi.vn,Tạp chí điện tử Gia đình mới,"Website - Báo, tạp chí điện tử",,Giấy phép (TVPL PDF),,valid,
tapchigiaoduc.moet.edu.vn,TẠP CHÍ GIÁO DỤC,GIẤY PHÉP THIẾT LẬP TRANG THÔNG TIN ĐIỆN TỬ TỔNG HỢP,2016-06-30,Giấy phép (ABEI),72/GP-TTĐT,valid,https://giayphep.abei.gov.vn/
tapchigiaothong.vn,Tạp chí Giao thông vận tải,"Website - Báo, tạp chí điện tử",,Giấy phép (TVPL PDF),,valid,
tapchihanquoc.com,Tạp chí Hàn Quốc,Website - Trang TTĐT tổng hợp,,Giấy phép (TVPL PDF),,valid,
tapchihanquoc.vn,Tạp chí Hàn Quốc,Website - Trang TTĐT tổng hợp,,Giấy phép (TVPL PDF),,valid,
www.tapchihanquoc.com.vn,TẠP CHÍ HÀN QUỐC,GIẤY PHÉP THIẾT LẬP TRANG THÔNG TIN ĐIỆN TỬ TỔNG HỢP,2013-01-08,Giấy phép (ABEI),01/GP-TTĐT,invalid,https://giayphep.abei.gov.vn/
www.tapchihanquoc.com,TẠP CHÍ HÀN QUỐC,GIẤY PHÉP THIẾT LẬP TRANG THÔNG TIN ĐIỆN TỬ TỔNG HỢP,2013-01-08,Giấy phép (ABEI),01/GP-TTĐT,invalid,https://giayphep.abei.gov.vn/
www.news.vlive.tv,TẠP CHÍ HÀN QUỐC,GIẤY PHÉP THIẾT LẬP TRANG THÔNG TIN ĐIỆN TỬ TỔNG HỢP,2018-05-10,Giấy phép (ABEI),112/GP-TTĐT,invalid,https://giayphep.abei.gov.vn/
tapchihuunghi.vn,TẠP CHÍ HỮU NGHỊ,GIẤY PHÉP THIẾT LẬP TRANG THÔNG TIN ĐIỆN TỬ TỔNG HỢP,2016-11-21,Giấy phép (ABEI),216/GP-TTĐT,valid,https://giayphep.abei.gov.vn/
tapchiketoankiemtoan.vn,Tạp chí Kế toán và Kiểm toán,"Website - Báo, tạp chí điện tử",,Giấy phép (TVPL PDF),,valid,
tapchikhcn.saodo.edu.vn,Tạp chí Nghiên cứu khoa học- Đại học Sao đỏ,"Website - Báo, tạp chí điện tử",,Giấy phép (TVPL PDF),,valid,
tapchikhoahocdainam.vn,Tạp chí Khoa học Đại Nam,"Website - Báo, tạp chí điện tử",,Giấy phép (TVPL PDF),,valid,
tapchikhoahochongbang.vn,Tạp chí Khoa học Đại học Quốc tế Hồng Bàng,"Website - Báo, tạp chí điện tử",,Giấy phép (TVPL PDF),,valid,
tapchikhoahocnongnghiep.vn,TẠP CHÍ NÔNG NGHIỆP VÀ PHÁT TRIỂN NÔNG THÔN,GIẤY PHÉP THIẾT LẬP TRANG THÔNG TIN ĐIỆN TỬ TỔNG HỢP,2015-04-21,Giấy phép (ABEI),32/GP-TTĐT,invalid,https://giayphep.abei.gov.vn/
tapchimattran.vn,Tạp chí Mặt trận,"Website - Báo, tạp chí điện tử",,Giấy phép (TVPL PDF),,valid,
tapchimoitruong.vn,TẠP CHÍ MÔI TRƯỜNG,GIẤY PHÉP THIẾT LẬP TRANG THÔNG TIN ĐIỆN TỬ TỔNG HỢP,2020-05-08,Giấy phép (ABEI),59/GP-TTĐT,invalid,https://giayphep.abei.gov.vn/
tapchinganhang.com.vn,Tạp chí Ngân hàng,"Website - Báo, tạp chí điện tử",,Giấy phép (TVPL PDF),,valid,
www.tapchinganhang.gov.vn,TẠP CHÍ NGÂN HÀNG,GIẤY PHÉP THIẾT LẬP TRANG THÔNG TIN ĐIỆN TỬ TỔNG HỢP,2020-08-27,Giấy phép (ABEI),153/GP-TTĐT,valid,https://giayphep.abei.gov.vn/
tapchinganhang.gov.vn,Tạp chí Ngân hàng,"Website - Báo, tạp chí điện tử",,Giấy phép (TVPL PDF),,valid,
tapchinghethuatbieudien.vn,TẠP CHÍ NGHỆ THUẬT BIỂU DIỄN,GIẤY PHÉP THIẾT LẬP TRANG THÔNG TIN ĐIỆN TỬ TỔNG HỢP,2016-04-19,Giấy phép (ABEI),33/GP-TTĐT,invalid,https://giayphep.abei.gov.vn/
tapchinhatrang.com.vn,TẠP CHÍ NHA TRANG,GIẤY PHÉP THIẾT LẬP TRANG THÔNG TIN ĐIỆN TỬ TỔNG HỢP,2016-12-07,Giấy phép (ABEI),240/GP-TTĐT,valid,https://giayphep.abei.gov.vn/
tapchinuoc.vn,Tạp chí Cấp thoát nước Việt Nam,"Website - Báo, tạp chí điện tử",,Giấy phép (TVPL PDF),,valid,
tapchiqptd.vn,Tạp chí Quốc phòng toàn dân,"Website - Báo, tạp chí điện tử",,Giấy phép (TVPL PDF),,valid,
tapchisonglam.vn,Tạp chí Sông Lam,"Website - Báo, tạp chí điện tử",,Giấy phép (TVPL PDF),,valid,
tapchitaichinh.vn,Tạp chí Tài chính,"Website - Báo, tạp chí điện tử",,Giấy phép (TVPL PDF),,valid,
tapchithangmay.vn,Tạp chí Thang máy,"Website - Báo, tạp chí điện tử",,Giấy phép (TVPL PDF),,valid,
tapchithoitrangtre.vn,TẠP CHÍ THỜI TRANG TRẺ,GIẤY PHÉP THIẾT LẬP TRANG THÔNG TIN ĐIỆN TỬ TỔNG HỢP,2015-11-02,Giấy phép (ABEI),155/GP-TTĐT,valid,https://giayphep.abei.gov.vn/
www.tapchithoitrangtre.com.vn,TẠP CHÍ THỜI TRANG TRẺ,GIẤY PHÉP THIẾT LẬP TRANG THÔNG TIN ĐIỆN TỬ TỔNG HỢP,2015-11-02,Giấy phép (ABEI),155/GP-TTĐT,valid,https://giayphep.abei.gov.vn/
tapchithue.com.vn,Tạp chí Thuế nhà nước,"Website - Báo, tạp chí điện tử",,Giấy phép (TVPL PDF),,valid,
tapchithue.vn,Tạp chí Thuế nhà nước,"Website - Báo, tạp chí điện tử",,Giấy phép (TVPL PDF),,valid,
tapchithuonggia.vn,Tạp chí Thương gia,"Website - Báo, tạp chí điện tử",,Giấy phép (TVPL PDF),,valid,
tapchitoaan.vn,Tạp chí Tòa án nhân dân,"Website - Báo, tạp chí điện tử",,Giấy phép (TVPL PDF),,valid,
tapchivietduc.vn,Tạp chí điện tử Việt - Đức,"Website - Báo, tạp chí điện tử",,Giấy phép (TVPL PDF),,valid,
tapchivietnamhuongsac.vn,Tạp chí Việt Nam hương sắc,"Website - Báo, tạp chí điện tử",,Giấy phép (TVPL PDF),,valid,
tapchixaydung.vn,Tạp chí Xây dựng,"Website - Báo, tạp chí điện tử",,Giấy phép (TVPL PDF),,valid,
tapchixaydungbxd.vn,TẠP CHÍ XÂY DỰNG,GIẤY PHÉP THIẾT LẬP TRANG THÔNG TIN ĐIỆN TỬ TỔNG HỢP,2017-07-13,Giấy phép (ABEI),235/GP-TTĐT,invalid,https://giayphep.abei.gov.vn/
tapchixuthanh.vn,TẠP CHÍ VĂN NGHỆ XỨ THANH,GIẤY PHÉP THIẾT LẬP TRANG THÔNG TIN ĐIỆN TỬ TỔNG HỢP,2017-05-23,Giấy phép (ABEI),162/GP-TTĐT,invalid,https://giayphep.abei.gov.vn/
tapchiyduochocvietnam.co,Tạp chí Y Dược học,Website - Trang TTĐT tổng hợp,,Giấy phép (TVPL PDF),,valid,
tapchiyduochocvietnam.com.vn,TẠP CHÍ Y DƯỢC HỌC,GIẤY PHÉP THIẾT LẬP TRANG THÔNG TIN ĐIỆN TỬ TỔNG HỢP,2021-05-12,Giấy phép (ABEI),74/GP-TTĐT,valid,https://giayphep.abei.gov.vn/
tapchiyhocduphong.vn,Tạp chí Y học dự phòng,"Website - Báo, tạp chí điện tử",,Giấy phép (TVPL PDF),,valid,
tapkich.vn,CÔNG TY CỔ PHẦN VTC DỊCH VỤ DI ĐỘNG,QUYẾT ĐỊNH PHÁT HÀNH TRÒ CHƠI ĐIỆN TỬ G1 TRÊN MẠNG,2017-05-30,Giấy phép (ABEI),820/QĐ-BTTTT,invalid,https://giayphep.abei.gov.vn/
taptapheroes.tbgame.vn,CÔNG TY TNHH TRÒ CHƠI TRỰC TUYẾN THIENBAO,QUYẾT ĐỊNH PHÁT HÀNH TRÒ CHƠI ĐIỆN TỬ G1 TRÊN MẠNG,2020-11-09,Giấy phép (ABEI),1911/QĐ-BTTTT,valid,https://giayphep.abei.gov.vn/
tatt.zoneplay.vn,CÔNG TY CỔ PHẦN GZONE MEDIA VIỆT NAM,QUYẾT ĐỊNH PHÁT HÀNH TRÒ CHƠI ĐIỆN TỬ G1 TRÊN MẠNG,2020-09-30,Giấy phép (ABEI),1652 /QĐ-BTTTT,valid,https://giayphep.abei.gov.vn/
tatu.vn,Công ty CP Phát triển Mạng xã hội Việt Nam,Website - Trang mạng xã hội,,Giấy phép (TVPL PDF),,valid,
tavduphucma.garnes.vn,CÔNG TY TNHH TRỰC TUYÊN THIÊN HÀ,QUYẾT ĐỊNH PHÁT HÀNH TRÒ CHƠI ĐIỆN TỬ G1 TRÊN MẠNG,2022-11-08,Giấy phép (ABEI),2052/QĐ-BTTTT,valid,https://giayphep.abei.gov.vn/
taydu.360game.vn,CÔNG TY TNHH NỘI DUNG SỐ NGUYÊN BẢO,QUYẾT ĐỊNH PHÁT HÀNH TRÒ CHƠI ĐIỆN TỬ G1 TRÊN MẠNG,2017-11-13,Giấy phép (ABEI),1967/QĐ-BTTTT,valid,https://giayphep.abei.gov.vn/
taydu.cmn.vn,CÔNG TY CỔ PHẦN TRỰC TUYẾN CMN VIỆT NAM ,QUYẾT ĐỊNH PHÁT HÀNH TRÒ CHƠI ĐIỆN TỬ G1 TRÊN MẠNG,2025-02-27,Giấy phép (ABEI),66/QĐ-PTTH&TTĐT,valid,https://giayphep.abei.gov.vn/
taydu.playfun.vn,CÔNG TY CỔ PHẦN FUNTAP,QUYẾT ĐỊNH PHÁT HÀNH TRÒ CHƠI ĐIỆN TỬ G1 TRÊN MẠNG,2021-06-23,Giấy phép (ABEI),893 /QĐ-BTTTT,valid,https://giayphep.abei.gov.vn/
taydu.vnggames.net,CÔNG TY CỔ PHẦN VNG,QUYẾT ĐỊNH PHÁT HÀNH TRÒ CHƠI ĐIỆN TỬ G1 TRÊN MẠNG,2023-10-13,Giấy phép (ABEI),1981/QĐ-BTTTT,invalid,https://giayphep.abei.gov.vn/
taydu.ygame.vn,CÔNG TY CỔ PHẦN GIẢI TRÍ YGAME,QUYẾT ĐỊNH PHÁT HÀNH TRÒ CHƠI ĐIỆN TỬ G1 TRÊN MẠNG,2019-01-28,Giấy phép (ABEI),96/QĐ-BTTTT,valid,https://giayphep.abei.gov.vn/
taydu3d.vn,CÔNG TY TNHH SOHA,QUYẾT ĐỊNH PHÁT HÀNH TRÒ CHƠI ĐIỆN TỬ G1 TRÊN MẠNG,2018-05-18,Giấy phép (ABEI),763/QĐ-BTTTT,valid,https://giayphep.abei.gov.vn/
tayduasieutoc.playfun.vn,CÔNG TY CỔ PHẦN FUNTAP,QUYẾT ĐỊNH PHÁT HÀNH TRÒ CHƠI ĐIỆN TỬ G1 TRÊN MẠNG,2020-09-14,Giấy phép (ABEI),1559 /QĐ-BTTTT,valid,https://giayphep.abei.gov.vn/
taydukyngoky.gaba.vn,CÔNG TY CỔ PHẦN TRÒ CHƠI VEGA,QUYẾT ĐỊNH PHÁT HÀNH TRÒ CHƠI ĐIỆN TỬ G1 TRÊN MẠNG,2019-10-24,Giấy phép (ABEI),1777/QĐ-BTTTT,valid,https://giayphep.abei.gov.vn/
taydutambao.sohagame.vn,CÔNG TY TNHH SOHA,QUYẾT ĐỊNH PHÁT HÀNH TRÒ CHƠI ĐIỆN TỬ G1 TRÊN MẠNG,2025-10-30,Giấy phép (ABEI),480/QĐ-PTTH&TTĐT,valid,https://giayphep.abei.gov.vn/
tayduthanky.vn,CÔNG TY TNHH VMGE,QUYẾT ĐỊNH PHÁT HÀNH TRÒ CHƠI ĐIỆN TỬ G1 TRÊN MẠNG,2023-11-15,Giấy phép (ABEI),2269 /QĐ-BTTTT,valid,https://giayphep.abei.gov.vn/
tayhanhky.vn,CÔNG TY CỔ PHẦN VTC DỊCH VỤ DI ĐỘNG,QUYẾT ĐỊNH PHÁT HÀNH TRÒ CHƠI ĐIỆN TỬ G1 TRÊN MẠNG,2021-06-01,Giấy phép (ABEI),753/QĐ-BTTTT,invalid,https://giayphep.abei.gov.vn/
tayninh.gov.vn,SỞ THÔNG TIN VÀ TRUYỀN THÔNG TÂY NINH,GIẤY PHÉP THIẾT LẬP TRANG THÔNG TIN ĐIỆN TỬ TỔNG HỢP,2017-08-30,Giấy phép (ABEI),281/GP-TTĐT,valid,https://giayphep.abei.gov.vn/
taythienky.vn,CÔNG TY TNHH DỊCH VỤ PHẦN MỀM BÌNH MINH,QUYẾT ĐỊNH PHÁT HÀNH TRÒ CHƠI ĐIỆN TỬ G1 TRÊN MẠNG,2016-12-01,Giấy phép (ABEI),2143/QĐ-BTTTT,invalid,https://giayphep.abei.gov.vn/
tbdn.com.vn,THỜI BÁO DOANH NHÂN,GIẤY PHÉP THIẾT LẬP TRANG THÔNG TIN ĐIỆN TỬ TỔNG HỢP,2017-11-17,Giấy phép (ABEI),344/GPSĐBS-TTĐT,invalid,https://giayphep.abei.gov.vn/
tbgame.vn,CÔNG TY TNHH TRÒ CHƠI TRỰC TUYẾN THIENBAO,QUYẾT ĐỊNH PHÁT HÀNH TRÒ CHƠI ĐIỆN TỬ G1 TRÊN MẠNG,2021-01-11,Giấy phép (ABEI),19/QĐ-BTTTT,valid,https://giayphep.abei.gov.vn/
tbv.gaba.vn,CÔNG TY CỔ PHẦN TRÒ CHƠI VEGA,QUYẾT ĐỊNH PHÁT HÀNH TRÒ CHƠI ĐIỆN TỬ G1 TRÊN MẠNG,2017-06-14,Giấy phép (ABEI),909/QĐ-BTTTT,valid,https://giayphep.abei.gov.vn/
tbvv.vtcgame.vn,CÔNG TY VTC CÔNG NGHỆ VÀ NỘI DUNG SỐ,"GIẤY XÁC NHẬN THÔNG BÁO PHÁT HÀNH TRÒ CHƠI ĐIỆN TỬ G2,G3,G4",2023-02-14,Giấy phép (ABEI),24/GXN-PTTH&TTĐT,valid,https://giayphep.abei.gov.vn/
tcbigcityh5.talktv.vn,CÔNG TY TNHH GIẢI TRÍ LONG ĐỈNH,QUYẾT ĐỊNH PHÁT HÀNH TRÒ CHƠI ĐIỆN TỬ G1 TRÊN MẠNG,2018-04-20,Giấy phép (ABEI),572/QĐ-BTTTT,valid,https://giayphep.abei.gov.vn/
tcdn.vn,TẠP CHÍ TÀI CHÍNH DOANH NGHIỆP,GIẤY PHÉP THIẾT LẬP TRANG THÔNG TIN ĐIỆN TỬ TỔNG HỢP,2018-06-04,Giấy phép (ABEI),144/GP-TTĐT,valid,https://giayphep.abei.gov.vn/
www.taichinhdoanhnghiep.vn,TẠP CHÍ TÀI CHÍNH DOANH NGHIỆP,GIẤY PHÉP THIẾT LẬP TRANG THÔNG TIN ĐIỆN TỬ TỔNG HỢP,2018-06-04,Giấy phép (ABEI),144/GP-TTĐT,valid,https://giayphep.abei.gov.vn/
www.fbusiness.vn,TẠP CHÍ TÀI CHÍNH DOANH NGHIỆP,GIẤY PHÉP THIẾT LẬP TRANG THÔNG TIN ĐIỆN TỬ TỔNG HỢP,2016-06-30,Giấy phép (ABEI),73/GP-TTĐT,valid,https://giayphep.abei.gov.vn/
tcdulichtphcm.vn,Tạp chí Du lịch Thành phố Hồ Chí Minh,"Website - Báo, tạp chí điện tử",,Giấy phép (TVPL PDF),,valid,
tcha.vsgame.vn,CÔNG TY CỔ PHẦN VISION GAME,QUYẾT ĐỊNH PHÁT HÀNH TRÒ CHƠI ĐIỆN TỬ G1 TRÊN MẠNG,2024-01-03,Giấy phép (ABEI),05/QĐ-BTTTT,valid,https://giayphep.abei.gov.vn/
tck.360game.vn,CÔNG TY TNHH GIẢI TRÍ LONG ĐỈNH,QUYẾT ĐỊNH PHÁT HÀNH TRÒ CHƠI ĐIỆN TỬ G1 TRÊN MẠNG,2018-06-05,Giấy phép (ABEI),860/QĐ-BTTTT,valid,https://giayphep.abei.gov.vn/
tckttv.gov.vn,TỔNG CỤC KHÍ TƯỢNG THỦY VĂN,GIẤY PHÉP THIẾT LẬP TRANG THÔNG TIN ĐIỆN TỬ TỔNG HỢP,2020-03-24,Giấy phép (ABEI),24/GP-TTĐT,invalid,https://giayphep.abei.gov.vn/
www.vnmha.gov.vn,TỔNG CỤC KHÍ TƯỢNG THỦY VĂN,GIẤY PHÉP THIẾT LẬP TRANG THÔNG TIN ĐIỆN TỬ TỔNG HỢP,2020-03-24,Giấy phép (ABEI),24/GP-TTĐT,invalid,https://giayphep.abei.gov.vn/
tcm.360game.vn,CÔNG TY CỔ PHẦN VNG,QUYẾT ĐỊNH PHÁT HÀNH TRÒ CHƠI ĐIỆN TỬ G1 TRÊN MẠNG,2019-03-15,Giấy phép (ABEI),290/QĐ-BTTTT,invalid,https://giayphep.abei.gov.vn/
tcm.mobo.vn,CÔNG TY CỔ PHẦN GIẢI TRÍ DI ĐỘNG,QUYẾT ĐỊNH PHÁT HÀNH TRÒ CHƠI ĐIỆN TỬ G1 TRÊN MẠNG,2016-02-26,Giấy phép (ABEI),259/QĐ-BTTTT,invalid,https://giayphep.abei.gov.vn/
tcnhadep.com,Công ty Cổ phần Quảng cáo Mỹ Thuật Vàng (http://www.tcnhadep.vn),Website - Trang TTĐT tổng hợp,,Giấy phép (TVPL PDF),,valid,
tcnl.gov.vn,TỔNG CỤC NĂNG LƯỢNG,GIẤY PHÉP THIẾT LẬP TRANG THÔNG TIN ĐIỆN TỬ TỔNG HỢP,2015-06-11,Giấy phép (ABEI),67/GP-TTĐT,invalid,https://giayphep.abei.gov.vn/
tctd.vn,CÔNG TY TNHH TM DV TÀI CHÍNH TIÊU DÙNG,GIẤY PHÉP CUNG CẤP DỊCH VỤ MẠNG XÃ HỘI,2021-12-21,Giấy phép (ABEI),41/GP-BTTTT,valid,https://giayphep.abei.gov.vn/
tctm.vn,CÔNG TY CỔ PHẦN GIẢI PHÁP SỐ VISION NETWORK VIỆT NAM,QUYẾT ĐỊNH PHÁT HÀNH TRÒ CHƠI ĐIỆN TỬ G1 TRÊN MẠNG,2024-05-08,Giấy phép (ABEI),726 QĐ/BTTTT,valid,https://giayphep.abei.gov.vn/
tctt.gamota.com,CÔNG TY CỔ PHẦN GAMOTA,QUYẾT ĐỊNH PHÁT HÀNH TRÒ CHƠI ĐIỆN TỬ G1 TRÊN MẠNG,2024-12-03,Giấy phép (ABEI),2109/QĐ-BTTTT,valid,https://giayphep.abei.gov.vn/
td.360game.vn,CÔNG TY TNHH GIẢI TRÍ LONG ĐỈNH,QUYẾT ĐỊNH PHÁT HÀNH TRÒ CHƠI ĐIỆN TỬ G1 TRÊN MẠNG,2016-12-27,Giấy phép (ABEI),2326/QĐ-BTTTT,valid,https://giayphep.abei.gov.vn/
tdafk.zoneplav.vn,CÔNG TY TNHH GZONE MEDIA VIỆT NAM,QUYẾT ĐỊNH PHÁT HÀNH TRÒ CHƠI ĐIỆN TỬ G1 TRÊN MẠNG,2022-01-25,Giấy phép (ABEI),126/QĐ-BTTTT,valid,https://giayphep.abei.gov.vn/
tdh.360game.vn,CÔNG TY TNHH GIẢI TRÍ LONG ĐỈNH,QUYẾT ĐỊNH PHÁT HÀNH TRÒ CHƠI ĐIỆN TỬ G1 TRÊN MẠNG,2019-01-08,Giấy phép (ABEI),28/QĐ-BTTTT,valid,https://giayphep.abei.gov.vn/
tdk.gamota.com,CÔNG TY CỔ PHẦN GAMOTA,QUYẾT ĐỊNH PHÁT HÀNH TRÒ CHƠI ĐIỆN TỬ G1 TRÊN MẠNG,2019-10-08,Giấy phép (ABEI),1650 /QĐ-BTTTT,valid,https://giayphep.abei.gov.vn/
tdldl.mocgame.vn,CÔNG TY TNHH TRÒ CHƠI MỘC,QUYẾT ĐỊNH PHÁT HÀNH TRÒ CHƠI ĐIỆN TỬ G1 TRÊN MẠNG,2025-01-17,Giấy phép (ABEI),64/QĐ-BTTTT,valid,https://giayphep.abei.gov.vn/
tdmujournal.vn,Tạp chí Khoa học Đại Học Thủ Dầu Một,"Website - Báo, tạp chí điện tử",,Giấy phép (TVPL PDF),,valid,
tdthng.com,CÔNG TY TNHH NEXFUN,QUYẾT ĐỊNH PHÁT HÀNH TRÒ CHƠI ĐIỆN TỬ G1 TRÊN MẠNG,2024-11-19,Giấy phép (ABEI),2014/QĐ-BTTTT,valid,https://giayphep.abei.gov.vn/
tdvoquan.zoneplay.vn,CÔNG TY CỔ PHẦN GZONE MEDIA VIỆT NAM,QUYẾT ĐỊNH PHÁT HÀNH TRÒ CHƠI ĐIỆN TỬ G1 TRÊN MẠNG,2022-04-06,Giấy phép (ABEI),637/QĐ-BTTTT,valid,https://giayphep.abei.gov.vn/
teamobi.com,Công ty TNHH Teamobi,Website - Trang mạng xã hội,,Giấy phép (TVPL PDF),,valid,
teamobi.com.vn,CÔNG TY TNHH TEAMOBI,QUYẾT ĐỊNH PHÁT HÀNH TRÒ CHƠI ĐIỆN TỬ G1 TRÊN MẠNG,2018-04-02,Giấy phép (ABEI),458/QĐ-BTTTT,invalid,https://giayphep.abei.gov.vn/
tech.zingnews.vn,Tạp chí điện tử Tri thức trực tuyến,"Website - Báo, tạp chí điện tử",,Giấy phép (TVPL PDF),,valid,
tech3c.com.vn,CÔNG TY CỔ PHẦN CÔNG NGHỆ SỐ 3C,QUYẾT ĐỊNH PHÁT HÀNH TRÒ CHƠI ĐIỆN TỬ G1 TRÊN MẠNG,2025-07-10,Giấy phép (ABEI),313/QĐ-PTTH&TTĐT,valid,https://giayphep.abei.gov.vn/
techbike.vn,Cấp giấy phép hoạt động mạng xã hội cho Công ty TNHH TECHBIKE Việt Nam,Website - Trang mạng xã hội,,Giấy phép (TVPL PDF),,valid,
techbiz.vn,Công ty TNHH Dịch vụ và Công nghệ Truyền thông A,Website - Trang mạng xã hội,,Giấy phép (TVPL PDF),,valid,
hdvietnam.com,Công ty TNHH Dịch vụ và Công nghệ Truyền thông A,Website - Trang mạng xã hội,,Giấy phép (TVPL PDF),,valid,
www.hdvietnam.com,CÔNG TY TNHH DỊCH VỤ VÀ CÔNG NGHỆ TRUYỀN THÔNG A,GIẤY PHÉP CUNG CẤP DỊCH VỤ MẠNG XÃ HỘI,2021-01-26,Giấy phép (ABEI),55/GP-BTTTT,valid,https://giayphep.abei.gov.vn/
techloop.vn,CÔNG TY CỔ PHẦN TRUYỀN THÔNG T&T SOLUTIONS,GIẤY PHÉP CUNG CẤP DỊCH VỤ MẠNG XÃ HỘI,2024-12-13,Giấy phép (ABEI),377/GP-BTTTT,valid,https://giayphep.abei.gov.vn/
techrum.vn,Công ty TNHH Quảng cáo Hải Tăng,Website - Trang mạng xã hội,,Giấy phép (TVPL PDF),,valid,
techsignin.com,Công ty TNHH Điểm tin Công nghệ,Website - Trang mạng xã hội,,Giấy phép (TVPL PDF),,valid,
techtalk.com.vn,Công ty Cổ phần Applancer,Website - Trang mạng xã hội,,Giấy phép (TVPL PDF),,valid,
thienthuonghoa.com,CÔNG TY CỔ PHẦN GIẢI TRÍ THIÊN THƯỢNG HỎA,QUYẾT ĐỊNH PHÁT HÀNH TRÒ CHƠI ĐIỆN TỬ G1 TRÊN MẠNG,2022-03-25,Giấy phép (ABEI),546/QĐ-BTTTT,valid,https://giayphep.abei.gov.vn/
teen.com.vn,Công ty Cổ phần Giải pháp Công nghệ iNet,Website - Trang TTĐT tổng hợp,,Giấy phép (TVPL PDF),,valid,
teen.mobiz.vn,CÔNG TY CỔ PHẦN MOBIZ,QUYẾT ĐỊNH PHÁT HÀNH TRÒ CHƠI ĐIỆN TỬ G1 TRÊN MẠNG,2018-07-04,Giấy phép (ABEI),1054/QĐ-BTTTT,valid,https://giayphep.abei.gov.vn/
teenidol.vn,CT TNHH Thương mại DV Công nghệ TFL,Website - Trang mạng xã hội,,Giấy phép (TVPL PDF),,valid,
teenworld.vn,Công ty Cổ phần NetIT,Website - Trang TTĐT tổng hợp,,Giấy phép (TVPL PDF),,valid,
tekland.vn,Công ty TNHH Công nghệ Techland,Website - Trang TTĐT tổng hợp,,Giấy phép (TVPL PDF),,valid,
tenlua.vn,Công ty Cổ phần Phát triển Công nghệ Sao Đôi,Website - Trang mạng xã hội,,Giấy phép (TVPL PDF),,valid,
teonao.vn,Công ty TNHH Namlink,Website - Trang mạng xã hội,,Giấy phép (TVPL PDF),,valid,
tepaylink.net.vn,Công Ty Cổ phần Tepaylink,QUYẾT ĐỊNH PHÁT HÀNH TRÒ CHƠI ĐIỆN TỬ G1 TRÊN MẠNG,2025-07-31,Giấy phép (ABEI),336/QĐ-PTTH&TTĐT,valid,https://giayphep.abei.gov.vn/
testbank.vn,CÔNG TY CỔ PHẦN CÔNG NGHỆ GIÁO DỤC THIÊN HÀ XAΝΗ,GIẤY PHÉP CUNG CẤP DỊCH VỤ MẠNG XÃ HỘI,2019-10-30,Giấy phép (ABEI),496/GP-BTTTT,valid,https://giayphep.abei.gov.vn/
tg.360game.vn,CÔNG TY TNHH NỘI DUNG SỐ NGUYÊN BẢO,QUYẾT ĐỊNH PHÁT HÀNH TRÒ CHƠI ĐIỆN TỬ G1 TRÊN MẠNG,2016-06-08,Giấy phép (ABEI),976/QĐ-BTTTT,valid,https://giayphep.abei.gov.vn/
tg.drogame.vn,CÔNG TY TNHH CHÂU Á MỀM,QUYẾT ĐỊNH PHÁT HÀNH TRÒ CHƠI ĐIỆN TỬ G1 TRÊN MẠNG,2022-11-25,Giấy phép (ABEI),2178/QĐ-BTTTT,valid,https://giayphep.abei.gov.vn/
tgaht.zoneplay.vn,CÔNG TY CỔ PHẦN GZONE MEDIA VIỆT NAM,QUYẾT ĐỊNH PHÁT HÀNH TRÒ CHƠI ĐIỆN TỬ G1 TRÊN MẠNG,2023-05-30,Giấy phép (ABEI),910/QĐ-BTTTT,valid,https://giayphep.abei.gov.vn/
tghm2.vn,Công ty cổ phần Solaplay,QUYẾT ĐỊNH PHÁT HÀNH TRÒ CHƠI ĐIỆN TỬ G1 TRÊN MẠNG,2025-08-07,Giấy phép (ABEI),347/QĐ-PTTH&TTĐT,valid,https://giayphep.abei.gov.vn/
tghvct.genzzz.vn,CÔNG TY TNHH TRUYỀN THÔNG GENZ ,QUYẾT ĐỊNH PHÁT HÀNH TRÒ CHƠI ĐIỆN TỬ G1 TRÊN MẠNG,2026-02-12,Giấy phép (ABEI),83/QĐ-PTTH&TTĐT,valid,https://giayphep.abei.gov.vn/
tgkn.vn,Công ty TNHH Thế Giới Khởi Nghiệp,Website - Trang TTĐT tổng hợp,,Giấy phép (TVPL PDF),,valid,
tgphim.vn,Công ty Cổ phần Thiết bị và Công nghệ Á Châu,Website - Trang TTĐT tổng hợp,,Giấy phép (TVPL PDF),,valid,
tgtt.gamota.com,CÔNG TY CỔ PHẦN GAMOTA ,QUYẾT ĐỊNH PHÁT HÀNH TRÒ CHƠI ĐIỆN TỬ G1 TRÊN MẠNG,2025-10-22,Giấy phép (ABEI),465/QĐ-PTTH&TTĐT,valid,https://giayphep.abei.gov.vn/
tgun.vn,CÔNG TY CỔ PHẦN TEPAYLINK,QUYẾT ĐỊNH PHÁT HÀNH TRÒ CHƠI ĐIỆN TỬ G1 TRÊN MẠNG,2025-06-12,Giấy phép (ABEI),241/QĐ-PTTH&TTĐT,valid,https://giayphep.abei.gov.vn/
tgvn.tthplay.com,CÔNG TY CỔ PHẦN GIẢI TRÍ THIÊN THƯỢNG HỎA,QUYẾT ĐỊNH PHÁT HÀNH TRÒ CHƠI ĐIỆN TỬ G1 TRÊN MẠNG,2023-09-29,Giấy phép (ABEI),1883/QĐ-BTTTT,valid,https://giayphep.abei.gov.vn/
th389.vn,Công ty Cổ phần Tập đoàn Truyền thông và Truyền hình 389,Website - Trang TTĐT tổng hợp,,Giấy phép (TVPL PDF),,valid,
thah.vn,CÔNG TY TNHH SOHA,QUYẾT ĐỊNH PHÁT HÀNH TRÒ CHƠI ĐIỆN TỬ G1 TRÊN MẠNG,2018-09-18,Giấy phép (ABEI),1515/QĐ-BTTTT,valid,https://giayphep.abei.gov.vn/
thaibinhtv.vn,ĐÀI PHÁT THANH VÀ TRUYỀN HÌNH THÁI BÌNH,GIẤY PHÉP THIẾT LẬP TRANG THÔNG TIN ĐIỆN TỬ TỔNG HỢP,2017-04-04,Giấy phép (ABEI),95/GP-TTĐT,valid,https://giayphep.abei.gov.vn/
thaico.splay.vn,CÔNG TY CỔ PHẦN VTC DỊCH VỤ DI ĐỘNG,QUYẾT ĐỊNH PHÁT HÀNH TRÒ CHƠI ĐIỆN TỬ G1 TRÊN MẠNG,2024-07-15,Giấy phép (ABEI),1172/QĐ-BTTTT,invalid,https://giayphep.abei.gov.vn/
thaico2.playfun.vn,CÔNG TY CỔ PHẦN FUNTAP,QUYẾT ĐỊNH PHÁT HÀNH TRÒ CHƠI ĐIỆN TỬ G1 TRÊN MẠNG,2021-10-08,Giấy phép (ABEI),1540 /QĐ-BTTTT,valid,https://giayphep.abei.gov.vn/
thaicothanvuong.vn,CÔNG TY CỔ PHẦN VTC DỊCH VỤ DI ĐỘNG,QUYẾT ĐỊNH PHÁT HÀNH TRÒ CHƠI ĐIỆN TỬ G1 TRÊN MẠNG,2019-06-03,Giấy phép (ABEI),836/QĐ-BTTTT,invalid,https://giayphep.abei.gov.vn/
thaicucpc.vn,CÔNG TY TNHH X ARENA,QUYẾT ĐỊNH PHÁT HÀNH TRÒ CHƠI ĐIỆN TỬ G1 TRÊN MẠNG,2026-06-10,Giấy phép (ABEI),334/QĐ-PTTH&TTĐT,valid,https://giayphep.abei.gov.vn/
thaicucvolam.vn,CÔNG TY CỔ PHẦN FUNTAP,QUYẾT ĐỊNH PHÁT HÀNH TRÒ CHƠI ĐIỆN TỬ G1 TRÊN MẠNG,2019-10-24,Giấy phép (ABEI),1778/QĐ-BTTTT,valid,https://giayphep.abei.gov.vn/
thaihutamquoc.vn,CÔNG TY TNHH SOHA,QUYẾT ĐỊNH PHÁT HÀNH TRÒ CHƠI ĐIỆN TỬ G1 TRÊN MẠNG,2022-06-14,Giấy phép (ABEI),1080/QĐ-BTTTT,valid,https://giayphep.abei.gov.vn/
thainguyentv.vn,ĐÀI PHÁT THANH - TRUYỀN HÌNH THÁI NGUYÊN,GIẤY PHÉP THIẾT LẬP TRANG THÔNG TIN ĐIỆN TỬ TỔNG HỢP,2016-11-11,Giấy phép (ABEI),198/GPSĐBS-TTĐT,invalid,https://giayphep.abei.gov.vn/
thanai.vn,Công ty Cổ phần Tập đoàn Truyền thông Sky,Website - Trang TTĐT tổng hợp,,Giấy phép (TVPL PDF),,valid,
thanai.com.vn,Công ty Cổ phần Tập đoàn Truyền thông Sky,Website - Trang TTĐT tổng hợp,,Giấy phép (TVPL PDF),,valid,
thancanhtamquoc.vn,CÔNG TY TNHH SOHA,QUYẾT ĐỊNH PHÁT HÀNH TRÒ CHƠI ĐIỆN TỬ G1 TRÊN MẠNG,2021-03-23,Giấy phép (ABEI),353/QĐ-BTTTT,valid,https://giayphep.abei.gov.vn/
thanchien.oeg.vn,CÔNG TY CỔ PHẦN TẬP ĐOÀN GIẢI TRÍ ĐẠI DƯƠNG,QUYẾT ĐỊNH PHÁT HÀNH TRÒ CHƠI ĐIỆN TỬ G1 TRÊN MẠNG,2026-03-30,Giấy phép (ABEI),151/QĐ-PTTH&TTĐT,valid,https://giayphep.abei.gov.vn/
thanhchien3d.vn,CÔNG TY TNHH SOHA,QUYẾT ĐỊNH PHÁT HÀNH TRÒ CHƠI ĐIỆN TỬ G1 TRÊN MẠNG,2019-05-24,Giấy phép (ABEI),762/QĐ-BTTTT,valid,https://giayphep.abei.gov.vn/
thanhchienmobile.vn,CÔNG TY CỔ PHẦN TRUYỀN THÔNG SGC VIỆT NAM,QUYẾT ĐỊNH PHÁT HÀNH TRÒ CHƠI ĐIỆN TỬ G1 TRÊN MẠNG,2020-07-14,Giấy phép (ABEI),1190/QĐ-BTTTT,valid,https://giayphep.abei.gov.vn/
thanhgiong.vn,TRUNG ƯƠNG HỘI LIÊN HIỆP THANH NIÊN VIỆT NAM,GIẤY PHÉP THIẾT LẬP TRANG THÔNG TIN ĐIỆN TỬ TỔNG HỢP,2016-06-30,Giấy phép (ABEI),77/GP-TTĐT,valid,https://giayphep.abei.gov.vn/
thanhguomhuyenthoai.vn,CÔNG TY TNHH VMGE,QUYẾT ĐỊNH PHÁT HÀNH TRÒ CHƠI ĐIỆN TỬ G1 TRÊN MẠNG,2024-05-31,Giấy phép (ABEI),887/QĐ-BTTTT,valid,https://giayphep.abei.gov.vn/
thanhkiem.splay.vn,CÔNG TY CỔ PHẦN VTC DỊCH VỤ DI ĐỘNG,QUYẾT ĐỊNH PHÁT HÀNH TRÒ CHƠI ĐIỆN TỬ G1 TRÊN MẠNG,2022-03-11,Giấy phép (ABEI),422/QĐ-BTTTT,invalid,https://giayphep.abei.gov.vn/
thanhminhkiem.vn,CÔNG TY CỔ PHẦN TRỰC TUYẾN GOSU,QUYẾT ĐỊNH PHÁT HÀNH TRÒ CHƠI ĐIỆN TỬ G1 TRÊN MẠNG,2017-04-20,Giấy phép (ABEI),556/QĐ-BTTTT,invalid,https://giayphep.abei.gov.vn/
thanhniencongnhanbinhphuoc.com.vn,TRUNG TÂM HỖ TRỢ THANH NIÊN CÔNG NHÂN BÌNH PHƯỚC,GIẤY PHÉP THIẾT LẬP TRANG THÔNG TIN ĐIỆN TỬ TỔNG HỢP,2013-08-22,Giấy phép (ABEI),121/GP-TTĐT,invalid,https://giayphep.abei.gov.vn/
thanhnienviet.vn,Tạp chí Thanh niên,"Website - Báo, tạp chí điện tử",,Giấy phép (TVPL PDF),,valid,
thanhtra.com.vn,BÁO THANH TRA,GIẤY PHÉP THIẾT LẬP TRANG THÔNG TIN ĐIỆN TỬ TỔNG HỢP,2015-02-13,Giấy phép (ABEI),09/GP-TTĐT,invalid,https://giayphep.abei.gov.vn/
thanhtra.edu.vn,THANH TRA CHÍNH PHỦ,GIẤY PHÉP THIẾT LẬP TRANG THÔNG TIN ĐIỆN TỬ TỔNG HỢP,2025-12-22,Giấy phép (ABEI),220/GP-TTĐT,valid,https://giayphep.abei.gov.vn/
thanhtravietnam.vn,Tạp chí Thanh tra,"Website - Báo, tạp chí điện tử",,Giấy phép (TVPL PDF),,valid,
thanhuyhanoi.vn,Ban Tuyên giáo Thành ủy Hà Nội,Website - Trang TTĐT tổng hợp,,Giấy phép (TVPL PDF),,valid,
thanhuytphcm.vn,Trang tin điện tử Đảng bộ TPHCM (hcmcpv.org.vn),Website - Trang TTĐT tổng hợp,,Giấy phép (TVPL PDF),,valid,
thanhvan.fgstudio.vn,CÔNG TY CỔ PHẦN FGSTUDIO,QUYẾT ĐỊNH PHÁT HÀNH TRÒ CHƠI ĐIỆN TỬ G1 TRÊN MẠNG,2025-01-17,Giấy phép (ABEI),65/QĐ-BTTTT,valid,https://giayphep.abei.gov.vn/
thanhvankiem.vgplay.vn,CÔNG TY CỔ PHẦN VGP,QUYẾT ĐỊNH PHÁT HÀNH TRÒ CHƠI ĐIỆN TỬ G1 TRÊN MẠNG,2022-02-10,Giấy phép (ABEI),183/QĐ-BTTTT,valid,https://giayphep.abei.gov.vn/
thankhuc.gamota.com,CÔNG TY CỔ PHẦN GAMOTA,QUYẾT ĐỊNH PHÁT HÀNH TRÒ CHƠI ĐIỆN TỬ G1 TRÊN MẠNG,2019-03-29,Giấy phép (ABEI),484/QĐ-BTTTT,valid,https://giayphep.abei.gov.vn/
thankhucafk.com.vn,CÔNG TY CỔ PHẦN TRỰC TUYẾN CMN VIỆT NAM,QUYẾT ĐỊNH PHÁT HÀNH TRÒ CHƠI ĐIỆN TỬ G1 TRÊN MẠNG,2024-10-21,Giấy phép (ABEI),1804/QĐ-BTTTT,valid,https://giayphep.abei.gov.vn/
thankiem.oeg.vn,CÔNG TY CỔ PHẦN TẬP ĐOÀN GIẢI TRÍ ĐẠI DƯƠNG,QUYẾT ĐỊNH PHÁT HÀNH TRÒ CHƠI ĐIỆN TỬ G1 TRÊN MẠNG,2026-05-14,Giấy phép (ABEI),243/QĐ-PTTH&TTĐT,valid,https://giayphep.abei.gov.vn/
thankiem3d.vn,CÔNG TY TNHH SOHA,QUYẾT ĐỊNH PHÁT HÀNH TRÒ CHƠI ĐIỆN TỬ G1 TRÊN MẠNG,2018-05-24,Giấy phép (ABEI),786/QĐ-BTTTT,valid,https://giayphep.abei.gov.vn/
thankiemmobile.playfun.vn,CÔNG TY CỔ PHẦN FUNTAP,QUYẾT ĐỊNH PHÁT HÀNH TRÒ CHƠI ĐIỆN TỬ G1 TRÊN MẠNG,2021-06-09,Giấy phép (ABEI),783/QĐ-BTTTT,valid,https://giayphep.abei.gov.vn/
thanlong.gamota.com,CÔNG TY CỔ PHẦN GAMOTA,QUYẾT ĐỊNH PHÁT HÀNH TRÒ CHƠI ĐIỆN TỬ G1 TRÊN MẠNG,2020-10-26,Giấy phép (ABEI),1803/QĐ-BTTTT,valid,https://giayphep.abei.gov.vn/
thanlong3q.vn,CÔNG TY CỔ PHẦN FUNTAP,QUYẾT ĐỊNH PHÁT HÀNH TRÒ CHƠI ĐIỆN TỬ G1 TRÊN MẠNG,2019-04-24,Giấy phép (ABEI),633/QĐ-BTTTT,valid,https://giayphep.abei.gov.vn/
thanmaarenacmn.vn,CÔNG TY CỔ PHẦN TRỰC TUYẾN CMN VIỆT NAM ,QUYẾT ĐỊNH PHÁT HÀNH TRÒ CHƠI ĐIỆN TỬ G1 TRÊN MẠNG,2026-02-09,Giấy phép (ABEI),61/QĐ-PTTH&TTĐT,valid,https://giayphep.abei.gov.vn/
thanmaloanvu.vplay.vn,CÔNG TY CỔ PHẦN TRUYỀN HÌNH TƯƠNG TÁC VIỆT NAM,QUYẾT ĐỊNH PHÁT HÀNH TRÒ CHƠI ĐIỆN TỬ G1 TRÊN MẠNG,2024-08-30,Giấy phép (ABEI),1470/QĐ-BTTTT,invalid,https://giayphep.abei.gov.vn/
thanmamobile.vn,CÔNG TY TNHH SOHA,QUYẾT ĐỊNH PHÁT HÀNH TRÒ CHƠI ĐIỆN TỬ G1 TRÊN MẠNG,2019-06-24,Giấy phép (ABEI),943/QĐ-BTTTT,valid,https://giayphep.abei.gov.vn/
thanthu.fungames.vn,CÔNG TY TNHH TRUYỀN THÔNG FUNFINITY STUDIO ,QUYẾT ĐỊNH PHÁT HÀNH TRÒ CHƠI ĐIỆN TỬ G1 TRÊN MẠNG,2026-03-25,Giấy phép (ABEI),143/QĐ-PTTH&TTĐT,valid,https://giayphep.abei.gov.vn/
thanthu3d.vn,CÔNG TY CỔ PHẦN TRỰC TUYẾN GOSU,QUYẾT ĐỊNH PHÁT HÀNH TRÒ CHƠI ĐIỆN TỬ G1 TRÊN MẠNG,2020-06-18,Giấy phép (ABEI),1031 /QĐ-BTTTT,valid,https://giayphep.abei.gov.vn/
thanthuafk.vn,CÔNG TY CỔ PHẦN 9PLAY,QUYẾT ĐỊNH PHÁT HÀNH TRÒ CHƠI ĐIỆN TỬ G1 TRÊN MẠNG,2022-01-24,Giấy phép (ABEI),97/QĐ-BTTTT,valid,https://giayphep.abei.gov.vn/
thanthubavuong.vn,CÔNG TY CỔ PHẦN TRỰC TUYẾN DUO,QUYẾT ĐỊNH PHÁT HÀNH TRÒ CHƠI ĐIỆN TỬ G1 TRÊN MẠNG,2024-02-06,Giấy phép (ABEI),148/QĐ-BTTTT,valid,https://giayphep.abei.gov.vn/
thanthugo.vn,CÔNG TY CỔ PHẦN ACE GAME,QUYẾT ĐỊNH PHÁT HÀNH TRÒ CHƠI ĐIỆN TỬ G1 TRÊN MẠNG,2023-03-31,Giấy phép (ABEI),508/QĐ-BTTTT,valid,https://giayphep.abei.gov.vn/
thanthusieupham.vn,CÔNG TY CỔ PHẦN FUNTAP,QUYẾT ĐỊNH PHÁT HÀNH TRÒ CHƠI ĐIỆN TỬ G1 TRÊN MẠNG,2019-04-23,Giấy phép (ABEI),627/QĐ-BTTTT,valid,https://giayphep.abei.gov.vn/
thantich3d.intelligencessaigon.vn,CÔNG TY TNHH MOBILE INTELLIGENCE SAIGON,QUYẾT ĐỊNH PHÁT HÀNH TRÒ CHƠI ĐIỆN TỬ G1 TRÊN MẠNG,2025-12-31,Giấy phép (ABEI),599/QĐ-PTTH&TTĐT,valid,https://giayphep.abei.gov.vn/
thanvuong.123game.vn,CÔNG TY CỔ PHẦN DỊCH VỤ MỘT THẾ GIỚI,QUYẾT ĐỊNH PHÁT HÀNH TRÒ CHƠI ĐIỆN TỬ G1 TRÊN MẠNG,2018-05-29,Giấy phép (ABEI),810/QĐ-BTTTT,invalid,https://giayphep.abei.gov.vn/
thanvuong3q.vn,CÔNG TY CỔ PHẦN DỊCH VỤ TRỰC TUYẾN MIGA,QUYẾT ĐỊNH PHÁT HÀNH TRÒ CHƠI ĐIỆN TỬ G1 TRÊN MẠNG,2024-10-18,Giấy phép (ABEI),1789/QĐ-BTTTT,valid,https://giayphep.abei.gov.vn/
thanvuongnhatthe.vn,CÔNG TY CỔ PHẦN VTC DỊCH VỤ DI ĐỘNG,QUYẾT ĐỊNH PHÁT HÀNH TRÒ CHƠI ĐIỆN TỬ G1 TRÊN MẠNG,2020-09-18,Giấy phép (ABEI),1592/QĐ-BTTTT,invalid,https://giayphep.abei.gov.vn/
thaotungtamquoc.vplay.vn,CÔNG TY CỔ PHẦN TRUYỀN HÌNH TƯƠNG TÁC VIỆT NAM ,QUYẾT ĐỊNH PHÁT HÀNH TRÒ CHƠI ĐIỆN TỬ G1 TRÊN MẠNG,2025-10-16,Giấy phép (ABEI),455/QĐ-PTTH&TTĐT,invalid,https://giayphep.abei.gov.vn/
thapdien.vn,CÔNG TY CỔ PHẦN WETAPS,QUYẾT ĐỊNH PHÁT HÀNH TRÒ CHƠI ĐIỆN TỬ G1 TRÊN MẠNG,2024-05-31,Giấy phép (ABEI),888/QĐ-BTTTT,valid,https://giayphep.abei.gov.vn/
thatvidieu.com,Công ty TNHH Thật Vi Diệu,Website - Trang mạng xã hội,,Giấy phép (TVPL PDF),,valid,
tvd.com,Công ty TNHH Thật Vi Diệu,Website - Trang mạng xã hội,,Giấy phép (TVPL PDF),,valid,
thcl.com.vn,BÁO THƯƠNG HIỆU VÀ CÔNG LUẬN,GIẤY PHÉP THIẾT LẬP TRANG THÔNG TIN ĐIỆN TỬ TỔNG HỢP,2015-07-08,Giấy phép (ABEI),90/GPSĐBS-TTĐT,invalid,https://giayphep.abei.gov.vn/
thds.vn,Công ty CP Học viện YOGA Dinh dưỡng Việt Nam,Website - Trang mạng xã hội,,Giấy phép (TVPL PDF),,valid,
thdt.vn,ĐÀI PHÁT THANH VÀ TRUYỀN HÌNH ĐỒNG THÁP,GIẤY PHÉP THIẾT LẬP TRANG THÔNG TIN ĐIỆN TỬ TỔNG HỢP,2019-10-15,Giấy phép (ABEI),195/GP-TTĐT,invalid,https://giayphep.abei.gov.vn/
theanh28.vn,Công ty cổ phần Kênh 28 Entertaiment,Website - Trang mạng xã hội,,Giấy phép (TVPL PDF),,valid,
theanh28.com,Công ty cổ phần Kênh 28 Entertaiment,Website - Trang mạng xã hội,,Giấy phép (TVPL PDF),,valid,
thebank.vn,Công ty Cổ phần Công nghệ và Truyền thông Samo,Website - Trang mạng xã hội,,Giấy phép (TVPL PDF),,valid,
thedeal.vn,Công ty Cổ phần TheDEAL Việt Nam.,GIẤY XÁC NHẬN THÔNG BÁO CUNG CẤP DỊCH VỤ MẠNG XÃ HỘI,2025-04-14,Giấy phép (ABEI),61/GXN-PTTH&TTĐT,valid,https://giayphep.abei.gov.vn/
theface.vn,CÔNG TY TNHH IRIS DATA DRIVEN MARKETING AGENCY,GIẤY PHÉP CUNG CẤP DỊCH VỤ MẠNG XÃ HỘI,2020-02-14,Giấy phép (ABEI),55/GP-BTTTT,valid,https://giayphep.abei.gov.vn/
thefacevietnam.vn,Công ty TNHH Dịch vụ Tư vấn Truyền thông The Face,Website - Trang TTĐT tổng hợp,,Giấy phép (TVPL PDF),,valid,
thegioianh.diendandoanhng,Tạp chí Diễn đàn doanh nghiệp,"Website - Báo, tạp chí điện tử",,Giấy phép (TVPL PDF),,valid,
thegioianh.vn,Tạp chí Thế giới Ảnh,Website - Trang TTĐT tổng hợp,,Giấy phép (TVPL PDF),,valid,
tiemnangviet.vn,TẠP CHÍ THẾ GIỚI ẢNH,GIẤY PHÉP THIẾT LẬP TRANG THÔNG TIN ĐIỆN TỬ TỔNG HỢP,2018-02-02,Giấy phép (ABEI),22/GP-TTĐT,valid,https://giayphep.abei.gov.vn/
thegioica.100d.mobi,CÔNG TY CỔ PHẦN GIẢI TRÍ 100 ĐỘ,QUYẾT ĐỊNH PHÁT HÀNH TRÒ CHƠI ĐIỆN TỬ G1 TRÊN MẠNG,2019-02-05,Giấy phép (ABEI),2121 /QĐ-BTTTT,invalid,https://giayphep.abei.gov.vn/
thegioicamxuc.vn,CÔNG TY CỔ PHẦN YOTEL,GIẤY PHÉP CUNG CẤP DỊCH VỤ MẠNG XÃ HỘI,2023-04-17,Giấy phép (ABEI),125/GP-BTTTT,valid,https://giayphep.abei.gov.vn/
thegioididong.com,Công ty cổ phần Thế giới Di dộng (thegioididong.vn; thegioididong.com.vn; thegioididong.com),Website - Trang mạng xã hội,,Giấy phép (TVPL PDF),,valid,
thegioididong.com.vn,Công ty cổ phần Thế giới Di dộng (thegioididong.vn; thegioididong.com.vn; thegioididong.com),Website - Trang mạng xã hội,,Giấy phép (TVPL PDF),,valid,
thegioididong.vn,Công ty cổ phần Thế giới Di dộng (thegioididong.vn; thegioididong.com.vn; thegioididong.com),Website - Trang mạng xã hội,,Giấy phép (TVPL PDF),,valid,
www.thegioididong.com.vn,CÔNG TY CỔ PHẦN THẾ GIỚI DI ĐỘNG,GIẤY PHÉP CUNG CẤP DỊCH VỤ MẠNG XÃ HỘI,2020-06-04,Giấy phép (ABEI),238/GP-BTTTT,valid,https://giayphep.abei.gov.vn/
www.thegioididong.com,CÔNG TY CỔ PHẦN THẾ GIỚI DI ĐỘNG,GIẤY PHÉP CUNG CẤP DỊCH VỤ MẠNG XÃ HỘI,2020-06-04,Giấy phép (ABEI),238/GP-BTTTT,valid,https://giayphep.abei.gov.vn/
thegioidienanh.vn,Tạp chí Thế giới điện ảnh,"Website - Báo, tạp chí điện tử",,Giấy phép (TVPL PDF),,valid,
thegioidisan.vn,Tạp chí Thế giới di sản,"Website - Báo, tạp chí điện tử",,Giấy phép (TVPL PDF),,valid,
thegioihaitac.vn,CÔNG TY CỔ PHẦN ACE GAME,QUYẾT ĐỊNH PHÁT HÀNH TRÒ CHƠI ĐIỆN TỬ G1 TRÊN MẠNG,2024-12-20,Giấy phép (ABEI),2172/QĐ-BTTTT,valid,https://giayphep.abei.gov.vn/
thegioihoanmy.vn,CÔNG TY CỔ PHẦN QUANG MINH VIỆT NAM,QUYẾT ĐỊNH PHÁT HÀNH TRÒ CHƠI ĐIỆN TỬ G1 TRÊN MẠNG,2026-01-22,Giấy phép (ABEI),24/QĐ-PTTH&TTĐT,valid,https://giayphep.abei.gov.vn/
thegioihoinhap.vn,Trung tâm Nghiên cứu Kinh doanh và Hỗ trợ Doanh nghiệp,Website - Trang TTĐT tổng hợp,,Giấy phép (TVPL PDF),,valid,
thegioikinhdoanh.vn,Công ty TNHH Thông tin và Dữ liệu IOT,Website - Trang TTĐT tổng hợp,,Giấy phép (TVPL PDF),,valid,
thegioimoi.vn,TẠP CHÍ THẾ GIỚI MỚI,GIẤY PHÉP THIẾT LẬP TRANG THÔNG TIN ĐIỆN TỬ TỔNG HỢP,2013-07-16,Giấy phép (ABEI),97/GP-TTĐT,invalid,https://giayphep.abei.gov.vn/
www.newworldtimes.vn,TẠP CHÍ THẾ GIỚI MỚI,GIẤY PHÉP THIẾT LẬP TRANG THÔNG TIN ĐIỆN TỬ TỔNG HỢP,2013-07-16,Giấy phép (ABEI),97/GP-TTĐT,invalid,https://giayphep.abei.gov.vn/
thegioimynhan.vn,Công ty Cổ phần M-Mobile,Website - Trang TTĐT tổng hợp,,Giấy phép (TVPL PDF),,valid,
thegioingam.123game.vn,CÔNG TY CỔ PHẦN DỊCH VỤ MỘT THẾ GIỚI,QUYẾT ĐỊNH PHÁT HÀNH TRÒ CHƠI ĐIỆN TỬ G1 TRÊN MẠNG,2018-05-29,Giấy phép (ABEI),809/QĐ-BTTTT,invalid,https://giayphep.abei.gov.vn/
thegioingoisao.vn,Công ty Cổ phần Mobi-One,Website - Trang TTĐT tổng hợp,,Giấy phép (TVPL PDF),,valid,
thegioinguoidep.net,Công ty Cổ phần truyền thông ANGIA,Website - Trang TTĐT tổng hợp,,Giấy phép (TVPL PDF),,valid,
thegioinhac.com.vn,Công ty Cổ phần Truyền thông Vnnplus,Website - Trang mạng xã hội,,Giấy phép (TVPL PDF),,valid,
thegioiphuongtien.vn,CÔNG TY CỔ PHẦN THẾ GIỚI PHƯƠNG TIỆN,GIẤY PHÉP CUNG CẤP DỊCH VỤ MẠNG XÃ HỘI,2021-03-26,Giấy phép (ABEI),181/GP-BTTTT,valid,https://giayphep.abei.gov.vn/
thegioirong.playfun.vn,CÔNG TY CỔ PHẦN FUNTAP,QUYẾT ĐỊNH PHÁT HÀNH TRÒ CHƠI ĐIỆN TỬ G1 TRÊN MẠNG,2020-09-03,Giấy phép (ABEI),1502 QĐ-BTTTTT,valid,https://giayphep.abei.gov.vn/
thegioisao.net.vn,CÔNG TY CỔ PHẦN TRUYỀN HÌNH TRỰC TUYẾN VIỆT NAM KẾT NỐI TOÀN CẦU GCTV,GIẤY PHÉP CUNG CẤP DỊCH VỤ MẠNG XÃ HỘI,2020-12-04,Giấy phép (ABEI),565/GP-BTTTT,valid,https://giayphep.abei.gov.vn/
thegioishowbiz.com.vn,Công ty cổ phần giải pháp truyền thông Kết nối trẻ,Website - Trang TTĐT tổng hợp,,Giấy phép (TVPL PDF),,valid,
thegioitiepthi.danviet.vn,Báo Nông thôn ngày nay,"Website - Báo, tạp chí điện tử",,Giấy phép (TVPL PDF),,valid,
thegioixe.thanhnien.com.vn,Báo Thanh niên,"Website - Báo, tạp chí điện tử",,Giấy phép (TVPL PDF),,valid,
theinfluencer.vn,CÔNG TY CỔ PHẦN THE A LIST VIỆT NAM,GIẤY PHÉP CUNG CẤP DỊCH VỤ MẠNG XÃ HỘI,2021-07-29,Giấy phép (ABEI),487/GP-BTTTT,valid,https://giayphep.abei.gov.vn/
thekymoi.vn,CÔNG TY TNHH TRUYỀN THÔNG PHI LONG,GIẤY PHÉP CUNG CẤP DỊCH VỤ MẠNG XÃ HỘI,2019-10-08,Giấy phép (ABEI),425/GP-BTTTT,valid,https://giayphep.abei.gov.vn/
theleader.vn,Tạp chí điện tử Nhà quản trị,"Website - Báo, tạp chí điện tử",,Giấy phép (TVPL PDF),,valid,
thethao.thanhnien.com.vn,Báo Thanh niên,"Website - Báo, tạp chí điện tử",,Giấy phép (TVPL PDF),,valid,
thethao.vietnamnet.vn,Báo VietNamNet,"Website - Báo, tạp chí điện tử",,Giấy phép (TVPL PDF),,valid,
thethao247.vn,Công ty Cổ phần Dịch vụ Truyền thông Thể thao 247,Website - Trang TTĐT tổng hợp,,Giấy phép (TVPL PDF),,valid,
thethaocuocsong.vn,TẠP CHÍ THỂ THAO VÀ CUỘC SỐNG,GIẤY PHÉP THIẾT LẬP TRANG THÔNG TIN ĐIỆN TỬ TỔNG HỢP,2023-04-27,Giấy phép (ABEI),59/GP-TTĐT,valid,https://giayphep.abei.gov.vn/
thethaohcm.vn,BÁO THỂ THAO THÀNH PHỐ HỒ CHÍ MINH,GIẤY PHÉP THIẾT LẬP TRANG THÔNG TIN ĐIỆN TỬ TỔNG HỢP,2018-12-19,Giấy phép (ABEI),313/GP-TTĐT,invalid,https://giayphep.abei.gov.vn/
thethaovanhoa.vn,Báo Thể thao và Văn hóa,"Website - Báo, tạp chí điện tử",,Giấy phép (TVPL PDF),,valid,
thethaovaxahoi.com.vn,Công ty Cổ phần Đầu tư và phát triển thương mại quốc tế Sao Phương Nam,Website - Trang TTĐT tổng hợp,,Giấy phép (TVPL PDF),,valid,
thethaovietnamplus.vn,TRUNG TÂM THÔNG TIN – TRUYỀN THÔNG THỂ DỤC THỂ THAO,GIẤY PHÉP THIẾT LẬP TRANG THÔNG TIN ĐIỆN TỬ TỔNG HỢP,2023-09-15,Giấy phép (ABEI),157/GP-TTĐT,valid,https://giayphep.abei.gov.vn/
thhp.vn,ĐÀI PHÁT THANH VÀ TRUYỀN HÌNH HẢI PHÒNG,GIẤY PHÉP THIẾT LẬP TRANG THÔNG TIN ĐIỆN TỬ TỔNG HỢP,2017-09-01,Giấy phép (ABEI),283/GP-TTĐT,invalid,https://giayphep.abei.gov.vn/
thht.gamate.vn,TỔNG TY TNHH CÔNG NGHỆ GIẢI TRÍ CHÂU Á,QUYẾT ĐỊNH PHÁT HÀNH TRÒ CHƠI ĐIỆN TỬ G1 TRÊN MẠNG,2023-10-03,Giấy phép (ABEI),1896/QĐ-BTTTT,valid,https://giayphep.abei.gov.vn/
thichhoc.vn,Công ty Cổ phần Đầu tư Phát triển Phần mềm Ứng dụng Việt,Website - Trang mạng xã hội,,Giấy phép (TVPL PDF),,valid,
thiduakhenthuong.vn.org.vn,TRUNG TÂM THÔNG TIN – TRUYỀN THÔNG - BAN THI ĐUA - KHEN THƯỞNG TRUNG ƯƠNG,GIẤY PHÉP THIẾT LẬP TRANG THÔNG TIN ĐIỆN TỬ TỔNG HỢP,2023-06-05,Giấy phép (ABEI),88/GP-TTĐT,valid,https://giayphep.abei.gov.vn/
thiduakhenthuongvn.org.vn,Tạp chí Thi đua Khen thưởng,Website - Trang TTĐT tổng hợp,,Giấy phép (TVPL PDF),,valid,
thien-binh.vn,CÔNG TY TNHH DỊCH VỤ PHẦN MỀM THIÊN BÌNH,QUYẾT ĐỊNH PHÁT HÀNH TRÒ CHƠI ĐIỆN TỬ G1 TRÊN MẠNG,2025-06-24,Giấy phép (ABEI),278/QĐ-PTTH&TTĐT,invalid,https://giayphep.abei.gov.vn/
thienanh.novagate.vn,Công ty Cổ phần Novagate Studio,QUYẾT ĐỊNH PHÁT HÀNH TRÒ CHƠI ĐIỆN TỬ G1 TRÊN MẠNG,2026-04-14,Giấy phép (ABEI),186 /QĐ-PTTH&TTĐT,valid,https://giayphep.abei.gov.vn/
thiencuc.123game.vn,CÔNG TY CỔ PHẦN DỊCH VỤ MỘT THẾ GIỚI,QUYẾT ĐỊNH PHÁT HÀNH TRÒ CHƠI ĐIỆN TỬ G1 TRÊN MẠNG,2016-05-06,Giấy phép (ABEI),724/QĐ-BTTTT,invalid,https://giayphep.abei.gov.vn/
thiendiavosong.vtcgame.vn,CÔNG TY VTC CÔNG NGHỆ VÀ NỘI DUNG SỐ,QUYẾT ĐỊNH PHÁT HÀNH TRÒ CHƠI ĐIỆN TỬ G1 TRÊN MẠNG,2017-06-14,Giấy phép (ABEI),916/QĐ-BTTTT,invalid,https://giayphep.abei.gov.vn/
thiendinhtavodich.vn,CÔNG TY TNHH SOHA,QUYẾT ĐỊNH PHÁT HÀNH TRÒ CHƠI ĐIỆN TỬ G1 TRÊN MẠNG,2024-01-08,Giấy phép (ABEI),20/QĐ-BTTTT,valid,https://giayphep.abei.gov.vn/
thienha.vn,CÔNG TY TNHH DỊCH VỤ PHẦN MỀM BÌNH MINH,QUYẾT ĐỊNH PHÁT HÀNH TRÒ CHƠI ĐIỆN TỬ G1 TRÊN MẠNG,2016-04-29,Giấy phép (ABEI),680/QĐ-BTTTT,invalid,https://giayphep.abei.gov.vn/
thienha3d.gamota.com,CÔNG TY CỔ PHẦN GAMOTA,QUYẾT ĐỊNH PHÁT HÀNH TRÒ CHƠI ĐIỆN TỬ G1 TRÊN MẠNG,2017-10-18,Giấy phép (ABEI),1770/QĐ-BTTTT,valid,https://giayphep.abei.gov.vn/
thienhaanhhung3q.vn,CÔNG TY CỔ PHẦN ACE GAME,QUYẾT ĐỊNH PHÁT HÀNH TRÒ CHƠI ĐIỆN TỬ G1 TRÊN MẠNG,2022-07-05,Giấy phép (ABEI),1339/QĐ-BTTTT,valid,https://giayphep.abei.gov.vn/
thienhachivuong.vn,CÔNG TY CỔ PHẦN PHÁT TRIỂN DỊCH VỤ TRỰC TUYẾN ONPLAY,QUYẾT ĐỊNH PHÁT HÀNH TRÒ CHƠI ĐIỆN TỬ G1 TRÊN MẠNG,2016-11-24,Giấy phép (ABEI),2075/QĐ-BTTTT,invalid,https://giayphep.abei.gov.vn/
thienhuonghoa.com,CÔNG TY CỔ PHẦN GIẢI TRÍ THIÊN THƯỢNG HỎA,QUYẾT ĐỊNH PHÁT HÀNH TRÒ CHƠI ĐIỆN TỬ G1 TRÊN MẠNG,2021-03-19,Giấy phép (ABEI),334/QĐ-BTTTT,valid,https://giayphep.abei.gov.vn/
thienkhoi.zing.vn,CÔNG TY TNHH TRUYỀN THÔNG MINH PHƯƠNG THỊNH,QUYẾT ĐỊNH PHÁT HÀNH TRÒ CHƠI ĐIỆN TỬ G1 TRÊN MẠNG,2021-05-31,Giấy phép (ABEI),742 /QĐ-BTTTT,valid,https://giayphep.abei.gov.vn/
thienkiem.vn,CÔNG TY CỔ PHẦN FUNTAP,QUYẾT ĐỊNH PHÁT HÀNH TRÒ CHƠI ĐIỆN TỬ G1 TRÊN MẠNG,2019-06-25,Giấy phép (ABEI),955/QĐ-BTTTT,valid,https://giayphep.abei.gov.vn/
thienkiemchivan.playfun.vn,CÔNG TY CỔ PHẦN FUNTAP,QUYẾT ĐỊNH PHÁT HÀNH TRÒ CHƠI ĐIỆN TỬ G1 TRÊN MẠNG,2022-08-29,Giấy phép (ABEI),1624/QĐ-BTTTT,invalid,https://giayphep.abei.gov.vn/
thienkiemtruyenky.sonhaigame.com,CÔNG TY CỔ PHẦN GIẢI TRÍ SƠN HẢI GAME,QUYẾT ĐỊNH PHÁT HÀNH TRÒ CHƠI ĐIỆN TỬ G1 TRÊN MẠNG,2020-11-12,Giấy phép (ABEI),1951/QĐ-BTTTT,valid,https://giayphep.abei.gov.vn/
thienlong3q.gmeta.vn,CÔNG TY CỔ PHẦN GMETA,QUYẾT ĐỊNH PHÁT HÀNH TRÒ CHƠI ĐIỆN TỬ G1 TRÊN MẠNG,2024-05-24,Giấy phép (ABEI),849/QĐ-BTTTT,valid,https://giayphep.abei.gov.vn/
thienlongquyet.vn,CÔNG TY CỔ PHẦN VTC DỊCH VỤ DI ĐỘNG,QUYẾT ĐỊNH PHÁT HÀNH TRÒ CHƠI ĐIỆN TỬ G1 TRÊN MẠNG,2020-09-18,Giấy phép (ABEI),1593/QĐ-BTTTT,invalid,https://giayphep.abei.gov.vn/
thienlongtpl.vn,CÔNG TY CỔ PHẦN TEPAYLINK ,QUYẾT ĐỊNH PHÁT HÀNH TRÒ CHƠI ĐIỆN TỬ G1 TRÊN MẠNG,2026-06-16,Giấy phép (ABEI),352/QĐ-PTTH&TTĐT,valid,https://giayphep.abei.gov.vn/
thienlongtruyenky.vn,CÔNG TY CỔ PHẦN TRỰC TUYỂN DUO,QUYẾT ĐỊNH PHÁT HÀNH TRÒ CHƠI ĐIỆN TỬ G1 TRÊN MẠNG,2022-10-31,Giấy phép (ABEI),2000/QĐ-BTTTT,invalid,https://giayphep.abei.gov.vn/
thienmaquyet.vn,CÔNG TY CỔ PHẦN VTC DỊCH VỤ DI ĐỘNG,QUYẾT ĐỊNH PHÁT HÀNH TRÒ CHƠI ĐIỆN TỬ G1 TRÊN MẠNG,2019-11-19,Giấy phép (ABEI),1966/QĐ-BTTTT,invalid,https://giayphep.abei.gov.vn/
thienmenhvosong.vn,CÔNG TY CỔ PHẦN 9PLAY,QUYẾT ĐỊNH PHÁT HÀNH TRÒ CHƠI ĐIỆN TỬ G1 TRÊN MẠNG,2021-10-13,Giấy phép (ABEI),1592/QĐ-BTTTT,valid,https://giayphep.abei.gov.vn/
thienminh3d.vn,CÔNG TY CỔ PHẦN TRỰC TUYỂN CMN VIỆT NAM,QUYẾT ĐỊNH PHÁT HÀNH TRÒ CHƠI ĐIỆN TỬ G1 TRÊN MẠNG,2022-10-28,Giấy phép (ABEI),1972/QĐ-BTTTT,valid,https://giayphep.abei.gov.vn/
thienngoaigiangho.playfun.vn,CÔNG TY CỔ PHẦN FUNTAP,QUYẾT ĐỊNH PHÁT HÀNH TRÒ CHƠI ĐIỆN TỬ G1 TRÊN MẠNG,2023-11-17,Giấy phép (ABEI),2277/QĐ-BTTTT,invalid,https://giayphep.abei.gov.vn/
thiennhai.vnggames.com,CÔNG TY CỔ PHẦN VNG,QUYẾT ĐỊNH PHÁT HÀNH TRÒ CHƠI ĐIỆN TỬ G1 TRÊN MẠNG,2024-04-23,Giấy phép (ABEI),596/QĐ-BTTTT,invalid,https://giayphep.abei.gov.vn/
thiennhien.net,Trung tâm Con người và Thiên nhiên,Website - Trang TTĐT tổng hợp,,Giấy phép (TVPL PDF),,valid,
thiennhienmoitruong.vn,Tạp chí điện tử Thiên nhiên và Môi trường,"Website - Báo, tạp chí điện tử",,Giấy phép (TVPL PDF),,valid,
thiennu.talktv.vn,CÔNG TY TNHH TRUYỀN THÔNG MINH PHƯƠNG THỊNH,QUYẾT ĐỊNH PHÁT HÀNH TRÒ CHƠI ĐIỆN TỬ G1 TRÊN MẠNG,2017-06-30,Giấy phép (ABEI),1037/QĐ-BTTTT,invalid,https://giayphep.abei.gov.vn/
thiennu2.zing.vn,CÔNG TY TNHH TRUYỀN THÔNG MINH PHƯƠNG THỊNH,QUYẾT ĐỊNH PHÁT HÀNH TRÒ CHƠI ĐIỆN TỬ G1 TRÊN MẠNG,2020-06-11,Giấy phép (ABEI),977/QĐ-BTTTT,invalid,https://giayphep.abei.gov.vn/
thienphuocmedia.com,CÔNG TY CỔ PHẦN TRUYỀN THÔNG THIÊN PHƯỚC,QUYẾT ĐỊNH PHÁT HÀNH TRÒ CHƠI ĐIỆN TỬ G1 TRÊN MẠNG,2019-12-16,Giấy phép (ABEI),2194/QĐ-BTTTT,invalid,https://giayphep.abei.gov.vn/
thiensu.360game.vn,CÔNG TY TNHH GIẢI TRÍ LONG ĐỈNH,QUYẾT ĐỊNH PHÁT HÀNH TRÒ CHƠI ĐIỆN TỬ G1 TRÊN MẠNG,2020-03-12,Giấy phép (ABEI),333/QĐ-BTTTT,valid,https://giayphep.abei.gov.vn/
thiensumobile.vn,CÔNG TY CỔ PHẦN CÔNG NGHỆ GTV VIỆT NAM,QUYẾT ĐỊNH PHÁT HÀNH TRÒ CHƠI ĐIỆN TỬ G1 TRÊN MẠNG,2019-11-25,Giấy phép (ABEI),2007/QĐ-BTTTT,valid,https://giayphep.abei.gov.vn/
thienthientamquoc.vn,CÔNG TY TNHH SOHA,QUYẾT ĐỊNH PHÁT HÀNH TRÒ CHƠI ĐIỆN TỬ G1 TRÊN MẠNG,2020-12-04,Giấy phép (ABEI),2142 /QĐ-BTTTT,valid,https://giayphep.abei.gov.vn/
thienthumobile.vn,CÔNG TY CỔ PHẦN VTC DỊCH VỤ DI ĐỘNG,QUYẾT ĐỊNH PHÁT HÀNH TRÒ CHƠI ĐIỆN TỬ G1 TRÊN MẠNG,2016-12-14,Giấy phép (ABEI),2222/QĐ-BTTTT,invalid,https://giayphep.abei.gov.vn/
thienthuonghon.com,CÔNG TY CỔ PHẦN GIẢI TRÍ THIÊN THƯỢNG HỎA,QUYẾT ĐỊNH PHÁT HÀNH TRÒ CHƠI ĐIỆN TỬ G1 TRÊN MẠNG,2022-07-05,Giấy phép (ABEI),1336/QĐ-BTTTT,valid,https://giayphep.abei.gov.vn/
thienthuonghoo.com,CÔNG TY CỔ PHẦN GIẢI TRÍ THIÊN THƯỢNG HỎA,QUYẾT ĐỊNH PHÁT HÀNH TRÒ CHƠI ĐIỆN TỬ G1 TRÊN MẠNG,2023-06-22,Giấy phép (ABEI),1089/QĐ-BTTTT,valid,https://giayphep.abei.gov.vn/
thienthuonghos.xam.game,CÔNG TY CỔ PHẦN GIẢI TRÍ THIÊN THƯỢNG HỎA,QUYẾT ĐỊNH PHÁT HÀNH TRÒ CHƠI ĐIỆN TỬ G1 TRÊN MẠNG,2023-06-22,Giấy phép (ABEI),1089/QĐ-BTTTT,valid,https://giayphep.abei.gov.vn/
thientu.vtcgame.vn,CÔNG TY VTC CÔNG NGHỆ VÀ NỘI DUNG SỐ,QUYẾT ĐỊNH PHÁT HÀNH TRÒ CHƠI ĐIỆN TỬ G1 TRÊN MẠNG,2017-04-11,Giấy phép (ABEI),521/QĐ-BTTTT,invalid,https://giayphep.abei.gov.vn/
thientuyet.vgplay.vn,CÔNG TY CỔ PHẦN VGP,QUYẾT ĐỊNH PHÁT HÀNH TRÒ CHƠI ĐIỆN TỬ G1 TRÊN MẠNG,2021-01-08,Giấy phép (ABEI),1767 /QĐ-BTTTT,valid,https://giayphep.abei.gov.vn/
thienvuthanvuong.vgplay,CÔNG TY CỔ PHẦN VGP,QUYẾT ĐỊNH PHÁT HÀNH TRÒ CHƠI ĐIỆN TỬ G1 TRÊN MẠNG,2024-05-14,Giấy phép (ABEI),782 /QĐ-BTTTT,valid,https://giayphep.abei.gov.vn/
thienvuthanvuong.vgplay.vn,CÔNG TY CỔ PHẦN VGP,QUYẾT ĐỊNH PHÁT HÀNH TRÒ CHƠI ĐIỆN TỬ G1 TRÊN MẠNG,2024-05-14,Giấy phép (ABEI),782/QĐ-BTTTT,valid,https://giayphep.abei.gov.vn/
thietbicongnemangsky.co,Công ty TNHH Công nghệ mạng Sky,GIẤY XÁC NHẬN THÔNG BÁO CUNG CẤP DỊCH VỤ MẠNG XÃ HỘI,2025-05-06,Giấy phép (ABEI),71/GXN-PTTH&TTĐT,valid,https://giayphep.abei.gov.vn/
thietbicongnghemangsky.com.vn,Công ty TNHH Công nghệ mạng Sky,GIẤY XÁC NHẬN THÔNG BÁO CUNG CẤP DỊCH VỤ MẠNG XÃ HỘI,2025-05-06,Giấy phép (ABEI),71/GXN-PTTH&TTĐT,valid,https://giayphep.abei.gov.vn/
thietky.vn,CÔNG TY CỔ PHẦN PHÁT TRIỂN DỊCH VỤ TRỰC TUYẾN ONPLAY,QUYẾT ĐỊNH PHÁT HÀNH TRÒ CHƠI ĐIỆN TỬ G1 TRÊN MẠNG,2017-02-08,Giấy phép (ABEI),118/QĐ-BTTTT,invalid,https://giayphep.abei.gov.vn/
thieuhiep.vsgame.vn,CÔNG TY CỔ PHẦN VISION GAME,QUYẾT ĐỊNH PHÁT HÀNH TRÒ CHƠI ĐIỆN TỬ G1 TRÊN MẠNG,2024-10-18,Giấy phép (ABEI),1783/QĐ-BTTTT,invalid,https://giayphep.abei.gov.vn/
thieunien.vn,Báo Thiếu niên Tiền phong và Nhi đồng,"Website - Báo, tạp chí điện tử",,Giấy phép (TVPL PDF),,valid,
thieunientaydu.splay.vn,CÔNG TY CỔ PHẦN VTC DỊCH VỤ DI ĐỘNG,QUYẾT ĐỊNH PHÁT HÀNH TRÒ CHƠI ĐIỆN TỬ G1 TRÊN MẠNG,2025-08-07,Giấy phép (ABEI),349/QĐ-PTTH&TTĐT,valid,https://giayphep.abei.gov.vn/
thieunienvosong.vn,CÔNG TY CỔ PHẦN ACE GAME,QUYẾT ĐỊNH PHÁT HÀNH TRÒ CHƠI ĐIỆN TỬ G1 TRÊN MẠNG,2022-09-30,Giấy phép (ABEI),1841/QĐ-BTTTT,valid,https://giayphep.abei.gov.vn/
thinhmobile.vn,Công ty TNHH Công nghệ Truyền thông VMGPLUS,Website - Trang TTĐT tổng hợp,,Giấy phép (TVPL PDF),,valid,
thinkview.vn,CÔNG TY TNHH CÔNG NGHỆ THINK VIỆT NAM,GIẤY PHÉP CUNG CẤP DỊCH VỤ MẠNG XÃ HỘI,2019-09-30,Giấy phép (ABEI),412/GP-BTTTT,valid,https://giayphep.abei.gov.vn/
thiquocgia.vn,Công ty Cổ phần Viễn thông Tinh Vân,Website - Trang TTĐT tổng hợp,,Giấy phép (TVPL PDF),,valid,
thithamxuan.vn,Công ty Cổ phần M-Mobile,Website - Trang TTĐT tổng hợp,,Giấy phép (TVPL PDF),,valid,
thitruong.doanhnghiepvathu,Tạp chí Doanh nghiệp và Thương mại,"Website - Báo, tạp chí điện tử",,Giấy phép (TVPL PDF),,valid,
thitruong.nld.com.vn,Báo Người lao động (Báo điện tử Người lao động),"Website - Báo, tạp chí điện tử",,Giấy phép (TVPL PDF),,valid,
thitruong.thuonghieusanpha,Tạp chí Thương hiệu và sản phẩm,"Website - Báo, tạp chí điện tử",,Giấy phép (TVPL PDF),,valid,
thitruongbiz.vn.vn,Công ty TNHH Hương Ly Entertainment Việt Nam,Website - Trang TTĐT tổng hợp,,Giấy phép (TVPL PDF),,valid,
thitruongdiaoc.vn,CÔNG TY TNHH XÚC TIẾN ĐẦU TƯ VÀ TƯ VẤN BẤT ĐỘNG SẢN SÀI GÒN,GIẤY PHÉP CUNG CẤP DỊCH VỤ MẠNG XÃ HỘI,2020-03-11,Giấy phép (ABEI),89/GP-BTTTT,valid,https://giayphep.abei.gov.vn/
thitruonggiacabds.vn,TẠP CHÍ THỊ TRƯỜNG GIÁ CẢ,GIẤY PHÉP THIẾT LẬP TRANG THÔNG TIN ĐIỆN TỬ TỔNG HỢP,2016-06-30,Giấy phép (ABEI),70/GP-TTĐT,invalid,https://giayphep.abei.gov.vn/
thitruongkinhte.vn,Công ty TNHH COMMEDIA,Website - Trang TTĐT tổng hợp,,Giấy phép (TVPL PDF),,valid,
thitruongnongnghiep.vn,Công ty TNHH Agricare Việt Nam,Website - Trang TTĐT tổng hợp,,Giấy phép (TVPL PDF),,valid,
thitruongsi.vn,Công ty Cổ phần Dịch vụ TTS,Website - Trang mạng xã hội,,Giấy phép (TVPL PDF),,valid,
thitruongtaichinh.kinhtedothi,Báo Kinh tế và Đô thị,"Website - Báo, tạp chí điện tử",,Giấy phép (TVPL PDF),,valid,
thitruongtaichinhtiente.vn,Tạp chí Thị trường Tài chính Tiền tệ,"Website - Báo, tạp chí điện tử",,Giấy phép (TVPL PDF),,valid,
thitruongthuonghieu.vn,Công ty CP Giải pháp Đầu tư Sài Gòn,Website - Trang TTĐT tổng hợp,,Giấy phép (TVPL PDF),,valid,
thitruongvadoisong.vn,Công ty TNHH Truyền thông Goodcom Việt Nam,Website - Trang TTĐT tổng hợp,,Giấy phép (TVPL PDF),,valid,
thitruongvathuonghieu.vn,Công ty TNHH truyền thông Ngòi Bút Vàng,Website - Trang TTĐT tổng hợp,,Giấy phép (TVPL PDF),,valid,
thixaphutho.gov.vn,ĐÀI TRUYỀN THANH THỊ XÃ PHÚ THỌ,GIẤY PHÉP THIẾT LẬP TRANG THÔNG TIN ĐIỆN TỬ TỔNG HỢP,2013-04-26,Giấy phép (ABEI),50/GP-TTĐT,invalid,https://giayphep.abei.gov.vn/
thkiem.vn,CÔNG TY CỔ PHẦN SOLAPLAY,QUYẾT ĐỊNH PHÁT HÀNH TRÒ CHƠI ĐIỆN TỬ G1 TRÊN MẠNG,2022-10-07,Giấy phép (ABEI),1874/QĐ-BTTTT,valid,https://giayphep.abei.gov.vn/
thodia247.vn,CÔNG TY CỔ PHẦN FCORP,GIẤY PHÉP CUNG CẤP DỊCH VỤ MẠNG XÃ HỘI,2022-01-25,Giấy phép (ABEI),73/GP-BTTTT,valid,https://giayphep.abei.gov.vn/
thoibaodoanhnhan.com.vn,THỜI BÁO DOANH NHÂN,GIẤY PHÉP THIẾT LẬP TRANG THÔNG TIN ĐIỆN TỬ TỔNG HỢP,2016-11-09,Giấy phép (ABEI),182/GP-TTĐT,invalid,https://giayphep.abei.gov.vn/
tbdn.vn,THỜI BÁO DOANH NHÂN,GIẤY PHÉP THIẾT LẬP TRANG THÔNG TIN ĐIỆN TỬ TỔNG HỢP,2016-11-09,Giấy phép (ABEI),182/GP-TTĐT,invalid,https://giayphep.abei.gov.vn/
thoibaodoanhnhan.vn,CÔNG TY CỔ PHẦN NTCORP,Website - Trang TTĐT tổng hợp,,Giấy phép (TVPL PDF),,valid,
thoibaonganhang.vn,Báo Thời báo Ngân hàng,"Website - Báo, tạp chí điện tử",,Giấy phép (TVPL PDF),,valid,
thoibaotaichinhvietnam.vn,Báo Thời báo Tài chính Việt Nam,"Website - Báo, tạp chí điện tử",,Giấy phép (TVPL PDF),,valid,
thoibaovhnt.vn,Báo Thời báo Văn học nghệ thuật,"Website - Báo, tạp chí điện tử",,Giấy phép (TVPL PDF),,valid,
arttimes.vn,Báo Thời báo Văn học nghệ thuật,"Website - Báo, tạp chí điện tử",,Giấy phép (TVPL PDF),,valid,
thoibaoviet.com.vn,BÁO THỜI BÁO LÀNG NGHỀ VIỆT,GIẤY PHÉP THIẾT LẬP TRANG THÔNG TIN ĐIỆN TỬ TỔNG HỢP,2018-11-13,Giấy phép (ABEI),290/GP-TTĐT,invalid,https://giayphep.abei.gov.vn/
www.baolangnghe.vn,BÁO THỜI BÁO LÀNG NGHỀ VIỆT,GIẤY PHÉP THIẾT LẬP TRANG THÔNG TIN ĐIỆN TỬ TỔNG HỢP,2018-11-13,Giấy phép (ABEI),290/GP-TTĐT,invalid,https://giayphep.abei.gov.vn/
thoidai.com.vn,Tạp chí Thời đại,"Website - Báo, tạp chí điện tử",,Giấy phép (TVPL PDF),,valid,
thoidaihaitac.gosu.vn,CÔNG TY CỔ PHẦN TRỰC TUYẾN GOSU,QUYẾT ĐỊNH PHÁT HÀNH TRÒ CHƠI ĐIỆN TỬ G1 TRÊN MẠNG,2021-03-01,Giấy phép (ABEI),239 /QĐ-BTTTT,valid,https://giayphep.abei.gov.vn/
thoidaininja.vn,CÔNG TY CỔ PHẦN FUNTAP,QUYẾT ĐỊNH PHÁT HÀNH TRÒ CHƠI ĐIỆN TỬ G1 TRÊN MẠNG,2020-10-08,Giấy phép (ABEI),1714/QĐ-BTTTT,valid,https://giayphep.abei.gov.vn/
thoidaiplus.suckhoedoisong,Báo Sức khoẻ và Đời sống,"Website - Báo, tạp chí điện tử",,Giấy phép (TVPL PDF),,valid,
thoidaiplus.vn,Công ty TNHH đầu tư truyền thông Thời đại mới,Website - Trang TTĐT tổng hợp,,Giấy phép (TVPL PDF),,valid,
thoihoangkim.phoeniz.com,CÔNG TY TNHH DỊCH VỤ GIẢI TRÍ PHƯỢNG HOÀNG,QUYẾT ĐỊNH PHÁT HÀNH TRÒ CHƠI ĐIỆN TỬ G1 TRÊN MẠNG,2020-06-11,Giấy phép (ABEI),979 /QĐ-BTTTT,invalid,https://giayphep.abei.gov.vn/
thoiloan2.zingplay.com,CÔNG TY TNHH ZINGPLAY VIỆT NAM,QUYẾT ĐỊNH PHÁT HÀNH TRÒ CHƠI ĐIỆN TỬ G1 TRÊN MẠNG,2024-07-15,Giấy phép (ABEI),1174/QĐ-BTTTT,valid,https://giayphep.abei.gov.vn/
thoiloanmobile.vn,CÔNG TY TNHH NỘI DUNG SỐ NGUYÊN BẢO,QUYẾT ĐỊNH PHÁT HÀNH TRÒ CHƠI ĐIỆN TỬ G1 TRÊN MẠNG,2017-03-30,Giấy phép (ABEI),446/QĐ-BTTTT,valid,https://giayphep.abei.gov.vn/
thoimoi.vn,Công ty Cổ phần Truyền thông Thời Mới,Website - Trang TTĐT tổng hợp,,Giấy phép (TVPL PDF),,valid,
thoinet.vn,TRUNG TÂM PHÁT TRIỂN GIÁO DỤC VÀ TRUYỀN THÔNG,GIẤY PHÉP CUNG CẤP DỊCH VỤ MẠNG XÃ HỘI,2017-09-26,Giấy phép (ABEI),465/GP-BTTTT,valid,https://giayphep.abei.gov.vn/
thoinetso.vn,CÔNG TY TNHH VIỄN THÔNG ĐA PHƯƠNG TIỆN THỜI NÉT SỐ,GIẤY PHÉP CUNG CẤP DỊCH VỤ MẠNG XÃ HỘI,2025-01-21,Giấy phép (ABEI),44/GP-BTTTT,valid,https://giayphep.abei.gov.vn/
thoitrangtre.thanhnien.vn,Báo Thanh niên,"Website - Báo, tạp chí điện tử",,Giấy phép (TVPL PDF),,valid,
thongthien.vgpjsc.vn,CÔNG TY CỔ PHẦN VGP,QUYẾT ĐỊNH PHÁT HÀNH TRÒ CHƠI ĐIỆN TỬ G1 TRÊN MẠNG,2017-12-07,Giấy phép (ABEI),2255/QĐ-BTTTT,valid,https://giayphep.abei.gov.vn/
thongtincongthuong.vn,TRUNG TÂM THÔNG TIN CÔNG NGHIỆP VÀ THƯƠNG MẠI,GIẤY PHÉP THIẾT LẬP TRANG THÔNG TIN ĐIỆN TỬ TỔNG HỢP,2025-04-25,Giấy phép (ABEI),65 /GP-TTĐT,valid,https://giayphep.abei.gov.vn/
www.vtic.vn,TRUNG TÂM THÔNG TIN CÔNG NGHIỆP VÀ THƯƠNG MẠI,GIẤY PHÉP THIẾT LẬP TRANG THÔNG TIN ĐIỆN TỬ TỔNG HỢP,2019-07-16,Giấy phép (ABEI),121/GP-TTĐT,invalid,https://giayphep.abei.gov.vn/
thongtindoingoai.laichau.go,Sở Thông tin và Truyền thông Lai Châu,Website - Trang TTĐT tổng hợp,,Giấy phép (TVPL PDF),,valid,
thongtindoingoai.laichau.gov.vn,SỞ THÔNG TIN VÀ TRUYỀN THÔNG LAI CHÂU,GIẤY PHÉP THIẾT LẬP TRANG THÔNG TIN ĐIỆN TỬ TỔNG HỢP,2021-03-25,Giấy phép (ABEI),48/GP-TTĐT,valid,https://giayphep.abei.gov.vn/
thongtindoingoai.org.vn,Ban chỉ đạo công tác thông tin đối ngoại,Website - Trang TTĐT tổng hợp,,Giấy phép (TVPL PDF),,valid,
thongtindoingoai.quangtri.gov.vn,SỞ THÔNG TIN VÀ TRUYỀN THÔNG QUẢNG TRỊ,GIẤY PHÉP THIẾT LẬP TRANG THÔNG TIN ĐIỆN TỬ TỔNG HỢP,2019-11-15,Giấy phép (ABEI),224/GP-TTĐT,invalid,https://giayphep.abei.gov.vn/
thongtindoingoai.vn,Cục Thông tin đối ngoại,Website - Trang TTĐT tổng hợp,,Giấy phép (TVPL PDF),,valid,
thongtinkhuyenmai.info.vn,Công ty TNHH Công nghệ và Nội dung số 4G,Website - Trang TTĐT tổng hợp,,Giấy phép (TVPL PDF),,valid,
thongtinphattrien.com.vn,Tạp chí Thông tin và Phát triển,Website - Trang TTĐT tổng hợp,,Giấy phép (TVPL PDF),,valid,
thongtintuyentruyen.vinhlon,Sở Thông tin và Truyền thông Vĩnh Long,Website - Trang TTĐT tổng hợp,,Giấy phép (TVPL PDF),,valid,
thongtintuyentruyen.vinhlong.gov.vn,SỞ THÔNG TIN VÀ TRUYỀN THÔNG VĨNH LONG,GIẤY PHÉP THIẾT LẬP TRANG THÔNG TIN ĐIỆN TỬ TỔNG HỢP,2020-08-06,Giấy phép (ABEI),137/GP-TTĐT,valid,https://giayphep.abei.gov.vn/
thongtinvaphattrien.vn,Tạp chí Thông tin và Phát triển,Website - Trang TTĐT tổng hợp,,Giấy phép (TVPL PDF),,valid,
www.thongtinphatttrien.com.vn,TẠP CHÍ THÔNG TIN VÀ PHÁT TRIỂN,GIẤY PHÉP THIẾT LẬP TRANG THÔNG TIN ĐIỆN TỬ TỔNG HỢP,2019-08-22,Giấy phép (ABEI),162/GP-TTĐT,invalid,https://giayphep.abei.gov.vn/
thongtinđoingoai.laichau.gov.vn,SỞ THÔNG TIN VÀ TRUYỀN THÔNG LAI CHÂU,GIẤY PHÉP THIẾT LẬP TRANG THÔNG TIN ĐIỆN TỬ TỔNG HỢP,2015-05-12,Giấy phép (ABEI),47/GP-TTĐT,invalid,https://giayphep.abei.gov.vn/
thosan.vgplay.vn,CÔNG TY CỔ PHẦN VGP,QUYẾT ĐỊNH PHÁT HÀNH TRÒ CHƠI ĐIỆN TỬ G1 TRÊN MẠNG,2026-03-05,Giấy phép (ABEI),113/QĐ-PTTH&TTĐT,valid,https://giayphep.abei.gov.vn/
thosanca.vn,CÔNG TY TNHH CÔNG NGHỆ KỸ THUẬT VÀ DỊCH VỤ TRỰC TUYỂN TPC,QUYẾT ĐỊNH PHÁT HÀNH TRÒ CHƠI ĐIỆN TỬ G1 TRÊN MẠNG,2018-02-13,Giấy phép (ABEI),237/QĐ-BTTTT,valid,https://giayphep.abei.gov.vn/
thosandaiduong.vn,CÔNG TY CỔ PHẦN TRAVELLET VIỆT NAM,QUYẾT ĐỊNH PHÁT HÀNH TRÒ CHƠI ĐIỆN TỬ G1 TRÊN MẠNG,2024-08-16,Giấy phép (ABEI),1373/QĐ-BTTTT,valid,https://giayphep.abei.gov.vn/
thosankhobau.vn,CÔNG TY CỔ PHẦN TRỰC TUYỂN DUO,QUYẾT ĐỊNH PHÁT HÀNH TRÒ CHƠI ĐIỆN TỬ G1 TRÊN MẠNG,2023-08-29,Giấy phép (ABEI),1670/QĐ-BTTTT,valid,https://giayphep.abei.gov.vn/
thosanma3d.1618play.vn,CÔNG TY TNHH 1618PLAY,QUYẾT ĐỊNH PHÁT HÀNH TRÒ CHƠI ĐIỆN TỬ G1 TRÊN MẠNG,2020-08-25,Giấy phép (ABEI),1454/QĐ-BTTTT,valid,https://giayphep.abei.gov.vn/
thosanquy.gamota,CÔNG TY CỔ PHẦN GAMOTA,QUYẾT ĐỊNH PHÁT HÀNH TRÒ CHƠI ĐIỆN TỬ G1 TRÊN MẠNG,2022-04-05,Giấy phép (ABEI),633/QĐ-BTTTT,valid,https://giayphep.abei.gov.vn/
thosanx.gaba.vn,CÔNG TY CỔ PHẦN TRÒ CHƠI VEGA,QUYẾT ĐỊNH PHÁT HÀNH TRÒ CHƠI ĐIỆN TỬ G1 TRÊN MẠNG,2017-12-29,Giấy phép (ABEI),2499/QĐ-BTTTT,valid,https://giayphep.abei.gov.vn/
thosanx.vn,CÔNG TY CỔ PHẦN TRỰC TUYẾN CMN VIỆT NAM,QUYẾT ĐỊNH PHÁT HÀNH TRÒ CHƠI ĐIỆN TỬ G1 TRÊN MẠNG,2019-12-03,Giấy phép (ABEI),2103/QĐ-BTTTT,valid,https://giayphep.abei.gov.vn/
threekingdoms.vn,CÔNG TY CỔ PHẦN GIẢI PHÁP SỐ VISION NETWORK VIỆT NAM,QUYẾT ĐỊNH PHÁT HÀNH TRÒ CHƠI ĐIỆN TỬ G1 TRÊN MẠNG,2024-12-03,Giấy phép (ABEI),2116/QĐ-BTTTT,valid,https://giayphep.abei.gov.vn/
thsgame.com.vn,CÔNG TY CỔ PHẦN THS GAME,QUYẾT ĐỊNH PHÁT HÀNH TRÒ CHƠI ĐIỆN TỬ G1 TRÊN MẠNG,2026-05-06,Giấy phép (ABEI),236 /QĐ-PTTH&TTĐT,valid,https://giayphep.abei.gov.vn/
thst.vn,Đài Phát thanh - Truyền hình Sóc Trăng,Website - Trang TTĐT tổng hợp,,Giấy phép (TVPL PDF),,valid,
soctrangtv.vn,Đài Phát thanh - Truyền hình Sóc Trăng,Website - Trang TTĐT tổng hợp,,Giấy phép (TVPL PDF),,valid,
thtg.vn,Đài Phát thanh và Truyền hình Tiền Giang,Website - Trang TTĐT tổng hợp,,Giấy phép (TVPL PDF),,valid,
thtg.com.vn,Đài Phát thanh và Truyền hình Tiền Giang,Website - Trang TTĐT tổng hợp,,Giấy phép (TVPL PDF),,valid,
www.ihtg.com.vn,ĐÀI PHÁT THANH VÀ TRUYỀN HÌNH TIỀN GIANG,GIẤY PHÉP THIẾT LẬP TRANG THÔNG TIN ĐIỆN TỬ TỔNG HỢP,2019-10-31,Giấy phép (ABEI),204/GP-TTĐT,valid,https://giayphep.abei.gov.vn/
thtv.gov.vn,ĐÀI PHÁT THANH - TRUYỀN HÌNH TRÀ VINH,GIẤY PHÉP THIẾT LẬP TRANG THÔNG TIN ĐIỆN TỬ TỔNG HỢP,2013-03-19,Giấy phép (ABEI),25/GP-TTĐT,invalid,https://giayphep.abei.gov.vn/
www.truyenhinhtravinh.vn,ĐÀI PHÁT THANH - TRUYỀN HÌNH TRÀ VINH,GIẤY PHÉP THIẾT LẬP TRANG THÔNG TIN ĐIỆN TỬ TỔNG HỢP,2013-03-19,Giấy phép (ABEI),25/GP-TTĐT,invalid,https://giayphep.abei.gov.vn/
thucdongiaitri.com,Công ty TNHH Quảng cáo Truyền thông Không Khoảng Cách,Website - Trang mạng xã hội,,Giấy phép (TVPL PDF),,valid,
thucdongiaitri.vn,Công ty TNHH Quảng cáo Truyền thông Không Khoảng Cách,Website - Trang mạng xã hội,,Giấy phép (TVPL PDF),,valid,
thucson.vn,CÔNG TY TNHH SOHA,QUYẾT ĐỊNH PHÁT HÀNH TRÒ CHƠI ĐIỆN TỬ G1 TRÊN MẠNG,2019-03-29,Giấy phép (ABEI),485/QĐ-BTTTT,valid,https://giayphep.abei.gov.vn/
thucte.vn,CÔNG TY CỔ PHẦN TRUYỀN HÌNH THỰC TẾ HDTV  VIỆT NAM,GIẤY PHÉP CUNG CẤP DỊCH VỤ MẠNG XÃ HỘI,2020-04-27,Giấy phép (ABEI),179/GP-BTTTT,valid,https://giayphep.abei.gov.vn/
thuctinhhaki.vn,CÔNG TY CỔ PHẦN DỊCH VỤ TRỰC TUYẾN MIGA,QUYẾT ĐỊNH PHÁT HÀNH TRÒ CHƠI ĐIỆN TỬ G1 TRÊN MẠNG,2020-12-14,Giấy phép (ABEI),2213/QĐ-BTTTT,valid,https://giayphep.abei.gov.vn/
thuctinhthanthu.vn,CÔNG TY CỔ PHẦN TRỰC TUYẾN DUO,QUYẾT ĐỊNH PHÁT HÀNH TRÒ CHƠI ĐIỆN TỬ G1 TRÊN MẠNG,2022-09-30,Giấy phép (ABEI),1829/QĐ-BTTTT,valid,https://giayphep.abei.gov.vn/
thucung.cbt.vn,CÔNG TY CỔ PHẦN XTV,QUYẾT ĐỊNH PHÁT HÀNH TRÒ CHƠI ĐIỆN TỬ G1 TRÊN MẠNG,2020-07-14,Giấy phép (ABEI),1181/QĐ-BTTTT,invalid,https://giayphep.abei.gov.vn/
thudomultimedia.vn,CÔNG TY CỔ PHẦN TRUYỀN THÔNG ĐA PHƯƠNG TIỆN THỦ ĐÔ,QUYẾT ĐỊNH PHÁT HÀNH TRÒ CHƠI ĐIỆN TỬ G1 TRÊN MẠNG,2018-05-25,Giấy phép (ABEI),797/QĐ-BTTTT,valid,https://giayphep.abei.gov.vn/
thudoxanhsachdep.hanoi.gov.vn,SỞ THÔNG TIN VÀ TRUYỀN THÔNG THÀNH PHỐ HÀ NỘI,GIẤY PHÉP THIẾT LẬP TRANG THÔNG TIN ĐIỆN TỬ TỔNG HỢP,2016-06-30,Giấy phép (ABEI),71/GP-TTĐT,invalid,https://giayphep.abei.gov.vn/
thuenhanuoc.vn,Tạp chí Thuế nhà nước,"Website - Báo, tạp chí điện tử",,Giấy phép (TVPL PDF),,valid,
www.tapchithue.com.vn,TẠP CHÍ THUẾ NHÀ NƯỚC,GIẤY PHÉP THIẾT LẬP TRANG THÔNG TIN ĐIỆN TỬ TỔNG HỢP,2021-04-02,Giấy phép (ABEI),57/GP-TTĐT,valid,https://giayphep.abei.gov.vn/
thukyluat.com.vn,Công ty TNHH Thư Ký Luật (thukyluat.vn),Website - Trang TTĐT tổng hợp,,Giấy phép (TVPL PDF),,valid,
thuocdantoc.vn,Công ty Cồ phần nghiên cứu và Ứng dụng thuốc dân tộc,Website - Trang TTĐT tổng hợp,,Giấy phép (TVPL PDF),,valid,
thuoconline.vn,Công ty Cổ phần Giải pháp Công nghệ iNet,Website - Trang TTĐT tổng hợp,,Giấy phép (TVPL PDF),,valid,
thuocsuckhoe.com.vn,Công ty Cổ phần Sức khỏe và Đời sống,Website - Trang TTĐT tổng hợp,,Giấy phép (TVPL PDF),,valid,
thuongco.ggames.vn,CÔNG TY TNHH TRỰC TUYẾN THIÊN HÀ,QUYẾT ĐỊNH PHÁT HÀNH TRÒ CHƠI ĐIỆN TỬ G1 TRÊN MẠNG,2023-08-22,Giấy phép (ABEI),1620/QĐ-BTTTT,valid,https://giayphep.abei.gov.vn/
thuongco.vn,CÔNG TY CỔ PHẦN GIẢI TRÍ TRỰC TUYẾN 3T,QUYẾT ĐỊNH PHÁT HÀNH TRÒ CHƠI ĐIỆN TỬ G1 TRÊN MẠNG,2022-10-21,Giấy phép (ABEI),1934/QĐ-BTTTT,valid,https://giayphep.abei.gov.vn/
thuongcochivuong.vn,CÔNG TY TNHH SOHA,QUYẾT ĐỊNH PHÁT HÀNH TRÒ CHƠI ĐIỆN TỬ G1 TRÊN MẠNG,2022-07-18,Giấy phép (ABEI),1392/QĐ-BTTTT,valid,https://giayphep.abei.gov.vn/
thuongcokiem.vn,CÔNG TY CỔ PHẦN VTC DỊCH VỤ DI ĐỘNG,QUYẾT ĐỊNH PHÁT HÀNH TRÒ CHƠI ĐIỆN TỬ G1 TRÊN MẠNG,2021-08-31,Giấy phép (ABEI),1351/QĐ-BTTTT,invalid,https://giayphep.abei.gov.vn/
thuonggiaonline.vn,Tạp chí Thương gia,"Website - Báo, tạp chí điện tử",,Giấy phép (TVPL PDF),,valid,
thuonggiathitruong.vn,TẠP CHÍ THƯƠNG GIA VÀ THỊ TRƯỜNG,GIẤY PHÉP THIẾT LẬP TRANG THÔNG TIN ĐIỆN TỬ TỔNG HỢP,2013-12-23,Giấy phép (ABEI),148/GP-TTĐT,valid,https://giayphep.abei.gov.vn/
thuonggiaviet.vn,Tạp chí Thương gia,"Website - Báo, tạp chí điện tử",,Giấy phép (TVPL PDF),,valid,
thuonghieu.net.vn,Công ty TNHH Truyền thông Tomedia,Website - Trang TTĐT tổng hợp,,Giấy phép (TVPL PDF),,valid,
thuonghieucongluan.com.vn,BÁO THƯƠNG HIỆU VÀ CÔNG LUẬN,GIẤY PHÉP THIẾT LẬP TRANG THÔNG TIN ĐIỆN TỬ TỔNG HỢP,2013-06-26,Giấy phép (ABEI),86/GP-TTĐT,invalid,https://giayphep.abei.gov.vn/
thuonghieudoisong.vn,Công ty TNHH Truyền thông Helios,Website - Trang TTĐT tổng hợp,,Giấy phép (TVPL PDF),,valid,
thuonghieumoi.vn,Công ty TNHH Truyền thông Tuổi trẻ Xanh,Website - Trang mạng xã hội,,Giấy phép (TVPL PDF),,valid,
thuonghieunongnghiep.com,Công ty TNHH Dịch vụ thông tin và phát triển nội dung DATASHARE,Website - Trang TTĐT tổng hợp,,Giấy phép (TVPL PDF),,valid,
thuonghieuplus.vn,Công ty TNHH Thương mại Dịch vụ và Truyền thông Thương Hiệu Plus,Website - Trang TTĐT tổng hợp,,Giấy phép (TVPL PDF),,valid,
thuonghieusanpham.vn,Tạp chí Thương hiệu và sản phẩm,"Website - Báo, tạp chí điện tử",,Giấy phép (TVPL PDF),,valid,
thuonghieuvaphapluat.vn,Tạp chí điện tử Thương hiệu và pháp luật,"Website - Báo, tạp chí điện tử",,Giấy phép (TVPL PDF),,valid,
thuonghieuxanh.vn,Công ty TNHH Dịch vụ Thông tin và Tư vấn BLUEWAVE,Website - Trang TTĐT tổng hợp,,Giấy phép (TVPL PDF),,valid,
thuonghieuxaydung.net.vn,Công ty Cổ phần Giải pháp Truyền thông News Media (thuonghieuxaydung.net),Website - Trang TTĐT tổng hợp,,Giấy phép (TVPL PDF),,valid,
thuonghieuyeuthich.com.vn,Công ty Cổ phần truyền thông Quốc tế Thái Bình Dương,Website - Trang TTĐT tổng hợp,,Giấy phép (TVPL PDF),,valid,
thuongkhungchikiem.playfun.vn,CÔNG TY CỔ PHẦN FUNTAP,QUYẾT ĐỊNH PHÁT HÀNH TRÒ CHƠI ĐIỆN TỬ G1 TRÊN MẠNG,2020-10-15,Giấy phép (ABEI),1740 /QĐ-BTTT,valid,https://giayphep.abei.gov.vn/
thuonglamquyet.playfun.vn,CÔNG TY CỔ PHẦN FUNTAP,QUYẾT ĐỊNH PHÁT HÀNH TRÒ CHƠI ĐIỆN TỬ G1 TRÊN MẠNG,2022-07-25,Giấy phép (ABEI),1430/QĐ-BTTTT,valid,https://giayphep.abei.gov.vn/
thuongmai360.vn,Công ty TNHH Thông tin và Dữ liệu IOT,Website - Trang TTĐT tổng hợp,,Giấy phép (TVPL PDF),,valid,
thuongmaibiengioimiennui.gov.vn,VỤ THƯƠNG MẠI BIÊN GIỚI VÀ MIỀN NÚI,GIẤY PHÉP THIẾT LẬP TRANG THÔNG TIN ĐIỆN TỬ TỔNG HỢP,2016-06-15,Giấy phép (ABEI),63/GP-TTĐT,invalid,https://giayphep.abei.gov.vn/
sanphamvungmien.vn,TRUNG TÂM THÔNG TIN CÔNG NGHIỆP VÀ THƯƠNG MẠI,GIẤY PHÉP THIẾT LẬP TRANG THÔNG TIN ĐIỆN TỬ TỔNG HỢP,2019-08-30,Giấy phép (ABEI),171/GP-TTĐT,invalid,https://giayphep.abei.gov.vn/
thuongmaidulich.vn,Công ty TNHH MTV Truyền thông Thương mại và Du lịch,Website - Trang TTĐT tổng hợp,,Giấy phép (TVPL PDF),,valid,
thuongmaimiennui.gov.vn,TRUNG TÂM THÔNG TIN CÔNG NGHIỆP VÀ THƯƠNG MẠI,GIẤY PHÉP THIẾT LẬP TRANG THÔNG TIN ĐIỆN TỬ TỔNG HỢP,2023-06-23,Giấy phép (ABEI),103/GP-TTĐT,valid,https://giayphep.abei.gov.vn/
www.sanphamvungmien.vn,TRUNG TÂM THÔNG TIN CÔNG NGHIỆP VÀ THƯƠNG MẠI,GIẤY PHÉP THIẾT LẬP TRANG THÔNG TIN ĐIỆN TỬ TỔNG HỢP,2023-06-23,Giấy phép (ABEI),103/GP-TTĐT,valid,https://giayphep.abei.gov.vn/
thuongnhanhuyenthoai.zingplay.com,CÔNG TY TNHH ZINGPLAY VIỆT NAM,QUYẾT ĐỊNH PHÁT HÀNH TRÒ CHƠI ĐIỆN TỬ G1 TRÊN MẠNG,2024-07-15,Giấy phép (ABEI),1169/QĐ-BTTTT,valid,https://giayphep.abei.gov.vn/
thuongtruong.com.vn,Tạp chí Thương trường,"Website - Báo, tạp chí điện tử",,Giấy phép (TVPL PDF),,valid,
thuongtruong24h.vn,CÔNG TY TNHH TRUYỀN THÔNG QUẢNG CÁO NGƯỜI ĐỒNG HÀNH,Website - Trang TTĐT tổng hợp,,Giấy phép (TVPL PDF),,valid,
thuongtruongplus.vn,CÔNG TY TNHH THƯƠNG MẠI DỊCH VỤ VÀ TRUYỀN THÔNG THƯƠNG HIỆU PLUS,GIẤY PHÉP CUNG CẤP DỊCH VỤ MẠNG XÃ HỘI,2020-06-19,Giấy phép (ABEI),263/GP-BTTTT,valid,https://giayphep.abei.gov.vn/
thuthanhawaken.vn,CÔNG TY CỔ PHẦN 9PLAY,QUYẾT ĐỊNH PHÁT HÀNH TRÒ CHƠI ĐIỆN TỬ G1 TRÊN MẠNG,2021-10-08,Giấy phép (ABEI),1541 /QĐ-BTTTT,valid,https://giayphep.abei.gov.vn/
thuthanhorigin.playfun.vn,CÔNG TY CỔ PHẦN FUNTAP,QUYẾT ĐỊNH PHÁT HÀNH TRÒ CHƠI ĐIỆN TỬ G1 TRÊN MẠNG,2020-10-08,Giấy phép (ABEI),1704 /QĐ-BTTTT,valid,https://giayphep.abei.gov.vn/
thutuchanhchinh.vn,Cục Kiểm soát thủ tục hành chính,Website - Trang TTĐT tổng hợp,,Giấy phép (TVPL PDF),,valid,
thuvienbinhthuan.com.vn,THƯ VIỆN TỈNH BÌNH THUẬN,GIẤY PHÉP THIẾT LẬP TRANG THÔNG TIN ĐIỆN TỬ TỔNG HỢP,2013-08-30,Giấy phép (ABEI),131/GP-TTĐT,invalid,https://giayphep.abei.gov.vn/
thuviendienbien.gov.vn,THƯ VIỆN TỈNH ĐIỆN BIÊN,GIẤY PHÉP THIẾT LẬP TRANG THÔNG TIN ĐIỆN TỬ TỔNG HỢP,2013-08-30,Giấy phép (ABEI),135/GP-TTĐT,invalid,https://giayphep.abei.gov.vn/
thuviendientu.baoquangninh,Trung tâm Truyền thông Quảng Ninh,"Website - Báo, tạp chí điện tử",,Giấy phép (TVPL PDF),,valid,
thuvienhaiphu.com.vn,THƯ VIỆN TỈNH PHÚ YÊN,GIẤY PHÉP THIẾT LẬP TRANG THÔNG TIN ĐIỆN TỬ TỔNG HỢP,2013-04-15,Giấy phép (ABEI),42/GP-TTĐT,invalid,https://giayphep.abei.gov.vn/
thuvienlaocai.vn,THƯ VIỆN TỈNH LÀO CAI,GIẤY PHÉP THIẾT LẬP TRANG THÔNG TIN ĐIỆN TỬ TỔNG HỢP,2013-04-15,Giấy phép (ABEI),41/GP-TTĐT,invalid,https://giayphep.abei.gov.vn/
thuvienphapluat.vn,Công ty TNHH Thư viện Pháp luật,Website - Trang TTĐT tổng hợp,,Giấy phép (TVPL PDF),,valid,
thuvienxaydung.net.vn,Công ty Cổ phần Công nghệ Xây dựng ACUD Việt Nam,Website - Trang mạng xã hội,,Giấy phép (TVPL PDF),,valid,
thuvuongdaichien.vn,CÔNG TY CỔ PHẦN FUNTAP,QUYẾT ĐỊNH PHÁT HÀNH TRÒ CHƠI ĐIỆN TỬ G1 TRÊN MẠNG,2017-11-09,Giấy phép (ABEI),1936/QĐ-BTTTT,valid,https://giayphep.abei.gov.vn/
thuychien.vn,CÔNG TY CỔ PHẦN VTC DỊCH VỤ DI ĐỘNG,QUYẾT ĐỊNH PHÁT HÀNH TRÒ CHƠI ĐIỆN TỬ G1 TRÊN MẠNG,2017-07-10,Giấy phép (ABEI),1123/QĐ-BTTTT,invalid,https://giayphep.abei.gov.vn/
thuyentruonghuyenthoai.vn,CÔNG TY CỔ PHẦN 9PLAY,QUYẾT ĐỊNH PHÁT HÀNH TRÒ CHƠI ĐIỆN TỬ G1 TRÊN MẠNG,2022-01-19,Giấy phép (ABEI),51/QĐ-BTTTT,invalid,https://giayphep.abei.gov.vn/
thuysan.nongnghiep.vn,Báo Nông nghiệp Việt Nam,"Website - Báo, tạp chí điện tử",,Giấy phép (TVPL PDF),,valid,
thuysanvietnam.com.vn,TẠP CHÍ THỦY SẢN VIỆT NAM,GIẤY PHÉP THIẾT LẬP TRANG THÔNG TIN ĐIỆN TỬ TỔNG HỢP,2020-09-25,Giấy phép (ABEI),179/GP-TTĐT,valid,https://giayphep.abei.gov.vn/
thvl.vn,ĐÀI PHÁT THANH VÀ TRUYỀN HÌNH VĨNH LONG,GIẤY PHÉP THIẾT LẬP TRANG THÔNG TIN ĐIỆN TỬ TỔNG HỢP,2015-02-26,Giấy phép (ABEI),12/GP-TTĐT,invalid,https://giayphep.abei.gov.vn/
tibi.vn,Công ty Cổ phần T và B Truyền thông,Website - Trang mạng xã hội,,Giấy phép (TVPL PDF),,valid,
tichcuc.vn,CÔNG TY TNHH VINALIVE,GIẤY PHÉP CUNG CẤP DỊCH VỤ MẠNG XÃ HỘI,2020-07-21,Giấy phép (ABEI),318/GP-BTTTT,valid,https://giayphep.abei.gov.vn/
tichtakiem.vn,CÔNG TY TNHH SOHA,QUYẾT ĐỊNH PHÁT HÀNH TRÒ CHƠI ĐIỆN TỬ G1 TRÊN MẠNG,2024-03-26,Giấy phép (ABEI),385/QĐ-BTTTT,valid,https://giayphep.abei.gov.vn/
ticketbox.vn,CÔNG TY TNHH TICKETBOX,GIẤY PHÉP CUNG CẤP DỊCH VỤ MẠNG XÃ HỘI,2020-09-16,Giấy phép (ABEI),397/GP-BTTTT,valid,https://giayphep.abei.gov.vn/
tide.thienthuonghoa.com,CÔNG TY CỔ PHẦN GIẢI TRÍ THIÊN THƯỢNG HỎA,QUYẾT ĐỊNH PHÁT HÀNH TRÒ CHƠI ĐIỆN TỬ G1 TRÊN MẠNG,2022-01-19,Giấy phép (ABEI),67/QĐ-BTTTT,valid,https://giayphep.abei.gov.vn/
tiemaquyet.cmn.vn,CÔNG TY CỔ PHẦN TRỰC TUYẾN CMN VIỆT NAM,QUYẾT ĐỊNH PHÁT HÀNH TRÒ CHƠI ĐIỆN TỬ G1 TRÊN MẠNG,2023-07-27,Giấy phép (ABEI),1393/QĐ-BTTTT,valid,https://giayphep.abei.gov.vn/
tiembanhhoangtu.vn,CÔNG TY CỔ PHẦN FUNTAP,QUYẾT ĐỊNH PHÁT HÀNH TRÒ CHƠI ĐIỆN TỬ G1 TRÊN MẠNG,2018-02-12,Giấy phép (ABEI),228/QĐ-BTTTT,valid,https://giayphep.abei.gov.vn/
tiemtaphoathoigian.vn,CÔNG TY CỔ PHẦN ĐẦU TƯ CÔNG NGHỆ VISION INVEST ,QUYẾT ĐỊNH PHÁT HÀNH TRÒ CHƠI ĐIỆN TỬ G1 TRÊN MẠNG,2025-05-22,Giấy phép (ABEI),193/QĐ-PTTH&TTĐT,valid,https://giayphep.abei.gov.vn/
tiemvacxin.vn,Công ty Cổ phần Đầu tư và Phát triển Công nghệ Truyền thông Nam Việt,Website - Trang mạng xã hội,,Giấy phép (TVPL PDF),,valid,
tienchien.cmn.vn,CÔNG TY CỔ PHẦN TRỰC TUYẾN CMN VIỆT NAM,QUYẾT ĐỊNH PHÁT HÀNH TRÒ CHƠI ĐIỆN TỬ G1 TRÊN MẠNG,2021-10-19,Giấy phép (ABEI),1641/QĐ-BTTTT,valid,https://giayphep.abei.gov.vn/
tiendaotadocton.vn,CÔNG TY CỔ PHẦN VTC DỊCH VỤ DI ĐỘNG,QUYẾT ĐỊNH PHÁT HÀNH TRÒ CHƠI ĐIỆN TỬ G1 TRÊN MẠNG,2025-06-03,Giấy phép (ABEI),231/QĐ-PTTH&TTĐT,valid,https://giayphep.abei.gov.vn/
tienduyenkiem.gamota.com,CÔNG TY CỔ PHẦN GAMOTA,QUYẾT ĐỊNH PHÁT HÀNH TRÒ CHƠI ĐIỆN TỬ G1 TRÊN MẠNG,2019-12-25,Giấy phép (ABEI),2251/QĐ-BTTTT,valid,https://giayphep.abei.gov.vn/
tienganh123.com,Công ty TNHH Hãy trực tuyến,Website - Trang mạng xã hội,,Giấy phép (TVPL PDF),,valid,
tienganh123.vn,CÔNG TY TNHH HÀM TRỰC TUYẾN,GIẤY PHÉP CUNG CẤP DỊCH VỤ MẠNG XÃ HỘI,2026-05-12,Giấy phép (ABEI),59/GP-BVHTTDL,valid,https://giayphep.abei.gov.vn/
tiengdang.com.vn,Công ty TNHH MTV Trực Tuyến Sài Gòn Kinh Thương,Website - Trang TTĐT tổng hợp,,Giấy phép (TVPL PDF),,valid,
tienghatsonca.soncamedia,Công ty Cổ phần truyền thông Sơn Ca,Website - Trang mạng xã hội,,Giấy phép (TVPL PDF),,valid,
tiengiang.edu.vn,SỞ GIÁO DỤC VÀ ĐÀO TẠO TIỀN GIANG,GIẤY PHÉP THIẾT LẬP TRANG THÔNG TIN ĐIỆN TỬ TỔNG HỢP,2013-04-02,Giấy phép (ABEI),33/GP-TTĐT,invalid,https://giayphep.abei.gov.vn/
tienhiep.gamota.com,CÔNG TY CỔ PHẦN GAMOTA,QUYẾT ĐỊNH PHÁT HÀNH TRÒ CHƠI ĐIỆN TỬ G1 TRÊN MẠNG,2017-08-16,Giấy phép (ABEI),1364/QĐ-BTTTT,valid,https://giayphep.abei.gov.vn/
tienhiep.vsgame.vn,CÔNG TY CỔ PHẦN VISION GAME ,QUYẾT ĐỊNH PHÁT HÀNH TRÒ CHƠI ĐIỆN TỬ G1 TRÊN MẠNG,2024-07-26,Giấy phép (ABEI),1260/QĐ-BTTTT,valid,https://giayphep.abei.gov.vn/
tienhieptruyenky.phoenix.com,CÔNG TY TNHH DỊCH VỤ GIẢI TRÍ PHƯỢNG HOÀNG,QUYẾT ĐỊNH PHÁT HÀNH TRÒ CHƠI ĐIỆN TỬ G1 TRÊN MẠNG,2020-06-11,Giấy phép (ABEI),980/QĐ-BTTTT,invalid,https://giayphep.abei.gov.vn/
tienhieptruyenky.phoeniz.com,CÔNG TY TNHH DỊCH VỤ GIẢI TRÍ PHƯỢNG HOÀNG,QUYẾT ĐỊNH PHÁT HÀNH TRÒ CHƠI ĐIỆN TỬ G1 TRÊN MẠNG,2020-06-11,Giấy phép (ABEI),980 /QĐ-BTTTT,invalid,https://giayphep.abei.gov.vn/
tienkiem.cmn.vn,CÔNG TY CỔ PHẦN TRỰC TUYẾN CMN VIỆT NAM,QUYẾT ĐỊNH PHÁT HÀNH TRÒ CHƠI ĐIỆN TỬ G1 TRÊN MẠNG,2023-07-18,Giấy phép (ABEI),1308/QĐ-BTTTT,invalid,https://giayphep.abei.gov.vn/
tienkiem.dzogame.vn,CÔNG TY TNHH CHÂU Á MỀM,QUYẾT ĐỊNH PHÁT HÀNH TRÒ CHƠI ĐIỆN TỬ G1 TRÊN MẠNG,2018-07-11,Giấy phép (ABEI),1154/QĐ-BTTTT,valid,https://giayphep.abei.gov.vn/
tienkiem.gamota.com,CÔNG TY CỔ PHẦN GAMOTA,QUYẾT ĐỊNH PHÁT HÀNH TRÒ CHƠI ĐIỆN TỬ G1 TRÊN MẠNG,2020-07-10,Giấy phép (ABEI),1158/QĐ-BTTTT,valid,https://giayphep.abei.gov.vn/
tienkiemgltd.vn,CÔNG TY CỔ PHẦN GIẢI TRÍ TRỰC TUYẾN 3T,QUYẾT ĐỊNH PHÁT HÀNH TRÒ CHƠI ĐIỆN TỬ G1 TRÊN MẠNG,2024-07-15,Giấy phép (ABEI),1173/QĐ-BTTTT,valid,https://giayphep.abei.gov.vn/
tienkiemkyduyen.gamota.com,CÔNG TY CỔ PHẦN GAMOTA,QUYẾT ĐỊNH PHÁT HÀNH TRÒ CHƠI ĐIỆN TỬ G1 TRÊN MẠNG,2017-09-07,Giấy phép (ABEI),1512/QĐ-BTTTT,valid,https://giayphep.abei.gov.vn/
tienkiemkyhiep.vn,CÔNG TY TNHH SOHA,QUYẾT ĐỊNH PHÁT HÀNH TRÒ CHƠI ĐIỆN TỬ G1 TRÊN MẠNG,2020-07-29,Giấy phép (ABEI),1286/QĐ-BTTTT,valid,https://giayphep.abei.gov.vn/
tienlienvietnam.vn,Báo điện tử VOV,"Website - Báo, tạp chí điện tử",,Giấy phép (TVPL PDF),,valid,
tienma.100d.mobi,CÔNG TY CỔ PHẦN GIẢI TRÍ 100 ĐỘ,QUYẾT ĐỊNH PHÁT HÀNH TRÒ CHƠI ĐIỆN TỬ G1 TRÊN MẠNG,2020-01-17,Giấy phép (ABEI),91/QĐ-BTTTT,invalid,https://giayphep.abei.gov.vn/
tiennghich.joyplay.vn,CÔNG TY TNHH JOYGAMES,QUYẾT ĐỊNH PHÁT HÀNH TRÒ CHƠI ĐIỆN TỬ G1 TRÊN MẠNG,2026-04-24,Giấy phép (ABEI),210/QĐ-PTTH&TTĐT,valid,https://giayphep.abei.gov.vn/
tiennghich.mobi,CÔNG TY CỔ PHẦN GAMOTA,QUYẾT ĐỊNH PHÁT HÀNH TRÒ CHƠI ĐIỆN TỬ G1 TRÊN MẠNG,2017-09-07,Giấy phép (ABEI),1511/QĐ-BTTTT,valid,https://giayphep.abei.gov.vn/
tiennghichj.gaba.vn,CÔNG TY CỔ PHẦN TRÒ CHƠI VEGA,QUYẾT ĐỊNH PHÁT HÀNH TRÒ CHƠI ĐIỆN TỬ G1 TRÊN MẠNG,2018-09-04,Giấy phép (ABEI),1442/QĐ-BTTTT,valid,https://giayphep.abei.gov.vn/
tienvuc.gamota.com,CÔNG TY CỔ PHẦN GAMOTA,QUYẾT ĐỊNH PHÁT HÀNH TRÒ CHƠI ĐIỆN TỬ G1 TRÊN MẠNG,2019-12-05,Giấy phép (ABEI),2119 /QĐ-BTTTT,valid,https://giayphep.abei.gov.vn/
tienvuong4d.playfun.vn,CÔNG TY CỔ PHẦN PHÁT TRIỂN CÔNG NGHỆ SỐ HỒNG HÀ,QUYẾT ĐỊNH PHÁT HÀNH TRÒ CHƠI ĐIỆN TỬ G1 TRÊN MẠNG,2024-03-19,Giấy phép (ABEI),340/QĐ-BTTTT,valid,https://giayphep.abei.gov.vn/
tiepthidautu24h.vn,Công ty Cổ phần Tư vấn Truyền thông HL (tiepthidautu24h.com.vn),Website - Trang TTĐT tổng hợp,,Giấy phép (TVPL PDF),,valid,
tiepthigiadinh.vn,TẠP CHÍ TIẾP THỊ VÀ GIA ĐÌNH,GIẤY PHÉP THIẾT LẬP TRANG THÔNG TIN ĐIỆN TỬ TỔNG HỢP,2023-05-25,Giấy phép (ABEI),82/GP-TTĐT,valid,https://giayphep.abei.gov.vn/
tiepthitieudung.vn,Công ty TNHH VStar Media,Website - Trang TTĐT tổng hợp,,Giấy phép (TVPL PDF),,valid,
tiepthivagiadinh.net.vn,TẠP CHÍ TIẾP THỊ VÀ GIA ĐÌNH,GIẤY PHÉP THIẾT LẬP TRANG THÔNG TIN ĐIỆN TỬ TỔNG HỢP,2022-11-09,Giấy phép (ABEI),152/GP-TTĐT,invalid,https://giayphep.abei.gov.vn/
tietkiemnangluong.com.vn,Vụ Tiết kiệm năng lượng và Phát triển bền vững,Website - Trang TTĐT tổng hợp,,Giấy phép (TVPL PDF),,valid,
tietkiemnangluong.vn,Tập đoàn Điện lực Việt Nam,Website - Trang TTĐT tổng hợp,,Giấy phép (TVPL PDF),,valid,
tieucuong.alogame.vn,CÔNG TY CỔ PHẦN CÔNG NGHỆ SỐ ALO,QUYẾT ĐỊNH PHÁT HÀNH TRÒ CHƠI ĐIỆN TỬ G1 TRÊN MẠNG,2026-06-23,Giấy phép (ABEI),365 /QĐ-PTTH&TTĐT,valid,https://giayphep.abei.gov.vn/
tieudaogiangho.vn,CÔNG TY CỔ PHẦN VCCORP,QUYẾT ĐỊNH PHÁT HÀNH TRÒ CHƠI ĐIỆN TỬ G1 TRÊN MẠNG,2018-06-22,Giấy phép (ABEI),962/QĐ-BTTTT,invalid,https://giayphep.abei.gov.vn/
tieudiemviet.vn,CÔNG TY CỔ PHẦN TIÊU ĐIỂM VIỆT NAM,GIẤY PHÉP CUNG CẤP DỊCH VỤ MẠNG XÃ HỘI,2017-05-10,Giấy phép (ABEI),206/GP-BTTTT,valid,https://giayphep.abei.gov.vn/
tieudung.giadinhonline.vn,Tạp chí Gia đình Việt Nam,"Website - Báo, tạp chí điện tử",,Giấy phép (TVPL PDF),,valid,
tieudung.thuonghieusanpha,Tạp chí Thương hiệu và sản phẩm,"Website - Báo, tạp chí điện tử",,Giấy phép (TVPL PDF),,valid,
tieudungplus.com.vn,Công ty Cổ phần truyền thông E.Life Việt Nam,Website - Trang TTĐT tổng hợp,,Giấy phép (TVPL PDF),,valid,
tieudungplus.net.vn,Công ty Cổ phần truyền thông E.Life Việt Nam,Website - Trang TTĐT tổng hợp,,Giấy phép (TVPL PDF),,valid,
tieudungplus.vn,Công ty Cổ phần truyền thông E.Life Việt Nam,Website - Trang TTĐT tổng hợp,,Giấy phép (TVPL PDF),,valid,
tieudungtiepthi.vn,Công ty Cổ phần truyền thông tiêu dùng và tiếp thị,Website - Trang TTĐT tổng hợp,,Giấy phép (TVPL PDF),,valid,
tieudungtimes.vn,Công ty Cổ phần Truyền thông N&L,Website - Trang TTĐT tổng hợp,,Giấy phép (TVPL PDF),,valid,
tieulyphidao.vn,CÔNG TY CỔ PHẦN VTC DỊCH VỤ DI ĐỘNG,QUYẾT ĐỊNH PHÁT HÀNH TRÒ CHƠI ĐIỆN TỬ G1 TRÊN MẠNG,2017-02-08,Giấy phép (ABEI),108/QĐ-BTTTT,invalid,https://giayphep.abei.gov.vn/
tieungao.gamota.com,CÔNG TY CỔ PHẦN GAMOTA,QUYẾT ĐỊNH PHÁT HÀNH TRÒ CHƠI ĐIỆN TỬ G1 TRÊN MẠNG,2024-04-26,Giấy phép (ABEI),675/QĐ-BTTTT,valid,https://giayphep.abei.gov.vn/
tieungao.vgplay.vn,CÔNG TY CỔ PHẦN VGP,QUYẾT ĐỊNH PHÁT HÀNH TRÒ CHƠI ĐIỆN TỬ G1 TRÊN MẠNG,2021-01-08,Giấy phép (ABEI),1768 /QĐ-BTTTT,valid,https://giayphep.abei.gov.vn/
tieungao.zing.vn,CÔNG TY TNHH NỘI DUNG SỐ NGUYÊN BẢO,QUYẾT ĐỊNH PHÁT HÀNH TRÒ CHƠI ĐIỆN TỬ G1 TRÊN MẠNG,2019-05-24,Giấy phép (ABEI),758/QĐ-BTTTT,valid,https://giayphep.abei.gov.vn/
tieungaocmn.vn,CÔNG TY CỔ PHẦN TRỰC TUYẾN CMN VIỆT NAM,QUYẾT ĐỊNH PHÁT HÀNH TRÒ CHƠI ĐIỆN TỬ G1 TRÊN MẠNG,2022-12-23,Giấy phép (ABEI),2428/QĐ-BTTTT,invalid,https://giayphep.abei.gov.vn/
tieungaovolam.vn,CÔNG TY TNHH SOHA,QUYẾT ĐỊNH PHÁT HÀNH TRÒ CHƠI ĐIỆN TỬ G1 TRÊN MẠNG,2020-09-29,Giấy phép (ABEI),1646/QĐ-BTTTT,invalid,https://giayphep.abei.gov.vn/
tieungoa.vn,CÔNG TY CỔ PHẦN GIẢI TRÍ VGG,QUYẾT ĐỊNH PHÁT HÀNH TRÒ CHƠI ĐIỆN TỬ G1 TRÊN MẠNG,2016-12-30,Giấy phép (ABEI),2361/QĐ-BTTTT,valid,https://giayphep.abei.gov.vn/
tieutien.alogame.vn,CÔNG TY CỔ PHẦN CÔNG NGHỆ SỐ ALO,QUYẾT ĐỊNH PHÁT HÀNH TRÒ CHƠI ĐIỆN TỬ G1 TRÊN MẠNG,2026-06-23,Giấy phép (ABEI),366/QĐ-PTTH&TTĐT,valid,https://giayphep.abei.gov.vn/
tieutieutqc.vn,CÔNG TY TNHH SOHA,QUYẾT ĐỊNH PHÁT HÀNH TRÒ CHƠI ĐIỆN TỬ G1 TRÊN MẠNG,2019-01-30,Giấy phép (ABEI),120/QĐ-BTTTT,valid,https://giayphep.abei.gov.vn/
tigergames.com.vn,CÔNG TY CỔ PHẦN TRÒ CHƠI TIGER ,QUYẾT ĐỊNH PHÁT HÀNH TRÒ CHƠI ĐIỆN TỬ G1 TRÊN MẠNG,2026-03-17,Giấy phép (ABEI),134/QĐ-PTTH&TTĐT,valid,https://giayphep.abei.gov.vn/
timhieuvietnam.com.vn,CÔNG TY TNHH TRUYỀN THÔNG THƯƠNG MẠI DỊCH VỤ NHỊP CẦU VIỆT,Website - Trang TTĐT tổng hợp,,Giấy phép (TVPL PDF),,valid,
tin.zing.vn,CÔNG TY CỔ PHẦN VNG,QUYẾT ĐỊNH PHÁT HÀNH TRÒ CHƠI ĐIỆN TỬ G1 TRÊN MẠNG,2020-06-26,Giấy phép (ABEI),1067/QĐ-BTTTT,invalid,https://giayphep.abei.gov.vn/
tin24gio.vn,Viện Công nghệ Đào tạo nguồn nhân lực Asean,Website - Trang TTĐT tổng hợp,,Giấy phép (TVPL PDF),,valid,
tindohanghieu.vn,CÔNG TY CỔ PHẦN THƯƠNG MẠI ĐIỆN TỬ TÍN ĐỒ HÀNG HIỆU,GIẤY PHÉP CUNG CẤP DỊCH VỤ MẠNG XÃ HỘI,2023-08-31,Giấy phép (ABEI),320/GP-BTTTT,valid,https://giayphep.abei.gov.vn/
tindubao.vn,TẠP CHÍ THÔNG TIN VÀ DỰ BÁO KINH TẾ - XÃ HỘI,GIẤY PHÉP THIẾT LẬP TRANG THÔNG TIN ĐIỆN TỬ TỔNG HỢP,2017-10-26,Giấy phép (ABEI),322/GP-TTĐT,valid,https://giayphep.abei.gov.vn/
tingia.gov.vn,"Cục Phát thanh, truyền hình và thông tin điện tử",Website - Trang TTĐT tổng hợp,,Giấy phép (TVPL PDF),,valid,
tingiaoduc24h.vn,Công ty TNHH Truyền thông Giáo dục Minh Thành,Website - Trang TTĐT tổng hợp,,Giấy phép (TVPL PDF),,valid,
tinhkiem3.vn,CÔNG TY CỔ PHẦN TEPAYLINK,QUYẾT ĐỊNH PHÁT HÀNH TRÒ CHƠI ĐIỆN TỬ G1 TRÊN MẠNG,2025-02-20,Giấy phép (ABEI),41/QĐ-PTTH&TTĐT,valid,https://giayphep.abei.gov.vn/
tinhkiem3dmobile.vn,CÔNG TY CỔ PHẦN FUNTAP,QUYẾT ĐỊNH PHÁT HÀNH TRÒ CHƠI ĐIỆN TỬ G1 TRÊN MẠNG,2018-11-27,Giấy phép (ABEI),2010/QĐ-BTTTT,invalid,https://giayphep.abei.gov.vn/
tinhkiemchimong.vn,CÔNG TY CỔ PHẦN TITAN STUDIO VIỆT NAM,QUYẾT ĐỊNH PHÁT HÀNH TRÒ CHƠI ĐIỆN TỬ G1 TRÊN MẠNG,2025-06-20,Giấy phép (ABEI),272/QĐ-PTTH&TTĐT,valid,https://giayphep.abei.gov.vn/
tinhnhan.vn,CÔNG TY CỔ PHẦN VTC DỊCH VỤ DI ĐỘNG,QUYẾT ĐỊNH PHÁT HÀNH TRÒ CHƠI ĐIỆN TỬ G1 TRÊN MẠNG,2020-03-27,Giấy phép (ABEI),431/QĐ-BTTTT,valid,https://giayphep.abei.gov.vn/
tinhte.vn,CÔNG TY CỔ PHẦN MẠNG XÃ HỘI TINH TẾ,GIẤY PHÉP CUNG CẤP DỊCH VỤ MẠNG XÃ HỘI,2026-03-25,Giấy phép (ABEI),41/GP-BVHTTDL,valid,https://giayphep.abei.gov.vn/
tinhvankiem.vn,CÔNG TY CỔ PHẦN FUNTAP,QUYẾT ĐỊNH PHÁT HÀNH TRÒ CHƠI ĐIỆN TỬ G1 TRÊN MẠNG,2019-09-04,Giấy phép (ABEI),1434 /QĐ-BTTTT,valid,https://giayphep.abei.gov.vn/
tinhvolam.gosu.vn,CÔNG TY CỔ PHẦN TRỰC TUYẾN GOSU,QUYẾT ĐỊNH PHÁT HÀNH TRÒ CHƠI ĐIỆN TỬ G1 TRÊN MẠNG,2019-05-27,Giấy phép (ABEI),792/QĐ-BTTTT,invalid,https://giayphep.abei.gov.vn/
tinklematch.boardcraftonline.vn,Công ty TNHH ZingPlay Việt Nam,QUYẾT ĐỊNH PHÁT HÀNH TRÒ CHƠI ĐIỆN TỬ G1 TRÊN MẠNG,2025-10-30,Giấy phép (ABEI),476 /QĐ-PTTH&TTĐT,invalid,https://giayphep.abei.gov.vn/
tinmoi.vn,Công ty CP truyền thông trực tuyến Netlink,Website - Trang TTĐT tổng hợp,,Giấy phép (TVPL PDF),,valid,
tinnganhdien.vn,Trung tâm Công nghệ thông tin (Tập đoàn Điện lực VN),Website - Trang TTĐT tổng hợp,,Giấy phép (TVPL PDF),,valid,
tinnguongviet.vn,Công ty Cổ phần Truyền thông đa phương tiện Thủ đô,Website - Trang TTĐT tổng hợp,,Giấy phép (TVPL PDF),,valid,
tnviet.vn,Công ty Cổ phần Truyền thông đa phương tiện Thủ đô,Website - Trang TTĐT tổng hợp,,Giấy phép (TVPL PDF),,valid,
tinnhanh24.vn,Công ty Cổ phần Viễn thông Đại Tâm Phát,Website - Trang TTĐT tổng hợp,,Giấy phép (TVPL PDF),,valid,
tinnhanhchungkhoan.vn,Báo Đầu tư,"Website - Báo, tạp chí điện tử",,Giấy phép (TVPL PDF),,valid,
tinnhanhmoitruong.vn,Tạp chí Môi trường Đô thị Việt Nam,Website - Trang TTĐT tổng hợp,,Giấy phép (TVPL PDF),,valid,
tinnhanhnhadat.vn,Công ty Cổ phần Truyền thông và Thương mại B.Đ.S Việt Nam,Website - Trang TTĐT tổng hợp,,Giấy phép (TVPL PDF),,valid,
tinnhanhonline.nguoiduatin,Tạp chí Đời sống và Pháp luật,"Website - Báo, tạp chí điện tử",,Giấy phép (TVPL PDF),,valid,
tinnong.net.vn,Công ty Cổ phần Truyền thông Lửa Việt,Website - Trang TTĐT tổng hợp,,Giấy phép (TVPL PDF),,valid,
tinnong.thanhnien.com.vn,Báo Thanh niên,"Website - Báo, tạp chí điện tử",,Giấy phép (TVPL PDF),,valid,
tinnongnghiep.vn,Công ty TNHH Agricare Việt Nam,Website - Trang TTĐT tổng hợp,,Giấy phép (TVPL PDF),,valid,
tintaichinh360.vn,Công ty Cổ phần Truyền thông đa phương tiện Thủ đô,Website - Trang TTĐT tổng hợp,,Giấy phép (TVPL PDF),,valid,
tintech.vn,Công ty RP Thanh Tâm,Website - Trang TTĐT tổng hợp,,Giấy phép (TVPL PDF),,valid,
tintuc.vn,Công ty Cổ phần Giải pháp Công nghệ iNet,Website - Trang TTĐT tổng hợp,,Giấy phép (TVPL PDF),,valid,
tintucdantoc.vn,BÁO DÂN TỘC VÀ PHÁT TRIỂN,GIẤY PHÉP THIẾT LẬP TRANG THÔNG TIN ĐIỆN TỬ TỔNG HỢP,2021-05-19,Giấy phép (ABEI),80/GP-TTĐT,invalid,https://giayphep.abei.gov.vn/
tintucgiaitri.vn,Công ty Cổ phần INET,Website - Trang TTĐT tổng hợp,,Giấy phép (TVPL PDF),,valid,
tintucmoitruong.vn,Tạp chí Môi trường Đô thị Việt Nam,Website - Trang TTĐT tổng hợp,,Giấy phép (TVPL PDF),,valid,
tintuconline.com.vn,Công ty Cổ phần Truyền thông Vietnamnet,Website - Trang TTĐT tổng hợp,,Giấy phép (TVPL PDF),,valid,
tintuctieudung.com.vn,Công ty Cổ phần dịch vụ truyền thông Vietnamnet Icom,Website - Trang TTĐT tổng hợp,,Giấy phép (TVPL PDF),,valid,
tintuctrongngay.com.vn,Công ty Cổ phần INET,Website - Trang TTĐT tổng hợp,,Giấy phép (TVPL PDF),,valid,
tintucvietnam.vn,Công ty Cổ phần truyền thông tin tức Việt Nam,Website - Trang TTĐT tổng hợp,,Giấy phép (TVPL PDF),,valid,
tinxe.vn,Công ty Cổ phần Nextgen Việt Nam,Website - Trang TTĐT tổng hợp,,Giấy phép (TVPL PDF),,valid,
titanonline.hhgame.vn,CÔNG TY CỔ PHẦN PHÁT TRIỂN CÔNG NGHỆ SỐ HỒNG HÀ,QUYẾT ĐỊNH PHÁT HÀNH TRÒ CHƠI ĐIỆN TỬ G1 TRÊN MẠNG,2023-04-07,Giấy phép (ABEI),582/QĐ-BTTTT,valid,https://giayphep.abei.gov.vn/
titanstudio.vn,CÔNG TY CỔ PHẦN TITAN STUDIO VIỆT NAM,QUYẾT ĐỊNH PHÁT HÀNH TRÒ CHƠI ĐIỆN TỬ G1 TRÊN MẠNG,2026-04-22,Giấy phép (ABEI),205 /QĐ-PTTH&TTĐT,valid,https://giayphep.abei.gov.vn/
tivi247.vn,CÔNG TY TNHH CÔNG NGHỆ VÀ DỊCH VỤ B.A.Y,GIẤY PHÉP CUNG CẤP DỊCH VỤ MẠNG XÃ HỘI,2017-08-16,Giấy phép (ABEI),395/GP-BTTTT,valid,https://giayphep.abei.gov.vn/
tkd.mgol.vn,CÔNG TY TNHH PHẦN MỀM MGOL,QUYẾT ĐỊNH PHÁT HÀNH TRÒ CHƠI ĐIỆN TỬ G1 TRÊN MẠNG,2023-04-28,Giấy phép (ABEI),761/QĐ-BTTTT,valid,https://giayphep.abei.gov.vn/
tkem.360game.vn,CÔNG TY TNHH GIẢI TRÍ LONG ĐỈNH,QUYẾT ĐỊNH PHÁT HÀNH TRÒ CHƠI ĐIỆN TỬ G1 TRÊN MẠNG,2016-06-08,Giấy phép (ABEI),979/QĐ-BTTTT,valid,https://giayphep.abei.gov.vn/
tkkht.123game.vn,CÔNG TY CỔ PHẦN DỊCH VỤ MỘT THẾ GIỚI,QUYẾT ĐỊNH PHÁT HÀNH TRÒ CHƠI ĐIỆN TỬ G1 TRÊN MẠNG,2018-08-09,Giấy phép (ABEI),1325/QĐ-BTTTT,invalid,https://giayphep.abei.gov.vn/
tktd.kylangames.com.vn,CÔNG TY TNHH GIẢI TRÍ KỲ LÂN,QUYẾT ĐỊNH PHÁT HÀNH TRÒ CHƠI ĐIỆN TỬ G1 TRÊN MẠNG,2021-01-22,Giấy phép (ABEI),81/QĐ-BTTTT,valid,https://giayphep.abei.gov.vn/
tkts.vn,CÔNG TY CỔ PHẦN TRỰC TUYẾN GOSU,QUYẾT ĐỊNH PHÁT HÀNH TRÒ CHƠI ĐIỆN TỬ G1 TRÊN MẠNG,2020-08-26,Giấy phép (ABEI),1461 /QĐ-BTTTT,valid,https://giayphep.abei.gov.vn/
tkvt.gosu.vn,CÔNG TY CỔ PHẦN TRỰC TUYẾN GOSU,QUYẾT ĐỊNH PHÁT HÀNH TRÒ CHƠI ĐIỆN TỬ G1 TRÊN MẠNG,2020-08-26,Giấy phép (ABEI),1460 /QĐ-BTTTT,valid,https://giayphep.abei.gov.vn/
tl.fgstudio.vn,CÔNG TY CỔ PHẦN FGSTUDIO,QUYẾT ĐỊNH PHÁT HÀNH TRÒ CHƠI ĐIỆN TỬ G1 TRÊN MẠNG,2023-10-06,Giấy phép (ABEI),1911/QĐ-BTTTT,valid,https://giayphep.abei.gov.vn/
tlbb.360game.vn,CÔNG TY CỔ PHẦN VNG,QUYẾT ĐỊNH PHÁT HÀNH TRÒ CHƠI ĐIỆN TỬ G1 TRÊN MẠNG,2016-04-29,Giấy phép (ABEI),686/QĐ-BTTTT,invalid,https://giayphep.abei.gov.vn/
tlbb2.vnggames.com,CÔNG TY CỔ PHẦN VNG,QUYẾT ĐỊNH PHÁT HÀNH TRÒ CHƠI ĐIỆN TỬ G1 TRÊN MẠNG,2022-09-26,Giấy phép (ABEI),1788/QĐ-BTTTT,invalid,https://giayphep.abei.gov.vn/
tlbborigin.vn,CÔNG TY CỔ PHẦN SKYWAY ,QUYẾT ĐỊNH PHÁT HÀNH TRÒ CHƠI ĐIỆN TỬ G1 TRÊN MẠNG,2026-04-29,Giấy phép (ABEI),214/QĐ-PTTH&TTĐT,valid,https://giayphep.abei.gov.vn/
tlbbvng.vnggames.com,CÔNG TY CỔ PHẦN VNG,QUYẾT ĐỊNH PHÁT HÀNH TRÒ CHƠI ĐIỆN TỬ G1 TRÊN MẠNG,2024-08-14,Giấy phép (ABEI),1358/QĐ-BTTTT,invalid,https://giayphep.abei.gov.vn/
tlbc.mocgame.vn,CÔNG TY CỔ PHẦN TRÒ CHƠI MỘC,QUYẾT ĐỊNH PHÁT HÀNH TRÒ CHƠI ĐIỆN TỬ G1 TRÊN MẠNG,2022-01-25,Giấy phép (ABEI),123/QĐ-BTTTT,invalid,https://giayphep.abei.gov.vn/
tlht.gaba.vn,CÔNG TY CỔ PHẦN TRÒ CHƠI VEGA,QUYẾT ĐỊNH PHÁT HÀNH TRÒ CHƠI ĐIỆN TỬ G1 TRÊN MẠNG,2020-09-23,Giấy phép (ABEI),1619/QĐ-BTTTT,invalid,https://giayphep.abei.gov.vn/
tlk.gamota.com,CÔNG TY CỔ PHẦN GAMOTA,QUYẾT ĐỊNH PHÁT HÀNH TRÒ CHƠI ĐIỆN TỬ G1 TRÊN MẠNG,2018-06-14,Giấy phép (ABEI),913/QĐ-BTTTT,invalid,https://giayphep.abei.gov.vn/
tlk2.gamoda.com,CÔNG TY CỔ PHẦN GAMOTA,QUYẾT ĐỊNH PHÁT HÀNH TRÒ CHƠI ĐIỆN TỬ G1 TRÊN MẠNG,2021-03-26,Giấy phép (ABEI),383/QĐ-BTTTT,valid,https://giayphep.abei.gov.vn/
tll.tbgame.vn,CÔNG TY TNHH TRÒ CHƠI TRỰC TUYẾN THIENBAO,QUYẾT ĐỊNH PHÁT HÀNH TRÒ CHƠI ĐIỆN TỬ G1 TRÊN MẠNG,2022-01-24,Giấy phép (ABEI),107/QĐ-BTTTT,valid,https://giayphep.abei.gov.vn/
tlmm.vnggames.com,CÔNG TY CỔ PHẦN VNG,QUYẾT ĐỊNH PHÁT HÀNH TRÒ CHƠI ĐIỆN TỬ G1 TRÊN MẠNG,2019-01-15,Giấy phép (ABEI),56/QĐ-BTTTT,invalid,https://giayphep.abei.gov.vn/
tlo.vnggames.com,CÔNG TY CỔ PHẦN VNG,QUYẾT ĐỊNH PHÁT HÀNH TRÒ CHƠI ĐIỆN TỬ G1 TRÊN MẠNG,2025-04-21,Giấy phép (ABEI),130/QĐ-PTTH&TTĐT,invalid,https://giayphep.abei.gov.vn/
tltq.gosu.vn,CÔNG TY CỔ PHẦN TRỰC TUYẾN GOSU,QUYẾT ĐỊNH PHÁT HÀNH TRÒ CHƠI ĐIỆN TỬ G1 TRÊN MẠNG,2018-12-11,Giấy phép (ABEI),2128/QĐ-BTTTT,invalid,https://giayphep.abei.gov.vn/
tmdt.zoneplay.vn,CÔNG TY CỔ PHẦN GZONE MEDIA VIỆT NAM,QUYẾT ĐỊNH PHÁT HÀNH TRÒ CHƠI ĐIỆN TỬ G1 TRÊN MẠNG,2023-10-09,Giấy phép (ABEI),1919/QĐ-BTTTT,valid,https://giayphep.abei.gov.vn/
tmtk.vgplay.vn,CÔNG TY CỔ PHẦN VGP,QUYẾT ĐỊNH PHÁT HÀNH TRÒ CHƠI ĐIỆN TỬ G1 TRÊN MẠNG,2024-11-19,Giấy phép (ABEI),2007/QĐ-BTTTT,valid,https://giayphep.abei.gov.vn/
tmtq.slg.vn,CÔNG TY CỔ PHẦN DỊCH VỤ TRỰC TUYẾN VĨNH XUÂN,QUYẾT ĐỊNH PHÁT HÀNH TRÒ CHƠI ĐIỆN TỬ G1 TRÊN MẠNG,2020-03-26,Giấy phép (ABEI),429/QĐ-BTTTT,valid,https://giayphep.abei.gov.vn/
tmtq.thienthuonghoa.com,CÔNG TY CỔ PHẦN GIẢI TRÍ THIÊN THƯỢNG HỎA,QUYẾT ĐỊNH PHÁT HÀNH TRÒ CHƠI ĐIỆN TỬ G1 TRÊN MẠNG,2021-03-19,Giấy phép (ABEI),334/QĐ-BTTTT,valid,https://giayphep.abei.gov.vn/
tmtq.zoneplay.vn,CÔNG TY CỔ PHẦN GZONE MEDIA VIỆT NAM,QUYẾT ĐỊNH PHÁT HÀNH TRÒ CHƠI ĐIỆN TỬ G1 TRÊN MẠNG,2022-09-30,Giấy phép (ABEI),1833/QĐ-BTTTT,valid,https://giayphep.abei.gov.vn/
tn.dzogame.vn,CÔNG TY TNHH CHÂU Á MỀM,QUYẾT ĐỊNH PHÁT HÀNH TRÒ CHƠI ĐIỆN TỬ G1 TRÊN MẠNG,2020-08-24,Giấy phép (ABEI),1452/QĐ-BTTTT,valid,https://giayphep.abei.gov.vn/
tn3q.gamota.com,CÔNG TY CỔ PHẦN GAMOTA,QUYẾT ĐỊNH PHÁT HÀNH TRÒ CHƠI ĐIỆN TỬ G1 TRÊN MẠNG,2025-12-30,Giấy phép (ABEI),583/QĐ-PTTH&TTĐT,valid,https://giayphep.abei.gov.vn/
tn3q.zing.vn,CÔNG TY TNHH TRUYỀN THÔNG MINH PHƯƠNG THỊNH,QUYẾT ĐỊNH PHÁT HÀNH TRÒ CHƠI ĐIỆN TỬ G1 TRÊN MẠNG,2020-10-02,Giấy phép (ABEI),1681/QĐ-BTTTT,invalid,https://giayphep.abei.gov.vn/
tnah.gamota.com,CÔNG TY CỔ PHẦN GAMOTA,QUYẾT ĐỊNH PHÁT HÀNH TRÒ CHƠI ĐIỆN TỬ G1 TRÊN MẠNG,2022-01-24,Giấy phép (ABEI),100/QĐ-BTTTT,valid,https://giayphep.abei.gov.vn/
tnamnews.official,Báo Việt Nam News,MXH - Cơ quan báo chí,,Giấy phép (TVPL PDF),,valid,
tnch.gamota.com,CÔNG TY CỔ PHẦN GAMOTA,QUYẾT ĐỊNH PHÁT HÀNH TRÒ CHƠI ĐIỆN TỬ G1 TRÊN MẠNG,2025-11-17,Giấy phép (ABEI),516 /QĐ-PTTH&TTĐT,valid,https://giayphep.abei.gov.vn/
tndt3q.zing.vn,CÔNG TY TNHH NỘI DUNG SỐ NGUYÊN BẢO,QUYẾT ĐỊNH PHÁT HÀNH TRÒ CHƠI ĐIỆN TỬ G1 TRÊN MẠNG,2020-04-15,Giấy phép (ABEI),547/QĐ-BTTTT,valid,https://giayphep.abei.gov.vn/
tnhk.zoneplay.vn,CÔNG TY CỔ PHẦN GZONE MEDIA VIỆT NAM,QUYẾT ĐỊNH PHÁT HÀNH TRÒ CHƠI ĐIỆN TỬ G1 TRÊN MẠNG,2022-12-13,Giấy phép (ABEI),2315/QĐ-BTTTT,valid,https://giayphep.abei.gov.vn/
tnl.net.vn,Công ty CP Đầu tư và Phát triển TNL,Website - Trang TTĐT tổng hợp,,Giấy phép (TVPL PDF),,valid,
tnmtcaobang.gov.vn,SỞ TÀI NGUYÊN VÀ MÔI TRƯỜNG TỈNH CAO BẰNG,GIẤY PHÉP THIẾT LẬP TRANG THÔNG TIN ĐIỆN TỬ TỔNG HỢP,2013-04-15,Giấy phép (ABEI),47/GP-TTĐT,invalid,https://giayphep.abei.gov.vn/
tnng.vn,CÔNG TY CỔ PHẦN TRỰC TUYẾN GOSU,QUYẾT ĐỊNH PHÁT HÀNH TRÒ CHƠI ĐIỆN TỬ G1 TRÊN MẠNG,2021-01-29,Giấy phép (ABEI),106/QĐ-BTTTT,invalid,https://giayphep.abei.gov.vn/
tnsp.gialai.org.vn,"BAN ĐIỀU PHỐI DỰ ÁN HỖ TRỢ NÔNG NGHIỆP, NÔNG DÂN VÀ NÔNG THÔN TỈNH GIA LAI",GIẤY PHÉP THIẾT LẬP TRANG THÔNG TIN ĐIỆN TỬ TỔNG HỢP,2013-07-30,Giấy phép (ABEI),104/GP-TTĐT,invalid,https://giayphep.abei.gov.vn/
toancanhbaochi.vn,CỤC BÁO CHÍ,GIẤY PHÉP THIẾT LẬP TRANG THÔNG TIN ĐIỆN TỬ TỔNG HỢP,2015-09-28,Giấy phép (ABEI),143/GP-TTĐT,invalid,https://giayphep.abei.gov.vn/
toancanhbatdongsan.com.vn,CÔNG TY CỔ PHẦN ĐẦU TƯ BẤT ĐỘNG SẢN HOÀNG LÂM,GIẤY PHÉP CUNG CẤP DỊCH VỤ MẠNG XÃ HỘI,2020-12-04,Giấy phép (ABEI),566/GP-BTTTT,valid,https://giayphep.abei.gov.vn/
toancanhbatdongsan.vn,Công ty TNHH xúc tiến đầu tư và tư vấn Bất động sản Sài Gòn,Website - Trang TTĐT tổng hợp,,Giấy phép (TVPL PDF),,valid,
toandan3q.ygame.vn,CÔNG TY CỔ PHẦN GIẢI TRÍ YGAME,QUYẾT ĐỊNH PHÁT HÀNH TRÒ CHƠI ĐIỆN TỬ G1 TRÊN MẠNG,2020-05-13,Giấy phép (ABEI),798/QĐ-BTTTT,valid,https://giayphep.abei.gov.vn/
tocchien.vn,CÔNG TY TNHH MYG,QUYẾT ĐỊNH PHÁT HÀNH TRÒ CHƠI ĐIỆN TỬ G1 TRÊN MẠNG,2018-08-31,Giấy phép (ABEI),1438/QĐ-BTTTT,valid,https://giayphep.abei.gov.vn/
tocchien.vnggames.com,CÔNG TY CỔ PHẦN VNG,QUYẾT ĐỊNH PHÁT HÀNH TRÒ CHƠI ĐIỆN TỬ G1 TRÊN MẠNG,2025-06-20,Giấy phép (ABEI),263/QĐ-PTTH&TTĐT,invalid,https://giayphep.abei.gov.vn/
tocchien.zing.vn,CÔNG TY CỔ PHẦN VNG,QUYẾT ĐỊNH PHÁT HÀNH TRÒ CHƠI ĐIỆN TỬ G1 TRÊN MẠNG,2020-11-12,Giấy phép (ABEI),1947/QĐ-BTTTT,invalid,https://giayphep.abei.gov.vn/
tochucnhanuoc.gov.vn,Tạp chí Tổ chức Nhà nước,"Website - Báo, tạp chí điện tử",,Giấy phép (TVPL PDF),,valid,
tochucnhanuoc.vn,Tạp chí Tổ chức Nhà nước,"Website - Báo, tạp chí điện tử",,Giấy phép (TVPL PDF),,valid,
todaycall.vn,Công ty Cổ phần công nghệ và nội dung số Phú Thành,Website - Trang TTĐT tổng hợp,,Giấy phép (TVPL PDF),,valid,
todayclip.vn,Công ty Cổ phần công nghệ và nội dung số Phú Thành,Website - Trang TTĐT tổng hợp,,Giấy phép (TVPL PDF),,valid,
todayplus.com.vn,Công ty Cổ phần Quốc tế Truyền thông,Website - Trang TTĐT tổng hợp,,Giấy phép (TVPL PDF),,valid,
toiyeubongda.net,Công ty Cổ phần Mobicom Việt Nam,Website - Trang TTĐT tổng hợp,,Giấy phép (TVPL PDF),,valid,
toiyeubongda.vn,Công ty Cổ phần Mobicom Việt Nam,Website - Trang TTĐT tổng hợp,,Giấy phép (TVPL PDF),,valid,
tongdaidiaoc.com.vn,CÔNG TY CỔ PHẦN TỔNG ĐÀI ĐỊA ỐC VIỆT NAM,GIẤY PHÉP CUNG CẤP DỊCH VỤ MẠNG XÃ HỘI,2020-01-21,Giấy phép (ABEI),34/GP-BTTTT,valid,https://giayphep.abei.gov.vn/
tonghoptin24h.vn,Công ty CP Trường Sơn Media,Website - Trang TTĐT tổng hợp,,Giấy phép (TVPL PDF),,valid,
tongkhogame.com,CÔNG TY TNHH ĐẦU TƯ CÔNG NGHỆ RETECH,"GIẤY XÁC NHẬN THÔNG BÁO PHÁT HÀNH TRÒ CHƠI ĐIỆN TỬ G2,G3,G4",2018-06-07,Giấy phép (ABEI),146/GXN-PTTH&TTĐT,valid,https://giayphep.abei.gov.vn/
tongmon.playfun.vn,CÔNG TY CỔ PHẦN FUNTAP ,QUYẾT ĐỊNH PHÁT HÀNH TRÒ CHƠI ĐIỆN TỬ G1 TRÊN MẠNG,2026-02-05,Giấy phép (ABEI),50/QĐ-PTTH&TTĐT,valid,https://giayphep.abei.gov.vn/
top-10.vn,CÔNG TY CỔ PHẦN LÊ HOÀNG HÀ NỘI,GIẤY PHÉP CUNG CẤP DỊCH VỤ MẠNG XÃ HỘI,2020-10-27,Giấy phép (ABEI),472/GP-BTTTT,valid,https://giayphep.abei.gov.vn/
topcarvn.vn,Công ty Cổ phần Truyền thông H&A Việt Nam,Website - Trang TTĐT tổng hợp,,Giấy phép (TVPL PDF),,valid,
topebox.com,CÔNG TY TNHH GIẢI TRÍ TOPEBOX,"GIẤY XÁC NHẬN THÔNG BÁO PHÁT HÀNH TRÒ CHƠI ĐIỆN TỬ G2,G3,G4",2024-08-14,Giấy phép (ABEI),196/GXN-PTTH&TTĐT,valid,https://giayphep.abei.gov.vn/
topebox.vn,CÔNG TY TNHH GIẢI TRÍ TOPEBOX,"GIẤY XÁC NHẬN THÔNG BÁO PHÁT HÀNH TRÒ CHƠI ĐIỆN TỬ G2,G3,G4",2023-08-23,Giấy phép (ABEI),134/GXN-PTTH&TTĐT,valid,https://giayphep.abei.gov.vn/
topeleven.vnggames.com,CÔNG TY CỔ PHẦN TẬP ĐOÀN VNG,QUYẾT ĐỊNH PHÁT HÀNH TRÒ CHƠI ĐIỆN TỬ G1 TRÊN MẠNG,2026-01-30,Giấy phép (ABEI),35/QĐ-PTTH&TTĐT,valid,https://giayphep.abei.gov.vn/
topenfintech.com.vn,Công ty Cổ phần TOPENFINTECH,Website - Trang TTĐT tổng hợp,,Giấy phép (TVPL PDF),,valid,
topenland.com.vn,"Công ty Cổ phần Topenland Việt Nam (https://topenland.com/, https://topenland.net/)",Website - Trang TTĐT tổng hợp,,Giấy phép (TVPL PDF),,valid,
topenland.vn,CÔNG TY CỔ PHẦN TOPENLAND VIỆT NAM,GIẤY PHÉP CUNG CẤP DỊCH VỤ MẠNG XÃ HỘI,2021-08-30,Giấy phép (ABEI),565/GP-BTTTT,valid,https://giayphep.abei.gov.vn/
topheroes.hhgame.vn,CÔNG TY CỔ PHẦN PHÁT TRIỂN CÔNG NGHỆ SỐ HỒNG HÀ,QUYẾT ĐỊNH PHÁT HÀNH TRÒ CHƠI ĐIỆN TỬ G1 TRÊN MẠNG,2024-11-12,Giấy phép (ABEI),1963/QĐ-BTTTT,valid,https://giayphep.abei.gov.vn/
topline.com.vn,Công ty TNHH Công nghệ thông tin mạng Minitech,Website - Trang TTĐT tổng hợp,,Giấy phép (TVPL PDF),,valid,
toplist.vn,CÔNG TY CỔ PHẦN TOPLIST,GIẤY PHÉP CUNG CẤP DỊCH VỤ MẠNG XÃ HỘI,2019-09-09,Giấy phép (ABEI),370/GP-BTTTT,valid,https://giayphep.abei.gov.vn/
topshare.com.vn,CÔNG TY TNHH TRUYỀN THÔNG QUẢNG CÁO CHÂN TRỜI MỚI,GIẤY PHÉP CUNG CẤP DỊCH VỤ MẠNG XÃ HỘI,2023-03-24,Giấy phép (ABEI),96/GP-BTTTT,valid,https://giayphep.abei.gov.vn/
topsukien.vn,Công ty Cổ phần địa ốc Alibaba,Website - Trang TTĐT tổng hợp,,Giấy phép (TVPL PDF),,valid,
topteen.vn,CÔNG TY CỔ PHẦN CÔNG NGHỆ VÀ TRUYỀN THÔNG BIỂN XANH,QUYẾT ĐỊNH PHÁT HÀNH TRÒ CHƠI ĐIỆN TỬ G1 TRÊN MẠNG,2020-04-15,Giấy phép (ABEI),574/QĐ-BTTTT,invalid,https://giayphep.abei.gov.vn/
topxehoi.vn,Công ty TNHH phát triển thương mại truyền thông BTE,Website - Trang TTĐT tổng hợp,,Giấy phép (TVPL PDF),,valid,
topz.com.vn,CÔNG TY TNHH THƯƠNG MẠI ĐIỆN TỬ SUDO,GIẤY PHÉP CUNG CẤP DỊCH VỤ MẠNG XÃ HỘI,2023-02-15,Giấy phép (ABEI),63/GP-BTTTT,valid,https://giayphep.abei.gov.vn/
toquoc.vn,Báo điện tử Tổ Quốc,"Website - Báo, tạp chí điện tử",,Giấy phép (TVPL PDF),,valid,
toquoctv.vn,Báo điện tử Tổ Quốc,"Website - Báo, tạp chí điện tử",,Giấy phép (TVPL PDF),,valid,
torchlight.gamota.com,CÔNG TY CỔ PHẦN GAMOTA,QUYẾT ĐỊNH PHÁT HÀNH TRÒ CHƠI ĐIỆN TỬ G1 TRÊN MẠNG,2017-10-02,Giấy phép (ABEI),1642/QĐ-BTTTT,valid,https://giayphep.abei.gov.vn/
tos-neverland.vutth.com,CÔNG TY CỔ PHẦN GIẢI TRÍ THIÊN THƯỢNG HỎA,QUYẾT ĐỊNH PHÁT HÀNH TRÒ CHƠI ĐIỆN TỬ G1 TRÊN MẠNG,2024-07-15,Giấy phép (ABEI),1170/QĐ-BTTTT,valid,https://giayphep.abei.gov.vn/
totalfootball.vnggames.com,Công ty TNHH VNGGames,QUYẾT ĐỊNH PHÁT HÀNH TRÒ CHƠI ĐIỆN TỬ G1 TRÊN MẠNG,2026-01-22,Giấy phép (ABEI),21/QĐ-PTTH&TTĐT,valid,https://giayphep.abei.gov.vn/
touch.kul.vn,CÔNG TY CỔ PHẦN TRỰC TUYẾN CMN VIỆT NAM,QUYẾT ĐỊNH PHÁT HÀNH TRÒ CHƠI ĐIỆN TỬ G1 TRÊN MẠNG,2016-12-30,Giấy phép (ABEI),2380/QĐ-BTTTT,valid,https://giayphep.abei.gov.vn/
tpdl.vtcgame.vn,CÔNG TY VTC CÔNG NGHỆ VÀ NỘI DUNG SỐ,"GIẤY XÁC NHẬN THÔNG BÁO PHÁT HÀNH TRÒ CHƠI ĐIỆN TỬ G2,G3,G4",2023-09-15,Giấy phép (ABEI),155/GXN-PTTH&TTĐT,valid,https://giayphep.abei.gov.vn/
tptgame.vn,CÔNG TY TNHH TPT ONLINE,QUYẾT ĐỊNH PHÁT HÀNH TRÒ CHƠI ĐIỆN TỬ G1 TRÊN MẠNG,2020-08-10,Giấy phép (ABEI),1368/QĐ-BTTTT,valid,https://giayphep.abei.gov.vn/
tqc.esgroup.vn,CÔNG TY CỔ PHẦN ES GAME ,QUYẾT ĐỊNH PHÁT HÀNH TRÒ CHƠI ĐIỆN TỬ G1 TRÊN MẠNG,2026-05-05,Giấy phép (ABEI),225 /QĐ-PTTH&TTĐT,valid,https://giayphep.abei.gov.vn/
tqc.hagogame.vn,CÔNG TY CỔ PHẦN JOMBOJOY TECHNOLOGY,QUYẾT ĐỊNH PHÁT HÀNH TRÒ CHƠI ĐIỆN TỬ G1 TRÊN MẠNG,2021-02-05,Giấy phép (ABEI),150/QĐ-BTTTT,valid,https://giayphep.abei.gov.vn/
tqlt.gamota.com,CÔNG TY CỔ PHẦN GAMOTA,QUYẾT ĐỊNH PHÁT HÀNH TRÒ CHƠI ĐIỆN TỬ G1 TRÊN MẠNG,2019-01-29,Giấy phép (ABEI),112/QĐ-BTTTT,valid,https://giayphep.abei.gov.vn/
tqqh.vn,CÔNG TY CỔ PHẦN PHÁT TRIỂN TRÒ CHƠI VÀ GIẢI PHÁP CÔNG NGHỆ,QUYẾT ĐỊNH PHÁT HÀNH TRÒ CHƠI ĐIỆN TỬ G1 TRÊN MẠNG,2017-07-10,Giấy phép (ABEI),1124/QĐ-BTTTT,valid,https://giayphep.abei.gov.vn/
tqth.mgol.vn,CÔNG TY TNHH PHẦN MỀM MGOL,QUYẾT ĐỊNH PHÁT HÀNH TRÒ CHƠI ĐIỆN TỬ G1 TRÊN MẠNG,2026-05-20,Giấy phép (ABEI),263/QĐ-PTTH&TTĐT,valid,https://giayphep.abei.gov.vn/
tqtk.slg.vn,CÔNG TY CỔ PHẦN DỊCH VỤ TRỰC TUYẾN VĨNH XUÂN,QUYẾT ĐỊNH PHÁT HÀNH TRÒ CHƠI ĐIỆN TỬ G1 TRÊN MẠNG,2016-11-18,Giấy phép (ABEI),2018/QĐ-BTTTT,valid,https://giayphep.abei.gov.vn/
tqtp.vn,CÔNG TY TNHH TRỰC TUYẾN THIÊN HÀ,QUYẾT ĐỊNH PHÁT HÀNH TRÒ CHƠI ĐIỆN TỬ G1 TRÊN MẠNG,2020-09-17,Giấy phép (ABEI),1573/QĐ-BTTTT,valid,https://giayphep.abei.gov.vn/
tqts.vnggames.com,CÔNG TY TNHH TRUYỀN THÔNG MINH PHƯƠNG THỊNH,QUYẾT ĐỊNH PHÁT HÀNH TRÒ CHƠI ĐIỆN TỬ G1 TRÊN MẠNG,2025-04-17,Giấy phép (ABEI),122/QĐ-PTTH&TTĐT,invalid,https://giayphep.abei.gov.vn/
tqts.vnngames.com,CÔNG TY TNHH TRUYỀN THÔNG MINH PHƯƠNG THỊNH,QUYẾT ĐỊNH PHÁT HÀNH TRÒ CHƠI ĐIỆN TỬ G1 TRÊN MẠNG,2024-03-01,Giấy phép (ABEI),243/QĐ-BTTTT,invalid,https://giayphep.abei.gov.vn/
tqvs.vntac.vn,CÔNG TY CỔ PHẦN VIỆT NAM TACTIC,QUYẾT ĐỊNH PHÁT HÀNH TRÒ CHƠI ĐIỆN TỬ G1 TRÊN MẠNG,2020-07-14,Giấy phép (ABEI),1192/QĐ-BTTTT,invalid,https://giayphep.abei.gov.vn/
tqywvn.mocgame.vn,Công ty TNHH Trò chơi Mộc,QUYẾT ĐỊNH PHÁT HÀNH TRÒ CHƠI ĐIỆN TỬ G1 TRÊN MẠNG,2026-07-15,Giấy phép (ABEI),419/QĐ-PTTH&TTĐT,valid,https://giayphep.abei.gov.vn/
tradenet.vn,CÔNG TY CỔ PHẦN TRADENET VIỆT NAM,GIẤY PHÉP CUNG CẤP DỊCH VỤ MẠNG XÃ HỘI,2017-10-18,Giấy phép (ABEI),514/GP-BTTTT,invalid,https://giayphep.abei.gov.vn/
traica.vtcgame.vn,CÔNG TY VTC CÔNG NGHỆ VÀ NỘI DUNG SỐ,"GIẤY XÁC NHẬN THÔNG BÁO PHÁT HÀNH TRÒ CHƠI ĐIỆN TỬ G2,G3,G4",2023-03-31,Giấy phép (ABEI),42/GXN-PTTH&TTĐT,valid,https://giayphep.abei.gov.vn/
traihevietnam.vn,TẠP CHÍ QUÊ HƯƠNG,GIẤY PHÉP THIẾT LẬP TRANG THÔNG TIN ĐIỆN TỬ TỔNG HỢP,2016-02-23,Giấy phép (ABEI),14/GP-TTĐT,invalid,https://giayphep.abei.gov.vn/
www.vietnamsummercamp.vn,TẠP CHÍ QUÊ HƯƠNG,GIẤY PHÉP THIẾT LẬP TRANG THÔNG TIN ĐIỆN TỬ TỔNG HỢP,2016-02-23,Giấy phép (ABEI),14/GP-TTĐT,invalid,https://giayphep.abei.gov.vn/
trainghiemso.com.vn,Công ty TNHH một thành viên Kết Nối Số,Website - Trang mạng xã hội,,Giấy phép (TVPL PDF),,valid,
tramhondaichien.vn,CÔNG TY CỔ PHẦN TRỰC TUYẾN DUO,QUYẾT ĐỊNH PHÁT HÀNH TRÒ CHƠI ĐIỆN TỬ G1 TRÊN MẠNG,2024-03-26,Giấy phép (ABEI),386/QĐ-BTTTT,valid,https://giayphep.abei.gov.vn/
tramhondaomobile.vn,CÔNG TY CỔ PHẦN TRỰC TUYẾN DUO,QUYẾT ĐỊNH PHÁT HÀNH TRÒ CHƠI ĐIỆN TỬ G1 TRÊN MẠNG,2023-08-31,Giấy phép (ABEI),1694/QĐ-BTTTT,invalid,https://giayphep.abei.gov.vn/
tramtienquyet.vn,CÔNG TY CỔ PHẦN VTC DỊCH VỤ DI ĐỘNG,QUYẾT ĐỊNH PHÁT HÀNH TRÒ CHƠI ĐIỆN TỬ G1 TRÊN MẠNG,2020-08-07,Giấy phép (ABEI),1360/QĐ-BTTTT,invalid,https://giayphep.abei.gov.vn/
tranchiencuoicung.playfun.vn,CÔNG TY CỔ PHẦN FUNTAP,QUYẾT ĐỊNH PHÁT HÀNH TRÒ CHƠI ĐIỆN TỬ G1 TRÊN MẠNG,2020-06-17,Giấy phép (ABEI),1021/QĐ-BTTTT,valid,https://giayphep.abei.gov.vn/
trangco.vn,CÔNG TY CỔ PHẦN INET,GIẤY PHÉP CUNG CẤP DỊCH VỤ MẠNG XÃ HỘI,2017-02-10,Giấy phép (ABEI),58/GP-BTTTT,valid,https://giayphep.abei.gov.vn/
trangdangtin.com,Công ty TNHH Truyền thông Quảng cáo Chân Trời Mới,Website - Trang TTĐT tổng hợp,,Giấy phép (TVPL PDF),,valid,
trangdangtin.vn,Công ty TNHH Truyền thông Quảng cáo Chân Trời Mới (trangdangtin.com),Website - Trang TTĐT tổng hợp,,Giấy phép (TVPL PDF),,valid,
trangdatrinam.vn,Công ty Cổ phần Dược phẩm Vinh Gia,Website - Trang mạng xã hội,,Giấy phép (TVPL PDF),,valid,
trangdiaoc.vn,Công ty TNHH xúc tiến đầu tư và tư vấn Bất động sản Sài Gòn,Website - Trang TTĐT tổng hợp,,Giấy phép (TVPL PDF),,valid,
trangnguyen.edu.vn,Công ty Cổ phần Trạng Nguyên Việt,Website - Trang mạng xã hội,,Giấy phép (TVPL PDF),,valid,
trangnhat365.com.vn,Công ty TNHH Truyền thông và Công nghệ Trang Nhất,Website - Trang TTĐT tổng hợp,,Giấy phép (TVPL PDF),,valid,
trangtraiviet.danviet.vn,Báo Nông thôn ngày nay,"Website - Báo, tạp chí điện tử",,Giấy phép (TVPL PDF),,valid,
tranhtaibongda.vn,Công ty Cổ phần M-Mobile,Website - Trang TTĐT tổng hợp,,Giấy phép (TVPL PDF),,valid,
tranma.gamota.com,CÔNG TY CỔ PHẦN GAMOTA,QUYẾT ĐỊNH PHÁT HÀNH TRÒ CHƠI ĐIỆN TỬ G1 TRÊN MẠNG,2022-01-25,Giấy phép (ABEI),118/QĐ-BTTTT,valid,https://giayphep.abei.gov.vn/
tranma.playfun.vn,CÔNG TY CỔ PHẦN FUNTAP,QUYẾT ĐỊNH PHÁT HÀNH TRÒ CHƠI ĐIỆN TỬ G1 TRÊN MẠNG,2025-01-21,Giấy phép (ABEI),85 /QĐ-BTTTT,valid,https://giayphep.abei.gov.vn/
tranmatruyen.vn,CÔNG TY CỔ PHẦN VISION GAME,QUYẾT ĐỊNH PHÁT HÀNH TRÒ CHƠI ĐIỆN TỬ G1 TRÊN MẠNG,2025-08-07,Giấy phép (ABEI),352/QĐ-PTTH&TTĐT,valid,https://giayphep.abei.gov.vn/
transferd.vn,CÔNG TY CỔ PHẦN DIGI INVEST,GIẤY PHÉP CUNG CẤP DỊCH VỤ MẠNG XÃ HỘI,2026-05-12,Giấy phép (ABEI),56/GP-BVHTTDL,valid,https://giayphep.abei.gov.vn/
travelguide.org.vn,Công ty CP Phát triển báo chí Việt Nam,Website - Trang TTĐT tổng hợp,,Giấy phép (TVPL PDF),,valid,
travellet.vn,CÔNG TY CỔ PHẦN TRAVELLET VIỆT NAM,QUYẾT ĐỊNH PHÁT HÀNH TRÒ CHƠI ĐIỆN TỬ G1 TRÊN MẠNG,2022-01-24,Giấy phép (ABEI),109/QĐ-BTTTT,valid,https://giayphep.abei.gov.vn/
www.solaplay.vn,CÔNG TY CỔ PHẦN TRAVELLET VIỆT NAM,QUYẾT ĐỊNH PHÁT HÀNH TRÒ CHƠI ĐIỆN TỬ G1 TRÊN MẠNG,2023-08-07,Giấy phép (ABEI),1452/QĐ-BTTTT,valid,https://giayphep.abei.gov.vn/
travelmag.vn,TẠP CHÍ VIETNAM TRAVELLER,GIẤY PHÉP CUNG CẤP DỊCH VỤ MẠNG XÃ HỘI,2020-04-29,Giấy phép (ABEI),183/GP-BTTTT,valid,https://giayphep.abei.gov.vn/
travelsig.vn,CÔNG TY TNHH QUẢNG CÁO 199SIG,GIẤY PHÉP CUNG CẤP DỊCH VỤ MẠNG XÃ HỘI,2023-10-17,Giấy phép (ABEI),386/GP-BTTTT,valid,https://giayphep.abei.gov.vn/
travinhtv.vn,ĐÀI PHÁT THANH - TRUYỀN HÌNH TRÀ VINH,GIẤY PHÉP THIẾT LẬP TRANG THÔNG TIN ĐIỆN TỬ TỔNG HỢP,2018-03-14,Giấy phép (ABEI),52/GP-TTĐT,invalid,https://giayphep.abei.gov.vn/
treasurehunter.mobi,CÔNG TY TNHH MEGA COMBAТ ,QUYẾT ĐỊNH PHÁT HÀNH TRÒ CHƠI ĐIỆN TỬ G1 TRÊN MẠNG,2026-06-29,Giấy phép (ABEI),377/QĐ-PTTH&TTĐT,valid,https://giayphep.abei.gov.vn/
treem.go.vn,CỤC TRẺ EM,GIẤY PHÉP THIẾT LẬP TRANG THÔNG TIN ĐIỆN TỬ TỔNG HỢP,2018-01-17,Giấy phép (ABEI),17/GP-TTĐT,invalid,https://giayphep.abei.gov.vn/
treemviet.vn,HỘI BẢO VỆ QUYỀN TRẺ EM VIỆT NAM,GIẤY PHÉP THIẾT LẬP TRANG THÔNG TIN ĐIỆN TỬ TỔNG HỢP,2019-11-15,Giấy phép (ABEI),221/GP-TTĐT,invalid,https://giayphep.abei.gov.vn/
treemvietnam.net.vn,Tạp chí Trẻ em Việt Nam,"Website - Báo, tạp chí điện tử",,Giấy phép (TVPL PDF),,valid,
trelangkienviet.com.vn,Công ty Cổ phần Tư vấn Thiết kế Truyền thông Hưng Gia,Website - Trang mạng xã hội,,Giấy phép (TVPL PDF),,valid,
www.trelangkienviet.net,CÔNG TY CỔ PHẦN TƯ VẤN THIẾT KẾ TRUYỀN THÔNG HƯNG GIA,GIẤY PHÉP CUNG CẤP DỊCH VỤ MẠNG XÃ HỘI,2017-10-11,Giấy phép (ABEI),499/GP-BTTTT,valid,https://giayphep.abei.gov.vn/
trelangkienviet.net,Công ty Cổ phần Tư vấn Thiết kế Truyền thông Hưng Gia,Website - Trang mạng xã hội,,Giấy phép (TVPL PDF),,valid,
trendsvietnam.vn,CÔNG TY CỔ PHẦN THIÊN TÀI VIỆT NAM,GIẤY PHÉP CUNG CẤP DỊCH VỤ MẠNG XÃ HỘI,2019-11-12,Giấy phép (ABEI),494/GP-BTTTT,valid,https://giayphep.abei.gov.vn/
trieuhoisuafk.vn,CÔNG TY TNHH SOHA,QUYẾT ĐỊNH PHÁT HÀNH TRÒ CHƠI ĐIỆN TỬ G1 TRÊN MẠNG,2022-09-30,Giấy phép (ABEI),1824/QĐ-BTTTT,valid,https://giayphep.abei.gov.vn/
trieuphumayman.com.vn,Công ty Cổ phần Giải pháp viễn thông CellTech Việt Nam,Website - Trang TTĐT tổng hợp,,Giấy phép (TVPL PDF),,valid,
trieuphuviet.net,Công ty Cổ phần Truyền số liệu Việt Nam,Website - Trang TTĐT tổng hợp,,Giấy phép (TVPL PDF),,valid,
trieuphuviet.vn,Công ty Cổ phần Truyền số liệu Việt Nam,Website - Trang TTĐT tổng hợp,,Giấy phép (TVPL PDF),,valid,
trinhtamquoc.playfun.vn,CÔNG TY CỔ PHẦN FUNTAP,QUYẾT ĐỊNH PHÁT HÀNH TRÒ CHƠI ĐIỆN TỬ G1 TRÊN MẠNG,2025-10-16,Giấy phép (ABEI),454/QĐ-PTTH&TTĐT,valid,https://giayphep.abei.gov.vn/
trip.vn,CÔNG TY CỔ PHẦN GIẢI PHÁP CÔNG NGHỆ ZOOM VIỆT NAM,GIẤY PHÉP CUNG CẤP DỊCH VỤ MẠNG XÃ HỘI,2021-01-11,Giấy phép (ABEI),22/GP-BTTTT,valid,https://giayphep.abei.gov.vn/
triptrip.vn,CÔNG TY TNHH SIMPLE SHARING,GIẤY PHÉP CUNG CẤP DỊCH VỤ MẠNG XÃ HỘI,2019-05-28,Giấy phép (ABEI),205 /GP-BTTTT,valid,https://giayphep.abei.gov.vn/
trithuc24h.com.vn,Công ty TNHH Thông tin và Công nghệ ORANGE,Website - Trang TTĐT tổng hợp,,Giấy phép (TVPL PDF),,valid,
trithuc360.vn,Công ty TNHH Truyền thông đa phương tiện Ý tưởng di động,Website - Trang TTĐT tổng hợp,,Giấy phép (TVPL PDF),,valid,
trithuccongluan.com.vn,TẠP CHÍ KHOA HỌC VÀ KỸ THUẬT HẢI PHÒNG,GIẤY PHÉP THIẾT LẬP TRANG THÔNG TIN ĐIỆN TỬ TỔNG HỢP,2015-12-29,Giấy phép (ABEI),180/GP-TTĐT,invalid,https://giayphep.abei.gov.vn/
trithuccuocsong.vn,Báo Tri thức và Cuộc sống,"Website - Báo, tạp chí điện tử",,Giấy phép (TVPL PDF),,valid,
trithuctructuyen.com.vn,Tạp chí điện tử Tri thức trực tuyến,"Website - Báo, tạp chí điện tử",,Giấy phép (TVPL PDF),,valid,
trithuctructuyen.vn,Tạp chí điện tử Tri thức trực tuyến,"Website - Báo, tạp chí điện tử",,Giấy phép (TVPL PDF),,valid,
trithucvaphattrien.vn,TẠP CHÍ TRI THỨC VÀ PHÁT TRIỂN,GIẤY PHÉP THIẾT LẬP TRANG THÔNG TIN ĐIỆN TỬ TỔNG HỢP,2013-11-14,Giấy phép (ABEI),141/GP-TTĐT,invalid,https://giayphep.abei.gov.vn/
trituemoi.vn,Công ty Cổ phần Tập đoàn Truyền thông Quốc tế Trí Tuệ mới,Website - Trang TTĐT tổng hợp,,Giấy phép (TVPL PDF),,valid,
triviet.firstnews.com.vn,CÔNG TY TNHH VĂN HOÁ - SÁNG TẠO TRÍ VIỆT,GIẤY PHÉP CUNG CẤP DỊCH VỤ MẠNG XÃ HỘI,2019-06-07,Giấy phép (ABEI),232/GP-BTTTT,valid,https://giayphep.abei.gov.vn/
triviet24h.vn,"TẠP CHÍ DOANH NGHIỆP, DOANH NHÂN VÀ THƯƠNG HIỆU",GIẤY PHÉP THIẾT LẬP TRANG THÔNG TIN ĐIỆN TỬ TỔNG HỢP,2013-07-23,Giấy phép (ABEI),101/GP-TTĐT,invalid,https://giayphep.abei.gov.vn/
trochoisinhten.vn,CÔNG TY TNHH DỊCH VỤ PHẦN MỀM THIÊN BÌNH,QUYẾT ĐỊNH PHÁT HÀNH TRÒ CHƠI ĐIỆN TỬ G1 TRÊN MẠNG,2022-05-04,Giấy phép (ABEI),826/QĐ-BTTTT,valid,https://giayphep.abei.gov.vn/
trochoisinhton.vn,CÔNG TY TNHH DỊCH VỤ PHẦN MỀM THIÊN BÌNH,QUYẾT ĐỊNH PHÁT HÀNH TRÒ CHƠI ĐIỆN TỬ G1 TRÊN MẠNG,2017-12-21,Giấy phép (ABEI),2361/QĐ-BTTTT,valid,https://giayphep.abei.gov.vn/
trochoiviet.vn,CÔNG TY TNHH GAME VIỆT,QUYẾT ĐỊNH PHÁT HÀNH TRÒ CHƠI ĐIỆN TỬ G1 TRÊN MẠNG,2025-02-25,Giấy phép (ABEI),60/QĐ-PTTH&TTĐT,valid,https://giayphep.abei.gov.vn/
trollxe.vn,CÔNG TY CỔ PHẦN TRUYỀN THÔNG VÀ GIẢI TRÍ HAHAHA,GIẤY PHÉP CUNG CẤP DỊCH VỤ MẠNG XÃ HỘI,2023-06-09,Giấy phép (ABEI),205/GP-BTTTT,valid,https://giayphep.abei.gov.vn/
trolyaudio.vn,Công ty Cổ phần truyền thông IRIS,Website - Trang TTĐT tổng hợp,,Giấy phép (TVPL PDF),,valid,
trongtrot.com.vn,Công ty TNHH Dịch vụ Thông tin và Tư vấn BLUEWAVE,Website - Trang TTĐT tổng hợp,,Giấy phép (TVPL PDF),,valid,
trt.com.vn,Đài PTTH Thừa Thiên - Huế,Website - Trang TTĐT tổng hợp,,Giấy phép (TVPL PDF),,valid,
trt.vn,Đài PTTH Thừa Thiên - Huế,Website - Trang TTĐT tổng hợp,,Giấy phép (TVPL PDF),,valid,
www.trt.vn,ĐÀI PHÁT THANH - TRUYỀN HÌNH THỪA THIÊN HUẾ,GIẤY PHÉP THIẾT LẬP TRANG THÔNG TIN ĐIỆN TỬ TỔNG HỢP,2015-03-30,Giấy phép (ABEI),23/GP-TTĐT,invalid,https://giayphep.abei.gov.vn/
trueidplay.vn,Công ty cổ phần True Digital Việt Nam,Website - Trang mạng xã hội,,Giấy phép (TVPL PDF),,valid,
truelove.vn,Công ty Cổ phần Alexan Việt Nam,Website - Trang mạng xã hội,,Giấy phép (TVPL PDF),,valid,
trungtambds24h.vn,Công ty TNHH Quảng cáo Truyền thông Thiên Minh,Website - Trang TTĐT tổng hợp,,Giấy phép (TVPL PDF),,valid,
trungtamnghiencuuatgt.vn,Trung tâm nghiên cứu an toàn giao thông,Website - Trang TTĐT tổng hợp,,Giấy phép (TVPL PDF),,valid,
trungtamytetanbinh.vn,trung tâm Y tế Quận Tân Bình,Website - Trang TTĐT tổng hợp,,Giấy phép (TVPL PDF),,valid,
truongcanbothanhtra.gov.vn,TRƯỜNG CÁN BỘ THANH TRA,GIẤY PHÉP THIẾT LẬP TRANG THÔNG TIN ĐIỆN TỬ TỔNG HỢP,2015-05-06,Giấy phép (ABEI),46/GP-TTĐT,invalid,https://giayphep.abei.gov.vn/
truongcbdt.edu.vn,TRƯỜNG CÁN BỘ DÂN TỘC,GIẤY PHÉP THIẾT LẬP TRANG THÔNG TIN ĐIỆN TỬ TỔNG HỢP,2015-11-11,Giấy phép (ABEI),157/GP-TTĐT,valid,https://giayphep.abei.gov.vn/
truongchinhtri-vp.gov.vn,TRƯỜNG CHÍNH TRỊ TỈNH VĨNH PHÚC,GIẤY PHÉP THIẾT LẬP TRANG THÔNG TIN ĐIỆN TỬ TỔNG HỢP,2013-06-24,Giấy phép (ABEI),83/GP-TTĐT,invalid,https://giayphep.abei.gov.vn/
truonghaiquan.edu.vn,TRƯỜNG HẢI QUAN VIỆT NAM,GIẤY PHÉP THIẾT LẬP TRANG THÔNG TIN ĐIỆN TỬ TỔNG HỢP,2017-05-15,Giấy phép (ABEI),146/GPSĐBS-TTĐT,invalid,https://giayphep.abei.gov.vn/
truonghocdientu.edu.vn,Công ty cổ phần Công nghệ Truyền thông Thông tin Việt Nam,Website - Trang mạng xã hội,,Giấy phép (TVPL PDF),,valid,
truonghocdientu.net,Công ty cổ phần Công nghệ Truyền thông Thông tin Việt Nam,Website - Trang mạng xã hội,,Giấy phép (TVPL PDF),,valid,
truonghocso.vn,Công ty TNHH ATOMIC,Website - Trang mạng xã hội,,Giấy phép (TVPL PDF),,valid,
truonghocsoquocgia.vn,TỔNG CÔNG TY VIỄN THÔNG MOBIFONE,GIẤY PHÉP CUNG CẤP DỊCH VỤ MẠNG XÃ HỘI,2026-02-25,Giấy phép (ABEI),25/GP-BVHTTDL,valid,https://giayphep.abei.gov.vn/
truongnganhang.edu.vn,Trường Bồi dưỡng Cán bộ Ngân hàng,Website - Trang TTĐT tổng hợp,,Giấy phép (TVPL PDF),,valid,
truongsinhkiem.playfun.vn,CÔNG TY CỔ PHẦN FUNTAP,QUYẾT ĐỊNH PHÁT HÀNH TRÒ CHƠI ĐIỆN TỬ G1 TRÊN MẠNG,2020-09-04,Giấy phép (ABEI),1511/QĐ-BTTTT,invalid,https://giayphep.abei.gov.vn/
trutien.gosu.vn,CÔNG TY CỔ PHẦN TRỰC TUYẾN GOSU,QUYẾT ĐỊNH PHÁT HÀNH TRÒ CHƠI ĐIỆN TỬ G1 TRÊN MẠNG,2020-03-26,Giấy phép (ABEI),427/QĐ-BTTTT,invalid,https://giayphep.abei.gov.vn/
trutienkiem.vn,CÔNG TY CỔ PHẦN VTC DỊCH VỤ DI ĐỘNG,QUYẾT ĐỊNH PHÁT HÀNH TRÒ CHƠI ĐIỆN TỬ G1 TRÊN MẠNG,2017-08-09,Giấy phép (ABEI),1310/QĐ-BTTTT,invalid,https://giayphep.abei.gov.vn/
trutienkiemvu.sohagame.vn,CÔNG TY TNHH SOHA,QUYẾT ĐỊNH PHÁT HÀNH TRÒ CHƠI ĐIỆN TỬ G1 TRÊN MẠNG,2025-09-04,Giấy phép (ABEI),377/QĐ-PTTH&TTĐT,valid,https://giayphep.abei.gov.vn/
trutienquyet.intelligencessaigon.vn,CÔNG TY TNHH MOBILE INTELLIGENCE SAIGON,QUYẾT ĐỊNH PHÁT HÀNH TRÒ CHƠI ĐIỆN TỬ G1 TRÊN MẠNG,2024-05-13,Giấy phép (ABEI),767/QĐ-BTTTT,valid,https://giayphep.abei.gov.vn/
truvuongct.vn,CÔNG TY CỔ PHẦN CÔNG NGHỆ MOBI-GAME,QUYẾT ĐỊNH PHÁT HÀNH TRÒ CHƠI ĐIỆN TỬ G1 TRÊN MẠNG,2020-08-18,Giấy phép (ABEI),1407/QĐ-BTTTT,valid,https://giayphep.abei.gov.vn/
truyenhinhdulich.vn,KÊNH TRUYỀN HÌNH VĂN HÓA - DU LỊCH,GIẤY PHÉP THIẾT LẬP TRANG THÔNG TIN ĐIỆN TỬ TỔNG HỢP,2019-01-07,Giấy phép (ABEI),06/GP-TTĐT,invalid,https://giayphep.abei.gov.vn/
truyenhinhlongan.com.vn,Đài Phát thanh và truyền hình Long An,Website - Trang TTĐT tổng hợp,,Giấy phép (TVPL PDF),,valid,
www.la34.com.vn,ĐÀI PHÁT THANH VÀ TRUYỀN HÌNH LONG AN,GIẤY PHÉP THIẾT LẬP TRANG THÔNG TIN ĐIỆN TỬ TỔNG HỢP,2016-05-11,Giấy phép (ABEI),47/GP-TTĐT,valid,https://giayphep.abei.gov.vn/
truyenhinhnghean.vn,ĐÀI PHÁT THANH VÀ TRUYỀN HÌNH NGHỆ AN,GIẤY PHÉP THIẾT LẬP TRANG THÔNG TIN ĐIỆN TỬ TỔNG HỢP,2020-10-23,Giấy phép (ABEI),195/GP-TTĐT,valid,https://giayphep.abei.gov.vn/
truyenhinhthanhhoa.vn,ĐÀI PHÁT THANH VÀ TRUYỀN HÌNH THANH HÓA,GIẤY PHÉP THIẾT LẬP TRANG THÔNG TIN ĐIỆN TỬ TỔNG HỢP,2022-10-27,Giấy phép (ABEI),139/GP-TTĐT,valid,https://giayphep.abei.gov.vn/
truyenhinhvov.vn,Kênh truyền hình Văn hóa - Du lịch (VOV),Website - Trang TTĐT tổng hợp,,Giấy phép (TVPL PDF),,valid,
vovtv.vn,Kênh truyền hình Văn hóa - Du lịch (VOV),Website - Trang TTĐT tổng hợp,,Giấy phép (TVPL PDF),,valid,
truyenkytaikhoi.vn,Công ty TNHH Công nghệ DanaGame,QUYẾT ĐỊNH PHÁT HÀNH TRÒ CHƠI ĐIỆN TỬ G1 TRÊN MẠNG,2025-09-25,Giấy phép (ABEI),414 /QĐ-PTTH&TTĐT,valid,https://giayphep.abei.gov.vn/
truyenthong14.vn,CÔNG TY TNHH TRUYỀN THÔNG 14,GIẤY PHÉP CUNG CẤP DỊCH VỤ MẠNG XÃ HỘI,2020-12-23,Giấy phép (ABEI),618/GP-BTTTT,valid,https://giayphep.abei.gov.vn/
truyenthongg8.vn,CÔNG TY CỔ PHẦN TẬP ĐOÀN TRUYỀN THÔNG G8,GIẤY PHÉP CUNG CẤP DỊCH VỤ MẠNG XÃ HỘI,2020-04-20,Giấy phép (ABEI),162/GP-BTTTT,valid,https://giayphep.abei.gov.vn/
truyenthongplus.vn,CÔNG TY TNHH TƯ VẤN VÀ TRUYỀN THÔNG MHH,GIẤY PHÉP CUNG CẤP DỊCH VỤ MẠNG XÃ HỘI,2021-06-10,Giấy phép (ABEI),346/GP-BTTTT,valid,https://giayphep.abei.gov.vn/
truyenthongthuonghieu.vn,Công ty Cổ phần truyền thông đa phương tiện pháp luật Việt Nam,Website - Trang TTĐT tổng hợp,,Giấy phép (TVPL PDF),,valid,
truyenthongvaphapluat.vn,Công ty Cổ phần truyền thông Pháp luật NET,Website - Trang TTĐT tổng hợp,,Giấy phép (TVPL PDF),,valid,
truyenthongvnn.vn,CÔNG TY TNHH TIN TỨC TRUYỀN THÔNG VNN,GIẤY PHÉP CUNG CẤP DỊCH VỤ MẠNG XÃ HỘI,2020-01-08,Giấy phép (ABEI),06/GP-BTTTT,invalid,https://giayphep.abei.gov.vn/
truyenthuyetthanhthu.vn,CÔNG TY CỔ PHẦN TRỰC TUYẾN CMN VIỆT NAM,QUYẾT ĐỊNH PHÁT HÀNH TRÒ CHƠI ĐIỆN TỬ G1 TRÊN MẠNG,2022-06-10,Giấy phép (ABEI),1066/QĐ-BTTTT,valid,https://giayphep.abei.gov.vn/
truyenthuyetvr.vn,CÔNG TY CỔ PHẦN TRỰC TUYẾN CMN VIỆT NAM,QUYẾT ĐỊNH PHÁT HÀNH TRÒ CHƠI ĐIỆN TỬ G1 TRÊN MẠNG,2019-08-12,Giấy phép (ABEI),1237/QĐ-BTTTT,valid,https://giayphep.abei.gov.vn/
truyenweb.vn,CÔNG TY CỔ PHẦN TRUYÊN THÔNG IMBEE,GIẤY PHÉP CUNG CẤP DỊCH VỤ MẠNG XÃ HỘI,2020-09-29,Giấy phép (ABEI),415/GP-BTTTT,valid,https://giayphep.abei.gov.vn/
truykich.vn,CÔNG TY CỔ PHẦN VTC DỊCH VỤ DI ĐỘNG,QUYẾT ĐỊNH PHÁT HÀNH TRÒ CHƠI ĐIỆN TỬ G1 TRÊN MẠNG,2017-05-30,Giấy phép (ABEI),821/QĐ-BTTTT,invalid,https://giayphep.abei.gov.vn/
www.truykichmobile.vn,CÔNG TY CỔ PHẦN VTC DỊCH VỤ DI ĐỘNG,QUYẾT ĐỊNH PHÁT HÀNH TRÒ CHƠI ĐIỆN TỬ G1 TRÊN MẠNG,2017-05-30,Giấy phép (ABEI),821/QĐ-BTTTT,invalid,https://giayphep.abei.gov.vn/
truykichpc.vn,CÔNG TY CỔ PHẦN VTC DỊCH VỤ DI ĐỘNG,QUYẾT ĐỊNH PHÁT HÀNH TRÒ CHƠI ĐIỆN TỬ G1 TRÊN MẠNG,2023-05-15,Giấy phép (ABEI),837/QĐ-BTTTT,invalid,https://giayphep.abei.gov.vn/
ts.360game.vn,CÔNG TY TNHH TRUYỀN THÔNG MINH PHƯƠNG THỊNH,QUYẾT ĐỊNH PHÁT HÀNH TRÒ CHƠI ĐIỆN TỬ G1 TRÊN MẠNG,2016-06-10,Giấy phép (ABEI),1014/QĐ-BTTTT,valid,https://giayphep.abei.gov.vn/
ts.dzogame.vn,CÔNG TY TNHH CHÂU Á MỀM,QUYẾT ĐỊNH PHÁT HÀNH TRÒ CHƠI ĐIỆN TỬ G1 TRÊN MẠNG,2019-07-30,Giấy phép (ABEI),1148/QĐ-BTTTT,valid,https://giayphep.abei.gov.vn/
ts.vtczone.vn,CÔNG TY CỔ PHẦN VTC DỊCH VỤ DI ĐỘNG,QUYẾT ĐỊNH PHÁT HÀNH TRÒ CHƠI ĐIỆN TỬ G1 TRÊN MẠNG,2026-05-14,Giấy phép (ABEI),241/QĐ-PTTH&TTĐT,valid,https://giayphep.abei.gov.vn/
ts3.kksoft.vn,CÔNG TY TNHH PHẦN MỀM KKSOFT ,QUYẾT ĐỊNH PHÁT HÀNH TRÒ CHƠI ĐIỆN TỬ G1 TRÊN MẠNG,2026-03-31,Giấy phép (ABEI),157/QĐ-PTTH&TTĐT,valid,https://giayphep.abei.gov.vn/
ts3d.1618play.vn,CÔNG TY TNHH 1618PLAY,QUYẾT ĐỊNH PHÁT HÀNH TRÒ CHƠI ĐIỆN TỬ G1 TRÊN MẠNG,2019-10-27,Giấy phép (ABEI),1776/QĐ-BTTTT,valid,https://giayphep.abei.gov.vn/
tsq.talktv.vn,CÔNG TY CỔ PHẦN VNG,QUYẾT ĐỊNH PHÁT HÀNH TRÒ CHƠI ĐIỆN TỬ G1 TRÊN MẠNG,2018-05-18,Giấy phép (ABEI),761/QĐ-BTTTT,invalid,https://giayphep.abei.gov.vn/
tsqdigioi.gamota.com,CÔNG TY CỔ PHẦN GAMOTA ,QUYẾT ĐỊNH PHÁT HÀNH TRÒ CHƠI ĐIỆN TỬ G1 TRÊN MẠNG,2025-01-30,Giấy phép (ABEI),33/QĐ-PTTH&TTĐT,valid,https://giayphep.abei.gov.vn/
tstt.vtcgame.vn,CÔNG TY VTC CÔNG NGHỆ VÀ NỘI DUNG SỐ,QUYẾT ĐỊNH PHÁT HÀNH TRÒ CHƠI ĐIỆN TỬ G1 TRÊN MẠNG,2019-11-19,Giấy phép (ABEI),1967 /QĐ-BTTTT,invalid,https://giayphep.abei.gov.vn/
tsttmobile.vn,CÔNG TY TNHH SOHA,QUYẾT ĐỊNH PHÁT HÀNH TRÒ CHƠI ĐIỆN TỬ G1 TRÊN MẠNG,2018-11-19,Giấy phép (ABEI),1926/QĐ-BTTTT,invalid,https://giayphep.abei.gov.vn/
tsvh.mgol.vn,CÔNG TY TNHH PHẦN MỀM MGOL ,QUYẾT ĐỊNH PHÁT HÀNH TRÒ CHƠI ĐIỆN TỬ G1 TRÊN MẠNG,2026-07-03,Giấy phép (ABEI),386/QĐ-PTTH&TTĐT,valid,https://giayphep.abei.gov.vn/
tt.360game.vn,CÔNG TY CỔ PHẦN VNG,QUYẾT ĐỊNH PHÁT HÀNH TRÒ CHƠI ĐIỆN TỬ G1 TRÊN MẠNG,2016-04-29,Giấy phép (ABEI),684/QĐ-BTTTT,invalid,https://giayphep.abei.gov.vn/
ttbc-hcm.gov.vn,Trung tâm báo chí TPHCM,Website - Trang TTĐT tổng hợp,,Giấy phép (TVPL PDF),,valid,
ttd.zing.vn,CÔNG TY TNHH TRUYỀN THÔNG MINH PHƯƠNG THỊNH,QUYẾT ĐỊNH PHÁT HÀNH TRÒ CHƠI ĐIỆN TỬ G1 TRÊN MẠNG,2020-04-15,Giấy phép (ABEI),543/QĐ-BTTTT,valid,https://giayphep.abei.gov.vn/
ttdc.skw.vn,CÔNG TY CỔ PHẦN SKYWAY ,QUYẾT ĐỊNH PHÁT HÀNH TRÒ CHƠI ĐIỆN TỬ G1 TRÊN MẠNG,2026-02-13,Giấy phép (ABEI),99/QĐ-PTTH&TTĐT,valid,https://giayphep.abei.gov.vn/
ttdn.vn,Ban chỉ đạo công tác thông tin đối ngoại,Website - Trang TTĐT tổng hợp,,Giấy phép (TVPL PDF),,valid,
ttiq.goodgame.vn,CÔNG TY TNHH DROID VIỆT NAM,QUYẾT ĐỊNH PHÁT HÀNH TRÒ CHƠI ĐIỆN TỬ G1 TRÊN MẠNG,2023-09-20,Giấy phép (ABEI),1816/QĐ-BTTTT,valid,https://giayphep.abei.gov.vn/
ttk.360game.vn,CÔNG TY TNHH NỘI DUNG SỐ NGUYÊN BẢO,QUYẾT ĐỊNH PHÁT HÀNH TRÒ CHƠI ĐIỆN TỬ G1 TRÊN MẠNG,2017-08-30,Giấy phép (ABEI),1437/QĐ-BTTTT,valid,https://giayphep.abei.gov.vn/
ttk.vnggames.com,CÔNG TY TNHH TRUYỀN THÔNG MINH PHƯƠNG THỊNH,QUYẾT ĐỊNH PHÁT HÀNH TRÒ CHƠI ĐIỆN TỬ G1 TRÊN MẠNG,2024-12-23,Giấy phép (ABEI),2253 /QĐ-BTTTT,invalid,https://giayphep.abei.gov.vn/
ttkb.vn,CÔNG TY CỔ PHẦN CÔNG NGHỆ NEWWIND VIỆT NAM,"GIẤY XÁC NHẬN THÔNG BÁO PHÁT HÀNH TRÒ CHƠI ĐIỆN TỬ G2,G3,G4",2020-11-19,Giấy phép (ABEI),217/GXN-PTTH&TTĐT,valid,https://giayphep.abei.gov.vn/
ttl3d.zing.vn,CÔNG TY CỔ PHẦN VNG,QUYẾT ĐỊNH PHÁT HÀNH TRÒ CHƠI ĐIỆN TỬ G1 TRÊN MẠNG,2025-06-20,Giấy phép (ABEI),258 /QĐ-PTTH&TTĐT,valid,https://giayphep.abei.gov.vn/
ttlc.mgol.vn,CÔNG TY TNHH PHẦN MỀM MGOL,QUYẾT ĐỊNH PHÁT HÀNH TRÒ CHƠI ĐIỆN TỬ G1 TRÊN MẠNG,2025-02-25,Giấy phép (ABEI),59/QĐ-PTTH&TTĐT,valid,https://giayphep.abei.gov.vn/
ttlm.zing.vn,CÔNG TY CỔ PHẦN VNG,QUYẾT ĐỊNH PHÁT HÀNH TRÒ CHƠI ĐIỆN TỬ G1 TRÊN MẠNG,2025-06-20,Giấy phép (ABEI),258/QĐ-PTTH&TTĐT,invalid,https://giayphep.abei.gov.vn/
ttn.zing.vn,CÔNG TY CỔ PHẦN TẬP ĐOÀN VNG,QUYẾT ĐỊNH PHÁT HÀNH TRÒ CHƠI ĐIỆN TỬ G1 TRÊN MẠNG,2020-06-26,Giấy phép (ABEI),1067 QĐ-BTTTT,valid,https://giayphep.abei.gov.vn/
ttol.com.vn,Công ty Cổ phần Truyền thông Vietnamnet,Website - Trang TTĐT tổng hợp,,Giấy phép (TVPL PDF),,valid,
ttpl.vn,CÔNG TY TNHH LEGALZONE,GIẤY PHÉP CUNG CẤP DỊCH VỤ MẠNG XÃ HỘI,2022-11-07,Giấy phép (ABEI),528/GP-BTTTT,valid,https://giayphep.abei.gov.vn/
ttqc.thienthuonghoa.com,CÔNG TY CỔ PHẦN GIẢI TRÍ THIÊN THƯỢNG HỎA,QUYẾT ĐỊNH PHÁT HÀNH TRÒ CHƠI ĐIỆN TỬ G1 TRÊN MẠNG,2021-08-30,Giấy phép (ABEI),1323/QĐ-BTTTT,valid,https://giayphep.abei.gov.vn/
tts.2game.vn,CÔNG TY CỔ PHẦN WETAPS,QUYẾT ĐỊNH PHÁT HÀNH TRÒ CHƠI ĐIỆN TỬ G1 TRÊN MẠNG,2020-09-18,Giấy phép (ABEI),1594/QĐ-BTTTT,valid,https://giayphep.abei.gov.vn/
ttstv.vn,Công ty Cổ phần truyền hình trực tuyến truyền thông Trường Thành Sơn,Website - Trang TTĐT tổng hợp,,Giấy phép (TVPL PDF),,valid,
ttt.danang.gov.vn,SỞ THÔNG TIN VÀ TRUYỀN THÔNG THÀNH PHỐ ĐÀ NẴNG,GIẤY PHÉP THIẾT LẬP TRANG THÔNG TIN ĐIỆN TỬ TỔNG HỢP,2017-01-17,Giấy phép (ABEI),37/GP-BTTTT,valid,https://giayphep.abei.gov.vn/
tttq360game.vn,CÔNG TY TNHH NỘI DUNG SỐ NGUYÊN BẢO,QUYẾT ĐỊNH PHÁT HÀNH TRÒ CHƠI ĐIỆN TỬ G1 TRÊN MẠNG,2016-06-14,Giấy phép (ABEI),1030/QĐ-BTTTT,valid,https://giayphep.abei.gov.vn/
tttt.danang.gov.vn,Sở Thông tin và Truyền thông thành phố Đà Nẵng,Website - Trang TTĐT tổng hợp,,Giấy phép (TVPL PDF),,valid,
tttt.mocgame.vn,CÔNG TY CỔ PHẦN TRÒ CHƠI MỘC,QUYẾT ĐỊNH PHÁT HÀNH TRÒ CHƠI ĐIỆN TỬ G1 TRÊN MẠNG,2021-04-29,Giấy phép (ABEI),570/QĐ-BTTTT,invalid,https://giayphep.abei.gov.vn/
tttt.ninhbinh.gov.vn,SỞ THÔNG TIN VÀ TRUYỀN THÔNG NINH BÌNH,GIẤY PHÉP THIẾT LẬP TRANG THÔNG TIN ĐIỆN TỬ TỔNG HỢP,2021-12-16,Giấy phép (ABEI),197/GP-TTĐT,valid,https://giayphep.abei.gov.vn/
ttttninhbinh.gov.vn,SỞ THÔNG TIN VÀ TRUYỀN THÔNG NINH BÌNH,GIẤY PHÉP THIẾT LẬP TRANG THÔNG TIN ĐIỆN TỬ TỔNG HỢP,2015-09-11,Giấy phép (ABEI),135/GP-TTĐT,invalid,https://giayphep.abei.gov.vn/
ttv11.com.vn,Đài Phát thanh và Truyền hình Tây Ninh,Website - Trang TTĐT tổng hợp,,Giấy phép (TVPL PDF),,valid,
ttv11.vn,Đài Phát thanh và Truyền hình Tây Ninh,Website - Trang TTĐT tổng hợp,,Giấy phép (TVPL PDF),,valid,
ttviet.vn,Công ty TNHH Đầu tư và Thương mại Vĩnh Hưng,Website - Trang TTĐT tổng hợp,,Giấy phép (TVPL PDF),,valid,
ttvn.toquoc.vn,Báo điện tử Tổ Quốc,"Website - Báo, tạp chí điện tử",,Giấy phép (TVPL PDF),,valid,
ttvnol.com,Công ty Cổ phần Vccorp,Website - Trang mạng xã hội,,Giấy phép (TVPL PDF),,valid,
ttvnol.vn,Công ty Cổ phần Vccorp,Website - Trang mạng xã hội,,Giấy phép (TVPL PDF),,valid,
ttvv.vtcgame.vn,CÔNG TY VTC CÔNG NGHỆ VÀ NỘI DUNG SỐ,"GIẤY XÁC NHẬN THÔNG BÁO PHÁT HÀNH TRÒ CHƠI ĐIỆN TỬ G2,G3,G4",2023-03-31,Giấy phép (ABEI),42/GXN-PTTH&TTĐT,valid,https://giayphep.abei.gov.vn/
tuanvietnam.vietnamnet.vn,Báo VietNamNet,"Website - Báo, tạp chí điện tử",,Giấy phép (TVPL PDF),,valid,
tudioh9.hencuoituan,Đài Truyền hình Thành phố Hồ Chí Minh,MXH - Đài Phát thanh Truyền hình,,Giấy phép (TVPL PDF),,valid,
tudonghoangaynay.vn,Tạp chí Tự động hóa ngày nay,"Website - Báo, tạp chí điện tử",,Giấy phép (TVPL PDF),,valid,
tuhaoviet.vn,CỤC THƯƠNG MẠI ĐIỆN TỬ VÀ CÔNG NGHỆ THÔNG TIN,GIẤY PHÉP THIẾT LẬP TRANG THÔNG TIN ĐIỆN TỬ TỔNG HỢP,2015-06-11,Giấy phép (ABEI),66/GP-TTĐT,invalid,https://giayphep.abei.gov.vn/
tuhoang.vn,CÔNG TY TNHH SOHA,QUYẾT ĐỊNH PHÁT HÀNH TRÒ CHƠI ĐIỆN TỬ G1 TRÊN MẠNG,2020-08-18,Giấy phép (ABEI),1409 /QĐ-BTTTT,valid,https://giayphep.abei.gov.vn/
tuhoanglangcat.vn,CÔNG TY CỔ PHẦN FUNTAP,QUYẾT ĐỊNH PHÁT HÀNH TRÒ CHƠI ĐIỆN TỬ G1 TRÊN MẠNG,2020-05-08,Giấy phép (ABEI),786/QĐ-BTTTT,valid,https://giayphep.abei.gov.vn/
tuihat.vn,,Website - Trang mạng xã hội,,Giấy phép (TVPL PDF),,valid,
tuimuaban.vn,CÔNG TY TNHH TUI MUA BÁN,GIẤY PHÉP CUNG CẤP DỊCH VỤ MẠNG XÃ HỘI,2022-01-25,Giấy phép (ABEI),58/GP-BTTTT,valid,https://giayphep.abei.gov.vn/
tule.vn,CÔNG TY CỔ PHẦN VTC DỊCH VỤ DI ĐỘNG,QUYẾT ĐỊNH PHÁT HÀNH TRÒ CHƠI ĐIỆN TỬ G1 TRÊN MẠNG,2017-04-05,Giấy phép (ABEI),491/QĐ-BTTTT,invalid,https://giayphep.abei.gov.vn/
tune.vn,CÔNG TY CỔ PHẦN CÔNG NGHỆ TECHLAB,GIẤY PHÉP CUNG CẤP DỊCH VỤ MẠNG XÃ HỘI,2020-11-13,Giấy phép (ABEI),517/GP-BTTTT,valid,https://giayphep.abei.gov.vn/
tunghiaviminh.vn,CÔNG TY TNHH CÔNG NGHỆ AIOGAME ,QUYẾT ĐỊNH PHÁT HÀNH TRÒ CHƠI ĐIỆN TỬ G1 TRÊN MẠNG,2026-04-03,Giấy phép (ABEI),174/QĐ-PTTH&TTĐT,invalid,https://giayphep.abei.gov.vn/
tuoitresamco.vn,Đoàn Thanh niên Cộng sản Hồ Chí Minh Tổng Công y Cơ khí Giao thông vận tải Sài Gòn TNHH MTV,Website - Trang TTĐT tổng hợp,,Giấy phép (TVPL PDF),,valid,
tuoitrethudo.com.vn,Báo Tuổi trẻ thủ đô (Báo điện tử Tuổi trẻ thủ đô),"Website - Báo, tạp chí điện tử",,Giấy phép (TVPL PDF),,valid,
tuoitrethudo.vn,BÁO TUỔI TRẺ THỦ ĐÔ,GIẤY PHÉP THIẾT LẬP TRANG THÔNG TIN ĐIỆN TỬ TỔNG HỢP,2013-12-23,Giấy phép (ABEI),147/GP-TTĐT,invalid,https://giayphep.abei.gov.vn/
tuoitreviet.net.vn,Công ty TNHH Thương mại- Truyền thông Sao Hỏa,Website - Trang TTĐT tổng hợp,,Giấy phép (TVPL PDF),,valid,
tuoitrexahoi.vn,Công ty TNHH Đầu tư GOOD MEDIA,Website - Trang TTĐT tổng hợp,,Giấy phép (TVPL PDF),,valid,
tuongky.vn,CÔNG TY CỔ PHẦN CÔNG NGHỆ GTV VIỆT NAM,QUYẾT ĐỊNH PHÁT HÀNH TRÒ CHƠI ĐIỆN TỬ G1 TRÊN MẠNG,2019-11-12,Giấy phép (ABEI),1911/QĐ-BTTTT,valid,https://giayphep.abei.gov.vn/
tuongquandungbuoc.vn,CÔNG TY TNHH SOHA,QUYẾT ĐỊNH PHÁT HÀNH TRÒ CHƠI ĐIỆN TỬ G1 TRÊN MẠNG,2024-03-19,Giấy phép (ABEI),341/QĐ-BTTTT,valid,https://giayphep.abei.gov.vn/
tuss.vn,Công ty TNHH Văn hóa Truyền thông Tạ Uyên,Website - Trang TTĐT tổng hợp,,Giấy phép (TVPL PDF),,valid,
tutien.mocgame.vn,CÔNG TY CỔ PHẦN TRÒ CHƠI MỘC,QUYẾT ĐỊNH PHÁT HÀNH TRÒ CHƠI ĐIỆN TỬ G1 TRÊN MẠNG,2024-05-14,Giấy phép (ABEI),783/QĐ-BTTTT,invalid,https://giayphep.abei.gov.vn/
tutien.oeggames.vn,CÔNG TY CỔ PHẦN TẬP ĐOÀN GIẢI TRÍ ĐẠI DƯƠNG,QUYẾT ĐỊNH PHÁT HÀNH TRÒ CHƠI ĐIỆN TỬ G1 TRÊN MẠNG,2025-07-18,Giấy phép (ABEI),331/QĐ-PTTH&TTĐT,invalid,https://giayphep.abei.gov.vn/
tutien.phoenix.com,CÔNG TY TNHH DỊCH VỤ GIẢI TRÍ PHƯỢNG HOÀNG,QUYẾT ĐỊNH PHÁT HÀNH TRÒ CHƠI ĐIỆN TỬ G1 TRÊN MẠNG,2020-11-02,Giấy phép (ABEI),1859/QĐ-BTTTT,invalid,https://giayphep.abei.gov.vn/
tutienchilo.oeg.vn,CÔNG TY CỔ PHẦN TẬP ĐOÀN GIẢI TRÍ ĐẠI DƯƠNG,QUYẾT ĐỊNH PHÁT HÀNH TRÒ CHƠI ĐIỆN TỬ G1 TRÊN MẠNG,2026-05-14,Giấy phép (ABEI),245/QĐ-PTTH&TTĐT,valid,https://giayphep.abei.gov.vn/
tutiendi.vplay.vn,CÔNG TY CỔ PHẦN TRUYỀN HÌNH TƯƠNG TÁC VIỆT NAM,QUYẾT ĐỊNH PHÁT HÀNH TRÒ CHƠI ĐIỆN TỬ G1 TRÊN MẠNG,2024-12-03,Giấy phép (ABEI),2108/QĐ-BTTTT,invalid,https://giayphep.abei.gov.vn/
tutiengiohanhchinh.playfun.vn,CÔNG TY CỔ PHẦN FUNTAP,QUYẾT ĐỊNH PHÁT HÀNH TRÒ CHƠI ĐIỆN TỬ G1 TRÊN MẠNG,2024-10-28,Giấy phép (ABEI),1807/QĐ-BTTTT,invalid,https://giayphep.abei.gov.vn/
tutienkiem.nopegame.vn,CÔNG TY CỔ PHẦN NOPE GAME,QUYẾT ĐỊNH PHÁT HÀNH TRÒ CHƠI ĐIỆN TỬ G1 TRÊN MẠNG,2019-02-25,Giấy phép (ABEI),202 /QĐ-BTTTT,valid,https://giayphep.abei.gov.vn/
tuviviet.com.vn,Công ty TNHH Giải trí và Truyền thông Online Việt Nam,Website - Trang TTĐT tổng hợp,,Giấy phép (TVPL PDF),,valid,
tuyengiao.vn,Tạp chí Tuyên giáo,"Website - Báo, tạp chí điện tử",,Giấy phép (TVPL PDF),,valid,
tuyengiaothaibinh.vn,BAN TUYÊN GIÁO TỈNH ỦY THÁI BÌNH,GIẤY PHÉP THIẾT LẬP TRANG THÔNG TIN ĐIỆN TỬ TỔNG HỢP,2013-08-29,Giấy phép (ABEI),126/GP-TTĐT,invalid,https://giayphep.abei.gov.vn/
tuyenquang.dfa.vn,SỞ NGOẠI VỤ TỈNH TUYÊN QUANG,GIẤY PHÉP THIẾT LẬP TRANG THÔNG TIN ĐIỆN TỬ TỔNG HỢP,2013-01-25,Giấy phép (ABEI),08/GP-TTĐT,invalid,https://giayphep.abei.gov.vn/
tuyenquang.gov.vn,Sở Thông tin và Truyền thông Tuyên Quang,Website - Trang TTĐT tổng hợp,,Giấy phép (TVPL PDF),,valid,
tuyenquanggov.vn,SỞ THÔNG TIN VÀ TRUYỀN THÔNG TUYÊN QUANG,GIẤY PHÉP THIẾT LẬP TRANG THÔNG TIN ĐIỆN TỬ TỔNG HỢP,2019-10-23,Giấy phép (ABEI),202/GP-TTĐT,valid,https://giayphep.abei.gov.vn/
tuyensinh247.com,Công ty Cổ phần Công nghệ Giáo dục Thành Phát,Website - Trang mạng xã hội,,Giấy phép (TVPL PDF),,valid,
tuyensinh247.vn,Công ty Cổ phần truyền thông tổng hợp Việt Nam,Website - Trang TTĐT tổng hợp,,Giấy phép (TVPL PDF),,valid,
tuyensinh24h.vn,CÔNG TY CỔ PHẦN GIÁO DỤC TÍCH HỢP TOÀN CẦU,GIẤY PHÉP CUNG CẤP DỊCH VỤ MẠNG XÃ HỘI,2021-08-17,Giấy phép (ABEI),524/GP-BTTTT,valid,https://giayphep.abei.gov.vn/
tuyentienliet.com.vn,Công ty TNHH Namlink,Website - Trang mạng xã hội,,Giấy phép (TVPL PDF),,valid,
tuyetdaikiemvuong.vn,CÔNG TY CỔ PHẦN DỊCH VỤ TRỰC TUYẾN MIGA,QUYẾT ĐỊNH PHÁT HÀNH TRÒ CHƠI ĐIỆN TỬ G1 TRÊN MẠNG,2024-05-13,Giấy phép (ABEI),765/QĐ-BTTTT,valid,https://giayphep.abei.gov.vn/
tuyetdinhchiengioi.vplay.vn,CÔNG TY CỔ PHẦN TRUYỀN HÌNH TƯƠNG TÁC VIỆT NAM,QUYẾT ĐỊNH PHÁT HÀNH TRÒ CHƠI ĐIỆN TỬ G1 TRÊN MẠNG,2026-07-17,Giấy phép (ABEI),426/QĐ-PTTH&TTĐT,valid,https://giayphep.abei.gov.vn/
tuyetdinhtamquoc.vn,CÔNG TY CỔ PHẦN FUNTAP,QUYẾT ĐỊNH PHÁT HÀNH TRÒ CHƠI ĐIỆN TỬ G1 TRÊN MẠNG,2020-03-19,Giấy phép (ABEI),376/QĐ-BTTTT,valid,https://giayphep.abei.gov.vn/
tuyethoc.vgplay.vn,CÔNG TY CỔ PHẦN VGP,QUYẾT ĐỊNH PHÁT HÀNH TRÒ CHƠI ĐIỆN TỬ G1 TRÊN MẠNG,2019-01-08,Giấy phép (ABEI),31/QĐ-BTTTT,valid,https://giayphep.abei.gov.vn/
tuyetkiem.vn,CÔNG TY TNHH SOHA,QUYẾT ĐỊNH PHÁT HÀNH TRÒ CHƠI ĐIỆN TỬ G1 TRÊN MẠNG,2021-04-23,Giấy phép (ABEI),531/QĐ-BTTTT,invalid,https://giayphep.abei.gov.vn/
tuyetthe.vn,CÔNG TY TNHH SOHA,QUYẾT ĐỊNH PHÁT HÀNH TRÒ CHƠI ĐIỆN TỬ G1 TRÊN MẠNG,2021-10-08,Giấy phép (ABEI),1534/QĐ-BTTTT,valid,https://giayphep.abei.gov.vn/
tuyetthechienhon.playfun.vn,CÔNG TY CỔ PHẦN FUNTAP,QUYẾT ĐỊNH PHÁT HÀNH TRÒ CHƠI ĐIỆN TỬ G1 TRÊN MẠNG,2021-01-21,Giấy phép (ABEI),101 /QĐ-BTTTT,valid,https://giayphep.abei.gov.vn/
tuyetthecuuthien.vn,CÔNG TY CỔ PHẦN TRỰC TUYẾN DUO,QUYẾT ĐỊNH PHÁT HÀNH TRÒ CHƠI ĐIỆN TỬ G1 TRÊN MẠNG,2023-05-11,Giấy phép (ABEI),802/QĐ-BTTTT,invalid,https://giayphep.abei.gov.vn/
tuyetthekiemvuong.vn,CÔNG TY TNHH CÔNG NGHỆ GIẢI TRÍ CHÂU Á,QUYẾT ĐỊNH PHÁT HÀNH TRÒ CHƠI ĐIỆN TỬ G1 TRÊN MẠNG,2022-06-02,Giấy phép (ABEI),1017/QĐ-BTTTT,valid,https://giayphep.abei.gov.vn/
tuyetthetramyeu.vn,CÔNG TY CỔ PHẦN VTC DỊCH VỤ DI DỘNG,QUYẾT ĐỊNH PHÁT HÀNH TRÒ CHƠI ĐIỆN TỬ G1 TRÊN MẠNG,2024-05-24,Giấy phép (ABEI),851/QĐ-BTTTT,invalid,https://giayphep.abei.gov.vn/
tuyetthevolam.vn,CÔNG TY CỔ PHẦN FUNTAP,QUYẾT ĐỊNH PHÁT HÀNH TRÒ CHƠI ĐIỆN TỬ G1 TRÊN MẠNG,2019-09-26,Giấy phép (ABEI),1572/QĐ-BTTTT,invalid,https://giayphep.abei.gov.vn/
tuyetung.zing.vn,CÔNG TY CỔ PHẦN TẬP ĐOÀN VNG,QUYẾT ĐỊNH PHÁT HÀNH TRÒ CHƠI ĐIỆN TỬ G1 TRÊN MẠNG,2020-11-12,Giấy phép (ABEI),1950 /QĐ-BTTTT,valid,https://giayphep.abei.gov.vn/
tuyetunglinhchu.vn,CÔNG TY TNHH SOHA,QUYẾT ĐỊNH PHÁT HÀNH TRÒ CHƠI ĐIỆN TỬ G1 TRÊN MẠNG,2024-11-19,Giấy phép (ABEI),2005/QĐ-BTTTT,valid,https://giayphep.abei.gov.vn/
tv.amnhac,Đài Truyền hình Thành phố Hồ Chí Minh,MXH - Đài Phát thanh Truyền hình,,Giấy phép (TVPL PDF),,valid,
tv.congluan.vn,Báo Nhà báo và Công luận,"Website - Báo, tạp chí điện tử",,Giấy phép (TVPL PDF),,valid,
tv.danviet.vn,Báo Nông thôn ngày nay,"Website - Báo, tạp chí điện tử",,Giấy phép (TVPL PDF),,valid,
tv.hcm,Đài Truyền hình Thành phố Hồ Chí Minh,MXH - Đài Phát thanh Truyền hình,,Giấy phép (TVPL PDF),,valid,
tv.life,Công ty TNHH Truyền thông Việt Hoàng,"MXH - Cá nhân, tổ chức",,Giấy phép (TVPL PDF),,valid,
tv.star,Công ty TNHH Truyền thông Việt Hoàng,"MXH - Cá nhân, tổ chức",,Giấy phép (TVPL PDF),,valid,
tv.zing.vn,CÔNG TY CỔ PHẦN VNG,Website - Trang mạng xã hội,,Giấy phép (TVPL PDF),,valid,
tv247.vn,Công ty Cổ phần Truyền thông đa phương tiện Thủ đô,Website - Trang TTĐT tổng hợp,,Giấy phép (TVPL PDF),,valid,
tv7.tv,Đài Truyền hình Việt Nam,MXH - Đài Phát thanh Truyền hình,,Giấy phép (TVPL PDF),,valid,
tvc.360game.vn,CÔNG TY TNHH TRUYỀN THÔNG MINH PHƯƠNG THỊNH,QUYẾT ĐỊNH PHÁT HÀNH TRÒ CHƠI ĐIỆN TỬ G1 TRÊN MẠNG,2017-02-16,Giấy phép (ABEI),157/QĐ-BTTTT,valid,https://giayphep.abei.gov.vn/
tvcab.tintuc,Tổng công ty truyền hình Cáp Việt Nam,MXH - Đài Phát thanh Truyền hình,,Giấy phép (TVPL PDF),,valid,
tvcab.truong.hoc.4.0.one,Tổng công ty truyền hình Cáp Việt Nam,MXH - Đài Phát thanh Truyền hình,,Giấy phép (TVPL PDF),,valid,
tvhay.com.vn,Tổng Công ty Truyền thông,Website - Trang mạng xã hội,,Giấy phép (TVPL PDF),,valid,
tvhay.vn,Tổng Công ty Truyền thông,Website - Trang mạng xã hội,,Giấy phép (TVPL PDF),,valid,
www.tvhay.vn,TỔNG CÔNG TY TRUYỀN THÔNG (VNPT),GIẤY PHÉP CUNG CẤP DỊCH VỤ MẠNG XÃ HỘI,2017-05-04,Giấy phép (ABEI),185/GP-BTTTT,valid,https://giayphep.abei.gov.vn/
tvhdanang.gov.vn,TRUNG TÂM VĂN HÓA THÀNH PHỐ ĐÀ NẴNG,GIẤY PHÉP THIẾT LẬP TRANG THÔNG TIN ĐIỆN TỬ TỔNG HỢP,2013-08-16,Giấy phép (ABEI),112/GP-TTĐT,invalid,https://giayphep.abei.gov.vn/
tvnn.vn,TRUNG TÂM TƯ VẤN VÀ HỖ TRỢ NÔNG NGHIỆP,Website - Trang TTĐT tổng hợp,,Giấy phép (TVPL PDF),,valid,
tvo24h.vn,Công ty TNHH MTV Quốc tế Kim Hải,Website - Trang TTĐT tổng hợp,,Giấy phép (TVPL PDF),,valid,
tvplay.vn,Công ty Cổ phần Dịch vụ Truyền thông Vietnamnet Icom,Website - Trang mạng xã hội,,Giấy phép (TVPL PDF),,valid,
tvtq.slg.vn,CÔNG TY CỔ PHẦN DỊCH VỤ TRỰC TUYẾN VĨNH XUÂN,QUYẾT ĐỊNH PHÁT HÀNH TRÒ CHƠI ĐIỆN TỬ G1 TRÊN MẠNG,2020-03-19,Giấy phép (ABEI),386/QĐ-BTTTT,valid,https://giayphep.abei.gov.vn/
tvu.edu.vn,TRƯỜNG ĐẠI HỌC TRÀ VINH,GIẤY PHÉP THIẾT LẬP TRANG THÔNG TIN ĐIỆN TỬ TỔNG HỢP,2013-04-05,Giấy phép (ABEI),35/GP-TTĐT,invalid,https://giayphep.abei.gov.vn/
twd.hhgame.vn,CÔNG TY CỔ PHẦN PHÁT TRIỂN CÔNG NGHỆ SỐ HỒNG HÀ,QUYẾT ĐỊNH PHÁT HÀNH TRÒ CHƠI ĐIỆN TỬ G1 TRÊN MẠNG,2023-04-26,Giấy phép (ABEI),719/QĐ-BTTTT,valid,https://giayphep.abei.gov.vn/
twitter.com,Đài Tiếng nói Việt Nam,MXH - Đài Phát thanh Truyền hình,,Giấy phép (TVPL PDF),,valid,
tygiavang.vn,Công ty Cổ phần VinaTAB,Website - Trang TTĐT tổng hợp,,Giấy phép (TVPL PDF),,valid,
typhu.360play.vn,CÔNG TY CỔ PHẦN VNG,QUYẾT ĐỊNH PHÁT HÀNH TRÒ CHƠI ĐIỆN TỬ G1 TRÊN MẠNG,2017-03-30,Giấy phép (ABEI),453/QĐ-BTTTT,invalid,https://giayphep.abei.gov.vn/
typhuviet.vn,CÔNG TY CỔ PHẦN TRUYỀN THÔNG VÀ ĐẦU TƯ TỶ PHÚ VIỆT,GIẤY PHÉP CUNG CẤP DỊCH VỤ MẠNG XÃ HỘI,2020-04-07,Giấy phép (ABEI),148/GP-BTTTT,valid,https://giayphep.abei.gov.vn/
tytd.playfun.vn,CÔNG TY CỔ PHẦN PHÁT TRIỂN CÔNG NGHỆ SỐ HỒNG HÀ,QUYẾT ĐỊNH PHÁT HÀNH TRÒ CHƠI ĐIỆN TỬ G1 TRÊN MẠNG,2024-02-05,Giấy phép (ABEI),134/QĐ-BTTTT,valid,https://giayphep.abei.gov.vn/
tytdlk.gamota.vn,CÔNG TY CỔ PHẦN GAMOTA,QUYẾT ĐỊNH PHÁT HÀNH TRÒ CHƠI ĐIỆN TỬ G1 TRÊN MẠNG,2023-12-31,Giấy phép (ABEI),2586/QĐ-BTTTT,valid,https://giayphep.abei.gov.vn/
uaemthuake.mtpicturesfil,Công ty cổ phần VieNETWORK,"MXH - Cá nhân, tổ chức",,Giấy phép (TVPL PDF),,valid,
ub.com.vn,CÔNG TY CỔ PHẦN TẬP ĐOÀN UB,GIẤY PHÉP CUNG CẤP DỊCH VỤ MẠNG XÃ HỘI,2023-10-23,Giấy phép (ABEI),392/GP-BTTTT,invalid,https://giayphep.abei.gov.vn/
ubdkcgvn.org.vn,Ủy ban Đoàn kết Công giáo Việt Nam,Website - Trang TTĐT tổng hợp,,Giấy phép (TVPL PDF),,valid,
ubdkegvn.org.vn,ỦY BAN ĐOÀN KẾT CÔNG GIÁO VIỆT NAM,GIẤY PHÉP THIẾT LẬP TRANG THÔNG TIN ĐIỆN TỬ TỔNG HỢP,2017-05-31,Giấy phép (ABEI),183/GP-TTĐT,valid,https://giayphep.abei.gov.vn/
ubdt.gov.vn,TRUNG TÂM THÔNG TIN - ỦY BAN DÂN TỘC,GIẤY PHÉP THIẾT LẬP TRANG THÔNG TIN ĐIỆN TỬ TỔNG HỢP,2013-05-02,Giấy phép (ABEI),58/GP-TTĐT,invalid,https://giayphep.abei.gov.vn/
cema.gov.vn,Văn phòng Ủy ban Dân tộc,Website - Trang TTĐT tổng hợp,,Giấy phép (TVPL PDF),,valid,
www.cema.gov.vn,VĂN PHÒNG ỦY BAN DÂN TỘC,GIẤY PHÉP THIẾT LẬP TRANG THÔNG TIN ĐIỆN TỬ TỔNG HỢP,2022-05-24,Giấy phép (ABEI),59/GP-TTĐT,valid,https://giayphep.abei.gov.vn/
ubkttw.vn,TẠP CHÍ KIỂM TRA,GIẤY PHÉP THIẾT LẬP TRANG THÔNG TIN ĐIỆN TỬ TỔNG HỢP,2016-06-30,Giấy phép (ABEI),78a/GP-TTĐT,invalid,https://giayphep.abei.gov.vn/
ubongro.official,Công ty Cổ Phần INVN Holdings,"MXH - Cá nhân, tổ chức",,Giấy phép (TVPL PDF),,valid,
ucg.com.vn,CÔNG TY TNHH UNICORN GAME,QUYẾT ĐỊNH PHÁT HÀNH TRÒ CHƠI ĐIỆN TỬ G1 TRÊN MẠNG,2024-10-18,Giấy phép (ABEI),1794/QĐ-BTTTT,valid,https://giayphep.abei.gov.vn/
www.ucg.vn,CÔNG TY TNHH UNICORN GAME,QUYẾT ĐỊNH PHÁT HÀNH TRÒ CHƠI ĐIỆN TỬ G1 TRÊN MẠNG,2022-05-27,Giấy phép (ABEI),972/QĐ-BTTTT,valid,https://giayphep.abei.gov.vn/
ucg.vn,CÔNG TY TNHH UNICORN GAME,QUYẾT ĐỊNH PHÁT HÀNH TRÒ CHƠI ĐIỆN TỬ G1 TRÊN MẠNG,2024-10-18,Giấy phép (ABEI),1794/QĐ-BTTTT,valid,https://giayphep.abei.gov.vn/
uda.com.vn,"Trung tâm thông tin, Hợp tác quốc tế và Tư vấn Phát triển đô thị",Website - Trang TTĐT tổng hợp,,Giấy phép (TVPL PDF),,valid,
udo.vn,Báo Phụ nữ thủ đô,"Website - Báo, tạp chí điện tử",,Giấy phép (TVPL PDF),,valid,
udoctor.vn,Công ty Cổ phần Internet Novaon,Website - Trang mạng xã hội,,Giấy phép (TVPL PDF),,valid,
ue.uiiii,CÔNG TY TNHH VZONE,"MXH - Cá nhân, tổ chức",,Giấy phép (TVPL PDF),,valid,
ufc.vtcgame.vn,CÔNG TY VTC CÔNG NGHỆ VÀ NỘI DUNG SỐ,QUYẾT ĐỊNH PHÁT HÀNH TRÒ CHƠI ĐIỆN TỬ G1 TRÊN MẠNG,2021-07-30,Giấy phép (ABEI),1121/QĐ-BTTTT,valid,https://giayphep.abei.gov.vn/
ugame.vn,CÔNG TY CỔ PHẦN CÔNG NGHỆ KỸ THUẬT VTECH,"GIẤY XÁC NHẬN THÔNG BÁO PHÁT HÀNH TRÒ CHƠI ĐIỆN TỬ G2,G3,G4",2019-12-12,Giấy phép (ABEI),239/GXN-PTTH&TTĐT,valid,https://giayphep.abei.gov.vn/
ulnews.vn,Công ty Cổ phần Yeah1 eDigital,"MXH - Cá nhân, tổ chức",,Giấy phép (TVPL PDF),,valid,
umbala.net.vn,Công ty TNHH Truyền thông Umbala,Website - Trang mạng xã hội,,Giấy phép (TVPL PDF),,valid,
umbala.tv,Công ty TNHH Truyền thông Umbala,Website - Trang mạng xã hội,,Giấy phép (TVPL PDF),,valid,
www.umbala.tv,CÔNG TY TNHH TRUYỀN THÔNG UMBALA,GIẤY PHÉP CUNG CẤP DỊCH VỤ MẠNG XÃ HỘI,2017-08-29,Giấy phép (ABEI),411/GP-BTTTT,valid,https://giayphep.abei.gov.vn/
unetedu.vn,Công ty Cổ phần giáo dục đào tạo và khoa học Unet,Website - Trang TTĐT tổng hợp,,Giấy phép (TVPL PDF),,valid,
unningmanvn.official,Công ty cổ phần VieNETWORK,"MXH - Cá nhân, tổ chức",,Giấy phép (TVPL PDF),,valid,
uoiviettinhca.nes,Công ty TNHH Vietnam Music Award,"MXH - Cá nhân, tổ chức",,Giấy phép (TVPL PDF),,valid,
ustudy.com.vn,CÔNG TY TNHH THƯƠNG MẠI CÔNG NGHỆ THANH BÌNH,GIẤY PHÉP CUNG CẤP DỊCH VỤ MẠNG XÃ HỘI,2019-09-19,Giấy phép (ABEI),390/GP-BTTTT,valid,https://giayphep.abei.gov.vn/
utrend.vn,CÔNG TY TNHH UTREND,GIẤY PHÉP CUNG CẤP DỊCH VỤ MẠNG XÃ HỘI,2021-05-13,Giấy phép (ABEI),278/GP-BTTTT,valid,https://giayphep.abei.gov.vn/
uxotuyenvu.vn,Công ty TNHH NamLink,Website - Trang mạng xã hội,,Giấy phép (TVPL PDF),,valid,
uyenhinh.brt,Đài Phát thanh và Truyền hình tỉnh Bà Rịa - Vũng Tàu,MXH - Đài Phát thanh Truyền hình,,Giấy phép (TVPL PDF),,valid,
uyenhinhhaiphong.vn,Đài Phát thanh và Truyền hình tỉnh Hải Phòng,MXH - Đài Phát thanh Truyền hình,,Giấy phép (TVPL PDF),,valid,
uytinthuonghieu.vn,Công ty Cổ phần Tuổi trẻ Sài Gòn,Website - Trang TTĐT tổng hợp,,Giấy phép (TVPL PDF),,valid,
uytintieudung.vn,Công ty TNHH Dịch vụ thông tin và phát triển nội dung DATASHARE,Website - Trang TTĐT tổng hợp,,Giấy phép (TVPL PDF),,valid,
v-care.vn,Công ty Cổ phần dịch vụ và truyền thông Công nghệ cao HTSG,Website - Trang TTĐT tổng hợp,,Giấy phép (TVPL PDF),,valid,
v-sky.vn,Công ty Cổ phần đầu tư và phát triển Hoa Vĩ,Website - Trang TTĐT tổng hợp,,Giấy phép (TVPL PDF),,valid,
v.nld.com.vn,Báo Người Lao Động,MXH - Cơ quan báo chí,,Giấy phép (TVPL PDF),,valid,
v.vn,Sở Thông tin và Truyền thông Lai Châu,Website - Trang TTĐT tổng hợp,,Giấy phép (TVPL PDF),,valid,
v1.vn,Đài Tiếng nói Việt Nam,MXH - Đài Phát thanh Truyền hình,,Giấy phép (TVPL PDF),,valid,
vacpa.org.vn,Hội Kiểm toán viên hành nghề Việt Nam (VACPA),Website - Trang TTĐT tổng hợp,,Giấy phép (TVPL PDF),,valid,
vainglory.gamota.com,CÔNG TY CỔ PHẦN GAMOTA,QUYẾT ĐỊNH PHÁT HÀNH TRÒ CHƠI ĐIỆN TỬ G1 TRÊN MẠNG,2018-05-16,Giấy phép (ABEI),735/QĐ-BTTTT,valid,https://giayphep.abei.gov.vn/
vala.vn,CÔNG TY CỔ PHẦN BKAV,GIẤY PHÉP CUNG CẤP DỊCH VỤ MẠNG XÃ HỘI,2019-11-19,Giấy phép (ABEI),504/GP-BTTTT,valid,https://giayphep.abei.gov.vn/
valorant.vngames.com,CÔNG TY CỔ PHẦN VNG,QUYẾT ĐỊNH PHÁT HÀNH TRÒ CHƠI ĐIỆN TỬ G1 TRÊN MẠNG,2021-04-27,Giấy phép (ABEI),65/GXN-PTTH&TTĐT,invalid,https://giayphep.abei.gov.vn/
valorant.vnggames.com,CÔNG TY CỔ PHẦN VNG,QUYẾT ĐỊNH PHÁT HÀNH TRÒ CHƠI ĐIỆN TỬ G1 TRÊN MẠNG,2025-06-20,Giấy phép (ABEI),262/QĐ-PTTH&TTĐT,valid,https://giayphep.abei.gov.vn/
valorant.zing.vn,CÔNG TY CỔ PHẦN TẬP ĐOÀN VNG,QUYẾT ĐỊNH PHÁT HÀNH TRÒ CHƠI ĐIỆN TỬ G1 TRÊN MẠNG,2026-03-02,Giấy phép (ABEI),106/QĐ-PTTH&TTĐT,valid,https://giayphep.abei.gov.vn/
vancolinhthu.gamota.com,CÔNG TY CỔ PHẦN GAMOTA,QUYẾT ĐỊNH PHÁT HÀNH TRÒ CHƠI ĐIỆN TỬ G1 TRÊN MẠNG,2021-08-09,Giấy phép (ABEI),1179/QĐ-BTTTT,valid,https://giayphep.abei.gov.vn/
vandinhtamquoc.sohagame.vn,CÔNG TY TNHH SOHA ,QUYẾT ĐỊNH PHÁT HÀNH TRÒ CHƠI ĐIỆN TỬ G1 TRÊN MẠNG,2026-02-10,Giấy phép (ABEI),67/QĐ-PTTH&TTĐT,valid,https://giayphep.abei.gov.vn/
vangioipk.vn,CÔNG TY TNHH SOHA,QUYẾT ĐỊNH PHÁT HÀNH TRÒ CHƠI ĐIỆN TỬ G1 TRÊN MẠNG,2024-01-03,Giấy phép (ABEI),06/QĐ-BTTTT,invalid,https://giayphep.abei.gov.vn/
vanhien.vn,Tạp chí Văn hiến Việt Nam,"Website - Báo, tạp chí điện tử",,Giấy phép (TVPL PDF),,valid,
vanhienplus.vn,TẠP CHÍ VĂN HIẾN VIỆT NAM,GIẤY PHÉP THIẾT LẬP TRANG THÔNG TIN ĐIỆN TỬ TỔNG HỢP,2022-05-25,Giấy phép (ABEI),62/GP-TTĐT,invalid,https://giayphep.abei.gov.vn/
vanhoadautu.vn,Công ty TNHH MTV Aparment Nguyên Anh,Website - Trang TTĐT tổng hợp,,Giấy phép (TVPL PDF),,valid,
vanhoadoanhnghiepvn.vn,TẠP CHÍ VĂN HÓA DOANH NGHIỆP VIỆT NAM,GIẤY PHÉP THIẾT LẬP TRANG THÔNG TIN ĐIỆN TỬ TỔNG HỢP,2022-10-07,Giấy phép (ABEI),131/GP-TTĐT,invalid,https://giayphep.abei.gov.vn/
vanhoadoanhnhan.net.vn,Công ty CP Trường Sơn Media,Website - Trang TTĐT tổng hợp,,Giấy phép (TVPL PDF),,valid,
vanhoaplus.com.vn,Công ty CP Truyền hình thực tế HDTV Việt Nam,Website - Trang TTĐT tổng hợp,,Giấy phép (TVPL PDF),,valid,
vanhoasuckhoecongdong.vn,VIỆN PHÁT TRIỂN VĂN HÓA CHĂM SÓC SỨC KHỎE CỘNG ĐỒNG,GIẤY PHÉP THIẾT LẬP TRANG THÔNG TIN ĐIỆN TỬ TỔNG HỢP,2023-03-21,Giấy phép (ABEI),54/GP-TTĐT,valid,https://giayphep.abei.gov.vn/
vanhoathongtin.com,Công ty TNHH Phát triển thông tin Việt Nam,Website - Trang TTĐT tổng hợp,,Giấy phép (TVPL PDF),,valid,
vanhoavadoisong.vn,VIỆN NGHIÊN CỨU VĂN HÓA VÀ PHÁT TRIỂN,GIẤY PHÉP CUNG CẤP DỊCH VỤ MẠNG XÃ HỘI,2020-01-15,Giấy phép (ABEI),17/GP-BTTTT,valid,https://giayphep.abei.gov.vn/
vanhoavaphattrien.vn,Tạp chí điện tử Văn hoá và Phát triển,"Website - Báo, tạp chí điện tử",,Giấy phép (TVPL PDF),,valid,
vanhocquenha.vn,Báo điện tử Tổ Quốc,"Website - Báo, tạp chí điện tử",,Giấy phép (TVPL PDF),,valid,
vanlychinhdo.gosu.vn,CÔNG TY CỔ PHẦN TRỰC TUYẾN GOSU ,QUYẾT ĐỊNH PHÁT HÀNH TRÒ CHƠI ĐIỆN TỬ G1 TRÊN MẠNG,2020-05-28,Giấy phép (ABEI),894 /QĐ-BTTTT,valid,https://giayphep.abei.gov.vn/
vanminhdothi.com,Công ty CP Safza Việt Nam,Website - Trang TTĐT tổng hợp,,Giấy phép (TVPL PDF),,valid,
vanminhdothi.com.vn,Công ty CP Safza Việt Nam,Website - Trang TTĐT tổng hợp,,Giấy phép (TVPL PDF),,valid,
vanminhdothi.net,Công ty CP Safza Việt Nam,Website - Trang TTĐT tổng hợp,,Giấy phép (TVPL PDF),,valid,
vanminhdothi.vn,Công ty CP Safza Việt Nam,Website - Trang TTĐT tổng hợp,,Giấy phép (TVPL PDF),,valid,
vanmong.playfun.vn,CÔNG TY CỔ PHẦN FUNTAP,QUYẾT ĐỊNH PHÁT HÀNH TRÒ CHƠI ĐIỆN TỬ G1 TRÊN MẠNG,2020-05-22,Giấy phép (ABEI),867 /QĐ-BTTTT,valid,https://giayphep.abei.gov.vn/
vannghequandoi.com.vn,Tạp chí Văn nghệ Quân đội,"Website - Báo, tạp chí điện tử",,Giấy phép (TVPL PDF),,valid,
vannghethainguyen.vn,BÁO VĂN NGHỆ THÁI NGUYÊN,GIẤY PHÉP THIẾT LẬP TRANG THÔNG TIN ĐIỆN TỬ TỔNG HỢP,2015-06-04,Giấy phép (ABEI),60/GP-TTĐT,invalid,https://giayphep.abei.gov.vn/
vannghetre.com.vn,Báo Văn nghệ,"Website - Báo, tạp chí điện tử",,Giấy phép (TVPL PDF),,valid,
vannghetre.vn,Báo Văn nghệ,"Website - Báo, tạp chí điện tử",,Giấy phép (TVPL PDF),,valid,
nhavantre.vn,Báo Văn nghệ,"Website - Báo, tạp chí điện tử",,Giấy phép (TVPL PDF),,valid,
vanninh.khanhhoa.gov.vn,ỦY BAN NHÂN DÂN HUYỆN VẠN NINH,GIẤY PHÉP THIẾT LẬP TRANG THÔNG TIN ĐIỆN TỬ TỔNG HỢP,2013-07-23,Giấy phép (ABEI),100/GP-TTĐT,invalid,https://giayphep.abei.gov.vn/
vansucattuong.com.vn,Công ty Cổ phần NetIT,Website - Trang TTĐT tổng hợp,,Giấy phép (TVPL PDF),,valid,
vansulanh.com.vn,Công ty Cổ phần Truyền thông đa phương tiện Minh Quang,Website - Trang TTĐT tổng hợp,,Giấy phép (TVPL PDF),,valid,
vantaioto.vn,TẠP CHÍ VẬN TẢI Ô TÔ,GIẤY PHÉP THIẾT LẬP TRANG THÔNG TIN ĐIỆN TỬ TỔNG HỢP,2019-08-08,Giấy phép (ABEI),141/GP-TTĐT,invalid,https://giayphep.abei.gov.vn/
vanthangnamde.vn,CÔNG TY CỔ PHẦN TRỰC TUYẾN GOSU,QUYẾT ĐỊNH PHÁT HÀNH TRÒ CHƠI ĐIỆN TỬ G1 TRÊN MẠNG,2026-04-16,Giấy phép (ABEI),197/QĐ-PTTH&TTĐT,valid,https://giayphep.abei.gov.vn/
vanthecothan.vgplay.vn,CÔNG TY CỔ PHẦN VGP,QUYẾT ĐỊNH PHÁT HÀNH TRÒ CHƠI ĐIỆN TỬ G1 TRÊN MẠNG,2025-04-08,Giấy phép (ABEI),105/QĐ-PTTH&TTĐT,invalid,https://giayphep.abei.gov.vn/
vantientran.vn,CÔNG TY CỔ PHẦN TRỰC TUYẾN CMN VIỆT NAM,QUYẾT ĐỊNH PHÁT HÀNH TRÒ CHƠI ĐIỆN TỬ G1 TRÊN MẠNG,2022-09-29,Giấy phép (ABEI),1803/QĐ-BTTTT,valid,https://giayphep.abei.gov.vn/
vantuong.123game.vn,CÔNG TY CỔ PHẦN DỊCH VỤ MỘT THẾ GIỚI,QUYẾT ĐỊNH PHÁT HÀNH TRÒ CHƠI ĐIỆN TỬ G1 TRÊN MẠNG,2016-11-24,Giấy phép (ABEI),2079/QĐ-BTTTT,invalid,https://giayphep.abei.gov.vn/
vanvn.net,HỘI NHÀ VĂN VIỆT NAM,GIẤY PHÉP THIẾT LẬP TRANG THÔNG TIN ĐIỆN TỬ TỔNG HỢP,2017-01-10,Giấy phép (ABEI),16/GP-TTĐT,invalid,https://giayphep.abei.gov.vn/
www.hoinhavanvietnam.vn,HỘI NHÀ VĂN VIỆT NAM,GIẤY PHÉP THIẾT LẬP TRANG THÔNG TIN ĐIỆN TỬ TỔNG HỢP,2017-01-10,Giấy phép (ABEI),16/GP-TTĐT,invalid,https://giayphep.abei.gov.vn/
www.hoinhavanvietnam.com.vn,HỘI NHÀ VĂN VIỆT NAM,GIẤY PHÉP THIẾT LẬP TRANG THÔNG TIN ĐIỆN TỬ TỔNG HỢP,2017-01-10,Giấy phép (ABEI),16/GP-TTĐT,invalid,https://giayphep.abei.gov.vn/
vanyeuluc.vn,CÔNG TY CỔ PHẦN VISION GAME,QUYẾT ĐỊNH PHÁT HÀNH TRÒ CHƠI ĐIỆN TỬ G1 TRÊN MẠNG,2023-04-14,Giấy phép (ABEI),643/QĐ-BTTTT,valid,https://giayphep.abei.gov.vn/
vapt.vn,TẬP ĐOÀN BƯU CHÍNH VIỄN THÔNG VIỆT NAM,GIẤY PHÉP THIẾT LẬP TRANG THÔNG TIN ĐIỆN TỬ TỔNG HỢP,2019-04-09,Giấy phép (ABEI),62/GP-TTĐT,valid,https://giayphep.abei.gov.vn/
www.vnpt.com.vn,TẬP ĐOÀN BƯU CHÍNH VIỄN THÔNG VIỆT NAM,GIẤY PHÉP THIẾT LẬP TRANG THÔNG TIN ĐIỆN TỬ TỔNG HỢP,2019-04-09,Giấy phép (ABEI),62/GP-TTĐT,valid,https://giayphep.abei.gov.vn/
varsconnect.vn,CÔNG TY CỔ PHẦN CÔNG NGHỆ VARS VIỆT NAM,GIẤY PHÉP CUNG CẤP DỊCH VỤ MẠNG XÃ HỘI,2024-05-17,Giấy phép (ABEI),127/GP-BTTTT,valid,https://giayphep.abei.gov.vn/
vasep.com.vn,HIỆP HỘI CHẾ BIẾN VÀ XUẤT KHẨU THỦY SẢN VIỆT NAM,GIẤY PHÉP THIẾT LẬP TRANG THÔNG TIN ĐIỆN TỬ TỔNG HỢP,2013-10-01,Giấy phép (ABEI),138/GP-TTĐT,invalid,https://giayphep.abei.gov.vn/
vasi.gov.vn,TỔNG CỤC BIỂN VÀ HẢI ĐẢO VIỆT NAM,GIẤY PHÉP THIẾT LẬP TRANG THÔNG TIN ĐIỆN TỬ TỔNG HỢP,2019-11-15,Giấy phép (ABEI),223/GP-TTĐT,invalid,https://giayphep.abei.gov.vn/
vaspro.vn,Công ty Cổ phần Dịch vụ HT Việt Nam,Website - Trang TTĐT tổng hợp,,Giấy phép (TVPL PDF),,valid,
vattunongnghiep.com.vn,Công ty TNHH COMMEDIA,Website - Trang TTĐT tổng hợp,,Giấy phép (TVPL PDF),,valid,
vayham.hhgame.vn,CÔNG TY CỔ PHẦN PHÁT TRIỂN CÔNG NGHỆ SỐ HỒNG HÀ,QUYẾT ĐỊNH PHÁT HÀNH TRÒ CHƠI ĐIỆN TỬ G1 TRÊN MẠNG,2024-12-23,Giấy phép (ABEI),2251/QĐ-BTTTT,valid,https://giayphep.abei.gov.vn/
vbc.goodgame.vn,CÔNG TY TNHH DROID VIỆT NAM,QUYẾT ĐỊNH PHÁT HÀNH TRÒ CHƠI ĐIỆN TỬ G1 TRÊN MẠNG,2024-10-18,Giấy phép (ABEI),1786/QĐ-BTTTT,valid,https://giayphep.abei.gov.vn/
vbd.gamota.com,CÔNG TY CỔ PHẦN GAMOTA,QUYẾT ĐỊNH PHÁT HÀNH TRÒ CHƠI ĐIỆN TỬ G1 TRÊN MẠNG,2020-04-29,Giấy phép (ABEI),756/QĐ-BTTTT,valid,https://giayphep.abei.gov.vn/
vbd.hagogame.vn,CÔNG TY CỔ PHẦN JOMBOJOY TECHNOLOGY,QUYẾT ĐỊNH PHÁT HÀNH TRÒ CHƠI ĐIỆN TỬ G1 TRÊN MẠNG,2021-02-05,Giấy phép (ABEI),152/QĐ-BTTTT,valid,https://giayphep.abei.gov.vn/
vbhg.vtcgame.vn,CÔNG TY VTC CÔNG NGHỆ VÀ NỘI DUNG SỐ,"GIẤY XÁC NHẬN THÔNG BÁO PHÁT HÀNH TRÒ CHƠI ĐIỆN TỬ G2,G3,G4",2023-11-09,Giấy phép (ABEI),194/GXN-PTTH&TTĐT,valid,https://giayphep.abei.gov.vn/
vc.360game.vn,CÔNG TY CỔ PHẦN VNG,QUYẾT ĐỊNH PHÁT HÀNH TRÒ CHƠI ĐIỆN TỬ G1 TRÊN MẠNG,2016-12-26,Giấy phép (ABEI),2314/QĐ-BTTTT,invalid,https://giayphep.abei.gov.vn/
vca.org.vn,LIÊN MINH HỢP TÁC XÃ VIỆT NAM,GIẤY PHÉP THIẾT LẬP TRANG THÔNG TIN ĐIỆN TỬ TỔNG HỢP,2020-12-11,Giấy phép (ABEI),239/GP-TTĐT,invalid,https://giayphep.abei.gov.vn/
vcbs.com.vn,Công ty TNHH chứng khoán Ngân hàng Thương mại cổ phần ngoại thương Việt Nam,Website - Trang TTĐT tổng hợp,,Giấy phép (TVPL PDF),,valid,
vcci.com.vn,LIÊN ĐOÀN THƯƠNG MẠI VÀ CÔNG NGHIỆP VIỆT NAM,GIẤY PHÉP THIẾT LẬP TRANG THÔNG TIN ĐIỆN TỬ TỔNG HỢP,2023-10-27,Giấy phép (ABEI),190/GP-TTĐT,valid,https://giayphep.abei.gov.vn/
vccinews.vn,TẠP CHÍ VIETNAM BUSINESS FORUM,GIẤY PHÉP THIẾT LẬP TRANG THÔNG TIN ĐIỆN TỬ TỔNG HỢP,2017-08-04,Giấy phép (ABEI),258/GP-TTĐT,valid,https://giayphep.abei.gov.vn/
vchat.com.vn,CÔNG TY CỔ PHẦN TẬP ĐOÀN CÔNG NGHỆ VK,GIẤY PHÉP CUNG CẤP DỊCH VỤ MẠNG XÃ HỘI,2024-12-13,Giấy phép (ABEI),378/GP-BTTTT,valid,https://giayphep.abei.gov.vn/
vchixe.vn,CÔNG TY TNHH KHOA HỌC VÀ CÔNG NGHỆ ABOTA,GIẤY PHÉP CUNG CẤP DỊCH VỤ MẠNG XÃ HỘI,2021-01-25,Giấy phép (ABEI),54/GP-BTTTT,valid,https://giayphep.abei.gov.vn/
www.vehixe.com,CÔNG TY TNHH KHOA HỌC VÀ CÔNG NGHỆ ABOTA,GIẤY PHÉP CUNG CẤP DỊCH VỤ MẠNG XÃ HỘI,2021-01-25,Giấy phép (ABEI),54/GP-BTTTT,valid,https://giayphep.abei.gov.vn/
vclip.vn,Công ty Cổ phần Bạch Minh,Website - Trang mạng xã hội,,Giấy phép (TVPL PDF),,valid,
vcnet.vn,BÁO ĐIỆN TỬ ĐẢNG CỘNG SẢN VIỆT NAM,GIẤY PHÉP CUNG CẤP DỊCH VỤ MẠNG XÃ HỘI,2020-07-20,Giấy phép (ABEI),313/GP-BTTTT,valid,https://giayphep.abei.gov.vn/
vcolour.vn,Công ty Cổ phần Kỹ nghệ Truyền thông Hoàng Gia,Website - Trang TTĐT tổng hợp,,Giấy phép (TVPL PDF),,valid,
vdb.gov.vn,NGÂN HÀNG PHÁT TRIỂN VIỆT NAM,GIẤY PHÉP THIẾT LẬP TRANG THÔNG TIN ĐIỆN TỬ TỔNG HỢP,2020-04-24,Giấy phép (ABEI),49/GP-TTĐT,invalid,https://giayphep.abei.gov.vn/
vdcpay.vn,CÔNG TY CỔ PHẦN GMETA,QUYẾT ĐỊNH PHÁT HÀNH TRÒ CHƠI ĐIỆN TỬ G1 TRÊN MẠNG,2024-03-15,Giấy phép (ABEI),325/QĐ-BTTTT,invalid,https://giayphep.abei.gov.vn/
vdiarybook.vn,CÔNG TY CỔ PHẦN ĐẦU TƯ VZONE GLOBAL,GIẤY PHÉP CUNG CẤP DỊCH VỤ MẠNG XÃ HỘI,2021-08-30,Giấy phép (ABEI),556/GP-BTTTT,valid,https://giayphep.abei.gov.vn/
vdoc.com.vn,CÔNG TY TNHH TÀI LIỆU TRỰC TUYẾN VI NA,GIẤY PHÉP CUNG CẤP DỊCH VỤ MẠNG XÃ HỘI,2026-03-09,Giấy phép (ABEI),38/GP-BVHTTDL,valid,https://giayphep.abei.gov.vn/
vdtonline.vn,Công ty TNHH MTV Aparment Nguyên Anh,Website - Trang TTĐT tổng hợp,,Giấy phép (TVPL PDF),,valid,
vea.gov.vn,TỔNG CỤC MÔI TRƯỜNG,GIẤY PHÉP THIẾT LẬP TRANG THÔNG TIN ĐIỆN TỬ TỔNG HỢP,2015-10-26,Giấy phép (ABEI),153/GP-TTĐT,valid,https://giayphep.abei.gov.vn/
vecom.vn,HIỆP HỘI THƯƠNG MẠI ĐIỆN TỬ VIỆT NAM,GIẤY PHÉP THIẾT LẬP TRANG THÔNG TIN ĐIỆN TỬ TỔNG HỢP,2013-06-24,Giấy phép (ABEI),81/GP-TTĐT,invalid,https://giayphep.abei.gov.vn/
vedepcs.vn,CÔNG TY TNHH TRUYỀN THÔNG KINH TẾ - XÃ HỘI,GIẤY PHÉP CUNG CẤP DỊCH VỤ MẠNG XÃ HỘI,2022-01-25,Giấy phép (ABEI),57/GP-BTTTT,valid,https://giayphep.abei.gov.vn/
vedforum.org.vn,CÔNG TY CỔ PHẦN TRUYỀN THÔNG DAMORD,GIẤY PHÉP CUNG CẤP DỊCH VỤ MẠNG XÃ HỘI,2020-01-22,Giấy phép (ABEI),42/GP-BTTTT,valid,https://giayphep.abei.gov.vn/
vehixe.vn,Công ty TNHH Khoa học và Công nghệ Abota,Website - Trang mạng xã hội,,Giấy phép (TVPL PDF),,valid,
vehixe.com,Công ty TNHH Khoa học và Công nghệ Abota,Website - Trang mạng xã hội,,Giấy phép (TVPL PDF),,valid,
velalive.net.vn,Công ty TNHH Velalive,QUYẾT ĐỊNH PHÁT HÀNH TRÒ CHƠI ĐIỆN TỬ G1 TRÊN MẠNG,2026-06-25,Giấy phép (ABEI),372/QĐ-PTTH&TTĐT,valid,https://giayphep.abei.gov.vn/
velalive.vn,Công ty TNHH Velalive,QUYẾT ĐỊNH PHÁT HÀNH TRÒ CHƠI ĐIỆN TỬ G1 TRÊN MẠNG,2026-06-25,Giấy phép (ABEI),372/QĐ-PTTH&TTĐT,valid,https://giayphep.abei.gov.vn/
ven.vn,Báo Công Thương,"Website - Báo, tạp chí điện tử",,Giấy phép (TVPL PDF),,valid,
ven.org.vn,Báo Công Thương,"Website - Báo, tạp chí điện tử",,Giấy phép (TVPL PDF),,valid,
vennguyenkyuc.vn,CÔNG TY TNHH DỊCH VỤ BÁCH GIA ,QUYẾT ĐỊNH PHÁT HÀNH TRÒ CHƠI ĐIỆN TỬ G1 TRÊN MẠNG,2026-01-06,Giấy phép (ABEI),3/QĐ-PTTH&TTĐT,valid,https://giayphep.abei.gov.vn/
veph.com.vn,Công ty TNHH MTV Nhà xuất bản Giáo dục Việt Nam (Nhà xuất bản Giáo dục Việt Nam),Website - Trang TTĐT tổng hợp,,Giấy phép (TVPL PDF),,valid,
veq.vn,Công ty CP Nghiên Cứu và Đầu tư Việt Nam EQUITY (veq.com.vn),Website - Trang TTĐT tổng hợp,,Giấy phép (TVPL PDF),,valid,
vethan.vn,CÔNG TY TNHH SOHA,QUYẾT ĐỊNH PHÁT HÀNH TRÒ CHƠI ĐIỆN TỬ G1 TRÊN MẠNG,2020-03-09,Giấy phép (ABEI),308/QĐ-BTTTT,valid,https://giayphep.abei.gov.vn/
vethanarena.vn,CÔNG TY CỔ PHẦN TRỰC TUYỂN CMN VIỆT NAM,QUYẾT ĐỊNH PHÁT HÀNH TRÒ CHƠI ĐIỆN TỬ G1 TRÊN MẠNG,2022-05-10,Giấy phép (ABEI),903/QĐ-BTTTT,invalid,https://giayphep.abei.gov.vn/
vf.org.vn,LIÊN ĐOÀN BÓNG ĐÁ VIỆT NAM,GIẤY PHÉP THIẾT LẬP TRANG THÔNG TIN ĐIỆN TỬ TỔNG HỢP,2021-08-27,Giấy phép (ABEI),146/GP-TTĐT,valid,https://giayphep.abei.gov.vn/
vfa.gov.vn,CỤC AN TOÀN THỰC PHẨM,GIẤY PHÉP THIẾT LẬP TRANG THÔNG TIN ĐIỆN TỬ TỔNG HỢP,2019-08-22,Giấy phép (ABEI),161/GP-TTĐT,valid,https://giayphep.abei.gov.vn/
vff.org.vn,Liên đoàn Bóng đá Việt Nam,Website - Trang TTĐT tổng hợp,,Giấy phép (TVPL PDF),,valid,
vffi.vn,CÔNG TY CỔ PHẦN INVESTING VIỆT NAM,GIẤY PHÉP CUNG CẤP DỊCH VỤ MẠNG XÃ HỘI,2021-06-02,Giấy phép (ABEI),324/GP-BTTTT,valid,https://giayphep.abei.gov.vn/
vfilm.vn,Công ty Cổ phần Đầu tư và Phát triển Công nghệ Truyền thông Nam Việt,Website - Trang mạng xã hội,,Giấy phép (TVPL PDF),,valid,
vgame.vivas.vn,CÔNG TY TNHH CUNG CẤP GIẢI PHÁP DỊCH VỤ GIÁ TRỊ GIA TĂNG,"GIẤY XÁC NHẬN THÔNG BÁO PHÁT HÀNH TRÒ CHƠI ĐIỆN TỬ G2,G3,G4",2021-11-02,Giấy phép (ABEI),180/GXN-PTTH&TTĐT,valid,https://giayphep.abei.gov.vn/
vgg.vn,CÔNG TY CỔ PHẦN GIẢI TRÍ VGG,QUYẾT ĐỊNH PHÁT HÀNH TRÒ CHƠI ĐIỆN TỬ G1 TRÊN MẠNG,2017-09-06,Giấy phép (ABEI),1491/QĐ-BTTTT,valid,https://giayphep.abei.gov.vn/
vgm.com.vn,Công ty TNHH Golf & Leisure Việt Nam,Website - Trang TTĐT tổng hợp,,Giấy phép (TVPL PDF),,valid,
vgm.vn,CÔNG TY CỔ PHẦN ASM VIỆT NAM,QUYẾT ĐỊNH PHÁT HÀNH TRÒ CHƠI ĐIỆN TỬ G1 TRÊN MẠNG,2018-12-10,Giấy phép (ABEI),2118/QĐ-BTTTT,valid,https://giayphep.abei.gov.vn/
vgp.vn,CÔNG TY CỔ PHẦN VGP,QUYẾT ĐỊNH PHÁT HÀNH TRÒ CHƠI ĐIỆN TỬ G1 TRÊN MẠNG,2022-12-13,Giấy phép (ABEI),2311/QĐ-BTTTT,valid,https://giayphep.abei.gov.vn/
vgpisc.vn,CÔNG TY CỔ PHẦN VGP,QUYẾT ĐỊNH PHÁT HÀNH TRÒ CHƠI ĐIỆN TỬ G1 TRÊN MẠNG,2023-03-27,Giấy phép (ABEI),456/QĐ-BTTTT,invalid,https://giayphep.abei.gov.vn/
vgpjsc.vn,CÔNG TY CỔ PHẦN VGP,QUYẾT ĐỊNH PHÁT HÀNH TRÒ CHƠI ĐIỆN TỬ G1 TRÊN MẠNG,2021-01-08,Giấy phép (ABEI),1768 /QĐ-BTTTT,valid,https://giayphep.abei.gov.vn/
vgplay.vn,CÔNG TY CỔ PHẦN VGP,QUYẾT ĐỊNH PHÁT HÀNH TRÒ CHƠI ĐIỆN TỬ G1 TRÊN MẠNG,2025-09-25,Giấy phép (ABEI),412 /QĐ-PTTH&TTĐT,valid,https://giayphep.abei.gov.vn/
vgsgame.vn,CÔNG TY TNHH THƯƠNG MẠI DỊCH VỤ VGS,QUYẾT ĐỊNH PHÁT HÀNH TRÒ CHƠI ĐIỆN TỬ G1 TRÊN MẠNG,2022-12-05,Giấy phép (ABEI),2250/QĐ-BTTTT,valid,https://giayphep.abei.gov.vn/
vgt.vn,Công ty TNHH Truyền thông Việt Hoàng,Website - Trang mạng xã hội,,Giấy phép (TVPL PDF),,valid,
vgta.org.vn,Hiệp hội kinh doanh vàng Việt Nam,Website - Trang TTĐT tổng hợp,,Giấy phép (TVPL PDF),,valid,
vhandicap.vn,CÔNG TY CỔ PHẦN VIỆT NAM GOLF,GIẤY PHÉP THIẾT LẬP TRANG THÔNG TIN ĐIỆN TỬ TỔNG HỢP,2025-01-06,Giấy phép (ABEI),03 /GP-BTTTT,valid,https://giayphep.abei.gov.vn/
www.vhandicap.com,CÔNG TY CỔ PHẦN VIỆT NAM GOLF,GIẤY PHÉP CUNG CẤP DỊCH VỤ MẠNG XÃ HỘI,2024-06-11,Giấy phép (ABEI),159/GP-BTTTT,invalid,https://giayphep.abei.gov.vn/
vhay.vn,Công ty Cổ phần truyền thông thương mại An Lạc,Website - Trang TTĐT tổng hợp,,Giấy phép (TVPL PDF),,valid,
vhdn.vn,TRUNG TÂM VĂN HÓA DOANH NHÂN,GIẤY PHÉP THIẾT LẬP TRANG THÔNG TIN ĐIỆN TỬ TỔNG HỢP,2020-12-03,Giấy phép (ABEI),232/GP-TTĐT,valid,https://giayphep.abei.gov.vn/
vhhp.zoneplay.vn,CÔNG TY CỔ PHẦN GZONE MEDIA VIỆT NAM ,QUYẾT ĐỊNH PHÁT HÀNH TRÒ CHƠI ĐIỆN TỬ G1 TRÊN MẠNG,2026-05-05,Giấy phép (ABEI),223/QĐ-PTTH&TTĐT,valid,https://giayphep.abei.gov.vn/
vhtk2.3cgame.vn,CÔNG TY CỔ PHẦN CÔNG NGHỆ SỐ 3C,QUYẾT ĐỊNH PHÁT HÀNH TRÒ CHƠI ĐIỆN TỬ G1 TRÊN MẠNG,2025-07-10,Giấy phép (ABEI),313/QĐ-PTTH&TTĐT,valid,https://giayphep.abei.gov.vn/
vhtndng.vn,TRƯỜNG TRUNG HỌC VĂN HÓA NGHỆ THUẬT ĐÀ NẴNG,GIẤY PHÉP THIẾT LẬP TRANG THÔNG TIN ĐIỆN TỬ TỔNG HỢP,2013-03-05,Giấy phép (ABEI),22/GP-TTĐT,invalid,https://giayphep.abei.gov.vn/
vhttdlkv3.gov.vn,"CƠ QUAN ĐẠI DIỆN VĂN PHÒNG BỘ VĂN HÓA, THỂ THAO VÀ DU LỊCH",GIẤY PHÉP THIẾT LẬP TRANG THÔNG TIN ĐIỆN TỬ TỔNG HỢP,2017-12-27,Giấy phép (ABEI),377/GP-TTĐT,invalid,https://giayphep.abei.gov.vn/
vhttdlvinhphuc.vn,"SỞ VĂN HÓA, THỂ THAO VÀ DU LỊCH TỈNH VĨNH PHÚC",GIẤY PHÉP THIẾT LẬP TRANG THÔNG TIN ĐIỆN TỬ TỔNG HỢP,2013-01-31,Giấy phép (ABEI),13/GP-TTĐT,invalid,https://giayphep.abei.gov.vn/
vhtv.vn,TRUNG TÂM ĐIỆN ẢNH THỂ THAO VÀ DU LỊCH VIỆT NAM,GIẤY PHÉP THIẾT LẬP TRANG THÔNG TIN ĐIỆN TỬ TỔNG HỢP,2017-05-08,Giấy phép (ABEI),13/GPSĐBS-TTĐT,invalid,https://giayphep.abei.gov.vn/
via.gov.vn,CỤC CÔNG NGHIỆP,GIẤY PHÉP THIẾT LẬP TRANG THÔNG TIN ĐIỆN TỬ TỔNG HỢP,2021-08-27,Giấy phép (ABEI),149/GP-TTĐT,valid,https://giayphep.abei.gov.vn/
vibiendaovietnam.vn,Báo Quân đội nhân dân,Website - Trang TTĐT tổng hợp,,Giấy phép (TVPL PDF),,valid,
vibook.net.vn,Công ty cổ phần Tập đoàn Công nghệ Kỹ thuật số VIBOOK Việt Nam,Website - Trang mạng xã hội,,Giấy phép (TVPL PDF),,valid,
vicall.vn,CÔNG TY CỔ PHẦN VANO,GIẤY PHÉP CUNG CẤP DỊCH VỤ MẠNG XÃ HỘI,2019-12-10,Giấy phép (ABEI),543/GP-BTTTT,valid,https://giayphep.abei.gov.vn/
vicas.org.vn,VIỆN VĂN HÓA NGHỆ THUẬT QUỐC GIA VIỆT NAM,GIẤY PHÉP THIẾT LẬP TRANG THÔNG TIN ĐIỆN TỬ TỔNG HỢP,2015-07-09,Giấy phép (ABEI),91/GP-TTĐT,invalid,https://giayphep.abei.gov.vn/
vicca.vn,"HIỆP HỘI CÁC CƠ SỞ TIỂU THỦ CÔNG NGHIỆP, THƯƠNG MẠI DỊCH VỤ VIỆT NAM",GIẤY PHÉP THIẾT LẬP TRANG THÔNG TIN ĐIỆN TỬ TỔNG HỢP,2016-04-28,Giấy phép (ABEI),40/GP-TTĐT,invalid,https://giayphep.abei.gov.vn/
viccom.net.vn,Công ty cổ phần VICTORY TECH,Website - Trang mạng xã hội,,Giấy phép (TVPL PDF),,valid,
viccom.net,Công ty cổ phần VICTORY TECH,Website - Trang mạng xã hội,,Giấy phép (TVPL PDF),,valid,
www.viccom.net,CÔNG TY CỔ PHẦN VICTORY TECH,GIẤY PHÉP CUNG CẤP DỊCH VỤ MẠNG XÃ HỘI,2022-01-25,Giấy phép (ABEI),56/GP-BTTTT,valid,https://giayphep.abei.gov.vn/
viceland.vn,Công ty Cổ phần đầu tư Boston Capital,Website - Trang TTĐT tổng hợp,,Giấy phép (TVPL PDF),,valid,
viclip.vn,CÔNG TY CỔ PHẦN BẠCH MINH,GIẤY PHÉP CUNG CẤP DỊCH VỤ MẠNG XÃ HỘI,2017-08-14,Giấy phép (ABEI),390/GP-BTTTT,valid,https://giayphep.abei.gov.vn/
vicocen.vn,TRUNG TÂM THÔNG TIN HỢP TÁC XÃ VIỆT NAM,GIẤY PHÉP THIẾT LẬP TRANG THÔNG TIN ĐIỆN TỬ TỔNG HỢP,2013-07-23,Giấy phép (ABEI),98/GP-TTĐT,invalid,https://giayphep.abei.gov.vn/
video.baodaknong.org.vn,Báo Đắk Nông,"Website - Báo, tạp chí điện tử",,Giấy phép (TVPL PDF),,valid,
video.like1.vn,Công ty Cổ phần Dịch vụ Viễn thông Suntel Việt Nam,Website - Trang mạng xã hội,,Giấy phép (TVPL PDF),,valid,
video.thoibaovhnt.com.vn,Báo Thời báo Văn học nghệ thuật,"Website - Báo, tạp chí điện tử",,Giấy phép (TVPL PDF),,valid,
video.vietnamnet.vn,Báo VietNamNet,"Website - Báo, tạp chí điện tử",,Giấy phép (TVPL PDF),,valid,
videofly.vn,Công ty TNHH Contentnet,Website - Trang mạng xã hội,,Giấy phép (TVPL PDF),,valid,
videofly.com.vn,Công ty TNHH Contentnet,Website - Trang mạng xã hội,,Giấy phép (TVPL PDF),,valid,
videohay.vn,TỔNG CÔNG TY VIỄN THÔNG VIETTEL,GIẤY PHÉP CUNG CẤP DỊCH VỤ MẠNG XÃ HỘI,2017-09-19,Giấy phép (ABEI),452/GP-BTTTT,valid,https://giayphep.abei.gov.vn/
videohot.uteen.vn,Công ty Cổ phần Truyền thông và Công nghệ Ditech,Website - Trang mạng xã hội,,Giấy phép (TVPL PDF),,valid,
vieclam.nld.com.vn,Báo Người lao động (Báo điện tử Người lao động),"Website - Báo, tạp chí điện tử",,Giấy phép (TVPL PDF),,valid,
vieclamlaixe.vn,CÔNG TY CỔ PHẦN TRÁI THỊ VÀNG,GIẤY PHÉP CUNG CẤP DỊCH VỤ MẠNG XÃ HỘI,2019-12-02,Giấy phép (ABEI),526/GP-BTTTT,valid,https://giayphep.abei.gov.vn/
vieclamnambo.vn,Công ty Cổ phần Trái thị vàng,Website - Trang mạng xã hội,,Giấy phép (TVPL PDF),,valid,
vieclamnhamay.vn,CÔNG TY TNHH MTV SANTA,GIẤY PHÉP CUNG CẤP DỊCH VỤ MẠNG XÃ HỘI,2021-06-25,Giấy phép (ABEI),394/GP-BTTTT,valid,https://giayphep.abei.gov.vn/
vieclamvietnam.gov.vn,CỤC VIỆC LÀM,GIẤY PHÉP THIẾT LẬP TRANG THÔNG TIN ĐIỆN TỬ TỔNG HỢP,2016-04-12,Giấy phép (ABEI),32/GP-TTĐT,valid,https://giayphep.abei.gov.vn/
www.vieclamvietnam.vn,CỤC VIỆC LÀM,GIẤY PHÉP THIẾT LẬP TRANG THÔNG TIN ĐIỆN TỬ TỔNG HỢP,2016-04-12,Giấy phép (ABEI),32/GP-TTĐT,valid,https://giayphep.abei.gov.vn/
www.vieclamvietnam.com.vn,CỤC VIỆC LÀM,GIẤY PHÉP THIẾT LẬP TRANG THÔNG TIN ĐIỆN TỬ TỔNG HỢP,2016-04-12,Giấy phép (ABEI),32/GP-TTĐT,valid,https://giayphep.abei.gov.vn/
vieclamxaydung.net,Công ty Cổ phần Công nghệ Xây dựng ACUD Việt Nam,Website - Trang mạng xã hội,,Giấy phép (TVPL PDF),,valid,
viemduonghohap.vn,CÔNG TY TNHH THƯƠNG MẠI VÀ TRUYỀN THÔNG PHƯƠNG NAM,GIẤY PHÉP CUNG CẤP DỊCH VỤ MẠNG XÃ HỘI,2019-09-27,Giấy phép (ABEI),410/GP-BTTTT,valid,https://giayphep.abei.gov.vn/
viemgan.com.vn,Công ty Sức khỏe là vàng (viemgan.vn),Website - Trang mạng xã hội,,Giấy phép (TVPL PDF),,valid,
vienchinhmobile.vn,CÔNG TY TNHH SOHA,QUYẾT ĐỊNH PHÁT HÀNH TRÒ CHƠI ĐIỆN TỬ G1 TRÊN MẠNG,2021-10-13,Giấy phép (ABEI),1588/QĐ-BTTTT,invalid,https://giayphep.abei.gov.vn/
viendinhduong.vn,VIỆN DINH DƯỠNG,GIẤY PHÉP THIẾT LẬP TRANG THÔNG TIN ĐIỆN TỬ TỔNG HỢP,2023-06-05,Giấy phép (ABEI),89/GP-TTĐT,valid,https://giayphep.abei.gov.vn/
www.dinhduong.org.vn,VIỆN DINH DƯỠNG,GIẤY PHÉP THIẾT LẬP TRANG THÔNG TIN ĐIỆN TỬ TỔNG HỢP,2023-06-05,Giấy phép (ABEI),89/GP-TTĐT,valid,https://giayphep.abei.gov.vn/
www.nutrition.org.vn,VIỆN DINH DƯỠNG,GIẤY PHÉP THIẾT LẬP TRANG THÔNG TIN ĐIỆN TỬ TỔNG HỢP,2023-06-05,Giấy phép (ABEI),89/GP-TTĐT,valid,https://giayphep.abei.gov.vn/
vienkhoahocthanhtra.gov.vn,Viện Khoa học Thanh tra,Website - Trang TTĐT tổng hợp,,Giấy phép (TVPL PDF),,valid,
vienkiemsatlangson.gov.vn,VIỆN KIỂM SÁT NHÂN DÂN TỈNH LẠNG SƠN,GIẤY PHÉP THIẾT LẬP TRANG THÔNG TIN ĐIỆN TỬ TỔNG HỢP,2013-01-11,Giấy phép (ABEI),04/GP-TTĐT,invalid,https://giayphep.abei.gov.vn/
vienkinhteso.vn,VIỆN CHIẾN LƯỢC PHÁT TRIỂN KINH TẾ SỐ,Website - Trang TTĐT tổng hợp,,Giấy phép (TVPL PDF),,valid,
vienphapluat.vn,VIỆN NGHIÊN CỨU PHÁP LUẬT VÀ TRỢ GIÚP PHÁP LÝ,GIẤY PHÉP THIẾT LẬP TRANG THÔNG TIN ĐIỆN TỬ TỔNG HỢP,2021-10-15,Giấy phép (ABEI),177/GP-TTĐT,valid,https://giayphep.abei.gov.vn/
vienquanlykinhtemoitruong.vn,VIỆN QUẢN LÝ KINH TẾ VÀ MÔI TRƯỜNG,GIẤY PHÉP THIẾT LẬP TRANG THÔNG TIN ĐIỆN TỬ TỔNG HỢP,2020-05-13,Giấy phép (ABEI),64/GP-TTĐT,valid,https://giayphep.abei.gov.vn/
vienthiduakhenthuongvietnam.vn,"VIỆN THI ĐUA, KHEN THƯỞNG VIỆT NAM",GIẤY PHÉP THIẾT LẬP TRANG THÔNG TIN ĐIỆN TỬ TỔNG HỢP,2021-02-05,Giấy phép (ABEI),27/GP-TTĐT,valid,https://giayphep.abei.gov.vn/
www.vienthiduakhenthuongvietnam.com.vn,"VIỆN THI ĐUA, KHEN THƯỞNG VIỆT NAM",GIẤY PHÉP THIẾT LẬP TRANG THÔNG TIN ĐIỆN TỬ TỔNG HỢP,2021-02-05,Giấy phép (ABEI),27/GP-TTĐT,valid,https://giayphep.abei.gov.vn/
www.vienthiduakhenthuongvietnam.com,"VIỆN THI ĐUA, KHEN THƯỞNG VIỆT NAM",GIẤY PHÉP THIẾT LẬP TRANG THÔNG TIN ĐIỆN TỬ TỔNG HỢP,2021-02-05,Giấy phép (ABEI),27/GP-TTĐT,valid,https://giayphep.abei.gov.vn/
vienvanhoa.vn,Viện Phát triển Văn hóa dân tộc,Website - Trang TTĐT tổng hợp,,Giấy phép (TVPL PDF),,valid,
vieon.vn,CÔNG TY CỔ PHẦN VIEON,GIẤY PHÉP CUNG CẤP DỊCH VỤ MẠNG XÃ HỘI,2026-02-06,Giấy phép (ABEI),17/GP-BVHTTDL,valid,https://giayphep.abei.gov.vn/
vietbao.vn,TRUNG TÂM BÁO CHÍ VÀ HỢP TÁC TRUYỀN THÔNG QUỐC TẾ,GIẤY PHÉP THIẾT LẬP TRANG THÔNG TIN ĐIỆN TỬ TỔNG HỢP,2018-06-07,Giấy phép (ABEI),148/GP-TTĐT,valid,https://giayphep.abei.gov.vn/
vietbeauty.net.vn,CÔNG TY CỔ PHẦN TẬP ĐOÀN TRUYỀN THÔNG TRI ÂN,GIẤY PHÉP CUNG CẤP DỊCH VỤ MẠNG XÃ HỘI,2020-06-26,Giấy phép (ABEI),269/GP-BTTTT,valid,https://giayphep.abei.gov.vn/
vietbuild24h.vn,Công ty Cổ phần Truyền Thông KINGLAND,Website - Trang TTĐT tổng hợp,,Giấy phép (TVPL PDF),,valid,
vietbuildforum.vn,CÔNG TY TNHH ĐẦU TƯ PHÁT TRIỂN DỊCH VỤ GIA LỘC,GIẤY PHÉP CUNG CẤP DỊCH VỤ MẠNG XÃ HỘI,2020-10-07,Giấy phép (ABEI),448/GP-BTTTT,valid,https://giayphep.abei.gov.vn/
vietbuildplus.vn,CÔNG TY CỔ PHẦN VIETBUILD PLUS,GIẤY PHÉP CUNG CẤP DỊCH VỤ MẠNG XÃ HỘI,2020-01-20,Giấy phép (ABEI),30 /GP-BTTTT,valid,https://giayphep.abei.gov.vn/
vietcetera.com.vn,Công ty TNHH Vietcetera,Website - Trang mạng xã hội,,Giấy phép (TVPL PDF),,valid,
vietcetera.vn,Công ty TNHH Vietcetera,Website - Trang mạng xã hội,,Giấy phép (TVPL PDF),,valid,
www.vietcetera.com.vn,CÔNG TY TNHH VIETCETERA,GIẤY PHÉP CUNG CẤP DỊCH VỤ MẠNG XÃ HỘI,2021-01-29,Giấy phép (ABEI),69/GP-BTTTT,valid,https://giayphep.abei.gov.vn/
vietcurrency.vn,CÔNG TY CỔ PHẦN VCBROTHERS VIỆT NAM,Website - Trang mạng xã hội,,Giấy phép (TVPL PDF),,valid,
vietdaily.vn,Công ty TNHH Tiếp thị Truyền thông MCQ,Website - Trang TTĐT tổng hợp,,Giấy phép (TVPL PDF),,valid,
vietdrama.vn,Công ty TNHH DG Media & Entertaiment,Website - Trang TTĐT tổng hợp,,Giấy phép (TVPL PDF),,valid,
vietdvm.vn,Công ty Cổ phần Ứng dụng và Truyền thông X7PLUS,Website - Trang mạng xã hội,,Giấy phép (TVPL PDF),,valid,
vietdvm.com,Công ty Cổ phần Ứng dụng và Truyền thông X7PLUS,Website - Trang mạng xã hội,,Giấy phép (TVPL PDF),,valid,
www.vietdvm.com,CÔNG TY CỔ PHẦN ỨNG DỤNG VÀ TRUYỀN THÔNG X7PLUS,GIẤY PHÉP CUNG CẤP DỊCH VỤ MẠNG XÃ HỘI,2017-08-14,Giấy phép (ABEI),391/GP-BTTTT,valid,https://giayphep.abei.gov.vn/
vieter.vn,Công ty TNHH Ứng dụng Di động Việt Nam,Website - Trang mạng xã hội,,Giấy phép (TVPL PDF),,valid,
vietexplore.vn,CÔNG TY CỔ PHẦN TRUYỀN THÔNG TỰ HÀO VIỆT,GIẤY PHÉP CUNG CẤP DỊCH VỤ MẠNG XÃ HỘI,2024-01-04,Giấy phép (ABEI),05/GP-BTTTT,valid,https://giayphep.abei.gov.vn/
vietgiaitri.com.vn,Công ty TNHH Truyền thông Việt Hoàng (vietgiaitri.com),Website - Trang TTĐT tổng hợp,,Giấy phép (TVPL PDF),,valid,
vietid.net.vn,Công ty Cổ phần Vccorp,Website - Trang mạng xã hội,,Giấy phép (TVPL PDF),,valid,
vietjack.net.vn,Công ty Cổ phần Dịch vụ Công nghệ Ecolife,Website - Trang TTĐT tổng hợp,,Giấy phép (TVPL PDF),,valid,
vietkiem3d.vn,CÔNG TY CỔ PHẦN TEPAYLINK,QUYẾT ĐỊNH PHÁT HÀNH TRÒ CHƠI ĐIỆN TỬ G1 TRÊN MẠNG,2025-02-26,Giấy phép (ABEI),56/QĐ-PTTH&TTĐT,valid,https://giayphep.abei.gov.vn/
vietkieu.vietnamplus.vn,Báo điện tử Vietnamplus,"Website - Báo, tạp chí điện tử",,Giấy phép (TVPL PDF),,valid,
vietlott.vn,Công ty TNHH Một thành viên Xổ số Điện toán Việt Nam,Website - Trang TTĐT tổng hợp,,Giấy phép (TVPL PDF),,valid,
vietmecgroup.vn,Công ty cổ phần Truyền thông MEDINET,Website - Trang mạng xã hội,,Giấy phép (TVPL PDF),,valid,
vietmy.net.vn,TẠP CHÍ VIỆT - MỸ,GIẤY PHÉP THIẾT LẬP TRANG THÔNG TIN ĐIỆN TỬ TỔNG HỢP,2018-07-09,Giấy phép (ABEI),173/GP-TTĐT,invalid,https://giayphep.abei.gov.vn/
vietnam.vn,Cục Thông tin đối ngoại,Website - Trang TTĐT tổng hợp,,Giấy phép (TVPL PDF),,valid,
www.thongtindoingoai.vn,CỤC THÔNG TIN ĐỐI NGOẠI,GIẤY PHÉP THIẾT LẬP TRANG THÔNG TIN ĐIỆN TỬ TỔNG HỢP,2023-03-21,Giấy phép (ABEI),36/GP-TTĐT,invalid,https://giayphep.abei.gov.vn/
vietnamagriculture.nongnghi,Báo Nông nghiệp Việt Nam,"Website - Báo, tạp chí điện tử",,Giấy phép (TVPL PDF),,valid,
vietnambeauty.com.vn,CÔNG TY TNHH XÚC TIẾN ĐẦU TƯ VÀ TƯ VẤN BẤT ĐỘNG SẢN SÀI GÒN,GIẤY PHÉP CUNG CẤP DỊCH VỤ MẠNG XÃ HỘI,2020-09-18,Giấy phép (ABEI),400/GP-BTTTT,valid,https://giayphep.abei.gov.vn/
vietnambizforum.vn,CÔNG TY TNHH TƯ VẤN DỊCH VỤ MEDIA TIMES,GIẤY PHÉP CUNG CẤP DỊCH VỤ MẠNG XÃ HỘI,2020-07-14,Giấy phép (ABEI),293/GP-BTTTT,valid,https://giayphep.abei.gov.vn/
vietnambusinessinsider.vn,CÔNG TY TNHH TRUYỀN THÔNG QUẢNG CÁO NGƯỜI ĐỒNG HÀNH,GIẤY PHÉP CUNG CẤP DỊCH VỤ MẠNG XÃ HỘI,2019-11-05,Giấy phép (ABEI),477/GP-BTTTT,valid,https://giayphep.abei.gov.vn/
vietnamdaily.trithuccuocson,Báo Tri thức và Cuộc sống,"Website - Báo, tạp chí điện tử",,Giấy phép (TVPL PDF),,valid,
vietnameuropa.vn,Công ty Cổ phần Truyền thông VietNamEuropa (http://vietnameuropa.net),Website - Trang TTĐT tổng hợp,,Giấy phép (TVPL PDF),,valid,
vietnamexport.com,TRUNG TÂM PHÁT TRIỂN THƯƠNG MẠI ĐIỆN TỬ,GIẤY PHÉP THIẾT LẬP TRANG THÔNG TIN ĐIỆN TỬ TỔNG HỢP,2021-05-06,Giấy phép (ABEI),69/GP-TTĐT,invalid,https://giayphep.abei.gov.vn/
vietnamfdi.vn,Công ty TNHH Quảng cáo Thủy Mộc,Website - Trang mạng xã hội,,Giấy phép (TVPL PDF),,valid,
vietnamfinance.vn,Tạp chí Đầu tư Tài chính,"Website - Báo, tạp chí điện tử",,Giấy phép (TVPL PDF),,valid,
vietnamhoinhap.vn,TẠP CHÍ VIỆT NAM HỘI NHẬP,GIẤY PHÉP THIẾT LẬP TRANG THÔNG TIN ĐIỆN TỬ TỔNG HỢP,2017-05-17,Giấy phép (ABEI),153/GP-TTĐT,invalid,https://giayphep.abei.gov.vn/
vietnamindex.vn,Công ty Cổ phần Truyền thông Chỉ số Việt Nam,Website - Trang TTĐT tổng hợp,,Giấy phép (TVPL PDF),,valid,
vietnamlifes.vn,CÔNG TY CỔ PHẦN CÔNG NGHỆ CAO LTA QUỐC TẾ,GIẤY PHÉP CUNG CẤP DỊCH VỤ MẠNG XÃ HỘI,2019-10-02,Giấy phép (ABEI),417/GP-BTTTT,valid,https://giayphep.abei.gov.vn/
vietnamlink.vn,CÔNG TY TNHH TRUYỀN THÔNG VÀ DU LỊCH QUỐC TẾ ICC,GIẤY PHÉP CUNG CẤP DỊCH VỤ MẠNG XÃ HỘI,2023-04-17,Giấy phép (ABEI),126/GP-BTTTT,valid,https://giayphep.abei.gov.vn/
vietnammodel.vn,Công ty Cổ phần Social8 Asia,Website - Trang TTĐT tổng hợp,,Giấy phép (TVPL PDF),,valid,
vietnamnay.com,Công ty Cổ phần Thương mại Điện tử VietnamNay,Website - Trang mạng xã hội,,Giấy phép (TVPL PDF),,valid,
vietnamnet.vn,Báo VietNamNet,"Website - Báo, tạp chí điện tử",,Giấy phép (TVPL PDF),,valid,
vietnamnews.vn,Báo Việt Nam News,"Website - Báo, tạp chí điện tử",,Giấy phép (TVPL PDF),,valid,
vietnamngaynay.net.vn,Công ty Cổ phần Truyền thông kiến thức NET,Website - Trang TTĐT tổng hợp,,Giấy phép (TVPL PDF),,valid,
vietnamnow.vn,CÔNG TY TNHH VIỆT NAM NOW,Website - Trang TTĐT tổng hợp,,Giấy phép (TVPL PDF),,valid,
vietnamplus.vn,Báo điện tử Vietnamplus,"Website - Báo, tạp chí điện tử",,Giấy phép (TVPL PDF),,valid,
vietnampropertyforum.vn,CÔNG TY TNHH XÚC TIẾN ĐẦU TƯ VÀ TƯ VẤN  BẤT ĐỘNG SẢN SÀI GÒN,GIẤY PHÉP CUNG CẤP DỊCH VỤ MẠNG XÃ HỘI,2019-12-10,Giấy phép (ABEI),537/GP-BTTTT,valid,https://giayphep.abei.gov.vn/
vietnamreport.net,Công ty Cổ phần Báo cáo đánh giá Việt Nam,Website - Trang TTĐT tổng hợp,,Giấy phép (TVPL PDF),,valid,
vietnamreport.net.vn,Công ty Cổ phần Báo cáo đánh giá Việt Nam,Website - Trang TTĐT tổng hợp,,Giấy phép (TVPL PDF),,valid,
vietnamscience.vjst.vn,Tap chí Khoa học và Công nghệ Việt Nam,"Website - Báo, tạp chí điện tử",,Giấy phép (TVPL PDF),,valid,
vietnamta.vn,Công ty TNHH Sản xuất và Đầu tư Thương mại Nhật Việt,Website - Trang mạng xã hội,,Giấy phép (TVPL PDF),,valid,
vietnamtotravel.vn,CÔNG TY TNHH VIETNAM TO TRAVEL,GIẤY PHÉP CUNG CẤP DỊCH VỤ MẠNG XÃ HỘI,2021-03-26,Giấy phép (ABEI),180/GP-BTTTT,valid,https://giayphep.abei.gov.vn/
vietnamtourism.com,TRUNG TÂM THÔNG TIN DU LỊCH,GIẤY PHÉP THIẾT LẬP TRANG THÔNG TIN ĐIỆN TỬ TỔNG HỢP,2015-07-02,Giấy phép (ABEI),85/GP-TTĐT,invalid,https://giayphep.abei.gov.vn/
vietnamtourism.gov.vn,TRUNG TÂM THÔNG TIN DU LỊCH,GIẤY PHÉP THIẾT LẬP TRANG THÔNG TIN ĐIỆN TỬ TỔNG HỢP,2015-05-06,Giấy phép (ABEI),44/GP-TTĐT,invalid,https://giayphep.abei.gov.vn/
vietnamtraveller.com.vn,CÔNG TY TNHH TRUYỀN THÔNG KHANG TÍN,GIẤY PHÉP CUNG CẤP DỊCH VỤ MẠNG XÃ HỘI,2019-08-12,Giấy phép (ABEI),823/GP-BTTTT,valid,https://giayphep.abei.gov.vn/
vietnamtravellife.vn,CÔNG TY TNHH ĐẦU TƯ PHÁT TRIỂN DỊCH VỤ GIA LỘC,GIẤY PHÉP CUNG CẤP DỊCH VỤ MẠNG XÃ HỘI,2020-10-02,Giấy phép (ABEI),435/GP-BTTTT,valid,https://giayphep.abei.gov.vn/
vietnamtuoidep.com.vn,Công ty TNHH Dịch vụ Viễn thông TMS,Website - Trang TTĐT tổng hợp,,Giấy phép (TVPL PDF),,valid,
vietnet24h.vn,Tạp chí Điện tử và Tin học,"Website - Báo, tạp chí điện tử",,Giấy phép (TVPL PDF),,valid,
vietplant.com.vn,CÔNG TY CỔ PHẦN GIẢI PHÁP THỜI TIẾT WEATHERPUS,GIẤY PHÉP CUNG CẤP DỊCH VỤ MẠNG XÃ HỘI,2023-12-31,Giấy phép (ABEI),486/GP-BTTTT,valid,https://giayphep.abei.gov.vn/
vietpress.vn,AFCA - Hội Chống gian lận Thương mại và Hỗ Trợ tiêu dùng TPHCM,Website - Trang TTĐT tổng hợp,,Giấy phép (TVPL PDF),,valid,
vietq.vn,Tạp chí Chất lượng Việt Nam,"Website - Báo, tạp chí điện tử",,Giấy phép (TVPL PDF),,valid,
vietsante.vn,Trung tâm Nghiên cứu Sức khỏe Cộng động và Phát triển,Website - Trang mạng xã hội,,Giấy phép (TVPL PDF),,valid,
vietsmile.vn,CÔNG TY CỔ PHẦN ĐẦU TƯ PHÁT TRIỂN NỤ CƯỜI VIỆT,GIẤY PHÉP CUNG CẤP DỊCH VỤ MẠNG XÃ HỘI,2020-11-24,Giấy phép (ABEI),543/GP-BTTTT,valid,https://giayphep.abei.gov.vn/
viettel.vn,TỔNG CÔNG TY VIỄN THÔNG VIETTEL,"GIẤY XÁC NHẬN THÔNG BÁO PHÁT HÀNH TRÒ CHƠI ĐIỆN TỬ G2,G3,G4",2022-04-12,Giấy phép (ABEI),31/GXN-PTTH&TTĐT,valid,https://giayphep.abei.gov.vn/
viettimes.vn,Tạp chí điện tử Viettimes,"Website - Báo, tạp chí điện tử",,Giấy phép (TVPL PDF),,valid,
vievie.com.vn,Công ty TNHH VieVie Healthcare,Website - Trang mạng xã hội,,Giấy phép (TVPL PDF),,valid,
vievie.vn,Công ty TNHH VIEVIE HEALTHCARE,Website - Trang TTĐT tổng hợp,,Giấy phép (TVPL PDF),,valid,
vifilm.vn,Công ty TNHH Giải pháp Công nghệ thông tin và Truyền thông Paris,Website - Trang TTĐT tổng hợp,,Giấy phép (TVPL PDF),,valid,
cliphay365.com,Công ty TNHH Giải pháp Công nghệ thông tin và Truyền thông Paris,Website - Trang TTĐT tổng hợp,,Giấy phép (TVPL PDF),,valid,
vifolac.vn,QUỸ HỖ TRỢ SÁNG TẠO VĂN HỌC NGHỆ THUẬT VIỆT NAM,GIẤY PHÉP THIẾT LẬP TRANG THÔNG TIN ĐIỆN TỬ TỔNG HỢP,2017-06-27,Giấy phép (ABEI),210/GP-TTĐT,invalid,https://giayphep.abei.gov.vn/
vigame.com.vn,TỔNG CÔNG TY TRUYỀN THÔNG (VNPT),"GIẤY XÁC NHẬN THÔNG BÁO PHÁT HÀNH TRÒ CHƠI ĐIỆN TỬ G2,G3,G4",2022-09-07,Giấy phép (ABEI),120/GXN-PTTH&TTĐT,valid,https://giayphep.abei.gov.vn/
vight.mocgame.vn,CÔNG TY CỔ PHẦN TRÒ CHƠI MỘC,QUYẾT ĐỊNH PHÁT HÀNH TRÒ CHƠI ĐIỆN TỬ G1 TRÊN MẠNG,2023-03-24,Giấy phép (ABEI),436/QĐ-BTTTT,invalid,https://giayphep.abei.gov.vn/
vihema.gov.vn,CỤC QUẢN LÝ MÔI TRƯỜNG Y TẾ,GIẤY PHÉP THIẾT LẬP TRANG THÔNG TIN ĐIỆN TỬ TỔNG HỢP,2017-07-27,Giấy phép (ABEI),250/GP-TTĐT,invalid,https://giayphep.abei.gov.vn/
vikingrise.gamota.com,CÔNG TY CỔ PHẦN GAMOTA,QUYẾT ĐỊNH PHÁT HÀNH TRÒ CHƠI ĐIỆN TỬ G1 TRÊN MẠNG,2024-04-23,Giấy phép (ABEI),594/QĐ-BTTTT,valid,https://giayphep.abei.gov.vn/
vilea.com.vn,HIỆP HỘI CHO THUÊ TÀI CHÍNH VIỆT NAM,GIẤY PHÉP THIẾT LẬP TRANG THÔNG TIN ĐIỆN TỬ TỔNG HỢP,2023-09-15,Giấy phép (ABEI),159/GP-TTĐT,valid,https://giayphep.abei.gov.vn/
www.hiephoichothuetaichinh.com.vn,HIỆP HỘI CHO THUÊ TÀI CHÍNH VIỆT NAM,GIẤY PHÉP THIẾT LẬP TRANG THÔNG TIN ĐIỆN TỬ TỔNG HỢP,2023-09-15,Giấy phép (ABEI),159/GP-TTĐT,valid,https://giayphep.abei.gov.vn/
vin3s.vn,Công ty cổ phần Vin3S,Website - Trang mạng xã hội,,Giấy phép (TVPL PDF),,valid,
vina-lucky.vn,Công ty Cổ phần M-Mobile,Website - Trang TTĐT tổng hợp,,Giấy phép (TVPL PDF),,valid,
vina-travel.vn,Công ty TNHH Truyền thông Hồ Huy,Website - Trang TTĐT tổng hợp,,Giấy phép (TVPL PDF),,valid,
vinabull.vn,CÔNG TY CỔ PHẦN SỰ KIỆN BẾN THÀNH,GIẤY PHÉP CUNG CẤP DỊCH VỤ MẠNG XÃ HỘI,2021-01-21,Giấy phép (ABEI),40/GP-BTTTT,valid,https://giayphep.abei.gov.vn/
vinacomin.vn,TẬP ĐOÀN CÔNG NGHIỆP THAN - KHOÁNG SẢN VIỆT NAM,GIẤY PHÉP THIẾT LẬP TRANG THÔNG TIN ĐIỆN TỬ TỔNG HỢP,2020-03-05,Giấy phép (ABEI),18 /GP-TTĐT,valid,https://giayphep.abei.gov.vn/
vinacominpower.vn,Tổng Công ty điện lực TKV - CTCP,Website - Trang TTĐT tổng hợp,,Giấy phép (TVPL PDF),,valid,
vinalines.com.vn,Tổng Công ty Hàng hải Việt Nam - Công ty TNHH MTV,Website - Trang TTĐT tổng hợp,,Giấy phép (TVPL PDF),,valid,
vinalines.vn,Tổng Công ty Hàng hải Việt Nam - Công ty TNHH MTV,Website - Trang TTĐT tổng hợp,,Giấy phép (TVPL PDF),,valid,
vinalive.vn,Công ty TNHH VINALIVE,Website - Trang TTĐT tổng hợp,,Giấy phép (TVPL PDF),,valid,
vinanet.com.vn,Trung tâm Thông tin Công nghiệp và Thương mại,Website - Trang TTĐT tổng hợp,,Giấy phép (TVPL PDF),,valid,
vinanet.vn,Trung tâm Thông tin Công nghiệp và Thương mại,Website - Trang TTĐT tổng hợp,,Giấy phép (TVPL PDF),,valid,
vinaphim.vn,Công ty Cổ phần truyền thông ANGIA,Website - Trang TTĐT tổng hợp,,Giấy phép (TVPL PDF),,valid,
bancangi.com,Công ty Cổ phần truyền thông ANGIA,Website - Trang TTĐT tổng hợp,,Giấy phép (TVPL PDF),,valid,
vinastudy.vn,CÔNG TY CỔ PHẦN GIÁO DỤC VINASTUDY VIỆT NAM,GIẤY PHÉP CUNG CẤP DỊCH VỤ MẠNG XÃ HỘI,2022-01-25,Giấy phép (ABEI),54/GP-BTTTT,valid,https://giayphep.abei.gov.vn/
vinfast.vn,Công ty cổ phần Sản xuất và Kinh doanh VinFast,Website - Trang mạng xã hội,,Giấy phép (TVPL PDF),,valid,
vingegame.vn,CÔNG TY TNHH VMGE,QUYẾT ĐỊNH PHÁT HÀNH TRÒ CHƠI ĐIỆN TỬ G1 TRÊN MẠNG,2023-06-09,Giấy phép (ABEI),1013/QĐ-BTTTT,valid,https://giayphep.abei.gov.vn/
vinh.vn,CÔNG TY CỔ PHẦN TRUYỀN THÔNG VINH,GIẤY PHÉP THIẾT LẬP TRANG THÔNG TIN ĐIỆN TỬ TỔNG HỢP,2013-08-22,Giấy phép (ABEI),115/GP-TTĐT,invalid,https://giayphep.abei.gov.vn/
vinhhangkynguyen.vn,CÔNG TY CỔ PHẦN GIẢI PHÁP SỐ VISION NETWORK VIỆT NAM,QUYẾT ĐỊNH PHÁT HÀNH TRÒ CHƠI ĐIỆN TỬ G1 TRÊN MẠNG,2021-08-30,Giấy phép (ABEI),1329 /QĐ-BTTTT,valid,https://giayphep.abei.gov.vn/
vinhomes.vn,CÔNG TY CỔ PHẦN ĐẦU TƯ VÀ PHÁT TRIỂN ĐỊA ỐC THÀNH PHỐ HOÀNG GIA,GIẤY PHÉP CUNG CẤP DỊCH VỤ MẠNG XÃ HỘI,2020-04-29,Giấy phép (ABEI),182/GP-BTTTT,valid,https://giayphep.abei.gov.vn/
vinhphuc.gov.vn,SỞ THÔNG TIN VÀ TRUYỀN THÔNG TỈNH VĨNH PHÚC,GIẤY PHÉP THIẾT LẬP TRANG THÔNG TIN ĐIỆN TỬ TỔNG HỢP,2022-10-28,Giấy phép (ABEI),141/GP-TTĐT,valid,https://giayphep.abei.gov.vn/
vinhphucit.gov.vn,TRUNG TÂM THÔNG TIN XÚC TIẾN THƯƠNG MẠI TỈNH VĨNH PHÚC,GIẤY PHÉP THIẾT LẬP TRANG THÔNG TIN ĐIỆN TỬ TỔNG HỢP,2013-08-27,Giấy phép (ABEI),123/GP-TTĐT,invalid,https://giayphep.abei.gov.vn/
vinhphuctv.vn,ĐÀI PHÁT THANH VÀ TRUYỀN HÌNH VĨNH PHÚC,GIẤY PHÉP THIẾT LẬP TRANG THÔNG TIN ĐIỆN TỬ TỔNG HỢP,2017-12-07,Giấy phép (ABEI),366/GP-TTĐT,valid,https://giayphep.abei.gov.vn/
vinhyen.vinhphuc.gov.vn,ỦY BAN NHÂN DÂN THÀNH PHỐ VĨNH YÊN,GIẤY PHÉP THIẾT LẬP TRANG THÔNG TIN ĐIỆN TỬ TỔNG HỢP,2013-06-11,Giấy phép (ABEI),76/GP-TTĐT,invalid,https://giayphep.abei.gov.vn/
vinid.vn,CÔNG TY CỔ PHẦN ONEID,GIẤY PHÉP CUNG CẤP DỊCH VỤ MẠNG XÃ HỘI,2020-12-22,Giấy phép (ABEI),614/GP-BTTTT,invalid,https://giayphep.abei.gov.vn/
vinixcorp.vn,CÔNG TY TNHH DỊCH VỤ SỐ PHƯỢNG HOÀNG VIỆT,QUYẾT ĐỊNH PHÁT HÀNH TRÒ CHƠI ĐIỆN TỬ G1 TRÊN MẠNG,2017-01-19,Giấy phép (ABEI),64/QĐ-BTTTT,invalid,https://giayphep.abei.gov.vn/
vinpearl.com,Công ty cổ phần Vin3S,Website - Trang mạng xã hội,,Giấy phép (TVPL PDF),,valid,
vinpearl.info.vn,Công ty cổ phần Vin3S,Website - Trang mạng xã hội,,Giấy phép (TVPL PDF),,valid,
www.vinpearl.com,CÔNG TY CỔ PHẦN VIN3S,GIẤY PHÉP CUNG CẤP DỊCH VỤ MẠNG XÃ HỘI,2021-05-11,Giấy phép (ABEI),253/GP-BTTTT,valid,https://giayphep.abei.gov.vn/
vioit.vn,Tạp chí Nghiên cứu Công nghiệp và Thương mại,"Website - Báo, tạp chí điện tử",,Giấy phép (TVPL PDF),,valid,
vioplay.vn,Công ty Cổ phần công nghệ Vioplay,QUYẾT ĐỊNH PHÁT HÀNH TRÒ CHƠI ĐIỆN TỬ G1 TRÊN MẠNG,2026-05-25,Giấy phép (ABEI),273/QĐ-PTTH&TTĐT,valid,https://giayphep.abei.gov.vn/
vipdata.vn,Công ty TNHH Truyền thông Hồ Huy,Website - Trang TTĐT tổng hợp,,Giấy phép (TVPL PDF),,valid,
vipgame.vn,CÔNG TY CỔ PHẦN ASM VIỆT NAM,QUYẾT ĐỊNH PHÁT HÀNH TRÒ CHƠI ĐIỆN TỬ G1 TRÊN MẠNG,2018-12-10,Giấy phép (ABEI),2118/QĐ-BTTTT,valid,https://giayphep.abei.gov.vn/
vishare.vn,Công ty Cổ phần truyền thông VMG,Website - Trang TTĐT tổng hợp,,Giấy phép (TVPL PDF),,valid,
vishipel.com.vn,CÔNG TY TNHH MTV THÔNG TIN ĐIỆN TỬ HÀNG HẢI VIỆT NAM,GIẤY PHÉP THIẾT LẬP TRANG THÔNG TIN ĐIỆN TỬ TỔNG HỢP,2013-07-16,Giấy phép (ABEI),95/GP-TTĐT,invalid,https://giayphep.abei.gov.vn/
visi.ac.vn,VIỆN NGHIÊN CỨU BIỂN VÀ HẢI ĐẢO,GIẤY PHÉP THIẾT LẬP TRANG THÔNG TIN ĐIỆN TỬ TỔNG HỢP,2018-12-27,Giấy phép (ABEI),321/GP-TTĐT,valid,https://giayphep.abei.gov.vn/
visiongame.vn,CÔNG TY CỔ PHẦN VISION GAME,QUYẾT ĐỊNH PHÁT HÀNH TRÒ CHƠI ĐIỆN TỬ G1 TRÊN MẠNG,2026-07-07,Giấy phép (ABEI),390/QĐ-PTTH&TTĐT,valid,https://giayphep.abei.gov.vn/
www.play.visiongame.vn,CÔNG TY CỔ PHẦN VISION GAME,QUYẾT ĐỊNH PHÁT HÀNH TRÒ CHƠI ĐIỆN TỬ G1 TRÊN MẠNG,2023-08-29,Giấy phép (ABEI),1663/QĐ-BTTTT,invalid,https://giayphep.abei.gov.vn/
visioninveset.com.vn,CÔNG TY CỔ PHẦN ĐẦU TƯ CÔNG NGHỆ VISION INVEST,QUYẾT ĐỊNH PHÁT HÀNH TRÒ CHƠI ĐIỆN TỬ G1 TRÊN MẠNG,2025-01-17,Giấy phép (ABEI),63/QĐ-BTTTT,invalid,https://giayphep.abei.gov.vn/
visioninvest.com.vn,CÔNG TY CỔ PHẦN ĐẦU TƯ CÔNG NGHỆ VISION INVEST ,QUYẾT ĐỊNH PHÁT HÀNH TRÒ CHƠI ĐIỆN TỬ G1 TRÊN MẠNG,2025-05-22,Giấy phép (ABEI),193/QĐ-PTTH&TTĐT,valid,https://giayphep.abei.gov.vn/
visionnetwork.vn,CÔNG TY CỔ PHẦN GIẢI PHÁP SỐ VISION NETWORK VIỆT NAM,QUYẾT ĐỊNH PHÁT HÀNH TRÒ CHƠI ĐIỆN TỬ G1 TRÊN MẠNG,2024-10-18,Giấy phép (ABEI),1788/QĐ-BTTTT,valid,https://giayphep.abei.gov.vn/
vitalk.vn,Công ty Cổ phần Dịch vụ trực tuyến FPT,Website - Trang mạng xã hội,,Giấy phép (TVPL PDF),,valid,
vitanedu.vn,Công ty cổ phần Giáo dục và Phát triển nghề nghiệp BND EDU,Website - Trang mạng xã hội,,Giấy phép (TVPL PDF),,valid,
vitanedu.com,Công ty cổ phần Giáo dục và Phát triển nghề nghiệp BND EDU,Website - Trang mạng xã hội,,Giấy phép (TVPL PDF),,valid,
vitreem.baodansinh.vn,Báo Lao động và xã hội,"Website - Báo, tạp chí điện tử",,Giấy phép (TVPL PDF),,valid,
vitubi.vn,Công ty Cổ phần Đầu tư và Công nghệ GHD,Website - Trang mạng xã hội,,Giấy phép (TVPL PDF),,valid,
vitubi.com,Công ty Cổ phần Đầu tư và Công nghệ GHD,Website - Trang mạng xã hội,,Giấy phép (TVPL PDF),,valid,
viva24h.vn,Công ty cổ phần Quảng cáo trực tuyến 24H,Website - Trang mạng xã hội,,Giấy phép (TVPL PDF),,valid,
viva24h.com.vn,Công ty cổ phần Quảng cáo trực tuyến 24H,Website - Trang mạng xã hội,,Giấy phép (TVPL PDF),,valid,
www.viva24h.com.vn,CÔNG TY CỔ PHẦN QUẢNG CÁO TRỰC TUYẾN 24H,GIẤY PHÉP CUNG CẤP DỊCH VỤ MẠNG XÃ HỘI,2022-01-25,Giấy phép (ABEI),51/GP-BTTTT,valid,https://giayphep.abei.gov.vn/
vivo.vn,CÔNG TY CỔ PHẦN PHÁT TRIỂN TRUYỀN THÔNG VIVO,GIẤY PHÉP CUNG CẤP DỊCH VỤ MẠNG XÃ HỘI,2017-08-29,Giấy phép (ABEI),410/GP-BTTTT,valid,https://giayphep.abei.gov.vn/
vivuvn.com.vn,CÔNG TY CỔ PHẦN CÔNG NGHỆ VIVUVN,GIẤY PHÉP CUNG CẤP DỊCH VỤ MẠNG XÃ HỘI,2023-03-20,Giấy phép (ABEI),84/GP-BTTTT,valid,https://giayphep.abei.gov.vn/
vjias.vn,TẠP CHÍ NGHIÊN CỨU ẤN ĐỘ VÀ CHÂU Á,GIẤY PHÉP THIẾT LẬP TRANG THÔNG TIN ĐIỆN TỬ TỔNG HỢP,2020-11-19,Giấy phép (ABEI),219/GP-TTĐT,valid,https://giayphep.abei.gov.vn/
vjst.vn,Tap chí Khoa học và Công nghệ Việt Nam,"Website - Báo, tạp chí điện tử",,Giấy phép (TVPL PDF),,valid,
vk.360game.vn,CÔNG TY CỔ PHẦN VNG,QUYẾT ĐỊNH PHÁT HÀNH TRÒ CHƠI ĐIỆN TỬ G1 TRÊN MẠNG,2018-03-05,Giấy phép (ABEI),286/QĐ-BTTTT,invalid,https://giayphep.abei.gov.vn/
vkscapcaohanoi.gov.vn,VIỆN KIỂM SÁT NHÂN DÂN CẤP CAO TẠI HÀ NỘI,GIẤY PHÉP THIẾT LẬP TRANG THÔNG TIN ĐIỆN TỬ TỔNG HỢP,2019-02-28,Giấy phép (ABEI),29/GP-TTĐT,valid,https://giayphep.abei.gov.vn/
vkscapcaohcm.gov.vn,VIỆN KIỂM SÁT NHÂN DÂN CẤP CAO - TẠI THÀNH PHỐ HỒ CHÍ MINH (VIỆN CẤP CAO 3),GIẤY PHÉP THIẾT LẬP TRANG THÔNG TIN ĐIỆN TỬ TỔNG HỢP,2017-11-24,Giấy phép (ABEI),350/GP-TTĐT,valid,https://giayphep.abei.gov.vn/
vkskh.gov.vn,VIỆN KIỂM SÁT NHÂN DÂN TỈNH KHÁNH HÒA,GIẤY PHÉP THIẾT LẬP TRANG THÔNG TIN ĐIỆN TỬ TỔNG HỢP,2017-05-24,Giấy phép (ABEI),171/GPSĐBS-TTĐT,invalid,https://giayphep.abei.gov.vn/
vksndtc.gov.vn,VIỆN KIỂM SÁT NHÂN DÂN TỐI CAO,GIẤY PHÉP THIẾT LẬP TRANG THÔNG TIN ĐIỆN TỬ TỔNG HỢP,2019-12-26,Giấy phép (ABEI),243/GP-TTĐT,valid,https://giayphep.abei.gov.vn/
www.vks.gov.vn,VIỆN KIỂM SÁT NHÂN DÂN TỐI CAO,GIẤY PHÉP THIẾT LẬP TRANG THÔNG TIN ĐIỆN TỬ TỔNG HỢP,2019-12-26,Giấy phép (ABEI),243/GP-TTĐT,valid,https://giayphep.abei.gov.vn/
vks.gov.vn,Viện kiểm sát nhân dân tối cao,Website - Trang TTĐT tổng hợp,,Giấy phép (TVPL PDF),,valid,
vlavietnam.org,Hội Chiếu sáng Việt Nam,Website - Trang TTĐT tổng hợp,,Giấy phép (TVPL PDF),,valid,
vlblth.goodgame.vn,CÔNG TY TNHH DROID VIỆT NAM,QUYẾT ĐỊNH PHÁT HÀNH TRÒ CHƠI ĐIỆN TỬ G1 TRÊN MẠNG,2024-10-18,Giấy phép (ABEI),1792/QĐ-BTTTT,valid,https://giayphep.abei.gov.vn/
vlcm.zing.vn,CÔNG TY CỔ PHẦN VNG,QUYẾT ĐỊNH PHÁT HÀNH TRÒ CHƠI ĐIỆN TỬ G1 TRÊN MẠNG,2025-04-04,Giấy phép (ABEI),103/QĐ-PTTH&TTĐT,valid,https://giayphep.abei.gov.vn/
vlcm2.360game.vn,CÔNG TY CỔ PHẦN VNG,QUYẾT ĐỊNH PHÁT HÀNH TRÒ CHƠI ĐIỆN TỬ G1 TRÊN MẠNG,2016-06-01,Giấy phép (ABEI),934/QĐ-BTTTT,invalid,https://giayphep.abei.gov.vn/
vldmt.mgol.vn,CÔNG TY TNHH PHẦN MỀM MGOL,QUYẾT ĐỊNH PHÁT HÀNH TRÒ CHƠI ĐIỆN TỬ G1 TRÊN MẠNG,2024-10-18,Giấy phép (ABEI),1791/QĐ-BTTTT,valid,https://giayphep.abei.gov.vn/
vlike.vn,CÔNG TY TNHH THƯƠNG MẠI VÀ DỊCH VỤ VLIKE,GIẤY PHÉP CUNG CẤP DỊCH VỤ MẠNG XÃ HỘI,2023-02-13,Giấy phép (ABEI),56/GP-BTTTT,valid,https://giayphep.abei.gov.vn/
vlive.com.vn,Tổng Công ty Truyền thông VNPT-MEDIA,Website - Trang TTĐT tổng hợp,,Giấy phép (TVPL PDF),,valid,
vlkh.gamota.com,CÔNG TY CỔ PHẦN GAMOTA,QUYẾT ĐỊNH PHÁT HÀNH TRÒ CHƠI ĐIỆN TỬ G1 TRÊN MẠNG,2021-03-26,Giấy phép (ABEI),389/QĐ-BTTTT,invalid,https://giayphep.abei.gov.vn/
vlkv3d.1618play.vn,CÔNG TY TNHH 1618PLAY,QUYẾT ĐỊNH PHÁT HÀNH TRÒ CHƠI ĐIỆN TỬ G1 TRÊN MẠNG,2021-06-10,Giấy phép (ABEI),795/QĐ-BTTTT,valid,https://giayphep.abei.gov.vn/
vlogplus.vn,CÔNG TY CỔ PHẦN CÔNG NGHỆ VÀ TRUYỀN THÔNG VLOGPLUS VIỆT NAM,Website - Trang mạng xã hội,,Giấy phép (TVPL PDF),,valid,
vlr.vn,TẠP CHÍ VIỆT NAM LOGISTICS REVIEW,GIẤY PHÉP THIẾT LẬP TRANG THÔNG TIN ĐIỆN TỬ TỔNG HỢP,2015-12-29,Giấy phép (ABEI),179/GP-TTĐT,valid,https://giayphep.abei.gov.vn/
vltb.gamota.com,CÔNG TY CỔ PHẦN GAMOTA,QUYẾT ĐỊNH PHÁT HÀNH TRÒ CHƠI ĐIỆN TỬ G1 TRÊN MẠNG,2020-10-26,Giấy phép (ABEI),1804/QĐ-BTTTT,valid,https://giayphep.abei.gov.vn/
vlth.vgpjsc.vn,CÔNG TY CỔ PHẦN VGP,QUYẾT ĐỊNH PHÁT HÀNH TRÒ CHƠI ĐIỆN TỬ G1 TRÊN MẠNG,2018-07-26,Giấy phép (ABEI),1245/QĐ-BTTTT,invalid,https://giayphep.abei.gov.vn/
vlthientuyet.vn,Công ty Cổ phần Cmatict,QUYẾT ĐỊNH PHÁT HÀNH TRÒ CHƠI ĐIỆN TỬ G1 TRÊN MẠNG,2026-07-17,Giấy phép (ABEI),428/QĐ-PTTH&TTĐT,valid,https://giayphep.abei.gov.vn/
vltk.vgpjsc.vn,CÔNG TY CỔ PHẦN VGP,QUYẾT ĐỊNH PHÁT HÀNH TRÒ CHƠI ĐIỆN TỬ G1 TRÊN MẠNG,2017-12-04,Giấy phép (ABEI),2222/QĐ-BTTTT,invalid,https://giayphep.abei.gov.vn/
vltk20.vnggames.com,Công ty Cổ phần Tập đoàn VNG,QUYẾT ĐỊNH PHÁT HÀNH TRÒ CHƠI ĐIỆN TỬ G1 TRÊN MẠNG,2025-04-17,Giấy phép (ABEI),329/QĐ-PTTH&TTĐT,valid,https://giayphep.abei.gov.vn/
vltk3d.vn,CÔNG TY CỔ PHẦN TEPAYLINK ,QUYẾT ĐỊNH PHÁT HÀNH TRÒ CHƠI ĐIỆN TỬ G1 TRÊN MẠNG,2026-07-17,Giấy phép (ABEI),427/QĐ-PTTH&TTĐT,valid,https://giayphep.abei.gov.vn/
vltkevo.vnggames.com,CÔNG TY CỔ PHẦN TẬP ĐOÀN VNG ,QUYẾT ĐỊNH PHÁT HÀNH TRÒ CHƠI ĐIỆN TỬ G1 TRÊN MẠNG,2026-06-10,Giấy phép (ABEI),337/QĐ-PTTH&TTĐT,valid,https://giayphep.abei.gov.vn/
vltkh5.zagoo.vn,CÔNG TY TNHH ZIE,QUYẾT ĐỊNH PHÁT HÀNH TRÒ CHƠI ĐIỆN TỬ G1 TRÊN MẠNG,2025-02-18,Giấy phép (ABEI),39/QĐ-PTTH&TTĐT,invalid,https://giayphep.abei.gov.vn/
vltkh5.zalogames.me,CÔNG TY TNHH ZIE,QUYẾT ĐỊNH PHÁT HÀNH TRÒ CHƠI ĐIỆN TỬ G1 TRÊN MẠNG,2026-05-18,Giấy phép (ABEI),257/QĐ-PTTH&TTĐT,valid,https://giayphep.abei.gov.vn/
vltkh5.zing.vn,CÔNG TY CỔ PHẦN VNG,QUYẾT ĐỊNH PHÁT HÀNH TRÒ CHƠI ĐIỆN TỬ G1 TRÊN MẠNG,2018-09-24,Giấy phép (ABEI),345/QĐ-BTTTT,invalid,https://giayphep.abei.gov.vn/
vltkm.360game.vn,CÔNG TY CỔ PHẦN VNG,QUYẾT ĐỊNH PHÁT HÀNH TRÒ CHƠI ĐIỆN TỬ G1 TRÊN MẠNG,2016-12-14,Giấy phép (ABEI),2220/QĐ-BTTTT,invalid,https://giayphep.abei.gov.vn/
vltkm.zing.vn,CÔNG TY CỔ PHẦN VNG,QUYẾT ĐỊNH PHÁT HÀNH TRÒ CHƠI ĐIỆN TỬ G1 TRÊN MẠNG,2025-06-20,Giấy phép (ABEI),265/QĐ-PTTH&TTĐT,invalid,https://giayphep.abei.gov.vn/
vltkmax.zing.vn,CÔNG TY CỔ PHẦN VNG,QUYẾT ĐỊNH PHÁT HÀNH TRÒ CHƠI ĐIỆN TỬ G1 TRÊN MẠNG,2022-07-25,Giấy phép (ABEI),1432/QĐ-BTTTT,invalid,https://giayphep.abei.gov.vn/
vltkw.zing.vn,CÔNG TY CỔ PHẦN VNG,QUYẾT ĐỊNH PHÁT HÀNH TRÒ CHƠI ĐIỆN TỬ G1 TRÊN MẠNG,2017-03-05,Giấy phép (ABEI),661/QĐ-BTTTT,invalid,https://giayphep.abei.gov.vn/
vltn.fingame.vn,CÔNG TY CỔ PHẦN GIẢI TRÍ VÀ CÔNG NGHỆ PERFIN,QUYẾT ĐỊNH PHÁT HÀNH TRÒ CHƠI ĐIỆN TỬ G1 TRÊN MẠNG,2025-09-26,Giấy phép (ABEI),418/QĐ-PTTH&TTĐT,invalid,https://giayphep.abei.gov.vn/
vltn.pgame.vn,CÔNG TY CỔ PHẦN GIẢI TRÍ VÀ CÔNG NGHỆ PERFIN,QUYẾT ĐỊNH PHÁT HÀNH TRÒ CHƠI ĐIỆN TỬ G1 TRÊN MẠNG,2026-03-31,Giấy phép (ABEI),161/QĐ-PTTH&TTĐT,valid,https://giayphep.abei.gov.vn/
vma.channel,Công ty TNHH Vietnam Music Award,"MXH - Cá nhân, tổ chức",,Giấy phép (TVPL PDF),,valid,
vmah.zoneplay.vn,CÔNG TY CỔ PHẦN GZONE MEDIA VIỆT NAM ,QUYẾT ĐỊNH PHÁT HÀNH TRÒ CHƠI ĐIỆN TỬ G1 TRÊN MẠNG,2026-03-31,Giấy phép (ABEI),160/QĐ-PTTH&TTĐT,valid,https://giayphep.abei.gov.vn/
vmeegame.vn,CÔNG TY TNHH VMGE,QUYẾT ĐỊNH PHÁT HÀNH TRÒ CHƠI ĐIỆN TỬ G1 TRÊN MẠNG,2023-06-09,Giấy phép (ABEI),1014/QĐ-BTTTT,invalid,https://giayphep.abei.gov.vn/
vmge.vn,CÔNG TY TNHH VMGE,QUYẾT ĐỊNH PHÁT HÀNH TRÒ CHƠI ĐIỆN TỬ G1 TRÊN MẠNG,2025-04-09,Giấy phép (ABEI),106/QĐ-PTTH&TTĐT,valid,https://giayphep.abei.gov.vn/
www.vmgegame.vn,CÔNG TY TNHH VMGE,QUYẾT ĐỊNH PHÁT HÀNH TRÒ CHƠI ĐIỆN TỬ G1 TRÊN MẠNG,2024-08-14,Giấy phép (ABEI),1360/QĐ-BTTTT,valid,https://giayphep.abei.gov.vn/
vmgegame.vn,CÔNG TY TNHH VMGE,QUYẾT ĐỊNH PHÁT HÀNH TRÒ CHƠI ĐIỆN TỬ G1 TRÊN MẠNG,2024-05-31,Giấy phép (ABEI),887/QĐ-BTTTT,valid,https://giayphep.abei.gov.vn/
vmkt.zoneplay.vn,CÔNG TY TNHH GZONE MEDIA VIỆT NAM,QUYẾT ĐỊNH PHÁT HÀNH TRÒ CHƠI ĐIỆN TỬ G1 TRÊN MẠNG,2021-02-05,Giấy phép (ABEI),149/QĐ-BTTTT,valid,https://giayphep.abei.gov.vn/
vmobile.com.vn,Công ty TNHH Cung cấp Giải pháp Dịch vụ Giá trị Gia tăng,Website - Trang TTĐT tổng hợp,,Giấy phép (TVPL PDF),,valid,
vmth.zoneplay,CÔNG TY CỔ PHẦN GZONE MEDIA VIỆT NAM,QUYẾT ĐỊNH PHÁT HÀNH TRÒ CHƠI ĐIỆN TỬ G1 TRÊN MẠNG,2023-03-30,Giấy phép (ABEI),497/QĐ-BTTTT,valid,https://giayphep.abei.gov.vn/
vmusicchart.vn,Trung tâm Báo chí và Hợp tác Truyền thông quốc tế,Website - Trang mạng xã hội,,Giấy phép (TVPL PDF),,valid,
vmuzik.vn,Công ty cổ phần Truyền thông Hội tụ Việt Nam,Website - Trang mạng xã hội,,Giấy phép (TVPL PDF),,valid,
tv.nguoiduatin.vn,Tạp chí Đời sống và Pháp luật,"Website - Báo, tạp chí điện tử",,Giấy phép (TVPL PDF),,valid,
vn-z.vn,CÔNG TY TNHH CÔNG NGHỆ KHOÁNG SẢN MINH DŨNG,GIẤY PHÉP CUNG CẤP DỊCH VỤ MẠNG XÃ HỘI,2019-09-13,Giấy phép (ABEI),386/GP-BTTTT,valid,https://giayphep.abei.gov.vn/
vnapost.vn,Công ty CP APPOLLO,Website - Trang TTĐT tổng hợp,,Giấy phép (TVPL PDF),,valid,
vnay.com.vn,Công ty TNHH Công nghệ Mạng Thông tin Việt Nam,Website - Trang mạng xã hội,,Giấy phép (TVPL PDF),,valid,
vnb.com.vn,CÔNG TY CỔ PHẦN QUẢNG CÁO PHÁT HÀNH DOANH NHÂN,GIẤY PHÉP CUNG CẤP DỊCH VỤ MẠNG XÃ HỘI,2020-11-26,Giấy phép (ABEI),547/GP-BTTTT,valid,https://giayphep.abei.gov.vn/
vnba.org.vn,HIỆP HỘI NGÂN HÀNG VIỆT NAM,GIẤY PHÉP THIẾT LẬP TRANG THÔNG TIN ĐIỆN TỬ TỔNG HỢP,2021-03-09,Giấy phép (ABEI),34/GP-TTĐT,valid,https://giayphep.abei.gov.vn/
vnbrands.vn,CÔNG TY CỔ PHẦN THƯƠNG HIỆU VIỆT NAM,GIẤY PHÉP CUNG CẤP DỊCH VỤ MẠNG XÃ HỘI,2020-11-25,Giấy phép (ABEI),546/GP-BTTTT,valid,https://giayphep.abei.gov.vn/
vnbusiness.vn,Tạp chí Kinh doanh Liên minh Hợp tác xã Việt Nam,"Website - Báo, tạp chí điện tử",,Giấy phép (TVPL PDF),,valid,
vnca.cand.com.vn,Báo Công an nhân dân,"Website - Báo, tạp chí điện tử",,Giấy phép (TVPL PDF),,valid,
vncdc.gov.vn,CỤC Y TẾ DỰ PHÒNG,GIẤY PHÉP THIẾT LẬP TRANG THÔNG TIN ĐIỆN TỬ TỔNG HỢP,2013-02-27,Giấy phép (ABEI),18/GP-TTĐT,invalid,https://giayphep.abei.gov.vn/
vndiaoc.vn,Công ty Cổ phần VN Địa Ốc (http://vndiaoc.com),Website - Trang TTĐT tổng hợp,,Giấy phép (TVPL PDF),,valid,
vndoc.com,CT CP Mạng trực tuyến Meta (vndoc),Website - Trang mạng xã hội,,Giấy phép (TVPL PDF),,valid,
vndoc.com.vn,CT CP Mạng trực tuyến Meta (vndoc),Website - Trang mạng xã hội,,Giấy phép (TVPL PDF),,valid,
vnduca.com.vn,CÔNG TY CỔ PHẦN PHÁT TRIỂN ỨNG DỤNG DI ĐỘNG SÁNG TẠO HỮU ÍCH,GIẤY PHÉP CUNG CẤP DỊCH VỤ MẠNG XÃ HỘI,2020-07-30,Giấy phép (ABEI),329/GP-BTTTT,invalid,https://giayphep.abei.gov.vn/
www.duca.vn,CÔNG TY CỔ PHẦN PHÁT TRIỂN ỨNG DỤNG DI ĐỘNG SÁNG TẠO HỮU ÍCH,GIẤY PHÉP CUNG CẤP DỊCH VỤ MẠNG XÃ HỘI,2021-07-13,Giấy phép (ABEI),435/GP-BTTTT,valid,https://giayphep.abei.gov.vn/
vneconomy.vnvneconomicti,Tạp chí Kinh tế Việt Nam,"Website - Báo, tạp chí điện tử",,Giấy phép (TVPL PDF),,valid,
vneec.gov.vn,Vụ Tiết kiệm năng lượng và Phát triển bền vững,Website - Trang TTĐT tổng hợp,,Giấy phép (TVPL PDF),,valid,
vneva.vn,Công ty Cổ phần Giải pháp Truyền thông di động,Website - Trang TTĐT tổng hợp,,Giấy phép (TVPL PDF),,valid,
vneva.net,Công ty Cổ phần Giải pháp Truyền thông di động,Website - Trang TTĐT tổng hợp,,Giấy phép (TVPL PDF),,valid,
vnews.gov.vn,TRUNG TÂM TRUYỀN HÌNH THÔNG TẤN,GIẤY PHÉP THIẾT LẬP TRANG THÔNG TIN ĐIỆN TỬ TỔNG HỢP,2017-11-03,Giấy phép (ABEI),329/GP-TTĐT,valid,https://giayphep.abei.gov.vn/
vnexpress.net,Báo VnExpress,"Website - Báo, tạp chí điện tử",,Giấy phép (TVPL PDF),,valid,
vnf.info.vn,CÔNG TY CỔ PHẦN PHÁT TRIỂN TRUYỀN THÔNG NGÔI SAO MỚI,GIẤY PHÉP CUNG CẤP DỊCH VỤ MẠNG XÃ HỘI,2021-02-08,Giấy phép (ABEI),108/GP-BTTTT,valid,https://giayphep.abei.gov.vn/
vnfinance.vn,Công ty Cổ phần Phát triển Truyền thông Thời Đại,Website - Trang TTĐT tổng hợp,,Giấy phép (TVPL PDF),,valid,
vnfocus.vn,Công ty Cổ phần Truyền thông VNFocus,Website - Trang TTĐT tổng hợp,,Giấy phép (TVPL PDF),,valid,
vng.com,CÔNG TY CỔ PHẦN VNG,QUYẾT ĐỊNH PHÁT HÀNH TRÒ CHƠI ĐIỆN TỬ G1 TRÊN MẠNG,2016-12-30,Giấy phép (ABEI),2363/QĐ-BTTTT,invalid,https://giayphep.abei.gov.vn/
vng.com.vn,CÔNG TY CỔ PHẦN VNG,QUYẾT ĐỊNH PHÁT HÀNH TRÒ CHƠI ĐIỆN TỬ G1 TRÊN MẠNG,2016-06-28,Giấy phép (ABEI),1110/QĐ-BTTTT,invalid,https://giayphep.abei.gov.vn/
vngaynay.vn,Công ty TNHH Công nghệ Mạng Thông tin Việt Nam,Website - Trang TTĐT tổng hợp,,Giấy phép (TVPL PDF),,valid,
vnggames.com,CÔNG TY CỔ PHẦN TẬP ĐOÀN VNG,QUYẾT ĐỊNH PHÁT HÀNH TRÒ CHƠI ĐIỆN TỬ G1 TRÊN MẠNG,2025-08-15,Giấy phép (ABEI),361 /QĐ-PTTH&TTĐT,invalid,https://giayphep.abei.gov.vn/
vnggames.net,CÔNG TY CỔ PHẦN VNG,QUYẾT ĐỊNH PHÁT HÀNH TRÒ CHƠI ĐIỆN TỬ G1 TRÊN MẠNG,2024-03-19,Giấy phép (ABEI),342/QĐ-BTTTT,invalid,https://giayphep.abei.gov.vn/
vngreen.vn,TẠP CHÍ KINH TẾ MÔI TRƯỜNG,GIẤY PHÉP CUNG CẤP DỊCH VỤ MẠNG XÃ HỘI,2021-03-10,Giấy phép (ABEI),151/GP-BTTTT,valid,https://giayphep.abei.gov.vn/
vnhomnay.net,Công ty Cổ phần Lũng Vàng,Website - Trang mạng xã hội,,Giấy phép (TVPL PDF),,valid,
vnhomnay.vn,Công ty Cổ phần Lũng Vàng,Website - Trang mạng xã hội,,Giấy phép (TVPL PDF),,valid,
vnhot.vn,Trung tâm Điều phối Quốc gia về ghép bộ phận cơ thể người,Website - Trang TTĐT tổng hợp,,Giấy phép (TVPL PDF),,valid,
vnhot.com.vn,Trung tâm Điều phối Quốc gia về ghép bộ phận cơ thể người,Website - Trang TTĐT tổng hợp,,Giấy phép (TVPL PDF),,valid,
vnidols.vn,Công ty Cổ phần Giải pháp Truyền thông di động,Website - Trang TTĐT tổng hợp,,Giấy phép (TVPL PDF),,valid,
vnidols.com,Công ty Cổ phần Giải pháp Truyền thông di động,Website - Trang TTĐT tổng hợp,,Giấy phép (TVPL PDF),,valid,
vnids.vn,Công ty Cổ phần phần mềm số Việt Nam,Website - Trang TTĐT tổng hợp,,Giấy phép (TVPL PDF),,valid,
vninfo.vn,Công ty TNHH Phát triển Truyền thông và Quảng cáo,Website - Trang TTĐT tổng hợp,,Giấy phép (TVPL PDF),,valid,
vninfor.vn,Công ty Cổ phần Thông tin Trung ương,Website - Trang TTĐT tổng hợp,,Giấy phép (TVPL PDF),,valid,
vninsider.vn,Công ty Cổ phần Truyền thông DAMORD,Website - Trang TTĐT tổng hợp,,Giấy phép (TVPL PDF),,valid,
vnleague.vn,Công ty Cổ phần Bóng đá Chuyên nghiệp Việt Nam,Website - Trang TTĐT tổng hợp,,Giấy phép (TVPL PDF),,valid,
vnleague.com,Công ty Cổ phần Bóng đá Chuyên nghiệp Việt Nam,Website - Trang TTĐT tổng hợp,,Giấy phép (TVPL PDF),,valid,
vnmedia.com.vn,Tạp chí điện tử Vn Media,"Website - Báo, tạp chí điện tử",,Giấy phép (TVPL PDF),,valid,
media.vn,Tạp chí điện tử Vn Media,"Website - Báo, tạp chí điện tử",,Giấy phép (TVPL PDF),,valid,
vnmedia.vn,Tạp chí điện tử Vn Media,"Website - Báo, tạp chí điện tử",,Giấy phép (TVPL PDF),,valid,
vnmh.com.vn,Bảo tàng Lịch sử Quốc gia,Website - Trang TTĐT tổng hợp,,Giấy phép (TVPL PDF),,valid,
vnnic.vn,TRUNG TÂM INTERNET VIỆT NAM,GIẤY PHÉP THIẾT LẬP TRANG THÔNG TIN ĐIỆN TỬ TỔNG HỢP,2020-04-24,Giấy phép (ABEI),51/GP-TTĐT,invalid,https://giayphep.abei.gov.vn/
vnnnet.vn,Công ty TNHH MTV Thiết kế Truyền thông Tủ sách Văn hóa Việt,Website - Trang mạng xã hội,,Giấy phép (TVPL PDF),,valid,
vnnplus.vn,CÔNG TY CỔ PHẦN TRUYỀN THÔNG VNNPLUS,QUYẾT ĐỊNH PHÁT HÀNH TRÒ CHƠI ĐIỆN TỬ G1 TRÊN MẠNG,2016-02-22,Giấy phép (ABEI),245/QĐ-BTTTT,invalid,https://giayphep.abei.gov.vn/
vnpt.vn,TRUNG TÂM THÔNG TIN VÀ QUAN HỆ CÔNG CHÚNG,GIẤY PHÉP THIẾT LẬP TRANG THÔNG TIN ĐIỆN TỬ TỔNG HỢP,2013-01-16,Giấy phép (ABEI),06/GP-TTĐT,invalid,https://giayphep.abei.gov.vn/
vnpt.com.vn,Tập đoàn Bưu chính Viễn thông Việt Nam,Website - Trang TTĐT tổng hợp,,Giấy phép (TVPL PDF),,valid,
vnptnet.vn,Tổng Công ty Hạ tầng mạng,Website - Trang TTĐT tổng hợp,,Giấy phép (TVPL PDF),,valid,
vnr.net.vn,CÔNG TY CỔ PHẦN BKAV,GIẤY PHÉP CUNG CẤP DỊCH VỤ MẠNG XÃ HỘI,2019-12-19,Giấy phép (ABEI),559/GP-BTTTT,invalid,https://giayphep.abei.gov.vn/
www.vnreview.vn,CÔNG TY CỔ PHẦN BKAV,GIẤY PHÉP CUNG CẤP DỊCH VỤ MẠNG XÃ HỘI,2022-10-17,Giấy phép (ABEI),499/GP-BTTTT,valid,https://giayphep.abei.gov.vn/
vnr500.com.vn,CÔNG TY CỔ PHẦN BÁO CÁO ĐÁNH GIÁ VIỆT NAM,GIẤY PHÉP CUNG CẤP DỊCH VỤ MẠNG XÃ HỘI,2019-10-16,Giấy phép (ABEI),447/GP-BTTTT,valid,https://giayphep.abei.gov.vn/
vnreaders.vn,Công ty TNHH VNREADERS,Website - Trang mạng xã hội,,Giấy phép (TVPL PDF),,valid,
vnreport.vn,CÔNG TY TNHH TRUYỀN THÔNG ĐA PHƯƠNG TIỆN DIGIMOVE,GIẤY PHÉP CUNG CẤP DỊCH VỤ MẠNG XÃ HỘI,2021-06-02,Giấy phép (ABEI),330/GP-BTTTT,valid,https://giayphep.abei.gov.vn/
vnshowbiz.vn,Công ty TNHH Dịch vụ Truyền thông Bình Minh,Website - Trang TTĐT tổng hợp,,Giấy phép (TVPL PDF),,valid,
vnstelecom.vn,CÔNG TY CỔ PHẦN GIẢI PHÁP VÀ DỊCH VỤ VIỄN THÔNG VIỆT NAM,QUYẾT ĐỊNH PHÁT HÀNH TRÒ CHƠI ĐIỆN TỬ G1 TRÊN MẠNG,2016-03-30,Giấy phép (ABEI),452/QĐ-BTTTT,invalid,https://giayphep.abei.gov.vn/
vnstock.vn,Công ty TNHH phát triển thương mại và truyền thông Bình Minh,Website - Trang TTĐT tổng hợp,,Giấy phép (TVPL PDF),,valid,
vnta.gov.vn,CỤC VIỄN THÔNG,GIẤY PHÉP THIẾT LẬP TRANG THÔNG TIN ĐIỆN TỬ TỔNG HỢP,2015-12-01,Giấy phép (ABEI),167/GP-TTĐT,valid,https://giayphep.abei.gov.vn/
vntactic.vn,CÔNG TY CỔ PHẦN VIỆT NAM TACTIC,QUYẾT ĐỊNH PHÁT HÀNH TRÒ CHƠI ĐIỆN TỬ G1 TRÊN MẠNG,2020-01-21,Giấy phép (ABEI),116/QĐ-BTTTT,valid,https://giayphep.abei.gov.vn/
vntime.vn,TRUNG TÂM DOANH NGHIỆP HỘI NHẬP VÀ PHÁT TRIỂN,GIẤY PHÉP THIẾT LẬP TRANG THÔNG TIN ĐIỆN TỬ TỔNG HỢP,2016-04-06,Giấy phép (ABEI),28/GP-TTĐT,valid,https://giayphep.abei.gov.vn/
vntimes.vn,Tạp chí điện tử Saostar,"Website - Báo, tạp chí điện tử",,Giấy phép (TVPL PDF),,valid,
vntraveler.vn,Công ty CP Ứng dụng Công nghệ Du lịch Việt Nam,Website - Trang TTĐT tổng hợp,,Giấy phép (TVPL PDF),,valid,
vnu.edu.vn,Đại học Quốc gia Hà Nội,Website - Trang TTĐT tổng hợp,,Giấy phép (TVPL PDF),,valid,
vnvim.vn,VIỆN BÁO CHÍ VÀ TRUYỀN THÔNG XÃ HỘI,GIẤY PHÉP THIẾT LẬP TRANG THÔNG TIN ĐIỆN TỬ TỔNG HỢP,2018-11-16,Giấy phép (ABEI),293/GP-TTĐT,invalid,https://giayphep.abei.gov.vn/
vnvm.vn,VIỆN BÁO CHÍ VÀ TRUYỀN THÔNG XÃ HỘI,GIẤY PHÉP THIẾT LẬP TRANG THÔNG TIN ĐIỆN TỬ TỔNG HỢP,2024-01-12,Giấy phép (ABEI),06/GP-TTĐT,valid,https://giayphep.abei.gov.vn/
vobth.gosu.vn,CÔNG TY CỔ PHẦN TRỰC TUYẾN GOSU,QUYẾT ĐỊNH PHÁT HÀNH TRÒ CHƠI ĐIỆN TỬ G1 TRÊN MẠNG,2019-03-25,Giấy phép (ABEI),359/QĐ-BTTTT,invalid,https://giayphep.abei.gov.vn/
vocuctamquoc.vn,CÔNG TY CỔ PHẦN FUNTAP,QUYẾT ĐỊNH PHÁT HÀNH TRÒ CHƠI ĐIỆN TỬ G1 TRÊN MẠNG,2018-09-11,Giấy phép (ABEI),1483/QĐ-BTTTT,valid,https://giayphep.abei.gov.vn/
vocuctiendo.cmn.vn,CÔNG TY CỔ PHẦN TRỰC TUYẾN CMN VIỆT NAM,QUYẾT ĐỊNH PHÁT HÀNH TRÒ CHƠI ĐIỆN TỬ G1 TRÊN MẠNG,2023-11-22,Giấy phép (ABEI),2309/QĐ-BTTTT,valid,https://giayphep.abei.gov.vn/
vodanhkiem.playfun.vn,CÔNG TY CỔ PHẦN FUNTAP,QUYẾT ĐỊNH PHÁT HÀNH TRÒ CHƠI ĐIỆN TỬ G1 TRÊN MẠNG,2020-06-26,Giấy phép (ABEI),1070 /QĐ-BTTTT,valid,https://giayphep.abei.gov.vn/
vodichquocgia.com,Công ty Cổ phần Bóng đá Chuyên nghiệp Việt Nam,Website - Trang TTĐT tổng hợp,,Giấy phép (TVPL PDF),,valid,
vodichquocgia.vn,Công ty Cổ phần Bóng đá Chuyên nghiệp Việt Nam,Website - Trang TTĐT tổng hợp,,Giấy phép (TVPL PDF),,valid,
vodichtamquoc.vn,CÔNG TY CỔ PHẦN VCCORP,QUYẾT ĐỊNH PHÁT HÀNH TRÒ CHƠI ĐIỆN TỬ G1 TRÊN MẠNG,2018-03-20,Giấy phép (ABEI),389/QĐ-BTTTT,invalid,https://giayphep.abei.gov.vn/
vodichtutiengioi.vn,CÔNG TY CỔ PHẦN VTC DỊCH VỤ DI ĐỘNG,QUYẾT ĐỊNH PHÁT HÀNH TRÒ CHƠI ĐIỆN TỬ G1 TRÊN MẠNG,2026-04-15,Giấy phép (ABEI),194/QĐ-PTTH&TTĐT,valid,https://giayphep.abei.gov.vn/
voh.com.vn,ĐÀI TIẾNG NÓI NHÂN DÂN THÀNH PHỐ HỒ CHÍ MINH,GIẤY PHÉP THIẾT LẬP TRANG THÔNG TIN ĐIỆN TỬ TỔNG HỢP,2020-07-08,Giấy phép (ABEI),114/GP-TTĐT,valid,https://giayphep.abei.gov.vn/
vohiep.fungames.vn,CÔNG TY TNHH TRUYỀN THÔNG FUNFINITY STUDIO,QUYẾT ĐỊNH PHÁT HÀNH TRÒ CHƠI ĐIỆN TỬ G1 TRÊN MẠNG,2026-02-10,Giấy phép (ABEI),68/QĐ-PTTH&TTĐT,valid,https://giayphep.abei.gov.vn/
vohonchien.vn,CÔNG TY CỔ PHẦN VTC DỊCH VỤ DI ĐỘNG,QUYẾT ĐỊNH PHÁT HÀNH TRÒ CHƠI ĐIỆN TỬ G1 TRÊN MẠNG,2019-12-16,Giấy phép (ABEI),2195/QĐ-BTTTT,invalid,https://giayphep.abei.gov.vn/
vohondailuc.vnggames.co,CÔNG TY CỔ PHẦN TẬP ĐOÀN VNG,QUYẾT ĐỊNH PHÁT HÀNH TRÒ CHƠI ĐIỆN TỬ G1 TRÊN MẠNG,2024-05-10,Giấy phép (ABEI),758 /QĐ-BTTTT,invalid,https://giayphep.abei.gov.vn/
vohondailuc.vnggames.com,CÔNG TY CỔ PHẦN VNG,QUYẾT ĐỊNH PHÁT HÀNH TRÒ CHƠI ĐIỆN TỬ G1 TRÊN MẠNG,2024-05-10,Giấy phép (ABEI),758/QĐ-BTTTT,invalid,https://giayphep.abei.gov.vn/
voicebox.vn,CÔNG TY CỔ PHẦN DỊCH VỤ VÀ TRUYỀN THÔNG CÔNG NGHỆ CAO HTSG,GIẤY PHÉP CUNG CẤP DỊCH VỤ MẠNG XÃ HỘI,2020-01-20,Giấy phép (ABEI),33/GP-BTTTT,valid,https://giayphep.abei.gov.vn/
voicefun.vn,Công ty Cổ phần Công nghệ Kỹ thuật Vtech,Website - Trang mạng xã hội,,Giấy phép (TVPL PDF),,valid,
volam.com.vn,CÔNG TY CỔ PHẦN VNG,QUYẾT ĐỊNH PHÁT HÀNH TRÒ CHƠI ĐIỆN TỬ G1 TRÊN MẠNG,2025-04-08,Giấy phép (ABEI),104/QĐ-PTTH&TTĐT,valid,https://giayphep.abei.gov.vn/
volam.sohagame.vn,CÔNG TY CỔ PHẦN VCCORP,QUYẾT ĐỊNH PHÁT HÀNH TRÒ CHƠI ĐIỆN TỬ G1 TRÊN MẠNG,2018-04-05,Giấy phép (ABEI),487/QĐ-BTTTT,invalid,https://giayphep.abei.gov.vn/
volam2.vngames.com,CÔNG TY CỔ PHẦN VNG,QUYẾT ĐỊNH PHÁT HÀNH TRÒ CHƠI ĐIỆN TỬ G1 TRÊN MẠNG,2025-04-04,Giấy phép (ABEI),101/QĐ-PTTH&TTĐT,valid,https://giayphep.abei.gov.vn/
volam2.vnggames.com,CÔNG TY CỔ PHẦN VNG,QUYẾT ĐỊNH PHÁT HÀNH TRÒ CHƠI ĐIỆN TỬ G1 TRÊN MẠNG,2025-04-04,Giấy phép (ABEI),101/QĐ-PTTH&TTĐT,valid,https://giayphep.abei.gov.vn/
volamdaihiekhach.sohaga,CÔNG TY TNHH SOHA ,QUYẾT ĐỊNH PHÁT HÀNH TRÒ CHƠI ĐIỆN TỬ G1 TRÊN MẠNG,2025-10-16,Giấy phép (ABEI),459/QĐ-PTTH&TTĐT,invalid,https://giayphep.abei.gov.vn/
volamhacdao.sohagame.vn,CÔNG TY TNHH SOHA,QUYẾT ĐỊNH PHÁT HÀNH TRÒ CHƠI ĐIỆN TỬ G1 TRÊN MẠNG,2026-01-20,Giấy phép (ABEI),19/QĐ-PTTH&TTĐT,valid,https://giayphep.abei.gov.vn/
volamm.vnggames.com,CÔNG TY CỔ PHẦN TẬP ĐOÀN VNG,QUYẾT ĐỊNH PHÁT HÀNH TRÒ CHƠI ĐIỆN TỬ G1 TRÊN MẠNG,2026-01-23,Giấy phép (ABEI),27 /QĐ-PTTH&TTĐT,valid,https://giayphep.abei.gov.vn/
volamm.zing.vn,CÔNG TY CỔ PHẦN VNG,QUYẾT ĐỊNH PHÁT HÀNH TRÒ CHƠI ĐIỆN TỬ G1 TRÊN MẠNG,2020-08-11,Giấy phép (ABEI),1371/QĐ-BTTTT,invalid,https://giayphep.abei.gov.vn/
volammienphi.vnggames.com,CÔNG TY CỔ PHẦN VNG,QUYẾT ĐỊNH PHÁT HÀNH TRÒ CHƠI ĐIỆN TỬ G1 TRÊN MẠNG,2025-05-30,Giấy phép (ABEI),219/QĐ-PTTH&TTĐT,valid,https://giayphep.abei.gov.vn/
volamminhchu.vn,CÔNG TY CỔ PHẦN VTC DỊCH VỤ DI ĐỘNG,QUYẾT ĐỊNH PHÁT HÀNH TRÒ CHƠI ĐIỆN TỬ G1 TRÊN MẠNG,2017-01-13,Giấy phép (ABEI),48/QĐ-BTTTT,invalid,https://giayphep.abei.gov.vn/
volamnh.vnggames.com,CÔNG TY CỔ PHẦN VNG,QUYẾT ĐỊNH PHÁT HÀNH TRÒ CHƠI ĐIỆN TỬ G1 TRÊN MẠNG,2022-11-16,Giấy phép (ABEI),2099/QĐ-BTTTT,invalid,https://giayphep.abei.gov.vn/
volamtk.vn,CÔNG TY CỔ PHẦN VTC DỊCH VỤ DI ĐỘNG,QUYẾT ĐỊNH PHÁT HÀNH TRÒ CHƠI ĐIỆN TỬ G1 TRÊN MẠNG,2016-12-14,Giấy phép (ABEI),2225/QĐ-BTTTT,invalid,https://giayphep.abei.gov.vn/
volleyball.vn,Công ty Cổ phần truyền thông Văn hóa việt,Website - Trang TTĐT tổng hợp,,Giấy phép (TVPL PDF),,valid,
volo.vplay.vn,CÔNG TY CỔ PHẦN TRUYỀN HÌNH TƯƠNG TÁC VIỆT NAM,"GIẤY XÁC NHẬN THÔNG BÁO PHÁT HÀNH TRÒ CHƠI ĐIỆN TỬ G2,G3,G4",2023-01-17,Giấy phép (ABEI),07/GXN-PTTH&TTĐT,invalid,https://giayphep.abei.gov.vn/
vosongtaydu.vn,CÔNG TY CỔ PHẦN JOYMI ENTERTAINMENT,"GIẤY XÁC NHẬN THÔNG BÁO PHÁT HÀNH TRÒ CHƠI ĐIỆN TỬ G2,G3,G4",2017-03-10,Giấy phép (ABEI),84/GXN-PTTH&TTĐT,valid,https://giayphep.abei.gov.vn/
vothan.gaba.vn,CÔNG TY CỔ PHẦN TRÒ CHƠI VEGA,QUYẾT ĐỊNH PHÁT HÀNH TRÒ CHƠI ĐIỆN TỬ G1 TRÊN MẠNG,2018-06-08,Giấy phép (ABEI),887/QĐ-BTTTT,invalid,https://giayphep.abei.gov.vn/
vothan3q.playfun.vn,CÔNG TY CỔ PHẦN FUNTAP,QUYẾT ĐỊNH PHÁT HÀNH TRÒ CHƠI ĐIỆN TỬ G1 TRÊN MẠNG,2020-05-21,Giấy phép (ABEI),860/QĐ-BTTTT,invalid,https://giayphep.abei.gov.vn/
vothanh.vn,CÔNG TY CỔ PHẦN VCCORP,QUYẾT ĐỊNH PHÁT HÀNH TRÒ CHƠI ĐIỆN TỬ G1 TRÊN MẠNG,2017-10-12,Giấy phép (ABEI),1730/QĐ-BTTTT,invalid,https://giayphep.abei.gov.vn/
vothankytich.vn,CÔNG TY CỔ PHẦN VISION GAME,QUYẾT ĐỊNH PHÁT HÀNH TRÒ CHƠI ĐIỆN TỬ G1 TRÊN MẠNG,2024-01-06,Giấy phép (ABEI),16/QĐ-BTTTT,valid,https://giayphep.abei.gov.vn/
vothanttl.123game.vn,CÔNG TY CỔ PHẦN DỊCH VỤ MỘT THẾ GIỚI,QUYẾT ĐỊNH PHÁT HÀNH TRÒ CHƠI ĐIỆN TỬ G1 TRÊN MẠNG,2016-12-30,Giấy phép (ABEI),2354/QĐ-BTTTT,invalid,https://giayphep.abei.gov.vn/
vothanvosong.vn,CÔNG TY CỔ PHẦN VCCORP,QUYẾT ĐỊNH PHÁT HÀNH TRÒ CHƠI ĐIỆN TỬ G1 TRÊN MẠNG,2018-07-20,Giấy phép (ABEI),1222/QĐ-BTTTT,invalid,https://giayphep.abei.gov.vn/
vothuat.vn,Công ty Cổ phần Đầu tư và Phát triển Thể Thao Sài Gòn (https://vothuat.net.vn/),Website - Trang TTĐT tổng hợp,,Giấy phép (TVPL PDF),,valid,
vov.vn,Báo điện tử VOV,"Website - Báo, tạp chí điện tử",,Giấy phép (TVPL PDF),,valid,
vov2.vov.vn,Báo điện tử VOV,"Website - Báo, tạp chí điện tử",,Giấy phép (TVPL PDF),,valid,
vov6.vov.vn,Báo điện tử VOV,"Website - Báo, tạp chí điện tử",,Giấy phép (TVPL PDF),,valid,
vov3.vov.vn,Báo điện tử VOV,"Website - Báo, tạp chí điện tử",,Giấy phép (TVPL PDF),,valid,
baoxuan.vov.vn,Báo điện tử VOV,"Website - Báo, tạp chí điện tử",,Giấy phép (TVPL PDF),,valid,
vov4.vn,HỆ PHÁT THANH DÂN TỘC,GIẤY PHÉP THIẾT LẬP TRANG THÔNG TIN ĐIỆN TỬ TỔNG HỢP,2015-02-26,Giấy phép (ABEI),13/GP-TTĐT,invalid,https://giayphep.abei.gov.vn/
vov4.vov.vn,Báo điện tử VOV,"Website - Báo, tạp chí điện tử",,Giấy phép (TVPL PDF),,valid,
vov5.vov.vn,Báo điện tử VOV,"Website - Báo, tạp chí điện tử",,Giấy phép (TVPL PDF),,valid,
vovfm89.vn,KÊNH SỨC KHỎE VÀ AN TOÀN THỰC PHẨM (VOV SỨC KHỎE FM 89),GIẤY PHÉP THIẾT LẬP TRANG THÔNG TIN ĐIỆN TỬ TỔNG HỢP,2017-04-14,Giấy phép (ABEI),103/GP-TTĐT,valid,https://giayphep.abei.gov.vn/
vovgiaothong.vn,KÊNH VOV GIAO THÔNG QUỐC GIA,GIẤY PHÉP THIẾT LẬP TRANG THÔNG TIN ĐIỆN TỬ TỔNG HỢP,2018-01-05,Giấy phép (ABEI),03/GP-TTĐT,valid,https://giayphep.abei.gov.vn/
vovgiaothong.vov.vn,Báo điện tử VOV,"Website - Báo, tạp chí điện tử",,Giấy phép (TVPL PDF),,valid,
vovlife.vn,TRUNG TÂM QUẢNG CÁO VÀ DỊCH VỤ TRUYỀN THÔNG (VOV AMS),GIẤY PHÉP THIẾT LẬP TRANG THÔNG TIN ĐIỆN TỬ TỔNG HỢP,2019-08-08,Giấy phép (ABEI),142/GP-TTĐT,valid,https://giayphep.abei.gov.vn/
vovlive.vn,TRUNG TÂM QUẢNG CÁO VÀ DỊCH VỤ TRUYỀN THÔNG (VOV AMS),GIẤY PHÉP THIẾT LẬP TRANG THÔNG TIN ĐIỆN TỬ TỔNG HỢP,2019-08-15,Giấy phép (ABEI),156/GP-TTĐT,valid,https://giayphep.abei.gov.vn/
vovthethao.vn,KÊNH VOV GIAO THÔNG QUỐC GIA,GIẤY PHÉP CUNG CẤP DỊCH VỤ MẠNG XÃ HỘI,2014-10-23,Giấy phép (ABEI),312/GP-BTTTT,invalid,https://giayphep.abei.gov.vn/
vovtv.vov.vn,Báo điện tử VOV,"Website - Báo, tạp chí điện tử",,Giấy phép (TVPL PDF),,valid,
vov1.vov.vn,Báo điện tử VOV,"Website - Báo, tạp chí điện tử",,Giấy phép (TVPL PDF),,valid,
vovworld.vn,Đài Tiếng nói Việt Nam,MXH - Đài Phát thanh Truyền hình,,Giấy phép (TVPL PDF),,valid,
vpba.org.vn,HỘI DOANH NHÂN TƯ NHÂN VIỆT NAM,GIẤY PHÉP THIẾT LẬP TRANG THÔNG TIN ĐIỆN TỬ TỔNG HỢP,2020-08-25,Giấy phép (ABEI),147/GP-TTĐT,valid,https://giayphep.abei.gov.vn/
vphapluat.vn,Báo Pháp luật Việt Nam,MXH - Cơ quan báo chí,,Giấy phép (TVPL PDF),,valid,
vplay.vn,CÔNG TY CỔ PHẦN TRUYỀN HÌNH TƯƠNG TÁC VIỆT NAM,QUYẾT ĐỊNH PHÁT HÀNH TRÒ CHƠI ĐIỆN TỬ G1 TRÊN MẠNG,2026-01-08,Giấy phép (ABEI),7/QĐ-PTTH&TTĐT,valid,https://giayphep.abei.gov.vn/
vpoki.vn,CÔNG TY CỔ PHẦN TRUYỀN THÔNG VÀ CÔNG NGHỆ NEWSTAR,GIẤY PHÉP CUNG CẤP DỊCH VỤ MẠNG XÃ HỘI,2017-03-23,Giấy phép (ABEI),121/GP-BTTTT,valid,https://giayphep.abei.gov.vn/
vpub.namdinh.gov.vn,VĂN PHÒNG ỦY BAN NHÂN DÂN TỈNH NAM ĐỊNH,GIẤY PHÉP THIẾT LẬP TRANG THÔNG TIN ĐIỆN TỬ TỔNG HỢP,2013-05-30,Giấy phép (ABEI),70/GP-TTĐT,invalid,https://giayphep.abei.gov.vn/
vqas.zoneplay.vn,CÔNG TY TNHH GZONE MEDIA VIỆT NAM,QUYẾT ĐỊNH PHÁT HÀNH TRÒ CHƠI ĐIỆN TỬ G1 TRÊN MẠNG,2021-11-26,Giấy phép (ABEI),1885/QĐ-BTTTT,valid,https://giayphep.abei.gov.vn/
vqmm.vn,CÔNG TY CỔ PHẦN ABT VIỆT NAM,"GIẤY XÁC NHẬN THÔNG BÁO PHÁT HÀNH TRÒ CHƠI ĐIỆN TỬ G2,G3,G4",2018-03-05,Giấy phép (ABEI),47/GXN-PTTH&TTĐT,valid,https://giayphep.abei.gov.vn/
vra.com.vn,HIỆP HỘI CAO SU VIỆT NAM,GIẤY PHÉP THIẾT LẬP TRANG THÔNG TIN ĐIỆN TỬ TỔNG HỢP,2016-11-17,Giấy phép (ABEI),212/GP-TTĐT,valid,https://giayphep.abei.gov.vn/
vs6.vnggames.com,CÔNG TY CỔ PHẦN VNG,QUYẾT ĐỊNH PHÁT HÀNH TRÒ CHƠI ĐIỆN TỬ G1 TRÊN MẠNG,2022-02-09,Giấy phép (ABEI),179/QĐ-BTTTT,invalid,https://giayphep.abei.gov.vn/
vsed.vn,TẠP CHÍ NGHIÊN CỨU KINH TẾ,GIẤY PHÉP THIẾT LẬP TRANG THÔNG TIN ĐIỆN TỬ TỔNG HỢP,2021-04-02,Giấy phép (ABEI),56/GP-TTĐT,valid,https://giayphep.abei.gov.vn/
vsgame.vn,CÔNG TY CỔ PHẦN VISION GAME,QUYẾT ĐỊNH PHÁT HÀNH TRÒ CHƠI ĐIỆN TỬ G1 TRÊN MẠNG,2024-10-18,Giấy phép (ABEI),1783/QĐ-BTTTT,invalid,https://giayphep.abei.gov.vn/
vsgh.zing.vn,CÔNG TY TNHH TRUYỀN THÔNG MINH PHƯƠNG THỊNH,QUYẾT ĐỊNH PHÁT HÀNH TRÒ CHƠI ĐIỆN TỬ G1 TRÊN MẠNG,2020-12-14,Giấy phép (ABEI),2216/QĐ-BTTTT,valid,https://giayphep.abei.gov.vn/
vshowbiz.com.vn,Công ty Cổ phần Viễn thông Đại Tâm Phát,Website - Trang TTĐT tổng hợp,,Giấy phép (TVPL PDF),,valid,
vshowbiz.mobi,Công ty TNHH Giải trí và Truyền thông Online Việt Nam,Website - Trang TTĐT tổng hợp,,Giấy phép (TVPL PDF),,valid,
vsk.fgstudio.vn,CÔNG TY CỔ PHẦN TẬP ĐOÀN GIẢI TRÍ ĐẠI DƯƠNG,QUYẾT ĐỊNH PHÁT HÀNH TRÒ CHƠI ĐIỆN TỬ G1 TRÊN MẠNG,2025-01-24,Giấy phép (ABEI),110/QĐ-BTTTT,valid,https://giayphep.abei.gov.vn/
vskill.vn,Công ty Cổ phần Giải pháp Công nghệ iNet,Website - Trang TTĐT tổng hợp,,Giấy phép (TVPL PDF),,valid,
vsport.com.vn,Tổng Công ty Truyền thông VNPT-MEDIA,Website - Trang TTĐT tổng hợp,,Giấy phép (TVPL PDF),,valid,
vsports.com.vn,Công ty TNHH Thương mại Đầu tư Khả Vi,Website - Trang mạng xã hội,,Giấy phép (TVPL PDF),,valid,
vst.mof.gov.vn,Kho bạc Nhà nước,Website - Trang TTĐT tổng hợp,,Giấy phép (TVPL PDF),,valid,
www.kbnn.botaichinh.gov.vn,KHO BẠC NHÀ NƯỚC,GIẤY PHÉP THIẾT LẬP TRANG THÔNG TIN ĐIỆN TỬ TỔNG HỢP,2022-06-07,Giấy phép (ABEI),79/GP-TTĐT,invalid,https://giayphep.abei.gov.vn/
vstore.net.vn,Công ty Cổ phần Truyền thông THL,Website - Trang TTĐT tổng hợp,,Giấy phép (TVPL PDF),,valid,
vtc.gov.vn,ĐÀI TRUYỀN HÌNH KỸ THUẬT SỐ VTC,GIẤY PHÉP THIẾT LẬP TRANG THÔNG TIN ĐIỆN TỬ TỔNG HỢP,2017-10-18,Giấy phép (ABEI),314/GP-TTĐT,invalid,https://giayphep.abei.gov.vn/
vtc.vn,Báo điện tử VTC News,"Website - Báo, tạp chí điện tử",,Giấy phép (TVPL PDF),,valid,
vtcesports.vn,CÔNG TY CỔ PHẦN VTC DỊCH VỤ DI ĐỘNG,GIẤY PHÉP CUNG CẤP DỊCH VỤ MẠNG XÃ HỘI,2023-06-13,Giấy phép (ABEI),209/GP-BTTTT,invalid,https://giayphep.abei.gov.vn/
vtcfun.vn,CÔNG TY VTC CÔNG NGHỆ VÀ NỘI DUNG SỐ,QUYẾT ĐỊNH PHÁT HÀNH TRÒ CHƠI ĐIỆN TỬ G1 TRÊN MẠNG,2022-12-13,Giấy phép (ABEI),2306/QĐ-BTTTT,valid,https://giayphep.abei.gov.vn/
vtcmobile.vn,CÔNG TY CỔ PHẦN VTC DỊCH VỤ DI ĐỘNG,QUYẾT ĐỊNH PHÁT HÀNH TRÒ CHƠI ĐIỆN TỬ G1 TRÊN MẠNG,2024-03-19,Giấy phép (ABEI),338/QĐ-BTTTT,invalid,https://giayphep.abei.gov.vn/
vtcnow.vn,ĐÀI TRUYỀN HÌNH KỸ THUẬT SỐ VTC,GIẤY PHÉP THIẾT LẬP TRANG THÔNG TIN ĐIỆN TỬ TỔNG HỢP,2023-05-10,Giấy phép (ABEI),62/GP-TTĐT,valid,https://giayphep.abei.gov.vn/
vtco.esgame.vn,CÔNG TY CỔ PHẦN ĐẦU TƯ VÀ CÔNG NGHỆ MCORP,"GIẤY XÁC NHẬN THÔNG BÁO PHÁT HÀNH TRÒ CHƠI ĐIỆN TỬ G2,G3,G4",2023-01-17,Giấy phép (ABEI),08/GXN-PTTH&TTĐT,valid,https://giayphep.abei.gov.vn/
vtconline.vn,CÔNG TY CỔ PHẦN VTC TRUYỀN THÔNG TRỰC TUYẾN,QUYẾT ĐỊNH PHÁT HÀNH TRÒ CHƠI ĐIỆN TỬ G1 TRÊN MẠNG,2025-11-11,Giấy phép (ABEI),503/QĐ-PTTH&TTĐT,valid,https://giayphep.abei.gov.vn/
vtechno.com.vn,CÔNG TY CỔ PHẦN CÔNG NGHỆ KỸ THUẬT VTECH,QUYẾT ĐỊNH PHÁT HÀNH TRÒ CHƠI ĐIỆN TỬ G1 TRÊN MẠNG,2021-05-11,Giấy phép (ABEI),629/QĐ-BTTTT,valid,https://giayphep.abei.gov.vn/
www.game365.vn,CÔNG TY CỔ PHẦN CÔNG NGHỆ KỸ THUẬT VTECH,QUYẾT ĐỊNH PHÁT HÀNH TRÒ CHƠI ĐIỆN TỬ G1 TRÊN MẠNG,2024-01-02,Giấy phép (ABEI),01/QĐ-BTTTT,valid,https://giayphep.abei.gov.vn/
vteo.esgame.vn,CÔNG TY CỔ PHẦN ĐẦU TƯ & CÔNG NGHỆ MCORP,QUYẾT ĐỊNH PHÁT HÀNH TRÒ CHƠI ĐIỆN TỬ G1 TRÊN MẠNG,2021-04-08,Giấy phép (ABEI),467/QĐ-BTTTT,invalid,https://giayphep.abei.gov.vn/
vthethao.vn,CÔNG TY CỔ PHẦN CENTECH INTERACTIVE,GIẤY PHÉP CUNG CẤP DỊCH VỤ MẠNG XÃ HỘI,2017-03-31,Giấy phép (ABEI),128/GP-BTTTT,valid,https://giayphep.abei.gov.vn/
vtmonline.vn,BÁO GIÁO DỤC THÀNH PHỐ HỒ CHÍ MINH,GIẤY PHÉP THIẾT LẬP TRANG THÔNG TIN ĐIỆN TỬ TỔNG HỢP,2016-06-29,Giấy phép (ABEI),68/GP-TTĐT,valid,https://giayphep.abei.gov.vn/
vtpk.360game.vn,CÔNG TY TNHH TRUYỀN THÔNG MINH PHƯƠNG THỊNH,QUYẾT ĐỊNH PHÁT HÀNH TRÒ CHƠI ĐIỆN TỬ G1 TRÊN MẠNG,2017-12-04,Giấy phép (ABEI),2223/QĐ-BTTTT,valid,https://giayphep.abei.gov.vn/
vtruyen.com.vn,Tổng công ty Truyền thông,Website - Trang mạng xã hội,,Giấy phép (TVPL PDF),,valid,
vtruyen.vn,Tổng công ty Truyền thông,Website - Trang mạng xã hội,,Giấy phép (TVPL PDF),,valid,
vttb.vn,CÔNG TY TNHH TRỰC TUYẾN THIÊN HÀ,QUYẾT ĐỊNH PHÁT HÀNH TRÒ CHƠI ĐIỆN TỬ G1 TRÊN MẠNG,2020-03-05,Giấy phép (ABEI),293/QĐ-BTTTT,valid,https://giayphep.abei.gov.vn/
vtv.vn,Báo điện tử VTV News,"Website - Báo, tạp chí điện tử",,Giấy phép (TVPL PDF),,valid,
vtv4.vn,BAN TRUYỀN HÌNH ĐỐI NGOẠI (VTV4),GIẤY PHÉP THIẾT LẬP TRANG THÔNG TIN ĐIỆN TỬ TỔNG HỢP,2015-06-15,Giấy phép (ABEI),71/GP-TTĐT,invalid,https://giayphep.abei.gov.vn/
vtv5.net.vn,BAN TRUYỀN HÌNH TIẾNG DÂN TỘC,GIẤY PHÉP THIẾT LẬP TRANG THÔNG TIN ĐIỆN TỬ TỔNG HỢP,2015-10-12,Giấy phép (ABEI),148/GP-TTĐT,valid,https://giayphep.abei.gov.vn/
vtvcab.vn,CÔNG TY CỔ PHẦN TỔNG CÔNG TY TRUYỀN HÌNH CÁP VIỆT NAM,GIẤY PHÉP THIẾT LẬP TRANG THÔNG TIN ĐIỆN TỬ TỔNG HỢP,2019-04-19,Giấy phép (ABEI),73/GP-TTĐT,invalid,https://giayphep.abei.gov.vn/
vtvgiaitri.vn,TRUNG TÂM SẢN XUẤT PHIM TRUYỀN HÌNH,GIẤY PHÉP THIẾT LẬP TRANG THÔNG TIN ĐIỆN TỬ TỔNG HỢP,2018-09-27,Giấy phép (ABEI),249/GP-TTĐT,valid,https://giayphep.abei.gov.vn/
vtvgo.vn,TRUNG TÂM SẢN XUẤT VÀ PHÁT TRIỂN NỘI DUNG SỐ,GIẤY PHÉP THIẾT LẬP TRANG THÔNG TIN ĐIỆN TỬ TỔNG HỢP,2021-07-28,Giấy phép (ABEI),130/GP-TTĐT,valid,https://giayphep.abei.gov.vn/
vtvlive.vn,CÔNG TY CỔ PHẦN TRUYỀN HÌNH TƯƠNG TÁC VIỆT NAM,QUYẾT ĐỊNH PHÁT HÀNH TRÒ CHƠI ĐIỆN TỬ G1 TRÊN MẠNG,2026-07-17,Giấy phép (ABEI),426/QĐ-PTTH&TTĐT,valid,https://giayphep.abei.gov.vn/
www.vplay.vn,CÔNG TY CỔ PHẦN TRUYỀN HÌNH TƯƠNG TÁC VIỆT NAM,QUYẾT ĐỊNH PHÁT HÀNH TRÒ CHƠI ĐIỆN TỬ G1 TRÊN MẠNG,2022-05-09,Giấy phép (ABEI),856/QĐ-BTTTT,valid,https://giayphep.abei.gov.vn/
vtvplay.net,Công ty Cổ phần Công nghệ và Truyền thông số Vietnet,Website - Trang TTĐT tổng hợp,,Giấy phép (TVPL PDF),,valid,
vtvplay.info.vn,Công ty Cổ phần Công nghệ và Truyền thông số Vietnet,Website - Trang TTĐT tổng hợp,,Giấy phép (TVPL PDF),,valid,
vtvplay.vn,Công ty Cổ phần Truyền hình tương tác Việt Nam,Website - Trang mạng xã hội,,Giấy phép (TVPL PDF),,valid,
vtvtravel.vn,CÔNG TY CỔ PHẦN ĐẦU TƯ VÀ PHÁT TRIỂN CÔNG NGHỆ TRUYỀN THÔNG NAM VIỆT,GIẤY PHÉP CUNG CẤP DỊCH VỤ MẠNG XÃ HỘI,2021-04-02,Giấy phép (ABEI),195/GP-BTTTT,valid,https://giayphep.abei.gov.vn/
vua.gaba.vn,CÔNG TY CỔ PHẦN TRÒ CHƠI VEGA,QUYẾT ĐỊNH PHÁT HÀNH TRÒ CHƠI ĐIỆN TỬ G1 TRÊN MẠNG,2016-06-30,Giấy phép (ABEI),1132/QĐ-BTTTT,valid,https://giayphep.abei.gov.vn/
vuabanca.esgame.vn,CÔNG TY CỔ PHẦN ĐẦU TƯ VÀ CÔNG NGHỆ MCORP,QUYẾT ĐỊNH PHÁT HÀNH TRÒ CHƠI ĐIỆN TỬ G1 TRÊN MẠNG,2022-08-22,Giấy phép (ABEI),1576/QĐ-BTTTT,valid,https://giayphep.abei.gov.vn/
vuabanca.vn,CÔNG TY CỔ PHẦN 9PLAY ,QUYẾT ĐỊNH PHÁT HÀNH TRÒ CHƠI ĐIỆN TỬ G1 TRÊN MẠNG,2025-06-30,Giấy phép (ABEI),301/QĐ-PTTH&TTĐT,valid,https://giayphep.abei.gov.vn/
vuabienca.vn,CÔNG TY TNHH MỘT THÀNH VIÊN MEDIA BOX,QUYẾT ĐỊNH PHÁT HÀNH TRÒ CHƠI ĐIỆN TỬ G1 TRÊN MẠNG,2018-12-06,Giấy phép (ABEI),2109/QĐ-BTTTT,valid,https://giayphep.abei.gov.vn/
vuakiemhiep.vn,CÔNG TY CỔ PHẦN FUNTAP,QUYẾT ĐỊNH PHÁT HÀNH TRÒ CHƠI ĐIỆN TỬ G1 TRÊN MẠNG,2019-01-08,Giấy phép (ABEI),29/QĐ-BTTTT,valid,https://giayphep.abei.gov.vn/
vuaphapthuat.mobi,CÔNG TY TNHH 1618PLAY,QUYẾT ĐỊNH PHÁT HÀNH TRÒ CHƠI ĐIỆN TỬ G1 TRÊN MẠNG,2017-03-30,Giấy phép (ABEI),449/QĐ-BTTTT,valid,https://giayphep.abei.gov.vn/
vuaphapthuat.vn,CÔNG TY CỔ PHẦN TRỰC TUYẾN DUO,QUYẾT ĐỊNH PHÁT HÀNH TRÒ CHƠI ĐIỆN TỬ G1 TRÊN MẠNG,2021-05-31,Giấy phép (ABEI),743/QĐ-BTTTT,valid,https://giayphep.abei.gov.vn/
vuasanca.vn,CÔNG TY TNHH DỊCH VỤ TRỰC TUYẾN HOÀNG LINH,QUYẾT ĐỊNH PHÁT HÀNH TRÒ CHƠI ĐIỆN TỬ G1 TRÊN MẠNG,2019-11-25,Giấy phép (ABEI),2002/QĐ-BTTTT,invalid,https://giayphep.abei.gov.vn/
vuasanrong.vn,CÔNG TY CỔ PHẦN TRÒ CHƠI TRỰC TUYẾN BẢO NINH,"GIẤY XÁC NHẬN THÔNG BÁO PHÁT HÀNH TRÒ CHƠI ĐIỆN TỬ G2,G3,G4",2019-08-08,Giấy phép (ABEI),143/GXN-PTTH&TTĐT,valid,https://giayphep.abei.gov.vn/
vuatamquoc.playfun.vn,CÔNG TY CỔ PHẦN FUNTAP,QUYẾT ĐỊNH PHÁT HÀNH TRÒ CHƠI ĐIỆN TỬ G1 TRÊN MẠNG,2022-05-26,Giấy phép (ABEI),959/QĐ-BTTTT,invalid,https://giayphep.abei.gov.vn/
vuatamquoc.vn,CÔNG TY CỔ PHẦN FUNTAP,QUYẾT ĐỊNH PHÁT HÀNH TRÒ CHƠI ĐIỆN TỬ G1 TRÊN MẠNG,2018-04-19,Giấy phép (ABEI),563/QĐ-BTTTT,invalid,https://giayphep.abei.gov.vn/
vuathienha.vn,CÔNG TY TNHH SOHA,QUYẾT ĐỊNH PHÁT HÀNH TRÒ CHƠI ĐIỆN TỬ G1 TRÊN MẠNG,2018-05-18,Giấy phép (ABEI),762/QĐ-BTTTT,valid,https://giayphep.abei.gov.vn/
vuathuychien.vn,CÔNG TY CỔ PHẦN FUNTAP,QUYẾT ĐỊNH PHÁT HÀNH TRÒ CHƠI ĐIỆN TỬ G1 TRÊN MẠNG,2018-06-08,Giấy phép (ABEI),888/QĐ-BTTTT,valid,https://giayphep.abei.gov.vn/
vuatrieuhoi.vn,CÔNG TY CỔ PHẦN FUNTAP,QUYẾT ĐỊNH PHÁT HÀNH TRÒ CHƠI ĐIỆN TỬ G1 TRÊN MẠNG,2018-02-08,Giấy phép (ABEI),201/QĐ-BTTTT,valid,https://giayphep.abei.gov.vn/
vuaxathu.thienthuonghoa.com,CÔNG TY CỔ PHẦN GIẢI TRÍ THIÊN THƯỢNG HỎA,QUYẾT ĐỊNH PHÁT HÀNH TRÒ CHƠI ĐIỆN TỬ G1 TRÊN MẠNG,2020-08-03,Giấy phép (ABEI),1322/QĐ-BTTTT,valid,https://giayphep.abei.gov.vn/
vuf.vn,"Trung tâm thông tin, hợp tác quốc tế và tư vấn phát triển đô thị",Website - Trang TTĐT tổng hợp,,Giấy phép (TVPL PDF),,valid,
diendandothi.vn,"Trung tâm thông tin, hợp tác quốc tế và tư vấn phát triển đô thị",Website - Trang TTĐT tổng hợp,,Giấy phép (TVPL PDF),,valid,
đienandothi.vn,"TRUNG TÂM THÔNG TIN, HỢP TÁC QUỐC TẾ VÀ TƯ VẤN PHÁT TRIỂN ĐÔ THỊ",GIẤY PHÉP THIẾT LẬP TRANG THÔNG TIN ĐIỆN TỬ TỔNG HỢP,2017-03-09,Giấy phép (ABEI),81/GP-TTĐT,valid,https://giayphep.abei.gov.vn/
vui.vn,Công ty Cổ phần Dịch vụ Phát triển Người dùng MKO,Website - Trang mạng xã hội,,Giấy phép (TVPL PDF),,valid,
vuigop.vn,Công ty cổ phần Góp Vốn,Website - Trang mạng xã hội,,Giấy phép (TVPL PDF),,valid,
vuilife.vn,CÔNG TY TNHH PHÁT TRIỂN HƯNG TRUYỀN,GIẤY PHÉP CUNG CẤP DỊCH VỤ MẠNG XÃ HỘI,2023-12-25,Giấy phép (ABEI),474/GP-BTTTT,valid,https://giayphep.abei.gov.vn/
www.vuilife.com,CÔNG TY TNHH PHÁT TRIỂN HƯNG TRUYỀN,GIẤY PHÉP CUNG CẤP DỊCH VỤ MẠNG XÃ HỘI,2023-12-25,Giấy phép (ABEI),474/GP-BTTTT,valid,https://giayphep.abei.gov.vn/
vukiemchivuong.vgplay.vn,CÔNG TY CỔ PHẦN VGP,QUYẾT ĐỊNH PHÁT HÀNH TRÒ CHƠI ĐIỆN TỬ G1 TRÊN MẠNG,2024-12-03,Giấy phép (ABEI),2114/QĐ-BTTTT,valid,https://giayphep.abei.gov.vn/
vunedsætrenmay.playfun.vn,CÔNG TY CỔ PHẦN FUNTAP,QUYẾT ĐỊNH PHÁT HÀNH TRÒ CHƠI ĐIỆN TỬ G1 TRÊN MẠNG,2022-07-04,Giấy phép (ABEI),1325/QĐ-BTTTT,valid,https://giayphep.abei.gov.vn/
vungdatanhhung.oeg.vn,CÔNG TY CỔ PHẦN TẬP ĐOÀN GIẢI TRÍ ĐẠI DƯƠNG ,QUYẾT ĐỊNH PHÁT HÀNH TRÒ CHƠI ĐIỆN TỬ G1 TRÊN MẠNG,2026-02-13,Giấy phép (ABEI),89 /QĐ-PTTH&TTĐT,invalid,https://giayphep.abei.gov.vn/
vungdatsinhton.playfun.vn,CÔNG TY CỔ PHẦN FUNTAP,QUYẾT ĐỊNH PHÁT HÀNH TRÒ CHƠI ĐIỆN TỬ G1 TRÊN MẠNG,2020-07-31,Giấy phép (ABEI),1305/QĐ-BTTTT,invalid,https://giayphep.abei.gov.vn/
vuonggiachienquoc.adnxgames.vn,CÔNG TY CỔ PHẦN ADNX,QUYẾT ĐỊNH PHÁT HÀNH TRÒ CHƠI ĐIỆN TỬ G1 TRÊN MẠNG,2026-05-15,Giấy phép (ABEI),250/QĐ-PTTH&TTĐT,valid,https://giayphep.abei.gov.vn/
vuonglaogia.zagoo.vn,CÔNG TY TNHH GIẢI TRÍ LONG ĐỈNH,QUYẾT ĐỊNH PHÁT HÀNH TRÒ CHƠI ĐIỆN TỬ G1 TRÊN MẠNG,2022-05-09,Giấy phép (ABEI),861/QĐ-BTTTT,valid,https://giayphep.abei.gov.vn/
vuongquocchien.com,CÔNG TY TNHH DỊCH VỤ PHẦN MỀM THIÊN BÌNH,QUYẾT ĐỊNH PHÁT HÀNH TRÒ CHƠI ĐIỆN TỬ G1 TRÊN MẠNG,2019-07-05,Giấy phép (ABEI),1027/QĐ-BTTTT,valid,https://giayphep.abei.gov.vn/
vuongquockien.gamota.com,CÔNG TY CỔ PHẦN GAMOTA,QUYẾT ĐỊNH PHÁT HÀNH TRÒ CHƠI ĐIỆN TỬ G1 TRÊN MẠNG,2022-09-30,Giấy phép (ABEI),1831/QĐ-BTTTT,valid,https://giayphep.abei.gov.vn/
vuongquoctroiday.vn,CÔNG TY CỔ PHẦN DỊCH VỤ S.PAY VIỆT NAM,QUYẾT ĐỊNH PHÁT HÀNH TRÒ CHƠI ĐIỆN TỬ G1 TRÊN MẠNG,2019-09-19,Giấy phép (ABEI),1524/QĐ-BTTTT,valid,https://giayphep.abei.gov.vn/
vuongquyen.esgame.vn,CÔNG TY CỔ PHẦN ĐẦU TƯ & CÔNG NGHỆ MCORP,QUYẾT ĐỊNH PHÁT HÀNH TRÒ CHƠI ĐIỆN TỬ G1 TRÊN MẠNG,2020-08-11,Giấy phép (ABEI),1370/QĐ-BTTTT,valid,https://giayphep.abei.gov.vn/
vuongthan.vn,CÔNG TY TNHH SOHA,QUYẾT ĐỊNH PHÁT HÀNH TRÒ CHƠI ĐIỆN TỬ G1 TRÊN MẠNG,2021-01-22,Giấy phép (ABEI),83/QĐ-BTTTT,valid,https://giayphep.abei.gov.vn/
vuottroihonmoingay.com,CP Tư vấn Truyền thông MVV SNP (vuottroihonmoingay.vn),Website - Trang mạng xã hội,,Giấy phép (TVPL PDF),,valid,
vuottroihonmoingay.com.vn,CP Tư vấn Truyền thông MVV SNP (vuottroihonmoingay.vn),Website - Trang mạng xã hội,,Giấy phép (TVPL PDF),,valid,
vuottroihonmoingay.vn,CP Tư vấn Truyền thông MVV SNP (vuottroihonmoingay.vn),Website - Trang mạng xã hội,,Giấy phép (TVPL PDF),,valid,
www.vuottroihonmoingay.com.vn,CÔNG TY CỔ PHẦN TƯ VẤN TRUYỀN THÔNG MVV SNP,GIẤY PHÉP CUNG CẤP DỊCH VỤ MẠNG XÃ HỘI,2020-09-15,Giấy phép (ABEI),392/GP-BTTTT,valid,https://giayphep.abei.gov.vn/
www.vuottroihonmoingay.com,CÔNG TY CỔ PHẦN TƯ VẤN TRUYỀN THÔNG MVV SNP,GIẤY PHÉP CUNG CẤP DỊCH VỤ MẠNG XÃ HỘI,2020-09-15,Giấy phép (ABEI),392/GP-BTTTT,valid,https://giayphep.abei.gov.vn/
www.begreater.vn,CÔNG TY CỔ PHẦN TƯ VẤN TRUYỀN THÔNG MVV SNP,GIẤY PHÉP CUNG CẤP DỊCH VỤ MẠNG XÃ HỘI,2020-09-15,Giấy phép (ABEI),392/GP-BTTTT,valid,https://giayphep.abei.gov.vn/
www.begreater.com.vn,CÔNG TY CỔ PHẦN TƯ VẤN TRUYỀN THÔNG MVV SNP,GIẤY PHÉP CUNG CẤP DỊCH VỤ MẠNG XÃ HỘI,2020-09-15,Giấy phép (ABEI),392/GP-BTTTT,valid,https://giayphep.abei.gov.vn/
vuottuongthep.vn,CÔNG TY CỔ PHẦN GIẢI TRÍ TRỰC TUYẾN KAN,QUYẾT ĐỊNH PHÁT HÀNH TRÒ CHƠI ĐIỆN TỬ G1 TRÊN MẠNG,2026-02-03,Giấy phép (ABEI),44/QĐ-PTTH&TTĐT,valid,https://giayphep.abei.gov.vn/
vusta.vn,LIÊN HIỆP CÁC HỘI KHOA HỌC VÀ KỸ THUẬT VIỆT NAM,GIẤY PHÉP THIẾT LẬP TRANG THÔNG TIN ĐIỆN TỬ TỔNG HỢP,2022-03-09,Giấy phép (ABEI),18/GP-TTĐT,valid,https://giayphep.abei.gov.vn/
vutruanhhung.vn,CÔNG TY CỔ PHẦN FUNTAP,QUYẾT ĐỊNH PHÁT HÀNH TRÒ CHƠI ĐIỆN TỬ G1 TRÊN MẠNG,2019-09-19,Giấy phép (ABEI),1525/QĐ-BTTTT,valid,https://giayphep.abei.gov.vn/
vutrudaichien.com,CÔNG TY TNHH SKYMOBI ,QUYẾT ĐỊNH PHÁT HÀNH TRÒ CHƠI ĐIỆN TỬ G1 TRÊN MẠNG,2026-02-04,Giấy phép (ABEI),47/QĐ-PTTH&TTĐT,valid,https://giayphep.abei.gov.vn/
vutruphongthan.ggame.vn,CÔNG TY TNHH TRỰC TUYẾN THIÊN HÀ,QUYẾT ĐỊNH PHÁT HÀNH TRÒ CHƠI ĐIỆN TỬ G1 TRÊN MẠNG,2022-11-08,Giấy phép (ABEI),2051/QĐ-BTTTT,valid,https://giayphep.abei.gov.vn/
vxspace.vn,CÔNG TY TNHH CÔNG NGHỆ VXSPACE,GIẤY PHÉP CUNG CẤP DỊCH VỤ MẠNG XÃ HỘI,2024-12-04,Giấy phép (ABEI),366/GP-BTTTT,valid,https://giayphep.abei.gov.vn/
vzon.vn,Công ty cổ phần công nghệ và truyền thông Quốc tế VHD,Website - Trang TTĐT tổng hợp,,Giấy phép (TVPL PDF),,valid,
w4k.slg.vn,CÔNG TY CỔ PHẦN DỊCH VỤ TRỰC TUYẾN VĨNH XUÂN,QUYẾT ĐỊNH PHÁT HÀNH TRÒ CHƠI ĐIỆN TỬ G1 TRÊN MẠNG,2017-09-07,Giấy phép (ABEI),1514/QĐ-BTTTT,valid,https://giayphep.abei.gov.vn/
wanderlusttips.com,Công ty TNHH CG Record Media,Website - Trang TTĐT tổng hợp,,Giấy phép (TVPL PDF),,valid,
wanodaichien.vn,CÔNG TY TNHH VMGE,QUYẾT ĐỊNH PHÁT HÀNH TRÒ CHƠI ĐIỆN TỬ G1 TRÊN MẠNG,2023-06-09,Giấy phép (ABEI),1014/QĐ-BTTTT,invalid,https://giayphep.abei.gov.vn/
waodate.vn,Cty TNHH MTV Nguyễn Đình Nghĩa,Website - Trang mạng xã hội,,Giấy phép (TVPL PDF),,valid,
waodate.com,Cty TNHH MTV Nguyễn Đình Nghĩa,Website - Trang mạng xã hội,,Giấy phép (TVPL PDF),,valid,
www.waodate.com,CÔNG TY TNHH MTV NGUYỄN ĐÌNH NGHĨA,GIẤY PHÉP CUNG CẤP DỊCH VỤ MẠNG XÃ HỘI,2020-05-04,Giấy phép (ABEI),187/GP-BTTTT,valid,https://giayphep.abei.gov.vn/
war3arena.vn,CÔNG TY CỔ PHẦN VTC DỊCH VỤ DI ĐỘNG,QUYẾT ĐỊNH PHÁT HÀNH TRÒ CHƠI ĐIỆN TỬ G1 TRÊN MẠNG,2025-01-24,Giấy phép (ABEI),14/QĐ-PTTH&TTĐT,invalid,https://giayphep.abei.gov.vn/
wara.lussom.vn,CÔNG TY TNHH LUSSOM,QUYẾT ĐỊNH PHÁT HÀNH TRÒ CHƠI ĐIỆN TỬ G1 TRÊN MẠNG,2020-06-11,Giấy phép (ABEI),981/QĐ-BTTTT,valid,https://giayphep.abei.gov.vn/
wareternal.gamota.com,CÔNG TY CỔ PHẦN GAMOTA,QUYẾT ĐỊNH PHÁT HÀNH TRÒ CHƠI ĐIỆN TỬ G1 TRÊN MẠNG,2020-11-06,Giấy phép (ABEI),1903/QĐ-BTTTT,valid,https://giayphep.abei.gov.vn/
we25.vn,CÔNG TY VTC CÔNG NGHỆ VÀ NỘI DUNG SỐ,GIẤY PHÉP CUNG CẤP DỊCH VỤ MẠNG XÃ HỘI,2017-02-14,Giấy phép (ABEI),61/GP-BTTTT,invalid,https://giayphep.abei.gov.vn/
www.higenz.vn,CÔNG TY VTC CÔNG NGHỆ VÀ NỘI DUNG SỐ,GIẤY PHÉP CUNG CẤP DỊCH VỤ MẠNG XÃ HỘI,2021-07-21,Giấy phép (ABEI),464/GP-BTTTT,valid,https://giayphep.abei.gov.vn/
weallnet.vn,CÔNG TY TNHH NK KHÔI,GIẤY PHÉP CUNG CẤP DỊCH VỤ MẠNG XÃ HỘI,2020-07-27,Giấy phép (ABEI),325/GP-BTTTT,valid,https://giayphep.abei.gov.vn/
webcongdong.vn,CÔNG TY TNHH MTV WEB CỘNG ĐỒNG VIỆT NAM,GIẤY PHÉP CUNG CẤP DỊCH VỤ MẠNG XÃ HỘI,2023-07-28,Giấy phép (ABEI),263/GP-BTTTT,valid,https://giayphep.abei.gov.vn/
webdiaoc.vn,Công ty TNHH Phát triển truyền thông và quảng cáo MTE,Website - Trang TTĐT tổng hợp,,Giấy phép (TVPL PDF),,valid,
webgiaitri.vn,Công ty TNHH Công nghệ và Truyền thông 24H online,Website - Trang TTĐT tổng hợp,,Giấy phép (TVPL PDF),,valid,
webketoan.net.vn,CÔNG TY CỔ PHẦN NGUỒN LỰC CỘNG ĐỒNG,GIẤY PHÉP CUNG CẤP DỊCH VỤ MẠNG XÃ HỘI,2021-02-08,Giấy phép (ABEI),107/GP-BTTTT,valid,https://giayphep.abei.gov.vn/
webketoan.vn,Công ty Nguồn lực Cộng đồng,Website - Trang mạng xã hội,,Giấy phép (TVPL PDF),,valid,
webkheotay.vn,CÔNG TY TNHH GIẢI TRÍ VÀ TRUYỀN THÔNG ARIS,GIẤY PHÉP CUNG CẤP DỊCH VỤ MẠNG XÃ HỘI,2017-05-31,Giấy phép (ABEI),253/GP-BTTTT,valid,https://giayphep.abei.gov.vn/
webthethao.com.vn,Công ty Cổ phần Thể thao 24H,Website - Trang mạng xã hội,,Giấy phép (TVPL PDF),,valid,
www.webthethao.vn,CÔNG TY CỔ PHẦN NỘI DUNG THỂ THAO VIỆT,GIẤY PHÉP CUNG CẤP DỊCH VỤ MẠNG XÃ HỘI,2024-06-20,Giấy phép (ABEI),162/GP-BTTTT,invalid,https://giayphep.abei.gov.vn/
webtretho.com,Cấp lại Giấy phép cho Công ty CP LINE VietNam,Website - Trang mạng xã hội,,Giấy phép (TVPL PDF),,valid,
webtretho.vn,CÔNG TY CỔ PHẦN THE PARENT,GIẤY PHÉP CUNG CẤP DỊCH VỤ MẠNG XÃ HỘI,2025-12-25,Giấy phép (ABEI),191/GP-BVHTTDL,valid,https://giayphep.abei.gov.vn/
webtuvensinh.edu.vn,CÔNG TY CỔ PHẦN TRUYỀN THÔNG BTS VIỆT NAM,GIẤY PHÉP CUNG CẤP DỊCH VỤ MẠNG XÃ HỘI,2019-05-21,Giấy phép (ABEI),196/GP-BTTTT,valid,https://giayphep.abei.gov.vn/
webtuyensinh.edu.vn,Công ty Truyền thông BTS,Website - Trang mạng xã hội,,Giấy phép (TVPL PDF),,valid,
weeboo.vn,CÔNG TY CỔ PHẦN CÔNG NGHỆ TECHLAB,GIẤY PHÉP CUNG CẤP DỊCH VỤ MẠNG XÃ HỘI,2021-01-11,Giấy phép (ABEI),19/GP-BTTTT,valid,https://giayphep.abei.gov.vn/
weewoo.vn,Công ty TNHH HC Hoàn Cầu,Website - Trang mạng xã hội,,Giấy phép (TVPL PDF),,valid,
welearning.com.vn,Công ty cổ phần Công nghệ Khang Phúc,Website - Trang mạng xã hội,,Giấy phép (TVPL PDF),,valid,
welearning.edu.vn,Công ty cổ phần Công nghệ Khang Phúc,Website - Trang mạng xã hội,,Giấy phép (TVPL PDF),,valid,
welovecar.vn,Công ty TNHH Truyền thông Nguyễn Văn Vinh,Website - Trang mạng xã hội,,Giấy phép (TVPL PDF),,valid,
wem.com.vn,Công ty TNHH WIN MOBILE,Website - Trang TTĐT tổng hợp,,Giấy phép (TVPL PDF),,valid,
wemix.vn,Công ty cổ phần WEMIX,Website - Trang mạng xã hội,,Giấy phép (TVPL PDF),,valid,
wewiin.vn,Công ty cổ phần CN Giáo dục Thiên Hà Xanh (wewiin.vn),Website - Trang mạng xã hội,,Giấy phép (TVPL PDF),,valid,
ww.wewiin.com,Công ty cổ phần CN Giáo dục Thiên Hà Xanh (wewiin.vn),Website - Trang mạng xã hội,,Giấy phép (TVPL PDF),,valid,
www.wewiin.com,CÔNG TY CỔ PHẦN CÔNG NGHỆ GIÁO DỤC THIÊN HÀ XANH,GIẤY PHÉP CUNG CẤP DỊCH VỤ MẠNG XÃ HỘI,2020-11-26,Giấy phép (ABEI),549/GP-BTTTT,valid,https://giayphep.abei.gov.vn/
wgate.vn,Công ty Cổ phần Nhân lực số 1 Việt Nhật,Website - Trang TTĐT tổng hợp,,Giấy phép (TVPL PDF),,valid,
whatcar.vn,CÔNG TY CỔ PHẦN WHATCAR,GIẤY PHÉP CUNG CẤP DỊCH VỤ MẠNG XÃ HỘI,2021-07-05,Giấy phép (ABEI),419/GP-BTTTT,valid,https://giayphep.abei.gov.vn/
whitehat.vn,Công ty Cổ phần BKV,Website - Trang mạng xã hội,,Giấy phép (TVPL PDF),,valid,
widdy.vn,CÔNG TY CỔ PHẦN WIDDY,GIẤY PHÉP CUNG CẤP DỊCH VỤ MẠNG XÃ HỘI,2022-11-16,Giấy phép (ABEI),547/GP-BTTTT,valid,https://giayphep.abei.gov.vn/
wifigame.vn,CÔNG TY TNHH CÔNG NGHỆ GIẢI TRÍ ALIEN,GIẤY PHÉP CUNG CẤP DỊCH VỤ MẠNG XÃ HỘI,2023-07-27,Giấy phép (ABEI),257/GP-BTTTT,valid,https://giayphep.abei.gov.vn/
winplay.vn,Công ty TNHH Công nghệ và dịch vụ viễn thông Đại Phát,Website - Trang TTĐT tổng hợp,,Giấy phép (TVPL PDF),,valid,
wishare.vn,Công ty TNHH Wishare,Website - Trang mạng xã hội,,Giấy phép (TVPL PDF),,valid,
wlin.vn,CÔNG TY CỔ PHẦN WLIN GLOBAL HOLDINGS,GIẤY PHÉP CUNG CẤP DỊCH VỤ MẠNG XÃ HỘI,2023-08-01,Giấy phép (ABEI),264/GP-BTTTT,valid,https://giayphep.abei.gov.vn/
wn.com.vn,Công ty Cổ phần truyền thông World News Việt Nam,Website - Trang TTĐT tổng hợp,,Giấy phép (TVPL PDF),,valid,
wnies.edu.vn,VIỆN KHOA HỌC GIÁO DỤC VIỆT NAM,GIẤY PHÉP THIẾT LẬP TRANG THÔNG TIN ĐIỆN TỬ TỔNG HỢP,2017-08-04,Giấy phép (ABEI),257/GP-TTĐT,invalid,https://giayphep.abei.gov.vn/
worldnews.com.vn,Công ty Cổ phần truyền thông World News Việt Nam,Website - Trang TTĐT tổng hợp,,Giấy phép (TVPL PDF),,valid,
worldnews.vn,Công ty Cổ phần truyền thông World News Việt Nam,Website - Trang TTĐT tổng hợp,,Giấy phép (TVPL PDF),,valid,
worldofwater.gamota.com,CÔNG TY CỔ PHẦN GAMOTA,QUYẾT ĐỊNH PHÁT HÀNH TRÒ CHƠI ĐIỆN TỬ G1 TRÊN MẠNG,2024-04-23,Giấy phép (ABEI),599/QĐ-BTTTT,valid,https://giayphep.abei.gov.vn/
worldz.gamota.com,CÔNG TY CỔ PHẦN GAMOTA,QUYẾT ĐỊNH PHÁT HÀNH TRÒ CHƠI ĐIỆN TỬ G1 TRÊN MẠNG,2024-08-02,Giấy phép (ABEI),1303/QĐ-BTTTT,invalid,https://giayphep.abei.gov.vn/
wormstudio.vn,CÔNG TY TNHH WORM STUDIO ,QUYẾT ĐỊNH PHÁT HÀNH TRÒ CHƠI ĐIỆN TỬ G1 TRÊN MẠNG,2026-07-17,Giấy phép (ABEI),424/QĐ-PTTH&TTĐT,valid,https://giayphep.abei.gov.vn/
wow.zoneplay.vn,CÔNG TY CỔ PHẦN GZONE MEDIA VIỆT NAM,QUYẾT ĐỊNH PHÁT HÀNH TRÒ CHƠI ĐIỆN TỬ G1 TRÊN MẠNG,2021-01-26,Giấy phép (ABEI),1884 /QĐ-BTTTT,valid,https://giayphep.abei.gov.vn/
wows.splay.vn,CÔNG TY CỔ PHẦN VTC DỊCH VỤ DI ĐỘNG,QUYẾT ĐỊNH PHÁT HÀNH TRÒ CHƠI ĐIỆN TỬ G1 TRÊN MẠNG,2024-01-10,Giấy phép (ABEI),27/QĐ-BTTTT,invalid,https://giayphep.abei.gov.vn/
wowtech.vn,Công ty TNHH Truyền thông Dâu Tây,Website - Trang mạng xã hội,,Giấy phép (TVPL PDF),,valid,
wowweekend.vn,Công ty Cổ phần quản lý đầu tư Quốc tế,Website - Trang mạng xã hội,,Giấy phép (TVPL PDF),,valid,
wr.higamer.vn,CÔNG TY CỔ PHẦN HIGAMER,QUYẾT ĐỊNH PHÁT HÀNH TRÒ CHƠI ĐIỆN TỬ G1 TRÊN MẠNG,2022-09-30,Giấy phép (ABEI),1827/QĐ-BTTTT,valid,https://giayphep.abei.gov.vn/
wrobocon.com.vn,Công ty Cổ phần Công nghệ và Thương mại Greenlife,Website - Trang mạng xã hội,,Giấy phép (TVPL PDF),,valid,
ww.issi.gov.vn,VIỆN CHIẾN LƯỢC VÀ KHOA HỌC THANH TRA,GIẤY PHÉP THIẾT LẬP TRANG THÔNG TIN ĐIỆN TỬ TỔNG HỢP,2019-08-13,Giấy phép (ABEI),149/GP-TTĐT,invalid,https://giayphep.abei.gov.vn/
ww.vinalo.com,Công ty TNHH Thương mại Điện tử Iclick,Website - Trang mạng xã hội,,Giấy phép (TVPL PDF),,valid,
vinalo.vn,Công ty TNHH Thương mại Điện tử Iclick,Website - Trang mạng xã hội,,Giấy phép (TVPL PDF),,valid,
wwgcorp.com.vn,CÔNG TY TNHH HAI THÀNH VIÊN WWG CORP,"GIẤY XÁC NHẬN THÔNG BÁO PHÁT HÀNH TRÒ CHƠI ĐIỆN TỬ G2,G3,G4",2021-07-15,Giấy phép (ABEI),121/GXN-PTTH&TTĐT,valid,https://giayphep.abei.gov.vn/
daybreak.gamota.com,CÔNG TY CỔ PHẦN GAMOTA,QUYẾT ĐỊNH PHÁT HÀNH TRÒ CHƠI ĐIỆN TỬ G1 TRÊN MẠNG,2017-11-13,Giấy phép (ABEI),1980/QĐ-BTTTT,valid,https://giayphep.abei.gov.vn/
marrybaby.vn,Công ty TNHH Dịch vụ Quảng cáo và Truyền thông Châu Á,Website - Trang mạng xã hội,,Giấy phép (TVPL PDF),,valid,
wwwbovagau.vn,CÔNG TY CỔ PHẦN CÔNG NGHỆ TÀI CHÍNH ENCAPITAL,GIẤY PHÉP CUNG CẤP DỊCH VỤ MẠNG XÃ HỘI,2021-07-05,Giấy phép (ABEI),417/GP-BTTTT,valid,https://giayphep.abei.gov.vn/
wwwdienmayxanh.com,CÔNG TY CỔ PHẦN THẾ GIỚI DI ĐỘNG,GIẤY PHÉP CUNG CẤP DỊCH VỤ MẠNG XÃ HỘI,2021-01-11,Giấy phép (ABEI),21/GP-BTTTT,valid,https://giayphep.abei.gov.vn/
wwwdienmayxanh.vn,CÔNG TY CỔ PHẦN THẾ GIỚI DI ĐỘNG,GIẤY PHÉP CUNG CẤP DỊCH VỤ MẠNG XÃ HỘI,2021-01-11,Giấy phép (ABEI),21/GP-BTTTT,valid,https://giayphep.abei.gov.vn/
wwwokara.vn,Công ty Cổ phần Smcorp,Website - Trang mạng xã hội,,Giấy phép (TVPL PDF),,valid,
xahoi.com.vn,Công ty Cổ phần Truyền thông - Sự kiện Việt Nam,Website - Trang TTĐT tổng hợp,,Giấy phép (TVPL PDF),,valid,
xahoi247.vn,Công ty Cổ phần Truyền thông Khởi đầu mới,Website - Trang TTĐT tổng hợp,,Giấy phép (TVPL PDF),,valid,
xahoi24h.vn,Công ty Cổ phần Thanh niên Thủ đô,Website - Trang TTĐT tổng hợp,,Giấy phép (TVPL PDF),,valid,
xahoidoisong.vn,Công ty Cổ phần Trái Thị Vàng,Website - Trang TTĐT tổng hợp,,Giấy phép (TVPL PDF),,valid,
xahoingaynay.com.vn,Công ty TNHH Thông tin và Công nghệ ORANGE,Website - Trang TTĐT tổng hợp,,Giấy phép (TVPL PDF),,valid,
xaitien.vn,CÔNG TY TNHH DỊCH VỤ TRUYỀN THÔNG BÌNH MINH,GIẤY PHÉP CUNG CẤP DỊCH VỤ MẠNG XÃ HỘI,2020-11-23,Giấy phép (ABEI),540/GP-BTTTT,valid,https://giayphep.abei.gov.vn/
xangdauvietnam.vn,Công ty TNHH Một thành viên Dịch vụ truyền thông Hồng Đức,Website - Trang TTĐT tổng hợp,,Giấy phép (TVPL PDF),,valid,
xarena.vn,CÔNG TY TNHH X ARENA,GIẤY PHÉP CUNG CẤP DỊCH VỤ MẠNG XÃ HỘI,2026-04-29,Giấy phép (ABEI),51/GP-BVHTTDL,valid,https://giayphep.abei.gov.vn/
xaydungdang.org.vn,Tạp chí Xây dựng Đảng,"Website - Báo, tạp chí điện tử",,Giấy phép (TVPL PDF),,valid,
xaydungnhadat.vn,Công ty Cổ phần Truyền thông ENTER Việt Nam,Website - Trang TTĐT tổng hợp,,Giấy phép (TVPL PDF),,valid,
xaydungtoday.vn,NHÀ XUẤT BẢN XÂY DỰNG,GIẤY PHÉP THIẾT LẬP TRANG THÔNG TIN ĐIỆN TỬ TỔNG HỢP,2021-02-05,Giấy phép (ABEI),24/GP-TTĐT,valid,https://giayphep.abei.gov.vn/
xaydungvadoidsong.com.vn,TRUNG TÂM TRUYỀN THÔNG BÁO XÂY DỰNG,GIẤY PHÉP THIẾT LẬP TRANG THÔNG TIN ĐIỆN TỬ TỔNG HỢP,2020-06-10,Giấy phép (ABEI),83/GP-TTĐT,valid,https://giayphep.abei.gov.vn/
xaydungvadoisong.com.vn,Trung tâm Truyền thông báo Xây dựng,Website - Trang TTĐT tổng hợp,,Giấy phép (TVPL PDF),,valid,
xcity.vn,CÔNG TY CỔ PHẦN VTC DỊCH VỤ DI ĐỘNG,QUYẾT ĐỊNH PHÁT HÀNH TRÒ CHƠI ĐIỆN TỬ G1 TRÊN MẠNG,2022-10-07,Giấy phép (ABEI),1875/QĐ-BTTTT,invalid,https://giayphep.abei.gov.vn/
xdogstth.com,CÔNG TY CỔ PHẦN GIẢI TRÍ THIÊN THƯỢNG HỎA,QUYẾT ĐỊNH PHÁT HÀNH TRÒ CHƠI ĐIỆN TỬ G1 TRÊN MẠNG,2023-09-29,Giấy phép (ABEI),1882/QĐ-BTTTT,valid,https://giayphep.abei.gov.vn/
xdtt.gamota.com,CÔNG TY CỔ PHẦN GAMOTA,QUYẾT ĐỊNH PHÁT HÀNH TRÒ CHƠI ĐIỆN TỬ G1 TRÊN MẠNG,2020-11-06,Giấy phép (ABEI),1902/QĐ-BTTTT,valid,https://giayphep.abei.gov.vn/
xe.baogiaothong.vn,Báo Giao thông,"Website - Báo, tạp chí điện tử",,Giấy phép (TVPL PDF),,valid,
xedoisong.vn,Công ty TNHH Giải pháp và Công nghệ Việt Nam,Website - Trang TTĐT tổng hợp,,Giấy phép (TVPL PDF),,valid,
xehay.vn,Công ty TNHH Xe Hay,Website - Trang TTĐT tổng hợp,,Giấy phép (TVPL PDF),,valid,
xehoinfo.vn,Công ty Cổ phần Truyền thông Việt Tiến Mạnh,Website - Trang TTĐT tổng hợp,,Giấy phép (TVPL PDF),,valid,
xehoinfo.com,Công ty Cổ phần Truyền thông Việt Tiến Mạnh,Website - Trang TTĐT tổng hợp,,Giấy phép (TVPL PDF),,valid,
xem.vn,Công ty cổ phần Dịch vụ phát triển người dùng MKO,Website - Trang mạng xã hội,,Giấy phép (TVPL PDF),,valid,
xembongda.net.vn,Công ty Cổ phần viễn thông tuổi trẻ,Website - Trang TTĐT tổng hợp,,Giấy phép (TVPL PDF),,valid,
xemdi.vn,Tổng Công ty Viễn thông Viettel - Chi nhánh Tập đoàn Viễn thông Quân đội,Website - Trang mạng xã hội,,Giấy phép (TVPL PDF),,valid,
xemhay.vn,Công ty Cổ phần truyền thông VMG Việt Nam,Website - Trang TTĐT tổng hợp,,Giấy phép (TVPL PDF),,valid,
xemlien.vn,CÔNG TY CỔ PHẦN CÔNG NGHỆ TRUYỀN THÔNG XMEDIA,GIẤY PHÉP CUNG CẤP DỊCH VỤ MẠNG XÃ HỘI,2021-03-18,Giấy phép (ABEI),163/GP-BTTTT,valid,https://giayphep.abei.gov.vn/
xephinh.zingplay.com,CÔNG TY CỔ PHẦN TẬP ĐOÀN VNG,QUYẾT ĐỊNH PHÁT HÀNH TRÒ CHƠI ĐIỆN TỬ G1 TRÊN MẠNG,2020-01-15,Giấy phép (ABEI),60 /QĐ-BTTTT,valid,https://giayphep.abei.gov.vn/
xethitruong.vn,CÔNG TY CỔ PHẦN TRUYỀN THÔNG AUTO MARKET  VIỆT NAM,GIẤY PHÉP CUNG CẤP DỊCH VỤ MẠNG XÃ HỘI,2019-09-20,Giấy phép (ABEI),391/GP-BTTTT,valid,https://giayphep.abei.gov.vn/
xetv.vn,Công ty TNHH Truyền thông Quảng cáo NQC,Website - Trang mạng xã hội,,Giấy phép (TVPL PDF),,valid,
xevathethao.vn,Công ty Cổ phần Đầu tư và Phát triển Thể Thao Sài Gòn (https://xevathethao.com.vn),Website - Trang TTĐT tổng hợp,,Giấy phép (TVPL PDF),,valid,
xevathitruong.com.vn,CÔNG TY TNHH THƯƠNG MẠI DỊCH VỤ QUẢNG CÁO ĐẠI TÍN NGHĨA,GIẤY PHÉP CUNG CẤP DỊCH VỤ MẠNG XÃ HỘI,2019-09-09,Giấy phép (ABEI),371/GP-BTTTT,valid,https://giayphep.abei.gov.vn/
xgaming.com.vn,CÔNG TY TRUYỀN THÔNG VIETTEL,QUYẾT ĐỊNH PHÁT HÀNH TRÒ CHƠI ĐIỆN TỬ G1 TRÊN MẠNG,2022-01-19,Giấy phép (ABEI),53/QĐ-BTTTT,invalid,https://giayphep.abei.gov.vn/
xhay.vn,Công ty Cổ phần M-Mobile,Website - Trang TTĐT tổng hợp,,Giấy phép (TVPL PDF),,valid,
xhero.hhgame.vn,CÔNG TY CỔ PHẦN PHÁT TRIỂN CÔNG NGHỆ SỐ HỒNG HÀ,QUYẾT ĐỊNH PHÁT HÀNH TRÒ CHƠI ĐIỆN TỬ G1 TRÊN MẠNG,2023-04-14,Giấy phép (ABEI),641/QĐ-BTTTT,valid,https://giayphep.abei.gov.vn/
xia.vn,Công ty TNHH truyền thông giải trí Premier Nam Lân,Website - Trang TTĐT tổng hợp,,Giấy phép (TVPL PDF),,valid,
xichbich3d.yn,CÔNG TY CỔ PHẦN FUNTAP,QUYẾT ĐỊNH PHÁT HÀNH TRÒ CHƠI ĐIỆN TỬ G1 TRÊN MẠNG,2017-05-22,Giấy phép (ABEI),754/QĐ-BTTTT,valid,https://giayphep.abei.gov.vn/
xinhxinh.vn,Công ty Cổ phần Truyền thông Domino,Website - Trang mạng xã hội,,Giấy phép (TVPL PDF),,valid,
xintel.vn,CÔNG TY TNHH PI GAMING,GIẤY PHÉP CUNG CẤP DỊCH VỤ MẠNG XÃ HỘI,2024-10-29,Giấy phép (ABEI),317/GP-BTTTT,valid,https://giayphep.abei.gov.vn/
xone.com.vn,Công ty TNHH Sóng Xuân,Website - Trang TTĐT tổng hợp,,Giấy phép (TVPL PDF),,valid,
xonefm.com.vn,Công ty TNHH Sóng Xuân,Website - Trang mạng xã hội,,Giấy phép (TVPL PDF),,valid,
xosovietnam.vn,Công ty Cổ phần Đầu tư và Phát triển Công nghệ Truyền thông Nam Việt,Website - Trang mạng xã hội,,Giấy phép (TVPL PDF),,valid,
xsktmiennam.vn,HỘI ĐỒNG XỔ SỐ KIẾN THIẾT KHU VỰC MIỀN NAM,GIẤY PHÉP THIẾT LẬP TRANG THÔNG TIN ĐIỆN TỬ TỔNG HỢP,2017-08-22,Giấy phép (ABEI),273/GP-TTĐT,valid,https://giayphep.abei.gov.vn/
xstation.vn,CÔNG TY TNHH X ARENA,QUYẾT ĐỊNH PHÁT HÀNH TRÒ CHƠI ĐIỆN TỬ G1 TRÊN MẠNG,2026-06-10,Giấy phép (ABEI),334/QĐ-PTTH&TTĐT,valid,https://giayphep.abei.gov.vn/
xtamquoc.kul.vn,CÔNG TY CỔ PHẦN TRỰC TUYẾN CMN VIỆT NAM,QUYẾT ĐỊNH PHÁT HÀNH TRÒ CHƠI ĐIỆN TỬ G1 TRÊN MẠNG,2016-06-02,Giấy phép (ABEI),938/QĐ-BTTTT,valid,https://giayphep.abei.gov.vn/
xtaydu.cmn.vn,CÔNG TY CỔ PHẦN TRỰC TUYẾN CMN VIỆT NAM,QUYẾT ĐỊNH PHÁT HÀNH TRÒ CHƠI ĐIỆN TỬ G1 TRÊN MẠNG,2025-10-16,Giấy phép (ABEI),453/QĐ-PTTH&TTĐT,valid,https://giayphep.abei.gov.vn/
xtel.vn,CÔNG TY CỔ PHẦN PHÁT TRIỂM PHẦN MỀM VÀ GIẢI PHÁP TÍCH HỢP XTEL,"GIẤY XÁC NHẬN THÔNG BÁO PHÁT HÀNH TRÒ CHƠI ĐIỆN TỬ G2,G3,G4",2019-01-03,Giấy phép (ABEI),02/GXN-PTTH&TTĐT,valid,https://giayphep.abei.gov.vn/
xtv.vn,CÔNG TY CỔ PHẦN XTV,QUYẾT ĐỊNH PHÁT HÀNH TRÒ CHƠI ĐIỆN TỬ G1 TRÊN MẠNG,2020-07-14,Giấy phép (ABEI),1181/QĐ-BTTTT,invalid,https://giayphep.abei.gov.vn/
xuanthu.gamota.com,CÔNG TY CỔ PHẦN GAMOTA,QUYẾT ĐỊNH PHÁT HÀNH TRÒ CHƠI ĐIỆN TỬ G1 TRÊN MẠNG,2020-08-18,Giấy phép (ABEI),1408/QĐ-BTTTT,valid,https://giayphep.abei.gov.vn/
xuatkich.vtcgame.vn,CÔNG TY VTC CÔNG NGHỆ VÀ NỘI DUNG SỐ,QUYẾT ĐỊNH PHÁT HÀNH TRÒ CHƠI ĐIỆN TỬ G1 TRÊN MẠNG,2017-07-19,Giấy phép (ABEI),1192/QĐ-BTTTT,invalid,https://giayphep.abei.gov.vn/
xuctiendoanhnghiep.vn,Công ty TNHH Dịch vụ Thông tin và Tư vấn BLUEWAVE,Website - Trang TTĐT tổng hợp,,Giấy phép (TVPL PDF),,valid,
xungde.somo.vn,CÔNG TY TNHH DỊCH VỤ SỐ PHƯỢNG HOÀNG VIỆT,QUYẾT ĐỊNH PHÁT HÀNH TRÒ CHƠI ĐIỆN TỬ G1 TRÊN MẠNG,2017-01-19,Giấy phép (ABEI),63/QĐ-BTTTT,invalid,https://giayphep.abei.gov.vn/
xvn.infographics,Trung tâm Thông tin tư liệu và Đồ họa,MXH - Cơ quan báo chí,,Giấy phép (TVPL PDF),,valid,
xwukong.sohagame.vn,CÔNG TY TNHH SOHA,QUYẾT ĐỊNH PHÁT HÀNH TRÒ CHƠI ĐIỆN TỬ G1 TRÊN MẠNG,2025-01-21,Giấy phép (ABEI),84/QĐ-BTTTT,valid,https://giayphep.abei.gov.vn/
y.gov.vn,Sở Nông nghiệp và Phát triển nông thôn TPHCM,Website - Trang TTĐT tổng hợp,,Giấy phép (TVPL PDF),,valid,
y1g.vn,CÔNG TY CỔ PHẦN 1GAME,"GIẤY XÁC NHẬN THÔNG BÁO PHÁT HÀNH TRÒ CHƠI ĐIỆN TỬ G2,G3,G4",2024-08-28,Giấy phép (ABEI),205/GXN-PTTH&TTĐT,valid,https://giayphep.abei.gov.vn/
yamlive.vn,Công ty TNHH Yamlive,Website - Trang mạng xã hội,,Giấy phép (TVPL PDF),,valid,
yamasia.vn,Công ty TNHH Yamlive,Website - Trang mạng xã hội,,Giấy phép (TVPL PDF),,valid,
www.yamasia.vn,CÔNG TY TNHH YAMLIVE,GIẤY PHÉP CUNG CẤP DỊCH VỤ MẠNG XÃ HỘI,2020-07-30,Giấy phép (ABEI),332/GP-BTTTT,valid,https://giayphep.abei.gov.vn/
ybox.vn,Công ty TNHH Công nghệ Ybox Việt Nam,Website - Trang mạng xã hội,,Giấy phép (TVPL PDF),,valid,
ybrandgame.com,CÔNG TY CỔ PHẦN PHÁT TRIỂN THƯƠNG HIỆU YEAH1,"GIẤY XÁC NHẬN THÔNG BÁO PHÁT HÀNH TRÒ CHƠI ĐIỆN TỬ G2,G3,G4",2021-07-30,Giấy phép (ABEI),133/GXN-PTTH&TTĐT,valid,https://giayphep.abei.gov.vn/
yduochocngaynay.vn,VIỆN NGHIÊN CỨU Y DƯỢC HỌC THĂNG LONG,GIẤY PHÉP THIẾT LẬP TRANG THÔNG TIN ĐIỆN TỬ TỔNG HỢP,2023-12-13,Giấy phép (ABEI),216/GP-TTĐT,invalid,https://giayphep.abei.gov.vn/
yduocngaynay.vn,VIỆN NGHIÊN CỨU Y DƯỢC HỌC THĂNG LONG,GIẤY PHÉP THIẾT LẬP TRANG THÔNG TIN ĐIỆN TỬ TỔNG HỢP,2018-12-18,Giấy phép (ABEI),312/GP-TTĐT,invalid,https://giayphep.abei.gov.vn/
yduocsuckhoe.vn,CÔNG TY CỔ PHẦN THƯƠNG MẠI VÀ ĐẦU TƯ Y TẾ  QUỐC TẾ,GIẤY PHÉP CUNG CẤP DỊCH VỤ MẠNG XÃ HỘI,2019-02-16,Giấy phép (ABEI),551/GP-BTTTT,valid,https://giayphep.abei.gov.vn/
yeah1.com,Công ty Cổ phần Tập đoàn Yeah1,Website - Trang TTĐT tổng hợp,,Giấy phép (TVPL PDF),,valid,
yeah1.giaitri,Công ty Cổ phần Yeah1 eDigital,"MXH - Cá nhân, tổ chức",,Giấy phép (TVPL PDF),,valid,
yeah1.vn,CÔNG TY CỔ PHẦN TẬP ĐOÀN ĐẠI SỨ TRẺ,Website - Trang mạng xã hội,,Giấy phép (TVPL PDF),,valid,
yenbaitv.org.vn,ĐÀI PHÁT THANH VÀ TRUYỀN HÌNH YÊN BÁI,GIẤY PHÉP THIẾT LẬP TRANG THÔNG TIN ĐIỆN TỬ TỔNG HỢP,2020-07-08,Giấy phép (ABEI),111/GP-TTĐT,valid,https://giayphep.abei.gov.vn/
yenhinhsoctrang.stv,Đài Phát thanh và Truyền hình tỉnh Sóc Trăng,MXH - Đài Phát thanh Truyền hình,,Giấy phép (TVPL PDF),,valid,
yeucuocsong.vn,Công ty Cổ phần Maxgroup,Website - Trang TTĐT tổng hợp,,Giấy phép (TVPL PDF),,valid,
yeugiadinh.vn,Công ty Cổ phần truyền thông Minh Châu,Website - Trang TTĐT tổng hợp,,Giấy phép (TVPL PDF),,valid,
yeulinhgiai.vgplay.vn,CÔNG TY CỔ PHẦN VGP,QUYẾT ĐỊNH PHÁT HÀNH TRÒ CHƠI ĐIỆN TỬ G1 TRÊN MẠNG,2021-06-23,Giấy phép (ABEI),892/QĐ-BTTTT,invalid,https://giayphep.abei.gov.vn/
yeulinhky.ggames.vn,CÔNG TY TNHH TRỰC TUYẾN THIÊN HÀ,QUYẾT ĐỊNH PHÁT HÀNH TRÒ CHƠI ĐIỆN TỬ G1 TRÊN MẠNG,2022-07-20,Giấy phép (ABEI),1409/QĐ-BTTTT,valid,https://giayphep.abei.gov.vn/
yeumoitruong.vn,Công ty Cổ phần Phát triển Greco,Website - Trang mạng xã hội,,Giấy phép (TVPL PDF),,valid,
yeuthethao.com.vn,Công ty Cổ phần Yêu Thể Thao,Website - Trang TTĐT tổng hợp,,Giấy phép (TVPL PDF),,valid,
yeuthethao.thethaovanhoa,Báo Thể thao và Văn hóa,"Website - Báo, tạp chí điện tử",,Giấy phép (TVPL PDF),,valid,
yeuthethao.vn,Công ty TNHH Truyền thông vá Giải trí Fan90,Website - Trang TTĐT tổng hợp,,Giấy phép (TVPL PDF),,valid,
yeutre.vn,Công ty Cổ phần Yêu trẻ,Website - Trang mạng xã hội,,Giấy phép (TVPL PDF),,valid,
yeuxe.com.vn,Công ty TNHH TMDV Tổng hợp Phát Thành Đạt,Website - Trang mạng xã hội,,Giấy phép (TVPL PDF),,valid,
ygame.vn,CÔNG TY CỔ PHẦN GIẢI TRÍ YGAME,QUYẾT ĐỊNH PHÁT HÀNH TRÒ CHƠI ĐIỆN TỬ G1 TRÊN MẠNG,2019-10-11,Giấy phép (ABEI),1687 /QĐ-BTTTT,valid,https://giayphep.abei.gov.vn/
yhocduphong.com,Hội Y học Dự phòng Việt Nam,Website - Trang TTĐT tổng hợp,,Giấy phép (TVPL PDF),,valid,
www.hoiyhocduphong.vn,HỘI Y HỌC DỰ PHÒNG VIỆT NAM,GIẤY PHÉP THIẾT LẬP TRANG THÔNG TIN ĐIỆN TỬ TỔNG HỢP,2016-06-15,Giấy phép (ABEI),62/GP-TTĐT,valid,https://giayphep.abei.gov.vn/
yhqs.vn,TẠP CHÍ Y HỌC QUÂN SỰ,GIẤY PHÉP THIẾT LẬP TRANG THÔNG TIN ĐIỆN TỬ TỔNG HỢP,2013-12-23,Giấy phép (ABEI),146/GP-TTĐT,invalid,https://giayphep.abei.gov.vn/
yhth.vn,TẠP CHÍ Y HỌC THỰC HÀNH,GIẤY PHÉP THIẾT LẬP TRANG THÔNG TIN ĐIỆN TỬ TỔNG HỢP,2013-08-27,Giấy phép (ABEI),122/GP-TTĐT,invalid,https://giayphep.abei.gov.vn/
www.yhocthuchanh.vn,TẠP CHÍ Y HỌC THỰC HÀNH,GIẤY PHÉP THIẾT LẬP TRANG THÔNG TIN ĐIỆN TỬ TỔNG HỢP,2013-08-27,Giấy phép (ABEI),122/GP-TTĐT,invalid,https://giayphep.abei.gov.vn/
ymeetme.vn,Công ty TNHH Game Changer,Website - Trang mạng xã hội,,Giấy phép (TVPL PDF),,valid,
yogame.vn,CÔNG TY CỔ PHẦN VIỄN THÔNG TUỔI TRẺ,"GIẤY XÁC NHẬN THÔNG BÁO PHÁT HÀNH TRÒ CHƠI ĐIỆN TỬ G2,G3,G4",2018-08-08,Giấy phép (ABEI),208/GXN-PTTH&TTĐT,valid,https://giayphep.abei.gov.vn/
yolo.vpla.vn,CÔNG TY CỔ PHẦN TRUYỀN HÌNH TƯƠNG TÁC VIỆT NAM,"GIẤY XÁC NHẬN THÔNG BÁO PHÁT HÀNH TRÒ CHƠI ĐIỆN TỬ G2,G3,G4",2023-11-10,Giấy phép (ABEI),200/GXN-PTTH&TTĐT,valid,https://giayphep.abei.gov.vn/
yomi.vn,Công ty cổ phần Hà Thành Telecom Việt Nam,Website - Trang mạng xã hội,,Giấy phép (TVPL PDF),,valid,
yongheroes.100d.mobi,CÔNG TY CỔ PHẦN GIẢI TRÍ 100 ĐỘ,QUYẾT ĐỊNH PHÁT HÀNH TRÒ CHƠI ĐIỆN TỬ G1 TRÊN MẠNG,2019-12-20,Giấy phép (ABEI),2229/QĐ-BTTTT,invalid,https://giayphep.abei.gov.vn/
yoot.vn,CÔNG TY CỔ PHẦN CÔNG NGHỆ CAO VÀ ĐÀO TẠO YOOT,GIẤY PHÉP CUNG CẤP DỊCH VỤ MẠNG XÃ HỘI,2019-11-12,Giấy phép (ABEI),492/GP-BTTTT,valid,https://giayphep.abei.gov.vn/
youclip.vn,CÔNG TY TNHH CÔNG NGHỆ ALADIN,GIẤY PHÉP CUNG CẤP DỊCH VỤ MẠNG XÃ HỘI,2019-07-05,Giấy phép (ABEI),272/GP-BTTTT,valid,https://giayphep.abei.gov.vn/
youfinance.vn,CÔNG TY CỔ PHẦN YOUTRADE,GIẤY PHÉP CUNG CẤP DỊCH VỤ MẠNG XÃ HỘI,2020-05-14,Giấy phép (ABEI),204/GP-BTTTT,valid,https://giayphep.abei.gov.vn/
yougame.vn,CÔNG TY TNHH CÔNG NGHỆ ALADIN,"GIẤY XÁC NHẬN THÔNG BÁO PHÁT HÀNH TRÒ CHƠI ĐIỆN TỬ G2,G3,G4",2021-01-11,Giấy phép (ABEI),10/GXN-PTTH&TTĐT,valid,https://giayphep.abei.gov.vn/
yourtv.vn,Công ty TNHH Haiwinmedia,Website - Trang mạng xã hội,,Giấy phép (TVPL PDF),,valid,
youtrade.vn,Công ty Cổ phần youtrade,Website - Trang TTĐT tổng hợp,,Giấy phép (TVPL PDF),,valid,
youtv.mobi,Công ty Cổ phần Công nghệ và Truyền thông số Vietnet,Website - Trang TTĐT tổng hợp,,Giấy phép (TVPL PDF),,valid,
youtv.info.vn,Công ty Cổ phần Công nghệ và Truyền thông số Vietnet,Website - Trang TTĐT tổng hợp,,Giấy phép (TVPL PDF),,valid,
ytaithachdau.dongtaypromo,Công ty cổ phần VieNETWORK,"MXH - Cá nhân, tổ chức",,Giấy phép (TVPL PDF),,valid,
ythien.gosu.vn,CÔNG TY CỔ PHẦN TRỰC TUYẾN GOSU,QUYẾT ĐỊNH PHÁT HÀNH TRÒ CHƠI ĐIỆN TỬ G1 TRÊN MẠNG,2020-08-11,Giấy phép (ABEI),1372 /QĐ-BTTTT,valid,https://giayphep.abei.gov.vn/
ythiendolong.vn,CÔNG TY CỔ PHẦN TRỰC TUYỂN CMN VIỆT NAM,QUYẾT ĐỊNH PHÁT HÀNH TRÒ CHƠI ĐIỆN TỬ G1 TRÊN MẠNG,2022-03-15,Giấy phép (ABEI),440/QĐ-BTTTT,valid,https://giayphep.abei.gov.vn/
ytvd.mgol.vn,CÔNG TY TNHH PHẦN MỀM MGOL,QUYẾT ĐỊNH PHÁT HÀNH TRÒ CHƠI ĐIỆN TỬ G1 TRÊN MẠNG,2025-01-17,Giấy phép (ABEI),68/QĐ-BTTTT,valid,https://giayphep.abei.gov.vn/
ytvn.vn,Công ty Cổ phần VTVCorp,Website - Trang TTĐT tổng hợp,,Giấy phép (TVPL PDF),,valid,
yuanta.com.vn,CÔNG TY CỔ PHẦN CHỨNG KHOÁN YUANTA VIỆT NAM,Website - Trang TTĐT tổng hợp,,Giấy phép (TVPL PDF),,valid,
yucvuive.dongtay,Công ty cổ phần VieNETWORK,"MXH - Cá nhân, tổ chức",,Giấy phép (TVPL PDF),,valid,
yugi.360game.vn,CÔNG TY TNHH NỘI DUNG SỐ NGUYÊN BẢO,QUYẾT ĐỊNH PHÁT HÀNH TRÒ CHƠI ĐIỆN TỬ G1 TRÊN MẠNG,2017-12-14,Giấy phép (ABEI),2326/QĐ-BTTTT,invalid,https://giayphep.abei.gov.vn/
yugih5.com,CÔNG TY TNHH TRUYỀN THÔNG MINH PHƯƠNG THỊNH,QUYẾT ĐỊNH PHÁT HÀNH TRÒ CHƠI ĐIỆN TỬ G1 TRÊN MẠNG,2021-05-07,Giấy phép (ABEI),625 /QĐ-BTTTT,valid,https://giayphep.abei.gov.vn/
yulgang.vsgame.vn,CÔNG TY CỔ PHẦN VISION GAME ,QUYẾT ĐỊNH PHÁT HÀNH TRÒ CHƠI ĐIỆN TỬ G1 TRÊN MẠNG,2025-02-18,Giấy phép (ABEI),36/QĐ-PTTH&TTĐT,valid,https://giayphep.abei.gov.vn/
yymys.mocgame.vn,CÔNG TY CỔ PHẦN TRÒ CHƠI MỘC ,QUYẾT ĐỊNH PHÁT HÀNH TRÒ CHƠI ĐIỆN TỬ G1 TRÊN MẠNG,2025-09-10,Giấy phép (ABEI),383/QĐ-PTTH&TTĐT,valid,https://giayphep.abei.gov.vn/
zalo.me,Báo Đại biểu Nhân dân,MXH - Cơ quan báo chí,,Giấy phép (TVPL PDF),,valid,
zapp.com.vn,CÔNG TY TNHH DIGITAL POWER MEDIA,GIẤY PHÉP CUNG CẤP DỊCH VỤ MẠNG XÃ HỘI,2019-04-22,Giấy phép (ABEI),146/GP-BTTTT,valid,https://giayphep.abei.gov.vn/
zapygo.com,Công ty TNHH Ilex,Website - Trang mạng xã hội,,Giấy phép (TVPL PDF),,valid,
zapygo.com.vn,Công ty TNHH Ilex,Website - Trang mạng xã hội,,Giấy phép (TVPL PDF),,valid,
zapygo.vn,Công ty TNHH Ilex,Website - Trang mạng xã hội,,Giấy phép (TVPL PDF),,valid,
zazu.vn,CÔNG TY CỔ PHẦN KẾT NỐI DOTMARK,GIẤY PHÉP CUNG CẤP DỊCH VỤ MẠNG XÃ HỘI,2017-09-18,Giấy phép (ABEI),449/GP-BTTTT,valid,https://giayphep.abei.gov.vn/
zca.zagoo.vn,CÔNG TY TNHH ZIE,QUYẾT ĐỊNH PHÁT HÀNH TRÒ CHƠI ĐIỆN TỬ G1 TRÊN MẠNG,2025-06-18,Giấy phép (ABEI),253/QĐ-PTTH&TTĐT,invalid,https://giayphep.abei.gov.vn/
zca.zalogames.me,CÔNG TY TNHH ZIE,QUYẾT ĐỊNH PHÁT HÀNH TRÒ CHƠI ĐIỆN TỬ G1 TRÊN MẠNG,2026-05-18,Giấy phép (ABEI),256/QĐ-PTTH&TTĐT,valid,https://giayphep.abei.gov.vn/
zcast.vn,CÔNG TY CỔ PHẦN XFM,GIẤY PHÉP CUNG CẤP DỊCH VỤ MẠNG XÃ HỘI,2022-07-07,Giấy phép (ABEI),343/GP-BTTTT,invalid,https://giayphep.abei.gov.vn/
zenless.gamota.com,CÔNG TY CỔ PHẦN GAMOTA,QUYẾT ĐỊNH PHÁT HÀNH TRÒ CHƠI ĐIỆN TỬ G1 TRÊN MẠNG,2024-04-26,Giấy phép (ABEI),674/QĐ-BTTTT,valid,https://giayphep.abei.gov.vn/
zeusmedia.vn,Công ty Cổ phần Truyền thông ZEUS Việt Nam,Website - Trang TTĐT tổng hợp,,Giấy phép (TVPL PDF),,valid,
ziatochuventhosai.playfun.vn,CÔNG TY CỔ PHẦN FUNTAP,QUYẾT ĐỊNH PHÁT HÀNH TRÒ CHƠI ĐIỆN TỬ G1 TRÊN MẠNG,2022-01-21,Giấy phép (ABEI),87/QĐ-BTTTT,valid,https://giayphep.abei.gov.vn/
zie.com.vn,CÔNG TY TNHH ZIE,QUYẾT ĐỊNH PHÁT HÀNH TRÒ CHƠI ĐIỆN TỬ G1 TRÊN MẠNG,2026-07-08,Giấy phép (ABEI),408/QĐ-PTTH&TTĐT,valid,https://giayphep.abei.gov.vn/
zilack.vn,CÔNG TY CỔ PHẦN TRUYỀN THÔNG VÀ GIẢI TRÍ ZILACK,GIẤY PHÉP CUNG CẤP DỊCH VỤ MẠNG XÃ HỘI,2019-12-09,Giấy phép (ABEI),533/GP-BTTTT,valid,https://giayphep.abei.gov.vn/
zinder.vn,CÔNG TY TNHH ZIE,GIẤY PHÉP CUNG CẤP DỊCH VỤ MẠNG XÃ HỘI,2024-06-26,Giấy phép (ABEI),166/GP-BTTTT,valid,https://giayphep.abei.gov.vn/
www.zinder.app,CÔNG TY TNHH ZIE,GIẤY PHÉP CUNG CẤP DỊCH VỤ MẠNG XÃ HỘI,2024-06-26,Giấy phép (ABEI),166/GP-BTTTT,valid,https://giayphep.abei.gov.vn/
zing.vn,CÔNG TY CỔ PHẦN VNG,QUYẾT ĐỊNH PHÁT HÀNH TRÒ CHƠI ĐIỆN TỬ G1 TRÊN MẠNG,2025-04-04,Giấy phép (ABEI),101/QĐ-PTTH&TTĐT,valid,https://giayphep.abei.gov.vn/
zingnews.com.vn,Tạp chí điện tử Tri thức trực tuyến,"Website - Báo, tạp chí điện tử",,Giấy phép (TVPL PDF),,valid,
zingnews.vn,Tạp chí điện tử Tri thức trực tuyến,"Website - Báo, tạp chí điện tử",,Giấy phép (TVPL PDF),,valid,
zingplav.com,CÔNG TY TNHH ZINGPLAY VIỆT NAM,QUYẾT ĐỊNH PHÁT HÀNH TRÒ CHƠI ĐIỆN TỬ G1 TRÊN MẠNG,2022-07-04,Giấy phép (ABEI),1328/QĐ-BTTTT,valid,https://giayphep.abei.gov.vn/
zingplay.com,CÔNG TY TNHH ZINGPLAY VIỆT NAM,QUYẾT ĐỊNH PHÁT HÀNH TRÒ CHƠI ĐIỆN TỬ G1 TRÊN MẠNG,2024-05-15,Giấy phép (ABEI),797/QĐ-BTTTT,valid,https://giayphep.abei.gov.vn/
zingspeedm.vn,CÔNG TY CỔ PHẦN VNG,QUYẾT ĐỊNH PHÁT HÀNH TRÒ CHƠI ĐIỆN TỬ G1 TRÊN MẠNG,2018-12-11,Giấy phép (ABEI),2125/QĐ-BTTTT,invalid,https://giayphep.abei.gov.vn/
zingspeedm.vnggames.com,CÔNG TY CỔ PHẦN TẬP ĐOÀN VNG,QUYẾT ĐỊNH PHÁT HÀNH TRÒ CHƠI ĐIỆN TỬ G1 TRÊN MẠNG,2026-02-12,Giấy phép (ABEI),79/QĐ-PTTH&TTĐT,valid,https://giayphep.abei.gov.vn/
zoco.vn,Công ty TNHH Kỹ thuật số Bảo Bảo,Website - Trang mạng xã hội,,Giấy phép (TVPL PDF),,valid,
zombiesboom.mgol.vn,CÔNG TY TNHH PHẦN MỀM MGOL,QUYẾT ĐỊNH PHÁT HÀNH TRÒ CHƠI ĐIỆN TỬ G1 TRÊN MẠNG,2024-04-26,Giấy phép (ABEI),669/QĐ-BTTTT,valid,https://giayphep.abei.gov.vn/
zone.official,CÔNG TY CỔ PHẦN THẾ GIỚI DI ĐỘNG,"MXH - Cá nhân, tổ chức",,Giấy phép (TVPL PDF),,valid,
zone.tiktok,CÔNG TY CỔ PHẦN THẾ GIỚI DI ĐỘNG,"MXH - Cá nhân, tổ chức",,Giấy phép (TVPL PDF),,valid,
zone360.vn,CÔNG TY CỔ PHẦN GIÁO DỤC VÀ ĐÀO TẠO A0,GIẤY PHÉP CUNG CẤP DỊCH VỤ MẠNG XÃ HỘI,2020-09-23,Giấy phép (ABEI),406/GP-BTTTT,valid,https://giayphep.abei.gov.vn/
zonemedia.vn,CÔNG TY TNHH VZONE,"MXH - Cá nhân, tổ chức",,Giấy phép (TVPL PDF),,valid,
zoneplay.vn,CÔNG TY TNHH GZONE MEDIA VIỆT NAM,QUYẾT ĐỊNH PHÁT HÀNH TRÒ CHƠI ĐIỆN TỬ G1 TRÊN MẠNG,2021-11-26,Giấy phép (ABEI),1884/QĐ-BTTTT,valid,https://giayphep.abei.gov.vn/
zoom.vn,CÔNG TY CỔ PHẦN GIẢI PHÁP CÔNG NGHỆ ZOOM VIỆT NAM,QUYẾT ĐỊNH PHÁT HÀNH TRÒ CHƠI ĐIỆN TỬ G1 TRÊN MẠNG,2021-05-26,Giấy phép (ABEI),715/QĐ-BTTTT,invalid,https://giayphep.abei.gov.vn/
zoota.vn,Công ty TNHH Cung cấp Giải pháp Dịch vụ Giá trị Gia tăng,Website - Trang mạng xã hội,,Giấy phép (TVPL PDF),,valid,
zooxem.vn,Công ty TNHH ARTGO MEDIA,Website - Trang mạng xã hội,,Giấy phép (TVPL PDF),,valid,
www.zooxem.com,CÔNG TY TNHH ARTGO MEDIA,GIẤY PHÉP CUNG CẤP DỊCH VỤ MẠNG XÃ HỘI,2022-12-30,Giấy phép (ABEI),609/GP-BTTTT,valid,https://giayphep.abei.gov.vn/
zstudio.io,CÔNG TY TNHH GIẢI TRÍ LONG ĐỈNH,"GIẤY XÁC NHẬN THÔNG BÁO PHÁT HÀNH TRÒ CHƠI ĐIỆN TỬ G2,G3,G4",2020-11-04,Giấy phép (ABEI),206/GXN-PTTH&TTĐT,valid,https://giayphep.abei.gov.vn/
zuni.vn,Công ty Cổ phần Công nghệ Giáo dục Zuni,Website - Trang mạng xã hội,,Giấy phép (TVPL PDF),,valid,
