domain,owner,org_type,certified_date,cert_level,detail_url
angiang.gov.vn,HĐND & UBND tỉnh An Giang,Hội đồng nhân dân & UBND,Đã xác thực chính thức,Chứng nhận cơ bản,https://tinnhiemmang.vn/danh-ba-tin-nhiem/angiang.gov.vn
anhoa.kimson.ninhbinh.gov.vn,"Uỷ ban nhân dân xã Ân Hoà, huyện Kim Sơn, tỉnh Ninh Bình",Hội đồng nhân dân & UBND,27/06/2024,Chứng nhận cơ bản,https://tinnhiemmang.vn/danh-ba-tin-nhiem/anhoakimsonninhbinhgovvn-1719453151
antoanthongtinhaiphong.gov.vn,Sở Thông tin và Truyền thông Hải Phòng,Hội đồng nhân dân & UBND,25/07/2024,Chứng nhận cơ bản,https://tinnhiemmang.vn/danh-ba-tin-nhiem/antoanthongtinhaiphonggovvn-1721790761
ats.vietnamtourism.gov.vn,Trung tâm Thông tin du lịch,Hội đồng nhân dân & UBND,12/08/2024,Chứng nhận cơ bản,https://tinnhiemmang.vn/danh-ba-tin-nhiem/atsvietnamtourismgovvn-1723449370
baclieu.gov.vn,HĐND & UBND tỉnh Bạc Liêu,Hội đồng nhân dân & UBND,Đã xác thực chính thức,Chứng nhận cơ bản,https://tinnhiemmang.vn/danh-ba-tin-nhiem/baclieu.gov.vn
bacninh.gov.vn,HĐND & UBND tỉnh Bắc Ninh,Hội đồng nhân dân & UBND,Đã xác thực chính thức,Chứng nhận cơ bản,https://tinnhiemmang.vn/danh-ba-tin-nhiem/bacninh.gov.vn
baohiemxahoi.gov.vn,Bảo hiểm Xã hội Việt Nam,Chính phủ Việt Nam,Đã xác thực chính thức,Chứng nhận cơ bản,https://tinnhiemmang.vn/danh-ba-tin-nhiem/baohiemxahoi.gov.vn
baoloc.lamdong.gov.vn,UBND thành phố Bảo Lộc,Hội đồng nhân dân & UBND,10/05/2023,Chứng nhận cơ bản,https://tinnhiemmang.vn/danh-ba-tin-nhiem/baoloclamdonggovvn-1682474730
baotangdanang.vn,Bảo tàng Đà Nẵng,Tổ chức nhà nước,29/10/2024,Chứng nhận cơ bản,https://tinnhiemmang.vn/danh-ba-tin-nhiem/baotangdanangvn-1729566355
baotonpuluong.vn,Ban Quản lý Khu Bảo tồn thiên nhiên Pù Luông tỉnh Thanh Hóa,Tổ chức nhà nước,17/10/2024,Chứng nhận cơ bản,https://tinnhiemmang.vn/danh-ba-tin-nhiem/baotonpuluongvn-1729132963
baria-vungtau.gov.vn,HĐND & UBND tỉnh Bà Rịa - Vũng Tàu,Hội đồng nhân dân & UBND,Đã xác thực chính thức,Chứng nhận cơ bản,https://tinnhiemmang.vn/danh-ba-tin-nhiem/baria-vungtau.gov.vn
benennp.com.vn,Ban quản lý Vườn quốc gia Bến En tỉnh Thanh Hóa,Tổ chức nhà nước,17/10/2024,Chứng nhận cơ bản,https://tinnhiemmang.vn/danh-ba-tin-nhiem/benennpcomvn-1729132920
benhviendakhoalangchanh.vn,Bệnh viện đa khoa Lang Chánh,Tổ chức nhà nước,11/07/2023,Chứng nhận cơ bản,https://tinnhiemmang.vn/danh-ba-tin-nhiem/benhviendakhoalangchanhvn-1688699770
benhviendakhoaquangxuong.vn,Bệnh viện Đa khoa huyện Quảng Xương,Tổ chức nhà nước,26/09/2024,Chứng nhận cơ bản,https://tinnhiemmang.vn/danh-ba-tin-nhiem/benhviendakhoaquangxuongvn-1727233140
benhviendakhoathachthanh.com.vn,Bệnh viện Đa khoa huyện Thạch Thành tỉnh Thanh Hóa,Tổ chức nhà nước,17/10/2024,Chứng nhận cơ bản,https://tinnhiemmang.vn/danh-ba-tin-nhiem/benhviendakhoathachthanhcomvn-1729133565
benhviendalieuhanoi.com,Bệnh viện Da Liễu Hà Nội,Tổ chức nhà nước,11/11/2024,Chứng nhận cơ bản,https://tinnhiemmang.vn/danh-ba-tin-nhiem/benhviendalieuhanoicom-1730973833
benhviendktpthanhhoa.vn,Bệnh viện Đa khoa Thành phố Thanh Hoá,Tổ chức nhà nước,26/09/2024,Chứng nhận cơ bản,https://tinnhiemmang.vn/danh-ba-tin-nhiem/benhviendktpthanhhoavn-1727317000
benhvienmathanoi.gov.vn,Bệnh viện Mắt Hà Nội,Hội đồng nhân dân & UBND,11/06/2024,Chứng nhận cơ bản,https://tinnhiemmang.vn/danh-ba-tin-nhiem/benhvienmathanoigovvn-1718005954
benhvienphusanthanhhoa.vn,Bệnh viện Phụ Sản Thanh hóa,Tổ chức nhà nước,19/12/2023,Chứng nhận cơ bản,https://tinnhiemmang.vn/danh-ba-tin-nhiem/benhvienphusanthanhhoavn-1702448980
benhvientamthanthanhhoa.org.vn,Bệnh viện Tâm thần tỉnh Thanh Hoá,Tổ chức nhà nước,17/10/2024,Chứng nhận cơ bản,https://tinnhiemmang.vn/danh-ba-tin-nhiem/benhvientamthanthanhhoaorgvn-1729133182
benhvienthoxuan.vn,"Bệnh viện Đa khoa huyện Thọ Xuân, Thanh Hóa",Tổ chức nhà nước,02/10/2024,Chứng nhận cơ bản,https://tinnhiemmang.vn/danh-ba-tin-nhiem/benhvienthoxuanvn-1727681881
benhvientimhanoi.vn,Bệnh viện tim Hà Nội,Tổ chức nhà nước,11/11/2024,Chứng nhận cơ bản,https://tinnhiemmang.vn/danh-ba-tin-nhiem/benhvientimhanoivn-1730973366
benhvientrieuson.vn,Bệnh viện đa khoa huyện Triệu Sơn,Tổ chức nhà nước,13/10/2023,Chứng nhận cơ bản,https://tinnhiemmang.vn/danh-ba-tin-nhiem/benhvientrieusonvn-1695796982
benhvienungbuouthanhhoa.vn,Bệnh viện Ung bướu tỉnh Thanh Hóa,Tổ chức nhà nước,17/10/2024,Chứng nhận cơ bản,https://tinnhiemmang.vn/danh-ba-tin-nhiem/benhvienungbuouthanhhoavn-1729133224
benhvienyduoccotruyenphutho.com,Bệnh viện Y dược cổ truyền và phục hồi chức năng tỉnh Phú Thọ,Tổ chức nhà nước,08/08/2024,Chứng nhận cơ bản,https://tinnhiemmang.vn/danh-ba-tin-nhiem/benhvienyduoccotruyenphuthocom-1723002095
benhvienyhctkontum.vn,Bệnh viện Y dược cổ truyền - Phục hồi chức năng tỉnh Kon Tum,Tổ chức nhà nước,26/06/2024,Chứng nhận cơ bản,https://tinnhiemmang.vn/danh-ba-tin-nhiem/benhvienyhctkontumvn-1717408454
bentre.gov.vn,HĐND & UBND tỉnh Bến Tre,Hội đồng nhân dân & UBND,Đã xác thực chính thức,Chứng nhận cơ bản,https://tinnhiemmang.vn/danh-ba-tin-nhiem/bentre.gov.vn
bichdao.tpninhbinh.ninhbinh.gov.vn,"Uỷ ban nhân dân phường Bích Đào, thành phố Ninh Bình, tỉnh Ninh Bình",Hội đồng nhân dân & UBND,27/06/2024,Chứng nhận cơ bản,https://tinnhiemmang.vn/danh-ba-tin-nhiem/bichdaotpninhbinhninhbinhgovvn-1719472917
binhdinh.gov.vn,HĐND & UBND tỉnh Bình Định,Hội đồng nhân dân & UBND,Đã xác thực chính thức,Chứng nhận cơ bản,https://tinnhiemmang.vn/danh-ba-tin-nhiem/binhdinh.gov.vn
binhphuoc.gov.vn,HĐND & UBND tỉnh Bình Phước,Hội đồng nhân dân & UBND,Đã xác thực chính thức,Chứng nhận cơ bản,https://tinnhiemmang.vn/danh-ba-tin-nhiem/binhphuoc.gov.vn
bocongan.gov.vn,Bộ Công an,Chính phủ Việt Nam,Đã xác thực chính thức,Chứng nhận cơ bản,https://tinnhiemmang.vn/danh-ba-tin-nhiem/bocongan.gov.vn
bvdkmelinh.vn,Bệnh viện Đa khoa huyện Mê Linh,Tổ chức nhà nước,27/11/2024,Chứng nhận cơ bản,https://tinnhiemmang.vn/danh-ba-tin-nhiem/bvdkmelinhvn-1732695421
bvdkquanson.com.vn,"Bệnh viện đa khoa huyện Quan Sơn, tỉnh Thanh Hóa",Tổ chức nhà nước,25/11/2024,Chứng nhận cơ bản,https://tinnhiemmang.vn/danh-ba-tin-nhiem/bvdkquansoncomvn-1732249868
bvdksamson.vn,Bệnh viện Đa khoa Thành phố Sầm Sơn,Tổ chức nhà nước,17/10/2024,Chứng nhận cơ bản,https://tinnhiemmang.vn/danh-ba-tin-nhiem/bvdksamsonvn-1729133270
bvdktinh.vinhlong.gov.vn,Bệnh viện Đa khoa Vĩnh Long,Hội đồng nhân dân & UBND,15/08/2024,Chứng nhận cơ bản,https://tinnhiemmang.vn/danh-ba-tin-nhiem/bvdktinhvinhlonggovvn-1723689323
bvdkvinhloc.gov.vn,"Bệnh viện đa khoa huyện Vĩnh Lộc, tỉnh Thanh Hóa",Hội đồng nhân dân & UBND,25/11/2024,Chứng nhận cơ bản,https://tinnhiemmang.vn/danh-ba-tin-nhiem/bvdkvinhlocgovvn-1732249908
bvhoaphu.vinhlong.gov.vn,Bệnh viện Đa khoa khu vực Hòa Phú tỉnh Vĩnh Long,Hội đồng nhân dân & UBND,15/08/2024,Chứng nhận cơ bản,https://tinnhiemmang.vn/danh-ba-tin-nhiem/bvhoaphuvinhlonggovvn-1723689425
bvkvnghison.vn,Bệnh viện Đa khoa khu vực Nghi Sơn tỉnh Thanh Hóa,Tổ chức nhà nước,17/10/2024,Chứng nhận cơ bản,https://tinnhiemmang.vn/danh-ba-tin-nhiem/bvkvnghisonvn-1729133480
bvnamlienchieu.com,Bệnh viện đa khoa Nam Liên Chiểu,Tổ chức nhà nước,17/07/2024,Chứng nhận cơ bản,https://tinnhiemmang.vn/danh-ba-tin-nhiem/bvnamlienchieucom-1657269063
bvnhuxuan.ytethanhhoa.gov.vn,Bệnh viện đa khoa huyện Như Xuân,Hội đồng nhân dân & UBND,26/09/2024,Chứng nhận cơ bản,https://tinnhiemmang.vn/danh-ba-tin-nhiem/bvnhuxuanytethanhhoagovvn-1727317048
bvp.vinhlong.gov.vn,Bệnh viện Phổi Vĩnh Long,Hội đồng nhân dân & UBND,15/08/2024,Chứng nhận cơ bản,https://tinnhiemmang.vn/danh-ba-tin-nhiem/bvpvinhlonggovvn-1723689224
bvqdy.vinhlong.gov.vn,Bệnh viện Đa khoa khu vực kết hợp Quân Dân Y tỉnh Vĩnh Long,Hội đồng nhân dân & UBND,15/08/2024,Chứng nhận cơ bản,https://tinnhiemmang.vn/danh-ba-tin-nhiem/bvqdyvinhlonggovvn-1723689364
bvquanhoa.ytethanhhoa.gov.vn,Bệnh viện đa khoa huyện Quan Hóa,Hội đồng nhân dân & UBND,26/07/2024,Chứng nhận cơ bản,https://tinnhiemmang.vn/danh-ba-tin-nhiem/bvquanhoaytethanhhoagovvn-1688564048
bvtamthan.vinhlong.gov.vn,Bệnh viện Tâm Thần Vĩnh Long,Hội đồng nhân dân & UBND,15/08/2024,Chứng nhận cơ bản,https://tinnhiemmang.vn/danh-ba-tin-nhiem/bvtamthanvinhlonggovvn-1723689192
bvtamthankontum.vn,Bệnh viện Tâm Thần tỉnh Kon Tum,Tổ chức nhà nước,25/06/2024,Chứng nhận cơ bản,https://tinnhiemmang.vn/danh-ba-tin-nhiem/bvtamthankontumvn-1715669739
bvydct.vinhlong.gov.vn,Bệnh viện Y dược cổ truyền tỉnh Vĩnh Long,Hội đồng nhân dân & UBND,15/08/2024,Chứng nhận cơ bản,https://tinnhiemmang.vn/danh-ba-tin-nhiem/bvydctvinhlonggovvn-1723689288
c1vthang-nt.khanhhoa.edu.vn,Trường Tiểu học Vạn Thắng - Nha Trang,Tổ chức nhà nước,07/10/2024,Chứng nhận cơ bản,https://tinnhiemmang.vn/danh-ba-tin-nhiem/c1vthang-ntkhanhhoaeduvn-1728267604
camau.edu.vn,Sở Giáo dục và Đào tạo tỉnh Cà Mau,Tổ chức nhà nước,12/12/2023,Chứng nhận cơ bản,https://tinnhiemmang.vn/danh-ba-tin-nhiem/camaueduvn-1686035603
camau.gov.vn,HĐND & UBND tỉnh Cà Mau,Hội đồng nhân dân & UBND,Đã xác thực chính thức,Chứng nhận cơ bản,https://tinnhiemmang.vn/danh-ba-tin-nhiem/camau.gov.vn
canhantmdt.gdt.gov.vn,Tổng cục Thuế,Chính phủ Việt Nam,02/01/2025,Chứng nhận cơ bản,https://tinnhiemmang.vn/danh-ba-tin-nhiem/canhantmdtgdtgovvn-1735615850
cantho.gov.vn,HĐND & UBND TP Cần Thơ,Hội đồng nhân dân & UBND,Đã xác thực chính thức,Chứng nhận cơ bản,https://tinnhiemmang.vn/danh-ba-tin-nhiem/cantho.gov.vn
caobang.gov.vn,HĐND & UBND tỉnh Cao Bằng,Hội đồng nhân dân & UBND,Đã xác thực chính thức,Chứng nhận cơ bản,https://tinnhiemmang.vn/danh-ba-tin-nhiem/caobang.gov.vn
capellacruise.com,Công Ty Cổ Phần Đầu Tư Việt Star Cruise,Tổ chức nhà nước,03/03/2023,Chứng nhận cơ bản,https://tinnhiemmang.vn/danh-ba-tin-nhiem/capellacruisecom-1645171081
ccatvstp.vinhlong.gov.vn,Chi cục An toàn vệ sinh thực phẩm tỉnh Vĩnh Long,Chính phủ Việt Nam,15/08/2024,Chứng nhận cơ bản,https://tinnhiemmang.vn/danh-ba-tin-nhiem/ccatvstpvinhlonggovvn-1723689143
ccds.vinhlong.gov.vn,Chi cục Dân số - Kế hoạch hóa gia đình tỉnh Vĩnh Long,Chính phủ Việt Nam,15/08/2024,Chứng nhận cơ bản,https://tinnhiemmang.vn/danh-ba-tin-nhiem/ccdsvinhlonggovvn-1723689102
cddl.edu.vn,Trường Cao đẳng Đà Lạt,Tổ chức nhà nước,08/10/2024,Chứng nhận cơ bản,https://tinnhiemmang.vn/danh-ba-tin-nhiem/cddleduvn-1726647629
cdhue.edu.vn,Trường Cao đẳng Huế,Tổ chức nhà nước,06/12/2024,Chứng nhận cơ bản,https://tinnhiemmang.vn/danh-ba-tin-nhiem/cdhueeduvn-1733304682
cds.ninhbinh.gov.vn,Ban chỉ đạo Chuyển đổi số tỉnh Ninh Bình,Hội đồng nhân dân & UBND,29/11/2024,Chứng nhận cơ bản,https://tinnhiemmang.vn/danh-ba-tin-nhiem/cdsninhbinhgovvn-1732760795
chicucdansothanhhoa.vn,Chi cục Dân số tỉnh Thanh Hóa,Chính phủ Việt Nam,17/10/2024,Chứng nhận cơ bản,https://tinnhiemmang.vn/danh-ba-tin-nhiem/chicucdansothanhhoavn-1729133358
chicucthuyloithanhhoa.gov.vn,Chi cục Thủy lợi tỉnh Thanh Hóa,Chính phủ Việt Nam,17/10/2024,Chứng nhận cơ bản,https://tinnhiemmang.vn/danh-ba-tin-nhiem/chicucthuyloithanhhoagovvn-1729132790
chicucthuysannghean.gov.vn,Chi cục Thủy sản Nghệ An,Chính phủ Việt Nam,08/09/2023,Chứng nhận cơ bản,https://tinnhiemmang.vn/danh-ba-tin-nhiem/chicucthuysanngheangovvn-1694057945
chiengdong.tuangiao.gov.vn,Ủy ban nhân dân xã Chiềng Đông,Hội đồng nhân dân & UBND,23/11/2023,Chứng nhận cơ bản,https://tinnhiemmang.vn/danh-ba-tin-nhiem/chiengdongtuangiaogovvn-1700638895
chiengsinh.tuangiao.gov.vn,"Xã Chiềng Sinh - Huyện Tuần Giáo, tỉnh Điện Biên",Hội đồng nhân dân & UBND,15/10/2024,Chứng nhận cơ bản,https://tinnhiemmang.vn/danh-ba-tin-nhiem/chiengsinhtuangiaogovvn-1728897499
chinhphu.vn,Cổng Thông tin Điện tử Chính phủ,Chính phủ Việt Nam,Đã xác thực chính thức,Chứng nhận nâng cao,https://tinnhiemmang.vn/danh-ba-tin-nhiem/chinhphu.vn
chuyendoiso.haiphong.gov.vn,Sở Thông tin và Truyền thông Hải Phòng,Hội đồng nhân dân & UBND,25/07/2024,Chứng nhận cơ bản,https://tinnhiemmang.vn/danh-ba-tin-nhiem/chuyendoisohaiphonggovvn-1721790792
congan.dienbien.gov.vn,Công an tỉnh Điện Biên,Hội đồng nhân dân & UBND,25/10/2024,Chứng nhận cơ bản,https://tinnhiemmang.vn/danh-ba-tin-nhiem/congandienbiengovvn-1729737871
congantp.thainguyen.gov.vn,Công an thành phố Thái Nguyên,Hội đồng nhân dân & UBND,02/10/2024,Chứng nhận cơ bản,https://tinnhiemmang.vn/danh-ba-tin-nhiem/congantpthainguyengovvn-1727678277
congbao.quangtri.gov.vn,UBND tỉnh Quảng Trị,Hội đồng nhân dân & UBND,19/08/2024,Chứng nhận cơ bản,https://tinnhiemmang.vn/danh-ba-tin-nhiem/congbaoquangtrigovvn-1724051187
congdoan.vn,Tổng Liên đoàn Lao động Việt Nam,Công đoàn Việt Nam,Đã xác thực chính thức,Chứng nhận nâng cao,https://tinnhiemmang.vn/danh-ba-tin-nhiem/congdoan.vn
congdoandienbien.org.vn,Liên đoàn lao động tỉnh Điện Biên,Công đoàn Việt Nam,22/11/2024,Chứng nhận cơ bản,https://tinnhiemmang.vn/danh-ba-tin-nhiem/congdoandienbienorgvn-1732247773
conthoi.kimson.ninhbinh.gov.vn,"Uỷ ban nhân dân xã Cồn Thoi, huyện Kim Sơn, tỉnh Ninh Bình",Hội đồng nhân dân & UBND,27/06/2024,Chứng nhận cơ bản,https://tinnhiemmang.vn/danh-ba-tin-nhiem/conthoikimsonninhbinhgovvn-1719453365
csdlbcvt.quangngai.gov.vn,Sở Thông tin và Truyền thông Quảng Ngãi,Hội đồng nhân dân & UBND,13/12/2024,Chứng nhận cơ bản,https://tinnhiemmang.vn/danh-ba-tin-nhiem/csdlbcvtquangngaigovvn-1688609237
csdlpctt.quangngai.gov.vn,Sở Thông tin và Truyền thông Quảng Ngãi,Hội đồng nhân dân & UBND,13/12/2024,Chứng nhận cơ bản,https://tinnhiemmang.vn/danh-ba-tin-nhiem/csdlpcttquangngaigovvn-1710902186
csdlsxd.danang.gov.vn,Sở Xây dựng thành phố Đà Nẵng,Hội đồng nhân dân & UBND,05/09/2024,Chứng nhận cơ bản,https://tinnhiemmang.vn/danh-ba-tin-nhiem/csdlsxddananggovvn-1725509168
ctkyenbai.gso.gov.vn,Cục Thống kê tỉnh Yên Bái,Chính phủ Việt Nam,01/08/2024,Chứng nhận cơ bản,https://tinnhiemmang.vn/danh-ba-tin-nhiem/ctkyenbaigsogovvn-1722396005
cucthongke.quangtri.gov.vn,Cục Thống kê tỉnh Quảng Trị,Chính phủ Việt Nam,27/09/2024,Chứng nhận cơ bản,https://tinnhiemmang.vn/danh-ba-tin-nhiem/cucthongkequangtrigovvn-1727336504
cucthongkecamau.gso.gov.vn,Cục Thống kê tỉnh Cà Mau,Chính phủ Việt Nam,17/10/2024,Chứng nhận cơ bản,https://tinnhiemmang.vn/danh-ba-tin-nhiem/cucthongkecamaugsogovvn-1729127480
cucthongkedaklak.gso.gov.vn,Cục Thống kê tỉnh Đắk Lắk,Chính phủ Việt Nam,16/10/2024,Chứng nhận cơ bản,https://tinnhiemmang.vn/danh-ba-tin-nhiem/cucthongkedaklakgsogovvn-1729041827
cucthongkedaknong.gso.gov.vn,Cục Thống kê Đắk Nông,Chính phủ Việt Nam,03/07/2024,Chứng nhận cơ bản,https://tinnhiemmang.vn/danh-ba-tin-nhiem/cucthongkedaknonggsogovvn-1719888802
cucthongkehanam.gso.gov.vn,Cục Thống kê tỉnh Hà Nam,Chính phủ Việt Nam,11/10/2024,Chứng nhận cơ bản,https://tinnhiemmang.vn/danh-ba-tin-nhiem/cucthongkehanamgsogovvn-1728548560
cucthongkequangninh.gso.gov.vn,Cục Thống kê tỉnh Quảng Ninh,Chính phủ Việt Nam,27/09/2024,Chứng nhận cơ bản,https://tinnhiemmang.vn/danh-ba-tin-nhiem/cucthongkequangninhgsogovvn-1727324337
cucthongkesonla.gso.gov.vn,Cục Thống kê Sơn La,Chính phủ Việt Nam,15/07/2024,Chứng nhận cơ bản,https://tinnhiemmang.vn/danh-ba-tin-nhiem/cucthongkesonlagsogovvn-1721010531
cucthongkethainguyen.gso.gov.vn,Cục Thống kê Thái Nguyên,Chính phủ Việt Nam,11/10/2024,Chứng nhận cơ bản,https://tinnhiemmang.vn/danh-ba-tin-nhiem/cucthongkethainguyengsogovvn-1728546697
cucthongketiengiang.gso.gov.vn,Cục Thống kê tỉnh Tiền Giang,Chính phủ Việt Nam,30/09/2024,Chứng nhận cơ bản,https://tinnhiemmang.vn/danh-ba-tin-nhiem/cucthongketiengianggsogovvn-1727402754
cumgar.daklak.gov.vn,"UBND huyện Cư Mgar, tỉnh Đắk Lắk",Hội đồng nhân dân & UBND,31/10/2024,Chứng nhận cơ bản,https://tinnhiemmang.vn/danh-ba-tin-nhiem/cumgardaklakgovvn-1730345375
customs.gov.vn,Tổng cục Hải quan,Chính phủ Việt Nam,Đã xác thực chính thức,Chứng nhận cơ bản,https://tinnhiemmang.vn/danh-ba-tin-nhiem/customs.gov.vn
cuuchienbinh.vn,Hội Cựu chiến binh Việt Nam,Hội Cựu chiến binh Việt Nam,Đã xác thực chính thức,Chứng nhận cơ bản,https://tinnhiemmang.vn/danh-ba-tin-nhiem/cuuchienbinh.vn
dadon.lamha.lamdong.gov.vn,CỔNG THÔNG TIN ĐIỆN TỬ XÃ ĐẠ ĐỜN,Hội đồng nhân dân & UBND,06/12/2024,Chứng nhận cơ bản,https://tinnhiemmang.vn/danh-ba-tin-nhiem/dadonlamhalamdonggovvn-1733109067
dahuoai.lamdong.gov.vn,UBND huyện Đạ Huoai tỉnh Lâm Đồng,Hội đồng nhân dân & UBND,18/05/2023,Chứng nhận cơ bản,https://tinnhiemmang.vn/danh-ba-tin-nhiem/dahuoailamdonggovvn-1684288055
daibieunhandan.vn,Báo Đại biểu Nhân dân,Quốc hội Việt Nam,Đã xác thực chính thức,Chứng nhận nâng cao,https://tinnhiemmang.vn/danh-ba-tin-nhiem/daibieunhandan.vn
daidoanket.vn,Báo Đại Đoàn Kết,Mặt trận Tổ quốc Việt Nam,Đã xác thực chính thức,Chứng nhận cơ bản,https://tinnhiemmang.vn/danh-ba-tin-nhiem/daidoanket.vn
daklak.gov.vn,HĐND & UBND tỉnh Đắk Lắk,Hội đồng nhân dân & UBND,Đã xác thực chính thức,Chứng nhận cơ bản,https://tinnhiemmang.vn/danh-ba-tin-nhiem/daklak.gov.vn
dalat-info.gov.vn,"Trung tâm Xúc tiến Đầu tư, Thương mại và Du lịch tỉnh Lâm Đồng",Hội đồng nhân dân & UBND,24/05/2023,Chứng nhận cơ bản,https://tinnhiemmang.vn/danh-ba-tin-nhiem/dalat-infogovvn-1684810215
dalattech.vn,Trung tâm Ứng dụng khoa học và công nghệ tỉnh Lâm Đồng,Tổ chức nhà nước,26/07/2024,Chứng nhận cơ bản,https://tinnhiemmang.vn/danh-ba-tin-nhiem/dalattechvn-1717040297
dalattuyenlam.lamdong.gov.vn,Ban Quản lý Khu du lịch quốc gia Hồ Tuyền Lâm,Hội đồng nhân dân & UBND,02/06/2023,Chứng nhận cơ bản,https://tinnhiemmang.vn/danh-ba-tin-nhiem/dalattuyenlamlamdonggovvn-1685431146
damrong.lamdong.gov.vn,UBND huyện Đam Rông,Hội đồng nhân dân & UBND,16/05/2023,Chứng nhận cơ bản,https://tinnhiemmang.vn/danh-ba-tin-nhiem/damronglamdonggovvn-1684116108
danang.edu.vn,Sở Giáo dục và Đào tạo Đà Nẵng,Tổ chức nhà nước,05/01/2024,Chứng nhận cơ bản,https://tinnhiemmang.vn/danh-ba-tin-nhiem/danangeduvn-1704168311
danang.gov.vn,HĐND & UBND TP Đà Nẵng,Hội đồng nhân dân & UBND,Đã xác thực chính thức,Chứng nhận cơ bản,https://tinnhiemmang.vn/danh-ba-tin-nhiem/danang.gov.vn
danchuphapluat.vn,Tạp chí Dân chủ và Pháp luật - Bộ Tư pháp,Chính phủ Việt Nam,02/01/2025,Chứng nhận cơ bản,https://tinnhiemmang.vn/danh-ba-tin-nhiem/danchuphapluatvn-1735790292
dangcongsan.vn,Báo điện tử Đảng Cộng sản Việt Nam,Đảng Cộng sản Việt Nam,Đã xác thực chính thức,Chứng nhận nâng cao,https://tinnhiemmang.vn/danh-ba-tin-nhiem/dangcongsan.vn
danviet.vn,Báo Nông thôn Ngày nay / Dân Việt - Hội Nông dân VN,Hội Nông dân Việt Nam,Đã xác thực chính thức,Chứng nhận nâng cao,https://tinnhiemmang.vn/danh-ba-tin-nhiem/danviet.vn
dash.vietnamtourism.gov.vn,Trung tâm Thông tin du lịch,Hội đồng nhân dân & UBND,12/08/2024,Chứng nhận cơ bản,https://tinnhiemmang.vn/danh-ba-tin-nhiem/dashvietnamtourismgovvn-1723449370
dateh.lamdong.dcs.vn,Huyện ủy Đạ Tẻh tỉnh Lâm Đồng,Đảng Cộng sản Việt Nam,02/06/2023,Chứng nhận cơ bản,https://tinnhiemmang.vn/danh-ba-tin-nhiem/datehlamdongdcsvn-1685522040
dateh.lamdong.gov.vn,UBND huyện Đạ Tẻh tỉnh Lâm Đồng,Hội đồng nhân dân & UBND,16/05/2023,Chứng nhận cơ bản,https://tinnhiemmang.vn/danh-ba-tin-nhiem/datehlamdonggovvn-1683882067
db.vista.gov.vn,Cục thông tin khoa học và công nghệ quốc gia,Hội đồng nhân dân & UBND,31/10/2024,Chứng nhận cơ bản,https://tinnhiemmang.vn/danh-ba-tin-nhiem/dbvistagovvn-1730344646
dichvucong.angiang.gov.vn,Trung tâm Công nghệ thông tin và Truyền thông - Sở Thông tin và Truyền thông tỉnh An Giang,Chính phủ Việt Nam,02/01/2025,Chứng nhận cơ bản,https://tinnhiemmang.vn/danh-ba-tin-nhiem/dichvucongangianggovvn-1735629003
dichvucong.gov.vn,Cổng Dịch vụ công Quốc gia,Chính phủ Việt Nam,Đã xác thực chính thức,Chứng nhận nâng cao,https://tinnhiemmang.vn/danh-ba-tin-nhiem/dichvucong.gov.vn
dichvucong.haiphong.gov.vn,Sở Thông tin và Truyền thông Hải Phòng,Chính phủ Việt Nam,25/07/2024,Chứng nhận cơ bản,https://tinnhiemmang.vn/danh-ba-tin-nhiem/dichvuconghaiphonggovvn-1721790295
dichvucong.hanoi.gov.vn,Sở Thông tin và Truyền thông Hà Nội,Chính phủ Việt Nam,26/04/2025,Chứng nhận cơ bản,https://tinnhiemmang.vn/danh-ba-tin-nhiem/dichvuconghanoigovvn-1745641632
dichvucong.hatinh.gov.vn,Cổng Dịch vụ công tỉnh Hà Tĩnh,Hội đồng nhân dân & UBND,Đã xác thực chính thức,Chứng nhận cơ bản,https://tinnhiemmang.vn/danh-ba-tin-nhiem/dichvucong.hatinh.gov.vn
dichvucong.hochiminhcity.gov.vn,Cổng Dịch vụ công TP Hồ Chí Minh,Hội đồng nhân dân & UBND,Đã xác thực chính thức,Chứng nhận cơ bản,https://tinnhiemmang.vn/danh-ba-tin-nhiem/dichvucong.hochiminhcity.gov.vn
dichvucong.ninhbinh.gov.vn,UBND tỉnh Ninh Bình,Hội đồng nhân dân & UBND,23/10/2024,Chứng nhận cơ bản,https://tinnhiemmang.vn/danh-ba-tin-nhiem/dichvucongninhbinhgovvn-1729500410
dichvucong.quangninh.gov.vn,Sở Thông tin và Truyền thông Quảng Ninh,Chính phủ Việt Nam,26/04/2025,Chứng nhận cơ bản,https://tinnhiemmang.vn/danh-ba-tin-nhiem/dichvucongquangninhgovvn-1745642034
dichvucong.quangtri.gov.vn,Trung tâm Phục vụ hành chính công tỉnh Quảng Trị,Chính phủ Việt Nam,02/01/2025,Chứng nhận cơ bản,https://tinnhiemmang.vn/danh-ba-tin-nhiem/dichvucongquangtrigovvn-1735010528
dichvucong.varans.vn,"Cục An toàn bức xạ và hạt nhân, Bộ  Khoa học và Công nghệ",Chính phủ Việt Nam,25/11/2024,Chứng nhận cơ bản,https://tinnhiemmang.vn/danh-ba-tin-nhiem/dichvucongvaransvn-1729744137
dienbien.gov.vn,HĐND & UBND tỉnh Điện Biên,Hội đồng nhân dân & UBND,Đã xác thực chính thức,Chứng nhận cơ bản,https://tinnhiemmang.vn/danh-ba-tin-nhiem/dienbien.gov.vn
dienbiencflit.edu.vn,Trung tâm Ngoại ngữ - Tin học tỉnh Điện Biên,Tổ chức nhà nước,22/11/2024,Chứng nhận cơ bản,https://tinnhiemmang.vn/danh-ba-tin-nhiem/dienbiencfliteduvn-1732247056
dilinh.lamdong.gov.vn,UBND huyện Di Linh,Hội đồng nhân dân & UBND,16/05/2023,Chứng nhận cơ bản,https://tinnhiemmang.vn/danh-ba-tin-nhiem/dilinhlamdonggovvn-1683791079
dinhhoa.kimson.ninhbinh.gov.vn,"Uỷ ban nhân dân xã Định Hoá, huyện Kim Sơn, tỉnh Ninh Bình",Hội đồng nhân dân & UBND,27/06/2024,Chứng nhận cơ bản,https://tinnhiemmang.vn/danh-ba-tin-nhiem/dinhhoakimsonninhbinhgovvn-1719455141
dinhlac.dilinh.lamdong.gov.vn,UBND xã Đinh Lạc huyện Di Linh tỉnh Lâm Đồng,Hội đồng nhân dân & UBND,06/09/2024,Chứng nhận cơ bản,https://tinnhiemmang.vn/danh-ba-tin-nhiem/dinhlacdilinhlamdonggovvn-1725583774
disanvanhoath.vn,"Sở Văn hóa, Thể thao và Du lịch tỉnh Thanh Hóa",Tổ chức nhà nước,26/09/2024,Chứng nhận cơ bản,https://tinnhiemmang.vn/danh-ba-tin-nhiem/disanvanhoathvn-1727317474
ditichlamkinh.vn,Ban quản lý  di tích lịch sử Lam Kinh tỉnh Thanh Hóa,Tổ chức nhà nước,17/10/2024,Chứng nhận cơ bản,https://tinnhiemmang.vn/danh-ba-tin-nhiem/ditichlamkinhvn-1729133604
dklx.cdhue.edu.vn,Trường Cao đẳng Huế,Tổ chức nhà nước,06/12/2024,Chứng nhận cơ bản,https://tinnhiemmang.vn/danh-ba-tin-nhiem/dklxcdhueeduvn-1733470626
doanthanhnien.vn,Trung ương Đoàn TNCS Hồ Chí Minh,Đoàn Thanh niên CS Hồ Chí Minh,Đã xác thực chính thức,Chứng nhận nâng cao,https://tinnhiemmang.vn/danh-ba-tin-nhiem/doanthanhnien.vn
doluongthunghiem.quangngai.gov.vn,Sở Thông tin và Truyền thông Quảng Ngãi,Hội đồng nhân dân & UBND,13/12/2024,Chứng nhận cơ bản,https://tinnhiemmang.vn/danh-ba-tin-nhiem/doluongthunghiemquangngaigovvn-1734078158
donghuong.kimson.ninhbinh.gov.vn,"Uỷ ban nhân dân xã Đồng Hướng, huyện Kim Sơn, tỉnh Ninh Bình",Hội đồng nhân dân & UBND,27/06/2024,Chứng nhận cơ bản,https://tinnhiemmang.vn/danh-ba-tin-nhiem/donghuongkimsonninhbinhgovvn-1719455262
dongnai.gov.vn,HĐND & UBND tỉnh Đồng Nai,Hội đồng nhân dân & UBND,Đã xác thực chính thức,Chứng nhận cơ bản,https://tinnhiemmang.vn/danh-ba-tin-nhiem/dongnai.gov.vn
dongthanh.tpninhbinh.ninhbinh.gov.vn,"Uỷ ban nhân dân phường Đông Thành, thành phố Ninh Bình, tỉnh Ninh Bình",Hội đồng nhân dân & UBND,27/06/2024,Chứng nhận cơ bản,https://tinnhiemmang.vn/danh-ba-tin-nhiem/dongthanhtpninhbinhninhbinhgovvn-1719473043
dongthap.gov.vn,HĐND & UBND tỉnh Đồng Tháp,Hội đồng nhân dân & UBND,Đã xác thực chính thức,Chứng nhận cơ bản,https://tinnhiemmang.vn/danh-ba-tin-nhiem/dongthap.gov.vn
doson.haiphong.gov.vn,Ủy ban nhân dân quận Đồ Sơn,Hội đồng nhân dân & UBND,29/11/2024,Chứng nhận cơ bản,https://tinnhiemmang.vn/danh-ba-tin-nhiem/dosonhaiphonggovvn-1732585182
dran.donduong.lamdong.gov.vn,UBND Thị Trấn DRan - Huyện Đơn Dương,Hội đồng nhân dân & UBND,27/08/2024,Chứng nhận cơ bản,https://tinnhiemmang.vn/danh-ba-tin-nhiem/drandonduonglamdonggovvn-1724659486
dti.quangngai.gov.vn,Sở Thông tin và Truyền thông Quảng Ngãi,Hội đồng nhân dân & UBND,13/12/2024,Chứng nhận cơ bản,https://tinnhiemmang.vn/danh-ba-tin-nhiem/dtiquangngaigovvn-1688609268
dti.vksndtc.gov.vn,Viện kiểm sát nhân dân tối cao,Viện Kiểm sát nhân dân,14/08/2024,Chứng nhận cơ bản,https://tinnhiemmang.vn/danh-ba-tin-nhiem/dtivksndtcgovvn-1723613350
dulichvn.org.vn,Trung tâm Thông tin du lịch,Tổ chức nhà nước,12/08/2024,Chứng nhận cơ bản,https://tinnhiemmang.vn/danh-ba-tin-nhiem/dulichvnorgvn-1723449370
dvcnb.vista.gov.vn,Cục thông tin khoa học và công nghệ quốc gia,Hội đồng nhân dân & UBND,31/10/2024,Chứng nhận cơ bản,https://tinnhiemmang.vn/danh-ba-tin-nhiem/dvcnbvistagovvn-1730344663
eahleo.daklak.gov.vn,"Huyện Ea HLeo, tỉnh Đắk Lắk",Hội đồng nhân dân & UBND,08/08/2024,Chứng nhận cơ bản,https://tinnhiemmang.vn/danh-ba-tin-nhiem/eahleodaklakgovvn-1723019431
endpoint.quangngai.gov.vn,Sở Thông tin và Truyền thông Quảng Ngãi,Hội đồng nhân dân & UBND,13/12/2024,Chứng nhận cơ bản,https://tinnhiemmang.vn/danh-ba-tin-nhiem/endpointquangngaigovvn-1688609310
eoffice.vss.gov.vn,Bảo hiểm Xã hội Việt Nam,Hội đồng nhân dân & UBND,29/07/2024,Chứng nhận cơ bản,https://tinnhiemmang.vn/danh-ba-tin-nhiem/eofficevssgovvn-1627444900
festivalhoa.lamdong.gov.vn,Festivalhoa Đà Lạt,Hội đồng nhân dân & UBND,30/10/2024,Chứng nhận cơ bản,https://tinnhiemmang.vn/danh-ba-tin-nhiem/festivalhoalamdonggovvn-1730190285
gdnn-gdtxdakto.edu.vn,Trung tâm GDNN - GDTX huyện Đăk Tô,Tổ chức nhà nước,15/10/2024,Chứng nhận cơ bản,https://tinnhiemmang.vn/danh-ba-tin-nhiem/gdnn-gdtxdaktoeduvn-1728872475
gdt.gov.vn,Tổng cục Thuế,Chính phủ Việt Nam,Đã xác thực chính thức,Chứng nhận cơ bản,https://tinnhiemmang.vn/danh-ba-tin-nhiem/gdt.gov.vn
gdtx-tnxp.hochiminhcity.gov.vn,Trung tâm Giáo dục thường xuyên Thanh niên xung phong,Hội đồng nhân dân & UBND,26/07/2024,Chứng nhận cơ bản,https://tinnhiemmang.vn/danh-ba-tin-nhiem/gdtx-tnxphochiminhcitygovvn-1721892296
gdtxthanhnienxungphong.hcm.edu.vn,Trung tâm Giáo dục thường xuyên Thanh niên xung phong,Tổ chức nhà nước,26/07/2024,Chứng nhận cơ bản,https://tinnhiemmang.vn/danh-ba-tin-nhiem/gdtxthanhnienxungphonghcmeduvn-1721892337
giahiep.dilinh.lamdong.gov.vn,UBND xã Gia Hiệp - tỉnh Lâm Đồng,Hội đồng nhân dân & UBND,16/09/2024,Chứng nhận cơ bản,https://tinnhiemmang.vn/danh-ba-tin-nhiem/giahiepdilinhlamdonggovvn-1711531023
gialai.gov.vn,HĐND & UBND tỉnh Gia Lai,Hội đồng nhân dân & UBND,Đã xác thực chính thức,Chứng nhận cơ bản,https://tinnhiemmang.vn/danh-ba-tin-nhiem/gialai.gov.vn
giavan.giavien.ninhbinh.gov.vn,"Uỷ ban nhân dân xã Gia Vân, huyện Gia Viễn, tỉnh Ninh Bình",Hội đồng nhân dân & UBND,26/06/2024,Chứng nhận cơ bản,https://tinnhiemmang.vn/danh-ba-tin-nhiem/giavangiavienninhbinhgovvn-1719281860
gntt.ninhbinh.gov.vn,Sở Thông tin và Truyền thông tỉnh Ninh Bình,Hội đồng nhân dân & UBND,22/07/2024,Chứng nhận cơ bản,https://tinnhiemmang.vn/danh-ba-tin-nhiem/gnttninhbinhgovvn-1721619917
gso.gov.vn,Tổng cục Thống kê,Chính phủ Việt Nam,07/10/2024,Chứng nhận cơ bản,https://tinnhiemmang.vn/danh-ba-tin-nhiem/gsogovvn-1728270073
haiduong.gdt.gov.vn,Cục Thuế tỉnh Hải Dương,Chính phủ Việt Nam,07/10/2024,Chứng nhận cơ bản,https://tinnhiemmang.vn/danh-ba-tin-nhiem/haiduonggdtgovvn-1728268230
haiduong.gov.vn,HĐND & UBND tỉnh Hải Dương,Hội đồng nhân dân & UBND,Đã xác thực chính thức,Chứng nhận cơ bản,https://tinnhiemmang.vn/danh-ba-tin-nhiem/haiduong.gov.vn
haiphong.gov.vn,HĐND & UBND TP Hải Phòng,Hội đồng nhân dân & UBND,Đã xác thực chính thức,Chứng nhận cơ bản,https://tinnhiemmang.vn/danh-ba-tin-nhiem/haiphong.gov.vn
haiphongnews.gov.vn,Sở Ngoại vụ thành phố Hải Phòng,Hội đồng nhân dân & UBND,02/05/2024,Chứng nhận cơ bản,https://tinnhiemmang.vn/danh-ba-tin-nhiem/haiphongnewsgovvn-1714098003
hanoi.gov.vn,HĐND & UBND TP Hà Nội,Hội đồng nhân dân & UBND,Đã xác thực chính thức,Chứng nhận cơ bản,https://tinnhiemmang.vn/danh-ba-tin-nhiem/hanoi.gov.vn
hatinh.gov.vn,HĐND & UBND tỉnh Hà Tĩnh,Hội đồng nhân dân & UBND,Đã xác thực chính thức,Chứng nhận cơ bản,https://tinnhiemmang.vn/danh-ba-tin-nhiem/hatinh.gov.vn
hoabac.dilinh.lamdong.gov.vn,"UBND xã Hòa Bắc, tỉnh Lâm Đồng",Hội đồng nhân dân & UBND,09/10/2024,Chứng nhận cơ bản,https://tinnhiemmang.vn/danh-ba-tin-nhiem/hoabacdilinhlamdonggovvn-1728374792
hoabinh.gov.vn,HĐND & UBND tỉnh Hòa Bình,Hội đồng nhân dân & UBND,Đã xác thực chính thức,Chứng nhận cơ bản,https://tinnhiemmang.vn/danh-ba-tin-nhiem/hoabinh.gov.vn
hoaiduc.hanoi.gov.vn,"UBND huyện Hoài Đức, Hà Nội",Hội đồng nhân dân & UBND,27/11/2024,Chứng nhận cơ bản,https://tinnhiemmang.vn/danh-ba-tin-nhiem/hoaiduchanoigovvn-1732682747
hoalu.ninhbinh.gov.vn,"Uỷ ban nhân dân huyện Hoa Lư, tỉnh Ninh Bình",Hội đồng nhân dân & UBND,27/06/2024,Chứng nhận cơ bản,https://tinnhiemmang.vn/danh-ba-tin-nhiem/hoaluninhbinhgovvn-1719455436
hoatrung.dilinh.lamdong.gov.vn,"UBND xã Hòa Trung, huyện Di Linh, tỉnh Lâm Đồng",Hội đồng nhân dân & UBND,16/09/2024,Chứng nhận cơ bản,https://tinnhiemmang.vn/danh-ba-tin-nhiem/hoatrungdilinhlamdonggovvn-1712624562
hochiminhcity.gov.vn,HĐND & UBND TP Hồ Chí Minh,Hội đồng nhân dân & UBND,Đã xác thực chính thức,Chứng nhận cơ bản,https://tinnhiemmang.vn/danh-ba-tin-nhiem/hochiminhcity.gov.vn
hoilhpn.org.vn,Hội Liên hiệp Phụ nữ Việt Nam,Hội Liên hiệp Phụ nữ Việt Nam,Đã xác thực chính thức,Chứng nhận nâng cao,https://tinnhiemmang.vn/danh-ba-tin-nhiem/hoilhpn.org.vn
hoininh.kimson.ninhbinh.gov.vn,"Uỷ ban nhân dân xã Hồi Ninh, huyện Kim Sơn, tỉnh Ninh Bình",Hội đồng nhân dân & UBND,27/06/2024,Chứng nhận cơ bản,https://tinnhiemmang.vn/danh-ba-tin-nhiem/hoininhkimsonninhbinhgovvn-1719454868
hoinongdan.org.vn,Hội Nông dân Việt Nam,Hội Nông dân Việt Nam,Đã xác thực chính thức,Chứng nhận nâng cao,https://tinnhiemmang.vn/danh-ba-tin-nhiem/hoinongdan.org.vn
hungtien.kimson.ninhbinh.gov.vn,"UBND xã Hùng Tiến, huyện Kim Sơn, tỉnh Ninh Bình",Hội đồng nhân dân & UBND,18/09/2024,Chứng nhận cơ bản,https://tinnhiemmang.vn/danh-ba-tin-nhiem/hungtienkimsonninhbinhgovvn-1726563782
hungyen.gov.vn,HĐND & UBND tỉnh Hưng Yên,Hội đồng nhân dân & UBND,Đã xác thực chính thức,Chứng nhận cơ bản,https://tinnhiemmang.vn/danh-ba-tin-nhiem/hungyen.gov.vn
ict.ninhbinh.gov.vn,Trung tâm Công nghệ thông tin và truyền thông tỉnh Ninh Bình,Hội đồng nhân dân & UBND,14/06/2024,Chứng nhận cơ bản,https://tinnhiemmang.vn/danh-ba-tin-nhiem/ictninhbinhgovvn-1718326866
ioffice.dost-dongnai.gov.vn,Sở Khoa học và Công nghệ tỉnh Đồng Nai,Hội đồng nhân dân & UBND,29/07/2024,Chứng nhận cơ bản,https://tinnhiemmang.vn/danh-ba-tin-nhiem/iofficedost-dongnaigovvn-1721968529
ipvietnam.gov.vn,Cục Sở hữu trí tuệ - Bộ KHCN,Chính phủ Việt Nam,25/10/2024,Chứng nhận cơ bản,https://tinnhiemmang.vn/danh-ba-tin-nhiem/ipvietnamgovvn-1729738185
kemducphat.com,ĐỨC PHÁT ICE CREAM,Tổ chức nhà nước,05/04/2023,Chứng nhận cơ bản,https://tinnhiemmang.vn/danh-ba-tin-nhiem/kemducphatcom-1632123217
khanhcu.yenkhanh.ninhbinh.gov.vn,"Uỷ ban nhân dân xã Khánh Cư, huyện Yên Khánh, tỉnh Ninh Bình",Hội đồng nhân dân & UBND,26/06/2024,Chứng nhận cơ bản,https://tinnhiemmang.vn/danh-ba-tin-nhiem/khanhcuyenkhanhninhbinhgovvn-1719283353
khanhhoa.gov.vn,HĐND & UBND tỉnh Khánh Hòa,Hội đồng nhân dân & UBND,Đã xác thực chính thức,Chứng nhận cơ bản,https://tinnhiemmang.vn/danh-ba-tin-nhiem/khanhhoa.gov.vn
khanhnhac.yenkhanh.ninhbinh.gov.vn,"Uỷ ban nhân dân xã Khánh Nhạc, huyện Yên Khánh, tỉnh Ninh Bình",Hội đồng nhân dân & UBND,27/06/2024,Chứng nhận cơ bản,https://tinnhiemmang.vn/danh-ba-tin-nhiem/khanhnhacyenkhanhninhbinhgovvn-1719457367
khanhthinh.yenmo.ninhbinh.gov.vn,"Uỷ ban nhân dân xã Khánh Thịnh, huyện Yên Mô, tỉnh Ninh Bình",Hội đồng nhân dân & UBND,27/06/2024,Chứng nhận cơ bản,https://tinnhiemmang.vn/danh-ba-tin-nhiem/khanhthinhyenmoninhbinhgovvn-1719457123
khanhthuy.yenkhanh.ninhbinh.gov.vn,"Uỷ ban nhân dân xã Khánh Thuỷ, huyện Yên Khánh, tỉnh Ninh Bình",Hội đồng nhân dân & UBND,27/06/2024,Chứng nhận cơ bản,https://tinnhiemmang.vn/danh-ba-tin-nhiem/khanhthuyyenkhanhninhbinhgovvn-1719457488
khoahockythuat.ninhbinh.gov.vn,Liên hiệp các hội Khoa học và Kỹ thuật tỉnh Ninh Bình,Hội đồng nhân dân & UBND,27/06/2024,Chứng nhận cơ bản,https://tinnhiemmang.vn/danh-ba-tin-nhiem/khoahockythuatninhbinhgovvn-1719457954
khoinghiep.daklak.gov.vn,Sở Kế hoạch và Đầu tư tỉnh Đắk Lắk,Hội đồng nhân dân & UBND,02/10/2024,Chứng nhận cơ bản,https://tinnhiemmang.vn/danh-ba-tin-nhiem/khoinghiepdaklakgovvn-1727680762
khoinghiep.lamdong.gov.vn,Sở Khoa học và Công nghệ tỉnh Lâm Đồng,Hội đồng nhân dân & UBND,11/03/2024,Chứng nhận cơ bản,https://tinnhiemmang.vn/danh-ba-tin-nhiem/khoinghieplamdonggovvn-1710122537
khuyenhoc.danang.gov.vn,Hội Khuyến học thành phố Đà Nẵng,Hội đồng nhân dân & UBND,18/07/2024,Chứng nhận cơ bản,https://tinnhiemmang.vn/danh-ba-tin-nhiem/khuyenhocdananggovvn-1721182851
khuyennong.lamdong.gov.vn,Trung tâm Khuyến nông tỉnh Lâm Đồng,Hội đồng nhân dân & UBND,01/08/2023,Chứng nhận cơ bản,https://tinnhiemmang.vn/danh-ba-tin-nhiem/khuyennonglamdonggovvn-1690767662
khuyennong.ninhbinh.gov.vn,"Trung tâm Khuyến nông, khuyến lâm, khuyến ngư Ninh Bình",Hội đồng nhân dân & UBND,29/08/2024,Chứng nhận cơ bản,https://tinnhiemmang.vn/danh-ba-tin-nhiem/khuyennongninhbinhgovvn-1724814830
khuyennonghanoi.gov.vn,Trung tâm Khuyến nông Hà Nội,Hội đồng nhân dân & UBND,05/08/2024,Chứng nhận cơ bản,https://tinnhiemmang.vn/danh-ba-tin-nhiem/khuyennonghanoigovvn-1722237889
kiemnghiemthanhhoa.vn,Trung tâm Kiểm nghiệm Thanh Hóa,Tổ chức nhà nước,25/11/2024,Chứng nhận cơ bản,https://tinnhiemmang.vn/danh-ba-tin-nhiem/kiemnghiemthanhhoavn-1732249794
kiemsat.vn,Báo Bảo vệ Pháp luật - VKSND Tối cao,Viện Kiểm sát nhân dân,Đã xác thực chính thức,Chứng nhận nâng cao,https://tinnhiemmang.vn/danh-ba-tin-nhiem/kiemsat.vn
kiemsatcaobang.vn,Viện kiểm sát nhân dân tỉnh Cao Bằng,Viện Kiểm sát nhân dân,17/02/2025,Chứng nhận cơ bản,https://tinnhiemmang.vn/danh-ba-tin-nhiem/kiemsatcaobangvn-1738907496
kiengiang.gov.vn,HĐND & UBND tỉnh Kiên Giang,Hội đồng nhân dân & UBND,Đã xác thực chính thức,Chứng nhận cơ bản,https://tinnhiemmang.vn/danh-ba-tin-nhiem/kiengiang.gov.vn
kimdinh.kimson.ninhbinh.gov.vn,"Uỷ ban nhân dân xã Kim Định, huyện Kim Sơn, tỉnh Ninh Bình",Hội đồng nhân dân & UBND,29/11/2024,Chứng nhận cơ bản,https://tinnhiemmang.vn/danh-ba-tin-nhiem/kimdinhkimsonninhbinhgovvn-1732669303
kimdong.kimson.ninhbinh.gov.vn,"Uỷ ban nhân dân xã Kim Đông, huyện Kim Sơn, tỉnh Ninh Bình",Hội đồng nhân dân & UBND,27/06/2024,Chứng nhận cơ bản,https://tinnhiemmang.vn/danh-ba-tin-nhiem/kimdongkimsonninhbinhgovvn-1719453664
kimmy.kimson.ninhbinh.gov.vn,"Uỷ ban nhân dân xã Kim Mỹ, huyện Kim Sơn, tỉnh Ninh Bình",Hội đồng nhân dân & UBND,27/06/2024,Chứng nhận cơ bản,https://tinnhiemmang.vn/danh-ba-tin-nhiem/kimmykimsonninhbinhgovvn-1719453792
kimtan.kimson.ninhbinh.gov.vn,"Uỷ ban nhân dân xã Kim Tân, huyện Kim Sơn, tỉnh Ninh Bình",Hội đồng nhân dân & UBND,29/11/2024,Chứng nhận cơ bản,https://tinnhiemmang.vn/danh-ba-tin-nhiem/kimtankimsonninhbinhgovvn-1732668752
kln-bacton.angiang.gov.vn,Ban quản lý Khu lưu niệm Chủ tịch Tôn Đức Thắng,Hội đồng nhân dân & UBND,29/11/2024,Chứng nhận cơ bản,https://tinnhiemmang.vn/danh-ba-tin-nhiem/kln-bactonangianggovvn-1732757419
kntc.thanhhoa.gov.vn,Văn phòng UBND tỉnh Thanh Hóa,Hội đồng nhân dân & UBND,25/11/2024,Chứng nhận cơ bản,https://tinnhiemmang.vn/danh-ba-tin-nhiem/kntcthanhhoagovvn-1732249614
ksbt.vinhlong.gov.vn,Trung tâm Kiểm soát bệnh tật tỉnh Vĩnh Long,Hội đồng nhân dân & UBND,15/08/2024,Chứng nhận cơ bản,https://tinnhiemmang.vn/danh-ba-tin-nhiem/ksbtvinhlonggovvn-1723689069
lacduong.lamdong.dcs.vn,Huyện ủy Lạc Dương tỉnh Lâm Đồng,Đảng Cộng sản Việt Nam,30/05/2023,Chứng nhận cơ bản,https://tinnhiemmang.vn/danh-ba-tin-nhiem/lacduonglamdongdcsvn-1684741528
laichau.gov.vn,HĐND & UBND tỉnh Lai Châu,Hội đồng nhân dân & UBND,Đã xác thực chính thức,Chứng nhận cơ bản,https://tinnhiemmang.vn/danh-ba-tin-nhiem/laichau.gov.vn
lamdong.dcs.vn,Đảng bộ tỉnh Lâm Đồng,Đảng Cộng sản Việt Nam,15/05/2023,Chứng nhận cơ bản,https://tinnhiemmang.vn/danh-ba-tin-nhiem/lamdongdcsvn-1684123384
lamdong.edu.vn,Sở Giáo dục và Đào tạo tỉnh Lâm Đồng,Tổ chức nhà nước,10/05/2023,Chứng nhận cơ bản,https://tinnhiemmang.vn/danh-ba-tin-nhiem/lamdongeduvn-1683601402
lamdong.gov.vn,HĐND & UBND tỉnh Lâm Đồng,Hội đồng nhân dân & UBND,Đã xác thực chính thức,Chứng nhận cơ bản,https://tinnhiemmang.vn/danh-ba-tin-nhiem/lamdong.gov.vn
lamha.lamdong.dcs.vn,"Huyện ủy Lâm Hà, Tỉnh Lâm Đồng",Đảng Cộng sản Việt Nam,02/06/2023,Chứng nhận cơ bản,https://tinnhiemmang.vn/danh-ba-tin-nhiem/lamhalamdongdcsvn-1684717706
lamha.lamdong.gov.vn,UBND huyện Lâm Hà tỉnh Lâm Đồng,Hội đồng nhân dân & UBND,16/05/2023,Chứng nhận cơ bản,https://tinnhiemmang.vn/danh-ba-tin-nhiem/lamhalamdonggovvn-1683865259
langson.gov.vn,HĐND & UBND tỉnh Lạng Sơn,Hội đồng nhân dân & UBND,Đã xác thực chính thức,Chứng nhận cơ bản,https://tinnhiemmang.vn/danh-ba-tin-nhiem/langson.gov.vn
laocai.gov.vn,HĐND & UBND tỉnh Lào Cai,Hội đồng nhân dân & UBND,Đã xác thực chính thức,Chứng nhận cơ bản,https://tinnhiemmang.vn/danh-ba-tin-nhiem/laocai.gov.vn
laodong.vn,Báo Lao Động - Tổng Liên đoàn Lao động VN,Công đoàn Việt Nam,Đã xác thực chính thức,Chứng nhận nâng cao,https://tinnhiemmang.vn/danh-ba-tin-nhiem/laodong.vn
lgsp.quangngai.gov.vn,Sở Thông tin và Truyền thông Quảng Ngãi,Hội đồng nhân dân & UBND,13/12/2024,Chứng nhận cơ bản,https://tinnhiemmang.vn/danh-ba-tin-nhiem/lgspquangngaigovvn-1734078101
lmhtxlamdong.org.vn,Liên Minh Hợp Tác Xã tỉnh Lâm Đồng,Tổ chức nhà nước,26/07/2024,Chứng nhận cơ bản,https://tinnhiemmang.vn/danh-ba-tin-nhiem/lmhtxlamdongorgvn-1720882710
longan.gov.vn,HĐND & UBND tỉnh Long An,Hội đồng nhân dân & UBND,Đã xác thực chính thức,Chứng nhận cơ bản,https://tinnhiemmang.vn/danh-ba-tin-nhiem/longan.gov.vn
lotusscale.com,Công Ty TNHH Thiết Bị Đo Lường Hoa Sen Vàng,Tổ chức nhà nước,16/02/2023,Chứng nhận cơ bản,https://tinnhiemmang.vn/danh-ba-tin-nhiem/lotusscalecom-1676536344
luutrudientu.quangngai.gov.vn,Sở Thông tin và Truyền thông Quảng Ngãi,Hội đồng nhân dân & UBND,13/12/2024,Chứng nhận cơ bản,https://tinnhiemmang.vn/danh-ba-tin-nhiem/luutrudientuquangngaigovvn-1734078133
luutruhanoi.hanoi.gov.vn,Trung tâm Lưu trữ lịch sử Thành phố - Sở Nội Vụ Hà Nội,Hội đồng nhân dân & UBND,11/11/2024,Chứng nhận cơ bản,https://tinnhiemmang.vn/danh-ba-tin-nhiem/luutruhanoihanoigovvn-1730972422
maihuong.gov.vn,Bệnh viện tâm thần Ban ngày Mai Hương,Hội đồng nhân dân & UBND,11/11/2024,Chứng nhận cơ bản,https://tinnhiemmang.vn/danh-ba-tin-nhiem/maihuonggovvn-1730973452
mail.most.gov.vn,Bộ Khoa học và Công nghệ,Chính phủ Việt Nam,24/12/2024,Chứng nhận cơ bản,https://tinnhiemmang.vn/danh-ba-tin-nhiem/mailmostgovvn-1735011649
mail.vietnam.travel,Trung tâm Thông tin du lịch,Tổ chức nhà nước,12/08/2024,Chứng nhận cơ bản,https://tinnhiemmang.vn/danh-ba-tin-nhiem/mailvietnamtravel-1723449017
mail.vietnamtourism.gov.vn,Trung tâm Thông tin du lịch,Hội đồng nhân dân & UBND,12/08/2024,Chứng nhận cơ bản,https://tinnhiemmang.vn/danh-ba-tin-nhiem/mailvietnamtourismgovvn-1723449088
mail.vista.gov.vn,Cục thông tin khoa học và công nghệ quốc gia,Hội đồng nhân dân & UBND,31/10/2024,Chứng nhận cơ bản,https://tinnhiemmang.vn/danh-ba-tin-nhiem/mailvistagovvn-1730344543
maps.tourism.com.vn,Trung tâm Thông tin du lịch,Tổ chức nhà nước,12/08/2024,Chứng nhận cơ bản,https://tinnhiemmang.vn/danh-ba-tin-nhiem/mapstourismcomvn-1723449370
mattran.org.vn,Ủy ban Trung ương Mặt trận Tổ quốc Việt Nam,Mặt trận Tổ quốc Việt Nam,Đã xác thực chính thức,Chứng nhận nâng cao,https://tinnhiemmang.vn/danh-ba-tin-nhiem/mattran.org.vn
meinvoice.vn,Công ty Cổ phần MISA,Tổ chức nhà nước,18/01/2023,Chứng nhận cơ bản,https://tinnhiemmang.vn/danh-ba-tin-nhiem/meinvoicevn-1671070936
mgkimdong4.haiphong.edu.vn,Trường Mẫu giáo Kim Đồng IV,Tổ chức nhà nước,09/08/2024,Chứng nhận cơ bản,https://tinnhiemmang.vn/danh-ba-tin-nhiem/mgkimdong4haiphongeduvn-1723104271
mgsaosang2.haiphong.edu.vn,Trường Mầm non Sao Sáng 2,Tổ chức nhà nước,05/07/2024,Chứng nhận cơ bản,https://tinnhiemmang.vn/danh-ba-tin-nhiem/mgsaosang2haiphongeduvn-1720146874
mindmaid.ai,Công ty Cổ phần Công nghệ và Truyền thông AIV Group,Tổ chức nhà nước,09/08/2023,Chứng nhận cơ bản,https://tinnhiemmang.vn/danh-ba-tin-nhiem/mindmaidai-1691547794
misa.vn,Công ty Cổ phần MISA,Tổ chức nhà nước,18/01/2023,Chứng nhận cơ bản,https://tinnhiemmang.vn/danh-ba-tin-nhiem/misavn-1671070836
mn8-3.haiphong.edu.vn,Trường Mầm non 8-3,Tổ chức nhà nước,09/07/2024,Chứng nhận cơ bản,https://tinnhiemmang.vn/danh-ba-tin-nhiem/mn8-3haiphongeduvn-1720509757
mnanhdung.haiphong.edu.vn,Trường mầm non Anh Dũng,Tổ chức nhà nước,08/07/2024,Chứng nhận cơ bản,https://tinnhiemmang.vn/danh-ba-tin-nhiem/mnanhdunghaiphongeduvn-1714640660
mnanhoavp.haiphong.edu.vn,Trường mầm non An Hòa,Tổ chức nhà nước,17/07/2024,Chứng nhận cơ bản,https://tinnhiemmang.vn/danh-ba-tin-nhiem/mnanhoavphaiphongeduvn-1721182947
mnbachdang.haiphong.edu.vn,Trường mầm non Bạch Đằng - Hồng Bàng - Hải Phòng,Tổ chức nhà nước,12/07/2024,Chứng nhận cơ bản,https://tinnhiemmang.vn/danh-ba-tin-nhiem/mnbachdanghaiphongeduvn-1720753208
mnbacsonad.haiphong.edu.vn,"Trường Mầm non Bắc Sơn, An Dương, Hải Phòng",Tổ chức nhà nước,18/07/2024,Chứng nhận cơ bản,https://tinnhiemmang.vn/danh-ba-tin-nhiem/mnbacsonadhaiphongeduvn-1721263889
mnbaochauds.haiphong.edu.vn,Trường Mầm non Bảo Châu,Tổ chức nhà nước,17/07/2024,Chứng nhận cơ bản,https://tinnhiemmang.vn/danh-ba-tin-nhiem/mnbaochaudshaiphongeduvn-1721177813
mndanghai.haiphong.edu.vn,Trường mầm non Đằng Hải,Tổ chức nhà nước,05/07/2024,Chứng nhận cơ bản,https://tinnhiemmang.vn/danh-ba-tin-nhiem/mndanghaihaiphongeduvn-1715152891
mndongminh.haiphong.edu.vn,Trường Mầm Non Đồng Minh,Tổ chức nhà nước,17/07/2024,Chứng nhận cơ bản,https://tinnhiemmang.vn/danh-ba-tin-nhiem/mndongminhhaiphongeduvn-1721124930
mnduhangkenh.haiphong.edu.vn,Trường Mầm non Dư Hàng Kênh,Tổ chức nhà nước,17/07/2024,Chứng nhận cơ bản,https://tinnhiemmang.vn/danh-ba-tin-nhiem/mnduhangkenhhaiphongeduvn-1721181940
mndungtien.haiphong.edu.vn,Trường Mầm Non Dũng Tiến,Tổ chức nhà nước,18/07/2024,Chứng nhận cơ bản,https://tinnhiemmang.vn/danh-ba-tin-nhiem/mndungtienhaiphongeduvn-1721228580
mnhaiha.haiphong.edu.vn,Trường mầm non Hải Hà,Tổ chức nhà nước,15/08/2024,Chứng nhận cơ bản,https://tinnhiemmang.vn/danh-ba-tin-nhiem/mnhaihahaiphongeduvn-1723521169
mnhaison.haiphong.edu.vn,Trường mầm non Hải Sơn,Tổ chức nhà nước,19/07/2024,Chứng nhận cơ bản,https://tinnhiemmang.vn/danh-ba-tin-nhiem/mnhaisonhaiphongeduvn-1721272069
mnhiephoa.haiphong.edu.vn,Trường mầm non Hiệp Hòa,Tổ chức nhà nước,08/07/2024,Chứng nhận cơ bản,https://tinnhiemmang.vn/danh-ba-tin-nhiem/mnhiephoahaiphongeduvn-1720432268
mnhoalan.haiphong.edu.vn,Trường Mầm non Hoa Lan,Tổ chức nhà nước,17/07/2024,Chứng nhận cơ bản,https://tinnhiemmang.vn/danh-ba-tin-nhiem/mnhoalanhaiphongeduvn-1721179142
mnhoamailc.haiphong.edu.vn,Trường mầm non Hoa Mai - Lê Chân,Tổ chức nhà nước,24/07/2024,Chứng nhận cơ bản,https://tinnhiemmang.vn/danh-ba-tin-nhiem/mnhoamailchaiphongeduvn-1721789865
mnhoami.haiphong.edu.vn,Trường mầm non Hoạ Mi - Lê Chân - Hải Phòng,Tổ chức nhà nước,17/07/2024,Chứng nhận cơ bản,https://tinnhiemmang.vn/danh-ba-tin-nhiem/mnhoamihaiphongeduvn-1721137668
mnhoanang.haiphong.edu.vn,Lớp Mầm non độc lập Hoa Nắng,Tổ chức nhà nước,15/08/2024,Chứng nhận cơ bản,https://tinnhiemmang.vn/danh-ba-tin-nhiem/mnhoananghaiphongeduvn-1723709054
mnhoatrangnguyentienlang.haiphong.edu.vn,Trường mầm non Hoa Trạng Nguyên,Tổ chức nhà nước,29/07/2024,Chứng nhận cơ bản,https://tinnhiemmang.vn/danh-ba-tin-nhiem/mnhoatrangnguyentienlanghaiphongeduvn-1721979713
mnhuongduonglc.haiphong.edu.vn,"Trường Mầm non Hướng Dương, Lê Chân, Hải Phòng",Tổ chức nhà nước,18/07/2024,Chứng nhận cơ bản,https://tinnhiemmang.vn/danh-ba-tin-nhiem/mnhuongduonglchaiphongeduvn-1721226089
mnhuunghiquocte.haiphong.edu.vn,Trường Mầm Non Hữu Nghị Quốc tế,Tổ chức nhà nước,24/07/2024,Chứng nhận cơ bản,https://tinnhiemmang.vn/danh-ba-tin-nhiem/mnhuunghiquoctehaiphongeduvn-1721785226
mnkenhduong.haiphong.edu.vn,Trường mầm non Kênh Dương,Tổ chức nhà nước,18/07/2024,Chứng nhận cơ bản,https://tinnhiemmang.vn/danh-ba-tin-nhiem/mnkenhduonghaiphongeduvn-1721203123
mnkhoinghia.haiphong.edu.vn,Trường mầm non Khởi Nghĩa,Tổ chức nhà nước,08/07/2024,Chứng nhận cơ bản,https://tinnhiemmang.vn/danh-ba-tin-nhiem/mnkhoinghiahaiphongeduvn-1714977864
mnkitty.haiphong.edu.vn,Trường Mầm non Kitty Hải Phòng,Tổ chức nhà nước,09/08/2024,Chứng nhận cơ bản,https://tinnhiemmang.vn/danh-ba-tin-nhiem/mnkittyhaiphongeduvn-1723114856
mnlienam.haiphong.edu.vn,Trường Mầm non Liên Am,Tổ chức nhà nước,31/07/2024,Chứng nhận cơ bản,https://tinnhiemmang.vn/danh-ba-tin-nhiem/mnlienamhaiphongeduvn-1722331121
mnlythaito.haiphong.edu.vn,Trường Mầm non Lý Thái Tổ,Tổ chức nhà nước,24/07/2024,Chứng nhận cơ bản,https://tinnhiemmang.vn/danh-ba-tin-nhiem/mnlythaitohaiphongeduvn-1721784526
mnminakids.haiphong.edu.vn,Trường mầm non Minakids,Tổ chức nhà nước,19/07/2024,Chứng nhận cơ bản,https://tinnhiemmang.vn/danh-ba-tin-nhiem/mnminakidshaiphongeduvn-1721320947
mnminhduc.haiphong.edu.vn,Trường Mầm non Minh Đức,Tổ chức nhà nước,18/07/2024,Chứng nhận cơ bản,https://tinnhiemmang.vn/danh-ba-tin-nhiem/mnminhduchaiphongeduvn-1721209777
mnminhphuong.haiphong.edu.vn,Trường Mầm non Minh Phương,Tổ chức nhà nước,17/07/2024,Chứng nhận cơ bản,https://tinnhiemmang.vn/danh-ba-tin-nhiem/mnminhphuonghaiphongeduvn-1721146789
mnngocxuyen.haiphong.edu.vn,Trường Mầm non Ngọc Xuyên,Tổ chức nhà nước,17/07/2024,Chứng nhận cơ bản,https://tinnhiemmang.vn/danh-ba-tin-nhiem/mnngocxuyenhaiphongeduvn-1721180953
mnngoinhahanhphuc.haiphong.edu.vn,Trường MN Ngôi Nhà Hạnh Phúc,Tổ chức nhà nước,25/07/2024,Chứng nhận cơ bản,https://tinnhiemmang.vn/danh-ba-tin-nhiem/mnngoinhahanhphuchaiphongeduvn-1721811205
mnphale.haiphong.edu.vn,Trường Mầm non Phả Lễ,Tổ chức nhà nước,17/07/2024,Chứng nhận cơ bản,https://tinnhiemmang.vn/danh-ba-tin-nhiem/mnphalehaiphongeduvn-1721169513
mnquangphuc.haiphong.edu.vn,Trường Mầm non Quang Phục,Tổ chức nhà nước,08/07/2024,Chứng nhận cơ bản,https://tinnhiemmang.vn/danh-ba-tin-nhiem/mnquangphuchaiphongeduvn-1715152318
mnquyettien.haiphong.edu.vn,Trường Mầm non Quyết Tiến,Tổ chức nhà nước,08/07/2024,Chứng nhận cơ bản,https://tinnhiemmang.vn/danh-ba-tin-nhiem/mnquyettienhaiphongeduvn-1715153268
mntamcuong.haiphong.edu.vn,Trường mầm non Tam Cường,Tổ chức nhà nước,17/07/2024,Chứng nhận cơ bản,https://tinnhiemmang.vn/danh-ba-tin-nhiem/mntamcuonghaiphongeduvn-1721144781
mntanhung.haiphong.edu.vn,Trường MN Tân Hưng,Tổ chức nhà nước,17/07/2024,Chứng nhận cơ bản,https://tinnhiemmang.vn/danh-ba-tin-nhiem/mntanhunghaiphongeduvn-1721127482
mntanlien.haiphong.edu.vn,Trường Mầm non Tân Liên,Tổ chức nhà nước,24/07/2024,Chứng nhận cơ bản,https://tinnhiemmang.vn/danh-ba-tin-nhiem/mntanlienhaiphongeduvn-1721785168
mnthangthuy.haiphong.edu.vn,Trường Mầm non Thắng Thuỷ,Tổ chức nhà nước,19/07/2024,Chứng nhận cơ bản,https://tinnhiemmang.vn/danh-ba-tin-nhiem/mnthangthuyhaiphongeduvn-1721295922
mnthuchanhkienan.haiphong.edu.vn,Trường Mầm non Thực Hành,Tổ chức nhà nước,05/07/2024,Chứng nhận cơ bản,https://tinnhiemmang.vn/danh-ba-tin-nhiem/mnthuchanhkienanhaiphongeduvn-1720153834
mntienphong.haiphong.edu.vn,Trường mầm non Tiền Phong,Tổ chức nhà nước,18/07/2024,Chứng nhận cơ bản,https://tinnhiemmang.vn/danh-ba-tin-nhiem/mntienphonghaiphongeduvn-1721267947
mntoanthang.haiphong.edu.vn,Trường Mầm non Toàn Thắng,Tổ chức nhà nước,23/07/2024,Chứng nhận cơ bản,https://tinnhiemmang.vn/danh-ba-tin-nhiem/mntoanthanghaiphongeduvn-1721702730
mntranduong.haiphong.edu.vn,Trường mầm non Trấn Dương,Tổ chức nhà nước,05/07/2024,Chứng nhận cơ bản,https://tinnhiemmang.vn/danh-ba-tin-nhiem/mntranduonghaiphongeduvn-1714390918
mntranthanhngo.haiphong.edu.vn,Trường Mầm non Trần Thành Ngọ,Tổ chức nhà nước,18/07/2024,Chứng nhận cơ bản,https://tinnhiemmang.vn/danh-ba-tin-nhiem/mntranthanhngohaiphongeduvn-1721199462
mnvanhuong.haiphong.edu.vn,Trường Mầm non Vạn Hương,Tổ chức nhà nước,11/07/2024,Chứng nhận cơ bản,https://tinnhiemmang.vn/danh-ba-tin-nhiem/mnvanhuonghaiphongeduvn-1720663569
mnvinhan.haiphong.edu.vn,Trường mầm non Vĩnh An,Tổ chức nhà nước,19/07/2024,Chứng nhận cơ bản,https://tinnhiemmang.vn/danh-ba-tin-nhiem/mnvinhanhaiphongeduvn-1721293370
mnvinhphong.haiphong.edu.vn,Trường mầm non Vĩnh Phong,Tổ chức nhà nước,17/07/2024,Chứng nhận cơ bản,https://tinnhiemmang.vn/danh-ba-tin-nhiem/mnvinhphonghaiphongeduvn-1721125038
mnvinhquangvb.haiphong.edu.vn,Trường Mầm non Vinh Quang VB,Tổ chức nhà nước,24/07/2024,Chứng nhận cơ bản,https://tinnhiemmang.vn/danh-ba-tin-nhiem/mnvinhquangvbhaiphongeduvn-1721789872
moc.gov.vn,Bộ Xây dựng,Chính phủ Việt Nam,01/08/2024,Chứng nhận cơ bản,https://tinnhiemmang.vn/danh-ba-tin-nhiem/mocgovvn-1722411204
mod.gov.vn,Bộ Quốc phòng,Chính phủ Việt Nam,Đã xác thực chính thức,Chứng nhận cơ bản,https://tinnhiemmang.vn/danh-ba-tin-nhiem/mod.gov.vn
moet.gov.vn,Bộ Giáo dục và Đào tạo,Chính phủ Việt Nam,Đã xác thực chính thức,Chứng nhận cơ bản,https://tinnhiemmang.vn/danh-ba-tin-nhiem/moet.gov.vn
mof.gov.vn,Bộ Tài chính,Chính phủ Việt Nam,Đã xác thực chính thức,Chứng nhận cơ bản,https://tinnhiemmang.vn/danh-ba-tin-nhiem/mof.gov.vn
mofa.gov.vn,Bộ Ngoại giao Việt Nam,Chính phủ Việt Nam,Đã xác thực chính thức,Chứng nhận cơ bản,https://tinnhiemmang.vn/danh-ba-tin-nhiem/mofa.gov.vn
moh.gov.vn,Bộ Y tế,Chính phủ Việt Nam,Đã xác thực chính thức,Chứng nhận cơ bản,https://tinnhiemmang.vn/danh-ba-tin-nhiem/moh.gov.vn
moit.gov.vn,Bộ Công Thương,Chính phủ Việt Nam,Đã xác thực chính thức,Chứng nhận cơ bản,https://tinnhiemmang.vn/danh-ba-tin-nhiem/moit.gov.vn
moitruongdulich.vn,Trung tâm Thông tin du lịch,Tổ chức nhà nước,12/08/2024,Chứng nhận cơ bản,https://tinnhiemmang.vn/danh-ba-tin-nhiem/moitruongdulichvn-1723449370
moj.gov.vn,Bộ Tư pháp,Chính phủ Việt Nam,Đã xác thực chính thức,Chứng nhận cơ bản,https://tinnhiemmang.vn/danh-ba-tin-nhiem/moj.gov.vn
molisa.gov.vn,Bộ Lao động - Thương binh và Xã hội,Chính phủ Việt Nam,Đã xác thực chính thức,Chứng nhận cơ bản,https://tinnhiemmang.vn/danh-ba-tin-nhiem/molisa.gov.vn
monre.gov.vn,Bộ Tài nguyên và Môi trường,Chính phủ Việt Nam,Đã xác thực chính thức,Chứng nhận cơ bản,https://tinnhiemmang.vn/danh-ba-tin-nhiem/monre.gov.vn
most.gov.vn,Bộ Khoa học và Công nghệ,Chính phủ Việt Nam,Đã xác thực chính thức,Chứng nhận cơ bản,https://tinnhiemmang.vn/danh-ba-tin-nhiem/most.gov.vn
motcua.thanhphohaiphong.gov.vn,Sở Thông tin và Truyền thông Hải Phòng,Hội đồng nhân dân & UBND,25/07/2024,Chứng nhận cơ bản,https://tinnhiemmang.vn/danh-ba-tin-nhiem/motcuathanhphohaiphonggovvn-1721790363
mpi.gov.vn,Bộ Kế hoạch và Đầu tư,Chính phủ Việt Nam,Đã xác thực chính thức,Chứng nhận cơ bản,https://tinnhiemmang.vn/danh-ba-tin-nhiem/mpi.gov.vn
mps.gov.vn,Bộ Công an,Chính phủ Việt Nam,Đã xác thực chính thức,Chứng nhận cơ bản,https://tinnhiemmang.vn/danh-ba-tin-nhiem/mps.gov.vn
mst.gov.vn,Bộ Khoa học và Công nghệ,Chính phủ Việt Nam,18/05/2026,Chứng nhận cơ bản,https://tinnhiemmang.vn/danh-ba-tin-nhiem/mstgovvn-1779090452
munchung.tuangiao.gov.vn,Ủy Ban Nhân Dân Xã Mùn Chung,Hội đồng nhân dân & UBND,29/11/2023,Chứng nhận cơ bản,https://tinnhiemmang.vn/danh-ba-tin-nhiem/munchungtuangiaogovvn-1701226175
muongcha.dienbien.gov.vn,UBND huyện Mường Chà,Hội đồng nhân dân & UBND,19/09/2024,Chứng nhận cơ bản,https://tinnhiemmang.vn/danh-ba-tin-nhiem/muongchadienbiengovvn-1726711293
muongkhong.tuangiao.gov.vn,Ủy ban nhân dân xã Mường Khong,Hội đồng nhân dân & UBND,23/11/2023,Chứng nhận cơ bản,https://tinnhiemmang.vn/danh-ba-tin-nhiem/muongkhongtuangiaogovvn-1700641632
muongmun.tuangiao.gov.vn,Ủy ban nhân dân xã Mường Mùn,Hội đồng nhân dân & UBND,09/11/2023,Chứng nhận cơ bản,https://tinnhiemmang.vn/danh-ba-tin-nhiem/muongmuntuangiaogovvn-1699415684
namdinh.gov.vn,HĐND & UBND tỉnh Nam Định,Hội đồng nhân dân & UBND,Đã xác thực chính thức,Chứng nhận cơ bản,https://tinnhiemmang.vn/danh-ba-tin-nhiem/namdinh.gov.vn
namsaigon.edu.vn,Trường Cao đẳng Bách khoa Nam Sài Gòn,Tổ chức nhà nước,27/06/2024,Chứng nhận cơ bản,https://tinnhiemmang.vn/danh-ba-tin-nhiem/namsaigoneduvn-1655783950
namthanh.tpninhbinh.ninhbinh.gov.vn,"Uỷ ban nhân dân phường Nam Thành, thành phố Ninh Bình, tỉnh Ninh Bình",Hội đồng nhân dân & UBND,30/10/2024,Chứng nhận cơ bản,https://tinnhiemmang.vn/danh-ba-tin-nhiem/namthanhtpninhbinhninhbinhgovvn-1730185823
nasay.tuangiao.gov.vn,Ủy Ban Nhân Dân Xã Này Sáy,Hội đồng nhân dân & UBND,22/11/2023,Chứng nhận cơ bản,https://tinnhiemmang.vn/danh-ba-tin-nhiem/nasaytuangiaogovvn-1700623733
natong.tuangiao.gov.vn,Ủy Ban Nhân Dân Xã Nà Tòng,Hội đồng nhân dân & UBND,22/11/2023,Chứng nhận cơ bản,https://tinnhiemmang.vn/danh-ba-tin-nhiem/natongtuangiaogovvn-1700624750
ncsc.gov.vn,Trung tâm Giám sát an toàn không gian mạng quốc gia (NCSC),Hội đồng nhân dân & UBND,03/12/2024,Chứng nhận nâng cao,https://tinnhiemmang.vn/danh-ba-tin-nhiem/ncscgovvn-1733198332
nentangso.vietnamtourism.gov.vn,Trung tâm Thông tin du lịch,Hội đồng nhân dân & UBND,12/08/2024,Chứng nhận cơ bản,https://tinnhiemmang.vn/danh-ba-tin-nhiem/nentangsovietnamtourismgovvn-1723449249
nghean.gov.vn,HĐND & UBND tỉnh Nghệ An,Hội đồng nhân dân & UBND,Đã xác thực chính thức,Chứng nhận cơ bản,https://tinnhiemmang.vn/danh-ba-tin-nhiem/nghean.gov.vn
nhandan.com.vn,Báo Nhân Dân,Đảng Cộng sản Việt Nam,Đã xác thực chính thức,Chứng nhận nâng cao,https://tinnhiemmang.vn/danh-ba-tin-nhiem/nhandan.com.vn
nhandan.vn,Báo Nhân Dân - Cơ quan Trung ương ĐCSVN,Đảng Cộng sản Việt Nam,Đã xác thực chính thức,Chứng nhận nâng cao,https://tinnhiemmang.vn/danh-ba-tin-nhiem/nhandan.vn
nhuhoa.kimson.ninhbinh.gov.vn,"Uỷ ban nhân dân xã Như Hoà, huyện Kim Sơn, tỉnh Ninh Bình",Hội đồng nhân dân & UBND,27/06/2024,Chứng nhận cơ bản,https://tinnhiemmang.vn/danh-ba-tin-nhiem/nhuhoakimsonninhbinhgovvn-1719454201
ninhan.hoalu.ninhbinh.gov.vn,"Uỷ ban nhân dân xã Ninh An, huyện Hoa Lư, tỉnh Ninh Bình",Hội đồng nhân dân & UBND,27/06/2024,Chứng nhận cơ bản,https://tinnhiemmang.vn/danh-ba-tin-nhiem/ninhanhoaluninhbinhgovvn-1719456326
ninhbinh.gov.vn,HĐND & UBND tỉnh Ninh Bình,Hội đồng nhân dân & UBND,Đã xác thực chính thức,Chứng nhận cơ bản,https://tinnhiemmang.vn/danh-ba-tin-nhiem/ninhbinh.gov.vn
ninhgiang.hoalu.ninhbinh.gov.vn,"Uỷ ban nhân dân xã Ninh Giang, huyện Hoa Lư, tỉnh Ninh Bình",Hội đồng nhân dân & UBND,26/06/2024,Chứng nhận cơ bản,https://tinnhiemmang.vn/danh-ba-tin-nhiem/ninhgianghoaluninhbinhgovvn-1719283576
ninhhai.hoalu.ninhbinh.gov.vn,"Uỷ ban nhân dân xã Ninh Hải, huyện Hoa Lư, tỉnh Ninh Bình",Hội đồng nhân dân & UBND,27/06/2024,Chứng nhận cơ bản,https://tinnhiemmang.vn/danh-ba-tin-nhiem/ninhhaihoaluninhbinhgovvn-1719456558
ninhkhang.hoalu.ninhbinh.gov.vn,"Uỷ ban nhân dân xã Ninh Khang, huyện Hoa Lư, tỉnh Ninh Bình",Hội đồng nhân dân & UBND,27/06/2024,Chứng nhận cơ bản,https://tinnhiemmang.vn/danh-ba-tin-nhiem/ninhkhanghoaluninhbinhgovvn-1719455552
ninhkhanh.tpninhbinh.ninhbinh.gov.vn,"Uỷ ban nhân dân phường Ninh Khánh, thành phố Ninh Bình, tỉnh Ninh Bình",Hội đồng nhân dân & UBND,30/10/2024,Chứng nhận cơ bản,https://tinnhiemmang.vn/danh-ba-tin-nhiem/ninhkhanhtpninhbinhninhbinhgovvn-1730185950
ninhmy.hoalu.ninhbinh.gov.vn,"Uỷ ban nhân dân xã Ninh Mỹ, huyện Hoa Lư, tỉnh Ninh Bình",Hội đồng nhân dân & UBND,27/06/2024,Chứng nhận cơ bản,https://tinnhiemmang.vn/danh-ba-tin-nhiem/ninhmyhoaluninhbinhgovvn-1719455689
ninhphong.tpninhbinh.ninhbinh.gov.vn,"Uỷ ban nhân dân phường Ninh Phong, thành phố Ninh Bình, tỉnh Ninh Bình",Hội đồng nhân dân & UBND,30/10/2024,Chứng nhận cơ bản,https://tinnhiemmang.vn/danh-ba-tin-nhiem/ninhphongtpninhbinhninhbinhgovvn-1730186096
ninhphuc.tpninhbinh.ninhbinh.gov.vn,"Ủy ban nhân dân xã Ninh Phúc, thành phố Ninh Bình",Hội đồng nhân dân & UBND,30/10/2024,Chứng nhận cơ bản,https://tinnhiemmang.vn/danh-ba-tin-nhiem/ninhphuctpninhbinhninhbinhgovvn-1730254597
ninhson.tpninhbinh.ninhbinh.gov.vn,"Uỷ ban nhân dân phường Ninh Sơn, thành phố Ninh Bình, tỉnh Ninh Bình",Hội đồng nhân dân & UBND,30/10/2024,Chứng nhận cơ bản,https://tinnhiemmang.vn/danh-ba-tin-nhiem/ninhsontpninhbinhninhbinhgovvn-1730186204
ninhthang.hoalu.ninhbinh.gov.vn,"Uỷ ban nhân dân xã Ninh Thắng, huyện Hoa Lư, tỉnh Ninh Bình",Hội đồng nhân dân & UBND,27/06/2024,Chứng nhận cơ bản,https://tinnhiemmang.vn/danh-ba-tin-nhiem/ninhthanghoaluninhbinhgovvn-1719455799
ninhthuan.gov.vn,HĐND & UBND tỉnh Ninh Thuận,Hội đồng nhân dân & UBND,Đã xác thực chính thức,Chứng nhận cơ bản,https://tinnhiemmang.vn/danh-ba-tin-nhiem/ninhthuan.gov.vn
ninhtien.tpninhbinh.ninhbinh.gov.vn,"UBND xã Ninh Tiến, thành phố Ninh Bình, tỉnh Ninh Bình",Hội đồng nhân dân & UBND,30/10/2024,Chứng nhận cơ bản,https://tinnhiemmang.vn/danh-ba-tin-nhiem/ninhtientpninhbinhninhbinhgovvn-1730251578
ninhvan.hoalu.ninhbinh.gov.vn,"Uỷ ban nhân dân xã Ninh Vân, huyện Hoa Lư, tỉnh Ninh Bình",Hội đồng nhân dân & UBND,27/06/2024,Chứng nhận cơ bản,https://tinnhiemmang.vn/danh-ba-tin-nhiem/ninhvanhoaluninhbinhgovvn-1719456441
noichinh.haiduong.org.vn,Ban Nội chính Tỉnh ủy tỉnh Hải Dương,Đảng Cộng sản Việt Nam,07/10/2024,Chứng nhận cơ bản,https://tinnhiemmang.vn/danh-ba-tin-nhiem/noichinhhaiduongorgvn-1728268537
nongthon.vietnamtourism.gov.vn,Trung tâm Thông tin du lịch,Hội đồng nhân dân & UBND,12/08/2024,Chứng nhận cơ bản,https://tinnhiemmang.vn/danh-ba-tin-nhiem/nongthonvietnamtourismgovvn-1723449370
nongthonmoi.daklak.gov.vn,Văn phòng Điều phối Chương trình MTQG xây dựng NTM Đắk Lắk,Hội đồng nhân dân & UBND,24/09/2024,Chứng nhận cơ bản,https://tinnhiemmang.vn/danh-ba-tin-nhiem/nongthonmoidaklakgovvn-1726825458
nsw.varans.vn,"Cục An toàn bức xạ và hạt nhân, Bộ  Khoa học và Công nghệ",Chính phủ Việt Nam,25/11/2024,Chứng nhận cơ bản,https://tinnhiemmang.vn/danh-ba-tin-nhiem/nswvaransvn-1729744145
ntbaovu.haiphong.edu.vn,Nhóm trẻ lớp MGĐL Bảo Vũ,Tổ chức nhà nước,29/07/2024,Chứng nhận cơ bản,https://tinnhiemmang.vn/danh-ba-tin-nhiem/ntbaovuhaiphongeduvn-1721979416
office.quangngai.gov.vn,Sở Thông tin và Truyền thông Quảng Ngãi,Hội đồng nhân dân & UBND,11/02/2025,Chứng nhận cơ bản,https://tinnhiemmang.vn/danh-ba-tin-nhiem/officequangngaigovvn-1738569820
opendata.quangngai.gov.vn,Sở Thông tin và Truyền thông Quảng Ngãi,Hội đồng nhân dân & UBND,13/12/2024,Chứng nhận cơ bản,https://tinnhiemmang.vn/danh-ba-tin-nhiem/opendataquangngaigovvn-1688609284
pbpl.lamdong.gov.vn,"Trang Thông tin về Phổ biến, giáo dục pháp luật tỉnh Lâm Đồng",Hội đồng nhân dân & UBND,25/11/2024,Chứng nhận cơ bản,https://tinnhiemmang.vn/danh-ba-tin-nhiem/pbpllamdonggovvn-1731893838
pgdkienluong.gov.vn,Phòng Giáo dục & Đào tạo huyện Kiên Lương,Hội đồng nhân dân & UBND,02/10/2024,Chứng nhận cơ bản,https://tinnhiemmang.vn/danh-ba-tin-nhiem/pgdkienluonggovvn-1727775198
pgdlechan.haiphong.edu.vn,Phòng GDĐT Quận Lê Chân,Tổ chức nhà nước,05/07/2024,Chứng nhận cơ bản,https://tinnhiemmang.vn/danh-ba-tin-nhiem/pgdlechanhaiphongeduvn-1715143397
pgdtpdienbienphu.edu.vn,Phòng Giáo dục và Đào tạo thành phố Điện Biên Phủ,Tổ chức nhà nước,21/11/2024,Chứng nhận cơ bản,https://tinnhiemmang.vn/danh-ba-tin-nhiem/pgdtpdienbienphueduvn-1732089943
phantichdulieu.quangngai.gov.vn,Sở Thông tin và Truyền thông Quảng Ngãi,Hội đồng nhân dân & UBND,13/12/2024,Chứng nhận cơ bản,https://tinnhiemmang.vn/danh-ba-tin-nhiem/phantichdulieuquangngaigovvn-1734078116
phucthanh.tpninhbinh.ninhbinh.gov.vn,"Uỷ ban nhân dân phường Phúc Thành, thành phố Ninh Bình, tỉnh Ninh Bình",Hội đồng nhân dân & UBND,30/10/2024,Chứng nhận cơ bản,https://tinnhiemmang.vn/danh-ba-tin-nhiem/phucthanhtpninhbinhninhbinhgovvn-1730186319
phuninh.phutho.gov.vn,"UBND huyện Phù Ninh, tỉnh Phú Thọ",Hội đồng nhân dân & UBND,16/09/2024,Chứng nhận cơ bản,https://tinnhiemmang.vn/danh-ba-tin-nhiem/phuninhphuthogovvn-1726271875
phunuvietnam.vn,Báo Phụ nữ Việt Nam - Hội LHPN Việt Nam,Hội Liên hiệp Phụ nữ Việt Nam,Đã xác thực chính thức,Chứng nhận nâng cao,https://tinnhiemmang.vn/danh-ba-tin-nhiem/phunuvietnam.vn
phuong12.dalat.lamdong.gov.vn,"UBND Phường 12, TP Đà Lạt, Lâm Đồng",Hội đồng nhân dân & UBND,30/08/2024,Chứng nhận cơ bản,https://tinnhiemmang.vn/danh-ba-tin-nhiem/phuong12dalatlamdonggovvn-1724916872
phuong2.dalat.lamdong.gov.vn,"UBND Phường 2, TP Đà Lạt, Lâm Đồng",Hội đồng nhân dân & UBND,29/08/2024,Chứng nhận cơ bản,https://tinnhiemmang.vn/danh-ba-tin-nhiem/phuong2dalatlamdonggovvn-1724903904
phuong3.dalat.lamdong.gov.vn,"UBND Phường 3, TP Đà Lạt, Lâm Đồng",Hội đồng nhân dân & UBND,29/08/2024,Chứng nhận cơ bản,https://tinnhiemmang.vn/danh-ba-tin-nhiem/phuong3dalatlamdonggovvn-1724903991
phuong4.dalat.lamdong.gov.vn,"UBND Phường 4, TP Đà Lạt, Lâm Đồng",Hội đồng nhân dân & UBND,29/08/2024,Chứng nhận cơ bản,https://tinnhiemmang.vn/danh-ba-tin-nhiem/phuong4dalatlamdonggovvn-1724904064
phuong5.dalat.lamdong.gov.vn,"UBND Phường 5, TP Đà Lạt, Lâm Đồng",Hội đồng nhân dân & UBND,29/08/2024,Chứng nhận cơ bản,https://tinnhiemmang.vn/danh-ba-tin-nhiem/phuong5dalatlamdonggovvn-1724904131
ptanhxtanh.haiphong.edu.vn,Trường Trung học phổ thông Anhxtanh,Tổ chức nhà nước,09/07/2024,Chứng nhận cơ bản,https://tinnhiemmang.vn/danh-ba-tin-nhiem/ptanhxtanhhaiphongeduvn-1720493109
puxi.tuangiao.gov.vn,Ủy Ban Nhân Dân Xã Pú Xi,Hội đồng nhân dân & UBND,22/11/2023,Chứng nhận cơ bản,https://tinnhiemmang.vn/danh-ba-tin-nhiem/puxituangiaogovvn-1700623019
qlhc-congan.hochiminhcity.gov.vn,Công an Thành phố Hồ Chí Minh,Hội đồng nhân dân & UBND,25/07/2024,Chứng nhận cơ bản,https://tinnhiemmang.vn/danh-ba-tin-nhiem/qlhc-conganhochiminhcitygovvn-1721879277
qnitrade.gov.vn,"Trung tâm Xúc tiến và Phát triển công thương Quảng Ninh, Sở Công Thương",Hội đồng nhân dân & UBND,15/08/2024,Chứng nhận cơ bản,https://tinnhiemmang.vn/danh-ba-tin-nhiem/qnitradegovvn-1723541660
quaicang.tuangiao.gov.vn,Ủy ban nhân dân xã Quài Cang,Hội đồng nhân dân & UBND,23/11/2023,Chứng nhận cơ bản,https://tinnhiemmang.vn/danh-ba-tin-nhiem/quaicangtuangiaogovvn-1700638514
quainua.tuangiao.gov.vn,"UBND xã Quài Nưa, huyện Tuần Giáo, tỉnh Điện Biên",Hội đồng nhân dân & UBND,09/11/2023,Chứng nhận cơ bản,https://tinnhiemmang.vn/danh-ba-tin-nhiem/quainuatuangiaogovvn-1699409423
quaito.tuangiao.gov.vn,Ủy ban nhân dân xã Quài Tở,Hội đồng nhân dân & UBND,23/11/2023,Chứng nhận cơ bản,https://tinnhiemmang.vn/danh-ba-tin-nhiem/quaitotuangiaogovvn-1700639233
quan1.hochiminhcity.gov.vn,Ủy ban nhân dân quận 1,Hội đồng nhân dân & UBND,06/12/2024,Chứng nhận cơ bản,https://tinnhiemmang.vn/danh-ba-tin-nhiem/quan1hochiminhcitygovvn-1733391916
quangbinh.gov.vn,HĐND & UBND tỉnh Quảng Bình,Hội đồng nhân dân & UBND,Đã xác thực chính thức,Chứng nhận cơ bản,https://tinnhiemmang.vn/danh-ba-tin-nhiem/quangbinh.gov.vn
quangnam.gov.vn,HĐND & UBND tỉnh Quảng Nam,Hội đồng nhân dân & UBND,Đã xác thực chính thức,Chứng nhận cơ bản,https://tinnhiemmang.vn/danh-ba-tin-nhiem/quangnam.gov.vn
quangngai.gov.vn,HĐND & UBND tỉnh Quảng Ngãi,Hội đồng nhân dân & UBND,Đã xác thực chính thức,Chứng nhận cơ bản,https://tinnhiemmang.vn/danh-ba-tin-nhiem/quangngai.gov.vn
quangninh.gov.vn,HĐND & UBND tỉnh Quảng Ninh,Hội đồng nhân dân & UBND,Đã xác thực chính thức,Chứng nhận cơ bản,https://tinnhiemmang.vn/danh-ba-tin-nhiem/quangninh.gov.vn
quangtri.gov.vn,HĐND & UBND tỉnh Quảng Trị,Hội đồng nhân dân & UBND,Đã xác thực chính thức,Chứng nhận cơ bản,https://tinnhiemmang.vn/danh-ba-tin-nhiem/quangtri.gov.vn
quanlydisan.quangngai.gov.vn,Sở Thông tin và Truyền thông Quảng Ngãi,Hội đồng nhân dân & UBND,13/12/2024,Chứng nhận cơ bản,https://tinnhiemmang.vn/danh-ba-tin-nhiem/quanlydisanquangngaigovvn-1734078138
quanlythanhtra.quangngai.gov.vn,Sở Thông tin và Truyền thông Quảng Ngãi,Hội đồng nhân dân & UBND,13/12/2024,Chứng nhận cơ bản,https://tinnhiemmang.vn/danh-ba-tin-nhiem/quanlythanhtraquangngaigovvn-1710902160
quochoi.vn,Cổng Thông tin Điện tử Quốc hội Việt Nam,Quốc hội Việt Nam,Đã xác thực chính thức,Chứng nhận nâng cao,https://tinnhiemmang.vn/danh-ba-tin-nhiem/quochoi.vn
quochoitv.vn,Truyền hình Quốc hội Việt Nam,Quốc hội Việt Nam,Đã xác thực chính thức,Chứng nhận cơ bản,https://tinnhiemmang.vn/danh-ba-tin-nhiem/quochoitv.vn
quydautuphattrien.hanoi.gov.vn,Quỹ đầu tư phát triển thành phố Hà Nội,Hội đồng nhân dân & UBND,09/10/2024,Chứng nhận cơ bản,https://tinnhiemmang.vn/danh-ba-tin-nhiem/quydautuphattrienhanoigovvn-1728375990
quyhoach.thanhpho.quangngai.gov.vn,"Thành phố Quảng Ngãi, Tỉnh Quảng Ngãi",Hội đồng nhân dân & UBND,25/10/2024,Chứng nhận cơ bản,https://tinnhiemmang.vn/danh-ba-tin-nhiem/quyhoachthanhphoquangngaigovvn-1729762550
rid.vista.gov.vn,Cục thông tin khoa học và công nghệ quốc gia,Hội đồng nhân dân & UBND,31/10/2024,Chứng nhận cơ bản,https://tinnhiemmang.vn/danh-ba-tin-nhiem/ridvistagovvn-1730344681
sathach.cdhue.edu.vn,Trường Cao đẳng Huế,Tổ chức nhà nước,06/12/2024,Chứng nhận cơ bản,https://tinnhiemmang.vn/danh-ba-tin-nhiem/sathachcdhueeduvn-1733470513
sbv.gov.vn,Ngân hàng Nhà nước Việt Nam,Chính phủ Việt Nam,Đã xác thực chính thức,Chứng nhận cơ bản,https://tinnhiemmang.vn/danh-ba-tin-nhiem/sbv.gov.vn
sct.lamdong.gov.vn,Sở Công Thương tỉnh Lâm Đồng,Hội đồng nhân dân & UBND,10/05/2023,Chứng nhận cơ bản,https://tinnhiemmang.vn/danh-ba-tin-nhiem/sctlamdonggovvn-1682504713
shtp.hochiminhcity.gov.vn,Ban Quản lý Khu Công nghệ cao Thành phố Hồ CHí Minh,Hội đồng nhân dân & UBND,24/12/2025,Chứng nhận cơ bản,https://tinnhiemmang.vn/danh-ba-tin-nhiem/shtphochiminhcitygovvn-1760948521
skhcn.dienbien.gov.vn,Sở Khoa học và Công nghệ tỉnh Diện Biên,Hội đồng nhân dân & UBND,16/09/2024,Chứng nhận cơ bản,https://tinnhiemmang.vn/danh-ba-tin-nhiem/skhcndienbiengovvn-1719821923
skhcn.lamdong.gov.vn,Sở Khoa học và Công nghệ tỉnh Lâm Đồng,Hội đồng nhân dân & UBND,27/10/2023,Chứng nhận cơ bản,https://tinnhiemmang.vn/danh-ba-tin-nhiem/skhcnlamdonggovvn-1698372012
skhdt.dienbien.gov.vn,Sở Kế hoạch và Đầu tư tỉnh Điện Biên,Hội đồng nhân dân & UBND,21/11/2024,Chứng nhận cơ bản,https://tinnhiemmang.vn/danh-ba-tin-nhiem/skhdtdienbiengovvn-1732090078
sldtbxh.lamdong.gov.vn,Sở Lao động - Thương binh và Xã hội tỉnh Lâm Đồng,Hội đồng nhân dân & UBND,10/05/2023,Chứng nhận cơ bản,https://tinnhiemmang.vn/danh-ba-tin-nhiem/sldtbxhlamdonggovvn-1682501601
sldtbxh.ninhbinh.gov.vn,Sở Lao động - Thương binh và Xã hội tỉnh Ninh Bình,Hội đồng nhân dân & UBND,26/09/2024,Chứng nhận cơ bản,https://tinnhiemmang.vn/danh-ba-tin-nhiem/sldtbxhninhbinhgovvn-1727227028
snnptnt.dienbien.gov.vn,Sở Nông nghiệp và Phát triển nông thôn tỉnh Điện Biên,Hội đồng nhân dân & UBND,12/09/2024,Chứng nhận cơ bản,https://tinnhiemmang.vn/danh-ba-tin-nhiem/snnptntdienbiengovvn-1726100841
sogiaothong.ninhbinh.gov.vn,Sở Giao thông vận tải tỉnh Ninh Bình,Hội đồng nhân dân & UBND,27/06/2024,Chứng nhận cơ bản,https://tinnhiemmang.vn/danh-ba-tin-nhiem/sogiaothongninhbinhgovvn-1719458108
sondien.dilinh.lamdong.gov.vn,UBND xã Sơn Điền - huyện Di Linh,Hội đồng nhân dân & UBND,16/09/2024,Chứng nhận cơ bản,https://tinnhiemmang.vn/danh-ba-tin-nhiem/sondiendilinhlamdonggovvn-1712821901
sonla.gov.vn,HĐND & UBND tỉnh Sơn La,Hội đồng nhân dân & UBND,Đã xác thực chính thức,Chứng nhận cơ bản,https://tinnhiemmang.vn/danh-ba-tin-nhiem/sonla.gov.vn
sonoivu.hatinh.gov.vn,Sở Nội vụ tỉnh Hà Tĩnh,Hội đồng nhân dân & UBND,11/02/2025,Chứng nhận cơ bản,https://tinnhiemmang.vn/danh-ba-tin-nhiem/sonoivuhatinhgovvn-1738653229
sonongnghiep.ninhbinh.gov.vn,Sở Nông nghiệp và phát triển nông thôn tỉnh Ninh Bình,Hội đồng nhân dân & UBND,29/08/2024,Chứng nhận cơ bản,https://tinnhiemmang.vn/danh-ba-tin-nhiem/sonongnghiepninhbinhgovvn-1724814439
sotnmt.ninhbinh.gov.vn,Sở Tài nguyên và Môi trường tỉnh Ninh Bình,Hội đồng nhân dân & UBND,27/06/2024,Chứng nhận cơ bản,https://tinnhiemmang.vn/danh-ba-tin-nhiem/sotnmtninhbinhgovvn-1719458221
stnmt.lamdong.gov.vn,Sở Tài nguyên và Môi trường tỉnh Lâm Đồng,Hội đồng nhân dân & UBND,10/05/2023,Chứng nhận cơ bản,https://tinnhiemmang.vn/danh-ba-tin-nhiem/stnmtlamdonggovvn-1682481772
stp.dongnai.gov.vn,Sở Tư pháp tỉnh Đồng Nai,Hội đồng nhân dân & UBND,19/07/2024,Chứng nhận cơ bản,https://tinnhiemmang.vn/danh-ba-tin-nhiem/stpdongnaigovvnpageshomeaspx-1721286935
stp.lamdong.gov.vn,Sở Tư pháp tỉnh Lâm Đồng,Hội đồng nhân dân & UBND,25/11/2024,Chứng nhận cơ bản,https://tinnhiemmang.vn/danh-ba-tin-nhiem/stplamdonggovvn-1731893316
svhtt.hochiminhcity.gov.vn,Sở Văn hóa và Thể thao Thành phố Hồ Chí Minh,Hội đồng nhân dân & UBND,21/05/2024,Chứng nhận cơ bản,https://tinnhiemmang.vn/danh-ba-tin-nhiem/svhtthochiminhcitygovvn-1716279183
svhttdl.lamdong.gov.vn,"Sở Văn hoá, Thể thao và Du lịch tỉnh Lâm Đồng",Hội đồng nhân dân & UBND,10/05/2023,Chứng nhận cơ bản,https://tinnhiemmang.vn/danh-ba-tin-nhiem/svhttdllamdonggovvn-1682502160
tama.tuangiao.gov.vn,Ủy ban nhân dân xã Ta Ma,Hội đồng nhân dân & UBND,09/11/2023,Chứng nhận cơ bản,https://tinnhiemmang.vn/danh-ba-tin-nhiem/tamatuangiaogovvn-1699416161
tannghia.dilinh.lamdong.gov.vn,"UBND xã Tân Nghĩa, huyện Di Linh, tỉnh Lâm Đồng",Hội đồng nhân dân & UBND,24/09/2024,Chứng nhận cơ bản,https://tinnhiemmang.vn/danh-ba-tin-nhiem/tannghiadilinhlamdonggovvn-1727165820
tanthanh.kimson.ninhbinh.gov.vn,"Uỷ ban nhân dân xã Tân Thành, huyện Kim Sơn, tỉnh Ninh Bình",Hội đồng nhân dân & UBND,26/06/2024,Chứng nhận cơ bản,https://tinnhiemmang.vn/danh-ba-tin-nhiem/tanthanhkimsonninhbinhgovvn-1719305002
tanthanh.tpninhbinh.ninhbinh.gov.vn,"Uỷ ban nhân dân phường Tân Thành, thành phố Ninh Bình, tỉnh Ninh Bình",Hội đồng nhân dân & UBND,27/06/2024,Chứng nhận cơ bản,https://tinnhiemmang.vn/danh-ba-tin-nhiem/tanthanhtpninhbinhninhbinhgovvn-1719472585
tanthuong.dilinh.lamdong.gov.vn,"UBND Xã Tân Thượng, huyện Di Linh, tỉnh Lâm Đồng",Hội đồng nhân dân & UBND,16/09/2024,Chứng nhận cơ bản,https://tinnhiemmang.vn/danh-ba-tin-nhiem/tanthuongdilinhlamdonggovvn-1712894043
tanung.dalat.lamdong.gov.vn,UBND Xã Tà Nung,Hội đồng nhân dân & UBND,23/08/2024,Chứng nhận cơ bản,https://tinnhiemmang.vn/danh-ba-tin-nhiem/tanungdalatlamdonggovvn-1724316783
tapchicongsan.org.vn,Tạp chí Cộng sản,Đảng Cộng sản Việt Nam,Đã xác thực chính thức,Chứng nhận nâng cao,https://tinnhiemmang.vn/danh-ba-tin-nhiem/tapchicongsan.org.vn
tapchitoaan.vn,Tạp chí Tòa án Nhân dân,Tòa án nhân dân,Đã xác thực chính thức,Chứng nhận cơ bản,https://tinnhiemmang.vn/danh-ba-tin-nhiem/tapchitoaan.vn
tayninh.gov.vn,HĐND & UBND tỉnh Tây Ninh,Hội đồng nhân dân & UBND,Đã xác thực chính thức,Chứng nhận cơ bản,https://tinnhiemmang.vn/danh-ba-tin-nhiem/tayninh.gov.vn
tenhphong.tuangiao.gov.vn,UBND xã Tênh Phông,Hội đồng nhân dân & UBND,06/11/2023,Chứng nhận cơ bản,https://tinnhiemmang.vn/danh-ba-tin-nhiem/tenhphongtuangiaogovvn-1699073888
th-thcschienthang.haiphong.edu.vn,Trường THTHCS Chiến Thắng,Tổ chức nhà nước,08/07/2024,Chứng nhận cơ bản,https://tinnhiemmang.vn/danh-ba-tin-nhiem/th-thcschienthanghaiphongeduvn-1714638066
thaibinh.gov.vn,HĐND & UBND tỉnh Thái Bình,Hội đồng nhân dân & UBND,Đã xác thực chính thức,Chứng nhận cơ bản,https://tinnhiemmang.vn/danh-ba-tin-nhiem/thaibinh.gov.vn
thainguyen.gov.vn,HĐND & UBND tỉnh Thái Nguyên,Hội đồng nhân dân & UBND,Đã xác thực chính thức,Chứng nhận cơ bản,https://tinnhiemmang.vn/danh-ba-tin-nhiem/thainguyen.gov.vn
thanhbinh.tpninhbinh.ninhbinh.gov.vn,"Uỷ ban nhân dân phường Thanh Bình, thành phố Ninh Bình, tỉnh Ninh Bình",Hội đồng nhân dân & UBND,30/10/2024,Chứng nhận cơ bản,https://tinnhiemmang.vn/danh-ba-tin-nhiem/thanhbinhtpninhbinhninhbinhgovvn-1730186552
thanhdung.haiphong.edu.vn,Trường Tiểu học Anh Dũng,Tổ chức nhà nước,08/07/2024,Chứng nhận cơ bản,https://tinnhiemmang.vn/danh-ba-tin-nhiem/thanhdunghaiphongeduvn-1714641448
thanhhoa.gov.vn,HĐND & UBND tỉnh Thanh Hóa,Hội đồng nhân dân & UBND,Đã xác thực chính thức,Chứng nhận cơ bản,https://tinnhiemmang.vn/danh-ba-tin-nhiem/thanhhoa.gov.vn
thanhhoafdfund.gov.vn,"Ban quản lý Quỹ Bảo vệ, phát triển rừng và Phòng, chống thiên tai tỉnh Thanh Hóa",Hội đồng nhân dân & UBND,09/09/2024,Chứng nhận cơ bản,https://tinnhiemmang.vn/danh-ba-tin-nhiem/thanhhoafdfundgovvn-1722940870
thanhmy.donduong.lamdong.gov.vn,UBND Thị trấn Thạnh Mỹ - Huyện Đơn Dương,Hội đồng nhân dân & UBND,27/08/2024,Chứng nhận cơ bản,https://tinnhiemmang.vn/danh-ba-tin-nhiem/thanhmydonduonglamdonggovvn-1724659405
thanhnhaho.vn,"Trung tâm Bảo tồn di sản Thành Nhà Hồ, tỉnh Thanh Hóa",Tổ chức nhà nước,25/11/2024,Chứng nhận cơ bản,https://tinnhiemmang.vn/danh-ba-tin-nhiem/thanhnhahovn-1732249658
thanhnien.vn,Báo Thanh Niên - Hội LHTN Việt Nam,Đoàn Thanh niên CS Hồ Chí Minh,Đã xác thực chính thức,Chứng nhận nâng cao,https://tinnhiemmang.vn/danh-ba-tin-nhiem/thanhnien.vn
thcaominh.haiphong.edu.vn,Trường Tiểu học Cao Minh,Tổ chức nhà nước,17/07/2024,Chứng nhận cơ bản,https://tinnhiemmang.vn/danh-ba-tin-nhiem/thcaominhhaiphongeduvn-1721123499
thcscoam-vinhtien.haiphong.edu.vn,THCS Cổ Am - Vĩnh Tiến,Tổ chức nhà nước,17/07/2024,Chứng nhận cơ bản,https://tinnhiemmang.vn/danh-ba-tin-nhiem/thcscoam-vinhtienhaiphongeduvn-1721169964
thcsdaithang.haiphong.edu.vn,Trường THCS Đại Thắng,Tổ chức nhà nước,08/07/2024,Chứng nhận cơ bản,https://tinnhiemmang.vn/danh-ba-tin-nhiem/thcsdaithanghaiphongeduvn-1720432040
thcsdonghoa.haiphong.edu.vn,Trường THCS Đồng Hoà,Tổ chức nhà nước,08/07/2024,Chứng nhận cơ bản,https://tinnhiemmang.vn/danh-ba-tin-nhiem/thcsdonghoahaiphongeduvn-1715156210
thcsdongminh.haiphong.edu.vn,Trường THCS Đồng Minh,Tổ chức nhà nước,24/07/2024,Chứng nhận cơ bản,https://tinnhiemmang.vn/danh-ba-tin-nhiem/thcsdongminhhaiphongeduvn-1721710003
thcsdungtien.haiphong.edu.vn,Trường THCS Dũng Tiến,Tổ chức nhà nước,08/07/2024,Chứng nhận cơ bản,https://tinnhiemmang.vn/danh-ba-tin-nhiem/thcsdungtienhaiphongeduvn-1714564137
thcshiephoa-hungtien.haiphong.edu.vn,Trường THCS Hiệp Hoà Hùng Tiến,Tổ chức nhà nước,17/07/2024,Chứng nhận cơ bản,https://tinnhiemmang.vn/danh-ba-tin-nhiem/thcshiephoa-hungtienhaiphongeduvn-1721123923
thcshoabinhtranduong.haiphong.edu.vn,Trường THCS Hòa Bình- Trấn Dương,Tổ chức nhà nước,18/07/2024,Chứng nhận cơ bản,https://tinnhiemmang.vn/danh-ba-tin-nhiem/thcshoabinhtranduonghaiphongeduvn-1721189230
thcshoanghia.haiphong.edu.vn,Trường THCS Hòa Nghĩa,Tổ chức nhà nước,15/07/2024,Chứng nhận cơ bản,https://tinnhiemmang.vn/danh-ba-tin-nhiem/thcshoanghiahaiphongeduvn-1720840220
thcshopduc.haiphong.edu.vn,Trường THCS Hợp Đức,Tổ chức nhà nước,19/07/2024,Chứng nhận cơ bản,https://tinnhiemmang.vn/danh-ba-tin-nhiem/thcshopduchaiphongeduvn-1721271463
thcslaple.haiphong.edu.vn,Trường THCS Lập Lễ,Tổ chức nhà nước,25/07/2024,Chứng nhận cơ bản,https://tinnhiemmang.vn/danh-ba-tin-nhiem/thcslaplehaiphongeduvn-1721831961
thcsngochai.haiphong.edu.vn,Trường THCS Ngọc Hải,Tổ chức nhà nước,25/07/2024,Chứng nhận cơ bản,https://tinnhiemmang.vn/danh-ba-tin-nhiem/thcsngochaihaiphongeduvn-1721824113
thcsnguyenbinhkhiem.haiphong.edu.vn,THCS Nguyễn Bỉnh Khiêm,Tổ chức nhà nước,17/07/2024,Chứng nhận cơ bản,https://tinnhiemmang.vn/danh-ba-tin-nhiem/thcsnguyenbinhkhiemhaiphongeduvn-1721128919
thcsnhanhoa-tamdavb.haiphong.edu.vn,Trường THCS Nhân Hòa Tam Đa,Tổ chức nhà nước,10/07/2024,Chứng nhận cơ bản,https://tinnhiemmang.vn/danh-ba-tin-nhiem/thcsnhanhoa-tamdavbhaiphongeduvnhomegd2-1720537985
thcsquyettien.haiphong.edu.vn,Trường THCS Quyết Tiến,Tổ chức nhà nước,21/08/2024,Chứng nhận cơ bản,https://tinnhiemmang.vn/danh-ba-tin-nhiem/thcsquyettienhaiphongeduvn-1724204599
thcstamcuongvb.haiphong.edu.vn,"Trường THCS Tam Cường, Hải Phòng",Tổ chức nhà nước,17/07/2024,Chứng nhận cơ bản,https://tinnhiemmang.vn/danh-ba-tin-nhiem/thcstamcuongvbhaiphongeduvn-1721123030
thcstantien.haiphong.edu.vn,Trường THCS Tân Tiến,Tổ chức nhà nước,19/07/2024,Chứng nhận cơ bản,https://tinnhiemmang.vn/danh-ba-tin-nhiem/thcstantienhaiphongeduvn-1721320686
thcstienthanh.haiphong.edu.vn,Trường THCS Tiên Thanh,Tổ chức nhà nước,19/07/2024,Chứng nhận cơ bản,https://tinnhiemmang.vn/danh-ba-tin-nhiem/thcstienthanhhaiphongeduvn-1721291826
thcsvinhantanlien.haiphong.edu.vn,Trường THCS Vĩnh An - Tân Liên,Tổ chức nhà nước,08/07/2024,Chứng nhận cơ bản,https://tinnhiemmang.vn/danh-ba-tin-nhiem/thcsvinhantanlienhaiphongeduvn-1714621053
thcsvinhquangtienglang.haiphong.edu.vn,Trường THCS Vinh Quang,Tổ chức nhà nước,08/07/2024,Chứng nhận cơ bản,https://tinnhiemmang.vn/danh-ba-tin-nhiem/thcsvinhquangtienglanghaiphongeduvn-1715155649
thdaphuc.haiphong.edu.vn,Trường Tiểu học Đa Phúc,Tổ chức nhà nước,20/08/2024,Chứng nhận cơ bản,https://tinnhiemmang.vn/danh-ba-tin-nhiem/thdaphuchaiphongeduvn-1724122865
thdongminh.haiphong.edu.vn,Trường Tiểu học Đồng Minh,Tổ chức nhà nước,08/07/2024,Chứng nhận cơ bản,https://tinnhiemmang.vn/danh-ba-tin-nhiem/thdongminhhaiphongeduvn-1714613185
thduhang.haiphong.edu.vn,Trường Tiểu học Dư Hàng,Tổ chức nhà nước,23/07/2024,Chứng nhận cơ bản,https://tinnhiemmang.vn/danh-ba-tin-nhiem/thduhanghaiphongeduvn-1721701954
thedulich.vn,Trung tâm Thông tin du lịch,Tổ chức nhà nước,12/08/2024,Chứng nhận cơ bản,https://tinnhiemmang.vn/danh-ba-tin-nhiem/thedulichvn-1723449370
thhoabinh.haiphong.edu.vn,Trường TH Hòa Bình,Tổ chức nhà nước,08/07/2024,Chứng nhận cơ bản,https://tinnhiemmang.vn/danh-ba-tin-nhiem/thhoabinhhaiphongeduvn-1715155765
thhopduc.haiphong.edu.vn,Trường Tiểu học Hợp Đức,Tổ chức nhà nước,17/07/2024,Chứng nhận cơ bản,https://tinnhiemmang.vn/danh-ba-tin-nhiem/thhopduchaiphongeduvn-1721145824
thhungthang.haiphong.edu.vn,Trường tiểu học Hùng Thắng,Tổ chức nhà nước,08/07/2024,Chứng nhận cơ bản,https://tinnhiemmang.vn/danh-ba-tin-nhiem/thhungthanghaiphongeduvn-1714788175
thitrandilinh.dilinh.lamdong.gov.vn,UBND thị trấn Di Linh,Hội đồng nhân dân & UBND,16/09/2024,Chứng nhận cơ bản,https://tinnhiemmang.vn/danh-ba-tin-nhiem/thitrandilinhdilinhlamdonggovvn-1712541918
thitrandinhvan.lamha.lamdong.gov.vn,"UBND Thị Trấn Đinh Văn, huyện Lâm Hà, tỉnh Lâm Đồng",Hội đồng nhân dân & UBND,17/07/2024,Chứng nhận cơ bản,https://tinnhiemmang.vn/danh-ba-tin-nhiem/thitrandinhvanlamhalamdonggovvn-1721118878
thitranme.giavien.ninhbinh.gov.vn,"Uỷ ban nhân dân thị trấn Me, huyện Gia Viễn, tỉnh Ninh Bình",Hội đồng nhân dân & UBND,27/06/2024,Chứng nhận cơ bản,https://tinnhiemmang.vn/danh-ba-tin-nhiem/thitranmegiavienninhbinhgovvn-1719473152
thitranphatdiem.kimson.ninhbinh.gov.vn,"Uỷ ban nhân dân thị trấn Phát Diệm, huyện Kim Sơn, tỉnh Ninh Bình",Hội đồng nhân dân & UBND,26/06/2024,Chứng nhận cơ bản,https://tinnhiemmang.vn/danh-ba-tin-nhiem/thitranphatdiemkimsonninhbinhgovvn-1719217699
thitranthienton.hoalu.ninhbinh.gov.vn,"Uỷ ban nhân dân Thị trấn Thiên Tôn, huyện Hoa Lư, tỉnh Ninh Bình",Hội đồng nhân dân & UBND,27/06/2024,Chứng nhận cơ bản,https://tinnhiemmang.vn/danh-ba-tin-nhiem/thitranthientonhoaluninhbinhgovvn-1719455948
thitranthinhvuong.giavien.ninhbinh.gov.vn,"Uỷ ban nhân dân thị trấn Thịnh Vượng, huyện Gia Viễn, tỉnh Ninh Bình",Hội đồng nhân dân & UBND,11/02/2025,Chứng nhận cơ bản,https://tinnhiemmang.vn/danh-ba-tin-nhiem/thitranthinhvuonggiavienninhbinhgovvn-1739243305
thlaple.haiphong.edu.vn,Trường Tiểu học Lập Lễ,Tổ chức nhà nước,17/07/2024,Chứng nhận cơ bản,https://tinnhiemmang.vn/danh-ba-tin-nhiem/thlaplehaiphongeduvn-1721182880
thlevantam.haiphong.edu.vn,Trường Tiểu học Lê Văn Tám,Tổ chức nhà nước,18/07/2024,Chứng nhận cơ bản,https://tinnhiemmang.vn/danh-ba-tin-nhiem/thlevantamhaiphongeduvn-1721200878
thlienhao.haiphong.edu.vn,Trường Tiểu học Kiến Thiết,Tổ chức nhà nước,09/07/2024,Chứng nhận cơ bản,https://tinnhiemmang.vn/danh-ba-tin-nhiem/thlienhaohaiphongeduvn-1720492473
thminhtan.haiphong.edu.vn,Trường Tiểu học Minh Tân,Tổ chức nhà nước,18/07/2024,Chứng nhận cơ bản,https://tinnhiemmang.vn/danh-ba-tin-nhiem/thminhtanhaiphongeduvn-1721234143
thngochai.haiphong.edu.vn,Trường Tiểu học Ngọc Hải,Tổ chức nhà nước,18/07/2024,Chứng nhận cơ bản,https://tinnhiemmang.vn/danh-ba-tin-nhiem/thngochaihaiphongeduvn-1721194183
thnguyenduccanh.haiphong.edu.vn,Trường Tiểu học Nguyễn Đức Cảnh,Tổ chức nhà nước,05/07/2024,Chứng nhận cơ bản,https://tinnhiemmang.vn/danh-ba-tin-nhiem/thnguyenduccanhhaiphongeduvn-1714720983
thnhanhoa.haiphong.edu.vn,Trường Tiểu học Nhân Hoà,Tổ chức nhà nước,08/07/2024,Chứng nhận cơ bản,https://tinnhiemmang.vn/danh-ba-tin-nhiem/thnhanhoahaiphongeduvn-1714612827
thongkecantho.gso.gov.vn,Cục Thống kê TP. Cần Thơ,Chính phủ Việt Nam,30/09/2024,Chứng nhận cơ bản,https://tinnhiemmang.vn/danh-ba-tin-nhiem/thongkecanthogsogovvn-1727661660
thphucle.haiphong.edu.vn,Trường Tiểu học Phục Lễ,Tổ chức nhà nước,22/07/2024,Chứng nhận cơ bản,https://tinnhiemmang.vn/danh-ba-tin-nhiem/thphuclehaiphongeduvn-1721464679
thptanhai.haiphong.edu.vn,Trường THPT An Hải,Tổ chức nhà nước,19/07/2024,Chứng nhận cơ bản,https://tinnhiemmang.vn/danh-ba-tin-nhiem/thptanhaihaiphongeduvn-1721359440
thptbachdang.haiphong.edu.vn,Trường THPT Bạch Đằng,Tổ chức nhà nước,05/07/2024,Chứng nhận cơ bản,https://tinnhiemmang.vn/danh-ba-tin-nhiem/thptbachdanghaiphongeduvn-1715141990
thptconghien.haiphong.edu.vn,Trường THPT Cộng Hiền,Tổ chức nhà nước,19/08/2024,Chứng nhận cơ bản,https://tinnhiemmang.vn/danh-ba-tin-nhiem/thptconghienhaiphongeduvn-1724038481
thpthungthang.haiphong.edu.vn,Trường THPT Hùng Thắng,Tổ chức nhà nước,18/07/2024,Chứng nhận cơ bản,https://tinnhiemmang.vn/danh-ba-tin-nhiem/thpthungthanghaiphongeduvn-1721231499
thptleichmoc.haiphong.edu.vn,Trường THPT Lê Ích Mộc,Tổ chức nhà nước,08/07/2024,Chứng nhận cơ bản,https://tinnhiemmang.vn/danh-ba-tin-nhiem/thptleichmochaiphongeduvn-1715147386
thptluongkhanhthien.haiphong.edu.vn,THPT Lương Khánh Thiện,Tổ chức nhà nước,08/07/2024,Chứng nhận cơ bản,https://tinnhiemmang.vn/danh-ba-tin-nhiem/thptluongkhanhthienhaiphongeduvn-1720432236
thptluongthevinh.haiphong.edu.vn,Trường THPT Lương Thế Vinh,Tổ chức nhà nước,08/07/2024,Chứng nhận cơ bản,https://tinnhiemmang.vn/danh-ba-tin-nhiem/thptluongthevinhhaiphongeduvn-1714707262
thptnamtrieu.haiphong.edu.vn,Trường THPT Nam Triệu,Tổ chức nhà nước,05/07/2024,Chứng nhận cơ bản,https://tinnhiemmang.vn/danh-ba-tin-nhiem/thptnamtrieuhaiphongeduvn-1715154470
thpttantrao.haiphong.edu.vn,Trường THPT Tân Trào,Tổ chức nhà nước,05/07/2024,Chứng nhận cơ bản,https://tinnhiemmang.vn/danh-ba-tin-nhiem/thpttantraohaiphongeduvn-1715141397
thptvinhbao.haiphong.edu.vn,Trường THPT Vĩnh Bảo,Tổ chức nhà nước,05/07/2024,Chứng nhận cơ bản,https://tinnhiemmang.vn/danh-ba-tin-nhiem/thptvinhbaohaiphongeduvn-1719836996
thquoctuan.haiphong.edu.vn,Trường Tiểu học Quốc Tuấn,Tổ chức nhà nước,15/08/2024,Chứng nhận cơ bản,https://tinnhiemmang.vn/danh-ba-tin-nhiem/thquoctuanhaiphongeduvn-1723553643
thtamcuong.haiphong.edu.vn,Trường Tiểu học Tam Cường,Tổ chức nhà nước,18/07/2024,Chứng nhận cơ bản,https://tinnhiemmang.vn/danh-ba-tin-nhiem/thtamcuonghaiphongeduvn-1721266987
thtanhung.haiphong.edu.vn,Trường Tiểu học Tân Hưng,Tổ chức nhà nước,18/07/2024,Chứng nhận cơ bản,https://tinnhiemmang.vn/danh-ba-tin-nhiem/thtanhunghaiphongeduvn-1721186382
thuongkiem.kimson.ninhbinh.gov.vn,Uỷ ban nhân dân xã Thượng Kiệm,Hội đồng nhân dân & UBND,06/12/2024,Chứng nhận cơ bản,https://tinnhiemmang.vn/danh-ba-tin-nhiem/thuongkiemkimsonninhbinhgovvn-1733298508
thuvienkhcn.quangngai.gov.vn,Sở Thông tin và Truyền thông Quảng Ngãi,Hội đồng nhân dân & UBND,13/12/2024,Chứng nhận cơ bản,https://tinnhiemmang.vn/danh-ba-tin-nhiem/thuvienkhcnquangngaigovvn-1710902134
thuvientinhthanhhoa.vn,Thư viện tỉnh Thanh Hóa,Tổ chức nhà nước,26/09/2024,Chứng nhận cơ bản,https://tinnhiemmang.vn/danh-ba-tin-nhiem/thuvientinhthanhhoavn-1727317554
thvanson.haiphong.edu.vn,Trường Tiểu học Vạn Sơn,Tổ chức nhà nước,19/07/2024,Chứng nhận cơ bản,https://tinnhiemmang.vn/danh-ba-tin-nhiem/thvansonhaiphongeduvn-1721274442
thvinhlong-thangthuy.haiphong.edu.vn,Trường Tiểu học Vĩnh Long- Thắng Thuỷ,Tổ chức nhà nước,17/07/2024,Chứng nhận cơ bản,https://tinnhiemmang.vn/danh-ba-tin-nhiem/thvinhlong-thangthuyhaiphongeduvn-1721182920
tiengiang.gov.vn,HĐND & UBND tỉnh Tiền Giang,Hội đồng nhân dân & UBND,Đã xác thực chính thức,Chứng nhận cơ bản,https://tinnhiemmang.vn/danh-ba-tin-nhiem/tiengiang.gov.vn
tienphong.vn,Báo Tiền Phong - Trung ương Đoàn TNCS HCM,Đoàn Thanh niên CS Hồ Chí Minh,Đã xác thực chính thức,Chứng nhận nâng cao,https://tinnhiemmang.vn/danh-ba-tin-nhiem/tienphong.vn
tinnhiemmang.vn,Trung tâm An ninh mạng Quốc gia (NCA),Tổ chức nhà nước,01/05/2025,Chứng nhận nâng cao,https://tinnhiemmang.vn/danh-ba-tin-nhiem/tinnhiemmangvn-1617812364
toaan.gov.vn,Tòa án Nhân dân Tối cao,Tòa án nhân dân,Đã xác thực chính thức,Chứng nhận nâng cao,https://tinnhiemmang.vn/danh-ba-tin-nhiem/toaan.gov.vn
toatinh.tuangiao.gov.vn,Ủy Ban Nhân Dân Xã Tỏa Tình,Hội đồng nhân dân & UBND,23/11/2023,Chứng nhận cơ bản,https://tinnhiemmang.vn/danh-ba-tin-nhiem/toatinhtuangiaogovvn-1700641918
toquoc.vn,Báo điện tử Tổ Quốc,Tổ chức nhà nước,28/06/2023,Chứng nhận cơ bản,https://tinnhiemmang.vn/danh-ba-tin-nhiem/toquocvn-1687925563
tpninhbinh.ninhbinh.gov.vn,UBND Thành Phố Ninh Bình,Hội đồng nhân dân & UBND,26/09/2024,Chứng nhận cơ bản,https://tinnhiemmang.vn/danh-ba-tin-nhiem/tpninhbinhninhbinhgovvn-1727255999
tpthuduc.hochiminhcity.gov.vn,UBND thành phố Thủ Đức,Hội đồng nhân dân & UBND,26/07/2024,Chứng nhận cơ bản,https://tinnhiemmang.vn/danh-ba-tin-nhiem/tpthuduchochiminhcitygovvn-1721881470
tracuudiem.danang.gov.vn,Sở Giáo dục và Đào tạo thành phố Đà Nẵng,Hội đồng nhân dân & UBND,10/01/2024,Chứng nhận cơ bản,https://tinnhiemmang.vn/danh-ba-tin-nhiem/tracuudiemdananggovvn-1704788838
tramhanh.dalat.lamdong.gov.vn,UBND Xã Trạm Hành,Hội đồng nhân dân & UBND,18/09/2024,Chứng nhận cơ bản,https://tinnhiemmang.vn/danh-ba-tin-nhiem/tramhanhdalatlamdonggovvn-1726451354
trangvangdulichvietnam.vn,Trung tâm Thông tin du lịch,Tổ chức nhà nước,12/08/2024,Chứng nhận cơ bản,https://tinnhiemmang.vn/danh-ba-tin-nhiem/trangvangdulichvietnamvn-1723449370
travellink.vn,Công Ty Cổ Phần Công Nghệ Và Truyền Thông Vnlink,Tổ chức nhà nước,30/06/2024,Chứng nhận cơ bản,https://tinnhiemmang.vn/danh-ba-tin-nhiem/travellinkvn-1720173906
travinh.gov.vn,HĐND & UBND tỉnh Trà Vinh,Hội đồng nhân dân & UBND,Đã xác thực chính thức,Chứng nhận cơ bản,https://tinnhiemmang.vn/danh-ba-tin-nhiem/travinh.gov.vn
trungcapnghemiennui.edu.vn,Trường Trung cấp nghề Miền núi Thanh Hóa,Tổ chức nhà nước,17/10/2024,Chứng nhận cơ bản,https://tinnhiemmang.vn/danh-ba-tin-nhiem/trungcapnghemiennuieduvn-1729133141
trungtamnuocsach.vinhlong.gov.vn,Trung tâm Nước sạch và Vệ sinh Môi trường Nông thôn tỉnh Vĩnh Long,Hội đồng nhân dân & UBND,15/08/2024,Chứng nhận cơ bản,https://tinnhiemmang.vn/danh-ba-tin-nhiem/trungtamnuocsachvinhlonggovvn-1723689821
trungtamnuocthanhhoa.com.vn,Trung tâm Nước sinh hoạt và Vệ sinh môi trường nông thôn tỉnh Thanh Hóa,Tổ chức nhà nước,17/10/2024,Chứng nhận cơ bản,https://tinnhiemmang.vn/danh-ba-tin-nhiem/trungtamnuocthanhhoacomvn-1729133000
trungtamptht.bqlkkt.angiang.gov.vn,Trung tâm Đầu tư - Phát triển hạ tầng và Hỗ trợ doanh nghiệp Khu kinh tế tỉnh An Giang,Hội đồng nhân dân & UBND,02/10/2024,Chứng nhận cơ bản,https://tinnhiemmang.vn/danh-ba-tin-nhiem/trungtampthtbqlkktangianggovvn-1727771490
trungtamytebaoloc.vn,Trung tâm Y tế thành phố Bảo Lộc,Tổ chức nhà nước,15/06/2023,Chứng nhận cơ bản,https://tinnhiemmang.vn/danh-ba-tin-nhiem/trungtamytebaolocvn-1686790656
trungtamytehuyendakto.vn,Trung tâm Y tế huyện Đăk Tô,Tổ chức nhà nước,05/08/2024,Chứng nhận cơ bản,https://tinnhiemmang.vn/danh-ba-tin-nhiem/trungtamytehuyendaktovn-1722848673
trungtamytenghison.vn,Trung tâm Y tế thị xã Nghi Sơn,Tổ chức nhà nước,26/09/2024,Chứng nhận cơ bản,https://tinnhiemmang.vn/danh-ba-tin-nhiem/trungtamytenghisonvn-1727317273
trungtamytevanyen.vn,Trung tâm Y tế huyện Văn Yên,Tổ chức nhà nước,26/06/2023,Chứng nhận cơ bản,https://tinnhiemmang.vn/danh-ba-tin-nhiem/trungtamytevanyenvn-1687514269
ttbvtv.lamdong.gov.vn,Chi cục Trồng trọt và Bảo vệ thực vật tỉnh Lâm Đồng,Chính phủ Việt Nam,07/09/2023,Chứng nhận cơ bản,https://tinnhiemmang.vn/danh-ba-tin-nhiem/ttbvtvlamdonggovvn-1693961992
ttdn.ninhbinh.gov.vn,Sở Thông tin và Truyền thông tỉnh Ninh Bình,Hội đồng nhân dân & UBND,22/07/2024,Chứng nhận cơ bản,https://tinnhiemmang.vn/danh-ba-tin-nhiem/ttdnninhbinhgovvn-1721619916
ttdvvl.thanhhoa.gov.vn,Trung tâm Dịch vụ việc làm Thanh Hóa,Hội đồng nhân dân & UBND,17/10/2024,Chứng nhận cơ bản,https://tinnhiemmang.vn/danh-ba-tin-nhiem/ttdvvlthanhhoagovvn-1729133035
ttyt-longho.vinhlong.gov.vn,Trung tâm Y tế huyện Long Hồ tỉnh Vĩnh Long,Hội đồng nhân dân & UBND,15/08/2024,Chứng nhận cơ bản,https://tinnhiemmang.vn/danh-ba-tin-nhiem/ttyt-longhovinhlonggovvn-1723689490
ttyt-mangthit.vinhlong.gov.vn,Trung tâm Y tế huyện Mang Thít tỉnh Vĩnh Long,Hội đồng nhân dân & UBND,15/08/2024,Chứng nhận cơ bản,https://tinnhiemmang.vn/danh-ba-tin-nhiem/ttyt-mangthitvinhlonggovvn-1723689522
ttytbinhminh.vinhlong.gov.vn,Trung tâm Y tế thị xã Bình Minh tỉnh Vĩnh Long,Hội đồng nhân dân & UBND,15/08/2024,Chứng nhận cơ bản,https://tinnhiemmang.vn/danh-ba-tin-nhiem/ttytbinhminhvinhlonggovvn-1723689575
ttytbinhtan.vinhlong.gov.vn,Trung tâm Y tế huyện Bình Tân tỉnh Vĩnh Long,Hội đồng nhân dân & UBND,15/08/2024,Chứng nhận cơ bản,https://tinnhiemmang.vn/danh-ba-tin-nhiem/ttytbinhtanvinhlonggovvn-1723689606
ttythuyeniahdrai.vn,Trung tâm y tế huyện Lahdrai,Tổ chức nhà nước,31/07/2024,Chứng nhận cơ bản,https://tinnhiemmang.vn/danh-ba-tin-nhiem/ttythuyeniahdraivn-1722241509
ttytkbang.gialai.gov.vn,Trung tâm Y tế huyện Kbang,Hội đồng nhân dân & UBND,18/01/2024,Chứng nhận cơ bản,https://tinnhiemmang.vn/danh-ba-tin-nhiem/ttytkbanggialaigovvn-1705538345
ttytlienchieu.org.vn,"Trung tâm y tế quận Liên Chiểu, Đà nẵng",Tổ chức nhà nước,15/06/2023,Chứng nhận cơ bản,https://tinnhiemmang.vn/danh-ba-tin-nhiem/ttytlienchieuorgvn-1659687813
ttytnguyenvanthu.vinhlong.gov.vn,Trung tâm Y tế Nguyễn Văn Thủ tỉnh Vĩnh Long,Hội đồng nhân dân & UBND,15/08/2024,Chứng nhận cơ bản,https://tinnhiemmang.vn/danh-ba-tin-nhiem/ttytnguyenvanthuvinhlonggovvn-1723689757
ttyttambinh.vinhlong.gov.vn,Trung tâm Y tế huyện Tam Bình tỉnh Vĩnh Long,Hội đồng nhân dân & UBND,15/08/2024,Chứng nhận cơ bản,https://tinnhiemmang.vn/danh-ba-tin-nhiem/ttyttambinhvinhlonggovvn-1723689549
ttyttpvl.vinhlong.gov.vn,Trung tâm Y tế Thành phố Vĩnh Long tỉnh Vĩnh Long,Hội đồng nhân dân & UBND,15/08/2024,Chứng nhận cơ bản,https://tinnhiemmang.vn/danh-ba-tin-nhiem/ttyttpvlvinhlonggovvn-1723689451
ttyttraon.vinhlong.gov.vn,Trung tâm Y tế huyện Trà Ôn tỉnh Vĩnh Long,Hội đồng nhân dân & UBND,15/08/2024,Chứng nhận cơ bản,https://tinnhiemmang.vn/danh-ba-tin-nhiem/ttyttraonvinhlonggovvn-1723689790
tulieuvankien.dangcongsan.vn,Tư liệu Văn kiện Đảng - Báo Điện tử ĐCSVN,Đảng Cộng sản Việt Nam,Đã xác thực chính thức,Chứng nhận cơ bản,https://tinnhiemmang.vn/danh-ba-tin-nhiem/tulieuvankien.dangcongsan.vn
tuoitrehaiduong.vn,Tỉnh đoàn Hải Dương,Đoàn Thanh niên CS Hồ Chí Minh,07/10/2024,Chứng nhận cơ bản,https://tinnhiemmang.vn/danh-ba-tin-nhiem/tuoitrehaiduongvn-1728268603
tuyentruyen.lamdong.gov.vn,Cổng thông tin điện tử tỉnh Lâm Đồng,Hội đồng nhân dân & UBND,07/11/2024,Chứng nhận cơ bản,https://tinnhiemmang.vn/danh-ba-tin-nhiem/tuyentruyenlamdonggovvn-1730879935
vangiang.tpninhbinh.ninhbinh.gov.vn,"Uỷ ban nhân dân phường Vân Giang, thành phố Ninh Bình, tỉnh Ninh Bình",Hội đồng nhân dân & UBND,27/06/2024,Chứng nhận cơ bản,https://tinnhiemmang.vn/danh-ba-tin-nhiem/vangiangtpninhbinhninhbinhgovvn-1719472803
vinhlong.gov.vn,HĐND & UBND tỉnh Vĩnh Long,Hội đồng nhân dân & UBND,Đã xác thực chính thức,Chứng nhận cơ bản,https://tinnhiemmang.vn/danh-ba-tin-nhiem/vinhlong.gov.vn
vinhphuc.gov.vn,HĐND & UBND tỉnh Vĩnh Phúc,Hội đồng nhân dân & UBND,Đã xác thực chính thức,Chứng nhận cơ bản,https://tinnhiemmang.vn/danh-ba-tin-nhiem/vinhphuc.gov.vn
vivita.vn,Công Ty Cổ phần Sức Sống Việt Nam,Tổ chức nhà nước,06/02/2023,Chứng nhận cơ bản,https://tinnhiemmang.vn/danh-ba-tin-nhiem/vivitavn-1672460822
vksndtc.gov.vn,Viện Kiểm sát Nhân dân Tối cao,Viện Kiểm sát nhân dân,Đã xác thực chính thức,Chứng nhận nâng cao,https://tinnhiemmang.vn/danh-ba-tin-nhiem/vksndtc.gov.vn
xnc-congan.hochiminhcity.gov.vn,Công an Thành phố Hồ Chí Minh,Hội đồng nhân dân & UBND,25/07/2024,Chứng nhận cơ bản,https://tinnhiemmang.vn/danh-ba-tin-nhiem/xnc-conganhochiminhcitygovvn-1721879275
xuanchinh.kimson.ninhbinh.gov.vn,"Uỷ ban nhân dân xã Xuân Chính, huyện Kim Sơn, tỉnh Ninh Bình",Hội đồng nhân dân & UBND,26/06/2024,Chứng nhận cơ bản,https://tinnhiemmang.vn/danh-ba-tin-nhiem/xuanchinhkimsonninhbinhgovvn-1719362164
xuantho.dalat.lamdong.gov.vn,"UBND Xã Xuân Thọ, TP Đà Lạt, Lâm Đồng",Hội đồng nhân dân & UBND,29/08/2024,Chứng nhận cơ bản,https://tinnhiemmang.vn/danh-ba-tin-nhiem/xuanthodalatlamdonggovvn-1724915956
xuantruong.dalat.lamdong.gov.vn,"UBND Xã Xuân Trường, TP Đà Lạt, Lâm Đồng",Hội đồng nhân dân & UBND,29/08/2024,Chứng nhận cơ bản,https://tinnhiemmang.vn/danh-ba-tin-nhiem/xuantruongdalatlamdonggovvn-1724916039
yenbai.gov.vn,HĐND & UBND tỉnh Yên Bái,Hội đồng nhân dân & UBND,Đã xác thực chính thức,Chứng nhận cơ bản,https://tinnhiemmang.vn/danh-ba-tin-nhiem/yenbai.gov.vn
yenloc.kimson.ninhbinh.gov.vn,"Uỷ ban nhân dân xã Yên Lộc, huyện Kim Sơn, tỉnh Ninh Bình",Hội đồng nhân dân & UBND,26/06/2024,Chứng nhận cơ bản,https://tinnhiemmang.vn/danh-ba-tin-nhiem/yenlockimsonninhbinhgovvn-1719281314
yenmac.yenmo.ninhbinh.gov.vn,"Uỷ ban nhân dân xã Yên Mạc, huyện Yên Mô, tỉnh Ninh Bình",Hội đồng nhân dân & UBND,27/06/2024,Chứng nhận cơ bản,https://tinnhiemmang.vn/danh-ba-tin-nhiem/yenmacyenmoninhbinhgovvn-1719456857
yenmo.ninhbinh.gov.vn,"Uỷ ban nhân dân huyện Yên Mô, tỉnh Ninh Bình",Hội đồng nhân dân & UBND,27/06/2024,Chứng nhận cơ bản,https://tinnhiemmang.vn/danh-ba-tin-nhiem/yenmoninhbinhgovvn-1719456718
yenthinh.yenmo.ninhbinh.gov.vn,"Uỷ ban nhân dân thị trấn Yên Thịnh, huyện Yên Mô, tỉnh Ninh Bình",Hội đồng nhân dân & UBND,27/06/2024,Chứng nhận cơ bản,https://tinnhiemmang.vn/danh-ba-tin-nhiem/yenthinhyenmoninhbinhgovvn-1719457004
ytebimson.ytethanhhoa.gov.vn,"Trung tâm y tế Thị xã Bỉm Sơn, tỉnh Thanh Hóa",Hội đồng nhân dân & UBND,25/11/2024,Chứng nhận cơ bản,https://tinnhiemmang.vn/danh-ba-tin-nhiem/ytebimsonytethanhhoagovvn-1732249956
ytecamlam.syt.khanhhoa.gov.vn,Trung tâm Y tế Cam lâm,Hội đồng nhân dân & UBND,15/01/2024,Chứng nhận cơ bản,https://tinnhiemmang.vn/danh-ba-tin-nhiem/ytecamlamsytkhanhhoagovvn-1705282981
ytehatrung.ytethanhhoa.gov.vn,"Trung tâm y tế huyện Hà Trung, tỉnh Thanh Hóa",Hội đồng nhân dân & UBND,25/11/2024,Chứng nhận cơ bản,https://tinnhiemmang.vn/danh-ba-tin-nhiem/ytehatrungytethanhhoagovvn-1732249991
ytehauloc.ytethanhhoa.gov.vn,"Trung tâm y tế huyện Hậu Lộc, tỉnh Thanh Hóa",Hội đồng nhân dân & UBND,25/11/2024,Chứng nhận cơ bản,https://tinnhiemmang.vn/danh-ba-tin-nhiem/ytehaulocytethanhhoagovvn-1732250025
ytenhuthanh.ytethanhhoa.gov.vn,Trung tâm y tế huyện Như Thanh,Hội đồng nhân dân & UBND,24/06/2024,Chứng nhận cơ bản,https://tinnhiemmang.vn/danh-ba-tin-nhiem/ytenhuthanhytethanhhoagovvn-1718960403
ytenongcong.ytethanhhoa.gov.vn,Trung tâm y tế huyện Nông Cống tỉnh Thanh Hóa,Hội đồng nhân dân & UBND,17/10/2024,Chứng nhận cơ bản,https://tinnhiemmang.vn/danh-ba-tin-nhiem/ytenongcongytethanhhoagovvn-1729133407
ytequanhoa.ytethanhhoa.gov.vn,Trung tâm y tế huyện Quan Hóa,Hội đồng nhân dân & UBND,26/09/2024,Chứng nhận cơ bản,https://tinnhiemmang.vn/danh-ba-tin-nhiem/ytequanhoaytethanhhoagovvn-1727317384
yteyendinh.ytethanhhoa.gov.vn,"Trung tâm y tế huyện Yên Định, tỉnh Thanh Hóa",Hội đồng nhân dân & UBND,25/11/2024,Chứng nhận cơ bản,https://tinnhiemmang.vn/danh-ba-tin-nhiem/yteyendinhytethanhhoagovvn-1732250057
aithuong.bathuoc.thanhhoa.gov.vn,"UBND Xã Ái Thượng, Huyện Bá Thước, tỉnh Thanh Hóa",Hội đồng nhân dân & UBND,21/08/2024,Chứng nhận cơ bản,https://tinnhiemmang.vn/danh-ba-tin-nhiem/aithuongbathuocthanhhoagovvn-1724148663
anhung.tpthanhhoa.thanhhoa.gov.vn,"UBND Phường An Hưng, Thành phố Thanh Hóa, tỉnh Thanh Hóa",Hội đồng nhân dân & UBND,26/09/2024,Chứng nhận cơ bản,https://tinnhiemmang.vn/danh-ba-tin-nhiem/anhungtpthanhhoathanhhoagovvn-1727317724
badinh.tpthanhhoa.thanhhoa.gov.vn,"UBND Phường Ba Đình, Thành phố Thanh Hóa, tỉnh Thanh Hóa",Hội đồng nhân dân & UBND,26/09/2024,Chứng nhận cơ bản,https://tinnhiemmang.vn/danh-ba-tin-nhiem/badinhtpthanhhoathanhhoagovvn-1727317774
bancong.bathuoc.thanhhoa.gov.vn,"UBND Xã Ban Công, Huyện Bá Thước, tỉnh Thanh Hóa",Hội đồng nhân dân & UBND,21/08/2024,Chứng nhận cơ bản,https://tinnhiemmang.vn/danh-ba-tin-nhiem/bancongbathuocthanhhoagovvn-1724148332
battrang.gialam.hanoi.gov.vn,"UBND xã Bát Tràng, Gia Lâm, Hà Nội",Hội đồng nhân dân & UBND,11/11/2024,Chứng nhận cơ bản,https://tinnhiemmang.vn/danh-ba-tin-nhiem/battranggialamhanoigovvn-1731049821
bdt.dienbien.gov.vn,Ban dân tộc tỉnh Điện Biên,Hội đồng nhân dân & UBND,13/09/2024,Chứng nhận cơ bản,https://tinnhiemmang.vn/danh-ba-tin-nhiem/bdtdienbiengovvn-1726198950
bensung.nhuthanh.thanhhoa.gov.vn,"UBND Thị trấn Bến Sung, huyện Như Thanh, tỉnh Thanh Hóa",Hội đồng nhân dân & UBND,16/04/2024,Chứng nhận cơ bản,https://tinnhiemmang.vn/danh-ba-tin-nhiem/bensungnhuthanhthanhhoagovvn-1713197437
binhan-dian.gov.vn,"UBND phường Bình An , thành phố Dĩ An,  tỉnh Bình Dương",Hội đồng nhân dân & UBND,15/10/2024,Chứng nhận cơ bản,https://tinnhiemmang.vn/danh-ba-tin-nhiem/binhan-diangovvn-1728877588
binhduong.gov.vn,HĐND & UBND tỉnh Bình Dương,Hội đồng nhân dân & UBND,Đã xác thực chính thức,Chứng nhận cơ bản,https://tinnhiemmang.vn/danh-ba-tin-nhiem/binhduong.gov.vn
binhhien.danang.gov.vn,"UBND phường Bình Hiên, quận Hải Châu, thành phố Đà Nẵng",Hội đồng nhân dân & UBND,08/12/2023,Chứng nhận cơ bản,https://tinnhiemmang.vn/danh-ba-tin-nhiem/binhhiendananggovvn-1701938905
binhminh.thixanghison.thanhhoa.gov.vn,"UBND phường Bình Minh Thị xã Nghi Sơn, tỉnh Thanh Hóa",Hội đồng nhân dân & UBND,13/08/2024,Chứng nhận cơ bản,https://tinnhiemmang.vn/danh-ba-tin-nhiem/binhminhthixanghisonthanhhoagovvn-1723522363
binhthuan.gov.vn,HĐND & UBND tỉnh Bình Thuận,Hội đồng nhân dân & UBND,Đã xác thực chính thức,Chứng nhận cơ bản,https://tinnhiemmang.vn/danh-ba-tin-nhiem/binhthuan.gov.vn
canhuu-quocoai.thudo.gov.vn,"UBND xã Cấn Hữu, huyện Quốc Oai, Hà Nội",Hội đồng nhân dân & UBND,22/11/2024,Chứng nhận cơ bản,https://tinnhiemmang.vn/danh-ba-tin-nhiem/canhuu-quocoaithudogovvn-1732090920
chicucqlclnltsthanhhoa.gov.vn,"Chi cục Quản lý chất lượng Nông, lâm sản và Thủy sản tỉnh Thanh Hóa",Chính phủ Việt Nam,17/10/2024,Chứng nhận cơ bản,https://tinnhiemmang.vn/danh-ba-tin-nhiem/chicucqlclnltsthanhhoagovvn-1729132863
chora.babe.gov.vn,Uỷ Ban Nhân Dân Thị Trấn Chợ Rã,Hội đồng nhân dân & UBND,06/12/2024,Chứng nhận cơ bản,https://tinnhiemmang.vn/danh-ba-tin-nhiem/chorababegovvn-1733128745
cobi.gialam.hanoi.gov.vn,"UBND xã Cổ Bi, Gia Lâm, Hà Nội",Hội đồng nhân dân & UBND,11/11/2024,Chứng nhận cơ bản,https://tinnhiemmang.vn/danh-ba-tin-nhiem/cobigialamhanoigovvn-1731049570
codong.sontay.hanoi.gov.vn,"UBND xã Cổ Đông, thị xã Sơn Tây, Hà Nội",Hội đồng nhân dân & UBND,27/11/2024,Chứng nhận cơ bản,https://tinnhiemmang.vn/danh-ba-tin-nhiem/codongsontayhanoigovvn-1732682693
colung.bathuoc.thanhhoa.gov.vn,"UBND Xã Cổ Lũng, Huyện Bá Thước, tỉnh Thanh Hóa",Hội đồng nhân dân & UBND,21/08/2024,Chứng nhận cơ bản,https://tinnhiemmang.vn/danh-ba-tin-nhiem/colungbathuocthanhhoagovvn-1724148932
congbobanthiettoaan.toaan.gov.vn,Cổng Công bố Bản án - TAND Tối cao,Tòa án nhân dân,Đã xác thực chính thức,Chứng nhận cơ bản,https://tinnhiemmang.vn/danh-ba-tin-nhiem/congbobanthiettoaan.toaan.gov.vn
congchinh.nongcong.thanhhoa.gov.vn,"UBND xã Công Chính Huyện Nông Cống, Tỉnh Thanh Hóa",Hội đồng nhân dân & UBND,13/08/2024,Chứng nhận cơ bản,https://tinnhiemmang.vn/danh-ba-tin-nhiem/congchinhnongcongthanhhoagovvn-1723532159
congdoan.org.vn,Tổng Liên đoàn Lao động Việt Nam,Công đoàn Việt Nam,Đã xác thực chính thức,Chứng nhận cơ bản,https://tinnhiemmang.vn/danh-ba-tin-nhiem/congdoan.org.vn
congdoanbrvt.org.vn,Liên đoàn Lao động tỉnh Bà Rịa - Vũng Tàu,Công đoàn Việt Nam,02/10/2024,Chứng nhận cơ bản,https://tinnhiemmang.vn/danh-ba-tin-nhiem/congdoanbrvtorgvn-1725938436
conghoa-quocoai.thudo.gov.vn,"UBND xã Cộng Hoà, huyện Quốc Oai, Hà Nội",Hội đồng nhân dân & UBND,22/11/2024,Chứng nhận cơ bản,https://tinnhiemmang.vn/danh-ba-tin-nhiem/conghoa-quocoaithudogovvn-1732090822
congliem.nongcong.thanhhoa.gov.vn,"UBND xã Công Liêm Huyện Nông Cống, Tỉnh Thanh Hóa",Hội đồng nhân dân & UBND,13/08/2024,Chứng nhận cơ bản,https://tinnhiemmang.vn/danh-ba-tin-nhiem/congliemnongcongthanhhoagovvn-1723532128
congtacxahoi.thanhhoa.gov.vn,Trung tâm Cung cấp dịch vụ công tác xã hội Thanh Hóa,Hội đồng nhân dân & UBND,17/10/2024,Chứng nhận cơ bản,https://tinnhiemmang.vn/danh-ba-tin-nhiem/congtacxahoithanhhoagovvn-1729133068
ctk.bacninh.gov.vn,Cục Thống kê tỉnh Bắc Ninh,Chính phủ Việt Nam,23/10/2024,Chứng nhận cơ bản,https://tinnhiemmang.vn/danh-ba-tin-nhiem/ctkbacninhgovvn-1729646351
cucthongke.danang.gov.vn,Cục Thống kê thành phố Đà Nẵng,Chính phủ Việt Nam,21/05/2024,Chứng nhận cơ bản,https://tinnhiemmang.vn/danh-ba-tin-nhiem/cucthongkedananggovvn-1716254625
cucthongkethuathienhue.gso.gov.vn,Cục Thống kê Tỉnh Thừa Thiên Huế,Chính phủ Việt Nam,23/08/2024,Chứng nhận cơ bản,https://tinnhiemmang.vn/danh-ba-tin-nhiem/cucthongkethuathienhuegsogovvn-1724233573
daibieuquochoi.thuathienhue.gov.vn,Đoàn Đại biểu Quốc hội tỉnh Thừa Thiên Huế,Quốc hội Việt Nam,23/10/2024,Chứng nhận cơ bản,https://tinnhiemmang.vn/danh-ba-tin-nhiem/daibieuquochoithuathienhuegovvn-1729651853
dailoc.hauloc.thanhhoa.gov.vn,"UBND xã Đại Lộc, Huyện Hậu Lộc, tỉnh Thanh Hóa",Hội đồng nhân dân & UBND,21/08/2024,Chứng nhận cơ bản,https://tinnhiemmang.vn/danh-ba-tin-nhiem/dailochaulocthanhhoagovvn-1724210310
daithanh-quocoai.thudo.gov.vn,"UBND xã Đại Thành, Hà Nội",Hội đồng nhân dân & UBND,22/11/2024,Chứng nhận cơ bản,https://tinnhiemmang.vn/danh-ba-tin-nhiem/daithanh-quocoaithudogovvn-1732084725
daknong.gov.vn,HĐND & UBND tỉnh Đắk Nông,Hội đồng nhân dân & UBND,Đã xác thực chính thức,Chứng nhận cơ bản,https://tinnhiemmang.vn/danh-ba-tin-nhiem/daknong.gov.vn
darsal.damrong.lamdong.gov.vn,UBND xã Đạ Rsal,Hội đồng nhân dân & UBND,07/09/2023,Chứng nhận cơ bản,https://tinnhiemmang.vn/danh-ba-tin-nhiem/darsaldamronglamdonggovvn-1693305544
daton.gialam.hanoi.gov.vn,"UBND xã Đa Tốn, Gia Lâm, Hà Nội",Hội đồng nhân dân & UBND,11/11/2024,Chứng nhận cơ bản,https://tinnhiemmang.vn/danh-ba-tin-nhiem/datongialamhanoigovvn-1731049461
dichvucong.quochoi.vn,Cổng Dịch vụ công Quốc hội,Quốc hội Việt Nam,Đã xác thực chính thức,Chứng nhận cơ bản,https://tinnhiemmang.vn/danh-ba-tin-nhiem/dichvucong.quochoi.vn
dienbien.tpthanhhoa.thanhhoa.gov.vn,"UBND Phường Điện Biên, Thành phố Thanh Hóa, tỉnh Thanh Hóa",Hội đồng nhân dân & UBND,26/09/2024,Chứng nhận cơ bản,https://tinnhiemmang.vn/danh-ba-tin-nhiem/dienbientpthanhhoathanhhoagovvn-1727317812
dienha.bathuoc.thanhhoa.gov.vn,"UBND Xã Điền Hạ, Huyện Bá Thước, tỉnh Thanh Hóa",Hội đồng nhân dân & UBND,21/08/2024,Chứng nhận cơ bản,https://tinnhiemmang.vn/danh-ba-tin-nhiem/dienhabathuocthanhhoagovvn-1724148538
dienlu.bathuoc.thanhhoa.gov.vn,"UBND Xã Điền Lư, Huyện Bá Thước, tỉnh Thanh Hóa",Hội đồng nhân dân & UBND,21/08/2024,Chứng nhận cơ bản,https://tinnhiemmang.vn/danh-ba-tin-nhiem/dienlubathuocthanhhoagovvn-1724148498
dienquang.bathuoc.thanhhoa.gov.vn,"UBND Xã Điền Quang, Huyện Bá Thước, tỉnh Thanh Hóa",Hội đồng nhân dân & UBND,21/08/2024,Chứng nhận cơ bản,https://tinnhiemmang.vn/danh-ba-tin-nhiem/dienquangbathuocthanhhoagovvn-1724148569
dienthuong.bathuoc.thanhhoa.gov.vn,"UBND Xã Điền Thượng, Huyện Bá Thước, tỉnh Thanh Hóa",Hội đồng nhân dân & UBND,21/08/2024,Chứng nhận cơ bản,https://tinnhiemmang.vn/danh-ba-tin-nhiem/dienthuongbathuocthanhhoagovvn-1724148600
dientrung.bathuoc.thanhhoa.gov.vn,"UBND Xã Điền Trung, Huyện Bá Thước, tỉnh Thanh Hóa",Hội đồng nhân dân & UBND,21/08/2024,Chứng nhận cơ bản,https://tinnhiemmang.vn/danh-ba-tin-nhiem/dientrungbathuocthanhhoagovvn-1724149091
dinhbinh.yendinh.thanhhoa.gov.vn,"UBND xã Định Bình, Huyện Yên Định, tỉnh Thanh Hóa",Hội đồng nhân dân & UBND,25/11/2024,Chứng nhận cơ bản,https://tinnhiemmang.vn/danh-ba-tin-nhiem/dinhbinhyendinhthanhhoagovvn-1732250126
dinhcong.yendinh.thanhhoa.gov.vn,"UBND xã Định Công, Huyện Yên Định, tỉnh Thanh Hóa",Hội đồng nhân dân & UBND,25/10/2024,Chứng nhận cơ bản,https://tinnhiemmang.vn/danh-ba-tin-nhiem/dinhcongyendinhthanhhoagovvn-1729824046
dinhhai.thixanghison.thanhhoa.gov.vn,"UBND xã Định Hải Thị xã Nghi Sơn, tỉnh Thanh Hóa",Hội đồng nhân dân & UBND,13/08/2024,Chứng nhận cơ bản,https://tinnhiemmang.vn/danh-ba-tin-nhiem/dinhhaithixanghisonthanhhoagovvn-1723521574
dinhhai.yendinh.thanhhoa.gov.vn,"UBND xã Định Hải, Huyện Yên Định, tỉnh Thanh Hóa",Hội đồng nhân dân & UBND,25/10/2024,Chứng nhận cơ bản,https://tinnhiemmang.vn/danh-ba-tin-nhiem/dinhhaiyendinhthanhhoagovvn-1729824114
dinhhoa.yendinh.thanhhoa.gov.vn,"UBND xã Định Hòa, Huyện Yên Định, tỉnh Thanh Hóa",Hội đồng nhân dân & UBND,25/11/2024,Chứng nhận cơ bản,https://tinnhiemmang.vn/danh-ba-tin-nhiem/dinhhoayendinhthanhhoagovvn-1732250093
dinhlien.yendinh.thanhhoa.gov.vn,"UBND xã Định Liên, Huyện Yên Định, tỉnh Thanh Hóa",Hội đồng nhân dân & UBND,25/10/2024,Chứng nhận cơ bản,https://tinnhiemmang.vn/danh-ba-tin-nhiem/dinhlienyendinhthanhhoagovvn-1729824010
dinhlong.yendinh.thanhhoa.gov.vn,"UBND xã Định Long, Huyện Yên Định, tỉnh Thanh Hóa",Hội đồng nhân dân & UBND,25/10/2024,Chứng nhận cơ bản,https://tinnhiemmang.vn/danh-ba-tin-nhiem/dinhlongyendinhthanhhoagovvn-1729823975
dinhtan.yendinh.thanhhoa.gov.vn,"UBND xã Định Tân, Huyện Yên Định, tỉnh Thanh Hóa",Hội đồng nhân dân & UBND,25/10/2024,Chứng nhận cơ bản,https://tinnhiemmang.vn/danh-ba-tin-nhiem/dinhtanyendinhthanhhoagovvn-1729824082
dinhthanh.yendinh.thanhhoa.gov.vn,"UBND xã Định Thành, Huyện Yên Định, tỉnh Thanh Hóa",Hội đồng nhân dân & UBND,25/11/2024,Chứng nhận cơ bản,https://tinnhiemmang.vn/danh-ba-tin-nhiem/dinhthanhyendinhthanhhoagovvn-1732250159
dongcuong.tpthanhhoa.thanhhoa.gov.vn,"UBND Phường Đông Cương, Thành phố Thanh Hóa, tỉnh Thanh Hóa",Hội đồng nhân dân & UBND,26/09/2024,Chứng nhận cơ bản,https://tinnhiemmang.vn/danh-ba-tin-nhiem/dongcuongtpthanhhoathanhhoagovvn-1727317975
dongdu.gialam.hanoi.gov.vn,"UBND xã Đông Dư, Gia Lâm, Hà Nội",Hội đồng nhân dân & UBND,11/11/2024,Chứng nhận cơ bản,https://tinnhiemmang.vn/danh-ba-tin-nhiem/dongdugialamhanoigovvn-1731049792
donghai.tpthanhhoa.thanhhoa.gov.vn,"UBND Phường Đông Hải, Thành phố Thanh Hóa, tỉnh Thanh Hóa",Hội đồng nhân dân & UBND,26/09/2024,Chứng nhận cơ bản,https://tinnhiemmang.vn/danh-ba-tin-nhiem/donghaitpthanhhoathanhhoagovvn-1727318129
donghuong.tpthanhhoa.thanhhoa.gov.vn,"UBND Phường Đông Hương, Thành phố Thanh Hóa, tỉnh Thanh Hóa",Hội đồng nhân dân & UBND,26/09/2024,Chứng nhận cơ bản,https://tinnhiemmang.vn/danh-ba-tin-nhiem/donghuongtpthanhhoathanhhoagovvn-1727318172
donglo-unghoa.thudo.gov.vn,"UBND Xã Đông Lỗ, Hà Nội",Hội đồng nhân dân & UBND,17/12/2024,Chứng nhận cơ bản,https://tinnhiemmang.vn/danh-ba-tin-nhiem/donglo-unghoathudogovvn-1734401821
dongloc.hauloc.thanhhoa.gov.vn,"UBND xã Đồng Lộc, Huyện Hậu Lộc, tỉnh Thanh Hóa",Hội đồng nhân dân & UBND,21/08/2024,Chứng nhận cơ bản,https://tinnhiemmang.vn/danh-ba-tin-nhiem/donglochaulocthanhhoagovvn-1724210351
dongquang-quocoai.thudo.gov.vn,"UBND xã Đồng Quang, Hà Nội",Hội đồng nhân dân & UBND,22/11/2024,Chứng nhận cơ bản,https://tinnhiemmang.vn/danh-ba-tin-nhiem/dongquang-quocoaithudogovvn-1732084646
dongson.tpthanhhoa.thanhhoa.gov.vn,"UBND Phường Đông Sơn, Thành phố Thanh Hóa, tỉnh Thanh Hóa",Hội đồng nhân dân & UBND,26/09/2024,Chứng nhận cơ bản,https://tinnhiemmang.vn/danh-ba-tin-nhiem/dongsontpthanhhoathanhhoagovvn-1727318204
dongtan-unghoa.thudo.gov.vn,"UBND Xã Đồng Tân, Hà Nội",Hội đồng nhân dân & UBND,17/12/2024,Chứng nhận cơ bản,https://tinnhiemmang.vn/danh-ba-tin-nhiem/dongtan-unghoathudogovvn-1734402287
dongtho.tpthanhhoa.thanhhoa.gov.vn,"UBND Phường Đông Thọ, Thành phố Thanh Hóa, tỉnh Thanh Hóa",Hội đồng nhân dân & UBND,26/09/2024,Chứng nhận cơ bản,https://tinnhiemmang.vn/danh-ba-tin-nhiem/dongthotpthanhhoathanhhoagovvn-1727317848
dongve.tpthanhhoa.thanhhoa.gov.vn,"UBND Phường Đông Vệ, Thành phố Thanh Hóa, tỉnh Thanh Hóa",Hội đồng nhân dân & UBND,26/09/2024,Chứng nhận cơ bản,https://tinnhiemmang.vn/danh-ba-tin-nhiem/dongvetpthanhhoathanhhoagovvn-1727318241
dongxuan-quocoai.thudo.gov.vn,"UBND xã Đông Xuân, huyện Quốc Oai, Hà Nội",Hội đồng nhân dân & UBND,22/11/2024,Chứng nhận cơ bản,https://tinnhiemmang.vn/danh-ba-tin-nhiem/dongxuan-quocoaithudogovvn-1732085072
dongyen-quocoai.thudo.gov.vn,"UBND xã Đông Yên, huyện Quốc Oai, Hà Nội",Hội đồng nhân dân & UBND,22/11/2024,Chứng nhận cơ bản,https://tinnhiemmang.vn/danh-ba-tin-nhiem/dongyen-quocoaithudogovvn-1732084881
dulichlamha.com.vn,"ủy ban nhân dân huyện Lâm Hà, Lâm Đồng",Hội đồng nhân dân & UBND,24/02/2025,Chứng nhận cơ bản,https://tinnhiemmang.vn/danh-ba-tin-nhiem/dulichlamhacomvn-1738741975
duonglam.sontay.hanoi.gov.vn,"UBND xã Đường Lâm, thị xã Sơn Tây, Hà Nội",Hội đồng nhân dân & UBND,27/11/2024,Chứng nhận cơ bản,https://tinnhiemmang.vn/danh-ba-tin-nhiem/duonglamsontayhanoigovvn-1732682616
duongquang.gialam.hanoi.gov.vn,"UBND xã Dương Quang, huyện Gia Lâm, Hà Nội",Hội đồng nhân dân & UBND,27/11/2024,Chứng nhận cơ bản,https://tinnhiemmang.vn/danh-ba-tin-nhiem/duongquanggialamhanoigovvn-1732682913
duongxa.gialam.hanoi.gov.vn,"UBND xã Dương Xá, Gia Lâm, Hà Nội",Hội đồng nhân dân & UBND,11/11/2024,Chứng nhận cơ bản,https://tinnhiemmang.vn/danh-ba-tin-nhiem/duongxagialamhanoigovvn-1731049531
haian.thixanghison.thanhhoa.gov.vn,"UBND phường Hải An Thị xã Nghi Sơn, tỉnh Thanh Hóa",Hội đồng nhân dân & UBND,13/08/2024,Chứng nhận cơ bản,https://tinnhiemmang.vn/danh-ba-tin-nhiem/haianthixanghisonthanhhoagovvn-1723522286
haibinh.thixanghison.thanhhoa.gov.vn,"UBND phương Hải Bình Thị xã Nghi Sơn, tỉnh Thanh Hóa",Hội đồng nhân dân & UBND,13/08/2024,Chứng nhận cơ bản,https://tinnhiemmang.vn/danh-ba-tin-nhiem/haibinhthixanghisonthanhhoagovvn-1723522650
haichau.thixanghison.thanhhoa.gov.vn,"UBND phường Hải Châu Thị xã Nghi Sơn, tỉnh Thanh Hóa",Hội đồng nhân dân & UBND,13/08/2024,Chứng nhận cơ bản,https://tinnhiemmang.vn/danh-ba-tin-nhiem/haichauthixanghisonthanhhoagovvn-1723522216
haichau1.danang.gov.vn,"UBND phường Hải Châu 1, Đà Nẵng",Hội đồng nhân dân & UBND,17/07/2023,Chứng nhận cơ bản,https://tinnhiemmang.vn/danh-ba-tin-nhiem/haichau1dananggovvn-1689409285
haiha.thixanghison.thanhhoa.gov.vn,"UBND xã Hải Hà Thị xã Nghi Sơn, tỉnh Thanh Hóa",Hội đồng nhân dân & UBND,13/08/2024,Chứng nhận cơ bản,https://tinnhiemmang.vn/danh-ba-tin-nhiem/haihathixanghisonthanhhoagovvn-1723522882
haihoa.thixanghison.thanhhoa.gov.vn,"UBND phường Hải Hòa Thị xã Nghi Sơn, tỉnh Thanh Hóa",Hội đồng nhân dân & UBND,13/08/2024,Chứng nhận cơ bản,https://tinnhiemmang.vn/danh-ba-tin-nhiem/haihoathixanghisonthanhhoagovvn-1723522404
hainhan.thixanghison.thanhhoa.gov.vn,"UBND xã Hải Nhân Thị xã Nghi Sơn, tỉnh Thanh Hóa",Hội đồng nhân dân & UBND,13/08/2024,Chứng nhận cơ bản,https://tinnhiemmang.vn/danh-ba-tin-nhiem/hainhanthixanghisonthanhhoagovvn-1723521796
haininh.thixanghison.thanhhoa.gov.vn,"UBND phường Hải Ninh Thị xã Nghi Sơn, tỉnh Thanh Hóa",Hội đồng nhân dân & UBND,13/08/2024,Chứng nhận cơ bản,https://tinnhiemmang.vn/danh-ba-tin-nhiem/haininhthixanghisonthanhhoagovvn-1723522180
haithanh.thixanghison.thanhhoa.gov.vn,"UBND phường Hải Thanh Thị xã Nghi Sơn, tỉnh Thanh Hóa",Hội đồng nhân dân & UBND,13/08/2024,Chứng nhận cơ bản,https://tinnhiemmang.vn/danh-ba-tin-nhiem/haithanhthixanghisonthanhhoagovvn-1723521832
haithuong.thixanghison.thanhhoa.gov.vn,"UBND phường Hải Thượng Thị xã Nghi Sơn, tỉnh Thanh Hóa",Hội đồng nhân dân & UBND,13/08/2024,Chứng nhận cơ bản,https://tinnhiemmang.vn/danh-ba-tin-nhiem/haithuongthixanghisonthanhhoagovvn-1723522547
haiyen.thixanghison.thanhhoa.gov.vn,"UBND xã Hải Yến Thị xã Nghi Sơn, tỉnh Thanh Hóa",Hội đồng nhân dân & UBND,13/08/2024,Chứng nhận cơ bản,https://tinnhiemmang.vn/danh-ba-tin-nhiem/haiyenthixanghisonthanhhoagovvn-1723522800
hamrong.tpthanhhoa.thanhhoa.gov.vn,"UBND Phường Hàm Rồng, Thành phố Thanh Hóa, tỉnh Thanh Hóa",Hội đồng nhân dân & UBND,26/09/2024,Chứng nhận cơ bản,https://tinnhiemmang.vn/danh-ba-tin-nhiem/hamrongtpthanhhoathanhhoagovvn-1727318278
hatrung.bathuoc.thanhhoa.gov.vn,"UBND Xã Hạ Trung, Huyện Bá Thước, tỉnh Thanh Hóa",Hội đồng nhân dân & UBND,21/08/2024,Chứng nhận cơ bản,https://tinnhiemmang.vn/danh-ba-tin-nhiem/hatrungbathuocthanhhoagovvn-1724148838
haugiang.gov.vn,HĐND & UBND tỉnh Hậu Giang,Hội đồng nhân dân & UBND,Đã xác thực chính thức,Chứng nhận cơ bản,https://tinnhiemmang.vn/danh-ba-tin-nhiem/haugiang.gov.vn
hdndthuathienhue.gov.vn,Cổng thông tin điện tử HĐND tỉnh Thừa Thiên Huế,Hội đồng nhân dân & UBND,23/10/2024,Chứng nhận cơ bản,https://tinnhiemmang.vn/danh-ba-tin-nhiem/hdndthuathienhuegovvn-1729652794
hoahiepbac.danang.gov.vn,UBND phường Hòa Hiệp Bắc,Hội đồng nhân dân & UBND,11/07/2024,Chứng nhận cơ bản,https://tinnhiemmang.vn/danh-ba-tin-nhiem/hoahiepbacdananggovvn-1720162021
hoalam-unghoa.thudo.gov.vn,"UBND Xã Hòa Lâm, Hà Nội",Hội đồng nhân dân & UBND,17/12/2024,Chứng nhận cơ bản,https://tinnhiemmang.vn/danh-ba-tin-nhiem/hoalam-unghoathudogovvn-1734401532
hoanam-unghoa.thudo.gov.vn,"UBND Xã Hòa Nam, Hà Nội",Hội đồng nhân dân & UBND,17/12/2024,Chứng nhận cơ bản,https://tinnhiemmang.vn/danh-ba-tin-nhiem/hoanam-unghoathudogovvn-1734401298
hoangdieu.chuongmy.hanoi.gov.vn,"UBND xã Hoàng Diệu, huyện Chương Mỹ, TP Hà Nội",Hội đồng nhân dân & UBND,07/10/2024,Chứng nhận cơ bản,https://tinnhiemmang.vn/danh-ba-tin-nhiem/hoangdieuchuongmyhanoigovvn-1728232186
hoanggiang.nongcong.thanhhoa.gov.vn,"UBND xã Hoàng Giang Huyện Nông Cống, Tỉnh Thanh Hóa",Hội đồng nhân dân & UBND,13/08/2024,Chứng nhận cơ bản,https://tinnhiemmang.vn/danh-ba-tin-nhiem/hoanggiangnongcongthanhhoagovvn-1723524259
hoangphu.hoanghoa.thanhhoa.gov.vn,"UBND xã Hoằng Phú, huyện Hoằng Hóa, tỉnh Thanh Hóa",Hội đồng nhân dân & UBND,25/10/2024,Chứng nhận cơ bản,https://tinnhiemmang.vn/danh-ba-tin-nhiem/hoangphuhoanghoathanhhoagovvn-1729823788
hoangson.nongcong.thanhhoa.gov.vn,"UBND xã Hoàng Sơn Huyện Nông Cống, Tỉnh Thanh Hóa",Hội đồng nhân dân & UBND,13/08/2024,Chứng nhận cơ bản,https://tinnhiemmang.vn/danh-ba-tin-nhiem/hoangsonnongcongthanhhoagovvn-1723524325
hoanhon.danang.gov.vn,UBND xã Hòa Nhơn,Hội đồng nhân dân & UBND,25/10/2024,Chứng nhận cơ bản,https://tinnhiemmang.vn/danh-ba-tin-nhiem/hoanhondananggovvn-1729820887
hoaphu-unghoa.thudo.gov.vn,"UBND Xã Hòa Phú, Hà Nội",Hội đồng nhân dân & UBND,17/12/2024,Chứng nhận cơ bản,https://tinnhiemmang.vn/danh-ba-tin-nhiem/hoaphu-unghoathudogovvn-1734401346
hoaphuoc.danang.gov.vn,UBND xã Hoà Phước,Hội đồng nhân dân & UBND,28/10/2024,Chứng nhận cơ bản,https://tinnhiemmang.vn/danh-ba-tin-nhiem/hoaphuocdananggovvn-1730105447
hoason-unghoa.thudo.gov.vn,"UBND Xã Hoa Sơn, Hà Nội",Hội đồng nhân dân & UBND,17/12/2024,Chứng nhận cơ bản,https://tinnhiemmang.vn/danh-ba-tin-nhiem/hoason-unghoathudogovvn-1734400994
hoathach-quocoai.thudo.gov.vn,"UBND xã Hoà Thạch, huyện Quốc Oai, Hà Nội",Hội đồng nhân dân & UBND,22/11/2024,Chứng nhận cơ bản,https://tinnhiemmang.vn/danh-ba-tin-nhiem/hoathach-quocoaithudogovvn-1732084919
hoathuandong.danang.gov.vn,"UBND phường Hòa Thuận Đông, Hải Châu, Đà Nẵng",Hội đồng nhân dân & UBND,23/10/2023,Chứng nhận cơ bản,https://tinnhiemmang.vn/danh-ba-tin-nhiem/hoathuandongdananggovvn-1698045711
hoaxa-unghoa.thudo.gov.vn,"UBND Xã Hòa Xá, Hà Nội",Hội đồng nhân dân & UBND,17/12/2024,Chứng nhận cơ bản,https://tinnhiemmang.vn/danh-ba-tin-nhiem/hoaxa-unghoathudogovvn-1734401243
hoichuthapdohaiduong.org.vn,Hội Chữ Thập đỏ tỉnh Hải Dương,Tổ chức nhà nước,07/10/2024,Chứng nhận cơ bản,https://tinnhiemmang.vn/danh-ba-tin-nhiem/hoichuthapdohaiduongorgvn-1728268642
hoicuuchienbinh.vn,Hội Cựu chiến binh Việt Nam,Hội Cựu chiến binh Việt Nam,Đã xác thực chính thức,Chứng nhận cơ bản,https://tinnhiemmang.vn/danh-ba-tin-nhiem/hoicuuchienbinh.vn
hoidonglyluan.vn,Hội đồng Lý luận Trung ương,Đảng Cộng sản Việt Nam,Đã xác thực chính thức,Chứng nhận cơ bản,https://tinnhiemmang.vn/danh-ba-tin-nhiem/hoidonglyluan.vn
hongquang-unghoa.thudo.gov.vn,"UBND Xã Hồng Quang, Hà Nội",Hội đồng nhân dân & UBND,17/12/2024,Chứng nhận cơ bản,https://tinnhiemmang.vn/danh-ba-tin-nhiem/hongquang-unghoathudogovvn-1734401433
izaninhbinh.gov.vn,Ban Quản lý các khu công nghiệp,Hội đồng nhân dân & UBND,27/06/2024,Chứng nhận cơ bản,https://tinnhiemmang.vn/danh-ba-tin-nhiem/izaninhbinhgovvn-1719457804
kieuky.gialam.hanoi.gov.vn,"UBND  Xã Kiêu Kỵ, Huyện Gia Lâm, Thành Phố Hà Nội",Hội đồng nhân dân & UBND,11/11/2024,Chứng nhận cơ bản,https://tinnhiemmang.vn/danh-ba-tin-nhiem/kieukygialamhanoigovvn-1731049430
kimduong-unghoa.thudo.gov.vn,"UBND Xã Kim Đường, Hà Nội",Hội đồng nhân dân & UBND,17/12/2024,Chứng nhận cơ bản,https://tinnhiemmang.vn/danh-ba-tin-nhiem/kimduong-unghoathudogovvn-1734401867
kimlan.gialam.hanoi.gov.vn,"UBND xã Kim Lan, Gia Lâm, Hà Nội",Hội đồng nhân dân & UBND,11/11/2024,Chứng nhận cơ bản,https://tinnhiemmang.vn/danh-ba-tin-nhiem/kimlangialamhanoigovvn-1731049761
kimson.gialam.hanoi.gov.vn,"UBND xã Kim Sơn, Gia Lâm, Hà Nội",Hội đồng nhân dân & UBND,11/11/2024,Chứng nhận cơ bản,https://tinnhiemmang.vn/danh-ba-tin-nhiem/kimsongialamhanoigovvn-1731049632
kimson.sontay.hanoi.gov.vn,"UBND xã Kim Sơn, thị xã Sơn Tây, Hà Nội",Hội đồng nhân dân & UBND,27/11/2024,Chứng nhận cơ bản,https://tinnhiemmang.vn/danh-ba-tin-nhiem/kimsonsontayhanoigovvn-1732682469
klth.org.vn,Chi cục kiểm lâm Thanh Hóa,Chính phủ Việt Nam,25/11/2024,Chứng nhận cơ bản,https://tinnhiemmang.vn/danh-ba-tin-nhiem/klthorgvn-1732249761
kontum.edu.vn,Sở Giáo dục và Đào tạo tỉnh Kon Tum,Tổ chức nhà nước,12/12/2023,Chứng nhận cơ bản,https://tinnhiemmang.vn/danh-ba-tin-nhiem/kontumeduvn-1698369501
kontum.gov.vn,HĐND & UBND tỉnh Kon Tum,Hội đồng nhân dân & UBND,Đã xác thực chính thức,Chứng nhận cơ bản,https://tinnhiemmang.vn/danh-ba-tin-nhiem/kontum.gov.vn
kytan.bathuoc.thanhhoa.gov.vn,"UBND Xã Kỳ Tân, Huyện Bá Thước, tỉnh Thanh Hóa",Hội đồng nhân dân & UBND,21/08/2024,Chứng nhận cơ bản,https://tinnhiemmang.vn/danh-ba-tin-nhiem/kytanbathuocthanhhoagovvn-1724148632
laithanh.kimson.ninhbinh.gov.vn,"UBND xã Lai Thành, huyện Kim Sơn, tỉnh Ninh Bình",Hội đồng nhân dân & UBND,24/09/2024,Chứng nhận cơ bản,https://tinnhiemmang.vn/danh-ba-tin-nhiem/laithanhkimsonninhbinhgovvn-1727169151
lamson.tpthanhhoa.thanhhoa.gov.vn,"UBND Phường Lam Sơn, Thành phố Thanh Hóa, tỉnh Thanh Hóa",Hội đồng nhân dân & UBND,26/09/2024,Chứng nhận cơ bản,https://tinnhiemmang.vn/danh-ba-tin-nhiem/lamsontpthanhhoathanhhoagovvn-1727318310
lechi.gialam.hanoi.gov.vn,"UBND xã Lệ Chi, Gia Lâm, Hà Nội",Hội đồng nhân dân & UBND,11/11/2024,Chứng nhận cơ bản,https://tinnhiemmang.vn/danh-ba-tin-nhiem/lechigialamhanoigovvn-1731049600
lienbat-unghoa.thudo.gov.vn,"UBND Xã Liên Bạt, Hà Nội",Hội đồng nhân dân & UBND,17/12/2024,Chứng nhận cơ bản,https://tinnhiemmang.vn/danh-ba-tin-nhiem/lienbat-unghoathudogovvn-1734401158
lieptuyet-quocoai.thudo.gov.vn,"UBND xã Liệp Tuyết, huyện Quốc Oai, Hà Nội",Hội đồng nhân dân & UBND,22/11/2024,Chứng nhận cơ bản,https://tinnhiemmang.vn/danh-ba-tin-nhiem/lieptuyet-quocoaithudogovvn-1732249008
lungcao.bathuoc.thanhhoa.gov.vn,"UBND Xã Lũng Cao, Huyện Bá Thước, tỉnh Thanh Hóa",Hội đồng nhân dân & UBND,21/08/2024,Chứng nhận cơ bản,https://tinnhiemmang.vn/danh-ba-tin-nhiem/lungcaobathuocthanhhoagovvn-1724148964
lungniem.bathuoc.thanhhoa.gov.vn,"UBND Xã Lũng Niêm, Huyện Bá Thước, tỉnh Thanh Hóa",Hội đồng nhân dân & UBND,21/08/2024,Chứng nhận cơ bản,https://tinnhiemmang.vn/danh-ba-tin-nhiem/lungniembathuocthanhhoagovvn-1724148899
luongngoai.bathuoc.thanhhoa.gov.vn,"UBND Xã Lương Ngoại, Huyện Bá Thước, tỉnh Thanh Hóa",Hội đồng nhân dân & UBND,21/08/2024,Chứng nhận cơ bản,https://tinnhiemmang.vn/danh-ba-tin-nhiem/luongngoaibathuocthanhhoagovvn-1724148465
luongnoi.bathuoc.thanhhoa.gov.vn,"UBND Xã Lương Nội, Huyện Bá Thước, tỉnh Thanh Hóa",Hội đồng nhân dân & UBND,21/08/2024,Chứng nhận cơ bản,https://tinnhiemmang.vn/danh-ba-tin-nhiem/luongnoibathuocthanhhoagovvn-1724148869
luongtrung.bathuoc.thanhhoa.gov.vn,"UBND Xã Lương Trung, Huyện Bá Thước, tỉnh Thanh Hóa",Hội đồng nhân dân & UBND,21/08/2024,Chứng nhận cơ bản,https://tinnhiemmang.vn/danh-ba-tin-nhiem/luongtrungbathuocthanhhoagovvn-1724148371
luuhoang-unghoa.thudo.gov.vn,"UBND Xã Lưu Hoàng, Hà Nội",Hội đồng nhân dân & UBND,17/12/2024,Chứng nhận cơ bản,https://tinnhiemmang.vn/danh-ba-tin-nhiem/luuhoang-unghoathudogovvn-1734401630
mailam.thixanghison.thanhhoa.gov.vn,"UBND phường Mai Lâm Thị xã Nghi Sơn, tỉnh Thanh Hóa",Hội đồng nhân dân & UBND,13/08/2024,Chứng nhận cơ bản,https://tinnhiemmang.vn/danh-ba-tin-nhiem/mailamthixanghisonthanhhoagovvn-1723522513
mard.gov.vn,Bộ Nông nghiệp và Phát triển nông thôn,Chính phủ Việt Nam,Đã xác thực chính thức,Chứng nhận cơ bản,https://tinnhiemmang.vn/danh-ba-tin-nhiem/mard.gov.vn
mattran.vn,Báo Đại Đoàn Kết - Mặt trận Tổ quốc Việt Nam,Mặt trận Tổ quốc Việt Nam,Đã xác thực chính thức,Chứng nhận nâng cao,https://tinnhiemmang.vn/danh-ba-tin-nhiem/mattran.vn
mic.gov.vn,Bộ Thông tin và Truyền thông,Chính phủ Việt Nam,Đã xác thực chính thức,Chứng nhận cơ bản,https://tinnhiemmang.vn/danh-ba-tin-nhiem/mic.gov.vn
minhduc-unghoa.thudo.gov.vn,"UBND Xã Minh Đức, Hà Nội",Hội đồng nhân dân & UBND,17/12/2024,Chứng nhận cơ bản,https://tinnhiemmang.vn/danh-ba-tin-nhiem/minhduc-unghoathudogovvn-1734401996
minhkhoi.nongcong.thanhhoa.gov.vn,"UBND xã Minh Khôi Huyện Nông Cống, Tỉnh Thanh Hóa",Hội đồng nhân dân & UBND,13/08/2024,Chứng nhận cơ bản,https://tinnhiemmang.vn/danh-ba-tin-nhiem/minhkhoinongcongthanhhoagovvn-1723531432
minhnghia.nongcong.thanhhoa.gov.vn,"UBND xã Minh Nghĩa Huyện Nông Cống, Tỉnh Thanh Hóa",Hội đồng nhân dân & UBND,13/08/2024,Chứng nhận cơ bản,https://tinnhiemmang.vn/danh-ba-tin-nhiem/minhnghianongcongthanhhoagovvn-1723531402
mnthitrantienlang.haiphong.edu,Trường Mầm non Thị trấn Tiên Lãng,Tổ chức nhà nước,19/08/2024,Chứng nhận cơ bản,https://tinnhiemmang.vn/danh-ba-tin-nhiem/mnthitrantienlanghaiphongedu-1724035745
mot.gov.vn,Bộ Giao thông Vận tải,Chính phủ Việt Nam,Đã xác thực chính thức,Chứng nhận cơ bản,https://tinnhiemmang.vn/danh-ba-tin-nhiem/mot.gov.vn
mota.gov.vn,Bộ Ngoại giao Việt Nam,Chính phủ Việt Nam,Đã xác thực chính thức,Chứng nhận cơ bản,https://tinnhiemmang.vn/danh-ba-tin-nhiem/mota.gov.vn
ncsc.vn,Trung tâm Giám sát an toàn không gian mạng quốc gia (NCSC),Tổ chức nhà nước,03/12/2024,Chứng nhận nâng cao,https://tinnhiemmang.vn/danh-ba-tin-nhiem/ncscvn-1733198602
nghiahuong-quocoai.thudo.gov.vn,"UBND xã Nghĩa Hương, huyện Quốc Oai, Hà Nội",Hội đồng nhân dân & UBND,22/11/2024,Chứng nhận cơ bản,https://tinnhiemmang.vn/danh-ba-tin-nhiem/nghiahuong-quocoaithudogovvn-1732084842
nghison.thixanghison.thanhhoa.gov.vn,"UBND xã Nghi Sơn Thị xã Nghi Sơn, tỉnh Thanh Hóa",Hội đồng nhân dân & UBND,13/08/2024,Chứng nhận cơ bản,https://tinnhiemmang.vn/danh-ba-tin-nhiem/nghisonthixanghisonthanhhoagovvn-1723522926
ngocliep-quocoai.thudo.gov.vn,"UBND xã Ngọc Liệp, huyện Quốc Oai, Hà Nội",Hội đồng nhân dân & UBND,22/11/2024,Chứng nhận cơ bản,https://tinnhiemmang.vn/danh-ba-tin-nhiem/ngocliep-quocoaithudogovvn-1732085017
ngoclinh.thixanghison.thanhhoa.gov.vn,"UBND xã Ngọc Lĩnh Thị xã Nghi Sơn, tỉnh Thanh Hóa",Hội đồng nhân dân & UBND,13/08/2024,Chứng nhận cơ bản,https://tinnhiemmang.vn/danh-ba-tin-nhiem/ngoclinhthixanghisonthanhhoagovvn-1723522247
ngocmy-quocoai.thudo.gov.vn,"UBND xã Ngọc Mỹ, huyện Quốc Oai, Hà Nội",Hội đồng nhân dân & UBND,22/11/2024,Chứng nhận cơ bản,https://tinnhiemmang.vn/danh-ba-tin-nhiem/ngocmy-quocoaithudogovvn-1732084797
ngoctrao.tpthanhhoa.thanhhoa.gov.vn,"UBND Phường Ngọc Trạo, Thành phố Thanh Hóa, tỉnh Thanh Hóa",Hội đồng nhân dân & UBND,26/09/2024,Chứng nhận cơ bản,https://tinnhiemmang.vn/danh-ba-tin-nhiem/ngoctraotpthanhhoathanhhoagovvn-1727318378
nguyenbinh.thixanghison.thanhhoa.gov.vn,"UBND phường Nguyên Bình Thị xã Nghi Sơn, tỉnh Thanh Hóa",Hội đồng nhân dân & UBND,13/08/2024,Chứng nhận cơ bản,https://tinnhiemmang.vn/danh-ba-tin-nhiem/nguyenbinhthixanghisonthanhhoagovvn-1723522960
ninhhai.thixanghison.thanhhoa.gov.vn,"UBND phường Ninh Hải Thị xã Nghi Sơn, tỉnh Thanh Hóa",Hội đồng nhân dân & UBND,13/08/2024,Chứng nhận cơ bản,https://tinnhiemmang.vn/danh-ba-tin-nhiem/ninhhaithixanghisonthanhhoagovvn-1723521612
ninhhiep.gialam.hanoi.gov.vn,"UBND xã Ninh Hiệp, Gia Lâm, Hà Nội",Hội đồng nhân dân & UBND,11/11/2024,Chứng nhận cơ bản,https://tinnhiemmang.vn/danh-ba-tin-nhiem/ninhhiepgialamhanoigovvn-1731050435
ntholha.ductrong.lamdong.gov.vn,UBND xã N'Thôl Hạ,Hội đồng nhân dân & UBND,13/03/2024,Chứng nhận cơ bản,https://tinnhiemmang.vn/danh-ba-tin-nhiem/ntholhaductronglamdonggovvn-1710232408
office-sgtvt.tphcm.gov.vn,Sở Giao thông vận tải Thành phố Hồ Chí Minh,Hội đồng nhân dân & UBND,23/07/2024,Chứng nhận cơ bản,https://tinnhiemmang.vn/danh-ba-tin-nhiem/office-sgtvttphcmgovvn-1721639875
phongchongthientai.vinhlong.gov.vn,Chi cục Thủy lợi Vĩnh Long,Chính phủ Việt Nam,15/08/2024,Chứng nhận cơ bản,https://tinnhiemmang.vn/danh-ba-tin-nhiem/phongchongthientaivinhlonggovvn-1723689851
phongloc.hauloc.thanhhoa.gov.vn,"UBND Xã Phong Lộc, huyện Hậu Lộc, tỉnh Thanh Hoá",Hội đồng nhân dân & UBND,17/10/2024,Chứng nhận cơ bản,https://tinnhiemmang.vn/danh-ba-tin-nhiem/phonglochaulocthanhhoagovvn-1729133643
phucat-quocoai.thudo.gov.vn,"UBND xã Phú Cát, huyện Quốc Oai, Hà Nội",Hội đồng nhân dân & UBND,22/11/2024,Chứng nhận cơ bản,https://tinnhiemmang.vn/danh-ba-tin-nhiem/phucat-quocoaithudogovvn-1732249041
phudong.bavi.hanoi.gov.vn,"UBND Xã Phú Đông - Huyện Ba Vì, Hà Nội",Hội đồng nhân dân & UBND,11/11/2024,Chứng nhận cơ bản,https://tinnhiemmang.vn/danh-ba-tin-nhiem/phudongbavihanoigovvn-1731049172
phudong.gialam.hanoi.gov.vn,"UBND xã Phù Đồng, Gia Lâm, Hà Nội",Hội đồng nhân dân & UBND,11/11/2024,Chứng nhận cơ bản,https://tinnhiemmang.vn/danh-ba-tin-nhiem/phudonggialamhanoigovvn-1731050749
phulam.thixanghison.thanhhoa.gov.vn,"UBND xã Phú Lâm Thị xã Nghi Sơn, tỉnh Thanh Hóa",Hội đồng nhân dân & UBND,13/08/2024,Chứng nhận cơ bản,https://tinnhiemmang.vn/danh-ba-tin-nhiem/phulamthixanghisonthanhhoagovvn-1723521868
phuluu-unghoa.thudo.gov.vn,"UBND Xã Phù Lưu, Hà Nội",Hội đồng nhân dân & UBND,17/12/2024,Chứng nhận cơ bản,https://tinnhiemmang.vn/danh-ba-tin-nhiem/phuluu-unghoathudogovvn-1734401390
phuman-quocoai.thudo.gov.vn,"UBND xã Phú Mãn, huyện Quốc Oai, Hà Nội",Hội đồng nhân dân & UBND,22/11/2024,Chứng nhận cơ bản,https://tinnhiemmang.vn/danh-ba-tin-nhiem/phuman-quocoaithudogovvn-1732085111
phungxa.myduc.hanoi.gov.vn,"UBND xã Phùng Xá, Mỹ Đức, Hà Nội",Hội đồng nhân dân & UBND,27/11/2024,Chứng nhận cơ bản,https://tinnhiemmang.vn/danh-ba-tin-nhiem/phungxamyduchanoigovvn-1732682820
phuocmy.danang.gov.vn,UBND phường Phước Mỹ,Hội đồng nhân dân & UBND,27/11/2023,Chứng nhận cơ bản,https://tinnhiemmang.vn/danh-ba-tin-nhiem/phuocmydananggovvn-1698720659
phuong1.vinhlong.gov.vn,"UBND Phường 1, TP Vĩnh Long, tỉnh Vĩnh Long",Hội đồng nhân dân & UBND,15/08/2024,Chứng nhận cơ bản,https://tinnhiemmang.vn/danh-ba-tin-nhiem/phuong1vinhlonggovvn-1723689005
phuongtu-unghoa.thudo.gov.vn,"UBND Xã Phương Tú, Hà Nội",Hội đồng nhân dân & UBND,17/12/2024,Chứng nhận cơ bản,https://tinnhiemmang.vn/danh-ba-tin-nhiem/phuongtu-unghoathudogovvn-1734402122
phuson.thixanghison.thanhhoa.gov.vn,"UBND xã Phú Sơn Thị xã Nghi Sơn, tỉnh Thanh Hóa",Hội đồng nhân dân & UBND,13/08/2024,Chứng nhận cơ bản,https://tinnhiemmang.vn/danh-ba-tin-nhiem/phusonthixanghisonthanhhoagovvn-1723522076
phuyen.gov.vn,HĐND & UBND tỉnh Phú Yên,Hội đồng nhân dân & UBND,Đã xác thực chính thức,Chứng nhận cơ bản,https://tinnhiemmang.vn/danh-ba-tin-nhiem/phuyen.gov.vn
qbtte.thanhhoa.gov.vn,Quỹ Bảo trợ trẻ em tỉnh Thanh Hóa,Hội đồng nhân dân & UBND,17/10/2024,Chứng nhận cơ bản,https://tinnhiemmang.vn/danh-ba-tin-nhiem/qbttethanhhoagovvn-1729133104
quangbinh.quangxuong.thanhhoa.gov.vn,"UBND xã Quảng Bình Huyện Quảng Xương, Tỉnh Thanh Hóa",Hội đồng nhân dân & UBND,13/08/2024,Chứng nhận cơ bản,https://tinnhiemmang.vn/danh-ba-tin-nhiem/quangbinhquangxuongthanhhoagovvn-1723523077
quangchinh.quangxuong.thanhhoa.gov.vn,"UBND xã Quảng Chính Huyện Quảng Xương, Tỉnh Thanh Hóa",Hội đồng nhân dân & UBND,13/08/2024,Chứng nhận cơ bản,https://tinnhiemmang.vn/danh-ba-tin-nhiem/quangchinhquangxuongthanhhoagovvn-1723523224
quangdinh.quangxuong.thanhhoa.gov.vn,"UBND xã Quảng Định Huyện Quảng Xương, Tỉnh Thanh Hóa",Hội đồng nhân dân & UBND,13/08/2024,Chứng nhận cơ bản,https://tinnhiemmang.vn/danh-ba-tin-nhiem/quangdinhquangxuongthanhhoagovvn-1723523263
quangduc.quangxuong.thanhhoa.gov.vn,"UBND xã Quảng Đức Huyện Quảng Xương, Tỉnh Thanh Hóa",Hội đồng nhân dân & UBND,13/08/2024,Chứng nhận cơ bản,https://tinnhiemmang.vn/danh-ba-tin-nhiem/quangducquangxuongthanhhoagovvn-1723523294
quanggiao.quangxuong.thanhhoa.gov.vn,"UBND xã Quảng Giao Huyện Quảng Xương, Tỉnh Thanh Hóa",Hội đồng nhân dân & UBND,13/08/2024,Chứng nhận cơ bản,https://tinnhiemmang.vn/danh-ba-tin-nhiem/quanggiaoquangxuongthanhhoagovvn-1723523336
quanghai.quangxuong.thanhhoa.gov.vn,"UBND xã Quảng Hải Huyện Quảng Xương, Tỉnh Thanh Hóa",Hội đồng nhân dân & UBND,13/08/2024,Chứng nhận cơ bản,https://tinnhiemmang.vn/danh-ba-tin-nhiem/quanghaiquangxuongthanhhoagovvn-1723523375
quanghoa.quangxuong.thanhhoa.gov.vn,"UBND xã Quảng Hòa Huyện Quảng Xương, Tỉnh Thanh Hóa",Hội đồng nhân dân & UBND,13/08/2024,Chứng nhận cơ bản,https://tinnhiemmang.vn/danh-ba-tin-nhiem/quanghoaquangxuongthanhhoagovvn-1723523417
quanghop.quangxuong.thanhhoa.gov.vn,"UBND xã Quảng Hợp Huyện Quảng Xương, Tỉnh Thanh Hóa",Hội đồng nhân dân & UBND,13/08/2024,Chứng nhận cơ bản,https://tinnhiemmang.vn/danh-ba-tin-nhiem/quanghopquangxuongthanhhoagovvn-1723523450
quangkhe.quangxuong.thanhhoa.gov.vn,"UBND xã Quảng Khê Huyện Quảng Xương, Tỉnh Thanh Hóa",Hội đồng nhân dân & UBND,13/08/2024,Chứng nhận cơ bản,https://tinnhiemmang.vn/danh-ba-tin-nhiem/quangkhequangxuongthanhhoagovvn-1723523483
quangloc.quangxuong.thanhhoa.gov.vn,"UBND xã Quảng Lộc Huyện Quảng Xương, Tỉnh Thanh Hóa",Hội đồng nhân dân & UBND,13/08/2024,Chứng nhận cơ bản,https://tinnhiemmang.vn/danh-ba-tin-nhiem/quanglocquangxuongthanhhoagovvn-1723523532
quanglong.quangxuong.thanhhoa.gov.vn,"UBND xã Quảng Long Huyện Quảng Xương, Tỉnh Thanh Hóa",Hội đồng nhân dân & UBND,13/08/2024,Chứng nhận cơ bản,https://tinnhiemmang.vn/danh-ba-tin-nhiem/quanglongquangxuongthanhhoagovvn-1723523569
quangluu.quangxuong.thanhhoa.gov.vn,"UBND xã Quảng Lưu Huyện Quảng Xương, Tỉnh Thanh Hóa",Hội đồng nhân dân & UBND,13/08/2024,Chứng nhận cơ bản,https://tinnhiemmang.vn/danh-ba-tin-nhiem/quangluuquangxuongthanhhoagovvn-1723523640
quangngoc.quangxuong.thanhhoa.gov.vn,"UBND xã Quảng Ngọc Huyện Quảng Xương, Tỉnh Thanh Hóa",Hội đồng nhân dân & UBND,13/08/2024,Chứng nhận cơ bản,https://tinnhiemmang.vn/danh-ba-tin-nhiem/quangngocquangxuongthanhhoagovvn-1723523605
quangnham.quangxuong.thanhhoa.gov.vn,"UBND xã Quảng Nham Huyện Quảng Xương, Tỉnh Thanh Hóa",Hội đồng nhân dân & UBND,13/08/2024,Chứng nhận cơ bản,https://tinnhiemmang.vn/danh-ba-tin-nhiem/quangnhamquangxuongthanhhoagovvn-1723523674
quangnhan.quangxuong.thanhhoa.gov.vn,"UBND xã Quảng Nhân Huyện Quảng Xương, Tỉnh Thanh Hóa",Hội đồng nhân dân & UBND,13/08/2024,Chứng nhận cơ bản,https://tinnhiemmang.vn/danh-ba-tin-nhiem/quangnhanquangxuongthanhhoagovvn-1723523706
quangninh.quangxuong.thanhhoa.gov.vn,"UBND xã Quảng Ninh Huyện Quảng Xương, Tỉnh Thanh Hóa",Hội đồng nhân dân & UBND,13/08/2024,Chứng nhận cơ bản,https://tinnhiemmang.vn/danh-ba-tin-nhiem/quangninhquangxuongthanhhoagovvn-1723523740
quangphuc.quangxuong.thanhhoa.gov.vn,"UBND xã Quảng Phúc Huyện Quảng Xương, Tỉnh Thanh Hóa",Hội đồng nhân dân & UBND,13/08/2024,Chứng nhận cơ bản,https://tinnhiemmang.vn/danh-ba-tin-nhiem/quangphucquangxuongthanhhoagovvn-1723523810
quangphucau-unghoa.thudo.gov.vn,"UBND Xã Quảng Phú Cầu, Hà Nội",Hội đồng nhân dân & UBND,17/12/2024,Chứng nhận cơ bản,https://tinnhiemmang.vn/danh-ba-tin-nhiem/quangphucau-unghoathudogovvn-1734401102
quangthach.quangxuong.thanhhoa.gov.vn,"UBND xã Quảng Thạch Huyện Quảng Xương, Tỉnh Thanh Hóa",Hội đồng nhân dân & UBND,13/08/2024,Chứng nhận cơ bản,https://tinnhiemmang.vn/danh-ba-tin-nhiem/quangthachquangxuongthanhhoagovvn-1723523772
quangthai.quangxuong.thanhhoa.gov.vn,"UBND xã Quảng Thái Huyện Quảng Xương, Tỉnh Thanh Hóa",Hội đồng nhân dân & UBND,13/08/2024,Chứng nhận cơ bản,https://tinnhiemmang.vn/danh-ba-tin-nhiem/quangthaiquangxuongthanhhoagovvn-1723523851
quangthien.kimson.ninhbinh.gov.vn,"Uỷ ban nhân dân xã Quang Thiện, huyện Kim Sơn, tỉnh Ninh Bình",Hội đồng nhân dân & UBND,27/06/2024,Chứng nhận cơ bản,https://tinnhiemmang.vn/danh-ba-tin-nhiem/quangthienkimsonninhbinhgovvn-1719454598
quangtrach.quangxuong.thanhhoa.gov.vn,"UBND xã Quảng Trạch Huyện Quảng Xương, Tỉnh Thanh Hóa",Hội đồng nhân dân & UBND,13/08/2024,Chứng nhận cơ bản,https://tinnhiemmang.vn/danh-ba-tin-nhiem/quangtrachquangxuongthanhhoagovvn-1723523887
quangtrung.quangxuong.thanhhoa.gov.vn,"UBND xã Quảng Trung Huyện Quảng Xương, Tỉnh Thanh Hóa",Hội đồng nhân dân & UBND,13/08/2024,Chứng nhận cơ bản,https://tinnhiemmang.vn/danh-ba-tin-nhiem/quangtrungquangxuongthanhhoagovvn-1723523920
quangtruong.quangxuong.thanhhoa.gov.vn,"UBND xã Quảng Trường Huyện Quảng Xương, Tỉnh Thanh Hóa",Hội đồng nhân dân & UBND,13/08/2024,Chứng nhận cơ bản,https://tinnhiemmang.vn/danh-ba-tin-nhiem/quangtruongquangxuongthanhhoagovvn-1723523954
quangvan.quangxuong.thanhhoa.gov.vn,"UBND xã Quảng Văn Huyện Quảng Xương, Tỉnh Thanh Hóa",Hội đồng nhân dân & UBND,13/08/2024,Chứng nhận cơ bản,https://tinnhiemmang.vn/danh-ba-tin-nhiem/quangvanquangxuongthanhhoagovvn-1723523985
quangyen.quangxuong.thanhhoa.gov.vn,"UBND xã Quảng Yên Huyện Quảng Xương, Tỉnh Thanh Hóa",Hội đồng nhân dân & UBND,13/08/2024,Chứng nhận cơ bản,https://tinnhiemmang.vn/danh-ba-tin-nhiem/quangyenquangxuongthanhhoagovvn-1723524020
quocoai-quocoai.thudo.gov.vn,"UBND thị trấn Quốc Oai, Hà Nội",Hội đồng nhân dân & UBND,22/11/2024,Chứng nhận cơ bản,https://tinnhiemmang.vn/danh-ba-tin-nhiem/quocoai-quocoaithudogovvn-1732084491
quocoai.thudo.gov.vn,"UBND huyện Quốc Oai, Hà Nội",Hội đồng nhân dân & UBND,22/11/2024,Chứng nhận cơ bản,https://tinnhiemmang.vn/danh-ba-tin-nhiem/quocoaithudogovvn-1732084413
soctrang.gov.vn,HĐND & UBND tỉnh Sóc Trăng,Hội đồng nhân dân & UBND,Đã xác thực chính thức,Chứng nhận cơ bản,https://tinnhiemmang.vn/danh-ba-tin-nhiem/soctrang.gov.vn
sonda.bavi.hanoi.gov.vn,"UBND Xã Sơn Đà - Huyện Ba Vì, Hà Nội",Hội đồng nhân dân & UBND,11/11/2024,Chứng nhận cơ bản,https://tinnhiemmang.vn/danh-ba-tin-nhiem/sondabavihanoigovvn-1731049086
songoaivu.angiang.gov.vn,Sở Ngoại vụ tỉnh An Giang,Hội đồng nhân dân & UBND,13/12/2024,Chứng nhận cơ bản,https://tinnhiemmang.vn/danh-ba-tin-nhiem/songoaivuangianggovvn-1733889739
soytehaiphong.gov.vn,Sở Y tế Hải Phòng,Hội đồng nhân dân & UBND,26/07/2024,Chứng nhận cơ bản,https://tinnhiemmang.vn/danh-ba-tin-nhiem/soytehaiphonggovvn-1714621510
tamthuan.danang.gov.vn,UBND phường Tam Thuận,Hội đồng nhân dân & UBND,12/12/2023,Chứng nhận cơ bản,https://tinnhiemmang.vn/danh-ba-tin-nhiem/tamthuandananggovvn-1702286112
tandan.thixanghison.thanhhoa.gov.vn,"UBND phường Tân Dân Thị xã Nghi Sơn, tỉnh Thanh Hóa",Hội đồng nhân dân & UBND,13/08/2024,Chứng nhận cơ bản,https://tinnhiemmang.vn/danh-ba-tin-nhiem/tandanthixanghisonthanhhoagovvn-1723522581
tanhoa-quocoai.thudo.gov.vn,"UBND xã Tân Hoà, Hà Nội",Hội đồng nhân dân & UBND,22/11/2024,Chứng nhận cơ bản,https://tinnhiemmang.vn/danh-ba-tin-nhiem/tanhoa-quocoaithudogovvn-1732084684
tanhong.bavi.hanoi.gov.vn,"UBND  Xã Tản Hồng - Huyện Ba Vì, Hà Nội",Hội đồng nhân dân & UBND,11/11/2024,Chứng nhận cơ bản,https://tinnhiemmang.vn/danh-ba-tin-nhiem/tanhongbavihanoigovvn-1731049206
tankhang.nongcong.thanhhoa.gov.vn,"UBND xã Tân Khang Huyện Nông Cống, Tỉnh Thanh Hóa",Hội đồng nhân dân & UBND,13/08/2024,Chứng nhận cơ bản,https://tinnhiemmang.vn/danh-ba-tin-nhiem/tankhangnongcongthanhhoagovvn-1723524357
tanphu-quocoai.thudo.gov.vn,"UBND xã Tân Phú, huyện Quốc Oai, Hà Nội",Hội đồng nhân dân & UBND,22/11/2024,Chứng nhận cơ bản,https://tinnhiemmang.vn/danh-ba-tin-nhiem/tanphu-quocoaithudogovvn-1732090878
tanphuc.nongcong.thanhhoa.gov.vn,"UBND xã Tân Phúc Huyện Nông Cống, Tỉnh Thanh Hóa",Hội đồng nhân dân & UBND,13/08/2024,Chứng nhận cơ bản,https://tinnhiemmang.vn/danh-ba-tin-nhiem/tanphucnongcongthanhhoagovvn-1723524390
tantho.nongcong.thanhhoa.gov.vn,"UBND xã Tân Thọ Huyện Nông Cống, Tỉnh Thanh Hóa",Hội đồng nhân dân & UBND,13/08/2024,Chứng nhận cơ bản,https://tinnhiemmang.vn/danh-ba-tin-nhiem/tanthonongcongthanhhoagovvn-1723524427
tantruong.thixanghison.thanhhoa.gov.vn,"UBND xã Tân Trường Thị xã Nghi Sơn, tỉnh Thanh Hóa",Hội đồng nhân dân & UBND,13/08/2024,Chứng nhận cơ bản,https://tinnhiemmang.vn/danh-ba-tin-nhiem/tantruongthixanghisonthanhhoagovvn-1723522147
taoduongvan-unghoa.thudo.gov.vn,"UBND Xã Tảo Dương Văn, Hà Nội",Hội đồng nhân dân & UBND,17/12/2024,Chứng nhận cơ bản,https://tinnhiemmang.vn/danh-ba-tin-nhiem/taoduongvan-unghoathudogovvn-1734402237
teloi.nongcong.thanhhoa.gov.vn,"UBND xã Tế Lợi Huyện Nông Cống, Tỉnh Thanh Hóa",Hội đồng nhân dân & UBND,13/08/2024,Chứng nhận cơ bản,https://tinnhiemmang.vn/danh-ba-tin-nhiem/teloinongcongthanhhoagovvn-1723531368
tenong.nongcong.thanhhoa.gov.vn,"UBND xã Tế Nông Huyện Nông Cống, Tỉnh Thanh Hóa",Hội đồng nhân dân & UBND,13/08/2024,Chứng nhận cơ bản,https://tinnhiemmang.vn/danh-ba-tin-nhiem/tenongnongcongthanhhoagovvn-1723524809
tethang.nongcong.thanhhoa.gov.vn,"UBND xã Tế Thắng Huyện Nông Cống, Tỉnh Thanh Hóa",Hội đồng nhân dân & UBND,13/08/2024,Chứng nhận cơ bản,https://tinnhiemmang.vn/danh-ba-tin-nhiem/tethangnongcongthanhhoagovvn-1723524846
thachthan-quocoai.thudo.gov.vn,"UBND xã Thạch Thán, huyện Quốc Oai, Hà Nội",Hội đồng nhân dân & UBND,22/11/2024,Chứng nhận cơ bản,https://tinnhiemmang.vn/danh-ba-tin-nhiem/thachthan-quocoaithudogovvn-1732084758
thangbinh.nongcong.thanhhoa.gov.vn,"UBND xã Thăng Bình Huyện Nông Cống, Tỉnh Thanh Hóa",Hội đồng nhân dân & UBND,13/08/2024,Chứng nhận cơ bản,https://tinnhiemmang.vn/danh-ba-tin-nhiem/thangbinhnongcongthanhhoagovvn-1723531643
thanglong.nongcong.thanhhoa.gov.vn,"UBND xã Thăng Long Huyện Nông Cống, Tỉnh Thanh Hóa",Hội đồng nhân dân & UBND,13/08/2024,Chứng nhận cơ bản,https://tinnhiemmang.vn/danh-ba-tin-nhiem/thanglongnongcongthanhhoagovvn-1723531577
thangtho.nongcong.thanhhoa.gov.vn,"UBND xã Thăng Thọ Huyện Nông Cống, Tỉnh Thanh Hóa",Hội đồng nhân dân & UBND,13/08/2024,Chứng nhận cơ bản,https://tinnhiemmang.vn/danh-ba-tin-nhiem/thangthonongcongthanhhoagovvn-1723531611
thanhlam.bathuoc.thanhhoa.gov.vn,"UBND Xã Thành Lâm, Huyện Bá Thước, tỉnh Thanh Hóa",Hội đồng nhân dân & UBND,21/08/2024,Chứng nhận cơ bản,https://tinnhiemmang.vn/danh-ba-tin-nhiem/thanhlambathuocthanhhoagovvn-1724148994
thanhmy.sontay.hanoi.gov.vn,"UBND xã Thanh Mỹ, thị xã Sơn Tây, Hà Nội",Hội đồng nhân dân & UBND,27/11/2024,Chứng nhận cơ bản,https://tinnhiemmang.vn/danh-ba-tin-nhiem/thanhmysontayhanoigovvn-1732682579
thanhson.bathuoc.thanhhoa.gov.vn,"UBND Xã Thành Sơn, Huyện Bá Thước, tỉnh Thanh Hóa",Hội đồng nhân dân & UBND,21/08/2024,Chứng nhận cơ bản,https://tinnhiemmang.vn/danh-ba-tin-nhiem/thanhsonbathuocthanhhoagovvn-1724149026
thbausen.vungtaubrvt.edu.vn,Trường Tiểu học Bàu Sen,Tổ chức nhà nước,10/10/2024,Chứng nhận cơ bản,https://tinnhiemmang.vn/danh-ba-tin-nhiem/thbausenvungtaubrvteduvn-1714037205
thbinhminh.vungtaubrvt.edu.vn,Trường Tiểu học Bình Minh,Tổ chức nhà nước,10/10/2024,Chứng nhận cơ bản,https://tinnhiemmang.vn/danh-ba-tin-nhiem/thbinhminhvungtaubrvteduvn-1714018735
thbuithixuan.vungtaubrvt.edu.vn,Trường Tiểu học Bùi Thị Xuân,Tổ chức nhà nước,10/10/2024,Chứng nhận cơ bản,https://tinnhiemmang.vn/danh-ba-tin-nhiem/thbuithixuanvungtaubrvteduvn-1714019720
thchilinh.vungtaubrvt.edu.vn,Trường Tiểu học Chí Linh,Tổ chức nhà nước,10/10/2024,Chứng nhận cơ bản,https://tinnhiemmang.vn/danh-ba-tin-nhiem/thchilinhvungtaubrvteduvn-1714020019
thcsbachdang.vungtaubrvt.edu.vn,Trường Trung học cơ sở Bạch Đằng,Tổ chức nhà nước,20/05/2024,Chứng nhận cơ bản,https://tinnhiemmang.vn/danh-ba-tin-nhiem/thcsbachdangvungtaubrvteduvn-1715160774
thcsvungtau.vungtaubrvt.edu.vn,Trường Trung học cơ sở Vũng Tàu,Tổ chức nhà nước,20/05/2024,Chứng nhận cơ bản,https://tinnhiemmang.vn/danh-ba-tin-nhiem/thcsvungtauvungtaubrvteduvn-1715159140
thdoanket.vungtaubrvt.edu.vn,Trường Tiểu học Đoàn Kết,Tổ chức nhà nước,10/10/2024,Chứng nhận cơ bản,https://tinnhiemmang.vn/danh-ba-tin-nhiem/thdoanketvungtaubrvteduvn-1714036993
thhainam.vungtaubrvt.edu.vn,Trường Tiểu học Hải Nam,Tổ chức nhà nước,10/10/2024,Chứng nhận cơ bản,https://tinnhiemmang.vn/danh-ba-tin-nhiem/thhainamvungtaubrvteduvn-1714031765
thhalong.vungtaubrvt.edu.vn,Trường Tiểu học Hạ Long,Tổ chức nhà nước,10/10/2024,Chứng nhận cơ bản,https://tinnhiemmang.vn/danh-ba-tin-nhiem/thhalongvungtaubrvteduvn-1714022356
thhoabinh.vungtaubrvt.edu.vn,Trường Tiểu học Hòa Bình,Tổ chức nhà nước,10/10/2024,Chứng nhận cơ bản,https://tinnhiemmang.vn/danh-ba-tin-nhiem/thhoabinhvungtaubrvteduvn-1714039025
thietke.bathuoc.thanhhoa.gov.vn,"UBND Xã Thiết Kế, Huyện Bá Thước, tỉnh Thanh Hóa",Hội đồng nhân dân & UBND,21/08/2024,Chứng nhận cơ bản,https://tinnhiemmang.vn/danh-ba-tin-nhiem/thietkebathuocthanhhoagovvn-1724148763
thietong.bathuoc.thanhhoa.gov.vn,"UBND Xã Thiết Ống, Huyện Bá Thước, tỉnh Thanh Hóa",Hội đồng nhân dân & UBND,21/08/2024,Chứng nhận cơ bản,https://tinnhiemmang.vn/danh-ba-tin-nhiem/thietongbathuocthanhhoagovvn-1724149057
thieukhanh.tpthanhhoa.thanhhoa.gov.vn,"UBND Phường Thiệu Khánh, Thành phố Thanh Hóa, tỉnh Thanh Hóa",Hội đồng nhân dân & UBND,26/09/2024,Chứng nhận cơ bản,https://tinnhiemmang.vn/danh-ba-tin-nhiem/thieukhanhtpthanhhoathanhhoagovvn-1727319110
thieuvan.tpthanhhoa.thanhhoa.gov.vn,"UBND Xã Thiệu Vân, Thành phố Thanh Hóa, tỉnh Thanh Hóa",Hội đồng nhân dân & UBND,26/09/2024,Chứng nhận cơ bản,https://tinnhiemmang.vn/danh-ba-tin-nhiem/thieuvantpthanhhoathanhhoagovvn-1727319153
thitran.nongcong.thanhhoa.gov.vn,"UBND thị trấn Nông Cống Huyện Nông Cống, Tỉnh Thanh Hóa",Hội đồng nhân dân & UBND,13/08/2024,Chứng nhận cơ bản,https://tinnhiemmang.vn/danh-ba-tin-nhiem/thitrannongcongthanhhoagovvn-1723532196
thitran.thuongxuan.thanhhoa.gov.vn,Ủy ban nhân dân Thị trấn Thường Xuân,Hội đồng nhân dân & UBND,02/05/2024,Chứng nhận cơ bản,https://tinnhiemmang.vn/danh-ba-tin-nhiem/thitranthuongxuanthanhhoagovvn-1714105937
thitrancanhnang.bathuoc.thanhhoa.gov.vn,"UBND Thị trấn Cành Nàng, Huyện Bá Thước, tỉnh Thanh Hóa",Hội đồng nhân dân & UBND,21/08/2024,Chứng nhận cơ bản,https://tinnhiemmang.vn/danh-ba-tin-nhiem/thitrancanhnangbathuocthanhhoagovvn-1724148731
thitrantanphong.quangxuong.thanhhoa.gov.vn,"UBND Thị trấn Tân Phong Huyện Quảng Xương, Tỉnh Thanh Hóa",Hội đồng nhân dân & UBND,13/08/2024,Chứng nhận cơ bản,https://tinnhiemmang.vn/danh-ba-tin-nhiem/thitrantanphongquangxuongthanhhoagovvn-1723523001
thitrantraxuan.trabong.quangngai.gov.vn,Uỷ ban nhân dân thị trấn Trà Xuân,Hội đồng nhân dân & UBND,07/11/2024,Chứng nhận cơ bản,https://tinnhiemmang.vn/danh-ba-tin-nhiem/thitrantraxuantrabongquangngaigovvn-1730378875
thleloi.vungtaubrvt.edu.vn,Trường Tiểu học Lê Lợi,Tổ chức nhà nước,10/10/2024,Chứng nhận cơ bản,https://tinnhiemmang.vn/danh-ba-tin-nhiem/thleloivungtaubrvteduvn-1714032893
thlongson1.vungtaubrvt.edu.vn,Trường Tiểu học Long Sơn 1,Tổ chức nhà nước,10/10/2024,Chứng nhận cơ bản,https://tinnhiemmang.vn/danh-ba-tin-nhiem/thlongson1vungtaubrvteduvn-1714037503
thlongson2.vungtaubrvt.edu.vn,Trường Tiểu học Long Sơn 2,Tổ chức nhà nước,10/10/2024,Chứng nhận cơ bản,https://tinnhiemmang.vn/danh-ba-tin-nhiem/thlongson2vungtaubrvteduvn-1714037482
thluuchihieu.vungtaubrvt.edu.vn,Trường Tiểu học Lưu Chí Hiếu,Tổ chức nhà nước,10/10/2024,Chứng nhận cơ bản,https://tinnhiemmang.vn/danh-ba-tin-nhiem/thluuchihieuvungtaubrvteduvn-1714018241
thlytutrong.vungtaubrvt.edu.vn,"Trường Tiểu học Lý Tự trọng, TP. Vũng Tàu, Tỉnh BRVT",Tổ chức nhà nước,17/10/2024,Chứng nhận cơ bản,https://tinnhiemmang.vn/danh-ba-tin-nhiem/thlytutrongvungtaubrvteduvn-1728884108
thnguyenbinhkhiem.vungtaubrvt.edu.vn,Trường Tiểu học Nguyễn Bỉnh Khiêm,Tổ chức nhà nước,10/10/2024,Chứng nhận cơ bản,https://tinnhiemmang.vn/danh-ba-tin-nhiem/thnguyenbinhkhiemvungtaubrvteduvn-1714018554
thnguyenhuucanh.vungtaubrvt.edu.vn,Trường Tiểu học Nguyễn Hữu Cảnh,Tổ chức nhà nước,10/10/2024,Chứng nhận cơ bản,https://tinnhiemmang.vn/danh-ba-tin-nhiem/thnguyenhuucanhvungtaubrvteduvn-1714037770
thnguyenthaihoc.vungtaubrvt.edu.vn,Trường Tiểu học Nguyễn Thái Học,Tổ chức nhà nước,10/10/2024,Chứng nhận cơ bản,https://tinnhiemmang.vn/danh-ba-tin-nhiem/thnguyenthaihocvungtaubrvteduvn-1714034420
thnguyenvietxuan.vungtaubrvt.edu.vn,Trường Tiểu học Nguyễn Viết Xuân,Tổ chức nhà nước,10/10/2024,Chứng nhận cơ bản,https://tinnhiemmang.vn/danh-ba-tin-nhiem/thnguyenvietxuanvungtaubrvteduvn-1714034615
thongkedienbien.gov.vn,Cục Thống kê Điện Biên,Chính phủ Việt Nam,11/10/2024,Chứng nhận cơ bản,https://tinnhiemmang.vn/danh-ba-tin-nhiem/thongkedienbiengovvn-1728550340
thongkehd.gov.vn,Cục thống kê tỉnh Hải Dương,Chính phủ Việt Nam,07/10/2024,Chứng nhận cơ bản,https://tinnhiemmang.vn/danh-ba-tin-nhiem/thongkehdgovvn-1728268407
thongnhat.yendinh.thanhhoa.gov.vn,"UBND Thị trấn Thống Nhất, Huyện Yên Định, tỉnh Thanh Hóa",Hội đồng nhân dân & UBND,25/10/2024,Chứng nhận cơ bản,https://tinnhiemmang.vn/danh-ba-tin-nhiem/thongnhatyendinhthanhhoagovvn-1729824509
thphuocan.vungtaubrvt.edu.vn,Trường Tiểu học Phước An,Tổ chức nhà nước,10/10/2024,Chứng nhận cơ bản,https://tinnhiemmang.vn/danh-ba-tin-nhiem/thphuocanvungtaubrvteduvn-1714037734
thphuocthang.vungtaubrvt.edu.vn,Trường Tiểu học Phước Thắng,Tổ chức nhà nước,10/10/2024,Chứng nhận cơ bản,https://tinnhiemmang.vn/danh-ba-tin-nhiem/thphuocthangvungtaubrvteduvn-1714035001
thquangtrung.vungtaubrvt.edu.vn,"Trường Tiểu học Quang Trung, TP Vũng Tàu, tỉnh Bà Rịa - Vũng Tàu",Tổ chức nhà nước,17/10/2024,Chứng nhận cơ bản,https://tinnhiemmang.vn/danh-ba-tin-nhiem/thquangtrungvungtaubrvteduvn-1728884660
ththangnhat.vungtaubrvt.edu.vn,Trường Tiểu học Thắng Nhất,Tổ chức nhà nước,10/10/2024,Chứng nhận cơ bản,https://tinnhiemmang.vn/danh-ba-tin-nhiem/ththangnhatvungtaubrvteduvn-1714036508
ththangnhi.vungtaubrvt.edu.vn,Trường Tiểu học Thắng Nhì,Tổ chức nhà nước,10/10/2024,Chứng nhận cơ bản,https://tinnhiemmang.vn/danh-ba-tin-nhiem/ththangnhivungtaubrvteduvn-1714035299
ththangtam.vungtaubrvt.edu.vn,Trường Tiểu học Thắng Tam,Tổ chức nhà nước,10/10/2024,Chứng nhận cơ bản,https://tinnhiemmang.vn/danh-ba-tin-nhiem/ththangtamvungtaubrvteduvn-1714035704
thtrungvuong.vungtaubrvt.edu.vn,"Trường Tiểu học Trưng Vương, Bà Rịa - Vũng Tàu",Tổ chức nhà nước,10/10/2024,Chứng nhận cơ bản,https://tinnhiemmang.vn/danh-ba-tin-nhiem/thtrungvuongvungtaubrvteduvn-1714035946
thtruongcongdinh.vungtaubrvt.edu.vn,Trường Tiểu học Trương Công Định,Tổ chức nhà nước,10/10/2024,Chứng nhận cơ bản,https://tinnhiemmang.vn/danh-ba-tin-nhiem/thtruongcongdinhvungtaubrvteduvn-1714036421
thuathienhue.gov.vn,HĐND & UBND tỉnh Thừa Thiên Huế,Hội đồng nhân dân & UBND,Đã xác thực chính thức,Chứng nhận cơ bản,https://tinnhiemmang.vn/danh-ba-tin-nhiem/thuathienhue.gov.vn
thuyxuantien.chuongmy.hanoi.gov.vn,"UBND huyện Chương Mỹ, Hà Nội",Hội đồng nhân dân & UBND,11/11/2024,Chứng nhận cơ bản,https://tinnhiemmang.vn/danh-ba-tin-nhiem/thuyxuantienchuongmyhanoigovvn-1730974629
thvonguyengiap.vungtaubrvt.edu.vn,Trường Tiểu học Võ Nguyên Giáp,Tổ chức nhà nước,10/10/2024,Chứng nhận cơ bản,https://tinnhiemmang.vn/danh-ba-tin-nhiem/thvonguyengiapvungtaubrvteduvn-1714036651
tienphong.bavi.hanoi.gov.vn,"UBND Xã Tiên Phong - Huyện Ba Vì, Hà Nội",Hội đồng nhân dân & UBND,11/11/2024,Chứng nhận cơ bản,https://tinnhiemmang.vn/danh-ba-tin-nhiem/tienphongbavihanoigovvn-1731049125
tientrang.quangxuong.thanhhoa.gov.vn,"UBND xã Tiên Trang Huyện Quảng Xương, Tỉnh Thanh Hóa",Hội đồng nhân dân & UBND,13/08/2024,Chứng nhận cơ bản,https://tinnhiemmang.vn/danh-ba-tin-nhiem/tientrangquangxuongthanhhoagovvn-1723523043
tinhhai.thixanghison.thanhhoa.gov.vn,"UBND phường Tĩnh Hải Thị xã Nghi Sơn, tỉnh Thanh Hóa",Hội đồng nhân dân & UBND,13/08/2024,Chứng nhận cơ bản,https://tinnhiemmang.vn/danh-ba-tin-nhiem/tinhhaithixanghisonthanhhoagovvn-1723522732
tongbat.bavi.hanoi.gov.vn,"UBND Xã Tòng Bạt - Huyện Ba Vì, Hà Nội",Hội đồng nhân dân & UBND,11/11/2024,Chứng nhận cơ bản,https://tinnhiemmang.vn/danh-ba-tin-nhiem/tongbatbavihanoigovvn-1731049247
tramlong-unghoa.thudo.gov.vn,"UBND Xã Trầm Lộng, Hà Nội",Hội đồng nhân dân & UBND,17/12/2024,Chứng nhận cơ bản,https://tinnhiemmang.vn/danh-ba-tin-nhiem/tramlong-unghoathudogovvn-1734401590
trauquy.gialam.hanoi.gov.vn,"UBND Thị trấn Trâu Quỳ, Gia Lâm, Hà Nội",Hội đồng nhân dân & UBND,11/11/2024,Chứng nhận cơ bản,https://tinnhiemmang.vn/danh-ba-tin-nhiem/trauquygialamhanoigovvn-1731049378
trieuloc.hauloc.thanhhoa.gov.vn,"UBND xã Triệu Lộc, Huyện Hậu Lộc, tỉnh Thanh Hóa",Hội đồng nhân dân & UBND,21/08/2024,Chứng nhận cơ bản,https://tinnhiemmang.vn/danh-ba-tin-nhiem/trieulochaulocthanhhoagovvn-1724210277
truclam.thixanghison.thanhhoa.gov.vn,"UBND phường Trúc Lâm Thị xã Nghi Sơn, tỉnh Thanh Hóa",Hội đồng nhân dân & UBND,13/08/2024,Chứng nhận cơ bản,https://tinnhiemmang.vn/danh-ba-tin-nhiem/truclamthixanghisonthanhhoagovvn-1723522767
trungmau.gialam.hanoi.gov.vn,"UBND xã Trung Mầu, Gia Lâm, Hà Nội",Hội đồng nhân dân & UBND,11/11/2024,Chứng nhận cơ bản,https://tinnhiemmang.vn/danh-ba-tin-nhiem/trungmaugialamhanoigovvn-1731050811
trungtamytetpkontum.vn,Trung tâm Y tế thành phố Kon Tum,Tổ chức nhà nước,09/10/2024,Chứng nhận cơ bản,https://tinnhiemmang.vn/danh-ba-tin-nhiem/trungtamytetpkontumvn-1728355356
trungtamytevinhthanh.vn,Trung tâm Y tế huyện Vĩnh Thạnh,Tổ chức nhà nước,16/07/2024,Chứng nhận cơ bản,https://tinnhiemmang.vn/danh-ba-tin-nhiem/trungtamytevinhthanhvn-1684220970
trungthanh.nongcong.thanhhoa.gov.vn,"UBND xã Trung Thành Huyện Nông Cống, Tỉnh Thanh Hóa",Hội đồng nhân dân & UBND,13/08/2024,Chứng nhận cơ bản,https://tinnhiemmang.vn/danh-ba-tin-nhiem/trungthanhnongcongthanhhoagovvn-1723524771
truonggiang.nongcong.thanhhoa.gov.vn,"UBND xã Trường Giang Huyện Nông Cống, Tỉnh Thanh Hóa",Hội đồng nhân dân & UBND,13/08/2024,Chứng nhận cơ bản,https://tinnhiemmang.vn/danh-ba-tin-nhiem/truonggiangnongcongthanhhoagovvn-1723531676
truonglam.thixanghison.thanhhoa.gov.vn,"UBND xã Trường Lâm Thị xã Nghi Sơn, tỉnh Thanh Hóa",Hội đồng nhân dân & UBND,13/08/2024,Chứng nhận cơ bản,https://tinnhiemmang.vn/danh-ba-tin-nhiem/truonglamthixanghisonthanhhoagovvn-1723522475
truongminh.nongcong.thanhhoa.gov.vn,"UBND xã Trường Minh Huyện Nông Cống, Tỉnh Thanh Hóa",Hội đồng nhân dân & UBND,13/08/2024,Chứng nhận cơ bản,https://tinnhiemmang.vn/danh-ba-tin-nhiem/truongminhnongcongthanhhoagovvn-1723531708
truongson.nongcong.thanhhoa.gov.vn,"UBND xã Trường Sơn Huyện Nông Cống, Tỉnh Thanh Hóa",Hội đồng nhân dân & UBND,13/08/2024,Chứng nhận cơ bản,https://tinnhiemmang.vn/danh-ba-tin-nhiem/truongsonnongcongthanhhoagovvn-1723531923
truongthinh-unghoa.thudo.gov.vn,"UBND Xã Trường Thịnh, Hà Nội",Hội đồng nhân dân & UBND,17/12/2024,Chứng nhận cơ bản,https://tinnhiemmang.vn/danh-ba-tin-nhiem/truongthinh-unghoathudogovvn-1734401052
truongtrung.nongcong.thanhhoa.gov.vn,"UBND xã Trường Trung Huyện Nông Cống, Tỉnh Thanh Hóa",Hội đồng nhân dân & UBND,13/08/2024,Chứng nhận cơ bản,https://tinnhiemmang.vn/danh-ba-tin-nhiem/truongtrungnongcongthanhhoagovvn-1723531955
ttyenvien.gialam.hanoi.gov.vn,"UBND Thị trấn Yên Viên, Huyện Gia Lâm, Thành phố Hà Nội",Hội đồng nhân dân & UBND,11/11/2024,Chứng nhận cơ bản,https://tinnhiemmang.vn/danh-ba-tin-nhiem/ttyenviengialamhanoigovvn-1731049403
ttytnhuxuan.org.vn,Trung tâm y tế huyện Như Xuân tỉnh Thanh Hóa,Tổ chức nhà nước,17/10/2024,Chứng nhận cơ bản,https://tinnhiemmang.vn/danh-ba-tin-nhiem/ttytnhuxuanorgvn-1729133444
tunglam.thixanghison.thanhhoa.gov.vn,"UBND xã Tùng Lâm Thị xã Nghi Sơn, tỉnh Thanh Hóa",Hội đồng nhân dân & UBND,13/08/2024,Chứng nhận cơ bản,https://tinnhiemmang.vn/danh-ba-tin-nhiem/tunglamthixanghisonthanhhoagovvn-1723522109
tuonglinh.nongcong.thanhhoa.gov.vn,"UBND xã Tượng Lĩnh Huyện Nông Cống, Tỉnh Thanh Hóa",Hội đồng nhân dân & UBND,13/08/2024,Chứng nhận cơ bản,https://tinnhiemmang.vn/danh-ba-tin-nhiem/tuonglinhnongcongthanhhoagovvn-1723531988
tuongson.nongcong.thanhhoa.gov.vn,"UBND xã Tượng Sơn Huyện Nông Cống, Tỉnh Thanh Hóa",Hội đồng nhân dân & UBND,13/08/2024,Chứng nhận cơ bản,https://tinnhiemmang.vn/danh-ba-tin-nhiem/tuongsonnongcongthanhhoagovvn-1723532019
tuongvan.nongcong.thanhhoa.gov.vn,"UBND xã Tượng Văn Huyện Nông Cống, Tỉnh Thanh Hóa",Hội đồng nhân dân & UBND,13/08/2024,Chứng nhận cơ bản,https://tinnhiemmang.vn/danh-ba-tin-nhiem/tuongvannongcongthanhhoagovvn-1723532053
tuyengiao.vn,Ban Tuyên giáo Trung ương,Đảng Cộng sản Việt Nam,Đã xác thực chính thức,Chứng nhận nâng cao,https://tinnhiemmang.vn/danh-ba-tin-nhiem/tuyengiao.vn
tuyetnghia-quocoai.thudo.gov.vn,"UBND xã Tuyết Nghĩa, huyện Quốc Oai, Hà Nội",Hội đồng nhân dân & UBND,22/11/2024,Chứng nhận cơ bản,https://tinnhiemmang.vn/danh-ba-tin-nhiem/tuyetnghia-quocoaithudogovvn-1732084976
tvqh.quochoi.vn,Thư viện Quốc hội Việt Nam,Quốc hội Việt Nam,Đã xác thực chính thức,Chứng nhận cơ bản,https://tinnhiemmang.vn/danh-ba-tin-nhiem/tvqh.quochoi.vn
vandinh-unghoa.thudo.gov.vn,"UBND Thị trấn Vân Đình, Hà Nội",Hội đồng nhân dân & UBND,17/12/2024,Chứng nhận cơ bản,https://tinnhiemmang.vn/danh-ba-tin-nhiem/vandinh-unghoathudogovvn-1734402192
vanduc.gialam.hanoi.gov.vn,"UBND xã Văn Đức, Gia Lâm, Hà Nội",Hội đồng nhân dân & UBND,11/11/2024,Chứng nhận cơ bản,https://tinnhiemmang.vn/danh-ba-tin-nhiem/vanducgialamhanoigovvn-1731049727
vanhoa.nongcong.thanhhoa.gov.vn,"UBND xã Vạn Hòa Huyện Nông Cống, Tỉnh Thanh Hóa",Hội đồng nhân dân & UBND,13/08/2024,Chứng nhận cơ bản,https://tinnhiemmang.vn/danh-ba-tin-nhiem/vanhoanongcongthanhhoagovvn-1723531502
vannho.bathuoc.thanhhoa.gov.vn,"UBND Xã Văn Nho, Huyện Bá Thước, tỉnh Thanh Hóa",Hội đồng nhân dân & UBND,21/08/2024,Chứng nhận cơ bản,https://tinnhiemmang.vn/danh-ba-tin-nhiem/vannhobathuocthanhhoagovvn-1724148697
vanthai-unghoa.thudo.gov.vn,"UBND Xã Vạn Thái, Hà Nội",Hội đồng nhân dân & UBND,17/12/2024,Chứng nhận cơ bản,https://tinnhiemmang.vn/danh-ba-tin-nhiem/vanthai-unghoathudogovvn-1734401201
vanthang.nongcong.thanhhoa.gov.vn,"UBND xã Vạn Thắng Huyện Nông Cống, Tỉnh Thanh Hóa",Hội đồng nhân dân & UBND,13/08/2024,Chứng nhận cơ bản,https://tinnhiemmang.vn/danh-ba-tin-nhiem/vanthangnongcongthanhhoagovvn-1723531536
vanthien.nongcong.thanhhoa.gov.vn,"UBND xã Vạn Thiện Huyện Nông Cống, Tỉnh Thanh Hóa",Hội đồng nhân dân & UBND,13/08/2024,Chứng nhận cơ bản,https://tinnhiemmang.vn/danh-ba-tin-nhiem/vanthiennongcongthanhhoagovvn-1723531469
vpcp.gov.vn,Văn phòng Chính phủ,Chính phủ Việt Nam,Đã xác thực chính thức,Chứng nhận cơ bản,https://tinnhiemmang.vn/danh-ba-tin-nhiem/vpcp.gov.vn
xaydungdang.org.vn,Tạp chí Xây dựng Đảng,Đảng Cộng sản Việt Nam,Đã xác thực chính thức,Chứng nhận cơ bản,https://tinnhiemmang.vn/danh-ba-tin-nhiem/xaydungdang.org.vn
xayenvien.gialam.hanoi.gov.vn,"UBND xã Yên Viên, Gia Lâm, Hà Nội",Hội đồng nhân dân & UBND,11/11/2024,Chứng nhận cơ bản,https://tinnhiemmang.vn/danh-ba-tin-nhiem/xayenviengialamhanoigovvn-1731050404
xuanduong.thuongxuan.thanhhoa.gov.vn,"Ủy ban nhân dân xã Xuân Dương, huyện Thường Xuân, tỉnh Thanh Hóa",Hội đồng nhân dân & UBND,02/05/2024,Chứng nhận cơ bản,https://tinnhiemmang.vn/danh-ba-tin-nhiem/xuanduongthuongxuanthanhhoagovvn-1714105779
xuanlam.thixanghison.thanhhoa.gov.vn,"UBND phường Xuân Lâm Thị xã Nghi Sơn, tỉnh Thanh Hóa",Hội đồng nhân dân & UBND,13/08/2024,Chứng nhận cơ bản,https://tinnhiemmang.vn/danh-ba-tin-nhiem/xuanlamthixanghisonthanhhoagovvn-1723522440
xuanson.sontay.hanoi.gov.vn,"UBND xã Xuân Sơn, thị xã Sơn Tây, Hà Nội",Hội đồng nhân dân & UBND,27/11/2024,Chứng nhận cơ bản,https://tinnhiemmang.vn/danh-ba-tin-nhiem/xuansonsontayhanoigovvn-1732682531
yenlam.yendinh.thanhhoa.gov.vn,"UBND Thị trấn Yên Lâm, Huyện Yên Định, tỉnh Thanh Hóa",Hội đồng nhân dân & UBND,25/11/2024,Chứng nhận cơ bản,https://tinnhiemmang.vn/danh-ba-tin-nhiem/yenlamyendinhthanhhoagovvn-1732250195
yenmy.nongcong.thanhhoa.gov.vn,"UBND xã Yên Mỹ Huyện Nông Cống, Tỉnh Thanh Hóa",Hội đồng nhân dân & UBND,13/08/2024,Chứng nhận cơ bản,https://tinnhiemmang.vn/danh-ba-tin-nhiem/yenmynongcongthanhhoagovvn-1723532093
yenninh.yendinh.thanhhoa.gov.vn,"UBND xã Yên Ninh, Huyện Yên Định, tỉnh Thanh Hóa",Hội đồng nhân dân & UBND,25/10/2024,Chứng nhận cơ bản,https://tinnhiemmang.vn/danh-ba-tin-nhiem/yenninhyendinhthanhhoagovvn-1729824356
yenphong.yendinh.thanhhoa.gov.vn,"UBND xã Yên Phong, Huyện Yên Định, tỉnh Thanh Hóa",Hội đồng nhân dân & UBND,25/11/2024,Chứng nhận cơ bản,https://tinnhiemmang.vn/danh-ba-tin-nhiem/yenphongyendinhthanhhoagovvn-1732250225
yenson-quocoai.thudo.gov.vn,"UBND xã Yên Sơn,  Hà Nội",Hội đồng nhân dân & UBND,22/11/2024,Chứng nhận cơ bản,https://tinnhiemmang.vn/danh-ba-tin-nhiem/yenson-quocoaithudogovvn-1732084613
yentam.yendinh.thanhhoa.gov.vn,"UBND xã Yên Tâm, Huyện Yên Định, tỉnh Thanh Hóa",Hội đồng nhân dân & UBND,25/11/2024,Chứng nhận cơ bản,https://tinnhiemmang.vn/danh-ba-tin-nhiem/yentamyendinhthanhhoagovvn-1732250261
yenthai.yendinh.thanhhoa.gov.vn,"UBND xã Yên Thái, Huyện Yên Định, tỉnh Thanh Hóa",Hội đồng nhân dân & UBND,25/10/2024,Chứng nhận cơ bản,https://tinnhiemmang.vn/danh-ba-tin-nhiem/yenthaiyendinhthanhhoagovvn-1729824542
yentho.yendinh.thanhhoa.gov.vn,"UBND xã Yên Thọ, Huyện Yên Định, tỉnh Thanh Hóa",Hội đồng nhân dân & UBND,25/10/2024,Chứng nhận cơ bản,https://tinnhiemmang.vn/danh-ba-tin-nhiem/yenthoyendinhthanhhoagovvn-1729824577
yenthuong.gialam.hanoi.gov.vn,"UBND xã Yên Thường, Gia Lâm, Hà Nội",Hội đồng nhân dân & UBND,11/11/2024,Chứng nhận cơ bản,https://tinnhiemmang.vn/danh-ba-tin-nhiem/yenthuonggialamhanoigovvn-1731050257
yentruong.yendinh.thanhhoa.gov.vn,"UBND xã Yên Trường, Huyện Yên Định, tỉnh Thanh Hóa",Hội đồng nhân dân & UBND,25/10/2024,Chứng nhận cơ bản,https://tinnhiemmang.vn/danh-ba-tin-nhiem/yentruongyendinhthanhhoagovvn-1729824392
ytedateh.vn,Trung tâm Y tế Huyện Đạ Tẻh,Tổ chức nhà nước,15/06/2023,Chứng nhận cơ bản,https://tinnhiemmang.vn/danh-ba-tin-nhiem/ytedatehvn-1686532944
ytethachthanh.gov.vn,Trung tâm y tế huyện Thạch Thành,Hội đồng nhân dân & UBND,26/09/2024,Chứng nhận cơ bản,https://tinnhiemmang.vn/danh-ba-tin-nhiem/ytethachthanhgovvn-1727317327
