domain,owner,type,certified_date,cert_level,detail_url
acb.com.vn,Ngân hàng TMCP Á Châu (ACB),Ngân hàng - Tài chính,Đã xác thực chính thức,Chứng nhận cơ bản,https://tinnhiemmang.vn/danh-ba-tin-nhiem/acb.com.vn
agribank.com.vn,Ngân hàng Nông nghiệp và Phát triển Nông thôn Việt Nam (Agribank),Ngân hàng - Tài chính,Đã xác thực chính thức,Chứng nhận cơ bản,https://tinnhiemmang.vn/danh-ba-tin-nhiem/agribank.com.vn
angiang.gov.vn,UBND tỉnh An Giang,Tổ chức nhà nước,Đã xác thực chính thức,Chứng nhận cơ bản,https://tinnhiemmang.vn/danh-ba-tin-nhiem/angiang.gov.vn
anhoa.kimson.ninhbinh.gov.vn,"Uỷ ban nhân dân xã Ân Hoà, huyện Kim Sơn, tỉnh Ninh Bình",Tổ chức nhà nước,27/06/2024,Chứng nhận cơ bản,https://tinnhiemmang.vn/danh-ba-tin-nhiem/anhoakimsonninhbinhgovvn-1719453151
baclieu.gov.vn,UBND tỉnh Bạc Liêu,Tổ chức nhà nước,Đã xác thực chính thức,Chứng nhận cơ bản,https://tinnhiemmang.vn/danh-ba-tin-nhiem/baclieu.gov.vn
bacninh.gov.vn,UBND tỉnh Bắc Ninh,Tổ chức nhà nước,Đã xác thực chính thức,Chứng nhận cơ bản,https://tinnhiemmang.vn/danh-ba-tin-nhiem/bacninh.gov.vn
baohiemxahoi.gov.vn,Bảo hiểm Xã hội Việt Nam,Tổ chức nhà nước,Đã xác thực chính thức,Chứng nhận cơ bản,https://tinnhiemmang.vn/danh-ba-tin-nhiem/baohiemxahoi.gov.vn
baotangdanang.vn,Bảo tàng Đà Nẵng,Tổ chức nhà nước,29/10/2024,Chứng nhận cơ bản,https://tinnhiemmang.vn/danh-ba-tin-nhiem/baotangdanangvn-1729566355
baotonpuluong.vn,Ban Quản lý Khu Bảo tồn thiên nhiên Pù Luông tỉnh Thanh Hóa,Tổ chức nhà nước,17/10/2024,Chứng nhận cơ bản,https://tinnhiemmang.vn/danh-ba-tin-nhiem/baotonpuluongvn-1729132963
baovietbank.com.vn,Ngân hàng TMCP Bảo Việt (BaoViet Bank),Ngân hàng - Tài chính,Đã xác thực chính thức,Chứng nhận cơ bản,https://tinnhiemmang.vn/danh-ba-tin-nhiem/baovietbank.com.vn
baria-vungtau.gov.vn,UBND tỉnh Bà Rịa - Vũng Tàu,Tổ chức nhà nước,Đã xác thực chính thức,Chứng nhận cơ bản,https://tinnhiemmang.vn/danh-ba-tin-nhiem/baria-vungtau.gov.vn
benennp.com.vn,Ban quản lý Vườn quốc gia Bến En tỉnh Thanh Hóa,Tổ chức nhà nước,17/10/2024,Chứng nhận cơ bản,https://tinnhiemmang.vn/danh-ba-tin-nhiem/benennpcomvn-1729132920
benhviendakhoaquangxuong.vn,Bệnh viện Đa khoa huyện Quảng Xương,Tổ chức nhà nước,26/09/2024,Chứng nhận cơ bản,https://tinnhiemmang.vn/danh-ba-tin-nhiem/benhviendakhoaquangxuongvn-1727233140
benhviendakhoathachthanh.com.vn,Bệnh viện Đa khoa huyện Thạch Thành tỉnh Thanh Hóa,Tổ chức nhà nước,17/10/2024,Chứng nhận cơ bản,https://tinnhiemmang.vn/danh-ba-tin-nhiem/benhviendakhoathachthanhcomvn-1729133565
benhviendalieuhanoi.com,Bệnh viện Da Liễu Hà Nội,Tổ chức nhà nước,11/11/2024,Chứng nhận cơ bản,https://tinnhiemmang.vn/danh-ba-tin-nhiem/benhviendalieuhanoicom-1730973833
benhviendktpthanhhoa.vn,Bệnh viện Đa khoa Thành phố Thanh Hoá,Tổ chức nhà nước,26/09/2024,Chứng nhận cơ bản,https://tinnhiemmang.vn/danh-ba-tin-nhiem/benhviendktpthanhhoavn-1727317000
benhvientamthanthanhhoa.org.vn,Bệnh viện Tâm thần tỉnh Thanh Hoá,Tổ chức nhà nước,17/10/2024,Chứng nhận cơ bản,https://tinnhiemmang.vn/danh-ba-tin-nhiem/benhvientamthanthanhhoaorgvn-1729133182
benhvienthoxuan.vn,"Bệnh viện Đa khoa huyện Thọ Xuân, Thanh Hóa",Tổ chức nhà nước,02/10/2024,Chứng nhận cơ bản,https://tinnhiemmang.vn/danh-ba-tin-nhiem/benhvienthoxuanvn-1727681881
benhvientimhanoi.vn,Bệnh viện tim Hà Nội,Tổ chức nhà nước,11/11/2024,Chứng nhận cơ bản,https://tinnhiemmang.vn/danh-ba-tin-nhiem/benhvientimhanoivn-1730973366
benhvienungbuouthanhhoa.vn,Bệnh viện Ung bướu tỉnh Thanh Hóa,Tổ chức nhà nước,17/10/2024,Chứng nhận cơ bản,https://tinnhiemmang.vn/danh-ba-tin-nhiem/benhvienungbuouthanhhoavn-1729133224
benhvienyduoccotruyenphutho.com,Bệnh viện Y dược cổ truyền và phục hồi chức năng tỉnh Phú Thọ,Cơ quan nhà nước,08/08/2024,Chứng nhận cơ bản,https://tinnhiemmang.vn/danh-ba-tin-nhiem/benhvienyduoccotruyenphuthocom-1723002095
bentre.gov.vn,UBND tỉnh Bến Tre,Tổ chức nhà nước,Đã xác thực chính thức,Chứng nhận cơ bản,https://tinnhiemmang.vn/danh-ba-tin-nhiem/bentre.gov.vn
bichdao.tpninhbinh.ninhbinh.gov.vn,"Uỷ ban nhân dân phường Bích Đào, thành phố Ninh Bình, tỉnh Ninh Bình",Tổ chức nhà nước,27/06/2024,Chứng nhận cơ bản,https://tinnhiemmang.vn/danh-ba-tin-nhiem/bichdaotpninhbinhninhbinhgovvn-1719472917
bidv.com.vn,Ngân hàng TMCP Đầu tư và Phát triển Việt Nam (BIDV),Ngân hàng - Tài chính,Đã xác thực chính thức,Chứng nhận cơ bản,https://tinnhiemmang.vn/danh-ba-tin-nhiem/bidv.com.vn
binhdinh.gov.vn,UBND tỉnh Bình Định,Tổ chức nhà nước,Đã xác thực chính thức,Chứng nhận cơ bản,https://tinnhiemmang.vn/danh-ba-tin-nhiem/binhdinh.gov.vn
binhphuoc.gov.vn,UBND tỉnh Bình Phước,Tổ chức nhà nước,Đã xác thực chính thức,Chứng nhận cơ bản,https://tinnhiemmang.vn/danh-ba-tin-nhiem/binhphuoc.gov.vn
bocongan.gov.vn,Bộ Công an,Tổ chức nhà nước,Đã xác thực chính thức,Chứng nhận cơ bản,https://tinnhiemmang.vn/danh-ba-tin-nhiem/bocongan.gov.vn
bvdkmelinh.vn,Bệnh viện Đa khoa huyện Mê Linh,Tổ chức nhà nước,27/11/2024,Chứng nhận cơ bản,https://tinnhiemmang.vn/danh-ba-tin-nhiem/bvdkmelinhvn-1732695421
bvdkquanson.com.vn,"Bệnh viện đa khoa huyện Quan Sơn, tỉnh Thanh Hóa",Tổ chức nhà nước,25/11/2024,Chứng nhận cơ bản,https://tinnhiemmang.vn/danh-ba-tin-nhiem/bvdkquansoncomvn-1732249868
bvdksamson.vn,Bệnh viện Đa khoa Thành phố Sầm Sơn,Tổ chức nhà nước,17/10/2024,Chứng nhận cơ bản,https://tinnhiemmang.vn/danh-ba-tin-nhiem/bvdksamsonvn-1729133270
bvdktinh.vinhlong.gov.vn,Bệnh viện Đa khoa Vĩnh Long,Tổ chức nhà nước,15/08/2024,Chứng nhận cơ bản,https://tinnhiemmang.vn/danh-ba-tin-nhiem/bvdktinhvinhlonggovvn-1723689323
bvdkvinhloc.gov.vn,"Bệnh viện đa khoa huyện Vĩnh Lộc, tỉnh Thanh Hóa",Tổ chức nhà nước,25/11/2024,Chứng nhận cơ bản,https://tinnhiemmang.vn/danh-ba-tin-nhiem/bvdkvinhlocgovvn-1732249908
bvhoaphu.vinhlong.gov.vn,Bệnh viện Đa khoa khu vực Hòa Phú tỉnh Vĩnh Long,Tổ chức nhà nước,15/08/2024,Chứng nhận cơ bản,https://tinnhiemmang.vn/danh-ba-tin-nhiem/bvhoaphuvinhlonggovvn-1723689425
bvkvnghison.vn,Bệnh viện Đa khoa khu vực Nghi Sơn tỉnh Thanh Hóa,Tổ chức nhà nước,17/10/2024,Chứng nhận cơ bản,https://tinnhiemmang.vn/danh-ba-tin-nhiem/bvkvnghisonvn-1729133480
bvnamlienchieu.com,Bệnh viện đa khoa Nam Liên Chiểu,Cơ quan nhà nước,17/07/2024,Chứng nhận cơ bản,https://tinnhiemmang.vn/danh-ba-tin-nhiem/bvnamlienchieucom-1657269063
bvnhuxuan.ytethanhhoa.gov.vn,Bệnh viện đa khoa huyện Như Xuân,Tổ chức nhà nước,26/09/2024,Chứng nhận cơ bản,https://tinnhiemmang.vn/danh-ba-tin-nhiem/bvnhuxuanytethanhhoagovvn-1727317048
bvp.vinhlong.gov.vn,Bệnh viện Phổi Vĩnh Long,Tổ chức nhà nước,15/08/2024,Chứng nhận cơ bản,https://tinnhiemmang.vn/danh-ba-tin-nhiem/bvpvinhlonggovvn-1723689224
bvqdy.vinhlong.gov.vn,Bệnh viện Đa khoa khu vực kết hợp Quân Dân Y tỉnh Vĩnh Long,Tổ chức nhà nước,15/08/2024,Chứng nhận cơ bản,https://tinnhiemmang.vn/danh-ba-tin-nhiem/bvqdyvinhlonggovvn-1723689364
bvtamthan.vinhlong.gov.vn,Bệnh viện Tâm Thần Vĩnh Long,Tổ chức nhà nước,15/08/2024,Chứng nhận cơ bản,https://tinnhiemmang.vn/danh-ba-tin-nhiem/bvtamthanvinhlonggovvn-1723689192
bvydct.vinhlong.gov.vn,Bệnh viện Y dược cổ truyền tỉnh Vĩnh Long,Tổ chức nhà nước,15/08/2024,Chứng nhận cơ bản,https://tinnhiemmang.vn/danh-ba-tin-nhiem/bvydctvinhlonggovvn-1723689288
c1vthang-nt.khanhhoa.edu.vn,Trường Tiểu học Vạn Thắng - Nha Trang,Tổ chức nhà nước,07/10/2024,Chứng nhận cơ bản,https://tinnhiemmang.vn/danh-ba-tin-nhiem/c1vthang-ntkhanhhoaeduvn-1728267604
camau.gov.vn,UBND tỉnh Cà Mau,Tổ chức nhà nước,Đã xác thực chính thức,Chứng nhận cơ bản,https://tinnhiemmang.vn/danh-ba-tin-nhiem/camau.gov.vn
canhantmdt.gdt.gov.vn,Tổng cục Thuế,Tổ chức nhà nước,02/01/2025,Chứng nhận cơ bản,https://tinnhiemmang.vn/danh-ba-tin-nhiem/canhantmdtgdtgovvn-1735615850
cantho.gov.vn,UBND TP Cần Thơ,Tổ chức nhà nước,Đã xác thực chính thức,Chứng nhận cơ bản,https://tinnhiemmang.vn/danh-ba-tin-nhiem/cantho.gov.vn
caobang.gov.vn,UBND tỉnh Cao Bằng,Tổ chức nhà nước,Đã xác thực chính thức,Chứng nhận cơ bản,https://tinnhiemmang.vn/danh-ba-tin-nhiem/caobang.gov.vn
ccatvstp.vinhlong.gov.vn,Chi cục An toàn vệ sinh thực phẩm tỉnh Vĩnh Long,Tổ chức nhà nước,15/08/2024,Chứng nhận cơ bản,https://tinnhiemmang.vn/danh-ba-tin-nhiem/ccatvstpvinhlonggovvn-1723689143
ccds.vinhlong.gov.vn,Chi cục Dân số - Kế hoạch hóa gia đình tỉnh Vĩnh Long,Tổ chức nhà nước,15/08/2024,Chứng nhận cơ bản,https://tinnhiemmang.vn/danh-ba-tin-nhiem/ccdsvinhlonggovvn-1723689102
cddl.edu.vn,Trường Cao đẳng Đà Lạt,Tổ chức nhà nước,08/10/2024,Chứng nhận cơ bản,https://tinnhiemmang.vn/danh-ba-tin-nhiem/cddleduvn-1726647629
cdhue.edu.vn,Trường Cao đẳng Huế,Tổ chức nhà nước,06/12/2024,Chứng nhận cơ bản,https://tinnhiemmang.vn/danh-ba-tin-nhiem/cdhueeduvn-1733304682
cds.ninhbinh.gov.vn,Ban chỉ đạo Chuyển đổi số tỉnh Ninh Bình,Tổ chức nhà nước,29/11/2024,Chứng nhận cơ bản,https://tinnhiemmang.vn/danh-ba-tin-nhiem/cdsninhbinhgovvn-1732760795
chicucdansothanhhoa.vn,Chi cục Dân số tỉnh Thanh Hóa,Tổ chức nhà nước,17/10/2024,Chứng nhận cơ bản,https://tinnhiemmang.vn/danh-ba-tin-nhiem/chicucdansothanhhoavn-1729133358
chicucthuyloithanhhoa.gov.vn,Chi cục Thủy lợi tỉnh Thanh Hóa,Tổ chức nhà nước,17/10/2024,Chứng nhận cơ bản,https://tinnhiemmang.vn/danh-ba-tin-nhiem/chicucthuyloithanhhoagovvn-1729132790
chiengsinh.tuangiao.gov.vn,"Xã Chiềng Sinh - Huyện Tuần Giáo, tỉnh Điện Biên",Tổ chức nhà nước,15/10/2024,Chứng nhận cơ bản,https://tinnhiemmang.vn/danh-ba-tin-nhiem/chiengsinhtuangiaogovvn-1728897499
chinhphu.vn,Cổng Thông tin Điện tử Chính phủ,Tổ chức nhà nước,Đã xác thực chính thức,Chứng nhận nâng cao,https://tinnhiemmang.vn/danh-ba-tin-nhiem/chinhphu.vn
chungkhoanlagi.vn,Siêu thị chứng khoán Nududo,Ngân hàng - Tổ chức tài chính,06/05/2022,Chứng nhận cơ bản,https://tinnhiemmang.vn/danh-ba-tin-nhiem/chungkhoanlagivn-1651807586
citibank.com.vn,Ngân hàng Citibank N.A. - Chi nhánh Việt Nam,Ngân hàng - Tài chính,Đã xác thực chính thức,Chứng nhận cơ bản,https://tinnhiemmang.vn/danh-ba-tin-nhiem/citibank.com.vn
congan.dienbien.gov.vn,Công an tỉnh Điện Biên,Tổ chức nhà nước,25/10/2024,Chứng nhận cơ bản,https://tinnhiemmang.vn/danh-ba-tin-nhiem/congandienbiengovvn-1729737871
congantp.thainguyen.gov.vn,Công an thành phố Thái Nguyên,Tổ chức nhà nước,02/10/2024,Chứng nhận cơ bản,https://tinnhiemmang.vn/danh-ba-tin-nhiem/congantpthainguyengovvn-1727678277
congbao.quangtri.gov.vn,UBND tỉnh Quảng Trị,Tổ chức nhà nước,19/08/2024,Chứng nhận cơ bản,https://tinnhiemmang.vn/danh-ba-tin-nhiem/congbaoquangtrigovvn-1724051187
congdoandienbien.org.vn,Liên đoàn lao động tỉnh Điện Biên,Tổ chức nhà nước,22/11/2024,Chứng nhận cơ bản,https://tinnhiemmang.vn/danh-ba-tin-nhiem/congdoandienbienorgvn-1732247773
conthoi.kimson.ninhbinh.gov.vn,"Uỷ ban nhân dân xã Cồn Thoi, huyện Kim Sơn, tỉnh Ninh Bình",Tổ chức nhà nước,27/06/2024,Chứng nhận cơ bản,https://tinnhiemmang.vn/danh-ba-tin-nhiem/conthoikimsonninhbinhgovvn-1719453365
csdlbcvt.quangngai.gov.vn,Sở Thông tin và Truyền thông Quảng Ngãi,Tổ chức nhà nước,13/12/2024,Chứng nhận cơ bản,https://tinnhiemmang.vn/danh-ba-tin-nhiem/csdlbcvtquangngaigovvn-1688609237
csdlpctt.quangngai.gov.vn,Sở Thông tin và Truyền thông Quảng Ngãi,Tổ chức nhà nước,13/12/2024,Chứng nhận cơ bản,https://tinnhiemmang.vn/danh-ba-tin-nhiem/csdlpcttquangngaigovvn-1710902186
csdlsxd.danang.gov.vn,Sở Xây dựng thành phố Đà Nẵng,Tổ chức nhà nước,05/09/2024,Chứng nhận cơ bản,https://tinnhiemmang.vn/danh-ba-tin-nhiem/csdlsxddananggovvn-1725509168
cucthongke.quangtri.gov.vn,Cục Thống kê tỉnh Quảng Trị,Tổ chức nhà nước,27/09/2024,Chứng nhận cơ bản,https://tinnhiemmang.vn/danh-ba-tin-nhiem/cucthongkequangtrigovvn-1727336504
cucthongkecamau.gso.gov.vn,Cục Thống kê tỉnh Cà Mau,Tổ chức nhà nước,17/10/2024,Chứng nhận cơ bản,https://tinnhiemmang.vn/danh-ba-tin-nhiem/cucthongkecamaugsogovvn-1729127480
cucthongkedaklak.gso.gov.vn,Cục Thống kê tỉnh Đắk Lắk,Tổ chức nhà nước,16/10/2024,Chứng nhận cơ bản,https://tinnhiemmang.vn/danh-ba-tin-nhiem/cucthongkedaklakgsogovvn-1729041827
cucthongkedaknong.gso.gov.vn,Cục Thống kê Đắk Nông,Tổ chức nhà nước,03/07/2024,Chứng nhận cơ bản,https://tinnhiemmang.vn/danh-ba-tin-nhiem/cucthongkedaknonggsogovvn-1719888802
cucthongkehanam.gso.gov.vn,Cục Thống kê tỉnh Hà Nam,Tổ chức nhà nước,11/10/2024,Chứng nhận cơ bản,https://tinnhiemmang.vn/danh-ba-tin-nhiem/cucthongkehanamgsogovvn-1728548560
cucthongkequangninh.gso.gov.vn,Cục Thống kê tỉnh Quảng Ninh,Tổ chức nhà nước,27/09/2024,Chứng nhận cơ bản,https://tinnhiemmang.vn/danh-ba-tin-nhiem/cucthongkequangninhgsogovvn-1727324337
cucthongkesonla.gso.gov.vn,Cục Thống kê Sơn La,Tổ chức nhà nước,15/07/2024,Chứng nhận cơ bản,https://tinnhiemmang.vn/danh-ba-tin-nhiem/cucthongkesonlagsogovvn-1721010531
cucthongkethainguyen.gso.gov.vn,Cục Thống kê Thái Nguyên,Tổ chức nhà nước,11/10/2024,Chứng nhận cơ bản,https://tinnhiemmang.vn/danh-ba-tin-nhiem/cucthongkethainguyengsogovvn-1728546697
cucthongketiengiang.gso.gov.vn,Cục Thống kê tỉnh Tiền Giang,Tổ chức nhà nước,30/09/2024,Chứng nhận cơ bản,https://tinnhiemmang.vn/danh-ba-tin-nhiem/cucthongketiengianggsogovvn-1727402754
cumgar.daklak.gov.vn,"UBND huyện Cư Mgar, tỉnh Đắk Lắk",Tổ chức nhà nước,31/10/2024,Chứng nhận cơ bản,https://tinnhiemmang.vn/danh-ba-tin-nhiem/cumgardaklakgovvn-1730345375
customs.gov.vn,Tổng cục Hải quan,Tổ chức nhà nước,Đã xác thực chính thức,Chứng nhận cơ bản,https://tinnhiemmang.vn/danh-ba-tin-nhiem/customs.gov.vn
dadon.lamha.lamdong.gov.vn,CỔNG THÔNG TIN ĐIỆN TỬ XÃ ĐẠ ĐỜN,Tổ chức nhà nước,06/12/2024,Chứng nhận cơ bản,https://tinnhiemmang.vn/danh-ba-tin-nhiem/dadonlamhalamdonggovvn-1733109067
daklak.gov.vn,UBND tỉnh Đắk Lắk,Tổ chức nhà nước,Đã xác thực chính thức,Chứng nhận cơ bản,https://tinnhiemmang.vn/danh-ba-tin-nhiem/daklak.gov.vn
dalattech.vn,Trung tâm Ứng dụng khoa học và công nghệ tỉnh Lâm Đồng,Cơ quan nhà nước,26/07/2024,Chứng nhận cơ bản,https://tinnhiemmang.vn/danh-ba-tin-nhiem/dalattechvn-1717040297
danang.gov.vn,UBND TP Đà Nẵng,Tổ chức nhà nước,Đã xác thực chính thức,Chứng nhận cơ bản,https://tinnhiemmang.vn/danh-ba-tin-nhiem/danang.gov.vn
danchuphapluat.vn,Tạp chí Dân chủ và Pháp luật - Bộ Tư pháp,Tổ chức nhà nước,02/01/2025,Chứng nhận cơ bản,https://tinnhiemmang.vn/danh-ba-tin-nhiem/danchuphapluatvn-1735790292
db.vista.gov.vn,Cục thông tin khoa học và công nghệ quốc gia,Tổ chức nhà nước,31/10/2024,Chứng nhận cơ bản,https://tinnhiemmang.vn/danh-ba-tin-nhiem/dbvistagovvn-1730344646
dichvucong.angiang.gov.vn,Trung tâm Công nghệ thông tin và Truyền thông - Sở Thông tin và Truyền thông tỉnh An Giang,Tổ chức nhà nước,02/01/2025,Chứng nhận cơ bản,https://tinnhiemmang.vn/danh-ba-tin-nhiem/dichvucongangianggovvn-1735629003
dichvucong.danang.gov.vn,Cổng Dịch vụ công TP Đà Nẵng,Tổ chức nhà nước,Đã xác thực chính thức,Chứng nhận cơ bản,https://tinnhiemmang.vn/danh-ba-tin-nhiem/dichvucong.danang.gov.vn
dichvucong.gov.vn,Cổng Dịch vụ công Quốc gia,Tổ chức nhà nước,Đã xác thực chính thức,Chứng nhận nâng cao,https://tinnhiemmang.vn/danh-ba-tin-nhiem/dichvucong.gov.vn
dichvucong.hanoi.gov.vn,Sở Thông tin và Truyền thông Hà Nội,Tổ chức nhà nước,26/04/2025,Chứng nhận cơ bản,https://tinnhiemmang.vn/danh-ba-tin-nhiem/dichvuconghanoigovvn-1745641632
dichvucong.hatinh.gov.vn,Cổng Dịch vụ công tỉnh Hà Tĩnh,Tổ chức nhà nước,Đã xác thực chính thức,Chứng nhận cơ bản,https://tinnhiemmang.vn/danh-ba-tin-nhiem/dichvucong.hatinh.gov.vn
dichvucong.hochiminhcity.gov.vn,Cổng Dịch vụ công TP Hồ Chí Minh,Tổ chức nhà nước,Đã xác thực chính thức,Chứng nhận cơ bản,https://tinnhiemmang.vn/danh-ba-tin-nhiem/dichvucong.hochiminhcity.gov.vn
dichvucong.ninhbinh.gov.vn,UBND tỉnh Ninh Bình,Tổ chức nhà nước,23/10/2024,Chứng nhận cơ bản,https://tinnhiemmang.vn/danh-ba-tin-nhiem/dichvucongninhbinhgovvn-1729500410
dichvucong.quangninh.gov.vn,Sở Thông tin và Truyền thông Quảng Ninh,Tổ chức nhà nước,26/04/2025,Chứng nhận cơ bản,https://tinnhiemmang.vn/danh-ba-tin-nhiem/dichvucongquangninhgovvn-1745642034
dichvucong.quangtri.gov.vn,Trung tâm Phục vụ hành chính công tỉnh Quảng Trị,Tổ chức nhà nước,02/01/2025,Chứng nhận cơ bản,https://tinnhiemmang.vn/danh-ba-tin-nhiem/dichvucongquangtrigovvn-1735010528
dichvucong.varans.vn,"Cục An toàn bức xạ và hạt nhân, Bộ  Khoa học và Công nghệ",Tổ chức nhà nước,25/11/2024,Chứng nhận cơ bản,https://tinnhiemmang.vn/danh-ba-tin-nhiem/dichvucongvaransvn-1729744137
dienbien.gov.vn,UBND tỉnh Điện Biên,Tổ chức nhà nước,Đã xác thực chính thức,Chứng nhận cơ bản,https://tinnhiemmang.vn/danh-ba-tin-nhiem/dienbien.gov.vn
dienbiencflit.edu.vn,Trung tâm Ngoại ngữ - Tin học tỉnh Điện Biên,Tổ chức nhà nước,22/11/2024,Chứng nhận cơ bản,https://tinnhiemmang.vn/danh-ba-tin-nhiem/dienbiencfliteduvn-1732247056
digibank.vietcombank.com.vn,Vietcombank VCB Digibank,Ngân hàng - Tài chính,Đã xác thực chính thức,Chứng nhận cơ bản,https://tinnhiemmang.vn/danh-ba-tin-nhiem/digibank.vietcombank.com.vn
dinhlac.dilinh.lamdong.gov.vn,UBND xã Đinh Lạc huyện Di Linh tỉnh Lâm Đồng,Tổ chức nhà nước,06/09/2024,Chứng nhận cơ bản,https://tinnhiemmang.vn/danh-ba-tin-nhiem/dinhlacdilinhlamdonggovvn-1725583774
disanvanhoath.vn,"Sở Văn hóa, Thể thao và Du lịch tỉnh Thanh Hóa",Tổ chức nhà nước,26/09/2024,Chứng nhận cơ bản,https://tinnhiemmang.vn/danh-ba-tin-nhiem/disanvanhoathvn-1727317474
ditichlamkinh.vn,Ban quản lý  di tích lịch sử Lam Kinh tỉnh Thanh Hóa,Tổ chức nhà nước,17/10/2024,Chứng nhận cơ bản,https://tinnhiemmang.vn/danh-ba-tin-nhiem/ditichlamkinhvn-1729133604
dklx.cdhue.edu.vn,Trường Cao đẳng Huế,Tổ chức nhà nước,06/12/2024,Chứng nhận cơ bản,https://tinnhiemmang.vn/danh-ba-tin-nhiem/dklxcdhueeduvn-1733470626
doluongthunghiem.quangngai.gov.vn,Sở Thông tin và Truyền thông Quảng Ngãi,Tổ chức nhà nước,13/12/2024,Chứng nhận cơ bản,https://tinnhiemmang.vn/danh-ba-tin-nhiem/doluongthunghiemquangngaigovvn-1734078158
dongnai.gov.vn,UBND tỉnh Đồng Nai,Tổ chức nhà nước,Đã xác thực chính thức,Chứng nhận cơ bản,https://tinnhiemmang.vn/danh-ba-tin-nhiem/dongnai.gov.vn
dongthanh.tpninhbinh.ninhbinh.gov.vn,"Uỷ ban nhân dân phường Đông Thành, thành phố Ninh Bình, tỉnh Ninh Bình",Tổ chức nhà nước,27/06/2024,Chứng nhận cơ bản,https://tinnhiemmang.vn/danh-ba-tin-nhiem/dongthanhtpninhbinhninhbinhgovvn-1719473043
dongthap.gov.vn,UBND tỉnh Đồng Tháp,Tổ chức nhà nước,Đã xác thực chính thức,Chứng nhận cơ bản,https://tinnhiemmang.vn/danh-ba-tin-nhiem/dongthap.gov.vn
doson.haiphong.gov.vn,Ủy ban nhân dân quận Đồ Sơn,Tổ chức nhà nước,29/11/2024,Chứng nhận cơ bản,https://tinnhiemmang.vn/danh-ba-tin-nhiem/dosonhaiphonggovvn-1732585182
dran.donduong.lamdong.gov.vn,UBND Thị Trấn DRan - Huyện Đơn Dương,Tổ chức nhà nước,27/08/2024,Chứng nhận cơ bản,https://tinnhiemmang.vn/danh-ba-tin-nhiem/drandonduonglamdonggovvn-1724659486
dti.quangngai.gov.vn,Sở Thông tin và Truyền thông Quảng Ngãi,Tổ chức nhà nước,13/12/2024,Chứng nhận cơ bản,https://tinnhiemmang.vn/danh-ba-tin-nhiem/dtiquangngaigovvn-1688609268
dti.vksndtc.gov.vn,Viện kiểm sát nhân dân tối cao,Tổ chức nhà nước,14/08/2024,Chứng nhận cơ bản,https://tinnhiemmang.vn/danh-ba-tin-nhiem/dtivksndtcgovvn-1723613350
dvcnb.vista.gov.vn,Cục thông tin khoa học và công nghệ quốc gia,Tổ chức nhà nước,31/10/2024,Chứng nhận cơ bản,https://tinnhiemmang.vn/danh-ba-tin-nhiem/dvcnbvistagovvn-1730344663
ebanking.agribank.com.vn,Agribank E-Banking,Ngân hàng - Tài chính,Đã xác thực chính thức,Chứng nhận cơ bản,https://tinnhiemmang.vn/danh-ba-tin-nhiem/ebanking.agribank.com.vn
endpoint.quangngai.gov.vn,Sở Thông tin và Truyền thông Quảng Ngãi,Tổ chức nhà nước,13/12/2024,Chứng nhận cơ bản,https://tinnhiemmang.vn/danh-ba-tin-nhiem/endpointquangngaigovvn-1688609310
eximbank.com.vn,Ngân hàng TMCP Xuất Nhập Khẩu Việt Nam (Eximbank),Ngân hàng - Tài chính,Đã xác thực chính thức,Chứng nhận cơ bản,https://tinnhiemmang.vn/danh-ba-tin-nhiem/eximbank.com.vn
festivalhoa.lamdong.gov.vn,Festivalhoa Đà Lạt,Tổ chức nhà nước,30/10/2024,Chứng nhận cơ bản,https://tinnhiemmang.vn/danh-ba-tin-nhiem/festivalhoalamdonggovvn-1730190285
gdnn-gdtxdakto.edu.vn,Trung tâm GDNN - GDTX huyện Đăk Tô,Tổ chức nhà nước,15/10/2024,Chứng nhận cơ bản,https://tinnhiemmang.vn/danh-ba-tin-nhiem/gdnn-gdtxdaktoeduvn-1728872475
gdt.gov.vn,Tổng cục Thuế,Tổ chức nhà nước,Đã xác thực chính thức,Chứng nhận cơ bản,https://tinnhiemmang.vn/danh-ba-tin-nhiem/gdt.gov.vn
giahiep.dilinh.lamdong.gov.vn,UBND xã Gia Hiệp - tỉnh Lâm Đồng,Tổ chức nhà nước,16/09/2024,Chứng nhận cơ bản,https://tinnhiemmang.vn/danh-ba-tin-nhiem/giahiepdilinhlamdonggovvn-1711531023
gialai.gov.vn,UBND tỉnh Gia Lai,Tổ chức nhà nước,Đã xác thực chính thức,Chứng nhận cơ bản,https://tinnhiemmang.vn/danh-ba-tin-nhiem/gialai.gov.vn
gntt.ninhbinh.gov.vn,Sở Thông tin và Truyền thông tỉnh Ninh Bình,Tổ chức nhà nước,22/07/2024,Chứng nhận cơ bản,https://tinnhiemmang.vn/danh-ba-tin-nhiem/gnttninhbinhgovvn-1721619917
gpbank.com.vn,Ngân hàng Thương mại TNHH MTV Dầu khí Nhàn rỗi (GPBank),Ngân hàng - Tài chính,Đã xác thực chính thức,Chứng nhận cơ bản,https://tinnhiemmang.vn/danh-ba-tin-nhiem/gpbank.com.vn
gso.gov.vn,Tổng cục Thống kê,Tổ chức nhà nước,07/10/2024,Chứng nhận cơ bản,https://tinnhiemmang.vn/danh-ba-tin-nhiem/gsogovvn-1728270073
haiduong.gdt.gov.vn,Cục Thuế tỉnh Hải Dương,Tổ chức nhà nước,07/10/2024,Chứng nhận cơ bản,https://tinnhiemmang.vn/danh-ba-tin-nhiem/haiduonggdtgovvn-1728268230
haiduong.gov.vn,UBND tỉnh Hải Dương,Tổ chức nhà nước,Đã xác thực chính thức,Chứng nhận cơ bản,https://tinnhiemmang.vn/danh-ba-tin-nhiem/haiduong.gov.vn
haiphong.gov.vn,UBND TP Hải Phòng,Tổ chức nhà nước,Đã xác thực chính thức,Chứng nhận cơ bản,https://tinnhiemmang.vn/danh-ba-tin-nhiem/haiphong.gov.vn
hanoi.gov.vn,UBND TP Hà Nội,Tổ chức nhà nước,Đã xác thực chính thức,Chứng nhận cơ bản,https://tinnhiemmang.vn/danh-ba-tin-nhiem/hanoi.gov.vn
hatinh.gov.vn,UBND tỉnh Hà Tĩnh,Tổ chức nhà nước,Đã xác thực chính thức,Chứng nhận cơ bản,https://tinnhiemmang.vn/danh-ba-tin-nhiem/hatinh.gov.vn
hdbank.com.vn,Ngân hàng TMCP Phát triển TP.HCM (HDBank),Ngân hàng - Tài chính,Đã xác thực chính thức,Chứng nhận cơ bản,https://tinnhiemmang.vn/danh-ba-tin-nhiem/hdbank.com.vn
hoabac.dilinh.lamdong.gov.vn,"UBND xã Hòa Bắc, tỉnh Lâm Đồng",Tổ chức nhà nước,09/10/2024,Chứng nhận cơ bản,https://tinnhiemmang.vn/danh-ba-tin-nhiem/hoabacdilinhlamdonggovvn-1728374792
hoabinh.gov.vn,UBND tỉnh Hòa Bình,Tổ chức nhà nước,Đã xác thực chính thức,Chứng nhận cơ bản,https://tinnhiemmang.vn/danh-ba-tin-nhiem/hoabinh.gov.vn
hoaiduc.hanoi.gov.vn,"UBND huyện Hoài Đức, Hà Nội",Tổ chức nhà nước,27/11/2024,Chứng nhận cơ bản,https://tinnhiemmang.vn/danh-ba-tin-nhiem/hoaiduchanoigovvn-1732682747
hoatrung.dilinh.lamdong.gov.vn,"UBND xã Hòa Trung, huyện Di Linh, tỉnh Lâm Đồng",Tổ chức nhà nước,16/09/2024,Chứng nhận cơ bản,https://tinnhiemmang.vn/danh-ba-tin-nhiem/hoatrungdilinhlamdonggovvn-1712624562
hochiminhcity.gov.vn,UBND TP Hồ Chí Minh,Tổ chức nhà nước,Đã xác thực chính thức,Chứng nhận cơ bản,https://tinnhiemmang.vn/danh-ba-tin-nhiem/hochiminhcity.gov.vn
hqa.com.vn,Công ty TNHH Thẩm định giá Hoàng Quân,Ngân hàng - Tổ chức tài chính,16/05/2022,Chứng nhận cơ bản,https://tinnhiemmang.vn/danh-ba-tin-nhiem/hqacomvn-1652673882
hsbc.com.vn,Ngân hàng TNHH Một thành viên HSBC (Việt Nam),Ngân hàng - Tài chính,Đã xác thực chính thức,Chứng nhận cơ bản,https://tinnhiemmang.vn/danh-ba-tin-nhiem/hsbc.com.vn
hsc.com.vn,Công ty Cổ phần Chứng khoán Thành phố Hồ Chí Minh (HSC),Ngân hàng - Tài chính,Đã xác thực chính thức,Chứng nhận cơ bản,https://tinnhiemmang.vn/danh-ba-tin-nhiem/hsc.com.vn
hungtien.kimson.ninhbinh.gov.vn,"UBND xã Hùng Tiến, huyện Kim Sơn, tỉnh Ninh Bình",Tổ chức nhà nước,18/09/2024,Chứng nhận cơ bản,https://tinnhiemmang.vn/danh-ba-tin-nhiem/hungtienkimsonninhbinhgovvn-1726563782
hungyen.gov.vn,UBND tỉnh Hưng Yên,Tổ chức nhà nước,Đã xác thực chính thức,Chứng nhận cơ bản,https://tinnhiemmang.vn/danh-ba-tin-nhiem/hungyen.gov.vn
ibaohiem.net,Bảo hiểm trực tuyến IBAOHIEM,Ngân hàng - Tổ chức tài chính,21/07/2022,Chứng nhận cơ bản,https://tinnhiemmang.vn/danh-ba-tin-nhiem/ibaohiemnet-1658304133
ibaohiem.vn,Bảo hiểm trực tuyến IBAOHIEM,Ngân hàng - Tổ chức tài chính,21/07/2022,Chứng nhận cơ bản,https://tinnhiemmang.vn/danh-ba-tin-nhiem/ibaohiemvn-1658304152
ibaoviet.vn,Bảo hiểm trực tuyến IBAOHIEM,Ngân hàng - Tổ chức tài chính,21/07/2022,Chứng nhận cơ bản,https://tinnhiemmang.vn/danh-ba-tin-nhiem/ibaovietvn-1658304165
inavn.vn,Công Ty Cổ Phần Đầu Tư Và Thẩm Định Quốc Tế Đông Dương,Ngân hàng - Tổ chức tài chính,16/05/2022,Chứng nhận cơ bản,https://tinnhiemmang.vn/danh-ba-tin-nhiem/inavnvn-1652676269
ipay.vietinbank.vn,VietinBank iPay,Ngân hàng - Tài chính,Đã xác thực chính thức,Chứng nhận cơ bản,https://tinnhiemmang.vn/danh-ba-tin-nhiem/ipay.vietinbank.vn
ipvietnam.gov.vn,Cục Sở hữu trí tuệ - Bộ KHCN,Tổ chức nhà nước,25/10/2024,Chứng nhận cơ bản,https://tinnhiemmang.vn/danh-ba-tin-nhiem/ipvietnamgovvn-1729738185
khanhhoa.gov.vn,UBND tỉnh Khánh Hòa,Tổ chức nhà nước,Đã xác thực chính thức,Chứng nhận cơ bản,https://tinnhiemmang.vn/danh-ba-tin-nhiem/khanhhoa.gov.vn
khanhnhac.yenkhanh.ninhbinh.gov.vn,"Uỷ ban nhân dân xã Khánh Nhạc, huyện Yên Khánh, tỉnh Ninh Bình",Tổ chức nhà nước,27/06/2024,Chứng nhận cơ bản,https://tinnhiemmang.vn/danh-ba-tin-nhiem/khanhnhacyenkhanhninhbinhgovvn-1719457367
khanhthinh.yenmo.ninhbinh.gov.vn,"Uỷ ban nhân dân xã Khánh Thịnh, huyện Yên Mô, tỉnh Ninh Bình",Tổ chức nhà nước,27/06/2024,Chứng nhận cơ bản,https://tinnhiemmang.vn/danh-ba-tin-nhiem/khanhthinhyenmoninhbinhgovvn-1719457123
khanhthuy.yenkhanh.ninhbinh.gov.vn,"Uỷ ban nhân dân xã Khánh Thuỷ, huyện Yên Khánh, tỉnh Ninh Bình",Tổ chức nhà nước,27/06/2024,Chứng nhận cơ bản,https://tinnhiemmang.vn/danh-ba-tin-nhiem/khanhthuyyenkhanhninhbinhgovvn-1719457488
khoahockythuat.ninhbinh.gov.vn,Liên hiệp các hội Khoa học và Kỹ thuật tỉnh Ninh Bình,Tổ chức nhà nước,27/06/2024,Chứng nhận cơ bản,https://tinnhiemmang.vn/danh-ba-tin-nhiem/khoahockythuatninhbinhgovvn-1719457954
khoinghiep.daklak.gov.vn,Sở Kế hoạch và Đầu tư tỉnh Đắk Lắk,Tổ chức nhà nước,02/10/2024,Chứng nhận cơ bản,https://tinnhiemmang.vn/danh-ba-tin-nhiem/khoinghiepdaklakgovvn-1727680762
khuyennong.ninhbinh.gov.vn,"Trung tâm Khuyến nông, khuyến lâm, khuyến ngư Ninh Bình",Tổ chức nhà nước,29/08/2024,Chứng nhận cơ bản,https://tinnhiemmang.vn/danh-ba-tin-nhiem/khuyennongninhbinhgovvn-1724814830
kiemnghiemthanhhoa.vn,Trung tâm Kiểm nghiệm Thanh Hóa,Tổ chức nhà nước,25/11/2024,Chứng nhận cơ bản,https://tinnhiemmang.vn/danh-ba-tin-nhiem/kiemnghiemthanhhoavn-1732249794
kiemsatcaobang.vn,Viện kiểm sát nhân dân tỉnh Cao Bằng,Tổ chức nhà nước,17/02/2025,Chứng nhận cơ bản,https://tinnhiemmang.vn/danh-ba-tin-nhiem/kiemsatcaobangvn-1738907496
kiengiang.gov.vn,UBND tỉnh Kiên Giang,Tổ chức nhà nước,Đã xác thực chính thức,Chứng nhận cơ bản,https://tinnhiemmang.vn/danh-ba-tin-nhiem/kiengiang.gov.vn
kienlongbank.com,Ngân hàng TMCP Kiên Long (Kienlongbank),Ngân hàng - Tài chính,Đã xác thực chính thức,Chứng nhận cơ bản,https://tinnhiemmang.vn/danh-ba-tin-nhiem/kienlongbank.com
kimdinh.kimson.ninhbinh.gov.vn,"Uỷ ban nhân dân xã Kim Định, huyện Kim Sơn, tỉnh Ninh Bình",Tổ chức nhà nước,29/11/2024,Chứng nhận cơ bản,https://tinnhiemmang.vn/danh-ba-tin-nhiem/kimdinhkimsonninhbinhgovvn-1732669303
kimtan.kimson.ninhbinh.gov.vn,"Uỷ ban nhân dân xã Kim Tân, huyện Kim Sơn, tỉnh Ninh Bình",Tổ chức nhà nước,29/11/2024,Chứng nhận cơ bản,https://tinnhiemmang.vn/danh-ba-tin-nhiem/kimtankimsonninhbinhgovvn-1732668752
kln-bacton.angiang.gov.vn,Ban quản lý Khu lưu niệm Chủ tịch Tôn Đức Thắng,Tổ chức nhà nước,29/11/2024,Chứng nhận cơ bản,https://tinnhiemmang.vn/danh-ba-tin-nhiem/kln-bactonangianggovvn-1732757419
kntc.thanhhoa.gov.vn,Văn phòng UBND tỉnh Thanh Hóa,Tổ chức nhà nước,25/11/2024,Chứng nhận cơ bản,https://tinnhiemmang.vn/danh-ba-tin-nhiem/kntcthanhhoagovvn-1732249614
ksbt.vinhlong.gov.vn,Trung tâm Kiểm soát bệnh tật tỉnh Vĩnh Long,Tổ chức nhà nước,15/08/2024,Chứng nhận cơ bản,https://tinnhiemmang.vn/danh-ba-tin-nhiem/ksbtvinhlonggovvn-1723689069
laichau.gov.vn,UBND tỉnh Lai Châu,Tổ chức nhà nước,Đã xác thực chính thức,Chứng nhận cơ bản,https://tinnhiemmang.vn/danh-ba-tin-nhiem/laichau.gov.vn
lamdong.gov.vn,UBND tỉnh Lâm Đồng,Tổ chức nhà nước,Đã xác thực chính thức,Chứng nhận cơ bản,https://tinnhiemmang.vn/danh-ba-tin-nhiem/lamdong.gov.vn
langson.gov.vn,UBND tỉnh Lạng Sơn,Tổ chức nhà nước,Đã xác thực chính thức,Chứng nhận cơ bản,https://tinnhiemmang.vn/danh-ba-tin-nhiem/langson.gov.vn
laocai.gov.vn,UBND tỉnh Lào Cai,Tổ chức nhà nước,Đã xác thực chính thức,Chứng nhận cơ bản,https://tinnhiemmang.vn/danh-ba-tin-nhiem/laocai.gov.vn
lgsp.quangngai.gov.vn,Sở Thông tin và Truyền thông Quảng Ngãi,Tổ chức nhà nước,13/12/2024,Chứng nhận cơ bản,https://tinnhiemmang.vn/danh-ba-tin-nhiem/lgspquangngaigovvn-1734078101
lienvietpostbank.com.vn,Ngân hàng TMCP Bưu điện Liên Việt (LPBank),Ngân hàng - Tài chính,Đã xác thực chính thức,Chứng nhận cơ bản,https://tinnhiemmang.vn/danh-ba-tin-nhiem/lienvietpostbank.com.vn
longan.gov.vn,UBND tỉnh Long An,Tổ chức nhà nước,Đã xác thực chính thức,Chứng nhận cơ bản,https://tinnhiemmang.vn/danh-ba-tin-nhiem/longan.gov.vn
lpbank.com.vn,Ngân hàng TMCP Lộc Phát Việt Nam (LPBank),Ngân hàng - Tài chính,Đã xác thực chính thức,Chứng nhận cơ bản,https://tinnhiemmang.vn/danh-ba-tin-nhiem/lpbank.com.vn
luutrudientu.quangngai.gov.vn,Sở Thông tin và Truyền thông Quảng Ngãi,Tổ chức nhà nước,13/12/2024,Chứng nhận cơ bản,https://tinnhiemmang.vn/danh-ba-tin-nhiem/luutrudientuquangngaigovvn-1734078133
luutruhanoi.hanoi.gov.vn,Trung tâm Lưu trữ lịch sử Thành phố - Sở Nội Vụ Hà Nội,Tổ chức nhà nước,11/11/2024,Chứng nhận cơ bản,https://tinnhiemmang.vn/danh-ba-tin-nhiem/luutruhanoihanoigovvn-1730972422
maihuong.gov.vn,Bệnh viện tâm thần Ban ngày Mai Hương,Tổ chức nhà nước,11/11/2024,Chứng nhận cơ bản,https://tinnhiemmang.vn/danh-ba-tin-nhiem/maihuonggovvn-1730973452
mail.most.gov.vn,Bộ Khoa học và Công nghệ,Tổ chức nhà nước,24/12/2024,Chứng nhận cơ bản,https://tinnhiemmang.vn/danh-ba-tin-nhiem/mailmostgovvn-1735011649
mail.vista.gov.vn,Cục thông tin khoa học và công nghệ quốc gia,Tổ chức nhà nước,31/10/2024,Chứng nhận cơ bản,https://tinnhiemmang.vn/danh-ba-tin-nhiem/mailvistagovvn-1730344543
mbbank.com.vn,Ngân hàng TMCP Quân đội (MB Bank),Ngân hàng - Tài chính,Đã xác thực chính thức,Chứng nhận cơ bản,https://tinnhiemmang.vn/danh-ba-tin-nhiem/mbbank.com.vn
mgsaosang2.haiphong.edu.vn,Trường Mầm non Sao Sáng 2,Cơ quan nhà nước,05/07/2024,Chứng nhận cơ bản,https://tinnhiemmang.vn/danh-ba-tin-nhiem/mgsaosang2haiphongeduvn-1720146874
mn8-3.haiphong.edu.vn,Trường Mầm non 8-3,Cơ quan nhà nước,09/07/2024,Chứng nhận cơ bản,https://tinnhiemmang.vn/danh-ba-tin-nhiem/mn8-3haiphongeduvn-1720509757
mnanhdung.haiphong.edu.vn,Trường mầm non Anh Dũng,Cơ quan nhà nước,08/07/2024,Chứng nhận cơ bản,https://tinnhiemmang.vn/danh-ba-tin-nhiem/mnanhdunghaiphongeduvn-1714640660
mnbachdang.haiphong.edu.vn,Trường mầm non Bạch Đằng - Hồng Bàng - Hải Phòng,Cơ quan nhà nước,12/07/2024,Chứng nhận cơ bản,https://tinnhiemmang.vn/danh-ba-tin-nhiem/mnbachdanghaiphongeduvn-1720753208
mndanghai.haiphong.edu.vn,Trường mầm non Đằng Hải,Cơ quan nhà nước,05/07/2024,Chứng nhận cơ bản,https://tinnhiemmang.vn/danh-ba-tin-nhiem/mndanghaihaiphongeduvn-1715152891
mnhaiha.haiphong.edu.vn,Trường mầm non Hải Hà,Tổ chức nhà nước,15/08/2024,Chứng nhận cơ bản,https://tinnhiemmang.vn/danh-ba-tin-nhiem/mnhaihahaiphongeduvn-1723521169
mnhiephoa.haiphong.edu.vn,Trường mầm non Hiệp Hòa,Cơ quan nhà nước,08/07/2024,Chứng nhận cơ bản,https://tinnhiemmang.vn/danh-ba-tin-nhiem/mnhiephoahaiphongeduvn-1720432268
mnhoanang.haiphong.edu.vn,Lớp Mầm non độc lập Hoa Nắng,Cơ quan nhà nước,15/08/2024,Chứng nhận cơ bản,https://tinnhiemmang.vn/danh-ba-tin-nhiem/mnhoananghaiphongeduvn-1723709054
mnhoatrangnguyentienlang.haiphong.edu.vn,Trường mầm non Hoa Trạng Nguyên,Cơ quan nhà nước,29/07/2024,Chứng nhận cơ bản,https://tinnhiemmang.vn/danh-ba-tin-nhiem/mnhoatrangnguyentienlanghaiphongeduvn-1721979713
mnkhoinghia.haiphong.edu.vn,Trường mầm non Khởi Nghĩa,Cơ quan nhà nước,08/07/2024,Chứng nhận cơ bản,https://tinnhiemmang.vn/danh-ba-tin-nhiem/mnkhoinghiahaiphongeduvn-1714977864
mnlienam.haiphong.edu.vn,Trường Mầm non Liên Am,Cơ quan nhà nước,31/07/2024,Chứng nhận cơ bản,https://tinnhiemmang.vn/danh-ba-tin-nhiem/mnlienamhaiphongeduvn-1722331121
mnlythaito.haiphong.edu.vn,Trường Mầm non Lý Thái Tổ,Cơ quan nhà nước,24/07/2024,Chứng nhận cơ bản,https://tinnhiemmang.vn/danh-ba-tin-nhiem/mnlythaitohaiphongeduvn-1721784526
mnminhphuong.haiphong.edu.vn,Trường Mầm non Minh Phương,Cơ quan nhà nước,17/07/2024,Chứng nhận cơ bản,https://tinnhiemmang.vn/danh-ba-tin-nhiem/mnminhphuonghaiphongeduvn-1721146789
mnquangphuc.haiphong.edu.vn,Trường Mầm non Quang Phục,Cơ quan nhà nước,08/07/2024,Chứng nhận cơ bản,https://tinnhiemmang.vn/danh-ba-tin-nhiem/mnquangphuchaiphongeduvn-1715152318
mnquyettien.haiphong.edu.vn,Trường Mầm non Quyết Tiến,Cơ quan nhà nước,08/07/2024,Chứng nhận cơ bản,https://tinnhiemmang.vn/danh-ba-tin-nhiem/mnquyettienhaiphongeduvn-1715153268
mnthuchanhkienan.haiphong.edu.vn,Trường Mầm non Thực Hành,Cơ quan nhà nước,05/07/2024,Chứng nhận cơ bản,https://tinnhiemmang.vn/danh-ba-tin-nhiem/mnthuchanhkienanhaiphongeduvn-1720153834
mntranduong.haiphong.edu.vn,Trường mầm non Trấn Dương,Cơ quan nhà nước,05/07/2024,Chứng nhận cơ bản,https://tinnhiemmang.vn/danh-ba-tin-nhiem/mntranduonghaiphongeduvn-1714390918
mnvanhuong.haiphong.edu.vn,Trường Mầm non Vạn Hương,Cơ quan nhà nước,11/07/2024,Chứng nhận cơ bản,https://tinnhiemmang.vn/danh-ba-tin-nhiem/mnvanhuonghaiphongeduvn-1720663569
moc.gov.vn,Bộ Xây dựng,Tổ chức nhà nước,Đã xác thực chính thức,Chứng nhận cơ bản,https://tinnhiemmang.vn/danh-ba-tin-nhiem/moc.gov.vn
mod.gov.vn,Bộ Quốc phòng,Tổ chức nhà nước,Đã xác thực chính thức,Chứng nhận cơ bản,https://tinnhiemmang.vn/danh-ba-tin-nhiem/mod.gov.vn
moet.gov.vn,Bộ Giáo dục và Đào tạo,Tổ chức nhà nước,Đã xác thực chính thức,Chứng nhận cơ bản,https://tinnhiemmang.vn/danh-ba-tin-nhiem/moet.gov.vn
mof.gov.vn,Bộ Tài chính,Tổ chức nhà nước,Đã xác thực chính thức,Chứng nhận cơ bản,https://tinnhiemmang.vn/danh-ba-tin-nhiem/mof.gov.vn
mofa.gov.vn,Bộ Ngoại giao Việt Nam,Tổ chức nhà nước,Đã xác thực chính thức,Chứng nhận cơ bản,https://tinnhiemmang.vn/danh-ba-tin-nhiem/mofa.gov.vn
moh.gov.vn,Bộ Y tế,Tổ chức nhà nước,Đã xác thực chính thức,Chứng nhận cơ bản,https://tinnhiemmang.vn/danh-ba-tin-nhiem/moh.gov.vn
moit.gov.vn,Bộ Công Thương,Tổ chức nhà nước,Đã xác thực chính thức,Chứng nhận cơ bản,https://tinnhiemmang.vn/danh-ba-tin-nhiem/moit.gov.vn
moj.gov.vn,Bộ Tư pháp,Tổ chức nhà nước,Đã xác thực chính thức,Chứng nhận cơ bản,https://tinnhiemmang.vn/danh-ba-tin-nhiem/moj.gov.vn
molisa.gov.vn,Bộ Lao động - Thương binh và Xã hội,Tổ chức nhà nước,Đã xác thực chính thức,Chứng nhận cơ bản,https://tinnhiemmang.vn/danh-ba-tin-nhiem/molisa.gov.vn
momo.vn,Công ty Cổ phần Dịch vụ Di động Trực tuyến (Momo),Ngân hàng - Tài chính,Đã xác thực chính thức,Chứng nhận cơ bản,https://tinnhiemmang.vn/danh-ba-tin-nhiem/momo.vn
monre.gov.vn,Bộ Tài nguyên và Môi trường,Tổ chức nhà nước,Đã xác thực chính thức,Chứng nhận cơ bản,https://tinnhiemmang.vn/danh-ba-tin-nhiem/monre.gov.vn
most.gov.vn,Bộ Khoa học và Công nghệ,Tổ chức nhà nước,Đã xác thực chính thức,Chứng nhận cơ bản,https://tinnhiemmang.vn/danh-ba-tin-nhiem/most.gov.vn
mpi.gov.vn,Bộ Kế hoạch và Đầu tư,Tổ chức nhà nước,Đã xác thực chính thức,Chứng nhận cơ bản,https://tinnhiemmang.vn/danh-ba-tin-nhiem/mpi.gov.vn
mps.gov.vn,Bộ Công an,Tổ chức nhà nước,Đã xác thực chính thức,Chứng nhận cơ bản,https://tinnhiemmang.vn/danh-ba-tin-nhiem/mps.gov.vn
msb.com.vn,Ngân hàng TMCP Hàng hải Việt Nam (MSB),Ngân hàng - Tài chính,Đã xác thực chính thức,Chứng nhận cơ bản,https://tinnhiemmang.vn/danh-ba-tin-nhiem/msb.com.vn
mst.gov.vn,Bộ Khoa học và Công nghệ,Tổ chức nhà nước,18/05/2026,Chứng nhận cơ bản,https://tinnhiemmang.vn/danh-ba-tin-nhiem/mstgovvn-1779090452
muongcha.dienbien.gov.vn,UBND huyện Mường Chà,Tổ chức nhà nước,19/09/2024,Chứng nhận cơ bản,https://tinnhiemmang.vn/danh-ba-tin-nhiem/muongchadienbiengovvn-1726711293
namabank.com.vn,Ngân hàng TMCP Nam Á (Nam A Bank),Ngân hàng - Tài chính,Đã xác thực chính thức,Chứng nhận cơ bản,https://tinnhiemmang.vn/danh-ba-tin-nhiem/namabank.com.vn
namdinh.gov.vn,UBND tỉnh Nam Định,Tổ chức nhà nước,Đã xác thực chính thức,Chứng nhận cơ bản,https://tinnhiemmang.vn/danh-ba-tin-nhiem/namdinh.gov.vn
namthanh.tpninhbinh.ninhbinh.gov.vn,"Uỷ ban nhân dân phường Nam Thành, thành phố Ninh Bình, tỉnh Ninh Bình",Tổ chức nhà nước,30/10/2024,Chứng nhận cơ bản,https://tinnhiemmang.vn/danh-ba-tin-nhiem/namthanhtpninhbinhninhbinhgovvn-1730185823
napas.com.vn,Công ty Cổ phần Thanh toán Quốc gia Việt Nam (Napas),Ngân hàng - Tài chính,Đã xác thực chính thức,Chứng nhận cơ bản,https://tinnhiemmang.vn/danh-ba-tin-nhiem/napas.com.vn
ncb-bank.vn,Ngân hàng TMCP Quốc Dân (NCB),Ngân hàng - Tài chính,Đã xác thực chính thức,Chứng nhận cơ bản,https://tinnhiemmang.vn/danh-ba-tin-nhiem/ncb-bank.vn
ncsc.gov.vn,Trung tâm Giám sát an toàn không gian mạng quốc gia (NCSC),Tổ chức nhà nước,03/12/2024,Chứng nhận nâng cao,https://tinnhiemmang.vn/danh-ba-tin-nhiem/ncscgovvn-1733198332
nghean.gov.vn,UBND tỉnh Nghệ An,Tổ chức nhà nước,Đã xác thực chính thức,Chứng nhận cơ bản,https://tinnhiemmang.vn/danh-ba-tin-nhiem/nghean.gov.vn
ninhan.hoalu.ninhbinh.gov.vn,"Uỷ ban nhân dân xã Ninh An, huyện Hoa Lư, tỉnh Ninh Bình",Tổ chức nhà nước,27/06/2024,Chứng nhận cơ bản,https://tinnhiemmang.vn/danh-ba-tin-nhiem/ninhanhoaluninhbinhgovvn-1719456326
ninhbinh.gov.vn,UBND tỉnh Ninh Bình,Tổ chức nhà nước,Đã xác thực chính thức,Chứng nhận cơ bản,https://tinnhiemmang.vn/danh-ba-tin-nhiem/ninhbinh.gov.vn
ninhhai.hoalu.ninhbinh.gov.vn,"Uỷ ban nhân dân xã Ninh Hải, huyện Hoa Lư, tỉnh Ninh Bình",Tổ chức nhà nước,27/06/2024,Chứng nhận cơ bản,https://tinnhiemmang.vn/danh-ba-tin-nhiem/ninhhaihoaluninhbinhgovvn-1719456558
ninhkhanh.tpninhbinh.ninhbinh.gov.vn,"Uỷ ban nhân dân phường Ninh Khánh, thành phố Ninh Bình, tỉnh Ninh Bình",Tổ chức nhà nước,30/10/2024,Chứng nhận cơ bản,https://tinnhiemmang.vn/danh-ba-tin-nhiem/ninhkhanhtpninhbinhninhbinhgovvn-1730185950
ninhphong.tpninhbinh.ninhbinh.gov.vn,"Uỷ ban nhân dân phường Ninh Phong, thành phố Ninh Bình, tỉnh Ninh Bình",Tổ chức nhà nước,30/10/2024,Chứng nhận cơ bản,https://tinnhiemmang.vn/danh-ba-tin-nhiem/ninhphongtpninhbinhninhbinhgovvn-1730186096
ninhphuc.tpninhbinh.ninhbinh.gov.vn,"Ủy ban nhân dân xã Ninh Phúc, thành phố Ninh Bình",Tổ chức nhà nước,30/10/2024,Chứng nhận cơ bản,https://tinnhiemmang.vn/danh-ba-tin-nhiem/ninhphuctpninhbinhninhbinhgovvn-1730254597
ninhson.tpninhbinh.ninhbinh.gov.vn,"Uỷ ban nhân dân phường Ninh Sơn, thành phố Ninh Bình, tỉnh Ninh Bình",Tổ chức nhà nước,30/10/2024,Chứng nhận cơ bản,https://tinnhiemmang.vn/danh-ba-tin-nhiem/ninhsontpninhbinhninhbinhgovvn-1730186204
ninhthuan.gov.vn,UBND tỉnh Ninh Thuận,Tổ chức nhà nước,Đã xác thực chính thức,Chứng nhận cơ bản,https://tinnhiemmang.vn/danh-ba-tin-nhiem/ninhthuan.gov.vn
ninhtien.tpninhbinh.ninhbinh.gov.vn,"UBND xã Ninh Tiến, thành phố Ninh Bình, tỉnh Ninh Bình",Tổ chức nhà nước,30/10/2024,Chứng nhận cơ bản,https://tinnhiemmang.vn/danh-ba-tin-nhiem/ninhtientpninhbinhninhbinhgovvn-1730251578
ninhvan.hoalu.ninhbinh.gov.vn,"Uỷ ban nhân dân xã Ninh Vân, huyện Hoa Lư, tỉnh Ninh Bình",Tổ chức nhà nước,27/06/2024,Chứng nhận cơ bản,https://tinnhiemmang.vn/danh-ba-tin-nhiem/ninhvanhoaluninhbinhgovvn-1719456441
noichinh.haiduong.org.vn,Ban Nội chính Tỉnh ủy tỉnh Hải Dương,Tổ chức nhà nước,07/10/2024,Chứng nhận cơ bản,https://tinnhiemmang.vn/danh-ba-tin-nhiem/noichinhhaiduongorgvn-1728268537
nongthonmoi.daklak.gov.vn,Văn phòng Điều phối Chương trình MTQG xây dựng NTM Đắk Lắk,Tổ chức nhà nước,24/09/2024,Chứng nhận cơ bản,https://tinnhiemmang.vn/danh-ba-tin-nhiem/nongthonmoidaklakgovvn-1726825458
nsw.varans.vn,"Cục An toàn bức xạ và hạt nhân, Bộ  Khoa học và Công nghệ",Tổ chức nhà nước,25/11/2024,Chứng nhận cơ bản,https://tinnhiemmang.vn/danh-ba-tin-nhiem/nswvaransvn-1729744145
nududo.com,Siêu thị chứng khoán Nududo,Ngân hàng - Tổ chức tài chính,28/12/2021,Chứng nhận cơ bản,https://tinnhiemmang.vn/danh-ba-tin-nhiem/nududocom-1638948834
ocb.com.vn,Ngân hàng TMCP Phương Đông (OCB),Ngân hàng - Tài chính,Đã xác thực chính thức,Chứng nhận cơ bản,https://tinnhiemmang.vn/danh-ba-tin-nhiem/ocb.com.vn
oceanbank.vn,Ngân hàng Thương mại TNHH MTV Đại Dương (OceanBank),Ngân hàng - Tài chính,Đã xác thực chính thức,Chứng nhận cơ bản,https://tinnhiemmang.vn/danh-ba-tin-nhiem/oceanbank.vn
office.quangngai.gov.vn,Sở Thông tin và Truyền thông Quảng Ngãi,Tổ chức nhà nước,11/02/2025,Chứng nhận cơ bản,https://tinnhiemmang.vn/danh-ba-tin-nhiem/officequangngaigovvn-1738569820
openaccount.vps.com.vn,Công ty chứng khoán VPS,Ngân hàng - Tổ chức tài chính,06/06/2024,Chứng nhận cơ bản,https://tinnhiemmang.vn/danh-ba-tin-nhiem/httpsopenaccountvpscomvn-1619694453
opendata.quangngai.gov.vn,Sở Thông tin và Truyền thông Quảng Ngãi,Tổ chức nhà nước,13/12/2024,Chứng nhận cơ bản,https://tinnhiemmang.vn/danh-ba-tin-nhiem/opendataquangngaigovvn-1688609284
payoo.vn,Công Ty Cổ Phần Dịch Vụ Trực Tuyến Cộng Đồng Việt,Ngân hàng - Tổ chức tài chính,20/12/2022,Chứng nhận cơ bản,https://tinnhiemmang.vn/danh-ba-tin-nhiem/payoovn-1669949411
pbpl.lamdong.gov.vn,"Trang Thông tin về Phổ biến, giáo dục pháp luật tỉnh Lâm Đồng",Tổ chức nhà nước,25/11/2024,Chứng nhận cơ bản,https://tinnhiemmang.vn/danh-ba-tin-nhiem/pbpllamdonggovvn-1731893838
pgbank.com.vn,Ngân hàng TMCP Thịnh vượng và Phát triển (PGBank),Ngân hàng - Tài chính,Đã xác thực chính thức,Chứng nhận cơ bản,https://tinnhiemmang.vn/danh-ba-tin-nhiem/pgbank.com.vn
pgdkienluong.gov.vn,Phòng Giáo dục & Đào tạo huyện Kiên Lương,Tổ chức nhà nước,02/10/2024,Chứng nhận cơ bản,https://tinnhiemmang.vn/danh-ba-tin-nhiem/pgdkienluonggovvn-1727775198
pgdlechan.haiphong.edu.vn,Phòng GDĐT Quận Lê Chân,Cơ quan nhà nước,05/07/2024,Chứng nhận cơ bản,https://tinnhiemmang.vn/danh-ba-tin-nhiem/pgdlechanhaiphongeduvn-1715143397
pgdtpdienbienphu.edu.vn,Phòng Giáo dục và Đào tạo thành phố Điện Biên Phủ,Tổ chức nhà nước,21/11/2024,Chứng nhận cơ bản,https://tinnhiemmang.vn/danh-ba-tin-nhiem/pgdtpdienbienphueduvn-1732089943
phantichdulieu.quangngai.gov.vn,Sở Thông tin và Truyền thông Quảng Ngãi,Tổ chức nhà nước,13/12/2024,Chứng nhận cơ bản,https://tinnhiemmang.vn/danh-ba-tin-nhiem/phantichdulieuquangngaigovvn-1734078116
phucthanh.tpninhbinh.ninhbinh.gov.vn,"Uỷ ban nhân dân phường Phúc Thành, thành phố Ninh Bình, tỉnh Ninh Bình",Tổ chức nhà nước,30/10/2024,Chứng nhận cơ bản,https://tinnhiemmang.vn/danh-ba-tin-nhiem/phucthanhtpninhbinhninhbinhgovvn-1730186319
phuninh.phutho.gov.vn,"UBND huyện Phù Ninh, tỉnh Phú Thọ",Tổ chức nhà nước,16/09/2024,Chứng nhận cơ bản,https://tinnhiemmang.vn/danh-ba-tin-nhiem/phuninhphuthogovvn-1726271875
phuong12.dalat.lamdong.gov.vn,"UBND Phường 12, TP Đà Lạt, Lâm Đồng",Tổ chức nhà nước,30/08/2024,Chứng nhận cơ bản,https://tinnhiemmang.vn/danh-ba-tin-nhiem/phuong12dalatlamdonggovvn-1724916872
phuong2.dalat.lamdong.gov.vn,"UBND Phường 2, TP Đà Lạt, Lâm Đồng",Tổ chức nhà nước,29/08/2024,Chứng nhận cơ bản,https://tinnhiemmang.vn/danh-ba-tin-nhiem/phuong2dalatlamdonggovvn-1724903904
phuong3.dalat.lamdong.gov.vn,"UBND Phường 3, TP Đà Lạt, Lâm Đồng",Tổ chức nhà nước,29/08/2024,Chứng nhận cơ bản,https://tinnhiemmang.vn/danh-ba-tin-nhiem/phuong3dalatlamdonggovvn-1724903991
phuong4.dalat.lamdong.gov.vn,"UBND Phường 4, TP Đà Lạt, Lâm Đồng",Tổ chức nhà nước,29/08/2024,Chứng nhận cơ bản,https://tinnhiemmang.vn/danh-ba-tin-nhiem/phuong4dalatlamdonggovvn-1724904064
phuong5.dalat.lamdong.gov.vn,"UBND Phường 5, TP Đà Lạt, Lâm Đồng",Tổ chức nhà nước,29/08/2024,Chứng nhận cơ bản,https://tinnhiemmang.vn/danh-ba-tin-nhiem/phuong5dalatlamdonggovvn-1724904131
ptanhxtanh.haiphong.edu.vn,Trường Trung học phổ thông Anhxtanh,Cơ quan nhà nước,09/07/2024,Chứng nhận cơ bản,https://tinnhiemmang.vn/danh-ba-tin-nhiem/ptanhxtanhhaiphongeduvn-1720493109
publicbank.com.vn,Ngân hàng TNHH Một thành viên Public Bank Việt Nam,Ngân hàng - Tài chính,Đã xác thực chính thức,Chứng nhận cơ bản,https://tinnhiemmang.vn/danh-ba-tin-nhiem/publicbank.com.vn
pvcombank.com.vn,Ngân hàng TMCP Đại Chúng Việt Nam (PVcomBank),Ngân hàng - Tài chính,Đã xác thực chính thức,Chứng nhận cơ bản,https://tinnhiemmang.vn/danh-ba-tin-nhiem/pvcombank.com.vn
qnitrade.gov.vn,"Trung tâm Xúc tiến và Phát triển công thương Quảng Ninh, Sở Công Thương",Tổ chức nhà nước,15/08/2024,Chứng nhận cơ bản,https://tinnhiemmang.vn/danh-ba-tin-nhiem/qnitradegovvn-1723541660
quan1.hochiminhcity.gov.vn,Ủy ban nhân dân quận 1,Tổ chức nhà nước,06/12/2024,Chứng nhận cơ bản,https://tinnhiemmang.vn/danh-ba-tin-nhiem/quan1hochiminhcitygovvn-1733391916
quangbinh.gov.vn,UBND tỉnh Quảng Bình,Tổ chức nhà nước,Đã xác thực chính thức,Chứng nhận cơ bản,https://tinnhiemmang.vn/danh-ba-tin-nhiem/quangbinh.gov.vn
quangnam.gov.vn,UBND tỉnh Quảng Nam,Tổ chức nhà nước,Đã xác thực chính thức,Chứng nhận cơ bản,https://tinnhiemmang.vn/danh-ba-tin-nhiem/quangnam.gov.vn
quangngai.gov.vn,UBND tỉnh Quảng Ngãi,Tổ chức nhà nước,Đã xác thực chính thức,Chứng nhận cơ bản,https://tinnhiemmang.vn/danh-ba-tin-nhiem/quangngai.gov.vn
quangninh.gov.vn,UBND tỉnh Quảng Ninh,Tổ chức nhà nước,Đã xác thực chính thức,Chứng nhận cơ bản,https://tinnhiemmang.vn/danh-ba-tin-nhiem/quangninh.gov.vn
quangtri.gov.vn,UBND tỉnh Quảng Trị,Tổ chức nhà nước,Đã xác thực chính thức,Chứng nhận cơ bản,https://tinnhiemmang.vn/danh-ba-tin-nhiem/quangtri.gov.vn
quanlydisan.quangngai.gov.vn,Sở Thông tin và Truyền thông Quảng Ngãi,Tổ chức nhà nước,13/12/2024,Chứng nhận cơ bản,https://tinnhiemmang.vn/danh-ba-tin-nhiem/quanlydisanquangngaigovvn-1734078138
quanlythanhtra.quangngai.gov.vn,Sở Thông tin và Truyền thông Quảng Ngãi,Tổ chức nhà nước,13/12/2024,Chứng nhận cơ bản,https://tinnhiemmang.vn/danh-ba-tin-nhiem/quanlythanhtraquangngaigovvn-1710902160
quochoi.vn,Cổng Thông tin Điện tử Quốc hội Việt Nam,Tổ chức nhà nước,Đã xác thực chính thức,Chứng nhận nâng cao,https://tinnhiemmang.vn/danh-ba-tin-nhiem/quochoi.vn
quydautuphattrien.hanoi.gov.vn,Quỹ đầu tư phát triển thành phố Hà Nội,Tổ chức nhà nước,09/10/2024,Chứng nhận cơ bản,https://tinnhiemmang.vn/danh-ba-tin-nhiem/quydautuphattrienhanoigovvn-1728375990
quyhoach.thanhpho.quangngai.gov.vn,"Thành phố Quảng Ngãi, Tỉnh Quảng Ngãi",Tổ chức nhà nước,25/10/2024,Chứng nhận cơ bản,https://tinnhiemmang.vn/danh-ba-tin-nhiem/quyhoachthanhphoquangngaigovvn-1729762550
rid.vista.gov.vn,Cục thông tin khoa học và công nghệ quốc gia,Tổ chức nhà nước,31/10/2024,Chứng nhận cơ bản,https://tinnhiemmang.vn/danh-ba-tin-nhiem/ridvistagovvn-1730344681
robotchungkhoan.vn,Siêu thị chứng khoán Nududo,Ngân hàng - Tổ chức tài chính,28/12/2021,Chứng nhận cơ bản,https://tinnhiemmang.vn/danh-ba-tin-nhiem/robotchungkhoanvn-1640690875
sacombank.com,Ngân hàng TMCP Sài Gòn Thương Tín (Sacombank),Ngân hàng - Tài chính,Đã xác thực chính thức,Chứng nhận cơ bản,https://tinnhiemmang.vn/danh-ba-tin-nhiem/sacombank.com
sacombank.com.vn,Ngân hàng TMCP Sài Gòn Thương Tín (Sacombank),Ngân hàng - Tài chính,Đã xác thực chính thức,Chứng nhận cơ bản,https://tinnhiemmang.vn/danh-ba-tin-nhiem/sacombank.com.vn
saigonbank.com.vn,Ngân hàng TMCP Sài Gòn Công Thương (Saigonbank),Ngân hàng - Tài chính,Đã xác thực chính thức,Chứng nhận cơ bản,https://tinnhiemmang.vn/danh-ba-tin-nhiem/saigonbank.com.vn
sathach.cdhue.edu.vn,Trường Cao đẳng Huế,Tổ chức nhà nước,06/12/2024,Chứng nhận cơ bản,https://tinnhiemmang.vn/danh-ba-tin-nhiem/sathachcdhueeduvn-1733470513
sav.gov.vn,Kiểm toán Nhà nước Việt Nam,Tổ chức nhà nước,Đã xác thực chính thức,Chứng nhận cơ bản,https://tinnhiemmang.vn/danh-ba-tin-nhiem/sav.gov.vn
sbv.gov.vn,Ngân hàng Nhà nước Việt Nam,Tổ chức nhà nước,Đã xác thực chính thức,Chứng nhận cơ bản,https://tinnhiemmang.vn/danh-ba-tin-nhiem/sbv.gov.vn
scb.com.vn,Ngân hàng TMCP Sài Gòn (SCB),Ngân hàng - Tài chính,Đã xác thực chính thức,Chứng nhận cơ bản,https://tinnhiemmang.vn/danh-ba-tin-nhiem/scb.com.vn
seabank.com.vn,Ngân hàng TMCP Đông Nam Á (SeABank),Ngân hàng - Tài chính,Đã xác thực chính thức,Chứng nhận cơ bản,https://tinnhiemmang.vn/danh-ba-tin-nhiem/seabank.com.vn
shb.com.vn,Ngân hàng TMCP Sài Gòn - Hà Nội (SHB),Ngân hàng - Tài chính,Đã xác thực chính thức,Chứng nhận cơ bản,https://tinnhiemmang.vn/danh-ba-tin-nhiem/shb.com.vn
shinhan.com.vn,Ngân hàng TNHH Một thành viên Shinhan Việt Nam,Ngân hàng - Tài chính,Đã xác thực chính thức,Chứng nhận cơ bản,https://tinnhiemmang.vn/danh-ba-tin-nhiem/shinhan.com.vn
shtp.hochiminhcity.gov.vn,Ban Quản lý Khu Công nghệ cao Thành phố Hồ CHí Minh,Tổ chức nhà nước,24/12/2025,Chứng nhận cơ bản,https://tinnhiemmang.vn/danh-ba-tin-nhiem/shtphochiminhcitygovvn-1760948521
skhcn.dienbien.gov.vn,Sở Khoa học và Công nghệ tỉnh Diện Biên,Tổ chức nhà nước,16/09/2024,Chứng nhận cơ bản,https://tinnhiemmang.vn/danh-ba-tin-nhiem/skhcndienbiengovvn-1719821923
skhdt.dienbien.gov.vn,Sở Kế hoạch và Đầu tư tỉnh Điện Biên,Tổ chức nhà nước,21/11/2024,Chứng nhận cơ bản,https://tinnhiemmang.vn/danh-ba-tin-nhiem/skhdtdienbiengovvn-1732090078
sldtbxh.ninhbinh.gov.vn,Sở Lao động - Thương binh và Xã hội tỉnh Ninh Bình,Tổ chức nhà nước,26/09/2024,Chứng nhận cơ bản,https://tinnhiemmang.vn/danh-ba-tin-nhiem/sldtbxhninhbinhgovvn-1727227028
smartbanking.bidv.com.vn,BIDV SmartBanking,Ngân hàng - Tài chính,Đã xác thực chính thức,Chứng nhận cơ bản,https://tinnhiemmang.vn/danh-ba-tin-nhiem/smartbanking.bidv.com.vn
smartone.vps.com.vn,Công ty chứng khoán VPS,Ngân hàng - Tổ chức tài chính,06/06/2024,Chứng nhận cơ bản,https://tinnhiemmang.vn/danh-ba-tin-nhiem/httpssmartonevpscomvn-1619694408
smartpro.vps.com.vn,Công ty chứng khoán VPS,Ngân hàng - Tổ chức tài chính,06/06/2024,Chứng nhận cơ bản,https://tinnhiemmang.vn/danh-ba-tin-nhiem/httpssmartprovpscomvn-1619694410
snnptnt.dienbien.gov.vn,Sở Nông nghiệp và Phát triển nông thôn tỉnh Điện Biên,Tổ chức nhà nước,12/09/2024,Chứng nhận cơ bản,https://tinnhiemmang.vn/danh-ba-tin-nhiem/snnptntdienbiengovvn-1726100841
sogiaothong.ninhbinh.gov.vn,Sở Giao thông vận tải tỉnh Ninh Bình,Tổ chức nhà nước,27/06/2024,Chứng nhận cơ bản,https://tinnhiemmang.vn/danh-ba-tin-nhiem/sogiaothongninhbinhgovvn-1719458108
sondien.dilinh.lamdong.gov.vn,UBND xã Sơn Điền - huyện Di Linh,Tổ chức nhà nước,16/09/2024,Chứng nhận cơ bản,https://tinnhiemmang.vn/danh-ba-tin-nhiem/sondiendilinhlamdonggovvn-1712821901
sonla.gov.vn,UBND tỉnh Sơn La,Tổ chức nhà nước,Đã xác thực chính thức,Chứng nhận cơ bản,https://tinnhiemmang.vn/danh-ba-tin-nhiem/sonla.gov.vn
sonoivu.hatinh.gov.vn,Sở Nội vụ tỉnh Hà Tĩnh,Tổ chức nhà nước,11/02/2025,Chứng nhận cơ bản,https://tinnhiemmang.vn/danh-ba-tin-nhiem/sonoivuhatinhgovvn-1738653229
sonongnghiep.ninhbinh.gov.vn,Sở Nông nghiệp và phát triển nông thôn tỉnh Ninh Bình,Tổ chức nhà nước,29/08/2024,Chứng nhận cơ bản,https://tinnhiemmang.vn/danh-ba-tin-nhiem/sonongnghiepninhbinhgovvn-1724814439
sotnmt.ninhbinh.gov.vn,Sở Tài nguyên và Môi trường tỉnh Ninh Bình,Tổ chức nhà nước,27/06/2024,Chứng nhận cơ bản,https://tinnhiemmang.vn/danh-ba-tin-nhiem/sotnmtninhbinhgovvn-1719458221
ssi.com.vn,Công ty Cổ phần Chứng khoán SSI,Ngân hàng - Tài chính,Đã xác thực chính thức,Chứng nhận cơ bản,https://tinnhiemmang.vn/danh-ba-tin-nhiem/ssi.com.vn
stp.lamdong.gov.vn,Sở Tư pháp tỉnh Lâm Đồng,Tổ chức nhà nước,25/11/2024,Chứng nhận cơ bản,https://tinnhiemmang.vn/danh-ba-tin-nhiem/stplamdonggovvn-1731893316
sunvalue.vn,Công Ty Cổ Phần Đầu Tư Và Thẩm Định Quốc Tế Đông Dương,Ngân hàng - Tổ chức tài chính,16/05/2022,Chứng nhận cơ bản,https://tinnhiemmang.vn/danh-ba-tin-nhiem/sunvaluevn-1652676267
tannghia.dilinh.lamdong.gov.vn,"UBND xã Tân Nghĩa, huyện Di Linh, tỉnh Lâm Đồng",Tổ chức nhà nước,24/09/2024,Chứng nhận cơ bản,https://tinnhiemmang.vn/danh-ba-tin-nhiem/tannghiadilinhlamdonggovvn-1727165820
tanthanh.tpninhbinh.ninhbinh.gov.vn,"Uỷ ban nhân dân phường Tân Thành, thành phố Ninh Bình, tỉnh Ninh Bình",Tổ chức nhà nước,27/06/2024,Chứng nhận cơ bản,https://tinnhiemmang.vn/danh-ba-tin-nhiem/tanthanhtpninhbinhninhbinhgovvn-1719472585
tanthuong.dilinh.lamdong.gov.vn,"UBND Xã Tân Thượng, huyện Di Linh, tỉnh Lâm Đồng",Tổ chức nhà nước,16/09/2024,Chứng nhận cơ bản,https://tinnhiemmang.vn/danh-ba-tin-nhiem/tanthuongdilinhlamdonggovvn-1712894043
tanung.dalat.lamdong.gov.vn,UBND Xã Tà Nung,Tổ chức nhà nước,23/08/2024,Chứng nhận cơ bản,https://tinnhiemmang.vn/danh-ba-tin-nhiem/tanungdalatlamdonggovvn-1724316783
tayninh.gov.vn,UBND tỉnh Tây Ninh,Tổ chức nhà nước,Đã xác thực chính thức,Chứng nhận cơ bản,https://tinnhiemmang.vn/danh-ba-tin-nhiem/tayninh.gov.vn
tcbs.com.vn,Công ty Cổ phần Chứng khoán Kỹ Thương (TCBS),Ngân hàng - Tài chính,Đã xác thực chính thức,Chứng nhận cơ bản,https://tinnhiemmang.vn/danh-ba-tin-nhiem/tcbs.com.vn
techcombank.com,Ngân hàng TMCP Kỹ thương Việt Nam (Techcombank),Ngân hàng - Tài chính,Đã xác thực chính thức,Chứng nhận cơ bản,https://tinnhiemmang.vn/danh-ba-tin-nhiem/techcombank.com
techcombank.com.vn,Ngân hàng TMCP Kỹ thương Việt Nam (Techcombank),Ngân hàng - Tài chính,Đã xác thực chính thức,Chứng nhận cơ bản,https://tinnhiemmang.vn/danh-ba-tin-nhiem/techcombank.com.vn
th-thcschienthang.haiphong.edu.vn,Trường THTHCS Chiến Thắng,Cơ quan nhà nước,08/07/2024,Chứng nhận cơ bản,https://tinnhiemmang.vn/danh-ba-tin-nhiem/th-thcschienthanghaiphongeduvn-1714638066
thaibinh.gov.vn,UBND tỉnh Thái Bình,Tổ chức nhà nước,Đã xác thực chính thức,Chứng nhận cơ bản,https://tinnhiemmang.vn/danh-ba-tin-nhiem/thaibinh.gov.vn
thainguyen.gov.vn,UBND tỉnh Thái Nguyên,Tổ chức nhà nước,Đã xác thực chính thức,Chứng nhận cơ bản,https://tinnhiemmang.vn/danh-ba-tin-nhiem/thainguyen.gov.vn
thanhbinh.tpninhbinh.ninhbinh.gov.vn,"Uỷ ban nhân dân phường Thanh Bình, thành phố Ninh Bình, tỉnh Ninh Bình",Tổ chức nhà nước,30/10/2024,Chứng nhận cơ bản,https://tinnhiemmang.vn/danh-ba-tin-nhiem/thanhbinhtpninhbinhninhbinhgovvn-1730186552
thanhdung.haiphong.edu.vn,Trường Tiểu học Anh Dũng,Cơ quan nhà nước,08/07/2024,Chứng nhận cơ bản,https://tinnhiemmang.vn/danh-ba-tin-nhiem/thanhdunghaiphongeduvn-1714641448
thanhhoa.gov.vn,UBND tỉnh Thanh Hóa,Tổ chức nhà nước,Đã xác thực chính thức,Chứng nhận cơ bản,https://tinnhiemmang.vn/danh-ba-tin-nhiem/thanhhoa.gov.vn
thanhhoafdfund.gov.vn,"Ban quản lý Quỹ Bảo vệ, phát triển rừng và Phòng, chống thiên tai tỉnh Thanh Hóa",Tổ chức nhà nước,09/09/2024,Chứng nhận cơ bản,https://tinnhiemmang.vn/danh-ba-tin-nhiem/thanhhoafdfundgovvn-1722940870
thanhmy.donduong.lamdong.gov.vn,UBND Thị trấn Thạnh Mỹ - Huyện Đơn Dương,Tổ chức nhà nước,27/08/2024,Chứng nhận cơ bản,https://tinnhiemmang.vn/danh-ba-tin-nhiem/thanhmydonduonglamdonggovvn-1724659405
thanhnhaho.vn,"Trung tâm Bảo tồn di sản Thành Nhà Hồ, tỉnh Thanh Hóa",Tổ chức nhà nước,25/11/2024,Chứng nhận cơ bản,https://tinnhiemmang.vn/danh-ba-tin-nhiem/thanhnhahovn-1732249658
thcsdaithang.haiphong.edu.vn,Trường THCS Đại Thắng,Cơ quan nhà nước,08/07/2024,Chứng nhận cơ bản,https://tinnhiemmang.vn/danh-ba-tin-nhiem/thcsdaithanghaiphongeduvn-1720432040
thcsdonghoa.haiphong.edu.vn,Trường THCS Đồng Hoà,Cơ quan nhà nước,08/07/2024,Chứng nhận cơ bản,https://tinnhiemmang.vn/danh-ba-tin-nhiem/thcsdonghoahaiphongeduvn-1715156210
thcsdungtien.haiphong.edu.vn,Trường THCS Dũng Tiến,Cơ quan nhà nước,08/07/2024,Chứng nhận cơ bản,https://tinnhiemmang.vn/danh-ba-tin-nhiem/thcsdungtienhaiphongeduvn-1714564137
thcshoabinhtranduong.haiphong.edu.vn,Trường THCS Hòa Bình- Trấn Dương,Cơ quan nhà nước,18/07/2024,Chứng nhận cơ bản,https://tinnhiemmang.vn/danh-ba-tin-nhiem/thcshoabinhtranduonghaiphongeduvn-1721189230
thcshoanghia.haiphong.edu.vn,Trường THCS Hòa Nghĩa,Cơ quan nhà nước,15/07/2024,Chứng nhận cơ bản,https://tinnhiemmang.vn/danh-ba-tin-nhiem/thcshoanghiahaiphongeduvn-1720840220
thcsnhanhoa-tamdavb.haiphong.edu.vn,Trường THCS Nhân Hòa Tam Đa,Cơ quan nhà nước,10/07/2024,Chứng nhận cơ bản,https://tinnhiemmang.vn/danh-ba-tin-nhiem/thcsnhanhoa-tamdavbhaiphongeduvnhomegd2-1720537985
thcsquyettien.haiphong.edu.vn,Trường THCS Quyết Tiến,Tổ chức nhà nước,21/08/2024,Chứng nhận cơ bản,https://tinnhiemmang.vn/danh-ba-tin-nhiem/thcsquyettienhaiphongeduvn-1724204599
thcstienthanh.haiphong.edu.vn,Trường THCS Tiên Thanh,Cơ quan nhà nước,19/07/2024,Chứng nhận cơ bản,https://tinnhiemmang.vn/danh-ba-tin-nhiem/thcstienthanhhaiphongeduvn-1721291826
thcsvinhantanlien.haiphong.edu.vn,Trường THCS Vĩnh An - Tân Liên,Cơ quan nhà nước,08/07/2024,Chứng nhận cơ bản,https://tinnhiemmang.vn/danh-ba-tin-nhiem/thcsvinhantanlienhaiphongeduvn-1714621053
thcsvinhquangtienglang.haiphong.edu.vn,Trường THCS Vinh Quang,Cơ quan nhà nước,08/07/2024,Chứng nhận cơ bản,https://tinnhiemmang.vn/danh-ba-tin-nhiem/thcsvinhquangtienglanghaiphongeduvn-1715155649
thdaphuc.haiphong.edu.vn,Trường Tiểu học Đa Phúc,Tổ chức nhà nước,20/08/2024,Chứng nhận cơ bản,https://tinnhiemmang.vn/danh-ba-tin-nhiem/thdaphuchaiphongeduvn-1724122865
thdongminh.haiphong.edu.vn,Trường Tiểu học Đồng Minh,Cơ quan nhà nước,08/07/2024,Chứng nhận cơ bản,https://tinnhiemmang.vn/danh-ba-tin-nhiem/thdongminhhaiphongeduvn-1714613185
thhoabinh.haiphong.edu.vn,Trường TH Hòa Bình,Cơ quan nhà nước,08/07/2024,Chứng nhận cơ bản,https://tinnhiemmang.vn/danh-ba-tin-nhiem/thhoabinhhaiphongeduvn-1715155765
thhungthang.haiphong.edu.vn,Trường tiểu học Hùng Thắng,Cơ quan nhà nước,08/07/2024,Chứng nhận cơ bản,https://tinnhiemmang.vn/danh-ba-tin-nhiem/thhungthanghaiphongeduvn-1714788175
thitrandilinh.dilinh.lamdong.gov.vn,UBND thị trấn Di Linh,Tổ chức nhà nước,16/09/2024,Chứng nhận cơ bản,https://tinnhiemmang.vn/danh-ba-tin-nhiem/thitrandilinhdilinhlamdonggovvn-1712541918
thitranme.giavien.ninhbinh.gov.vn,"Uỷ ban nhân dân thị trấn Me, huyện Gia Viễn, tỉnh Ninh Bình",Tổ chức nhà nước,27/06/2024,Chứng nhận cơ bản,https://tinnhiemmang.vn/danh-ba-tin-nhiem/thitranmegiavienninhbinhgovvn-1719473152
thitranthinhvuong.giavien.ninhbinh.gov.vn,"Uỷ ban nhân dân thị trấn Thịnh Vượng, huyện Gia Viễn, tỉnh Ninh Bình",Tổ chức nhà nước,11/02/2025,Chứng nhận cơ bản,https://tinnhiemmang.vn/danh-ba-tin-nhiem/thitranthinhvuonggiavienninhbinhgovvn-1739243305
thlienhao.haiphong.edu.vn,Trường Tiểu học Kiến Thiết,Cơ quan nhà nước,09/07/2024,Chứng nhận cơ bản,https://tinnhiemmang.vn/danh-ba-tin-nhiem/thlienhaohaiphongeduvn-1720492473
thnguyenduccanh.haiphong.edu.vn,Trường Tiểu học Nguyễn Đức Cảnh,Cơ quan nhà nước,05/07/2024,Chứng nhận cơ bản,https://tinnhiemmang.vn/danh-ba-tin-nhiem/thnguyenduccanhhaiphongeduvn-1714720983
thnhanhoa.haiphong.edu.vn,Trường Tiểu học Nhân Hoà,Cơ quan nhà nước,08/07/2024,Chứng nhận cơ bản,https://tinnhiemmang.vn/danh-ba-tin-nhiem/thnhanhoahaiphongeduvn-1714612827
thongkecantho.gso.gov.vn,Cục Thống kê TP. Cần Thơ,Tổ chức nhà nước,30/09/2024,Chứng nhận cơ bản,https://tinnhiemmang.vn/danh-ba-tin-nhiem/thongkecanthogsogovvn-1727661660
thptbachdang.haiphong.edu.vn,Trường THPT Bạch Đằng,Cơ quan nhà nước,05/07/2024,Chứng nhận cơ bản,https://tinnhiemmang.vn/danh-ba-tin-nhiem/thptbachdanghaiphongeduvn-1715141990
thptconghien.haiphong.edu.vn,Trường THPT Cộng Hiền,Tổ chức nhà nước,19/08/2024,Chứng nhận cơ bản,https://tinnhiemmang.vn/danh-ba-tin-nhiem/thptconghienhaiphongeduvn-1724038481
thptleichmoc.haiphong.edu.vn,Trường THPT Lê Ích Mộc,Cơ quan nhà nước,08/07/2024,Chứng nhận cơ bản,https://tinnhiemmang.vn/danh-ba-tin-nhiem/thptleichmochaiphongeduvn-1715147386
thptluongkhanhthien.haiphong.edu.vn,THPT Lương Khánh Thiện,Cơ quan nhà nước,08/07/2024,Chứng nhận cơ bản,https://tinnhiemmang.vn/danh-ba-tin-nhiem/thptluongkhanhthienhaiphongeduvn-1720432236
thptluongthevinh.haiphong.edu.vn,Trường THPT Lương Thế Vinh,Cơ quan nhà nước,08/07/2024,Chứng nhận cơ bản,https://tinnhiemmang.vn/danh-ba-tin-nhiem/thptluongthevinhhaiphongeduvn-1714707262
thptnamtrieu.haiphong.edu.vn,Trường THPT Nam Triệu,Cơ quan nhà nước,05/07/2024,Chứng nhận cơ bản,https://tinnhiemmang.vn/danh-ba-tin-nhiem/thptnamtrieuhaiphongeduvn-1715154470
thpttantrao.haiphong.edu.vn,Trường THPT Tân Trào,Cơ quan nhà nước,05/07/2024,Chứng nhận cơ bản,https://tinnhiemmang.vn/danh-ba-tin-nhiem/thpttantraohaiphongeduvn-1715141397
thptvinhbao.haiphong.edu.vn,Trường THPT Vĩnh Bảo,Cơ quan nhà nước,05/07/2024,Chứng nhận cơ bản,https://tinnhiemmang.vn/danh-ba-tin-nhiem/thptvinhbaohaiphongeduvn-1719836996
thquoctuan.haiphong.edu.vn,Trường Tiểu học Quốc Tuấn,Tổ chức nhà nước,15/08/2024,Chứng nhận cơ bản,https://tinnhiemmang.vn/danh-ba-tin-nhiem/thquoctuanhaiphongeduvn-1723553643
thuongkiem.kimson.ninhbinh.gov.vn,Uỷ ban nhân dân xã Thượng Kiệm,Tổ chức nhà nước,06/12/2024,Chứng nhận cơ bản,https://tinnhiemmang.vn/danh-ba-tin-nhiem/thuongkiemkimsonninhbinhgovvn-1733298508
thuvienkhcn.quangngai.gov.vn,Sở Thông tin và Truyền thông Quảng Ngãi,Tổ chức nhà nước,13/12/2024,Chứng nhận cơ bản,https://tinnhiemmang.vn/danh-ba-tin-nhiem/thuvienkhcnquangngaigovvn-1710902134
thuvientinhthanhhoa.vn,Thư viện tỉnh Thanh Hóa,Tổ chức nhà nước,26/09/2024,Chứng nhận cơ bản,https://tinnhiemmang.vn/danh-ba-tin-nhiem/thuvientinhthanhhoavn-1727317554
tiengiang.gov.vn,UBND tỉnh Tiền Giang,Tổ chức nhà nước,Đã xác thực chính thức,Chứng nhận cơ bản,https://tinnhiemmang.vn/danh-ba-tin-nhiem/tiengiang.gov.vn
tinnhiemmang.vn,Trung tâm An ninh mạng Quốc gia (NCA),Tổ chức nhà nước,01/05/2025,Chứng nhận nâng cao,https://tinnhiemmang.vn/danh-ba-tin-nhiem/tinnhiemmangvn-1617812364
toaan.gov.vn,Tòa án Nhân dân Tối cao,Tổ chức nhà nước,Đã xác thực chính thức,Chứng nhận cơ bản,https://tinnhiemmang.vn/danh-ba-tin-nhiem/toaan.gov.vn
tpb.vn,Ngân hàng TMCP Tiên Phong (TPBank),Ngân hàng - Tài chính,Đã xác thực chính thức,Chứng nhận cơ bản,https://tinnhiemmang.vn/danh-ba-tin-nhiem/tpb.vn
tpbank.vn,Ngân hàng TMCP Tiên Phong (TPBank),Ngân hàng - Tài chính,Đã xác thực chính thức,Chứng nhận cơ bản,https://tinnhiemmang.vn/danh-ba-tin-nhiem/tpbank.vn
tpninhbinh.ninhbinh.gov.vn,UBND Thành Phố Ninh Bình,Tổ chức nhà nước,26/09/2024,Chứng nhận cơ bản,https://tinnhiemmang.vn/danh-ba-tin-nhiem/tpninhbinhninhbinhgovvn-1727255999
tramhanh.dalat.lamdong.gov.vn,UBND Xã Trạm Hành,Tổ chức nhà nước,18/09/2024,Chứng nhận cơ bản,https://tinnhiemmang.vn/danh-ba-tin-nhiem/tramhanhdalatlamdonggovvn-1726451354
travellink.vn,Công Ty Cổ Phần Công Nghệ Và Truyền Thông Vnlink,Cơ quan nhà nước,30/06/2024,Chứng nhận cơ bản,https://tinnhiemmang.vn/danh-ba-tin-nhiem/travellinkvn-1720173906
travinh.gov.vn,UBND tỉnh Trà Vinh,Tổ chức nhà nước,Đã xác thực chính thức,Chứng nhận cơ bản,https://tinnhiemmang.vn/danh-ba-tin-nhiem/travinh.gov.vn
trungcapnghemiennui.edu.vn,Trường Trung cấp nghề Miền núi Thanh Hóa,Tổ chức nhà nước,17/10/2024,Chứng nhận cơ bản,https://tinnhiemmang.vn/danh-ba-tin-nhiem/trungcapnghemiennuieduvn-1729133141
trungtamnuocsach.vinhlong.gov.vn,Trung tâm Nước sạch và Vệ sinh Môi trường Nông thôn tỉnh Vĩnh Long,Tổ chức nhà nước,15/08/2024,Chứng nhận cơ bản,https://tinnhiemmang.vn/danh-ba-tin-nhiem/trungtamnuocsachvinhlonggovvn-1723689821
trungtamnuocthanhhoa.com.vn,Trung tâm Nước sinh hoạt và Vệ sinh môi trường nông thôn tỉnh Thanh Hóa,Tổ chức nhà nước,17/10/2024,Chứng nhận cơ bản,https://tinnhiemmang.vn/danh-ba-tin-nhiem/trungtamnuocthanhhoacomvn-1729133000
trungtamptht.bqlkkt.angiang.gov.vn,Trung tâm Đầu tư - Phát triển hạ tầng và Hỗ trợ doanh nghiệp Khu kinh tế tỉnh An Giang,Tổ chức nhà nước,02/10/2024,Chứng nhận cơ bản,https://tinnhiemmang.vn/danh-ba-tin-nhiem/trungtampthtbqlkktangianggovvn-1727771490
trungtamytehuyendakto.vn,Trung tâm Y tế huyện Đăk Tô,Cơ quan nhà nước,05/08/2024,Chứng nhận cơ bản,https://tinnhiemmang.vn/danh-ba-tin-nhiem/trungtamytehuyendaktovn-1722848673
trungtamytenghison.vn,Trung tâm Y tế thị xã Nghi Sơn,Tổ chức nhà nước,26/09/2024,Chứng nhận cơ bản,https://tinnhiemmang.vn/danh-ba-tin-nhiem/trungtamytenghisonvn-1727317273
ttdn.ninhbinh.gov.vn,Sở Thông tin và Truyền thông tỉnh Ninh Bình,Tổ chức nhà nước,22/07/2024,Chứng nhận cơ bản,https://tinnhiemmang.vn/danh-ba-tin-nhiem/ttdnninhbinhgovvn-1721619916
ttdvvl.thanhhoa.gov.vn,Trung tâm Dịch vụ việc làm Thanh Hóa,Tổ chức nhà nước,17/10/2024,Chứng nhận cơ bản,https://tinnhiemmang.vn/danh-ba-tin-nhiem/ttdvvlthanhhoagovvn-1729133035
ttyt-longho.vinhlong.gov.vn,Trung tâm Y tế huyện Long Hồ tỉnh Vĩnh Long,Tổ chức nhà nước,15/08/2024,Chứng nhận cơ bản,https://tinnhiemmang.vn/danh-ba-tin-nhiem/ttyt-longhovinhlonggovvn-1723689490
ttyt-mangthit.vinhlong.gov.vn,Trung tâm Y tế huyện Mang Thít tỉnh Vĩnh Long,Tổ chức nhà nước,15/08/2024,Chứng nhận cơ bản,https://tinnhiemmang.vn/danh-ba-tin-nhiem/ttyt-mangthitvinhlonggovvn-1723689522
ttytbinhminh.vinhlong.gov.vn,Trung tâm Y tế thị xã Bình Minh tỉnh Vĩnh Long,Tổ chức nhà nước,15/08/2024,Chứng nhận cơ bản,https://tinnhiemmang.vn/danh-ba-tin-nhiem/ttytbinhminhvinhlonggovvn-1723689575
ttytbinhtan.vinhlong.gov.vn,Trung tâm Y tế huyện Bình Tân tỉnh Vĩnh Long,Tổ chức nhà nước,15/08/2024,Chứng nhận cơ bản,https://tinnhiemmang.vn/danh-ba-tin-nhiem/ttytbinhtanvinhlonggovvn-1723689606
ttytnguyenvanthu.vinhlong.gov.vn,Trung tâm Y tế Nguyễn Văn Thủ tỉnh Vĩnh Long,Tổ chức nhà nước,15/08/2024,Chứng nhận cơ bản,https://tinnhiemmang.vn/danh-ba-tin-nhiem/ttytnguyenvanthuvinhlonggovvn-1723689757
ttyttambinh.vinhlong.gov.vn,Trung tâm Y tế huyện Tam Bình tỉnh Vĩnh Long,Tổ chức nhà nước,15/08/2024,Chứng nhận cơ bản,https://tinnhiemmang.vn/danh-ba-tin-nhiem/ttyttambinhvinhlonggovvn-1723689549
ttyttpvl.vinhlong.gov.vn,Trung tâm Y tế Thành phố Vĩnh Long tỉnh Vĩnh Long,Tổ chức nhà nước,15/08/2024,Chứng nhận cơ bản,https://tinnhiemmang.vn/danh-ba-tin-nhiem/ttyttpvlvinhlonggovvn-1723689451
ttyttraon.vinhlong.gov.vn,Trung tâm Y tế huyện Trà Ôn tỉnh Vĩnh Long,Tổ chức nhà nước,15/08/2024,Chứng nhận cơ bản,https://tinnhiemmang.vn/danh-ba-tin-nhiem/ttyttraonvinhlonggovvn-1723689790
tuoitrehaiduong.vn,Tỉnh đoàn Hải Dương,Tổ chức nhà nước,07/10/2024,Chứng nhận cơ bản,https://tinnhiemmang.vn/danh-ba-tin-nhiem/tuoitrehaiduongvn-1728268603
tuyentruyen.lamdong.gov.vn,Cổng thông tin điện tử tỉnh Lâm Đồng,Tổ chức nhà nước,07/11/2024,Chứng nhận cơ bản,https://tinnhiemmang.vn/danh-ba-tin-nhiem/tuyentruyenlamdonggovvn-1730879935
uob.com.vn,Ngân hàng TNHH Một thành viên UOB (Việt Nam),Ngân hàng - Tài chính,Đã xác thực chính thức,Chứng nhận cơ bản,https://tinnhiemmang.vn/danh-ba-tin-nhiem/uob.com.vn
vangiang.tpninhbinh.ninhbinh.gov.vn,"Uỷ ban nhân dân phường Vân Giang, thành phố Ninh Bình, tỉnh Ninh Bình",Tổ chức nhà nước,27/06/2024,Chứng nhận cơ bản,https://tinnhiemmang.vn/danh-ba-tin-nhiem/vangiangtpninhbinhninhbinhgovvn-1719472803
vba.org.vn,Hiệp hội Ngân hàng Việt Nam,Ngân hàng - Tài chính,Đã xác thực chính thức,Chứng nhận cơ bản,https://tinnhiemmang.vn/danh-ba-tin-nhiem/vba.org.vn
vbsp.org.vn,Ngân hàng Chính sách xã hội Việt Nam,Ngân hàng - Tài chính,Đã xác thực chính thức,Chứng nhận cơ bản,https://tinnhiemmang.vn/danh-ba-tin-nhiem/vbsp.org.vn
vcb.com.vn,Ngân hàng TMCP Ngoại thương Việt Nam (Vietcombank),Ngân hàng - Tài chính,Đã xác thực chính thức,Chứng nhận cơ bản,https://tinnhiemmang.vn/danh-ba-tin-nhiem/vcb.com.vn
vcbs.com.vn,Công ty TNHH Chứng khoán Ngân hàng TMCP Ngoại thương Việt Nam (VCBS),Ngân hàng - Tài chính,Đã xác thực chính thức,Chứng nhận cơ bản,https://tinnhiemmang.vn/danh-ba-tin-nhiem/vcbs.com.vn
vdb.gov.vn,Ngân hàng Phát triển Việt Nam (VDB),Tổ chức nhà nước,Đã xác thực chính thức,Chứng nhận cơ bản,https://tinnhiemmang.vn/danh-ba-tin-nhiem/vdb.gov.vn
vib.com.vn,Ngân hàng TMCP Quốc tế Việt Nam (VIB),Ngân hàng - Tài chính,Đã xác thực chính thức,Chứng nhận cơ bản,https://tinnhiemmang.vn/danh-ba-tin-nhiem/vib.com.vn
vietbank.com.vn,Ngân hàng TMCP Việt Nam Thương Tín (VietBank),Ngân hàng - Tài chính,Đã xác thực chính thức,Chứng nhận cơ bản,https://tinnhiemmang.vn/danh-ba-tin-nhiem/vietbank.com.vn
vietcombank.com.vn,Ngân hàng TMCP Ngoại thương Việt Nam (Vietcombank),Ngân hàng - Tài chính,Đã xác thực chính thức,Chứng nhận cơ bản,https://tinnhiemmang.vn/danh-ba-tin-nhiem/vietcombank.com.vn
vietinbank.vn,Ngân hàng TMCP Công Thương Việt Nam (VietinBank),Ngân hàng - Tài chính,Đã xác thực chính thức,Chứng nhận cơ bản,https://tinnhiemmang.vn/danh-ba-tin-nhiem/vietinbank.vn
vinhlong.gov.vn,UBND tỉnh Vĩnh Long,Tổ chức nhà nước,Đã xác thực chính thức,Chứng nhận cơ bản,https://tinnhiemmang.vn/danh-ba-tin-nhiem/vinhlong.gov.vn
vinhphuc.gov.vn,UBND tỉnh Vĩnh Phúc,Tổ chức nhà nước,Đã xác thực chính thức,Chứng nhận cơ bản,https://tinnhiemmang.vn/danh-ba-tin-nhiem/vinhphuc.gov.vn
vksndtc.gov.vn,Viện Kiểm sát Nhân dân Tối cao,Tổ chức nhà nước,Đã xác thực chính thức,Chứng nhận cơ bản,https://tinnhiemmang.vn/danh-ba-tin-nhiem/vksndtc.gov.vn
vnanet.vn,Thông tấn xã Việt Nam (TTXVN),Tổ chức nhà nước,Đã xác thực chính thức,Chứng nhận cơ bản,https://tinnhiemmang.vn/danh-ba-tin-nhiem/vnanet.vn
vndirect.com.vn,Công ty Cổ phần Chứng khoán VNDIRECT,Ngân hàng - Tài chính,Đã xác thực chính thức,Chứng nhận cơ bản,https://tinnhiemmang.vn/danh-ba-tin-nhiem/vndirect.com.vn
vnpay.vn,Công ty Cổ phần Giải pháp Thanh toán Việt Nam (VNPAY),Ngân hàng - Tài chính,Đã xác thực chính thức,Chứng nhận cơ bản,https://tinnhiemmang.vn/danh-ba-tin-nhiem/vnpay.vn
vov.vn,Đài Tiếng nói Việt Nam (VOV),Tổ chức nhà nước,Đã xác thực chính thức,Chứng nhận cơ bản,https://tinnhiemmang.vn/danh-ba-tin-nhiem/vov.vn
vpbank.com.vn,Ngân hàng TMCP Việt Nam Thịnh Vượng (VPBank),Ngân hàng - Tài chính,Đã xác thực chính thức,Chứng nhận cơ bản,https://tinnhiemmang.vn/danh-ba-tin-nhiem/vpbank.com.vn
vps.com.vn,Công ty Cổ phần Chứng khoán VPS,Ngân hàng - Tài chính,Đã xác thực chính thức,Chứng nhận cơ bản,https://tinnhiemmang.vn/danh-ba-tin-nhiem/vps.com.vn
vrbank.com.vn,Ngân hàng Liên doanh Việt - Nga (VRB),Ngân hàng - Tài chính,Đã xác thực chính thức,Chứng nhận cơ bản,https://tinnhiemmang.vn/danh-ba-tin-nhiem/vrbank.com.vn
vtv.vn,Đài Truyền hình Việt Nam (VTV),Tổ chức nhà nước,Đã xác thực chính thức,Chứng nhận cơ bản,https://tinnhiemmang.vn/danh-ba-tin-nhiem/vtv.vn
wooribank.com.vn,Ngân hàng TNHH Một thành viên Woori Việt Nam,Ngân hàng - Tài chính,Đã xác thực chính thức,Chứng nhận cơ bản,https://tinnhiemmang.vn/danh-ba-tin-nhiem/wooribank.com.vn
www.vps.com.vn,Công ty chứng khoán VPS,Ngân hàng - Tổ chức tài chính,06/06/2024,Chứng nhận cơ bản,https://tinnhiemmang.vn/danh-ba-tin-nhiem/httpswwwvpscomvn-1619694439
xuantho.dalat.lamdong.gov.vn,"UBND Xã Xuân Thọ, TP Đà Lạt, Lâm Đồng",Tổ chức nhà nước,29/08/2024,Chứng nhận cơ bản,https://tinnhiemmang.vn/danh-ba-tin-nhiem/xuanthodalatlamdonggovvn-1724915956
xuantruong.dalat.lamdong.gov.vn,"UBND Xã Xuân Trường, TP Đà Lạt, Lâm Đồng",Tổ chức nhà nước,29/08/2024,Chứng nhận cơ bản,https://tinnhiemmang.vn/danh-ba-tin-nhiem/xuantruongdalatlamdonggovvn-1724916039
yenbai.gov.vn,UBND tỉnh Yên Bái,Tổ chức nhà nước,Đã xác thực chính thức,Chứng nhận cơ bản,https://tinnhiemmang.vn/danh-ba-tin-nhiem/yenbai.gov.vn
yenmac.yenmo.ninhbinh.gov.vn,"Uỷ ban nhân dân xã Yên Mạc, huyện Yên Mô, tỉnh Ninh Bình",Tổ chức nhà nước,27/06/2024,Chứng nhận cơ bản,https://tinnhiemmang.vn/danh-ba-tin-nhiem/yenmacyenmoninhbinhgovvn-1719456857
yenmo.ninhbinh.gov.vn,"Uỷ ban nhân dân huyện Yên Mô, tỉnh Ninh Bình",Tổ chức nhà nước,27/06/2024,Chứng nhận cơ bản,https://tinnhiemmang.vn/danh-ba-tin-nhiem/yenmoninhbinhgovvn-1719456718
yenthinh.yenmo.ninhbinh.gov.vn,"Uỷ ban nhân dân thị trấn Yên Thịnh, huyện Yên Mô, tỉnh Ninh Bình",Tổ chức nhà nước,27/06/2024,Chứng nhận cơ bản,https://tinnhiemmang.vn/danh-ba-tin-nhiem/yenthinhyenmoninhbinhgovvn-1719457004
ytebimson.ytethanhhoa.gov.vn,"Trung tâm y tế Thị xã Bỉm Sơn, tỉnh Thanh Hóa",Tổ chức nhà nước,25/11/2024,Chứng nhận cơ bản,https://tinnhiemmang.vn/danh-ba-tin-nhiem/ytebimsonytethanhhoagovvn-1732249956
ytehatrung.ytethanhhoa.gov.vn,"Trung tâm y tế huyện Hà Trung, tỉnh Thanh Hóa",Tổ chức nhà nước,25/11/2024,Chứng nhận cơ bản,https://tinnhiemmang.vn/danh-ba-tin-nhiem/ytehatrungytethanhhoagovvn-1732249991
ytehauloc.ytethanhhoa.gov.vn,"Trung tâm y tế huyện Hậu Lộc, tỉnh Thanh Hóa",Tổ chức nhà nước,25/11/2024,Chứng nhận cơ bản,https://tinnhiemmang.vn/danh-ba-tin-nhiem/ytehaulocytethanhhoagovvn-1732250025
ytenongcong.ytethanhhoa.gov.vn,Trung tâm y tế huyện Nông Cống tỉnh Thanh Hóa,Tổ chức nhà nước,17/10/2024,Chứng nhận cơ bản,https://tinnhiemmang.vn/danh-ba-tin-nhiem/ytenongcongytethanhhoagovvn-1729133407
ytequanhoa.ytethanhhoa.gov.vn,Trung tâm y tế huyện Quan Hóa,Tổ chức nhà nước,26/09/2024,Chứng nhận cơ bản,https://tinnhiemmang.vn/danh-ba-tin-nhiem/ytequanhoaytethanhhoagovvn-1727317384
yteyendinh.ytethanhhoa.gov.vn,"Trung tâm y tế huyện Yên Định, tỉnh Thanh Hóa",Tổ chức nhà nước,25/11/2024,Chứng nhận cơ bản,https://tinnhiemmang.vn/danh-ba-tin-nhiem/yteyendinhytethanhhoagovvn-1732250057
zalopay.vn,Công ty Cổ phần ZION (ZaloPay),Ngân hàng - Tài chính,Đã xác thực chính thức,Chứng nhận cơ bản,https://tinnhiemmang.vn/danh-ba-tin-nhiem/zalopay.vn
aithuong.bathuoc.thanhhoa.gov.vn,"UBND Xã Ái Thượng, Huyện Bá Thước, tỉnh Thanh Hóa",Tổ chức nhà nước,21/08/2024,Chứng nhận cơ bản,https://tinnhiemmang.vn/danh-ba-tin-nhiem/aithuongbathuocthanhhoagovvn-1724148663
anhung.tpthanhhoa.thanhhoa.gov.vn,"UBND Phường An Hưng, Thành phố Thanh Hóa, tỉnh Thanh Hóa",Tổ chức nhà nước,26/09/2024,Chứng nhận cơ bản,https://tinnhiemmang.vn/danh-ba-tin-nhiem/anhungtpthanhhoathanhhoagovvn-1727317724
bacabank.vn,Ngân hàng TMCP Bắc Á (Bac A Bank),Ngân hàng - Tài chính,Đã xác thực chính thức,Chứng nhận cơ bản,https://tinnhiemmang.vn/danh-ba-tin-nhiem/bacabank.vn
badinh.tpthanhhoa.thanhhoa.gov.vn,"UBND Phường Ba Đình, Thành phố Thanh Hóa, tỉnh Thanh Hóa",Tổ chức nhà nước,26/09/2024,Chứng nhận cơ bản,https://tinnhiemmang.vn/danh-ba-tin-nhiem/badinhtpthanhhoathanhhoagovvn-1727317774
bancong.bathuoc.thanhhoa.gov.vn,"UBND Xã Ban Công, Huyện Bá Thước, tỉnh Thanh Hóa",Tổ chức nhà nước,21/08/2024,Chứng nhận cơ bản,https://tinnhiemmang.vn/danh-ba-tin-nhiem/bancongbathuocthanhhoagovvn-1724148332
battrang.gialam.hanoi.gov.vn,"UBND xã Bát Tràng, Gia Lâm, Hà Nội",Tổ chức nhà nước,11/11/2024,Chứng nhận cơ bản,https://tinnhiemmang.vn/danh-ba-tin-nhiem/battranggialamhanoigovvn-1731049821
bdt.dienbien.gov.vn,Ban dân tộc tỉnh Điện Biên,Tổ chức nhà nước,13/09/2024,Chứng nhận cơ bản,https://tinnhiemmang.vn/danh-ba-tin-nhiem/bdtdienbiengovvn-1726198950
binhan-dian.gov.vn,"UBND phường Bình An , thành phố Dĩ An,  tỉnh Bình Dương",Tổ chức nhà nước,15/10/2024,Chứng nhận cơ bản,https://tinnhiemmang.vn/danh-ba-tin-nhiem/binhan-diangovvn-1728877588
binhduong.gov.vn,UBND tỉnh Bình Dương,Tổ chức nhà nước,Đã xác thực chính thức,Chứng nhận cơ bản,https://tinnhiemmang.vn/danh-ba-tin-nhiem/binhduong.gov.vn
binhminh.thixanghison.thanhhoa.gov.vn,"UBND phường Bình Minh Thị xã Nghi Sơn, tỉnh Thanh Hóa",Tổ chức nhà nước,13/08/2024,Chứng nhận cơ bản,https://tinnhiemmang.vn/danh-ba-tin-nhiem/binhminhthixanghisonthanhhoagovvn-1723522363
binhthuan.gov.vn,UBND tỉnh Bình Thuận,Tổ chức nhà nước,Đã xác thực chính thức,Chứng nhận cơ bản,https://tinnhiemmang.vn/danh-ba-tin-nhiem/binhthuan.gov.vn
canhuu-quocoai.thudo.gov.vn,"UBND xã Cấn Hữu, huyện Quốc Oai, Hà Nội",Tổ chức nhà nước,22/11/2024,Chứng nhận cơ bản,https://tinnhiemmang.vn/danh-ba-tin-nhiem/canhuu-quocoaithudogovvn-1732090920
cbbank.vn,Ngân hàng Thương mại TNHH MTV Xây dựng Việt Nam (CBBank),Ngân hàng - Tài chính,Đã xác thực chính thức,Chứng nhận cơ bản,https://tinnhiemmang.vn/danh-ba-tin-nhiem/cbbank.vn
chicucqlclnltsthanhhoa.gov.vn,"Chi cục Quản lý chất lượng Nông, lâm sản và Thủy sản tỉnh Thanh Hóa",Tổ chức nhà nước,17/10/2024,Chứng nhận cơ bản,https://tinnhiemmang.vn/danh-ba-tin-nhiem/chicucqlclnltsthanhhoagovvn-1729132863
chora.babe.gov.vn,Uỷ Ban Nhân Dân Thị Trấn Chợ Rã,Tổ chức nhà nước,06/12/2024,Chứng nhận cơ bản,https://tinnhiemmang.vn/danh-ba-tin-nhiem/chorababegovvn-1733128745
cobi.gialam.hanoi.gov.vn,"UBND xã Cổ Bi, Gia Lâm, Hà Nội",Tổ chức nhà nước,11/11/2024,Chứng nhận cơ bản,https://tinnhiemmang.vn/danh-ba-tin-nhiem/cobigialamhanoigovvn-1731049570
codong.sontay.hanoi.gov.vn,"UBND xã Cổ Đông, thị xã Sơn Tây, Hà Nội",Tổ chức nhà nước,27/11/2024,Chứng nhận cơ bản,https://tinnhiemmang.vn/danh-ba-tin-nhiem/codongsontayhanoigovvn-1732682693
colung.bathuoc.thanhhoa.gov.vn,"UBND Xã Cổ Lũng, Huyện Bá Thước, tỉnh Thanh Hóa",Tổ chức nhà nước,21/08/2024,Chứng nhận cơ bản,https://tinnhiemmang.vn/danh-ba-tin-nhiem/colungbathuocthanhhoagovvn-1724148932
congchinh.nongcong.thanhhoa.gov.vn,"UBND xã Công Chính Huyện Nông Cống, Tỉnh Thanh Hóa",Tổ chức nhà nước,13/08/2024,Chứng nhận cơ bản,https://tinnhiemmang.vn/danh-ba-tin-nhiem/congchinhnongcongthanhhoagovvn-1723532159
congdoanbrvt.org.vn,Liên đoàn Lao động tỉnh Bà Rịa - Vũng Tàu,Tổ chức nhà nước,02/10/2024,Chứng nhận cơ bản,https://tinnhiemmang.vn/danh-ba-tin-nhiem/congdoanbrvtorgvn-1725938436
conghoa-quocoai.thudo.gov.vn,"UBND xã Cộng Hoà, huyện Quốc Oai, Hà Nội",Tổ chức nhà nước,22/11/2024,Chứng nhận cơ bản,https://tinnhiemmang.vn/danh-ba-tin-nhiem/conghoa-quocoaithudogovvn-1732090822
congliem.nongcong.thanhhoa.gov.vn,"UBND xã Công Liêm Huyện Nông Cống, Tỉnh Thanh Hóa",Tổ chức nhà nước,13/08/2024,Chứng nhận cơ bản,https://tinnhiemmang.vn/danh-ba-tin-nhiem/congliemnongcongthanhhoagovvn-1723532128
congtacxahoi.thanhhoa.gov.vn,Trung tâm Cung cấp dịch vụ công tác xã hội Thanh Hóa,Tổ chức nhà nước,17/10/2024,Chứng nhận cơ bản,https://tinnhiemmang.vn/danh-ba-tin-nhiem/congtacxahoithanhhoagovvn-1729133068
ctk.bacninh.gov.vn,Cục Thống kê tỉnh Bắc Ninh,Tổ chức nhà nước,23/10/2024,Chứng nhận cơ bản,https://tinnhiemmang.vn/danh-ba-tin-nhiem/ctkbacninhgovvn-1729646351
cucthongkethuathienhue.gso.gov.vn,Cục Thống kê Tỉnh Thừa Thiên Huế,Tổ chức nhà nước,23/08/2024,Chứng nhận cơ bản,https://tinnhiemmang.vn/danh-ba-tin-nhiem/cucthongkethuathienhuegsogovvn-1724233573
daibieuquochoi.thuathienhue.gov.vn,Đoàn Đại biểu Quốc hội tỉnh Thừa Thiên Huế,Tổ chức nhà nước,23/10/2024,Chứng nhận cơ bản,https://tinnhiemmang.vn/danh-ba-tin-nhiem/daibieuquochoithuathienhuegovvn-1729651853
dailoc.hauloc.thanhhoa.gov.vn,"UBND xã Đại Lộc, Huyện Hậu Lộc, tỉnh Thanh Hóa",Tổ chức nhà nước,21/08/2024,Chứng nhận cơ bản,https://tinnhiemmang.vn/danh-ba-tin-nhiem/dailochaulocthanhhoagovvn-1724210310
daithanh-quocoai.thudo.gov.vn,"UBND xã Đại Thành, Hà Nội",Tổ chức nhà nước,22/11/2024,Chứng nhận cơ bản,https://tinnhiemmang.vn/danh-ba-tin-nhiem/daithanh-quocoaithudogovvn-1732084725
daknong.gov.vn,UBND tỉnh Đắk Nông,Tổ chức nhà nước,Đã xác thực chính thức,Chứng nhận cơ bản,https://tinnhiemmang.vn/danh-ba-tin-nhiem/daknong.gov.vn
daton.gialam.hanoi.gov.vn,"UBND xã Đa Tốn, Gia Lâm, Hà Nội",Tổ chức nhà nước,11/11/2024,Chứng nhận cơ bản,https://tinnhiemmang.vn/danh-ba-tin-nhiem/datongialamhanoigovvn-1731049461
dienbien.tpthanhhoa.thanhhoa.gov.vn,"UBND Phường Điện Biên, Thành phố Thanh Hóa, tỉnh Thanh Hóa",Tổ chức nhà nước,26/09/2024,Chứng nhận cơ bản,https://tinnhiemmang.vn/danh-ba-tin-nhiem/dienbientpthanhhoathanhhoagovvn-1727317812
dienha.bathuoc.thanhhoa.gov.vn,"UBND Xã Điền Hạ, Huyện Bá Thước, tỉnh Thanh Hóa",Tổ chức nhà nước,21/08/2024,Chứng nhận cơ bản,https://tinnhiemmang.vn/danh-ba-tin-nhiem/dienhabathuocthanhhoagovvn-1724148538
dienlu.bathuoc.thanhhoa.gov.vn,"UBND Xã Điền Lư, Huyện Bá Thước, tỉnh Thanh Hóa",Tổ chức nhà nước,21/08/2024,Chứng nhận cơ bản,https://tinnhiemmang.vn/danh-ba-tin-nhiem/dienlubathuocthanhhoagovvn-1724148498
dienquang.bathuoc.thanhhoa.gov.vn,"UBND Xã Điền Quang, Huyện Bá Thước, tỉnh Thanh Hóa",Tổ chức nhà nước,21/08/2024,Chứng nhận cơ bản,https://tinnhiemmang.vn/danh-ba-tin-nhiem/dienquangbathuocthanhhoagovvn-1724148569
dienthuong.bathuoc.thanhhoa.gov.vn,"UBND Xã Điền Thượng, Huyện Bá Thước, tỉnh Thanh Hóa",Tổ chức nhà nước,21/08/2024,Chứng nhận cơ bản,https://tinnhiemmang.vn/danh-ba-tin-nhiem/dienthuongbathuocthanhhoagovvn-1724148600
dientrung.bathuoc.thanhhoa.gov.vn,"UBND Xã Điền Trung, Huyện Bá Thước, tỉnh Thanh Hóa",Tổ chức nhà nước,21/08/2024,Chứng nhận cơ bản,https://tinnhiemmang.vn/danh-ba-tin-nhiem/dientrungbathuocthanhhoagovvn-1724149091
dinhbinh.yendinh.thanhhoa.gov.vn,"UBND xã Định Bình, Huyện Yên Định, tỉnh Thanh Hóa",Tổ chức nhà nước,25/11/2024,Chứng nhận cơ bản,https://tinnhiemmang.vn/danh-ba-tin-nhiem/dinhbinhyendinhthanhhoagovvn-1732250126
dinhcong.yendinh.thanhhoa.gov.vn,"UBND xã Định Công, Huyện Yên Định, tỉnh Thanh Hóa",Tổ chức nhà nước,25/10/2024,Chứng nhận cơ bản,https://tinnhiemmang.vn/danh-ba-tin-nhiem/dinhcongyendinhthanhhoagovvn-1729824046
dinhhai.thixanghison.thanhhoa.gov.vn,"UBND xã Định Hải Thị xã Nghi Sơn, tỉnh Thanh Hóa",Tổ chức nhà nước,13/08/2024,Chứng nhận cơ bản,https://tinnhiemmang.vn/danh-ba-tin-nhiem/dinhhaithixanghisonthanhhoagovvn-1723521574
dinhhai.yendinh.thanhhoa.gov.vn,"UBND xã Định Hải, Huyện Yên Định, tỉnh Thanh Hóa",Tổ chức nhà nước,25/10/2024,Chứng nhận cơ bản,https://tinnhiemmang.vn/danh-ba-tin-nhiem/dinhhaiyendinhthanhhoagovvn-1729824114
dinhhoa.yendinh.thanhhoa.gov.vn,"UBND xã Định Hòa, Huyện Yên Định, tỉnh Thanh Hóa",Tổ chức nhà nước,25/11/2024,Chứng nhận cơ bản,https://tinnhiemmang.vn/danh-ba-tin-nhiem/dinhhoayendinhthanhhoagovvn-1732250093
dinhlien.yendinh.thanhhoa.gov.vn,"UBND xã Định Liên, Huyện Yên Định, tỉnh Thanh Hóa",Tổ chức nhà nước,25/10/2024,Chứng nhận cơ bản,https://tinnhiemmang.vn/danh-ba-tin-nhiem/dinhlienyendinhthanhhoagovvn-1729824010
dinhlong.yendinh.thanhhoa.gov.vn,"UBND xã Định Long, Huyện Yên Định, tỉnh Thanh Hóa",Tổ chức nhà nước,25/10/2024,Chứng nhận cơ bản,https://tinnhiemmang.vn/danh-ba-tin-nhiem/dinhlongyendinhthanhhoagovvn-1729823975
dinhtan.yendinh.thanhhoa.gov.vn,"UBND xã Định Tân, Huyện Yên Định, tỉnh Thanh Hóa",Tổ chức nhà nước,25/10/2024,Chứng nhận cơ bản,https://tinnhiemmang.vn/danh-ba-tin-nhiem/dinhtanyendinhthanhhoagovvn-1729824082
dinhthanh.yendinh.thanhhoa.gov.vn,"UBND xã Định Thành, Huyện Yên Định, tỉnh Thanh Hóa",Tổ chức nhà nước,25/11/2024,Chứng nhận cơ bản,https://tinnhiemmang.vn/danh-ba-tin-nhiem/dinhthanhyendinhthanhhoagovvn-1732250159
dongcuong.tpthanhhoa.thanhhoa.gov.vn,"UBND Phường Đông Cương, Thành phố Thanh Hóa, tỉnh Thanh Hóa",Tổ chức nhà nước,26/09/2024,Chứng nhận cơ bản,https://tinnhiemmang.vn/danh-ba-tin-nhiem/dongcuongtpthanhhoathanhhoagovvn-1727317975
dongdu.gialam.hanoi.gov.vn,"UBND xã Đông Dư, Gia Lâm, Hà Nội",Tổ chức nhà nước,11/11/2024,Chứng nhận cơ bản,https://tinnhiemmang.vn/danh-ba-tin-nhiem/dongdugialamhanoigovvn-1731049792
donghai.tpthanhhoa.thanhhoa.gov.vn,"UBND Phường Đông Hải, Thành phố Thanh Hóa, tỉnh Thanh Hóa",Tổ chức nhà nước,26/09/2024,Chứng nhận cơ bản,https://tinnhiemmang.vn/danh-ba-tin-nhiem/donghaitpthanhhoathanhhoagovvn-1727318129
donghuong.tpthanhhoa.thanhhoa.gov.vn,"UBND Phường Đông Hương, Thành phố Thanh Hóa, tỉnh Thanh Hóa",Tổ chức nhà nước,26/09/2024,Chứng nhận cơ bản,https://tinnhiemmang.vn/danh-ba-tin-nhiem/donghuongtpthanhhoathanhhoagovvn-1727318172
donglo-unghoa.thudo.gov.vn,"UBND Xã Đông Lỗ, Hà Nội",Tổ chức nhà nước,17/12/2024,Chứng nhận cơ bản,https://tinnhiemmang.vn/danh-ba-tin-nhiem/donglo-unghoathudogovvn-1734401821
dongloc.hauloc.thanhhoa.gov.vn,"UBND xã Đồng Lộc, Huyện Hậu Lộc, tỉnh Thanh Hóa",Tổ chức nhà nước,21/08/2024,Chứng nhận cơ bản,https://tinnhiemmang.vn/danh-ba-tin-nhiem/donglochaulocthanhhoagovvn-1724210351
dongquang-quocoai.thudo.gov.vn,"UBND xã Đồng Quang, Hà Nội",Tổ chức nhà nước,22/11/2024,Chứng nhận cơ bản,https://tinnhiemmang.vn/danh-ba-tin-nhiem/dongquang-quocoaithudogovvn-1732084646
dongson.tpthanhhoa.thanhhoa.gov.vn,"UBND Phường Đông Sơn, Thành phố Thanh Hóa, tỉnh Thanh Hóa",Tổ chức nhà nước,26/09/2024,Chứng nhận cơ bản,https://tinnhiemmang.vn/danh-ba-tin-nhiem/dongsontpthanhhoathanhhoagovvn-1727318204
dongtan-unghoa.thudo.gov.vn,"UBND Xã Đồng Tân, Hà Nội",Tổ chức nhà nước,17/12/2024,Chứng nhận cơ bản,https://tinnhiemmang.vn/danh-ba-tin-nhiem/dongtan-unghoathudogovvn-1734402287
dongtho.tpthanhhoa.thanhhoa.gov.vn,"UBND Phường Đông Thọ, Thành phố Thanh Hóa, tỉnh Thanh Hóa",Tổ chức nhà nước,26/09/2024,Chứng nhận cơ bản,https://tinnhiemmang.vn/danh-ba-tin-nhiem/dongthotpthanhhoathanhhoagovvn-1727317848
dongve.tpthanhhoa.thanhhoa.gov.vn,"UBND Phường Đông Vệ, Thành phố Thanh Hóa, tỉnh Thanh Hóa",Tổ chức nhà nước,26/09/2024,Chứng nhận cơ bản,https://tinnhiemmang.vn/danh-ba-tin-nhiem/dongvetpthanhhoathanhhoagovvn-1727318241
dongxuan-quocoai.thudo.gov.vn,"UBND xã Đông Xuân, huyện Quốc Oai, Hà Nội",Tổ chức nhà nước,22/11/2024,Chứng nhận cơ bản,https://tinnhiemmang.vn/danh-ba-tin-nhiem/dongxuan-quocoaithudogovvn-1732085072
dongyen-quocoai.thudo.gov.vn,"UBND xã Đông Yên, huyện Quốc Oai, Hà Nội",Tổ chức nhà nước,22/11/2024,Chứng nhận cơ bản,https://tinnhiemmang.vn/danh-ba-tin-nhiem/dongyen-quocoaithudogovvn-1732084881
dulichlamha.com.vn,"ủy ban nhân dân huyện Lâm Hà, Lâm Đồng",Cơ quan nhà nước,24/02/2025,Chứng nhận cơ bản,https://tinnhiemmang.vn/danh-ba-tin-nhiem/dulichlamhacomvn-1738741975
duonglam.sontay.hanoi.gov.vn,"UBND xã Đường Lâm, thị xã Sơn Tây, Hà Nội",Tổ chức nhà nước,27/11/2024,Chứng nhận cơ bản,https://tinnhiemmang.vn/danh-ba-tin-nhiem/duonglamsontayhanoigovvn-1732682616
duongquang.gialam.hanoi.gov.vn,"UBND xã Dương Quang, huyện Gia Lâm, Hà Nội",Tổ chức nhà nước,27/11/2024,Chứng nhận cơ bản,https://tinnhiemmang.vn/danh-ba-tin-nhiem/duongquanggialamhanoigovvn-1732682913
duongxa.gialam.hanoi.gov.vn,"UBND xã Dương Xá, Gia Lâm, Hà Nội",Tổ chức nhà nước,11/11/2024,Chứng nhận cơ bản,https://tinnhiemmang.vn/danh-ba-tin-nhiem/duongxagialamhanoigovvn-1731049531
haian.thixanghison.thanhhoa.gov.vn,"UBND phường Hải An Thị xã Nghi Sơn, tỉnh Thanh Hóa",Tổ chức nhà nước,13/08/2024,Chứng nhận cơ bản,https://tinnhiemmang.vn/danh-ba-tin-nhiem/haianthixanghisonthanhhoagovvn-1723522286
haibinh.thixanghison.thanhhoa.gov.vn,"UBND phương Hải Bình Thị xã Nghi Sơn, tỉnh Thanh Hóa",Tổ chức nhà nước,13/08/2024,Chứng nhận cơ bản,https://tinnhiemmang.vn/danh-ba-tin-nhiem/haibinhthixanghisonthanhhoagovvn-1723522650
haichau.thixanghison.thanhhoa.gov.vn,"UBND phường Hải Châu Thị xã Nghi Sơn, tỉnh Thanh Hóa",Tổ chức nhà nước,13/08/2024,Chứng nhận cơ bản,https://tinnhiemmang.vn/danh-ba-tin-nhiem/haichauthixanghisonthanhhoagovvn-1723522216
haiha.thixanghison.thanhhoa.gov.vn,"UBND xã Hải Hà Thị xã Nghi Sơn, tỉnh Thanh Hóa",Tổ chức nhà nước,13/08/2024,Chứng nhận cơ bản,https://tinnhiemmang.vn/danh-ba-tin-nhiem/haihathixanghisonthanhhoagovvn-1723522882
haihoa.thixanghison.thanhhoa.gov.vn,"UBND phường Hải Hòa Thị xã Nghi Sơn, tỉnh Thanh Hóa",Tổ chức nhà nước,13/08/2024,Chứng nhận cơ bản,https://tinnhiemmang.vn/danh-ba-tin-nhiem/haihoathixanghisonthanhhoagovvn-1723522404
hainhan.thixanghison.thanhhoa.gov.vn,"UBND xã Hải Nhân Thị xã Nghi Sơn, tỉnh Thanh Hóa",Tổ chức nhà nước,13/08/2024,Chứng nhận cơ bản,https://tinnhiemmang.vn/danh-ba-tin-nhiem/hainhanthixanghisonthanhhoagovvn-1723521796
haininh.thixanghison.thanhhoa.gov.vn,"UBND phường Hải Ninh Thị xã Nghi Sơn, tỉnh Thanh Hóa",Tổ chức nhà nước,13/08/2024,Chứng nhận cơ bản,https://tinnhiemmang.vn/danh-ba-tin-nhiem/haininhthixanghisonthanhhoagovvn-1723522180
haithanh.thixanghison.thanhhoa.gov.vn,"UBND phường Hải Thanh Thị xã Nghi Sơn, tỉnh Thanh Hóa",Tổ chức nhà nước,13/08/2024,Chứng nhận cơ bản,https://tinnhiemmang.vn/danh-ba-tin-nhiem/haithanhthixanghisonthanhhoagovvn-1723521832
haithuong.thixanghison.thanhhoa.gov.vn,"UBND phường Hải Thượng Thị xã Nghi Sơn, tỉnh Thanh Hóa",Tổ chức nhà nước,13/08/2024,Chứng nhận cơ bản,https://tinnhiemmang.vn/danh-ba-tin-nhiem/haithuongthixanghisonthanhhoagovvn-1723522547
haiyen.thixanghison.thanhhoa.gov.vn,"UBND xã Hải Yến Thị xã Nghi Sơn, tỉnh Thanh Hóa",Tổ chức nhà nước,13/08/2024,Chứng nhận cơ bản,https://tinnhiemmang.vn/danh-ba-tin-nhiem/haiyenthixanghisonthanhhoagovvn-1723522800
hamrong.tpthanhhoa.thanhhoa.gov.vn,"UBND Phường Hàm Rồng, Thành phố Thanh Hóa, tỉnh Thanh Hóa",Tổ chức nhà nước,26/09/2024,Chứng nhận cơ bản,https://tinnhiemmang.vn/danh-ba-tin-nhiem/hamrongtpthanhhoathanhhoagovvn-1727318278
hatrung.bathuoc.thanhhoa.gov.vn,"UBND Xã Hạ Trung, Huyện Bá Thước, tỉnh Thanh Hóa",Tổ chức nhà nước,21/08/2024,Chứng nhận cơ bản,https://tinnhiemmang.vn/danh-ba-tin-nhiem/hatrungbathuocthanhhoagovvn-1724148838
haugiang.gov.vn,UBND tỉnh Hậu Giang,Tổ chức nhà nước,Đã xác thực chính thức,Chứng nhận cơ bản,https://tinnhiemmang.vn/danh-ba-tin-nhiem/haugiang.gov.vn
hdndthuathienhue.gov.vn,Cổng thông tin điện tử HĐND tỉnh Thừa Thiên Huế,Tổ chức nhà nước,23/10/2024,Chứng nhận cơ bản,https://tinnhiemmang.vn/danh-ba-tin-nhiem/hdndthuathienhuegovvn-1729652794
hoahiepbac.danang.gov.vn,UBND phường Hòa Hiệp Bắc,Tổ chức nhà nước,11/07/2024,Chứng nhận cơ bản,https://tinnhiemmang.vn/danh-ba-tin-nhiem/hoahiepbacdananggovvn-1720162021
hoalam-unghoa.thudo.gov.vn,"UBND Xã Hòa Lâm, Hà Nội",Tổ chức nhà nước,17/12/2024,Chứng nhận cơ bản,https://tinnhiemmang.vn/danh-ba-tin-nhiem/hoalam-unghoathudogovvn-1734401532
hoanam-unghoa.thudo.gov.vn,"UBND Xã Hòa Nam, Hà Nội",Tổ chức nhà nước,17/12/2024,Chứng nhận cơ bản,https://tinnhiemmang.vn/danh-ba-tin-nhiem/hoanam-unghoathudogovvn-1734401298
hoangdieu.chuongmy.hanoi.gov.vn,"UBND xã Hoàng Diệu, huyện Chương Mỹ, TP Hà Nội",Tổ chức nhà nước,07/10/2024,Chứng nhận cơ bản,https://tinnhiemmang.vn/danh-ba-tin-nhiem/hoangdieuchuongmyhanoigovvn-1728232186
hoanggiang.nongcong.thanhhoa.gov.vn,"UBND xã Hoàng Giang Huyện Nông Cống, Tỉnh Thanh Hóa",Tổ chức nhà nước,13/08/2024,Chứng nhận cơ bản,https://tinnhiemmang.vn/danh-ba-tin-nhiem/hoanggiangnongcongthanhhoagovvn-1723524259
hoangphu.hoanghoa.thanhhoa.gov.vn,"UBND xã Hoằng Phú, huyện Hoằng Hóa, tỉnh Thanh Hóa",Tổ chức nhà nước,25/10/2024,Chứng nhận cơ bản,https://tinnhiemmang.vn/danh-ba-tin-nhiem/hoangphuhoanghoathanhhoagovvn-1729823788
hoangson.nongcong.thanhhoa.gov.vn,"UBND xã Hoàng Sơn Huyện Nông Cống, Tỉnh Thanh Hóa",Tổ chức nhà nước,13/08/2024,Chứng nhận cơ bản,https://tinnhiemmang.vn/danh-ba-tin-nhiem/hoangsonnongcongthanhhoagovvn-1723524325
hoanhon.danang.gov.vn,UBND xã Hòa Nhơn,Tổ chức nhà nước,25/10/2024,Chứng nhận cơ bản,https://tinnhiemmang.vn/danh-ba-tin-nhiem/hoanhondananggovvn-1729820887
hoaphu-unghoa.thudo.gov.vn,"UBND Xã Hòa Phú, Hà Nội",Tổ chức nhà nước,17/12/2024,Chứng nhận cơ bản,https://tinnhiemmang.vn/danh-ba-tin-nhiem/hoaphu-unghoathudogovvn-1734401346
hoaphuoc.danang.gov.vn,UBND xã Hoà Phước,Tổ chức nhà nước,28/10/2024,Chứng nhận cơ bản,https://tinnhiemmang.vn/danh-ba-tin-nhiem/hoaphuocdananggovvn-1730105447
hoason-unghoa.thudo.gov.vn,"UBND Xã Hoa Sơn, Hà Nội",Tổ chức nhà nước,17/12/2024,Chứng nhận cơ bản,https://tinnhiemmang.vn/danh-ba-tin-nhiem/hoason-unghoathudogovvn-1734400994
hoathach-quocoai.thudo.gov.vn,"UBND xã Hoà Thạch, huyện Quốc Oai, Hà Nội",Tổ chức nhà nước,22/11/2024,Chứng nhận cơ bản,https://tinnhiemmang.vn/danh-ba-tin-nhiem/hoathach-quocoaithudogovvn-1732084919
hoaxa-unghoa.thudo.gov.vn,"UBND Xã Hòa Xá, Hà Nội",Tổ chức nhà nước,17/12/2024,Chứng nhận cơ bản,https://tinnhiemmang.vn/danh-ba-tin-nhiem/hoaxa-unghoathudogovvn-1734401243
hoichuthapdohaiduong.org.vn,Hội Chữ Thập đỏ tỉnh Hải Dương,Tổ chức nhà nước,07/10/2024,Chứng nhận cơ bản,https://tinnhiemmang.vn/danh-ba-tin-nhiem/hoichuthapdohaiduongorgvn-1728268642
hongleong.com.vn,Ngân hàng TNHH Một thành viên Hong Leong Việt Nam,Ngân hàng - Tài chính,Đã xác thực chính thức,Chứng nhận cơ bản,https://tinnhiemmang.vn/danh-ba-tin-nhiem/hongleong.com.vn
hongquang-unghoa.thudo.gov.vn,"UBND Xã Hồng Quang, Hà Nội",Tổ chức nhà nước,17/12/2024,Chứng nhận cơ bản,https://tinnhiemmang.vn/danh-ba-tin-nhiem/hongquang-unghoathudogovvn-1734401433
izaninhbinh.gov.vn,Ban Quản lý các khu công nghiệp,Tổ chức nhà nước,27/06/2024,Chứng nhận cơ bản,https://tinnhiemmang.vn/danh-ba-tin-nhiem/izaninhbinhgovvn-1719457804
kieuky.gialam.hanoi.gov.vn,"UBND  Xã Kiêu Kỵ, Huyện Gia Lâm, Thành Phố Hà Nội",Tổ chức nhà nước,11/11/2024,Chứng nhận cơ bản,https://tinnhiemmang.vn/danh-ba-tin-nhiem/kieukygialamhanoigovvn-1731049430
kimduong-unghoa.thudo.gov.vn,"UBND Xã Kim Đường, Hà Nội",Tổ chức nhà nước,17/12/2024,Chứng nhận cơ bản,https://tinnhiemmang.vn/danh-ba-tin-nhiem/kimduong-unghoathudogovvn-1734401867
kimlan.gialam.hanoi.gov.vn,"UBND xã Kim Lan, Gia Lâm, Hà Nội",Tổ chức nhà nước,11/11/2024,Chứng nhận cơ bản,https://tinnhiemmang.vn/danh-ba-tin-nhiem/kimlangialamhanoigovvn-1731049761
kimson.gialam.hanoi.gov.vn,"UBND xã Kim Sơn, Gia Lâm, Hà Nội",Tổ chức nhà nước,11/11/2024,Chứng nhận cơ bản,https://tinnhiemmang.vn/danh-ba-tin-nhiem/kimsongialamhanoigovvn-1731049632
kimson.sontay.hanoi.gov.vn,"UBND xã Kim Sơn, thị xã Sơn Tây, Hà Nội",Tổ chức nhà nước,27/11/2024,Chứng nhận cơ bản,https://tinnhiemmang.vn/danh-ba-tin-nhiem/kimsonsontayhanoigovvn-1732682469
klth.org.vn,Chi cục kiểm lâm Thanh Hóa,Tổ chức nhà nước,25/11/2024,Chứng nhận cơ bản,https://tinnhiemmang.vn/danh-ba-tin-nhiem/klthorgvn-1732249761
kontum.gov.vn,UBND tỉnh Kon Tum,Tổ chức nhà nước,Đã xác thực chính thức,Chứng nhận cơ bản,https://tinnhiemmang.vn/danh-ba-tin-nhiem/kontum.gov.vn
kytan.bathuoc.thanhhoa.gov.vn,"UBND Xã Kỳ Tân, Huyện Bá Thước, tỉnh Thanh Hóa",Tổ chức nhà nước,21/08/2024,Chứng nhận cơ bản,https://tinnhiemmang.vn/danh-ba-tin-nhiem/kytanbathuocthanhhoagovvn-1724148632
laithanh.kimson.ninhbinh.gov.vn,"UBND xã Lai Thành, huyện Kim Sơn, tỉnh Ninh Bình",Tổ chức nhà nước,24/09/2024,Chứng nhận cơ bản,https://tinnhiemmang.vn/danh-ba-tin-nhiem/laithanhkimsonninhbinhgovvn-1727169151
lamson.tpthanhhoa.thanhhoa.gov.vn,"UBND Phường Lam Sơn, Thành phố Thanh Hóa, tỉnh Thanh Hóa",Tổ chức nhà nước,26/09/2024,Chứng nhận cơ bản,https://tinnhiemmang.vn/danh-ba-tin-nhiem/lamsontpthanhhoathanhhoagovvn-1727318310
lechi.gialam.hanoi.gov.vn,"UBND xã Lệ Chi, Gia Lâm, Hà Nội",Tổ chức nhà nước,11/11/2024,Chứng nhận cơ bản,https://tinnhiemmang.vn/danh-ba-tin-nhiem/lechigialamhanoigovvn-1731049600
lienbat-unghoa.thudo.gov.vn,"UBND Xã Liên Bạt, Hà Nội",Tổ chức nhà nước,17/12/2024,Chứng nhận cơ bản,https://tinnhiemmang.vn/danh-ba-tin-nhiem/lienbat-unghoathudogovvn-1734401158
lieptuyet-quocoai.thudo.gov.vn,"UBND xã Liệp Tuyết, huyện Quốc Oai, Hà Nội",Tổ chức nhà nước,22/11/2024,Chứng nhận cơ bản,https://tinnhiemmang.vn/danh-ba-tin-nhiem/lieptuyet-quocoaithudogovvn-1732249008
lungcao.bathuoc.thanhhoa.gov.vn,"UBND Xã Lũng Cao, Huyện Bá Thước, tỉnh Thanh Hóa",Tổ chức nhà nước,21/08/2024,Chứng nhận cơ bản,https://tinnhiemmang.vn/danh-ba-tin-nhiem/lungcaobathuocthanhhoagovvn-1724148964
lungniem.bathuoc.thanhhoa.gov.vn,"UBND Xã Lũng Niêm, Huyện Bá Thước, tỉnh Thanh Hóa",Tổ chức nhà nước,21/08/2024,Chứng nhận cơ bản,https://tinnhiemmang.vn/danh-ba-tin-nhiem/lungniembathuocthanhhoagovvn-1724148899
luongngoai.bathuoc.thanhhoa.gov.vn,"UBND Xã Lương Ngoại, Huyện Bá Thước, tỉnh Thanh Hóa",Tổ chức nhà nước,21/08/2024,Chứng nhận cơ bản,https://tinnhiemmang.vn/danh-ba-tin-nhiem/luongngoaibathuocthanhhoagovvn-1724148465
luongnoi.bathuoc.thanhhoa.gov.vn,"UBND Xã Lương Nội, Huyện Bá Thước, tỉnh Thanh Hóa",Tổ chức nhà nước,21/08/2024,Chứng nhận cơ bản,https://tinnhiemmang.vn/danh-ba-tin-nhiem/luongnoibathuocthanhhoagovvn-1724148869
luongtrung.bathuoc.thanhhoa.gov.vn,"UBND Xã Lương Trung, Huyện Bá Thước, tỉnh Thanh Hóa",Tổ chức nhà nước,21/08/2024,Chứng nhận cơ bản,https://tinnhiemmang.vn/danh-ba-tin-nhiem/luongtrungbathuocthanhhoagovvn-1724148371
luuhoang-unghoa.thudo.gov.vn,"UBND Xã Lưu Hoàng, Hà Nội",Tổ chức nhà nước,17/12/2024,Chứng nhận cơ bản,https://tinnhiemmang.vn/danh-ba-tin-nhiem/luuhoang-unghoathudogovvn-1734401630
mailam.thixanghison.thanhhoa.gov.vn,"UBND phường Mai Lâm Thị xã Nghi Sơn, tỉnh Thanh Hóa",Tổ chức nhà nước,13/08/2024,Chứng nhận cơ bản,https://tinnhiemmang.vn/danh-ba-tin-nhiem/mailamthixanghisonthanhhoagovvn-1723522513
mard.gov.vn,Bộ Nông nghiệp và Phát triển nông thôn,Tổ chức nhà nước,Đã xác thực chính thức,Chứng nhận cơ bản,https://tinnhiemmang.vn/danh-ba-tin-nhiem/mard.gov.vn
mic.gov.vn,Bộ Thông tin và Truyền thông,Tổ chức nhà nước,Đã xác thực chính thức,Chứng nhận cơ bản,https://tinnhiemmang.vn/danh-ba-tin-nhiem/mic.gov.vn
minhduc-unghoa.thudo.gov.vn,"UBND Xã Minh Đức, Hà Nội",Tổ chức nhà nước,17/12/2024,Chứng nhận cơ bản,https://tinnhiemmang.vn/danh-ba-tin-nhiem/minhduc-unghoathudogovvn-1734401996
minhkhoi.nongcong.thanhhoa.gov.vn,"UBND xã Minh Khôi Huyện Nông Cống, Tỉnh Thanh Hóa",Tổ chức nhà nước,13/08/2024,Chứng nhận cơ bản,https://tinnhiemmang.vn/danh-ba-tin-nhiem/minhkhoinongcongthanhhoagovvn-1723531432
minhnghia.nongcong.thanhhoa.gov.vn,"UBND xã Minh Nghĩa Huyện Nông Cống, Tỉnh Thanh Hóa",Tổ chức nhà nước,13/08/2024,Chứng nhận cơ bản,https://tinnhiemmang.vn/danh-ba-tin-nhiem/minhnghianongcongthanhhoagovvn-1723531402
miraeasset.com.vn,Công ty Cổ phần Chứng khoán Mirae Asset (Việt Nam),Ngân hàng - Tài chính,Đã xác thực chính thức,Chứng nhận cơ bản,https://tinnhiemmang.vn/danh-ba-tin-nhiem/miraeasset.com.vn
mnthitrantienlang.haiphong.edu,Trường Mầm non Thị trấn Tiên Lãng,Tổ chức nhà nước,19/08/2024,Chứng nhận cơ bản,https://tinnhiemmang.vn/danh-ba-tin-nhiem/mnthitrantienlanghaiphongedu-1724035745
mot.gov.vn,Bộ Giao thông Vận tải,Tổ chức nhà nước,Đã xác thực chính thức,Chứng nhận cơ bản,https://tinnhiemmang.vn/danh-ba-tin-nhiem/mot.gov.vn
mota.gov.vn,Bộ Ngoại giao Việt Nam,Tổ chức nhà nước,Đã xác thực chính thức,Chứng nhận cơ bản,https://tinnhiemmang.vn/danh-ba-tin-nhiem/mota.gov.vn
napangroup.vn,Công ty Cổ phần Thanh toán Quốc gia Việt Nam (Napas),Ngân hàng - Tài chính,Đã xác thực chính thức,Chứng nhận cơ bản,https://tinnhiemmang.vn/danh-ba-tin-nhiem/napangroup.vn
ncsc.vn,Trung tâm Giám sát an toàn không gian mạng quốc gia (NCSC),Tổ chức nhà nước,03/12/2024,Chứng nhận nâng cao,https://tinnhiemmang.vn/danh-ba-tin-nhiem/ncscvn-1733198602
nghiahuong-quocoai.thudo.gov.vn,"UBND xã Nghĩa Hương, huyện Quốc Oai, Hà Nội",Tổ chức nhà nước,22/11/2024,Chứng nhận cơ bản,https://tinnhiemmang.vn/danh-ba-tin-nhiem/nghiahuong-quocoaithudogovvn-1732084842
nghison.thixanghison.thanhhoa.gov.vn,"UBND xã Nghi Sơn Thị xã Nghi Sơn, tỉnh Thanh Hóa",Tổ chức nhà nước,13/08/2024,Chứng nhận cơ bản,https://tinnhiemmang.vn/danh-ba-tin-nhiem/nghisonthixanghisonthanhhoagovvn-1723522926
ngocliep-quocoai.thudo.gov.vn,"UBND xã Ngọc Liệp, huyện Quốc Oai, Hà Nội",Tổ chức nhà nước,22/11/2024,Chứng nhận cơ bản,https://tinnhiemmang.vn/danh-ba-tin-nhiem/ngocliep-quocoaithudogovvn-1732085017
ngoclinh.thixanghison.thanhhoa.gov.vn,"UBND xã Ngọc Lĩnh Thị xã Nghi Sơn, tỉnh Thanh Hóa",Tổ chức nhà nước,13/08/2024,Chứng nhận cơ bản,https://tinnhiemmang.vn/danh-ba-tin-nhiem/ngoclinhthixanghisonthanhhoagovvn-1723522247
ngocmy-quocoai.thudo.gov.vn,"UBND xã Ngọc Mỹ, huyện Quốc Oai, Hà Nội",Tổ chức nhà nước,22/11/2024,Chứng nhận cơ bản,https://tinnhiemmang.vn/danh-ba-tin-nhiem/ngocmy-quocoaithudogovvn-1732084797
ngoctrao.tpthanhhoa.thanhhoa.gov.vn,"UBND Phường Ngọc Trạo, Thành phố Thanh Hóa, tỉnh Thanh Hóa",Tổ chức nhà nước,26/09/2024,Chứng nhận cơ bản,https://tinnhiemmang.vn/danh-ba-tin-nhiem/ngoctraotpthanhhoathanhhoagovvn-1727318378
nguyenbinh.thixanghison.thanhhoa.gov.vn,"UBND phường Nguyên Bình Thị xã Nghi Sơn, tỉnh Thanh Hóa",Tổ chức nhà nước,13/08/2024,Chứng nhận cơ bản,https://tinnhiemmang.vn/danh-ba-tin-nhiem/nguyenbinhthixanghisonthanhhoagovvn-1723522960
ninhhai.thixanghison.thanhhoa.gov.vn,"UBND phường Ninh Hải Thị xã Nghi Sơn, tỉnh Thanh Hóa",Tổ chức nhà nước,13/08/2024,Chứng nhận cơ bản,https://tinnhiemmang.vn/danh-ba-tin-nhiem/ninhhaithixanghisonthanhhoagovvn-1723521612
ninhhiep.gialam.hanoi.gov.vn,"UBND xã Ninh Hiệp, Gia Lâm, Hà Nội",Tổ chức nhà nước,11/11/2024,Chứng nhận cơ bản,https://tinnhiemmang.vn/danh-ba-tin-nhiem/ninhhiepgialamhanoigovvn-1731050435
phongchongthientai.vinhlong.gov.vn,Chi cục Thủy lợi Vĩnh Long,Tổ chức nhà nước,15/08/2024,Chứng nhận cơ bản,https://tinnhiemmang.vn/danh-ba-tin-nhiem/phongchongthientaivinhlonggovvn-1723689851
phongloc.hauloc.thanhhoa.gov.vn,"UBND Xã Phong Lộc, huyện Hậu Lộc, tỉnh Thanh Hoá",Tổ chức nhà nước,17/10/2024,Chứng nhận cơ bản,https://tinnhiemmang.vn/danh-ba-tin-nhiem/phonglochaulocthanhhoagovvn-1729133643
phucat-quocoai.thudo.gov.vn,"UBND xã Phú Cát, huyện Quốc Oai, Hà Nội",Tổ chức nhà nước,22/11/2024,Chứng nhận cơ bản,https://tinnhiemmang.vn/danh-ba-tin-nhiem/phucat-quocoaithudogovvn-1732249041
phudong.bavi.hanoi.gov.vn,"UBND Xã Phú Đông - Huyện Ba Vì, Hà Nội",Tổ chức nhà nước,11/11/2024,Chứng nhận cơ bản,https://tinnhiemmang.vn/danh-ba-tin-nhiem/phudongbavihanoigovvn-1731049172
phudong.gialam.hanoi.gov.vn,"UBND xã Phù Đồng, Gia Lâm, Hà Nội",Tổ chức nhà nước,11/11/2024,Chứng nhận cơ bản,https://tinnhiemmang.vn/danh-ba-tin-nhiem/phudonggialamhanoigovvn-1731050749
phulam.thixanghison.thanhhoa.gov.vn,"UBND xã Phú Lâm Thị xã Nghi Sơn, tỉnh Thanh Hóa",Tổ chức nhà nước,13/08/2024,Chứng nhận cơ bản,https://tinnhiemmang.vn/danh-ba-tin-nhiem/phulamthixanghisonthanhhoagovvn-1723521868
phuluu-unghoa.thudo.gov.vn,"UBND Xã Phù Lưu, Hà Nội",Tổ chức nhà nước,17/12/2024,Chứng nhận cơ bản,https://tinnhiemmang.vn/danh-ba-tin-nhiem/phuluu-unghoathudogovvn-1734401390
phuman-quocoai.thudo.gov.vn,"UBND xã Phú Mãn, huyện Quốc Oai, Hà Nội",Tổ chức nhà nước,22/11/2024,Chứng nhận cơ bản,https://tinnhiemmang.vn/danh-ba-tin-nhiem/phuman-quocoaithudogovvn-1732085111
phungxa.myduc.hanoi.gov.vn,"UBND xã Phùng Xá, Mỹ Đức, Hà Nội",Tổ chức nhà nước,27/11/2024,Chứng nhận cơ bản,https://tinnhiemmang.vn/danh-ba-tin-nhiem/phungxamyduchanoigovvn-1732682820
phuong1.vinhlong.gov.vn,"UBND Phường 1, TP Vĩnh Long, tỉnh Vĩnh Long",Tổ chức nhà nước,15/08/2024,Chứng nhận cơ bản,https://tinnhiemmang.vn/danh-ba-tin-nhiem/phuong1vinhlonggovvn-1723689005
phuongtu-unghoa.thudo.gov.vn,"UBND Xã Phương Tú, Hà Nội",Tổ chức nhà nước,17/12/2024,Chứng nhận cơ bản,https://tinnhiemmang.vn/danh-ba-tin-nhiem/phuongtu-unghoathudogovvn-1734402122
phuson.thixanghison.thanhhoa.gov.vn,"UBND xã Phú Sơn Thị xã Nghi Sơn, tỉnh Thanh Hóa",Tổ chức nhà nước,13/08/2024,Chứng nhận cơ bản,https://tinnhiemmang.vn/danh-ba-tin-nhiem/phusonthixanghisonthanhhoagovvn-1723522076
phuyen.gov.vn,UBND tỉnh Phú Yên,Tổ chức nhà nước,Đã xác thực chính thức,Chứng nhận cơ bản,https://tinnhiemmang.vn/danh-ba-tin-nhiem/phuyen.gov.vn
qbtte.thanhhoa.gov.vn,Quỹ Bảo trợ trẻ em tỉnh Thanh Hóa,Tổ chức nhà nước,17/10/2024,Chứng nhận cơ bản,https://tinnhiemmang.vn/danh-ba-tin-nhiem/qbttethanhhoagovvn-1729133104
quangbinh.quangxuong.thanhhoa.gov.vn,"UBND xã Quảng Bình Huyện Quảng Xương, Tỉnh Thanh Hóa",Tổ chức nhà nước,13/08/2024,Chứng nhận cơ bản,https://tinnhiemmang.vn/danh-ba-tin-nhiem/quangbinhquangxuongthanhhoagovvn-1723523077
quangchinh.quangxuong.thanhhoa.gov.vn,"UBND xã Quảng Chính Huyện Quảng Xương, Tỉnh Thanh Hóa",Tổ chức nhà nước,13/08/2024,Chứng nhận cơ bản,https://tinnhiemmang.vn/danh-ba-tin-nhiem/quangchinhquangxuongthanhhoagovvn-1723523224
quangdinh.quangxuong.thanhhoa.gov.vn,"UBND xã Quảng Định Huyện Quảng Xương, Tỉnh Thanh Hóa",Tổ chức nhà nước,13/08/2024,Chứng nhận cơ bản,https://tinnhiemmang.vn/danh-ba-tin-nhiem/quangdinhquangxuongthanhhoagovvn-1723523263
quangduc.quangxuong.thanhhoa.gov.vn,"UBND xã Quảng Đức Huyện Quảng Xương, Tỉnh Thanh Hóa",Tổ chức nhà nước,13/08/2024,Chứng nhận cơ bản,https://tinnhiemmang.vn/danh-ba-tin-nhiem/quangducquangxuongthanhhoagovvn-1723523294
quanggiao.quangxuong.thanhhoa.gov.vn,"UBND xã Quảng Giao Huyện Quảng Xương, Tỉnh Thanh Hóa",Tổ chức nhà nước,13/08/2024,Chứng nhận cơ bản,https://tinnhiemmang.vn/danh-ba-tin-nhiem/quanggiaoquangxuongthanhhoagovvn-1723523336
quanghai.quangxuong.thanhhoa.gov.vn,"UBND xã Quảng Hải Huyện Quảng Xương, Tỉnh Thanh Hóa",Tổ chức nhà nước,13/08/2024,Chứng nhận cơ bản,https://tinnhiemmang.vn/danh-ba-tin-nhiem/quanghaiquangxuongthanhhoagovvn-1723523375
quanghoa.quangxuong.thanhhoa.gov.vn,"UBND xã Quảng Hòa Huyện Quảng Xương, Tỉnh Thanh Hóa",Tổ chức nhà nước,13/08/2024,Chứng nhận cơ bản,https://tinnhiemmang.vn/danh-ba-tin-nhiem/quanghoaquangxuongthanhhoagovvn-1723523417
quanghop.quangxuong.thanhhoa.gov.vn,"UBND xã Quảng Hợp Huyện Quảng Xương, Tỉnh Thanh Hóa",Tổ chức nhà nước,13/08/2024,Chứng nhận cơ bản,https://tinnhiemmang.vn/danh-ba-tin-nhiem/quanghopquangxuongthanhhoagovvn-1723523450
quangphucau-unghoa.thudo.gov.vn,"UBND Xã Quảng Phú Cầu, Hà Nội",Tổ chức nhà nước,17/12/2024,Chứng nhận cơ bản,https://tinnhiemmang.vn/danh-ba-tin-nhiem/quangphucau-unghoathudogovvn-1734401102
quangthai.quangxuong.thanhhoa.gov.vn,"UBND xã Quảng Thái Huyện Quảng Xương, Tỉnh Thanh Hóa",Tổ chức nhà nước,13/08/2024,Chứng nhận cơ bản,https://tinnhiemmang.vn/danh-ba-tin-nhiem/quangthaiquangxuongthanhhoagovvn-1723523851
quangtrach.quangxuong.thanhhoa.gov.vn,"UBND xã Quảng Trạch Huyện Quảng Xương, Tỉnh Thanh Hóa",Tổ chức nhà nước,13/08/2024,Chứng nhận cơ bản,https://tinnhiemmang.vn/danh-ba-tin-nhiem/quangtrachquangxuongthanhhoagovvn-1723523887
quangtrung.quangxuong.thanhhoa.gov.vn,"UBND xã Quảng Trung Huyện Quảng Xương, Tỉnh Thanh Hóa",Tổ chức nhà nước,13/08/2024,Chứng nhận cơ bản,https://tinnhiemmang.vn/danh-ba-tin-nhiem/quangtrungquangxuongthanhhoagovvn-1723523920
quangtruong.quangxuong.thanhhoa.gov.vn,"UBND xã Quảng Trường Huyện Quảng Xương, Tỉnh Thanh Hóa",Tổ chức nhà nước,13/08/2024,Chứng nhận cơ bản,https://tinnhiemmang.vn/danh-ba-tin-nhiem/quangtruongquangxuongthanhhoagovvn-1723523954
quangvan.quangxuong.thanhhoa.gov.vn,"UBND xã Quảng Văn Huyện Quảng Xương, Tỉnh Thanh Hóa",Tổ chức nhà nước,13/08/2024,Chứng nhận cơ bản,https://tinnhiemmang.vn/danh-ba-tin-nhiem/quangvanquangxuongthanhhoagovvn-1723523985
quangyen.quangxuong.thanhhoa.gov.vn,"UBND xã Quảng Yên Huyện Quảng Xương, Tỉnh Thanh Hóa",Tổ chức nhà nước,13/08/2024,Chứng nhận cơ bản,https://tinnhiemmang.vn/danh-ba-tin-nhiem/quangyenquangxuongthanhhoagovvn-1723524020
quocoai-quocoai.thudo.gov.vn,"UBND thị trấn Quốc Oai, Hà Nội",Tổ chức nhà nước,22/11/2024,Chứng nhận cơ bản,https://tinnhiemmang.vn/danh-ba-tin-nhiem/quocoai-quocoaithudogovvn-1732084491
quocoai.thudo.gov.vn,"UBND huyện Quốc Oai, Hà Nội",Tổ chức nhà nước,22/11/2024,Chứng nhận cơ bản,https://tinnhiemmang.vn/danh-ba-tin-nhiem/quocoaithudogovvn-1732084413
soctrang.gov.vn,UBND tỉnh Sóc Trăng,Tổ chức nhà nước,Đã xác thực chính thức,Chứng nhận cơ bản,https://tinnhiemmang.vn/danh-ba-tin-nhiem/soctrang.gov.vn
sonda.bavi.hanoi.gov.vn,"UBND Xã Sơn Đà - Huyện Ba Vì, Hà Nội",Tổ chức nhà nước,11/11/2024,Chứng nhận cơ bản,https://tinnhiemmang.vn/danh-ba-tin-nhiem/sondabavihanoigovvn-1731049086
songoaivu.angiang.gov.vn,Sở Ngoại vụ tỉnh An Giang,Tổ chức nhà nước,13/12/2024,Chứng nhận cơ bản,https://tinnhiemmang.vn/danh-ba-tin-nhiem/songoaivuangianggovvn-1733889739
standardchartered.com.vn,Ngân hàng TNHH Một thành viên Standard Chartered (Việt Nam),Ngân hàng - Tài chính,Đã xác thực chính thức,Chứng nhận cơ bản,https://tinnhiemmang.vn/danh-ba-tin-nhiem/standardchartered.com.vn
tandan.thixanghison.thanhhoa.gov.vn,"UBND phường Tân Dân Thị xã Nghi Sơn, tỉnh Thanh Hóa",Tổ chức nhà nước,13/08/2024,Chứng nhận cơ bản,https://tinnhiemmang.vn/danh-ba-tin-nhiem/tandanthixanghisonthanhhoagovvn-1723522581
tanhoa-quocoai.thudo.gov.vn,"UBND xã Tân Hoà, Hà Nội",Tổ chức nhà nước,22/11/2024,Chứng nhận cơ bản,https://tinnhiemmang.vn/danh-ba-tin-nhiem/tanhoa-quocoaithudogovvn-1732084684
tanhong.bavi.hanoi.gov.vn,"UBND  Xã Tản Hồng - Huyện Ba Vì, Hà Nội",Tổ chức nhà nước,11/11/2024,Chứng nhận cơ bản,https://tinnhiemmang.vn/danh-ba-tin-nhiem/tanhongbavihanoigovvn-1731049206
tankhang.nongcong.thanhhoa.gov.vn,"UBND xã Tân Khang Huyện Nông Cống, Tỉnh Thanh Hóa",Tổ chức nhà nước,13/08/2024,Chứng nhận cơ bản,https://tinnhiemmang.vn/danh-ba-tin-nhiem/tankhangnongcongthanhhoagovvn-1723524357
tanphu-quocoai.thudo.gov.vn,"UBND xã Tân Phú, huyện Quốc Oai, Hà Nội",Tổ chức nhà nước,22/11/2024,Chứng nhận cơ bản,https://tinnhiemmang.vn/danh-ba-tin-nhiem/tanphu-quocoaithudogovvn-1732090878
tanphuc.nongcong.thanhhoa.gov.vn,"UBND xã Tân Phúc Huyện Nông Cống, Tỉnh Thanh Hóa",Tổ chức nhà nước,13/08/2024,Chứng nhận cơ bản,https://tinnhiemmang.vn/danh-ba-tin-nhiem/tanphucnongcongthanhhoagovvn-1723524390
tantho.nongcong.thanhhoa.gov.vn,"UBND xã Tân Thọ Huyện Nông Cống, Tỉnh Thanh Hóa",Tổ chức nhà nước,13/08/2024,Chứng nhận cơ bản,https://tinnhiemmang.vn/danh-ba-tin-nhiem/tanthonongcongthanhhoagovvn-1723524427
tantruong.thixanghison.thanhhoa.gov.vn,"UBND xã Tân Trường Thị xã Nghi Sơn, tỉnh Thanh Hóa",Tổ chức nhà nước,13/08/2024,Chứng nhận cơ bản,https://tinnhiemmang.vn/danh-ba-tin-nhiem/tantruongthixanghisonthanhhoagovvn-1723522147
taoduongvan-unghoa.thudo.gov.vn,"UBND Xã Tảo Dương Văn, Hà Nội",Tổ chức nhà nước,17/12/2024,Chứng nhận cơ bản,https://tinnhiemmang.vn/danh-ba-tin-nhiem/taoduongvan-unghoathudogovvn-1734402237
teloi.nongcong.thanhhoa.gov.vn,"UBND xã Tế Lợi Huyện Nông Cống, Tỉnh Thanh Hóa",Tổ chức nhà nước,13/08/2024,Chứng nhận cơ bản,https://tinnhiemmang.vn/danh-ba-tin-nhiem/teloinongcongthanhhoagovvn-1723531368
tenong.nongcong.thanhhoa.gov.vn,"UBND xã Tế Nông Huyện Nông Cống, Tỉnh Thanh Hóa",Tổ chức nhà nước,13/08/2024,Chứng nhận cơ bản,https://tinnhiemmang.vn/danh-ba-tin-nhiem/tenongnongcongthanhhoagovvn-1723524809
tethang.nongcong.thanhhoa.gov.vn,"UBND xã Tế Thắng Huyện Nông Cống, Tỉnh Thanh Hóa",Tổ chức nhà nước,13/08/2024,Chứng nhận cơ bản,https://tinnhiemmang.vn/danh-ba-tin-nhiem/tethangnongcongthanhhoagovvn-1723524846
thachthan-quocoai.thudo.gov.vn,"UBND xã Thạch Thán, huyện Quốc Oai, Hà Nội",Tổ chức nhà nước,22/11/2024,Chứng nhận cơ bản,https://tinnhiemmang.vn/danh-ba-tin-nhiem/thachthan-quocoaithudogovvn-1732084758
thangbinh.nongcong.thanhhoa.gov.vn,"UBND xã Thăng Bình Huyện Nông Cống, Tỉnh Thanh Hóa",Tổ chức nhà nước,13/08/2024,Chứng nhận cơ bản,https://tinnhiemmang.vn/danh-ba-tin-nhiem/thangbinhnongcongthanhhoagovvn-1723531643
thanglong.nongcong.thanhhoa.gov.vn,"UBND xã Thăng Long Huyện Nông Cống, Tỉnh Thanh Hóa",Tổ chức nhà nước,13/08/2024,Chứng nhận cơ bản,https://tinnhiemmang.vn/danh-ba-tin-nhiem/thanglongnongcongthanhhoagovvn-1723531577
thangtho.nongcong.thanhhoa.gov.vn,"UBND xã Thăng Thọ Huyện Nông Cống, Tỉnh Thanh Hóa",Tổ chức nhà nước,13/08/2024,Chứng nhận cơ bản,https://tinnhiemmang.vn/danh-ba-tin-nhiem/thangthonongcongthanhhoagovvn-1723531611
thanhlam.bathuoc.thanhhoa.gov.vn,"UBND Xã Thành Lâm, Huyện Bá Thước, tỉnh Thanh Hóa",Tổ chức nhà nước,21/08/2024,Chứng nhận cơ bản,https://tinnhiemmang.vn/danh-ba-tin-nhiem/thanhlambathuocthanhhoagovvn-1724148994
thanhmy.sontay.hanoi.gov.vn,"UBND xã Thanh Mỹ, thị xã Sơn Tây, Hà Nội",Tổ chức nhà nước,27/11/2024,Chứng nhận cơ bản,https://tinnhiemmang.vn/danh-ba-tin-nhiem/thanhmysontayhanoigovvn-1732682579
thanhson.bathuoc.thanhhoa.gov.vn,"UBND Xã Thành Sơn, Huyện Bá Thước, tỉnh Thanh Hóa",Tổ chức nhà nước,21/08/2024,Chứng nhận cơ bản,https://tinnhiemmang.vn/danh-ba-tin-nhiem/thanhsonbathuocthanhhoagovvn-1724149026
thbausen.vungtaubrvt.edu.vn,Trường Tiểu học Bàu Sen,Tổ chức nhà nước,10/10/2024,Chứng nhận cơ bản,https://tinnhiemmang.vn/danh-ba-tin-nhiem/thbausenvungtaubrvteduvn-1714037205
thbinhminh.vungtaubrvt.edu.vn,Trường Tiểu học Bình Minh,Tổ chức nhà nước,10/10/2024,Chứng nhận cơ bản,https://tinnhiemmang.vn/danh-ba-tin-nhiem/thbinhminhvungtaubrvteduvn-1714018735
thbuithixuan.vungtaubrvt.edu.vn,Trường Tiểu học Bùi Thị Xuân,Tổ chức nhà nước,10/10/2024,Chứng nhận cơ bản,https://tinnhiemmang.vn/danh-ba-tin-nhiem/thbuithixuanvungtaubrvteduvn-1714019720
thchilinh.vungtaubrvt.edu.vn,Trường Tiểu học Chí Linh,Tổ chức nhà nước,10/10/2024,Chứng nhận cơ bản,https://tinnhiemmang.vn/danh-ba-tin-nhiem/thchilinhvungtaubrvteduvn-1714020019
thdoanket.vungtaubrvt.edu.vn,Trường Tiểu học Đoàn Kết,Tổ chức nhà nước,10/10/2024,Chứng nhận cơ bản,https://tinnhiemmang.vn/danh-ba-tin-nhiem/thdoanketvungtaubrvteduvn-1714036993
thhainam.vungtaubrvt.edu.vn,Trường Tiểu học Hải Nam,Tổ chức nhà nước,10/10/2024,Chứng nhận cơ bản,https://tinnhiemmang.vn/danh-ba-tin-nhiem/thhainamvungtaubrvteduvn-1714031765
thhalong.vungtaubrvt.edu.vn,Trường Tiểu học Hạ Long,Tổ chức nhà nước,10/10/2024,Chứng nhận cơ bản,https://tinnhiemmang.vn/danh-ba-tin-nhiem/thhalongvungtaubrvteduvn-1714022356
thhoabinh.vungtaubrvt.edu.vn,Trường Tiểu học Hòa Bình,Tổ chức nhà nước,10/10/2024,Chứng nhận cơ bản,https://tinnhiemmang.vn/danh-ba-tin-nhiem/thhoabinhvungtaubrvteduvn-1714039025
thietke.bathuoc.thanhhoa.gov.vn,"UBND Xã Thiết Kế, Huyện Bá Thước, tỉnh Thanh Hóa",Tổ chức nhà nước,21/08/2024,Chứng nhận cơ bản,https://tinnhiemmang.vn/danh-ba-tin-nhiem/thietkebathuocthanhhoagovvn-1724148763
thietong.bathuoc.thanhhoa.gov.vn,"UBND Xã Thiết Ống, Huyện Bá Thước, tỉnh Thanh Hóa",Tổ chức nhà nước,21/08/2024,Chứng nhận cơ bản,https://tinnhiemmang.vn/danh-ba-tin-nhiem/thietongbathuocthanhhoagovvn-1724149057
thieukhanh.tpthanhhoa.thanhhoa.gov.vn,"UBND Phường Thiệu Khánh, Thành phố Thanh Hóa, tỉnh Thanh Hóa",Tổ chức nhà nước,26/09/2024,Chứng nhận cơ bản,https://tinnhiemmang.vn/danh-ba-tin-nhiem/thieukhanhtpthanhhoathanhhoagovvn-1727319110
thieuvan.tpthanhhoa.thanhhoa.gov.vn,"UBND Xã Thiệu Vân, Thành phố Thanh Hóa, tỉnh Thanh Hóa",Tổ chức nhà nước,26/09/2024,Chứng nhận cơ bản,https://tinnhiemmang.vn/danh-ba-tin-nhiem/thieuvantpthanhhoathanhhoagovvn-1727319153
thitran.nongcong.thanhhoa.gov.vn,"UBND thị trấn Nông Cống Huyện Nông Cống, Tỉnh Thanh Hóa",Tổ chức nhà nước,13/08/2024,Chứng nhận cơ bản,https://tinnhiemmang.vn/danh-ba-tin-nhiem/thitrannongcongthanhhoagovvn-1723532196
thitrancanhnang.bathuoc.thanhhoa.gov.vn,"UBND Thị trấn Cành Nàng, Huyện Bá Thước, tỉnh Thanh Hóa",Tổ chức nhà nước,21/08/2024,Chứng nhận cơ bản,https://tinnhiemmang.vn/danh-ba-tin-nhiem/thitrancanhnangbathuocthanhhoagovvn-1724148731
thitrantanphong.quangxuong.thanhhoa.gov.vn,"UBND Thị trấn Tân Phong Huyện Quảng Xương, Tỉnh Thanh Hóa",Tổ chức nhà nước,13/08/2024,Chứng nhận cơ bản,https://tinnhiemmang.vn/danh-ba-tin-nhiem/thitrantanphongquangxuongthanhhoagovvn-1723523001
thitrantraxuan.trabong.quangngai.gov.vn,Uỷ ban nhân dân thị trấn Trà Xuân,Tổ chức nhà nước,07/11/2024,Chứng nhận cơ bản,https://tinnhiemmang.vn/danh-ba-tin-nhiem/thitrantraxuantrabongquangngaigovvn-1730378875
thleloi.vungtaubrvt.edu.vn,Trường Tiểu học Lê Lợi,Tổ chức nhà nước,10/10/2024,Chứng nhận cơ bản,https://tinnhiemmang.vn/danh-ba-tin-nhiem/thleloivungtaubrvteduvn-1714032893
thlongson1.vungtaubrvt.edu.vn,Trường Tiểu học Long Sơn 1,Tổ chức nhà nước,10/10/2024,Chứng nhận cơ bản,https://tinnhiemmang.vn/danh-ba-tin-nhiem/thlongson1vungtaubrvteduvn-1714037503
thlongson2.vungtaubrvt.edu.vn,Trường Tiểu học Long Sơn 2,Tổ chức nhà nước,10/10/2024,Chứng nhận cơ bản,https://tinnhiemmang.vn/danh-ba-tin-nhiem/thlongson2vungtaubrvteduvn-1714037482
thluuchihieu.vungtaubrvt.edu.vn,Trường Tiểu học Lưu Chí Hiếu,Tổ chức nhà nước,10/10/2024,Chứng nhận cơ bản,https://tinnhiemmang.vn/danh-ba-tin-nhiem/thluuchihieuvungtaubrvteduvn-1714018241
thlytutrong.vungtaubrvt.edu.vn,"Trường Tiểu học Lý Tự trọng, TP. Vũng Tàu, Tỉnh BRVT",Tổ chức nhà nước,17/10/2024,Chứng nhận cơ bản,https://tinnhiemmang.vn/danh-ba-tin-nhiem/thlytutrongvungtaubrvteduvn-1728884108
thnguyenbinhkhiem.vungtaubrvt.edu.vn,Trường Tiểu học Nguyễn Bỉnh Khiêm,Tổ chức nhà nước,10/10/2024,Chứng nhận cơ bản,https://tinnhiemmang.vn/danh-ba-tin-nhiem/thnguyenbinhkhiemvungtaubrvteduvn-1714018554
thnguyenhuucanh.vungtaubrvt.edu.vn,Trường Tiểu học Nguyễn Hữu Cảnh,Tổ chức nhà nước,10/10/2024,Chứng nhận cơ bản,https://tinnhiemmang.vn/danh-ba-tin-nhiem/thnguyenhuucanhvungtaubrvteduvn-1714037770
thnguyenthaihoc.vungtaubrvt.edu.vn,Trường Tiểu học Nguyễn Thái Học,Tổ chức nhà nước,10/10/2024,Chứng nhận cơ bản,https://tinnhiemmang.vn/danh-ba-tin-nhiem/thnguyenthaihocvungtaubrvteduvn-1714034420
thnguyenvietxuan.vungtaubrvt.edu.vn,Trường Tiểu học Nguyễn Viết Xuân,Tổ chức nhà nước,10/10/2024,Chứng nhận cơ bản,https://tinnhiemmang.vn/danh-ba-tin-nhiem/thnguyenvietxuanvungtaubrvteduvn-1714034615
thongkedienbien.gov.vn,Cục Thống kê Điện Biên,Tổ chức nhà nước,11/10/2024,Chứng nhận cơ bản,https://tinnhiemmang.vn/danh-ba-tin-nhiem/thongkedienbiengovvn-1728550340
thongkehd.gov.vn,Cục thống kê tỉnh Hải Dương,Tổ chức nhà nước,07/10/2024,Chứng nhận cơ bản,https://tinnhiemmang.vn/danh-ba-tin-nhiem/thongkehdgovvn-1728268407
thongnhat.yendinh.thanhhoa.gov.vn,"UBND Thị trấn Thống Nhất, Huyện Yên Định, tỉnh Thanh Hóa",Tổ chức nhà nước,25/10/2024,Chứng nhận cơ bản,https://tinnhiemmang.vn/danh-ba-tin-nhiem/thongnhatyendinhthanhhoagovvn-1729824509
thphuocan.vungtaubrvt.edu.vn,Trường Tiểu học Phước An,Tổ chức nhà nước,10/10/2024,Chứng nhận cơ bản,https://tinnhiemmang.vn/danh-ba-tin-nhiem/thphuocanvungtaubrvteduvn-1714037734
thphuocthang.vungtaubrvt.edu.vn,Trường Tiểu học Phước Thắng,Tổ chức nhà nước,10/10/2024,Chứng nhận cơ bản,https://tinnhiemmang.vn/danh-ba-tin-nhiem/thphuocthangvungtaubrvteduvn-1714035001
thquangtrung.vungtaubrvt.edu.vn,"Trường Tiểu học Quang Trung, TP Vũng Tàu, tỉnh Bà Rịa - Vũng Tàu",Tổ chức nhà nước,17/10/2024,Chứng nhận cơ bản,https://tinnhiemmang.vn/danh-ba-tin-nhiem/thquangtrungvungtaubrvteduvn-1728884660
ththangnhat.vungtaubrvt.edu.vn,Trường Tiểu học Thắng Nhất,Tổ chức nhà nước,10/10/2024,Chứng nhận cơ bản,https://tinnhiemmang.vn/danh-ba-tin-nhiem/ththangnhatvungtaubrvteduvn-1714036508
ththangnhi.vungtaubrvt.edu.vn,Trường Tiểu học Thắng Nhì,Tổ chức nhà nước,10/10/2024,Chứng nhận cơ bản,https://tinnhiemmang.vn/danh-ba-tin-nhiem/ththangnhivungtaubrvteduvn-1714035299
ththangtam.vungtaubrvt.edu.vn,Trường Tiểu học Thắng Tam,Tổ chức nhà nước,10/10/2024,Chứng nhận cơ bản,https://tinnhiemmang.vn/danh-ba-tin-nhiem/ththangtamvungtaubrvteduvn-1714035704
thtrungvuong.vungtaubrvt.edu.vn,"Trường Tiểu học Trưng Vương, Bà Rịa - Vũng Tàu",Tổ chức nhà nước,10/10/2024,Chứng nhận cơ bản,https://tinnhiemmang.vn/danh-ba-tin-nhiem/thtrungvuongvungtaubrvteduvn-1714035946
thtruongcongdinh.vungtaubrvt.edu.vn,Trường Tiểu học Trương Công Định,Tổ chức nhà nước,10/10/2024,Chứng nhận cơ bản,https://tinnhiemmang.vn/danh-ba-tin-nhiem/thtruongcongdinhvungtaubrvteduvn-1714036421
thuathienhue.gov.vn,UBND tỉnh Thừa Thiên Huế,Tổ chức nhà nước,Đã xác thực chính thức,Chứng nhận cơ bản,https://tinnhiemmang.vn/danh-ba-tin-nhiem/thuathienhue.gov.vn
thuyxuantien.chuongmy.hanoi.gov.vn,"UBND huyện Chương Mỹ, Hà Nội",Tổ chức nhà nước,11/11/2024,Chứng nhận cơ bản,https://tinnhiemmang.vn/danh-ba-tin-nhiem/thuyxuantienchuongmyhanoigovvn-1730974629
thvonguyengiap.vungtaubrvt.edu.vn,Trường Tiểu học Võ Nguyên Giáp,Tổ chức nhà nước,10/10/2024,Chứng nhận cơ bản,https://tinnhiemmang.vn/danh-ba-tin-nhiem/thvonguyengiapvungtaubrvteduvn-1714036651
tienphong.bavi.hanoi.gov.vn,"UBND Xã Tiên Phong - Huyện Ba Vì, Hà Nội",Tổ chức nhà nước,11/11/2024,Chứng nhận cơ bản,https://tinnhiemmang.vn/danh-ba-tin-nhiem/tienphongbavihanoigovvn-1731049125
tientrang.quangxuong.thanhhoa.gov.vn,"UBND xã Tiên Trang Huyện Quảng Xương, Tỉnh Thanh Hóa",Tổ chức nhà nước,13/08/2024,Chứng nhận cơ bản,https://tinnhiemmang.vn/danh-ba-tin-nhiem/tientrangquangxuongthanhhoagovvn-1723523043
tinhhai.thixanghison.thanhhoa.gov.vn,"UBND phường Tĩnh Hải Thị xã Nghi Sơn, tỉnh Thanh Hóa",Tổ chức nhà nước,13/08/2024,Chứng nhận cơ bản,https://tinnhiemmang.vn/danh-ba-tin-nhiem/tinhhaithixanghisonthanhhoagovvn-1723522732
tongbat.bavi.hanoi.gov.vn,"UBND Xã Tòng Bạt - Huyện Ba Vì, Hà Nội",Tổ chức nhà nước,11/11/2024,Chứng nhận cơ bản,https://tinnhiemmang.vn/danh-ba-tin-nhiem/tongbatbavihanoigovvn-1731049247
tramlong-unghoa.thudo.gov.vn,"UBND Xã Trầm Lộng, Hà Nội",Tổ chức nhà nước,17/12/2024,Chứng nhận cơ bản,https://tinnhiemmang.vn/danh-ba-tin-nhiem/tramlong-unghoathudogovvn-1734401590
trauquy.gialam.hanoi.gov.vn,"UBND Thị trấn Trâu Quỳ, Gia Lâm, Hà Nội",Tổ chức nhà nước,11/11/2024,Chứng nhận cơ bản,https://tinnhiemmang.vn/danh-ba-tin-nhiem/trauquygialamhanoigovvn-1731049378
trieuloc.hauloc.thanhhoa.gov.vn,"UBND xã Triệu Lộc, Huyện Hậu Lộc, tỉnh Thanh Hóa",Tổ chức nhà nước,21/08/2024,Chứng nhận cơ bản,https://tinnhiemmang.vn/danh-ba-tin-nhiem/trieulochaulocthanhhoagovvn-1724210277
truclam.thixanghison.thanhhoa.gov.vn,"UBND phường Trúc Lâm Thị xã Nghi Sơn, tỉnh Thanh Hóa",Tổ chức nhà nước,13/08/2024,Chứng nhận cơ bản,https://tinnhiemmang.vn/danh-ba-tin-nhiem/truclamthixanghisonthanhhoagovvn-1723522767
trungmau.gialam.hanoi.gov.vn,"UBND xã Trung Mầu, Gia Lâm, Hà Nội",Tổ chức nhà nước,11/11/2024,Chứng nhận cơ bản,https://tinnhiemmang.vn/danh-ba-tin-nhiem/trungmaugialamhanoigovvn-1731050811
trungtamytetpkontum.vn,Trung tâm Y tế thành phố Kon Tum,Tổ chức nhà nước,09/10/2024,Chứng nhận cơ bản,https://tinnhiemmang.vn/danh-ba-tin-nhiem/trungtamytetpkontumvn-1728355356
trungtamytevinhthanh.vn,Trung tâm Y tế huyện Vĩnh Thạnh,Cơ quan nhà nước,16/07/2024,Chứng nhận cơ bản,https://tinnhiemmang.vn/danh-ba-tin-nhiem/trungtamytevinhthanhvn-1684220970
trungthanh.nongcong.thanhhoa.gov.vn,"UBND xã Trung Thành Huyện Nông Cống, Tỉnh Thanh Hóa",Tổ chức nhà nước,13/08/2024,Chứng nhận cơ bản,https://tinnhiemmang.vn/danh-ba-tin-nhiem/trungthanhnongcongthanhhoagovvn-1723524771
truonggiang.nongcong.thanhhoa.gov.vn,"UBND xã Trường Giang Huyện Nông Cống, Tỉnh Thanh Hóa",Tổ chức nhà nước,13/08/2024,Chứng nhận cơ bản,https://tinnhiemmang.vn/danh-ba-tin-nhiem/truonggiangnongcongthanhhoagovvn-1723531676
truonglam.thixanghison.thanhhoa.gov.vn,"UBND xã Trường Lâm Thị xã Nghi Sơn, tỉnh Thanh Hóa",Tổ chức nhà nước,13/08/2024,Chứng nhận cơ bản,https://tinnhiemmang.vn/danh-ba-tin-nhiem/truonglamthixanghisonthanhhoagovvn-1723522475
truongminh.nongcong.thanhhoa.gov.vn,"UBND xã Trường Minh Huyện Nông Cống, Tỉnh Thanh Hóa",Tổ chức nhà nước,13/08/2024,Chứng nhận cơ bản,https://tinnhiemmang.vn/danh-ba-tin-nhiem/truongminhnongcongthanhhoagovvn-1723531708
truongson.nongcong.thanhhoa.gov.vn,"UBND xã Trường Sơn Huyện Nông Cống, Tỉnh Thanh Hóa",Tổ chức nhà nước,13/08/2024,Chứng nhận cơ bản,https://tinnhiemmang.vn/danh-ba-tin-nhiem/truongsonnongcongthanhhoagovvn-1723531923
truongthinh-unghoa.thudo.gov.vn,"UBND Xã Trường Thịnh, Hà Nội",Tổ chức nhà nước,17/12/2024,Chứng nhận cơ bản,https://tinnhiemmang.vn/danh-ba-tin-nhiem/truongthinh-unghoathudogovvn-1734401052
truongtrung.nongcong.thanhhoa.gov.vn,"UBND xã Trường Trung Huyện Nông Cống, Tỉnh Thanh Hóa",Tổ chức nhà nước,13/08/2024,Chứng nhận cơ bản,https://tinnhiemmang.vn/danh-ba-tin-nhiem/truongtrungnongcongthanhhoagovvn-1723531955
ttyenvien.gialam.hanoi.gov.vn,"UBND Thị trấn Yên Viên, Huyện Gia Lâm, Thành phố Hà Nội",Tổ chức nhà nước,11/11/2024,Chứng nhận cơ bản,https://tinnhiemmang.vn/danh-ba-tin-nhiem/ttyenviengialamhanoigovvn-1731049403
ttytnhuxuan.org.vn,Trung tâm y tế huyện Như Xuân tỉnh Thanh Hóa,Tổ chức nhà nước,17/10/2024,Chứng nhận cơ bản,https://tinnhiemmang.vn/danh-ba-tin-nhiem/ttytnhuxuanorgvn-1729133444
tunglam.thixanghison.thanhhoa.gov.vn,"UBND xã Tùng Lâm Thị xã Nghi Sơn, tỉnh Thanh Hóa",Tổ chức nhà nước,13/08/2024,Chứng nhận cơ bản,https://tinnhiemmang.vn/danh-ba-tin-nhiem/tunglamthixanghisonthanhhoagovvn-1723522109
tuonglinh.nongcong.thanhhoa.gov.vn,"UBND xã Tượng Lĩnh Huyện Nông Cống, Tỉnh Thanh Hóa",Tổ chức nhà nước,13/08/2024,Chứng nhận cơ bản,https://tinnhiemmang.vn/danh-ba-tin-nhiem/tuonglinhnongcongthanhhoagovvn-1723531988
tuongson.nongcong.thanhhoa.gov.vn,"UBND xã Tượng Sơn Huyện Nông Cống, Tỉnh Thanh Hóa",Tổ chức nhà nước,13/08/2024,Chứng nhận cơ bản,https://tinnhiemmang.vn/danh-ba-tin-nhiem/tuongsonnongcongthanhhoagovvn-1723532019
tuongvan.nongcong.thanhhoa.gov.vn,"UBND xã Tượng Văn Huyện Nông Cống, Tỉnh Thanh Hóa",Tổ chức nhà nước,13/08/2024,Chứng nhận cơ bản,https://tinnhiemmang.vn/danh-ba-tin-nhiem/tuongvannongcongthanhhoagovvn-1723532053
tuyetnghia-quocoai.thudo.gov.vn,"UBND xã Tuyết Nghĩa, huyện Quốc Oai, Hà Nội",Tổ chức nhà nước,22/11/2024,Chứng nhận cơ bản,https://tinnhiemmang.vn/danh-ba-tin-nhiem/tuyetnghia-quocoaithudogovvn-1732084976
vandinh-unghoa.thudo.gov.vn,"UBND Thị trấn Vân Đình, Hà Nội",Tổ chức nhà nước,17/12/2024,Chứng nhận cơ bản,https://tinnhiemmang.vn/danh-ba-tin-nhiem/vandinh-unghoathudogovvn-1734402192
vanduc.gialam.hanoi.gov.vn,"UBND xã Văn Đức, Gia Lâm, Hà Nội",Tổ chức nhà nước,11/11/2024,Chứng nhận cơ bản,https://tinnhiemmang.vn/danh-ba-tin-nhiem/vanducgialamhanoigovvn-1731049727
vanhoa.nongcong.thanhhoa.gov.vn,"UBND xã Vạn Hòa Huyện Nông Cống, Tỉnh Thanh Hóa",Tổ chức nhà nước,13/08/2024,Chứng nhận cơ bản,https://tinnhiemmang.vn/danh-ba-tin-nhiem/vanhoanongcongthanhhoagovvn-1723531502
vannho.bathuoc.thanhhoa.gov.vn,"UBND Xã Văn Nho, Huyện Bá Thước, tỉnh Thanh Hóa",Tổ chức nhà nước,21/08/2024,Chứng nhận cơ bản,https://tinnhiemmang.vn/danh-ba-tin-nhiem/vannhobathuocthanhhoagovvn-1724148697
vanthai-unghoa.thudo.gov.vn,"UBND Xã Vạn Thái, Hà Nội",Tổ chức nhà nước,17/12/2024,Chứng nhận cơ bản,https://tinnhiemmang.vn/danh-ba-tin-nhiem/vanthai-unghoathudogovvn-1734401201
vanthang.nongcong.thanhhoa.gov.vn,"UBND xã Vạn Thắng Huyện Nông Cống, Tỉnh Thanh Hóa",Tổ chức nhà nước,13/08/2024,Chứng nhận cơ bản,https://tinnhiemmang.vn/danh-ba-tin-nhiem/vanthangnongcongthanhhoagovvn-1723531536
vanthien.nongcong.thanhhoa.gov.vn,"UBND xã Vạn Thiện Huyện Nông Cống, Tỉnh Thanh Hóa",Tổ chức nhà nước,13/08/2024,Chứng nhận cơ bản,https://tinnhiemmang.vn/danh-ba-tin-nhiem/vanthiennongcongthanhhoagovvn-1723531469
vpcp.gov.vn,Văn phòng Chính phủ,Tổ chức nhà nước,Đã xác thực chính thức,Chứng nhận cơ bản,https://tinnhiemmang.vn/danh-ba-tin-nhiem/vpcp.gov.vn
xayenvien.gialam.hanoi.gov.vn,"UBND xã Yên Viên, Gia Lâm, Hà Nội",Tổ chức nhà nước,11/11/2024,Chứng nhận cơ bản,https://tinnhiemmang.vn/danh-ba-tin-nhiem/xayenviengialamhanoigovvn-1731050404
xuanlam.thixanghison.thanhhoa.gov.vn,"UBND phường Xuân Lâm Thị xã Nghi Sơn, tỉnh Thanh Hóa",Tổ chức nhà nước,13/08/2024,Chứng nhận cơ bản,https://tinnhiemmang.vn/danh-ba-tin-nhiem/xuanlamthixanghisonthanhhoagovvn-1723522440
xuanson.sontay.hanoi.gov.vn,"UBND xã Xuân Sơn, thị xã Sơn Tây, Hà Nội",Tổ chức nhà nước,27/11/2024,Chứng nhận cơ bản,https://tinnhiemmang.vn/danh-ba-tin-nhiem/xuansonsontayhanoigovvn-1732682531
yenlam.yendinh.thanhhoa.gov.vn,"UBND Thị trấn Yên Lâm, Huyện Yên Định, tỉnh Thanh Hóa",Tổ chức nhà nước,25/11/2024,Chứng nhận cơ bản,https://tinnhiemmang.vn/danh-ba-tin-nhiem/yenlamyendinhthanhhoagovvn-1732250195
yenmy.nongcong.thanhhoa.gov.vn,"UBND xã Yên Mỹ Huyện Nông Cống, Tỉnh Thanh Hóa",Tổ chức nhà nước,13/08/2024,Chứng nhận cơ bản,https://tinnhiemmang.vn/danh-ba-tin-nhiem/yenmynongcongthanhhoagovvn-1723532093
yenninh.yendinh.thanhhoa.gov.vn,"UBND xã Yên Ninh, Huyện Yên Định, tỉnh Thanh Hóa",Tổ chức nhà nước,25/10/2024,Chứng nhận cơ bản,https://tinnhiemmang.vn/danh-ba-tin-nhiem/yenninhyendinhthanhhoagovvn-1729824356
yenphong.yendinh.thanhhoa.gov.vn,"UBND xã Yên Phong, Huyện Yên Định, tỉnh Thanh Hóa",Tổ chức nhà nước,25/11/2024,Chứng nhận cơ bản,https://tinnhiemmang.vn/danh-ba-tin-nhiem/yenphongyendinhthanhhoagovvn-1732250225
yenson-quocoai.thudo.gov.vn,"UBND xã Yên Sơn,  Hà Nội",Tổ chức nhà nước,22/11/2024,Chứng nhận cơ bản,https://tinnhiemmang.vn/danh-ba-tin-nhiem/yenson-quocoaithudogovvn-1732084613
yentam.yendinh.thanhhoa.gov.vn,"UBND xã Yên Tâm, Huyện Yên Định, tỉnh Thanh Hóa",Tổ chức nhà nước,25/11/2024,Chứng nhận cơ bản,https://tinnhiemmang.vn/danh-ba-tin-nhiem/yentamyendinhthanhhoagovvn-1732250261
yenthai.yendinh.thanhhoa.gov.vn,"UBND xã Yên Thái, Huyện Yên Định, tỉnh Thanh Hóa",Tổ chức nhà nước,25/10/2024,Chứng nhận cơ bản,https://tinnhiemmang.vn/danh-ba-tin-nhiem/yenthaiyendinhthanhhoagovvn-1729824542
yentho.yendinh.thanhhoa.gov.vn,"UBND xã Yên Thọ, Huyện Yên Định, tỉnh Thanh Hóa",Tổ chức nhà nước,25/10/2024,Chứng nhận cơ bản,https://tinnhiemmang.vn/danh-ba-tin-nhiem/yenthoyendinhthanhhoagovvn-1729824577
yenthuong.gialam.hanoi.gov.vn,"UBND xã Yên Thường, Gia Lâm, Hà Nội",Tổ chức nhà nước,11/11/2024,Chứng nhận cơ bản,https://tinnhiemmang.vn/danh-ba-tin-nhiem/yenthuonggialamhanoigovvn-1731050257
yentruong.yendinh.thanhhoa.gov.vn,"UBND xã Yên Trường, Huyện Yên Định, tỉnh Thanh Hóa",Tổ chức nhà nước,25/10/2024,Chứng nhận cơ bản,https://tinnhiemmang.vn/danh-ba-tin-nhiem/yentruongyendinhthanhhoagovvn-1729824392
ytethachthanh.gov.vn,Trung tâm y tế huyện Thạch Thành,Tổ chức nhà nước,26/09/2024,Chứng nhận cơ bản,https://tinnhiemmang.vn/danh-ba-tin-nhiem/ytethachthanhgovvn-1727317327
